2026-10-06 15:15:12,434 [INFO] Iroh node started: e1b3d1d8a0755ac7  addrs=['10.77.0.1:58615']
2026-10-06 15:15:13,065 [INFO] Iroh node started: 800b35a458287cff  addrs=['10.77.0.1:38772']
2026-10-06 15:15:13,406 [INFO] send 100000B via direct in 334ms (2.40 Mbit/s) to 800b35a458287cff
2026-10-06 15:15:13,412 [INFO] recv 100000B via direct in 128ms
2026-10-06 15:15:13,636 [INFO] send 100000B via direct in 219ms (3.65 Mbit/s) to 800b35a458287cff
2026-10-06 15:15:13,641 [INFO] recv 100000B via direct in 128ms
2026-10-06 15:15:13,870 [INFO] send 100000B via direct in 222ms (3.60 Mbit/s) to 800b35a458287cff
2026-10-06 15:15:13,876 [INFO] recv 100000B via direct in 139ms
2026-10-06 15:15:14,105 [INFO] send 100000B via direct in 220ms (3.63 Mbit/s) to 800b35a458287cff
2026-10-06 15:15:14,110 [INFO] recv 100000B via direct in 129ms
2026-10-06 15:15:14,343 [INFO] send 100000B via direct in 225ms (3.56 Mbit/s) to 800b35a458287cff
2026-10-06 15:15:14,347 [INFO] recv 100000B via direct in 144ms
2026-10-06 15:15:14,563 [INFO] send 100000B via direct in 210ms (3.81 Mbit/s) to 800b35a458287cff
2026-10-06 15:15:14,568 [INFO] recv 100000B via direct in 128ms
2026-10-06 15:15:14,815 [INFO] send 100000B via direct in 240ms (3.34 Mbit/s) to 800b35a458287cff
2026-10-06 15:15:14,820 [INFO] recv 100000B via direct in 141ms
2026-10-06 15:15:15,020 [INFO] send 100000B via direct in 195ms (4.10 Mbit/s) to 800b35a458287cff
2026-10-06 15:15:15,022 [INFO] recv 100000B via direct in 134ms
2026-10-06 15:15:15,215 [INFO] send 100000B via direct in 191ms (4.20 Mbit/s) to 800b35a458287cff
2026-10-06 15:15:15,219 [INFO] recv 100000B via direct in 127ms
2026-10-06 15:15:15,410 [INFO] send 100000B via direct in 186ms (4.31 Mbit/s) to 800b35a458287cff
2026-10-06 15:15:15,413 [INFO] recv 100000B via direct in 123ms
2026-10-06 15:15:16,524 [INFO] send 1000000B via direct in 1094ms (7.31 Mbit/s) to 800b35a458287cff
2026-10-06 15:15:16,526 [INFO] recv 1000000B via direct in 914ms
2026-10-06 15:15:17,614 [INFO] send 1000000B via direct in 1084ms (7.38 Mbit/s) to 800b35a458287cff
2026-10-06 15:15:17,617 [INFO] recv 1000000B via direct in 918ms
2026-10-06 15:15:18,746 [INFO] send 1000000B via direct in 1122ms (7.13 Mbit/s) to 800b35a458287cff
2026-10-06 15:15:18,750 [INFO] recv 1000000B via direct in 916ms
2026-10-06 15:15:21,302 [INFO] send 1000000B via direct in 1078ms (7.42 Mbit/s) to 800b35a458287cff
2026-10-06 15:15:21,307 [INFO] recv 1000000B via direct in 916ms
2026-10-06 15:15:22,479 [INFO] send 1000000B via direct in 1162ms (6.88 Mbit/s) to 800b35a458287cff
2026-10-06 15:15:22,482 [INFO] recv 1000000B via direct in 910ms
2026-10-06 15:15:23,577 [INFO] send 1000000B via direct in 1088ms (7.36 Mbit/s) to 800b35a458287cff
2026-10-06 15:15:23,583 [INFO] recv 1000000B via direct in 924ms
2026-10-06 15:15:24,688 [INFO] send 1000000B via direct in 1098ms (7.29 Mbit/s) to 800b35a458287cff
2026-10-06 15:15:24,690 [INFO] recv 1000000B via direct in 903ms
2026-10-06 15:15:25,778 [INFO] send 1000000B via direct in 1085ms (7.38 Mbit/s) to 800b35a458287cff
2026-10-06 15:15:25,781 [INFO] recv 1000000B via direct in 907ms
2026-10-06 15:15:26,889 [INFO] send 1000000B via direct in 1102ms (7.26 Mbit/s) to 800b35a458287cff
2026-10-06 15:15:26,893 [INFO] recv 1000000B via direct in 913ms
2026-10-06 15:15:27,992 [INFO] send 1000000B via direct in 1092ms (7.33 Mbit/s) to 800b35a458287cff
2026-10-06 15:15:27,996 [INFO] recv 1000000B via direct in 916ms
2026-10-06 15:15:37,765 [INFO] send 10000000B via direct in 9728ms (8.22 Mbit/s) to 800b35a458287cff
2026-10-06 15:15:37,769 [INFO] recv 10000000B via direct in 8556ms
2026-10-06 15:15:47,500 [INFO] send 10000000B via direct in 9718ms (8.23 Mbit/s) to 800b35a458287cff
2026-10-06 15:15:47,502 [INFO] recv 10000000B via direct in 8577ms
2026-10-06 15:15:58,905 [INFO] send 10000000B via direct in 9856ms (8.12 Mbit/s) to 800b35a458287cff
2026-10-06 15:15:58,907 [INFO] recv 10000000B via direct in 8595ms
2026-10-06 15:16:08,758 [INFO] send 10000000B via direct in 9848ms (8.12 Mbit/s) to 800b35a458287cff
2026-10-06 15:16:08,759 [INFO] recv 10000000B via direct in 8570ms
2026-10-06 15:16:18,487 [INFO] send 10000000B via direct in 9717ms (8.23 Mbit/s) to 800b35a458287cff
2026-10-06 15:16:18,489 [INFO] recv 10000000B via direct in 8568ms
2026-10-06 15:16:29,709 [INFO] send 10000000B via direct in 9798ms (8.17 Mbit/s) to 800b35a458287cff
2026-10-06 15:16:29,711 [INFO] recv 10000000B via direct in 8567ms
2026-10-06 15:16:39,463 [INFO] send 10000000B via direct in 9749ms (8.21 Mbit/s) to 800b35a458287cff
2026-10-06 15:16:39,465 [INFO] recv 10000000B via direct in 8551ms
2026-10-06 15:16:49,182 [INFO] send 10000000B via direct in 9708ms (8.24 Mbit/s) to 800b35a458287cff
2026-10-06 15:16:49,185 [INFO] recv 10000000B via direct in 8579ms
2026-10-06 15:16:58,980 [INFO] send 10000000B via direct in 9783ms (8.18 Mbit/s) to 800b35a458287cff
2026-10-06 15:16:58,981 [INFO] recv 10000000B via direct in 8587ms
2026-10-06 15:17:10,322 [INFO] send 10000000B via direct in 9778ms (8.18 Mbit/s) to 800b35a458287cff
2026-10-06 15:17:10,324 [INFO] recv 10000000B via direct in 8564ms
2026-10-06 15:18:02,397 [INFO] === E7 AirMLP + FedAvg — geographic ===
2026-10-06 15:18:03,190 [INFO] Air quality dataset loaded: 28514 train / 3561 test | 6 features | 3 classes
2026-10-06 15:18:03,198 [INFO] Geographic partition: 10 provinces  min=2305  max=2922  mean=2851
2026-10-06 15:18:03,350 [INFO] AirMLP class weights: [1.026976466178894, 1.0868686437606812, 0.904000997543335]
2026-10-06 15:18:04,233 [INFO] Iroh node started: bc5cd775846e7d05  addrs=['10.77.0.1:56300']
2026-10-06 15:18:04,934 [INFO] CoAP server [server] listening on 0.0.0.0:5783
2026-10-06 15:18:04,936 [INFO] FLServer server started (mock=False)
2026-10-06 15:18:05,637 [INFO] Iroh node started: 6d53636bc4b4f882  addrs=['10.77.0.1:48402']
2026-10-06 15:18:05,657 [INFO] CoAP server [client-0] listening on 0.0.0.0:5784
2026-10-06 15:18:05,660 [INFO] FLClient client-0 started (mock=False)
2026-10-06 15:18:05,663 [INFO] Registered client client-0  iroh=6d53636bc4b4f882
2026-10-06 15:18:06,416 [INFO] Iroh node started: 8b72f4aa16530d9c  addrs=['10.77.0.1:59322']
2026-10-06 15:18:06,444 [INFO] CoAP server [client-1] listening on 0.0.0.0:5785
2026-10-06 15:18:06,446 [INFO] FLClient client-1 started (mock=False)
2026-10-06 15:18:06,451 [INFO] Registered client client-1  iroh=8b72f4aa16530d9c
2026-10-06 15:18:07,187 [INFO] Iroh node started: 30ca87557cd5ad7d  addrs=['10.77.0.1:56344']
2026-10-06 15:18:07,195 [INFO] CoAP server [client-2] listening on 0.0.0.0:5786
2026-10-06 15:18:07,196 [INFO] FLClient client-2 started (mock=False)
2026-10-06 15:18:07,197 [INFO] Registered client client-2  iroh=30ca87557cd5ad7d
2026-10-06 15:18:07,846 [INFO] Iroh node started: 308efeac0f84360c  addrs=['10.77.0.1:51575']
2026-10-06 15:18:07,866 [INFO] CoAP server [client-3] listening on 0.0.0.0:5787
2026-10-06 15:18:07,869 [INFO] FLClient client-3 started (mock=False)
2026-10-06 15:18:07,871 [INFO] Registered client client-3  iroh=308efeac0f84360c
2026-10-06 15:18:10,047 [INFO] Iroh node started: 0a4d9661e62a0d71  addrs=['10.77.0.1:37322']
2026-10-06 15:18:10,085 [INFO] CoAP server [client-4] listening on 0.0.0.0:5788
2026-10-06 15:18:10,087 [INFO] FLClient client-4 started (mock=False)
2026-10-06 15:18:10,090 [INFO] Registered client client-4  iroh=0a4d9661e62a0d71
2026-10-06 15:18:10,828 [INFO] Iroh node started: 70214bff7b7a46e8  addrs=['10.77.0.1:44480']
2026-10-06 15:18:10,844 [INFO] CoAP server [client-5] listening on 0.0.0.0:5789
2026-10-06 15:18:10,846 [INFO] FLClient client-5 started (mock=False)
2026-10-06 15:18:10,848 [INFO] Registered client client-5  iroh=70214bff7b7a46e8
2026-10-06 15:18:11,547 [INFO] Iroh node started: 7b1ef5377dc048f1  addrs=['10.77.0.1:58575']
2026-10-06 15:18:11,610 [INFO] CoAP server [client-6] listening on 0.0.0.0:5790
2026-10-06 15:18:11,616 [INFO] FLClient client-6 started (mock=False)
2026-10-06 15:18:11,626 [INFO] Registered client client-6  iroh=7b1ef5377dc048f1
2026-10-06 15:18:12,677 [INFO] Iroh node started: 0155ef226c97a54a  addrs=['10.77.0.1:58427']
2026-10-06 15:18:12,762 [INFO] CoAP server [client-7] listening on 0.0.0.0:5791
2026-10-06 15:18:12,772 [INFO] FLClient client-7 started (mock=False)
2026-10-06 15:18:12,781 [INFO] Registered client client-7  iroh=0155ef226c97a54a
2026-10-06 15:18:13,538 [INFO] Iroh node started: 4dd8970fc25aac95  addrs=['10.77.0.1:48401']
2026-10-06 15:18:13,560 [INFO] CoAP server [client-8] listening on 0.0.0.0:5792
2026-10-06 15:18:13,562 [INFO] FLClient client-8 started (mock=False)
2026-10-06 15:18:13,564 [INFO] Registered client client-8  iroh=4dd8970fc25aac95
2026-10-06 15:18:14,255 [INFO] Iroh node started: 22031a1118c182c9  addrs=['10.77.0.1:57567']
2026-10-06 15:18:14,298 [INFO] CoAP server [client-9] listening on 0.0.0.0:5793
2026-10-06 15:18:14,302 [INFO] FLClient client-9 started (mock=False)
2026-10-06 15:18:14,304 [INFO] Registered client client-9  iroh=22031a1118c182c9
2026-10-06 15:18:14,308 [INFO] Round 1 — sending model to 10 clients…
2026-10-06 15:18:14,310 [INFO] [client-0] Round 1 — receiving model…
2026-10-06 15:18:14,312 [INFO] [client-1] Round 1 — receiving model…
2026-10-06 15:18:14,314 [INFO] [client-2] Round 1 — receiving model…
2026-10-06 15:18:14,318 [INFO] [client-3] Round 1 — receiving model…
2026-10-06 15:18:14,323 [INFO] [client-4] Round 1 — receiving model…
2026-10-06 15:18:14,327 [INFO] [client-5] Round 1 — receiving model…
2026-10-06 15:18:14,329 [INFO] [client-6] Round 1 — receiving model…
2026-10-06 15:18:14,332 [INFO] [client-7] Round 1 — receiving model…
2026-10-06 15:18:14,336 [INFO] [client-8] Round 1 — receiving model…
2026-10-06 15:18:14,339 [INFO] [client-9] Round 1 — receiving model…
2026-10-06 15:18:14,672 [INFO] recv 13933B via direct in 124ms
2026-10-06 15:18:14,689 [INFO] [client-3] Round 1 — training locally…
2026-10-06 18:07:51,723 [INFO] [client-3] Round 1 — sending update…
2026-10-06 18:07:51,734 [INFO] send 13933B via direct in 67157ms (0.00 Mbit/s) to 308efeac0f84360c
2026-10-06 18:07:51,735 [INFO] send 13933B via direct in 67154ms (0.00 Mbit/s) to 22031a1118c182c9
2026-10-06 18:07:51,737 [INFO] send 13933B via direct in 67150ms (0.00 Mbit/s) to 30ca87557cd5ad7d
2026-10-06 18:07:51,738 [INFO] send 13933B via direct in 67148ms (0.00 Mbit/s) to 7b1ef5377dc048f1
2026-10-06 18:07:51,739 [INFO] send 13933B via direct in 67147ms (0.00 Mbit/s) to 0a4d9661e62a0d71
2026-10-06 18:07:51,740 [INFO] send 13933B via direct in 67147ms (0.00 Mbit/s) to 70214bff7b7a46e8
2026-10-06 18:07:51,742 [INFO] send 13933B via direct in 67152ms (0.00 Mbit/s) to 4dd8970fc25aac95
2026-10-06 18:07:51,744 [INFO] send 13933B via direct in 67155ms (0.00 Mbit/s) to 0155ef226c97a54a
2026-10-06 18:07:51,745 [INFO] send 13933B via direct in 67152ms (0.00 Mbit/s) to 6d53636bc4b4f882
2026-10-06 18:07:51,746 [INFO] send 13933B via direct in 67150ms (0.00 Mbit/s) to 8b72f4aa16530d9c
2026-10-06 18:07:51,747 [INFO] recv 13933B via direct in 67103ms
2026-10-06 18:07:51,749 [INFO] [client-8] Round 1 — training locally…
2026-10-06 18:07:51,853 [INFO] [client-8] Round 1 — sending update…
2026-10-06 18:07:51,857 [INFO] recv 13933B via direct in 67101ms
2026-10-06 18:07:51,859 [INFO] [client-0] Round 1 — training locally…
2026-10-06 18:07:51,942 [INFO] [client-0] Round 1 — sending update…
2026-10-06 18:07:51,945 [INFO] recv 13933B via direct in 67101ms
2026-10-06 18:07:51,948 [INFO] [client-1] Round 1 — training locally…
2026-10-06 18:07:52,052 [INFO] [client-1] Round 1 — sending update…
2026-10-06 18:07:52,055 [INFO] recv 13933B via direct in 67105ms
2026-10-06 18:07:52,058 [INFO] [client-7] Round 1 — training locally…
2026-10-06 18:07:52,157 [INFO] [client-7] Round 1 — sending update…
2026-10-06 18:07:52,159 [INFO] recv 13933B via direct in 67083ms
2026-10-06 18:07:52,162 [INFO] [client-2] Round 1 — training locally…
2026-10-06 18:07:52,280 [INFO] [client-2] Round 1 — sending update…
2026-10-06 18:07:52,282 [INFO] recv 13933B via direct in 67082ms
2026-10-06 18:07:52,287 [INFO] [client-6] Round 1 — training locally…
2026-10-06 18:07:52,397 [INFO] [client-6] Round 1 — sending update…
2026-10-06 18:07:52,400 [INFO] recv 13933B via direct in 67080ms
2026-10-06 18:07:52,403 [INFO] [client-4] Round 1 — training locally…
2026-10-06 18:07:52,552 [INFO] [client-4] Round 1 — sending update…
2026-10-06 18:07:52,556 [INFO] recv 13933B via direct in 67078ms
2026-10-06 18:07:52,560 [INFO] [client-5] Round 1 — training locally…
2026-10-06 18:07:52,663 [INFO] [client-5] Round 1 — sending update…
2026-10-06 18:07:52,666 [INFO] recv 13933B via direct in 67106ms
2026-10-06 18:07:52,670 [INFO] [client-9] Round 1 — training locally…
2026-10-06 18:07:52,786 [INFO] [client-9] Round 1 — sending update…
2026-10-06 18:07:52,789 [INFO] Round 1 — waiting for 10 updates…
2026-10-06 18:07:52,912 [INFO] recv 13933B via direct in 118ms
2026-10-06 18:07:52,916 [INFO] recv 13933B via direct in 122ms
2026-10-06 18:07:52,920 [INFO] recv 13933B via direct in 126ms
2026-10-06 18:07:52,927 [INFO] recv 13933B via direct in 133ms
2026-10-06 18:07:52,930 [INFO] recv 13933B via direct in 137ms
2026-10-06 18:07:52,935 [INFO] recv 13933B via direct in 141ms
2026-10-06 18:07:52,939 [INFO] recv 13933B via direct in 145ms
2026-10-06 18:07:52,943 [INFO] recv 13933B via direct in 149ms
2026-10-06 18:07:52,948 [INFO] recv 13933B via direct in 154ms
2026-10-06 18:07:52,951 [INFO] send 13933B via direct in 1224ms (0.09 Mbit/s) to bc5cd775846e7d05
2026-10-06 18:07:53,003 [INFO] [client-3] Round 1 done — loss=1.0598 acc=0.4543  68.6s
2026-10-06 18:07:53,004 [INFO] [client-3] Round 2 — receiving model…
2026-10-06 18:07:53,005 [INFO] send 13933B via direct in 1094ms (0.10 Mbit/s) to bc5cd775846e7d05
2026-10-06 18:07:53,026 [INFO] [client-8] Round 1 done — loss=0.8126 acc=0.6803  68.6s
2026-10-06 18:07:53,027 [INFO] [client-8] Round 2 — receiving model…
2026-10-06 18:07:53,028 [INFO] send 13933B via direct in 1006ms (0.11 Mbit/s) to bc5cd775846e7d05
2026-10-06 18:07:53,046 [INFO] [client-0] Round 1 done — loss=1.0592 acc=0.4661  68.7s
2026-10-06 18:07:53,047 [INFO] [client-0] Round 2 — receiving model…
2026-10-06 18:07:53,051 [INFO] send 13933B via direct in 994ms (0.11 Mbit/s) to bc5cd775846e7d05
2026-10-06 18:07:53,073 [INFO] [client-1] Round 1 done — loss=1.0824 acc=0.3925  68.7s
2026-10-06 18:07:53,073 [INFO] [client-1] Round 2 — receiving model…
2026-10-06 18:07:53,074 [INFO] send 13933B via direct in 890ms (0.13 Mbit/s) to bc5cd775846e7d05
2026-10-06 18:07:53,094 [INFO] [client-7] Round 1 done — loss=1.0511 acc=0.4272  68.7s
2026-10-06 18:07:53,095 [INFO] [client-7] Round 2 — receiving model…
2026-10-06 18:07:53,096 [INFO] send 13933B via direct in 767ms (0.15 Mbit/s) to bc5cd775846e7d05
2026-10-06 18:07:53,115 [INFO] [client-2] Round 1 done — loss=1.0438 acc=0.4461  68.7s
2026-10-06 18:07:53,116 [INFO] [client-2] Round 2 — receiving model…
2026-10-06 18:07:53,117 [INFO] send 13933B via direct in 649ms (0.17 Mbit/s) to bc5cd775846e7d05
2026-10-06 18:07:53,131 [INFO] [client-6] Round 1 done — loss=1.0489 acc=0.4431  68.7s
2026-10-06 18:07:53,132 [INFO] [client-6] Round 2 — receiving model…
2026-10-06 18:07:53,133 [INFO] send 13933B via direct in 494ms (0.23 Mbit/s) to bc5cd775846e7d05
2026-10-06 18:07:53,148 [INFO] [client-4] Round 1 done — loss=1.0304 acc=0.4931  68.7s
2026-10-06 18:07:53,149 [INFO] [client-4] Round 2 — receiving model…
2026-10-06 18:07:53,150 [INFO] send 13933B via direct in 384ms (0.29 Mbit/s) to bc5cd775846e7d05
2026-10-06 18:07:53,174 [INFO] [client-5] Round 1 done — loss=1.0576 acc=0.4584  68.8s
2026-10-06 18:07:53,175 [INFO] [client-5] Round 2 — receiving model…
2026-10-06 18:07:53,177 [INFO] send 13933B via direct in 261ms (0.43 Mbit/s) to bc5cd775846e7d05
2026-10-06 18:07:53,198 [INFO] [client-9] Round 1 done — loss=1.0545 acc=0.4586  68.8s
2026-10-06 18:07:53,199 [INFO] [client-9] Round 2 — receiving model…
2026-10-06 18:07:53,200 [INFO] recv 13933B via direct in 151ms
2026-10-06 18:07:53,261 [INFO] Round 1/20  acc=0.3154  loss=1.1101  68.9s  clients=10
2026-10-06 18:07:53,262 [INFO] Round 2 — sending model to 10 clients…
2026-10-06 18:07:53,437 [INFO] recv 13933B via direct in 131ms
2026-10-06 18:07:53,439 [INFO] [client-4] Round 2 — training locally…
2026-10-06 18:07:53,588 [INFO] [client-4] Round 2 — sending update…
2026-10-06 18:07:53,602 [INFO] send 13933B via direct in 329ms (0.34 Mbit/s) to 0a4d9661e62a0d71
2026-10-06 18:07:53,603 [INFO] send 13933B via direct in 327ms (0.34 Mbit/s) to 0155ef226c97a54a
2026-10-06 18:07:53,604 [INFO] send 13933B via direct in 324ms (0.34 Mbit/s) to 6d53636bc4b4f882
2026-10-06 18:07:53,605 [INFO] send 13933B via direct in 324ms (0.35 Mbit/s) to 4dd8970fc25aac95
2026-10-06 18:07:53,606 [INFO] send 13933B via direct in 323ms (0.35 Mbit/s) to 8b72f4aa16530d9c
2026-10-06 18:07:53,607 [INFO] send 13933B via direct in 323ms (0.35 Mbit/s) to 70214bff7b7a46e8
2026-10-06 18:07:53,608 [INFO] send 13933B via direct in 322ms (0.35 Mbit/s) to 30ca87557cd5ad7d
2026-10-06 18:07:53,609 [INFO] send 13933B via direct in 322ms (0.35 Mbit/s) to 7b1ef5377dc048f1
2026-10-06 18:07:53,610 [INFO] send 13933B via direct in 322ms (0.35 Mbit/s) to 22031a1118c182c9
2026-10-06 18:07:53,612 [INFO] send 13933B via direct in 325ms (0.34 Mbit/s) to 308efeac0f84360c
2026-10-06 18:07:53,613 [INFO] recv 13933B via direct in 284ms
2026-10-06 18:07:53,616 [INFO] [client-3] Round 2 — training locally…
2026-10-06 18:07:53,733 [INFO] [client-3] Round 2 — sending update…
2026-10-06 18:07:53,735 [INFO] recv 13933B via direct in 290ms
2026-10-06 18:07:53,737 [INFO] [client-7] Round 2 — training locally…
2026-10-06 18:07:53,833 [INFO] [client-7] Round 2 — sending update…
2026-10-06 18:07:53,836 [INFO] recv 13933B via direct in 275ms
2026-10-06 18:07:53,840 [INFO] [client-0] Round 2 — training locally…
2026-10-06 18:07:53,921 [INFO] [client-0] Round 2 — sending update…
2026-10-06 18:07:53,924 [INFO] recv 13933B via direct in 273ms
2026-10-06 18:07:53,927 [INFO] [client-8] Round 2 — training locally…
2026-10-06 18:07:54,015 [INFO] [client-8] Round 2 — sending update…
2026-10-06 18:07:54,018 [INFO] recv 13933B via direct in 263ms
2026-10-06 18:07:54,020 [INFO] [client-1] Round 2 — training locally…
2026-10-06 18:07:54,130 [INFO] [client-1] Round 2 — sending update…
2026-10-06 18:07:54,133 [INFO] recv 13933B via direct in 262ms
2026-10-06 18:07:54,136 [INFO] [client-5] Round 2 — training locally…
2026-10-06 18:07:54,225 [INFO] [client-5] Round 2 — sending update…
2026-10-06 18:07:54,229 [INFO] recv 13933B via direct in 252ms
2026-10-06 18:07:54,232 [INFO] [client-2] Round 2 — training locally…
2026-10-06 18:07:54,335 [INFO] [client-2] Round 2 — sending update…
2026-10-06 18:07:54,339 [INFO] recv 13933B via direct in 250ms
2026-10-06 18:07:54,344 [INFO] [client-6] Round 2 — training locally…
2026-10-06 18:07:54,536 [INFO] [client-6] Round 2 — sending update…
2026-10-06 18:07:54,539 [INFO] recv 13933B via direct in 248ms
2026-10-06 18:07:54,542 [INFO] [client-9] Round 2 — training locally…
2026-10-06 18:07:54,641 [INFO] [client-9] Round 2 — sending update…
2026-10-06 18:07:54,645 [INFO] Round 2 — waiting for 10 updates…
2026-10-06 18:07:54,770 [INFO] recv 13933B via direct in 121ms
2026-10-06 18:07:54,774 [INFO] recv 13933B via direct in 125ms
2026-10-06 18:07:54,778 [INFO] recv 13933B via direct in 129ms
2026-10-06 18:07:54,785 [INFO] recv 13933B via direct in 136ms
2026-10-06 18:07:54,789 [INFO] recv 13933B via direct in 139ms
2026-10-06 18:07:54,793 [INFO] recv 13933B via direct in 143ms
2026-10-06 18:07:54,797 [INFO] recv 13933B via direct in 147ms
2026-10-06 18:07:54,801 [INFO] recv 13933B via direct in 151ms
2026-10-06 18:07:54,805 [INFO] send 13933B via direct in 1213ms (0.09 Mbit/s) to bc5cd775846e7d05
2026-10-06 18:07:54,823 [INFO] [client-4] Round 2 done — loss=1.0343 acc=0.4856  1.7s
2026-10-06 18:07:54,824 [INFO] [client-4] Round 3 — receiving model…
2026-10-06 18:07:54,825 [INFO] recv 13933B via direct in 155ms
2026-10-06 18:07:54,830 [INFO] send 13933B via direct in 1070ms (0.10 Mbit/s) to bc5cd775846e7d05
2026-10-06 18:07:54,843 [INFO] [client-3] Round 2 done — loss=1.0562 acc=0.4413  1.8s
2026-10-06 18:07:54,844 [INFO] [client-3] Round 3 — receiving model…
2026-10-06 18:07:54,845 [INFO] send 13933B via direct in 969ms (0.12 Mbit/s) to bc5cd775846e7d05
2026-10-06 18:07:54,871 [INFO] [client-7] Round 2 done — loss=1.0332 acc=0.4512  1.8s
2026-10-06 18:07:54,872 [INFO] [client-7] Round 3 — receiving model…
2026-10-06 18:07:54,875 [INFO] send 13933B via direct in 949ms (0.12 Mbit/s) to bc5cd775846e7d05
2026-10-06 18:07:54,894 [INFO] [client-0] Round 2 done — loss=1.0570 acc=0.4466  1.8s
2026-10-06 18:07:54,895 [INFO] [client-0] Round 3 — receiving model…
2026-10-06 18:07:54,896 [INFO] send 13933B via direct in 855ms (0.13 Mbit/s) to bc5cd775846e7d05
2026-10-06 18:07:54,915 [INFO] [client-8] Round 2 done — loss=0.7734 acc=0.7212  1.9s
2026-10-06 18:07:54,916 [INFO] [client-8] Round 3 — receiving model…
2026-10-06 18:07:54,917 [INFO] send 13933B via direct in 741ms (0.15 Mbit/s) to bc5cd775846e7d05
2026-10-06 18:07:54,941 [INFO] [client-1] Round 2 done — loss=1.0702 acc=0.3918  1.9s
2026-10-06 18:07:54,942 [INFO] [client-1] Round 3 — receiving model…
2026-10-06 18:07:54,943 [INFO] send 13933B via direct in 645ms (0.17 Mbit/s) to bc5cd775846e7d05
2026-10-06 18:07:54,969 [INFO] [client-5] Round 2 done — loss=1.0231 acc=0.5076  1.8s
2026-10-06 18:07:54,970 [INFO] [client-5] Round 3 — receiving model…
2026-10-06 18:07:54,971 [INFO] send 13933B via direct in 535ms (0.21 Mbit/s) to bc5cd775846e7d05
2026-10-06 18:07:54,984 [INFO] [client-2] Round 2 done — loss=1.0233 acc=0.4471  1.9s
2026-10-06 18:07:54,985 [INFO] [client-2] Round 3 — receiving model…
2026-10-06 18:07:54,987 [INFO] send 13933B via direct in 335ms (0.33 Mbit/s) to bc5cd775846e7d05
2026-10-06 18:07:55,006 [INFO] [client-6] Round 2 done — loss=1.0314 acc=0.4628  1.9s
2026-10-06 18:07:55,007 [INFO] [client-6] Round 3 — receiving model…
2026-10-06 18:07:55,008 [INFO] send 13933B via direct in 230ms (0.49 Mbit/s) to bc5cd775846e7d05
2026-10-06 18:07:55,036 [INFO] [client-9] Round 2 done — loss=1.0270 acc=0.5049  1.8s
2026-10-06 18:07:55,036 [INFO] [client-9] Round 3 — receiving model…
2026-10-06 18:07:55,037 [INFO] recv 13933B via direct in 121ms
2026-10-06 18:07:55,057 [INFO] Round 2/20  acc=0.4035  loss=1.0840  1.8s  clients=10
2026-10-06 18:07:55,058 [INFO] Round 3 — sending model to 10 clients…
2026-10-06 18:07:55,231 [INFO] recv 13933B via direct in 112ms
2026-10-06 18:07:55,233 [INFO] [client-6] Round 3 — training locally…
2026-10-06 18:07:55,371 [INFO] [client-6] Round 3 — sending update…
2026-10-06 18:07:55,384 [INFO] send 13933B via direct in 316ms (0.35 Mbit/s) to 7b1ef5377dc048f1
2026-10-06 18:07:55,385 [INFO] send 13933B via direct in 313ms (0.36 Mbit/s) to 0a4d9661e62a0d71
2026-10-06 18:07:55,387 [INFO] send 13933B via direct in 311ms (0.36 Mbit/s) to 6d53636bc4b4f882
2026-10-06 18:07:55,388 [INFO] send 13933B via direct in 309ms (0.36 Mbit/s) to 30ca87557cd5ad7d
2026-10-06 18:07:55,389 [INFO] send 13933B via direct in 308ms (0.36 Mbit/s) to 8b72f4aa16530d9c
2026-10-06 18:07:55,390 [INFO] send 13933B via direct in 311ms (0.36 Mbit/s) to 0155ef226c97a54a
2026-10-06 18:07:55,391 [INFO] send 13933B via direct in 309ms (0.36 Mbit/s) to 22031a1118c182c9
2026-10-06 18:07:55,393 [INFO] send 13933B via direct in 308ms (0.36 Mbit/s) to 4dd8970fc25aac95
2026-10-06 18:07:55,394 [INFO] send 13933B via direct in 308ms (0.36 Mbit/s) to 308efeac0f84360c
2026-10-06 18:07:55,396 [INFO] send 13933B via direct in 308ms (0.36 Mbit/s) to 70214bff7b7a46e8
2026-10-06 18:07:55,399 [INFO] recv 13933B via direct in 260ms
2026-10-06 18:07:55,402 [INFO] [client-4] Round 3 — training locally…
2026-10-06 18:07:55,592 [INFO] [client-4] Round 3 — sending update…
2026-10-06 18:07:55,594 [INFO] recv 13933B via direct in 260ms
2026-10-06 18:07:55,597 [INFO] [client-0] Round 3 — training locally…
2026-10-06 18:07:55,743 [INFO] [client-0] Round 3 — sending update…
2026-10-06 18:07:55,746 [INFO] recv 13933B via direct in 259ms
2026-10-06 18:07:55,750 [INFO] [client-7] Round 3 — training locally…
2026-10-06 18:07:55,892 [INFO] [client-7] Round 3 — sending update…
2026-10-06 18:07:55,896 [INFO] recv 13933B via direct in 249ms
2026-10-06 18:07:55,900 [INFO] [client-2] Round 3 — training locally…
2026-10-06 18:07:56,007 [INFO] [client-2] Round 3 — sending update…
2026-10-06 18:07:56,010 [INFO] recv 13933B via direct in 248ms
2026-10-06 18:07:56,014 [INFO] [client-9] Round 3 — training locally…
2026-10-06 18:07:56,107 [INFO] [client-9] Round 3 — sending update…
2026-10-06 18:07:56,110 [INFO] recv 13933B via direct in 246ms
2026-10-06 18:07:56,112 [INFO] [client-1] Round 3 — training locally…
2026-10-06 18:07:56,218 [INFO] [client-1] Round 3 — sending update…
2026-10-06 18:07:56,221 [INFO] recv 13933B via direct in 237ms
2026-10-06 18:07:56,225 [INFO] [client-8] Round 3 — training locally…
2026-10-06 18:07:56,390 [INFO] [client-8] Round 3 — sending update…
2026-10-06 18:07:56,393 [INFO] recv 13933B via direct in 235ms
2026-10-06 18:07:56,395 [INFO] [client-3] Round 3 — training locally…
2026-10-06 18:07:56,532 [INFO] [client-3] Round 3 — sending update…
2026-10-06 18:07:56,535 [INFO] recv 13933B via direct in 234ms
2026-10-06 18:07:56,539 [INFO] [client-5] Round 3 — training locally…
2026-10-06 18:07:56,873 [INFO] [client-5] Round 3 — sending update…
2026-10-06 18:07:56,876 [INFO] Round 3 — waiting for 10 updates…
2026-10-06 18:07:57,009 [INFO] recv 13933B via direct in 124ms
2026-10-06 18:07:57,017 [INFO] recv 13933B via direct in 131ms
2026-10-06 18:07:57,021 [INFO] recv 13933B via direct in 136ms
2026-10-06 18:07:57,026 [INFO] recv 13933B via direct in 140ms
2026-10-06 18:07:57,031 [INFO] recv 13933B via direct in 146ms
2026-10-06 18:07:57,036 [INFO] recv 13933B via direct in 150ms
2026-10-06 18:07:57,041 [INFO] recv 13933B via direct in 155ms
2026-10-06 18:07:57,046 [INFO] recv 13933B via direct in 159ms
2026-10-06 18:07:57,055 [INFO] send 13933B via direct in 1677ms (0.07 Mbit/s) to bc5cd775846e7d05
2026-10-06 18:07:57,143 [INFO] [client-6] Round 3 done — loss=1.0216 acc=0.4785  2.1s
2026-10-06 18:07:57,145 [INFO] [client-6] Round 4 — receiving model…
2026-10-06 18:07:57,148 [INFO] recv 13933B via direct in 166ms
2026-10-06 18:07:57,155 [INFO] send 13933B via direct in 1460ms (0.08 Mbit/s) to bc5cd775846e7d05
2026-10-06 18:07:57,187 [INFO] [client-4] Round 3 done — loss=1.0257 acc=0.4835  2.4s
2026-10-06 18:07:57,188 [INFO] [client-4] Round 4 — receiving model…
2026-10-06 18:07:57,189 [INFO] recv 13933B via direct in 110ms
2026-10-06 18:07:57,226 [INFO] Round 3/20  acc=0.4274  loss=1.0786  2.2s  clients=10
2026-10-06 18:07:57,227 [INFO] Round 4 — sending model to 10 clients…
2026-10-06 18:07:57,228 [INFO] send 13933B via direct in 1401ms (0.08 Mbit/s) to bc5cd775846e7d05
2026-10-06 18:07:57,260 [INFO] [client-0] Round 3 done — loss=1.0568 acc=0.4531  2.4s
2026-10-06 18:07:57,261 [INFO] [client-0] Round 4 — receiving model…
2026-10-06 18:07:57,262 [INFO] send 13933B via direct in 1252ms (0.09 Mbit/s) to bc5cd775846e7d05
2026-10-06 18:07:57,288 [INFO] [client-7] Round 3 done — loss=1.0363 acc=0.4440  2.4s
2026-10-06 18:07:57,289 [INFO] [client-7] Round 4 — receiving model…
2026-10-06 18:07:57,305 [INFO] send 13933B via direct in 1144ms (0.10 Mbit/s) to bc5cd775846e7d05
2026-10-06 18:07:57,347 [INFO] [client-2] Round 3 done — loss=0.9951 acc=0.4883  2.4s
2026-10-06 18:07:57,349 [INFO] [client-2] Round 4 — receiving model…
2026-10-06 18:07:57,350 [INFO] send 13933B via direct in 1044ms (0.11 Mbit/s) to bc5cd775846e7d05
2026-10-06 18:07:57,388 [INFO] [client-9] Round 3 done — loss=1.0172 acc=0.5218  2.4s
2026-10-06 18:07:57,389 [INFO] [client-9] Round 4 — receiving model…
2026-10-06 18:07:57,390 [INFO] send 13933B via direct in 934ms (0.12 Mbit/s) to bc5cd775846e7d05
2026-10-06 18:07:57,419 [INFO] [client-1] Round 3 done — loss=1.0652 acc=0.4200  2.5s
2026-10-06 18:07:57,420 [INFO] [client-1] Round 4 — receiving model…
2026-10-06 18:07:57,421 [INFO] send 13933B via direct in 762ms (0.15 Mbit/s) to bc5cd775846e7d05
2026-10-06 18:07:57,448 [INFO] [client-8] Round 3 done — loss=0.7683 acc=0.7188  2.5s
2026-10-06 18:07:57,449 [INFO] [client-8] Round 4 — receiving model…
2026-10-06 18:07:57,451 [INFO] send 13933B via direct in 654ms (0.17 Mbit/s) to bc5cd775846e7d05
2026-10-06 18:07:57,477 [INFO] [client-3] Round 3 done — loss=1.0561 acc=0.4323  2.6s
2026-10-06 18:07:57,478 [INFO] [client-3] Round 4 — receiving model…
2026-10-06 18:07:57,479 [INFO] send 13933B via direct in 313ms (0.36 Mbit/s) to bc5cd775846e7d05
2026-10-06 18:07:57,512 [INFO] [client-5] Round 3 done — loss=1.0027 acc=0.5302  2.5s
2026-10-06 18:07:57,513 [INFO] [client-5] Round 4 — receiving model…
2026-10-06 18:07:57,645 [INFO] recv 13933B via direct in 128ms
2026-10-06 18:07:57,648 [INFO] [client-2] Round 4 — training locally…
2026-10-06 18:07:57,789 [INFO] [client-2] Round 4 — sending update…
2026-10-06 18:07:57,802 [INFO] send 13933B via direct in 504ms (0.22 Mbit/s) to 30ca87557cd5ad7d
2026-10-06 18:07:57,803 [INFO] send 13933B via direct in 498ms (0.22 Mbit/s) to 308efeac0f84360c
2026-10-06 18:07:57,804 [INFO] send 13933B via direct in 497ms (0.23 Mbit/s) to 8b72f4aa16530d9c
2026-10-06 18:07:57,805 [INFO] send 13933B via direct in 495ms (0.23 Mbit/s) to 7b1ef5377dc048f1
2026-10-06 18:07:57,806 [INFO] send 13933B via direct in 493ms (0.23 Mbit/s) to 70214bff7b7a46e8
2026-10-06 18:07:57,807 [INFO] send 13933B via direct in 492ms (0.23 Mbit/s) to 6d53636bc4b4f882
2026-10-06 18:07:57,809 [INFO] send 13933B via direct in 502ms (0.22 Mbit/s) to 0155ef226c97a54a
2026-10-06 18:07:57,810 [INFO] send 13933B via direct in 499ms (0.22 Mbit/s) to 22031a1118c182c9
2026-10-06 18:07:57,812 [INFO] send 13933B via direct in 494ms (0.23 Mbit/s) to 4dd8970fc25aac95
2026-10-06 18:07:57,812 [INFO] recv 13933B via direct in 281ms
2026-10-06 18:07:57,815 [INFO] [client-7] Round 4 — training locally…
2026-10-06 18:07:57,916 [INFO] [client-7] Round 4 — sending update…
2026-10-06 18:07:57,918 [INFO] recv 13933B via direct in 281ms
2026-10-06 18:07:57,919 [INFO] [client-9] Round 4 — training locally…
2026-10-06 18:07:58,032 [INFO] [client-9] Round 4 — sending update…
2026-10-06 18:07:58,034 [INFO] recv 13933B via direct in 281ms
2026-10-06 18:07:58,035 [INFO] [client-3] Round 4 — training locally…
2026-10-06 18:07:58,168 [INFO] [client-3] Round 4 — sending update…
2026-10-06 18:07:58,171 [INFO] recv 13933B via direct in 282ms
2026-10-06 18:07:58,174 [INFO] [client-1] Round 4 — training locally…
2026-10-06 18:07:58,318 [INFO] [client-1] Round 4 — sending update…
2026-10-06 18:07:58,321 [INFO] recv 13933B via direct in 282ms
2026-10-06 18:07:58,326 [INFO] [client-6] Round 4 — training locally…
2026-10-06 18:07:58,568 [INFO] [client-6] Round 4 — sending update…
2026-10-06 18:07:58,574 [INFO] recv 13933B via direct in 282ms
2026-10-06 18:07:58,579 [INFO] [client-8] Round 4 — training locally…
2026-10-06 18:07:58,708 [INFO] [client-8] Round 4 — sending update…
2026-10-06 18:07:58,711 [INFO] recv 13933B via direct in 282ms
2026-10-06 18:07:58,715 [INFO] [client-4] Round 4 — training locally…
2026-10-06 18:07:58,951 [INFO] [client-4] Round 4 — sending update…
2026-10-06 18:07:58,954 [INFO] recv 13933B via direct in 283ms
2026-10-06 18:07:58,957 [INFO] [client-5] Round 4 — training locally…
2026-10-06 18:07:59,061 [INFO] [client-5] Round 4 — sending update…
2026-10-06 18:07:59,063 [INFO] recv 13933B via direct in 283ms
2026-10-06 18:07:59,065 [INFO] [client-0] Round 4 — training locally…
2026-10-06 18:07:59,171 [INFO] [client-0] Round 4 — sending update…
2026-10-06 18:07:59,175 [INFO] send 13933B via direct in 493ms (0.23 Mbit/s) to 0a4d9661e62a0d71
2026-10-06 18:07:59,178 [INFO] Round 4 — waiting for 10 updates…
2026-10-06 18:07:59,299 [INFO] recv 13933B via direct in 119ms
2026-10-06 18:07:59,303 [INFO] recv 13933B via direct in 123ms
2026-10-06 18:07:59,310 [INFO] recv 13933B via direct in 129ms
2026-10-06 18:07:59,314 [INFO] recv 13933B via direct in 133ms
2026-10-06 18:07:59,318 [INFO] recv 13933B via direct in 137ms
2026-10-06 18:07:59,322 [INFO] recv 13933B via direct in 141ms
2026-10-06 18:07:59,326 [INFO] recv 13933B via direct in 145ms
2026-10-06 18:07:59,330 [INFO] recv 13933B via direct in 149ms
2026-10-06 18:07:59,335 [INFO] recv 13933B via direct in 154ms
2026-10-06 18:07:59,338 [INFO] send 13933B via direct in 1544ms (0.07 Mbit/s) to bc5cd775846e7d05
2026-10-06 18:07:59,455 [INFO] [client-2] Round 4 done — loss=0.9835 acc=0.5072  2.1s
2026-10-06 18:07:59,460 [INFO] [client-2] Round 5 — receiving model…
2026-10-06 18:07:59,461 [INFO] send 13933B via direct in 1420ms (0.08 Mbit/s) to bc5cd775846e7d05
2026-10-06 18:07:59,478 [INFO] [client-7] Round 4 done — loss=1.0306 acc=0.4409  2.2s
2026-10-06 18:07:59,479 [INFO] [client-7] Round 5 — receiving model…
2026-10-06 18:07:59,482 [INFO] send 13933B via direct in 1446ms (0.08 Mbit/s) to bc5cd775846e7d05
2026-10-06 18:07:59,504 [INFO] [client-9] Round 4 done — loss=1.0150 acc=0.5249  2.1s
2026-10-06 18:07:59,505 [INFO] [client-9] Round 5 — receiving model…
2026-10-06 18:07:59,506 [INFO] send 13933B via direct in 1310ms (0.09 Mbit/s) to bc5cd775846e7d05
2026-10-06 18:07:59,526 [INFO] [client-3] Round 4 done — loss=1.0498 acc=0.4495  2.0s
2026-10-06 18:07:59,527 [INFO] [client-3] Round 5 — receiving model…
2026-10-06 18:07:59,528 [INFO] send 13933B via direct in 1159ms (0.10 Mbit/s) to bc5cd775846e7d05
2026-10-06 18:07:59,549 [INFO] [client-1] Round 4 done — loss=1.0629 acc=0.4117  2.1s
2026-10-06 18:07:59,549 [INFO] [client-1] Round 5 — receiving model…
2026-10-06 18:07:59,551 [INFO] send 13933B via direct in 906ms (0.12 Mbit/s) to bc5cd775846e7d05
2026-10-06 18:07:59,570 [INFO] [client-6] Round 4 done — loss=1.0211 acc=0.4806  2.4s
2026-10-06 18:07:59,571 [INFO] [client-6] Round 5 — receiving model…
2026-10-06 18:07:59,572 [INFO] send 13933B via direct in 770ms (0.15 Mbit/s) to bc5cd775846e7d05
2026-10-06 18:07:59,600 [INFO] [client-8] Round 4 done — loss=0.7648 acc=0.7174  2.2s
2026-10-06 18:07:59,601 [INFO] [client-8] Round 5 — receiving model…
2026-10-06 18:07:59,602 [INFO] send 13933B via direct in 528ms (0.21 Mbit/s) to bc5cd775846e7d05
2026-10-06 18:07:59,621 [INFO] [client-4] Round 4 done — loss=1.0264 acc=0.4900  2.4s
2026-10-06 18:07:59,622 [INFO] [client-4] Round 5 — receiving model…
2026-10-06 18:07:59,625 [INFO] send 13933B via direct in 418ms (0.27 Mbit/s) to bc5cd775846e7d05
2026-10-06 18:07:59,653 [INFO] [client-5] Round 4 done — loss=0.9852 acc=0.5443  2.1s
2026-10-06 18:07:59,654 [INFO] [client-5] Round 5 — receiving model…
2026-10-06 18:07:59,655 [INFO] send 13933B via direct in 307ms (0.36 Mbit/s) to bc5cd775846e7d05
2026-10-06 18:07:59,775 [INFO] [client-0] Round 4 done — loss=1.0581 acc=0.4466  2.5s
2026-10-06 18:07:59,777 [INFO] [client-0] Round 5 — receiving model…
2026-10-06 18:07:59,780 [INFO] recv 13933B via direct in 196ms
2026-10-06 18:07:59,877 [INFO] Round 4/20  acc=0.4552  loss=1.0669  2.7s  clients=10
2026-10-06 18:07:59,880 [INFO] Round 5 — sending model to 10 clients…
2026-10-06 18:08:00,055 [INFO] recv 13933B via direct in 127ms
2026-10-06 18:08:00,057 [INFO] [client-0] Round 5 — training locally…
2026-10-06 18:08:00,163 [INFO] [client-0] Round 5 — sending update…
2026-10-06 18:08:00,174 [INFO] send 13933B via direct in 283ms (0.39 Mbit/s) to 6d53636bc4b4f882
2026-10-06 18:08:00,175 [INFO] send 13933B via direct in 281ms (0.40 Mbit/s) to 22031a1118c182c9
2026-10-06 18:08:00,176 [INFO] send 13933B via direct in 279ms (0.40 Mbit/s) to 70214bff7b7a46e8
2026-10-06 18:08:00,177 [INFO] send 13933B via direct in 276ms (0.41 Mbit/s) to 0155ef226c97a54a
2026-10-06 18:08:00,178 [INFO] send 13933B via direct in 276ms (0.40 Mbit/s) to 0a4d9661e62a0d71
2026-10-06 18:08:00,178 [INFO] send 13933B via direct in 274ms (0.41 Mbit/s) to 30ca87557cd5ad7d
2026-10-06 18:08:00,179 [INFO] send 13933B via direct in 275ms (0.41 Mbit/s) to 7b1ef5377dc048f1
2026-10-06 18:08:00,181 [INFO] send 13933B via direct in 276ms (0.40 Mbit/s) to 308efeac0f84360c
2026-10-06 18:08:00,182 [INFO] send 13933B via direct in 274ms (0.41 Mbit/s) to 4dd8970fc25aac95
2026-10-06 18:08:00,183 [INFO] recv 13933B via direct in 236ms
2026-10-06 18:08:00,185 [INFO] [client-5] Round 5 — training locally…
2026-10-06 18:08:00,299 [INFO] [client-5] Round 5 — sending update…
2026-10-06 18:08:00,303 [INFO] recv 13933B via direct in 242ms
2026-10-06 18:08:00,305 [INFO] [client-9] Round 5 — training locally…
2026-10-06 18:08:00,701 [INFO] [client-9] Round 5 — sending update…
2026-10-06 18:08:00,707 [INFO] recv 13933B via direct in 227ms
2026-10-06 18:08:00,711 [INFO] [client-1] Round 5 — training locally…
2026-10-06 18:08:01,341 [INFO] [client-1] Round 5 — sending update…
2026-10-06 18:08:01,355 [INFO] recv 13933B via direct in 217ms
2026-10-06 18:08:01,360 [INFO] [client-3] Round 5 — training locally…
2026-10-06 18:08:02,369 [INFO] [client-3] Round 5 — sending update…
2026-10-06 18:08:02,372 [INFO] recv 13933B via direct in 215ms
2026-10-06 18:08:02,379 [INFO] [client-7] Round 5 — training locally…
2026-10-06 18:08:02,778 [INFO] [client-7] Round 5 — sending update…
2026-10-06 18:08:02,782 [INFO] recv 13933B via direct in 206ms
2026-10-06 18:08:02,786 [INFO] [client-4] Round 5 — training locally…
2026-10-06 18:08:02,931 [INFO] [client-4] Round 5 — sending update…
2026-10-06 18:08:02,933 [INFO] recv 13933B via direct in 205ms
2026-10-06 18:08:02,935 [INFO] [client-8] Round 5 — training locally…
2026-10-06 18:08:03,051 [INFO] [client-8] Round 5 — sending update…
2026-10-06 18:08:03,054 [INFO] recv 13933B via direct in 197ms
2026-10-06 18:08:03,057 [INFO] [client-6] Round 5 — training locally…
2026-10-06 18:08:03,160 [INFO] [client-6] Round 5 — sending update…
2026-10-06 18:08:03,161 [INFO] recv 13933B via direct in 195ms
2026-10-06 18:08:03,164 [INFO] [client-2] Round 5 — training locally…
2026-10-06 18:08:03,285 [INFO] [client-2] Round 5 — sending update…
2026-10-06 18:08:03,287 [INFO] send 13933B via direct in 278ms (0.40 Mbit/s) to 8b72f4aa16530d9c
2026-10-06 18:08:03,289 [INFO] Round 5 — waiting for 10 updates…
2026-10-06 18:08:03,409 [INFO] recv 13933B via direct in 118ms
2026-10-06 18:08:03,413 [INFO] recv 13933B via direct in 122ms
2026-10-06 18:08:03,417 [INFO] recv 13933B via direct in 126ms
2026-10-06 18:08:03,424 [INFO] recv 13933B via direct in 133ms
2026-10-06 18:08:03,428 [INFO] recv 13933B via direct in 137ms
2026-10-06 18:08:03,432 [INFO] recv 13933B via direct in 141ms
2026-10-06 18:08:03,436 [INFO] recv 13933B via direct in 145ms
2026-10-06 18:08:03,440 [INFO] recv 13933B via direct in 149ms
2026-10-06 18:08:03,445 [INFO] recv 13933B via direct in 154ms
2026-10-06 18:08:03,448 [INFO] send 13933B via direct in 3282ms (0.03 Mbit/s) to bc5cd775846e7d05
2026-10-06 18:08:03,472 [INFO] [client-0] Round 5 done — loss=1.0532 acc=0.4553  3.7s
2026-10-06 18:08:03,473 [INFO] [client-0] Round 6 — receiving model…
2026-10-06 18:08:03,474 [INFO] send 13933B via direct in 3145ms (0.04 Mbit/s) to bc5cd775846e7d05
2026-10-06 18:08:03,491 [INFO] [client-5] Round 5 done — loss=0.9790 acc=0.5491  3.8s
2026-10-06 18:08:03,492 [INFO] [client-5] Round 6 — receiving model…
2026-10-06 18:08:03,494 [INFO] send 13933B via direct in 2741ms (0.04 Mbit/s) to bc5cd775846e7d05
2026-10-06 18:08:03,506 [INFO] [client-9] Round 5 done — loss=1.0134 acc=0.5169  4.0s
2026-10-06 18:08:03,507 [INFO] [client-9] Round 6 — receiving model…
2026-10-06 18:08:03,513 [INFO] send 13933B via direct in 2154ms (0.05 Mbit/s) to bc5cd775846e7d05
2026-10-06 18:08:03,535 [INFO] [client-1] Round 5 done — loss=1.0639 acc=0.4169  4.0s
2026-10-06 18:08:03,536 [INFO] [client-1] Round 6 — receiving model…
2026-10-06 18:08:03,537 [INFO] send 13933B via direct in 1137ms (0.10 Mbit/s) to bc5cd775846e7d05
2026-10-06 18:08:03,559 [INFO] [client-3] Round 5 done — loss=1.0455 acc=0.4427  4.0s
2026-10-06 18:08:03,560 [INFO] [client-3] Round 6 — receiving model…
2026-10-06 18:08:03,561 [INFO] send 13933B via direct in 728ms (0.15 Mbit/s) to bc5cd775846e7d05
2026-10-06 18:08:03,576 [INFO] [client-7] Round 5 done — loss=1.0321 acc=0.4433  4.1s
2026-10-06 18:08:03,577 [INFO] [client-7] Round 6 — receiving model…
2026-10-06 18:08:03,578 [INFO] send 13933B via direct in 577ms (0.19 Mbit/s) to bc5cd775846e7d05
2026-10-06 18:08:03,602 [INFO] [client-4] Round 5 done — loss=1.0194 acc=0.4852  4.0s
2026-10-06 18:08:03,603 [INFO] [client-4] Round 6 — receiving model…
2026-10-06 18:08:03,604 [INFO] send 13933B via direct in 457ms (0.24 Mbit/s) to bc5cd775846e7d05
2026-10-06 18:08:03,631 [INFO] [client-8] Round 5 done — loss=0.7694 acc=0.7095  4.0s
2026-10-06 18:08:03,632 [INFO] [client-8] Round 6 — receiving model…
2026-10-06 18:08:03,633 [INFO] send 13933B via direct in 349ms (0.32 Mbit/s) to bc5cd775846e7d05
2026-10-06 18:08:03,652 [INFO] [client-6] Round 5 done — loss=1.0156 acc=0.4840  4.1s
2026-10-06 18:08:03,653 [INFO] [client-6] Round 6 — receiving model…
2026-10-06 18:08:03,654 [INFO] send 13933B via direct in 225ms (0.50 Mbit/s) to bc5cd775846e7d05
2026-10-06 18:08:03,673 [INFO] [client-2] Round 5 done — loss=0.9759 acc=0.5137  4.2s
2026-10-06 18:08:03,674 [INFO] [client-2] Round 6 — receiving model…
2026-10-06 18:08:03,675 [INFO] recv 13933B via direct in 117ms
2026-10-06 18:08:03,695 [INFO] Round 5/20  acc=0.4532  loss=1.0684  3.8s  clients=10
2026-10-06 18:08:03,696 [INFO] Round 6 — sending model to 10 clients…
2026-10-06 18:08:03,869 [INFO] recv 13933B via direct in 126ms
2026-10-06 18:08:03,871 [INFO] [client-5] Round 6 — training locally…
2026-10-06 18:08:04,027 [INFO] [client-5] Round 6 — sending update…
2026-10-06 18:08:04,038 [INFO] send 13933B via direct in 332ms (0.34 Mbit/s) to 70214bff7b7a46e8
2026-10-06 18:08:04,039 [INFO] send 13933B via direct in 331ms (0.34 Mbit/s) to 0a4d9661e62a0d71
2026-10-06 18:08:04,040 [INFO] send 13933B via direct in 329ms (0.34 Mbit/s) to 6d53636bc4b4f882
2026-10-06 18:08:04,041 [INFO] send 13933B via direct in 329ms (0.34 Mbit/s) to 308efeac0f84360c
2026-10-06 18:08:04,042 [INFO] send 13933B via direct in 331ms (0.34 Mbit/s) to 4dd8970fc25aac95
2026-10-06 18:08:04,042 [INFO] send 13933B via direct in 331ms (0.34 Mbit/s) to 0155ef226c97a54a
2026-10-06 18:08:04,043 [INFO] send 13933B via direct in 328ms (0.34 Mbit/s) to 30ca87557cd5ad7d
2026-10-06 18:08:04,044 [INFO] send 13933B via direct in 328ms (0.34 Mbit/s) to 22031a1118c182c9
2026-10-06 18:08:04,045 [INFO] send 13933B via direct in 327ms (0.34 Mbit/s) to 8b72f4aa16530d9c
2026-10-06 18:08:04,045 [INFO] send 13933B via direct in 327ms (0.34 Mbit/s) to 7b1ef5377dc048f1
2026-10-06 18:08:04,047 [INFO] recv 13933B via direct in 287ms
2026-10-06 18:08:04,048 [INFO] [client-8] Round 6 — training locally…
2026-10-06 18:08:04,144 [INFO] [client-8] Round 6 — sending update…
2026-10-06 18:08:04,147 [INFO] recv 13933B via direct in 285ms
2026-10-06 18:08:04,151 [INFO] [client-7] Round 6 — training locally…
2026-10-06 18:08:04,248 [INFO] [client-7] Round 6 — sending update…
2026-10-06 18:08:04,251 [INFO] recv 13933B via direct in 292ms
2026-10-06 18:08:04,255 [INFO] [client-4] Round 6 — training locally…
2026-10-06 18:08:04,365 [INFO] [client-4] Round 6 — sending update…
2026-10-06 18:08:04,367 [INFO] recv 13933B via direct in 276ms
2026-10-06 18:08:04,371 [INFO] [client-0] Round 6 — training locally…
2026-10-06 18:08:04,485 [INFO] [client-0] Round 6 — sending update…
2026-10-06 18:08:04,488 [INFO] recv 13933B via direct in 275ms
2026-10-06 18:08:04,491 [INFO] [client-3] Round 6 — training locally…
2026-10-06 18:08:04,596 [INFO] [client-3] Round 6 — sending update…
2026-10-06 18:08:04,599 [INFO] recv 13933B via direct in 273ms
2026-10-06 18:08:04,601 [INFO] [client-2] Round 6 — training locally…
2026-10-06 18:08:04,716 [INFO] [client-2] Round 6 — sending update…
2026-10-06 18:08:04,719 [INFO] recv 13933B via direct in 264ms
2026-10-06 18:08:04,722 [INFO] [client-9] Round 6 — training locally…
2026-10-06 18:08:04,910 [INFO] [client-9] Round 6 — sending update…
2026-10-06 18:08:04,915 [INFO] recv 13933B via direct in 263ms
2026-10-06 18:08:04,922 [INFO] [client-1] Round 6 — training locally…
2026-10-06 18:08:05,039 [INFO] [client-1] Round 6 — sending update…
2026-10-06 18:08:05,043 [INFO] recv 13933B via direct in 261ms
2026-10-06 18:08:05,046 [INFO] [client-6] Round 6 — training locally…
2026-10-06 18:08:05,199 [INFO] [client-6] Round 6 — sending update…
2026-10-06 18:08:05,202 [INFO] Round 6 — waiting for 10 updates…
2026-10-06 18:08:05,325 [INFO] recv 13933B via direct in 120ms
2026-10-06 18:08:05,331 [INFO] recv 13933B via direct in 125ms
2026-10-06 18:08:05,336 [INFO] recv 13933B via direct in 130ms
2026-10-06 18:08:05,341 [INFO] recv 13933B via direct in 135ms
2026-10-06 18:08:05,345 [INFO] recv 13933B via direct in 139ms
2026-10-06 18:08:05,348 [INFO] recv 13933B via direct in 142ms
2026-10-06 18:08:05,352 [INFO] recv 13933B via direct in 146ms
2026-10-06 18:08:05,356 [INFO] recv 13933B via direct in 150ms
2026-10-06 18:08:05,360 [INFO] recv 13933B via direct in 154ms
2026-10-06 18:08:05,363 [INFO] send 13933B via direct in 1333ms (0.08 Mbit/s) to bc5cd775846e7d05
2026-10-06 18:08:05,383 [INFO] [client-5] Round 6 done — loss=0.9796 acc=0.5553  1.9s
2026-10-06 18:08:05,384 [INFO] [client-5] Round 7 — receiving model…
2026-10-06 18:08:05,385 [INFO] send 13933B via direct in 1216ms (0.09 Mbit/s) to bc5cd775846e7d05
2026-10-06 18:08:05,399 [INFO] [client-8] Round 6 done — loss=0.7666 acc=0.7119  1.8s
2026-10-06 18:08:05,400 [INFO] [client-8] Round 7 — receiving model…
2026-10-06 18:08:05,401 [INFO] send 13933B via direct in 1112ms (0.10 Mbit/s) to bc5cd775846e7d05
2026-10-06 18:08:05,418 [INFO] [client-7] Round 6 done — loss=1.0262 acc=0.4499  1.8s
2026-10-06 18:08:05,419 [INFO] [client-7] Round 7 — receiving model…
2026-10-06 18:08:05,420 [INFO] send 13933B via direct in 996ms (0.11 Mbit/s) to bc5cd775846e7d05
2026-10-06 18:08:05,434 [INFO] [client-4] Round 6 done — loss=1.0152 acc=0.4842  1.8s
2026-10-06 18:08:05,435 [INFO] [client-4] Round 7 — receiving model…
2026-10-06 18:08:05,438 [INFO] send 13933B via direct in 948ms (0.12 Mbit/s) to bc5cd775846e7d05
2026-10-06 18:08:05,451 [INFO] [client-0] Round 6 done — loss=1.0557 acc=0.4570  2.0s
2026-10-06 18:08:05,452 [INFO] [client-0] Round 7 — receiving model…
2026-10-06 18:08:05,453 [INFO] send 13933B via direct in 837ms (0.13 Mbit/s) to bc5cd775846e7d05
2026-10-06 18:08:05,471 [INFO] [client-3] Round 6 done — loss=1.0478 acc=0.4574  1.9s
2026-10-06 18:08:05,472 [INFO] [client-3] Round 7 — receiving model…
2026-10-06 18:08:05,473 [INFO] send 13933B via direct in 717ms (0.16 Mbit/s) to bc5cd775846e7d05
2026-10-06 18:08:05,491 [INFO] [client-2] Round 6 done — loss=0.9800 acc=0.5082  1.8s
2026-10-06 18:08:05,492 [INFO] [client-2] Round 7 — receiving model…
2026-10-06 18:08:05,493 [INFO] send 13933B via direct in 523ms (0.21 Mbit/s) to bc5cd775846e7d05
2026-10-06 18:08:05,509 [INFO] [client-9] Round 6 done — loss=1.0145 acc=0.5312  2.0s
2026-10-06 18:08:05,510 [INFO] [client-9] Round 7 — receiving model…
2026-10-06 18:08:05,511 [INFO] send 13933B via direct in 395ms (0.28 Mbit/s) to bc5cd775846e7d05
2026-10-06 18:08:05,529 [INFO] [client-1] Round 6 done — loss=1.0621 acc=0.4138  2.0s
2026-10-06 18:08:05,530 [INFO] [client-1] Round 7 — receiving model…
2026-10-06 18:08:05,532 [INFO] send 13933B via direct in 235ms (0.47 Mbit/s) to bc5cd775846e7d05
2026-10-06 18:08:05,546 [INFO] [client-6] Round 6 done — loss=1.0184 acc=0.4785  1.9s
2026-10-06 18:08:05,547 [INFO] [client-6] Round 7 — receiving model…
2026-10-06 18:08:05,549 [INFO] recv 13933B via direct in 125ms
2026-10-06 18:08:05,569 [INFO] Round 6/20  acc=0.4583  loss=1.0648  1.9s  clients=10
2026-10-06 18:08:05,570 [INFO] Round 7 — sending model to 10 clients…
2026-10-06 18:08:05,742 [INFO] recv 13933B via direct in 128ms
2026-10-06 18:08:05,744 [INFO] [client-7] Round 7 — training locally…
2026-10-06 18:08:05,845 [INFO] [client-7] Round 7 — sending update…
2026-10-06 18:08:05,855 [INFO] send 13933B via direct in 278ms (0.40 Mbit/s) to 0155ef226c97a54a
2026-10-06 18:08:05,856 [INFO] send 13933B via direct in 276ms (0.40 Mbit/s) to 6d53636bc4b4f882
2026-10-06 18:08:05,857 [INFO] send 13933B via direct in 275ms (0.41 Mbit/s) to 22031a1118c182c9
2026-10-06 18:08:05,858 [INFO] send 13933B via direct in 278ms (0.40 Mbit/s) to 7b1ef5377dc048f1
2026-10-06 18:08:05,858 [INFO] send 13933B via direct in 276ms (0.40 Mbit/s) to 70214bff7b7a46e8
2026-10-06 18:08:05,859 [INFO] send 13933B via direct in 274ms (0.41 Mbit/s) to 8b72f4aa16530d9c
2026-10-06 18:08:05,860 [INFO] send 13933B via direct in 274ms (0.41 Mbit/s) to 30ca87557cd5ad7d
2026-10-06 18:08:05,860 [INFO] send 13933B via direct in 273ms (0.41 Mbit/s) to 4dd8970fc25aac95
2026-10-06 18:08:05,862 [INFO] recv 13933B via direct in 233ms
2026-10-06 18:08:05,864 [INFO] [client-6] Round 7 — training locally…
2026-10-06 18:08:05,965 [INFO] [client-6] Round 7 — sending update…
2026-10-06 18:08:05,970 [INFO] recv 13933B via direct in 239ms
2026-10-06 18:08:05,972 [INFO] [client-3] Round 7 — training locally…
2026-10-06 18:08:06,082 [INFO] [client-3] Round 7 — sending update…
2026-10-06 18:08:06,085 [INFO] recv 13933B via direct in 223ms
2026-10-06 18:08:06,090 [INFO] [client-0] Round 7 — training locally…
2026-10-06 18:08:06,176 [INFO] [client-0] Round 7 — sending update…
2026-10-06 18:08:06,178 [INFO] recv 13933B via direct in 221ms
2026-10-06 18:08:06,182 [INFO] [client-5] Round 7 — training locally…
2026-10-06 18:08:06,280 [INFO] [client-5] Round 7 — sending update…
2026-10-06 18:08:06,282 [INFO] recv 13933B via direct in 220ms
2026-10-06 18:08:06,284 [INFO] [client-9] Round 7 — training locally…
2026-10-06 18:08:06,391 [INFO] [client-9] Round 7 — sending update…
2026-10-06 18:08:06,393 [INFO] recv 13933B via direct in 211ms
2026-10-06 18:08:06,396 [INFO] [client-1] Round 7 — training locally…
2026-10-06 18:08:06,500 [INFO] [client-1] Round 7 — sending update…
2026-10-06 18:08:06,503 [INFO] recv 13933B via direct in 209ms
2026-10-06 18:08:06,506 [INFO] [client-2] Round 7 — training locally…
2026-10-06 18:08:06,601 [INFO] [client-2] Round 7 — sending update…
2026-10-06 18:08:06,603 [INFO] recv 13933B via direct in 207ms
2026-10-06 18:08:06,605 [INFO] [client-8] Round 7 — training locally…
2026-10-06 18:08:06,717 [INFO] [client-8] Round 7 — sending update…
2026-10-06 18:08:06,719 [INFO] send 13933B via direct in 277ms (0.40 Mbit/s) to 308efeac0f84360c
2026-10-06 18:08:06,720 [INFO] send 13933B via direct in 272ms (0.41 Mbit/s) to 0a4d9661e62a0d71
2026-10-06 18:08:06,723 [INFO] recv 13933B via direct in 198ms
2026-10-06 18:08:06,726 [INFO] [client-4] Round 7 — training locally…
2026-10-06 18:08:06,865 [INFO] [client-4] Round 7 — sending update…
2026-10-06 18:08:06,868 [INFO] Round 7 — waiting for 10 updates…
2026-10-06 18:08:06,990 [INFO] recv 13933B via direct in 121ms
2026-10-06 18:08:06,995 [INFO] recv 13933B via direct in 125ms
2026-10-06 18:08:06,999 [INFO] recv 13933B via direct in 129ms
2026-10-06 18:08:07,002 [INFO] recv 13933B via direct in 132ms
2026-10-06 18:08:07,009 [INFO] recv 13933B via direct in 139ms
2026-10-06 18:08:07,013 [INFO] recv 13933B via direct in 143ms
2026-10-06 18:08:07,017 [INFO] recv 13933B via direct in 147ms
2026-10-06 18:08:07,021 [INFO] recv 13933B via direct in 151ms
2026-10-06 18:08:07,025 [INFO] recv 13933B via direct in 141ms
2026-10-06 18:08:07,029 [INFO] send 13933B via direct in 1178ms (0.09 Mbit/s) to bc5cd775846e7d05
2026-10-06 18:08:07,054 [INFO] [client-7] Round 7 done — loss=1.0302 acc=0.4564  1.6s
2026-10-06 18:08:07,055 [INFO] [client-7] Round 8 — receiving model…
2026-10-06 18:08:07,056 [INFO] send 13933B via direct in 1059ms (0.11 Mbit/s) to bc5cd775846e7d05
2026-10-06 18:08:07,079 [INFO] [client-6] Round 7 done — loss=1.0105 acc=0.4878  1.5s
2026-10-06 18:08:07,080 [INFO] [client-6] Round 8 — receiving model…
2026-10-06 18:08:07,081 [INFO] send 13933B via direct in 944ms (0.12 Mbit/s) to bc5cd775846e7d05
2026-10-06 18:08:07,107 [INFO] [client-3] Round 7 done — loss=1.0424 acc=0.4536  1.6s
2026-10-06 18:08:07,108 [INFO] [client-3] Round 8 — receiving model…
2026-10-06 18:08:07,110 [INFO] send 13933B via direct in 850ms (0.13 Mbit/s) to bc5cd775846e7d05
2026-10-06 18:08:07,133 [INFO] [client-0] Round 7 done — loss=1.0535 acc=0.4557  1.7s
2026-10-06 18:08:07,133 [INFO] [client-0] Round 8 — receiving model…
2026-10-06 18:08:07,137 [INFO] send 13933B via direct in 853ms (0.13 Mbit/s) to bc5cd775846e7d05
2026-10-06 18:08:07,151 [INFO] [client-5] Round 7 done — loss=0.9783 acc=0.5512  1.8s
2026-10-06 18:08:07,151 [INFO] [client-5] Round 8 — receiving model…
2026-10-06 18:08:07,152 [INFO] send 13933B via direct in 742ms (0.15 Mbit/s) to bc5cd775846e7d05
2026-10-06 18:08:07,171 [INFO] [client-9] Round 7 done — loss=1.0135 acc=0.5270  1.7s
2026-10-06 18:08:07,172 [INFO] [client-9] Round 8 — receiving model…
2026-10-06 18:08:07,173 [INFO] send 13933B via direct in 633ms (0.18 Mbit/s) to bc5cd775846e7d05
2026-10-06 18:08:07,195 [INFO] [client-1] Round 7 done — loss=1.0594 acc=0.4104  1.7s
2026-10-06 18:08:07,196 [INFO] [client-1] Round 8 — receiving model…
2026-10-06 18:08:07,197 [INFO] send 13933B via direct in 533ms (0.21 Mbit/s) to bc5cd775846e7d05
2026-10-06 18:08:07,211 [INFO] [client-2] Round 7 done — loss=0.9725 acc=0.5079  1.7s
2026-10-06 18:08:07,211 [INFO] [client-2] Round 8 — receiving model…
2026-10-06 18:08:07,213 [INFO] send 13933B via direct in 417ms (0.27 Mbit/s) to bc5cd775846e7d05
2026-10-06 18:08:07,226 [INFO] [client-8] Round 7 done — loss=0.7677 acc=0.7119  1.8s
2026-10-06 18:08:07,227 [INFO] [client-8] Round 8 — receiving model…
2026-10-06 18:08:07,229 [INFO] send 13933B via direct in 269ms (0.42 Mbit/s) to bc5cd775846e7d05
2026-10-06 18:08:07,244 [INFO] [client-4] Round 7 done — loss=1.0173 acc=0.4900  1.8s
2026-10-06 18:08:07,245 [INFO] [client-4] Round 8 — receiving model…
2026-10-06 18:08:07,290 [INFO] recv 13933B via direct in 159ms
2026-10-06 18:08:07,308 [INFO] Round 7/20  acc=0.4664  loss=1.0608  1.7s  clients=10
2026-10-06 18:08:07,310 [INFO] Round 8 — sending model to 10 clients…
2026-10-06 18:08:07,481 [INFO] recv 13933B via direct in 126ms
2026-10-06 18:08:07,483 [INFO] [client-2] Round 8 — training locally…
2026-10-06 18:08:07,587 [INFO] [client-2] Round 8 — sending update…
2026-10-06 18:08:07,597 [INFO] send 13933B via direct in 278ms (0.40 Mbit/s) to 30ca87557cd5ad7d
2026-10-06 18:08:07,598 [INFO] send 13933B via direct in 276ms (0.40 Mbit/s) to 22031a1118c182c9
2026-10-06 18:08:07,599 [INFO] send 13933B via direct in 274ms (0.41 Mbit/s) to 70214bff7b7a46e8
2026-10-06 18:08:07,599 [INFO] send 13933B via direct in 274ms (0.41 Mbit/s) to 6d53636bc4b4f882
2026-10-06 18:08:07,600 [INFO] send 13933B via direct in 273ms (0.41 Mbit/s) to 308efeac0f84360c
2026-10-06 18:08:07,601 [INFO] send 13933B via direct in 275ms (0.41 Mbit/s) to 4dd8970fc25aac95
2026-10-06 18:08:07,601 [INFO] send 13933B via direct in 272ms (0.41 Mbit/s) to 0a4d9661e62a0d71
2026-10-06 18:08:07,602 [INFO] send 13933B via direct in 272ms (0.41 Mbit/s) to 0155ef226c97a54a
2026-10-06 18:08:07,604 [INFO] send 13933B via direct in 275ms (0.41 Mbit/s) to 7b1ef5377dc048f1
2026-10-06 18:08:07,605 [INFO] recv 13933B via direct in 234ms
2026-10-06 18:08:07,607 [INFO] [client-9] Round 8 — training locally…
2026-10-06 18:08:07,730 [INFO] [client-9] Round 8 — sending update…
2026-10-06 18:08:07,735 [INFO] recv 13933B via direct in 232ms
2026-10-06 18:08:07,739 [INFO] [client-6] Round 8 — training locally…
2026-10-06 18:08:07,835 [INFO] [client-6] Round 8 — sending update…
2026-10-06 18:08:07,837 [INFO] recv 13933B via direct in 222ms
2026-10-06 18:08:07,839 [INFO] [client-8] Round 8 — training locally…
2026-10-06 18:08:07,931 [INFO] [client-8] Round 8 — sending update…
2026-10-06 18:08:07,935 [INFO] recv 13933B via direct in 212ms
2026-10-06 18:08:07,937 [INFO] [client-5] Round 8 — training locally…
2026-10-06 18:08:08,020 [INFO] [client-5] Round 8 — sending update…
2026-10-06 18:08:08,024 [INFO] recv 13933B via direct in 211ms
2026-10-06 18:08:08,027 [INFO] [client-0] Round 8 — training locally…
2026-10-06 18:08:08,122 [INFO] [client-0] Round 8 — sending update…
2026-10-06 18:08:08,124 [INFO] recv 13933B via direct in 209ms
2026-10-06 18:08:08,126 [INFO] [client-3] Round 8 — training locally…
2026-10-06 18:08:08,238 [INFO] [client-3] Round 8 — sending update…
2026-10-06 18:08:08,241 [INFO] recv 13933B via direct in 200ms
2026-10-06 18:08:08,244 [INFO] [client-1] Round 8 — training locally…
2026-10-06 18:08:08,356 [INFO] [client-1] Round 8 — sending update…
2026-10-06 18:08:08,358 [INFO] recv 13933B via direct in 199ms
2026-10-06 18:08:08,360 [INFO] [client-4] Round 8 — training locally…
2026-10-06 18:08:08,463 [INFO] [client-4] Round 8 — sending update…
2026-10-06 18:08:08,465 [INFO] recv 13933B via direct in 182ms
2026-10-06 18:08:08,468 [INFO] [client-7] Round 8 — training locally…
2026-10-06 18:08:08,582 [INFO] [client-7] Round 8 — sending update…
2026-10-06 18:08:08,584 [INFO] send 13933B via direct in 273ms (0.41 Mbit/s) to 8b72f4aa16530d9c
2026-10-06 18:08:08,586 [INFO] Round 8 — waiting for 10 updates…
2026-10-06 18:08:08,706 [INFO] recv 13933B via direct in 118ms
2026-10-06 18:08:08,710 [INFO] recv 13933B via direct in 122ms
2026-10-06 18:08:08,714 [INFO] recv 13933B via direct in 126ms
2026-10-06 18:08:08,718 [INFO] recv 13933B via direct in 130ms
2026-10-06 18:08:08,725 [INFO] recv 13933B via direct in 136ms
2026-10-06 18:08:08,729 [INFO] recv 13933B via direct in 140ms
2026-10-06 18:08:08,733 [INFO] recv 13933B via direct in 144ms
2026-10-06 18:08:08,737 [INFO] recv 13933B via direct in 148ms
2026-10-06 18:08:08,742 [INFO] recv 13933B via direct in 153ms
2026-10-06 18:08:08,745 [INFO] send 13933B via direct in 1155ms (0.10 Mbit/s) to bc5cd775846e7d05
2026-10-06 18:08:08,775 [INFO] [client-2] Round 8 done — loss=0.9657 acc=0.5168  1.6s
2026-10-06 18:08:08,776 [INFO] [client-2] Round 9 — receiving model…
2026-10-06 18:08:08,777 [INFO] send 13933B via direct in 1011ms (0.11 Mbit/s) to bc5cd775846e7d05
2026-10-06 18:08:08,790 [INFO] [client-9] Round 8 done — loss=1.0119 acc=0.5218  1.6s
2026-10-06 18:08:08,791 [INFO] [client-9] Round 9 — receiving model…
2026-10-06 18:08:08,793 [INFO] send 13933B via direct in 909ms (0.12 Mbit/s) to bc5cd775846e7d05
2026-10-06 18:08:08,809 [INFO] [client-6] Round 8 done — loss=1.0127 acc=0.4983  1.7s
2026-10-06 18:08:08,810 [INFO] [client-6] Round 9 — receiving model…
2026-10-06 18:08:08,811 [INFO] send 13933B via direct in 811ms (0.14 Mbit/s) to bc5cd775846e7d05
2026-10-06 18:08:08,830 [INFO] [client-8] Round 8 done — loss=0.7658 acc=0.7119  1.6s
2026-10-06 18:08:08,831 [INFO] [client-8] Round 9 — receiving model…
2026-10-06 18:08:08,835 [INFO] send 13933B via direct in 810ms (0.14 Mbit/s) to bc5cd775846e7d05
2026-10-06 18:08:08,855 [INFO] [client-5] Round 8 done — loss=0.9825 acc=0.5450  1.7s
2026-10-06 18:08:08,857 [INFO] [client-5] Round 9 — receiving model…
2026-10-06 18:08:08,858 [INFO] send 13933B via direct in 709ms (0.16 Mbit/s) to bc5cd775846e7d05
2026-10-06 18:08:08,882 [INFO] [client-0] Round 8 done — loss=1.0546 acc=0.4536  1.7s
2026-10-06 18:08:08,883 [INFO] [client-0] Round 9 — receiving model…
2026-10-06 18:08:08,884 [INFO] send 13933B via direct in 593ms (0.19 Mbit/s) to bc5cd775846e7d05
2026-10-06 18:08:08,904 [INFO] [client-3] Round 8 done — loss=1.0416 acc=0.4564  1.8s
2026-10-06 18:08:08,905 [INFO] [client-3] Round 9 — receiving model…
2026-10-06 18:08:08,906 [INFO] send 13933B via direct in 475ms (0.24 Mbit/s) to bc5cd775846e7d05
2026-10-06 18:08:08,924 [INFO] [client-1] Round 8 done — loss=1.0607 acc=0.4190  1.7s
2026-10-06 18:08:08,925 [INFO] [client-1] Round 9 — receiving model…
2026-10-06 18:08:08,926 [INFO] send 13933B via direct in 369ms (0.30 Mbit/s) to bc5cd775846e7d05
2026-10-06 18:08:08,941 [INFO] [client-4] Round 8 done — loss=1.0190 acc=0.4897  1.7s
2026-10-06 18:08:08,942 [INFO] [client-4] Round 9 — receiving model…
2026-10-06 18:08:08,942 [INFO] send 13933B via direct in 250ms (0.45 Mbit/s) to bc5cd775846e7d05
2026-10-06 18:08:08,962 [INFO] [client-7] Round 8 done — loss=1.0311 acc=0.4530  1.9s
2026-10-06 18:08:08,963 [INFO] [client-7] Round 9 — receiving model…
2026-10-06 18:08:08,964 [INFO] recv 13933B via direct in 141ms
2026-10-06 18:08:08,989 [INFO] Round 8/20  acc=0.4631  loss=1.0641  1.7s  clients=10
2026-10-06 18:08:08,990 [INFO] Round 9 — sending model to 10 clients…
2026-10-06 18:08:09,162 [INFO] recv 13933B via direct in 129ms
2026-10-06 18:08:09,164 [INFO] [client-3] Round 9 — training locally…
2026-10-06 18:08:09,276 [INFO] [client-3] Round 9 — sending update…
2026-10-06 18:08:09,285 [INFO] send 13933B via direct in 287ms (0.39 Mbit/s) to 308efeac0f84360c
2026-10-06 18:08:09,286 [INFO] send 13933B via direct in 285ms (0.39 Mbit/s) to 4dd8970fc25aac95
2026-10-06 18:08:09,286 [INFO] send 13933B via direct in 283ms (0.39 Mbit/s) to 6d53636bc4b4f882
2026-10-06 18:08:09,287 [INFO] send 13933B via direct in 285ms (0.39 Mbit/s) to 8b72f4aa16530d9c
2026-10-06 18:08:09,288 [INFO] send 13933B via direct in 285ms (0.39 Mbit/s) to 30ca87557cd5ad7d
2026-10-06 18:08:09,288 [INFO] send 13933B via direct in 283ms (0.40 Mbit/s) to 70214bff7b7a46e8
2026-10-06 18:08:09,289 [INFO] send 13933B via direct in 282ms (0.40 Mbit/s) to 22031a1118c182c9
2026-10-06 18:08:09,289 [INFO] send 13933B via direct in 281ms (0.40 Mbit/s) to 0a4d9661e62a0d71
2026-10-06 18:08:09,291 [INFO] send 13933B via direct in 286ms (0.39 Mbit/s) to 0155ef226c97a54a
2026-10-06 18:08:09,291 [INFO] send 13933B via direct in 281ms (0.40 Mbit/s) to 7b1ef5377dc048f1
2026-10-06 18:08:09,292 [INFO] recv 13933B via direct in 242ms
2026-10-06 18:08:09,293 [INFO] [client-8] Round 9 — training locally…
2026-10-06 18:08:09,392 [INFO] [client-8] Round 9 — sending update…
2026-10-06 18:08:09,395 [INFO] recv 13933B via direct in 241ms
2026-10-06 18:08:09,397 [INFO] [client-1] Round 9 — training locally…
2026-10-06 18:08:09,545 [INFO] [client-1] Round 9 — sending update…
2026-10-06 18:08:09,548 [INFO] recv 13933B via direct in 249ms
2026-10-06 18:08:09,552 [INFO] [client-7] Round 9 — training locally…
2026-10-06 18:08:09,671 [INFO] [client-7] Round 9 — sending update…
2026-10-06 18:08:09,675 [INFO] recv 13933B via direct in 223ms
2026-10-06 18:08:09,679 [INFO] [client-2] Round 9 — training locally…
2026-10-06 18:08:09,801 [INFO] [client-2] Round 9 — sending update…
2026-10-06 18:08:09,803 [INFO] recv 13933B via direct in 221ms
2026-10-06 18:08:09,805 [INFO] [client-0] Round 9 — training locally…
2026-10-06 18:08:09,891 [INFO] [client-0] Round 9 — sending update…
2026-10-06 18:08:09,894 [INFO] recv 13933B via direct in 219ms
2026-10-06 18:08:09,897 [INFO] [client-5] Round 9 — training locally…
2026-10-06 18:08:10,054 [INFO] [client-5] Round 9 — sending update…
2026-10-06 18:08:10,057 [INFO] recv 13933B via direct in 218ms
2026-10-06 18:08:10,058 [INFO] [client-9] Round 9 — training locally…
2026-10-06 18:08:10,158 [INFO] [client-9] Round 9 — sending update…
2026-10-06 18:08:10,160 [INFO] recv 13933B via direct in 216ms
2026-10-06 18:08:10,162 [INFO] [client-6] Round 9 — training locally…
2026-10-06 18:08:10,276 [INFO] [client-6] Round 9 — sending update…
2026-10-06 18:08:10,279 [INFO] recv 13933B via direct in 206ms
2026-10-06 18:08:10,281 [INFO] [client-4] Round 9 — training locally…
2026-10-06 18:08:10,395 [INFO] [client-4] Round 9 — sending update…
2026-10-06 18:08:10,399 [INFO] Round 9 — waiting for 10 updates…
2026-10-06 18:08:10,520 [INFO] recv 13933B via direct in 119ms
2026-10-06 18:08:10,524 [INFO] recv 13933B via direct in 122ms
2026-10-06 18:08:10,528 [INFO] recv 13933B via direct in 126ms
2026-10-06 18:08:10,532 [INFO] recv 13933B via direct in 130ms
2026-10-06 18:08:10,539 [INFO] recv 13933B via direct in 137ms
2026-10-06 18:08:10,543 [INFO] recv 13933B via direct in 140ms
2026-10-06 18:08:10,547 [INFO] recv 13933B via direct in 144ms
2026-10-06 18:08:10,551 [INFO] recv 13933B via direct in 148ms
2026-10-06 18:08:10,556 [INFO] recv 13933B via direct in 154ms
2026-10-06 18:08:10,560 [INFO] send 13933B via direct in 1282ms (0.09 Mbit/s) to bc5cd775846e7d05
2026-10-06 18:08:10,588 [INFO] [client-3] Round 9 done — loss=1.0439 acc=0.4492  1.7s
2026-10-06 18:08:10,590 [INFO] [client-3] Round 10 — receiving model…
2026-10-06 18:08:10,591 [INFO] send 13933B via direct in 1165ms (0.10 Mbit/s) to bc5cd775846e7d05
2026-10-06 18:08:10,613 [INFO] [client-8] Round 9 done — loss=0.7626 acc=0.7115  1.8s
2026-10-06 18:08:10,614 [INFO] [client-8] Round 10 — receiving model…
2026-10-06 18:08:10,616 [INFO] send 13933B via direct in 1012ms (0.11 Mbit/s) to bc5cd775846e7d05
2026-10-06 18:08:10,645 [INFO] [client-1] Round 9 done — loss=1.0614 acc=0.4135  1.7s
2026-10-06 18:08:10,646 [INFO] [client-1] Round 10 — receiving model…
2026-10-06 18:08:10,647 [INFO] send 13933B via direct in 885ms (0.13 Mbit/s) to bc5cd775846e7d05
2026-10-06 18:08:10,671 [INFO] [client-7] Round 9 done — loss=1.0309 acc=0.4416  1.7s
2026-10-06 18:08:10,672 [INFO] [client-7] Round 10 — receiving model…
2026-10-06 18:08:10,676 [INFO] send 13933B via direct in 870ms (0.13 Mbit/s) to bc5cd775846e7d05
2026-10-06 18:08:10,704 [INFO] [client-2] Round 9 done — loss=0.9621 acc=0.5247  1.9s
2026-10-06 18:08:10,705 [INFO] [client-2] Round 10 — receiving model…
2026-10-06 18:08:10,707 [INFO] send 13933B via direct in 780ms (0.14 Mbit/s) to bc5cd775846e7d05
2026-10-06 18:08:10,732 [INFO] [client-0] Round 9 done — loss=1.0528 acc=0.4648  1.8s
2026-10-06 18:08:10,733 [INFO] [client-0] Round 10 — receiving model…
2026-10-06 18:08:10,734 [INFO] send 13933B via direct in 617ms (0.18 Mbit/s) to bc5cd775846e7d05
2026-10-06 18:08:10,755 [INFO] [client-5] Round 9 done — loss=0.9729 acc=0.5546  1.9s
2026-10-06 18:08:10,757 [INFO] [client-5] Round 10 — receiving model…
2026-10-06 18:08:10,758 [INFO] send 13933B via direct in 515ms (0.22 Mbit/s) to bc5cd775846e7d05
2026-10-06 18:08:10,781 [INFO] [client-9] Round 9 done — loss=1.0131 acc=0.5239  2.0s
2026-10-06 18:08:10,782 [INFO] [client-9] Round 10 — receiving model…
2026-10-06 18:08:10,783 [INFO] send 13933B via direct in 396ms (0.28 Mbit/s) to bc5cd775846e7d05
2026-10-06 18:08:10,815 [INFO] [client-6] Round 9 done — loss=1.0120 acc=0.4910  2.0s
2026-10-06 18:08:10,816 [INFO] [client-6] Round 10 — receiving model…
2026-10-06 18:08:10,817 [INFO] send 13933B via direct in 277ms (0.40 Mbit/s) to bc5cd775846e7d05
2026-10-06 18:08:10,841 [INFO] [client-4] Round 9 done — loss=1.0096 acc=0.4924  1.9s
2026-10-06 18:08:10,842 [INFO] [client-4] Round 10 — receiving model…
2026-10-06 18:08:10,843 [INFO] recv 13933B via direct in 168ms
2026-10-06 18:08:10,865 [INFO] Round 9/20  acc=0.4678  loss=1.0596  1.9s  clients=10
2026-10-06 18:08:10,866 [INFO] Round 10 — sending model to 10 clients…
2026-10-06 18:08:11,039 [INFO] recv 13933B via direct in 129ms
2026-10-06 18:08:11,042 [INFO] [client-1] Round 10 — training locally…
2026-10-06 18:08:11,169 [INFO] [client-1] Round 10 — sending update…
2026-10-06 18:08:11,180 [INFO] send 13933B via direct in 305ms (0.37 Mbit/s) to 8b72f4aa16530d9c
2026-10-06 18:08:11,182 [INFO] send 13933B via direct in 303ms (0.37 Mbit/s) to 22031a1118c182c9
2026-10-06 18:08:11,183 [INFO] send 13933B via direct in 303ms (0.37 Mbit/s) to 70214bff7b7a46e8
2026-10-06 18:08:11,184 [INFO] send 13933B via direct in 303ms (0.37 Mbit/s) to 4dd8970fc25aac95
2026-10-06 18:08:11,186 [INFO] send 13933B via direct in 300ms (0.37 Mbit/s) to 7b1ef5377dc048f1
2026-10-06 18:08:11,187 [INFO] send 13933B via direct in 302ms (0.37 Mbit/s) to 0a4d9661e62a0d71
2026-10-06 18:08:11,187 [INFO] send 13933B via direct in 302ms (0.37 Mbit/s) to 308efeac0f84360c
2026-10-06 18:08:11,189 [INFO] send 13933B via direct in 304ms (0.37 Mbit/s) to 0155ef226c97a54a
2026-10-06 18:08:11,189 [INFO] recv 13933B via direct in 261ms
2026-10-06 18:08:11,192 [INFO] [client-9] Round 10 — training locally…
2026-10-06 18:08:11,283 [INFO] [client-9] Round 10 — sending update…
2026-10-06 18:08:11,705 [INFO] recv 13933B via direct in 266ms
2026-10-06 18:08:11,707 [INFO] [client-7] Round 10 — training locally…
2026-10-06 18:08:11,863 [INFO] [client-7] Round 10 — sending update…
2026-10-06 18:08:11,866 [INFO] recv 13933B via direct in 251ms
2026-10-06 18:08:11,870 [INFO] [client-5] Round 10 — training locally…
2026-10-06 18:08:11,989 [INFO] [client-5] Round 10 — sending update…
2026-10-06 18:08:11,993 [INFO] recv 13933B via direct in 249ms
2026-10-06 18:08:11,997 [INFO] [client-8] Round 10 — training locally…
2026-10-06 18:08:12,134 [INFO] [client-8] Round 10 — sending update…
2026-10-06 18:08:12,136 [INFO] recv 13933B via direct in 247ms
2026-10-06 18:08:12,138 [INFO] [client-2] Round 10 — training locally…
2026-10-06 18:08:12,337 [INFO] [client-2] Round 10 — sending update…
2026-10-06 18:08:12,340 [INFO] recv 13933B via direct in 246ms
2026-10-06 18:08:12,343 [INFO] [client-0] Round 10 — training locally…
2026-10-06 18:08:12,442 [INFO] [client-0] Round 10 — sending update…
2026-10-06 18:08:12,452 [INFO] recv 13933B via direct in 244ms
2026-10-06 18:08:12,455 [INFO] [client-4] Round 10 — training locally…
2026-10-06 18:08:12,577 [INFO] [client-4] Round 10 — sending update…
2026-10-06 18:08:12,590 [INFO] recv 13933B via direct in 226ms
2026-10-06 18:08:12,592 [INFO] [client-3] Round 10 — training locally…
2026-10-06 18:08:12,709 [INFO] [client-3] Round 10 — sending update…
2026-10-06 18:08:12,711 [INFO] recv 13933B via direct in 216ms
2026-10-06 18:08:12,714 [INFO] [client-6] Round 10 — training locally…
2026-10-06 18:08:12,830 [INFO] [client-6] Round 10 — sending update…
2026-10-06 18:08:12,834 [INFO] send 13933B via direct in 302ms (0.37 Mbit/s) to 30ca87557cd5ad7d
2026-10-06 18:08:12,835 [INFO] send 13933B via direct in 301ms (0.37 Mbit/s) to 6d53636bc4b4f882
2026-10-06 18:08:12,836 [INFO] Round 10 — waiting for 10 updates…
2026-10-06 18:08:12,956 [INFO] recv 13933B via direct in 118ms
2026-10-06 18:08:12,961 [INFO] recv 13933B via direct in 123ms
2026-10-06 18:08:12,964 [INFO] recv 13933B via direct in 126ms
2026-10-06 18:08:12,971 [INFO] recv 13933B via direct in 133ms
2026-10-06 18:08:12,976 [INFO] recv 13933B via direct in 137ms
2026-10-06 18:08:12,979 [INFO] recv 13933B via direct in 141ms
2026-10-06 18:08:12,983 [INFO] recv 13933B via direct in 145ms
2026-10-06 18:08:12,988 [INFO] recv 13933B via direct in 149ms
2026-10-06 18:08:12,994 [INFO] recv 13933B via direct in 154ms
2026-10-06 18:08:12,998 [INFO] send 13933B via direct in 1822ms (0.06 Mbit/s) to bc5cd775846e7d05
2026-10-06 18:08:13,025 [INFO] [client-1] Round 10 done — loss=1.0591 acc=0.4193  2.4s
2026-10-06 18:08:13,028 [INFO] [client-1] Round 11 — receiving model…
2026-10-06 18:08:13,029 [INFO] send 13933B via direct in 1293ms (0.09 Mbit/s) to bc5cd775846e7d05
2026-10-06 18:08:13,049 [INFO] [client-9] Round 10 done — loss=1.0118 acc=0.5298  2.3s
2026-10-06 18:08:13,050 [INFO] [client-9] Round 11 — receiving model…
2026-10-06 18:08:13,051 [INFO] send 13933B via direct in 1132ms (0.10 Mbit/s) to bc5cd775846e7d05
2026-10-06 18:08:13,066 [INFO] [client-7] Round 10 done — loss=1.0280 acc=0.4564  2.4s
2026-10-06 18:08:13,067 [INFO] [client-7] Round 11 — receiving model…
2026-10-06 18:08:13,071 [INFO] send 13933B via direct in 1076ms (0.10 Mbit/s) to bc5cd775846e7d05
2026-10-06 18:08:13,092 [INFO] [client-5] Round 10 done — loss=0.9764 acc=0.5532  2.3s
2026-10-06 18:08:13,093 [INFO] [client-5] Round 11 — receiving model…
2026-10-06 18:08:13,094 [INFO] send 13933B via direct in 933ms (0.12 Mbit/s) to bc5cd775846e7d05
2026-10-06 18:08:13,112 [INFO] [client-8] Round 10 done — loss=0.7645 acc=0.7115  2.5s
2026-10-06 18:08:13,113 [INFO] [client-8] Round 11 — receiving model…
2026-10-06 18:08:13,114 [INFO] send 13933B via direct in 730ms (0.15 Mbit/s) to bc5cd775846e7d05
2026-10-06 18:08:13,131 [INFO] [client-2] Round 10 done — loss=0.9664 acc=0.5165  2.4s
2026-10-06 18:08:13,133 [INFO] [client-2] Round 11 — receiving model…
2026-10-06 18:08:13,134 [INFO] send 13933B via direct in 617ms (0.18 Mbit/s) to bc5cd775846e7d05
2026-10-06 18:08:13,163 [INFO] [client-0] Round 10 done — loss=1.0457 acc=0.4596  2.4s
2026-10-06 18:08:13,164 [INFO] [client-0] Round 11 — receiving model…
2026-10-06 18:08:13,166 [INFO] send 13933B via direct in 480ms (0.23 Mbit/s) to bc5cd775846e7d05
2026-10-06 18:08:13,197 [INFO] [client-4] Round 10 done — loss=1.0195 acc=0.4911  2.4s
2026-10-06 18:08:13,198 [INFO] [client-4] Round 11 — receiving model…
2026-10-06 18:08:13,199 [INFO] send 13933B via direct in 359ms (0.31 Mbit/s) to bc5cd775846e7d05
2026-10-06 18:08:13,213 [INFO] [client-3] Round 10 done — loss=1.0421 acc=0.4509  2.6s
2026-10-06 18:08:13,214 [INFO] [client-3] Round 11 — receiving model…
2026-10-06 18:08:13,215 [INFO] send 13933B via direct in 237ms (0.47 Mbit/s) to bc5cd775846e7d05
2026-10-06 18:08:13,233 [INFO] [client-6] Round 10 done — loss=1.0163 acc=0.4903  2.4s
2026-10-06 18:08:13,234 [INFO] [client-6] Round 11 — receiving model…
2026-10-06 18:08:13,235 [INFO] recv 13933B via direct in 127ms
2026-10-06 18:08:13,266 [INFO] Round 10/20  acc=0.4583  loss=1.0671  2.4s  clients=10
2026-10-06 18:08:13,267 [INFO] Round 11 — sending model to 10 clients…
2026-10-06 18:08:13,441 [INFO] recv 13933B via direct in 130ms
2026-10-06 18:08:13,443 [INFO] [client-4] Round 11 — training locally…
2026-10-06 18:08:13,599 [INFO] [client-4] Round 11 — sending update…
2026-10-06 18:08:13,612 [INFO] send 13933B via direct in 335ms (0.33 Mbit/s) to 0a4d9661e62a0d71
2026-10-06 18:08:13,613 [INFO] send 13933B via direct in 334ms (0.33 Mbit/s) to 0155ef226c97a54a
2026-10-06 18:08:13,614 [INFO] send 13933B via direct in 333ms (0.34 Mbit/s) to 22031a1118c182c9
2026-10-06 18:08:13,615 [INFO] send 13933B via direct in 333ms (0.34 Mbit/s) to 308efeac0f84360c
2026-10-06 18:08:13,616 [INFO] send 13933B via direct in 332ms (0.34 Mbit/s) to 6d53636bc4b4f882
2026-10-06 18:08:13,617 [INFO] send 13933B via direct in 332ms (0.34 Mbit/s) to 8b72f4aa16530d9c
2026-10-06 18:08:13,618 [INFO] send 13933B via direct in 331ms (0.34 Mbit/s) to 30ca87557cd5ad7d
2026-10-06 18:08:13,619 [INFO] send 13933B via direct in 331ms (0.34 Mbit/s) to 4dd8970fc25aac95
2026-10-06 18:08:13,620 [INFO] send 13933B via direct in 330ms (0.34 Mbit/s) to 7b1ef5377dc048f1
2026-10-06 18:08:13,621 [INFO] send 13933B via direct in 329ms (0.34 Mbit/s) to 70214bff7b7a46e8
2026-10-06 18:08:13,624 [INFO] recv 13933B via direct in 291ms
2026-10-06 18:08:13,627 [INFO] [client-9] Round 11 — training locally…
2026-10-06 18:08:13,759 [INFO] [client-9] Round 11 — sending update…
2026-10-06 18:08:13,763 [INFO] recv 13933B via direct in 289ms
2026-10-06 18:08:13,767 [INFO] [client-3] Round 11 — training locally…
2026-10-06 18:08:13,903 [INFO] [client-3] Round 11 — sending update…
2026-10-06 18:08:13,905 [INFO] recv 13933B via direct in 298ms
2026-10-06 18:08:13,910 [INFO] [client-7] Round 11 — training locally…
2026-10-06 18:08:14,066 [INFO] [client-7] Round 11 — sending update…
2026-10-06 18:08:14,069 [INFO] recv 13933B via direct in 280ms
2026-10-06 18:08:14,073 [INFO] [client-0] Round 11 — training locally…
2026-10-06 18:08:14,200 [INFO] [client-0] Round 11 — sending update…
2026-10-06 18:08:14,203 [INFO] recv 13933B via direct in 270ms
2026-10-06 18:08:14,206 [INFO] [client-1] Round 11 — training locally…
2026-10-06 18:08:14,325 [INFO] [client-1] Round 11 — sending update…
2026-10-06 18:08:14,329 [INFO] recv 13933B via direct in 268ms
2026-10-06 18:08:14,333 [INFO] [client-2] Round 11 — training locally…
2026-10-06 18:08:14,526 [INFO] [client-2] Round 11 — sending update…
2026-10-06 18:08:14,529 [INFO] recv 13933B via direct in 267ms
2026-10-06 18:08:14,534 [INFO] [client-8] Round 11 — training locally…
2026-10-06 18:08:14,701 [INFO] [client-8] Round 11 — sending update…
2026-10-06 18:08:14,703 [INFO] recv 13933B via direct in 265ms
2026-10-06 18:08:14,707 [INFO] [client-6] Round 11 — training locally…
2026-10-06 18:08:14,862 [INFO] [client-6] Round 11 — sending update…
2026-10-06 18:08:14,865 [INFO] recv 13933B via direct in 263ms
2026-10-06 18:08:14,867 [INFO] [client-5] Round 11 — training locally…
2026-10-06 18:08:15,000 [INFO] [client-5] Round 11 — sending update…
2026-10-06 18:08:15,003 [INFO] Round 11 — waiting for 10 updates…
2026-10-06 18:08:15,170 [INFO] recv 13933B via direct in 158ms
2026-10-06 18:08:15,178 [INFO] recv 13933B via direct in 159ms
2026-10-06 18:08:15,182 [INFO] recv 13933B via direct in 160ms
2026-10-06 18:08:15,184 [INFO] recv 13933B via direct in 161ms
2026-10-06 18:08:15,189 [INFO] recv 13933B via direct in 161ms
2026-10-06 18:08:15,193 [INFO] recv 13933B via direct in 161ms
2026-10-06 18:08:15,196 [INFO] recv 13933B via direct in 162ms
2026-10-06 18:08:15,199 [INFO] recv 13933B via direct in 162ms
2026-10-06 18:08:15,203 [INFO] recv 13933B via direct in 162ms
2026-10-06 18:08:15,206 [INFO] send 13933B via direct in 1600ms (0.07 Mbit/s) to bc5cd775846e7d05
2026-10-06 18:08:15,219 [INFO] [client-4] Round 11 done — loss=1.0102 acc=0.4894  2.0s
2026-10-06 18:08:15,220 [INFO] [client-4] Round 12 — receiving model…
2026-10-06 18:08:15,221 [INFO] send 13933B via direct in 1440ms (0.08 Mbit/s) to bc5cd775846e7d05
2026-10-06 18:08:15,325 [INFO] [client-9] Round 11 done — loss=1.0080 acc=0.5242  2.3s
2026-10-06 18:08:15,327 [INFO] [client-9] Round 12 — receiving model…
2026-10-06 18:08:15,329 [INFO] send 13933B via direct in 1297ms (0.09 Mbit/s) to bc5cd775846e7d05
2026-10-06 18:08:15,346 [INFO] [client-3] Round 11 done — loss=1.0461 acc=0.4526  2.1s
2026-10-06 18:08:15,348 [INFO] [client-3] Round 12 — receiving model…
2026-10-06 18:08:15,349 [INFO] send 13933B via direct in 1133ms (0.10 Mbit/s) to bc5cd775846e7d05
2026-10-06 18:08:15,371 [INFO] [client-7] Round 11 done — loss=1.0310 acc=0.4588  2.3s
2026-10-06 18:08:15,372 [INFO] [client-7] Round 12 — receiving model…
2026-10-06 18:08:15,373 [INFO] send 13933B via direct in 1000ms (0.11 Mbit/s) to bc5cd775846e7d05
2026-10-06 18:08:15,388 [INFO] [client-0] Round 11 done — loss=1.0519 acc=0.4553  2.2s
2026-10-06 18:08:15,389 [INFO] [client-0] Round 12 — receiving model…
2026-10-06 18:08:15,390 [INFO] send 13933B via direct in 874ms (0.13 Mbit/s) to bc5cd775846e7d05
2026-10-06 18:08:15,416 [INFO] [client-1] Round 11 done — loss=1.0575 acc=0.4193  2.4s
2026-10-06 18:08:15,418 [INFO] [client-1] Round 12 — receiving model…
2026-10-06 18:08:15,419 [INFO] send 13933B via direct in 674ms (0.17 Mbit/s) to bc5cd775846e7d05
2026-10-06 18:08:15,440 [INFO] [client-2] Round 11 done — loss=0.9632 acc=0.5271  2.3s
2026-10-06 18:08:15,442 [INFO] [client-2] Round 12 — receiving model…
2026-10-06 18:08:15,443 [INFO] send 13933B via direct in 500ms (0.22 Mbit/s) to bc5cd775846e7d05
2026-10-06 18:08:15,472 [INFO] [client-8] Round 11 done — loss=0.7633 acc=0.7133  2.4s
2026-10-06 18:08:15,474 [INFO] [client-8] Round 12 — receiving model…
2026-10-06 18:08:15,475 [INFO] send 13933B via direct in 338ms (0.33 Mbit/s) to bc5cd775846e7d05
2026-10-06 18:08:15,501 [INFO] [client-6] Round 11 done — loss=1.0131 acc=0.4899  2.3s
2026-10-06 18:08:15,503 [INFO] [client-6] Round 12 — receiving model…
2026-10-06 18:08:15,506 [INFO] send 13933B via direct in 203ms (0.55 Mbit/s) to bc5cd775846e7d05
2026-10-06 18:08:15,526 [INFO] [client-5] Round 11 done — loss=0.9708 acc=0.5567  2.4s
2026-10-06 18:08:15,527 [INFO] [client-5] Round 12 — receiving model…
2026-10-06 18:08:15,528 [INFO] recv 13933B via direct in 92ms
2026-10-06 18:08:15,558 [INFO] Round 11/20  acc=0.4625  loss=1.0662  2.3s  clients=10
2026-10-06 18:08:15,559 [INFO] Round 12 — sending model to 10 clients…
2026-10-06 18:08:15,727 [INFO] recv 13933B via direct in 76ms
2026-10-06 18:08:15,729 [INFO] [client-1] Round 12 — training locally…
2026-10-06 18:08:15,837 [INFO] [client-1] Round 12 — sending update…
2026-10-06 18:08:15,845 [INFO] send 13933B via direct in 280ms (0.40 Mbit/s) to 8b72f4aa16530d9c
2026-10-06 18:08:15,846 [INFO] send 13933B via direct in 278ms (0.40 Mbit/s) to 7b1ef5377dc048f1
2026-10-06 18:08:15,847 [INFO] send 13933B via direct in 278ms (0.40 Mbit/s) to 30ca87557cd5ad7d
2026-10-06 18:08:15,848 [INFO] send 13933B via direct in 276ms (0.41 Mbit/s) to 308efeac0f84360c
2026-10-06 18:08:15,849 [INFO] send 13933B via direct in 275ms (0.41 Mbit/s) to 22031a1118c182c9
2026-10-06 18:08:15,850 [INFO] send 13933B via direct in 274ms (0.41 Mbit/s) to 6d53636bc4b4f882
2026-10-06 18:08:15,851 [INFO] send 13933B via direct in 273ms (0.41 Mbit/s) to 70214bff7b7a46e8
2026-10-06 18:08:15,852 [INFO] send 13933B via direct in 276ms (0.40 Mbit/s) to 4dd8970fc25aac95
2026-10-06 18:08:15,853 [INFO] send 13933B via direct in 273ms (0.41 Mbit/s) to 0155ef226c97a54a
2026-10-06 18:08:15,854 [INFO] send 13933B via direct in 279ms (0.40 Mbit/s) to 0a4d9661e62a0d71
2026-10-06 18:08:15,855 [INFO] recv 13933B via direct in 191ms
2026-10-06 18:08:15,857 [INFO] [client-6] Round 12 — training locally…
2026-10-06 18:08:15,971 [INFO] [client-6] Round 12 — sending update…
2026-10-06 18:08:15,974 [INFO] recv 13933B via direct in 191ms
2026-10-06 18:08:15,976 [INFO] [client-2] Round 12 — training locally…
2026-10-06 18:08:16,103 [INFO] [client-2] Round 12 — sending update…
2026-10-06 18:08:16,107 [INFO] recv 13933B via direct in 191ms
2026-10-06 18:08:16,111 [INFO] [client-8] Round 12 — training locally…
2026-10-06 18:08:16,238 [INFO] [client-8] Round 12 — sending update…
2026-10-06 18:08:16,240 [INFO] recv 13933B via direct in 190ms
2026-10-06 18:08:16,243 [INFO] [client-3] Round 12 — training locally…
2026-10-06 18:08:16,354 [INFO] [client-3] Round 12 — sending update…
2026-10-06 18:08:16,356 [INFO] recv 13933B via direct in 190ms
2026-10-06 18:08:16,358 [INFO] [client-9] Round 12 — training locally…
2026-10-06 18:08:16,461 [INFO] [client-9] Round 12 — sending update…
2026-10-06 18:08:16,464 [INFO] recv 13933B via direct in 191ms
2026-10-06 18:08:16,466 [INFO] [client-7] Round 12 — training locally…
2026-10-06 18:08:16,566 [INFO] [client-7] Round 12 — sending update…
2026-10-06 18:08:16,568 [INFO] recv 13933B via direct in 191ms
2026-10-06 18:08:16,572 [INFO] [client-0] Round 12 — training locally…
2026-10-06 18:08:16,649 [INFO] [client-0] Round 12 — sending update…
2026-10-06 18:08:16,651 [INFO] recv 13933B via direct in 191ms
2026-10-06 18:08:16,653 [INFO] [client-5] Round 12 — training locally…
2026-10-06 18:08:16,762 [INFO] [client-5] Round 12 — sending update…
2026-10-06 18:08:16,764 [INFO] recv 13933B via direct in 193ms
2026-10-06 18:08:16,766 [INFO] [client-4] Round 12 — training locally…
2026-10-06 18:08:16,873 [INFO] [client-4] Round 12 — sending update…
2026-10-06 18:08:16,877 [INFO] Round 12 — waiting for 10 updates…
2026-10-06 18:08:16,999 [INFO] recv 13933B via direct in 118ms
2026-10-06 18:08:17,002 [INFO] recv 13933B via direct in 122ms
2026-10-06 18:08:17,007 [INFO] recv 13933B via direct in 126ms
2026-10-06 18:08:17,014 [INFO] recv 13933B via direct in 133ms
2026-10-06 18:08:17,018 [INFO] recv 13933B via direct in 137ms
2026-10-06 18:08:17,021 [INFO] recv 13933B via direct in 140ms
2026-10-06 18:08:17,025 [INFO] recv 13933B via direct in 144ms
2026-10-06 18:08:17,030 [INFO] recv 13933B via direct in 148ms
2026-10-06 18:08:17,035 [INFO] recv 13933B via direct in 153ms
2026-10-06 18:08:17,037 [INFO] send 13933B via direct in 1198ms (0.09 Mbit/s) to bc5cd775846e7d05
2026-10-06 18:08:17,059 [INFO] [client-1] Round 12 done — loss=1.0587 acc=0.4231  1.6s
2026-10-06 18:08:17,060 [INFO] [client-1] Round 13 — receiving model…
2026-10-06 18:08:17,062 [INFO] send 13933B via direct in 1064ms (0.11 Mbit/s) to bc5cd775846e7d05
2026-10-06 18:08:17,076 [INFO] [client-6] Round 12 done — loss=1.0122 acc=0.4924  1.6s
2026-10-06 18:08:17,077 [INFO] [client-6] Round 13 — receiving model…
2026-10-06 18:08:17,078 [INFO] send 13933B via direct in 931ms (0.12 Mbit/s) to bc5cd775846e7d05
2026-10-06 18:08:17,094 [INFO] [client-2] Round 12 done — loss=0.9684 acc=0.5203  1.7s
2026-10-06 18:08:17,095 [INFO] [client-2] Round 13 — receiving model…
2026-10-06 18:08:17,098 [INFO] send 13933B via direct in 856ms (0.13 Mbit/s) to bc5cd775846e7d05
2026-10-06 18:08:17,112 [INFO] [client-8] Round 12 done — loss=0.7616 acc=0.7115  1.6s
2026-10-06 18:08:17,113 [INFO] [client-8] Round 13 — receiving model…
2026-10-06 18:08:17,113 [INFO] send 13933B via direct in 740ms (0.15 Mbit/s) to bc5cd775846e7d05
2026-10-06 18:08:17,133 [INFO] [client-3] Round 12 done — loss=1.0435 acc=0.4502  1.8s
2026-10-06 18:08:17,134 [INFO] [client-3] Round 13 — receiving model…
2026-10-06 18:08:17,135 [INFO] send 13933B via direct in 633ms (0.18 Mbit/s) to bc5cd775846e7d05
2026-10-06 18:08:17,153 [INFO] [client-9] Round 12 done — loss=1.0151 acc=0.5197  1.8s
2026-10-06 18:08:17,154 [INFO] [client-9] Round 13 — receiving model…
2026-10-06 18:08:17,154 [INFO] send 13933B via direct in 528ms (0.21 Mbit/s) to bc5cd775846e7d05
2026-10-06 18:08:17,169 [INFO] [client-7] Round 12 done — loss=1.0309 acc=0.4433  1.8s
2026-10-06 18:08:17,170 [INFO] [client-7] Round 13 — receiving model…
2026-10-06 18:08:17,171 [INFO] send 13933B via direct in 446ms (0.25 Mbit/s) to bc5cd775846e7d05
2026-10-06 18:08:17,185 [INFO] [client-0] Round 12 done — loss=1.0505 acc=0.4657  1.8s
2026-10-06 18:08:17,186 [INFO] [client-0] Round 13 — receiving model…
2026-10-06 18:08:17,188 [INFO] send 13933B via direct in 333ms (0.34 Mbit/s) to bc5cd775846e7d05
2026-10-06 18:08:17,207 [INFO] [client-5] Round 12 done — loss=0.9726 acc=0.5604  1.7s
2026-10-06 18:08:17,208 [INFO] [client-5] Round 13 — receiving model…
2026-10-06 18:08:17,209 [INFO] send 13933B via direct in 221ms (0.51 Mbit/s) to bc5cd775846e7d05
2026-10-06 18:08:17,235 [INFO] [client-4] Round 12 done — loss=1.0220 acc=0.4873  2.0s
2026-10-06 18:08:17,236 [INFO] [client-4] Round 13 — receiving model…
2026-10-06 18:08:17,239 [INFO] recv 13933B via direct in 112ms
2026-10-06 18:08:17,277 [INFO] Round 12/20  acc=0.4591  loss=1.0688  1.7s  clients=10
2026-10-06 18:08:17,278 [INFO] Round 13 — sending model to 10 clients…
2026-10-06 18:08:17,449 [INFO] recv 13933B via direct in 122ms
2026-10-06 18:08:17,452 [INFO] [client-3] Round 13 — training locally…
2026-10-06 18:08:17,622 [INFO] [client-3] Round 13 — sending update…
2026-10-06 18:08:17,632 [INFO] send 13933B via direct in 347ms (0.32 Mbit/s) to 308efeac0f84360c
2026-10-06 18:08:17,633 [INFO] send 13933B via direct in 345ms (0.32 Mbit/s) to 6d53636bc4b4f882
2026-10-06 18:08:17,634 [INFO] send 13933B via direct in 344ms (0.33 Mbit/s) to 70214bff7b7a46e8
2026-10-06 18:08:17,635 [INFO] send 13933B via direct in 343ms (0.33 Mbit/s) to 0a4d9661e62a0d71
2026-10-06 18:08:17,635 [INFO] send 13933B via direct in 341ms (0.33 Mbit/s) to 30ca87557cd5ad7d
2026-10-06 18:08:17,636 [INFO] send 13933B via direct in 342ms (0.33 Mbit/s) to 0155ef226c97a54a
2026-10-06 18:08:17,637 [INFO] send 13933B via direct in 341ms (0.33 Mbit/s) to 22031a1118c182c9
2026-10-06 18:08:17,638 [INFO] send 13933B via direct in 341ms (0.33 Mbit/s) to 4dd8970fc25aac95
2026-10-06 18:08:17,638 [INFO] send 13933B via direct in 340ms (0.33 Mbit/s) to 7b1ef5377dc048f1
2026-10-06 18:08:17,640 [INFO] recv 13933B via direct in 302ms
2026-10-06 18:08:17,642 [INFO] [client-1] Round 13 — training locally…
2026-10-06 18:08:17,758 [INFO] [client-1] Round 13 — sending update…
2026-10-06 18:08:17,760 [INFO] recv 13933B via direct in 303ms
2026-10-06 18:08:17,763 [INFO] [client-0] Round 13 — training locally…
2026-10-06 18:08:17,857 [INFO] [client-0] Round 13 — sending update…
2026-10-06 18:08:17,860 [INFO] recv 13933B via direct in 292ms
2026-10-06 18:08:17,862 [INFO] [client-5] Round 13 — training locally…
2026-10-06 18:08:17,989 [INFO] [client-5] Round 13 — sending update…
2026-10-06 18:08:17,991 [INFO] recv 13933B via direct in 291ms
2026-10-06 18:08:17,994 [INFO] [client-4] Round 13 — training locally…
2026-10-06 18:08:18,107 [INFO] [client-4] Round 13 — sending update…
2026-10-06 18:08:18,110 [INFO] recv 13933B via direct in 289ms
2026-10-06 18:08:18,112 [INFO] [client-7] Round 13 — training locally…
2026-10-06 18:08:18,207 [INFO] [client-7] Round 13 — sending update…
2026-10-06 18:08:18,209 [INFO] recv 13933B via direct in 287ms
2026-10-06 18:08:18,211 [INFO] [client-2] Round 13 — training locally…
2026-10-06 18:08:18,376 [INFO] [client-2] Round 13 — sending update…
2026-10-06 18:08:18,379 [INFO] recv 13933B via direct in 271ms
2026-10-06 18:08:18,381 [INFO] [client-9] Round 13 — training locally…
2026-10-06 18:08:18,471 [INFO] [client-9] Round 13 — sending update…
2026-10-06 18:08:18,473 [INFO] recv 13933B via direct in 269ms
2026-10-06 18:08:18,477 [INFO] [client-8] Round 13 — training locally…
2026-10-06 18:08:18,583 [INFO] [client-8] Round 13 — sending update…
2026-10-06 18:08:18,585 [INFO] recv 13933B via direct in 267ms
2026-10-06 18:08:18,589 [INFO] [client-6] Round 13 — training locally…
2026-10-06 18:08:18,691 [INFO] [client-6] Round 13 — sending update…
2026-10-06 18:08:18,694 [INFO] send 13933B via direct in 346ms (0.32 Mbit/s) to 8b72f4aa16530d9c
2026-10-06 18:08:18,696 [INFO] Round 13 — waiting for 10 updates…
2026-10-06 18:08:18,819 [INFO] recv 13933B via direct in 121ms
2026-10-06 18:08:18,823 [INFO] recv 13933B via direct in 125ms
2026-10-06 18:08:18,828 [INFO] recv 13933B via direct in 129ms
2026-10-06 18:08:18,834 [INFO] recv 13933B via direct in 136ms
2026-10-06 18:08:18,838 [INFO] recv 13933B via direct in 140ms
2026-10-06 18:08:18,843 [INFO] recv 13933B via direct in 144ms
2026-10-06 18:08:18,847 [INFO] recv 13933B via direct in 148ms
2026-10-06 18:08:18,850 [INFO] recv 13933B via direct in 152ms
2026-10-06 18:08:18,855 [INFO] send 13933B via direct in 1230ms (0.09 Mbit/s) to bc5cd775846e7d05
2026-10-06 18:08:18,887 [INFO] [client-3] Round 13 done — loss=1.0389 acc=0.4464  1.8s
2026-10-06 18:08:18,888 [INFO] [client-3] Round 14 — receiving model…
2026-10-06 18:08:18,889 [INFO] send 13933B via direct in 1095ms (0.10 Mbit/s) to bc5cd775846e7d05
2026-10-06 18:08:18,916 [INFO] [client-1] Round 13 done — loss=1.0589 acc=0.4203  1.9s
2026-10-06 18:08:18,917 [INFO] [client-1] Round 14 — receiving model…
2026-10-06 18:08:18,918 [INFO] send 13933B via direct in 995ms (0.11 Mbit/s) to bc5cd775846e7d05
2026-10-06 18:08:18,937 [INFO] [client-0] Round 13 done — loss=1.0567 acc=0.4501  1.8s
2026-10-06 18:08:18,937 [INFO] [client-0] Round 14 — receiving model…
2026-10-06 18:08:18,938 [INFO] recv 13933B via direct in 156ms
2026-10-06 18:08:18,943 [INFO] send 13933B via direct in 950ms (0.12 Mbit/s) to bc5cd775846e7d05
2026-10-06 18:08:18,966 [INFO] [client-5] Round 13 done — loss=0.9690 acc=0.5529  1.8s
2026-10-06 18:08:18,966 [INFO] [client-5] Round 14 — receiving model…
2026-10-06 18:08:18,968 [INFO] send 13933B via direct in 832ms (0.13 Mbit/s) to bc5cd775846e7d05
2026-10-06 18:08:18,984 [INFO] [client-4] Round 13 done — loss=1.0120 acc=0.4942  1.7s
2026-10-06 18:08:18,985 [INFO] [client-4] Round 14 — receiving model…
2026-10-06 18:08:18,986 [INFO] send 13933B via direct in 733ms (0.15 Mbit/s) to bc5cd775846e7d05
2026-10-06 18:08:19,000 [INFO] [client-7] Round 13 done — loss=1.0281 acc=0.4457  1.8s
2026-10-06 18:08:19,001 [INFO] [client-7] Round 14 — receiving model…
2026-10-06 18:08:19,002 [INFO] send 13933B via direct in 564ms (0.20 Mbit/s) to bc5cd775846e7d05
2026-10-06 18:08:19,021 [INFO] [client-2] Round 13 done — loss=0.9594 acc=0.5275  1.9s
2026-10-06 18:08:19,022 [INFO] [client-2] Round 14 — receiving model…
2026-10-06 18:08:19,023 [INFO] send 13933B via direct in 469ms (0.24 Mbit/s) to bc5cd775846e7d05
2026-10-06 18:08:19,045 [INFO] [client-9] Round 13 done — loss=1.0125 acc=0.5190  1.9s
2026-10-06 18:08:19,046 [INFO] [client-9] Round 14 — receiving model…
2026-10-06 18:08:19,047 [INFO] send 13933B via direct in 358ms (0.31 Mbit/s) to bc5cd775846e7d05
2026-10-06 18:08:19,068 [INFO] [client-8] Round 13 done — loss=0.7632 acc=0.7146  2.0s
2026-10-06 18:08:19,069 [INFO] [client-8] Round 14 — receiving model…
2026-10-06 18:08:19,070 [INFO] send 13933B via direct in 249ms (0.45 Mbit/s) to bc5cd775846e7d05
2026-10-06 18:08:19,089 [INFO] [client-6] Round 13 done — loss=1.0150 acc=0.4882  2.0s
2026-10-06 18:08:19,090 [INFO] [client-6] Round 14 — receiving model…
2026-10-06 18:08:19,091 [INFO] recv 13933B via direct in 140ms
2026-10-06 18:08:19,112 [INFO] Round 13/20  acc=0.4597  loss=1.0623  1.8s  clients=10
2026-10-06 18:08:19,113 [INFO] Round 14 — sending model to 10 clients…
2026-10-06 18:08:19,299 [INFO] recv 13933B via direct in 141ms
2026-10-06 18:08:19,301 [INFO] [client-5] Round 14 — training locally…
2026-10-06 18:08:19,419 [INFO] [client-5] Round 14 — sending update…
2026-10-06 18:08:19,426 [INFO] send 13933B via direct in 306ms (0.37 Mbit/s) to 70214bff7b7a46e8
2026-10-06 18:08:19,427 [INFO] send 13933B via direct in 307ms (0.36 Mbit/s) to 7b1ef5377dc048f1
2026-10-06 18:08:19,428 [INFO] send 13933B via direct in 303ms (0.37 Mbit/s) to 8b72f4aa16530d9c
2026-10-06 18:08:19,429 [INFO] send 13933B via direct in 303ms (0.37 Mbit/s) to 6d53636bc4b4f882
2026-10-06 18:08:19,429 [INFO] send 13933B via direct in 302ms (0.37 Mbit/s) to 0155ef226c97a54a
2026-10-06 18:08:19,430 [INFO] send 13933B via direct in 302ms (0.37 Mbit/s) to 30ca87557cd5ad7d
2026-10-06 18:08:19,432 [INFO] recv 13933B via direct in 266ms
2026-10-06 18:08:19,434 [INFO] [client-6] Round 14 — training locally…
2026-10-06 18:08:19,552 [INFO] [client-6] Round 14 — sending update…
2026-10-06 18:08:19,554 [INFO] recv 13933B via direct in 261ms
2026-10-06 18:08:19,559 [INFO] [client-9] Round 14 — training locally…
2026-10-06 18:08:19,679 [INFO] [client-9] Round 14 — sending update…
2026-10-06 18:08:19,681 [INFO] recv 13933B via direct in 259ms
2026-10-06 18:08:19,683 [INFO] [client-3] Round 14 — training locally…
2026-10-06 18:08:19,820 [INFO] [client-3] Round 14 — sending update…
2026-10-06 18:08:19,887 [INFO] recv 13933B via direct in 249ms
2026-10-06 18:08:19,889 [INFO] [client-8] Round 14 — training locally…
2026-10-06 18:08:20,054 [INFO] [client-8] Round 14 — sending update…
2026-10-06 18:08:20,063 [INFO] recv 13933B via direct in 239ms
2026-10-06 18:08:20,066 [INFO] [client-4] Round 14 — training locally…
2026-10-06 18:08:22,266 [INFO] [client-4] Round 14 — sending update…
2026-10-06 18:08:22,269 [INFO] recv 13933B via direct in 237ms
2026-10-06 18:08:22,273 [INFO] [client-1] Round 14 — training locally…
2026-10-06 18:08:22,406 [INFO] [client-1] Round 14 — sending update…
2026-10-06 18:08:22,409 [INFO] recv 13933B via direct in 227ms
2026-10-06 18:08:22,412 [INFO] [client-0] Round 14 — training locally…
2026-10-06 18:08:22,520 [INFO] [client-0] Round 14 — sending update…
2026-10-06 18:08:22,523 [INFO] recv 13933B via direct in 226ms
2026-10-06 18:08:22,526 [INFO] [client-7] Round 14 — training locally…
2026-10-06 18:08:22,705 [INFO] [client-7] Round 14 — sending update…
2026-10-06 18:08:22,708 [INFO] send 13933B via direct in 305ms (0.37 Mbit/s) to 22031a1118c182c9
2026-10-06 18:08:22,709 [INFO] send 13933B via direct in 305ms (0.37 Mbit/s) to 308efeac0f84360c
2026-10-06 18:08:22,710 [INFO] send 13933B via direct in 304ms (0.37 Mbit/s) to 0a4d9661e62a0d71
2026-10-06 18:08:22,710 [INFO] send 13933B via direct in 305ms (0.37 Mbit/s) to 4dd8970fc25aac95
2026-10-06 18:08:22,711 [INFO] recv 13933B via direct in 217ms
2026-10-06 18:08:22,713 [INFO] [client-2] Round 14 — training locally…
2026-10-06 18:08:22,824 [INFO] [client-2] Round 14 — sending update…
2026-10-06 18:08:22,827 [INFO] Round 14 — waiting for 10 updates…
2026-10-06 18:08:22,946 [INFO] recv 13933B via direct in 117ms
2026-10-06 18:08:22,950 [INFO] recv 13933B via direct in 121ms
2026-10-06 18:08:22,954 [INFO] recv 13933B via direct in 125ms
2026-10-06 18:08:22,958 [INFO] recv 13933B via direct in 129ms
2026-10-06 18:08:22,965 [INFO] recv 13933B via direct in 136ms
2026-10-06 18:08:22,969 [INFO] recv 13933B via direct in 140ms
2026-10-06 18:08:22,973 [INFO] recv 13933B via direct in 144ms
2026-10-06 18:08:22,977 [INFO] recv 13933B via direct in 148ms
2026-10-06 18:08:22,982 [INFO] recv 13933B via direct in 153ms
2026-10-06 18:08:22,986 [INFO] send 13933B via direct in 1497ms (0.07 Mbit/s) to bc5cd775846e7d05
2026-10-06 18:08:23,015 [INFO] [client-5] Round 14 done — loss=0.9761 acc=0.5556  2.0s
2026-10-06 18:08:23,016 [INFO] [client-5] Round 15 — receiving model…
2026-10-06 18:08:23,017 [INFO] send 13933B via direct in 1363ms (0.08 Mbit/s) to bc5cd775846e7d05
2026-10-06 18:08:23,034 [INFO] [client-6] Round 14 done — loss=1.0130 acc=0.4903  1.9s
2026-10-06 18:08:23,035 [INFO] [client-6] Round 15 — receiving model…
2026-10-06 18:08:23,036 [INFO] send 13933B via direct in 1237ms (0.09 Mbit/s) to bc5cd775846e7d05
2026-10-06 18:08:23,052 [INFO] [client-9] Round 14 done — loss=1.0095 acc=0.5235  1.9s
2026-10-06 18:08:23,053 [INFO] [client-9] Round 15 — receiving model…
2026-10-06 18:08:23,054 [INFO] send 13933B via direct in 1032ms (0.11 Mbit/s) to bc5cd775846e7d05
2026-10-06 18:08:23,074 [INFO] [client-3] Round 14 done — loss=1.0399 acc=0.4564  2.1s
2026-10-06 18:08:23,075 [INFO] [client-3] Round 15 — receiving model…
2026-10-06 18:08:23,079 [INFO] send 13933B via direct in 947ms (0.12 Mbit/s) to bc5cd775846e7d05
2026-10-06 18:08:23,103 [INFO] [client-8] Round 14 done — loss=0.7631 acc=0.7119  2.0s
2026-10-06 18:08:23,104 [INFO] [client-8] Round 15 — receiving model…
2026-10-06 18:08:23,105 [INFO] send 13933B via direct in 808ms (0.14 Mbit/s) to bc5cd775846e7d05
2026-10-06 18:08:23,129 [INFO] [client-4] Round 14 done — loss=1.0115 acc=0.4911  2.1s
2026-10-06 18:08:23,130 [INFO] [client-4] Round 15 — receiving model…
2026-10-06 18:08:23,131 [INFO] send 13933B via direct in 669ms (0.17 Mbit/s) to bc5cd775846e7d05
2026-10-06 18:08:23,150 [INFO] [client-1] Round 14 done — loss=1.0573 acc=0.4248  2.2s
2026-10-06 18:08:23,151 [INFO] [client-1] Round 15 — receiving model…
2026-10-06 18:08:23,152 [INFO] send 13933B via direct in 554ms (0.20 Mbit/s) to bc5cd775846e7d05
2026-10-06 18:08:23,171 [INFO] [client-0] Round 14 done — loss=1.0506 acc=0.4562  2.2s
2026-10-06 18:08:23,172 [INFO] [client-0] Round 15 — receiving model…
2026-10-06 18:08:23,173 [INFO] send 13933B via direct in 370ms (0.30 Mbit/s) to bc5cd775846e7d05
2026-10-06 18:08:23,206 [INFO] [client-7] Round 14 done — loss=1.0277 acc=0.4499  2.1s
2026-10-06 18:08:23,207 [INFO] [client-7] Round 15 — receiving model…
2026-10-06 18:08:23,209 [INFO] send 13933B via direct in 252ms (0.44 Mbit/s) to bc5cd775846e7d05
2026-10-06 18:08:23,242 [INFO] [client-2] Round 14 done — loss=0.9626 acc=0.5261  2.2s
2026-10-06 18:08:23,242 [INFO] [client-2] Round 15 — receiving model…
2026-10-06 18:08:23,244 [INFO] recv 13933B via direct in 145ms
2026-10-06 18:08:23,278 [INFO] Round 14/20  acc=0.4684  loss=1.0566  2.1s  clients=10
2026-10-06 18:08:23,279 [INFO] Round 15 — sending model to 10 clients…
2026-10-06 18:08:23,453 [INFO] recv 13933B via direct in 125ms
2026-10-06 18:08:23,456 [INFO] [client-2] Round 15 — training locally…
2026-10-06 18:08:23,576 [INFO] [client-2] Round 15 — sending update…
2026-10-06 18:08:23,585 [INFO] send 13933B via direct in 298ms (0.37 Mbit/s) to 30ca87557cd5ad7d
2026-10-06 18:08:23,587 [INFO] send 13933B via direct in 297ms (0.38 Mbit/s) to 22031a1118c182c9
2026-10-06 18:08:23,588 [INFO] send 13933B via direct in 296ms (0.38 Mbit/s) to 8b72f4aa16530d9c
2026-10-06 18:08:23,588 [INFO] send 13933B via direct in 296ms (0.38 Mbit/s) to 4dd8970fc25aac95
2026-10-06 18:08:23,589 [INFO] send 13933B via direct in 295ms (0.38 Mbit/s) to 70214bff7b7a46e8
2026-10-06 18:08:23,590 [INFO] send 13933B via direct in 294ms (0.38 Mbit/s) to 308efeac0f84360c
2026-10-06 18:08:23,591 [INFO] send 13933B via direct in 293ms (0.38 Mbit/s) to 7b1ef5377dc048f1
2026-10-06 18:08:23,591 [INFO] send 13933B via direct in 293ms (0.38 Mbit/s) to 0155ef226c97a54a
2026-10-06 18:08:23,593 [INFO] send 13933B via direct in 297ms (0.38 Mbit/s) to 0a4d9661e62a0d71
2026-10-06 18:08:23,594 [INFO] send 13933B via direct in 293ms (0.38 Mbit/s) to 6d53636bc4b4f882
2026-10-06 18:08:23,594 [INFO] recv 13933B via direct in 251ms
2026-10-06 18:08:23,596 [INFO] [client-1] Round 15 — training locally…
2026-10-06 18:08:23,720 [INFO] [client-1] Round 15 — sending update…
2026-10-06 18:08:23,723 [INFO] recv 13933B via direct in 254ms
2026-10-06 18:08:23,726 [INFO] [client-4] Round 15 — training locally…
2026-10-06 18:08:23,835 [INFO] [client-4] Round 15 — sending update…
2026-10-06 18:08:23,837 [INFO] recv 13933B via direct in 241ms
2026-10-06 18:08:23,841 [INFO] [client-8] Round 15 — training locally…
2026-10-06 18:08:23,966 [INFO] [client-8] Round 15 — sending update…
2026-10-06 18:08:23,969 [INFO] recv 13933B via direct in 239ms
2026-10-06 18:08:23,972 [INFO] [client-5] Round 15 — training locally…
2026-10-06 18:08:24,096 [INFO] [client-5] Round 15 — sending update…
2026-10-06 18:08:24,098 [INFO] recv 13933B via direct in 238ms
2026-10-06 18:08:24,100 [INFO] [client-0] Round 15 — training locally…
2026-10-06 18:08:24,211 [INFO] [client-0] Round 15 — sending update…
2026-10-06 18:08:24,214 [INFO] recv 13933B via direct in 236ms
2026-10-06 18:08:24,217 [INFO] [client-3] Round 15 — training locally…
2026-10-06 18:08:24,383 [INFO] [client-3] Round 15 — sending update…
2026-10-06 18:08:24,386 [INFO] recv 13933B via direct in 234ms
2026-10-06 18:08:24,390 [INFO] [client-6] Round 15 — training locally…
2026-10-06 18:08:24,496 [INFO] [client-6] Round 15 — sending update…
2026-10-06 18:08:24,499 [INFO] recv 13933B via direct in 232ms
2026-10-06 18:08:24,503 [INFO] [client-7] Round 15 — training locally…
2026-10-06 18:08:24,651 [INFO] [client-7] Round 15 — sending update…
2026-10-06 18:08:24,653 [INFO] recv 13933B via direct in 257ms
2026-10-06 18:08:24,659 [INFO] [client-9] Round 15 — training locally…
2026-10-06 18:08:24,807 [INFO] [client-9] Round 15 — sending update…
2026-10-06 18:08:24,810 [INFO] Round 15 — waiting for 10 updates…
2026-10-06 18:08:24,934 [INFO] recv 13933B via direct in 121ms
2026-10-06 18:08:24,938 [INFO] recv 13933B via direct in 125ms
2026-10-06 18:08:24,945 [INFO] recv 13933B via direct in 131ms
2026-10-06 18:08:24,948 [INFO] recv 13933B via direct in 134ms
2026-10-06 18:08:24,953 [INFO] recv 13933B via direct in 138ms
2026-10-06 18:08:24,957 [INFO] recv 13933B via direct in 142ms
2026-10-06 18:08:24,961 [INFO] recv 13933B via direct in 146ms
2026-10-06 18:08:24,965 [INFO] recv 13933B via direct in 150ms
2026-10-06 18:08:24,969 [INFO] recv 13933B via direct in 154ms
2026-10-06 18:08:24,973 [INFO] send 13933B via direct in 1393ms (0.08 Mbit/s) to bc5cd775846e7d05
2026-10-06 18:08:24,987 [INFO] [client-2] Round 15 done — loss=0.9620 acc=0.5278  1.7s
2026-10-06 18:08:24,988 [INFO] [client-2] Round 16 — receiving model…
2026-10-06 18:08:24,989 [INFO] send 13933B via direct in 1249ms (0.09 Mbit/s) to bc5cd775846e7d05
2026-10-06 18:08:25,004 [INFO] [client-1] Round 15 done — loss=1.0625 acc=0.4183  1.9s
2026-10-06 18:08:25,031 [INFO] [client-1] Round 16 — receiving model…
2026-10-06 18:08:25,034 [INFO] send 13933B via direct in 1195ms (0.09 Mbit/s) to bc5cd775846e7d05
2026-10-06 18:08:25,075 [INFO] [client-4] Round 15 done — loss=1.0169 acc=0.4921  1.9s
2026-10-06 18:08:25,077 [INFO] [client-4] Round 16 — receiving model…
2026-10-06 18:08:25,079 [INFO] send 13933B via direct in 1064ms (0.11 Mbit/s) to bc5cd775846e7d05
2026-10-06 18:08:25,150 [INFO] [client-8] Round 15 done — loss=0.7587 acc=0.7146  2.0s
2026-10-06 18:08:25,151 [INFO] [client-8] Round 16 — receiving model…
2026-10-06 18:08:25,153 [INFO] send 13933B via direct in 935ms (0.12 Mbit/s) to bc5cd775846e7d05
2026-10-06 18:08:25,234 [INFO] [client-5] Round 15 done — loss=0.9682 acc=0.5666  2.2s
2026-10-06 18:08:25,236 [INFO] [client-5] Round 16 — receiving model…
2026-10-06 18:08:25,237 [INFO] send 13933B via direct in 819ms (0.14 Mbit/s) to bc5cd775846e7d05
2026-10-06 18:08:25,267 [INFO] [client-0] Round 15 done — loss=1.0487 acc=0.4674  2.1s
2026-10-06 18:08:25,268 [INFO] [client-0] Round 16 — receiving model…
2026-10-06 18:08:25,269 [INFO] send 13933B via direct in 647ms (0.17 Mbit/s) to bc5cd775846e7d05
2026-10-06 18:08:25,297 [INFO] [client-3] Round 15 done — loss=1.0421 acc=0.4581  2.2s
2026-10-06 18:08:25,298 [INFO] [client-3] Round 16 — receiving model…
2026-10-06 18:08:25,299 [INFO] send 13933B via direct in 534ms (0.21 Mbit/s) to bc5cd775846e7d05
2026-10-06 18:08:25,323 [INFO] [client-6] Round 15 done — loss=1.0147 acc=0.4809  2.3s
2026-10-06 18:08:25,324 [INFO] [client-6] Round 16 — receiving model…
2026-10-06 18:08:25,325 [INFO] send 13933B via direct in 380ms (0.29 Mbit/s) to bc5cd775846e7d05
2026-10-06 18:08:25,342 [INFO] [client-7] Round 15 done — loss=1.0266 acc=0.4468  2.1s
2026-10-06 18:08:25,343 [INFO] [client-7] Round 16 — receiving model…
2026-10-06 18:08:25,344 [INFO] recv 13933B via direct in 113ms
2026-10-06 18:08:25,372 [INFO] Round 15/20  acc=0.4656  loss=1.0617  2.1s  clients=10
2026-10-06 18:08:25,373 [INFO] Round 16 — sending model to 10 clients…
2026-10-06 18:08:25,374 [INFO] send 13933B via direct in 225ms (0.50 Mbit/s) to bc5cd775846e7d05
2026-10-06 18:08:25,408 [INFO] [client-9] Round 15 done — loss=1.0092 acc=0.5256  2.4s
2026-10-06 18:08:25,409 [INFO] [client-9] Round 16 — receiving model…
2026-10-06 18:08:25,583 [INFO] recv 13933B via direct in 122ms
2026-10-06 18:08:25,585 [INFO] [client-6] Round 16 — training locally…
2026-10-06 18:08:26,267 [INFO] [client-6] Round 16 — sending update…
2026-10-06 18:08:26,277 [INFO] send 13933B via direct in 860ms (0.13 Mbit/s) to 7b1ef5377dc048f1
2026-10-06 18:08:26,279 [INFO] send 13933B via direct in 858ms (0.13 Mbit/s) to 6d53636bc4b4f882
2026-10-06 18:08:26,280 [INFO] send 13933B via direct in 856ms (0.13 Mbit/s) to 30ca87557cd5ad7d
2026-10-06 18:08:26,281 [INFO] send 13933B via direct in 856ms (0.13 Mbit/s) to 0a4d9661e62a0d71
2026-10-06 18:08:26,282 [INFO] send 13933B via direct in 854ms (0.13 Mbit/s) to 70214bff7b7a46e8
2026-10-06 18:08:26,283 [INFO] send 13933B via direct in 854ms (0.13 Mbit/s) to 4dd8970fc25aac95
2026-10-06 18:08:26,284 [INFO] send 13933B via direct in 856ms (0.13 Mbit/s) to 22031a1118c182c9
2026-10-06 18:08:26,285 [INFO] send 13933B via direct in 854ms (0.13 Mbit/s) to 8b72f4aa16530d9c
2026-10-06 18:08:26,286 [INFO] send 13933B via direct in 853ms (0.13 Mbit/s) to 308efeac0f84360c
2026-10-06 18:08:26,287 [INFO] send 13933B via direct in 853ms (0.13 Mbit/s) to 0155ef226c97a54a
2026-10-06 18:08:26,289 [INFO] Round 16 — waiting for 10 updates…
2026-10-06 18:08:26,290 [INFO] recv 13933B via direct in 812ms
2026-10-06 18:08:26,294 [INFO] [client-2] Round 16 — training locally…
2026-10-06 18:08:26,499 [INFO] [client-2] Round 16 — sending update…
2026-10-06 18:08:26,501 [INFO] recv 13933B via direct in 812ms
2026-10-06 18:08:26,504 [INFO] [client-4] Round 16 — training locally…
2026-10-06 18:08:26,657 [INFO] [client-4] Round 16 — sending update…
2026-10-06 18:08:26,660 [INFO] recv 13933B via direct in 810ms
2026-10-06 18:08:26,662 [INFO] [client-9] Round 16 — training locally…
2026-10-06 18:08:26,823 [INFO] [client-9] Round 16 — sending update…
2026-10-06 18:08:26,836 [INFO] recv 13933B via direct in 815ms
2026-10-06 18:08:26,847 [INFO] [client-0] Round 16 — training locally…
2026-10-06 18:08:27,229 [INFO] [client-0] Round 16 — sending update…
2026-10-06 18:08:27,234 [INFO] recv 13933B via direct in 792ms
2026-10-06 18:08:27,239 [INFO] [client-5] Round 16 — training locally…
2026-10-06 18:08:27,516 [INFO] [client-5] Round 16 — sending update…
2026-10-06 18:08:27,520 [INFO] recv 13933B via direct in 791ms
2026-10-06 18:08:27,523 [INFO] [client-8] Round 16 — training locally…
2026-10-06 18:08:27,661 [INFO] [client-8] Round 16 — sending update…
2026-10-06 18:08:27,665 [INFO] recv 13933B via direct in 781ms
2026-10-06 18:08:27,668 [INFO] [client-1] Round 16 — training locally…
2026-10-06 18:08:28,108 [INFO] [client-1] Round 16 — sending update…
2026-10-06 18:08:28,111 [INFO] recv 13933B via direct in 779ms
2026-10-06 18:08:28,116 [INFO] [client-3] Round 16 — training locally…
2026-10-06 18:08:29,022 [INFO] [client-3] Round 16 — sending update…
2026-10-06 18:08:29,024 [INFO] recv 13933B via direct in 777ms
2026-10-06 18:08:29,026 [INFO] [client-7] Round 16 — training locally…
2026-10-06 18:08:29,154 [INFO] [client-7] Round 16 — sending update…
2026-10-06 18:08:29,285 [INFO] recv 13933B via direct in 121ms
2026-10-06 18:08:29,291 [INFO] recv 13933B via direct in 127ms
2026-10-06 18:08:29,295 [INFO] recv 13933B via direct in 131ms
2026-10-06 18:08:29,302 [INFO] recv 13933B via direct in 137ms
2026-10-06 18:08:29,306 [INFO] recv 13933B via direct in 142ms
2026-10-06 18:08:29,310 [INFO] recv 13933B via direct in 146ms
2026-10-06 18:08:29,314 [INFO] recv 13933B via direct in 149ms
2026-10-06 18:08:29,318 [INFO] recv 13933B via direct in 153ms
2026-10-06 18:08:29,324 [INFO] send 13933B via direct in 3053ms (0.04 Mbit/s) to bc5cd775846e7d05
2026-10-06 18:08:29,359 [INFO] [client-6] Round 16 done — loss=1.0127 acc=0.4885  4.0s
2026-10-06 18:08:29,360 [INFO] [client-6] Round 17 — receiving model…
2026-10-06 18:08:29,362 [INFO] send 13933B via direct in 2822ms (0.04 Mbit/s) to bc5cd775846e7d05
2026-10-06 18:08:29,415 [INFO] [client-2] Round 16 done — loss=0.9536 acc=0.5302  4.4s
2026-10-06 18:08:29,416 [INFO] [client-2] Round 17 — receiving model…
2026-10-06 18:08:29,418 [INFO] recv 13933B via direct in 159ms
2026-10-06 18:08:29,433 [INFO] send 13933B via direct in 2763ms (0.04 Mbit/s) to bc5cd775846e7d05
2026-10-06 18:08:29,526 [INFO] [client-4] Round 16 done — loss=1.0199 acc=0.4863  4.4s
2026-10-06 18:08:29,528 [INFO] [client-4] Round 17 — receiving model…
2026-10-06 18:08:29,529 [INFO] send 13933B via direct in 2587ms (0.04 Mbit/s) to bc5cd775846e7d05
2026-10-06 18:08:29,575 [INFO] [client-9] Round 16 done — loss=1.0100 acc=0.5249  4.2s
2026-10-06 18:08:29,576 [INFO] [client-9] Round 17 — receiving model…
2026-10-06 18:08:29,579 [INFO] send 13933B via direct in 2190ms (0.05 Mbit/s) to bc5cd775846e7d05
2026-10-06 18:08:29,611 [INFO] [client-0] Round 16 done — loss=1.0522 acc=0.4575  4.3s
2026-10-06 18:08:29,612 [INFO] [client-0] Round 17 — receiving model…
2026-10-06 18:08:29,614 [INFO] send 13933B via direct in 1912ms (0.06 Mbit/s) to bc5cd775846e7d05
2026-10-06 18:08:29,780 [INFO] [client-5] Round 16 done — loss=0.9703 acc=0.5580  4.5s
2026-10-06 18:08:29,785 [INFO] [client-5] Round 17 — receiving model…
2026-10-06 18:08:29,789 [INFO] send 13933B via direct in 1766ms (0.06 Mbit/s) to bc5cd775846e7d05
2026-10-06 18:08:29,861 [INFO] [client-8] Round 16 done — loss=0.7617 acc=0.7122  4.7s
2026-10-06 18:08:29,862 [INFO] [client-8] Round 17 — receiving model…
2026-10-06 18:08:29,863 [INFO] send 13933B via direct in 1321ms (0.08 Mbit/s) to bc5cd775846e7d05
2026-10-06 18:08:29,894 [INFO] [client-1] Round 16 done — loss=1.0578 acc=0.4241  4.9s
2026-10-06 18:08:29,896 [INFO] [client-1] Round 17 — receiving model…
2026-10-06 18:08:29,897 [INFO] send 13933B via direct in 408ms (0.27 Mbit/s) to bc5cd775846e7d05
2026-10-06 18:08:29,928 [INFO] [client-3] Round 16 done — loss=1.0401 acc=0.4536  4.6s
2026-10-06 18:08:29,929 [INFO] [client-3] Round 17 — receiving model…
2026-10-06 18:08:29,930 [INFO] send 13933B via direct in 273ms (0.41 Mbit/s) to bc5cd775846e7d05
2026-10-06 18:08:29,958 [INFO] [client-7] Round 16 done — loss=1.0294 acc=0.4454  4.6s
2026-10-06 18:08:29,959 [INFO] [client-7] Round 17 — receiving model…
2026-10-06 18:08:29,960 [INFO] recv 13933B via direct in 162ms
2026-10-06 18:08:30,119 [INFO] Round 16/20  acc=0.4673  loss=1.0592  4.7s  clients=10
2026-10-06 18:08:30,123 [INFO] Round 17 — sending model to 10 clients…
2026-10-06 18:08:30,302 [INFO] recv 13933B via direct in 122ms
2026-10-06 18:08:30,306 [INFO] [client-2] Round 17 — training locally…
2026-10-06 18:08:30,462 [INFO] [client-2] Round 17 — sending update…
2026-10-06 18:08:30,474 [INFO] send 13933B via direct in 335ms (0.33 Mbit/s) to 30ca87557cd5ad7d
2026-10-06 18:08:30,476 [INFO] send 13933B via direct in 334ms (0.33 Mbit/s) to 0155ef226c97a54a
2026-10-06 18:08:30,477 [INFO] send 13933B via direct in 333ms (0.34 Mbit/s) to 7b1ef5377dc048f1
2026-10-06 18:08:30,478 [INFO] send 13933B via direct in 329ms (0.34 Mbit/s) to 70214bff7b7a46e8
2026-10-06 18:08:30,479 [INFO] send 13933B via direct in 333ms (0.34 Mbit/s) to 0a4d9661e62a0d71
2026-10-06 18:08:30,480 [INFO] send 13933B via direct in 332ms (0.34 Mbit/s) to 8b72f4aa16530d9c
2026-10-06 18:08:30,480 [INFO] send 13933B via direct in 329ms (0.34 Mbit/s) to 22031a1118c182c9
2026-10-06 18:08:30,481 [INFO] send 13933B via direct in 326ms (0.34 Mbit/s) to 6d53636bc4b4f882
2026-10-06 18:08:30,481 [INFO] send 13933B via direct in 325ms (0.34 Mbit/s) to 308efeac0f84360c
2026-10-06 18:08:30,482 [INFO] send 13933B via direct in 324ms (0.35 Mbit/s) to 4dd8970fc25aac95
2026-10-06 18:08:30,484 [INFO] recv 13933B via direct in 285ms
2026-10-06 18:08:30,486 [INFO] [client-6] Round 17 — training locally…
2026-10-06 18:08:30,597 [INFO] [client-6] Round 17 — sending update…
2026-10-06 18:08:30,599 [INFO] recv 13933B via direct in 280ms
2026-10-06 18:08:30,601 [INFO] [client-4] Round 17 — training locally…
2026-10-06 18:08:30,702 [INFO] [client-4] Round 17 — sending update…
2026-10-06 18:08:30,705 [INFO] recv 13933B via direct in 285ms
2026-10-06 18:08:30,707 [INFO] [client-7] Round 17 — training locally…
2026-10-06 18:08:30,818 [INFO] [client-7] Round 17 — sending update…
2026-10-06 18:08:30,822 [INFO] recv 13933B via direct in 277ms
2026-10-06 18:08:30,825 [INFO] [client-1] Round 17 — training locally…
2026-10-06 18:08:30,937 [INFO] [client-1] Round 17 — sending update…
2026-10-06 18:08:30,939 [INFO] recv 13933B via direct in 266ms
2026-10-06 18:08:30,942 [INFO] [client-5] Round 17 — training locally…
2026-10-06 18:08:31,047 [INFO] [client-5] Round 17 — sending update…
2026-10-06 18:08:31,050 [INFO] recv 13933B via direct in 264ms
2026-10-06 18:08:31,054 [INFO] [client-9] Round 17 — training locally…
2026-10-06 18:08:31,159 [INFO] [client-9] Round 17 — sending update…
2026-10-06 18:08:31,161 [INFO] recv 13933B via direct in 261ms
2026-10-06 18:08:31,163 [INFO] [client-0] Round 17 — training locally…
2026-10-06 18:08:31,246 [INFO] [client-0] Round 17 — sending update…
2026-10-06 18:08:31,249 [INFO] recv 13933B via direct in 213ms
2026-10-06 18:08:31,252 [INFO] [client-3] Round 17 — training locally…
2026-10-06 18:08:31,364 [INFO] [client-3] Round 17 — sending update…
2026-10-06 18:08:31,367 [INFO] recv 13933B via direct in 198ms
2026-10-06 18:08:31,369 [INFO] [client-8] Round 17 — training locally…
2026-10-06 18:08:31,471 [INFO] [client-8] Round 17 — sending update…
2026-10-06 18:08:31,474 [INFO] Round 17 — waiting for 10 updates…
2026-10-06 18:08:31,634 [INFO] recv 13933B via direct in 133ms
2026-10-06 18:08:31,653 [INFO] recv 13933B via direct in 139ms
2026-10-06 18:08:31,668 [INFO] recv 13933B via direct in 155ms
2026-10-06 18:08:31,673 [INFO] send 13933B via direct in 1199ms (0.09 Mbit/s) to bc5cd775846e7d05
2026-10-06 18:08:31,705 [INFO] [client-2] Round 17 done — loss=0.9537 acc=0.5374  2.3s
2026-10-06 18:08:31,706 [INFO] [client-2] Round 18 — receiving model…
2026-10-06 18:08:31,708 [INFO] recv 13933B via direct in 186ms
2026-10-06 18:08:31,711 [INFO] recv 13933B via direct in 186ms
2026-10-06 18:08:31,716 [INFO] send 13933B via direct in 1067ms (0.10 Mbit/s) to bc5cd775846e7d05
2026-10-06 18:08:31,736 [INFO] [client-6] Round 17 done — loss=1.0107 acc=0.4972  2.4s
2026-10-06 18:08:31,737 [INFO] [client-6] Round 18 — receiving model…
2026-10-06 18:08:31,738 [INFO] send 13933B via direct in 961ms (0.12 Mbit/s) to bc5cd775846e7d05
2026-10-06 18:08:31,762 [INFO] [client-4] Round 17 done — loss=1.0098 acc=0.4928  2.2s
2026-10-06 18:08:31,762 [INFO] [client-4] Round 18 — receiving model…
2026-10-06 18:08:31,763 [INFO] send 13933B via direct in 845ms (0.13 Mbit/s) to bc5cd775846e7d05
2026-10-06 18:08:31,783 [INFO] [client-7] Round 17 done — loss=1.0283 acc=0.4444  1.8s
2026-10-06 18:08:31,784 [INFO] [client-7] Round 18 — receiving model…
2026-10-06 18:08:31,785 [INFO] send 13933B via direct in 729ms (0.15 Mbit/s) to bc5cd775846e7d05
2026-10-06 18:08:31,801 [INFO] [client-1] Round 17 done — loss=1.0553 acc=0.4258  1.9s
2026-10-06 18:08:31,802 [INFO] [client-1] Round 18 — receiving model…
2026-10-06 18:08:31,804 [INFO] send 13933B via direct in 618ms (0.18 Mbit/s) to bc5cd775846e7d05
2026-10-06 18:08:31,839 [INFO] [client-5] Round 17 done — loss=0.9610 acc=0.5601  2.1s
2026-10-06 18:08:31,840 [INFO] [client-5] Round 18 — receiving model…
2026-10-06 18:08:31,841 [INFO] send 13933B via direct in 507ms (0.22 Mbit/s) to bc5cd775846e7d05
2026-10-06 18:08:31,861 [INFO] [client-9] Round 17 done — loss=1.0123 acc=0.5197  2.3s
2026-10-06 18:08:31,862 [INFO] [client-9] Round 18 — receiving model…
2026-10-06 18:08:31,863 [INFO] send 13933B via direct in 419ms (0.27 Mbit/s) to bc5cd775846e7d05
2026-10-06 18:08:31,883 [INFO] [client-0] Round 17 done — loss=1.0452 acc=0.4661  2.3s
2026-10-06 18:08:31,884 [INFO] [client-0] Round 18 — receiving model…
2026-10-06 18:08:31,885 [INFO] recv 13933B via direct in 189ms
2026-10-06 18:08:31,887 [INFO] send 13933B via direct in 301ms (0.37 Mbit/s) to bc5cd775846e7d05
2026-10-06 18:08:31,912 [INFO] [client-3] Round 17 done — loss=1.0344 acc=0.4471  2.0s
2026-10-06 18:08:31,913 [INFO] [client-3] Round 18 — receiving model…
2026-10-06 18:08:31,914 [INFO] send 13933B via direct in 194ms (0.58 Mbit/s) to bc5cd775846e7d05
2026-10-06 18:08:31,938 [INFO] [client-8] Round 17 done — loss=0.7579 acc=0.7084  2.1s
2026-10-06 18:08:31,939 [INFO] [client-8] Round 18 — receiving model…
2026-10-06 18:08:31,940 [INFO] recv 13933B via direct in 195ms
2026-10-06 18:08:31,942 [INFO] recv 13933B via direct in 195ms
2026-10-06 18:08:31,943 [INFO] recv 13933B via direct in 196ms
2026-10-06 18:08:31,947 [INFO] recv 13933B via direct in 122ms
2026-10-06 18:08:31,968 [INFO] Round 17/20  acc=0.4653  loss=1.0608  1.8s  clients=10
2026-10-06 18:08:31,969 [INFO] Round 18 — sending model to 10 clients…
2026-10-06 18:08:32,143 [INFO] recv 13933B via direct in 130ms
2026-10-06 18:08:32,159 [INFO] [client-3] Round 18 — training locally…
2026-10-06 18:08:32,308 [INFO] [client-3] Round 18 — sending update…
2026-10-06 18:08:32,320 [INFO] send 13933B via direct in 342ms (0.33 Mbit/s) to 308efeac0f84360c
2026-10-06 18:08:32,322 [INFO] send 13933B via direct in 341ms (0.33 Mbit/s) to 7b1ef5377dc048f1
2026-10-06 18:08:32,323 [INFO] send 13933B via direct in 339ms (0.33 Mbit/s) to 70214bff7b7a46e8
2026-10-06 18:08:32,324 [INFO] send 13933B via direct in 338ms (0.33 Mbit/s) to 0a4d9661e62a0d71
2026-10-06 18:08:32,325 [INFO] send 13933B via direct in 337ms (0.33 Mbit/s) to 4dd8970fc25aac95
2026-10-06 18:08:32,326 [INFO] send 13933B via direct in 336ms (0.33 Mbit/s) to 30ca87557cd5ad7d
2026-10-06 18:08:32,327 [INFO] send 13933B via direct in 336ms (0.33 Mbit/s) to 8b72f4aa16530d9c
2026-10-06 18:08:32,329 [INFO] send 13933B via direct in 340ms (0.33 Mbit/s) to 22031a1118c182c9
2026-10-06 18:08:32,330 [INFO] send 13933B via direct in 337ms (0.33 Mbit/s) to 6d53636bc4b4f882
2026-10-06 18:08:32,331 [INFO] recv 13933B via direct in 298ms
2026-10-06 18:08:32,333 [INFO] [client-7] Round 18 — training locally…
2026-10-06 18:08:32,456 [INFO] [client-7] Round 18 — sending update…
2026-10-06 18:08:32,458 [INFO] recv 13933B via direct in 305ms
2026-10-06 18:08:32,462 [INFO] [client-6] Round 18 — training locally…
2026-10-06 18:08:32,579 [INFO] [client-6] Round 18 — sending update…
2026-10-06 18:08:32,582 [INFO] recv 13933B via direct in 287ms
2026-10-06 18:08:32,584 [INFO] [client-9] Round 18 — training locally…
2026-10-06 18:08:32,685 [INFO] [client-9] Round 18 — sending update…
2026-10-06 18:08:32,687 [INFO] recv 13933B via direct in 285ms
2026-10-06 18:08:32,689 [INFO] [client-5] Round 18 — training locally…
2026-10-06 18:08:32,806 [INFO] [client-5] Round 18 — sending update…
2026-10-06 18:08:32,808 [INFO] recv 13933B via direct in 283ms
2026-10-06 18:08:32,812 [INFO] [client-4] Round 18 — training locally…
2026-10-06 18:08:32,947 [INFO] [client-4] Round 18 — sending update…
2026-10-06 18:08:32,950 [INFO] recv 13933B via direct in 282ms
2026-10-06 18:08:32,954 [INFO] [client-0] Round 18 — training locally…
2026-10-06 18:08:33,074 [INFO] [client-0] Round 18 — sending update…
2026-10-06 18:08:33,078 [INFO] recv 13933B via direct in 259ms
2026-10-06 18:08:33,081 [INFO] [client-8] Round 18 — training locally…
2026-10-06 18:08:33,185 [INFO] [client-8] Round 18 — sending update…
2026-10-06 18:08:33,189 [INFO] recv 13933B via direct in 257ms
2026-10-06 18:08:33,191 [INFO] [client-2] Round 18 — training locally…
2026-10-06 18:08:33,300 [INFO] [client-2] Round 18 — sending update…
2026-10-06 18:08:33,302 [INFO] recv 13933B via direct in 253ms
2026-10-06 18:08:33,307 [INFO] [client-1] Round 18 — training locally…
2026-10-06 18:08:33,485 [INFO] [client-1] Round 18 — sending update…
2026-10-06 18:08:33,488 [INFO] send 13933B via direct in 343ms (0.33 Mbit/s) to 0155ef226c97a54a
2026-10-06 18:08:33,490 [INFO] Round 18 — waiting for 10 updates…
2026-10-06 18:08:33,613 [INFO] recv 13933B via direct in 121ms
2026-10-06 18:08:33,627 [INFO] recv 13933B via direct in 134ms
2026-10-06 18:08:33,637 [INFO] recv 13933B via direct in 135ms
2026-10-06 18:08:33,644 [INFO] recv 13933B via direct in 150ms
2026-10-06 18:08:33,647 [INFO] recv 13933B via direct in 150ms
2026-10-06 18:08:33,650 [INFO] recv 13933B via direct in 151ms
2026-10-06 18:08:33,654 [INFO] recv 13933B via direct in 151ms
2026-10-06 18:08:33,663 [INFO] recv 13933B via direct in 162ms
2026-10-06 18:08:33,667 [INFO] send 13933B via direct in 1350ms (0.08 Mbit/s) to bc5cd775846e7d05
2026-10-06 18:08:33,733 [INFO] [client-3] Round 18 done — loss=1.0427 acc=0.4526  1.8s
2026-10-06 18:08:33,735 [INFO] [client-3] Round 19 — receiving model…
2026-10-06 18:08:33,736 [INFO] send 13933B via direct in 1203ms (0.09 Mbit/s) to bc5cd775846e7d05
2026-10-06 18:08:34,003 [INFO] [client-7] Round 18 done — loss=1.0265 acc=0.4444  2.2s
2026-10-06 18:08:34,016 [INFO] [client-7] Round 19 — receiving model…
2026-10-06 18:08:34,038 [INFO] send 13933B via direct in 1081ms (0.10 Mbit/s) to bc5cd775846e7d05
2026-10-06 18:08:34,370 [INFO] [client-6] Round 18 done — loss=1.0089 acc=0.5000  2.6s
2026-10-06 18:08:34,389 [INFO] [client-6] Round 19 — receiving model…
2026-10-06 18:08:34,403 [INFO] send 13933B via direct in 975ms (0.11 Mbit/s) to bc5cd775846e7d05
2026-10-06 18:08:34,543 [INFO] [client-9] Round 18 done — loss=1.0105 acc=0.5256  2.7s
2026-10-06 18:08:34,545 [INFO] [client-9] Round 19 — receiving model…
2026-10-06 18:08:34,547 [INFO] send 13933B via direct in 855ms (0.13 Mbit/s) to bc5cd775846e7d05
2026-10-06 18:08:34,575 [INFO] [client-5] Round 18 done — loss=0.9700 acc=0.5632  2.7s
2026-10-06 18:08:34,576 [INFO] [client-5] Round 19 — receiving model…
2026-10-06 18:08:34,576 [INFO] send 13933B via direct in 713ms (0.16 Mbit/s) to bc5cd775846e7d05
2026-10-06 18:08:34,594 [INFO] [client-4] Round 18 done — loss=1.0100 acc=0.4976  2.8s
2026-10-06 18:08:34,595 [INFO] [client-4] Round 19 — receiving model…
2026-10-06 18:08:34,596 [INFO] send 13933B via direct in 586ms (0.19 Mbit/s) to bc5cd775846e7d05
2026-10-06 18:08:34,613 [INFO] [client-0] Round 18 done — loss=1.0524 acc=0.4592  2.7s
2026-10-06 18:08:34,614 [INFO] [client-0] Round 19 — receiving model…
2026-10-06 18:08:34,614 [INFO] send 13933B via direct in 475ms (0.24 Mbit/s) to bc5cd775846e7d05
2026-10-06 18:08:34,640 [INFO] [client-8] Round 18 done — loss=0.7561 acc=0.7160  2.7s
2026-10-06 18:08:34,641 [INFO] [client-8] Round 19 — receiving model…
2026-10-06 18:08:34,642 [INFO] recv 13933B via direct in 170ms
2026-10-06 18:08:34,644 [INFO] send 13933B via direct in 361ms (0.31 Mbit/s) to bc5cd775846e7d05
2026-10-06 18:08:34,665 [INFO] [client-2] Round 18 done — loss=0.9596 acc=0.5234  3.0s
2026-10-06 18:08:34,665 [INFO] [client-2] Round 19 — receiving model…
2026-10-06 18:08:34,667 [INFO] recv 13933B via direct in 63ms
2026-10-06 18:08:34,726 [INFO] Round 18/20  acc=0.4648  loss=1.0595  2.8s  clients=10
2026-10-06 18:08:34,727 [INFO] Round 19 — sending model to 10 clients…
2026-10-06 18:08:34,739 [INFO] send 13933B via direct in 1157ms (0.10 Mbit/s) to bc5cd775846e7d05
2026-10-06 18:08:34,772 [INFO] [client-1] Round 18 done — loss=1.0588 acc=0.4234  3.0s
2026-10-06 18:08:34,773 [INFO] [client-1] Round 19 — receiving model…
2026-10-06 18:08:34,933 [INFO] recv 13933B via direct in 152ms
2026-10-06 18:08:34,946 [INFO] [client-7] Round 19 — training locally…
2026-10-06 18:08:35,106 [INFO] [client-7] Round 19 — sending update…
2026-10-06 18:08:35,111 [INFO] recv 13933B via direct in 156ms
2026-10-06 18:08:35,114 [INFO] [client-0] Round 19 — training locally…
2026-10-06 18:08:35,218 [INFO] [client-0] Round 19 — sending update…
2026-10-06 18:08:35,230 [INFO] send 13933B via direct in 379ms (0.29 Mbit/s) to 0155ef226c97a54a
2026-10-06 18:08:35,231 [INFO] send 13933B via direct in 378ms (0.30 Mbit/s) to 6d53636bc4b4f882
2026-10-06 18:08:35,232 [INFO] send 13933B via direct in 373ms (0.30 Mbit/s) to 0a4d9661e62a0d71
2026-10-06 18:08:35,233 [INFO] send 13933B via direct in 373ms (0.30 Mbit/s) to 7b1ef5377dc048f1
2026-10-06 18:08:35,235 [INFO] send 13933B via direct in 377ms (0.30 Mbit/s) to 4dd8970fc25aac95
2026-10-06 18:08:35,236 [INFO] send 13933B via direct in 375ms (0.30 Mbit/s) to 30ca87557cd5ad7d
2026-10-06 18:08:35,237 [INFO] send 13933B via direct in 375ms (0.30 Mbit/s) to 8b72f4aa16530d9c
2026-10-06 18:08:35,240 [INFO] send 13933B via direct in 374ms (0.30 Mbit/s) to 70214bff7b7a46e8
2026-10-06 18:08:35,241 [INFO] send 13933B via direct in 373ms (0.30 Mbit/s) to 308efeac0f84360c
2026-10-06 18:08:35,242 [INFO] recv 13933B via direct in 447ms
2026-10-06 18:08:35,246 [INFO] [client-8] Round 19 — training locally…
2026-10-06 18:08:35,389 [INFO] [client-8] Round 19 — sending update…
2026-10-06 18:08:35,394 [INFO] recv 13933B via direct in 446ms
2026-10-06 18:08:35,398 [INFO] [client-2] Round 19 — training locally…
2026-10-06 18:08:35,551 [INFO] [client-2] Round 19 — sending update…
2026-10-06 18:08:35,680 [INFO] recv 13933B via direct in 422ms
2026-10-06 18:08:35,696 [INFO] [client-9] Round 19 — training locally…
2026-10-06 18:08:35,822 [INFO] [client-9] Round 19 — sending update…
2026-10-06 18:08:35,825 [INFO] recv 13933B via direct in 422ms
2026-10-06 18:08:35,828 [INFO] [client-6] Round 19 — training locally…
2026-10-06 18:08:35,974 [INFO] [client-6] Round 19 — sending update…
2026-10-06 18:08:36,096 [INFO] recv 13933B via direct in 423ms
2026-10-06 18:08:36,104 [INFO] [client-4] Round 19 — training locally…
2026-10-06 18:08:36,250 [INFO] [client-4] Round 19 — sending update…
2026-10-06 18:08:36,280 [INFO] recv 13933B via direct in 428ms
2026-10-06 18:08:36,283 [INFO] [client-1] Round 19 — training locally…
2026-10-06 18:08:36,480 [INFO] [client-1] Round 19 — sending update…
2026-10-06 18:08:36,482 [INFO] recv 13933B via direct in 424ms
2026-10-06 18:08:36,485 [INFO] [client-5] Round 19 — training locally…
2026-10-06 18:08:36,608 [INFO] [client-5] Round 19 — sending update…
2026-10-06 18:08:36,612 [INFO] recv 13933B via direct in 424ms
2026-10-06 18:08:36,614 [INFO] [client-3] Round 19 — training locally…
2026-10-06 18:08:36,724 [INFO] [client-3] Round 19 — sending update…
2026-10-06 18:08:36,726 [INFO] send 13933B via direct in 372ms (0.30 Mbit/s) to 22031a1118c182c9
2026-10-06 18:08:36,729 [INFO] Round 19 — waiting for 10 updates…
2026-10-06 18:08:36,746 [INFO] recv 13933B via direct in 1512ms
2026-10-06 18:08:36,825 [INFO] send 13933B via direct in 1717ms (0.07 Mbit/s) to bc5cd775846e7d05
2026-10-06 18:08:36,885 [INFO] [client-7] Round 19 done — loss=1.0332 acc=0.4571  2.9s
2026-10-06 18:08:36,886 [INFO] [client-7] Round 20 — receiving model…
2026-10-06 18:08:36,898 [INFO] send 13933B via direct in 1667ms (0.07 Mbit/s) to bc5cd775846e7d05
2026-10-06 18:08:36,912 [INFO] [client-0] Round 19 done — loss=1.0536 acc=0.4648  2.3s
2026-10-06 18:08:36,913 [INFO] [client-0] Round 20 — receiving model…
2026-10-06 18:08:36,914 [INFO] send 13933B via direct in 1496ms (0.07 Mbit/s) to bc5cd775846e7d05
2026-10-06 18:08:36,931 [INFO] [client-8] Round 19 done — loss=0.7587 acc=0.7136  2.3s
2026-10-06 18:08:36,932 [INFO] [client-8] Round 20 — receiving model…
2026-10-06 18:08:36,933 [INFO] send 13933B via direct in 1211ms (0.09 Mbit/s) to bc5cd775846e7d05
2026-10-06 18:08:36,956 [INFO] [client-2] Round 19 done — loss=0.9570 acc=0.5237  2.3s
2026-10-06 18:08:36,957 [INFO] [client-2] Round 20 — receiving model…
2026-10-06 18:08:36,958 [INFO] send 13933B via direct in 1065ms (0.10 Mbit/s) to bc5cd775846e7d05
2026-10-06 18:08:36,971 [INFO] [client-9] Round 19 done — loss=1.0043 acc=0.5323  2.4s
2026-10-06 18:08:36,972 [INFO] [client-9] Round 20 — receiving model…
2026-10-06 18:08:36,973 [INFO] send 13933B via direct in 802ms (0.14 Mbit/s) to bc5cd775846e7d05
2026-10-06 18:08:36,989 [INFO] [client-6] Round 19 done — loss=1.0103 acc=0.4979  2.6s
2026-10-06 18:08:36,990 [INFO] [client-6] Round 20 — receiving model…
2026-10-06 18:08:36,991 [INFO] send 13933B via direct in 610ms (0.18 Mbit/s) to bc5cd775846e7d05
2026-10-06 18:08:37,007 [INFO] [client-4] Round 19 done — loss=1.0115 acc=0.4942  2.4s
2026-10-06 18:08:37,008 [INFO] [client-4] Round 20 — receiving model…
2026-10-06 18:08:37,010 [INFO] send 13933B via direct in 409ms (0.27 Mbit/s) to bc5cd775846e7d05
2026-10-06 18:08:37,028 [INFO] [client-1] Round 19 done — loss=1.0601 acc=0.4262  2.3s
2026-10-06 18:08:37,029 [INFO] [client-1] Round 20 — receiving model…
2026-10-06 18:08:37,030 [INFO] send 13933B via direct in 280ms (0.40 Mbit/s) to bc5cd775846e7d05
2026-10-06 18:08:37,062 [INFO] [client-5] Round 19 done — loss=0.9663 acc=0.5587  2.5s
2026-10-06 18:08:37,063 [INFO] [client-5] Round 20 — receiving model…
2026-10-06 18:08:37,064 [INFO] send 13933B via direct in 166ms (0.67 Mbit/s) to bc5cd775846e7d05
2026-10-06 18:08:37,094 [INFO] [client-3] Round 19 done — loss=1.0408 acc=0.4560  3.4s
2026-10-06 18:08:37,095 [INFO] [client-3] Round 20 — receiving model…
2026-10-06 18:08:37,098 [INFO] recv 13933B via direct in 163ms
2026-10-06 18:08:37,101 [INFO] recv 13933B via direct in 163ms
2026-10-06 18:08:37,104 [INFO] recv 13933B via direct in 164ms
2026-10-06 18:08:37,106 [INFO] recv 13933B via direct in 165ms
2026-10-06 18:08:37,108 [INFO] recv 13933B via direct in 165ms
2026-10-06 18:08:37,110 [INFO] recv 13933B via direct in 166ms
2026-10-06 18:08:37,113 [INFO] recv 13933B via direct in 167ms
2026-10-06 18:08:37,116 [INFO] recv 13933B via direct in 167ms
2026-10-06 18:08:37,119 [INFO] recv 13933B via direct in 230ms
2026-10-06 18:08:37,139 [INFO] Round 19/20  acc=0.4693  loss=1.0614  2.4s  clients=10
2026-10-06 18:08:37,140 [INFO] Round 20 — sending model to 10 clients…
2026-10-06 18:08:37,329 [INFO] recv 13933B via direct in 129ms
2026-10-06 18:08:37,348 [INFO] [client-1] Round 20 — training locally…
2026-10-06 18:08:37,470 [INFO] [client-1] Round 20 — sending update…
2026-10-06 18:08:37,479 [INFO] send 13933B via direct in 330ms (0.34 Mbit/s) to 8b72f4aa16530d9c
2026-10-06 18:08:37,480 [INFO] send 13933B via direct in 329ms (0.34 Mbit/s) to 70214bff7b7a46e8
2026-10-06 18:08:37,481 [INFO] send 13933B via direct in 328ms (0.34 Mbit/s) to 22031a1118c182c9
2026-10-06 18:08:37,482 [INFO] send 13933B via direct in 327ms (0.34 Mbit/s) to 308efeac0f84360c
2026-10-06 18:08:37,483 [INFO] send 13933B via direct in 327ms (0.34 Mbit/s) to 0155ef226c97a54a
2026-10-06 18:08:37,484 [INFO] send 13933B via direct in 327ms (0.34 Mbit/s) to 0a4d9661e62a0d71
2026-10-06 18:08:37,485 [INFO] send 13933B via direct in 326ms (0.34 Mbit/s) to 4dd8970fc25aac95
2026-10-06 18:08:37,486 [INFO] send 13933B via direct in 326ms (0.34 Mbit/s) to 7b1ef5377dc048f1
2026-10-06 18:08:37,487 [INFO] send 13933B via direct in 326ms (0.34 Mbit/s) to 6d53636bc4b4f882
2026-10-06 18:08:37,488 [INFO] send 13933B via direct in 328ms (0.34 Mbit/s) to 30ca87557cd5ad7d
2026-10-06 18:08:37,489 [INFO] recv 13933B via direct in 283ms
2026-10-06 18:08:37,491 [INFO] [client-5] Round 20 — training locally…
2026-10-06 18:08:37,618 [INFO] [client-5] Round 20 — sending update…
2026-10-06 18:08:37,824 [INFO] recv 13933B via direct in 270ms
2026-10-06 18:08:37,833 [INFO] [client-7] Round 20 — training locally…
2026-10-06 18:08:38,019 [INFO] [client-7] Round 20 — sending update…
2026-10-06 18:08:38,021 [INFO] recv 13933B via direct in 269ms
2026-10-06 18:08:38,023 [INFO] [client-4] Round 20 — training locally…
2026-10-06 18:08:38,246 [INFO] [client-4] Round 20 — sending update…
2026-10-06 18:08:38,249 [INFO] recv 13933B via direct in 267ms
2026-10-06 18:08:38,252 [INFO] [client-8] Round 20 — training locally…
2026-10-06 18:08:38,438 [INFO] [client-8] Round 20 — sending update…
2026-10-06 18:08:38,441 [INFO] recv 13933B via direct in 266ms
2026-10-06 18:08:38,445 [INFO] [client-6] Round 20 — training locally…
2026-10-06 18:08:38,567 [INFO] [client-6] Round 20 — sending update…
2026-10-06 18:08:38,571 [INFO] recv 13933B via direct in 264ms
2026-10-06 18:08:38,574 [INFO] [client-0] Round 20 — training locally…
2026-10-06 18:08:38,826 [INFO] [client-0] Round 20 — sending update…
2026-10-06 18:08:38,829 [INFO] recv 13933B via direct in 282ms
2026-10-06 18:08:38,833 [INFO] [client-9] Round 20 — training locally…
2026-10-06 18:08:39,065 [INFO] [client-9] Round 20 — sending update…
2026-10-06 18:08:39,219 [INFO] recv 13933B via direct in 281ms
2026-10-06 18:08:39,232 [INFO] [client-2] Round 20 — training locally…
2026-10-06 18:08:39,659 [INFO] [client-2] Round 20 — sending update…
2026-10-06 18:08:39,662 [INFO] recv 13933B via direct in 282ms
2026-10-06 18:08:39,666 [INFO] [client-3] Round 20 — training locally…
2026-10-06 18:08:39,853 [INFO] [client-3] Round 20 — sending update…
2026-10-06 18:08:39,878 [INFO] Round 20 — waiting for 10 updates…
2026-10-06 18:08:40,365 [INFO] recv 13933B via direct in 481ms
2026-10-06 18:08:40,371 [INFO] recv 13933B via direct in 487ms
2026-10-06 18:08:40,376 [INFO] recv 13933B via direct in 492ms
2026-10-06 18:08:40,380 [INFO] recv 13933B via direct in 496ms
2026-10-06 18:08:40,389 [INFO] recv 13933B via direct in 501ms
2026-10-06 18:08:40,393 [INFO] recv 13933B via direct in 508ms
2026-10-06 18:08:40,396 [INFO] recv 13933B via direct in 509ms
2026-10-06 18:08:40,408 [INFO] recv 13933B via direct in 521ms
2026-10-06 18:08:40,411 [INFO] send 13933B via direct in 2583ms (0.04 Mbit/s) to bc5cd775846e7d05
2026-10-06 18:08:40,440 [INFO] [client-5] Round 20 done — loss=0.9633 acc=0.5615  3.4s
2026-10-06 18:08:40,442 [INFO] send 13933B via direct in 2385ms (0.05 Mbit/s) to bc5cd775846e7d05
2026-10-06 18:08:40,462 [INFO] [client-7] Round 20 done — loss=1.0274 acc=0.4629  3.6s
2026-10-06 18:08:40,463 [INFO] send 13933B via direct in 2935ms (0.04 Mbit/s) to bc5cd775846e7d05
2026-10-06 18:08:40,483 [INFO] [client-1] Round 20 done — loss=1.0577 acc=0.4317  3.5s
2026-10-06 18:08:40,484 [INFO] send 13933B via direct in 2157ms (0.05 Mbit/s) to bc5cd775846e7d05
2026-10-06 18:08:40,509 [INFO] [client-4] Round 20 done — loss=1.0168 acc=0.5000  3.5s
2026-10-06 18:08:40,511 [INFO] send 13933B via direct in 1966ms (0.06 Mbit/s) to bc5cd775846e7d05
2026-10-06 18:08:40,539 [INFO] [client-8] Round 20 done — loss=0.7617 acc=0.7112  3.6s
2026-10-06 18:08:40,540 [INFO] recv 13933B via direct in 523ms
2026-10-06 18:08:40,543 [INFO] recv 13933B via direct in 55ms
2026-10-06 18:08:40,571 [INFO] Round 20/20  acc=0.4687  loss=1.0618  3.4s  clients=10
2026-10-06 18:08:40,573 [INFO] send 13933B via direct in 1940ms (0.06 Mbit/s) to bc5cd775846e7d05
2026-10-06 18:08:40,593 [INFO] [client-6] Round 20 done — loss=1.0170 acc=0.4920  3.6s
2026-10-06 18:08:40,594 [INFO] send 13933B via direct in 1681ms (0.07 Mbit/s) to bc5cd775846e7d05
2026-10-06 18:08:40,614 [INFO] [client-0] Round 20 done — loss=1.0535 acc=0.4631  3.7s
2026-10-06 18:08:40,615 [INFO] send 13933B via direct in 1293ms (0.09 Mbit/s) to bc5cd775846e7d05
2026-10-06 18:08:40,629 [INFO] [client-9] Round 20 done — loss=1.0091 acc=0.5235  3.7s
2026-10-06 18:08:40,631 [INFO] send 13933B via direct in 911ms (0.12 Mbit/s) to bc5cd775846e7d05
2026-10-06 18:08:40,649 [INFO] [client-2] Round 20 done — loss=0.9588 acc=0.5354  3.7s
2026-10-06 18:08:40,650 [INFO] send 13933B via direct in 695ms (0.16 Mbit/s) to bc5cd775846e7d05
2026-10-06 18:08:41,149 [INFO] [client-3] Round 20 done — loss=1.0438 acc=0.4547  4.1s
2026-10-06 18:08:41,869 [INFO] CoAP server [client-0] stopped
2026-10-06 18:08:45,248 [INFO] CoAP server [client-1] stopped
2026-10-06 18:08:45,371 [INFO] CoAP server [client-2] stopped
2026-10-06 18:08:45,476 [INFO] CoAP server [client-3] stopped
2026-10-06 18:08:45,586 [INFO] CoAP server [client-4] stopped
2026-10-06 18:08:45,696 [INFO] CoAP server [client-5] stopped
2026-10-06 18:08:45,827 [INFO] CoAP server [client-6] stopped
2026-10-06 18:08:45,931 [INFO] CoAP server [client-7] stopped
2026-10-06 18:08:46,038 [INFO] CoAP server [client-8] stopped
2026-10-06 18:08:46,166 [INFO] CoAP server [client-9] stopped
2026-10-06 18:08:46,275 [INFO] CoAP server [server] stopped
2026-10-06 18:08:46,488 [INFO] Exported 20 rows → results/e11/rate_10mbit/e7_airmlp_geographic_round_events.csv
2026-10-06 18:09:26,031 [INFO] AirMLP airmlp_geographic done: {'node_id': 'server', 'architecture': 'B', 'scenario': 'e7_airmlp_geographic', 'rounds_total': 20, 'rounds_success': 20, 'test_acc_final': 0.4686885706262286, 'test_acc_max': 0.4692502106149958, 'duration_mean_sec': 5.704493580649978, 'pct_direct': 0.0, 'pct_relay': 0.0, 'bytes_to_aggregator': 2793800}  macro-F1=0.4117  bal-acc=0.4258
2026-10-06 18:09:26,049 [INFO] E11 rate_10mbit: {"condition": "rate_10mbit", "netem": "delay 10ms rate 10mbit", "fl_wall_s": 213.1, "rounds_ok": 20, "rounds": 20, "round_s_median": 2.132, "round_s_max": 68.875, "test_acc_final": 0.4686885706262286, "macro_f1": 0.4117298387498534, "balanced_accuracy": 0.4257513876449577, "xfer_100kB_ok": "10/10", "xfer_100kB_ms_median": 231.8, "xfer_1000kB_ok": "10/10", "xfer_1000kB_ms_median": 1103.6, "xfer_10000kB_ok": "10/10", "xfer_10000kB_ms_median": 9771.8}
