2026-09-29 00:53:33,089 [INFO] Iroh node started: 2142b46ff621a146  addrs=['10.77.0.1:54514']
2026-09-29 00:53:33,705 [INFO] Iroh node started: 2c4525dab887cddb  addrs=['10.77.0.1:51704']
2026-09-29 00:53:33,844 [INFO] send 100000B via direct in 132ms (6.05 Mbit/s) to 2c4525dab887cddb
2026-09-29 00:53:33,846 [INFO] recv 100000B via direct in 15ms
2026-09-29 00:53:33,868 [INFO] send 100000B via direct in 19ms (42.22 Mbit/s) to 2c4525dab887cddb
2026-09-29 00:53:33,871 [INFO] recv 100000B via direct in 1ms
2026-09-29 00:53:33,889 [INFO] send 100000B via direct in 16ms (49.45 Mbit/s) to 2c4525dab887cddb
2026-09-29 00:53:33,891 [INFO] recv 100000B via direct in 1ms
2026-09-29 00:53:33,907 [INFO] send 100000B via direct in 14ms (55.93 Mbit/s) to 2c4525dab887cddb
2026-09-29 00:53:33,911 [INFO] recv 100000B via direct in 1ms
2026-09-29 00:53:33,927 [INFO] send 100000B via direct in 15ms (54.26 Mbit/s) to 2c4525dab887cddb
2026-09-29 00:53:33,929 [INFO] recv 100000B via direct in 1ms
2026-09-29 00:53:33,947 [INFO] send 100000B via direct in 16ms (50.84 Mbit/s) to 2c4525dab887cddb
2026-09-29 00:53:33,949 [INFO] recv 100000B via direct in 3ms
2026-09-29 00:53:34,000 [INFO] send 100000B via direct in 48ms (16.82 Mbit/s) to 2c4525dab887cddb
2026-09-29 00:53:34,005 [INFO] recv 100000B via direct in 34ms
2026-09-29 00:53:34,050 [INFO] send 100000B via direct in 39ms (20.41 Mbit/s) to 2c4525dab887cddb
2026-09-29 00:53:34,052 [INFO] recv 100000B via direct in 3ms
2026-09-29 00:53:35,099 [INFO] send 100000B via direct in 1044ms (0.77 Mbit/s) to 2c4525dab887cddb
2026-09-29 00:53:35,101 [INFO] recv 100000B via direct in 29ms
2026-09-29 00:53:35,152 [INFO] send 100000B via direct in 46ms (17.38 Mbit/s) to 2c4525dab887cddb
2026-09-29 00:53:35,155 [INFO] recv 100000B via direct in 7ms
2026-09-29 00:53:35,363 [INFO] send 1000000B via direct in 192ms (41.67 Mbit/s) to 2c4525dab887cddb
2026-09-29 00:53:35,366 [INFO] recv 1000000B via direct in 49ms
2026-09-29 00:53:35,497 [INFO] send 1000000B via direct in 127ms (63.04 Mbit/s) to 2c4525dab887cddb
2026-09-29 00:53:35,499 [INFO] recv 1000000B via direct in 118ms
2026-09-29 00:53:35,619 [INFO] send 1000000B via direct in 119ms (67.50 Mbit/s) to 2c4525dab887cddb
2026-09-29 00:53:35,620 [INFO] recv 1000000B via direct in 4ms
2026-09-29 00:53:35,738 [INFO] send 1000000B via direct in 116ms (69.06 Mbit/s) to 2c4525dab887cddb
2026-09-29 00:53:35,744 [INFO] recv 1000000B via direct in 114ms
2026-09-29 00:53:35,932 [INFO] send 1000000B via direct in 183ms (43.77 Mbit/s) to 2c4525dab887cddb
2026-09-29 00:53:35,935 [INFO] recv 1000000B via direct in 181ms
2026-09-29 00:53:36,279 [INFO] send 1000000B via direct in 334ms (23.96 Mbit/s) to 2c4525dab887cddb
2026-09-29 00:53:36,283 [INFO] recv 1000000B via direct in 207ms
2026-09-29 00:53:36,419 [INFO] send 1000000B via direct in 130ms (61.61 Mbit/s) to 2c4525dab887cddb
2026-09-29 00:53:36,421 [INFO] recv 1000000B via direct in 123ms
2026-09-29 00:53:36,581 [INFO] send 1000000B via direct in 157ms (50.86 Mbit/s) to 2c4525dab887cddb
2026-09-29 00:53:36,583 [INFO] recv 1000000B via direct in 46ms
2026-09-29 00:53:36,709 [INFO] send 1000000B via direct in 124ms (64.66 Mbit/s) to 2c4525dab887cddb
2026-09-29 00:53:36,711 [INFO] recv 1000000B via direct in 5ms
2026-09-29 00:53:36,913 [INFO] send 1000000B via direct in 198ms (40.37 Mbit/s) to 2c4525dab887cddb
2026-09-29 00:53:36,915 [INFO] recv 1000000B via direct in 34ms
2026-09-29 00:53:38,593 [INFO] send 10000000B via direct in 1645ms (48.64 Mbit/s) to 2c4525dab887cddb
2026-09-29 00:53:38,596 [INFO] recv 10000000B via direct in 1634ms
2026-09-29 00:53:39,938 [INFO] send 10000000B via direct in 1332ms (60.05 Mbit/s) to 2c4525dab887cddb
2026-09-29 00:53:39,940 [INFO] recv 10000000B via direct in 1312ms
2026-09-29 00:53:41,414 [INFO] send 10000000B via direct in 1466ms (54.56 Mbit/s) to 2c4525dab887cddb
2026-09-29 00:53:41,415 [INFO] recv 10000000B via direct in 390ms
2026-09-29 00:53:42,861 [INFO] send 10000000B via direct in 1440ms (55.56 Mbit/s) to 2c4525dab887cddb
2026-09-29 00:53:42,863 [INFO] recv 10000000B via direct in 352ms
2026-09-29 00:53:44,776 [INFO] send 10000000B via direct in 1906ms (41.96 Mbit/s) to 2c4525dab887cddb
2026-09-29 00:53:44,779 [INFO] recv 10000000B via direct in 696ms
2026-09-29 00:53:46,605 [INFO] send 10000000B via direct in 1809ms (44.22 Mbit/s) to 2c4525dab887cddb
2026-09-29 00:53:46,607 [INFO] recv 10000000B via direct in 632ms
2026-09-29 00:53:48,485 [INFO] send 10000000B via direct in 1872ms (42.74 Mbit/s) to 2c4525dab887cddb
2026-09-29 00:53:48,487 [INFO] recv 10000000B via direct in 745ms
2026-09-29 00:53:51,227 [INFO] send 10000000B via direct in 2732ms (29.29 Mbit/s) to 2c4525dab887cddb
2026-09-29 00:53:51,229 [INFO] recv 10000000B via direct in 1705ms
2026-09-29 00:53:52,851 [INFO] send 10000000B via direct in 1614ms (49.55 Mbit/s) to 2c4525dab887cddb
2026-09-29 00:53:52,853 [INFO] recv 10000000B via direct in 469ms
2026-09-29 00:53:54,516 [INFO] send 10000000B via direct in 1654ms (48.37 Mbit/s) to 2c4525dab887cddb
2026-09-29 00:53:54,518 [INFO] recv 10000000B via direct in 503ms
2026-09-29 00:55:23,902 [INFO] === E7 AirMLP + FedAvg — geographic ===
2026-09-29 00:55:24,940 [INFO] Air quality dataset loaded: 28514 train / 3561 test | 6 features | 3 classes
2026-09-29 00:55:24,946 [INFO] Geographic partition: 10 provinces  min=2305  max=2922  mean=2851
2026-09-29 00:55:25,122 [INFO] AirMLP class weights: [1.026976466178894, 1.0868686437606812, 0.904000997543335]
2026-09-29 00:55:26,035 [INFO] Iroh node started: 80820a0e78a08da1  addrs=['10.77.0.1:54768']
2026-09-29 00:55:26,793 [INFO] CoAP server [server] listening on 0.0.0.0:5783
2026-09-29 00:55:26,794 [INFO] FLServer server started (mock=False)
2026-09-29 00:55:27,454 [INFO] Iroh node started: 99a249a0b4e0e3f8  addrs=['10.77.0.1:53451']
2026-09-29 00:55:27,498 [INFO] CoAP server [client-0] listening on 0.0.0.0:5784
2026-09-29 00:55:27,502 [INFO] FLClient client-0 started (mock=False)
2026-09-29 00:55:27,505 [INFO] Registered client client-0  iroh=99a249a0b4e0e3f8
2026-09-29 00:55:28,275 [INFO] Iroh node started: 8e416f6323986977  addrs=['10.77.0.1:44517']
2026-09-29 00:55:28,310 [INFO] CoAP server [client-1] listening on 0.0.0.0:5785
2026-09-29 00:55:28,312 [INFO] FLClient client-1 started (mock=False)
2026-09-29 00:55:28,314 [INFO] Registered client client-1  iroh=8e416f6323986977
2026-09-29 00:55:29,062 [INFO] Iroh node started: 71a8ea205ccdfff0  addrs=['10.77.0.1:57373']
2026-09-29 00:55:29,083 [INFO] CoAP server [client-2] listening on 0.0.0.0:5786
2026-09-29 00:55:29,088 [INFO] FLClient client-2 started (mock=False)
2026-09-29 00:55:29,092 [INFO] Registered client client-2  iroh=71a8ea205ccdfff0
2026-09-29 00:55:29,781 [INFO] Iroh node started: 76a40726ff2c1070  addrs=['10.77.0.1:43716']
2026-09-29 00:55:29,823 [INFO] CoAP server [client-3] listening on 0.0.0.0:5787
2026-09-29 00:55:29,827 [INFO] FLClient client-3 started (mock=False)
2026-09-29 00:55:29,831 [INFO] Registered client client-3  iroh=76a40726ff2c1070
2026-09-29 00:55:30,609 [INFO] Iroh node started: 6092efa4a4bb7e98  addrs=['10.77.0.1:36793']
2026-09-29 00:55:30,648 [INFO] CoAP server [client-4] listening on 0.0.0.0:5788
2026-09-29 00:55:30,652 [INFO] FLClient client-4 started (mock=False)
2026-09-29 00:55:30,656 [INFO] Registered client client-4  iroh=6092efa4a4bb7e98
2026-09-29 00:55:31,400 [INFO] Iroh node started: 54192350e70e7c2c  addrs=['10.77.0.1:46880']
2026-09-29 00:55:31,440 [INFO] CoAP server [client-5] listening on 0.0.0.0:5789
2026-09-29 00:55:31,445 [INFO] FLClient client-5 started (mock=False)
2026-09-29 00:55:31,450 [INFO] Registered client client-5  iroh=54192350e70e7c2c
2026-09-29 00:55:32,227 [INFO] Iroh node started: 14ebd73a4d7c0a92  addrs=['10.77.0.1:45978']
2026-09-29 00:55:32,248 [INFO] CoAP server [client-6] listening on 0.0.0.0:5790
2026-09-29 00:55:32,251 [INFO] FLClient client-6 started (mock=False)
2026-09-29 00:55:32,255 [INFO] Registered client client-6  iroh=14ebd73a4d7c0a92
2026-09-29 00:55:33,029 [INFO] Iroh node started: bf998849929e4037  addrs=['10.77.0.1:44007']
2026-09-29 00:55:33,074 [INFO] CoAP server [client-7] listening on 0.0.0.0:5791
2026-09-29 00:55:33,078 [INFO] FLClient client-7 started (mock=False)
2026-09-29 00:55:33,083 [INFO] Registered client client-7  iroh=bf998849929e4037
2026-09-29 00:55:33,799 [INFO] Iroh node started: 631915e49a2a7052  addrs=['10.77.0.1:54859']
2026-09-29 00:55:33,812 [INFO] CoAP server [client-8] listening on 0.0.0.0:5792
2026-09-29 00:55:33,814 [INFO] FLClient client-8 started (mock=False)
2026-09-29 00:55:33,816 [INFO] Registered client client-8  iroh=631915e49a2a7052
2026-09-29 00:55:34,490 [INFO] Iroh node started: 9a6552a2b1b896e7  addrs=['10.77.0.1:39692']
2026-09-29 00:55:34,526 [INFO] CoAP server [client-9] listening on 0.0.0.0:5793
2026-09-29 00:55:34,532 [INFO] FLClient client-9 started (mock=False)
2026-09-29 00:55:34,535 [INFO] Registered client client-9  iroh=9a6552a2b1b896e7
2026-09-29 00:55:34,542 [INFO] Round 1 — sending model to 10 clients…
2026-09-29 00:55:34,546 [INFO] [client-0] Round 1 — receiving model…
2026-09-29 00:55:34,549 [INFO] [client-1] Round 1 — receiving model…
2026-09-29 00:55:34,552 [INFO] [client-2] Round 1 — receiving model…
2026-09-29 00:55:34,556 [INFO] [client-3] Round 1 — receiving model…
2026-09-29 00:55:34,561 [INFO] [client-4] Round 1 — receiving model…
2026-09-29 00:55:34,566 [INFO] [client-5] Round 1 — receiving model…
2026-09-29 00:55:34,571 [INFO] [client-6] Round 1 — receiving model…
2026-09-29 00:55:34,574 [INFO] [client-7] Round 1 — receiving model…
2026-09-29 00:55:34,577 [INFO] [client-8] Round 1 — receiving model…
2026-09-29 00:55:34,580 [INFO] [client-9] Round 1 — receiving model…
2026-09-29 00:55:34,876 [INFO] send 13933B via direct in 24ms (4.74 Mbit/s) to 631915e49a2a7052
2026-09-29 00:55:34,877 [INFO] recv 13933B via direct in 18ms
2026-09-29 00:55:34,893 [INFO] [client-8] Round 1 — training locally…
2026-09-29 00:56:45,824 [INFO] [client-8] Round 1 — sending update…
2026-09-29 00:56:45,828 [INFO] recv 13933B via direct in 18ms
2026-09-29 00:56:45,832 [INFO] [client-2] Round 1 — training locally…
2026-09-29 00:56:45,934 [INFO] [client-2] Round 1 — sending update…
2026-09-29 00:56:45,938 [WARNING] _send_bytes connect attempt 1/3 failed (TimeoutError: ) — retrying in 5s
2026-09-29 00:56:45,939 [WARNING] _send_bytes connect attempt 1/3 failed (TimeoutError: ) — retrying in 5s
2026-09-29 00:56:45,941 [INFO] send 13933B via direct in 25ms (4.49 Mbit/s) to 71a8ea205ccdfff0
2026-09-29 00:56:45,945 [WARNING] iroh accept/read error [b'fl-model/1']: IrohError: 
2026-09-29 00:56:45,947 [WARNING] iroh accept/read error [b'fl-model/1']: IrohError: 
2026-09-29 00:56:45,950 [INFO] send 13933B via direct in 67219ms (0.00 Mbit/s) to 99a249a0b4e0e3f8
2026-09-29 00:56:45,951 [INFO] send 13933B via direct in 67217ms (0.00 Mbit/s) to bf998849929e4037
2026-09-29 00:56:45,952 [INFO] send 13933B via direct in 67219ms (0.00 Mbit/s) to 14ebd73a4d7c0a92
2026-09-29 00:56:45,953 [INFO] send 13933B via direct in 67232ms (0.00 Mbit/s) to 54192350e70e7c2c
2026-09-29 00:56:45,956 [INFO] send 13933B via direct in 67224ms (0.00 Mbit/s) to 6092efa4a4bb7e98
2026-09-29 00:56:45,958 [INFO] send 13933B via direct in 67217ms (0.00 Mbit/s) to 76a40726ff2c1070
2026-09-29 00:56:45,959 [INFO] recv 13933B via direct in 67207ms
2026-09-29 00:56:45,962 [INFO] [client-0] Round 1 — training locally…
2026-09-29 00:56:46,059 [INFO] [client-0] Round 1 — sending update…
2026-09-29 00:56:46,062 [INFO] recv 13933B via direct in 67201ms
2026-09-29 00:56:46,069 [INFO] [client-6] Round 1 — training locally…
2026-09-29 00:56:46,179 [INFO] [client-6] Round 1 — sending update…
2026-09-29 00:56:46,182 [INFO] recv 13933B via direct in 67200ms
2026-09-29 00:56:46,187 [INFO] [client-3] Round 1 — training locally…
2026-09-29 00:56:46,294 [INFO] [client-3] Round 1 — sending update…
2026-09-29 00:56:46,297 [INFO] recv 13933B via direct in 67218ms
2026-09-29 00:56:46,301 [INFO] [client-5] Round 1 — training locally…
2026-09-29 00:56:46,400 [INFO] [client-5] Round 1 — sending update…
2026-09-29 00:56:46,403 [INFO] recv 13933B via direct in 67218ms
2026-09-29 00:56:46,408 [INFO] [client-4] Round 1 — training locally…
2026-09-29 00:56:46,581 [INFO] [client-4] Round 1 — sending update…
2026-09-29 00:56:46,588 [INFO] recv 13933B via direct in 67214ms
2026-09-29 00:56:46,592 [INFO] [client-7] Round 1 — training locally…
2026-09-29 00:56:46,715 [INFO] [client-7] Round 1 — sending update…
2026-09-29 00:56:46,728 [INFO] send 13933B via direct in 651ms (0.17 Mbit/s) to 80820a0e78a08da1
2026-09-29 00:56:46,752 [INFO] [client-2] Round 1 done — loss=1.0408 acc=0.4557  68.3s
2026-09-29 00:56:46,753 [INFO] [client-2] Round 2 — receiving model…
2026-09-29 00:56:46,756 [INFO] send 13933B via direct in 761ms (0.15 Mbit/s) to 80820a0e78a08da1
2026-09-29 00:56:46,769 [INFO] [client-8] Round 1 done — loss=0.8068 acc=0.6848  68.3s
2026-09-29 00:56:46,770 [INFO] [client-8] Round 2 — receiving model…
2026-09-29 00:56:46,778 [INFO] send 13933B via direct in 716ms (0.16 Mbit/s) to 80820a0e78a08da1
2026-09-29 00:56:46,795 [INFO] [client-0] Round 1 done — loss=1.0592 acc=0.4661  68.4s
2026-09-29 00:56:46,796 [INFO] [client-0] Round 2 — receiving model…
2026-09-29 00:56:46,804 [INFO] send 13933B via direct in 618ms (0.18 Mbit/s) to 80820a0e78a08da1
2026-09-29 00:56:46,819 [INFO] [client-6] Round 1 done — loss=1.0503 acc=0.4469  68.4s
2026-09-29 00:56:46,820 [INFO] [client-6] Round 2 — receiving model…
2026-09-29 00:56:46,821 [INFO] send 13933B via direct in 503ms (0.22 Mbit/s) to 80820a0e78a08da1
2026-09-29 00:56:46,838 [INFO] [client-3] Round 1 done — loss=1.0609 acc=0.4488  68.4s
2026-09-29 00:56:46,839 [INFO] [client-3] Round 2 — receiving model…
2026-09-29 00:56:46,841 [INFO] send 13933B via direct in 397ms (0.28 Mbit/s) to 80820a0e78a08da1
2026-09-29 00:56:46,862 [INFO] [client-5] Round 1 done — loss=1.0521 acc=0.4674  68.4s
2026-09-29 00:56:46,864 [INFO] [client-5] Round 2 — receiving model…
2026-09-29 00:56:46,865 [INFO] send 13933B via direct in 279ms (0.40 Mbit/s) to 80820a0e78a08da1
2026-09-29 00:56:46,886 [INFO] [client-4] Round 1 done — loss=1.0342 acc=0.4873  68.5s
2026-09-29 00:56:46,886 [INFO] [client-4] Round 2 — receiving model…
2026-09-29 00:56:46,887 [ERROR] [client-7] round 1 error: stream not acknowledged: IrohError: 
2026-09-29 00:56:46,888 [INFO] [client-7] Round 2 — receiving model…
2026-09-29 00:56:50,959 [INFO] recv 13933B via direct in 1ms
2026-09-29 00:56:50,970 [INFO] [client-9] Round 1 — training locally…
2026-09-29 00:56:51,115 [INFO] [client-9] Round 1 — sending update…
2026-09-29 00:56:51,122 [INFO] send 13933B via direct in 72402ms (0.00 Mbit/s) to 9a6552a2b1b896e7
2026-09-29 00:56:51,181 [INFO] send 13933B via direct in 60ms (1.87 Mbit/s) to 80820a0e78a08da1
2026-09-29 00:56:51,253 [INFO] [client-9] Round 1 done — loss=1.0545 acc=0.4642  72.8s
2026-09-29 00:56:51,256 [INFO] [client-9] Round 2 — receiving model…
2026-09-29 00:56:53,973 [INFO] send 13933B via direct in 73253ms (0.00 Mbit/s) to 8e416f6323986977
2026-09-29 00:56:53,977 [INFO] Round 1 — waiting for 10 updates…
2026-09-29 00:56:53,982 [INFO] recv 13933B via direct in 808ms
2026-09-29 00:56:53,992 [INFO] recv 13933B via direct in 79ms
2026-09-29 00:56:54,001 [INFO] recv 13933B via direct in 80ms
2026-09-29 00:56:54,014 [INFO] recv 13933B via direct in 210ms
2026-09-29 00:56:54,022 [INFO] recv 13933B via direct in 80ms
2026-09-29 00:56:54,030 [INFO] recv 13933B via direct in 28ms
2026-09-29 00:56:54,037 [INFO] recv 13933B via direct in 28ms
2026-09-29 00:56:54,042 [INFO] recv 13933B via mixed in 784ms
2026-09-29 00:56:54,046 [INFO] recv 13933B via direct in 55ms
2026-09-29 00:56:54,051 [INFO] recv 13933B via direct in 3ms
2026-09-29 00:56:54,065 [INFO] [client-1] Round 1 — training locally…
2026-09-29 00:56:54,248 [INFO] [client-1] Round 1 — sending update…
2026-09-29 00:56:54,260 [INFO] recv 13933B via direct in 0ms
2026-09-29 00:56:54,292 [INFO] Round 1/20  acc=0.3033  loss=1.1122  73.9s  clients=10
2026-09-29 00:56:54,293 [INFO] Round 2 — sending model to 10 clients…
2026-09-29 00:56:54,318 [INFO] send 13933B via direct in 52ms (2.14 Mbit/s) to 80820a0e78a08da1
2026-09-29 00:56:54,342 [INFO] [client-1] Round 1 done — loss=1.0771 acc=0.3956  73.9s
2026-09-29 00:56:54,343 [INFO] [client-1] Round 2 — receiving model…
2026-09-29 00:56:54,352 [INFO] send 13933B via direct in 54ms (2.06 Mbit/s) to 8e416f6323986977
2026-09-29 00:56:54,353 [INFO] send 13933B via direct in 53ms (2.10 Mbit/s) to 631915e49a2a7052
2026-09-29 00:56:54,356 [INFO] recv 13933B via direct in 34ms
2026-09-29 00:56:54,359 [INFO] [client-2] Round 2 — training locally…
2026-09-29 00:56:54,509 [INFO] [client-2] Round 2 — sending update…
2026-09-29 00:56:54,512 [INFO] recv 13933B via direct in 50ms
2026-09-29 00:56:54,517 [INFO] [client-1] Round 2 — training locally…
2026-09-29 00:56:54,644 [INFO] [client-1] Round 2 — sending update…
2026-09-29 00:56:54,647 [INFO] recv 13933B via direct in 50ms
2026-09-29 00:56:54,651 [INFO] [client-8] Round 2 — training locally…
2026-09-29 00:56:54,768 [INFO] [client-8] Round 2 — sending update…
2026-09-29 00:56:54,771 [INFO] recv 13933B via direct in 50ms
2026-09-29 00:56:54,775 [INFO] [client-5] Round 2 — training locally…
2026-09-29 00:56:54,893 [INFO] [client-5] Round 2 — sending update…
2026-09-29 00:56:54,896 [INFO] recv 13933B via direct in 50ms
2026-09-29 00:56:54,901 [INFO] [client-0] Round 2 — training locally…
2026-09-29 00:56:54,985 [INFO] [client-0] Round 2 — sending update…
2026-09-29 00:56:54,999 [INFO] send 13933B via direct in 688ms (0.16 Mbit/s) to 71a8ea205ccdfff0
2026-09-29 00:56:55,001 [INFO] send 13933B via direct in 687ms (0.16 Mbit/s) to bf998849929e4037
2026-09-29 00:56:55,002 [INFO] recv 13933B via direct in 640ms
2026-09-29 00:56:55,004 [INFO] [client-9] Round 2 — training locally…
2026-09-29 00:56:55,206 [INFO] [client-9] Round 2 — sending update…
2026-09-29 00:56:55,213 [INFO] send 13933B via direct in 692ms (0.16 Mbit/s) to 54192350e70e7c2c
2026-09-29 00:56:55,214 [INFO] send 13933B via direct in 690ms (0.16 Mbit/s) to 99a249a0b4e0e3f8
2026-09-29 00:56:55,215 [INFO] recv 13933B via direct in 646ms
2026-09-29 00:56:55,218 [INFO] [client-7] Round 2 — training locally…
2026-09-29 00:56:55,339 [INFO] [client-7] Round 2 — sending update…
2026-09-29 00:56:55,341 [INFO] send 13933B via direct in 685ms (0.16 Mbit/s) to 9a6552a2b1b896e7
2026-09-29 00:56:55,349 [INFO] send 13933B via direct in 831ms (0.13 Mbit/s) to 80820a0e78a08da1
2026-09-29 00:56:55,365 [INFO] [client-2] Round 2 done — loss=1.0180 acc=0.4677  6.6s
2026-09-29 00:56:55,366 [INFO] [client-2] Round 3 — receiving model…
2026-09-29 00:56:55,367 [INFO] send 13933B via direct in 697ms (0.16 Mbit/s) to 80820a0e78a08da1
2026-09-29 00:56:55,382 [INFO] [client-1] Round 2 done — loss=1.0698 acc=0.4042  1.0s
2026-09-29 00:56:55,383 [INFO] [client-1] Round 3 — receiving model…
2026-09-29 00:56:55,389 [INFO] send 13933B via direct in 573ms (0.19 Mbit/s) to 80820a0e78a08da1
2026-09-29 00:56:55,409 [INFO] [client-8] Round 2 done — loss=0.7733 acc=0.7215  6.6s
2026-09-29 00:56:55,410 [INFO] [client-8] Round 3 — receiving model…
2026-09-29 00:56:55,412 [INFO] send 13933B via direct in 449ms (0.25 Mbit/s) to 80820a0e78a08da1
2026-09-29 00:56:55,429 [INFO] [client-5] Round 2 done — loss=1.0161 acc=0.5110  6.6s
2026-09-29 00:56:55,431 [INFO] [client-5] Round 3 — receiving model…
2026-09-29 00:56:55,432 [INFO] send 13933B via direct in 1048ms (0.11 Mbit/s) to 76a40726ff2c1070
2026-09-29 00:56:55,438 [INFO] send 13933B via direct in 1136ms (0.10 Mbit/s) to 14ebd73a4d7c0a92
2026-09-29 00:56:55,440 [INFO] send 13933B via direct in 447ms (0.25 Mbit/s) to 80820a0e78a08da1
2026-09-29 00:56:55,466 [INFO] [client-0] Round 2 done — loss=1.0634 acc=0.4379  6.7s
2026-09-29 00:56:55,467 [INFO] [client-0] Round 3 — receiving model…
2026-09-29 00:56:55,469 [INFO] recv 13933B via direct in 90ms
2026-09-29 00:56:55,473 [INFO] [client-6] Round 2 — training locally…
2026-09-29 00:56:55,598 [INFO] [client-6] Round 2 — sending update…
2026-09-29 00:56:55,600 [INFO] recv 13933B via direct in 91ms
2026-09-29 00:56:55,605 [INFO] [client-3] Round 2 — training locally…
2026-09-29 00:56:55,750 [INFO] [client-3] Round 2 — sending update…
2026-09-29 00:56:55,756 [INFO] recv 13933B via direct in 123ms
2026-09-29 00:56:55,759 [INFO] [client-4] Round 2 — training locally…
2026-09-29 00:56:55,881 [INFO] [client-4] Round 2 — sending update…
2026-09-29 00:56:55,890 [INFO] send 13933B via direct in 1451ms (0.08 Mbit/s) to 6092efa4a4bb7e98
2026-09-29 00:56:55,892 [INFO] send 13933B via direct in 544ms (0.21 Mbit/s) to 80820a0e78a08da1
2026-09-29 00:56:55,922 [INFO] [client-9] Round 2 done — loss=1.0276 acc=0.5176  2.7s
2026-09-29 00:56:55,923 [INFO] [client-9] Round 3 — receiving model…
2026-09-29 00:56:55,924 [INFO] send 13933B via direct in 412ms (0.27 Mbit/s) to 80820a0e78a08da1
2026-09-29 00:56:55,944 [INFO] [client-7] Round 2 done — loss=1.0387 acc=0.4409  7.1s
2026-09-29 00:56:55,945 [INFO] [client-7] Round 3 — receiving model…
2026-09-29 00:56:55,947 [INFO] Round 2 — waiting for 10 updates…
2026-09-29 00:56:55,948 [INFO] recv 13933B via direct in 421ms
2026-09-29 00:56:55,952 [INFO] recv 13933B via direct in 421ms
2026-09-29 00:56:55,954 [INFO] recv 13933B via direct in 421ms
2026-09-29 00:56:55,957 [INFO] recv 13933B via direct in 421ms
2026-09-29 00:56:55,960 [INFO] recv 13933B via direct in 224ms
2026-09-29 00:56:55,963 [INFO] recv 13933B via direct in 122ms
2026-09-29 00:56:55,965 [INFO] recv 13933B via direct in 123ms
2026-09-29 00:56:55,973 [INFO] recv 13933B via direct in 216ms
2026-09-29 00:56:55,975 [INFO] send 13933B via direct in 88ms (1.27 Mbit/s) to 80820a0e78a08da1
2026-09-29 00:56:55,992 [INFO] [client-4] Round 2 done — loss=1.0316 acc=0.4756  7.1s
2026-09-29 00:56:55,993 [INFO] [client-4] Round 3 — receiving model…
2026-09-29 00:56:55,994 [INFO] recv 13933B via direct in 26ms
2026-09-29 00:56:55,998 [INFO] send 13933B via direct in 373ms (0.30 Mbit/s) to 80820a0e78a08da1
2026-09-29 00:56:56,020 [INFO] [client-6] Round 2 done — loss=1.0287 acc=0.4681  7.2s
2026-09-29 00:56:56,021 [INFO] [client-6] Round 3 — receiving model…
2026-09-29 00:56:56,022 [INFO] recv 13933B via direct in 28ms
2026-09-29 00:56:56,056 [INFO] Round 2/20  acc=0.4134  loss=1.0802  1.8s  clients=10
2026-09-29 00:56:56,057 [INFO] Round 3 — sending model to 10 clients…
2026-09-29 00:56:56,073 [INFO] send 13933B via direct in 270ms (0.41 Mbit/s) to 80820a0e78a08da1
2026-09-29 00:56:56,094 [INFO] [client-3] Round 2 done — loss=1.0603 acc=0.4348  7.3s
2026-09-29 00:56:56,095 [INFO] [client-3] Round 3 — receiving model…
2026-09-29 00:56:56,121 [INFO] send 13933B via direct in 59ms (1.89 Mbit/s) to 9a6552a2b1b896e7
2026-09-29 00:56:56,123 [INFO] send 13933B via direct in 61ms (1.84 Mbit/s) to 6092efa4a4bb7e98
2026-09-29 00:56:56,124 [INFO] recv 13933B via direct in 20ms
2026-09-29 00:56:56,127 [INFO] [client-4] Round 3 — training locally…
2026-09-29 00:56:56,242 [INFO] [client-4] Round 3 — sending update…
2026-09-29 00:56:56,246 [INFO] recv 13933B via direct in 20ms
2026-09-29 00:56:56,250 [INFO] [client-9] Round 3 — training locally…
2026-09-29 00:56:56,365 [INFO] [client-9] Round 3 — sending update…
2026-09-29 00:56:56,369 [INFO] send 13933B via direct in 52ms (2.14 Mbit/s) to 54192350e70e7c2c
2026-09-29 00:56:56,371 [INFO] recv 13933B via direct in 20ms
2026-09-29 00:56:56,374 [INFO] [client-8] Round 3 — training locally…
2026-09-29 00:56:56,476 [INFO] [client-8] Round 3 — sending update…
2026-09-29 00:56:56,480 [INFO] recv 13933B via direct in 21ms
2026-09-29 00:56:56,483 [INFO] [client-5] Round 3 — training locally…
2026-09-29 00:56:56,599 [INFO] [client-5] Round 3 — sending update…
2026-09-29 00:56:56,602 [INFO] send 13933B via direct in 297ms (0.38 Mbit/s) to bf998849929e4037
2026-09-29 00:56:56,604 [INFO] send 13933B via direct in 307ms (0.36 Mbit/s) to 76a40726ff2c1070
2026-09-29 00:56:56,605 [INFO] send 13933B via direct in 304ms (0.37 Mbit/s) to 99a249a0b4e0e3f8
2026-09-29 00:56:56,606 [INFO] recv 13933B via direct in 267ms
2026-09-29 00:56:56,608 [INFO] [client-7] Round 3 — training locally…
2026-09-29 00:56:56,737 [INFO] [client-7] Round 3 — sending update…
2026-09-29 00:56:56,740 [INFO] recv 13933B via direct in 268ms
2026-09-29 00:56:56,745 [INFO] [client-1] Round 3 — training locally…
2026-09-29 00:56:56,848 [INFO] [client-1] Round 3 — sending update…
2026-09-29 00:56:56,850 [INFO] recv 13933B via direct in 268ms
2026-09-29 00:56:56,855 [INFO] [client-0] Round 3 — training locally…
2026-09-29 00:56:56,947 [INFO] [client-0] Round 3 — sending update…
2026-09-29 00:56:56,956 [INFO] send 13933B via direct in 305ms (0.37 Mbit/s) to 8e416f6323986977
2026-09-29 00:56:56,957 [INFO] recv 13933B via direct in 380ms
2026-09-29 00:56:56,960 [INFO] [client-3] Round 3 — training locally…
2026-09-29 00:56:57,058 [INFO] [client-3] Round 3 — sending update…
2026-09-29 00:56:57,062 [INFO] send 13933B via direct in 532ms (0.21 Mbit/s) to 14ebd73a4d7c0a92
2026-09-29 00:56:57,071 [INFO] send 13933B via direct in 541ms (0.21 Mbit/s) to 631915e49a2a7052
2026-09-29 00:56:57,072 [INFO] recv 13933B via direct in 850ms
2026-09-29 00:56:57,075 [INFO] [client-6] Round 3 — training locally…
2026-09-29 00:56:57,187 [INFO] [client-6] Round 3 — sending update…
2026-09-29 00:56:57,207 [INFO] send 13933B via direct in 956ms (0.12 Mbit/s) to 80820a0e78a08da1
2026-09-29 00:56:57,229 [INFO] [client-4] Round 3 done — loss=1.0260 acc=0.4911  1.2s
2026-09-29 00:56:57,230 [INFO] [client-4] Round 4 — receiving model…
2026-09-29 00:56:57,231 [INFO] send 13933B via direct in 835ms (0.13 Mbit/s) to 80820a0e78a08da1
2026-09-29 00:56:57,262 [INFO] [client-9] Round 3 done — loss=1.0180 acc=0.5179  1.3s
2026-09-29 00:56:57,263 [INFO] [client-9] Round 4 — receiving model…
2026-09-29 00:56:57,267 [INFO] send 13933B via direct in 467ms (0.24 Mbit/s) to 80820a0e78a08da1
2026-09-29 00:56:57,298 [INFO] [client-7] Round 3 done — loss=1.0365 acc=0.4481  1.4s
2026-09-29 00:56:57,299 [INFO] [client-7] Round 4 — receiving model…
2026-09-29 00:56:57,308 [INFO] send 13933B via direct in 1229ms (0.09 Mbit/s) to 71a8ea205ccdfff0
2026-09-29 00:56:57,310 [INFO] send 13933B via direct in 824ms (0.14 Mbit/s) to 80820a0e78a08da1
2026-09-29 00:56:57,348 [INFO] [client-8] Round 3 done — loss=0.7699 acc=0.7184  1.9s
2026-09-29 00:56:57,349 [INFO] [client-8] Round 4 — receiving model…
2026-09-29 00:56:57,350 [INFO] send 13933B via direct in 701ms (0.16 Mbit/s) to 80820a0e78a08da1
2026-09-29 00:56:57,397 [INFO] [client-5] Round 3 done — loss=0.9997 acc=0.5323  2.0s
2026-09-29 00:56:57,398 [INFO] [client-5] Round 4 — receiving model…
2026-09-29 00:56:57,399 [INFO] send 13933B via direct in 453ms (0.25 Mbit/s) to 80820a0e78a08da1
2026-09-29 00:56:57,422 [INFO] [client-1] Round 3 done — loss=1.0623 acc=0.4052  2.0s
2026-09-29 00:56:57,423 [INFO] [client-1] Round 4 — receiving model…
2026-09-29 00:56:57,424 [INFO] send 13933B via direct in 354ms (0.32 Mbit/s) to 80820a0e78a08da1
2026-09-29 00:56:57,502 [INFO] [client-0] Round 3 done — loss=1.0533 acc=0.4497  2.0s
2026-09-29 00:56:57,503 [INFO] [client-0] Round 4 — receiving model…
2026-09-29 00:56:57,504 [INFO] send 13933B via direct in 243ms (0.46 Mbit/s) to 80820a0e78a08da1
2026-09-29 00:56:57,542 [INFO] [client-3] Round 3 done — loss=1.0542 acc=0.4475  1.4s
2026-09-29 00:56:57,543 [INFO] [client-3] Round 4 — receiving model…
2026-09-29 00:56:57,545 [INFO] Round 3 — waiting for 10 updates…
2026-09-29 00:56:57,546 [INFO] recv 13933B via direct in 602ms
2026-09-29 00:56:57,549 [INFO] recv 13933B via direct in 600ms
2026-09-29 00:56:57,552 [INFO] recv 13933B via direct in 307ms
2026-09-29 00:56:57,554 [INFO] recv 13933B via direct in 201ms
2026-09-29 00:56:57,556 [INFO] recv 13933B via direct in 199ms
2026-09-29 00:56:57,558 [INFO] recv 13933B via direct in 232ms
2026-09-29 00:56:57,560 [INFO] recv 13933B via direct in 110ms
2026-09-29 00:56:57,563 [INFO] recv 13933B via direct in 107ms
2026-09-29 00:56:57,566 [INFO] send 13933B via direct in 117ms (0.96 Mbit/s) to 80820a0e78a08da1
2026-09-29 00:56:57,581 [INFO] [client-6] Round 3 done — loss=1.0211 acc=0.4708  1.6s
2026-09-29 00:56:57,584 [INFO] [client-6] Round 4 — receiving model…
2026-09-29 00:56:57,586 [INFO] recv 13933B via direct in 342ms
2026-09-29 00:56:57,590 [INFO] [client-2] Round 3 — training locally…
2026-09-29 00:56:57,684 [INFO] [client-2] Round 3 — sending update…
2026-09-29 00:56:57,687 [INFO] recv 13933B via direct in 342ms
2026-09-29 00:56:57,695 [INFO] send 13933B via direct in 8ms (14.45 Mbit/s) to 80820a0e78a08da1
2026-09-29 00:56:57,714 [INFO] [client-2] Round 3 done — loss=0.9952 acc=0.4959  2.3s
2026-09-29 00:56:57,715 [INFO] [client-2] Round 4 — receiving model…
2026-09-29 00:56:57,717 [INFO] recv 13933B via direct in 3ms
2026-09-29 00:56:57,744 [INFO] Round 3/20  acc=0.4294  loss=1.0764  1.7s  clients=10
2026-09-29 00:56:57,745 [INFO] Round 4 — sending model to 10 clients…
2026-09-29 00:56:57,783 [INFO] send 13933B via direct in 30ms (3.72 Mbit/s) to 99a249a0b4e0e3f8
2026-09-29 00:56:57,786 [INFO] send 13933B via direct in 33ms (3.36 Mbit/s) to 631915e49a2a7052
2026-09-29 00:56:57,787 [INFO] send 13933B via direct in 26ms (4.29 Mbit/s) to 8e416f6323986977
2026-09-29 00:56:57,788 [INFO] send 13933B via direct in 29ms (3.80 Mbit/s) to 76a40726ff2c1070
2026-09-29 00:56:57,790 [INFO] send 13933B via direct in 28ms (3.98 Mbit/s) to 54192350e70e7c2c
2026-09-29 00:56:57,792 [INFO] recv 13933B via direct in 21ms
2026-09-29 00:56:57,794 [INFO] [client-0] Round 4 — training locally…
2026-09-29 00:56:57,879 [INFO] [client-0] Round 4 — sending update…
2026-09-29 00:56:57,882 [INFO] recv 13933B via direct in 21ms
2026-09-29 00:56:57,885 [INFO] [client-8] Round 4 — training locally…
2026-09-29 00:56:58,022 [INFO] [client-8] Round 4 — sending update…
2026-09-29 00:56:58,025 [INFO] send 13933B via direct in 25ms (4.44 Mbit/s) to 71a8ea205ccdfff0
2026-09-29 00:56:58,026 [INFO] send 13933B via direct in 26ms (4.33 Mbit/s) to 6092efa4a4bb7e98
2026-09-29 00:56:58,027 [INFO] recv 13933B via direct in 21ms
2026-09-29 00:56:58,030 [INFO] [client-3] Round 4 — training locally…
2026-09-29 00:56:58,135 [INFO] [client-3] Round 4 — sending update…
2026-09-29 00:56:58,138 [INFO] recv 13933B via direct in 22ms
2026-09-29 00:56:58,142 [INFO] [client-5] Round 4 — training locally…
2026-09-29 00:56:58,258 [INFO] [client-5] Round 4 — sending update…
2026-09-29 00:56:58,260 [INFO] recv 13933B via direct in 23ms
2026-09-29 00:56:58,265 [INFO] [client-4] Round 4 — training locally…
2026-09-29 00:56:58,371 [INFO] [client-4] Round 4 — sending update…
2026-09-29 00:56:58,374 [INFO] recv 13933B via direct in 23ms
2026-09-29 00:56:58,378 [INFO] [client-1] Round 4 — training locally…
2026-09-29 00:56:58,504 [INFO] [client-1] Round 4 — sending update…
2026-09-29 00:56:58,507 [INFO] recv 13933B via direct in 23ms
2026-09-29 00:56:58,511 [INFO] [client-2] Round 4 — training locally…
2026-09-29 00:56:58,610 [INFO] [client-2] Round 4 — sending update…
2026-09-29 00:56:58,614 [INFO] recv 13933B via direct in 12ms
2026-09-29 00:56:58,618 [INFO] [client-6] Round 4 — training locally…
2026-09-29 00:56:58,719 [INFO] [client-6] Round 4 — sending update…
2026-09-29 00:56:58,733 [INFO] send 13933B via direct in 855ms (0.13 Mbit/s) to 14ebd73a4d7c0a92
2026-09-29 00:56:58,737 [INFO] send 13933B via direct in 854ms (0.13 Mbit/s) to bf998849929e4037
2026-09-29 00:56:58,739 [INFO] recv 13933B via direct in 944ms
2026-09-29 00:56:58,741 [INFO] [client-7] Round 4 — training locally…
2026-09-29 00:56:58,845 [INFO] [client-7] Round 4 — sending update…
2026-09-29 00:56:59,037 [INFO] send 13933B via direct in 1135ms (0.10 Mbit/s) to 80820a0e78a08da1
2026-09-29 00:56:59,164 [INFO] [client-0] Round 4 done — loss=1.0530 acc=0.4523  1.7s
2026-09-29 00:56:59,165 [INFO] [client-0] Round 5 — receiving model…
2026-09-29 00:56:59,166 [INFO] send 13933B via direct in 884ms (0.13 Mbit/s) to 80820a0e78a08da1
2026-09-29 00:56:59,188 [INFO] [client-3] Round 4 done — loss=1.0518 acc=0.4526  1.6s
2026-09-29 00:56:59,189 [INFO] [client-3] Round 5 — receiving model…
2026-09-29 00:56:59,191 [INFO] send 13933B via direct in 763ms (0.15 Mbit/s) to 80820a0e78a08da1
2026-09-29 00:56:59,217 [INFO] [client-5] Round 4 done — loss=0.9887 acc=0.5433  1.8s
2026-09-29 00:56:59,218 [INFO] [client-5] Round 5 — receiving model…
2026-09-29 00:56:59,219 [INFO] send 13933B via direct in 650ms (0.17 Mbit/s) to 80820a0e78a08da1
2026-09-29 00:56:59,237 [INFO] [client-4] Round 4 done — loss=1.0260 acc=0.4797  2.0s
2026-09-29 00:56:59,238 [INFO] [client-4] Round 5 — receiving model…
2026-09-29 00:56:59,239 [INFO] send 13933B via direct in 518ms (0.22 Mbit/s) to 80820a0e78a08da1
2026-09-29 00:56:59,262 [INFO] [client-1] Round 4 done — loss=1.0619 acc=0.4104  1.8s
2026-09-29 00:56:59,263 [INFO] [client-1] Round 5 — receiving model…
2026-09-29 00:56:59,275 [INFO] send 13933B via direct in 550ms (0.20 Mbit/s) to 80820a0e78a08da1
2026-09-29 00:56:59,292 [INFO] [client-6] Round 4 done — loss=1.0156 acc=0.4802  1.7s
2026-09-29 00:56:59,293 [INFO] [client-6] Round 5 — receiving model…
2026-09-29 00:56:59,295 [INFO] send 13933B via direct in 659ms (0.17 Mbit/s) to 80820a0e78a08da1
2026-09-29 00:56:59,335 [INFO] [client-2] Round 4 done — loss=0.9799 acc=0.5069  1.6s
2026-09-29 00:56:59,336 [INFO] [client-2] Round 5 — receiving model…
2026-09-29 00:56:59,340 [INFO] send 13933B via direct in 1313ms (0.09 Mbit/s) to 80820a0e78a08da1
2026-09-29 00:56:59,360 [INFO] [client-8] Round 4 done — loss=0.7662 acc=0.7205  2.0s
2026-09-29 00:56:59,361 [INFO] [client-8] Round 5 — receiving model…
2026-09-29 00:56:59,362 [INFO] recv 13933B via direct in 305ms
2026-09-29 00:56:59,365 [INFO] [client-9] Round 4 — training locally…
2026-09-29 00:56:59,481 [INFO] [client-9] Round 4 — sending update…
2026-09-29 00:56:59,485 [INFO] send 13933B via direct in 1580ms (0.07 Mbit/s) to 9a6552a2b1b896e7
2026-09-29 00:56:59,486 [INFO] Round 4 — waiting for 10 updates…
2026-09-29 00:56:59,487 [INFO] recv 13933B via direct in 468ms
2026-09-29 00:56:59,489 [INFO] recv 13933B via direct in 543ms
2026-09-29 00:56:59,491 [INFO] recv 13933B via direct in 543ms
2026-09-29 00:56:59,493 [INFO] recv 13933B via direct in 544ms
2026-09-29 00:56:59,495 [INFO] recv 13933B via direct in 543ms
2026-09-29 00:56:59,496 [INFO] recv 13933B via direct in 537ms
2026-09-29 00:56:59,498 [INFO] recv 13933B via direct in 277ms
2026-09-29 00:56:59,501 [INFO] recv 13933B via direct in 74ms
2026-09-29 00:56:59,503 [INFO] recv 13933B via direct in 91ms
2026-09-29 00:56:59,508 [INFO] send 13933B via direct in 486ms (0.23 Mbit/s) to 80820a0e78a08da1
2026-09-29 00:56:59,532 [INFO] [client-7] Round 4 done — loss=1.0302 acc=0.4492  2.2s
2026-09-29 00:56:59,534 [INFO] [client-7] Round 5 — receiving model…
2026-09-29 00:56:59,537 [INFO] recv 13933B via direct in 30ms
2026-09-29 00:56:59,579 [INFO] Round 4/20  acc=0.4400  loss=1.0716  1.8s  clients=10
2026-09-29 00:56:59,581 [INFO] Round 5 — sending model to 10 clients…
2026-09-29 00:56:59,617 [INFO] send 13933B via direct in 118ms (0.95 Mbit/s) to 80820a0e78a08da1
2026-09-29 00:56:59,643 [INFO] [client-9] Round 4 done — loss=1.0196 acc=0.5154  2.4s
2026-09-29 00:56:59,644 [INFO] [client-9] Round 5 — receiving model…
2026-09-29 00:56:59,651 [INFO] send 13933B via direct in 67ms (1.67 Mbit/s) to 8e416f6323986977
2026-09-29 00:56:59,654 [INFO] send 13933B via direct in 61ms (1.83 Mbit/s) to 6092efa4a4bb7e98
2026-09-29 00:56:59,656 [INFO] send 13933B via direct in 53ms (2.10 Mbit/s) to 76a40726ff2c1070
2026-09-29 00:56:59,659 [INFO] recv 13933B via direct in 51ms
2026-09-29 00:56:59,661 [INFO] [client-1] Round 5 — training locally…
2026-09-29 00:56:59,765 [INFO] [client-1] Round 5 — sending update…
2026-09-29 00:56:59,767 [INFO] recv 13933B via direct in 52ms
2026-09-29 00:56:59,772 [INFO] [client-4] Round 5 — training locally…
2026-09-29 00:56:59,892 [INFO] [client-4] Round 5 — sending update…
2026-09-29 00:56:59,894 [INFO] recv 13933B via direct in 52ms
2026-09-29 00:56:59,897 [INFO] [client-7] Round 5 — training locally…
2026-09-29 00:56:59,995 [INFO] [client-7] Round 5 — sending update…
2026-09-29 00:56:59,998 [INFO] recv 13933B via direct in 54ms
2026-09-29 00:57:00,002 [INFO] [client-8] Round 5 — training locally…
2026-09-29 00:57:00,111 [INFO] [client-8] Round 5 — sending update…
2026-09-29 00:57:00,114 [INFO] recv 13933B via direct in 54ms
2026-09-29 00:57:00,119 [INFO] [client-9] Round 5 — training locally…
2026-09-29 00:57:00,219 [INFO] [client-9] Round 5 — sending update…
2026-09-29 00:57:00,224 [INFO] recv 13933B via direct in 54ms
2026-09-29 00:57:00,228 [INFO] [client-5] Round 5 — training locally…
2026-09-29 00:57:00,327 [INFO] [client-5] Round 5 — sending update…
2026-09-29 00:57:00,330 [INFO] recv 13933B via direct in 54ms
2026-09-29 00:57:00,334 [INFO] [client-3] Round 5 — training locally…
2026-09-29 00:57:00,482 [INFO] [client-3] Round 5 — sending update…
2026-09-29 00:57:00,485 [INFO] recv 13933B via direct in 54ms
2026-09-29 00:57:00,488 [INFO] [client-0] Round 5 — training locally…
2026-09-29 00:57:00,573 [INFO] [client-0] Round 5 — sending update…
2026-09-29 00:57:00,580 [INFO] recv 13933B via direct in 13ms
2026-09-29 00:57:00,582 [INFO] [client-6] Round 5 — training locally…
2026-09-29 00:57:00,699 [INFO] [client-6] Round 5 — sending update…
2026-09-29 00:57:00,711 [INFO] send 13933B via direct in 986ms (0.11 Mbit/s) to bf998849929e4037
2026-09-29 00:57:00,716 [INFO] send 13933B via direct in 982ms (0.11 Mbit/s) to 9a6552a2b1b896e7
2026-09-29 00:57:00,717 [INFO] send 13933B via direct in 982ms (0.11 Mbit/s) to 54192350e70e7c2c
2026-09-29 00:57:00,718 [INFO] send 13933B via direct in 980ms (0.11 Mbit/s) to 99a249a0b4e0e3f8
2026-09-29 00:57:00,719 [INFO] send 13933B via direct in 979ms (0.11 Mbit/s) to 14ebd73a4d7c0a92
2026-09-29 00:57:00,726 [INFO] send 13933B via direct in 240ms (0.46 Mbit/s) to 80820a0e78a08da1
2026-09-29 00:57:00,747 [INFO] [client-3] Round 5 done — loss=1.0511 acc=0.4488  1.6s
2026-09-29 00:57:00,748 [INFO] [client-3] Round 6 — receiving model…
2026-09-29 00:57:00,756 [INFO] send 13933B via direct in 986ms (0.11 Mbit/s) to 80820a0e78a08da1
2026-09-29 00:57:00,782 [INFO] [client-1] Round 5 done — loss=1.0623 acc=0.4200  1.5s
2026-09-29 00:57:00,783 [INFO] [client-1] Round 6 — receiving model…
2026-09-29 00:57:00,785 [INFO] send 13933B via direct in 860ms (0.13 Mbit/s) to 80820a0e78a08da1
2026-09-29 00:57:00,814 [INFO] [client-4] Round 5 done — loss=1.0157 acc=0.4918  1.6s
2026-09-29 00:57:00,815 [INFO] [client-4] Round 6 — receiving model…
2026-09-29 00:57:00,816 [INFO] send 13933B via direct in 640ms (0.17 Mbit/s) to 80820a0e78a08da1
2026-09-29 00:57:00,842 [INFO] [client-8] Round 5 done — loss=0.7699 acc=0.7122  1.5s
2026-09-29 00:57:00,843 [INFO] [client-8] Round 6 — receiving model…
2026-09-29 00:57:00,845 [INFO] send 13933B via direct in 531ms (0.21 Mbit/s) to 80820a0e78a08da1
2026-09-29 00:57:00,876 [INFO] [client-9] Round 5 done — loss=1.0073 acc=0.5277  1.2s
2026-09-29 00:57:00,877 [INFO] [client-9] Round 6 — receiving model…
2026-09-29 00:57:00,879 [INFO] send 13933B via direct in 1169ms (0.10 Mbit/s) to 71a8ea205ccdfff0
2026-09-29 00:57:00,880 [INFO] recv 13933B via direct in 32ms
2026-09-29 00:57:00,885 [INFO] [client-2] Round 5 — training locally…
2026-09-29 00:57:01,000 [INFO] [client-2] Round 5 — sending update…
2026-09-29 00:57:01,004 [INFO] send 13933B via direct in 54ms (2.07 Mbit/s) to 80820a0e78a08da1
2026-09-29 00:57:01,027 [INFO] [client-6] Round 5 done — loss=1.0155 acc=0.4813  1.7s
2026-09-29 00:57:01,028 [INFO] [client-6] Round 6 — receiving model…
2026-09-29 00:57:01,030 [ERROR] send_tensors → client-8 FAILED: ConnectionError: stream not acknowledged: IrohError: 
2026-09-29 00:57:01,030 [INFO] Round 5 — waiting for 9 updates…
2026-09-29 00:57:01,031 [INFO] recv 13933B via direct in 146ms
2026-09-29 00:57:01,034 [INFO] recv 13933B via direct in 146ms
2026-09-29 00:57:01,037 [INFO] recv 13933B via direct in 146ms
2026-09-29 00:57:01,040 [INFO] recv 13933B via direct in 146ms
2026-09-29 00:57:01,042 [WARNING] Round 5 — discarding update from unselected/duplicate peer 631915e49a2a7052
2026-09-29 00:57:01,043 [INFO] recv 13933B via direct in 24ms
2026-09-29 00:57:01,045 [INFO] recv 13933B via direct in 47ms
2026-09-29 00:57:01,047 [INFO] recv 13933B via direct in 34ms
2026-09-29 00:57:01,050 [INFO] send 13933B via direct in 758ms (0.15 Mbit/s) to 80820a0e78a08da1
2026-09-29 00:57:01,073 [INFO] [client-7] Round 5 done — loss=1.0318 acc=0.4523  1.5s
2026-09-29 00:57:01,076 [INFO] [client-7] Round 6 — receiving model…
2026-09-29 00:57:01,081 [INFO] send 13933B via direct in 78ms (1.44 Mbit/s) to 80820a0e78a08da1
2026-09-29 00:57:01,107 [INFO] [client-2] Round 5 done — loss=0.9833 acc=0.5041  1.8s
2026-09-29 00:57:01,108 [INFO] [client-2] Round 6 — receiving model…
2026-09-29 00:57:01,109 [INFO] recv 13933B via direct in 4ms
2026-09-29 00:57:01,353 [INFO] send 13933B via direct in 1020ms (0.11 Mbit/s) to 80820a0e78a08da1
2026-09-29 00:57:01,440 [INFO] [client-5] Round 5 done — loss=0.9825 acc=0.5491  2.2s
2026-09-29 00:57:01,441 [INFO] [client-5] Round 6 — receiving model…
2026-09-29 00:57:01,443 [INFO] recv 13933B via direct in 96ms
2026-09-29 00:57:01,592 [INFO] send 13933B via direct in 1015ms (0.11 Mbit/s) to 80820a0e78a08da1
2026-09-29 00:57:01,688 [INFO] [client-0] Round 5 done — loss=1.0545 acc=0.4592  2.5s
2026-09-29 00:57:01,689 [INFO] [client-0] Round 6 — receiving model…
2026-09-29 00:57:01,691 [INFO] recv 13933B via direct in 102ms
2026-09-29 00:57:01,725 [INFO] Round 5/20  acc=0.4883  loss=1.0453  2.1s  clients=9
2026-09-29 00:57:01,728 [INFO] Round 6 — sending model to 10 clients…
2026-09-29 00:57:01,787 [INFO] send 13933B via direct in 49ms (2.26 Mbit/s) to 8e416f6323986977
2026-09-29 00:57:01,794 [INFO] send 13933B via direct in 47ms (2.37 Mbit/s) to 99a249a0b4e0e3f8
2026-09-29 00:57:01,795 [INFO] send 13933B via direct in 40ms (2.77 Mbit/s) to 631915e49a2a7052
2026-09-29 00:57:01,797 [INFO] send 13933B via direct in 46ms (2.42 Mbit/s) to 71a8ea205ccdfff0
2026-09-29 00:57:01,799 [INFO] send 13933B via direct in 56ms (2.00 Mbit/s) to 9a6552a2b1b896e7
2026-09-29 00:57:01,800 [INFO] recv 13933B via direct in 38ms
2026-09-29 00:57:01,803 [INFO] [client-1] Round 6 — training locally…
2026-09-29 00:57:01,923 [INFO] [client-1] Round 6 — sending update…
2026-09-29 00:57:01,926 [INFO] send 13933B via direct in 55ms (2.05 Mbit/s) to bf998849929e4037
2026-09-29 00:57:01,928 [INFO] send 13933B via direct in 43ms (2.60 Mbit/s) to 76a40726ff2c1070
2026-09-29 00:57:01,930 [INFO] send 13933B via direct in 49ms (2.26 Mbit/s) to 54192350e70e7c2c
2026-09-29 00:57:01,931 [INFO] recv 13933B via direct in 39ms
2026-09-29 00:57:01,934 [INFO] [client-7] Round 6 — training locally…
2026-09-29 00:57:02,025 [INFO] [client-7] Round 6 — sending update…
2026-09-29 00:57:02,030 [INFO] recv 13933B via direct in 40ms
2026-09-29 00:57:02,034 [INFO] [client-0] Round 6 — training locally…
2026-09-29 00:57:02,115 [INFO] [client-0] Round 6 — sending update…
2026-09-29 00:57:02,117 [INFO] recv 13933B via direct in 41ms
2026-09-29 00:57:02,120 [INFO] [client-2] Round 6 — training locally…
2026-09-29 00:57:02,214 [INFO] [client-2] Round 6 — sending update…
2026-09-29 00:57:02,219 [INFO] recv 13933B via direct in 22ms
2026-09-29 00:57:02,223 [INFO] [client-4] Round 6 — training locally…
2026-09-29 00:57:02,320 [INFO] [client-4] Round 6 — sending update…
2026-09-29 00:57:02,323 [INFO] recv 13933B via direct in 44ms
2026-09-29 00:57:02,326 [INFO] [client-9] Round 6 — training locally…
2026-09-29 00:57:02,436 [INFO] [client-9] Round 6 — sending update…
2026-09-29 00:57:02,440 [INFO] recv 13933B via direct in 25ms
2026-09-29 00:57:02,444 [INFO] [client-8] Round 6 — training locally…
2026-09-29 00:57:02,562 [INFO] [client-8] Round 6 — sending update…
2026-09-29 00:57:02,564 [INFO] recv 13933B via direct in 177ms
2026-09-29 00:57:02,568 [INFO] [client-5] Round 6 — training locally…
2026-09-29 00:57:02,675 [INFO] [client-5] Round 6 — sending update…
2026-09-29 00:57:02,684 [INFO] recv 13933B via direct in 442ms
2026-09-29 00:57:02,687 [INFO] [client-3] Round 6 — training locally…
2026-09-29 00:57:02,799 [INFO] [client-3] Round 6 — sending update…
2026-09-29 00:57:02,808 [INFO] send 13933B via direct in 696ms (0.16 Mbit/s) to 6092efa4a4bb7e98
2026-09-29 00:57:02,824 [INFO] send 13933B via direct in 791ms (0.14 Mbit/s) to 80820a0e78a08da1
2026-09-29 00:57:02,843 [INFO] [client-7] Round 6 done — loss=1.0359 acc=0.4526  1.8s
2026-09-29 00:57:02,844 [INFO] [client-7] Round 7 — receiving model…
2026-09-29 00:57:02,852 [INFO] send 13933B via direct in 168ms (0.67 Mbit/s) to 80820a0e78a08da1
2026-09-29 00:57:02,870 [INFO] [client-5] Round 6 done — loss=0.9756 acc=0.5543  1.4s
2026-09-29 00:57:02,871 [INFO] [client-5] Round 7 — receiving model…
2026-09-29 00:57:02,874 [INFO] send 13933B via direct in 923ms (0.12 Mbit/s) to 80820a0e78a08da1
2026-09-29 00:57:02,888 [INFO] [client-1] Round 6 done — loss=1.0657 acc=0.4169  2.1s
2026-09-29 00:57:02,888 [INFO] [client-1] Round 7 — receiving model…
2026-09-29 00:57:02,889 [INFO] send 13933B via direct in 732ms (0.15 Mbit/s) to 80820a0e78a08da1
2026-09-29 00:57:02,905 [INFO] [client-0] Round 6 done — loss=1.0529 acc=0.4601  1.2s
2026-09-29 00:57:02,906 [INFO] [client-0] Round 7 — receiving model…
2026-09-29 00:57:02,907 [INFO] send 13933B via direct in 632ms (0.18 Mbit/s) to 80820a0e78a08da1
2026-09-29 00:57:02,940 [INFO] [client-2] Round 6 done — loss=0.9695 acc=0.5192  1.8s
2026-09-29 00:57:02,941 [INFO] [client-2] Round 7 — receiving model…
2026-09-29 00:57:02,942 [INFO] send 13933B via direct in 527ms (0.21 Mbit/s) to 80820a0e78a08da1
2026-09-29 00:57:02,961 [INFO] [client-4] Round 6 done — loss=1.0156 acc=0.5003  2.1s
2026-09-29 00:57:02,962 [INFO] [client-4] Round 7 — receiving model…
2026-09-29 00:57:02,964 [INFO] send 13933B via direct in 433ms (0.26 Mbit/s) to 80820a0e78a08da1
2026-09-29 00:57:02,987 [INFO] [client-9] Round 6 done — loss=1.0104 acc=0.5281  2.1s
2026-09-29 00:57:02,988 [INFO] [client-9] Round 7 — receiving model…
2026-09-29 00:57:02,990 [INFO] send 13933B via direct in 309ms (0.36 Mbit/s) to 80820a0e78a08da1
2026-09-29 00:57:03,021 [INFO] [client-8] Round 6 done — loss=0.7803 acc=0.7002  2.2s
2026-09-29 00:57:03,022 [INFO] [client-8] Round 7 — receiving model…
2026-09-29 00:57:03,023 [INFO] recv 13933B via direct in 57ms
2026-09-29 00:57:03,026 [INFO] [client-6] Round 6 — training locally…
2026-09-29 00:57:03,130 [INFO] [client-6] Round 6 — sending update…
2026-09-29 00:57:03,132 [INFO] send 13933B via direct in 1222ms (0.09 Mbit/s) to 14ebd73a4d7c0a92
2026-09-29 00:57:03,133 [INFO] send 13933B via direct in 162ms (0.69 Mbit/s) to 80820a0e78a08da1
2026-09-29 00:57:03,154 [INFO] [client-3] Round 6 done — loss=1.0384 acc=0.4591  2.4s
2026-09-29 00:57:03,155 [INFO] [client-3] Round 7 — receiving model…
2026-09-29 00:57:03,156 [INFO] Round 6 — waiting for 10 updates…
2026-09-29 00:57:03,157 [INFO] recv 13933B via direct in 384ms
2026-09-29 00:57:03,160 [INFO] recv 13933B via direct in 166ms
2026-09-29 00:57:03,162 [INFO] recv 13933B via direct in 167ms
2026-09-29 00:57:03,164 [INFO] recv 13933B via direct in 163ms
2026-09-29 00:57:03,166 [INFO] recv 13933B via direct in 162ms
2026-09-29 00:57:03,168 [INFO] recv 13933B via direct in 38ms
2026-09-29 00:57:03,170 [INFO] recv 13933B via direct in 36ms
2026-09-29 00:57:03,172 [INFO] recv 13933B via direct in 36ms
2026-09-29 00:57:03,174 [INFO] recv 13933B via direct in 54ms
2026-09-29 00:57:03,184 [INFO] send 13933B via direct in 52ms (2.14 Mbit/s) to 80820a0e78a08da1
2026-09-29 00:57:03,213 [INFO] [client-6] Round 6 done — loss=1.0243 acc=0.4750  2.2s
2026-09-29 00:57:03,215 [INFO] [client-6] Round 7 — receiving model…
2026-09-29 00:57:03,216 [INFO] recv 13933B via direct in 6ms
2026-09-29 00:57:03,236 [INFO] Round 6/20  acc=0.4502  loss=1.0732  1.5s  clients=10
2026-09-29 00:57:03,237 [INFO] Round 7 — sending model to 10 clients…
2026-09-29 00:57:03,267 [INFO] send 13933B via direct in 24ms (4.75 Mbit/s) to 9a6552a2b1b896e7
2026-09-29 00:57:03,269 [INFO] send 13933B via direct in 19ms (5.95 Mbit/s) to 8e416f6323986977
2026-09-29 00:57:03,271 [INFO] send 13933B via direct in 28ms (4.05 Mbit/s) to 99a249a0b4e0e3f8
2026-09-29 00:57:03,272 [INFO] send 13933B via direct in 23ms (4.95 Mbit/s) to 54192350e70e7c2c
2026-09-29 00:57:03,273 [INFO] send 13933B via direct in 26ms (4.30 Mbit/s) to 6092efa4a4bb7e98
2026-09-29 00:57:03,274 [INFO] send 13933B via direct in 19ms (5.79 Mbit/s) to bf998849929e4037
2026-09-29 00:57:03,275 [INFO] recv 13933B via direct in 16ms
2026-09-29 00:57:03,277 [INFO] [client-0] Round 7 — training locally…
2026-09-29 00:57:03,355 [INFO] [client-0] Round 7 — sending update…
2026-09-29 00:57:03,358 [INFO] recv 13933B via direct in 18ms
2026-09-29 00:57:03,363 [INFO] [client-4] Round 7 — training locally…
2026-09-29 00:57:03,477 [INFO] [client-4] Round 7 — sending update…
2026-09-29 00:57:03,481 [INFO] recv 13933B via direct in 18ms
2026-09-29 00:57:03,485 [INFO] [client-9] Round 7 — training locally…
2026-09-29 00:57:03,604 [INFO] [client-9] Round 7 — sending update…
2026-09-29 00:57:03,606 [INFO] send 13933B via direct in 25ms (4.54 Mbit/s) to 76a40726ff2c1070
2026-09-29 00:57:03,608 [INFO] recv 13933B via direct in 18ms
2026-09-29 00:57:03,609 [INFO] [client-5] Round 7 — training locally…
2026-09-29 00:57:03,706 [INFO] [client-5] Round 7 — sending update…
2026-09-29 00:57:03,710 [INFO] recv 13933B via direct in 20ms
2026-09-29 00:57:03,713 [INFO] [client-3] Round 7 — training locally…
2026-09-29 00:57:03,946 [INFO] [client-3] Round 7 — sending update…
2026-09-29 00:57:03,949 [INFO] recv 13933B via direct in 20ms
2026-09-29 00:57:03,953 [INFO] [client-1] Round 7 — training locally…
2026-09-29 00:57:04,059 [INFO] [client-1] Round 7 — sending update…
2026-09-29 00:57:04,061 [INFO] recv 13933B via direct in 21ms
2026-09-29 00:57:04,064 [INFO] [client-6] Round 7 — training locally…
2026-09-29 00:57:04,166 [INFO] [client-6] Round 7 — sending update…
2026-09-29 00:57:04,177 [INFO] recv 13933B via direct in 344ms
2026-09-29 00:57:04,180 [INFO] [client-7] Round 7 — training locally…
2026-09-29 00:57:04,299 [INFO] [client-7] Round 7 — sending update…
2026-09-29 00:57:04,312 [INFO] send 13933B via direct in 920ms (0.12 Mbit/s) to 14ebd73a4d7c0a92
2026-09-29 00:57:04,323 [INFO] send 13933B via direct in 716ms (0.16 Mbit/s) to 80820a0e78a08da1
2026-09-29 00:57:04,345 [INFO] [client-9] Round 7 done — loss=1.0090 acc=0.5225  1.4s
2026-09-29 00:57:04,346 [INFO] [client-9] Round 8 — receiving model…
2026-09-29 00:57:04,354 [INFO] send 13933B via direct in 992ms (0.11 Mbit/s) to 80820a0e78a08da1
2026-09-29 00:57:04,374 [INFO] [client-0] Round 7 done — loss=1.0595 acc=0.4436  1.5s
2026-09-29 00:57:04,375 [INFO] [client-0] Round 8 — receiving model…
2026-09-29 00:57:04,377 [INFO] send 13933B via direct in 289ms (0.39 Mbit/s) to 80820a0e78a08da1
2026-09-29 00:57:04,397 [INFO] [client-1] Round 7 done — loss=1.0589 acc=0.4293  1.5s
2026-09-29 00:57:04,398 [INFO] [client-1] Round 8 — receiving model…
2026-09-29 00:57:04,400 [INFO] send 13933B via direct in 402ms (0.28 Mbit/s) to 80820a0e78a08da1
2026-09-29 00:57:04,430 [INFO] [client-3] Round 7 done — loss=1.0465 acc=0.4560  1.3s
2026-09-29 00:57:04,431 [INFO] [client-3] Round 8 — receiving model…
2026-09-29 00:57:04,432 [INFO] send 13933B via direct in 183ms (0.61 Mbit/s) to 80820a0e78a08da1
2026-09-29 00:57:04,452 [INFO] [client-6] Round 7 done — loss=1.0167 acc=0.4854  1.2s
2026-09-29 00:57:04,452 [INFO] [client-6] Round 8 — receiving model…
2026-09-29 00:57:04,453 [INFO] send 13933B via direct in 1106ms (0.10 Mbit/s) to 631915e49a2a7052
2026-09-29 00:57:04,454 [INFO] send 13933B via direct in 1104ms (0.10 Mbit/s) to 71a8ea205ccdfff0
2026-09-29 00:57:04,455 [INFO] recv 13933B via direct in 38ms
2026-09-29 00:57:04,459 [INFO] [client-8] Round 7 — training locally…
2026-09-29 00:57:04,568 [INFO] [client-8] Round 7 — sending update…
2026-09-29 00:57:04,570 [INFO] recv 13933B via direct in 39ms
2026-09-29 00:57:04,574 [INFO] [client-2] Round 7 — training locally…
2026-09-29 00:57:04,673 [INFO] [client-2] Round 7 — sending update…
2026-09-29 00:57:04,676 [INFO] Round 7 — waiting for 10 updates…
2026-09-29 00:57:04,677 [INFO] recv 13933B via direct in 153ms
2026-09-29 00:57:04,680 [INFO] recv 13933B via direct in 153ms
2026-09-29 00:57:04,682 [INFO] recv 13933B via direct in 176ms
2026-09-29 00:57:04,684 [INFO] recv 13933B via direct in 176ms
2026-09-29 00:57:04,686 [INFO] recv 13933B via direct in 176ms
2026-09-29 00:57:04,688 [INFO] recv 13933B via direct in 180ms
2026-09-29 00:57:04,691 [INFO] send 13933B via direct in 874ms (0.13 Mbit/s) to 80820a0e78a08da1
2026-09-29 00:57:04,706 [INFO] [client-4] Round 7 done — loss=1.0194 acc=0.4924  1.7s
2026-09-29 00:57:04,707 [INFO] [client-4] Round 8 — receiving model…
2026-09-29 00:57:04,708 [INFO] recv 13933B via direct in 38ms
2026-09-29 00:57:04,712 [INFO] send 13933B via direct in 746ms (0.15 Mbit/s) to 80820a0e78a08da1
2026-09-29 00:57:04,732 [INFO] [client-5] Round 7 done — loss=0.9752 acc=0.5433  1.9s
2026-09-29 00:57:04,733 [INFO] [client-5] Round 8 — receiving model…
2026-09-29 00:57:04,739 [INFO] send 13933B via direct in 433ms (0.26 Mbit/s) to 80820a0e78a08da1
2026-09-29 00:57:04,757 [INFO] [client-7] Round 7 done — loss=1.0306 acc=0.4475  1.9s
2026-09-29 00:57:04,760 [INFO] [client-7] Round 8 — receiving model…
2026-09-29 00:57:04,762 [INFO] recv 13933B via direct in 422ms
2026-09-29 00:57:04,766 [INFO] send 13933B via direct in 192ms (0.58 Mbit/s) to 80820a0e78a08da1
2026-09-29 00:57:04,784 [INFO] [client-8] Round 7 done — loss=0.7643 acc=0.7095  1.8s
2026-09-29 00:57:04,785 [INFO] [client-8] Round 8 — receiving model…
2026-09-29 00:57:04,786 [INFO] send 13933B via direct in 87ms (1.29 Mbit/s) to 80820a0e78a08da1
2026-09-29 00:57:04,806 [INFO] [client-2] Round 7 done — loss=0.9642 acc=0.5254  1.9s
2026-09-29 00:57:04,807 [INFO] [client-2] Round 8 — receiving model…
2026-09-29 00:57:04,809 [INFO] recv 13933B via direct in 74ms
2026-09-29 00:57:04,812 [INFO] recv 13933B via direct in 74ms
2026-09-29 00:57:04,829 [INFO] Round 7/20  acc=0.4589  loss=1.0695  1.6s  clients=10
2026-09-29 00:57:04,831 [INFO] Round 8 — sending model to 10 clients…
2026-09-29 00:57:04,870 [INFO] recv 13933B via direct in 18ms
2026-09-29 00:57:04,873 [INFO] [client-0] Round 8 — training locally…
2026-09-29 00:57:04,980 [INFO] [client-0] Round 8 — sending update…
2026-09-29 00:57:04,983 [INFO] recv 13933B via direct in 18ms
2026-09-29 00:57:04,988 [INFO] [client-1] Round 8 — training locally…
2026-09-29 00:57:05,086 [INFO] [client-1] Round 8 — sending update…
2026-09-29 00:57:05,089 [INFO] recv 13933B via direct in 18ms
2026-09-29 00:57:05,093 [INFO] [client-3] Round 8 — training locally…
2026-09-29 00:57:05,197 [INFO] [client-3] Round 8 — sending update…
2026-09-29 00:57:05,200 [INFO] send 13933B via direct in 35ms (3.18 Mbit/s) to 99a249a0b4e0e3f8
2026-09-29 00:57:05,201 [INFO] recv 13933B via direct in 19ms
2026-09-29 00:57:05,204 [INFO] [client-8] Round 8 — training locally…
2026-09-29 00:57:05,314 [INFO] [client-8] Round 8 — sending update…
2026-09-29 00:57:05,317 [INFO] send 13933B via direct in 34ms (3.32 Mbit/s) to 8e416f6323986977
2026-09-29 00:57:05,317 [INFO] send 13933B via direct in 32ms (3.52 Mbit/s) to 76a40726ff2c1070
2026-09-29 00:57:05,318 [INFO] send 13933B via direct in 30ms (3.71 Mbit/s) to 631915e49a2a7052
2026-09-29 00:57:05,319 [INFO] send 13933B via direct in 28ms (4.04 Mbit/s) to 14ebd73a4d7c0a92
2026-09-29 00:57:05,320 [INFO] send 13933B via direct in 30ms (3.72 Mbit/s) to 9a6552a2b1b896e7
2026-09-29 00:57:05,322 [INFO] send 13933B via direct in 26ms (4.22 Mbit/s) to bf998849929e4037
2026-09-29 00:57:05,324 [INFO] recv 13933B via direct in 20ms
2026-09-29 00:57:05,327 [INFO] [client-6] Round 8 — training locally…
2026-09-29 00:57:05,427 [INFO] [client-6] Round 8 — sending update…
2026-09-29 00:57:05,429 [INFO] recv 13933B via direct in 21ms
2026-09-29 00:57:05,434 [INFO] [client-9] Round 8 — training locally…
2026-09-29 00:57:05,557 [INFO] [client-9] Round 8 — sending update…
2026-09-29 00:57:05,559 [INFO] recv 13933B via direct in 8ms
2026-09-29 00:57:05,562 [INFO] [client-7] Round 8 — training locally…
2026-09-29 00:57:05,655 [INFO] [client-7] Round 8 — sending update…
2026-09-29 00:57:05,663 [INFO] send 13933B via direct in 478ms (0.23 Mbit/s) to 71a8ea205ccdfff0
2026-09-29 00:57:05,665 [INFO] send 13933B via direct in 477ms (0.23 Mbit/s) to 6092efa4a4bb7e98
2026-09-29 00:57:05,666 [INFO] recv 13933B via direct in 695ms
2026-09-29 00:57:05,668 [INFO] [client-4] Round 8 — training locally…
2026-09-29 00:57:05,780 [INFO] [client-4] Round 8 — sending update…
2026-09-29 00:57:05,784 [INFO] recv 13933B via direct in 794ms
2026-09-29 00:57:05,788 [INFO] [client-2] Round 8 — training locally…
2026-09-29 00:57:05,962 [INFO] [client-2] Round 8 — sending update…
2026-09-29 00:57:05,971 [INFO] send 13933B via direct in 984ms (0.11 Mbit/s) to 80820a0e78a08da1
2026-09-29 00:57:05,985 [INFO] [client-0] Round 8 done — loss=1.0479 acc=0.4575  1.6s
2026-09-29 00:57:05,986 [INFO] [client-0] Round 9 — receiving model…
2026-09-29 00:57:05,987 [INFO] send 13933B via direct in 878ms (0.13 Mbit/s) to 80820a0e78a08da1
2026-09-29 00:57:06,004 [INFO] [client-1] Round 8 done — loss=1.0628 acc=0.4124  1.6s
2026-09-29 00:57:06,005 [INFO] [client-1] Round 9 — receiving model…
2026-09-29 00:57:06,013 [INFO] send 13933B via direct in 354ms (0.32 Mbit/s) to 80820a0e78a08da1
2026-09-29 00:57:06,031 [INFO] [client-7] Round 8 done — loss=1.0293 acc=0.4492  1.3s
2026-09-29 00:57:06,032 [INFO] [client-7] Round 9 — receiving model…
2026-09-29 00:57:06,034 [INFO] send 13933B via direct in 583ms (0.19 Mbit/s) to 80820a0e78a08da1
2026-09-29 00:57:06,057 [INFO] [client-6] Round 8 done — loss=1.0156 acc=0.4958  1.6s
2026-09-29 00:57:06,058 [INFO] [client-6] Round 9 — receiving model…
2026-09-29 00:57:06,059 [INFO] send 13933B via direct in 251ms (0.45 Mbit/s) to 80820a0e78a08da1
2026-09-29 00:57:06,084 [INFO] [client-4] Round 8 done — loss=1.0157 acc=0.4976  1.4s
2026-09-29 00:57:06,084 [INFO] [client-4] Round 9 — receiving model…
2026-09-29 00:57:06,088 [INFO] send 13933B via direct in 1239ms (0.09 Mbit/s) to 54192350e70e7c2c
2026-09-29 00:57:06,089 [INFO] recv 13933B via direct in 115ms
2026-09-29 00:57:06,091 [INFO] [client-5] Round 8 — training locally…
2026-09-29 00:57:06,185 [INFO] [client-5] Round 8 — sending update…
2026-09-29 00:57:06,188 [INFO] Round 8 — waiting for 10 updates…
2026-09-29 00:57:06,189 [INFO] recv 13933B via direct in 686ms
2026-09-29 00:57:06,192 [INFO] recv 13933B via direct in 686ms
2026-09-29 00:57:06,194 [INFO] recv 13933B via direct in 346ms
2026-09-29 00:57:06,196 [INFO] recv 13933B via direct in 68ms
2026-09-29 00:57:06,198 [INFO] recv 13933B via direct in 115ms
2026-09-29 00:57:06,207 [INFO] recv 13933B via direct in 4ms
2026-09-29 00:57:06,210 [INFO] send 13933B via direct in 19ms (5.80 Mbit/s) to 80820a0e78a08da1
2026-09-29 00:57:06,226 [INFO] [client-5] Round 8 done — loss=0.9805 acc=0.5477  1.5s
2026-09-29 00:57:06,227 [INFO] [client-5] Round 9 — receiving model…
2026-09-29 00:57:06,228 [INFO] send 13933B via direct in 1008ms (0.11 Mbit/s) to 80820a0e78a08da1
2026-09-29 00:57:06,246 [INFO] [client-3] Round 8 done — loss=1.0410 acc=0.4595  1.8s
2026-09-29 00:57:06,247 [INFO] [client-3] Round 9 — receiving model…
2026-09-29 00:57:06,248 [INFO] recv 13933B via direct in 5ms
2026-09-29 00:57:06,337 [INFO] send 13933B via direct in 1019ms (0.11 Mbit/s) to 80820a0e78a08da1
2026-09-29 00:57:06,361 [INFO] [client-8] Round 8 done — loss=0.7649 acc=0.7129  1.6s
2026-09-29 00:57:06,364 [INFO] [client-8] Round 9 — receiving model…
2026-09-29 00:57:06,365 [INFO] recv 13933B via direct in 43ms
2026-09-29 00:57:06,583 [INFO] send 13933B via direct in 1022ms (0.11 Mbit/s) to 80820a0e78a08da1
2026-09-29 00:57:06,654 [INFO] [client-9] Round 8 done — loss=1.0122 acc=0.5260  2.3s
2026-09-29 00:57:06,655 [INFO] [client-9] Round 9 — receiving model…
2026-09-29 00:57:06,657 [INFO] recv 13933B via direct in 79ms
2026-09-29 00:57:06,979 [INFO] send 13933B via direct in 1013ms (0.11 Mbit/s) to 80820a0e78a08da1
2026-09-29 00:57:07,033 [INFO] [client-2] Round 8 done — loss=0.9605 acc=0.5130  2.2s
2026-09-29 00:57:07,034 [INFO] [client-2] Round 9 — receiving model…
2026-09-29 00:57:07,035 [INFO] recv 13933B via direct in 8ms
2026-09-29 00:57:07,060 [INFO] Round 8/20  acc=0.4527  loss=1.0718  2.2s  clients=10
2026-09-29 00:57:07,061 [INFO] Round 9 — sending model to 10 clients…
2026-09-29 00:57:07,101 [INFO] send 13933B via direct in 32ms (3.47 Mbit/s) to 71a8ea205ccdfff0
2026-09-29 00:57:07,102 [INFO] send 13933B via direct in 32ms (3.48 Mbit/s) to 8e416f6323986977
2026-09-29 00:57:07,104 [INFO] recv 13933B via direct in 21ms
2026-09-29 00:57:07,107 [INFO] [client-2] Round 9 — training locally…
2026-09-29 00:57:07,227 [INFO] [client-2] Round 9 — sending update…
2026-09-29 00:57:07,229 [INFO] recv 13933B via direct in 22ms
2026-09-29 00:57:07,232 [INFO] [client-1] Round 9 — training locally…
2026-09-29 00:57:07,333 [INFO] [client-1] Round 9 — sending update…
2026-09-29 00:57:07,337 [INFO] recv 13933B via direct in 11ms
2026-09-29 00:57:07,340 [INFO] [client-0] Round 9 — training locally…
2026-09-29 00:57:07,421 [INFO] [client-0] Round 9 — sending update…
2026-09-29 00:57:07,424 [INFO] recv 13933B via direct in 11ms
2026-09-29 00:57:07,428 [INFO] [client-8] Round 9 — training locally…
2026-09-29 00:57:07,531 [INFO] [client-8] Round 9 — sending update…
2026-09-29 00:57:07,534 [INFO] recv 13933B via direct in 24ms
2026-09-29 00:57:07,537 [INFO] [client-9] Round 9 — training locally…
2026-09-29 00:57:07,630 [INFO] [client-9] Round 9 — sending update…
2026-09-29 00:57:07,634 [INFO] send 13933B via direct in 29ms (3.84 Mbit/s) to 99a249a0b4e0e3f8
2026-09-29 00:57:07,635 [INFO] send 13933B via direct in 28ms (3.97 Mbit/s) to 631915e49a2a7052
2026-09-29 00:57:07,636 [INFO] send 13933B via direct in 32ms (3.48 Mbit/s) to bf998849929e4037
2026-09-29 00:57:07,637 [INFO] recv 13933B via direct in 24ms
2026-09-29 00:57:07,640 [INFO] [client-7] Round 9 — training locally…
2026-09-29 00:57:07,754 [INFO] [client-7] Round 9 — sending update…
2026-09-29 00:57:07,757 [INFO] send 13933B via direct in 29ms (3.90 Mbit/s) to 6092efa4a4bb7e98
2026-09-29 00:57:07,759 [INFO] send 13933B via direct in 27ms (4.14 Mbit/s) to 54192350e70e7c2c
2026-09-29 00:57:07,760 [INFO] send 13933B via direct in 35ms (3.22 Mbit/s) to 9a6552a2b1b896e7
2026-09-29 00:57:07,762 [INFO] send 13933B via direct in 31ms (3.59 Mbit/s) to 76a40726ff2c1070
2026-09-29 00:57:07,764 [INFO] recv 13933B via direct in 16ms
2026-09-29 00:57:07,766 [INFO] [client-4] Round 9 — training locally…
2026-09-29 00:57:07,885 [INFO] [client-4] Round 9 — sending update…
2026-09-29 00:57:07,888 [INFO] recv 13933B via direct in 12ms
2026-09-29 00:57:07,892 [INFO] [client-3] Round 9 — training locally…
2026-09-29 00:57:08,049 [INFO] [client-3] Round 9 — sending update…
2026-09-29 00:57:08,058 [INFO] recv 13933B via direct in 541ms
2026-09-29 00:57:08,061 [INFO] [client-5] Round 9 — training locally…
2026-09-29 00:57:08,163 [INFO] [client-5] Round 9 — sending update…
2026-09-29 00:57:08,186 [INFO] send 13933B via direct in 1121ms (0.10 Mbit/s) to 14ebd73a4d7c0a92
2026-09-29 00:57:08,187 [INFO] send 13933B via direct in 18ms (6.14 Mbit/s) to 80820a0e78a08da1
2026-09-29 00:57:08,204 [INFO] [client-5] Round 9 done — loss=0.9724 acc=0.5525  2.0s
2026-09-29 00:57:08,205 [INFO] [client-5] Round 10 — receiving model…
2026-09-29 00:57:08,206 [INFO] Round 9 — waiting for 10 updates…
2026-09-29 00:57:08,207 [INFO] recv 13933B via direct in 419ms
2026-09-29 00:57:08,211 [INFO] recv 13933B via direct in 419ms
2026-09-29 00:57:08,214 [INFO] recv 13933B via direct in 132ms
2026-09-29 00:57:08,216 [INFO] recv 13933B via direct in 17ms
2026-09-29 00:57:08,219 [INFO] recv 13933B via direct in 13ms
2026-09-29 00:57:08,223 [INFO] recv 13933B via direct in 11ms
2026-09-29 00:57:08,225 [INFO] recv 13933B via direct in 29ms
2026-09-29 00:57:08,227 [INFO] recv 13933B via direct in 13ms
2026-09-29 00:57:08,230 [INFO] [client-6] Round 9 — training locally…
2026-09-29 00:57:08,336 [INFO] [client-6] Round 9 — sending update…
2026-09-29 00:57:08,339 [INFO] send 13933B via direct in 978ms (0.11 Mbit/s) to 80820a0e78a08da1
2026-09-29 00:57:08,361 [INFO] [client-2] Round 9 done — loss=0.9666 acc=0.5216  1.3s
2026-09-29 00:57:08,363 [INFO] [client-2] Round 10 — receiving model…
2026-09-29 00:57:08,364 [INFO] send 13933B via direct in 795ms (0.14 Mbit/s) to 80820a0e78a08da1
2026-09-29 00:57:08,378 [INFO] [client-0] Round 9 done — loss=1.0549 acc=0.4462  2.4s
2026-09-29 00:57:08,379 [INFO] [client-0] Round 10 — receiving model…
2026-09-29 00:57:08,380 [INFO] send 13933B via direct in 589ms (0.19 Mbit/s) to 80820a0e78a08da1
2026-09-29 00:57:08,394 [INFO] [client-9] Round 9 done — loss=1.0129 acc=0.5263  1.7s
2026-09-29 00:57:08,395 [INFO] [client-9] Round 10 — receiving model…
2026-09-29 00:57:08,397 [INFO] send 13933B via direct in 466ms (0.24 Mbit/s) to 80820a0e78a08da1
2026-09-29 00:57:08,415 [INFO] [client-7] Round 9 done — loss=1.0296 acc=0.4488  2.4s
2026-09-29 00:57:08,416 [INFO] [client-7] Round 10 — receiving model…
2026-09-29 00:57:08,416 [INFO] send 13933B via direct in 451ms (0.25 Mbit/s) to 80820a0e78a08da1
2026-09-29 00:57:08,441 [INFO] [client-4] Round 9 done — loss=1.0182 acc=0.4945  2.4s
2026-09-29 00:57:08,441 [INFO] [client-4] Round 10 — receiving model…
2026-09-29 00:57:08,442 [INFO] send 13933B via direct in 313ms (0.36 Mbit/s) to 80820a0e78a08da1
2026-09-29 00:57:08,463 [INFO] [client-3] Round 9 done — loss=1.0476 acc=0.4454  2.2s
2026-09-29 00:57:08,464 [INFO] [client-3] Round 10 — receiving model…
2026-09-29 00:57:08,471 [INFO] send 13933B via direct in 132ms (0.85 Mbit/s) to 80820a0e78a08da1
2026-09-29 00:57:08,499 [INFO] [client-6] Round 9 done — loss=1.0144 acc=0.4885  2.4s
2026-09-29 00:57:08,500 [INFO] [client-6] Round 10 — receiving model…
2026-09-29 00:57:08,502 [INFO] recv 13933B via direct in 28ms
2026-09-29 00:57:08,539 [INFO] send 13933B via direct in 1005ms (0.11 Mbit/s) to 80820a0e78a08da1
2026-09-29 00:57:08,572 [INFO] [client-8] Round 9 done — loss=0.7579 acc=0.7133  2.2s
2026-09-29 00:57:08,573 [INFO] [client-8] Round 10 — receiving model…
2026-09-29 00:57:08,574 [INFO] recv 13933B via direct in 2ms
2026-09-29 00:57:09,085 [INFO] send 13933B via direct in 1747ms (0.06 Mbit/s) to 80820a0e78a08da1
2026-09-29 00:57:09,124 [INFO] [client-1] Round 9 done — loss=1.0624 acc=0.4255  3.1s
2026-09-29 00:57:09,126 [INFO] [client-1] Round 10 — receiving model…
2026-09-29 00:57:09,127 [INFO] recv 13933B via direct in 1320ms
2026-09-29 00:57:09,148 [INFO] Round 9/20  acc=0.4622  loss=1.0652  2.1s  clients=10
2026-09-29 00:57:09,150 [INFO] Round 10 — sending model to 10 clients…
2026-09-29 00:57:09,187 [INFO] send 13933B via direct in 33ms (3.41 Mbit/s) to 99a249a0b4e0e3f8
2026-09-29 00:57:09,188 [INFO] send 13933B via direct in 32ms (3.49 Mbit/s) to 631915e49a2a7052
2026-09-29 00:57:09,190 [INFO] send 13933B via direct in 31ms (3.56 Mbit/s) to 14ebd73a4d7c0a92
2026-09-29 00:57:09,191 [INFO] send 13933B via direct in 24ms (4.69 Mbit/s) to 6092efa4a4bb7e98
2026-09-29 00:57:09,195 [INFO] recv 13933B via direct in 21ms
2026-09-29 00:57:09,198 [INFO] [client-0] Round 10 — training locally…
2026-09-29 00:57:09,309 [INFO] [client-0] Round 10 — sending update…
2026-09-29 00:57:09,314 [INFO] recv 13933B via direct in 21ms
2026-09-29 00:57:09,316 [INFO] [client-8] Round 10 — training locally…
2026-09-29 00:57:09,433 [INFO] [client-8] Round 10 — sending update…
2026-09-29 00:57:09,437 [INFO] recv 13933B via direct in 21ms
2026-09-29 00:57:09,439 [INFO] [client-6] Round 10 — training locally…
2026-09-29 00:57:09,546 [INFO] [client-6] Round 10 — sending update…
2026-09-29 00:57:09,549 [INFO] recv 13933B via direct in 21ms
2026-09-29 00:57:09,552 [INFO] [client-7] Round 10 — training locally…
2026-09-29 00:57:09,655 [INFO] [client-7] Round 10 — sending update…
2026-09-29 00:57:09,659 [INFO] recv 13933B via direct in 21ms
2026-09-29 00:57:09,662 [INFO] [client-2] Round 10 — training locally…
2026-09-29 00:57:09,777 [INFO] [client-2] Round 10 — sending update…
2026-09-29 00:57:09,780 [INFO] recv 13933B via direct in 21ms
2026-09-29 00:57:09,784 [INFO] [client-9] Round 10 — training locally…
2026-09-29 00:57:09,873 [INFO] [client-9] Round 10 — sending update…
2026-09-29 00:57:09,878 [INFO] recv 13933B via direct in 29ms
2026-09-29 00:57:09,881 [INFO] [client-4] Round 10 — training locally…
2026-09-29 00:57:10,028 [INFO] [client-4] Round 10 — sending update…
2026-09-29 00:57:10,036 [INFO] recv 13933B via direct in 478ms
2026-09-29 00:57:10,039 [INFO] [client-3] Round 10 — training locally…
2026-09-29 00:57:10,162 [INFO] [client-3] Round 10 — sending update…
2026-09-29 00:57:10,171 [INFO] recv 13933B via direct in 479ms
2026-09-29 00:57:10,174 [INFO] [client-1] Round 10 — training locally…
2026-09-29 00:57:10,278 [INFO] [client-1] Round 10 — sending update…
2026-09-29 00:57:10,287 [INFO] send 13933B via direct in 720ms (0.16 Mbit/s) to bf998849929e4037
2026-09-29 00:57:10,291 [INFO] send 13933B via direct in 715ms (0.16 Mbit/s) to 76a40726ff2c1070
2026-09-29 00:57:10,292 [INFO] send 13933B via direct in 714ms (0.16 Mbit/s) to 8e416f6323986977
2026-09-29 00:57:10,293 [INFO] send 13933B via direct in 717ms (0.16 Mbit/s) to 9a6552a2b1b896e7
2026-09-29 00:57:10,294 [INFO] send 13933B via direct in 723ms (0.15 Mbit/s) to 71a8ea205ccdfff0
2026-09-29 00:57:10,295 [INFO] send 13933B via direct in 719ms (0.16 Mbit/s) to 54192350e70e7c2c
2026-09-29 00:57:10,296 [INFO] recv 13933B via direct in 870ms
2026-09-29 00:57:10,298 [INFO] [client-5] Round 10 — training locally…
2026-09-29 00:57:10,400 [INFO] [client-5] Round 10 — sending update…
2026-09-29 00:57:10,408 [INFO] Round 10 — waiting for 10 updates…
2026-09-29 00:57:10,415 [INFO] send 13933B via direct in 755ms (0.15 Mbit/s) to 80820a0e78a08da1
2026-09-29 00:57:10,439 [INFO] [client-7] Round 10 done — loss=1.0329 acc=0.4547  2.0s
2026-09-29 00:57:10,440 [INFO] [client-7] Round 11 — receiving model…
2026-09-29 00:57:10,442 [INFO] send 13933B via direct in 634ms (0.18 Mbit/s) to 80820a0e78a08da1
2026-09-29 00:57:10,460 [INFO] [client-2] Round 10 done — loss=0.9647 acc=0.5288  2.1s
2026-09-29 00:57:10,461 [INFO] [client-2] Round 11 — receiving model…
2026-09-29 00:57:10,466 [INFO] send 13933B via direct in 1100ms (0.10 Mbit/s) to 80820a0e78a08da1
2026-09-29 00:57:10,482 [INFO] [client-0] Round 10 done — loss=1.0523 acc=0.4614  2.1s
2026-09-29 00:57:10,484 [INFO] [client-0] Round 11 — receiving model…
2026-09-29 00:57:10,485 [INFO] send 13933B via direct in 866ms (0.13 Mbit/s) to 80820a0e78a08da1
2026-09-29 00:57:10,503 [INFO] [client-6] Round 10 done — loss=1.0144 acc=0.4965  2.0s
2026-09-29 00:57:10,504 [INFO] [client-6] Round 11 — receiving model…
2026-09-29 00:57:10,507 [INFO] recv 13933B via direct in 380ms
2026-09-29 00:57:10,510 [INFO] recv 13933B via direct in 380ms
2026-09-29 00:57:10,513 [INFO] recv 13933B via direct in 406ms
2026-09-29 00:57:10,516 [INFO] recv 13933B via direct in 426ms
2026-09-29 00:57:10,521 [INFO] recv 13933B via direct in 219ms
2026-09-29 00:57:10,524 [INFO] send 13933B via direct in 631ms (0.18 Mbit/s) to 80820a0e78a08da1
2026-09-29 00:57:10,545 [INFO] [client-9] Round 10 done — loss=1.0157 acc=0.5144  2.1s
2026-09-29 00:57:10,546 [INFO] [client-9] Round 11 — receiving model…
2026-09-29 00:57:10,547 [INFO] send 13933B via direct in 473ms (0.24 Mbit/s) to 80820a0e78a08da1
2026-09-29 00:57:10,567 [INFO] [client-4] Round 10 done — loss=1.0169 acc=0.4900  2.1s
2026-09-29 00:57:10,568 [INFO] [client-4] Round 11 — receiving model…
2026-09-29 00:57:10,569 [INFO] send 13933B via direct in 342ms (0.33 Mbit/s) to 80820a0e78a08da1
2026-09-29 00:57:10,588 [INFO] [client-3] Round 10 done — loss=1.0424 acc=0.4492  2.1s
2026-09-29 00:57:10,589 [INFO] [client-3] Round 11 — receiving model…
2026-09-29 00:57:10,590 [INFO] send 13933B via direct in 226ms (0.49 Mbit/s) to 80820a0e78a08da1
2026-09-29 00:57:10,611 [INFO] [client-1] Round 10 done — loss=1.0600 acc=0.4303  1.5s
2026-09-29 00:57:10,612 [INFO] [client-1] Round 11 — receiving model…
2026-09-29 00:57:10,613 [INFO] recv 13933B via direct in 217ms
2026-09-29 00:57:10,618 [INFO] recv 13933B via direct in 222ms
2026-09-29 00:57:10,620 [INFO] recv 13933B via direct in 115ms
2026-09-29 00:57:10,624 [INFO] recv 13933B via direct in 208ms
2026-09-29 00:57:10,626 [INFO] send 13933B via direct in 220ms (0.51 Mbit/s) to 80820a0e78a08da1
2026-09-29 00:57:10,715 [INFO] [client-5] Round 10 done — loss=0.9731 acc=0.5419  2.5s
2026-09-29 00:57:10,716 [INFO] [client-5] Round 11 — receiving model…
2026-09-29 00:57:10,717 [INFO] send 13933B via direct in 1187ms (0.09 Mbit/s) to 80820a0e78a08da1
2026-09-29 00:57:10,735 [INFO] [client-8] Round 10 done — loss=0.7637 acc=0.7112  2.2s
2026-09-29 00:57:10,737 [INFO] [client-8] Round 11 — receiving model…
2026-09-29 00:57:10,738 [INFO] recv 13933B via direct in 117ms
2026-09-29 00:57:10,765 [INFO] Round 10/20  acc=0.4544  loss=1.0712  1.6s  clients=10
2026-09-29 00:57:10,766 [INFO] Round 11 — sending model to 10 clients…
2026-09-29 00:57:10,800 [INFO] recv 13933B via direct in 19ms
2026-09-29 00:57:10,804 [INFO] [client-9] Round 11 — training locally…
2026-09-29 00:57:10,907 [INFO] [client-9] Round 11 — sending update…
2026-09-29 00:57:10,915 [INFO] recv 13933B via direct in 20ms
2026-09-29 00:57:10,918 [INFO] [client-0] Round 11 — training locally…
2026-09-29 00:57:11,006 [INFO] [client-0] Round 11 — sending update…
2026-09-29 00:57:11,010 [INFO] recv 13933B via direct in 21ms
2026-09-29 00:57:11,015 [INFO] [client-2] Round 11 — training locally…
2026-09-29 00:57:11,116 [INFO] [client-2] Round 11 — sending update…
2026-09-29 00:57:11,120 [INFO] send 13933B via direct in 139ms (0.80 Mbit/s) to 99a249a0b4e0e3f8
2026-09-29 00:57:11,123 [INFO] send 13933B via direct in 137ms (0.81 Mbit/s) to 6092efa4a4bb7e98
2026-09-29 00:57:11,124 [INFO] recv 13933B via direct in 116ms
2026-09-29 00:57:11,126 [INFO] [client-4] Round 11 — training locally…
2026-09-29 00:57:11,235 [INFO] [client-4] Round 11 — sending update…
2026-09-29 00:57:11,239 [INFO] send 13933B via direct in 143ms (0.78 Mbit/s) to 9a6552a2b1b896e7
2026-09-29 00:57:11,242 [INFO] send 13933B via direct in 138ms (0.81 Mbit/s) to 14ebd73a4d7c0a92
2026-09-29 00:57:11,243 [INFO] send 13933B via direct in 145ms (0.77 Mbit/s) to 8e416f6323986977
2026-09-29 00:57:11,244 [INFO] send 13933B via direct in 138ms (0.81 Mbit/s) to bf998849929e4037
2026-09-29 00:57:11,245 [INFO] send 13933B via direct in 137ms (0.81 Mbit/s) to 76a40726ff2c1070
2026-09-29 00:57:11,246 [INFO] send 13933B via direct in 136ms (0.82 Mbit/s) to 631915e49a2a7052
2026-09-29 00:57:11,248 [INFO] send 13933B via direct in 138ms (0.81 Mbit/s) to 71a8ea205ccdfff0
2026-09-29 00:57:11,251 [INFO] recv 13933B via direct in 215ms
2026-09-29 00:57:11,253 [INFO] [client-6] Round 11 — training locally…
2026-09-29 00:57:11,360 [INFO] [client-6] Round 11 — sending update…
2026-09-29 00:57:11,366 [INFO] recv 13933B via direct in 339ms
2026-09-29 00:57:11,368 [INFO] [client-1] Round 11 — training locally…
2026-09-29 00:57:11,466 [INFO] [client-1] Round 11 — sending update…
2026-09-29 00:57:11,469 [INFO] recv 13933B via direct in 324ms
2026-09-29 00:57:11,473 [INFO] [client-7] Round 11 — training locally…
2026-09-29 00:57:11,571 [INFO] [client-7] Round 11 — sending update…
2026-09-29 00:57:11,573 [INFO] recv 13933B via direct in 324ms
2026-09-29 00:57:11,575 [INFO] [client-3] Round 11 — training locally…
2026-09-29 00:57:11,693 [INFO] [client-3] Round 11 — sending update…
2026-09-29 00:57:11,696 [INFO] recv 13933B via direct in 324ms
2026-09-29 00:57:11,700 [INFO] [client-8] Round 11 — training locally…
2026-09-29 00:57:11,823 [INFO] [client-8] Round 11 — sending update…
2026-09-29 00:57:11,845 [INFO] send 13933B via direct in 923ms (0.12 Mbit/s) to 80820a0e78a08da1
2026-09-29 00:57:11,865 [INFO] [client-9] Round 11 done — loss=1.0104 acc=0.5239  1.3s
2026-09-29 00:57:11,866 [INFO] [client-9] Round 12 — receiving model…
2026-09-29 00:57:11,869 [INFO] send 13933B via direct in 726ms (0.15 Mbit/s) to 80820a0e78a08da1
2026-09-29 00:57:11,883 [INFO] [client-2] Round 11 done — loss=0.9634 acc=0.5234  1.4s
2026-09-29 00:57:11,884 [INFO] [client-2] Round 12 — receiving model…
2026-09-29 00:57:11,885 [INFO] send 13933B via direct in 607ms (0.18 Mbit/s) to 80820a0e78a08da1
2026-09-29 00:57:11,905 [INFO] [client-4] Round 11 done — loss=1.0176 acc=0.4907  1.3s
2026-09-29 00:57:11,906 [INFO] [client-4] Round 12 — receiving model…
2026-09-29 00:57:11,909 [INFO] send 13933B via direct in 898ms (0.12 Mbit/s) to 80820a0e78a08da1
2026-09-29 00:57:11,933 [INFO] [client-0] Round 11 done — loss=1.0544 acc=0.4544  1.4s
2026-09-29 00:57:11,935 [INFO] [client-0] Round 12 — receiving model…
2026-09-29 00:57:11,937 [INFO] send 13933B via direct in 439ms (0.25 Mbit/s) to 80820a0e78a08da1
2026-09-29 00:57:11,958 [INFO] [client-1] Round 11 done — loss=1.0602 acc=0.4214  1.3s
2026-09-29 00:57:11,959 [INFO] [client-1] Round 12 — receiving model…
2026-09-29 00:57:11,962 [INFO] send 13933B via direct in 1130ms (0.10 Mbit/s) to 54192350e70e7c2c
2026-09-29 00:57:11,964 [INFO] Round 11 — waiting for 10 updates…
2026-09-29 00:57:11,966 [INFO] recv 13933B via direct in 629ms
2026-09-29 00:57:11,968 [INFO] recv 13933B via direct in 619ms
2026-09-29 00:57:11,970 [INFO] recv 13933B via direct in 545ms
2026-09-29 00:57:11,973 [INFO] recv 13933B via direct in 542ms
2026-09-29 00:57:11,975 [INFO] send 13933B via direct in 547ms (0.20 Mbit/s) to 80820a0e78a08da1
2026-09-29 00:57:12,001 [INFO] [client-6] Round 11 done — loss=1.0175 acc=0.4878  1.5s
2026-09-29 00:57:12,002 [INFO] [client-6] Round 12 — receiving model…
2026-09-29 00:57:12,003 [INFO] send 13933B via direct in 337ms (0.33 Mbit/s) to 80820a0e78a08da1
2026-09-29 00:57:12,022 [INFO] [client-7] Round 11 done — loss=1.0307 acc=0.4430  1.6s
2026-09-29 00:57:12,023 [INFO] [client-7] Round 12 — receiving model…
2026-09-29 00:57:12,024 [INFO] send 13933B via direct in 214ms (0.52 Mbit/s) to 80820a0e78a08da1
2026-09-29 00:57:12,041 [INFO] [client-3] Round 11 done — loss=1.0443 acc=0.4536  1.5s
2026-09-29 00:57:12,042 [INFO] [client-3] Round 12 — receiving model…
2026-09-29 00:57:12,044 [INFO] send 13933B via direct in 84ms (1.33 Mbit/s) to 80820a0e78a08da1
2026-09-29 00:57:12,068 [INFO] [client-8] Round 11 done — loss=0.7602 acc=0.7122  1.3s
2026-09-29 00:57:12,069 [INFO] [client-8] Round 12 — receiving model…
2026-09-29 00:57:12,071 [INFO] recv 13933B via direct in 103ms
2026-09-29 00:57:12,075 [INFO] recv 13933B via direct in 127ms
2026-09-29 00:57:12,077 [INFO] recv 13933B via direct in 127ms
2026-09-29 00:57:12,080 [INFO] recv 13933B via direct in 128ms
2026-09-29 00:57:12,082 [INFO] recv 13933B via direct in 130ms
2026-09-29 00:57:12,084 [INFO] [client-5] Round 11 — training locally…
2026-09-29 00:57:12,242 [INFO] [client-5] Round 11 — sending update…
2026-09-29 00:57:12,244 [INFO] recv 13933B via direct in 128ms
2026-09-29 00:57:12,254 [INFO] send 13933B via direct in 9ms (12.48 Mbit/s) to 80820a0e78a08da1
2026-09-29 00:57:12,269 [INFO] [client-5] Round 11 done — loss=0.9771 acc=0.5519  1.6s
2026-09-29 00:57:12,270 [INFO] [client-5] Round 12 — receiving model…
2026-09-29 00:57:12,271 [INFO] recv 13933B via direct in 3ms
2026-09-29 00:57:12,298 [INFO] Round 11/20  acc=0.4589  loss=1.0671  1.5s  clients=10
2026-09-29 00:57:12,299 [INFO] Round 12 — sending model to 10 clients…
2026-09-29 00:57:12,337 [INFO] send 13933B via direct in 33ms (3.35 Mbit/s) to 71a8ea205ccdfff0
2026-09-29 00:57:12,339 [INFO] send 13933B via direct in 33ms (3.43 Mbit/s) to bf998849929e4037
2026-09-29 00:57:12,341 [INFO] recv 13933B via direct in 19ms
2026-09-29 00:57:12,343 [INFO] [client-7] Round 12 — training locally…
2026-09-29 00:57:12,452 [INFO] [client-7] Round 12 — sending update…
2026-09-29 00:57:12,457 [INFO] send 13933B via direct in 32ms (3.51 Mbit/s) to 8e416f6323986977
2026-09-29 00:57:12,458 [INFO] recv 13933B via direct in 20ms
2026-09-29 00:57:12,461 [INFO] [client-2] Round 12 — training locally…
2026-09-29 00:57:12,568 [INFO] [client-2] Round 12 — sending update…
2026-09-29 00:57:12,573 [INFO] send 13933B via direct in 31ms (3.56 Mbit/s) to 99a249a0b4e0e3f8
2026-09-29 00:57:12,575 [INFO] send 13933B via direct in 31ms (3.61 Mbit/s) to 6092efa4a4bb7e98
2026-09-29 00:57:12,578 [INFO] recv 13933B via direct in 21ms
2026-09-29 00:57:12,581 [INFO] [client-1] Round 12 — training locally…
2026-09-29 00:57:12,680 [INFO] [client-1] Round 12 — sending update…
2026-09-29 00:57:12,682 [INFO] recv 13933B via direct in 21ms
2026-09-29 00:57:12,686 [INFO] [client-0] Round 12 — training locally…
2026-09-29 00:57:12,767 [INFO] [client-0] Round 12 — sending update…
2026-09-29 00:57:12,770 [INFO] recv 13933B via direct in 23ms
2026-09-29 00:57:12,773 [INFO] [client-6] Round 12 — training locally…
2026-09-29 00:57:12,868 [INFO] [client-6] Round 12 — sending update…
2026-09-29 00:57:12,870 [INFO] recv 13933B via direct in 10ms
2026-09-29 00:57:12,875 [INFO] [client-4] Round 12 — training locally…
2026-09-29 00:57:12,987 [INFO] [client-4] Round 12 — sending update…
2026-09-29 00:57:12,989 [INFO] recv 13933B via direct in 11ms
2026-09-29 00:57:12,992 [INFO] [client-8] Round 12 — training locally…
2026-09-29 00:57:13,085 [INFO] [client-8] Round 12 — sending update…
2026-09-29 00:57:13,088 [INFO] send 13933B via direct in 31ms (3.59 Mbit/s) to 631915e49a2a7052
2026-09-29 00:57:13,090 [INFO] send 13933B via direct in 142ms (0.79 Mbit/s) to 9a6552a2b1b896e7
2026-09-29 00:57:13,093 [INFO] send 13933B via direct in 144ms (0.78 Mbit/s) to 76a40726ff2c1070
2026-09-29 00:57:13,095 [INFO] recv 13933B via direct in 247ms
2026-09-29 00:57:13,098 [INFO] [client-3] Round 12 — training locally…
2026-09-29 00:57:13,218 [INFO] [client-3] Round 12 — sending update…
2026-09-29 00:57:13,223 [INFO] send 13933B via direct in 786ms (0.14 Mbit/s) to 14ebd73a4d7c0a92
2026-09-29 00:57:13,228 [INFO] recv 13933B via direct in 760ms
2026-09-29 00:57:13,230 [INFO] [client-9] Round 12 — training locally…
2026-09-29 00:57:13,347 [INFO] [client-9] Round 12 — sending update…
2026-09-29 00:57:13,364 [INFO] send 13933B via direct in 493ms (0.23 Mbit/s) to 80820a0e78a08da1
2026-09-29 00:57:13,388 [INFO] [client-6] Round 12 done — loss=1.0125 acc=0.4965  1.4s
2026-09-29 00:57:13,389 [INFO] [client-6] Round 13 — receiving model…
2026-09-29 00:57:13,394 [INFO] send 13933B via direct in 820ms (0.14 Mbit/s) to 80820a0e78a08da1
2026-09-29 00:57:13,414 [INFO] [client-2] Round 12 done — loss=0.9553 acc=0.5316  1.5s
2026-09-29 00:57:13,415 [INFO] [client-2] Round 13 — receiving model…
2026-09-29 00:57:13,416 [INFO] send 13933B via direct in 710ms (0.16 Mbit/s) to 80820a0e78a08da1
2026-09-29 00:57:13,436 [INFO] [client-1] Round 12 done — loss=1.0595 acc=0.4241  1.5s
2026-09-29 00:57:13,437 [INFO] [client-1] Round 13 — receiving model…
2026-09-29 00:57:13,438 [INFO] send 13933B via direct in 305ms (0.37 Mbit/s) to 80820a0e78a08da1
2026-09-29 00:57:13,461 [INFO] [client-8] Round 12 done — loss=0.7585 acc=0.7112  1.4s
2026-09-29 00:57:13,463 [INFO] [client-8] Round 13 — receiving model…
2026-09-29 00:57:13,464 [INFO] send 13933B via direct in 1089ms (0.10 Mbit/s) to 54192350e70e7c2c
2026-09-29 00:57:13,467 [INFO] send 13933B via direct in 43ms (2.58 Mbit/s) to 80820a0e78a08da1
2026-09-29 00:57:13,508 [INFO] [client-9] Round 12 done — loss=1.0076 acc=0.5277  1.6s
2026-09-29 00:57:13,509 [INFO] [client-9] Round 13 — receiving model…
2026-09-29 00:57:13,510 [INFO] Round 12 — waiting for 10 updates…
2026-09-29 00:57:13,511 [INFO] recv 13933B via direct in 271ms
2026-09-29 00:57:13,516 [INFO] recv 13933B via direct in 269ms
2026-09-29 00:57:13,519 [INFO] recv 13933B via direct in 269ms
2026-09-29 00:57:13,521 [INFO] recv 13933B via direct in 170ms
2026-09-29 00:57:13,523 [INFO] recv 13933B via direct in 37ms
2026-09-29 00:57:13,525 [INFO] recv 13933B via direct in 34ms
2026-09-29 00:57:13,527 [INFO] recv 13933B via direct in 35ms
2026-09-29 00:57:13,530 [INFO] [client-5] Round 12 — training locally…
2026-09-29 00:57:13,635 [INFO] [client-5] Round 12 — sending update…
2026-09-29 00:57:13,639 [INFO] send 13933B via direct in 624ms (0.18 Mbit/s) to 80820a0e78a08da1
2026-09-29 00:57:13,664 [INFO] [client-0] Round 12 done — loss=1.0567 acc=0.4544  1.7s
2026-09-29 00:57:13,665 [INFO] [client-0] Round 13 — receiving model…
2026-09-29 00:57:13,667 [INFO] send 13933B via direct in 447ms (0.25 Mbit/s) to 80820a0e78a08da1
2026-09-29 00:57:13,693 [INFO] [client-3] Round 12 done — loss=1.0478 acc=0.4595  1.7s
2026-09-29 00:57:13,694 [INFO] [client-3] Round 13 — receiving model…
2026-09-29 00:57:13,695 [INFO] recv 13933B via direct in 310ms
2026-09-29 00:57:14,010 [INFO] recv 13933B via direct in 1ms
2026-09-29 00:57:14,019 [INFO] send 13933B via direct in 1029ms (0.11 Mbit/s) to 80820a0e78a08da1
2026-09-29 00:57:14,076 [INFO] [client-4] Round 12 done — loss=1.0147 acc=0.4876  2.2s
2026-09-29 00:57:14,077 [INFO] [client-4] Round 13 — receiving model…
2026-09-29 00:57:14,478 [INFO] send 13933B via direct in 2020ms (0.06 Mbit/s) to 80820a0e78a08da1
2026-09-29 00:57:14,557 [INFO] [client-7] Round 12 done — loss=1.0285 acc=0.4512  2.5s
2026-09-29 00:57:14,558 [INFO] [client-7] Round 13 — receiving model…
2026-09-29 00:57:14,560 [INFO] recv 13933B via direct in 98ms
2026-09-29 00:57:14,690 [INFO] recv 13933B via direct in 41ms
2026-09-29 00:57:14,786 [INFO] Round 12/20  acc=0.4662  loss=1.0618  2.5s  clients=10
2026-09-29 00:57:14,788 [INFO] Round 13 — sending model to 10 clients…
2026-09-29 00:57:14,816 [INFO] send 13933B via direct in 1164ms (0.10 Mbit/s) to 80820a0e78a08da1
2026-09-29 00:57:14,834 [INFO] [client-5] Round 12 done — loss=0.9803 acc=0.5529  2.6s
2026-09-29 00:57:14,835 [INFO] [client-5] Round 13 — receiving model…
2026-09-29 00:57:14,845 [INFO] send 13933B via direct in 52ms (2.16 Mbit/s) to 9a6552a2b1b896e7
2026-09-29 00:57:14,847 [INFO] send 13933B via direct in 52ms (2.16 Mbit/s) to 8e416f6323986977
2026-09-29 00:57:14,849 [INFO] recv 13933B via direct in 45ms
2026-09-29 00:57:14,852 [INFO] [client-9] Round 13 — training locally…
2026-09-29 00:57:14,961 [INFO] [client-9] Round 13 — sending update…
2026-09-29 00:57:14,964 [INFO] recv 13933B via direct in 45ms
2026-09-29 00:57:14,966 [INFO] [client-1] Round 13 — training locally…
2026-09-29 00:57:15,095 [INFO] [client-1] Round 13 — sending update…
2026-09-29 00:57:15,097 [INFO] recv 13933B via direct in 45ms
2026-09-29 00:57:15,100 [INFO] [client-6] Round 13 — training locally…
2026-09-29 00:57:15,211 [INFO] [client-6] Round 13 — sending update…
2026-09-29 00:57:15,214 [INFO] recv 13933B via direct in 45ms
2026-09-29 00:57:15,217 [INFO] [client-7] Round 13 — training locally…
2026-09-29 00:57:15,434 [INFO] [client-7] Round 13 — sending update…
2026-09-29 00:57:15,439 [INFO] recv 13933B via direct in 33ms
2026-09-29 00:57:15,443 [INFO] [client-3] Round 13 — training locally…
2026-09-29 00:57:15,534 [INFO] [client-3] Round 13 — sending update…
2026-09-29 00:57:15,537 [INFO] recv 13933B via direct in 46ms
2026-09-29 00:57:15,539 [INFO] [client-2] Round 13 — training locally…
2026-09-29 00:57:15,645 [INFO] [client-2] Round 13 — sending update…
2026-09-29 00:57:15,648 [INFO] recv 13933B via direct in 46ms
2026-09-29 00:57:15,653 [INFO] [client-0] Round 13 — training locally…
2026-09-29 00:57:15,725 [INFO] [client-0] Round 13 — sending update…
2026-09-29 00:57:15,731 [INFO] recv 13933B via direct in 260ms
2026-09-29 00:57:15,734 [INFO] [client-4] Round 13 — training locally…
2026-09-29 00:57:15,849 [INFO] [client-4] Round 13 — sending update…
2026-09-29 00:57:15,852 [INFO] recv 13933B via direct in 372ms
2026-09-29 00:57:15,857 [INFO] [client-8] Round 13 — training locally…
2026-09-29 00:57:15,963 [INFO] [client-8] Round 13 — sending update…
2026-09-29 00:57:15,977 [INFO] send 13933B via direct in 933ms (0.12 Mbit/s) to 14ebd73a4d7c0a92
2026-09-29 00:57:15,983 [INFO] send 13933B via direct in 931ms (0.12 Mbit/s) to 71a8ea205ccdfff0
2026-09-29 00:57:15,986 [INFO] send 13933B via direct in 930ms (0.12 Mbit/s) to 99a249a0b4e0e3f8
2026-09-29 00:57:15,990 [INFO] send 13933B via direct in 929ms (0.12 Mbit/s) to 76a40726ff2c1070
2026-09-29 00:57:15,992 [INFO] send 13933B via direct in 928ms (0.12 Mbit/s) to 6092efa4a4bb7e98
2026-09-29 00:57:15,993 [INFO] send 13933B via direct in 927ms (0.12 Mbit/s) to 631915e49a2a7052
2026-09-29 00:57:15,994 [INFO] send 13933B via direct in 932ms (0.12 Mbit/s) to bf998849929e4037
2026-09-29 00:57:15,998 [INFO] send 13933B via direct in 891ms (0.13 Mbit/s) to 80820a0e78a08da1
2026-09-29 00:57:16,022 [INFO] [client-1] Round 13 done — loss=1.0609 acc=0.4141  2.6s
2026-09-29 00:57:16,024 [INFO] [client-1] Round 14 — receiving model…
2026-09-29 00:57:16,026 [INFO] send 13933B via direct in 784ms (0.14 Mbit/s) to 80820a0e78a08da1
2026-09-29 00:57:16,047 [INFO] [client-6] Round 13 done — loss=1.0105 acc=0.4955  2.7s
2026-09-29 00:57:16,048 [INFO] [client-6] Round 14 — receiving model…
2026-09-29 00:57:16,054 [INFO] send 13933B via direct in 322ms (0.35 Mbit/s) to 80820a0e78a08da1
2026-09-29 00:57:16,068 [INFO] [client-0] Round 13 done — loss=1.0480 acc=0.4536  2.4s
2026-09-29 00:57:16,069 [INFO] [client-0] Round 14 — receiving model…
2026-09-29 00:57:16,073 [INFO] send 13933B via direct in 515ms (0.22 Mbit/s) to 80820a0e78a08da1
2026-09-29 00:57:16,087 [INFO] [client-3] Round 13 done — loss=1.0443 acc=0.4526  2.4s
2026-09-29 00:57:16,088 [INFO] [client-3] Round 14 — receiving model…
2026-09-29 00:57:16,090 [INFO] send 13933B via direct in 1257ms (0.09 Mbit/s) to 54192350e70e7c2c
2026-09-29 00:57:16,091 [INFO] send 13933B via direct in 200ms (0.56 Mbit/s) to 80820a0e78a08da1
2026-09-29 00:57:16,112 [INFO] [client-4] Round 13 done — loss=1.0103 acc=0.4952  2.0s
2026-09-29 00:57:16,113 [INFO] [client-4] Round 14 — receiving model…
2026-09-29 00:57:16,114 [INFO] send 13933B via direct in 1088ms (0.10 Mbit/s) to 80820a0e78a08da1
2026-09-29 00:57:16,135 [INFO] [client-9] Round 13 done — loss=1.0101 acc=0.5232  2.6s
2026-09-29 00:57:16,136 [INFO] [client-9] Round 14 — receiving model…
2026-09-29 00:57:16,137 [INFO] send 13933B via direct in 405ms (0.28 Mbit/s) to 80820a0e78a08da1
2026-09-29 00:57:16,166 [INFO] [client-2] Round 13 done — loss=0.9563 acc=0.5309  2.8s
2026-09-29 00:57:16,167 [INFO] [client-2] Round 14 — receiving model…
2026-09-29 00:57:16,168 [INFO] Round 13 — waiting for 10 updates…
2026-09-29 00:57:16,169 [INFO] recv 13933B via direct in 297ms
2026-09-29 00:57:16,172 [INFO] recv 13933B via direct in 319ms
2026-09-29 00:57:16,175 [INFO] recv 13933B via direct in 198ms
2026-09-29 00:57:16,179 [INFO] recv 13933B via direct in 83ms
2026-09-29 00:57:16,181 [INFO] recv 13933B via direct in 74ms
2026-09-29 00:57:16,183 [INFO] recv 13933B via direct in 92ms
2026-09-29 00:57:16,185 [INFO] [client-5] Round 13 — training locally…
2026-09-29 00:57:16,291 [INFO] [client-5] Round 13 — sending update…
2026-09-29 00:57:16,295 [INFO] recv 13933B via direct in 92ms
2026-09-29 00:57:16,298 [INFO] recv 13933B via direct in 92ms
2026-09-29 00:57:16,305 [INFO] send 13933B via direct in 337ms (0.33 Mbit/s) to 80820a0e78a08da1
2026-09-29 00:57:16,325 [INFO] [client-8] Round 13 done — loss=0.7695 acc=0.7098  2.9s
2026-09-29 00:57:16,326 [INFO] [client-8] Round 14 — receiving model…
2026-09-29 00:57:16,329 [INFO] recv 13933B via direct in 331ms
2026-09-29 00:57:16,332 [INFO] send 13933B via direct in 38ms (2.95 Mbit/s) to 80820a0e78a08da1
2026-09-29 00:57:16,348 [INFO] [client-5] Round 13 done — loss=0.9711 acc=0.5543  1.5s
2026-09-29 00:57:16,349 [INFO] [client-5] Round 14 — receiving model…
2026-09-29 00:57:16,351 [INFO] recv 13933B via direct in 29ms
2026-09-29 00:57:17,010 [INFO] send 13933B via direct in 1569ms (0.07 Mbit/s) to 80820a0e78a08da1
2026-09-29 00:57:17,081 [INFO] [client-7] Round 13 done — loss=1.0299 acc=0.4481  2.5s
2026-09-29 00:57:17,082 [INFO] [client-7] Round 14 — receiving model…
2026-09-29 00:57:17,084 [INFO] recv 13933B via direct in 1155ms
2026-09-29 00:57:17,108 [INFO] Round 13/20  acc=0.4746  loss=1.0575  2.3s  clients=10
2026-09-29 00:57:17,110 [INFO] Round 14 — sending model to 10 clients…
2026-09-29 00:57:17,142 [INFO] recv 13933B via direct in 18ms
2026-09-29 00:57:17,144 [INFO] [client-8] Round 14 — training locally…
2026-09-29 00:57:17,281 [INFO] [client-8] Round 14 — sending update…
2026-09-29 00:57:17,285 [INFO] send 13933B via direct in 30ms (3.78 Mbit/s) to 631915e49a2a7052
2026-09-29 00:57:17,291 [INFO] send 13933B via direct in 174ms (0.64 Mbit/s) to 14ebd73a4d7c0a92
2026-09-29 00:57:17,292 [INFO] send 13933B via direct in 172ms (0.65 Mbit/s) to 54192350e70e7c2c
2026-09-29 00:57:17,294 [INFO] send 13933B via direct in 170ms (0.66 Mbit/s) to 6092efa4a4bb7e98
2026-09-29 00:57:17,295 [INFO] send 13933B via direct in 167ms (0.67 Mbit/s) to 71a8ea205ccdfff0
2026-09-29 00:57:17,296 [INFO] send 13933B via direct in 168ms (0.66 Mbit/s) to 8e416f6323986977
2026-09-29 00:57:17,297 [INFO] send 13933B via direct in 174ms (0.64 Mbit/s) to 9a6552a2b1b896e7
2026-09-29 00:57:17,298 [INFO] recv 13933B via direct in 164ms
2026-09-29 00:57:17,300 [INFO] [client-6] Round 14 — training locally…
2026-09-29 00:57:17,393 [INFO] [client-6] Round 14 — sending update…
2026-09-29 00:57:17,399 [INFO] send 13933B via direct in 169ms (0.66 Mbit/s) to 99a249a0b4e0e3f8
2026-09-29 00:57:17,400 [INFO] send 13933B via direct in 169ms (0.66 Mbit/s) to 76a40726ff2c1070
2026-09-29 00:57:17,402 [INFO] recv 13933B via direct in 159ms
2026-09-29 00:57:17,404 [INFO] [client-5] Round 14 — training locally…
2026-09-29 00:57:17,518 [INFO] [client-5] Round 14 — sending update…
2026-09-29 00:57:17,521 [INFO] recv 13933B via direct in 152ms
2026-09-29 00:57:17,524 [INFO] [client-4] Round 14 — training locally…
2026-09-29 00:57:17,639 [INFO] [client-4] Round 14 — sending update…
2026-09-29 00:57:17,643 [INFO] recv 13933B via direct in 169ms
2026-09-29 00:57:17,648 [INFO] [client-9] Round 14 — training locally…
2026-09-29 00:57:17,741 [INFO] [client-9] Round 14 — sending update…
2026-09-29 00:57:17,746 [INFO] recv 13933B via direct in 156ms
2026-09-29 00:57:17,748 [INFO] [client-0] Round 14 — training locally…
2026-09-29 00:57:17,838 [INFO] [client-0] Round 14 — sending update…
2026-09-29 00:57:17,840 [INFO] recv 13933B via direct in 157ms
2026-09-29 00:57:17,844 [INFO] [client-3] Round 14 — training locally…
2026-09-29 00:57:17,946 [INFO] [client-3] Round 14 — sending update…
2026-09-29 00:57:17,950 [INFO] recv 13933B via direct in 157ms
2026-09-29 00:57:17,953 [INFO] [client-1] Round 14 — training locally…
2026-09-29 00:57:18,091 [INFO] [client-1] Round 14 — sending update…
2026-09-29 00:57:18,096 [INFO] recv 13933B via direct in 117ms
2026-09-29 00:57:18,099 [INFO] [client-2] Round 14 — training locally…
2026-09-29 00:57:18,233 [INFO] [client-2] Round 14 — sending update…
2026-09-29 00:57:18,251 [INFO] send 13933B via direct in 813ms (0.14 Mbit/s) to 80820a0e78a08da1
2026-09-29 00:57:18,267 [INFO] [client-8] Round 14 done — loss=0.7602 acc=0.7126  1.9s
2026-09-29 00:57:18,269 [INFO] [client-8] Round 15 — receiving model…
2026-09-29 00:57:18,281 [INFO] send 13933B via direct in 884ms (0.13 Mbit/s) to 80820a0e78a08da1
2026-09-29 00:57:18,295 [INFO] [client-6] Round 14 done — loss=1.0170 acc=0.4816  2.2s
2026-09-29 00:57:18,296 [INFO] [client-6] Round 15 — receiving model…
2026-09-29 00:57:18,297 [INFO] send 13933B via direct in 759ms (0.15 Mbit/s) to 80820a0e78a08da1
2026-09-29 00:57:18,317 [INFO] [client-5] Round 14 done — loss=0.9706 acc=0.5584  2.0s
2026-09-29 00:57:18,318 [INFO] [client-5] Round 15 — receiving model…
2026-09-29 00:57:18,320 [INFO] send 13933B via direct in 638ms (0.18 Mbit/s) to 80820a0e78a08da1
2026-09-29 00:57:18,336 [INFO] [client-4] Round 14 done — loss=1.0086 acc=0.5017  2.2s
2026-09-29 00:57:18,337 [INFO] [client-4] Round 15 — receiving model…
2026-09-29 00:57:18,342 [INFO] send 13933B via direct in 1222ms (0.09 Mbit/s) to bf998849929e4037
2026-09-29 00:57:18,343 [INFO] send 13933B via direct in 500ms (0.22 Mbit/s) to 80820a0e78a08da1
2026-09-29 00:57:18,366 [INFO] [client-0] Round 14 done — loss=1.0448 acc=0.4657  2.3s
2026-09-29 00:57:18,367 [INFO] [client-0] Round 15 — receiving model…
2026-09-29 00:57:18,368 [INFO] send 13933B via direct in 247ms (0.45 Mbit/s) to 80820a0e78a08da1
2026-09-29 00:57:18,396 [INFO] [client-1] Round 14 done — loss=1.0573 acc=0.4327  2.4s
2026-09-29 00:57:18,397 [INFO] [client-1] Round 15 — receiving model…
2026-09-29 00:57:18,398 [INFO] send 13933B via direct in 105ms (1.06 Mbit/s) to 80820a0e78a08da1
2026-09-29 00:57:18,426 [INFO] [client-2] Round 14 done — loss=0.9627 acc=0.5285  2.3s
2026-09-29 00:57:18,427 [INFO] [client-2] Round 15 — receiving model…
2026-09-29 00:57:18,428 [INFO] Round 14 — waiting for 10 updates…
2026-09-29 00:57:18,429 [INFO] recv 13933B via direct in 979ms
2026-09-29 00:57:18,431 [INFO] recv 13933B via direct in 185ms
2026-09-29 00:57:18,433 [INFO] recv 13933B via direct in 184ms
2026-09-29 00:57:18,435 [INFO] recv 13933B via direct in 185ms
2026-09-29 00:57:18,437 [INFO] recv 13933B via direct in 77ms
2026-09-29 00:57:18,440 [INFO] recv 13933B via direct in 68ms
2026-09-29 00:57:18,442 [INFO] recv 13933B via direct in 68ms
2026-09-29 00:57:18,444 [INFO] recv 13933B via direct in 69ms
2026-09-29 00:57:18,446 [INFO] [client-7] Round 14 — training locally…
2026-09-29 00:57:18,539 [INFO] [client-7] Round 14 — sending update…
2026-09-29 00:57:18,550 [INFO] send 13933B via direct in 8ms (14.38 Mbit/s) to 80820a0e78a08da1
2026-09-29 00:57:18,573 [INFO] [client-7] Round 14 done — loss=1.0281 acc=0.4457  1.5s
2026-09-29 00:57:18,574 [INFO] [client-7] Round 15 — receiving model…
2026-09-29 00:57:18,577 [INFO] recv 13933B via direct in 27ms
2026-09-29 00:57:19,277 [INFO] send 13933B via direct in 1530ms (0.07 Mbit/s) to 80820a0e78a08da1
2026-09-29 00:57:19,331 [INFO] [client-9] Round 14 done — loss=1.0106 acc=0.5270  3.2s
2026-09-29 00:57:19,332 [INFO] [client-9] Round 15 — receiving model…
2026-09-29 00:57:19,334 [INFO] recv 13933B via direct in 1033ms
2026-09-29 00:57:19,339 [INFO] send 13933B via direct in 1385ms (0.08 Mbit/s) to 80820a0e78a08da1
2026-09-29 00:57:19,358 [INFO] [client-3] Round 14 done — loss=1.0428 acc=0.4519  3.3s
2026-09-29 00:57:19,359 [INFO] [client-3] Round 15 — receiving model…
2026-09-29 00:57:19,361 [INFO] recv 13933B via direct in 1096ms
2026-09-29 00:57:19,379 [INFO] Round 14/20  acc=0.4634  loss=1.0647  2.3s  clients=10
2026-09-29 00:57:19,381 [INFO] Round 15 — sending model to 10 clients…
2026-09-29 00:57:19,415 [INFO] recv 13933B via direct in 17ms
2026-09-29 00:57:19,417 [INFO] [client-4] Round 15 — training locally…
2026-09-29 00:57:19,529 [INFO] [client-4] Round 15 — sending update…
2026-09-29 00:57:19,533 [INFO] send 13933B via direct in 23ms (4.81 Mbit/s) to 6092efa4a4bb7e98
2026-09-29 00:57:19,542 [INFO] send 13933B via direct in 142ms (0.79 Mbit/s) to 631915e49a2a7052
2026-09-29 00:57:19,543 [INFO] send 13933B via direct in 148ms (0.75 Mbit/s) to 8e416f6323986977
2026-09-29 00:57:19,544 [INFO] send 13933B via direct in 153ms (0.73 Mbit/s) to 54192350e70e7c2c
2026-09-29 00:57:19,545 [INFO] send 13933B via direct in 145ms (0.77 Mbit/s) to 9a6552a2b1b896e7
2026-09-29 00:57:19,547 [INFO] send 13933B via direct in 141ms (0.79 Mbit/s) to 14ebd73a4d7c0a92
2026-09-29 00:57:19,549 [INFO] send 13933B via direct in 142ms (0.79 Mbit/s) to 76a40726ff2c1070
2026-09-29 00:57:19,551 [INFO] send 13933B via direct in 145ms (0.77 Mbit/s) to 99a249a0b4e0e3f8
2026-09-29 00:57:19,553 [INFO] recv 13933B via direct in 130ms
2026-09-29 00:57:19,556 [INFO] [client-9] Round 15 — training locally…
2026-09-29 00:57:19,688 [INFO] [client-9] Round 15 — sending update…
2026-09-29 00:57:19,691 [INFO] recv 13933B via direct in 129ms
2026-09-29 00:57:19,694 [INFO] [client-8] Round 15 — training locally…
2026-09-29 00:57:19,811 [INFO] [client-8] Round 15 — sending update…
2026-09-29 00:57:19,813 [INFO] recv 13933B via direct in 142ms
2026-09-29 00:57:19,815 [INFO] [client-1] Round 15 — training locally…
2026-09-29 00:57:19,926 [INFO] [client-1] Round 15 — sending update…
2026-09-29 00:57:19,930 [INFO] recv 13933B via direct in 142ms
2026-09-29 00:57:19,934 [INFO] [client-5] Round 15 — training locally…
2026-09-29 00:57:20,041 [INFO] [client-5] Round 15 — sending update…
2026-09-29 00:57:20,044 [INFO] recv 13933B via direct in 126ms
2026-09-29 00:57:20,049 [INFO] [client-3] Round 15 — training locally…
2026-09-29 00:57:20,163 [INFO] [client-3] Round 15 — sending update…
2026-09-29 00:57:20,167 [INFO] recv 13933B via direct in 131ms
2026-09-29 00:57:20,171 [INFO] [client-0] Round 15 — training locally…
2026-09-29 00:57:20,248 [INFO] [client-0] Round 15 — sending update…
2026-09-29 00:57:20,252 [INFO] recv 13933B via direct in 18ms
2026-09-29 00:57:20,255 [INFO] [client-6] Round 15 — training locally…
2026-09-29 00:57:20,387 [INFO] [client-6] Round 15 — sending update…
2026-09-29 00:57:20,405 [INFO] send 13933B via direct in 720ms (0.16 Mbit/s) to 80820a0e78a08da1
2026-09-29 00:57:20,422 [INFO] [client-4] Round 15 done — loss=1.0105 acc=0.4945  2.1s
2026-09-29 00:57:20,423 [INFO] [client-4] Round 16 — receiving model…
2026-09-29 00:57:20,435 [INFO] send 13933B via direct in 505ms (0.22 Mbit/s) to 80820a0e78a08da1
2026-09-29 00:57:20,449 [INFO] [client-1] Round 15 done — loss=1.0607 acc=0.4334  2.1s
2026-09-29 00:57:20,451 [INFO] [client-1] Round 16 — receiving model…
2026-09-29 00:57:20,462 [INFO] send 13933B via direct in 644ms (0.17 Mbit/s) to 80820a0e78a08da1
2026-09-29 00:57:20,490 [INFO] [client-8] Round 15 done — loss=0.7586 acc=0.7098  2.2s
2026-09-29 00:57:20,491 [INFO] [client-8] Round 16 — receiving model…
2026-09-29 00:57:20,492 [INFO] send 13933B via direct in 767ms (0.15 Mbit/s) to 80820a0e78a08da1
2026-09-29 00:57:20,533 [INFO] [client-9] Round 15 done — loss=1.0110 acc=0.5147  1.2s
2026-09-29 00:57:20,534 [INFO] [client-9] Round 16 — receiving model…
2026-09-29 00:57:20,536 [INFO] send 13933B via direct in 414ms (0.27 Mbit/s) to 80820a0e78a08da1
2026-09-29 00:57:20,558 [INFO] [client-5] Round 15 done — loss=0.9656 acc=0.5642  2.2s
2026-09-29 00:57:20,560 [INFO] [client-5] Round 16 — receiving model…
2026-09-29 00:57:20,562 [INFO] recv 13933B via direct in 24ms
2026-09-29 00:57:20,565 [INFO] [client-2] Round 15 — training locally…
2026-09-29 00:57:20,689 [INFO] [client-2] Round 15 — sending update…
2026-09-29 00:57:20,693 [INFO] recv 13933B via direct in 32ms
2026-09-29 00:57:20,696 [INFO] [client-7] Round 15 — training locally…
2026-09-29 00:57:20,852 [INFO] [client-7] Round 15 — sending update…
2026-09-29 00:57:20,856 [INFO] send 13933B via direct in 1176ms (0.10 Mbit/s) to bf998849929e4037
2026-09-29 00:57:20,858 [INFO] send 13933B via direct in 311ms (0.36 Mbit/s) to 80820a0e78a08da1
2026-09-29 00:57:20,901 [INFO] [client-0] Round 15 done — loss=1.0484 acc=0.4661  2.5s
2026-09-29 00:57:20,902 [INFO] [client-0] Round 16 — receiving model…
2026-09-29 00:57:20,908 [INFO] send 13933B via direct in 689ms (0.16 Mbit/s) to 80820a0e78a08da1
2026-09-29 00:57:20,932 [INFO] [client-3] Round 15 done — loss=1.0412 acc=0.4523  1.6s
2026-09-29 00:57:20,933 [INFO] [client-3] Round 16 — receiving model…
2026-09-29 00:57:20,934 [INFO] send 13933B via direct in 1466ms (0.08 Mbit/s) to 71a8ea205ccdfff0
2026-09-29 00:57:20,935 [INFO] send 13933B via direct in 465ms (0.24 Mbit/s) to 80820a0e78a08da1
2026-09-29 00:57:20,955 [INFO] [client-6] Round 15 done — loss=1.0138 acc=0.4906  2.7s
2026-09-29 00:57:20,956 [INFO] [client-6] Round 16 — receiving model…
2026-09-29 00:57:20,957 [INFO] Round 15 — waiting for 10 updates…
2026-09-29 00:57:20,958 [INFO] recv 13933B via direct in 886ms
2026-09-29 00:57:20,960 [INFO] recv 13933B via direct in 61ms
2026-09-29 00:57:20,963 [INFO] recv 13933B via direct in 61ms
2026-09-29 00:57:20,967 [INFO] recv 13933B via direct in 61ms
2026-09-29 00:57:20,970 [INFO] recv 13933B via direct in 63ms
2026-09-29 00:57:20,972 [INFO] recv 13933B via direct in 60ms
2026-09-29 00:57:20,974 [INFO] recv 13933B via direct in 32ms
2026-09-29 00:57:20,977 [INFO] recv 13933B via direct in 28ms
2026-09-29 00:57:20,982 [INFO] send 13933B via direct in 128ms (0.87 Mbit/s) to 80820a0e78a08da1
2026-09-29 00:57:20,998 [INFO] [client-7] Round 15 done — loss=1.0284 acc=0.4464  2.4s
2026-09-29 00:57:21,000 [INFO] [client-7] Round 16 — receiving model…
2026-09-29 00:57:21,001 [INFO] recv 13933B via direct in 25ms
2026-09-29 00:57:21,935 [INFO] send 13933B via direct in 1243ms (0.09 Mbit/s) to 80820a0e78a08da1
2026-09-29 00:57:21,981 [INFO] [client-2] Round 15 done — loss=0.9620 acc=0.5240  3.6s
2026-09-29 00:57:21,982 [INFO] [client-2] Round 16 — receiving model…
2026-09-29 00:57:21,984 [INFO] recv 13933B via direct in 1031ms
2026-09-29 00:57:22,006 [INFO] Round 15/20  acc=0.4662  loss=1.0657  2.6s  clients=10
2026-09-29 00:57:22,007 [INFO] Round 16 — sending model to 10 clients…
2026-09-29 00:57:22,045 [INFO] send 13933B via direct in 31ms (3.64 Mbit/s) to 631915e49a2a7052
2026-09-29 00:57:22,048 [INFO] send 13933B via direct in 32ms (3.49 Mbit/s) to bf998849929e4037
2026-09-29 00:57:22,049 [INFO] send 13933B via direct in 33ms (3.34 Mbit/s) to 99a249a0b4e0e3f8
2026-09-29 00:57:22,051 [INFO] recv 13933B via direct in 21ms
2026-09-29 00:57:22,053 [INFO] [client-7] Round 16 — training locally…
2026-09-29 00:57:22,162 [INFO] [client-7] Round 16 — sending update…
2026-09-29 00:57:22,167 [INFO] send 13933B via direct in 27ms (4.08 Mbit/s) to 76a40726ff2c1070
2026-09-29 00:57:22,169 [INFO] send 13933B via direct in 27ms (4.13 Mbit/s) to 8e416f6323986977
2026-09-29 00:57:22,170 [INFO] recv 13933B via direct in 22ms
2026-09-29 00:57:22,173 [INFO] [client-0] Round 16 — training locally…
2026-09-29 00:57:22,251 [INFO] [client-0] Round 16 — sending update…
2026-09-29 00:57:22,255 [INFO] recv 13933B via direct in 22ms
2026-09-29 00:57:22,259 [INFO] [client-8] Round 16 — training locally…
2026-09-29 00:57:22,381 [INFO] [client-8] Round 16 — sending update…
2026-09-29 00:57:22,384 [INFO] recv 13933B via direct in 7ms
2026-09-29 00:57:22,387 [INFO] [client-3] Round 16 — training locally…
2026-09-29 00:57:22,519 [INFO] [client-3] Round 16 — sending update…
2026-09-29 00:57:22,525 [INFO] send 13933B via direct in 32ms (3.52 Mbit/s) to 9a6552a2b1b896e7
2026-09-29 00:57:22,528 [INFO] send 13933B via direct in 35ms (3.20 Mbit/s) to 71a8ea205ccdfff0
2026-09-29 00:57:22,529 [INFO] recv 13933B via direct in 8ms
2026-09-29 00:57:22,532 [INFO] [client-1] Round 16 — training locally…
2026-09-29 00:57:22,637 [INFO] [client-1] Round 16 — sending update…
2026-09-29 00:57:22,640 [INFO] recv 13933B via direct in 9ms
2026-09-29 00:57:22,644 [INFO] [client-6] Round 16 — training locally…
2026-09-29 00:57:22,756 [INFO] [client-6] Round 16 — sending update…
2026-09-29 00:57:22,759 [INFO] recv 13933B via direct in 26ms
2026-09-29 00:57:22,764 [INFO] [client-9] Round 16 — training locally…
2026-09-29 00:57:22,898 [INFO] [client-9] Round 16 — sending update…
2026-09-29 00:57:22,902 [INFO] send 13933B via direct in 148ms (0.75 Mbit/s) to 54192350e70e7c2c
2026-09-29 00:57:22,905 [INFO] send 13933B via direct in 150ms (0.74 Mbit/s) to 6092efa4a4bb7e98
2026-09-29 00:57:22,906 [INFO] recv 13933B via direct in 145ms
2026-09-29 00:57:22,909 [INFO] [client-2] Round 16 — training locally…
2026-09-29 00:57:23,111 [INFO] [client-2] Round 16 — sending update…
2026-09-29 00:57:23,116 [INFO] recv 13933B via direct in 485ms
2026-09-29 00:57:23,120 [INFO] [client-5] Round 16 — training locally…
2026-09-29 00:57:23,248 [INFO] [client-5] Round 16 — sending update…
2026-09-29 00:57:23,258 [INFO] send 13933B via direct in 887ms (0.13 Mbit/s) to 14ebd73a4d7c0a92
2026-09-29 00:57:23,264 [INFO] recv 13933B via direct in 862ms
2026-09-29 00:57:23,267 [INFO] [client-4] Round 16 — training locally…
2026-09-29 00:57:23,383 [INFO] [client-4] Round 16 — sending update…
2026-09-29 00:57:23,386 [INFO] Round 16 — waiting for 10 updates…
2026-09-29 00:57:23,399 [INFO] send 13933B via direct in 1226ms (0.09 Mbit/s) to 80820a0e78a08da1
2026-09-29 00:57:23,420 [INFO] [client-7] Round 16 done — loss=1.0302 acc=0.4502  2.4s
2026-09-29 00:57:23,421 [INFO] [client-7] Round 17 — receiving model…
2026-09-29 00:57:23,424 [INFO] send 13933B via direct in 1140ms (0.10 Mbit/s) to 80820a0e78a08da1
2026-09-29 00:57:23,444 [INFO] [client-0] Round 16 done — loss=1.0471 acc=0.4670  2.5s
2026-09-29 00:57:23,445 [INFO] [client-0] Round 17 — receiving model…
2026-09-29 00:57:23,447 [INFO] send 13933B via direct in 1011ms (0.11 Mbit/s) to 80820a0e78a08da1
2026-09-29 00:57:23,465 [INFO] [client-8] Round 16 done — loss=0.7601 acc=0.7119  3.0s
2026-09-29 00:57:23,466 [INFO] [client-8] Round 17 — receiving model…
2026-09-29 00:57:23,467 [INFO] send 13933B via direct in 872ms (0.13 Mbit/s) to 80820a0e78a08da1
2026-09-29 00:57:23,495 [INFO] [client-3] Round 16 done — loss=1.0384 acc=0.4574  2.6s
2026-09-29 00:57:23,496 [INFO] [client-3] Round 17 — receiving model…
2026-09-29 00:57:23,500 [INFO] recv 13933B via direct in 495ms
2026-09-29 00:57:23,504 [INFO] recv 13933B via direct in 309ms
2026-09-29 00:57:23,507 [INFO] send 13933B via direct in 385ms (0.29 Mbit/s) to 80820a0e78a08da1
2026-09-29 00:57:23,526 [INFO] [client-2] Round 16 done — loss=0.9581 acc=0.5230  1.5s
2026-09-29 00:57:23,527 [INFO] [client-2] Round 17 — receiving model…
2026-09-29 00:57:23,529 [INFO] recv 13933B via direct in 309ms
2026-09-29 00:57:23,532 [INFO] recv 13933B via direct in 333ms
2026-09-29 00:57:23,537 [INFO] send 13933B via direct in 860ms (0.13 Mbit/s) to 80820a0e78a08da1
2026-09-29 00:57:23,570 [INFO] [client-1] Round 16 done — loss=1.0565 acc=0.4348  3.1s
2026-09-29 00:57:23,571 [INFO] [client-1] Round 17 — receiving model…
2026-09-29 00:57:23,573 [INFO] send 13933B via direct in 741ms (0.15 Mbit/s) to 80820a0e78a08da1
2026-09-29 00:57:23,593 [INFO] [client-6] Round 16 done — loss=1.0146 acc=0.4903  2.6s
2026-09-29 00:57:23,595 [INFO] [client-6] Round 17 — receiving model…
2026-09-29 00:57:23,595 [INFO] recv 13933B via direct in 243ms
2026-09-29 00:57:23,599 [INFO] recv 13933B via direct in 242ms
2026-09-29 00:57:23,602 [INFO] send 13933B via direct in 600ms (0.19 Mbit/s) to 80820a0e78a08da1
2026-09-29 00:57:23,661 [INFO] [client-9] Round 16 done — loss=1.0092 acc=0.5263  3.1s
2026-09-29 00:57:23,662 [INFO] [client-9] Round 17 — receiving model…
2026-09-29 00:57:23,663 [INFO] send 13933B via direct in 256ms (0.44 Mbit/s) to 80820a0e78a08da1
2026-09-29 00:57:23,689 [INFO] [client-5] Round 16 done — loss=0.9698 acc=0.5522  3.1s
2026-09-29 00:57:23,690 [INFO] [client-5] Round 17 — receiving model…
2026-09-29 00:57:23,691 [INFO] recv 13933B via direct in 239ms
2026-09-29 00:57:23,695 [INFO] send 13933B via direct in 121ms (0.92 Mbit/s) to 80820a0e78a08da1
2026-09-29 00:57:23,728 [INFO] [client-4] Round 16 done — loss=1.0145 acc=0.4966  3.3s
2026-09-29 00:57:23,729 [INFO] [client-4] Round 17 — receiving model…
2026-09-29 00:57:23,731 [INFO] recv 13933B via direct in 146ms
2026-09-29 00:57:23,734 [INFO] recv 13933B via direct in 145ms
2026-09-29 00:57:23,736 [INFO] recv 13933B via direct in 334ms
2026-09-29 00:57:23,767 [INFO] Round 16/20  acc=0.4695  loss=1.0627  1.8s  clients=10
2026-09-29 00:57:23,769 [INFO] Round 17 — sending model to 10 clients…
2026-09-29 00:57:23,803 [INFO] send 13933B via direct in 31ms (3.56 Mbit/s) to bf998849929e4037
2026-09-29 00:57:23,807 [INFO] recv 13933B via direct in 21ms
2026-09-29 00:57:23,809 [INFO] [client-7] Round 17 — training locally…
2026-09-29 00:57:23,923 [INFO] [client-7] Round 17 — sending update…
2026-09-29 00:57:23,928 [INFO] send 13933B via direct in 30ms (3.77 Mbit/s) to 9a6552a2b1b896e7
2026-09-29 00:57:23,930 [INFO] recv 13933B via direct in 13ms
2026-09-29 00:57:23,932 [INFO] [client-9] Round 17 — training locally…
2026-09-29 00:57:24,048 [INFO] [client-9] Round 17 — sending update…
2026-09-29 00:57:24,051 [INFO] send 13933B via direct in 29ms (3.81 Mbit/s) to 54192350e70e7c2c
2026-09-29 00:57:24,052 [INFO] send 13933B via direct in 28ms (4.02 Mbit/s) to 631915e49a2a7052
2026-09-29 00:57:24,054 [INFO] send 13933B via direct in 32ms (3.46 Mbit/s) to 6092efa4a4bb7e98
2026-09-29 00:57:24,055 [INFO] send 13933B via direct in 29ms (3.85 Mbit/s) to 8e416f6323986977
2026-09-29 00:57:24,056 [INFO] send 13933B via direct in 27ms (4.21 Mbit/s) to 99a249a0b4e0e3f8
2026-09-29 00:57:24,057 [INFO] send 13933B via direct in 26ms (4.36 Mbit/s) to 76a40726ff2c1070
2026-09-29 00:57:24,059 [INFO] recv 13933B via direct in 126ms
2026-09-29 00:57:24,061 [INFO] [client-0] Round 17 — training locally…
2026-09-29 00:57:24,167 [INFO] [client-0] Round 17 — sending update…
2026-09-29 00:57:24,170 [INFO] recv 13933B via direct in 136ms
2026-09-29 00:57:24,176 [INFO] [client-5] Round 17 — training locally…
2026-09-29 00:57:24,288 [INFO] [client-5] Round 17 — sending update…
2026-09-29 00:57:24,297 [INFO] recv 13933B via direct in 249ms
2026-09-29 00:57:24,300 [INFO] [client-8] Round 17 — training locally…
2026-09-29 00:57:24,431 [INFO] [client-8] Round 17 — sending update…
2026-09-29 00:57:24,433 [INFO] recv 13933B via direct in 269ms
2026-09-29 00:57:24,437 [INFO] [client-4] Round 17 — training locally…
2026-09-29 00:57:24,535 [INFO] [client-4] Round 17 — sending update…
2026-09-29 00:57:24,539 [INFO] recv 13933B via direct in 252ms
2026-09-29 00:57:24,542 [INFO] [client-1] Round 17 — training locally…
2026-09-29 00:57:24,663 [INFO] [client-1] Round 17 — sending update…
2026-09-29 00:57:24,666 [INFO] recv 13933B via direct in 269ms
2026-09-29 00:57:24,670 [INFO] [client-2] Round 17 — training locally…
2026-09-29 00:57:24,774 [INFO] [client-2] Round 17 — sending update…
2026-09-29 00:57:24,778 [INFO] send 13933B via direct in 286ms (0.39 Mbit/s) to 71a8ea205ccdfff0
2026-09-29 00:57:24,783 [INFO] recv 13933B via direct in 255ms
2026-09-29 00:57:24,786 [INFO] [client-3] Round 17 — training locally…
2026-09-29 00:57:24,887 [INFO] [client-3] Round 17 — sending update…
2026-09-29 00:57:24,908 [INFO] send 13933B via direct in 972ms (0.12 Mbit/s) to 80820a0e78a08da1
2026-09-29 00:57:24,932 [INFO] [client-7] Round 17 done — loss=1.0273 acc=0.4475  1.5s
2026-09-29 00:57:24,934 [INFO] [client-7] Round 18 — receiving model…
2026-09-29 00:57:24,944 [INFO] send 13933B via direct in 507ms (0.22 Mbit/s) to 80820a0e78a08da1
2026-09-29 00:57:24,966 [INFO] [client-8] Round 17 done — loss=0.7576 acc=0.7150  1.5s
2026-09-29 00:57:24,967 [INFO] [client-8] Round 18 — receiving model…
2026-09-29 00:57:24,969 [INFO] send 13933B via direct in 402ms (0.28 Mbit/s) to 80820a0e78a08da1
2026-09-29 00:57:24,991 [INFO] [client-4] Round 17 done — loss=1.0143 acc=0.4918  1.3s
2026-09-29 00:57:24,992 [INFO] [client-4] Round 18 — receiving model…
2026-09-29 00:57:24,993 [INFO] send 13933B via direct in 274ms (0.41 Mbit/s) to 80820a0e78a08da1
2026-09-29 00:57:25,087 [INFO] [client-1] Round 17 done — loss=1.0559 acc=0.4207  1.5s
2026-09-29 00:57:25,089 [INFO] [client-1] Round 18 — receiving model…
2026-09-29 00:57:25,090 [INFO] send 13933B via direct in 1165ms (0.10 Mbit/s) to 14ebd73a4d7c0a92
2026-09-29 00:57:25,092 [INFO] send 13933B via direct in 770ms (0.15 Mbit/s) to 80820a0e78a08da1
2026-09-29 00:57:25,110 [INFO] [client-0] Round 17 done — loss=1.0529 acc=0.4596  1.7s
2026-09-29 00:57:25,111 [INFO] [client-0] Round 18 — receiving model…
2026-09-29 00:57:25,112 [INFO] send 13933B via direct in 650ms (0.17 Mbit/s) to 80820a0e78a08da1
2026-09-29 00:57:25,139 [INFO] [client-5] Round 17 done — loss=0.9691 acc=0.5505  1.4s
2026-09-29 00:57:25,140 [INFO] [client-5] Round 18 — receiving model…
2026-09-29 00:57:25,142 [INFO] Round 17 — waiting for 10 updates…
2026-09-29 00:57:25,143 [INFO] recv 13933B via direct in 876ms
2026-09-29 00:57:25,148 [INFO] recv 13933B via direct in 642ms
2026-09-29 00:57:25,151 [INFO] recv 13933B via direct in 159ms
2026-09-29 00:57:25,156 [INFO] recv 13933B via direct in 52ms
2026-09-29 00:57:25,158 [INFO] recv 13933B via direct in 73ms
2026-09-29 00:57:25,161 [INFO] recv 13933B via direct in 97ms
2026-09-29 00:57:25,164 [INFO] recv 13933B via direct in 195ms
2026-09-29 00:57:25,167 [INFO] recv 13933B via direct in 245ms
2026-09-29 00:57:25,170 [INFO] [client-6] Round 17 — training locally…
2026-09-29 00:57:25,334 [INFO] [client-6] Round 17 — sending update…
2026-09-29 00:57:25,337 [INFO] recv 13933B via direct in 244ms
2026-09-29 00:57:25,342 [INFO] send 13933B via direct in 1104ms (0.10 Mbit/s) to 80820a0e78a08da1
2026-09-29 00:57:25,367 [INFO] [client-9] Round 17 done — loss=1.0174 acc=0.5211  1.7s
2026-09-29 00:57:25,368 [INFO] [client-9] Round 18 — receiving model…
2026-09-29 00:57:25,370 [INFO] send 13933B via direct in 377ms (0.30 Mbit/s) to 80820a0e78a08da1
2026-09-29 00:57:25,402 [INFO] [client-2] Round 17 done — loss=0.9601 acc=0.5244  1.9s
2026-09-29 00:57:25,404 [INFO] [client-2] Round 18 — receiving model…
2026-09-29 00:57:25,405 [INFO] send 13933B via direct in 265ms (0.42 Mbit/s) to 80820a0e78a08da1
2026-09-29 00:57:25,432 [INFO] [client-3] Round 17 done — loss=1.0418 acc=0.4526  1.9s
2026-09-29 00:57:25,433 [INFO] [client-3] Round 18 — receiving model…
2026-09-29 00:57:25,434 [INFO] recv 13933B via direct in 248ms
2026-09-29 00:57:25,444 [INFO] recv 13933B via direct in 6ms
2026-09-29 00:57:25,463 [INFO] Round 17/20  acc=0.4695  loss=1.0645  1.7s  clients=10
2026-09-29 00:57:25,464 [INFO] Round 18 — sending model to 10 clients…
2026-09-29 00:57:25,496 [INFO] send 13933B via direct in 143ms (0.78 Mbit/s) to 80820a0e78a08da1
2026-09-29 00:57:25,516 [INFO] [client-6] Round 17 done — loss=1.0121 acc=0.4948  1.9s
2026-09-29 00:57:25,518 [INFO] [client-6] Round 18 — receiving model…
2026-09-29 00:57:25,526 [INFO] send 13933B via direct in 57ms (1.95 Mbit/s) to 54192350e70e7c2c
2026-09-29 00:57:25,527 [INFO] send 13933B via direct in 56ms (2.00 Mbit/s) to 631915e49a2a7052
2026-09-29 00:57:25,530 [INFO] send 13933B via direct in 48ms (2.34 Mbit/s) to 14ebd73a4d7c0a92
2026-09-29 00:57:25,532 [INFO] recv 13933B via direct in 48ms
2026-09-29 00:57:25,534 [INFO] [client-5] Round 18 — training locally…
2026-09-29 00:57:25,657 [INFO] [client-5] Round 18 — sending update…
2026-09-29 00:57:25,659 [INFO] recv 13933B via direct in 48ms
2026-09-29 00:57:25,663 [INFO] [client-8] Round 18 — training locally…
2026-09-29 00:57:25,762 [INFO] [client-8] Round 18 — sending update…
2026-09-29 00:57:25,766 [INFO] recv 13933B via direct in 48ms
2026-09-29 00:57:25,768 [INFO] [client-7] Round 18 — training locally…
2026-09-29 00:57:25,886 [INFO] [client-7] Round 18 — sending update…
2026-09-29 00:57:25,890 [INFO] recv 13933B via direct in 48ms
2026-09-29 00:57:25,893 [INFO] [client-4] Round 18 — training locally…
2026-09-29 00:57:25,998 [INFO] [client-4] Round 18 — sending update…
2026-09-29 00:57:26,003 [INFO] recv 13933B via direct in 49ms
2026-09-29 00:57:26,006 [INFO] [client-3] Round 18 — training locally…
2026-09-29 00:57:28,302 [INFO] [client-3] Round 18 — sending update…
2026-09-29 00:57:28,306 [INFO] recv 13933B via direct in 49ms
2026-09-29 00:57:28,310 [INFO] [client-0] Round 18 — training locally…
2026-09-29 00:57:28,416 [INFO] [client-0] Round 18 — sending update…
2026-09-29 00:57:28,420 [INFO] recv 13933B via direct in 50ms
2026-09-29 00:57:28,424 [INFO] [client-1] Round 18 — training locally…
2026-09-29 00:57:28,524 [INFO] [client-1] Round 18 — sending update…
2026-09-29 00:57:28,527 [INFO] recv 13933B via direct in 50ms
2026-09-29 00:57:28,531 [INFO] [client-6] Round 18 — training locally…
2026-09-29 00:57:28,658 [INFO] [client-6] Round 18 — sending update…
2026-09-29 00:57:28,665 [INFO] recv 13933B via direct in 481ms
2026-09-29 00:57:28,668 [INFO] [client-9] Round 18 — training locally…
2026-09-29 00:57:28,784 [INFO] [client-9] Round 18 — sending update…
2026-09-29 00:57:28,794 [INFO] send 13933B via direct in 1022ms (0.11 Mbit/s) to bf998849929e4037
2026-09-29 00:57:28,799 [INFO] send 13933B via direct in 1021ms (0.11 Mbit/s) to 6092efa4a4bb7e98
2026-09-29 00:57:28,801 [INFO] send 13933B via direct in 1020ms (0.11 Mbit/s) to 99a249a0b4e0e3f8
2026-09-29 00:57:28,802 [INFO] send 13933B via direct in 1018ms (0.11 Mbit/s) to 8e416f6323986977
2026-09-29 00:57:28,803 [INFO] send 13933B via direct in 1016ms (0.11 Mbit/s) to 9a6552a2b1b896e7
2026-09-29 00:57:28,807 [INFO] send 13933B via direct in 1019ms (0.11 Mbit/s) to 76a40726ff2c1070
2026-09-29 00:57:28,812 [INFO] send 13933B via direct in 506ms (0.22 Mbit/s) to 80820a0e78a08da1
2026-09-29 00:57:28,830 [INFO] [client-3] Round 18 done — loss=1.0412 acc=0.4660  1.2s
2026-09-29 00:57:28,831 [INFO] [client-3] Round 19 — receiving model…
2026-09-29 00:57:28,840 [INFO] recv 13933B via direct in 45ms
2026-09-29 00:57:28,843 [INFO] [client-2] Round 18 — training locally…
2026-09-29 00:57:28,945 [INFO] [client-2] Round 18 — sending update…
2026-09-29 00:57:28,948 [INFO] send 13933B via direct in 1008ms (0.11 Mbit/s) to 80820a0e78a08da1
2026-09-29 00:57:28,968 [INFO] [client-5] Round 18 done — loss=0.9672 acc=0.5567  1.7s
2026-09-29 00:57:28,969 [INFO] [client-5] Round 19 — receiving model…
2026-09-29 00:57:28,971 [INFO] send 13933B via direct in 667ms (0.17 Mbit/s) to 80820a0e78a08da1
2026-09-29 00:57:28,989 [INFO] [client-4] Round 18 done — loss=1.0122 acc=0.4938  1.8s
2026-09-29 00:57:28,990 [INFO] [client-4] Round 19 — receiving model…
2026-09-29 00:57:28,991 [INFO] send 13933B via direct in 778ms (0.14 Mbit/s) to 80820a0e78a08da1
2026-09-29 00:57:29,014 [INFO] [client-7] Round 18 done — loss=1.0262 acc=0.4536  1.9s
2026-09-29 00:57:29,016 [INFO] [client-7] Round 19 — receiving model…
2026-09-29 00:57:29,018 [INFO] send 13933B via direct in 418ms (0.27 Mbit/s) to 80820a0e78a08da1
2026-09-29 00:57:29,065 [INFO] [client-0] Round 18 done — loss=1.0471 acc=0.4566  1.8s
2026-09-29 00:57:29,066 [INFO] [client-0] Round 19 — receiving model…
2026-09-29 00:57:29,069 [INFO] send 13933B via direct in 1192ms (0.09 Mbit/s) to 71a8ea205ccdfff0
2026-09-29 00:57:29,074 [INFO] send 13933B via direct in 231ms (0.48 Mbit/s) to 80820a0e78a08da1
2026-09-29 00:57:29,094 [INFO] [client-9] Round 18 done — loss=1.0128 acc=0.5263  1.6s
2026-09-29 00:57:29,095 [INFO] [client-9] Round 19 — receiving model…
2026-09-29 00:57:29,096 [INFO] Round 18 — waiting for 10 updates…
2026-09-29 00:57:29,097 [INFO] recv 13933B via direct in 147ms
2026-09-29 00:57:29,099 [INFO] recv 13933B via direct in 147ms
2026-09-29 00:57:29,101 [INFO] recv 13933B via direct in 147ms
2026-09-29 00:57:29,102 [INFO] recv 13933B via direct in 167ms
2026-09-29 00:57:29,104 [INFO] recv 13933B via direct in 46ms
2026-09-29 00:57:29,106 [INFO] recv 13933B via direct in 30ms
2026-09-29 00:57:29,111 [INFO] send 13933B via direct in 163ms (0.69 Mbit/s) to 80820a0e78a08da1
2026-09-29 00:57:29,126 [INFO] [client-2] Round 18 done — loss=0.9515 acc=0.5237  1.6s
2026-09-29 00:57:29,127 [INFO] [client-2] Round 19 — receiving model…
2026-09-29 00:57:29,129 [INFO] recv 13933B via direct in 42ms
2026-09-29 00:57:29,132 [INFO] recv 13933B via direct in 57ms
2026-09-29 00:57:29,135 [INFO] send 13933B via direct in 1200ms (0.09 Mbit/s) to 80820a0e78a08da1
2026-09-29 00:57:29,150 [INFO] [client-8] Round 18 done — loss=0.7644 acc=0.7098  2.0s
2026-09-29 00:57:29,151 [INFO] [client-8] Round 19 — receiving model…
2026-09-29 00:57:29,532 [INFO] send 13933B via direct in 1006ms (0.11 Mbit/s) to 80820a0e78a08da1
2026-09-29 00:57:29,569 [INFO] [client-1] Round 18 done — loss=1.0565 acc=0.4303  2.3s
2026-09-29 00:57:29,571 [INFO] [client-1] Round 19 — receiving model…
2026-09-29 00:57:29,573 [INFO] recv 13933B via direct in 41ms
2026-09-29 00:57:29,670 [INFO] recv 13933B via direct in 4ms
2026-09-29 00:57:29,782 [INFO] Round 18/20  acc=0.4678  loss=1.0611  2.1s  clients=10
2026-09-29 00:57:29,785 [INFO] Round 19 — sending model to 10 clients…
2026-09-29 00:57:29,824 [INFO] send 13933B via direct in 1149ms (0.10 Mbit/s) to 80820a0e78a08da1
2026-09-29 00:57:29,849 [INFO] [client-6] Round 18 done — loss=1.0127 acc=0.4931  2.2s
2026-09-29 00:57:29,851 [INFO] [client-6] Round 19 — receiving model…
2026-09-29 00:57:29,863 [INFO] send 13933B via direct in 63ms (1.77 Mbit/s) to 71a8ea205ccdfff0
2026-09-29 00:57:29,865 [INFO] send 13933B via direct in 63ms (1.76 Mbit/s) to 9a6552a2b1b896e7
2026-09-29 00:57:29,866 [INFO] send 13933B via direct in 58ms (1.94 Mbit/s) to 631915e49a2a7052
2026-09-29 00:57:29,867 [INFO] send 13933B via direct in 61ms (1.82 Mbit/s) to 54192350e70e7c2c
2026-09-29 00:57:29,871 [INFO] recv 13933B via direct in 57ms
2026-09-29 00:57:29,873 [INFO] [client-9] Round 19 — training locally…
2026-09-29 00:57:29,992 [INFO] [client-9] Round 19 — sending update…
2026-09-29 00:57:29,995 [INFO] recv 13933B via direct in 45ms
2026-09-29 00:57:29,999 [INFO] [client-6] Round 19 — training locally…
2026-09-29 00:57:30,092 [INFO] [client-6] Round 19 — sending update…
2026-09-29 00:57:30,096 [INFO] recv 13933B via direct in 58ms
2026-09-29 00:57:30,098 [INFO] [client-2] Round 19 — training locally…
2026-09-29 00:57:30,209 [INFO] [client-2] Round 19 — sending update…
2026-09-29 00:57:30,213 [INFO] recv 13933B via direct in 58ms
2026-09-29 00:57:30,218 [INFO] [client-7] Round 19 — training locally…
2026-09-29 00:57:30,316 [INFO] [client-7] Round 19 — sending update…
2026-09-29 00:57:30,320 [INFO] recv 13933B via direct in 58ms
2026-09-29 00:57:30,324 [INFO] [client-5] Round 19 — training locally…
2026-09-29 00:57:30,458 [INFO] [client-5] Round 19 — sending update…
2026-09-29 00:57:30,460 [INFO] recv 13933B via direct in 12ms
2026-09-29 00:57:30,463 [INFO] [client-8] Round 19 — training locally…
2026-09-29 00:57:30,560 [INFO] [client-8] Round 19 — sending update…
2026-09-29 00:57:30,564 [INFO] recv 13933B via direct in 11ms
2026-09-29 00:57:30,567 [INFO] [client-4] Round 19 — training locally…
2026-09-29 00:57:30,697 [INFO] [client-4] Round 19 — sending update…
2026-09-29 00:57:30,702 [INFO] recv 13933B via direct in 11ms
2026-09-29 00:57:30,706 [INFO] [client-3] Round 19 — training locally…
2026-09-29 00:57:30,824 [INFO] [client-3] Round 19 — sending update…
2026-09-29 00:57:30,835 [INFO] recv 13933B via direct in 461ms
2026-09-29 00:57:30,839 [INFO] [client-0] Round 19 — training locally…
2026-09-29 00:57:30,918 [INFO] [client-0] Round 19 — sending update…
2026-09-29 00:57:30,921 [INFO] send 13933B via direct in 902ms (0.12 Mbit/s) to 14ebd73a4d7c0a92
2026-09-29 00:57:30,926 [INFO] send 13933B via direct in 909ms (0.12 Mbit/s) to bf998849929e4037
2026-09-29 00:57:30,932 [INFO] send 13933B via direct in 1024ms (0.11 Mbit/s) to 6092efa4a4bb7e98
2026-09-29 00:57:30,938 [INFO] send 13933B via direct in 1022ms (0.11 Mbit/s) to 76a40726ff2c1070
2026-09-29 00:57:30,939 [INFO] send 13933B via direct in 1019ms (0.11 Mbit/s) to 99a249a0b4e0e3f8
2026-09-29 00:57:30,946 [INFO] send 13933B via direct in 623ms (0.18 Mbit/s) to 80820a0e78a08da1
2026-09-29 00:57:30,963 [INFO] [client-7] Round 19 done — loss=1.0283 acc=0.4536  1.9s
2026-09-29 00:57:30,964 [INFO] [client-7] Round 20 — receiving model…
2026-09-29 00:57:30,969 [INFO] send 13933B via direct in 1156ms (0.10 Mbit/s) to 8e416f6323986977
2026-09-29 00:57:30,973 [INFO] Round 19 — waiting for 10 updates…
2026-09-29 00:57:30,975 [INFO] recv 13933B via direct in 117ms
2026-09-29 00:57:30,977 [INFO] recv 13933B via direct in 117ms
2026-09-29 00:57:30,979 [INFO] recv 13933B via direct in 117ms
2026-09-29 00:57:30,983 [INFO] recv 13933B via direct in 136ms
2026-09-29 00:57:30,985 [INFO] recv 13933B via direct in 137ms
2026-09-29 00:57:30,989 [INFO] recv 13933B via direct in 137ms
2026-09-29 00:57:30,991 [INFO] recv 13933B via direct in 39ms
2026-09-29 00:57:30,994 [INFO] recv 13933B via direct in 40ms
2026-09-29 00:57:30,997 [INFO] [client-1] Round 19 — training locally…
2026-09-29 00:57:31,145 [INFO] [client-1] Round 19 — sending update…
2026-09-29 00:57:31,147 [INFO] send 13933B via direct in 978ms (0.11 Mbit/s) to 80820a0e78a08da1
2026-09-29 00:57:31,171 [INFO] [client-9] Round 19 done — loss=1.0116 acc=0.5207  2.1s
2026-09-29 00:57:31,172 [INFO] [client-9] Round 20 — receiving model…
2026-09-29 00:57:31,173 [INFO] send 13933B via direct in 878ms (0.13 Mbit/s) to 80820a0e78a08da1
2026-09-29 00:57:31,192 [INFO] [client-6] Round 19 done — loss=1.0100 acc=0.4993  1.3s
2026-09-29 00:57:31,194 [INFO] [client-6] Round 20 — receiving model…
2026-09-29 00:57:31,195 [INFO] send 13933B via direct in 514ms (0.22 Mbit/s) to 80820a0e78a08da1
2026-09-29 00:57:31,214 [INFO] [client-5] Round 19 done — loss=0.9664 acc=0.5604  2.2s
2026-09-29 00:57:31,215 [INFO] [client-5] Round 20 — receiving model…
2026-09-29 00:57:31,216 [INFO] send 13933B via direct in 410ms (0.27 Mbit/s) to 80820a0e78a08da1
2026-09-29 00:57:31,236 [INFO] [client-8] Round 19 done — loss=0.7681 acc=0.7119  2.1s
2026-09-29 00:57:31,237 [INFO] [client-8] Round 20 — receiving model…
2026-09-29 00:57:31,238 [INFO] send 13933B via direct in 283ms (0.40 Mbit/s) to 80820a0e78a08da1
2026-09-29 00:57:31,263 [INFO] [client-4] Round 19 done — loss=1.0058 acc=0.5007  2.3s
2026-09-29 00:57:31,264 [INFO] [client-4] Round 20 — receiving model…
2026-09-29 00:57:31,266 [INFO] send 13933B via direct in 68ms (1.65 Mbit/s) to 80820a0e78a08da1
2026-09-29 00:57:31,290 [INFO] [client-0] Round 19 done — loss=1.0500 acc=0.4462  2.2s
2026-09-29 00:57:31,292 [INFO] [client-0] Round 20 — receiving model…
2026-09-29 00:57:31,293 [INFO] recv 13933B via direct in 51ms
2026-09-29 00:57:31,297 [INFO] recv 13933B via direct in 51ms
2026-09-29 00:57:31,304 [INFO] send 13933B via direct in 474ms (0.24 Mbit/s) to 80820a0e78a08da1
2026-09-29 00:57:31,320 [INFO] [client-3] Round 19 done — loss=1.0437 acc=0.4591  2.5s
2026-09-29 00:57:31,321 [INFO] [client-3] Round 20 — receiving model…
2026-09-29 00:57:31,322 [INFO] send 13933B via direct in 1089ms (0.10 Mbit/s) to 80820a0e78a08da1
2026-09-29 00:57:31,350 [INFO] [client-2] Round 19 done — loss=0.9529 acc=0.5237  2.2s
2026-09-29 00:57:31,351 [INFO] [client-2] Round 20 — receiving model…
2026-09-29 00:57:31,353 [INFO] send 13933B via direct in 206ms (0.54 Mbit/s) to 80820a0e78a08da1
2026-09-29 00:57:31,380 [INFO] [client-1] Round 19 done — loss=1.0598 acc=0.4138  1.8s
2026-09-29 00:57:31,381 [INFO] [client-1] Round 20 — receiving model…
2026-09-29 00:57:31,383 [INFO] recv 13933B via direct in 81ms
2026-09-29 00:57:31,412 [INFO] Round 19/20  acc=0.4648  loss=1.0631  1.6s  clients=10
2026-09-29 00:57:31,413 [INFO] Round 20 — sending model to 10 clients…
2026-09-29 00:57:31,456 [INFO] recv 13933B via direct in 21ms
2026-09-29 00:57:31,459 [INFO] [client-1] Round 20 — training locally…
2026-09-29 00:57:31,578 [INFO] [client-1] Round 20 — sending update…
2026-09-29 00:57:31,580 [INFO] recv 13933B via direct in 22ms
2026-09-29 00:57:31,585 [INFO] [client-7] Round 20 — training locally…
2026-09-29 00:57:31,720 [INFO] [client-7] Round 20 — sending update…
2026-09-29 00:57:31,722 [INFO] send 13933B via direct in 39ms (2.90 Mbit/s) to 8e416f6323986977
2026-09-29 00:57:31,726 [INFO] send 13933B via direct in 37ms (3.00 Mbit/s) to bf998849929e4037
2026-09-29 00:57:31,729 [INFO] recv 13933B via direct in 23ms
2026-09-29 00:57:31,732 [INFO] [client-3] Round 20 — training locally…
2026-09-29 00:57:31,894 [INFO] [client-3] Round 20 — sending update…
2026-09-29 00:57:31,898 [INFO] recv 13933B via direct in 24ms
2026-09-29 00:57:31,903 [INFO] [client-0] Round 20 — training locally…
2026-09-29 00:57:32,054 [INFO] [client-0] Round 20 — sending update…
2026-09-29 00:57:32,060 [INFO] send 13933B via direct in 299ms (0.37 Mbit/s) to 76a40726ff2c1070
2026-09-29 00:57:32,061 [INFO] send 13933B via direct in 303ms (0.37 Mbit/s) to 99a249a0b4e0e3f8
2026-09-29 00:57:32,066 [INFO] send 13933B via direct in 309ms (0.36 Mbit/s) to 14ebd73a4d7c0a92
2026-09-29 00:57:32,068 [INFO] send 13933B via direct in 300ms (0.37 Mbit/s) to 54192350e70e7c2c
2026-09-29 00:57:32,069 [INFO] send 13933B via direct in 299ms (0.37 Mbit/s) to 6092efa4a4bb7e98
2026-09-29 00:57:32,071 [INFO] send 13933B via direct in 298ms (0.37 Mbit/s) to 9a6552a2b1b896e7
2026-09-29 00:57:32,073 [INFO] send 13933B via direct in 301ms (0.37 Mbit/s) to 631915e49a2a7052
2026-09-29 00:57:32,075 [INFO] recv 13933B via direct in 625ms
2026-09-29 00:57:32,077 [INFO] [client-8] Round 20 — training locally…
2026-09-29 00:57:32,207 [INFO] [client-8] Round 20 — sending update…
2026-09-29 00:57:32,209 [INFO] recv 13933B via direct in 625ms
2026-09-29 00:57:32,214 [INFO] [client-5] Round 20 — training locally…
2026-09-29 00:57:32,341 [INFO] [client-5] Round 20 — sending update…
2026-09-29 00:57:32,345 [INFO] send 13933B via direct in 304ms (0.37 Mbit/s) to 71a8ea205ccdfff0
2026-09-29 00:57:32,346 [INFO] recv 13933B via direct in 610ms
2026-09-29 00:57:32,349 [INFO] [client-4] Round 20 — training locally…
2026-09-29 00:57:32,452 [INFO] [client-4] Round 20 — sending update…
2026-09-29 00:57:32,457 [INFO] recv 13933B via direct in 610ms
2026-09-29 00:57:32,462 [INFO] [client-9] Round 20 — training locally…
2026-09-29 00:57:32,604 [INFO] [client-9] Round 20 — sending update…
2026-09-29 00:57:32,608 [INFO] recv 13933B via direct in 631ms
2026-09-29 00:57:32,612 [INFO] [client-6] Round 20 — training locally…
2026-09-29 00:57:32,718 [INFO] [client-6] Round 20 — sending update…
2026-09-29 00:57:32,721 [INFO] Round 20 — waiting for 10 updates…
2026-09-29 00:57:32,723 [INFO] recv 13933B via direct in 637ms
2026-09-29 00:57:32,726 [INFO] [client-2] Round 20 — training locally…
2026-09-29 00:57:32,829 [INFO] [client-2] Round 20 — sending update…
2026-09-29 00:57:32,842 [INFO] send 13933B via direct in 1001ms (0.11 Mbit/s) to 80820a0e78a08da1
2026-09-29 00:57:32,866 [INFO] [client-7] Round 20 done — loss=1.0262 acc=0.4554  1.9s
2026-09-29 00:57:32,878 [INFO] send 13933B via direct in 944ms (0.12 Mbit/s) to 80820a0e78a08da1
2026-09-29 00:57:32,894 [INFO] [client-3] Round 20 done — loss=1.0392 acc=0.4574  1.6s
2026-09-29 00:57:32,898 [INFO] recv 13933B via direct in 813ms
2026-09-29 00:57:32,901 [INFO] recv 13933B via direct in 804ms
2026-09-29 00:57:32,906 [INFO] send 13933B via direct in 180ms (0.62 Mbit/s) to 80820a0e78a08da1
2026-09-29 00:57:32,931 [INFO] [client-6] Round 20 done — loss=1.0111 acc=0.4924  1.7s
2026-09-29 00:57:32,936 [INFO] recv 13933B via direct in 71ms
2026-09-29 00:57:32,939 [INFO] recv 13933B via direct in 71ms
2026-09-29 00:57:32,942 [INFO] recv 13933B via direct in 71ms
2026-09-29 00:57:32,944 [INFO] recv 13933B via direct in 71ms
2026-09-29 00:57:32,947 [INFO] send 13933B via direct in 724ms (0.15 Mbit/s) to 80820a0e78a08da1
2026-09-29 00:57:32,963 [INFO] [client-8] Round 20 done — loss=0.7641 acc=0.7136  1.7s
2026-09-29 00:57:32,964 [INFO] recv 13933B via direct in 65ms
2026-09-29 00:57:32,967 [INFO] send 13933B via direct in 589ms (0.19 Mbit/s) to 80820a0e78a08da1
2026-09-29 00:57:32,983 [INFO] [client-5] Round 20 done — loss=0.9715 acc=0.5543  1.8s
2026-09-29 00:57:32,984 [INFO] send 13933B via direct in 479ms (0.23 Mbit/s) to 80820a0e78a08da1
2026-09-29 00:57:33,000 [INFO] [client-4] Round 20 done — loss=1.0117 acc=0.4990  1.7s
2026-09-29 00:57:33,001 [INFO] send 13933B via direct in 1355ms (0.08 Mbit/s) to 80820a0e78a08da1
2026-09-29 00:57:33,018 [INFO] [client-1] Round 20 done — loss=1.0561 acc=0.4231  1.6s
2026-09-29 00:57:33,019 [INFO] send 13933B via direct in 115ms (0.97 Mbit/s) to 80820a0e78a08da1
2026-09-29 00:57:33,036 [INFO] [client-2] Round 20 done — loss=0.9586 acc=0.5309  1.7s
2026-09-29 00:57:33,037 [INFO] recv 13933B via direct in 70ms
2026-09-29 00:57:33,255 [INFO] send 13933B via direct in 1194ms (0.09 Mbit/s) to 80820a0e78a08da1
2026-09-29 00:57:33,323 [INFO] [client-0] Round 20 done — loss=1.0478 acc=0.4657  2.0s
2026-09-29 00:57:33,324 [INFO] recv 13933B via direct in 191ms
2026-09-29 00:57:33,901 [INFO] recv 13933B via direct in 1066ms
2026-09-29 00:57:33,933 [INFO] Round 20/20  acc=0.4659  loss=1.0604  2.5s  clients=10
2026-09-29 00:57:33,935 [INFO] send 13933B via direct in 1328ms (0.08 Mbit/s) to 80820a0e78a08da1
2026-09-29 00:57:33,955 [INFO] [client-9] Round 20 done — loss=1.0073 acc=0.5305  2.8s
2026-09-29 00:57:34,062 [INFO] CoAP server [client-0] stopped
2026-09-29 00:57:34,171 [INFO] CoAP server [client-1] stopped
2026-09-29 00:57:34,277 [INFO] CoAP server [client-2] stopped
2026-09-29 00:57:34,383 [INFO] CoAP server [client-3] stopped
2026-09-29 00:57:34,494 [INFO] CoAP server [client-4] stopped
2026-09-29 00:57:34,604 [INFO] CoAP server [client-5] stopped
2026-09-29 00:57:34,718 [INFO] CoAP server [client-6] stopped
2026-09-29 00:57:34,831 [INFO] CoAP server [client-7] stopped
2026-09-29 00:57:34,941 [INFO] CoAP server [client-8] stopped
2026-09-29 00:57:35,054 [INFO] CoAP server [client-9] stopped
2026-09-29 00:57:35,162 [INFO] CoAP server [server] stopped
2026-09-29 00:57:35,179 [INFO] Exported 20 rows → results/e11/loss_5/e7_airmlp_geographic_round_events.csv
2026-09-29 00:58:12,327 [INFO] AirMLP airmlp_geographic done: {'node_id': 'server', 'architecture': 'B', 'scenario': 'e7_airmlp_geographic', 'rounds_total': 20, 'rounds_success': 20, 'test_acc_final': 0.4658803706823926, 'test_acc_max': 0.4883459702330806, 'duration_mean_sec': 5.566325174949452, 'pct_direct': 0.0, 'pct_relay': 0.0, 'bytes_to_aggregator': 2779831}  macro-F1=0.3916  bal-acc=0.4216
2026-09-29 00:58:12,360 [INFO] E11 loss_5: {"condition": "loss_5", "netem": "loss 5%", "fl_wall_s": 241.8, "rounds_ok": 20, "rounds": 20, "round_s_median": 1.961, "round_s_max": 73.882, "test_acc_final": 0.4658803706823926, "macro_f1": 0.3915830698487534, "balanced_accuracy": 0.42164107346275337, "xfer_100kB_ok": "10/10", "xfer_100kB_ms_median": 35.0, "xfer_1000kB_ok": "10/10", "xfer_1000kB_ms_median": 148.4, "xfer_10000kB_ok": "10/10", "xfer_10000kB_ms_median": 1661.7}
