18:07:57 [INFO] E7 configs to run: ['airmlp_geographic', 'airmlp_iid']
18:07:58 [INFO] === E7 AirMLP + FedAvg — geographic ===
18:07:59 [INFO] Air quality dataset loaded: 28514 train / 3561 test | 6 features | 3 classes
18:07:59 [INFO] Geographic partition: 10 provinces  min=2305  max=2922  mean=2851
18:07:59 [INFO] AirMLP class weights: [1.026976466178894, 1.0868686437606812, 0.904000997543335]
18:07:59 [INFO] FL_MOCK_IROH=1 — forcing mock transport (iroh bypassed)
18:07:59 [INFO] CoAP server [server] listening on 0.0.0.0:5783
18:07:59 [INFO] FLServer server started (mock=True)
18:07:59 [INFO] FL_MOCK_IROH=1 — forcing mock transport (iroh bypassed)
18:07:59 [INFO] CoAP server [client-0] listening on 0.0.0.0:5784
18:07:59 [INFO] FLClient client-0 started (mock=True)
18:07:59 [INFO] Registered client client-0  iroh=mock-client-0
18:07:59 [INFO] FL_MOCK_IROH=1 — forcing mock transport (iroh bypassed)
18:07:59 [INFO] CoAP server [client-1] listening on 0.0.0.0:5785
18:07:59 [INFO] FLClient client-1 started (mock=True)
18:07:59 [INFO] Registered client client-1  iroh=mock-client-1
18:07:59 [INFO] FL_MOCK_IROH=1 — forcing mock transport (iroh bypassed)
18:07:59 [INFO] CoAP server [client-2] listening on 0.0.0.0:5786
18:07:59 [INFO] FLClient client-2 started (mock=True)
18:07:59 [INFO] Registered client client-2  iroh=mock-client-2
18:07:59 [INFO] FL_MOCK_IROH=1 — forcing mock transport (iroh bypassed)
18:07:59 [INFO] CoAP server [client-3] listening on 0.0.0.0:5787
18:07:59 [INFO] FLClient client-3 started (mock=True)
18:07:59 [INFO] Registered client client-3  iroh=mock-client-3
18:07:59 [INFO] FL_MOCK_IROH=1 — forcing mock transport (iroh bypassed)
18:07:59 [INFO] CoAP server [client-4] listening on 0.0.0.0:5788
18:07:59 [INFO] FLClient client-4 started (mock=True)
18:07:59 [INFO] Registered client client-4  iroh=mock-client-4
18:07:59 [INFO] FL_MOCK_IROH=1 — forcing mock transport (iroh bypassed)
18:07:59 [INFO] CoAP server [client-5] listening on 0.0.0.0:5789
18:07:59 [INFO] FLClient client-5 started (mock=True)
18:07:59 [INFO] Registered client client-5  iroh=mock-client-5
18:07:59 [INFO] FL_MOCK_IROH=1 — forcing mock transport (iroh bypassed)
18:07:59 [INFO] CoAP server [client-6] listening on 0.0.0.0:5790
18:07:59 [INFO] FLClient client-6 started (mock=True)
18:07:59 [INFO] Registered client client-6  iroh=mock-client-6
18:07:59 [INFO] FL_MOCK_IROH=1 — forcing mock transport (iroh bypassed)
18:07:59 [INFO] CoAP server [client-7] listening on 0.0.0.0:5791
18:07:59 [INFO] FLClient client-7 started (mock=True)
18:07:59 [INFO] Registered client client-7  iroh=mock-client-7
18:07:59 [INFO] FL_MOCK_IROH=1 — forcing mock transport (iroh bypassed)
18:07:59 [INFO] CoAP server [client-8] listening on 0.0.0.0:5792
18:07:59 [INFO] FLClient client-8 started (mock=True)
18:07:59 [INFO] Registered client client-8  iroh=mock-client-8
18:07:59 [INFO] FL_MOCK_IROH=1 — forcing mock transport (iroh bypassed)
18:07:59 [INFO] CoAP server [client-9] listening on 0.0.0.0:5793
18:07:59 [INFO] FLClient client-9 started (mock=True)
18:07:59 [INFO] Registered client client-9  iroh=mock-client-9
18:07:59 [INFO] Round 1 — sending model to 10 clients…
18:07:59 [INFO] [client-0] Round 1 — receiving model…
18:07:59 [INFO] [client-1] Round 1 — receiving model…
18:07:59 [INFO] [client-2] Round 1 — receiving model…
18:07:59 [INFO] [client-3] Round 1 — receiving model…
18:07:59 [INFO] [client-4] Round 1 — receiving model…
18:07:59 [INFO] [client-5] Round 1 — receiving model…
18:07:59 [INFO] [client-6] Round 1 — receiving model…
18:07:59 [INFO] [client-7] Round 1 — receiving model…
18:07:59 [INFO] [client-8] Round 1 — receiving model…
18:07:59 [INFO] [client-9] Round 1 — receiving model…
18:07:59 [INFO] [client-7] Round 1 — training locally…
18:07:59 [INFO] [client-7] Round 1 — sending update…
18:07:59 [INFO] [client-3] Round 1 — training locally…
18:07:59 [INFO] [client-3] Round 1 — sending update…
18:07:59 [INFO] [client-2] Round 1 — training locally…
18:07:59 [INFO] [client-2] Round 1 — sending update…
18:07:59 [INFO] [client-4] Round 1 — training locally…
18:07:59 [INFO] [client-4] Round 1 — sending update…
18:07:59 [INFO] [client-1] Round 1 — training locally…
18:07:59 [INFO] [client-1] Round 1 — sending update…
18:07:59 [INFO] [client-5] Round 1 — training locally…
18:08:00 [INFO] [client-5] Round 1 — sending update…
18:08:00 [INFO] [client-9] Round 1 — training locally…
18:08:00 [INFO] [client-9] Round 1 — sending update…
18:08:00 [INFO] [client-8] Round 1 — training locally…
18:08:00 [INFO] [client-8] Round 1 — sending update…
18:08:00 [INFO] [client-7] Round 1 done — loss=1.0505 acc=0.4368  1.1s
18:08:00 [INFO] [client-7] Round 2 — receiving model…
18:08:00 [INFO] [client-3] Round 1 done — loss=1.0584 acc=0.4512  1.1s
18:08:00 [INFO] [client-3] Round 2 — receiving model…
18:08:00 [INFO] [client-2] Round 1 done — loss=1.0413 acc=0.4437  1.2s
18:08:00 [INFO] [client-2] Round 2 — receiving model…
18:08:00 [INFO] [client-4] Round 1 done — loss=1.0308 acc=0.4900  1.2s
18:08:00 [INFO] [client-4] Round 2 — receiving model…
18:08:00 [INFO] [client-1] Round 1 done — loss=1.0801 acc=0.3867  1.3s
18:08:00 [INFO] [client-1] Round 2 — receiving model…
18:08:00 [INFO] [client-5] Round 1 done — loss=1.0591 acc=0.4512  1.4s
18:08:00 [INFO] [client-5] Round 2 — receiving model…
18:08:00 [INFO] [client-9] Round 1 done — loss=1.0564 acc=0.4702  1.4s
18:08:00 [INFO] [client-9] Round 2 — receiving model…
18:08:00 [INFO] Round 1 — waiting for 10 updates…
18:08:00 [INFO] [client-8] Round 1 done — loss=0.8023 acc=0.6854  1.4s
18:08:00 [INFO] [client-8] Round 2 — receiving model…
18:08:00 [INFO] [client-6] Round 1 — training locally…
18:08:00 [INFO] [client-6] Round 1 — sending update…
18:08:00 [INFO] [client-0] Round 1 — training locally…
18:08:00 [INFO] [client-0] Round 1 — sending update…
18:08:01 [INFO] [client-6] Round 1 done — loss=1.0478 acc=0.4469  1.7s
18:08:01 [INFO] [client-6] Round 2 — receiving model…
18:08:01 [INFO] [client-0] Round 1 done — loss=1.0600 acc=0.4622  1.7s
18:08:01 [INFO] [client-0] Round 2 — receiving model…
18:08:01 [INFO] Round 1/50  acc=0.3272  loss=1.1072  1.8s  clients=10
18:08:01 [INFO] Round 2 — sending model to 10 clients…
18:08:01 [INFO] [client-3] Round 2 — training locally…
18:08:01 [INFO] [client-3] Round 2 — sending update…
18:08:01 [INFO] [client-7] Round 2 — training locally…
18:08:01 [INFO] [client-7] Round 2 — sending update…
18:08:01 [INFO] [client-4] Round 2 — training locally…
18:08:01 [INFO] [client-4] Round 2 — sending update…
18:08:01 [INFO] [client-8] Round 2 — training locally…
18:08:01 [INFO] [client-8] Round 2 — sending update…
18:08:01 [INFO] [client-9] Round 2 — training locally…
18:08:01 [INFO] [client-9] Round 2 — sending update…
18:08:01 [INFO] [client-5] Round 2 — training locally…
18:08:01 [INFO] [client-5] Round 2 — sending update…
18:08:01 [INFO] [client-6] Round 2 — training locally…
18:08:02 [INFO] [client-6] Round 2 — sending update…
18:08:02 [INFO] [client-2] Round 2 — training locally…
18:08:02 [INFO] [client-2] Round 2 — sending update…
18:08:02 [INFO] [client-3] Round 2 done — loss=1.0543 acc=0.4396  1.7s
18:08:02 [INFO] [client-3] Round 3 — receiving model…
18:08:02 [INFO] [client-7] Round 2 done — loss=1.0382 acc=0.4478  1.8s
18:08:02 [INFO] [client-7] Round 3 — receiving model…
18:08:02 [INFO] [client-4] Round 2 done — loss=1.0312 acc=0.4815  1.7s
18:08:02 [INFO] [client-4] Round 3 — receiving model…
18:08:02 [INFO] [client-8] Round 2 done — loss=0.7797 acc=0.7277  1.5s
18:08:02 [INFO] [client-8] Round 3 — receiving model…
18:08:02 [INFO] [client-9] Round 2 done — loss=1.0266 acc=0.5147  1.6s
18:08:02 [INFO] [client-9] Round 3 — receiving model…
18:08:02 [INFO] [client-5] Round 2 done — loss=1.0183 acc=0.5161  1.7s
18:08:02 [INFO] [client-5] Round 3 — receiving model…
18:08:02 [INFO] [client-6] Round 2 done — loss=1.0252 acc=0.4854  1.4s
18:08:02 [INFO] [client-6] Round 3 — receiving model…
18:08:02 [INFO] Round 2 — waiting for 10 updates…
18:08:02 [INFO] [client-2] Round 2 done — loss=1.0152 acc=0.4660  1.9s
18:08:02 [INFO] [client-2] Round 3 — receiving model…
18:08:02 [INFO] [client-1] Round 2 — training locally…
18:08:02 [INFO] [client-1] Round 2 — sending update…
18:08:02 [INFO] [client-0] Round 2 — training locally…
18:08:02 [INFO] [client-0] Round 2 — sending update…
18:08:02 [INFO] [client-1] Round 2 done — loss=1.0677 acc=0.4152  2.0s
18:08:02 [INFO] [client-1] Round 3 — receiving model…
18:08:02 [INFO] [client-0] Round 2 done — loss=1.0560 acc=0.4462  1.7s
18:08:02 [INFO] [client-0] Round 3 — receiving model…
18:08:02 [INFO] Round 2/50  acc=0.3892  loss=1.0883  1.7s  clients=10
18:08:02 [INFO] Round 3 — sending model to 10 clients…
18:08:02 [INFO] [client-0] Round 3 — training locally…
18:08:02 [INFO] [client-0] Round 3 — sending update…
18:08:02 [INFO] [client-9] Round 3 — training locally…
18:08:02 [INFO] [client-9] Round 3 — sending update…
18:08:03 [INFO] [client-2] Round 3 — training locally…
18:08:03 [INFO] [client-2] Round 3 — sending update…
18:08:03 [INFO] [client-3] Round 3 — training locally…
18:08:03 [INFO] [client-3] Round 3 — sending update…
18:08:03 [INFO] [client-4] Round 3 — training locally…
18:08:03 [INFO] [client-4] Round 3 — sending update…
18:08:03 [INFO] [client-8] Round 3 — training locally…
18:08:03 [INFO] [client-8] Round 3 — sending update…
18:08:03 [INFO] [client-7] Round 3 — training locally…
18:08:03 [INFO] [client-7] Round 3 — sending update…
18:08:03 [INFO] [client-5] Round 3 — training locally…
18:08:03 [INFO] [client-5] Round 3 — sending update…
18:08:03 [INFO] [client-0] Round 3 done — loss=1.0586 acc=0.4470  1.1s
18:08:03 [INFO] [client-0] Round 4 — receiving model…
18:08:03 [INFO] [client-9] Round 3 done — loss=1.0171 acc=0.5249  1.6s
18:08:03 [INFO] [client-9] Round 4 — receiving model…
18:08:03 [INFO] [client-2] Round 3 done — loss=0.9872 acc=0.5048  1.5s
18:08:03 [INFO] [client-2] Round 4 — receiving model…
18:08:03 [INFO] [client-3] Round 3 done — loss=1.0518 acc=0.4461  1.7s
18:08:03 [INFO] [client-3] Round 4 — receiving model…
18:08:03 [INFO] [client-4] Round 3 done — loss=1.0257 acc=0.4821  1.7s
18:08:03 [INFO] [client-4] Round 4 — receiving model…
18:08:03 [INFO] [client-8] Round 3 done — loss=0.7702 acc=0.7174  1.7s
18:08:03 [INFO] [client-8] Round 4 — receiving model…
18:08:04 [INFO] [client-7] Round 3 done — loss=1.0337 acc=0.4571  1.8s
18:08:04 [INFO] [client-7] Round 4 — receiving model…
18:08:04 [INFO] Round 3 — waiting for 10 updates…
18:08:04 [INFO] [client-5] Round 3 done — loss=0.9994 acc=0.5309  1.7s
18:08:04 [INFO] [client-5] Round 4 — receiving model…
18:08:04 [INFO] [client-6] Round 3 — training locally…
18:08:04 [INFO] [client-6] Round 3 — sending update…
18:08:04 [INFO] [client-1] Round 3 — training locally…
18:08:04 [INFO] [client-1] Round 3 — sending update…
18:08:04 [INFO] [client-6] Round 3 done — loss=1.0236 acc=0.4830  2.0s
18:08:04 [INFO] [client-6] Round 4 — receiving model…
18:08:04 [INFO] [client-1] Round 3 done — loss=1.0652 acc=0.4073  1.7s
18:08:04 [INFO] [client-1] Round 4 — receiving model…
18:08:04 [INFO] Round 3/50  acc=0.4238  loss=1.0817  1.7s  clients=10
18:08:04 [INFO] Round 4 — sending model to 10 clients…
18:08:04 [INFO] [client-4] Round 4 — training locally…
18:08:04 [INFO] [client-4] Round 4 — sending update…
18:08:04 [INFO] [client-2] Round 4 — training locally…
18:08:04 [INFO] [client-2] Round 4 — sending update…
18:08:04 [INFO] [client-0] Round 4 — training locally…
18:08:04 [INFO] [client-0] Round 4 — sending update…
18:08:04 [INFO] [client-3] Round 4 — training locally…
18:08:04 [INFO] [client-3] Round 4 — sending update…
18:08:04 [INFO] [client-6] Round 4 — training locally…
18:08:05 [INFO] [client-6] Round 4 — sending update…
18:08:05 [INFO] [client-5] Round 4 — training locally…
18:08:05 [INFO] [client-5] Round 4 — sending update…
18:08:05 [INFO] [client-7] Round 4 — training locally…
18:08:05 [INFO] [client-7] Round 4 — sending update…
18:08:05 [INFO] [client-8] Round 4 — training locally…
18:08:05 [INFO] [client-8] Round 4 — sending update…
18:08:05 [INFO] [client-4] Round 4 done — loss=1.0224 acc=0.4918  1.6s
18:08:05 [INFO] [client-4] Round 5 — receiving model…
18:08:05 [INFO] [client-2] Round 4 done — loss=0.9750 acc=0.5086  1.6s
18:08:05 [INFO] [client-2] Round 5 — receiving model…
18:08:05 [INFO] [client-0] Round 4 done — loss=1.0556 acc=0.4605  1.7s
18:08:05 [INFO] [client-0] Round 5 — receiving model…
18:08:05 [INFO] [client-3] Round 4 done — loss=1.0509 acc=0.4423  1.7s
18:08:05 [INFO] [client-3] Round 5 — receiving model…
18:08:05 [INFO] [client-6] Round 4 done — loss=1.0142 acc=0.4809  1.3s
18:08:05 [INFO] [client-6] Round 5 — receiving model…
18:08:05 [INFO] [client-5] Round 4 done — loss=0.9835 acc=0.5388  1.6s
18:08:05 [INFO] [client-5] Round 5 — receiving model…
18:08:05 [INFO] [client-7] Round 4 done — loss=1.0300 acc=0.4478  1.7s
18:08:05 [INFO] [client-7] Round 5 — receiving model…
18:08:05 [INFO] Round 4 — waiting for 10 updates…
18:08:05 [INFO] [client-8] Round 4 done — loss=0.7663 acc=0.7184  1.7s
18:08:05 [INFO] [client-8] Round 5 — receiving model…
18:08:05 [INFO] [client-1] Round 4 — training locally…
18:08:05 [INFO] [client-1] Round 4 — sending update…
18:08:05 [INFO] [client-9] Round 4 — training locally…
18:08:05 [INFO] [client-9] Round 4 — sending update…
18:08:06 [INFO] [client-1] Round 4 done — loss=1.0613 acc=0.4169  1.6s
18:08:06 [INFO] [client-1] Round 5 — receiving model…
18:08:06 [INFO] [client-9] Round 4 done — loss=1.0153 acc=0.5133  2.2s
18:08:06 [INFO] [client-9] Round 5 — receiving model…
18:08:06 [INFO] Round 4/50  acc=0.4454  loss=1.0715  1.7s  clients=10
18:08:06 [INFO] Round 5 — sending model to 10 clients…
18:08:06 [INFO] [client-6] Round 5 — training locally…
18:08:06 [INFO] [client-6] Round 5 — sending update…
18:08:06 [INFO] [client-3] Round 5 — training locally…
18:08:06 [INFO] [client-3] Round 5 — sending update…
18:08:06 [INFO] [client-0] Round 5 — training locally…
18:08:06 [INFO] [client-0] Round 5 — sending update…
18:08:06 [INFO] [client-4] Round 5 — training locally…
18:08:06 [INFO] [client-4] Round 5 — sending update…
18:08:06 [INFO] [client-1] Round 5 — training locally…
18:08:06 [INFO] [client-1] Round 5 — sending update…
18:08:06 [INFO] [client-2] Round 5 — training locally…
18:08:06 [INFO] [client-2] Round 5 — sending update…
18:08:06 [INFO] [client-8] Round 5 — training locally…
18:08:06 [INFO] [client-8] Round 5 — sending update…
18:08:07 [INFO] [client-7] Round 5 — training locally…
18:08:07 [INFO] [client-7] Round 5 — sending update…
18:08:07 [INFO] [client-6] Round 5 done — loss=1.0171 acc=0.4795  1.5s
18:08:07 [INFO] [client-6] Round 6 — receiving model…
18:08:07 [INFO] [client-3] Round 5 done — loss=1.0460 acc=0.4530  1.6s
18:08:07 [INFO] [client-3] Round 6 — receiving model…
18:08:07 [INFO] [client-0] Round 5 done — loss=1.0567 acc=0.4570  1.7s
18:08:07 [INFO] [client-0] Round 6 — receiving model…
18:08:07 [INFO] [client-4] Round 5 done — loss=1.0256 acc=0.4845  1.8s
18:08:07 [INFO] [client-4] Round 6 — receiving model…
18:08:07 [INFO] [client-1] Round 5 done — loss=1.0602 acc=0.4399  1.3s
18:08:07 [INFO] [client-1] Round 6 — receiving model…
18:08:07 [INFO] [client-2] Round 5 done — loss=0.9749 acc=0.5141  1.8s
18:08:07 [INFO] [client-2] Round 6 — receiving model…
18:08:07 [INFO] [client-8] Round 5 done — loss=0.7690 acc=0.7109  1.6s
18:08:07 [INFO] [client-8] Round 6 — receiving model…
18:08:07 [INFO] Round 5 — waiting for 10 updates…
18:08:07 [INFO] [client-7] Round 5 done — loss=1.0290 acc=0.4468  1.7s
18:08:07 [INFO] [client-7] Round 6 — receiving model…
18:08:07 [INFO] [client-5] Round 5 — training locally…
18:08:07 [INFO] [client-5] Round 5 — sending update…
18:08:07 [INFO] [client-9] Round 5 — training locally…
18:08:07 [INFO] [client-9] Round 5 — sending update…
18:08:07 [INFO] [client-5] Round 5 done — loss=0.9853 acc=0.5419  2.0s
18:08:07 [INFO] [client-5] Round 6 — receiving model…
18:08:07 [INFO] [client-9] Round 5 done — loss=1.0117 acc=0.5221  1.7s
18:08:07 [INFO] [client-9] Round 6 — receiving model…
18:08:07 [INFO] Round 5/50  acc=0.4563  loss=1.0669  1.7s  clients=10
18:08:07 [INFO] Round 6 — sending model to 10 clients…
18:08:07 [INFO] [client-4] Round 6 — training locally…
18:08:07 [INFO] [client-4] Round 6 — sending update…
18:08:07 [INFO] [client-8] Round 6 — training locally…
18:08:08 [INFO] [client-8] Round 6 — sending update…
18:08:08 [INFO] [client-2] Round 6 — training locally…
18:08:08 [INFO] [client-2] Round 6 — sending update…
18:08:08 [INFO] [client-0] Round 6 — training locally…
18:08:08 [INFO] [client-0] Round 6 — sending update…
18:08:08 [INFO] [client-9] Round 6 — training locally…
18:08:08 [INFO] [client-9] Round 6 — sending update…
18:08:08 [INFO] [client-6] Round 6 — training locally…
18:08:08 [INFO] [client-6] Round 6 — sending update…
18:08:08 [INFO] [client-3] Round 6 — training locally…
18:08:08 [INFO] [client-3] Round 6 — sending update…
18:08:08 [INFO] [client-1] Round 6 — training locally…
18:08:08 [INFO] [client-1] Round 6 — sending update…
18:08:08 [INFO] [client-4] Round 6 done — loss=1.0228 acc=0.4921  1.6s
18:08:08 [INFO] [client-4] Round 7 — receiving model…
18:08:08 [INFO] [client-8] Round 6 done — loss=0.7668 acc=0.7115  1.5s
18:08:08 [INFO] [client-8] Round 7 — receiving model…
18:08:08 [INFO] [client-2] Round 6 done — loss=0.9783 acc=0.5110  1.6s
18:08:08 [INFO] [client-2] Round 7 — receiving model…
18:08:08 [INFO] [client-0] Round 6 done — loss=1.0561 acc=0.4531  1.7s
18:08:08 [INFO] [client-0] Round 7 — receiving model…
18:08:08 [INFO] [client-9] Round 6 done — loss=1.0115 acc=0.5204  1.2s
18:08:08 [INFO] [client-9] Round 7 — receiving model…
18:08:08 [INFO] [client-6] Round 6 done — loss=1.0132 acc=0.4924  1.8s
18:08:08 [INFO] [client-6] Round 7 — receiving model…
18:08:08 [INFO] [client-3] Round 6 done — loss=1.0487 acc=0.4543  1.8s
18:08:08 [INFO] [client-3] Round 7 — receiving model…
18:08:08 [INFO] Round 6 — waiting for 10 updates…
18:08:09 [INFO] [client-1] Round 6 done — loss=1.0605 acc=0.4093  1.7s
18:08:09 [INFO] [client-1] Round 7 — receiving model…
18:08:09 [INFO] [client-5] Round 6 — training locally…
18:08:09 [INFO] [client-5] Round 6 — sending update…
18:08:09 [INFO] [client-7] Round 6 — training locally…
18:08:09 [INFO] [client-7] Round 6 — sending update…
18:08:09 [INFO] [client-5] Round 6 done — loss=0.9721 acc=0.5529  1.7s
18:08:09 [INFO] [client-5] Round 7 — receiving model…
18:08:09 [INFO] [client-7] Round 6 done — loss=1.0312 acc=0.4526  2.0s
18:08:09 [INFO] [client-7] Round 7 — receiving model…
18:08:09 [INFO] Round 6/50  acc=0.4693  loss=1.0622  1.7s  clients=10
18:08:09 [INFO] Round 7 — sending model to 10 clients…
18:08:09 [INFO] [client-1] Round 7 — training locally…
18:08:09 [INFO] [client-1] Round 7 — sending update…
18:08:09 [INFO] [client-9] Round 7 — training locally…
18:08:09 [INFO] [client-9] Round 7 — sending update…
18:08:09 [INFO] [client-5] Round 7 — training locally…
18:08:09 [INFO] [client-5] Round 7 — sending update…
18:08:09 [INFO] [client-4] Round 7 — training locally…
18:08:09 [INFO] [client-4] Round 7 — sending update…
18:08:09 [INFO] [client-2] Round 7 — training locally…
18:08:10 [INFO] [client-2] Round 7 — sending update…
18:08:10 [INFO] [client-6] Round 7 — training locally…
18:08:10 [INFO] [client-6] Round 7 — sending update…
18:08:10 [INFO] [client-8] Round 7 — training locally…
18:08:10 [INFO] [client-8] Round 7 — sending update…
18:08:10 [INFO] [client-0] Round 7 — training locally…
18:08:10 [INFO] [client-0] Round 7 — sending update…
18:08:10 [INFO] [client-1] Round 7 done — loss=1.0582 acc=0.4200  1.4s
18:08:10 [INFO] [client-1] Round 8 — receiving model…
18:08:10 [INFO] [client-9] Round 7 done — loss=1.0120 acc=0.5267  1.6s
18:08:10 [INFO] [client-9] Round 8 — receiving model…
18:08:10 [INFO] [client-5] Round 7 done — loss=0.9734 acc=0.5488  1.2s
18:08:10 [INFO] [client-5] Round 8 — receiving model…
18:08:10 [INFO] [client-4] Round 7 done — loss=1.0148 acc=0.4948  1.8s
18:08:10 [INFO] [client-4] Round 8 — receiving model…
18:08:10 [INFO] [client-2] Round 7 done — loss=0.9710 acc=0.5130  1.7s
18:08:10 [INFO] [client-2] Round 8 — receiving model…
18:08:10 [INFO] [client-6] Round 7 done — loss=1.0175 acc=0.4868  1.7s
18:08:10 [INFO] [client-6] Round 8 — receiving model…
18:08:10 [INFO] [client-8] Round 7 done — loss=0.7671 acc=0.7133  1.8s
18:08:10 [INFO] [client-8] Round 8 — receiving model…
18:08:10 [INFO] Round 7 — waiting for 10 updates…
18:08:10 [INFO] [client-0] Round 7 done — loss=1.0531 acc=0.4453  1.8s
18:08:10 [INFO] [client-0] Round 8 — receiving model…
18:08:10 [INFO] [client-7] Round 7 — training locally…
18:08:10 [INFO] [client-7] Round 7 — sending update…
18:08:10 [INFO] [client-3] Round 7 — training locally…
18:08:10 [INFO] [client-3] Round 7 — sending update…
18:08:10 [INFO] [client-7] Round 7 done — loss=1.0294 acc=0.4505  1.6s
18:08:10 [INFO] [client-7] Round 8 — receiving model…
18:08:11 [INFO] [client-3] Round 7 done — loss=1.0415 acc=0.4578  2.0s
18:08:11 [INFO] [client-3] Round 8 — receiving model…
18:08:11 [INFO] Round 7/50  acc=0.4561  loss=1.0701  1.7s  clients=10
18:08:11 [INFO] Round 8 — sending model to 10 clients…
18:08:11 [INFO] [client-4] Round 8 — training locally…
18:08:11 [INFO] [client-4] Round 8 — sending update…
18:08:11 [INFO] [client-2] Round 8 — training locally…
18:08:11 [INFO] [client-2] Round 8 — sending update…
18:08:11 [INFO] [client-0] Round 8 — training locally…
18:08:11 [INFO] [client-0] Round 8 — sending update…
18:08:11 [INFO] [client-6] Round 8 — training locally…
18:08:11 [INFO] [client-6] Round 8 — sending update…
18:08:11 [INFO] [client-8] Round 8 — training locally…
18:08:11 [INFO] [client-8] Round 8 — sending update…
18:08:11 [INFO] [client-3] Round 8 — training locally…
18:08:11 [INFO] [client-3] Round 8 — sending update…
18:08:11 [INFO] [client-7] Round 8 — training locally…
18:08:12 [INFO] [client-7] Round 8 — sending update…
18:08:12 [INFO] [client-5] Round 8 — training locally…
18:08:12 [INFO] [client-5] Round 8 — sending update…
18:08:12 [INFO] [client-4] Round 8 done — loss=1.0209 acc=0.4897  1.7s
18:08:12 [INFO] [client-4] Round 9 — receiving model…
18:08:12 [INFO] [client-2] Round 8 done — loss=0.9711 acc=0.5216  1.7s
18:08:12 [INFO] [client-2] Round 9 — receiving model…
18:08:12 [INFO] [client-0] Round 8 done — loss=1.0552 acc=0.4562  1.6s
18:08:12 [INFO] [client-0] Round 9 — receiving model…
18:08:12 [INFO] [client-6] Round 8 done — loss=1.0152 acc=0.4889  1.7s
18:08:12 [INFO] [client-6] Round 9 — receiving model…
18:08:12 [INFO] [client-8] Round 8 done — loss=0.7588 acc=0.7139  1.7s
18:08:12 [INFO] [client-8] Round 9 — receiving model…
18:08:12 [INFO] [client-3] Round 8 done — loss=1.0452 acc=0.4571  1.4s
18:08:12 [INFO] [client-3] Round 9 — receiving model…
18:08:12 [INFO] [client-7] Round 8 done — loss=1.0306 acc=0.4502  1.4s
18:08:12 [INFO] [client-7] Round 9 — receiving model…
18:08:12 [INFO] Round 8 — waiting for 10 updates…
18:08:12 [INFO] [client-5] Round 8 done — loss=0.9752 acc=0.5481  1.9s
18:08:12 [INFO] [client-5] Round 9 — receiving model…
18:08:12 [INFO] [client-1] Round 8 — training locally…
18:08:12 [INFO] [client-1] Round 8 — sending update…
18:08:12 [INFO] [client-9] Round 8 — training locally…
18:08:12 [INFO] [client-9] Round 8 — sending update…
18:08:12 [INFO] [client-1] Round 8 done — loss=1.0621 acc=0.4162  2.3s
18:08:12 [INFO] [client-1] Round 9 — receiving model…
18:08:12 [INFO] [client-9] Round 8 done — loss=1.0159 acc=0.5225  2.3s
18:08:12 [INFO] [client-9] Round 9 — receiving model…
18:08:12 [INFO] Round 8/50  acc=0.4684  loss=1.0592  1.8s  clients=10
18:08:12 [INFO] Round 9 — sending model to 10 clients…
18:08:12 [INFO] [client-8] Round 9 — training locally…
18:08:12 [INFO] [client-8] Round 9 — sending update…
18:08:12 [INFO] [client-0] Round 9 — training locally…
18:08:13 [INFO] [client-0] Round 9 — sending update…
18:08:13 [INFO] [client-2] Round 9 — training locally…
18:08:13 [INFO] [client-2] Round 9 — sending update…
18:08:13 [INFO] [client-6] Round 9 — training locally…
18:08:13 [INFO] [client-6] Round 9 — sending update…
18:08:13 [INFO] [client-3] Round 9 — training locally…
18:08:13 [INFO] [client-3] Round 9 — sending update…
18:08:13 [INFO] [client-5] Round 9 — training locally…
18:08:13 [INFO] [client-5] Round 9 — sending update…
18:08:13 [INFO] [client-9] Round 9 — training locally…
18:08:13 [INFO] [client-9] Round 9 — sending update…
18:08:13 [INFO] [client-4] Round 9 — training locally…
18:08:13 [INFO] [client-4] Round 9 — sending update…
18:08:13 [INFO] [client-8] Round 9 done — loss=0.7652 acc=0.7102  1.5s
18:08:13 [INFO] [client-8] Round 10 — receiving model…
18:08:13 [INFO] [client-0] Round 9 done — loss=1.0510 acc=0.4570  1.6s
18:08:13 [INFO] [client-0] Round 10 — receiving model…
18:08:13 [INFO] [client-2] Round 9 done — loss=0.9727 acc=0.5278  1.7s
18:08:13 [INFO] [client-2] Round 10 — receiving model…
18:08:13 [INFO] [client-6] Round 9 done — loss=1.0123 acc=0.4878  1.7s
18:08:13 [INFO] [client-6] Round 10 — receiving model…
18:08:14 [INFO] [client-3] Round 9 done — loss=1.0416 acc=0.4547  1.6s
18:08:14 [INFO] [client-3] Round 10 — receiving model…
18:08:14 [INFO] [client-5] Round 9 done — loss=0.9766 acc=0.5594  1.6s
18:08:14 [INFO] [client-5] Round 10 — receiving model…
18:08:14 [INFO] [client-9] Round 9 done — loss=1.0166 acc=0.5232  1.3s
18:08:14 [INFO] [client-9] Round 10 — receiving model…
18:08:14 [INFO] Round 9 — waiting for 10 updates…
18:08:14 [INFO] [client-4] Round 9 done — loss=1.0162 acc=0.4894  1.9s
18:08:14 [INFO] [client-4] Round 10 — receiving model…
18:08:14 [INFO] [client-7] Round 9 — training locally…
18:08:14 [INFO] [client-7] Round 9 — sending update…
18:08:14 [INFO] [client-1] Round 9 — training locally…
18:08:14 [INFO] [client-1] Round 9 — sending update…
18:08:14 [INFO] [client-7] Round 9 done — loss=1.0298 acc=0.4595  2.0s
18:08:14 [INFO] [client-7] Round 10 — receiving model…
18:08:14 [INFO] [client-1] Round 9 done — loss=1.0609 acc=0.4186  1.7s
18:08:14 [INFO] [client-1] Round 10 — receiving model…
18:08:14 [INFO] Round 9/50  acc=0.4614  loss=1.0649  1.7s  clients=10
18:08:14 [INFO] Round 10 — sending model to 10 clients…
18:08:14 [INFO] [client-5] Round 10 — training locally…
18:08:14 [INFO] [client-5] Round 10 — sending update…
18:08:14 [INFO] [client-3] Round 10 — training locally…
18:08:14 [INFO] [client-3] Round 10 — sending update…
18:08:14 [INFO] [client-1] Round 10 — training locally…
18:08:14 [INFO] [client-1] Round 10 — sending update…
18:08:14 [INFO] [client-0] Round 10 — training locally…
18:08:15 [INFO] [client-0] Round 10 — sending update…
18:08:15 [INFO] [client-9] Round 10 — training locally…
18:08:15 [INFO] [client-9] Round 10 — sending update…
18:08:15 [INFO] [client-8] Round 10 — training locally…
18:08:15 [INFO] [client-8] Round 10 — sending update…
18:08:15 [INFO] [client-6] Round 10 — training locally…
18:08:15 [INFO] [client-6] Round 10 — sending update…
18:08:15 [INFO] [client-2] Round 10 — training locally…
18:08:15 [INFO] [client-2] Round 10 — sending update…
18:08:15 [INFO] [client-5] Round 10 done — loss=0.9798 acc=0.5498  1.5s
18:08:15 [INFO] [client-5] Round 11 — receiving model…
18:08:15 [INFO] [client-3] Round 10 done — loss=1.0416 acc=0.4602  1.6s
18:08:15 [INFO] [client-3] Round 11 — receiving model…
18:08:15 [INFO] [client-1] Round 10 done — loss=1.0586 acc=0.4299  1.2s
18:08:15 [INFO] [client-1] Round 11 — receiving model…
18:08:15 [INFO] [client-0] Round 10 done — loss=1.0519 acc=0.4484  1.7s
18:08:15 [INFO] [client-0] Round 11 — receiving model…
18:08:15 [INFO] [client-9] Round 10 done — loss=1.0136 acc=0.5186  1.6s
18:08:15 [INFO] [client-9] Round 11 — receiving model…
18:08:15 [INFO] [client-8] Round 10 done — loss=0.7697 acc=0.7084  1.8s
18:08:15 [INFO] [client-8] Round 11 — receiving model…
18:08:15 [INFO] [client-6] Round 10 done — loss=1.0151 acc=0.4927  1.7s
18:08:15 [INFO] [client-6] Round 11 — receiving model…
18:08:15 [INFO] Round 10 — waiting for 10 updates…
18:08:15 [INFO] [client-2] Round 10 done — loss=0.9656 acc=0.5271  1.8s
18:08:15 [INFO] [client-2] Round 11 — receiving model…
18:08:15 [INFO] [client-4] Round 10 — training locally…
18:08:15 [INFO] [client-4] Round 10 — sending update…
18:08:15 [INFO] [client-7] Round 10 — training locally…
18:08:16 [INFO] [client-7] Round 10 — sending update…
18:08:16 [INFO] [client-4] Round 10 done — loss=1.0139 acc=0.4938  2.0s
18:08:16 [INFO] [client-4] Round 11 — receiving model…
18:08:16 [INFO] [client-7] Round 10 done — loss=1.0294 acc=0.4574  1.7s
18:08:16 [INFO] [client-7] Round 11 — receiving model…
18:08:16 [INFO] Round 10/50  acc=0.4589  loss=1.0680  1.7s  clients=10
18:08:16 [INFO] Round 11 — sending model to 10 clients…
18:08:16 [INFO] [client-6] Round 11 — training locally…
18:08:16 [INFO] [client-6] Round 11 — sending update…
18:08:16 [INFO] [client-2] Round 11 — training locally…
18:08:16 [INFO] [client-2] Round 11 — sending update…
18:08:16 [INFO] [client-0] Round 11 — training locally…
18:08:16 [INFO] [client-0] Round 11 — sending update…
18:08:16 [INFO] [client-5] Round 11 — training locally…
18:08:16 [INFO] [client-5] Round 11 — sending update…
18:08:16 [INFO] [client-8] Round 11 — training locally…
18:08:16 [INFO] [client-8] Round 11 — sending update…
18:08:16 [INFO] [client-3] Round 11 — training locally…
18:08:16 [INFO] [client-3] Round 11 — sending update…
18:08:16 [INFO] [client-1] Round 11 — training locally…
18:08:17 [INFO] [client-1] Round 11 — sending update…
18:08:17 [INFO] [client-7] Round 11 — training locally…
18:08:17 [INFO] [client-7] Round 11 — sending update…
18:08:17 [INFO] [client-6] Round 11 done — loss=1.0142 acc=0.4920  1.5s
18:08:17 [INFO] [client-6] Round 12 — receiving model…
18:08:17 [INFO] [client-2] Round 11 done — loss=0.9709 acc=0.5086  1.5s
18:08:17 [INFO] [client-2] Round 12 — receiving model…
18:08:17 [INFO] [client-0] Round 11 done — loss=1.0536 acc=0.4553  1.6s
18:08:17 [INFO] [client-0] Round 12 — receiving model…
18:08:17 [INFO] [client-5] Round 11 done — loss=0.9795 acc=0.5481  1.8s
18:08:17 [INFO] [client-5] Round 12 — receiving model…
18:08:17 [INFO] [client-8] Round 11 done — loss=0.7606 acc=0.7109  1.6s
18:08:17 [INFO] [client-8] Round 12 — receiving model…
18:08:17 [INFO] [client-3] Round 11 done — loss=1.0400 acc=0.4626  1.8s
18:08:17 [INFO] [client-3] Round 12 — receiving model…
18:08:17 [INFO] [client-1] Round 11 done — loss=1.0585 acc=0.4200  1.8s
18:08:17 [INFO] [client-1] Round 12 — receiving model…
18:08:17 [INFO] Round 11 — waiting for 10 updates…
18:08:17 [INFO] [client-7] Round 11 done — loss=1.0305 acc=0.4526  1.3s
18:08:17 [INFO] [client-7] Round 12 — receiving model…
18:08:17 [INFO] [client-9] Round 11 — training locally…
18:08:17 [INFO] [client-9] Round 11 — sending update…
18:08:17 [INFO] [client-4] Round 11 — training locally…
18:08:17 [INFO] [client-4] Round 11 — sending update…
18:08:17 [INFO] [client-9] Round 11 done — loss=1.0165 acc=0.5119  2.0s
18:08:17 [INFO] [client-9] Round 12 — receiving model…
18:08:17 [INFO] [client-4] Round 11 done — loss=1.0218 acc=0.4863  1.7s
18:08:17 [INFO] [client-4] Round 12 — receiving model…
18:08:17 [INFO] Round 11/50  acc=0.4648  loss=1.0650  1.7s  clients=10
18:08:17 [INFO] Round 12 — sending model to 10 clients…
18:08:17 [INFO] [client-7] Round 12 — training locally…
18:08:17 [INFO] [client-7] Round 12 — sending update…
18:08:17 [INFO] [client-3] Round 12 — training locally…
18:08:18 [INFO] [client-3] Round 12 — sending update…
18:08:18 [INFO] [client-2] Round 12 — training locally…
18:08:18 [INFO] [client-2] Round 12 — sending update…
18:08:18 [INFO] [client-5] Round 12 — training locally…
18:08:18 [INFO] [client-5] Round 12 — sending update…
18:08:18 [INFO] [client-9] Round 12 — training locally…
18:08:18 [INFO] [client-9] Round 12 — sending update…
18:08:18 [INFO] [client-4] Round 12 — training locally…
18:08:18 [INFO] [client-4] Round 12 — sending update…
18:08:18 [INFO] [client-8] Round 12 — training locally…
18:08:18 [INFO] [client-8] Round 12 — sending update…
18:08:18 [INFO] [client-6] Round 12 — training locally…
18:08:18 [INFO] [client-6] Round 12 — sending update…
18:08:18 [INFO] [client-7] Round 12 done — loss=1.0275 acc=0.4502  1.5s
18:08:18 [INFO] [client-7] Round 13 — receiving model…
18:08:18 [INFO] [client-3] Round 12 done — loss=1.0432 acc=0.4543  1.6s
18:08:18 [INFO] [client-3] Round 13 — receiving model…
18:08:18 [INFO] [client-2] Round 12 done — loss=0.9652 acc=0.5203  1.7s
18:08:18 [INFO] [client-2] Round 13 — receiving model…
18:08:18 [INFO] [client-5] Round 12 done — loss=0.9695 acc=0.5546  1.7s
18:08:18 [INFO] [client-5] Round 13 — receiving model…
18:08:19 [INFO] [client-9] Round 12 done — loss=1.0136 acc=0.5225  1.3s
18:08:19 [INFO] [client-9] Round 13 — receiving model…
18:08:19 [INFO] [client-4] Round 12 done — loss=1.0150 acc=0.4924  1.3s
18:08:19 [INFO] [client-4] Round 13 — receiving model…
18:08:19 [INFO] [client-8] Round 12 done — loss=0.7627 acc=0.7143  1.7s
18:08:19 [INFO] [client-8] Round 13 — receiving model…
18:08:19 [INFO] Round 12 — waiting for 10 updates…
18:08:19 [INFO] [client-6] Round 12 done — loss=1.0094 acc=0.4917  1.9s
18:08:19 [INFO] [client-6] Round 13 — receiving model…
18:08:19 [INFO] [client-1] Round 12 — training locally…
18:08:19 [INFO] [client-1] Round 12 — sending update…
18:08:19 [INFO] [client-0] Round 12 — training locally…
18:08:19 [INFO] [client-0] Round 12 — sending update…
18:08:19 [INFO] [client-1] Round 12 done — loss=1.0599 acc=0.4190  2.0s
18:08:19 [INFO] [client-1] Round 13 — receiving model…
18:08:19 [INFO] [client-0] Round 12 done — loss=1.0546 acc=0.4488  2.1s
18:08:19 [INFO] [client-0] Round 13 — receiving model…
18:08:19 [INFO] Round 12/50  acc=0.4670  loss=1.0623  1.7s  clients=10
18:08:19 [INFO] Round 13 — sending model to 10 clients…
18:08:19 [INFO] [client-9] Round 13 — training locally…
18:08:19 [INFO] [client-9] Round 13 — sending update…
18:08:19 [INFO] [client-0] Round 13 — training locally…
18:08:19 [INFO] [client-0] Round 13 — sending update…
18:08:19 [INFO] [client-7] Round 13 — training locally…
18:08:19 [INFO] [client-7] Round 13 — sending update…
18:08:19 [INFO] [client-3] Round 13 — training locally…
18:08:19 [INFO] [client-3] Round 13 — sending update…
18:08:19 [INFO] [client-8] Round 13 — training locally…
18:08:20 [INFO] [client-8] Round 13 — sending update…
18:08:20 [INFO] [client-2] Round 13 — training locally…
18:08:20 [INFO] [client-2] Round 13 — sending update…
18:08:20 [INFO] [client-5] Round 13 — training locally…
18:08:20 [INFO] [client-5] Round 13 — sending update…
18:08:20 [INFO] [client-4] Round 13 — training locally…
18:08:20 [INFO] [client-4] Round 13 — sending update…
18:08:20 [INFO] [client-9] Round 13 done — loss=1.0100 acc=0.5256  1.5s
18:08:20 [INFO] [client-9] Round 14 — receiving model…
18:08:20 [INFO] [client-0] Round 13 done — loss=1.0497 acc=0.4575  1.1s
18:08:20 [INFO] [client-0] Round 14 — receiving model…
18:08:20 [INFO] [client-7] Round 13 done — loss=1.0312 acc=0.4492  1.7s
18:08:20 [INFO] [client-7] Round 14 — receiving model…
18:08:20 [INFO] [client-3] Round 13 done — loss=1.0427 acc=0.4560  1.7s
18:08:20 [INFO] [client-3] Round 14 — receiving model…
18:08:20 [INFO] [client-8] Round 13 done — loss=0.7657 acc=0.7136  1.6s
18:08:20 [INFO] [client-8] Round 14 — receiving model…
18:08:20 [INFO] [client-2] Round 13 done — loss=0.9598 acc=0.5268  1.7s
18:08:20 [INFO] [client-2] Round 14 — receiving model…
18:08:20 [INFO] [client-5] Round 13 done — loss=0.9751 acc=0.5525  1.7s
18:08:20 [INFO] [client-5] Round 14 — receiving model…
18:08:20 [INFO] Round 13 — waiting for 10 updates…
18:08:20 [INFO] [client-4] Round 13 done — loss=1.0091 acc=0.4986  1.7s
18:08:20 [INFO] [client-4] Round 14 — receiving model…
18:08:20 [INFO] [client-1] Round 13 — training locally…
18:08:20 [INFO] [client-1] Round 13 — sending update…
18:08:20 [INFO] [client-6] Round 13 — training locally…
18:08:21 [INFO] [client-6] Round 13 — sending update…
18:08:21 [INFO] [client-1] Round 13 done — loss=1.0559 acc=0.4296  1.7s
18:08:21 [INFO] [client-1] Round 14 — receiving model…
18:08:21 [INFO] [client-6] Round 13 done — loss=1.0086 acc=0.4972  2.0s
18:08:21 [INFO] [client-6] Round 14 — receiving model…
18:08:21 [INFO] Round 13/50  acc=0.4726  loss=1.0588  1.7s  clients=10
18:08:21 [INFO] Round 14 — sending model to 10 clients…
18:08:21 [INFO] [client-2] Round 14 — training locally…
18:08:21 [INFO] [client-2] Round 14 — sending update…
18:08:21 [INFO] [client-6] Round 14 — training locally…
18:08:21 [INFO] [client-6] Round 14 — sending update…
18:08:21 [INFO] [client-3] Round 14 — training locally…
18:08:21 [INFO] [client-3] Round 14 — sending update…
18:08:21 [INFO] [client-8] Round 14 — training locally…
18:08:21 [INFO] [client-8] Round 14 — sending update…
18:08:21 [INFO] [client-1] Round 14 — training locally…
18:08:21 [INFO] [client-1] Round 14 — sending update…
18:08:21 [INFO] [client-7] Round 14 — training locally…
18:08:21 [INFO] [client-7] Round 14 — sending update…
18:08:21 [INFO] [client-9] Round 14 — training locally…
18:08:22 [INFO] [client-9] Round 14 — sending update…
18:08:22 [INFO] [client-0] Round 14 — training locally…
18:08:22 [INFO] [client-0] Round 14 — sending update…
18:08:22 [INFO] [client-2] Round 14 done — loss=0.9694 acc=0.5230  1.5s
18:08:22 [INFO] [client-2] Round 15 — receiving model…
18:08:22 [INFO] [client-6] Round 14 done — loss=1.0134 acc=0.4844  1.1s
18:08:22 [INFO] [client-6] Round 15 — receiving model…
18:08:22 [INFO] [client-3] Round 14 done — loss=1.0436 acc=0.4444  1.6s
18:08:22 [INFO] [client-3] Round 15 — receiving model…
18:08:22 [INFO] [client-8] Round 14 done — loss=0.7657 acc=0.7153  1.6s
18:08:22 [INFO] [client-8] Round 15 — receiving model…
18:08:22 [INFO] [client-1] Round 14 done — loss=1.0596 acc=0.4265  1.3s
18:08:22 [INFO] [client-1] Round 15 — receiving model…
18:08:22 [INFO] [client-7] Round 14 done — loss=1.0273 acc=0.4554  1.7s
18:08:22 [INFO] [client-7] Round 15 — receiving model…
18:08:22 [INFO] [client-9] Round 14 done — loss=1.0100 acc=0.5232  1.9s
18:08:22 [INFO] [client-9] Round 15 — receiving model…
18:08:22 [INFO] Round 14 — waiting for 10 updates…
18:08:22 [INFO] [client-0] Round 14 done — loss=1.0502 acc=0.4614  1.9s
18:08:22 [INFO] [client-0] Round 15 — receiving model…
18:08:22 [INFO] [client-4] Round 14 — training locally…
18:08:22 [INFO] [client-4] Round 14 — sending update…
18:08:22 [INFO] [client-5] Round 14 — training locally…
18:08:22 [INFO] [client-5] Round 14 — sending update…
18:08:22 [INFO] [client-4] Round 14 done — loss=1.0104 acc=0.4952  2.0s
18:08:22 [INFO] [client-4] Round 15 — receiving model…
18:08:22 [INFO] [client-5] Round 14 done — loss=0.9697 acc=0.5536  2.1s
18:08:22 [INFO] [client-5] Round 15 — receiving model…
18:08:22 [INFO] Round 14/50  acc=0.4664  loss=1.0610  1.7s  clients=10
18:08:22 [INFO] Round 15 — sending model to 10 clients…
18:08:22 [INFO] [client-1] Round 15 — training locally…
18:08:22 [INFO] [client-1] Round 15 — sending update…
18:08:22 [INFO] [client-8] Round 15 — training locally…
18:08:23 [INFO] [client-8] Round 15 — sending update…
18:08:23 [INFO] [client-0] Round 15 — training locally…
18:08:23 [INFO] [client-0] Round 15 — sending update…
18:08:23 [INFO] [client-2] Round 15 — training locally…
18:08:23 [INFO] [client-2] Round 15 — sending update…
18:08:23 [INFO] [client-4] Round 15 — training locally…
18:08:23 [INFO] [client-4] Round 15 — sending update…
18:08:23 [INFO] [client-9] Round 15 — training locally…
18:08:23 [INFO] [client-9] Round 15 — sending update…
18:08:23 [INFO] [client-5] Round 15 — training locally…
18:08:23 [INFO] [client-5] Round 15 — sending update…
18:08:23 [INFO] [client-3] Round 15 — training locally…
18:08:23 [INFO] [client-3] Round 15 — sending update…
18:08:23 [INFO] [client-1] Round 15 done — loss=1.0592 acc=0.4258  1.6s
18:08:23 [INFO] [client-1] Round 16 — receiving model…
18:08:23 [INFO] [client-8] Round 15 done — loss=0.7657 acc=0.7115  1.7s
18:08:23 [INFO] [client-8] Round 16 — receiving model…
18:08:23 [INFO] [client-0] Round 15 done — loss=1.0509 acc=0.4596  1.5s
18:08:23 [INFO] [client-0] Round 16 — receiving model…
18:08:24 [INFO] [client-2] Round 15 done — loss=0.9617 acc=0.5275  1.8s
18:08:24 [INFO] [client-2] Round 16 — receiving model…
18:08:24 [INFO] [client-4] Round 15 done — loss=1.0189 acc=0.4931  1.3s
18:08:24 [INFO] [client-4] Round 16 — receiving model…
18:08:24 [INFO] [client-9] Round 15 done — loss=1.0143 acc=0.5211  1.6s
18:08:24 [INFO] [client-9] Round 16 — receiving model…
18:08:24 [INFO] [client-5] Round 15 done — loss=0.9684 acc=0.5642  1.3s
18:08:24 [INFO] [client-5] Round 16 — receiving model…
18:08:24 [INFO] Round 15 — waiting for 10 updates…
18:08:24 [INFO] [client-3] Round 15 done — loss=1.0454 acc=0.4502  1.9s
18:08:24 [INFO] [client-3] Round 16 — receiving model…
18:08:24 [INFO] [client-6] Round 15 — training locally…
18:08:24 [INFO] [client-6] Round 15 — sending update…
18:08:24 [INFO] [client-7] Round 15 — training locally…
18:08:24 [INFO] [client-7] Round 15 — sending update…
18:08:24 [INFO] [client-6] Round 15 done — loss=1.0165 acc=0.4885  2.2s
18:08:24 [INFO] [client-6] Round 16 — receiving model…
18:08:24 [INFO] [client-7] Round 15 done — loss=1.0265 acc=0.4543  2.1s
18:08:24 [INFO] [client-7] Round 16 — receiving model…
18:08:24 [INFO] Round 15/50  acc=0.4690  loss=1.0612  1.7s  clients=10
18:08:24 [INFO] Round 16 — sending model to 10 clients…
18:08:24 [INFO] [client-3] Round 16 — training locally…
18:08:24 [INFO] [client-3] Round 16 — sending update…
18:08:24 [INFO] [client-2] Round 16 — training locally…
18:08:24 [INFO] [client-2] Round 16 — sending update…
18:08:24 [INFO] [client-4] Round 16 — training locally…
18:08:24 [INFO] [client-4] Round 16 — sending update…
18:08:24 [INFO] [client-6] Round 16 — training locally…
18:08:25 [INFO] [client-6] Round 16 — sending update…
18:08:25 [INFO] [client-7] Round 16 — training locally…
18:08:25 [INFO] [client-7] Round 16 — sending update…
18:08:25 [INFO] [client-0] Round 16 — training locally…
18:08:25 [INFO] [client-0] Round 16 — sending update…
18:08:25 [INFO] [client-9] Round 16 — training locally…
18:08:25 [INFO] [client-9] Round 16 — sending update…
18:08:25 [INFO] [client-5] Round 16 — training locally…
18:08:25 [INFO] [client-5] Round 16 — sending update…
18:08:25 [INFO] [client-3] Round 16 done — loss=1.0351 acc=0.4571  1.4s
18:08:25 [INFO] [client-3] Round 17 — receiving model…
18:08:25 [INFO] [client-2] Round 16 done — loss=0.9588 acc=0.5244  1.6s
18:08:25 [INFO] [client-2] Round 17 — receiving model…
18:08:25 [INFO] [client-4] Round 16 done — loss=1.0110 acc=0.4986  1.6s
18:08:25 [INFO] [client-4] Round 17 — receiving model…
18:08:25 [INFO] [client-6] Round 16 done — loss=1.0115 acc=0.4948  1.2s
18:08:25 [INFO] [client-6] Round 17 — receiving model…
18:08:25 [INFO] [client-7] Round 16 done — loss=1.0267 acc=0.4516  1.2s
18:08:25 [INFO] [client-7] Round 17 — receiving model…
18:08:25 [INFO] [client-0] Round 16 done — loss=1.0535 acc=0.4518  1.7s
18:08:25 [INFO] [client-0] Round 17 — receiving model…
18:08:25 [INFO] [client-9] Round 16 done — loss=1.0095 acc=0.5232  1.7s
18:08:25 [INFO] [client-9] Round 17 — receiving model…
18:08:25 [INFO] Round 16 — waiting for 10 updates…
18:08:25 [INFO] [client-5] Round 16 done — loss=0.9674 acc=0.5584  1.7s
18:08:25 [INFO] [client-5] Round 17 — receiving model…
18:08:25 [INFO] [client-1] Round 16 — training locally…
18:08:25 [INFO] [client-1] Round 16 — sending update…
18:08:25 [INFO] [client-8] Round 16 — training locally…
18:08:26 [INFO] [client-8] Round 16 — sending update…
18:08:26 [INFO] [client-1] Round 16 done — loss=1.0543 acc=0.4334  2.2s
18:08:26 [INFO] [client-1] Round 17 — receiving model…
18:08:26 [INFO] [client-8] Round 16 done — loss=0.7664 acc=0.7098  2.2s
18:08:26 [INFO] [client-8] Round 17 — receiving model…
18:08:26 [INFO] Round 16/50  acc=0.4656  loss=1.0627  1.7s  clients=10
18:08:26 [INFO] Round 17 — sending model to 10 clients…
18:08:26 [INFO] [client-0] Round 17 — training locally…
18:08:26 [INFO] [client-0] Round 17 — sending update…
18:08:26 [INFO] [client-2] Round 17 — training locally…
18:08:26 [INFO] [client-2] Round 17 — sending update…
18:08:26 [INFO] [client-6] Round 17 — training locally…
18:08:26 [INFO] [client-6] Round 17 — sending update…
18:08:26 [INFO] [client-9] Round 17 — training locally…
18:08:26 [INFO] [client-9] Round 17 — sending update…
18:08:26 [INFO] [client-4] Round 17 — training locally…
18:08:26 [INFO] [client-4] Round 17 — sending update…
18:08:26 [INFO] [client-5] Round 17 — training locally…
18:08:26 [INFO] [client-5] Round 17 — sending update…
18:08:26 [INFO] [client-1] Round 17 — training locally…
18:08:27 [INFO] [client-1] Round 17 — sending update…
18:08:27 [INFO] [client-7] Round 17 — training locally…
18:08:27 [INFO] [client-7] Round 17 — sending update…
18:08:27 [INFO] [client-0] Round 17 done — loss=1.0550 acc=0.4510  1.5s
18:08:27 [INFO] [client-0] Round 18 — receiving model…
18:08:27 [INFO] [client-2] Round 17 done — loss=0.9586 acc=0.5292  1.7s
18:08:27 [INFO] [client-2] Round 18 — receiving model…
18:08:27 [INFO] [client-6] Round 17 done — loss=1.0125 acc=0.4941  1.6s
18:08:27 [INFO] [client-6] Round 18 — receiving model…
18:08:27 [INFO] [client-9] Round 17 done — loss=1.0089 acc=0.5190  1.6s
18:08:27 [INFO] [client-9] Round 18 — receiving model…
18:08:27 [INFO] [client-4] Round 17 done — loss=1.0128 acc=0.4914  1.7s
18:08:27 [INFO] [client-4] Round 18 — receiving model…
18:08:27 [INFO] [client-5] Round 17 done — loss=0.9724 acc=0.5515  1.6s
18:08:27 [INFO] [client-5] Round 18 — receiving model…
18:08:27 [INFO] [client-1] Round 17 done — loss=1.0557 acc=0.4227  1.3s
18:08:27 [INFO] [client-1] Round 18 — receiving model…
18:08:27 [INFO] Round 17 — waiting for 10 updates…
18:08:27 [INFO] [client-7] Round 17 done — loss=1.0281 acc=0.4488  1.7s
18:08:27 [INFO] [client-7] Round 18 — receiving model…
18:08:27 [INFO] [client-3] Round 17 — training locally…
18:08:27 [INFO] [client-3] Round 17 — sending update…
18:08:27 [INFO] [client-8] Round 17 — training locally…
18:08:27 [INFO] [client-8] Round 17 — sending update…
18:08:27 [INFO] [client-3] Round 17 done — loss=1.0420 acc=0.4492  2.2s
18:08:27 [INFO] [client-3] Round 18 — receiving model…
18:08:27 [INFO] [client-8] Round 17 done — loss=0.7676 acc=0.7088  1.7s
18:08:27 [INFO] [client-8] Round 18 — receiving model…
18:08:27 [INFO] Round 17/50  acc=0.4648  loss=1.0616  1.7s  clients=10
18:08:27 [INFO] Round 18 — sending model to 10 clients…
18:08:27 [INFO] [client-1] Round 18 — training locally…
18:08:27 [INFO] [client-1] Round 18 — sending update…
18:08:27 [INFO] [client-5] Round 18 — training locally…
18:08:28 [INFO] [client-5] Round 18 — sending update…
18:08:28 [INFO] [client-2] Round 18 — training locally…
18:08:28 [INFO] [client-2] Round 18 — sending update…
18:08:28 [INFO] [client-3] Round 18 — training locally…
18:08:28 [INFO] [client-3] Round 18 — sending update…
18:08:28 [INFO] [client-7] Round 18 — training locally…
18:08:28 [INFO] [client-7] Round 18 — sending update…
18:08:28 [INFO] [client-4] Round 18 — training locally…
18:08:28 [INFO] [client-4] Round 18 — sending update…
18:08:28 [INFO] [client-8] Round 18 — training locally…
18:08:28 [INFO] [client-8] Round 18 — sending update…
18:08:28 [INFO] [client-0] Round 18 — training locally…
18:08:28 [INFO] [client-0] Round 18 — sending update…
18:08:28 [INFO] [client-1] Round 18 done — loss=1.0557 acc=0.4245  1.5s
18:08:28 [INFO] [client-1] Round 19 — receiving model…
18:08:28 [INFO] [client-5] Round 18 done — loss=0.9707 acc=0.5508  1.5s
18:08:28 [INFO] [client-5] Round 19 — receiving model…
18:08:28 [INFO] [client-2] Round 18 done — loss=0.9575 acc=0.5247  1.7s
18:08:28 [INFO] [client-2] Round 19 — receiving model…
18:08:28 [INFO] [client-3] Round 18 done — loss=1.0373 acc=0.4636  1.2s
18:08:28 [INFO] [client-3] Round 19 — receiving model…
18:08:29 [INFO] [client-7] Round 18 done — loss=1.0276 acc=0.4378  1.6s
18:08:29 [INFO] [client-7] Round 19 — receiving model…
18:08:29 [INFO] [client-4] Round 18 done — loss=1.0141 acc=0.4935  1.7s
18:08:29 [INFO] [client-4] Round 19 — receiving model…
18:08:29 [INFO] [client-8] Round 18 done — loss=0.7614 acc=0.7129  1.3s
18:08:29 [INFO] [client-8] Round 19 — receiving model…
18:08:29 [INFO] Round 18 — waiting for 10 updates…
18:08:29 [INFO] [client-0] Round 18 done — loss=1.0465 acc=0.4544  1.9s
18:08:29 [INFO] [client-0] Round 19 — receiving model…
18:08:29 [INFO] [client-6] Round 18 — training locally…
18:08:29 [INFO] [client-6] Round 18 — sending update…
18:08:29 [INFO] [client-9] Round 18 — training locally…
18:08:29 [INFO] [client-9] Round 18 — sending update…
18:08:29 [INFO] [client-6] Round 18 done — loss=1.0123 acc=0.4896  2.1s
18:08:29 [INFO] [client-6] Round 19 — receiving model…
18:08:29 [INFO] [client-9] Round 18 done — loss=1.0123 acc=0.5291  2.1s
18:08:29 [INFO] [client-9] Round 19 — receiving model…
18:08:29 [INFO] Round 18/50  acc=0.4625  loss=1.0596  1.7s  clients=10
18:08:29 [INFO] Round 19 — sending model to 10 clients…
18:08:29 [INFO] [client-2] Round 19 — training locally…
18:08:29 [INFO] [client-2] Round 19 — sending update…
18:08:29 [INFO] [client-9] Round 19 — training locally…
18:08:29 [INFO] [client-9] Round 19 — sending update…
18:08:29 [INFO] [client-8] Round 19 — training locally…
18:08:29 [INFO] [client-8] Round 19 — sending update…
18:08:29 [INFO] [client-7] Round 19 — training locally…
18:08:30 [INFO] [client-7] Round 19 — sending update…
18:08:30 [INFO] [client-1] Round 19 — training locally…
18:08:30 [INFO] [client-1] Round 19 — sending update…
18:08:30 [INFO] [client-0] Round 19 — training locally…
18:08:30 [INFO] [client-0] Round 19 — sending update…
18:08:30 [INFO] [client-6] Round 19 — training locally…
18:08:30 [INFO] [client-6] Round 19 — sending update…
18:08:30 [INFO] [client-3] Round 19 — training locally…
18:08:30 [INFO] [client-3] Round 19 — sending update…
18:08:30 [INFO] [client-2] Round 19 done — loss=0.9573 acc=0.5258  1.6s
18:08:30 [INFO] [client-2] Round 20 — receiving model…
18:08:30 [INFO] [client-9] Round 19 done — loss=1.0110 acc=0.5232  1.1s
18:08:30 [INFO] [client-9] Round 20 — receiving model…
18:08:30 [INFO] [client-8] Round 19 done — loss=0.7578 acc=0.7126  1.5s
18:08:30 [INFO] [client-8] Round 20 — receiving model…
18:08:30 [INFO] [client-7] Round 19 done — loss=1.0308 acc=0.4581  1.6s
18:08:30 [INFO] [client-7] Round 20 — receiving model…
18:08:30 [INFO] [client-1] Round 19 done — loss=1.0598 acc=0.4234  1.8s
18:08:30 [INFO] [client-1] Round 20 — receiving model…
18:08:30 [INFO] [client-0] Round 19 done — loss=1.0546 acc=0.4470  1.6s
18:08:30 [INFO] [client-0] Round 20 — receiving model…
18:08:30 [INFO] [client-6] Round 19 done — loss=1.0102 acc=0.4983  1.3s
18:08:30 [INFO] [client-6] Round 20 — receiving model…
18:08:30 [INFO] Round 19 — waiting for 10 updates…
18:08:30 [INFO] [client-3] Round 19 done — loss=1.0403 acc=0.4478  1.8s
18:08:30 [INFO] [client-3] Round 20 — receiving model…
18:08:30 [INFO] [client-5] Round 19 — training locally…
18:08:30 [INFO] [client-5] Round 19 — sending update…
18:08:30 [INFO] [client-4] Round 19 — training locally…
18:08:31 [INFO] [client-4] Round 19 — sending update…
18:08:31 [INFO] [client-5] Round 19 done — loss=0.9667 acc=0.5584  2.1s
18:08:31 [INFO] [client-5] Round 20 — receiving model…
18:08:31 [INFO] [client-4] Round 19 done — loss=1.0135 acc=0.4942  2.1s
18:08:31 [INFO] [client-4] Round 20 — receiving model…
18:08:31 [INFO] Round 19/50  acc=0.4690  loss=1.0609  1.7s  clients=10
18:08:31 [INFO] Round 20 — sending model to 10 clients…
18:08:31 [INFO] [client-7] Round 20 — training locally…
18:08:31 [INFO] [client-7] Round 20 — sending update…
18:08:31 [INFO] [client-6] Round 20 — training locally…
18:08:31 [INFO] [client-6] Round 20 — sending update…
18:08:31 [INFO] [client-2] Round 20 — training locally…
18:08:31 [INFO] [client-2] Round 20 — sending update…
18:08:31 [INFO] [client-5] Round 20 — training locally…
18:08:31 [INFO] [client-5] Round 20 — sending update…
18:08:31 [INFO] [client-0] Round 20 — training locally…
18:08:31 [INFO] [client-0] Round 20 — sending update…
18:08:31 [INFO] [client-9] Round 20 — training locally…
18:08:31 [INFO] [client-9] Round 20 — sending update…
18:08:31 [INFO] [client-4] Round 20 — training locally…
18:08:32 [INFO] [client-4] Round 20 — sending update…
18:08:32 [INFO] [client-1] Round 20 — training locally…
18:08:32 [INFO] [client-1] Round 20 — sending update…
18:08:32 [INFO] [client-7] Round 20 done — loss=1.0241 acc=0.4557  1.6s
18:08:32 [INFO] [client-7] Round 21 — receiving model…
18:08:32 [INFO] [client-6] Round 20 done — loss=1.0146 acc=0.4868  1.5s
18:08:32 [INFO] [client-6] Round 21 — receiving model…
18:08:32 [INFO] [client-2] Round 20 done — loss=0.9525 acc=0.5295  1.7s
18:08:32 [INFO] [client-2] Round 21 — receiving model…
18:08:32 [INFO] [client-5] Round 20 done — loss=0.9649 acc=0.5580  1.2s
18:08:32 [INFO] [client-5] Round 21 — receiving model…
18:08:32 [INFO] [client-0] Round 20 done — loss=1.0493 acc=0.4609  1.6s
18:08:32 [INFO] [client-0] Round 21 — receiving model…
18:08:32 [INFO] [client-9] Round 20 done — loss=1.0074 acc=0.5232  1.8s
18:08:32 [INFO] [client-9] Round 21 — receiving model…
18:08:32 [INFO] [client-4] Round 20 done — loss=1.0111 acc=0.4931  1.3s
18:08:32 [INFO] [client-4] Round 21 — receiving model…
18:08:32 [INFO] Round 20 — waiting for 10 updates…
18:08:32 [INFO] [client-1] Round 20 done — loss=1.0586 acc=0.4251  1.7s
18:08:32 [INFO] [client-1] Round 21 — receiving model…
18:08:32 [INFO] [client-3] Round 20 — training locally…
18:08:32 [INFO] [client-3] Round 20 — sending update…
18:08:32 [INFO] [client-8] Round 20 — training locally…
18:08:32 [INFO] [client-8] Round 20 — sending update…
18:08:32 [INFO] [client-3] Round 20 done — loss=1.0386 acc=0.4519  2.0s
18:08:32 [INFO] [client-3] Round 21 — receiving model…
18:08:32 [INFO] [client-8] Round 20 done — loss=0.7638 acc=0.7122  2.1s
18:08:32 [INFO] [client-8] Round 21 — receiving model…
18:08:32 [INFO] Round 20/50  acc=0.4695  loss=1.0567  1.7s  clients=10
18:08:32 [INFO] Round 21 — sending model to 10 clients…
18:08:32 [INFO] [client-4] Round 21 — training locally…
18:08:33 [INFO] [client-4] Round 21 — sending update…
18:08:33 [INFO] [client-5] Round 21 — training locally…
18:08:33 [INFO] [client-5] Round 21 — sending update…
18:08:33 [INFO] [client-7] Round 21 — training locally…
18:08:33 [INFO] [client-7] Round 21 — sending update…
18:08:33 [INFO] [client-9] Round 21 — training locally…
18:08:33 [INFO] [client-9] Round 21 — sending update…
18:08:33 [INFO] [client-1] Round 21 — training locally…
18:08:33 [INFO] [client-1] Round 21 — sending update…
18:08:33 [INFO] [client-3] Round 21 — training locally…
18:08:33 [INFO] [client-3] Round 21 — sending update…
18:08:33 [INFO] [client-0] Round 21 — training locally…
18:08:33 [INFO] [client-0] Round 21 — sending update…
18:08:33 [INFO] [client-6] Round 21 — training locally…
18:08:33 [INFO] [client-6] Round 21 — sending update…
18:08:33 [INFO] [client-4] Round 21 done — loss=1.0065 acc=0.5027  1.5s
18:08:33 [INFO] [client-4] Round 22 — receiving model…
18:08:33 [INFO] [client-5] Round 21 done — loss=0.9728 acc=0.5546  1.7s
18:08:33 [INFO] [client-5] Round 22 — receiving model…
18:08:34 [INFO] [client-7] Round 21 done — loss=1.0302 acc=0.4509  1.8s
18:08:34 [INFO] [client-7] Round 22 — receiving model…
18:08:34 [INFO] [client-9] Round 21 done — loss=1.0119 acc=0.5235  1.7s
18:08:34 [INFO] [client-9] Round 22 — receiving model…
18:08:34 [INFO] [client-1] Round 21 done — loss=1.0584 acc=0.4227  1.6s
18:08:34 [INFO] [client-1] Round 22 — receiving model…
18:08:34 [INFO] [client-3] Round 21 done — loss=1.0360 acc=0.4622  1.4s
18:08:34 [INFO] [client-3] Round 22 — receiving model…
18:08:34 [INFO] [client-0] Round 21 done — loss=1.0527 acc=0.4497  1.8s
18:08:34 [INFO] [client-0] Round 22 — receiving model…
18:08:34 [INFO] Round 21 — waiting for 10 updates…
18:08:34 [INFO] [client-6] Round 21 done — loss=1.0131 acc=0.4889  1.9s
18:08:34 [INFO] [client-6] Round 22 — receiving model…
18:08:34 [INFO] [client-8] Round 21 — training locally…
18:08:34 [INFO] [client-8] Round 21 — sending update…
18:08:34 [INFO] [client-2] Round 21 — training locally…
18:08:34 [INFO] [client-2] Round 21 — sending update…
18:08:34 [INFO] [client-8] Round 21 done — loss=0.7614 acc=0.7098  1.7s
18:08:34 [INFO] [client-8] Round 22 — receiving model…
18:08:34 [INFO] [client-2] Round 21 done — loss=0.9562 acc=0.5206  2.2s
18:08:34 [INFO] [client-2] Round 22 — receiving model…
18:08:34 [INFO] Round 21/50  acc=0.4659  loss=1.0634  1.7s  clients=10
18:08:34 [INFO] Round 22 — sending model to 10 clients…
18:08:34 [INFO] [client-2] Round 22 — training locally…
18:08:34 [INFO] [client-2] Round 22 — sending update…
18:08:34 [INFO] [client-8] Round 22 — training locally…
18:08:34 [INFO] [client-8] Round 22 — sending update…
18:08:34 [INFO] [client-9] Round 22 — training locally…
18:08:34 [INFO] [client-9] Round 22 — sending update…
18:08:34 [INFO] [client-4] Round 22 — training locally…
18:08:35 [INFO] [client-4] Round 22 — sending update…
18:08:35 [INFO] [client-5] Round 22 — training locally…
18:08:35 [INFO] [client-5] Round 22 — sending update…
18:08:35 [INFO] [client-7] Round 22 — training locally…
18:08:35 [INFO] [client-7] Round 22 — sending update…
18:08:35 [INFO] [client-1] Round 22 — training locally…
18:08:35 [INFO] [client-1] Round 22 — sending update…
18:08:35 [INFO] [client-6] Round 22 — training locally…
18:08:35 [INFO] [client-6] Round 22 — sending update…
18:08:35 [INFO] [client-2] Round 22 done — loss=0.9620 acc=0.5237  1.1s
18:08:35 [INFO] [client-2] Round 23 — receiving model…
18:08:35 [INFO] [client-8] Round 22 done — loss=0.7609 acc=0.7122  1.2s
18:08:35 [INFO] [client-8] Round 23 — receiving model…
18:08:35 [INFO] [client-9] Round 22 done — loss=1.0175 acc=0.5193  1.7s
18:08:35 [INFO] [client-9] Round 23 — receiving model…
18:08:35 [INFO] [client-4] Round 22 done — loss=1.0109 acc=0.5024  1.8s
18:08:35 [INFO] [client-4] Round 23 — receiving model…
18:08:35 [INFO] [client-5] Round 22 done — loss=0.9668 acc=0.5580  1.8s
18:08:35 [INFO] [client-5] Round 23 — receiving model…
18:08:35 [INFO] [client-7] Round 22 done — loss=1.0268 acc=0.4533  1.8s
18:08:35 [INFO] [client-7] Round 23 — receiving model…
18:08:35 [INFO] [client-1] Round 22 done — loss=1.0588 acc=0.4152  1.7s
18:08:35 [INFO] [client-1] Round 23 — receiving model…
18:08:35 [INFO] Round 22 — waiting for 10 updates…
18:08:35 [INFO] [client-6] Round 22 done — loss=1.0112 acc=0.5010  1.7s
18:08:35 [INFO] [client-6] Round 23 — receiving model…
18:08:35 [INFO] [client-0] Round 22 — training locally…
18:08:35 [INFO] [client-0] Round 22 — sending update…
18:08:35 [INFO] [client-3] Round 22 — training locally…
18:08:36 [INFO] [client-3] Round 22 — sending update…
18:08:36 [INFO] [client-0] Round 22 done — loss=1.0520 acc=0.4579  2.0s
18:08:36 [INFO] [client-0] Round 23 — receiving model…
18:08:36 [INFO] [client-3] Round 22 done — loss=1.0439 acc=0.4523  2.1s
18:08:36 [INFO] [client-3] Round 23 — receiving model…
18:08:36 [INFO] Round 22/50  acc=0.4631  loss=1.0644  1.7s  clients=10
18:08:36 [INFO] Round 23 — sending model to 10 clients…
18:08:36 [INFO] [client-1] Round 23 — training locally…
18:08:36 [INFO] [client-1] Round 23 — sending update…
18:08:36 [INFO] [client-9] Round 23 — training locally…
18:08:36 [INFO] [client-9] Round 23 — sending update…
18:08:36 [INFO] [client-3] Round 23 — training locally…
18:08:36 [INFO] [client-3] Round 23 — sending update…
18:08:36 [INFO] [client-7] Round 23 — training locally…
18:08:36 [INFO] [client-7] Round 23 — sending update…
18:08:36 [INFO] [client-0] Round 23 — training locally…
18:08:36 [INFO] [client-0] Round 23 — sending update…
18:08:36 [INFO] [client-5] Round 23 — training locally…
18:08:36 [INFO] [client-5] Round 23 — sending update…
18:08:36 [INFO] [client-8] Round 23 — training locally…
18:08:37 [INFO] [client-8] Round 23 — sending update…
18:08:37 [INFO] [client-6] Round 23 — training locally…
18:08:37 [INFO] [client-6] Round 23 — sending update…
18:08:37 [INFO] [client-1] Round 23 done — loss=1.0565 acc=0.4245  1.5s
18:08:37 [INFO] [client-1] Round 24 — receiving model…
18:08:37 [INFO] [client-9] Round 23 done — loss=1.0094 acc=0.5235  1.6s
18:08:37 [INFO] [client-9] Round 24 — receiving model…
18:08:37 [INFO] [client-3] Round 23 done — loss=1.0380 acc=0.4591  1.2s
18:08:37 [INFO] [client-3] Round 24 — receiving model…
18:08:37 [INFO] [client-7] Round 23 done — loss=1.0284 acc=0.4427  1.6s
18:08:37 [INFO] [client-7] Round 24 — receiving model…
18:08:37 [INFO] [client-0] Round 23 done — loss=1.0485 acc=0.4644  1.3s
18:08:37 [INFO] [client-0] Round 24 — receiving model…
18:08:37 [INFO] [client-5] Round 23 done — loss=0.9721 acc=0.5543  1.7s
18:08:37 [INFO] [client-5] Round 24 — receiving model…
18:08:37 [INFO] [client-8] Round 23 done — loss=0.7613 acc=0.7153  1.8s
18:08:37 [INFO] [client-8] Round 24 — receiving model…
18:08:37 [INFO] Round 23 — waiting for 10 updates…
18:08:37 [INFO] [client-6] Round 23 done — loss=1.0078 acc=0.4941  1.6s
18:08:37 [INFO] [client-6] Round 24 — receiving model…
18:08:37 [INFO] [client-4] Round 23 — training locally…
18:08:37 [INFO] [client-4] Round 23 — sending update…
18:08:37 [INFO] [client-2] Round 23 — training locally…
18:08:37 [INFO] [client-2] Round 23 — sending update…
18:08:37 [INFO] [client-4] Round 23 done — loss=1.0136 acc=0.5003  2.1s
18:08:37 [INFO] [client-4] Round 24 — receiving model…
18:08:37 [INFO] [client-2] Round 23 done — loss=0.9588 acc=0.5271  2.2s
18:08:37 [INFO] [client-2] Round 24 — receiving model…
18:08:37 [INFO] Round 23/50  acc=0.4670  loss=1.0613  1.7s  clients=10
18:08:37 [INFO] Round 24 — sending model to 10 clients…
18:08:37 [INFO] [client-1] Round 24 — training locally…
18:08:38 [INFO] [client-1] Round 24 — sending update…
18:08:38 [INFO] [client-6] Round 24 — training locally…
18:08:38 [INFO] [client-6] Round 24 — sending update…
18:08:38 [INFO] [client-9] Round 24 — training locally…
18:08:38 [INFO] [client-9] Round 24 — sending update…
18:08:38 [INFO] [client-3] Round 24 — training locally…
18:08:38 [INFO] [client-3] Round 24 — sending update…
18:08:38 [INFO] [client-7] Round 24 — training locally…
18:08:38 [INFO] [client-7] Round 24 — sending update…
18:08:38 [INFO] [client-2] Round 24 — training locally…
18:08:38 [INFO] [client-2] Round 24 — sending update…
18:08:38 [INFO] [client-5] Round 24 — training locally…
18:08:38 [INFO] [client-5] Round 24 — sending update…
18:08:38 [INFO] [client-8] Round 24 — training locally…
18:08:38 [INFO] [client-8] Round 24 — sending update…
18:08:38 [INFO] [client-1] Round 24 done — loss=1.0594 acc=0.4145  1.7s
18:08:38 [INFO] [client-1] Round 25 — receiving model…
18:08:38 [INFO] [client-6] Round 24 done — loss=1.0114 acc=0.4972  1.5s
18:08:38 [INFO] [client-6] Round 25 — receiving model…
18:08:39 [INFO] [client-9] Round 24 done — loss=1.0084 acc=0.5225  1.7s
18:08:39 [INFO] [client-9] Round 25 — receiving model…
18:08:39 [INFO] [client-3] Round 24 done — loss=1.0390 acc=0.4605  1.7s
18:08:39 [INFO] [client-3] Round 25 — receiving model…
18:08:39 [INFO] [client-7] Round 24 done — loss=1.0269 acc=0.4502  1.7s
18:08:39 [INFO] [client-7] Round 25 — receiving model…
18:08:39 [INFO] [client-2] Round 24 done — loss=0.9530 acc=0.5343  1.3s
18:08:39 [INFO] [client-2] Round 25 — receiving model…
18:08:39 [INFO] [client-5] Round 24 done — loss=0.9646 acc=0.5570  1.7s
18:08:39 [INFO] [client-5] Round 25 — receiving model…
18:08:39 [INFO] Round 24 — waiting for 10 updates…
18:08:39 [INFO] [client-8] Round 24 done — loss=0.7657 acc=0.7115  1.7s
18:08:39 [INFO] [client-8] Round 25 — receiving model…
18:08:39 [INFO] [client-0] Round 24 — training locally…
18:08:39 [INFO] [client-0] Round 24 — sending update…
18:08:39 [INFO] [client-4] Round 24 — training locally…
18:08:39 [INFO] [client-4] Round 24 — sending update…
18:08:39 [INFO] [client-0] Round 24 done — loss=1.0515 acc=0.4644  2.0s
18:08:39 [INFO] [client-0] Round 25 — receiving model…
18:08:39 [INFO] [client-4] Round 24 done — loss=1.0028 acc=0.5007  1.7s
18:08:39 [INFO] [client-4] Round 25 — receiving model…
18:08:39 [INFO] Round 24/50  acc=0.4749  loss=1.0556  1.7s  clients=10
18:08:39 [INFO] Round 25 — sending model to 10 clients…
18:08:39 [INFO] [client-3] Round 25 — training locally…
18:08:39 [INFO] [client-3] Round 25 — sending update…
18:08:39 [INFO] [client-0] Round 25 — training locally…
18:08:39 [INFO] [client-0] Round 25 — sending update…
18:08:39 [INFO] [client-6] Round 25 — training locally…
18:08:39 [INFO] [client-6] Round 25 — sending update…
18:08:39 [INFO] [client-9] Round 25 — training locally…
18:08:40 [INFO] [client-9] Round 25 — sending update…
18:08:40 [INFO] [client-8] Round 25 — training locally…
18:08:40 [INFO] [client-8] Round 25 — sending update…
18:08:40 [INFO] [client-2] Round 25 — training locally…
18:08:40 [INFO] [client-2] Round 25 — sending update…
18:08:40 [INFO] [client-7] Round 25 — training locally…
18:08:40 [INFO] [client-7] Round 25 — sending update…
18:08:40 [INFO] [client-5] Round 25 — training locally…
18:08:40 [INFO] [client-5] Round 25 — sending update…
18:08:40 [INFO] [client-3] Round 25 done — loss=1.0391 acc=0.4550  1.5s
18:08:40 [INFO] [client-3] Round 26 — receiving model…
18:08:40 [INFO] [client-0] Round 25 done — loss=1.0480 acc=0.4592  1.2s
18:08:40 [INFO] [client-0] Round 26 — receiving model…
18:08:40 [INFO] [client-6] Round 25 done — loss=1.0141 acc=0.4872  1.7s
18:08:40 [INFO] [client-6] Round 26 — receiving model…
18:08:40 [INFO] [client-9] Round 25 done — loss=1.0106 acc=0.5256  1.7s
18:08:40 [INFO] [client-9] Round 26 — receiving model…
18:08:40 [INFO] [client-8] Round 25 done — loss=0.7656 acc=0.7105  1.5s
18:08:40 [INFO] [client-8] Round 26 — receiving model…
18:08:40 [INFO] [client-2] Round 25 done — loss=0.9484 acc=0.5381  1.6s
18:08:40 [INFO] [client-2] Round 26 — receiving model…
18:08:40 [INFO] [client-7] Round 25 done — loss=1.0297 acc=0.4461  1.7s
18:08:40 [INFO] [client-7] Round 26 — receiving model…
18:08:40 [INFO] Round 25 — waiting for 10 updates…
18:08:40 [INFO] [client-5] Round 25 done — loss=0.9716 acc=0.5587  1.7s
18:08:40 [INFO] [client-5] Round 26 — receiving model…
18:08:40 [INFO] [client-1] Round 25 — training locally…
18:08:40 [INFO] [client-1] Round 25 — sending update…
18:08:40 [INFO] [client-4] Round 25 — training locally…
18:08:41 [INFO] [client-4] Round 25 — sending update…
18:08:41 [INFO] [client-1] Round 25 done — loss=1.0606 acc=0.4227  2.1s
18:08:41 [INFO] [client-1] Round 26 — receiving model…
18:08:41 [INFO] [client-4] Round 25 done — loss=1.0088 acc=0.4935  1.7s
18:08:41 [INFO] [client-4] Round 26 — receiving model…
18:08:41 [INFO] Round 25/50  acc=0.4639  loss=1.0638  1.7s  clients=10
18:08:41 [INFO] Round 26 — sending model to 10 clients…
18:08:41 [INFO] [client-9] Round 26 — training locally…
18:08:41 [INFO] [client-9] Round 26 — sending update…
18:08:41 [INFO] [client-6] Round 26 — training locally…
18:08:41 [INFO] [client-6] Round 26 — sending update…
18:08:41 [INFO] [client-5] Round 26 — training locally…
18:08:41 [INFO] [client-5] Round 26 — sending update…
18:08:41 [INFO] [client-8] Round 26 — training locally…
18:08:41 [INFO] [client-8] Round 26 — sending update…
18:08:41 [INFO] [client-7] Round 26 — training locally…
18:08:41 [INFO] [client-7] Round 26 — sending update…
18:08:41 [INFO] [client-1] Round 26 — training locally…
18:08:41 [INFO] [client-1] Round 26 — sending update…
18:08:41 [INFO] [client-4] Round 26 — training locally…
18:08:42 [INFO] [client-4] Round 26 — sending update…
18:08:42 [INFO] [client-0] Round 26 — training locally…
18:08:42 [INFO] [client-0] Round 26 — sending update…
18:08:42 [INFO] [client-9] Round 26 done — loss=1.0116 acc=0.5267  1.6s
18:08:42 [INFO] [client-9] Round 27 — receiving model…
18:08:42 [INFO] [client-6] Round 26 done — loss=1.0067 acc=0.4983  1.6s
18:08:42 [INFO] [client-6] Round 27 — receiving model…
18:08:42 [INFO] [client-5] Round 26 done — loss=0.9628 acc=0.5598  1.5s
18:08:42 [INFO] [client-5] Round 27 — receiving model…
18:08:42 [INFO] [client-8] Round 26 done — loss=0.7634 acc=0.7133  1.6s
18:08:42 [INFO] [client-8] Round 27 — receiving model…
18:08:42 [INFO] [client-7] Round 26 done — loss=1.0278 acc=0.4399  1.6s
18:08:42 [INFO] [client-7] Round 27 — receiving model…
18:08:42 [INFO] [client-1] Round 26 done — loss=1.0577 acc=0.4293  1.3s
18:08:42 [INFO] [client-1] Round 27 — receiving model…
18:08:42 [INFO] [client-4] Round 26 done — loss=1.0152 acc=0.4876  1.3s
18:08:42 [INFO] [client-4] Round 27 — receiving model…
18:08:42 [INFO] Round 26 — waiting for 10 updates…
18:08:42 [INFO] [client-0] Round 26 done — loss=1.0533 acc=0.4536  1.8s
18:08:42 [INFO] [client-0] Round 27 — receiving model…
18:08:42 [INFO] [client-3] Round 26 — training locally…
18:08:42 [INFO] [client-3] Round 26 — sending update…
18:08:42 [INFO] [client-2] Round 26 — training locally…
18:08:42 [INFO] [client-2] Round 26 — sending update…
18:08:42 [INFO] [client-3] Round 26 done — loss=1.0408 acc=0.4571  2.2s
18:08:42 [INFO] [client-3] Round 27 — receiving model…
18:08:42 [INFO] [client-2] Round 26 done — loss=0.9454 acc=0.5354  2.1s
18:08:42 [INFO] [client-2] Round 27 — receiving model…
18:08:42 [INFO] Round 26/50  acc=0.4695  loss=1.0557  1.7s  clients=10
18:08:42 [INFO] Round 27 — sending model to 10 clients…
18:08:42 [INFO] [client-8] Round 27 — training locally…
18:08:42 [INFO] [client-8] Round 27 — sending update…
18:08:42 [INFO] [client-4] Round 27 — training locally…
18:08:43 [INFO] [client-4] Round 27 — sending update…
18:08:43 [INFO] [client-2] Round 27 — training locally…
18:08:43 [INFO] [client-2] Round 27 — sending update…
18:08:43 [INFO] [client-1] Round 27 — training locally…
18:08:43 [INFO] [client-1] Round 27 — sending update…
18:08:43 [INFO] [client-7] Round 27 — training locally…
18:08:43 [INFO] [client-7] Round 27 — sending update…
18:08:43 [INFO] [client-0] Round 27 — training locally…
18:08:43 [INFO] [client-0] Round 27 — sending update…
18:08:43 [INFO] [client-5] Round 27 — training locally…
18:08:43 [INFO] [client-5] Round 27 — sending update…
18:08:43 [INFO] [client-6] Round 27 — training locally…
18:08:43 [INFO] [client-6] Round 27 — sending update…
18:08:43 [INFO] [client-8] Round 27 done — loss=0.7600 acc=0.7105  1.6s
18:08:43 [INFO] [client-8] Round 28 — receiving model…
18:08:43 [INFO] [client-4] Round 27 done — loss=1.0087 acc=0.4959  1.5s
18:08:43 [INFO] [client-4] Round 28 — receiving model…
18:08:43 [INFO] [client-2] Round 27 done — loss=0.9559 acc=0.5261  1.2s
18:08:43 [INFO] [client-2] Round 28 — receiving model…
18:08:44 [INFO] [client-1] Round 27 done — loss=1.0603 acc=0.4210  1.6s
18:08:44 [INFO] [client-1] Round 28 — receiving model…
18:08:44 [INFO] [client-7] Round 27 done — loss=1.0221 acc=0.4571  1.7s
18:08:44 [INFO] [client-7] Round 28 — receiving model…
18:08:44 [INFO] [client-0] Round 27 done — loss=1.0512 acc=0.4601  1.6s
18:08:44 [INFO] [client-0] Round 28 — receiving model…
18:08:44 [INFO] [client-5] Round 27 done — loss=0.9600 acc=0.5618  1.8s
18:08:44 [INFO] [client-5] Round 28 — receiving model…
18:08:44 [INFO] Round 27 — waiting for 10 updates…
18:08:44 [INFO] [client-6] Round 27 done — loss=1.0098 acc=0.4847  1.8s
18:08:44 [INFO] [client-6] Round 28 — receiving model…
18:08:44 [INFO] [client-9] Round 27 — training locally…
18:08:44 [INFO] [client-9] Round 27 — sending update…
18:08:44 [INFO] [client-3] Round 27 — training locally…
18:08:44 [INFO] [client-3] Round 27 — sending update…
18:08:44 [INFO] [client-9] Round 27 done — loss=1.0080 acc=0.5204  2.2s
18:08:44 [INFO] [client-9] Round 28 — receiving model…
18:08:44 [INFO] [client-3] Round 27 done — loss=1.0342 acc=0.4602  1.8s
18:08:44 [INFO] [client-3] Round 28 — receiving model…
18:08:44 [INFO] Round 27/50  acc=0.4681  loss=1.0549  1.7s  clients=10
18:08:44 [INFO] Round 28 — sending model to 10 clients…
18:08:44 [INFO] [client-9] Round 28 — training locally…
18:08:44 [INFO] [client-9] Round 28 — sending update…
18:08:44 [INFO] [client-0] Round 28 — training locally…
18:08:44 [INFO] [client-0] Round 28 — sending update…
18:08:44 [INFO] [client-1] Round 28 — training locally…
18:08:44 [INFO] [client-1] Round 28 — sending update…
18:08:44 [INFO] [client-4] Round 28 — training locally…
18:08:45 [INFO] [client-4] Round 28 — sending update…
18:08:45 [INFO] [client-2] Round 28 — training locally…
18:08:45 [INFO] [client-2] Round 28 — sending update…
18:08:45 [INFO] [client-5] Round 28 — training locally…
18:08:45 [INFO] [client-5] Round 28 — sending update…
18:08:45 [INFO] [client-3] Round 28 — training locally…
18:08:45 [INFO] [client-3] Round 28 — sending update…
18:08:45 [INFO] [client-8] Round 28 — training locally…
18:08:45 [INFO] [client-8] Round 28 — sending update…
18:08:45 [INFO] [client-9] Round 28 done — loss=1.0132 acc=0.5232  1.2s
18:08:45 [INFO] [client-9] Round 29 — receiving model…
18:08:45 [INFO] [client-0] Round 28 done — loss=1.0428 acc=0.4653  1.6s
18:08:45 [INFO] [client-0] Round 29 — receiving model…
18:08:45 [INFO] [client-1] Round 28 done — loss=1.0576 acc=0.4169  1.7s
18:08:45 [INFO] [client-1] Round 29 — receiving model…
18:08:45 [INFO] [client-4] Round 28 done — loss=1.0112 acc=0.4935  1.8s
18:08:45 [INFO] [client-4] Round 29 — receiving model…
18:08:45 [INFO] [client-2] Round 28 done — loss=0.9503 acc=0.5251  1.8s
18:08:45 [INFO] [client-2] Round 29 — receiving model…
18:08:45 [INFO] [client-5] Round 28 done — loss=0.9731 acc=0.5567  1.7s
18:08:45 [INFO] [client-5] Round 29 — receiving model…
18:08:45 [INFO] [client-3] Round 28 done — loss=1.0343 acc=0.4564  1.3s
18:08:45 [INFO] [client-3] Round 29 — receiving model…
18:08:45 [INFO] Round 28 — waiting for 10 updates…
18:08:45 [INFO] [client-8] Round 28 done — loss=0.7664 acc=0.7084  1.9s
18:08:45 [INFO] [client-8] Round 29 — receiving model…
18:08:45 [INFO] [client-6] Round 28 — training locally…
18:08:45 [INFO] [client-6] Round 28 — sending update…
18:08:45 [INFO] [client-7] Round 28 — training locally…
18:08:46 [INFO] [client-7] Round 28 — sending update…
18:08:46 [INFO] [client-6] Round 28 done — loss=1.0104 acc=0.4899  2.0s
18:08:46 [INFO] [client-6] Round 29 — receiving model…
18:08:46 [INFO] [client-7] Round 28 done — loss=1.0233 acc=0.4663  2.2s
18:08:46 [INFO] [client-7] Round 29 — receiving model…
18:08:46 [INFO] Round 28/50  acc=0.4737  loss=1.0539  1.7s  clients=10
18:08:46 [INFO] Round 29 — sending model to 10 clients…
18:08:46 [INFO] [client-2] Round 29 — training locally…
18:08:46 [INFO] [client-2] Round 29 — sending update…
18:08:46 [INFO] [client-4] Round 29 — training locally…
18:08:46 [INFO] [client-4] Round 29 — sending update…
18:08:46 [INFO] [client-3] Round 29 — training locally…
18:08:46 [INFO] [client-3] Round 29 — sending update…
18:08:46 [INFO] [client-0] Round 29 — training locally…
18:08:46 [INFO] [client-0] Round 29 — sending update…
18:08:46 [INFO] [client-7] Round 29 — training locally…
18:08:46 [INFO] [client-7] Round 29 — sending update…
18:08:46 [INFO] [client-9] Round 29 — training locally…
18:08:47 [INFO] [client-9] Round 29 — sending update…
18:08:47 [INFO] [client-5] Round 29 — training locally…
18:08:47 [INFO] [client-5] Round 29 — sending update…
18:08:47 [INFO] [client-6] Round 29 — training locally…
18:08:47 [INFO] [client-6] Round 29 — sending update…
18:08:47 [INFO] [client-2] Round 29 done — loss=0.9547 acc=0.5306  1.5s
18:08:47 [INFO] [client-2] Round 30 — receiving model…
18:08:47 [INFO] [client-4] Round 29 done — loss=1.0102 acc=0.4873  1.6s
18:08:47 [INFO] [client-4] Round 30 — receiving model…
18:08:47 [INFO] [client-3] Round 29 done — loss=1.0407 acc=0.4560  1.5s
18:08:47 [INFO] [client-3] Round 30 — receiving model…
18:08:47 [INFO] [client-0] Round 29 done — loss=1.0514 acc=0.4614  1.7s
18:08:47 [INFO] [client-0] Round 30 — receiving model…
18:08:47 [INFO] [client-7] Round 29 done — loss=1.0275 acc=0.4581  1.2s
18:08:47 [INFO] [client-7] Round 30 — receiving model…
18:08:47 [INFO] [client-9] Round 29 done — loss=1.0069 acc=0.5291  1.8s
18:08:47 [INFO] [client-9] Round 30 — receiving model…
18:08:47 [INFO] [client-5] Round 29 done — loss=0.9565 acc=0.5639  1.7s
18:08:47 [INFO] [client-5] Round 30 — receiving model…
18:08:47 [INFO] Round 29 — waiting for 10 updates…
18:08:47 [INFO] [client-6] Round 29 done — loss=1.0071 acc=0.4927  1.4s
18:08:47 [INFO] [client-6] Round 30 — receiving model…
18:08:47 [INFO] [client-8] Round 29 — training locally…
18:08:47 [INFO] [client-8] Round 29 — sending update…
18:08:47 [INFO] [client-1] Round 29 — training locally…
18:08:47 [INFO] [client-1] Round 29 — sending update…
18:08:47 [INFO] [client-8] Round 29 done — loss=0.7629 acc=0.7177  2.0s
18:08:47 [INFO] [client-8] Round 30 — receiving model…
18:08:47 [INFO] [client-1] Round 29 done — loss=1.0587 acc=0.4251  2.2s
18:08:47 [INFO] [client-1] Round 30 — receiving model…
18:08:47 [INFO] Round 29/50  acc=0.4608  loss=1.0634  1.7s  clients=10
18:08:47 [INFO] Round 30 — sending model to 10 clients…
18:08:47 [INFO] [client-6] Round 30 — training locally…
18:08:48 [INFO] [client-6] Round 30 — sending update…
18:08:48 [INFO] [client-9] Round 30 — training locally…
18:08:48 [INFO] [client-9] Round 30 — sending update…
18:08:48 [INFO] [client-1] Round 30 — training locally…
18:08:48 [INFO] [client-1] Round 30 — sending update…
18:08:48 [INFO] [client-5] Round 30 — training locally…
18:08:48 [INFO] [client-5] Round 30 — sending update…
18:08:48 [INFO] [client-7] Round 30 — training locally…
18:08:48 [INFO] [client-7] Round 30 — sending update…
18:08:48 [INFO] [client-4] Round 30 — training locally…
18:08:48 [INFO] [client-4] Round 30 — sending update…
18:08:48 [INFO] [client-3] Round 30 — training locally…
18:08:48 [INFO] [client-3] Round 30 — sending update…
18:08:48 [INFO] [client-8] Round 30 — training locally…
18:08:48 [INFO] [client-8] Round 30 — sending update…
18:08:48 [INFO] [client-6] Round 30 done — loss=1.0096 acc=0.4993  1.5s
18:08:48 [INFO] [client-6] Round 31 — receiving model…
18:08:49 [INFO] [client-9] Round 30 done — loss=1.0056 acc=0.5302  1.6s
18:08:49 [INFO] [client-9] Round 31 — receiving model…
18:08:49 [INFO] [client-1] Round 30 done — loss=1.0582 acc=0.4279  1.2s
18:08:49 [INFO] [client-1] Round 31 — receiving model…
18:08:49 [INFO] [client-5] Round 30 done — loss=0.9668 acc=0.5625  1.6s
18:08:49 [INFO] [client-5] Round 31 — receiving model…
18:08:49 [INFO] [client-7] Round 30 done — loss=1.0288 acc=0.4488  1.7s
18:08:49 [INFO] [client-7] Round 31 — receiving model…
18:08:49 [INFO] [client-4] Round 30 done — loss=1.0086 acc=0.4924  1.8s
18:08:49 [INFO] [client-4] Round 31 — receiving model…
18:08:49 [INFO] [client-3] Round 30 done — loss=1.0376 acc=0.4536  1.8s
18:08:49 [INFO] [client-3] Round 31 — receiving model…
18:08:49 [INFO] Round 30 — waiting for 10 updates…
18:08:49 [INFO] [client-8] Round 30 done — loss=0.7583 acc=0.7160  1.4s
18:08:49 [INFO] [client-8] Round 31 — receiving model…
18:08:49 [INFO] [client-0] Round 30 — training locally…
18:08:49 [INFO] [client-0] Round 30 — sending update…
18:08:49 [INFO] [client-2] Round 30 — training locally…
18:08:49 [INFO] [client-2] Round 30 — sending update…
18:08:49 [INFO] [client-0] Round 30 done — loss=1.0447 acc=0.4679  2.1s
18:08:49 [INFO] [client-0] Round 31 — receiving model…
18:08:49 [INFO] [client-2] Round 30 done — loss=0.9548 acc=0.5264  2.2s
18:08:49 [INFO] [client-2] Round 31 — receiving model…
18:08:49 [INFO] Round 30/50  acc=0.4631  loss=1.0627  1.7s  clients=10
18:08:49 [INFO] Round 31 — sending model to 10 clients…
18:08:49 [INFO] [client-2] Round 31 — training locally…
18:08:49 [INFO] [client-2] Round 31 — sending update…
18:08:49 [INFO] [client-0] Round 31 — training locally…
18:08:49 [INFO] [client-0] Round 31 — sending update…
18:08:49 [INFO] [client-7] Round 31 — training locally…
18:08:49 [INFO] [client-7] Round 31 — sending update…
18:08:49 [INFO] [client-9] Round 31 — training locally…
18:08:50 [INFO] [client-9] Round 31 — sending update…
18:08:50 [INFO] [client-4] Round 31 — training locally…
18:08:50 [INFO] [client-4] Round 31 — sending update…
18:08:50 [INFO] [client-6] Round 31 — training locally…
18:08:50 [INFO] [client-6] Round 31 — sending update…
18:08:50 [INFO] [client-1] Round 31 — training locally…
18:08:50 [INFO] [client-1] Round 31 — sending update…
18:08:50 [INFO] [client-8] Round 31 — training locally…
18:08:50 [INFO] [client-8] Round 31 — sending update…
18:08:50 [INFO] [client-2] Round 31 done — loss=0.9545 acc=0.5391  1.1s
18:08:50 [INFO] [client-2] Round 32 — receiving model…
18:08:50 [INFO] [client-0] Round 31 done — loss=1.0518 acc=0.4666  1.2s
18:08:50 [INFO] [client-0] Round 32 — receiving model…
18:08:50 [INFO] [client-7] Round 31 done — loss=1.0223 acc=0.4578  1.6s
18:08:50 [INFO] [client-7] Round 32 — receiving model…
18:08:50 [INFO] [client-9] Round 31 done — loss=1.0090 acc=0.5249  1.7s
18:08:50 [INFO] [client-9] Round 32 — receiving model…
18:08:50 [INFO] [client-4] Round 31 done — loss=1.0155 acc=0.4859  1.6s
18:08:50 [INFO] [client-4] Round 32 — receiving model…
18:08:50 [INFO] [client-6] Round 31 done — loss=1.0105 acc=0.4965  1.8s
18:08:50 [INFO] [client-6] Round 32 — receiving model…
18:08:50 [INFO] [client-1] Round 31 done — loss=1.0541 acc=0.4313  1.8s
18:08:50 [INFO] [client-1] Round 32 — receiving model…
18:08:50 [INFO] Round 31 — waiting for 10 updates…
18:08:50 [INFO] [client-8] Round 31 done — loss=0.7622 acc=0.7133  1.6s
18:08:50 [INFO] [client-8] Round 32 — receiving model…
18:08:50 [INFO] [client-3] Round 31 — training locally…
18:08:50 [INFO] [client-3] Round 31 — sending update…
18:08:50 [INFO] [client-5] Round 31 — training locally…
18:08:51 [INFO] [client-5] Round 31 — sending update…
18:08:51 [INFO] [client-3] Round 31 done — loss=1.0319 acc=0.4584  2.0s
18:08:51 [INFO] [client-3] Round 32 — receiving model…
18:08:51 [INFO] [client-5] Round 31 done — loss=0.9671 acc=0.5604  2.1s
18:08:51 [INFO] [client-5] Round 32 — receiving model…
18:08:51 [INFO] Round 31/50  acc=0.4678  loss=1.0581  1.7s  clients=10
18:08:51 [INFO] Round 32 — sending model to 10 clients…
18:08:51 [INFO] [client-3] Round 32 — training locally…
18:08:51 [INFO] [client-3] Round 32 — sending update…
18:08:51 [INFO] [client-2] Round 32 — training locally…
18:08:51 [INFO] [client-2] Round 32 — sending update…
18:08:51 [INFO] [client-9] Round 32 — training locally…
18:08:51 [INFO] [client-9] Round 32 — sending update…
18:08:51 [INFO] [client-6] Round 32 — training locally…
18:08:51 [INFO] [client-6] Round 32 — sending update…
18:08:51 [INFO] [client-8] Round 32 — training locally…
18:08:51 [INFO] [client-8] Round 32 — sending update…
18:08:51 [INFO] [client-5] Round 32 — training locally…
18:08:52 [INFO] [client-5] Round 32 — sending update…
18:08:52 [INFO] [client-7] Round 32 — training locally…
18:08:52 [INFO] [client-7] Round 32 — sending update…
18:08:52 [INFO] [client-4] Round 32 — training locally…
18:08:52 [INFO] [client-4] Round 32 — sending update…
18:08:52 [INFO] [client-3] Round 32 done — loss=1.0390 acc=0.4543  1.2s
18:08:52 [INFO] [client-3] Round 33 — receiving model…
18:08:52 [INFO] [client-2] Round 32 done — loss=0.9462 acc=0.5381  1.7s
18:08:52 [INFO] [client-2] Round 33 — receiving model…
18:08:52 [INFO] [client-9] Round 32 done — loss=1.0066 acc=0.5284  1.7s
18:08:52 [INFO] [client-9] Round 33 — receiving model…
18:08:52 [INFO] [client-6] Round 32 done — loss=1.0119 acc=0.4934  1.6s
18:08:52 [INFO] [client-6] Round 33 — receiving model…
18:08:52 [INFO] [client-8] Round 32 done — loss=0.7586 acc=0.7133  1.6s
18:08:52 [INFO] [client-8] Round 33 — receiving model…
18:08:52 [INFO] [client-5] Round 32 done — loss=0.9563 acc=0.5598  1.3s
18:08:52 [INFO] [client-5] Round 33 — receiving model…
18:08:52 [INFO] [client-7] Round 32 done — loss=1.0309 acc=0.4457  1.8s
18:08:52 [INFO] [client-7] Round 33 — receiving model…
18:08:52 [INFO] Round 32 — waiting for 10 updates…
18:08:52 [INFO] [client-4] Round 32 done — loss=1.0108 acc=0.4894  1.8s
18:08:52 [INFO] [client-4] Round 33 — receiving model…
18:08:52 [INFO] [client-1] Round 32 — training locally…
18:08:52 [INFO] [client-1] Round 32 — sending update…
18:08:52 [INFO] [client-0] Round 32 — training locally…
18:08:52 [INFO] [client-0] Round 32 — sending update…
18:08:52 [INFO] [client-1] Round 32 done — loss=1.0557 acc=0.4238  2.0s
18:08:52 [INFO] [client-1] Round 33 — receiving model…
18:08:52 [INFO] [client-0] Round 32 done — loss=1.0433 acc=0.4627  2.2s
18:08:52 [INFO] [client-0] Round 33 — receiving model…
18:08:52 [INFO] Round 32/50  acc=0.4704  loss=1.0542  1.7s  clients=10
18:08:52 [INFO] Round 33 — sending model to 10 clients…
18:08:52 [INFO] [client-3] Round 33 — training locally…
18:08:53 [INFO] [client-3] Round 33 — sending update…
18:08:53 [INFO] [client-7] Round 33 — training locally…
18:08:53 [INFO] [client-7] Round 33 — sending update…
18:08:53 [INFO] [client-0] Round 33 — training locally…
18:08:53 [INFO] [client-0] Round 33 — sending update…
18:08:53 [INFO] [client-4] Round 33 — training locally…
18:08:53 [INFO] [client-4] Round 33 — sending update…
18:08:53 [INFO] [client-5] Round 33 — training locally…
18:08:53 [INFO] [client-5] Round 33 — sending update…
18:08:53 [INFO] [client-6] Round 33 — training locally…
18:08:53 [INFO] [client-6] Round 33 — sending update…
18:08:53 [INFO] [client-8] Round 33 — training locally…
18:08:53 [INFO] [client-8] Round 33 — sending update…
18:08:53 [INFO] [client-9] Round 33 — training locally…
18:08:53 [INFO] [client-9] Round 33 — sending update…
18:08:53 [INFO] [client-3] Round 33 done — loss=1.0358 acc=0.4581  1.6s
18:08:53 [INFO] [client-3] Round 34 — receiving model…
18:08:53 [INFO] [client-7] Round 33 done — loss=1.0292 acc=0.4372  1.5s
18:08:53 [INFO] [client-7] Round 34 — receiving model…
18:08:54 [INFO] [client-0] Round 33 done — loss=1.0465 acc=0.4570  1.2s
18:08:54 [INFO] [client-0] Round 34 — receiving model…
18:08:54 [INFO] [client-4] Round 33 done — loss=1.0114 acc=0.4921  1.5s
18:08:54 [INFO] [client-4] Round 34 — receiving model…
18:08:54 [INFO] [client-5] Round 33 done — loss=0.9689 acc=0.5680  1.6s
18:08:54 [INFO] [client-5] Round 34 — receiving model…
18:08:54 [INFO] [client-6] Round 33 done — loss=1.0072 acc=0.4983  1.7s
18:08:54 [INFO] [client-6] Round 34 — receiving model…
18:08:54 [INFO] [client-8] Round 33 done — loss=0.7629 acc=0.7088  1.7s
18:08:54 [INFO] [client-8] Round 34 — receiving model…
18:08:54 [INFO] Round 33 — waiting for 10 updates…
18:08:54 [INFO] [client-9] Round 33 done — loss=1.0080 acc=0.5256  1.8s
18:08:54 [INFO] [client-9] Round 34 — receiving model…
18:08:54 [INFO] [client-2] Round 33 — training locally…
18:08:54 [INFO] [client-2] Round 33 — sending update…
18:08:54 [INFO] [client-1] Round 33 — training locally…
18:08:54 [INFO] [client-1] Round 33 — sending update…
18:08:54 [INFO] [client-2] Round 33 done — loss=0.9518 acc=0.5288  2.1s
18:08:54 [INFO] [client-2] Round 34 — receiving model…
18:08:54 [INFO] [client-1] Round 33 done — loss=1.0599 acc=0.4245  1.7s
18:08:54 [INFO] [client-1] Round 34 — receiving model…
18:08:54 [INFO] Round 33/50  acc=0.4723  loss=1.0543  1.7s  clients=10
18:08:54 [INFO] Round 34 — sending model to 10 clients…
18:08:54 [INFO] [client-3] Round 34 — training locally…
18:08:54 [INFO] [client-3] Round 34 — sending update…
18:08:54 [INFO] [client-4] Round 34 — training locally…
18:08:54 [INFO] [client-4] Round 34 — sending update…
18:08:54 [INFO] [client-7] Round 34 — training locally…
18:08:54 [INFO] [client-7] Round 34 — sending update…
18:08:54 [INFO] [client-2] Round 34 — training locally…
18:08:55 [INFO] [client-2] Round 34 — sending update…
18:08:55 [INFO] [client-0] Round 34 — training locally…
18:08:55 [INFO] [client-0] Round 34 — sending update…
18:08:55 [INFO] [client-5] Round 34 — training locally…
18:08:55 [INFO] [client-5] Round 34 — sending update…
18:08:55 [INFO] [client-9] Round 34 — training locally…
18:08:55 [INFO] [client-9] Round 34 — sending update…
18:08:55 [INFO] [client-1] Round 34 — training locally…
18:08:55 [INFO] [client-1] Round 34 — sending update…
18:08:55 [INFO] [client-3] Round 34 done — loss=1.0376 acc=0.4547  1.7s
18:08:55 [INFO] [client-3] Round 35 — receiving model…
18:08:55 [INFO] [client-4] Round 34 done — loss=1.0070 acc=0.4928  1.6s
18:08:55 [INFO] [client-4] Round 35 — receiving model…
18:08:55 [INFO] [client-7] Round 34 done — loss=1.0255 acc=0.4530  1.7s
18:08:55 [INFO] [client-7] Round 35 — receiving model…
18:08:55 [INFO] [client-2] Round 34 done — loss=0.9459 acc=0.5474  1.2s
18:08:55 [INFO] [client-2] Round 35 — receiving model…
18:08:55 [INFO] [client-0] Round 34 done — loss=1.0490 acc=0.4653  1.8s
18:08:55 [INFO] [client-0] Round 35 — receiving model…
18:08:55 [INFO] [client-5] Round 34 done — loss=0.9661 acc=0.5591  1.8s
18:08:55 [INFO] [client-5] Round 35 — receiving model…
18:08:55 [INFO] [client-9] Round 34 done — loss=1.0120 acc=0.5246  1.7s
18:08:55 [INFO] [client-9] Round 35 — receiving model…
18:08:55 [INFO] Round 34 — waiting for 10 updates…
18:08:55 [INFO] [client-1] Round 34 done — loss=1.0606 acc=0.4282  1.4s
18:08:55 [INFO] [client-1] Round 35 — receiving model…
18:08:55 [INFO] [client-8] Round 34 — training locally…
18:08:56 [INFO] [client-8] Round 34 — sending update…
18:08:56 [INFO] [client-6] Round 34 — training locally…
18:08:56 [INFO] [client-6] Round 34 — sending update…
18:08:56 [INFO] [client-8] Round 34 done — loss=0.7641 acc=0.7098  2.1s
18:08:56 [INFO] [client-8] Round 35 — receiving model…
18:08:56 [INFO] [client-6] Round 34 done — loss=1.0076 acc=0.5024  2.1s
18:08:56 [INFO] [client-6] Round 35 — receiving model…
18:08:56 [INFO] Round 34/50  acc=0.4631  loss=1.0588  1.7s  clients=10
18:08:56 [INFO] Round 35 — sending model to 10 clients…
18:08:56 [INFO] [client-9] Round 35 — training locally…
18:08:56 [INFO] [client-9] Round 35 — sending update…
18:08:56 [INFO] [client-0] Round 35 — training locally…
18:08:56 [INFO] [client-0] Round 35 — sending update…
18:08:56 [INFO] [client-6] Round 35 — training locally…
18:08:56 [INFO] [client-6] Round 35 — sending update…
18:08:56 [INFO] [client-5] Round 35 — training locally…
18:08:56 [INFO] [client-5] Round 35 — sending update…
18:08:56 [INFO] [client-1] Round 35 — training locally…
18:08:56 [INFO] [client-1] Round 35 — sending update…
18:08:56 [INFO] [client-4] Round 35 — training locally…
18:08:57 [INFO] [client-4] Round 35 — sending update…
18:08:57 [INFO] [client-7] Round 35 — training locally…
18:08:57 [INFO] [client-7] Round 35 — sending update…
18:08:57 [INFO] [client-3] Round 35 — training locally…
18:08:57 [INFO] [client-3] Round 35 — sending update…
18:08:57 [INFO] [client-9] Round 35 done — loss=1.0120 acc=0.5225  1.5s
18:08:57 [INFO] [client-9] Round 36 — receiving model…
18:08:57 [INFO] [client-0] Round 35 done — loss=1.0443 acc=0.4709  1.6s
18:08:57 [INFO] [client-0] Round 36 — receiving model…
18:08:57 [INFO] [client-6] Round 35 done — loss=1.0106 acc=0.4962  1.2s
18:08:57 [INFO] [client-6] Round 36 — receiving model…
18:08:57 [INFO] [client-5] Round 35 done — loss=0.9584 acc=0.5690  1.6s
18:08:57 [INFO] [client-5] Round 36 — receiving model…
18:08:57 [INFO] [client-1] Round 35 done — loss=1.0569 acc=0.4224  1.6s
18:08:57 [INFO] [client-1] Round 36 — receiving model…
18:08:57 [INFO] [client-4] Round 35 done — loss=1.0071 acc=0.4928  1.8s
18:08:57 [INFO] [client-4] Round 36 — receiving model…
18:08:57 [INFO] [client-7] Round 35 done — loss=1.0249 acc=0.4502  1.8s
18:08:57 [INFO] [client-7] Round 36 — receiving model…
18:08:57 [INFO] Round 35 — waiting for 10 updates…
18:08:57 [INFO] [client-3] Round 35 done — loss=1.0428 acc=0.4502  1.9s
18:08:57 [INFO] [client-3] Round 36 — receiving model…
18:08:57 [INFO] [client-8] Round 35 — training locally…
18:08:57 [INFO] [client-8] Round 35 — sending update…
18:08:57 [INFO] [client-2] Round 35 — training locally…
18:08:57 [INFO] [client-2] Round 35 — sending update…
18:08:57 [INFO] [client-8] Round 35 done — loss=0.7633 acc=0.7102  1.7s
18:08:57 [INFO] [client-8] Round 36 — receiving model…
18:08:57 [INFO] [client-2] Round 35 done — loss=0.9543 acc=0.5343  2.2s
18:08:57 [INFO] [client-2] Round 36 — receiving model…
18:08:57 [INFO] Round 35/50  acc=0.4704  loss=1.0537  1.7s  clients=10
18:08:57 [INFO] Round 36 — sending model to 10 clients…
18:08:57 [INFO] [client-2] Round 36 — training locally…
18:08:58 [INFO] [client-2] Round 36 — sending update…
18:08:58 [INFO] [client-5] Round 36 — training locally…
18:08:58 [INFO] [client-5] Round 36 — sending update…
18:08:58 [INFO] [client-8] Round 36 — training locally…
18:08:58 [INFO] [client-8] Round 36 — sending update…
18:08:58 [INFO] [client-1] Round 36 — training locally…
18:08:58 [INFO] [client-1] Round 36 — sending update…
18:08:58 [INFO] [client-7] Round 36 — training locally…
18:08:58 [INFO] [client-7] Round 36 — sending update…
18:08:58 [INFO] [client-4] Round 36 — training locally…
18:08:58 [INFO] [client-4] Round 36 — sending update…
18:08:58 [INFO] [client-0] Round 36 — training locally…
18:08:58 [INFO] [client-0] Round 36 — sending update…
18:08:58 [INFO] [client-6] Round 36 — training locally…
18:08:58 [INFO] [client-6] Round 36 — sending update…
18:08:59 [INFO] [client-2] Round 36 done — loss=0.9540 acc=0.5385  1.1s
18:08:59 [INFO] [client-2] Round 37 — receiving model…
18:08:59 [INFO] [client-5] Round 36 done — loss=0.9616 acc=0.5577  1.6s
18:08:59 [INFO] [client-5] Round 37 — receiving model…
18:08:59 [INFO] [client-8] Round 36 done — loss=0.7583 acc=0.7153  1.2s
18:08:59 [INFO] [client-8] Round 37 — receiving model…
18:08:59 [INFO] [client-1] Round 36 done — loss=1.0590 acc=0.4155  1.6s
18:08:59 [INFO] [client-1] Round 37 — receiving model…
18:08:59 [INFO] [client-7] Round 36 done — loss=1.0260 acc=0.4578  1.6s
18:08:59 [INFO] [client-7] Round 37 — receiving model…
18:08:59 [INFO] [client-4] Round 36 done — loss=1.0074 acc=0.4945  1.7s
18:08:59 [INFO] [client-4] Round 37 — receiving model…
18:08:59 [INFO] [client-0] Round 36 done — loss=1.0486 acc=0.4536  1.8s
18:08:59 [INFO] [client-0] Round 37 — receiving model…
18:08:59 [INFO] Round 36 — waiting for 10 updates…
18:08:59 [INFO] [client-6] Round 36 done — loss=1.0065 acc=0.4972  1.8s
18:08:59 [INFO] [client-6] Round 37 — receiving model…
18:08:59 [INFO] [client-3] Round 36 — training locally…
18:08:59 [INFO] [client-3] Round 36 — sending update…
18:08:59 [INFO] [client-9] Round 36 — training locally…
18:08:59 [INFO] [client-9] Round 36 — sending update…
18:08:59 [INFO] [client-3] Round 36 done — loss=1.0329 acc=0.4677  2.0s
18:08:59 [INFO] [client-3] Round 37 — receiving model…
18:08:59 [INFO] [client-9] Round 36 done — loss=1.0068 acc=0.5246  2.2s
18:08:59 [INFO] [client-9] Round 37 — receiving model…
18:08:59 [INFO] Round 36/50  acc=0.4617  loss=1.0629  1.7s  clients=10
18:08:59 [INFO] Round 37 — sending model to 10 clients…
18:08:59 [INFO] [client-8] Round 37 — training locally…
18:08:59 [INFO] [client-8] Round 37 — sending update…
18:08:59 [INFO] [client-2] Round 37 — training locally…
18:08:59 [INFO] [client-2] Round 37 — sending update…
18:08:59 [INFO] [client-1] Round 37 — training locally…
18:08:59 [INFO] [client-1] Round 37 — sending update…
18:08:59 [INFO] [client-6] Round 37 — training locally…
18:09:00 [INFO] [client-6] Round 37 — sending update…
18:09:00 [INFO] [client-3] Round 37 — training locally…
18:09:00 [INFO] [client-3] Round 37 — sending update…
18:09:00 [INFO] [client-0] Round 37 — training locally…
18:09:00 [INFO] [client-0] Round 37 — sending update…
18:09:00 [INFO] [client-7] Round 37 — training locally…
18:09:00 [INFO] [client-7] Round 37 — sending update…
18:09:00 [INFO] [client-5] Round 37 — training locally…
18:09:00 [INFO] [client-5] Round 37 — sending update…
18:09:00 [INFO] [client-8] Round 37 done — loss=0.7582 acc=0.7143  1.6s
18:09:00 [INFO] [client-8] Round 38 — receiving model…
18:09:00 [INFO] [client-2] Round 37 done — loss=0.9525 acc=0.5309  1.7s
18:09:00 [INFO] [client-2] Round 38 — receiving model…
18:09:00 [INFO] [client-1] Round 37 done — loss=1.0584 acc=0.4234  1.6s
18:09:00 [INFO] [client-1] Round 38 — receiving model…
18:09:00 [INFO] [client-6] Round 37 done — loss=1.0086 acc=0.4948  1.5s
18:09:00 [INFO] [client-6] Round 38 — receiving model…
18:09:00 [INFO] [client-3] Round 37 done — loss=1.0377 acc=0.4560  1.3s
18:09:00 [INFO] [client-3] Round 38 — receiving model…
18:09:00 [INFO] [client-0] Round 37 done — loss=1.0541 acc=0.4553  1.6s
18:09:00 [INFO] [client-0] Round 38 — receiving model…
18:09:00 [INFO] [client-7] Round 37 done — loss=1.0289 acc=0.4516  1.7s
18:09:00 [INFO] [client-7] Round 38 — receiving model…
18:09:00 [INFO] Round 37 — waiting for 10 updates…
18:09:00 [INFO] [client-5] Round 37 done — loss=0.9620 acc=0.5642  1.8s
18:09:00 [INFO] [client-5] Round 38 — receiving model…
18:09:00 [INFO] [client-4] Round 37 — training locally…
18:09:01 [INFO] [client-4] Round 37 — sending update…
18:09:01 [INFO] [client-9] Round 37 — training locally…
18:09:01 [INFO] [client-9] Round 37 — sending update…
18:09:01 [INFO] [client-4] Round 37 done — loss=1.0100 acc=0.4969  2.0s
18:09:01 [INFO] [client-4] Round 38 — receiving model…
18:09:01 [INFO] [client-9] Round 37 done — loss=1.0110 acc=0.5232  1.7s
18:09:01 [INFO] [client-9] Round 38 — receiving model…
18:09:01 [INFO] Round 37/50  acc=0.4650  loss=1.0578  1.7s  clients=10
18:09:01 [INFO] Round 38 — sending model to 10 clients…
18:09:01 [INFO] [client-0] Round 38 — training locally…
18:09:01 [INFO] [client-0] Round 38 — sending update…
18:09:01 [INFO] [client-6] Round 38 — training locally…
18:09:01 [INFO] [client-6] Round 38 — sending update…
18:09:01 [INFO] [client-9] Round 38 — training locally…
18:09:01 [INFO] [client-9] Round 38 — sending update…
18:09:01 [INFO] [client-4] Round 38 — training locally…
18:09:01 [INFO] [client-4] Round 38 — sending update…
18:09:01 [INFO] [client-5] Round 38 — training locally…
18:09:01 [INFO] [client-5] Round 38 — sending update…
18:09:01 [INFO] [client-1] Round 38 — training locally…
18:09:02 [INFO] [client-1] Round 38 — sending update…
18:09:02 [INFO] [client-7] Round 38 — training locally…
18:09:02 [INFO] [client-7] Round 38 — sending update…
18:09:02 [INFO] [client-8] Round 38 — training locally…
18:09:02 [INFO] [client-8] Round 38 — sending update…
18:09:02 [INFO] [client-0] Round 38 done — loss=1.0477 acc=0.4596  1.5s
18:09:02 [INFO] [client-0] Round 39 — receiving model…
18:09:02 [INFO] [client-6] Round 38 done — loss=1.0124 acc=0.4889  1.6s
18:09:02 [INFO] [client-6] Round 39 — receiving model…
18:09:02 [INFO] [client-9] Round 38 done — loss=1.0115 acc=0.5214  1.2s
18:09:02 [INFO] [client-9] Round 39 — receiving model…
18:09:02 [INFO] [client-4] Round 38 done — loss=1.0034 acc=0.4969  1.2s
18:09:02 [INFO] [client-4] Round 39 — receiving model…
18:09:02 [INFO] [client-5] Round 38 done — loss=0.9663 acc=0.5587  1.6s
18:09:02 [INFO] [client-5] Round 39 — receiving model…
18:09:02 [INFO] [client-1] Round 38 done — loss=1.0570 acc=0.4251  1.7s
18:09:02 [INFO] [client-1] Round 39 — receiving model…
18:09:02 [INFO] [client-7] Round 38 done — loss=1.0250 acc=0.4547  1.7s
18:09:02 [INFO] [client-7] Round 39 — receiving model…
18:09:02 [INFO] Round 38 — waiting for 10 updates…
18:09:02 [INFO] [client-8] Round 38 done — loss=0.7638 acc=0.7105  1.9s
18:09:02 [INFO] [client-8] Round 39 — receiving model…
18:09:02 [INFO] [client-2] Round 38 — training locally…
18:09:02 [INFO] [client-2] Round 38 — sending update…
18:09:02 [INFO] [client-3] Round 38 — training locally…
18:09:02 [INFO] [client-3] Round 38 — sending update…
18:09:02 [INFO] [client-2] Round 38 done — loss=0.9517 acc=0.5398  2.1s
18:09:02 [INFO] [client-2] Round 39 — receiving model…
18:09:02 [INFO] [client-3] Round 38 done — loss=1.0411 acc=0.4519  2.1s
18:09:02 [INFO] [client-3] Round 39 — receiving model…
18:09:02 [INFO] Round 38/50  acc=0.4591  loss=1.0638  1.7s  clients=10
18:09:02 [INFO] Round 39 — sending model to 10 clients…
18:09:02 [INFO] [client-0] Round 39 — training locally…
18:09:03 [INFO] [client-0] Round 39 — sending update…
18:09:03 [INFO] [client-1] Round 39 — training locally…
18:09:03 [INFO] [client-1] Round 39 — sending update…
18:09:03 [INFO] [client-5] Round 39 — training locally…
18:09:03 [INFO] [client-5] Round 39 — sending update…
18:09:03 [INFO] [client-8] Round 39 — training locally…
18:09:03 [INFO] [client-8] Round 39 — sending update…
18:09:03 [INFO] [client-6] Round 39 — training locally…
18:09:03 [INFO] [client-6] Round 39 — sending update…
18:09:03 [INFO] [client-2] Round 39 — training locally…
18:09:03 [INFO] [client-2] Round 39 — sending update…
18:09:03 [INFO] [client-4] Round 39 — training locally…
18:09:03 [INFO] [client-4] Round 39 — sending update…
18:09:03 [INFO] [client-7] Round 39 — training locally…
18:09:03 [INFO] [client-7] Round 39 — sending update…
18:09:03 [INFO] [client-0] Round 39 done — loss=1.0486 acc=0.4683  1.7s
18:09:03 [INFO] [client-0] Round 40 — receiving model…
18:09:04 [INFO] [client-1] Round 39 done — loss=1.0538 acc=0.4344  1.5s
18:09:04 [INFO] [client-1] Round 40 — receiving model…
18:09:04 [INFO] [client-5] Round 39 done — loss=0.9701 acc=0.5587  1.6s
18:09:04 [INFO] [client-5] Round 40 — receiving model…
18:09:04 [INFO] [client-8] Round 39 done — loss=0.7537 acc=0.7129  1.5s
18:09:04 [INFO] [client-8] Round 40 — receiving model…
18:09:04 [INFO] [client-6] Round 39 done — loss=1.0081 acc=0.4993  1.8s
18:09:04 [INFO] [client-6] Round 40 — receiving model…
18:09:04 [INFO] [client-2] Round 39 done — loss=0.9463 acc=0.5371  1.3s
18:09:04 [INFO] [client-2] Round 40 — receiving model…
18:09:04 [INFO] [client-4] Round 39 done — loss=1.0114 acc=0.4959  1.8s
18:09:04 [INFO] [client-4] Round 40 — receiving model…
18:09:04 [INFO] Round 39 — waiting for 10 updates…
18:09:04 [INFO] [client-7] Round 39 done — loss=1.0267 acc=0.4502  1.7s
18:09:04 [INFO] [client-7] Round 40 — receiving model…
18:09:04 [INFO] [client-9] Round 39 — training locally…
18:09:04 [INFO] [client-9] Round 39 — sending update…
18:09:04 [INFO] [client-3] Round 39 — training locally…
18:09:04 [INFO] [client-3] Round 39 — sending update…
18:09:04 [INFO] [client-9] Round 39 done — loss=1.0060 acc=0.5256  2.1s
18:09:04 [INFO] [client-9] Round 40 — receiving model…
18:09:04 [INFO] [client-3] Round 39 done — loss=1.0409 acc=0.4550  1.7s
18:09:04 [INFO] [client-3] Round 40 — receiving model…
18:09:04 [INFO] Round 39/50  acc=0.4701  loss=1.0548  1.7s  clients=10
18:09:04 [INFO] Round 40 — sending model to 10 clients…
18:09:04 [INFO] [client-2] Round 40 — training locally…
18:09:04 [INFO] [client-2] Round 40 — sending update…
18:09:04 [INFO] [client-8] Round 40 — training locally…
18:09:04 [INFO] [client-8] Round 40 — sending update…
18:09:04 [INFO] [client-0] Round 40 — training locally…
18:09:04 [INFO] [client-0] Round 40 — sending update…
18:09:04 [INFO] [client-6] Round 40 — training locally…
18:09:05 [INFO] [client-6] Round 40 — sending update…
18:09:05 [INFO] [client-9] Round 40 — training locally…
18:09:05 [INFO] [client-9] Round 40 — sending update…
18:09:05 [INFO] [client-4] Round 40 — training locally…
18:09:05 [INFO] [client-4] Round 40 — sending update…
18:09:05 [INFO] [client-7] Round 40 — training locally…
18:09:05 [INFO] [client-7] Round 40 — sending update…
18:09:05 [INFO] [client-1] Round 40 — training locally…
18:09:05 [INFO] [client-1] Round 40 — sending update…
18:09:05 [INFO] [client-2] Round 40 done — loss=0.9497 acc=0.5271  1.5s
18:09:05 [INFO] [client-2] Round 41 — receiving model…
18:09:05 [INFO] [client-8] Round 40 done — loss=0.7607 acc=0.7136  1.6s
18:09:05 [INFO] [client-8] Round 41 — receiving model…
18:09:05 [INFO] [client-0] Round 40 done — loss=1.0495 acc=0.4631  1.7s
18:09:05 [INFO] [client-0] Round 41 — receiving model…
18:09:05 [INFO] [client-6] Round 40 done — loss=1.0093 acc=0.4861  1.6s
18:09:05 [INFO] [client-6] Round 41 — receiving model…
18:09:05 [INFO] [client-9] Round 40 done — loss=1.0047 acc=0.5302  1.3s
18:09:05 [INFO] [client-9] Round 41 — receiving model…
18:09:05 [INFO] [client-4] Round 40 done — loss=1.0063 acc=0.5034  1.6s
18:09:05 [INFO] [client-4] Round 41 — receiving model…
18:09:05 [INFO] [client-7] Round 40 done — loss=1.0271 acc=0.4564  1.6s
18:09:05 [INFO] [client-7] Round 41 — receiving model…
18:09:05 [INFO] Round 40 — waiting for 10 updates…
18:09:05 [INFO] [client-1] Round 40 done — loss=1.0559 acc=0.4258  1.8s
18:09:05 [INFO] [client-1] Round 41 — receiving model…
18:09:05 [INFO] [client-5] Round 40 — training locally…
18:09:05 [INFO] [client-5] Round 40 — sending update…
18:09:05 [INFO] [client-3] Round 40 — training locally…
18:09:06 [INFO] [client-3] Round 40 — sending update…
18:09:06 [INFO] [client-5] Round 40 done — loss=0.9639 acc=0.5663  2.1s
18:09:06 [INFO] [client-5] Round 41 — receiving model…
18:09:06 [INFO] [client-3] Round 40 done — loss=1.0431 acc=0.4550  1.7s
18:09:06 [INFO] [client-3] Round 41 — receiving model…
18:09:06 [INFO] Round 40/50  acc=0.4617  loss=1.0631  1.7s  clients=10
18:09:06 [INFO] Round 41 — sending model to 10 clients…
18:09:06 [INFO] [client-2] Round 41 — training locally…
18:09:06 [INFO] [client-2] Round 41 — sending update…
18:09:06 [INFO] [client-3] Round 41 — training locally…
18:09:06 [INFO] [client-3] Round 41 — sending update…
18:09:06 [INFO] [client-8] Round 41 — training locally…
18:09:06 [INFO] [client-8] Round 41 — sending update…
18:09:06 [INFO] [client-6] Round 41 — training locally…
18:09:06 [INFO] [client-6] Round 41 — sending update…
18:09:06 [INFO] [client-1] Round 41 — training locally…
18:09:06 [INFO] [client-1] Round 41 — sending update…
18:09:06 [INFO] [client-9] Round 41 — training locally…
18:09:07 [INFO] [client-9] Round 41 — sending update…
18:09:07 [INFO] [client-4] Round 41 — training locally…
18:09:07 [INFO] [client-4] Round 41 — sending update…
18:09:07 [INFO] [client-7] Round 41 — training locally…
18:09:07 [INFO] [client-7] Round 41 — sending update…
18:09:07 [INFO] [client-2] Round 41 done — loss=0.9487 acc=0.5309  1.7s
18:09:07 [INFO] [client-2] Round 42 — receiving model…
18:09:07 [INFO] [client-3] Round 41 done — loss=1.0418 acc=0.4547  1.2s
18:09:07 [INFO] [client-3] Round 42 — receiving model…
18:09:07 [INFO] [client-8] Round 41 done — loss=0.7565 acc=0.7112  1.8s
18:09:07 [INFO] [client-8] Round 42 — receiving model…
18:09:07 [INFO] [client-6] Round 41 done — loss=1.0136 acc=0.5003  1.8s
18:09:07 [INFO] [client-6] Round 42 — receiving model…
18:09:07 [INFO] [client-1] Round 41 done — loss=1.0553 acc=0.4282  1.7s
18:09:07 [INFO] [client-1] Round 42 — receiving model…
18:09:07 [INFO] [client-9] Round 41 done — loss=1.0034 acc=0.5270  1.8s
18:09:07 [INFO] [client-9] Round 42 — receiving model…
18:09:07 [INFO] [client-4] Round 41 done — loss=1.0030 acc=0.4880  1.8s
18:09:07 [INFO] [client-4] Round 42 — receiving model…
18:09:07 [INFO] Round 41 — waiting for 10 updates…
18:09:07 [INFO] [client-7] Round 41 done — loss=1.0237 acc=0.4629  1.8s
18:09:07 [INFO] [client-7] Round 42 — receiving model…
18:09:07 [INFO] [client-0] Round 41 — training locally…
18:09:07 [INFO] [client-0] Round 41 — sending update…
18:09:07 [INFO] [client-5] Round 41 — training locally…
18:09:07 [INFO] [client-5] Round 41 — sending update…
18:09:07 [INFO] [client-0] Round 41 done — loss=1.0466 acc=0.4614  2.2s
18:09:07 [INFO] [client-0] Round 42 — receiving model…
18:09:07 [INFO] [client-5] Round 41 done — loss=0.9630 acc=0.5601  1.8s
18:09:07 [INFO] [client-5] Round 42 — receiving model…
18:09:07 [INFO] Round 41/50  acc=0.4597  loss=1.0617  1.7s  clients=10
18:09:07 [INFO] Round 42 — sending model to 10 clients…
18:09:07 [INFO] [client-9] Round 42 — training locally…
18:09:08 [INFO] [client-9] Round 42 — sending update…
18:09:08 [INFO] [client-8] Round 42 — training locally…
18:09:08 [INFO] [client-8] Round 42 — sending update…
18:09:08 [INFO] [client-2] Round 42 — training locally…
18:09:08 [INFO] [client-2] Round 42 — sending update…
18:09:08 [INFO] [client-4] Round 42 — training locally…
18:09:08 [INFO] [client-4] Round 42 — sending update…
18:09:08 [INFO] [client-1] Round 42 — training locally…
18:09:08 [INFO] [client-1] Round 42 — sending update…
18:09:08 [INFO] [client-3] Round 42 — training locally…
18:09:08 [INFO] [client-3] Round 42 — sending update…
18:09:08 [INFO] [client-7] Round 42 — training locally…
18:09:08 [INFO] [client-7] Round 42 — sending update…
18:09:08 [INFO] [client-0] Round 42 — training locally…
18:09:09 [INFO] [client-0] Round 42 — sending update…
18:09:09 [INFO] [client-9] Round 42 done — loss=1.0096 acc=0.5256  1.5s
18:09:09 [INFO] [client-9] Round 43 — receiving model…
18:09:09 [INFO] [client-8] Round 42 done — loss=0.7584 acc=0.7139  1.6s
18:09:09 [INFO] [client-8] Round 43 — receiving model…
18:09:09 [INFO] [client-2] Round 42 done — loss=0.9479 acc=0.5395  1.8s
18:09:09 [INFO] [client-2] Round 43 — receiving model…
18:09:09 [INFO] [client-4] Round 42 done — loss=1.0146 acc=0.4911  1.5s
18:09:09 [INFO] [client-4] Round 43 — receiving model…
18:09:09 [INFO] [client-1] Round 42 done — loss=1.0571 acc=0.4255  1.6s
18:09:09 [INFO] [client-1] Round 43 — receiving model…
18:09:09 [INFO] [client-3] Round 42 done — loss=1.0409 acc=0.4512  1.8s
18:09:09 [INFO] [client-3] Round 43 — receiving model…
18:09:09 [INFO] [client-7] Round 42 done — loss=1.0278 acc=0.4502  1.6s
18:09:09 [INFO] [client-7] Round 43 — receiving model…
18:09:09 [INFO] Round 42 — waiting for 10 updates…
18:09:09 [INFO] [client-0] Round 42 done — loss=1.0491 acc=0.4566  1.4s
18:09:09 [INFO] [client-0] Round 43 — receiving model…
18:09:09 [INFO] [client-6] Round 42 — training locally…
18:09:09 [INFO] [client-6] Round 42 — sending update…
18:09:09 [INFO] [client-5] Round 42 — training locally…
18:09:09 [INFO] [client-5] Round 42 — sending update…
18:09:09 [INFO] [client-6] Round 42 done — loss=1.0080 acc=0.5017  2.0s
18:09:09 [INFO] [client-6] Round 43 — receiving model…
18:09:09 [INFO] [client-5] Round 42 done — loss=0.9617 acc=0.5707  1.7s
18:09:09 [INFO] [client-5] Round 43 — receiving model…
18:09:09 [INFO] Round 42/50  acc=0.4698  loss=1.0544  1.7s  clients=10
18:09:09 [INFO] Round 43 — sending model to 10 clients…
18:09:09 [INFO] [client-9] Round 43 — training locally…
18:09:09 [INFO] [client-9] Round 43 — sending update…
18:09:09 [INFO] [client-7] Round 43 — training locally…
18:09:09 [INFO] [client-7] Round 43 — sending update…
18:09:09 [INFO] [client-0] Round 43 — training locally…
18:09:10 [INFO] [client-0] Round 43 — sending update…
18:09:10 [INFO] [client-2] Round 43 — training locally…
18:09:10 [INFO] [client-2] Round 43 — sending update…
18:09:10 [INFO] [client-8] Round 43 — training locally…
18:09:10 [INFO] [client-8] Round 43 — sending update…
18:09:10 [INFO] [client-1] Round 43 — training locally…
18:09:10 [INFO] [client-1] Round 43 — sending update…
18:09:10 [INFO] [client-4] Round 43 — training locally…
18:09:10 [INFO] [client-4] Round 43 — sending update…
18:09:10 [INFO] [client-6] Round 43 — training locally…
18:09:10 [INFO] [client-6] Round 43 — sending update…
18:09:10 [INFO] [client-9] Round 43 done — loss=1.0095 acc=0.5246  1.7s
18:09:10 [INFO] [client-9] Round 44 — receiving model…
18:09:10 [INFO] [client-7] Round 43 done — loss=1.0281 acc=0.4437  1.5s
18:09:10 [INFO] [client-7] Round 44 — receiving model…
18:09:10 [INFO] [client-0] Round 43 done — loss=1.0481 acc=0.4605  1.5s
18:09:10 [INFO] [client-0] Round 44 — receiving model…
18:09:10 [INFO] [client-2] Round 43 done — loss=0.9501 acc=0.5440  1.7s
18:09:10 [INFO] [client-2] Round 44 — receiving model…
18:09:10 [INFO] [client-8] Round 43 done — loss=0.7597 acc=0.7084  1.7s
18:09:10 [INFO] [client-8] Round 44 — receiving model…
18:09:10 [INFO] [client-1] Round 43 done — loss=1.0597 acc=0.4251  1.7s
18:09:10 [INFO] [client-1] Round 44 — receiving model…
18:09:10 [INFO] [client-4] Round 43 done — loss=1.0106 acc=0.4876  1.7s
18:09:10 [INFO] [client-4] Round 44 — receiving model…
18:09:10 [INFO] Round 43 — waiting for 10 updates…
18:09:10 [INFO] [client-6] Round 43 done — loss=1.0044 acc=0.5038  1.4s
18:09:10 [INFO] [client-6] Round 44 — receiving model…
18:09:10 [INFO] [client-3] Round 43 — training locally…
18:09:11 [INFO] [client-3] Round 43 — sending update…
18:09:11 [INFO] [client-5] Round 43 — training locally…
18:09:11 [INFO] [client-5] Round 43 — sending update…
18:09:11 [INFO] [client-3] Round 43 done — loss=1.0413 acc=0.4502  2.0s
18:09:11 [INFO] [client-3] Round 44 — receiving model…
18:09:11 [INFO] [client-5] Round 43 done — loss=0.9567 acc=0.5659  1.7s
18:09:11 [INFO] [client-5] Round 44 — receiving model…
18:09:11 [INFO] Round 43/50  acc=0.4681  loss=1.0571  1.7s  clients=10
18:09:11 [INFO] Round 44 — sending model to 10 clients…
18:09:11 [INFO] [client-5] Round 44 — training locally…
18:09:11 [INFO] [client-5] Round 44 — sending update…
18:09:11 [INFO] [client-8] Round 44 — training locally…
18:09:11 [INFO] [client-8] Round 44 — sending update…
18:09:11 [INFO] [client-7] Round 44 — training locally…
18:09:11 [INFO] [client-7] Round 44 — sending update…
18:09:11 [INFO] [client-6] Round 44 — training locally…
18:09:11 [INFO] [client-6] Round 44 — sending update…
18:09:11 [INFO] [client-4] Round 44 — training locally…
18:09:11 [INFO] [client-4] Round 44 — sending update…
18:09:11 [INFO] [client-1] Round 44 — training locally…
18:09:12 [INFO] [client-1] Round 44 — sending update…
18:09:12 [INFO] [client-2] Round 44 — training locally…
18:09:12 [INFO] [client-2] Round 44 — sending update…
18:09:12 [INFO] [client-9] Round 44 — training locally…
18:09:12 [INFO] [client-9] Round 44 — sending update…
18:09:12 [INFO] [client-5] Round 44 done — loss=0.9591 acc=0.5639  1.1s
18:09:12 [INFO] [client-5] Round 45 — receiving model…
18:09:12 [INFO] [client-8] Round 44 done — loss=0.7622 acc=0.7143  1.6s
18:09:12 [INFO] [client-8] Round 45 — receiving model…
18:09:12 [INFO] [client-7] Round 44 done — loss=1.0284 acc=0.4464  1.7s
18:09:12 [INFO] [client-7] Round 45 — receiving model…
18:09:12 [INFO] [client-6] Round 44 done — loss=1.0102 acc=0.4951  1.6s
18:09:12 [INFO] [client-6] Round 45 — receiving model…
18:09:12 [INFO] [client-4] Round 44 done — loss=1.0097 acc=0.4942  1.6s
18:09:12 [INFO] [client-4] Round 45 — receiving model…
18:09:12 [INFO] [client-1] Round 44 done — loss=1.0564 acc=0.4241  1.7s
18:09:12 [INFO] [client-1] Round 45 — receiving model…
18:09:12 [INFO] [client-2] Round 44 done — loss=0.9423 acc=0.5347  1.8s
18:09:12 [INFO] [client-2] Round 45 — receiving model…
18:09:12 [INFO] Round 44 — waiting for 10 updates…
18:09:12 [INFO] [client-9] Round 44 done — loss=1.0091 acc=0.5263  1.9s
18:09:12 [INFO] [client-9] Round 45 — receiving model…
18:09:12 [INFO] [client-3] Round 44 — training locally…
18:09:12 [INFO] [client-3] Round 44 — sending update…
18:09:12 [INFO] [client-0] Round 44 — training locally…
18:09:12 [INFO] [client-0] Round 44 — sending update…
18:09:12 [INFO] [client-3] Round 44 done — loss=1.0385 acc=0.4609  1.7s
18:09:12 [INFO] [client-3] Round 45 — receiving model…
18:09:12 [INFO] [client-0] Round 44 done — loss=1.0521 acc=0.4497  2.1s
18:09:12 [INFO] [client-0] Round 45 — receiving model…
18:09:12 [INFO] Round 44/50  acc=0.4645  loss=1.0594  1.7s  clients=10
18:09:12 [INFO] Round 45 — sending model to 10 clients…
18:09:12 [INFO] [client-7] Round 45 — training locally…
18:09:13 [INFO] [client-7] Round 45 — sending update…
18:09:13 [INFO] [client-9] Round 45 — training locally…
18:09:13 [INFO] [client-9] Round 45 — sending update…
18:09:13 [INFO] [client-2] Round 45 — training locally…
18:09:13 [INFO] [client-2] Round 45 — sending update…
18:09:13 [INFO] [client-3] Round 45 — training locally…
18:09:13 [INFO] [client-3] Round 45 — sending update…
18:09:13 [INFO] [client-1] Round 45 — training locally…
18:09:13 [INFO] [client-1] Round 45 — sending update…
18:09:13 [INFO] [client-5] Round 45 — training locally…
18:09:13 [INFO] [client-5] Round 45 — sending update…
18:09:13 [INFO] [client-0] Round 45 — training locally…
18:09:13 [INFO] [client-0] Round 45 — sending update…
18:09:13 [INFO] [client-8] Round 45 — training locally…
18:09:13 [INFO] [client-8] Round 45 — sending update…
18:09:14 [INFO] [client-7] Round 45 done — loss=1.0280 acc=0.4550  1.6s
18:09:14 [INFO] [client-7] Round 46 — receiving model…
18:09:14 [INFO] [client-9] Round 45 done — loss=1.0086 acc=0.5225  1.5s
18:09:14 [INFO] [client-9] Round 46 — receiving model…
18:09:14 [INFO] [client-2] Round 45 done — loss=0.9446 acc=0.5354  1.5s
18:09:14 [INFO] [client-2] Round 46 — receiving model…
18:09:14 [INFO] [client-3] Round 45 done — loss=1.0370 acc=0.4536  1.2s
18:09:14 [INFO] [client-3] Round 46 — receiving model…
18:09:14 [INFO] [client-1] Round 45 done — loss=1.0564 acc=0.4296  1.6s
18:09:14 [INFO] [client-1] Round 46 — receiving model…
18:09:14 [INFO] [client-5] Round 45 done — loss=0.9626 acc=0.5632  1.8s
18:09:14 [INFO] [client-5] Round 46 — receiving model…
18:09:14 [INFO] [client-0] Round 45 done — loss=1.0512 acc=0.4596  1.3s
18:09:14 [INFO] [client-0] Round 46 — receiving model…
18:09:14 [INFO] Round 45 — waiting for 10 updates…
18:09:14 [INFO] [client-8] Round 45 done — loss=0.7617 acc=0.7119  1.8s
18:09:14 [INFO] [client-8] Round 46 — receiving model…
18:09:14 [INFO] [client-6] Round 45 — training locally…
18:09:14 [INFO] [client-6] Round 45 — sending update…
18:09:14 [INFO] [client-4] Round 45 — training locally…
18:09:14 [INFO] [client-4] Round 45 — sending update…
18:09:14 [INFO] [client-6] Round 45 done — loss=1.0082 acc=0.4913  2.0s
18:09:14 [INFO] [client-6] Round 46 — receiving model…
18:09:14 [INFO] [client-4] Round 45 done — loss=1.0044 acc=0.4948  2.1s
18:09:14 [INFO] [client-4] Round 46 — receiving model…
18:09:14 [INFO] Round 45/50  acc=0.4670  loss=1.0574  1.7s  clients=10
18:09:14 [INFO] Round 46 — sending model to 10 clients…
18:09:14 [INFO] [client-4] Round 46 — training locally…
18:09:14 [INFO] [client-4] Round 46 — sending update…
18:09:14 [INFO] [client-3] Round 46 — training locally…
18:09:14 [INFO] [client-3] Round 46 — sending update…
18:09:14 [INFO] [client-0] Round 46 — training locally…
18:09:14 [INFO] [client-0] Round 46 — sending update…
18:09:14 [INFO] [client-5] Round 46 — training locally…
18:09:15 [INFO] [client-5] Round 46 — sending update…
18:09:15 [INFO] [client-8] Round 46 — training locally…
18:09:15 [INFO] [client-8] Round 46 — sending update…
18:09:15 [INFO] [client-2] Round 46 — training locally…
18:09:15 [INFO] [client-2] Round 46 — sending update…
18:09:15 [INFO] [client-1] Round 46 — training locally…
18:09:15 [INFO] [client-1] Round 46 — sending update…
18:09:15 [INFO] [client-9] Round 46 — training locally…
18:09:15 [INFO] [client-9] Round 46 — sending update…
18:09:15 [INFO] [client-4] Round 46 done — loss=1.0091 acc=0.4938  1.1s
18:09:15 [INFO] [client-4] Round 47 — receiving model…
18:09:15 [INFO] [client-3] Round 46 done — loss=1.0400 acc=0.4557  1.6s
18:09:15 [INFO] [client-3] Round 47 — receiving model…
18:09:15 [INFO] [client-0] Round 46 done — loss=1.0480 acc=0.4622  1.5s
18:09:15 [INFO] [client-0] Round 47 — receiving model…
18:09:15 [INFO] [client-5] Round 46 done — loss=0.9625 acc=0.5608  1.6s
18:09:15 [INFO] [client-5] Round 47 — receiving model…
18:09:15 [INFO] [client-8] Round 46 done — loss=0.7599 acc=0.7105  1.6s
18:09:15 [INFO] [client-8] Round 47 — receiving model…
18:09:15 [INFO] [client-2] Round 46 done — loss=0.9465 acc=0.5374  1.8s
18:09:15 [INFO] [client-2] Round 47 — receiving model…
18:09:15 [INFO] [client-1] Round 46 done — loss=1.0542 acc=0.4396  1.7s
18:09:15 [INFO] [client-1] Round 47 — receiving model…
18:09:15 [INFO] Round 46 — waiting for 10 updates…
18:09:15 [INFO] [client-9] Round 46 done — loss=1.0060 acc=0.5207  1.8s
18:09:15 [INFO] [client-9] Round 47 — receiving model…
18:09:15 [INFO] [client-6] Round 46 — training locally…
18:09:16 [INFO] [client-6] Round 46 — sending update…
18:09:16 [INFO] [client-7] Round 46 — training locally…
18:09:16 [INFO] [client-7] Round 46 — sending update…
18:09:16 [INFO] [client-6] Round 46 done — loss=1.0077 acc=0.4972  1.7s
18:09:16 [INFO] [client-6] Round 47 — receiving model…
18:09:16 [INFO] [client-7] Round 46 done — loss=1.0233 acc=0.4543  2.2s
18:09:16 [INFO] [client-7] Round 47 — receiving model…
18:09:16 [INFO] Round 46/50  acc=0.4648  loss=1.0601  1.7s  clients=10
18:09:16 [INFO] Round 47 — sending model to 10 clients…
18:09:16 [INFO] [client-0] Round 47 — training locally…
18:09:16 [INFO] [client-0] Round 47 — sending update…
18:09:16 [INFO] [client-8] Round 47 — training locally…
18:09:16 [INFO] [client-8] Round 47 — sending update…
18:09:16 [INFO] [client-6] Round 47 — training locally…
18:09:16 [INFO] [client-6] Round 47 — sending update…
18:09:16 [INFO] [client-1] Round 47 — training locally…
18:09:16 [INFO] [client-1] Round 47 — sending update…
18:09:16 [INFO] [client-3] Round 47 — training locally…
18:09:16 [INFO] [client-3] Round 47 — sending update…
18:09:16 [INFO] [client-2] Round 47 — training locally…
18:09:17 [INFO] [client-2] Round 47 — sending update…
18:09:17 [INFO] [client-9] Round 47 — training locally…
18:09:17 [INFO] [client-9] Round 47 — sending update…
18:09:17 [INFO] [client-7] Round 47 — training locally…
18:09:17 [INFO] [client-7] Round 47 — sending update…
18:09:17 [INFO] [client-0] Round 47 done — loss=1.0477 acc=0.4670  1.6s
18:09:17 [INFO] [client-0] Round 48 — receiving model…
18:09:17 [INFO] [client-8] Round 47 done — loss=0.7583 acc=0.7122  1.6s
18:09:17 [INFO] [client-8] Round 48 — receiving model…
18:09:17 [INFO] [client-6] Round 47 done — loss=1.0075 acc=0.4990  1.2s
18:09:17 [INFO] [client-6] Round 48 — receiving model…
18:09:17 [INFO] [client-1] Round 47 done — loss=1.0577 acc=0.4327  1.6s
18:09:17 [INFO] [client-1] Round 48 — receiving model…
18:09:17 [INFO] [client-3] Round 47 done — loss=1.0373 acc=0.4567  1.7s
18:09:17 [INFO] [client-3] Round 48 — receiving model…
18:09:17 [INFO] [client-2] Round 47 done — loss=0.9366 acc=0.5464  1.7s
18:09:17 [INFO] [client-2] Round 48 — receiving model…
18:09:17 [INFO] [client-9] Round 47 done — loss=1.0042 acc=0.5232  1.6s
18:09:17 [INFO] [client-9] Round 48 — receiving model…
18:09:17 [INFO] Round 47 — waiting for 10 updates…
18:09:17 [INFO] [client-7] Round 47 done — loss=1.0295 acc=0.4464  1.3s
18:09:17 [INFO] [client-7] Round 48 — receiving model…
18:09:17 [INFO] [client-4] Round 47 — training locally…
18:09:17 [INFO] [client-4] Round 47 — sending update…
18:09:17 [INFO] [client-5] Round 47 — training locally…
18:09:17 [INFO] [client-5] Round 47 — sending update…
18:09:17 [INFO] [client-4] Round 47 done — loss=1.0055 acc=0.4966  2.2s
18:09:17 [INFO] [client-4] Round 48 — receiving model…
18:09:17 [INFO] [client-5] Round 47 done — loss=0.9630 acc=0.5560  2.2s
18:09:17 [INFO] [client-5] Round 48 — receiving model…
18:09:18 [INFO] Round 47/50  acc=0.4656  loss=1.0572  1.7s  clients=10
18:09:18 [INFO] Round 48 — sending model to 10 clients…
18:09:18 [INFO] [client-3] Round 48 — training locally…
18:09:18 [INFO] [client-3] Round 48 — sending update…
18:09:18 [INFO] [client-4] Round 48 — training locally…
18:09:18 [INFO] [client-4] Round 48 — sending update…
18:09:18 [INFO] [client-0] Round 48 — training locally…
18:09:18 [INFO] [client-0] Round 48 — sending update…
18:09:18 [INFO] [client-7] Round 48 — training locally…
18:09:18 [INFO] [client-7] Round 48 — sending update…
18:09:18 [INFO] [client-8] Round 48 — training locally…
18:09:18 [INFO] [client-8] Round 48 — sending update…
18:09:18 [INFO] [client-6] Round 48 — training locally…
18:09:18 [INFO] [client-6] Round 48 — sending update…
18:09:18 [INFO] [client-9] Round 48 — training locally…
18:09:18 [INFO] [client-9] Round 48 — sending update…
18:09:18 [INFO] [client-5] Round 48 — training locally…
18:09:19 [INFO] [client-5] Round 48 — sending update…
18:09:19 [INFO] [client-3] Round 48 done — loss=1.0444 acc=0.4557  1.6s
18:09:19 [INFO] [client-3] Round 49 — receiving model…
18:09:19 [INFO] [client-4] Round 48 done — loss=1.0097 acc=0.4959  1.2s
18:09:19 [INFO] [client-4] Round 49 — receiving model…
18:09:19 [INFO] [client-0] Round 48 done — loss=1.0497 acc=0.4583  1.8s
18:09:19 [INFO] [client-0] Round 49 — receiving model…
18:09:19 [INFO] [client-7] Round 48 done — loss=1.0283 acc=0.4516  1.6s
18:09:19 [INFO] [client-7] Round 49 — receiving model…
18:09:19 [INFO] [client-8] Round 48 done — loss=0.7571 acc=0.7115  1.8s
18:09:19 [INFO] [client-8] Round 49 — receiving model…
18:09:19 [INFO] [client-6] Round 48 done — loss=1.0083 acc=0.4868  1.8s
18:09:19 [INFO] [client-6] Round 49 — receiving model…
18:09:19 [INFO] [client-9] Round 48 done — loss=1.0064 acc=0.5253  1.7s
18:09:19 [INFO] [client-9] Round 49 — receiving model…
18:09:19 [INFO] Round 48 — waiting for 10 updates…
18:09:19 [INFO] [client-5] Round 48 done — loss=0.9611 acc=0.5639  1.3s
18:09:19 [INFO] [client-5] Round 49 — receiving model…
18:09:19 [INFO] [client-1] Round 48 — training locally…
18:09:19 [INFO] [client-1] Round 48 — sending update…
18:09:19 [INFO] [client-2] Round 48 — training locally…
18:09:19 [INFO] [client-2] Round 48 — sending update…
18:09:19 [INFO] [client-1] Round 48 done — loss=1.0557 acc=0.4272  2.1s
18:09:19 [INFO] [client-1] Round 49 — receiving model…
18:09:19 [INFO] [client-2] Round 48 done — loss=0.9462 acc=0.5395  2.1s
18:09:19 [INFO] [client-2] Round 49 — receiving model…
18:09:19 [INFO] Round 48/50  acc=0.4636  loss=1.0599  1.7s  clients=10
18:09:19 [INFO] Round 49 — sending model to 10 clients…
18:09:19 [INFO] [client-9] Round 49 — training locally…
18:09:19 [INFO] [client-9] Round 49 — sending update…
18:09:19 [INFO] [client-7] Round 49 — training locally…
18:09:19 [INFO] [client-7] Round 49 — sending update…
18:09:19 [INFO] [client-5] Round 49 — training locally…
18:09:20 [INFO] [client-5] Round 49 — sending update…
18:09:20 [INFO] [client-6] Round 49 — training locally…
18:09:20 [INFO] [client-6] Round 49 — sending update…
18:09:20 [INFO] [client-4] Round 49 — training locally…
18:09:20 [INFO] [client-4] Round 49 — sending update…
18:09:20 [INFO] [client-8] Round 49 — training locally…
18:09:20 [INFO] [client-8] Round 49 — sending update…
18:09:20 [INFO] [client-0] Round 49 — training locally…
18:09:20 [INFO] [client-0] Round 49 — sending update…
18:09:20 [INFO] [client-2] Round 49 — training locally…
18:09:20 [INFO] [client-2] Round 49 — sending update…
18:09:20 [INFO] [client-9] Round 49 done — loss=1.0055 acc=0.5270  1.5s
18:09:20 [INFO] [client-9] Round 50 — receiving model…
18:09:20 [INFO] [client-7] Round 49 done — loss=1.0295 acc=0.4461  1.6s
18:09:20 [INFO] [client-7] Round 50 — receiving model…
18:09:20 [INFO] [client-5] Round 49 done — loss=0.9616 acc=0.5659  1.5s
18:09:20 [INFO] [client-5] Round 50 — receiving model…
18:09:20 [INFO] [client-6] Round 49 done — loss=1.0093 acc=0.5021  1.6s
18:09:20 [INFO] [client-6] Round 50 — receiving model…
18:09:20 [INFO] [client-4] Round 49 done — loss=1.0093 acc=0.4997  1.7s
18:09:20 [INFO] [client-4] Round 50 — receiving model…
18:09:20 [INFO] [client-8] Round 49 done — loss=0.7518 acc=0.7150  1.7s
18:09:20 [INFO] [client-8] Round 50 — receiving model…
18:09:20 [INFO] [client-0] Round 49 done — loss=1.0504 acc=0.4618  1.8s
18:09:20 [INFO] [client-0] Round 50 — receiving model…
18:09:20 [INFO] Round 49 — waiting for 10 updates…
18:09:20 [INFO] [client-2] Round 49 done — loss=0.9467 acc=0.5340  1.3s
18:09:20 [INFO] [client-2] Round 50 — receiving model…
18:09:20 [INFO] [client-3] Round 49 — training locally…
18:09:21 [INFO] [client-3] Round 49 — sending update…
18:09:21 [INFO] [client-1] Round 49 — training locally…
18:09:21 [INFO] [client-1] Round 49 — sending update…
18:09:21 [INFO] [client-3] Round 49 done — loss=1.0414 acc=0.4554  2.2s
18:09:21 [INFO] [client-3] Round 50 — receiving model…
18:09:21 [INFO] [client-1] Round 49 done — loss=1.0554 acc=0.4358  1.7s
18:09:21 [INFO] [client-1] Round 50 — receiving model…
18:09:21 [INFO] Round 49/50  acc=0.4619  loss=1.0605  1.7s  clients=10
18:09:21 [INFO] Round 50 — sending model to 10 clients…
18:09:21 [INFO] [client-6] Round 50 — training locally…
18:09:21 [INFO] [client-6] Round 50 — sending update…
18:09:21 [INFO] [client-5] Round 50 — training locally…
18:09:21 [INFO] [client-5] Round 50 — sending update…
18:09:21 [INFO] [client-3] Round 50 — training locally…
18:09:21 [INFO] [client-3] Round 50 — sending update…
18:09:21 [INFO] [client-0] Round 50 — training locally…
18:09:21 [INFO] [client-0] Round 50 — sending update…
18:09:21 [INFO] [client-7] Round 50 — training locally…
18:09:21 [INFO] [client-7] Round 50 — sending update…
18:09:21 [INFO] [client-8] Round 50 — training locally…
18:09:22 [INFO] [client-8] Round 50 — sending update…
18:09:22 [INFO] [client-2] Round 50 — training locally…
18:09:22 [INFO] [client-2] Round 50 — sending update…
18:09:22 [INFO] [client-1] Round 50 — training locally…
18:09:22 [INFO] [client-1] Round 50 — sending update…
18:09:22 [INFO] [client-6] Round 50 done — loss=1.0082 acc=0.4965  1.6s
18:09:22 [INFO] [client-5] Round 50 done — loss=0.9655 acc=0.5625  1.6s
18:09:22 [INFO] [client-3] Round 50 done — loss=1.0438 acc=0.4502  1.2s
18:09:22 [INFO] [client-0] Round 50 done — loss=1.0509 acc=0.4614  1.6s
18:09:22 [INFO] [client-7] Round 50 done — loss=1.0311 acc=0.4557  1.8s
18:09:22 [INFO] [client-8] Round 50 done — loss=0.7622 acc=0.7105  1.7s
18:09:22 [INFO] [client-2] Round 50 done — loss=0.9459 acc=0.5330  1.6s
18:09:22 [INFO] Round 50 — waiting for 10 updates…
18:09:22 [INFO] [client-1] Round 50 done — loss=1.0572 acc=0.4320  1.3s
18:09:22 [INFO] [client-4] Round 50 — training locally…
18:09:22 [INFO] [client-4] Round 50 — sending update…
18:09:22 [INFO] [client-9] Round 50 — training locally…
18:09:22 [INFO] [client-9] Round 50 — sending update…
18:09:22 [INFO] [client-4] Round 50 done — loss=1.0084 acc=0.4945  2.0s
18:09:22 [INFO] [client-9] Round 50 done — loss=1.0092 acc=0.5218  2.2s
18:09:22 [INFO] Round 50/50  acc=0.4639  loss=1.0593  1.7s  clients=10
18:09:22 [INFO] CoAP server [client-0] stopped
18:09:22 [INFO] CoAP server [client-1] stopped
18:09:22 [INFO] CoAP server [client-2] stopped
18:09:22 [INFO] CoAP server [client-3] stopped
18:09:22 [INFO] CoAP server [client-4] stopped
18:09:22 [INFO] CoAP server [client-5] stopped
18:09:22 [INFO] CoAP server [client-6] stopped
18:09:22 [INFO] CoAP server [client-7] stopped
18:09:22 [INFO] CoAP server [client-8] stopped
18:09:22 [INFO] CoAP server [client-9] stopped
18:09:22 [INFO] CoAP server [server] stopped
18:09:22 [INFO] Exported 50 rows → /home/raullb/FL-Iroh/results/e7/e7_airmlp_geographic_round_events.csv
18:09:22 [INFO] AirMLP airmlp_geographic done: {'node_id': 'server', 'architecture': 'B', 'scenario': 'e7_airmlp_geographic', 'rounds_total': 50, 'rounds_success': 50, 'test_acc_final': 0.4639146307217074, 'test_acc_max': 0.47486661050266776, 'duration_mean_sec': 1.6731399822467938, 'pct_direct': 0.0, 'pct_relay': 0.0, 'bytes_to_aggregator': 6984500}
18:09:22 [INFO] === E7 AirMLP + FedAvg — iid ===
18:09:23 [INFO] Air quality dataset loaded: 28514 train / 3561 test | 6 features | 3 classes
18:09:23 [INFO] IID partition: 10 clients, ~2851 samples each
18:09:23 [INFO] AirMLP class weights: [1.026976466178894, 1.0868686437606812, 0.904000997543335]
18:09:23 [INFO] FL_MOCK_IROH=1 — forcing mock transport (iroh bypassed)
18:09:23 [INFO] CoAP server [server] listening on 0.0.0.0:5783
18:09:23 [INFO] FLServer server started (mock=True)
18:09:23 [INFO] FL_MOCK_IROH=1 — forcing mock transport (iroh bypassed)
18:09:23 [INFO] CoAP server [client-0] listening on 0.0.0.0:5784
18:09:23 [INFO] FLClient client-0 started (mock=True)
18:09:23 [INFO] Registered client client-0  iroh=mock-client-0
18:09:23 [INFO] FL_MOCK_IROH=1 — forcing mock transport (iroh bypassed)
18:09:23 [INFO] CoAP server [client-1] listening on 0.0.0.0:5785
18:09:23 [INFO] FLClient client-1 started (mock=True)
18:09:23 [INFO] Registered client client-1  iroh=mock-client-1
18:09:23 [INFO] FL_MOCK_IROH=1 — forcing mock transport (iroh bypassed)
18:09:23 [INFO] CoAP server [client-2] listening on 0.0.0.0:5786
18:09:23 [INFO] FLClient client-2 started (mock=True)
18:09:23 [INFO] Registered client client-2  iroh=mock-client-2
18:09:23 [INFO] FL_MOCK_IROH=1 — forcing mock transport (iroh bypassed)
18:09:23 [INFO] CoAP server [client-3] listening on 0.0.0.0:5787
18:09:23 [INFO] FLClient client-3 started (mock=True)
18:09:23 [INFO] Registered client client-3  iroh=mock-client-3
18:09:23 [INFO] FL_MOCK_IROH=1 — forcing mock transport (iroh bypassed)
18:09:23 [INFO] CoAP server [client-4] listening on 0.0.0.0:5788
18:09:23 [INFO] FLClient client-4 started (mock=True)
18:09:23 [INFO] Registered client client-4  iroh=mock-client-4
18:09:23 [INFO] FL_MOCK_IROH=1 — forcing mock transport (iroh bypassed)
18:09:23 [INFO] CoAP server [client-5] listening on 0.0.0.0:5789
18:09:23 [INFO] FLClient client-5 started (mock=True)
18:09:23 [INFO] Registered client client-5  iroh=mock-client-5
18:09:23 [INFO] FL_MOCK_IROH=1 — forcing mock transport (iroh bypassed)
18:09:23 [INFO] CoAP server [client-6] listening on 0.0.0.0:5790
18:09:23 [INFO] FLClient client-6 started (mock=True)
18:09:23 [INFO] Registered client client-6  iroh=mock-client-6
18:09:23 [INFO] FL_MOCK_IROH=1 — forcing mock transport (iroh bypassed)
18:09:23 [INFO] CoAP server [client-7] listening on 0.0.0.0:5791
18:09:23 [INFO] FLClient client-7 started (mock=True)
18:09:23 [INFO] Registered client client-7  iroh=mock-client-7
18:09:23 [INFO] FL_MOCK_IROH=1 — forcing mock transport (iroh bypassed)
18:09:23 [INFO] CoAP server [client-8] listening on 0.0.0.0:5792
18:09:23 [INFO] FLClient client-8 started (mock=True)
18:09:23 [INFO] Registered client client-8  iroh=mock-client-8
18:09:23 [INFO] FL_MOCK_IROH=1 — forcing mock transport (iroh bypassed)
18:09:23 [INFO] CoAP server [client-9] listening on 0.0.0.0:5793
18:09:23 [INFO] FLClient client-9 started (mock=True)
18:09:23 [INFO] Registered client client-9  iroh=mock-client-9
18:09:23 [INFO] Round 1 — sending model to 10 clients…
18:09:23 [INFO] [client-0] Round 1 — receiving model…
18:09:23 [INFO] [client-1] Round 1 — receiving model…
18:09:23 [INFO] [client-2] Round 1 — receiving model…
18:09:23 [INFO] [client-3] Round 1 — receiving model…
18:09:23 [INFO] [client-4] Round 1 — receiving model…
18:09:23 [INFO] [client-5] Round 1 — receiving model…
18:09:23 [INFO] [client-6] Round 1 — receiving model…
18:09:23 [INFO] [client-7] Round 1 — receiving model…
18:09:23 [INFO] [client-8] Round 1 — receiving model…
18:09:23 [INFO] [client-9] Round 1 — receiving model…
18:09:23 [INFO] [client-0] Round 1 — training locally…
18:09:23 [INFO] [client-0] Round 1 — sending update…
18:09:23 [INFO] [client-2] Round 1 — training locally…
18:09:23 [INFO] [client-2] Round 1 — sending update…
18:09:23 [INFO] [client-8] Round 1 — training locally…
18:09:23 [INFO] [client-8] Round 1 — sending update…
18:09:23 [INFO] [client-9] Round 1 — training locally…
18:09:23 [INFO] [client-9] Round 1 — sending update…
18:09:23 [INFO] [client-6] Round 1 — training locally…
18:09:24 [INFO] [client-6] Round 1 — sending update…
18:09:24 [INFO] [client-3] Round 1 — training locally…
18:09:24 [INFO] [client-3] Round 1 — sending update…
18:09:24 [INFO] [client-4] Round 1 — training locally…
18:09:24 [INFO] [client-4] Round 1 — sending update…
18:09:24 [INFO] [client-1] Round 1 — training locally…
18:09:24 [INFO] [client-1] Round 1 — sending update…
18:09:24 [INFO] [client-0] Round 1 done — loss=1.0880 acc=0.3926  1.1s
18:09:24 [INFO] [client-0] Round 2 — receiving model…
18:09:24 [INFO] [client-2] Round 1 done — loss=1.0946 acc=0.3824  1.1s
18:09:24 [INFO] [client-2] Round 2 — receiving model…
18:09:24 [INFO] [client-8] Round 1 done — loss=1.0914 acc=0.3866  1.1s
18:09:24 [INFO] [client-8] Round 2 — receiving model…
18:09:24 [INFO] [client-9] Round 1 done — loss=1.0929 acc=0.3897  1.2s
18:09:24 [INFO] [client-9] Round 2 — receiving model…
18:09:24 [INFO] [client-6] Round 1 done — loss=1.0891 acc=0.3890  1.2s
18:09:24 [INFO] [client-6] Round 2 — receiving model…
18:09:24 [INFO] [client-3] Round 1 done — loss=1.0926 acc=0.3852  1.2s
18:09:24 [INFO] [client-3] Round 2 — receiving model…
18:09:24 [INFO] [client-4] Round 1 done — loss=1.0927 acc=0.3912  1.3s
18:09:24 [INFO] [client-4] Round 2 — receiving model…
18:09:24 [INFO] Round 1 — waiting for 10 updates…
18:09:24 [INFO] [client-1] Round 1 done — loss=1.0883 acc=0.3943  1.3s
18:09:24 [INFO] [client-1] Round 2 — receiving model…
18:09:24 [INFO] [client-7] Round 1 — training locally…
18:09:24 [INFO] [client-7] Round 1 — sending update…
18:09:24 [INFO] [client-5] Round 1 — training locally…
18:09:24 [INFO] [client-5] Round 1 — sending update…
18:09:24 [INFO] [client-7] Round 1 done — loss=1.0928 acc=0.3775  1.6s
18:09:24 [INFO] [client-7] Round 2 — receiving model…
18:09:25 [INFO] [client-5] Round 1 done — loss=1.0872 acc=0.3929  1.6s
18:09:25 [INFO] [client-5] Round 2 — receiving model…
18:09:25 [INFO] Round 1/50  acc=0.4297  loss=1.0716  1.7s  clients=10
18:09:25 [INFO] Round 2 — sending model to 10 clients…
18:09:25 [INFO] [client-4] Round 2 — training locally…
18:09:25 [INFO] [client-4] Round 2 — sending update…
18:09:25 [INFO] [client-9] Round 2 — training locally…
18:09:25 [INFO] [client-9] Round 2 — sending update…
18:09:25 [INFO] [client-2] Round 2 — training locally…
18:09:25 [INFO] [client-2] Round 2 — sending update…
18:09:25 [INFO] [client-3] Round 2 — training locally…
18:09:25 [INFO] [client-3] Round 2 — sending update…
18:09:25 [INFO] [client-0] Round 2 — training locally…
18:09:25 [INFO] [client-0] Round 2 — sending update…
18:09:25 [INFO] [client-1] Round 2 — training locally…
18:09:25 [INFO] [client-1] Round 2 — sending update…
18:09:25 [INFO] [client-8] Round 2 — training locally…
18:09:25 [INFO] [client-8] Round 2 — sending update…
18:09:25 [INFO] [client-5] Round 2 — training locally…
18:09:26 [INFO] [client-5] Round 2 — sending update…
18:09:26 [INFO] [client-4] Round 2 done — loss=1.0483 acc=0.4638  1.5s
18:09:26 [INFO] [client-4] Round 3 — receiving model…
18:09:26 [INFO] [client-9] Round 2 done — loss=1.0618 acc=0.4498  1.7s
18:09:26 [INFO] [client-9] Round 3 — receiving model…
18:09:26 [INFO] [client-2] Round 2 done — loss=1.0559 acc=0.4572  1.8s
18:09:26 [INFO] [client-2] Round 3 — receiving model…
18:09:26 [INFO] [client-3] Round 2 done — loss=1.0617 acc=0.4333  1.7s
18:09:26 [INFO] [client-3] Round 3 — receiving model…
18:09:26 [INFO] [client-0] Round 2 done — loss=1.0558 acc=0.4463  1.8s
18:09:26 [INFO] [client-0] Round 3 — receiving model…
18:09:26 [INFO] [client-1] Round 2 done — loss=1.0537 acc=0.4642  1.7s
18:09:26 [INFO] [client-1] Round 3 — receiving model…
18:09:26 [INFO] [client-8] Round 2 done — loss=1.0555 acc=0.4572  1.8s
18:09:26 [INFO] [client-8] Round 3 — receiving model…
18:09:26 [INFO] Round 2 — waiting for 10 updates…
18:09:26 [INFO] [client-5] Round 2 done — loss=1.0483 acc=0.4589  1.4s
18:09:26 [INFO] [client-5] Round 3 — receiving model…
18:09:26 [INFO] [client-6] Round 2 — training locally…
18:09:26 [INFO] [client-6] Round 2 — sending update…
18:09:26 [INFO] [client-7] Round 2 — training locally…
18:09:26 [INFO] [client-7] Round 2 — sending update…
18:09:26 [INFO] [client-6] Round 2 done — loss=1.0588 acc=0.4491  2.1s
18:09:26 [INFO] [client-6] Round 3 — receiving model…
18:09:26 [INFO] [client-7] Round 2 done — loss=1.0592 acc=0.4452  1.8s
18:09:26 [INFO] [client-7] Round 3 — receiving model…
18:09:26 [INFO] Round 2/50  acc=0.4889  loss=1.0396  1.7s  clients=10
18:09:26 [INFO] Round 3 — sending model to 10 clients…
18:09:26 [INFO] [client-6] Round 3 — training locally…
18:09:26 [INFO] [client-6] Round 3 — sending update…
18:09:26 [INFO] [client-5] Round 3 — training locally…
18:09:27 [INFO] [client-5] Round 3 — sending update…
18:09:27 [INFO] [client-4] Round 3 — training locally…
18:09:27 [INFO] [client-4] Round 3 — sending update…
18:09:27 [INFO] [client-0] Round 3 — training locally…
18:09:27 [INFO] [client-0] Round 3 — sending update…
18:09:27 [INFO] [client-1] Round 3 — training locally…
18:09:27 [INFO] [client-1] Round 3 — sending update…
18:09:27 [INFO] [client-9] Round 3 — training locally…
18:09:27 [INFO] [client-9] Round 3 — sending update…
18:09:27 [INFO] [client-8] Round 3 — training locally…
18:09:27 [INFO] [client-8] Round 3 — sending update…
18:09:27 [INFO] [client-3] Round 3 — training locally…
18:09:27 [INFO] [client-3] Round 3 — sending update…
18:09:27 [INFO] [client-6] Round 3 done — loss=1.0406 acc=0.4638  1.2s
18:09:27 [INFO] [client-6] Round 4 — receiving model…
18:09:27 [INFO] [client-5] Round 3 done — loss=1.0359 acc=0.4793  1.5s
18:09:27 [INFO] [client-5] Round 4 — receiving model…
18:09:27 [INFO] [client-4] Round 3 done — loss=1.0373 acc=0.4733  1.7s
18:09:27 [INFO] [client-4] Round 4 — receiving model…
18:09:27 [INFO] [client-0] Round 3 done — loss=1.0402 acc=0.4810  1.6s
18:09:27 [INFO] [client-0] Round 4 — receiving model…
18:09:27 [INFO] [client-1] Round 3 done — loss=1.0311 acc=0.4817  1.6s
18:09:27 [INFO] [client-1] Round 4 — receiving model…
18:09:28 [INFO] [client-9] Round 3 done — loss=1.0432 acc=0.4656  1.8s
18:09:28 [INFO] [client-9] Round 4 — receiving model…
18:09:28 [INFO] [client-8] Round 3 done — loss=1.0369 acc=0.4673  1.7s
18:09:28 [INFO] [client-8] Round 4 — receiving model…
18:09:28 [INFO] Round 3 — waiting for 10 updates…
18:09:28 [INFO] [client-3] Round 3 done — loss=1.0402 acc=0.4473  1.8s
18:09:28 [INFO] [client-3] Round 4 — receiving model…
18:09:28 [INFO] [client-7] Round 3 — training locally…
18:09:28 [INFO] [client-7] Round 3 — sending update…
18:09:28 [INFO] [client-2] Round 3 — training locally…
18:09:28 [INFO] [client-2] Round 3 — sending update…
18:09:28 [INFO] [client-7] Round 3 done — loss=1.0480 acc=0.4470  1.6s
18:09:28 [INFO] [client-7] Round 4 — receiving model…
18:09:28 [INFO] [client-2] Round 3 done — loss=1.0438 acc=0.4670  2.2s
18:09:28 [INFO] [client-2] Round 4 — receiving model…
18:09:28 [INFO] Round 3/50  acc=0.4987  loss=1.0298  1.7s  clients=10
18:09:28 [INFO] Round 4 — sending model to 10 clients…
18:09:28 [INFO] [client-9] Round 4 — training locally…
18:09:28 [INFO] [client-9] Round 4 — sending update…
18:09:28 [INFO] [client-4] Round 4 — training locally…
18:09:28 [INFO] [client-4] Round 4 — sending update…
18:09:28 [INFO] [client-1] Round 4 — training locally…
18:09:28 [INFO] [client-1] Round 4 — sending update…
18:09:28 [INFO] [client-8] Round 4 — training locally…
18:09:28 [INFO] [client-8] Round 4 — sending update…
18:09:28 [INFO] [client-3] Round 4 — training locally…
18:09:29 [INFO] [client-3] Round 4 — sending update…
18:09:29 [INFO] [client-0] Round 4 — training locally…
18:09:29 [INFO] [client-0] Round 4 — sending update…
18:09:29 [INFO] [client-2] Round 4 — training locally…
18:09:29 [INFO] [client-2] Round 4 — sending update…
18:09:29 [INFO] [client-6] Round 4 — training locally…
18:09:29 [INFO] [client-6] Round 4 — sending update…
18:09:29 [INFO] [client-9] Round 4 done — loss=1.0373 acc=0.4680  1.5s
18:09:29 [INFO] [client-9] Round 5 — receiving model…
18:09:29 [INFO] [client-4] Round 4 done — loss=1.0291 acc=0.4772  1.6s
18:09:29 [INFO] [client-4] Round 5 — receiving model…
18:09:29 [INFO] [client-1] Round 4 done — loss=1.0281 acc=0.4723  1.6s
18:09:29 [INFO] [client-1] Round 5 — receiving model…
18:09:29 [INFO] [client-8] Round 4 done — loss=1.0347 acc=0.4730  1.6s
18:09:29 [INFO] [client-8] Round 5 — receiving model…
18:09:29 [INFO] [client-3] Round 4 done — loss=1.0423 acc=0.4463  1.6s
18:09:29 [INFO] [client-3] Round 5 — receiving model…
18:09:29 [INFO] [client-0] Round 4 done — loss=1.0379 acc=0.4709  1.7s
18:09:29 [INFO] [client-0] Round 5 — receiving model…
18:09:29 [INFO] [client-2] Round 4 done — loss=1.0316 acc=0.4800  1.3s
18:09:29 [INFO] [client-2] Round 5 — receiving model…
18:09:29 [INFO] Round 4 — waiting for 10 updates…
18:09:29 [INFO] [client-6] Round 4 done — loss=1.0402 acc=0.4596  1.9s
18:09:29 [INFO] [client-6] Round 5 — receiving model…
18:09:29 [INFO] [client-5] Round 4 — training locally…
18:09:29 [INFO] [client-5] Round 4 — sending update…
18:09:29 [INFO] [client-7] Round 4 — training locally…
18:09:29 [INFO] [client-7] Round 4 — sending update…
18:09:30 [INFO] [client-5] Round 4 done — loss=1.0278 acc=0.4765  2.1s
18:09:30 [INFO] [client-5] Round 5 — receiving model…
18:09:30 [INFO] [client-7] Round 4 done — loss=1.0407 acc=0.4575  1.7s
18:09:30 [INFO] [client-7] Round 5 — receiving model…
18:09:30 [INFO] Round 4/50  acc=0.4945  loss=1.0389  1.7s  clients=10
18:09:30 [INFO] Round 5 — sending model to 10 clients…
18:09:30 [INFO] [client-8] Round 5 — training locally…
18:09:30 [INFO] [client-8] Round 5 — sending update…
18:09:30 [INFO] [client-2] Round 5 — training locally…
18:09:30 [INFO] [client-2] Round 5 — sending update…
18:09:30 [INFO] [client-7] Round 5 — training locally…
18:09:30 [INFO] [client-7] Round 5 — sending update…
18:09:30 [INFO] [client-1] Round 5 — training locally…
18:09:30 [INFO] [client-1] Round 5 — sending update…
18:09:30 [INFO] [client-4] Round 5 — training locally…
18:09:30 [INFO] [client-4] Round 5 — sending update…
18:09:30 [INFO] [client-3] Round 5 — training locally…
18:09:30 [INFO] [client-3] Round 5 — sending update…
18:09:30 [INFO] [client-5] Round 5 — training locally…
18:09:31 [INFO] [client-5] Round 5 — sending update…
18:09:31 [INFO] [client-9] Round 5 — training locally…
18:09:31 [INFO] [client-9] Round 5 — sending update…
18:09:31 [INFO] [client-8] Round 5 done — loss=1.0326 acc=0.4733  1.6s
18:09:31 [INFO] [client-8] Round 6 — receiving model…
18:09:31 [INFO] [client-2] Round 5 done — loss=1.0347 acc=0.4807  1.5s
18:09:31 [INFO] [client-2] Round 6 — receiving model…
18:09:31 [INFO] [client-7] Round 5 done — loss=1.0430 acc=0.4610  1.2s
18:09:31 [INFO] [client-7] Round 6 — receiving model…
18:09:31 [INFO] [client-1] Round 5 done — loss=1.0318 acc=0.4800  1.7s
18:09:31 [INFO] [client-1] Round 6 — receiving model…
18:09:31 [INFO] [client-4] Round 5 done — loss=1.0257 acc=0.4916  1.8s
18:09:31 [INFO] [client-4] Round 6 — receiving model…
18:09:31 [INFO] [client-3] Round 5 done — loss=1.0412 acc=0.4586  1.7s
18:09:31 [INFO] [client-3] Round 6 — receiving model…
18:09:31 [INFO] [client-5] Round 5 done — loss=1.0289 acc=0.4796  1.3s
18:09:31 [INFO] [client-5] Round 6 — receiving model…
18:09:31 [INFO] Round 5 — waiting for 10 updates…
18:09:31 [INFO] [client-9] Round 5 done — loss=1.0349 acc=0.4684  1.9s
18:09:31 [INFO] [client-9] Round 6 — receiving model…
18:09:31 [INFO] [client-0] Round 5 — training locally…
18:09:31 [INFO] [client-0] Round 5 — sending update…
18:09:31 [INFO] [client-6] Round 5 — training locally…
18:09:31 [INFO] [client-6] Round 5 — sending update…
18:09:31 [INFO] [client-0] Round 5 done — loss=1.0343 acc=0.4782  2.0s
18:09:31 [INFO] [client-0] Round 6 — receiving model…
18:09:31 [INFO] [client-6] Round 5 done — loss=1.0345 acc=0.4709  2.0s
18:09:31 [INFO] [client-6] Round 6 — receiving model…
18:09:31 [INFO] Round 5/50  acc=0.4971  loss=1.0338  1.7s  clients=10
18:09:31 [INFO] Round 6 — sending model to 10 clients…
18:09:31 [INFO] [client-1] Round 6 — training locally…
18:09:31 [INFO] [client-1] Round 6 — sending update…
18:09:31 [INFO] [client-5] Round 6 — training locally…
18:09:32 [INFO] [client-5] Round 6 — sending update…
18:09:32 [INFO] [client-6] Round 6 — training locally…
18:09:32 [INFO] [client-6] Round 6 — sending update…
18:09:32 [INFO] [client-0] Round 6 — training locally…
18:09:32 [INFO] [client-0] Round 6 — sending update…
18:09:32 [INFO] [client-9] Round 6 — training locally…
18:09:32 [INFO] [client-9] Round 6 — sending update…
18:09:32 [INFO] [client-2] Round 6 — training locally…
18:09:32 [INFO] [client-2] Round 6 — sending update…
18:09:32 [INFO] [client-7] Round 6 — training locally…
18:09:32 [INFO] [client-7] Round 6 — sending update…
18:09:32 [INFO] [client-8] Round 6 — training locally…
18:09:32 [INFO] [client-8] Round 6 — sending update…
18:09:32 [INFO] [client-1] Round 6 done — loss=1.0286 acc=0.4726  1.6s
18:09:32 [INFO] [client-1] Round 7 — receiving model…
18:09:32 [INFO] [client-5] Round 6 done — loss=1.0304 acc=0.4828  1.5s
18:09:32 [INFO] [client-5] Round 7 — receiving model…
18:09:32 [INFO] [client-6] Round 6 done — loss=1.0285 acc=0.4747  1.2s
18:09:32 [INFO] [client-6] Round 7 — receiving model…
18:09:32 [INFO] [client-0] Round 6 done — loss=1.0339 acc=0.4705  1.3s
18:09:32 [INFO] [client-0] Round 7 — receiving model…
18:09:32 [INFO] [client-9] Round 6 done — loss=1.0387 acc=0.4656  1.6s
18:09:32 [INFO] [client-9] Round 7 — receiving model…
18:09:33 [INFO] [client-2] Round 6 done — loss=1.0304 acc=0.4740  1.8s
18:09:33 [INFO] [client-2] Round 7 — receiving model…
18:09:33 [INFO] [client-7] Round 6 done — loss=1.0404 acc=0.4747  1.8s
18:09:33 [INFO] [client-7] Round 7 — receiving model…
18:09:33 [INFO] Round 6 — waiting for 10 updates…
18:09:33 [INFO] [client-8] Round 6 done — loss=1.0272 acc=0.4761  1.9s
18:09:33 [INFO] [client-8] Round 7 — receiving model…
18:09:33 [INFO] [client-4] Round 6 — training locally…
18:09:33 [INFO] [client-4] Round 6 — sending update…
18:09:33 [INFO] [client-3] Round 6 — training locally…
18:09:33 [INFO] [client-3] Round 6 — sending update…
18:09:33 [INFO] [client-4] Round 6 done — loss=1.0316 acc=0.4733  2.0s
18:09:33 [INFO] [client-4] Round 7 — receiving model…
18:09:33 [INFO] [client-3] Round 6 done — loss=1.0403 acc=0.4691  2.1s
18:09:33 [INFO] [client-3] Round 7 — receiving model…
18:09:33 [INFO] Round 6/50  acc=0.5004  loss=1.0298  1.7s  clients=10
18:09:33 [INFO] Round 7 — sending model to 10 clients…
18:09:33 [INFO] [client-9] Round 7 — training locally…
18:09:33 [INFO] [client-9] Round 7 — sending update…
18:09:33 [INFO] [client-5] Round 7 — training locally…
18:09:33 [INFO] [client-5] Round 7 — sending update…
18:09:33 [INFO] [client-3] Round 7 — training locally…
18:09:33 [INFO] [client-3] Round 7 — sending update…
18:09:33 [INFO] [client-7] Round 7 — training locally…
18:09:33 [INFO] [client-7] Round 7 — sending update…
18:09:33 [INFO] [client-4] Round 7 — training locally…
18:09:34 [INFO] [client-4] Round 7 — sending update…
18:09:34 [INFO] [client-1] Round 7 — training locally…
18:09:34 [INFO] [client-1] Round 7 — sending update…
18:09:34 [INFO] [client-2] Round 7 — training locally…
18:09:34 [INFO] [client-2] Round 7 — sending update…
18:09:34 [INFO] [client-8] Round 7 — training locally…
18:09:34 [INFO] [client-8] Round 7 — sending update…
18:09:34 [INFO] [client-9] Round 7 done — loss=1.0326 acc=0.4737  1.6s
18:09:34 [INFO] [client-9] Round 8 — receiving model…
18:09:34 [INFO] [client-5] Round 7 done — loss=1.0267 acc=0.4824  1.7s
18:09:34 [INFO] [client-5] Round 8 — receiving model…
18:09:34 [INFO] [client-3] Round 7 done — loss=1.0380 acc=0.4600  1.2s
18:09:34 [INFO] [client-3] Round 8 — receiving model…
18:09:34 [INFO] [client-7] Round 7 done — loss=1.0326 acc=0.4726  1.6s
18:09:34 [INFO] [client-7] Round 8 — receiving model…
18:09:34 [INFO] [client-4] Round 7 done — loss=1.0229 acc=0.4849  1.3s
18:09:34 [INFO] [client-4] Round 8 — receiving model…
18:09:34 [INFO] [client-1] Round 7 done — loss=1.0230 acc=0.4884  1.8s
18:09:34 [INFO] [client-1] Round 8 — receiving model…
18:09:34 [INFO] [client-2] Round 7 done — loss=1.0248 acc=0.4786  1.7s
18:09:34 [INFO] [client-2] Round 8 — receiving model…
18:09:34 [INFO] Round 7 — waiting for 10 updates…
18:09:34 [INFO] [client-8] Round 7 done — loss=1.0337 acc=0.4705  1.7s
18:09:34 [INFO] [client-8] Round 8 — receiving model…
18:09:34 [INFO] [client-0] Round 7 — training locally…
18:09:34 [INFO] [client-0] Round 7 — sending update…
18:09:34 [INFO] [client-6] Round 7 — training locally…
18:09:35 [INFO] [client-6] Round 7 — sending update…
18:09:35 [INFO] [client-0] Round 7 done — loss=1.0316 acc=0.4831  2.1s
18:09:35 [INFO] [client-0] Round 8 — receiving model…
18:09:35 [INFO] [client-6] Round 7 done — loss=1.0342 acc=0.4740  2.2s
18:09:35 [INFO] [client-6] Round 8 — receiving model…
18:09:35 [INFO] Round 7/50  acc=0.5035  loss=1.0298  1.7s  clients=10
18:09:35 [INFO] Round 8 — sending model to 10 clients…
18:09:35 [INFO] [client-6] Round 8 — training locally…
18:09:35 [INFO] [client-6] Round 8 — sending update…
18:09:35 [INFO] [client-8] Round 8 — training locally…
18:09:35 [INFO] [client-8] Round 8 — sending update…
18:09:35 [INFO] [client-1] Round 8 — training locally…
18:09:35 [INFO] [client-1] Round 8 — sending update…
18:09:35 [INFO] [client-3] Round 8 — training locally…
18:09:35 [INFO] [client-3] Round 8 — sending update…
18:09:35 [INFO] [client-2] Round 8 — training locally…
18:09:35 [INFO] [client-2] Round 8 — sending update…
18:09:35 [INFO] [client-0] Round 8 — training locally…
18:09:35 [INFO] [client-0] Round 8 — sending update…
18:09:35 [INFO] [client-4] Round 8 — training locally…
18:09:36 [INFO] [client-4] Round 8 — sending update…
18:09:36 [INFO] [client-7] Round 8 — training locally…
18:09:36 [INFO] [client-7] Round 8 — sending update…
18:09:36 [INFO] [client-6] Round 8 done — loss=1.0277 acc=0.4747  1.1s
18:09:36 [INFO] [client-6] Round 9 — receiving model…
18:09:36 [INFO] [client-8] Round 8 done — loss=1.0238 acc=0.4782  1.5s
18:09:36 [INFO] [client-8] Round 9 — receiving model…
18:09:36 [INFO] [client-1] Round 8 done — loss=1.0295 acc=0.4838  1.6s
18:09:36 [INFO] [client-1] Round 9 — receiving model…
18:09:36 [INFO] [client-3] Round 8 done — loss=1.0362 acc=0.4603  1.7s
18:09:36 [INFO] [client-3] Round 9 — receiving model…
18:09:36 [INFO] [client-2] Round 8 done — loss=1.0311 acc=0.4765  1.6s
18:09:36 [INFO] [client-2] Round 9 — receiving model…
18:09:36 [INFO] [client-0] Round 8 done — loss=1.0274 acc=0.4867  1.3s
18:09:36 [INFO] [client-0] Round 9 — receiving model…
18:09:36 [INFO] [client-4] Round 8 done — loss=1.0273 acc=0.4856  1.7s
18:09:36 [INFO] [client-4] Round 9 — receiving model…
18:09:36 [INFO] Round 8 — waiting for 10 updates…
18:09:36 [INFO] [client-7] Round 8 done — loss=1.0290 acc=0.4751  1.8s
18:09:36 [INFO] [client-7] Round 9 — receiving model…
18:09:36 [INFO] [client-9] Round 8 — training locally…
18:09:36 [INFO] [client-9] Round 8 — sending update…
18:09:36 [INFO] [client-5] Round 8 — training locally…
18:09:36 [INFO] [client-5] Round 8 — sending update…
18:09:36 [INFO] [client-9] Round 8 done — loss=1.0325 acc=0.4726  2.3s
18:09:36 [INFO] [client-9] Round 9 — receiving model…
18:09:36 [INFO] [client-5] Round 8 done — loss=1.0317 acc=0.4881  2.3s
18:09:36 [INFO] [client-5] Round 9 — receiving model…
18:09:36 [INFO] Round 8/50  acc=0.5024  loss=1.0288  1.8s  clients=10
18:09:36 [INFO] Round 9 — sending model to 10 clients…
18:09:36 [INFO] [client-8] Round 9 — training locally…
18:09:37 [INFO] [client-8] Round 9 — sending update…
18:09:37 [INFO] [client-3] Round 9 — training locally…
18:09:37 [INFO] [client-3] Round 9 — sending update…
18:09:37 [INFO] [client-1] Round 9 — training locally…
18:09:37 [INFO] [client-1] Round 9 — sending update…
18:09:37 [INFO] [client-7] Round 9 — training locally…
18:09:37 [INFO] [client-7] Round 9 — sending update…
18:09:37 [INFO] [client-9] Round 9 — training locally…
18:09:37 [INFO] [client-9] Round 9 — sending update…
18:09:37 [INFO] [client-5] Round 9 — training locally…
18:09:37 [INFO] [client-5] Round 9 — sending update…
18:09:37 [INFO] [client-0] Round 9 — training locally…
18:09:37 [INFO] [client-0] Round 9 — sending update…
18:09:37 [INFO] [client-6] Round 9 — training locally…
18:09:37 [INFO] [client-6] Round 9 — sending update…
18:09:37 [INFO] [client-8] Round 9 done — loss=1.0356 acc=0.4631  1.7s
18:09:37 [INFO] [client-8] Round 10 — receiving model…
18:09:37 [INFO] [client-3] Round 9 done — loss=1.0399 acc=0.4551  1.7s
18:09:37 [INFO] [client-3] Round 10 — receiving model…
18:09:38 [INFO] [client-1] Round 9 done — loss=1.0212 acc=0.4881  1.8s
18:09:38 [INFO] [client-1] Round 10 — receiving model…
18:09:38 [INFO] [client-7] Round 9 done — loss=1.0348 acc=0.4737  1.6s
18:09:38 [INFO] [client-7] Round 10 — receiving model…
18:09:38 [INFO] [client-9] Round 9 done — loss=1.0311 acc=0.4761  1.3s
18:09:38 [INFO] [client-9] Round 10 — receiving model…
18:09:38 [INFO] [client-5] Round 9 done — loss=1.0235 acc=0.4814  1.3s
18:09:38 [INFO] [client-5] Round 10 — receiving model…
18:09:38 [INFO] [client-0] Round 9 done — loss=1.0246 acc=0.4888  1.8s
18:09:38 [INFO] [client-0] Round 10 — receiving model…
18:09:38 [INFO] Round 9 — waiting for 10 updates…
18:09:38 [INFO] [client-6] Round 9 done — loss=1.0272 acc=0.4789  2.0s
18:09:38 [INFO] [client-6] Round 10 — receiving model…
18:09:38 [INFO] [client-4] Round 9 — training locally…
18:09:38 [INFO] [client-4] Round 9 — sending update…
18:09:38 [INFO] [client-2] Round 9 — training locally…
18:09:38 [INFO] [client-2] Round 9 — sending update…
18:09:38 [INFO] [client-4] Round 9 done — loss=1.0211 acc=0.4884  2.1s
18:09:38 [INFO] [client-4] Round 10 — receiving model…
18:09:38 [INFO] [client-2] Round 9 done — loss=1.0268 acc=0.4824  2.2s
18:09:38 [INFO] [client-2] Round 10 — receiving model…
18:09:38 [INFO] Round 9/50  acc=0.5035  loss=1.0256  1.7s  clients=10
18:09:38 [INFO] Round 10 — sending model to 10 clients…
18:09:38 [INFO] [client-4] Round 10 — training locally…
18:09:38 [INFO] [client-4] Round 10 — sending update…
18:09:38 [INFO] [client-6] Round 10 — training locally…
18:09:38 [INFO] [client-6] Round 10 — sending update…
18:09:38 [INFO] [client-8] Round 10 — training locally…
18:09:38 [INFO] [client-8] Round 10 — sending update…
18:09:38 [INFO] [client-0] Round 10 — training locally…
18:09:39 [INFO] [client-0] Round 10 — sending update…
18:09:39 [INFO] [client-7] Round 10 — training locally…
18:09:39 [INFO] [client-7] Round 10 — sending update…
18:09:39 [INFO] [client-1] Round 10 — training locally…
18:09:39 [INFO] [client-1] Round 10 — sending update…
18:09:39 [INFO] [client-9] Round 10 — training locally…
18:09:39 [INFO] [client-9] Round 10 — sending update…
18:09:39 [INFO] [client-3] Round 10 — training locally…
18:09:39 [INFO] [client-3] Round 10 — sending update…
18:09:39 [INFO] [client-4] Round 10 done — loss=1.0192 acc=0.4874  1.2s
18:09:39 [INFO] [client-4] Round 11 — receiving model…
18:09:39 [INFO] [client-6] Round 10 done — loss=1.0284 acc=0.4709  1.5s
18:09:39 [INFO] [client-6] Round 11 — receiving model…
18:09:39 [INFO] [client-8] Round 10 done — loss=1.0242 acc=0.4768  1.7s
18:09:39 [INFO] [client-8] Round 11 — receiving model…
18:09:39 [INFO] [client-0] Round 10 done — loss=1.0305 acc=0.4803  1.6s
18:09:39 [INFO] [client-0] Round 11 — receiving model…
18:09:39 [INFO] [client-7] Round 10 done — loss=1.0298 acc=0.4740  1.7s
18:09:39 [INFO] [client-7] Round 11 — receiving model…
18:09:39 [INFO] [client-1] Round 10 done — loss=1.0233 acc=0.4891  1.8s
18:09:39 [INFO] [client-1] Round 11 — receiving model…
18:09:39 [INFO] [client-9] Round 10 done — loss=1.0307 acc=0.4733  1.7s
18:09:39 [INFO] [client-9] Round 11 — receiving model…
18:09:39 [INFO] Round 10 — waiting for 10 updates…
18:09:39 [INFO] [client-3] Round 10 done — loss=1.0351 acc=0.4575  1.8s
18:09:39 [INFO] [client-3] Round 11 — receiving model…
18:09:39 [INFO] [client-2] Round 10 — training locally…
18:09:39 [INFO] [client-2] Round 10 — sending update…
18:09:39 [INFO] [client-5] Round 10 — training locally…
18:09:40 [INFO] [client-5] Round 10 — sending update…
18:09:40 [INFO] [client-2] Round 10 done — loss=1.0234 acc=0.4856  1.6s
18:09:40 [INFO] [client-2] Round 11 — receiving model…
18:09:40 [INFO] [client-5] Round 10 done — loss=1.0273 acc=0.4821  2.1s
18:09:40 [INFO] [client-5] Round 11 — receiving model…
18:09:40 [INFO] Round 10/50  acc=0.4996  loss=1.0376  1.7s  clients=10
18:09:40 [INFO] Round 11 — sending model to 10 clients…
18:09:40 [INFO] [client-9] Round 11 — training locally…
18:09:40 [INFO] [client-9] Round 11 — sending update…
18:09:40 [INFO] [client-3] Round 11 — training locally…
18:09:40 [INFO] [client-3] Round 11 — sending update…
18:09:40 [INFO] [client-7] Round 11 — training locally…
18:09:40 [INFO] [client-7] Round 11 — sending update…
18:09:40 [INFO] [client-0] Round 11 — training locally…
18:09:40 [INFO] [client-0] Round 11 — sending update…
18:09:40 [INFO] [client-2] Round 11 — training locally…
18:09:40 [INFO] [client-2] Round 11 — sending update…
18:09:40 [INFO] [client-8] Round 11 — training locally…
18:09:41 [INFO] [client-8] Round 11 — sending update…
18:09:41 [INFO] [client-5] Round 11 — training locally…
18:09:41 [INFO] [client-5] Round 11 — sending update…
18:09:41 [INFO] [client-4] Round 11 — training locally…
18:09:41 [INFO] [client-4] Round 11 — sending update…
18:09:41 [INFO] [client-9] Round 11 done — loss=1.0301 acc=0.4688  1.5s
18:09:41 [INFO] [client-9] Round 12 — receiving model…
18:09:41 [INFO] [client-3] Round 11 done — loss=1.0314 acc=0.4649  1.5s
18:09:41 [INFO] [client-3] Round 12 — receiving model…
18:09:41 [INFO] [client-7] Round 11 done — loss=1.0323 acc=0.4751  1.6s
18:09:41 [INFO] [client-7] Round 12 — receiving model…
18:09:41 [INFO] [client-0] Round 11 done — loss=1.0270 acc=0.4874  1.7s
18:09:41 [INFO] [client-0] Round 12 — receiving model…
18:09:41 [INFO] [client-2] Round 11 done — loss=1.0243 acc=0.4881  1.3s
18:09:41 [INFO] [client-2] Round 12 — receiving model…
18:09:41 [INFO] [client-8] Round 11 done — loss=1.0283 acc=0.4782  1.8s
18:09:41 [INFO] [client-8] Round 12 — receiving model…
18:09:41 [INFO] [client-5] Round 11 done — loss=1.0218 acc=0.4807  1.3s
18:09:41 [INFO] [client-5] Round 12 — receiving model…
18:09:41 [INFO] Round 11 — waiting for 10 updates…
18:09:41 [INFO] [client-4] Round 11 done — loss=1.0203 acc=0.4853  1.9s
18:09:41 [INFO] [client-4] Round 12 — receiving model…
18:09:41 [INFO] [client-6] Round 11 — training locally…
18:09:41 [INFO] [client-6] Round 11 — sending update…
18:09:41 [INFO] [client-1] Round 11 — training locally…
18:09:41 [INFO] [client-1] Round 11 — sending update…
18:09:41 [INFO] [client-6] Round 11 done — loss=1.0292 acc=0.4765  2.1s
18:09:41 [INFO] [client-6] Round 12 — receiving model…
18:09:41 [INFO] [client-1] Round 11 done — loss=1.0162 acc=0.4891  2.1s
18:09:41 [INFO] [client-1] Round 12 — receiving model…
18:09:41 [INFO] Round 11/50  acc=0.5013  loss=1.0317  1.7s  clients=10
18:09:41 [INFO] Round 12 — sending model to 10 clients…
18:09:41 [INFO] [client-8] Round 12 — training locally…
18:09:42 [INFO] [client-8] Round 12 — sending update…
18:09:42 [INFO] [client-1] Round 12 — training locally…
18:09:42 [INFO] [client-1] Round 12 — sending update…
18:09:42 [INFO] [client-3] Round 12 — training locally…
18:09:42 [INFO] [client-3] Round 12 — sending update…
18:09:42 [INFO] [client-4] Round 12 — training locally…
18:09:42 [INFO] [client-4] Round 12 — sending update…
18:09:42 [INFO] [client-7] Round 12 — training locally…
18:09:42 [INFO] [client-7] Round 12 — sending update…
18:09:42 [INFO] [client-6] Round 12 — training locally…
18:09:42 [INFO] [client-6] Round 12 — sending update…
18:09:42 [INFO] [client-9] Round 12 — training locally…
18:09:42 [INFO] [client-9] Round 12 — sending update…
18:09:42 [INFO] [client-0] Round 12 — training locally…
18:09:42 [INFO] [client-0] Round 12 — sending update…
18:09:42 [INFO] [client-8] Round 12 done — loss=1.0256 acc=0.4747  1.5s
18:09:42 [INFO] [client-8] Round 13 — receiving model…
18:09:42 [INFO] [client-1] Round 12 done — loss=1.0173 acc=0.4933  1.1s
18:09:42 [INFO] [client-1] Round 13 — receiving model…
18:09:43 [INFO] [client-3] Round 12 done — loss=1.0337 acc=0.4617  1.7s
18:09:43 [INFO] [client-3] Round 13 — receiving model…
18:09:43 [INFO] [client-4] Round 12 done — loss=1.0248 acc=0.4796  1.5s
18:09:43 [INFO] [client-4] Round 13 — receiving model…
18:09:43 [INFO] [client-7] Round 12 done — loss=1.0337 acc=0.4740  1.7s
18:09:43 [INFO] [client-7] Round 13 — receiving model…
18:09:43 [INFO] [client-6] Round 12 done — loss=1.0288 acc=0.4719  1.3s
18:09:43 [INFO] [client-6] Round 13 — receiving model…
18:09:43 [INFO] [client-9] Round 12 done — loss=1.0263 acc=0.4744  1.8s
18:09:43 [INFO] [client-9] Round 13 — receiving model…
18:09:43 [INFO] Round 12 — waiting for 10 updates…
18:09:43 [INFO] [client-0] Round 12 done — loss=1.0266 acc=0.4993  1.8s
18:09:43 [INFO] [client-0] Round 13 — receiving model…
18:09:43 [INFO] [client-2] Round 12 — training locally…
18:09:43 [INFO] [client-2] Round 12 — sending update…
18:09:43 [INFO] [client-5] Round 12 — training locally…
18:09:43 [INFO] [client-5] Round 12 — sending update…
18:09:43 [INFO] [client-2] Round 12 done — loss=1.0212 acc=0.4877  2.0s
18:09:43 [INFO] [client-2] Round 13 — receiving model…
18:09:43 [INFO] [client-5] Round 12 done — loss=1.0256 acc=0.4846  2.0s
18:09:43 [INFO] [client-5] Round 13 — receiving model…
18:09:43 [INFO] Round 12/50  acc=0.5010  loss=1.0299  1.7s  clients=10
18:09:43 [INFO] Round 13 — sending model to 10 clients…
18:09:43 [INFO] [client-8] Round 13 — training locally…
18:09:43 [INFO] [client-8] Round 13 — sending update…
18:09:43 [INFO] [client-3] Round 13 — training locally…
18:09:43 [INFO] [client-3] Round 13 — sending update…
18:09:43 [INFO] [client-6] Round 13 — training locally…
18:09:43 [INFO] [client-6] Round 13 — sending update…
18:09:43 [INFO] [client-7] Round 13 — training locally…
18:09:44 [INFO] [client-7] Round 13 — sending update…
18:09:44 [INFO] [client-0] Round 13 — training locally…
18:09:44 [INFO] [client-0] Round 13 — sending update…
18:09:44 [INFO] [client-5] Round 13 — training locally…
18:09:44 [INFO] [client-5] Round 13 — sending update…
18:09:44 [INFO] [client-9] Round 13 — training locally…
18:09:44 [INFO] [client-9] Round 13 — sending update…
18:09:44 [INFO] [client-4] Round 13 — training locally…
18:09:44 [INFO] [client-4] Round 13 — sending update…
18:09:44 [INFO] [client-8] Round 13 done — loss=1.0321 acc=0.4754  1.7s
18:09:44 [INFO] [client-8] Round 14 — receiving model…
18:09:44 [INFO] [client-3] Round 13 done — loss=1.0358 acc=0.4670  1.6s
18:09:44 [INFO] [client-3] Round 14 — receiving model…
18:09:44 [INFO] [client-6] Round 13 done — loss=1.0283 acc=0.4849  1.6s
18:09:44 [INFO] [client-6] Round 14 — receiving model…
18:09:44 [INFO] [client-7] Round 13 done — loss=1.0324 acc=0.4765  1.6s
18:09:44 [INFO] [client-7] Round 14 — receiving model…
18:09:44 [INFO] [client-0] Round 13 done — loss=1.0284 acc=0.4821  1.6s
18:09:44 [INFO] [client-0] Round 14 — receiving model…
18:09:44 [INFO] [client-5] Round 13 done — loss=1.0269 acc=0.4856  1.3s
18:09:44 [INFO] [client-5] Round 14 — receiving model…
18:09:44 [INFO] [client-9] Round 13 done — loss=1.0281 acc=0.4856  1.7s
18:09:44 [INFO] [client-9] Round 14 — receiving model…
18:09:44 [INFO] Round 13 — waiting for 10 updates…
18:09:44 [INFO] [client-4] Round 13 done — loss=1.0241 acc=0.4881  1.8s
18:09:44 [INFO] [client-4] Round 14 — receiving model…
18:09:44 [INFO] [client-2] Round 13 — training locally…
18:09:44 [INFO] [client-2] Round 13 — sending update…
18:09:44 [INFO] [client-1] Round 13 — training locally…
18:09:45 [INFO] [client-1] Round 13 — sending update…
18:09:45 [INFO] [client-2] Round 13 done — loss=1.0262 acc=0.4863  1.7s
18:09:45 [INFO] [client-2] Round 14 — receiving model…
18:09:45 [INFO] [client-1] Round 13 done — loss=1.0172 acc=0.4940  2.2s
18:09:45 [INFO] [client-1] Round 14 — receiving model…
18:09:45 [INFO] Round 13/50  acc=0.5021  loss=1.0315  1.7s  clients=10
18:09:45 [INFO] Round 14 — sending model to 10 clients…
18:09:45 [INFO] [client-2] Round 14 — training locally…
18:09:45 [INFO] [client-2] Round 14 — sending update…
18:09:45 [INFO] [client-0] Round 14 — training locally…
18:09:45 [INFO] [client-0] Round 14 — sending update…
18:09:45 [INFO] [client-4] Round 14 — training locally…
18:09:45 [INFO] [client-4] Round 14 — sending update…
18:09:45 [INFO] [client-3] Round 14 — training locally…
18:09:45 [INFO] [client-3] Round 14 — sending update…
18:09:45 [INFO] [client-5] Round 14 — training locally…
18:09:45 [INFO] [client-5] Round 14 — sending update…
18:09:45 [INFO] [client-8] Round 14 — training locally…
18:09:46 [INFO] [client-8] Round 14 — sending update…
18:09:46 [INFO] [client-7] Round 14 — training locally…
18:09:46 [INFO] [client-7] Round 14 — sending update…
18:09:46 [INFO] [client-9] Round 14 — training locally…
18:09:46 [INFO] [client-9] Round 14 — sending update…
18:09:46 [INFO] [client-2] Round 14 done — loss=1.0261 acc=0.4835  1.2s
18:09:46 [INFO] [client-2] Round 15 — receiving model…
18:09:46 [INFO] [client-0] Round 14 done — loss=1.0284 acc=0.4926  1.6s
18:09:46 [INFO] [client-0] Round 15 — receiving model…
18:09:46 [INFO] [client-4] Round 14 done — loss=1.0167 acc=0.4912  1.5s
18:09:46 [INFO] [client-4] Round 15 — receiving model…
18:09:46 [INFO] [client-3] Round 14 done — loss=1.0284 acc=0.4607  1.7s
18:09:46 [INFO] [client-3] Round 15 — receiving model…
18:09:46 [INFO] [client-5] Round 14 done — loss=1.0206 acc=0.4940  1.6s
18:09:46 [INFO] [client-5] Round 15 — receiving model…
18:09:46 [INFO] [client-8] Round 14 done — loss=1.0293 acc=0.4821  1.8s
18:09:46 [INFO] [client-8] Round 15 — receiving model…
18:09:46 [INFO] [client-7] Round 14 done — loss=1.0300 acc=0.4744  1.8s
18:09:46 [INFO] [client-7] Round 15 — receiving model…
18:09:46 [INFO] Round 14 — waiting for 10 updates…
18:09:46 [INFO] [client-9] Round 14 done — loss=1.0262 acc=0.4881  1.7s
18:09:46 [INFO] [client-9] Round 15 — receiving model…
18:09:46 [INFO] [client-1] Round 14 — training locally…
18:09:46 [INFO] [client-1] Round 14 — sending update…
18:09:46 [INFO] [client-6] Round 14 — training locally…
18:09:46 [INFO] [client-6] Round 14 — sending update…
18:09:46 [INFO] [client-1] Round 14 done — loss=1.0153 acc=0.4923  1.6s
18:09:46 [INFO] [client-1] Round 15 — receiving model…
18:09:46 [INFO] [client-6] Round 14 done — loss=1.0247 acc=0.4779  2.2s
18:09:46 [INFO] [client-6] Round 15 — receiving model…
18:09:46 [INFO] Round 14/50  acc=0.5060  loss=1.0256  1.7s  clients=10
18:09:46 [INFO] Round 15 — sending model to 10 clients…
18:09:46 [INFO] [client-2] Round 15 — training locally…
18:09:47 [INFO] [client-2] Round 15 — sending update…
18:09:47 [INFO] [client-9] Round 15 — training locally…
18:09:47 [INFO] [client-9] Round 15 — sending update…
18:09:47 [INFO] [client-5] Round 15 — training locally…
18:09:47 [INFO] [client-5] Round 15 — sending update…
18:09:47 [INFO] [client-8] Round 15 — training locally…
18:09:47 [INFO] [client-8] Round 15 — sending update…
18:09:47 [INFO] [client-0] Round 15 — training locally…
18:09:47 [INFO] [client-0] Round 15 — sending update…
18:09:47 [INFO] [client-6] Round 15 — training locally…
18:09:47 [INFO] [client-6] Round 15 — sending update…
18:09:47 [INFO] [client-3] Round 15 — training locally…
18:09:47 [INFO] [client-3] Round 15 — sending update…
18:09:47 [INFO] [client-1] Round 15 — training locally…
18:09:47 [INFO] [client-1] Round 15 — sending update…
18:09:47 [INFO] [client-2] Round 15 done — loss=1.0199 acc=0.4930  1.7s
18:09:47 [INFO] [client-2] Round 16 — receiving model…
18:09:47 [INFO] [client-9] Round 15 done — loss=1.0278 acc=0.4793  1.5s
18:09:47 [INFO] [client-9] Round 16 — receiving model…
18:09:48 [INFO] [client-5] Round 15 done — loss=1.0152 acc=0.4968  1.6s
18:09:48 [INFO] [client-5] Round 16 — receiving model…
18:09:48 [INFO] [client-8] Round 15 done — loss=1.0329 acc=0.4726  1.7s
18:09:48 [INFO] [client-8] Round 16 — receiving model…
18:09:48 [INFO] [client-0] Round 15 done — loss=1.0286 acc=0.4895  1.8s
18:09:48 [INFO] [client-0] Round 16 — receiving model…
18:09:48 [INFO] [client-6] Round 15 done — loss=1.0288 acc=0.4835  1.3s
18:09:48 [INFO] [client-6] Round 16 — receiving model…
18:09:48 [INFO] [client-3] Round 15 done — loss=1.0291 acc=0.4744  1.8s
18:09:48 [INFO] [client-3] Round 16 — receiving model…
18:09:48 [INFO] Round 15 — waiting for 10 updates…
18:09:48 [INFO] [client-1] Round 15 done — loss=1.0191 acc=0.4923  1.4s
18:09:48 [INFO] [client-1] Round 16 — receiving model…
18:09:48 [INFO] [client-4] Round 15 — training locally…
18:09:48 [INFO] [client-4] Round 15 — sending update…
18:09:48 [INFO] [client-7] Round 15 — training locally…
18:09:48 [INFO] [client-7] Round 15 — sending update…
18:09:48 [INFO] [client-4] Round 15 done — loss=1.0232 acc=0.4835  2.2s
18:09:48 [INFO] [client-4] Round 16 — receiving model…
18:09:48 [INFO] [client-7] Round 15 done — loss=1.0298 acc=0.4803  2.1s
18:09:48 [INFO] [client-7] Round 16 — receiving model…
18:09:48 [INFO] Round 15/50  acc=0.5027  loss=1.0330  1.7s  clients=10
18:09:48 [INFO] Round 16 — sending model to 10 clients…
18:09:48 [INFO] [client-2] Round 16 — training locally…
18:09:48 [INFO] [client-2] Round 16 — sending update…
18:09:48 [INFO] [client-9] Round 16 — training locally…
18:09:48 [INFO] [client-9] Round 16 — sending update…
18:09:48 [INFO] [client-6] Round 16 — training locally…
18:09:49 [INFO] [client-6] Round 16 — sending update…
18:09:49 [INFO] [client-0] Round 16 — training locally…
18:09:49 [INFO] [client-0] Round 16 — sending update…
18:09:49 [INFO] [client-1] Round 16 — training locally…
18:09:49 [INFO] [client-1] Round 16 — sending update…
18:09:49 [INFO] [client-3] Round 16 — training locally…
18:09:49 [INFO] [client-3] Round 16 — sending update…
18:09:49 [INFO] [client-4] Round 16 — training locally…
18:09:49 [INFO] [client-4] Round 16 — sending update…
18:09:49 [INFO] [client-8] Round 16 — training locally…
18:09:49 [INFO] [client-8] Round 16 — sending update…
18:09:49 [INFO] [client-2] Round 16 done — loss=1.0224 acc=0.4902  1.7s
18:09:49 [INFO] [client-2] Round 17 — receiving model…
18:09:49 [INFO] [client-9] Round 16 done — loss=1.0328 acc=0.4831  1.7s
18:09:49 [INFO] [client-9] Round 17 — receiving model…
18:09:49 [INFO] [client-6] Round 16 done — loss=1.0242 acc=0.4789  1.6s
18:09:49 [INFO] [client-6] Round 17 — receiving model…
18:09:49 [INFO] [client-0] Round 16 done — loss=1.0238 acc=0.4954  1.6s
18:09:49 [INFO] [client-0] Round 17 — receiving model…
18:09:49 [INFO] [client-1] Round 16 done — loss=1.0162 acc=0.4940  1.6s
18:09:49 [INFO] [client-1] Round 17 — receiving model…
18:09:49 [INFO] [client-3] Round 16 done — loss=1.0324 acc=0.4645  1.6s
18:09:49 [INFO] [client-3] Round 17 — receiving model…
18:09:49 [INFO] [client-4] Round 16 done — loss=1.0210 acc=0.4954  1.3s
18:09:49 [INFO] [client-4] Round 17 — receiving model…
18:09:49 [INFO] Round 16 — waiting for 10 updates…
18:09:49 [INFO] [client-8] Round 16 done — loss=1.0268 acc=0.4705  1.8s
18:09:49 [INFO] [client-8] Round 17 — receiving model…
18:09:49 [INFO] [client-7] Round 16 — training locally…
18:09:50 [INFO] [client-7] Round 16 — sending update…
18:09:50 [INFO] [client-5] Round 16 — training locally…
18:09:50 [INFO] [client-5] Round 16 — sending update…
18:09:50 [INFO] [client-7] Round 16 done — loss=1.0280 acc=0.4747  1.6s
18:09:50 [INFO] [client-7] Round 17 — receiving model…
18:09:50 [INFO] [client-5] Round 16 done — loss=1.0220 acc=0.4986  2.2s
18:09:50 [INFO] [client-5] Round 17 — receiving model…
18:09:50 [INFO] Round 16/50  acc=0.5041  loss=1.0307  1.7s  clients=10
18:09:50 [INFO] Round 17 — sending model to 10 clients…
18:09:50 [INFO] [client-7] Round 17 — training locally…
18:09:50 [INFO] [client-7] Round 17 — sending update…
18:09:50 [INFO] [client-5] Round 17 — training locally…
18:09:50 [INFO] [client-5] Round 17 — sending update…
18:09:50 [INFO] [client-4] Round 17 — training locally…
18:09:50 [INFO] [client-4] Round 17 — sending update…
18:09:50 [INFO] [client-6] Round 17 — training locally…
18:09:50 [INFO] [client-6] Round 17 — sending update…
18:09:50 [INFO] [client-8] Round 17 — training locally…
18:09:50 [INFO] [client-8] Round 17 — sending update…
18:09:50 [INFO] [client-1] Round 17 — training locally…
18:09:51 [INFO] [client-1] Round 17 — sending update…
18:09:51 [INFO] [client-2] Round 17 — training locally…
18:09:51 [INFO] [client-2] Round 17 — sending update…
18:09:51 [INFO] [client-0] Round 17 — training locally…
18:09:51 [INFO] [client-0] Round 17 — sending update…
18:09:51 [INFO] [client-7] Round 17 done — loss=1.0289 acc=0.4807  1.2s
18:09:51 [INFO] [client-7] Round 18 — receiving model…
18:09:51 [INFO] [client-5] Round 17 done — loss=1.0217 acc=0.4821  1.1s
18:09:51 [INFO] [client-5] Round 18 — receiving model…
18:09:51 [INFO] [client-4] Round 17 done — loss=1.0173 acc=0.4926  1.5s
18:09:51 [INFO] [client-4] Round 18 — receiving model…
18:09:51 [INFO] [client-6] Round 17 done — loss=1.0274 acc=0.4786  1.7s
18:09:51 [INFO] [client-6] Round 18 — receiving model…
18:09:51 [INFO] [client-8] Round 17 done — loss=1.0225 acc=0.4853  1.6s
18:09:51 [INFO] [client-8] Round 18 — receiving model…
18:09:51 [INFO] [client-1] Round 17 done — loss=1.0206 acc=0.4884  1.7s
18:09:51 [INFO] [client-1] Round 18 — receiving model…
18:09:51 [INFO] [client-2] Round 17 done — loss=1.0204 acc=0.4902  1.8s
18:09:51 [INFO] [client-2] Round 18 — receiving model…
18:09:51 [INFO] Round 17 — waiting for 10 updates…
18:09:51 [INFO] [client-0] Round 17 done — loss=1.0220 acc=0.4937  1.8s
18:09:51 [INFO] [client-0] Round 18 — receiving model…
18:09:51 [INFO] [client-9] Round 17 — training locally…
18:09:51 [INFO] [client-9] Round 17 — sending update…
18:09:51 [INFO] [client-3] Round 17 — training locally…
18:09:51 [INFO] [client-3] Round 17 — sending update…
18:09:51 [INFO] [client-9] Round 17 done — loss=1.0271 acc=0.4782  2.1s
18:09:51 [INFO] [client-9] Round 18 — receiving model…
18:09:51 [INFO] [client-3] Round 17 done — loss=1.0286 acc=0.4730  2.1s
18:09:51 [INFO] [client-3] Round 18 — receiving model…
18:09:51 [INFO] Round 17/50  acc=0.5029  loss=1.0329  1.7s  clients=10
18:09:51 [INFO] Round 18 — sending model to 10 clients…
18:09:51 [INFO] [client-1] Round 18 — training locally…
18:09:52 [INFO] [client-1] Round 18 — sending update…
18:09:52 [INFO] [client-2] Round 18 — training locally…
18:09:52 [INFO] [client-2] Round 18 — sending update…
18:09:52 [INFO] [client-4] Round 18 — training locally…
18:09:52 [INFO] [client-4] Round 18 — sending update…
18:09:52 [INFO] [client-7] Round 18 — training locally…
18:09:52 [INFO] [client-7] Round 18 — sending update…
18:09:52 [INFO] [client-3] Round 18 — training locally…
18:09:52 [INFO] [client-3] Round 18 — sending update…
18:09:52 [INFO] [client-6] Round 18 — training locally…
18:09:52 [INFO] [client-6] Round 18 — sending update…
18:09:52 [INFO] [client-5] Round 18 — training locally…
18:09:52 [INFO] [client-5] Round 18 — sending update…
18:09:52 [INFO] [client-8] Round 18 — training locally…
18:09:53 [INFO] [client-8] Round 18 — sending update…
18:09:53 [INFO] [client-1] Round 18 done — loss=1.0215 acc=0.4874  1.5s
18:09:53 [INFO] [client-1] Round 19 — receiving model…
18:09:53 [INFO] [client-2] Round 18 done — loss=1.0184 acc=0.5035  1.5s
18:09:53 [INFO] [client-2] Round 19 — receiving model…
18:09:53 [INFO] [client-4] Round 18 done — loss=1.0227 acc=0.4923  1.7s
18:09:53 [INFO] [client-4] Round 19 — receiving model…
18:09:53 [INFO] [client-7] Round 18 done — loss=1.0272 acc=0.4810  1.8s
18:09:53 [INFO] [client-7] Round 19 — receiving model…
18:09:53 [INFO] [client-3] Round 18 done — loss=1.0333 acc=0.4600  1.2s
18:09:53 [INFO] [client-3] Round 19 — receiving model…
18:09:53 [INFO] [client-6] Round 18 done — loss=1.0304 acc=0.4765  1.7s
18:09:53 [INFO] [client-6] Round 19 — receiving model…
18:09:53 [INFO] [client-5] Round 18 done — loss=1.0187 acc=0.4930  1.8s
18:09:53 [INFO] [client-5] Round 19 — receiving model…
18:09:53 [INFO] Round 18 — waiting for 10 updates…
18:09:53 [INFO] [client-8] Round 18 done — loss=1.0246 acc=0.4775  1.8s
18:09:53 [INFO] [client-8] Round 19 — receiving model…
18:09:53 [INFO] [client-9] Round 18 — training locally…
18:09:53 [INFO] [client-9] Round 18 — sending update…
18:09:53 [INFO] [client-0] Round 18 — training locally…
18:09:53 [INFO] [client-0] Round 18 — sending update…
18:09:53 [INFO] [client-9] Round 18 done — loss=1.0346 acc=0.4691  1.7s
18:09:53 [INFO] [client-9] Round 19 — receiving model…
18:09:53 [INFO] [client-0] Round 18 done — loss=1.0244 acc=0.4895  2.0s
18:09:53 [INFO] [client-0] Round 19 — receiving model…
18:09:53 [INFO] Round 18/50  acc=0.5044  loss=1.0277  1.7s  clients=10
18:09:53 [INFO] Round 19 — sending model to 10 clients…
18:09:53 [INFO] [client-5] Round 19 — training locally…
18:09:53 [INFO] [client-5] Round 19 — sending update…
18:09:53 [INFO] [client-4] Round 19 — training locally…
18:09:53 [INFO] [client-4] Round 19 — sending update…
18:09:53 [INFO] [client-1] Round 19 — training locally…
18:09:54 [INFO] [client-1] Round 19 — sending update…
18:09:54 [INFO] [client-0] Round 19 — training locally…
18:09:54 [INFO] [client-0] Round 19 — sending update…
18:09:54 [INFO] [client-3] Round 19 — training locally…
18:09:54 [INFO] [client-3] Round 19 — sending update…
18:09:54 [INFO] [client-7] Round 19 — training locally…
18:09:54 [INFO] [client-7] Round 19 — sending update…
18:09:54 [INFO] [client-2] Round 19 — training locally…
18:09:54 [INFO] [client-2] Round 19 — sending update…
18:09:54 [INFO] [client-8] Round 19 — training locally…
18:09:54 [INFO] [client-8] Round 19 — sending update…
18:09:54 [INFO] [client-5] Round 19 done — loss=1.0176 acc=0.4867  1.5s
18:09:54 [INFO] [client-5] Round 20 — receiving model…
18:09:54 [INFO] [client-4] Round 19 done — loss=1.0189 acc=0.4888  1.6s
18:09:54 [INFO] [client-4] Round 20 — receiving model…
18:09:54 [INFO] [client-1] Round 19 done — loss=1.0148 acc=0.4856  1.7s
18:09:54 [INFO] [client-1] Round 20 — receiving model…
18:09:54 [INFO] [client-0] Round 19 done — loss=1.0200 acc=0.4951  1.2s
18:09:54 [INFO] [client-0] Round 20 — receiving model…
18:09:54 [INFO] [client-3] Round 19 done — loss=1.0311 acc=0.4782  1.7s
18:09:54 [INFO] [client-3] Round 20 — receiving model…
18:09:54 [INFO] [client-7] Round 19 done — loss=1.0302 acc=0.4765  1.7s
18:09:54 [INFO] [client-7] Round 20 — receiving model…
18:09:54 [INFO] [client-2] Round 19 done — loss=1.0186 acc=0.4916  1.8s
18:09:54 [INFO] [client-2] Round 20 — receiving model…
18:09:54 [INFO] Round 19 — waiting for 10 updates…
18:09:54 [INFO] [client-8] Round 19 done — loss=1.0251 acc=0.4793  1.7s
18:09:54 [INFO] [client-8] Round 20 — receiving model…
18:09:54 [INFO] [client-9] Round 19 — training locally…
18:09:55 [INFO] [client-9] Round 19 — sending update…
18:09:55 [INFO] [client-6] Round 19 — training locally…
18:09:55 [INFO] [client-6] Round 19 — sending update…
18:09:55 [INFO] [client-9] Round 19 done — loss=1.0333 acc=0.4719  1.7s
18:09:55 [INFO] [client-9] Round 20 — receiving model…
18:09:55 [INFO] [client-6] Round 19 done — loss=1.0259 acc=0.4789  2.1s
18:09:55 [INFO] [client-6] Round 20 — receiving model…
18:09:55 [INFO] Round 19/50  acc=0.5044  loss=1.0331  1.7s  clients=10
18:09:55 [INFO] Round 20 — sending model to 10 clients…
18:09:55 [INFO] [client-4] Round 20 — training locally…
18:09:55 [INFO] [client-4] Round 20 — sending update…
18:09:55 [INFO] [client-2] Round 20 — training locally…
18:09:55 [INFO] [client-2] Round 20 — sending update…
18:09:55 [INFO] [client-6] Round 20 — training locally…
18:09:55 [INFO] [client-6] Round 20 — sending update…
18:09:55 [INFO] [client-0] Round 20 — training locally…
18:09:55 [INFO] [client-0] Round 20 — sending update…
18:09:55 [INFO] [client-3] Round 20 — training locally…
18:09:55 [INFO] [client-3] Round 20 — sending update…
18:09:55 [INFO] [client-5] Round 20 — training locally…
18:09:56 [INFO] [client-5] Round 20 — sending update…
18:09:56 [INFO] [client-7] Round 20 — training locally…
18:09:56 [INFO] [client-7] Round 20 — sending update…
18:09:56 [INFO] [client-9] Round 20 — training locally…
18:09:56 [INFO] [client-9] Round 20 — sending update…
18:09:56 [INFO] [client-4] Round 20 done — loss=1.0226 acc=0.4923  1.6s
18:09:56 [INFO] [client-4] Round 21 — receiving model…
18:09:56 [INFO] [client-2] Round 20 done — loss=1.0250 acc=0.4853  1.5s
18:09:56 [INFO] [client-2] Round 21 — receiving model…
18:09:56 [INFO] [client-6] Round 20 done — loss=1.0210 acc=0.4828  1.2s
18:09:56 [INFO] [client-6] Round 21 — receiving model…
18:09:56 [INFO] [client-0] Round 20 done — loss=1.0202 acc=0.4968  1.7s
18:09:56 [INFO] [client-0] Round 21 — receiving model…
18:09:56 [INFO] [client-3] Round 20 done — loss=1.0295 acc=0.4705  1.7s
18:09:56 [INFO] [client-3] Round 21 — receiving model…
18:09:56 [INFO] [client-5] Round 20 done — loss=1.0223 acc=0.4954  1.8s
18:09:56 [INFO] [client-5] Round 21 — receiving model…
18:09:56 [INFO] [client-7] Round 20 done — loss=1.0316 acc=0.4835  1.7s
18:09:56 [INFO] [client-7] Round 21 — receiving model…
18:09:56 [INFO] Round 20 — waiting for 10 updates…
18:09:56 [INFO] [client-9] Round 20 done — loss=1.0286 acc=0.4695  1.4s
18:09:56 [INFO] [client-9] Round 21 — receiving model…
18:09:56 [INFO] [client-8] Round 20 — training locally…
18:09:56 [INFO] [client-8] Round 20 — sending update…
18:09:56 [INFO] [client-1] Round 20 — training locally…
18:09:56 [INFO] [client-1] Round 20 — sending update…
18:09:56 [INFO] [client-8] Round 20 done — loss=1.0259 acc=0.4789  2.0s
18:09:56 [INFO] [client-8] Round 21 — receiving model…
18:09:56 [INFO] [client-1] Round 20 done — loss=1.0222 acc=0.4870  2.2s
18:09:56 [INFO] [client-1] Round 21 — receiving model…
18:09:56 [INFO] Round 20/50  acc=0.5055  loss=1.0261  1.7s  clients=10
18:09:56 [INFO] Round 21 — sending model to 10 clients…
18:09:56 [INFO] [client-0] Round 21 — training locally…
18:09:57 [INFO] [client-0] Round 21 — sending update…
18:09:57 [INFO] [client-1] Round 21 — training locally…
18:09:57 [INFO] [client-1] Round 21 — sending update…
18:09:57 [INFO] [client-9] Round 21 — training locally…
18:09:57 [INFO] [client-9] Round 21 — sending update…
18:09:57 [INFO] [client-4] Round 21 — training locally…
18:09:57 [INFO] [client-4] Round 21 — sending update…
18:09:57 [INFO] [client-7] Round 21 — training locally…
18:09:57 [INFO] [client-7] Round 21 — sending update…
18:09:57 [INFO] [client-8] Round 21 — training locally…
18:09:57 [INFO] [client-8] Round 21 — sending update…
18:09:57 [INFO] [client-5] Round 21 — training locally…
18:09:57 [INFO] [client-5] Round 21 — sending update…
18:09:57 [INFO] [client-3] Round 21 — training locally…
18:09:58 [INFO] [client-3] Round 21 — sending update…
18:09:58 [INFO] [client-0] Round 21 done — loss=1.0230 acc=0.4902  1.6s
18:09:58 [INFO] [client-0] Round 22 — receiving model…
18:09:58 [INFO] [client-1] Round 21 done — loss=1.0214 acc=0.4807  1.1s
18:09:58 [INFO] [client-1] Round 22 — receiving model…
18:09:58 [INFO] [client-9] Round 21 done — loss=1.0239 acc=0.4846  1.5s
18:09:58 [INFO] [client-9] Round 22 — receiving model…
18:09:58 [INFO] [client-4] Round 21 done — loss=1.0225 acc=0.4919  1.8s
18:09:58 [INFO] [client-4] Round 22 — receiving model…
18:09:58 [INFO] [client-7] Round 21 done — loss=1.0292 acc=0.4803  1.6s
18:09:58 [INFO] [client-7] Round 22 — receiving model…
18:09:58 [INFO] [client-8] Round 21 done — loss=1.0264 acc=0.4807  1.3s
18:09:58 [INFO] [client-8] Round 22 — receiving model…
18:09:58 [INFO] [client-5] Round 21 done — loss=1.0214 acc=0.4947  1.7s
18:09:58 [INFO] [client-5] Round 22 — receiving model…
18:09:58 [INFO] Round 21 — waiting for 10 updates…
18:09:58 [INFO] [client-3] Round 21 done — loss=1.0269 acc=0.4698  1.8s
18:09:58 [INFO] [client-3] Round 22 — receiving model…
18:09:58 [INFO] [client-2] Round 21 — training locally…
18:09:58 [INFO] [client-2] Round 21 — sending update…
18:09:58 [INFO] [client-6] Round 21 — training locally…
18:09:58 [INFO] [client-6] Round 21 — sending update…
18:09:58 [INFO] [client-2] Round 21 done — loss=1.0219 acc=0.4856  2.1s
18:09:58 [INFO] [client-2] Round 22 — receiving model…
18:09:58 [INFO] [client-6] Round 21 done — loss=1.0290 acc=0.4800  2.2s
18:09:58 [INFO] [client-6] Round 22 — receiving model…
18:09:58 [INFO] Round 21/50  acc=0.5055  loss=1.0268  1.7s  clients=10
18:09:58 [INFO] Round 22 — sending model to 10 clients…
18:09:58 [INFO] [client-6] Round 22 — training locally…
18:09:58 [INFO] [client-6] Round 22 — sending update…
18:09:58 [INFO] [client-3] Round 22 — training locally…
18:09:58 [INFO] [client-3] Round 22 — sending update…
18:09:58 [INFO] [client-9] Round 22 — training locally…
18:09:59 [INFO] [client-9] Round 22 — sending update…
18:09:59 [INFO] [client-8] Round 22 — training locally…
18:09:59 [INFO] [client-8] Round 22 — sending update…
18:09:59 [INFO] [client-7] Round 22 — training locally…
18:09:59 [INFO] [client-7] Round 22 — sending update…
18:09:59 [INFO] [client-1] Round 22 — training locally…
18:09:59 [INFO] [client-1] Round 22 — sending update…
18:09:59 [INFO] [client-4] Round 22 — training locally…
18:09:59 [INFO] [client-4] Round 22 — sending update…
18:09:59 [INFO] [client-2] Round 22 — training locally…
18:09:59 [INFO] [client-2] Round 22 — sending update…
18:09:59 [INFO] [client-6] Round 22 done — loss=1.0229 acc=0.4810  1.2s
18:09:59 [INFO] [client-6] Round 23 — receiving model…
18:09:59 [INFO] [client-3] Round 22 done — loss=1.0283 acc=0.4673  1.6s
18:09:59 [INFO] [client-3] Round 23 — receiving model…
18:09:59 [INFO] [client-9] Round 22 done — loss=1.0233 acc=0.4831  1.7s
18:09:59 [INFO] [client-9] Round 23 — receiving model…
18:09:59 [INFO] [client-8] Round 22 done — loss=1.0254 acc=0.4849  1.7s
18:09:59 [INFO] [client-8] Round 23 — receiving model…
18:09:59 [INFO] [client-7] Round 22 done — loss=1.0295 acc=0.4856  1.7s
18:09:59 [INFO] [client-7] Round 23 — receiving model…
18:09:59 [INFO] [client-1] Round 22 done — loss=1.0155 acc=0.4958  1.9s
18:09:59 [INFO] [client-1] Round 23 — receiving model…
18:09:59 [INFO] [client-4] Round 22 done — loss=1.0225 acc=0.4916  1.8s
18:09:59 [INFO] [client-4] Round 23 — receiving model…
18:09:59 [INFO] Round 22 — waiting for 10 updates…
18:09:59 [INFO] [client-2] Round 22 done — loss=1.0170 acc=0.4926  1.4s
18:09:59 [INFO] [client-2] Round 23 — receiving model…
18:09:59 [INFO] [client-5] Round 22 — training locally…
18:10:00 [INFO] [client-5] Round 22 — sending update…
18:10:00 [INFO] [client-0] Round 22 — training locally…
18:10:00 [INFO] [client-0] Round 22 — sending update…
18:10:00 [INFO] [client-5] Round 22 done — loss=1.0231 acc=0.4916  2.1s
18:10:00 [INFO] [client-5] Round 23 — receiving model…
18:10:00 [INFO] [client-0] Round 22 done — loss=1.0200 acc=0.4916  2.3s
18:10:00 [INFO] [client-0] Round 23 — receiving model…
18:10:00 [INFO] Round 22/50  acc=0.5024  loss=1.0287  1.7s  clients=10
18:10:00 [INFO] Round 23 — sending model to 10 clients…
18:10:00 [INFO] [client-1] Round 23 — training locally…
18:10:00 [INFO] [client-1] Round 23 — sending update…
18:10:00 [INFO] [client-3] Round 23 — training locally…
18:10:00 [INFO] [client-3] Round 23 — sending update…
18:10:00 [INFO] [client-8] Round 23 — training locally…
18:10:00 [INFO] [client-8] Round 23 — sending update…
18:10:00 [INFO] [client-6] Round 23 — training locally…
18:10:00 [INFO] [client-6] Round 23 — sending update…
18:10:00 [INFO] [client-0] Round 23 — training locally…
18:10:01 [INFO] [client-0] Round 23 — sending update…
18:10:01 [INFO] [client-5] Round 23 — training locally…
18:10:01 [INFO] [client-5] Round 23 — sending update…
18:10:01 [INFO] [client-2] Round 23 — training locally…
18:10:01 [INFO] [client-2] Round 23 — sending update…
18:10:01 [INFO] [client-4] Round 23 — training locally…
18:10:01 [INFO] [client-4] Round 23 — sending update…
18:10:01 [INFO] [client-1] Round 23 done — loss=1.0147 acc=0.5004  1.5s
18:10:01 [INFO] [client-1] Round 24 — receiving model…
18:10:01 [INFO] [client-3] Round 23 done — loss=1.0293 acc=0.4702  1.7s
18:10:01 [INFO] [client-3] Round 24 — receiving model…
18:10:01 [INFO] [client-8] Round 23 done — loss=1.0233 acc=0.4828  1.6s
18:10:01 [INFO] [client-8] Round 24 — receiving model…
18:10:01 [INFO] [client-6] Round 23 done — loss=1.0248 acc=0.4863  1.8s
18:10:01 [INFO] [client-6] Round 24 — receiving model…
18:10:01 [INFO] [client-0] Round 23 done — loss=1.0249 acc=0.4856  1.2s
18:10:01 [INFO] [client-0] Round 24 — receiving model…
18:10:01 [INFO] [client-5] Round 23 done — loss=1.0181 acc=0.4874  1.3s
18:10:01 [INFO] [client-5] Round 24 — receiving model…
18:10:01 [INFO] [client-2] Round 23 done — loss=1.0191 acc=0.4961  1.6s
18:10:01 [INFO] [client-2] Round 24 — receiving model…
18:10:01 [INFO] Round 23 — waiting for 10 updates…
18:10:01 [INFO] [client-4] Round 23 done — loss=1.0192 acc=0.4958  1.7s
18:10:01 [INFO] [client-4] Round 24 — receiving model…
18:10:01 [INFO] [client-7] Round 23 — training locally…
18:10:01 [INFO] [client-7] Round 23 — sending update…
18:10:01 [INFO] [client-9] Round 23 — training locally…
18:10:01 [INFO] [client-9] Round 23 — sending update…
18:10:01 [INFO] [client-7] Round 23 done — loss=1.0276 acc=0.4779  2.1s
18:10:01 [INFO] [client-7] Round 24 — receiving model…
18:10:01 [INFO] [client-9] Round 23 done — loss=1.0222 acc=0.4898  2.2s
18:10:01 [INFO] [client-9] Round 24 — receiving model…
18:10:02 [INFO] Round 23/50  acc=0.5046  loss=1.0227  1.7s  clients=10
18:10:02 [INFO] Round 24 — sending model to 10 clients…
18:10:02 [INFO] [client-5] Round 24 — training locally…
18:10:02 [INFO] [client-5] Round 24 — sending update…
18:10:02 [INFO] [client-4] Round 24 — training locally…
18:10:02 [INFO] [client-4] Round 24 — sending update…
18:10:02 [INFO] [client-9] Round 24 — training locally…
18:10:02 [INFO] [client-9] Round 24 — sending update…
18:10:02 [INFO] [client-6] Round 24 — training locally…
18:10:02 [INFO] [client-6] Round 24 — sending update…
18:10:02 [INFO] [client-2] Round 24 — training locally…
18:10:02 [INFO] [client-2] Round 24 — sending update…
18:10:02 [INFO] [client-7] Round 24 — training locally…
18:10:02 [INFO] [client-7] Round 24 — sending update…
18:10:02 [INFO] [client-3] Round 24 — training locally…
18:10:02 [INFO] [client-3] Round 24 — sending update…
18:10:02 [INFO] [client-0] Round 24 — training locally…
18:10:03 [INFO] [client-0] Round 24 — sending update…
18:10:03 [INFO] [client-5] Round 24 done — loss=1.0191 acc=0.4919  1.5s
18:10:03 [INFO] [client-5] Round 25 — receiving model…
18:10:03 [INFO] [client-4] Round 24 done — loss=1.0244 acc=0.4867  1.5s
18:10:03 [INFO] [client-4] Round 25 — receiving model…
18:10:03 [INFO] [client-9] Round 24 done — loss=1.0237 acc=0.4867  1.2s
18:10:03 [INFO] [client-9] Round 25 — receiving model…
18:10:03 [INFO] [client-6] Round 24 done — loss=1.0198 acc=0.4860  1.7s
18:10:03 [INFO] [client-6] Round 25 — receiving model…
18:10:03 [INFO] [client-2] Round 24 done — loss=1.0223 acc=0.4838  1.6s
18:10:03 [INFO] [client-2] Round 25 — receiving model…
18:10:03 [INFO] [client-7] Round 24 done — loss=1.0302 acc=0.4751  1.3s
18:10:03 [INFO] [client-7] Round 25 — receiving model…
18:10:03 [INFO] [client-3] Round 24 done — loss=1.0313 acc=0.4677  1.8s
18:10:03 [INFO] [client-3] Round 25 — receiving model…
18:10:03 [INFO] Round 24 — waiting for 10 updates…
18:10:03 [INFO] [client-0] Round 24 done — loss=1.0198 acc=0.4867  1.8s
18:10:03 [INFO] [client-0] Round 25 — receiving model…
18:10:03 [INFO] [client-8] Round 24 — training locally…
18:10:03 [INFO] [client-8] Round 24 — sending update…
18:10:03 [INFO] [client-1] Round 24 — training locally…
18:10:03 [INFO] [client-1] Round 24 — sending update…
18:10:03 [INFO] [client-8] Round 24 done — loss=1.0208 acc=0.4849  2.1s
18:10:03 [INFO] [client-8] Round 25 — receiving model…
18:10:03 [INFO] [client-1] Round 24 done — loss=1.0229 acc=0.4842  2.2s
18:10:03 [INFO] [client-1] Round 25 — receiving model…
18:10:03 [INFO] Round 24/50  acc=0.5032  loss=1.0305  1.7s  clients=10
18:10:03 [INFO] Round 25 — sending model to 10 clients…
18:10:03 [INFO] [client-7] Round 25 — training locally…
18:10:03 [INFO] [client-7] Round 25 — sending update…
18:10:03 [INFO] [client-6] Round 25 — training locally…
18:10:03 [INFO] [client-6] Round 25 — sending update…
18:10:03 [INFO] [client-3] Round 25 — training locally…
18:10:04 [INFO] [client-3] Round 25 — sending update…
18:10:04 [INFO] [client-5] Round 25 — training locally…
18:10:04 [INFO] [client-5] Round 25 — sending update…
18:10:04 [INFO] [client-8] Round 25 — training locally…
18:10:04 [INFO] [client-8] Round 25 — sending update…
18:10:04 [INFO] [client-1] Round 25 — training locally…
18:10:04 [INFO] [client-1] Round 25 — sending update…
18:10:04 [INFO] [client-2] Round 25 — training locally…
18:10:04 [INFO] [client-2] Round 25 — sending update…
18:10:04 [INFO] [client-9] Round 25 — training locally…
18:10:04 [INFO] [client-9] Round 25 — sending update…
18:10:04 [INFO] [client-7] Round 25 done — loss=1.0263 acc=0.4891  1.5s
18:10:04 [INFO] [client-7] Round 26 — receiving model…
18:10:04 [INFO] [client-6] Round 25 done — loss=1.0255 acc=0.4888  1.6s
18:10:04 [INFO] [client-6] Round 26 — receiving model…
18:10:04 [INFO] [client-3] Round 25 done — loss=1.0268 acc=0.4702  1.5s
18:10:04 [INFO] [client-3] Round 26 — receiving model…
18:10:04 [INFO] [client-5] Round 25 done — loss=1.0201 acc=0.5000  1.8s
18:10:04 [INFO] [client-5] Round 26 — receiving model…
18:10:04 [INFO] [client-8] Round 25 done — loss=1.0201 acc=0.4824  1.3s
18:10:04 [INFO] [client-8] Round 26 — receiving model…
18:10:04 [INFO] [client-1] Round 25 done — loss=1.0187 acc=0.4951  1.3s
18:10:04 [INFO] [client-1] Round 26 — receiving model…
18:10:04 [INFO] [client-2] Round 25 done — loss=1.0240 acc=0.4944  1.7s
18:10:04 [INFO] [client-2] Round 26 — receiving model…
18:10:04 [INFO] Round 25 — waiting for 10 updates…
18:10:04 [INFO] [client-9] Round 25 done — loss=1.0239 acc=0.4800  1.8s
18:10:04 [INFO] [client-9] Round 26 — receiving model…
18:10:04 [INFO] [client-0] Round 25 — training locally…
18:10:05 [INFO] [client-0] Round 25 — sending update…
18:10:05 [INFO] [client-4] Round 25 — training locally…
18:10:05 [INFO] [client-4] Round 25 — sending update…
18:10:05 [INFO] [client-0] Round 25 done — loss=1.0236 acc=0.4870  2.0s
18:10:05 [INFO] [client-0] Round 26 — receiving model…
18:10:05 [INFO] [client-4] Round 25 done — loss=1.0200 acc=0.4930  2.2s
18:10:05 [INFO] [client-4] Round 26 — receiving model…
18:10:05 [INFO] Round 25/50  acc=0.5018  loss=1.0255  1.7s  clients=10
18:10:05 [INFO] Round 26 — sending model to 10 clients…
18:10:05 [INFO] [client-3] Round 26 — training locally…
18:10:05 [INFO] [client-3] Round 26 — sending update…
18:10:05 [INFO] [client-2] Round 26 — training locally…
18:10:05 [INFO] [client-2] Round 26 — sending update…
18:10:05 [INFO] [client-0] Round 26 — training locally…
18:10:05 [INFO] [client-0] Round 26 — sending update…
18:10:05 [INFO] [client-9] Round 26 — training locally…
18:10:05 [INFO] [client-9] Round 26 — sending update…
18:10:05 [INFO] [client-6] Round 26 — training locally…
18:10:06 [INFO] [client-6] Round 26 — sending update…
18:10:06 [INFO] [client-7] Round 26 — training locally…
18:10:06 [INFO] [client-7] Round 26 — sending update…
18:10:06 [INFO] [client-1] Round 26 — training locally…
18:10:06 [INFO] [client-1] Round 26 — sending update…
18:10:06 [INFO] [client-8] Round 26 — training locally…
18:10:06 [INFO] [client-8] Round 26 — sending update…
18:10:06 [INFO] [client-3] Round 26 done — loss=1.0308 acc=0.4666  1.6s
18:10:06 [INFO] [client-3] Round 27 — receiving model…
18:10:06 [INFO] [client-2] Round 26 done — loss=1.0164 acc=0.4919  1.5s
18:10:06 [INFO] [client-2] Round 27 — receiving model…
18:10:06 [INFO] [client-0] Round 26 done — loss=1.0209 acc=0.4898  1.2s
18:10:06 [INFO] [client-0] Round 27 — receiving model…
18:10:06 [INFO] [client-9] Round 26 done — loss=1.0237 acc=0.4835  1.5s
18:10:06 [INFO] [client-9] Round 27 — receiving model…
18:10:06 [INFO] [client-6] Round 26 done — loss=1.0238 acc=0.4782  1.8s
18:10:06 [INFO] [client-6] Round 27 — receiving model…
18:10:06 [INFO] [client-7] Round 26 done — loss=1.0294 acc=0.4761  1.8s
18:10:06 [INFO] [client-7] Round 27 — receiving model…
18:10:06 [INFO] [client-1] Round 26 done — loss=1.0185 acc=0.4930  1.7s
18:10:06 [INFO] [client-1] Round 27 — receiving model…
18:10:06 [INFO] Round 26 — waiting for 10 updates…
18:10:06 [INFO] [client-8] Round 26 done — loss=1.0197 acc=0.4810  1.8s
18:10:06 [INFO] [client-8] Round 27 — receiving model…
18:10:06 [INFO] [client-5] Round 26 — training locally…
18:10:06 [INFO] [client-5] Round 26 — sending update…
18:10:06 [INFO] [client-4] Round 26 — training locally…
18:10:06 [INFO] [client-4] Round 26 — sending update…
18:10:06 [INFO] [client-5] Round 26 done — loss=1.0155 acc=0.4954  2.1s
18:10:06 [INFO] [client-5] Round 27 — receiving model…
18:10:06 [INFO] [client-4] Round 26 done — loss=1.0189 acc=0.4961  1.7s
18:10:06 [INFO] [client-4] Round 27 — receiving model…
18:10:07 [INFO] Round 26/50  acc=0.5018  loss=1.0263  1.7s  clients=10
18:10:07 [INFO] Round 27 — sending model to 10 clients…
18:10:07 [INFO] [client-7] Round 27 — training locally…
18:10:07 [INFO] [client-7] Round 27 — sending update…
18:10:07 [INFO] [client-8] Round 27 — training locally…
18:10:07 [INFO] [client-8] Round 27 — sending update…
18:10:07 [INFO] [client-6] Round 27 — training locally…
18:10:07 [INFO] [client-6] Round 27 — sending update…
18:10:07 [INFO] [client-9] Round 27 — training locally…
18:10:07 [INFO] [client-9] Round 27 — sending update…
18:10:07 [INFO] [client-3] Round 27 — training locally…
18:10:07 [INFO] [client-3] Round 27 — sending update…
18:10:07 [INFO] [client-4] Round 27 — training locally…
18:10:07 [INFO] [client-4] Round 27 — sending update…
18:10:07 [INFO] [client-5] Round 27 — training locally…
18:10:07 [INFO] [client-5] Round 27 — sending update…
18:10:07 [INFO] [client-1] Round 27 — training locally…
18:10:08 [INFO] [client-1] Round 27 — sending update…
18:10:08 [INFO] [client-7] Round 27 done — loss=1.0255 acc=0.4867  1.5s
18:10:08 [INFO] [client-7] Round 28 — receiving model…
18:10:08 [INFO] [client-8] Round 27 done — loss=1.0226 acc=0.4895  1.5s
18:10:08 [INFO] [client-8] Round 28 — receiving model…
18:10:08 [INFO] [client-6] Round 27 done — loss=1.0326 acc=0.4835  1.6s
18:10:08 [INFO] [client-6] Round 28 — receiving model…
18:10:08 [INFO] [client-9] Round 27 done — loss=1.0259 acc=0.4803  1.7s
18:10:08 [INFO] [client-9] Round 28 — receiving model…
18:10:08 [INFO] [client-3] Round 27 done — loss=1.0294 acc=0.4614  1.8s
18:10:08 [INFO] [client-3] Round 28 — receiving model…
18:10:08 [INFO] [client-4] Round 27 done — loss=1.0221 acc=0.4937  1.3s
18:10:08 [INFO] [client-4] Round 28 — receiving model…
18:10:08 [INFO] [client-5] Round 27 done — loss=1.0172 acc=0.4891  1.3s
18:10:08 [INFO] [client-5] Round 28 — receiving model…
18:10:08 [INFO] Round 27 — waiting for 10 updates…
18:10:08 [INFO] [client-1] Round 27 done — loss=1.0175 acc=0.4923  1.7s
18:10:08 [INFO] [client-1] Round 28 — receiving model…
18:10:08 [INFO] [client-2] Round 27 — training locally…
18:10:08 [INFO] [client-2] Round 27 — sending update…
18:10:08 [INFO] [client-0] Round 27 — training locally…
18:10:08 [INFO] [client-0] Round 27 — sending update…
18:10:08 [INFO] [client-2] Round 27 done — loss=1.0204 acc=0.4926  2.1s
18:10:08 [INFO] [client-2] Round 28 — receiving model…
18:10:08 [INFO] [client-0] Round 27 done — loss=1.0199 acc=0.4905  2.2s
18:10:08 [INFO] [client-0] Round 28 — receiving model…
18:10:08 [INFO] Round 27/50  acc=0.5041  loss=1.0225  1.7s  clients=10
18:10:08 [INFO] Round 28 — sending model to 10 clients…
18:10:08 [INFO] [client-1] Round 28 — training locally…
18:10:08 [INFO] [client-1] Round 28 — sending update…
18:10:08 [INFO] [client-3] Round 28 — training locally…
18:10:08 [INFO] [client-3] Round 28 — sending update…
18:10:08 [INFO] [client-0] Round 28 — training locally…
18:10:09 [INFO] [client-0] Round 28 — sending update…
18:10:09 [INFO] [client-2] Round 28 — training locally…
18:10:09 [INFO] [client-2] Round 28 — sending update…
18:10:09 [INFO] [client-4] Round 28 — training locally…
18:10:09 [INFO] [client-4] Round 28 — sending update…
18:10:09 [INFO] [client-9] Round 28 — training locally…
18:10:09 [INFO] [client-9] Round 28 — sending update…
18:10:09 [INFO] [client-5] Round 28 — training locally…
18:10:09 [INFO] [client-5] Round 28 — sending update…
18:10:09 [INFO] [client-8] Round 28 — training locally…
18:10:09 [INFO] [client-8] Round 28 — sending update…
18:10:09 [INFO] [client-1] Round 28 done — loss=1.0128 acc=0.4975  1.5s
18:10:09 [INFO] [client-1] Round 29 — receiving model…
18:10:09 [INFO] [client-3] Round 28 done — loss=1.0311 acc=0.4663  1.6s
18:10:09 [INFO] [client-3] Round 29 — receiving model…
18:10:09 [INFO] [client-0] Round 28 done — loss=1.0186 acc=0.4951  1.2s
18:10:09 [INFO] [client-0] Round 29 — receiving model…
18:10:09 [INFO] [client-2] Round 28 done — loss=1.0193 acc=0.4979  1.3s
18:10:09 [INFO] [client-2] Round 29 — receiving model…
18:10:09 [INFO] [client-4] Round 28 done — loss=1.0241 acc=0.4937  1.6s
18:10:09 [INFO] [client-4] Round 29 — receiving model…
18:10:09 [INFO] [client-9] Round 28 done — loss=1.0257 acc=0.4786  1.7s
18:10:09 [INFO] [client-9] Round 29 — receiving model…
18:10:09 [INFO] [client-5] Round 28 done — loss=1.0191 acc=0.4972  1.7s
18:10:09 [INFO] [client-5] Round 29 — receiving model…
18:10:09 [INFO] Round 28 — waiting for 10 updates…
18:10:09 [INFO] [client-8] Round 28 done — loss=1.0257 acc=0.4758  1.8s
18:10:09 [INFO] [client-8] Round 29 — receiving model…
18:10:09 [INFO] [client-6] Round 28 — training locally…
18:10:10 [INFO] [client-6] Round 28 — sending update…
18:10:10 [INFO] [client-7] Round 28 — training locally…
18:10:10 [INFO] [client-7] Round 28 — sending update…
18:10:10 [INFO] [client-6] Round 28 done — loss=1.0245 acc=0.4786  2.2s
18:10:10 [INFO] [client-6] Round 29 — receiving model…
18:10:10 [INFO] [client-7] Round 28 done — loss=1.0257 acc=0.4877  2.3s
18:10:10 [INFO] [client-7] Round 29 — receiving model…
18:10:10 [INFO] Round 28/50  acc=0.5021  loss=1.0246  1.7s  clients=10
18:10:10 [INFO] Round 29 — sending model to 10 clients…
18:10:10 [INFO] [client-4] Round 29 — training locally…
18:10:10 [INFO] [client-4] Round 29 — sending update…
18:10:10 [INFO] [client-8] Round 29 — training locally…
18:10:10 [INFO] [client-8] Round 29 — sending update…
18:10:10 [INFO] [client-1] Round 29 — training locally…
18:10:10 [INFO] [client-1] Round 29 — sending update…
18:10:10 [INFO] [client-7] Round 29 — training locally…
18:10:10 [INFO] [client-7] Round 29 — sending update…
18:10:10 [INFO] [client-5] Round 29 — training locally…
18:10:11 [INFO] [client-5] Round 29 — sending update…
18:10:11 [INFO] [client-0] Round 29 — training locally…
18:10:11 [INFO] [client-0] Round 29 — sending update…
18:10:11 [INFO] [client-9] Round 29 — training locally…
18:10:11 [INFO] [client-9] Round 29 — sending update…
18:10:11 [INFO] [client-3] Round 29 — training locally…
18:10:11 [INFO] [client-3] Round 29 — sending update…
18:10:11 [INFO] [client-4] Round 29 done — loss=1.0201 acc=0.4891  1.6s
18:10:11 [INFO] [client-4] Round 30 — receiving model…
18:10:11 [INFO] [client-8] Round 29 done — loss=1.0241 acc=0.4849  1.6s
18:10:11 [INFO] [client-8] Round 30 — receiving model…
18:10:11 [INFO] [client-1] Round 29 done — loss=1.0148 acc=0.4958  1.8s
18:10:11 [INFO] [client-1] Round 30 — receiving model…
18:10:11 [INFO] [client-7] Round 29 done — loss=1.0225 acc=0.4838  1.2s
18:10:11 [INFO] [client-7] Round 30 — receiving model…
18:10:11 [INFO] [client-5] Round 29 done — loss=1.0180 acc=0.4909  1.7s
18:10:11 [INFO] [client-5] Round 30 — receiving model…
18:10:11 [INFO] [client-0] Round 29 done — loss=1.0169 acc=0.4923  1.8s
18:10:11 [INFO] [client-0] Round 30 — receiving model…
18:10:11 [INFO] [client-9] Round 29 done — loss=1.0259 acc=0.4758  1.8s
18:10:11 [INFO] [client-9] Round 30 — receiving model…
18:10:11 [INFO] Round 29 — waiting for 10 updates…
18:10:11 [INFO] [client-3] Round 29 done — loss=1.0289 acc=0.4702  1.9s
18:10:11 [INFO] [client-3] Round 30 — receiving model…
18:10:11 [INFO] [client-6] Round 29 — training locally…
18:10:11 [INFO] [client-6] Round 29 — sending update…
18:10:11 [INFO] [client-2] Round 29 — training locally…
18:10:11 [INFO] [client-2] Round 29 — sending update…
18:10:12 [INFO] [client-6] Round 29 done — loss=1.0260 acc=0.4782  1.7s
18:10:12 [INFO] [client-6] Round 30 — receiving model…
18:10:12 [INFO] [client-2] Round 29 done — loss=1.0206 acc=0.5000  2.2s
18:10:12 [INFO] [client-2] Round 30 — receiving model…
18:10:12 [INFO] Round 29/50  acc=0.5041  loss=1.0208  1.7s  clients=10
18:10:12 [INFO] Round 30 — sending model to 10 clients…
18:10:12 [INFO] [client-4] Round 30 — training locally…
18:10:12 [INFO] [client-4] Round 30 — sending update…
18:10:12 [INFO] [client-8] Round 30 — training locally…
18:10:12 [INFO] [client-8] Round 30 — sending update…
18:10:12 [INFO] [client-3] Round 30 — training locally…
18:10:12 [INFO] [client-3] Round 30 — sending update…
18:10:12 [INFO] [client-9] Round 30 — training locally…
18:10:12 [INFO] [client-9] Round 30 — sending update…
18:10:12 [INFO] [client-5] Round 30 — training locally…
18:10:12 [INFO] [client-5] Round 30 — sending update…
18:10:12 [INFO] [client-7] Round 30 — training locally…
18:10:12 [INFO] [client-7] Round 30 — sending update…
18:10:12 [INFO] [client-0] Round 30 — training locally…
18:10:13 [INFO] [client-0] Round 30 — sending update…
18:10:13 [INFO] [client-2] Round 30 — training locally…
18:10:13 [INFO] [client-2] Round 30 — sending update…
18:10:13 [INFO] [client-4] Round 30 done — loss=1.0175 acc=0.4926  1.7s
18:10:13 [INFO] [client-4] Round 31 — receiving model…
18:10:13 [INFO] [client-8] Round 30 done — loss=1.0237 acc=0.4800  1.7s
18:10:13 [INFO] [client-8] Round 31 — receiving model…
18:10:13 [INFO] [client-3] Round 30 done — loss=1.0280 acc=0.4733  1.5s
18:10:13 [INFO] [client-3] Round 31 — receiving model…
18:10:13 [INFO] [client-9] Round 30 done — loss=1.0229 acc=0.4860  1.6s
18:10:13 [INFO] [client-9] Round 31 — receiving model…
18:10:13 [INFO] [client-5] Round 30 done — loss=1.0184 acc=0.4947  1.7s
18:10:13 [INFO] [client-5] Round 31 — receiving model…
18:10:13 [INFO] [client-7] Round 30 done — loss=1.0260 acc=0.4821  1.7s
18:10:13 [INFO] [client-7] Round 31 — receiving model…
18:10:13 [INFO] [client-0] Round 30 done — loss=1.0184 acc=0.4912  1.7s
18:10:13 [INFO] [client-0] Round 31 — receiving model…
18:10:13 [INFO] Round 30 — waiting for 10 updates…
18:10:13 [INFO] [client-2] Round 30 done — loss=1.0237 acc=0.4902  1.3s
18:10:13 [INFO] [client-2] Round 31 — receiving model…
18:10:13 [INFO] [client-6] Round 30 — training locally…
18:10:13 [INFO] [client-6] Round 30 — sending update…
18:10:13 [INFO] [client-1] Round 30 — training locally…
18:10:13 [INFO] [client-1] Round 30 — sending update…
18:10:13 [INFO] [client-6] Round 30 done — loss=1.0219 acc=0.4881  1.7s
18:10:13 [INFO] [client-6] Round 31 — receiving model…
18:10:13 [INFO] [client-1] Round 30 done — loss=1.0189 acc=0.4916  2.2s
18:10:13 [INFO] [client-1] Round 31 — receiving model…
18:10:13 [INFO] Round 30/50  acc=0.5038  loss=1.0228  1.7s  clients=10
18:10:13 [INFO] Round 31 — sending model to 10 clients…
18:10:13 [INFO] [client-4] Round 31 — training locally…
18:10:13 [INFO] [client-4] Round 31 — sending update…
18:10:13 [INFO] [client-5] Round 31 — training locally…
18:10:14 [INFO] [client-5] Round 31 — sending update…
18:10:14 [INFO] [client-0] Round 31 — training locally…
18:10:14 [INFO] [client-0] Round 31 — sending update…
18:10:14 [INFO] [client-7] Round 31 — training locally…
18:10:14 [INFO] [client-7] Round 31 — sending update…
18:10:14 [INFO] [client-6] Round 31 — training locally…
18:10:14 [INFO] [client-6] Round 31 — sending update…
18:10:14 [INFO] [client-2] Round 31 — training locally…
18:10:14 [INFO] [client-2] Round 31 — sending update…
18:10:14 [INFO] [client-3] Round 31 — training locally…
18:10:14 [INFO] [client-3] Round 31 — sending update…
18:10:14 [INFO] [client-1] Round 31 — training locally…
18:10:14 [INFO] [client-1] Round 31 — sending update…
18:10:14 [INFO] [client-4] Round 31 done — loss=1.0244 acc=0.4940  1.7s
18:10:14 [INFO] [client-4] Round 32 — receiving model…
18:10:14 [INFO] [client-5] Round 31 done — loss=1.0209 acc=0.4891  1.6s
18:10:14 [INFO] [client-5] Round 32 — receiving model…
18:10:14 [INFO] [client-0] Round 31 done — loss=1.0226 acc=0.4860  1.5s
18:10:14 [INFO] [client-0] Round 32 — receiving model…
18:10:14 [INFO] [client-7] Round 31 done — loss=1.0243 acc=0.4786  1.6s
18:10:14 [INFO] [client-7] Round 32 — receiving model…
18:10:14 [INFO] [client-6] Round 31 done — loss=1.0237 acc=0.4824  1.3s
18:10:14 [INFO] [client-6] Round 32 — receiving model…
18:10:15 [INFO] [client-2] Round 31 done — loss=1.0199 acc=0.4951  1.6s
18:10:15 [INFO] [client-2] Round 32 — receiving model…
18:10:15 [INFO] [client-3] Round 31 done — loss=1.0318 acc=0.4610  1.8s
18:10:15 [INFO] [client-3] Round 32 — receiving model…
18:10:15 [INFO] Round 31 — waiting for 10 updates…
18:10:15 [INFO] [client-1] Round 31 done — loss=1.0176 acc=0.4821  1.3s
18:10:15 [INFO] [client-1] Round 32 — receiving model…
18:10:15 [INFO] [client-8] Round 31 — training locally…
18:10:15 [INFO] [client-8] Round 31 — sending update…
18:10:15 [INFO] [client-9] Round 31 — training locally…
18:10:15 [INFO] [client-9] Round 31 — sending update…
18:10:15 [INFO] [client-8] Round 31 done — loss=1.0197 acc=0.4912  2.1s
18:10:15 [INFO] [client-8] Round 32 — receiving model…
18:10:15 [INFO] [client-9] Round 31 done — loss=1.0261 acc=0.4807  2.1s
18:10:15 [INFO] [client-9] Round 32 — receiving model…
18:10:15 [INFO] Round 31/50  acc=0.5032  loss=1.0290  1.7s  clients=10
18:10:15 [INFO] Round 32 — sending model to 10 clients…
18:10:15 [INFO] [client-6] Round 32 — training locally…
18:10:15 [INFO] [client-6] Round 32 — sending update…
18:10:15 [INFO] [client-0] Round 32 — training locally…
18:10:15 [INFO] [client-0] Round 32 — sending update…
18:10:15 [INFO] [client-5] Round 32 — training locally…
18:10:15 [INFO] [client-5] Round 32 — sending update…
18:10:15 [INFO] [client-3] Round 32 — training locally…
18:10:15 [INFO] [client-3] Round 32 — sending update…
18:10:15 [INFO] [client-9] Round 32 — training locally…
18:10:16 [INFO] [client-9] Round 32 — sending update…
18:10:16 [INFO] [client-8] Round 32 — training locally…
18:10:16 [INFO] [client-8] Round 32 — sending update…
18:10:16 [INFO] [client-7] Round 32 — training locally…
18:10:16 [INFO] [client-7] Round 32 — sending update…
18:10:16 [INFO] [client-2] Round 32 — training locally…
18:10:16 [INFO] [client-2] Round 32 — sending update…
18:10:16 [INFO] [client-6] Round 32 done — loss=1.0223 acc=0.4898  1.5s
18:10:16 [INFO] [client-6] Round 33 — receiving model…
18:10:16 [INFO] [client-0] Round 32 done — loss=1.0186 acc=0.4930  1.6s
18:10:16 [INFO] [client-0] Round 33 — receiving model…
18:10:16 [INFO] [client-5] Round 32 done — loss=1.0196 acc=0.4961  1.7s
18:10:16 [INFO] [client-5] Round 33 — receiving model…
18:10:16 [INFO] [client-3] Round 32 done — loss=1.0238 acc=0.4649  1.6s
18:10:16 [INFO] [client-3] Round 33 — receiving model…
18:10:16 [INFO] [client-9] Round 32 done — loss=1.0292 acc=0.4786  1.2s
18:10:16 [INFO] [client-9] Round 33 — receiving model…
18:10:16 [INFO] [client-8] Round 32 done — loss=1.0236 acc=0.4824  1.3s
18:10:16 [INFO] [client-8] Round 33 — receiving model…
18:10:16 [INFO] [client-7] Round 32 done — loss=1.0207 acc=0.4807  1.8s
18:10:16 [INFO] [client-7] Round 33 — receiving model…
18:10:16 [INFO] Round 32 — waiting for 10 updates…
18:10:16 [INFO] [client-2] Round 32 done — loss=1.0214 acc=0.4944  1.7s
18:10:16 [INFO] [client-2] Round 33 — receiving model…
18:10:16 [INFO] [client-4] Round 32 — training locally…
18:10:16 [INFO] [client-4] Round 32 — sending update…
18:10:16 [INFO] [client-1] Round 32 — training locally…
18:10:16 [INFO] [client-1] Round 32 — sending update…
18:10:17 [INFO] [client-4] Round 32 done — loss=1.0172 acc=0.4947  2.2s
18:10:17 [INFO] [client-4] Round 33 — receiving model…
18:10:17 [INFO] [client-1] Round 32 done — loss=1.0179 acc=0.4944  2.0s
18:10:17 [INFO] [client-1] Round 33 — receiving model…
18:10:17 [INFO] Round 32/50  acc=0.5046  loss=1.0262  1.7s  clients=10
18:10:17 [INFO] Round 33 — sending model to 10 clients…
18:10:17 [INFO] [client-0] Round 33 — training locally…
18:10:17 [INFO] [client-0] Round 33 — sending update…
18:10:17 [INFO] [client-1] Round 33 — training locally…
18:10:17 [INFO] [client-1] Round 33 — sending update…
18:10:17 [INFO] [client-9] Round 33 — training locally…
18:10:17 [INFO] [client-9] Round 33 — sending update…
18:10:17 [INFO] [client-7] Round 33 — training locally…
18:10:17 [INFO] [client-7] Round 33 — sending update…
18:10:17 [INFO] [client-8] Round 33 — training locally…
18:10:17 [INFO] [client-8] Round 33 — sending update…
18:10:17 [INFO] [client-5] Round 33 — training locally…
18:10:17 [INFO] [client-5] Round 33 — sending update…
18:10:17 [INFO] [client-2] Round 33 — training locally…
18:10:18 [INFO] [client-2] Round 33 — sending update…
18:10:18 [INFO] [client-3] Round 33 — training locally…
18:10:18 [INFO] [client-3] Round 33 — sending update…
18:10:18 [INFO] [client-0] Round 33 done — loss=1.0163 acc=0.4916  1.6s
18:10:18 [INFO] [client-0] Round 34 — receiving model…
18:10:18 [INFO] [client-1] Round 33 done — loss=1.0133 acc=0.5021  1.2s
18:10:18 [INFO] [client-1] Round 34 — receiving model…
18:10:18 [INFO] [client-9] Round 33 done — loss=1.0285 acc=0.4853  1.6s
18:10:18 [INFO] [client-9] Round 34 — receiving model…
18:10:18 [INFO] [client-7] Round 33 done — loss=1.0318 acc=0.4744  1.6s
18:10:18 [INFO] [client-7] Round 34 — receiving model…
18:10:18 [INFO] [client-8] Round 33 done — loss=1.0202 acc=0.4849  1.6s
18:10:18 [INFO] [client-8] Round 34 — receiving model…
18:10:18 [INFO] [client-5] Round 33 done — loss=1.0234 acc=0.4933  1.8s
18:10:18 [INFO] [client-5] Round 34 — receiving model…
18:10:18 [INFO] [client-2] Round 33 done — loss=1.0217 acc=0.4902  1.6s
18:10:18 [INFO] [client-2] Round 34 — receiving model…
18:10:18 [INFO] Round 33 — waiting for 10 updates…
18:10:18 [INFO] [client-3] Round 33 done — loss=1.0266 acc=0.4698  1.8s
18:10:18 [INFO] [client-3] Round 34 — receiving model…
18:10:18 [INFO] [client-4] Round 33 — training locally…
18:10:18 [INFO] [client-4] Round 33 — sending update…
18:10:18 [INFO] [client-6] Round 33 — training locally…
18:10:18 [INFO] [client-6] Round 33 — sending update…
18:10:18 [INFO] [client-4] Round 33 done — loss=1.0214 acc=0.4842  1.7s
18:10:18 [INFO] [client-4] Round 34 — receiving model…
18:10:18 [INFO] [client-6] Round 33 done — loss=1.0237 acc=0.4723  2.2s
18:10:18 [INFO] [client-6] Round 34 — receiving model…
18:10:18 [INFO] Round 33/50  acc=0.5038  loss=1.0220  1.7s  clients=10
18:10:18 [INFO] Round 34 — sending model to 10 clients…
18:10:18 [INFO] [client-8] Round 34 — training locally…
18:10:18 [INFO] [client-8] Round 34 — sending update…
18:10:18 [INFO] [client-9] Round 34 — training locally…
18:10:19 [INFO] [client-9] Round 34 — sending update…
18:10:19 [INFO] [client-5] Round 34 — training locally…
18:10:19 [INFO] [client-5] Round 34 — sending update…
18:10:19 [INFO] [client-1] Round 34 — training locally…
18:10:19 [INFO] [client-1] Round 34 — sending update…
18:10:19 [INFO] [client-7] Round 34 — training locally…
18:10:19 [INFO] [client-7] Round 34 — sending update…
18:10:19 [INFO] [client-6] Round 34 — training locally…
18:10:19 [INFO] [client-6] Round 34 — sending update…
18:10:19 [INFO] [client-2] Round 34 — training locally…
18:10:19 [INFO] [client-2] Round 34 — sending update…
18:10:19 [INFO] [client-4] Round 34 — training locally…
18:10:19 [INFO] [client-4] Round 34 — sending update…
18:10:19 [INFO] [client-8] Round 34 done — loss=1.0215 acc=0.4765  1.6s
18:10:19 [INFO] [client-8] Round 35 — receiving model…
18:10:19 [INFO] [client-9] Round 34 done — loss=1.0191 acc=0.4856  1.6s
18:10:19 [INFO] [client-9] Round 35 — receiving model…
18:10:19 [INFO] [client-5] Round 34 done — loss=1.0160 acc=0.5007  1.6s
18:10:19 [INFO] [client-5] Round 35 — receiving model…
18:10:19 [INFO] [client-1] Round 34 done — loss=1.0159 acc=0.4909  1.7s
18:10:19 [INFO] [client-1] Round 35 — receiving model…
18:10:19 [INFO] [client-7] Round 34 done — loss=1.0303 acc=0.4895  1.7s
18:10:19 [INFO] [client-7] Round 35 — receiving model…
18:10:20 [INFO] [client-6] Round 34 done — loss=1.0262 acc=0.4800  1.3s
18:10:20 [INFO] [client-6] Round 35 — receiving model…
18:10:20 [INFO] [client-2] Round 34 done — loss=1.0209 acc=0.4933  1.7s
18:10:20 [INFO] [client-2] Round 35 — receiving model…
18:10:20 [INFO] Round 34 — waiting for 10 updates…
18:10:20 [INFO] [client-4] Round 34 done — loss=1.0168 acc=0.4884  1.4s
18:10:20 [INFO] [client-4] Round 35 — receiving model…
18:10:20 [INFO] [client-3] Round 34 — training locally…
18:10:20 [INFO] [client-3] Round 34 — sending update…
18:10:20 [INFO] [client-0] Round 34 — training locally…
18:10:20 [INFO] [client-0] Round 34 — sending update…
18:10:20 [INFO] [client-3] Round 34 done — loss=1.0267 acc=0.4702  2.0s
18:10:20 [INFO] [client-3] Round 35 — receiving model…
18:10:20 [INFO] [client-0] Round 34 done — loss=1.0206 acc=0.4986  2.2s
18:10:20 [INFO] [client-0] Round 35 — receiving model…
18:10:20 [INFO] Round 34/50  acc=0.5024  loss=1.0301  1.7s  clients=10
18:10:20 [INFO] Round 35 — sending model to 10 clients…
18:10:20 [INFO] [client-2] Round 35 — training locally…
18:10:20 [INFO] [client-2] Round 35 — sending update…
18:10:20 [INFO] [client-8] Round 35 — training locally…
18:10:20 [INFO] [client-8] Round 35 — sending update…
18:10:20 [INFO] [client-0] Round 35 — training locally…
18:10:20 [INFO] [client-0] Round 35 — sending update…
18:10:20 [INFO] [client-4] Round 35 — training locally…
18:10:20 [INFO] [client-4] Round 35 — sending update…
18:10:20 [INFO] [client-3] Round 35 — training locally…
18:10:21 [INFO] [client-3] Round 35 — sending update…
18:10:21 [INFO] [client-9] Round 35 — training locally…
18:10:21 [INFO] [client-9] Round 35 — sending update…
18:10:21 [INFO] [client-6] Round 35 — training locally…
18:10:21 [INFO] [client-6] Round 35 — sending update…
18:10:21 [INFO] [client-1] Round 35 — training locally…
18:10:21 [INFO] [client-1] Round 35 — sending update…
18:10:21 [INFO] [client-2] Round 35 done — loss=1.0238 acc=0.4905  1.5s
18:10:21 [INFO] [client-2] Round 36 — receiving model…
18:10:21 [INFO] [client-8] Round 35 done — loss=1.0264 acc=0.4828  1.7s
18:10:21 [INFO] [client-8] Round 36 — receiving model…
18:10:21 [INFO] [client-0] Round 35 done — loss=1.0189 acc=0.4902  1.2s
18:10:21 [INFO] [client-0] Round 36 — receiving model…
18:10:21 [INFO] [client-4] Round 35 done — loss=1.0224 acc=0.4881  1.5s
18:10:21 [INFO] [client-4] Round 36 — receiving model…
18:10:21 [INFO] [client-3] Round 35 done — loss=1.0300 acc=0.4740  1.3s
18:10:21 [INFO] [client-3] Round 36 — receiving model…
18:10:21 [INFO] [client-9] Round 35 done — loss=1.0278 acc=0.4807  1.8s
18:10:21 [INFO] [client-9] Round 36 — receiving model…
18:10:21 [INFO] [client-6] Round 35 done — loss=1.0244 acc=0.4747  1.8s
18:10:21 [INFO] [client-6] Round 36 — receiving model…
18:10:21 [INFO] Round 35 — waiting for 10 updates…
18:10:21 [INFO] [client-1] Round 35 done — loss=1.0178 acc=0.4860  1.9s
18:10:21 [INFO] [client-1] Round 36 — receiving model…
18:10:21 [INFO] [client-5] Round 35 — training locally…
18:10:21 [INFO] [client-5] Round 35 — sending update…
18:10:21 [INFO] [client-7] Round 35 — training locally…
18:10:22 [INFO] [client-7] Round 35 — sending update…
18:10:22 [INFO] [client-5] Round 35 done — loss=1.0237 acc=0.4853  2.2s
18:10:22 [INFO] [client-5] Round 36 — receiving model…
18:10:22 [INFO] [client-7] Round 35 done — loss=1.0334 acc=0.4751  2.2s
18:10:22 [INFO] [client-7] Round 36 — receiving model…
18:10:22 [INFO] Round 35/50  acc=0.5029  loss=1.0284  1.7s  clients=10
18:10:22 [INFO] Round 36 — sending model to 10 clients…
18:10:22 [INFO] [client-4] Round 36 — training locally…
18:10:22 [INFO] [client-4] Round 36 — sending update…
18:10:22 [INFO] [client-2] Round 36 — training locally…
18:10:22 [INFO] [client-2] Round 36 — sending update…
18:10:22 [INFO] [client-1] Round 36 — training locally…
18:10:22 [INFO] [client-1] Round 36 — sending update…
18:10:22 [INFO] [client-7] Round 36 — training locally…
18:10:22 [INFO] [client-7] Round 36 — sending update…
18:10:22 [INFO] [client-3] Round 36 — training locally…
18:10:22 [INFO] [client-3] Round 36 — sending update…
18:10:22 [INFO] [client-5] Round 36 — training locally…
18:10:22 [INFO] [client-5] Round 36 — sending update…
18:10:22 [INFO] [client-9] Round 36 — training locally…
18:10:23 [INFO] [client-9] Round 36 — sending update…
18:10:23 [INFO] [client-8] Round 36 — training locally…
18:10:23 [INFO] [client-8] Round 36 — sending update…
18:10:23 [INFO] [client-4] Round 36 done — loss=1.0148 acc=0.4926  1.7s
18:10:23 [INFO] [client-4] Round 37 — receiving model…
18:10:23 [INFO] [client-2] Round 36 done — loss=1.0226 acc=0.4831  1.8s
18:10:23 [INFO] [client-2] Round 37 — receiving model…
18:10:23 [INFO] [client-1] Round 36 done — loss=1.0120 acc=0.4930  1.5s
18:10:23 [INFO] [client-1] Round 37 — receiving model…
18:10:23 [INFO] [client-7] Round 36 done — loss=1.0274 acc=0.4800  1.2s
18:10:23 [INFO] [client-7] Round 37 — receiving model…
18:10:23 [INFO] [client-3] Round 36 done — loss=1.0289 acc=0.4712  1.7s
18:10:23 [INFO] [client-3] Round 37 — receiving model…
18:10:23 [INFO] [client-5] Round 36 done — loss=1.0211 acc=0.4996  1.3s
18:10:23 [INFO] [client-5] Round 37 — receiving model…
18:10:23 [INFO] [client-9] Round 36 done — loss=1.0244 acc=0.4856  1.8s
18:10:23 [INFO] [client-9] Round 37 — receiving model…
18:10:23 [INFO] Round 36 — waiting for 10 updates…
18:10:23 [INFO] [client-8] Round 36 done — loss=1.0281 acc=0.4758  1.9s
18:10:23 [INFO] [client-8] Round 37 — receiving model…
18:10:23 [INFO] [client-6] Round 36 — training locally…
18:10:23 [INFO] [client-6] Round 36 — sending update…
18:10:23 [INFO] [client-0] Round 36 — training locally…
18:10:23 [INFO] [client-0] Round 36 — sending update…
18:10:23 [INFO] [client-6] Round 36 done — loss=1.0169 acc=0.4877  2.0s
18:10:23 [INFO] [client-6] Round 37 — receiving model…
18:10:23 [INFO] [client-0] Round 36 done — loss=1.0249 acc=0.4916  2.2s
18:10:23 [INFO] [client-0] Round 37 — receiving model…
18:10:23 [INFO] Round 36/50  acc=0.5004  loss=1.0288  1.7s  clients=10
18:10:23 [INFO] Round 37 — sending model to 10 clients…
18:10:23 [INFO] [client-7] Round 37 — training locally…
18:10:24 [INFO] [client-7] Round 37 — sending update…
18:10:24 [INFO] [client-2] Round 37 — training locally…
18:10:24 [INFO] [client-2] Round 37 — sending update…
18:10:24 [INFO] [client-6] Round 37 — training locally…
18:10:24 [INFO] [client-6] Round 37 — sending update…
18:10:24 [INFO] [client-1] Round 37 — training locally…
18:10:24 [INFO] [client-1] Round 37 — sending update…
18:10:24 [INFO] [client-4] Round 37 — training locally…
18:10:24 [INFO] [client-4] Round 37 — sending update…
18:10:24 [INFO] [client-8] Round 37 — training locally…
18:10:24 [INFO] [client-8] Round 37 — sending update…
18:10:24 [INFO] [client-3] Round 37 — training locally…
18:10:24 [INFO] [client-3] Round 37 — sending update…
18:10:24 [INFO] [client-0] Round 37 — training locally…
18:10:24 [INFO] [client-0] Round 37 — sending update…
18:10:24 [INFO] [client-7] Round 37 done — loss=1.0242 acc=0.4888  1.6s
18:10:24 [INFO] [client-7] Round 38 — receiving model…
18:10:24 [INFO] [client-2] Round 37 done — loss=1.0166 acc=0.4989  1.7s
18:10:24 [INFO] [client-2] Round 38 — receiving model…
18:10:25 [INFO] [client-6] Round 37 done — loss=1.0219 acc=0.4716  1.2s
18:10:25 [INFO] [client-6] Round 38 — receiving model…
18:10:25 [INFO] [client-1] Round 37 done — loss=1.0190 acc=0.4888  1.7s
18:10:25 [INFO] [client-1] Round 38 — receiving model…
18:10:25 [INFO] [client-4] Round 37 done — loss=1.0163 acc=0.4912  1.8s
18:10:25 [INFO] [client-4] Round 38 — receiving model…
18:10:25 [INFO] [client-8] Round 37 done — loss=1.0218 acc=0.4796  1.6s
18:10:25 [INFO] [client-8] Round 38 — receiving model…
18:10:25 [INFO] [client-3] Round 37 done — loss=1.0261 acc=0.4782  1.7s
18:10:25 [INFO] [client-3] Round 38 — receiving model…
18:10:25 [INFO] Round 37 — waiting for 10 updates…
18:10:25 [INFO] [client-0] Round 37 done — loss=1.0191 acc=0.4958  1.3s
18:10:25 [INFO] [client-0] Round 38 — receiving model…
18:10:25 [INFO] [client-9] Round 37 — training locally…
18:10:25 [INFO] [client-9] Round 37 — sending update…
18:10:25 [INFO] [client-5] Round 37 — training locally…
18:10:25 [INFO] [client-5] Round 37 — sending update…
18:10:25 [INFO] [client-9] Round 37 done — loss=1.0243 acc=0.4761  2.0s
18:10:25 [INFO] [client-9] Round 38 — receiving model…
18:10:25 [INFO] [client-5] Round 37 done — loss=1.0180 acc=0.4937  2.1s
18:10:25 [INFO] [client-5] Round 38 — receiving model…
18:10:25 [INFO] Round 37/50  acc=0.5044  loss=1.0275  1.7s  clients=10
18:10:25 [INFO] Round 38 — sending model to 10 clients…
18:10:25 [INFO] [client-9] Round 38 — training locally…
18:10:25 [INFO] [client-9] Round 38 — sending update…
18:10:25 [INFO] [client-8] Round 38 — training locally…
18:10:25 [INFO] [client-8] Round 38 — sending update…
18:10:25 [INFO] [client-0] Round 38 — training locally…
18:10:25 [INFO] [client-0] Round 38 — sending update…
18:10:25 [INFO] [client-3] Round 38 — training locally…
18:10:26 [INFO] [client-3] Round 38 — sending update…
18:10:26 [INFO] [client-5] Round 38 — training locally…
18:10:26 [INFO] [client-5] Round 38 — sending update…
18:10:26 [INFO] [client-2] Round 38 — training locally…
18:10:26 [INFO] [client-2] Round 38 — sending update…
18:10:26 [INFO] [client-6] Round 38 — training locally…
18:10:26 [INFO] [client-6] Round 38 — sending update…
18:10:26 [INFO] [client-4] Round 38 — training locally…
18:10:26 [INFO] [client-4] Round 38 — sending update…
18:10:26 [INFO] [client-9] Round 38 done — loss=1.0238 acc=0.4821  1.2s
18:10:26 [INFO] [client-9] Round 39 — receiving model…
18:10:26 [INFO] [client-8] Round 38 done — loss=1.0258 acc=0.4698  1.5s
18:10:26 [INFO] [client-8] Round 39 — receiving model…
18:10:26 [INFO] [client-0] Round 38 done — loss=1.0188 acc=0.4930  1.5s
18:10:26 [INFO] [client-0] Round 39 — receiving model…
18:10:26 [INFO] [client-3] Round 38 done — loss=1.0312 acc=0.4624  1.6s
18:10:26 [INFO] [client-3] Round 39 — receiving model…
18:10:26 [INFO] [client-5] Round 38 done — loss=1.0248 acc=0.4895  1.2s
18:10:26 [INFO] [client-5] Round 39 — receiving model…
18:10:26 [INFO] [client-2] Round 38 done — loss=1.0263 acc=0.4923  1.8s
18:10:26 [INFO] [client-2] Round 39 — receiving model…
18:10:26 [INFO] [client-6] Round 38 done — loss=1.0229 acc=0.4803  1.8s
18:10:26 [INFO] [client-6] Round 39 — receiving model…
18:10:26 [INFO] Round 38 — waiting for 10 updates…
18:10:26 [INFO] [client-4] Round 38 done — loss=1.0155 acc=0.4874  1.8s
18:10:26 [INFO] [client-4] Round 39 — receiving model…
18:10:26 [INFO] [client-7] Round 38 — training locally…
18:10:26 [INFO] [client-7] Round 38 — sending update…
18:10:26 [INFO] [client-1] Round 38 — training locally…
18:10:27 [INFO] [client-1] Round 38 — sending update…
18:10:27 [INFO] [client-7] Round 38 done — loss=1.0260 acc=0.4775  2.2s
18:10:27 [INFO] [client-7] Round 39 — receiving model…
18:10:27 [INFO] [client-1] Round 38 done — loss=1.0130 acc=0.4940  2.1s
18:10:27 [INFO] [client-1] Round 39 — receiving model…
18:10:27 [INFO] Round 38/50  acc=0.5010  loss=1.0291  1.7s  clients=10
18:10:27 [INFO] Round 39 — sending model to 10 clients…
18:10:27 [INFO] [client-4] Round 39 — training locally…
18:10:27 [INFO] [client-4] Round 39 — sending update…
18:10:27 [INFO] [client-1] Round 39 — training locally…
18:10:27 [INFO] [client-1] Round 39 — sending update…
18:10:27 [INFO] [client-0] Round 39 — training locally…
18:10:27 [INFO] [client-0] Round 39 — sending update…
18:10:27 [INFO] [client-6] Round 39 — training locally…
18:10:27 [INFO] [client-6] Round 39 — sending update…
18:10:27 [INFO] [client-2] Round 39 — training locally…
18:10:27 [INFO] [client-2] Round 39 — sending update…
18:10:27 [INFO] [client-7] Round 39 — training locally…
18:10:27 [INFO] [client-7] Round 39 — sending update…
18:10:27 [INFO] [client-5] Round 39 — training locally…
18:10:28 [INFO] [client-5] Round 39 — sending update…
18:10:28 [INFO] [client-9] Round 39 — training locally…
18:10:28 [INFO] [client-9] Round 39 — sending update…
18:10:28 [INFO] [client-4] Round 39 done — loss=1.0182 acc=0.4821  1.5s
18:10:28 [INFO] [client-4] Round 40 — receiving model…
18:10:28 [INFO] [client-1] Round 39 done — loss=1.0186 acc=0.4898  1.2s
18:10:28 [INFO] [client-1] Round 40 — receiving model…
18:10:28 [INFO] [client-0] Round 39 done — loss=1.0169 acc=0.4937  1.7s
18:10:28 [INFO] [client-0] Round 40 — receiving model…
18:10:28 [INFO] [client-6] Round 39 done — loss=1.0211 acc=0.4817  1.6s
18:10:28 [INFO] [client-6] Round 40 — receiving model…
18:10:28 [INFO] [client-2] Round 39 done — loss=1.0194 acc=0.4902  1.6s
18:10:28 [INFO] [client-2] Round 40 — receiving model…
18:10:28 [INFO] [client-7] Round 39 done — loss=1.0248 acc=0.4856  1.3s
18:10:28 [INFO] [client-7] Round 40 — receiving model…
18:10:28 [INFO] [client-5] Round 39 done — loss=1.0186 acc=0.4951  1.7s
18:10:28 [INFO] [client-5] Round 40 — receiving model…
18:10:28 [INFO] Round 39 — waiting for 10 updates…
18:10:28 [INFO] [client-9] Round 39 done — loss=1.0257 acc=0.4782  1.9s
18:10:28 [INFO] [client-9] Round 40 — receiving model…
18:10:28 [INFO] [client-8] Round 39 — training locally…
18:10:28 [INFO] [client-8] Round 39 — sending update…
18:10:28 [INFO] [client-3] Round 39 — training locally…
18:10:28 [INFO] [client-3] Round 39 — sending update…
18:10:28 [INFO] [client-8] Round 39 done — loss=1.0201 acc=0.4793  2.1s
18:10:28 [INFO] [client-8] Round 40 — receiving model…
18:10:28 [INFO] [client-3] Round 39 done — loss=1.0335 acc=0.4561  2.1s
18:10:28 [INFO] [client-3] Round 40 — receiving model…
18:10:28 [INFO] Round 39/50  acc=0.4993  loss=1.0269  1.7s  clients=10
18:10:28 [INFO] Round 40 — sending model to 10 clients…
18:10:28 [INFO] [client-3] Round 40 — training locally…
18:10:29 [INFO] [client-3] Round 40 — sending update…
18:10:29 [INFO] [client-9] Round 40 — training locally…
18:10:29 [INFO] [client-9] Round 40 — sending update…
18:10:29 [INFO] [client-6] Round 40 — training locally…
18:10:29 [INFO] [client-6] Round 40 — sending update…
18:10:29 [INFO] [client-7] Round 40 — training locally…
18:10:29 [INFO] [client-7] Round 40 — sending update…
18:10:29 [INFO] [client-8] Round 40 — training locally…
18:10:29 [INFO] [client-8] Round 40 — sending update…
18:10:29 [INFO] [client-2] Round 40 — training locally…
18:10:29 [INFO] [client-2] Round 40 — sending update…
18:10:29 [INFO] [client-0] Round 40 — training locally…
18:10:29 [INFO] [client-0] Round 40 — sending update…
18:10:29 [INFO] [client-1] Round 40 — training locally…
18:10:29 [INFO] [client-1] Round 40 — sending update…
18:10:29 [INFO] [client-3] Round 40 done — loss=1.0225 acc=0.4726  1.1s
18:10:29 [INFO] [client-3] Round 41 — receiving model…
18:10:29 [INFO] [client-9] Round 40 done — loss=1.0246 acc=0.4793  1.5s
18:10:29 [INFO] [client-9] Round 41 — receiving model…
18:10:30 [INFO] [client-6] Round 40 done — loss=1.0216 acc=0.4856  1.6s
18:10:30 [INFO] [client-6] Round 41 — receiving model…
18:10:30 [INFO] [client-7] Round 40 done — loss=1.0257 acc=0.4754  1.6s
18:10:30 [INFO] [client-7] Round 41 — receiving model…
18:10:30 [INFO] [client-8] Round 40 done — loss=1.0188 acc=0.4881  1.3s
18:10:30 [INFO] [client-8] Round 41 — receiving model…
18:10:30 [INFO] [client-2] Round 40 done — loss=1.0170 acc=0.4965  1.7s
18:10:30 [INFO] [client-2] Round 41 — receiving model…
18:10:30 [INFO] [client-0] Round 40 done — loss=1.0197 acc=0.4940  1.8s
18:10:30 [INFO] [client-0] Round 41 — receiving model…
18:10:30 [INFO] Round 40 — waiting for 10 updates…
18:10:30 [INFO] [client-1] Round 40 done — loss=1.0126 acc=0.5060  1.8s
18:10:30 [INFO] [client-1] Round 41 — receiving model…
18:10:30 [INFO] [client-4] Round 40 — training locally…
18:10:30 [INFO] [client-4] Round 40 — sending update…
18:10:30 [INFO] [client-5] Round 40 — training locally…
18:10:30 [INFO] [client-5] Round 40 — sending update…
18:10:30 [INFO] [client-4] Round 40 done — loss=1.0168 acc=0.4919  2.2s
18:10:30 [INFO] [client-4] Round 41 — receiving model…
18:10:30 [INFO] [client-5] Round 40 done — loss=1.0188 acc=0.4989  2.0s
18:10:30 [INFO] [client-5] Round 41 — receiving model…
18:10:30 [INFO] Round 40/50  acc=0.5029  loss=1.0202  1.7s  clients=10
18:10:30 [INFO] Round 41 — sending model to 10 clients…
18:10:30 [INFO] [client-0] Round 41 — training locally…
18:10:30 [INFO] [client-0] Round 41 — sending update…
18:10:30 [INFO] [client-9] Round 41 — training locally…
18:10:30 [INFO] [client-9] Round 41 — sending update…
18:10:30 [INFO] [client-7] Round 41 — training locally…
18:10:30 [INFO] [client-7] Round 41 — sending update…
18:10:30 [INFO] [client-8] Round 41 — training locally…
18:10:31 [INFO] [client-8] Round 41 — sending update…
18:10:31 [INFO] [client-2] Round 41 — training locally…
18:10:31 [INFO] [client-2] Round 41 — sending update…
18:10:31 [INFO] [client-1] Round 41 — training locally…
18:10:31 [INFO] [client-1] Round 41 — sending update…
18:10:31 [INFO] [client-5] Round 41 — training locally…
18:10:31 [INFO] [client-5] Round 41 — sending update…
18:10:31 [INFO] [client-3] Round 41 — training locally…
18:10:31 [INFO] [client-3] Round 41 — sending update…
18:10:31 [INFO] [client-0] Round 41 done — loss=1.0177 acc=0.4958  1.5s
18:10:31 [INFO] [client-0] Round 42 — receiving model…
18:10:31 [INFO] [client-9] Round 41 done — loss=1.0240 acc=0.4814  1.7s
18:10:31 [INFO] [client-9] Round 42 — receiving model…
18:10:31 [INFO] [client-7] Round 41 done — loss=1.0260 acc=0.4838  1.6s
18:10:31 [INFO] [client-7] Round 42 — receiving model…
18:10:31 [INFO] [client-8] Round 41 done — loss=1.0187 acc=0.4807  1.6s
18:10:31 [INFO] [client-8] Round 42 — receiving model…
18:10:31 [INFO] [client-2] Round 41 done — loss=1.0176 acc=0.4933  1.6s
18:10:31 [INFO] [client-2] Round 42 — receiving model…
18:10:31 [INFO] [client-1] Round 41 done — loss=1.0160 acc=0.4944  1.6s
18:10:31 [INFO] [client-1] Round 42 — receiving model…
18:10:31 [INFO] [client-5] Round 41 done — loss=1.0177 acc=0.4993  1.3s
18:10:31 [INFO] [client-5] Round 42 — receiving model…
18:10:31 [INFO] Round 41 — waiting for 10 updates…
18:10:31 [INFO] [client-3] Round 41 done — loss=1.0284 acc=0.4666  1.9s
18:10:31 [INFO] [client-3] Round 42 — receiving model…
18:10:31 [INFO] [client-4] Round 41 — training locally…
18:10:31 [INFO] [client-4] Round 41 — sending update…
18:10:31 [INFO] [client-6] Round 41 — training locally…
18:10:32 [INFO] [client-6] Round 41 — sending update…
18:10:32 [INFO] [client-4] Round 41 done — loss=1.0206 acc=0.4919  1.7s
18:10:32 [INFO] [client-4] Round 42 — receiving model…
18:10:32 [INFO] [client-6] Round 41 done — loss=1.0263 acc=0.4761  2.2s
18:10:32 [INFO] [client-6] Round 42 — receiving model…
18:10:32 [INFO] Round 41/50  acc=0.4985  loss=1.0306  1.7s  clients=10
18:10:32 [INFO] Round 42 — sending model to 10 clients…
18:10:32 [INFO] [client-1] Round 42 — training locally…
18:10:32 [INFO] [client-1] Round 42 — sending update…
18:10:32 [INFO] [client-2] Round 42 — training locally…
18:10:32 [INFO] [client-2] Round 42 — sending update…
18:10:32 [INFO] [client-6] Round 42 — training locally…
18:10:32 [INFO] [client-6] Round 42 — sending update…
18:10:32 [INFO] [client-8] Round 42 — training locally…
18:10:32 [INFO] [client-8] Round 42 — sending update…
18:10:32 [INFO] [client-7] Round 42 — training locally…
18:10:32 [INFO] [client-7] Round 42 — sending update…
18:10:32 [INFO] [client-4] Round 42 — training locally…
18:10:32 [INFO] [client-4] Round 42 — sending update…
18:10:32 [INFO] [client-0] Round 42 — training locally…
18:10:33 [INFO] [client-0] Round 42 — sending update…
18:10:33 [INFO] [client-5] Round 42 — training locally…
18:10:33 [INFO] [client-5] Round 42 — sending update…
18:10:33 [INFO] [client-1] Round 42 done — loss=1.0168 acc=0.4940  1.5s
18:10:33 [INFO] [client-1] Round 43 — receiving model…
18:10:33 [INFO] [client-2] Round 42 done — loss=1.0179 acc=0.4982  1.6s
18:10:33 [INFO] [client-2] Round 43 — receiving model…
18:10:33 [INFO] [client-6] Round 42 done — loss=1.0207 acc=0.4835  1.2s
18:10:33 [INFO] [client-6] Round 43 — receiving model…
18:10:33 [INFO] [client-8] Round 42 done — loss=1.0224 acc=0.4751  1.7s
18:10:33 [INFO] [client-8] Round 43 — receiving model…
18:10:33 [INFO] [client-7] Round 42 done — loss=1.0246 acc=0.4758  1.8s
18:10:33 [INFO] [client-7] Round 43 — receiving model…
18:10:33 [INFO] [client-4] Round 42 done — loss=1.0193 acc=0.4846  1.4s
18:10:33 [INFO] [client-4] Round 43 — receiving model…
18:10:33 [INFO] [client-0] Round 42 done — loss=1.0168 acc=0.4933  1.9s
18:10:33 [INFO] [client-0] Round 43 — receiving model…
18:10:33 [INFO] Round 42 — waiting for 10 updates…
18:10:33 [INFO] [client-5] Round 42 done — loss=1.0191 acc=0.4954  1.8s
18:10:33 [INFO] [client-5] Round 43 — receiving model…
18:10:33 [INFO] [client-3] Round 42 — training locally…
18:10:33 [INFO] [client-3] Round 42 — sending update…
18:10:33 [INFO] [client-9] Round 42 — training locally…
18:10:33 [INFO] [client-9] Round 42 — sending update…
18:10:33 [INFO] [client-3] Round 42 done — loss=1.0242 acc=0.4719  2.0s
18:10:33 [INFO] [client-3] Round 43 — receiving model…
18:10:33 [INFO] [client-9] Round 42 done — loss=1.0233 acc=0.4853  2.3s
18:10:33 [INFO] [client-9] Round 43 — receiving model…
18:10:33 [INFO] Round 42/50  acc=0.4990  loss=1.0300  1.7s  clients=10
18:10:33 [INFO] Round 43 — sending model to 10 clients…
18:10:33 [INFO] [client-9] Round 43 — training locally…
18:10:34 [INFO] [client-9] Round 43 — sending update…
18:10:34 [INFO] [client-3] Round 43 — training locally…
18:10:34 [INFO] [client-3] Round 43 — sending update…
18:10:34 [INFO] [client-8] Round 43 — training locally…
18:10:34 [INFO] [client-8] Round 43 — sending update…
18:10:34 [INFO] [client-1] Round 43 — training locally…
18:10:34 [INFO] [client-1] Round 43 — sending update…
18:10:34 [INFO] [client-4] Round 43 — training locally…
18:10:34 [INFO] [client-4] Round 43 — sending update…
18:10:34 [INFO] [client-6] Round 43 — training locally…
18:10:34 [INFO] [client-6] Round 43 — sending update…
18:10:34 [INFO] [client-0] Round 43 — training locally…
18:10:34 [INFO] [client-0] Round 43 — sending update…
18:10:34 [INFO] [client-2] Round 43 — training locally…
18:10:34 [INFO] [client-2] Round 43 — sending update…
18:10:35 [INFO] [client-9] Round 43 done — loss=1.0277 acc=0.4821  1.1s
18:10:35 [INFO] [client-9] Round 44 — receiving model…
18:10:35 [INFO] [client-3] Round 43 done — loss=1.0300 acc=0.4695  1.2s
18:10:35 [INFO] [client-3] Round 44 — receiving model…
18:10:35 [INFO] [client-8] Round 43 done — loss=1.0236 acc=0.4874  1.6s
18:10:35 [INFO] [client-8] Round 44 — receiving model…
18:10:35 [INFO] [client-1] Round 43 done — loss=1.0155 acc=0.4916  1.8s
18:10:35 [INFO] [client-1] Round 44 — receiving model…
18:10:35 [INFO] [client-4] Round 43 done — loss=1.0193 acc=0.4902  1.6s
18:10:35 [INFO] [client-4] Round 44 — receiving model…
18:10:35 [INFO] [client-6] Round 43 done — loss=1.0195 acc=0.4856  1.8s
18:10:35 [INFO] [client-6] Round 44 — receiving model…
18:10:35 [INFO] [client-0] Round 43 done — loss=1.0236 acc=0.4888  1.7s
18:10:35 [INFO] [client-0] Round 44 — receiving model…
18:10:35 [INFO] Round 43 — waiting for 10 updates…
18:10:35 [INFO] [client-2] Round 43 done — loss=1.0235 acc=0.4846  1.8s
18:10:35 [INFO] [client-2] Round 44 — receiving model…
18:10:35 [INFO] [client-7] Round 43 — training locally…
18:10:35 [INFO] [client-7] Round 43 — sending update…
18:10:35 [INFO] [client-5] Round 43 — training locally…
18:10:35 [INFO] [client-5] Round 43 — sending update…
18:10:35 [INFO] [client-7] Round 43 done — loss=1.0242 acc=0.4842  2.0s
18:10:35 [INFO] [client-7] Round 44 — receiving model…
18:10:35 [INFO] [client-5] Round 43 done — loss=1.0166 acc=0.4888  2.0s
18:10:35 [INFO] [client-5] Round 44 — receiving model…
18:10:35 [INFO] Round 43/50  acc=0.5004  loss=1.0261  1.7s  clients=10
18:10:35 [INFO] Round 44 — sending model to 10 clients…
18:10:35 [INFO] [client-8] Round 44 — training locally…
18:10:35 [INFO] [client-8] Round 44 — sending update…
18:10:35 [INFO] [client-3] Round 44 — training locally…
18:10:35 [INFO] [client-3] Round 44 — sending update…
18:10:35 [INFO] [client-1] Round 44 — training locally…
18:10:35 [INFO] [client-1] Round 44 — sending update…
18:10:36 [INFO] [client-2] Round 44 — training locally…
18:10:36 [INFO] [client-2] Round 44 — sending update…
18:10:36 [INFO] [client-6] Round 44 — training locally…
18:10:36 [INFO] [client-6] Round 44 — sending update…
18:10:36 [INFO] [client-7] Round 44 — training locally…
18:10:36 [INFO] [client-7] Round 44 — sending update…
18:10:36 [INFO] [client-0] Round 44 — training locally…
18:10:36 [INFO] [client-0] Round 44 — sending update…
18:10:36 [INFO] [client-5] Round 44 — training locally…
18:10:36 [INFO] [client-5] Round 44 — sending update…
18:10:36 [INFO] [client-8] Round 44 done — loss=1.0252 acc=0.4789  1.6s
18:10:36 [INFO] [client-8] Round 45 — receiving model…
18:10:36 [INFO] [client-3] Round 44 done — loss=1.0242 acc=0.4723  1.7s
18:10:36 [INFO] [client-3] Round 45 — receiving model…
18:10:36 [INFO] [client-1] Round 44 done — loss=1.0150 acc=0.4996  1.6s
18:10:36 [INFO] [client-1] Round 45 — receiving model…
18:10:36 [INFO] [client-2] Round 44 done — loss=1.0186 acc=0.5021  1.5s
18:10:36 [INFO] [client-2] Round 45 — receiving model…
18:10:36 [INFO] [client-6] Round 44 done — loss=1.0249 acc=0.4761  1.6s
18:10:36 [INFO] [client-6] Round 45 — receiving model…
18:10:36 [INFO] [client-7] Round 44 done — loss=1.0253 acc=0.4877  1.3s
18:10:36 [INFO] [client-7] Round 45 — receiving model…
18:10:36 [INFO] [client-0] Round 44 done — loss=1.0141 acc=0.4986  1.7s
18:10:36 [INFO] [client-0] Round 45 — receiving model…
18:10:36 [INFO] Round 44 — waiting for 10 updates…
18:10:36 [INFO] [client-5] Round 44 done — loss=1.0244 acc=0.4853  1.3s
18:10:36 [INFO] [client-5] Round 45 — receiving model…
18:10:36 [INFO] [client-9] Round 44 — training locally…
18:10:37 [INFO] [client-9] Round 44 — sending update…
18:10:37 [INFO] [client-4] Round 44 — training locally…
18:10:37 [INFO] [client-4] Round 44 — sending update…
18:10:37 [INFO] [client-9] Round 44 done — loss=1.0241 acc=0.4737  2.2s
18:10:37 [INFO] [client-9] Round 45 — receiving model…
18:10:37 [INFO] [client-4] Round 44 done — loss=1.0202 acc=0.4877  2.1s
18:10:37 [INFO] [client-4] Round 45 — receiving model…
18:10:37 [INFO] Round 44/50  acc=0.4985  loss=1.0338  1.7s  clients=10
18:10:37 [INFO] Round 45 — sending model to 10 clients…
18:10:37 [INFO] [client-4] Round 45 — training locally…
18:10:37 [INFO] [client-4] Round 45 — sending update…
18:10:37 [INFO] [client-5] Round 45 — training locally…
18:10:37 [INFO] [client-5] Round 45 — sending update…
18:10:37 [INFO] [client-7] Round 45 — training locally…
18:10:37 [INFO] [client-7] Round 45 — sending update…
18:10:37 [INFO] [client-1] Round 45 — training locally…
18:10:37 [INFO] [client-1] Round 45 — sending update…
18:10:37 [INFO] [client-9] Round 45 — training locally…
18:10:37 [INFO] [client-9] Round 45 — sending update…
18:10:37 [INFO] [client-6] Round 45 — training locally…
18:10:38 [INFO] [client-6] Round 45 — sending update…
18:10:38 [INFO] [client-8] Round 45 — training locally…
18:10:38 [INFO] [client-8] Round 45 — sending update…
18:10:38 [INFO] [client-2] Round 45 — training locally…
18:10:38 [INFO] [client-2] Round 45 — sending update…
18:10:38 [INFO] [client-4] Round 45 done — loss=1.0169 acc=0.4846  1.1s
18:10:38 [INFO] [client-4] Round 46 — receiving model…
18:10:38 [INFO] [client-5] Round 45 done — loss=1.0256 acc=0.4863  1.5s
18:10:38 [INFO] [client-5] Round 46 — receiving model…
18:10:38 [INFO] [client-7] Round 45 done — loss=1.0290 acc=0.4860  1.6s
18:10:38 [INFO] [client-7] Round 46 — receiving model…
18:10:38 [INFO] [client-1] Round 45 done — loss=1.0133 acc=0.4926  1.7s
18:10:38 [INFO] [client-1] Round 46 — receiving model…
18:10:38 [INFO] [client-9] Round 45 done — loss=1.0242 acc=0.4814  1.3s
18:10:38 [INFO] [client-9] Round 46 — receiving model…
18:10:38 [INFO] [client-6] Round 45 done — loss=1.0247 acc=0.4828  1.7s
18:10:38 [INFO] [client-6] Round 46 — receiving model…
18:10:38 [INFO] [client-8] Round 45 done — loss=1.0215 acc=0.4853  1.8s
18:10:38 [INFO] [client-8] Round 46 — receiving model…
18:10:38 [INFO] Round 45 — waiting for 10 updates…
18:10:38 [INFO] [client-2] Round 45 done — loss=1.0196 acc=0.4916  1.8s
18:10:38 [INFO] [client-2] Round 46 — receiving model…
18:10:38 [INFO] [client-0] Round 45 — training locally…
18:10:38 [INFO] [client-0] Round 45 — sending update…
18:10:38 [INFO] [client-3] Round 45 — training locally…
18:10:38 [INFO] [client-3] Round 45 — sending update…
18:10:38 [INFO] [client-0] Round 45 done — loss=1.0198 acc=0.4954  2.0s
18:10:38 [INFO] [client-0] Round 46 — receiving model…
18:10:38 [INFO] [client-3] Round 45 done — loss=1.0292 acc=0.4670  2.2s
18:10:38 [INFO] [client-3] Round 46 — receiving model…
18:10:38 [INFO] Round 45/50  acc=0.4954  loss=1.0290  1.7s  clients=10
18:10:38 [INFO] Round 46 — sending model to 10 clients…
18:10:38 [INFO] [client-4] Round 46 — training locally…
18:10:39 [INFO] [client-4] Round 46 — sending update…
18:10:39 [INFO] [client-7] Round 46 — training locally…
18:10:39 [INFO] [client-7] Round 46 — sending update…
18:10:39 [INFO] [client-1] Round 46 — training locally…
18:10:39 [INFO] [client-1] Round 46 — sending update…
18:10:39 [INFO] [client-6] Round 46 — training locally…
18:10:39 [INFO] [client-6] Round 46 — sending update…
18:10:39 [INFO] [client-0] Round 46 — training locally…
18:10:39 [INFO] [client-0] Round 46 — sending update…
18:10:39 [INFO] [client-9] Round 46 — training locally…
18:10:39 [INFO] [client-9] Round 46 — sending update…
18:10:39 [INFO] [client-8] Round 46 — training locally…
18:10:39 [INFO] [client-8] Round 46 — sending update…
18:10:39 [INFO] [client-5] Round 46 — training locally…
18:10:39 [INFO] [client-5] Round 46 — sending update…
18:10:40 [INFO] [client-4] Round 46 done — loss=1.0214 acc=0.4867  1.7s
18:10:40 [INFO] [client-4] Round 47 — receiving model…
18:10:40 [INFO] [client-7] Round 46 done — loss=1.0256 acc=0.4895  1.6s
18:10:40 [INFO] [client-7] Round 47 — receiving model…
18:10:40 [INFO] [client-1] Round 46 done — loss=1.0087 acc=0.4979  1.6s
18:10:40 [INFO] [client-1] Round 47 — receiving model…
18:10:40 [INFO] [client-6] Round 46 done — loss=1.0194 acc=0.4881  1.6s
18:10:40 [INFO] [client-6] Round 47 — receiving model…
18:10:40 [INFO] [client-0] Round 46 done — loss=1.0149 acc=0.4909  1.3s
18:10:40 [INFO] [client-0] Round 47 — receiving model…
18:10:40 [INFO] [client-9] Round 46 done — loss=1.0259 acc=0.4800  1.7s
18:10:40 [INFO] [client-9] Round 47 — receiving model…
18:10:40 [INFO] [client-8] Round 46 done — loss=1.0207 acc=0.4814  1.7s
18:10:40 [INFO] [client-8] Round 47 — receiving model…
18:10:40 [INFO] Round 46 — waiting for 10 updates…
18:10:40 [INFO] [client-5] Round 46 done — loss=1.0134 acc=0.4982  1.8s
18:10:40 [INFO] [client-5] Round 47 — receiving model…
18:10:40 [INFO] [client-3] Round 46 — training locally…
18:10:40 [INFO] [client-3] Round 46 — sending update…
18:10:40 [INFO] [client-2] Round 46 — training locally…
18:10:40 [INFO] [client-2] Round 46 — sending update…
18:10:40 [INFO] [client-3] Round 46 done — loss=1.0281 acc=0.4737  1.6s
18:10:40 [INFO] [client-3] Round 47 — receiving model…
18:10:40 [INFO] [client-2] Round 46 done — loss=1.0170 acc=0.4947  2.0s
18:10:40 [INFO] [client-2] Round 47 — receiving model…
18:10:40 [INFO] Round 46/50  acc=0.4987  loss=1.0276  1.7s  clients=10
18:10:40 [INFO] Round 47 — sending model to 10 clients…
18:10:40 [INFO] [client-4] Round 47 — training locally…
18:10:40 [INFO] [client-4] Round 47 — sending update…
18:10:40 [INFO] [client-8] Round 47 — training locally…
18:10:40 [INFO] [client-8] Round 47 — sending update…
18:10:40 [INFO] [client-9] Round 47 — training locally…
18:10:41 [INFO] [client-9] Round 47 — sending update…
18:10:41 [INFO] [client-5] Round 47 — training locally…
18:10:41 [INFO] [client-5] Round 47 — sending update…
18:10:41 [INFO] [client-1] Round 47 — training locally…
18:10:41 [INFO] [client-1] Round 47 — sending update…
18:10:41 [INFO] [client-0] Round 47 — training locally…
18:10:41 [INFO] [client-0] Round 47 — sending update…
18:10:41 [INFO] [client-6] Round 47 — training locally…
18:10:41 [INFO] [client-6] Round 47 — sending update…
18:10:41 [INFO] [client-7] Round 47 — training locally…
18:10:41 [INFO] [client-7] Round 47 — sending update…
18:10:41 [INFO] [client-4] Round 47 done — loss=1.0164 acc=0.4933  1.7s
18:10:41 [INFO] [client-4] Round 48 — receiving model…
18:10:41 [INFO] [client-8] Round 47 done — loss=1.0184 acc=0.4807  1.5s
18:10:41 [INFO] [client-8] Round 48 — receiving model…
18:10:41 [INFO] [client-9] Round 47 done — loss=1.0296 acc=0.4751  1.6s
18:10:41 [INFO] [client-9] Round 48 — receiving model…
18:10:41 [INFO] [client-5] Round 47 done — loss=1.0157 acc=0.4923  1.5s
18:10:41 [INFO] [client-5] Round 48 — receiving model…
18:10:41 [INFO] [client-1] Round 47 done — loss=1.0073 acc=0.5063  1.7s
18:10:41 [INFO] [client-1] Round 48 — receiving model…
18:10:41 [INFO] [client-0] Round 47 done — loss=1.0171 acc=0.4951  1.7s
18:10:41 [INFO] [client-0] Round 48 — receiving model…
18:10:41 [INFO] [client-6] Round 47 done — loss=1.0152 acc=0.4888  1.8s
18:10:41 [INFO] [client-6] Round 48 — receiving model…
18:10:41 [INFO] Round 47 — waiting for 10 updates…
18:10:41 [INFO] [client-7] Round 47 done — loss=1.0244 acc=0.4807  1.8s
18:10:41 [INFO] [client-7] Round 48 — receiving model…
18:10:41 [INFO] [client-3] Round 47 — training locally…
18:10:42 [INFO] [client-3] Round 47 — sending update…
18:10:42 [INFO] [client-2] Round 47 — training locally…
18:10:42 [INFO] [client-2] Round 47 — sending update…
18:10:42 [INFO] [client-3] Round 47 done — loss=1.0307 acc=0.4649  1.7s
18:10:42 [INFO] [client-3] Round 48 — receiving model…
18:10:42 [INFO] [client-2] Round 47 done — loss=1.0149 acc=0.5007  1.7s
18:10:42 [INFO] [client-2] Round 48 — receiving model…
18:10:42 [INFO] Round 47/50  acc=0.4993  loss=1.0236  1.7s  clients=10
18:10:42 [INFO] Round 48 — sending model to 10 clients…
18:10:42 [INFO] [client-5] Round 48 — training locally…
18:10:42 [INFO] [client-5] Round 48 — sending update…
18:10:42 [INFO] [client-9] Round 48 — training locally…
18:10:42 [INFO] [client-9] Round 48 — sending update…
18:10:42 [INFO] [client-6] Round 48 — training locally…
18:10:42 [INFO] [client-6] Round 48 — sending update…
18:10:42 [INFO] [client-0] Round 48 — training locally…
18:10:42 [INFO] [client-0] Round 48 — sending update…
18:10:42 [INFO] [client-7] Round 48 — training locally…
18:10:42 [INFO] [client-7] Round 48 — sending update…
18:10:42 [INFO] [client-2] Round 48 — training locally…
18:10:43 [INFO] [client-2] Round 48 — sending update…
18:10:43 [INFO] [client-1] Round 48 — training locally…
18:10:43 [INFO] [client-1] Round 48 — sending update…
18:10:43 [INFO] [client-8] Round 48 — training locally…
18:10:43 [INFO] [client-8] Round 48 — sending update…
18:10:43 [INFO] [client-5] Round 48 done — loss=1.0172 acc=0.5018  1.6s
18:10:43 [INFO] [client-5] Round 49 — receiving model…
18:10:43 [INFO] [client-9] Round 48 done — loss=1.0259 acc=0.4849  1.6s
18:10:43 [INFO] [client-9] Round 49 — receiving model…
18:10:43 [INFO] [client-6] Round 48 done — loss=1.0183 acc=0.4867  1.5s
18:10:43 [INFO] [client-6] Round 49 — receiving model…
18:10:43 [INFO] [client-0] Round 48 done — loss=1.0205 acc=0.4912  1.6s
18:10:43 [INFO] [client-0] Round 49 — receiving model…
18:10:43 [INFO] [client-7] Round 48 done — loss=1.0232 acc=0.4807  1.6s
18:10:43 [INFO] [client-7] Round 49 — receiving model…
18:10:43 [INFO] [client-2] Round 48 done — loss=1.0181 acc=0.4958  1.3s
18:10:43 [INFO] [client-2] Round 49 — receiving model…
18:10:43 [INFO] [client-1] Round 48 done — loss=1.0116 acc=0.4947  1.7s
18:10:43 [INFO] [client-1] Round 49 — receiving model…
18:10:43 [INFO] Round 48 — waiting for 10 updates…
18:10:43 [INFO] [client-8] Round 48 done — loss=1.0211 acc=0.4835  1.8s
18:10:43 [INFO] [client-8] Round 49 — receiving model…
18:10:43 [INFO] [client-4] Round 48 — training locally…
18:10:43 [INFO] [client-4] Round 48 — sending update…
18:10:43 [INFO] [client-3] Round 48 — training locally…
18:10:43 [INFO] [client-3] Round 48 — sending update…
18:10:43 [INFO] [client-4] Round 48 done — loss=1.0175 acc=0.4846  2.2s
18:10:43 [INFO] [client-4] Round 49 — receiving model…
18:10:43 [INFO] [client-3] Round 48 done — loss=1.0265 acc=0.4709  1.7s
18:10:43 [INFO] [client-3] Round 49 — receiving model…
18:10:44 [INFO] Round 48/50  acc=0.4993  loss=1.0261  1.7s  clients=10
18:10:44 [INFO] Round 49 — sending model to 10 clients…
18:10:44 [INFO] [client-9] Round 49 — training locally…
18:10:44 [INFO] [client-9] Round 49 — sending update…
18:10:44 [INFO] [client-8] Round 49 — training locally…
18:10:44 [INFO] [client-8] Round 49 — sending update…
18:10:44 [INFO] [client-2] Round 49 — training locally…
18:10:44 [INFO] [client-2] Round 49 — sending update…
18:10:44 [INFO] [client-5] Round 49 — training locally…
18:10:44 [INFO] [client-5] Round 49 — sending update…
18:10:44 [INFO] [client-0] Round 49 — training locally…
18:10:44 [INFO] [client-0] Round 49 — sending update…
18:10:44 [INFO] [client-6] Round 49 — training locally…
18:10:44 [INFO] [client-6] Round 49 — sending update…
18:10:44 [INFO] [client-1] Round 49 — training locally…
18:10:44 [INFO] [client-1] Round 49 — sending update…
18:10:44 [INFO] [client-4] Round 49 — training locally…
18:10:45 [INFO] [client-4] Round 49 — sending update…
18:10:45 [INFO] [client-9] Round 49 done — loss=1.0219 acc=0.4786  1.7s
18:10:45 [INFO] [client-9] Round 50 — receiving model…
18:10:45 [INFO] [client-8] Round 49 done — loss=1.0259 acc=0.4793  1.6s
18:10:45 [INFO] [client-8] Round 50 — receiving model…
18:10:45 [INFO] [client-2] Round 49 done — loss=1.0151 acc=0.4940  1.6s
18:10:45 [INFO] [client-2] Round 50 — receiving model…
18:10:45 [INFO] [client-5] Round 49 done — loss=1.0124 acc=0.5046  1.8s
18:10:45 [INFO] [client-5] Round 50 — receiving model…
18:10:45 [INFO] [client-0] Round 49 done — loss=1.0162 acc=0.4940  1.8s
18:10:45 [INFO] [client-0] Round 50 — receiving model…
18:10:45 [INFO] [client-6] Round 49 done — loss=1.0223 acc=0.4747  1.8s
18:10:45 [INFO] [client-6] Round 50 — receiving model…
18:10:45 [INFO] [client-1] Round 49 done — loss=1.0121 acc=0.4989  1.7s
18:10:45 [INFO] [client-1] Round 50 — receiving model…
18:10:45 [INFO] Round 49 — waiting for 10 updates…
18:10:45 [INFO] [client-4] Round 49 done — loss=1.0142 acc=0.5018  1.4s
18:10:45 [INFO] [client-4] Round 50 — receiving model…
18:10:45 [INFO] [client-3] Round 49 — training locally…
18:10:45 [INFO] [client-3] Round 49 — sending update…
18:10:45 [INFO] [client-7] Round 49 — training locally…
18:10:45 [INFO] [client-7] Round 49 — sending update…
18:10:45 [INFO] [client-3] Round 49 done — loss=1.0322 acc=0.4677  1.7s
18:10:45 [INFO] [client-3] Round 50 — receiving model…
18:10:45 [INFO] [client-7] Round 49 done — loss=1.0244 acc=0.4754  2.2s
18:10:45 [INFO] [client-7] Round 50 — receiving model…
18:10:45 [INFO] Round 49/50  acc=0.4956  loss=1.0289  1.7s  clients=10
18:10:45 [INFO] Round 50 — sending model to 10 clients…
18:10:45 [INFO] [client-8] Round 50 — training locally…
18:10:45 [INFO] [client-8] Round 50 — sending update…
18:10:45 [INFO] [client-9] Round 50 — training locally…
18:10:45 [INFO] [client-9] Round 50 — sending update…
18:10:45 [INFO] [client-7] Round 50 — training locally…
18:10:46 [INFO] [client-7] Round 50 — sending update…
18:10:46 [INFO] [client-6] Round 50 — training locally…
18:10:46 [INFO] [client-6] Round 50 — sending update…
18:10:46 [INFO] [client-2] Round 50 — training locally…
18:10:46 [INFO] [client-2] Round 50 — sending update…
18:10:46 [INFO] [client-4] Round 50 — training locally…
18:10:46 [INFO] [client-4] Round 50 — sending update…
18:10:46 [INFO] [client-0] Round 50 — training locally…
18:10:46 [INFO] [client-0] Round 50 — sending update…
18:10:46 [INFO] [client-1] Round 50 — training locally…
18:10:46 [INFO] [client-1] Round 50 — sending update…
18:10:46 [INFO] [client-8] Round 50 done — loss=1.0178 acc=0.4884  1.6s
18:10:46 [INFO] [client-9] Round 50 done — loss=1.0234 acc=0.4796  1.7s
18:10:46 [INFO] [client-7] Round 50 done — loss=1.0292 acc=0.4838  1.2s
18:10:46 [INFO] [client-6] Round 50 done — loss=1.0223 acc=0.4863  1.6s
18:10:46 [INFO] [client-2] Round 50 done — loss=1.0194 acc=0.4912  1.7s
18:10:46 [INFO] [client-4] Round 50 done — loss=1.0212 acc=0.4867  1.6s
18:10:46 [INFO] [client-0] Round 50 done — loss=1.0221 acc=0.4912  1.7s
18:10:46 [INFO] Round 50 — waiting for 10 updates…
18:10:46 [INFO] [client-1] Round 50 done — loss=1.0149 acc=0.4972  1.7s
18:10:46 [INFO] [client-5] Round 50 — training locally…
18:10:47 [INFO] [client-5] Round 50 — sending update…
18:10:47 [INFO] [client-3] Round 50 — training locally…
18:10:47 [INFO] [client-3] Round 50 — sending update…
18:10:47 [INFO] [client-5] Round 50 done — loss=1.0195 acc=0.4902  2.1s
18:10:47 [INFO] [client-3] Round 50 done — loss=1.0283 acc=0.4649  1.7s
18:10:47 [INFO] Round 50/50  acc=0.4951  loss=1.0293  1.7s  clients=10
18:10:47 [INFO] CoAP server [client-0] stopped
18:10:47 [INFO] CoAP server [client-1] stopped
18:10:47 [INFO] CoAP server [client-2] stopped
18:10:47 [INFO] CoAP server [client-3] stopped
18:10:47 [INFO] CoAP server [client-4] stopped
18:10:47 [INFO] CoAP server [client-5] stopped
18:10:47 [INFO] CoAP server [client-6] stopped
18:10:47 [INFO] CoAP server [client-7] stopped
18:10:47 [INFO] CoAP server [client-8] stopped
18:10:47 [INFO] CoAP server [client-9] stopped
18:10:47 [INFO] CoAP server [server] stopped
18:10:47 [INFO] Exported 50 rows → /home/raullb/FL-Iroh/results/e7/e7_airmlp_iid_round_events.csv
18:10:47 [INFO] AirMLP airmlp_iid done: {'node_id': 'server', 'architecture': 'B', 'scenario': 'e7_airmlp_iid', 'rounds_total': 50, 'rounds_success': 50, 'test_acc_final': 0.495085650098287, 'test_acc_max': 0.5060376298792474, 'duration_mean_sec': 1.6789828022336588, 'pct_direct': 0.0, 'pct_relay': 0.0, 'bytes_to_aggregator': 6984500}
18:10:47 [INFO] E7 summary saved: /home/raullb/FL-Iroh/results/e7/e7_summary.csv
18:10:47 [INFO] E7 complete. Results in: /home/raullb/FL-Iroh/results/e7

=== E7 Results Summary ===
Config                        Model               Partition     Accuracy
------------------------------------------------------------------------
airmlp_geographic             AirMLP              geographic       0.464
airmlp_iid                    AirMLP              iid              0.495
