15:31:01 [INFO] E7 configs to run: ['airmlp_geographic', 'airmlp_iid', 'airlstm_geographic', 'airlstm_iid']
15:31:03 [INFO] === E7 AirMLP + FedAvg — geographic ===
15:31:03 [INFO] Air quality dataset loaded: 28514 train / 3561 test | 6 features | 3 classes
15:31:03 [INFO] Geographic partition: 10 provinces  min=2305  max=2922  mean=2851
15:31:03 [INFO] AirMLP class weights: [1.026976466178894, 1.0868686437606812, 0.904000997543335]
15:31:03 [INFO] FL_MOCK_IROH=1 — forcing mock transport (iroh bypassed)
15:31:03 [INFO] CoAP server [server] listening on 0.0.0.0:5783
15:31:03 [INFO] FLServer server started (mock=True)
15:31:03 [INFO] FL_MOCK_IROH=1 — forcing mock transport (iroh bypassed)
15:31:03 [INFO] CoAP server [client-0] listening on 0.0.0.0:5784
15:31:03 [INFO] FLClient client-0 started (mock=True)
15:31:03 [INFO] Registered client client-0  iroh=mock-client-0
15:31:03 [INFO] FL_MOCK_IROH=1 — forcing mock transport (iroh bypassed)
15:31:03 [INFO] CoAP server [client-1] listening on 0.0.0.0:5785
15:31:03 [INFO] FLClient client-1 started (mock=True)
15:31:03 [INFO] Registered client client-1  iroh=mock-client-1
15:31:03 [INFO] FL_MOCK_IROH=1 — forcing mock transport (iroh bypassed)
15:31:03 [INFO] CoAP server [client-2] listening on 0.0.0.0:5786
15:31:03 [INFO] FLClient client-2 started (mock=True)
15:31:03 [INFO] Registered client client-2  iroh=mock-client-2
15:31:03 [INFO] FL_MOCK_IROH=1 — forcing mock transport (iroh bypassed)
15:31:03 [INFO] CoAP server [client-3] listening on 0.0.0.0:5787
15:31:03 [INFO] FLClient client-3 started (mock=True)
15:31:03 [INFO] Registered client client-3  iroh=mock-client-3
15:31:03 [INFO] FL_MOCK_IROH=1 — forcing mock transport (iroh bypassed)
15:31:03 [INFO] CoAP server [client-4] listening on 0.0.0.0:5788
15:31:03 [INFO] FLClient client-4 started (mock=True)
15:31:03 [INFO] Registered client client-4  iroh=mock-client-4
15:31:03 [INFO] FL_MOCK_IROH=1 — forcing mock transport (iroh bypassed)
15:31:03 [INFO] CoAP server [client-5] listening on 0.0.0.0:5789
15:31:03 [INFO] FLClient client-5 started (mock=True)
15:31:03 [INFO] Registered client client-5  iroh=mock-client-5
15:31:03 [INFO] FL_MOCK_IROH=1 — forcing mock transport (iroh bypassed)
15:31:03 [INFO] CoAP server [client-6] listening on 0.0.0.0:5790
15:31:03 [INFO] FLClient client-6 started (mock=True)
15:31:03 [INFO] Registered client client-6  iroh=mock-client-6
15:31:03 [INFO] FL_MOCK_IROH=1 — forcing mock transport (iroh bypassed)
15:31:03 [INFO] CoAP server [client-7] listening on 0.0.0.0:5791
15:31:03 [INFO] FLClient client-7 started (mock=True)
15:31:03 [INFO] Registered client client-7  iroh=mock-client-7
15:31:03 [INFO] FL_MOCK_IROH=1 — forcing mock transport (iroh bypassed)
15:31:03 [INFO] CoAP server [client-8] listening on 0.0.0.0:5792
15:31:03 [INFO] FLClient client-8 started (mock=True)
15:31:03 [INFO] Registered client client-8  iroh=mock-client-8
15:31:03 [INFO] FL_MOCK_IROH=1 — forcing mock transport (iroh bypassed)
15:31:03 [INFO] CoAP server [client-9] listening on 0.0.0.0:5793
15:31:03 [INFO] FLClient client-9 started (mock=True)
15:31:03 [INFO] Registered client client-9  iroh=mock-client-9
15:31:03 [INFO] Round 1 — sending model to 10 clients…
15:31:03 [INFO] [client-0] Round 1 — receiving model…
15:31:03 [INFO] [client-1] Round 1 — receiving model…
15:31:03 [INFO] [client-2] Round 1 — receiving model…
15:31:03 [INFO] [client-3] Round 1 — receiving model…
15:31:03 [INFO] [client-4] Round 1 — receiving model…
15:31:03 [INFO] [client-5] Round 1 — receiving model…
15:31:03 [INFO] [client-6] Round 1 — receiving model…
15:31:03 [INFO] [client-7] Round 1 — receiving model…
15:31:03 [INFO] [client-8] Round 1 — receiving model…
15:31:03 [INFO] [client-9] Round 1 — receiving model…
15:31:03 [INFO] [client-0] Round 1 — training locally…
15:31:03 [INFO] [client-0] Round 1 — sending update…
15:31:03 [INFO] [client-9] Round 1 — training locally…
15:31:04 [INFO] [client-9] Round 1 — sending update…
15:31:04 [INFO] [client-2] Round 1 — training locally…
15:31:04 [INFO] [client-2] Round 1 — sending update…
15:31:04 [INFO] [client-3] Round 1 — training locally…
15:31:04 [INFO] [client-3] Round 1 — sending update…
15:31:04 [INFO] [client-4] Round 1 — training locally…
15:31:04 [INFO] [client-4] Round 1 — sending update…
15:31:04 [INFO] [client-5] Round 1 — training locally…
15:31:04 [INFO] [client-5] Round 1 — sending update…
15:31:04 [INFO] [client-8] Round 1 — training locally…
15:31:04 [INFO] [client-8] Round 1 — sending update…
15:31:04 [INFO] [client-1] Round 1 — training locally…
15:31:04 [INFO] [client-1] Round 1 — sending update…
15:31:05 [INFO] [client-0] Round 1 done — loss=1.0589 acc=0.4583  1.2s
15:31:05 [INFO] [client-0] Round 2 — receiving model…
15:31:05 [INFO] [client-9] Round 1 done — loss=1.0533 acc=0.4586  1.2s
15:31:05 [INFO] [client-9] Round 2 — receiving model…
15:31:05 [INFO] [client-2] Round 1 done — loss=1.0451 acc=0.4478  1.3s
15:31:05 [INFO] [client-2] Round 2 — receiving model…
15:31:05 [INFO] [client-3] Round 1 done — loss=1.0564 acc=0.4492  1.3s
15:31:05 [INFO] [client-3] Round 2 — receiving model…
15:31:05 [INFO] [client-4] Round 1 done — loss=1.0291 acc=0.4983  1.3s
15:31:05 [INFO] [client-4] Round 2 — receiving model…
15:31:05 [INFO] [client-5] Round 1 done — loss=1.0588 acc=0.4440  1.4s
15:31:05 [INFO] [client-5] Round 2 — receiving model…
15:31:05 [INFO] [client-8] Round 1 done — loss=0.8054 acc=0.6889  1.4s
15:31:05 [INFO] [client-8] Round 2 — receiving model…
15:31:05 [INFO] Round 1 — waiting for 10 updates…
15:31:05 [INFO] [client-1] Round 1 done — loss=1.0811 acc=0.3836  1.4s
15:31:05 [INFO] [client-1] Round 2 — receiving model…
15:31:05 [INFO] [client-7] Round 1 — training locally…
15:31:05 [INFO] [client-7] Round 1 — sending update…
15:31:05 [INFO] [client-6] Round 1 — training locally…
15:31:05 [INFO] [client-6] Round 1 — sending update…
15:31:05 [INFO] [client-7] Round 1 done — loss=1.0492 acc=0.4279  1.7s
15:31:05 [INFO] [client-7] Round 2 — receiving model…
15:31:05 [INFO] [client-6] Round 1 done — loss=1.0485 acc=0.4507  1.8s
15:31:05 [INFO] [client-6] Round 2 — receiving model…
15:31:05 [INFO] Round 1/50  acc=0.3128  loss=1.1096  1.8s  clients=10
15:31:05 [INFO] Round 2 — sending model to 10 clients…
15:31:05 [INFO] [client-6] Round 2 — training locally…
15:31:05 [INFO] [client-6] Round 2 — sending update…
15:31:05 [INFO] [client-7] Round 2 — training locally…
15:31:05 [INFO] [client-7] Round 2 — sending update…
15:31:05 [INFO] [client-0] Round 2 — training locally…
15:31:06 [INFO] [client-0] Round 2 — sending update…
15:31:06 [INFO] [client-5] Round 2 — training locally…
15:31:06 [INFO] [client-5] Round 2 — sending update…
15:31:06 [INFO] [client-4] Round 2 — training locally…
15:31:06 [INFO] [client-4] Round 2 — sending update…
15:31:06 [INFO] [client-3] Round 2 — training locally…
15:31:06 [INFO] [client-3] Round 2 — sending update…
15:31:06 [INFO] [client-9] Round 2 — training locally…
15:31:06 [INFO] [client-9] Round 2 — sending update…
15:31:06 [INFO] [client-8] Round 2 — training locally…
15:31:06 [INFO] [client-8] Round 2 — sending update…
15:31:06 [INFO] [client-6] Round 2 done — loss=1.0295 acc=0.4726  1.1s
15:31:06 [INFO] [client-6] Round 3 — receiving model…
15:31:06 [INFO] [client-7] Round 2 done — loss=1.0371 acc=0.4368  1.2s
15:31:06 [INFO] [client-7] Round 3 — receiving model…
15:31:06 [INFO] [client-0] Round 2 done — loss=1.0599 acc=0.4540  1.8s
15:31:06 [INFO] [client-0] Round 3 — receiving model…
15:31:06 [INFO] [client-5] Round 2 done — loss=1.0155 acc=0.5227  1.6s
15:31:06 [INFO] [client-5] Round 3 — receiving model…
15:31:06 [INFO] [client-4] Round 2 done — loss=1.0286 acc=0.4852  1.7s
15:31:06 [INFO] [client-4] Round 3 — receiving model…
15:31:06 [INFO] [client-3] Round 2 done — loss=1.0556 acc=0.4358  1.8s
15:31:06 [INFO] [client-3] Round 3 — receiving model…
15:31:06 [INFO] [client-9] Round 2 done — loss=1.0265 acc=0.5077  1.8s
15:31:06 [INFO] [client-9] Round 3 — receiving model…
15:31:06 [INFO] Round 2 — waiting for 10 updates…
15:31:06 [INFO] [client-8] Round 2 done — loss=0.7722 acc=0.7253  1.7s
15:31:06 [INFO] [client-8] Round 3 — receiving model…
15:31:06 [INFO] [client-2] Round 2 — training locally…
15:31:07 [INFO] [client-2] Round 2 — sending update…
15:31:07 [INFO] [client-1] Round 2 — training locally…
15:31:07 [INFO] [client-1] Round 2 — sending update…
15:31:07 [INFO] [client-2] Round 2 done — loss=1.0149 acc=0.4633  2.1s
15:31:07 [INFO] [client-2] Round 3 — receiving model…
15:31:07 [INFO] [client-1] Round 2 done — loss=1.0678 acc=0.4052  2.0s
15:31:07 [INFO] [client-1] Round 3 — receiving model…
15:31:07 [INFO] Round 2/50  acc=0.3912  loss=1.0885  1.7s  clients=10
15:31:07 [INFO] Round 3 — sending model to 10 clients…
15:31:07 [INFO] [client-0] Round 3 — training locally…
15:31:07 [INFO] [client-0] Round 3 — sending update…
15:31:07 [INFO] [client-7] Round 3 — training locally…
15:31:07 [INFO] [client-7] Round 3 — sending update…
15:31:07 [INFO] [client-9] Round 3 — training locally…
15:31:07 [INFO] [client-9] Round 3 — sending update…
15:31:07 [INFO] [client-5] Round 3 — training locally…
15:31:07 [INFO] [client-5] Round 3 — sending update…
15:31:07 [INFO] [client-2] Round 3 — training locally…
15:31:07 [INFO] [client-2] Round 3 — sending update…
15:31:07 [INFO] [client-4] Round 3 — training locally…
15:31:08 [INFO] [client-4] Round 3 — sending update…
15:31:08 [INFO] [client-6] Round 3 — training locally…
15:31:08 [INFO] [client-6] Round 3 — sending update…
15:31:08 [INFO] [client-1] Round 3 — training locally…
15:31:08 [INFO] [client-1] Round 3 — sending update…
15:31:08 [INFO] [client-0] Round 3 done — loss=1.0589 acc=0.4457  1.6s
15:31:08 [INFO] [client-0] Round 4 — receiving model…
15:31:08 [INFO] [client-7] Round 3 done — loss=1.0327 acc=0.4454  1.7s
15:31:08 [INFO] [client-7] Round 4 — receiving model…
15:31:08 [INFO] [client-9] Round 3 done — loss=1.0162 acc=0.5183  1.6s
15:31:08 [INFO] [client-9] Round 4 — receiving model…
15:31:08 [INFO] [client-5] Round 3 done — loss=0.9876 acc=0.5405  1.7s
15:31:08 [INFO] [client-5] Round 4 — receiving model…
15:31:08 [INFO] [client-2] Round 3 done — loss=0.9977 acc=0.4938  1.3s
15:31:08 [INFO] [client-2] Round 4 — receiving model…
15:31:08 [INFO] [client-4] Round 3 done — loss=1.0223 acc=0.4825  1.7s
15:31:08 [INFO] [client-4] Round 4 — receiving model…
15:31:08 [INFO] [client-6] Round 3 done — loss=1.0127 acc=0.4903  1.9s
15:31:08 [INFO] [client-6] Round 4 — receiving model…
15:31:08 [INFO] Round 3 — waiting for 10 updates…
15:31:08 [INFO] [client-1] Round 3 done — loss=1.0599 acc=0.4255  1.3s
15:31:08 [INFO] [client-1] Round 4 — receiving model…
15:31:08 [INFO] [client-3] Round 3 — training locally…
15:31:08 [INFO] [client-3] Round 3 — sending update…
15:31:08 [INFO] [client-8] Round 3 — training locally…
15:31:08 [INFO] [client-8] Round 3 — sending update…
15:31:08 [INFO] [client-3] Round 3 done — loss=1.0581 acc=0.4382  2.1s
15:31:08 [INFO] [client-3] Round 4 — receiving model…
15:31:08 [INFO] [client-8] Round 3 done — loss=0.7692 acc=0.7170  2.1s
15:31:08 [INFO] [client-8] Round 4 — receiving model…
15:31:09 [INFO] Round 3/50  acc=0.4268  loss=1.0791  1.7s  clients=10
15:31:09 [INFO] Round 4 — sending model to 10 clients…
15:31:09 [INFO] [client-9] Round 4 — training locally…
15:31:09 [INFO] [client-9] Round 4 — sending update…
15:31:09 [INFO] [client-6] Round 4 — training locally…
15:31:09 [INFO] [client-6] Round 4 — sending update…
15:31:09 [INFO] [client-2] Round 4 — training locally…
15:31:09 [INFO] [client-2] Round 4 — sending update…
15:31:09 [INFO] [client-8] Round 4 — training locally…
15:31:09 [INFO] [client-8] Round 4 — sending update…
15:31:09 [INFO] [client-3] Round 4 — training locally…
15:31:09 [INFO] [client-3] Round 4 — sending update…
15:31:09 [INFO] [client-5] Round 4 — training locally…
15:31:09 [INFO] [client-5] Round 4 — sending update…
15:31:09 [INFO] [client-7] Round 4 — training locally…
15:31:09 [INFO] [client-7] Round 4 — sending update…
15:31:09 [INFO] [client-1] Round 4 — training locally…
15:31:10 [INFO] [client-1] Round 4 — sending update…
15:31:10 [INFO] [client-9] Round 4 done — loss=1.0148 acc=0.5274  1.7s
15:31:10 [INFO] [client-9] Round 5 — receiving model…
15:31:10 [INFO] [client-6] Round 4 done — loss=1.0216 acc=0.4795  1.6s
15:31:10 [INFO] [client-6] Round 5 — receiving model…
15:31:10 [INFO] [client-2] Round 4 done — loss=0.9865 acc=0.5117  1.7s
15:31:10 [INFO] [client-2] Round 5 — receiving model…
15:31:10 [INFO] [client-8] Round 4 done — loss=0.7646 acc=0.7153  1.2s
15:31:10 [INFO] [client-8] Round 5 — receiving model…
15:31:10 [INFO] [client-3] Round 4 done — loss=1.0509 acc=0.4550  1.3s
15:31:10 [INFO] [client-3] Round 5 — receiving model…
15:31:10 [INFO] [client-5] Round 4 done — loss=0.9846 acc=0.5470  1.8s
15:31:10 [INFO] [client-5] Round 5 — receiving model…
15:31:10 [INFO] [client-7] Round 4 done — loss=1.0336 acc=0.4478  1.9s
15:31:10 [INFO] [client-7] Round 5 — receiving model…
15:31:10 [INFO] Round 4 — waiting for 10 updates…
15:31:10 [INFO] [client-1] Round 4 done — loss=1.0670 acc=0.4097  1.7s
15:31:10 [INFO] [client-1] Round 5 — receiving model…
15:31:10 [INFO] [client-4] Round 4 — training locally…
15:31:10 [INFO] [client-4] Round 4 — sending update…
15:31:10 [INFO] [client-0] Round 4 — training locally…
15:31:10 [INFO] [client-0] Round 4 — sending update…
15:31:10 [INFO] [client-4] Round 4 done — loss=1.0230 acc=0.4907  2.1s
15:31:10 [INFO] [client-4] Round 5 — receiving model…
15:31:10 [INFO] [client-0] Round 4 done — loss=1.0623 acc=0.4540  2.3s
15:31:10 [INFO] [client-0] Round 5 — receiving model…
15:31:10 [INFO] Round 4/50  acc=0.4400  loss=1.0717  1.7s  clients=10
15:31:10 [INFO] Round 5 — sending model to 10 clients…
15:31:10 [INFO] [client-3] Round 5 — training locally…
15:31:10 [INFO] [client-3] Round 5 — sending update…
15:31:10 [INFO] [client-0] Round 5 — training locally…
15:31:10 [INFO] [client-0] Round 5 — sending update…
15:31:10 [INFO] [client-5] Round 5 — training locally…
15:31:11 [INFO] [client-5] Round 5 — sending update…
15:31:11 [INFO] [client-2] Round 5 — training locally…
15:31:11 [INFO] [client-2] Round 5 — sending update…
15:31:11 [INFO] [client-1] Round 5 — training locally…
15:31:11 [INFO] [client-1] Round 5 — sending update…
15:31:11 [INFO] [client-8] Round 5 — training locally…
15:31:11 [INFO] [client-8] Round 5 — sending update…
15:31:11 [INFO] [client-4] Round 5 — training locally…
15:31:11 [INFO] [client-4] Round 5 — sending update…
15:31:11 [INFO] [client-9] Round 5 — training locally…
15:31:11 [INFO] [client-9] Round 5 — sending update…
15:31:11 [INFO] [client-3] Round 5 done — loss=1.0425 acc=0.4588  1.5s
15:31:11 [INFO] [client-3] Round 6 — receiving model…
15:31:11 [INFO] [client-0] Round 5 done — loss=1.0609 acc=0.4427  1.2s
15:31:11 [INFO] [client-0] Round 6 — receiving model…
15:31:11 [INFO] [client-5] Round 5 done — loss=0.9822 acc=0.5453  1.6s
15:31:11 [INFO] [client-5] Round 6 — receiving model…
15:31:11 [INFO] [client-2] Round 5 done — loss=0.9758 acc=0.4986  1.7s
15:31:11 [INFO] [client-2] Round 6 — receiving model…
15:31:11 [INFO] [client-1] Round 5 done — loss=1.0598 acc=0.4183  1.6s
15:31:11 [INFO] [client-1] Round 6 — receiving model…
15:31:11 [INFO] [client-8] Round 5 done — loss=0.7635 acc=0.7126  1.7s
15:31:11 [INFO] [client-8] Round 6 — receiving model…
15:31:11 [INFO] [client-4] Round 5 done — loss=1.0225 acc=0.4955  1.4s
15:31:11 [INFO] [client-4] Round 6 — receiving model…
15:31:11 [INFO] Round 5 — waiting for 10 updates…
15:31:12 [INFO] [client-9] Round 5 done — loss=1.0149 acc=0.5169  1.9s
15:31:12 [INFO] [client-9] Round 6 — receiving model…
15:31:12 [INFO] [client-7] Round 5 — training locally…
15:31:12 [INFO] [client-7] Round 5 — sending update…
15:31:12 [INFO] [client-6] Round 5 — training locally…
15:31:12 [INFO] [client-6] Round 5 — sending update…
15:31:12 [INFO] [client-7] Round 5 done — loss=1.0349 acc=0.4409  2.0s
15:31:12 [INFO] [client-7] Round 6 — receiving model…
15:31:12 [INFO] [client-6] Round 5 done — loss=1.0173 acc=0.4885  2.2s
15:31:12 [INFO] [client-6] Round 6 — receiving model…
15:31:12 [INFO] Round 5/50  acc=0.4414  loss=1.0712  1.7s  clients=10
15:31:12 [INFO] Round 6 — sending model to 10 clients…
15:31:12 [INFO] [client-0] Round 6 — training locally…
15:31:12 [INFO] [client-0] Round 6 — sending update…
15:31:12 [INFO] [client-2] Round 6 — training locally…
15:31:12 [INFO] [client-2] Round 6 — sending update…
15:31:12 [INFO] [client-5] Round 6 — training locally…
15:31:12 [INFO] [client-5] Round 6 — sending update…
15:31:12 [INFO] [client-8] Round 6 — training locally…
15:31:12 [INFO] [client-8] Round 6 — sending update…
15:31:12 [INFO] [client-3] Round 6 — training locally…
15:31:13 [INFO] [client-3] Round 6 — sending update…
15:31:13 [INFO] [client-7] Round 6 — training locally…
15:31:13 [INFO] [client-7] Round 6 — sending update…
15:31:13 [INFO] [client-1] Round 6 — training locally…
15:31:13 [INFO] [client-1] Round 6 — sending update…
15:31:13 [INFO] [client-4] Round 6 — training locally…
15:31:13 [INFO] [client-4] Round 6 — sending update…
15:31:13 [INFO] [client-0] Round 6 done — loss=1.0574 acc=0.4514  1.7s
15:31:13 [INFO] [client-0] Round 7 — receiving model…
15:31:13 [INFO] [client-2] Round 6 done — loss=0.9613 acc=0.5196  1.6s
15:31:13 [INFO] [client-2] Round 7 — receiving model…
15:31:13 [INFO] [client-5] Round 6 done — loss=0.9804 acc=0.5464  1.7s
15:31:13 [INFO] [client-5] Round 7 — receiving model…
15:31:13 [INFO] [client-8] Round 6 done — loss=0.7622 acc=0.7146  1.6s
15:31:13 [INFO] [client-8] Round 7 — receiving model…
15:31:13 [INFO] [client-3] Round 6 done — loss=1.0452 acc=0.4564  1.8s
15:31:13 [INFO] [client-3] Round 7 — receiving model…
15:31:13 [INFO] [client-7] Round 6 done — loss=1.0252 acc=0.4646  1.3s
15:31:13 [INFO] [client-7] Round 7 — receiving model…
15:31:13 [INFO] [client-1] Round 6 done — loss=1.0592 acc=0.4251  1.7s
15:31:13 [INFO] [client-1] Round 7 — receiving model…
15:31:13 [INFO] Round 6 — waiting for 10 updates…
15:31:13 [INFO] [client-4] Round 6 done — loss=1.0216 acc=0.4821  1.7s
15:31:13 [INFO] [client-4] Round 7 — receiving model…
15:31:13 [INFO] [client-6] Round 6 — training locally…
15:31:13 [INFO] [client-6] Round 6 — sending update…
15:31:13 [INFO] [client-9] Round 6 — training locally…
15:31:13 [INFO] [client-9] Round 6 — sending update…
15:31:14 [INFO] [client-6] Round 6 done — loss=1.0162 acc=0.4795  1.6s
15:31:14 [INFO] [client-6] Round 7 — receiving model…
15:31:14 [INFO] [client-9] Round 6 done — loss=1.0133 acc=0.5232  2.0s
15:31:14 [INFO] [client-9] Round 7 — receiving model…
15:31:14 [INFO] Round 6/50  acc=0.4636  loss=1.0599  1.7s  clients=10
15:31:14 [INFO] Round 7 — sending model to 10 clients…
15:31:14 [INFO] [client-4] Round 7 — training locally…
15:31:14 [INFO] [client-4] Round 7 — sending update…
15:31:14 [INFO] [client-5] Round 7 — training locally…
15:31:14 [INFO] [client-5] Round 7 — sending update…
15:31:14 [INFO] [client-8] Round 7 — training locally…
15:31:14 [INFO] [client-8] Round 7 — sending update…
15:31:14 [INFO] [client-3] Round 7 — training locally…
15:31:14 [INFO] [client-3] Round 7 — sending update…
15:31:14 [INFO] [client-2] Round 7 — training locally…
15:31:14 [INFO] [client-2] Round 7 — sending update…
15:31:14 [INFO] [client-7] Round 7 — training locally…
15:31:14 [INFO] [client-7] Round 7 — sending update…
15:31:14 [INFO] [client-0] Round 7 — training locally…
15:31:15 [INFO] [client-0] Round 7 — sending update…
15:31:15 [INFO] [client-6] Round 7 — training locally…
15:31:15 [INFO] [client-6] Round 7 — sending update…
15:31:15 [INFO] [client-4] Round 7 done — loss=1.0136 acc=0.4986  1.5s
15:31:15 [INFO] [client-4] Round 8 — receiving model…
15:31:15 [INFO] [client-5] Round 7 done — loss=0.9847 acc=0.5457  1.7s
15:31:15 [INFO] [client-5] Round 8 — receiving model…
15:31:15 [INFO] [client-8] Round 7 done — loss=0.7608 acc=0.7105  1.7s
15:31:15 [INFO] [client-8] Round 8 — receiving model…
15:31:15 [INFO] [client-3] Round 7 done — loss=1.0427 acc=0.4543  1.7s
15:31:15 [INFO] [client-3] Round 8 — receiving model…
15:31:15 [INFO] [client-2] Round 7 done — loss=0.9659 acc=0.5151  1.8s
15:31:15 [INFO] [client-2] Round 8 — receiving model…
15:31:15 [INFO] [client-7] Round 7 done — loss=1.0336 acc=0.4427  1.7s
15:31:15 [INFO] [client-7] Round 8 — receiving model…
15:31:15 [INFO] [client-0] Round 7 done — loss=1.0526 acc=0.4609  1.9s
15:31:15 [INFO] [client-0] Round 8 — receiving model…
15:31:15 [INFO] Round 7 — waiting for 10 updates…
15:31:15 [INFO] [client-6] Round 7 done — loss=1.0151 acc=0.4799  1.4s
15:31:15 [INFO] [client-6] Round 8 — receiving model…
15:31:15 [INFO] [client-1] Round 7 — training locally…
15:31:15 [INFO] [client-1] Round 7 — sending update…
15:31:15 [INFO] [client-9] Round 7 — training locally…
15:31:15 [INFO] [client-9] Round 7 — sending update…
15:31:15 [INFO] [client-1] Round 7 done — loss=1.0573 acc=0.4166  2.0s
15:31:15 [INFO] [client-1] Round 8 — receiving model…
15:31:15 [INFO] [client-9] Round 7 done — loss=1.0087 acc=0.5249  1.8s
15:31:15 [INFO] [client-9] Round 8 — receiving model…
15:31:15 [INFO] Round 7/50  acc=0.4583  loss=1.0649  1.8s  clients=10
15:31:15 [INFO] Round 8 — sending model to 10 clients…
15:31:15 [INFO] [client-7] Round 8 — training locally…
15:31:16 [INFO] [client-7] Round 8 — sending update…
15:31:16 [INFO] [client-1] Round 8 — training locally…
15:31:16 [INFO] [client-1] Round 8 — sending update…
15:31:16 [INFO] [client-9] Round 8 — training locally…
15:31:16 [INFO] [client-9] Round 8 — sending update…
15:31:16 [INFO] [client-6] Round 8 — training locally…
15:31:16 [INFO] [client-6] Round 8 — sending update…
15:31:16 [INFO] [client-3] Round 8 — training locally…
15:31:16 [INFO] [client-3] Round 8 — sending update…
15:31:16 [INFO] [client-0] Round 8 — training locally…
15:31:16 [INFO] [client-0] Round 8 — sending update…
15:31:16 [INFO] [client-4] Round 8 — training locally…
15:31:16 [INFO] [client-4] Round 8 — sending update…
15:31:16 [INFO] [client-5] Round 8 — training locally…
15:31:16 [INFO] [client-5] Round 8 — sending update…
15:31:17 [INFO] [client-7] Round 8 done — loss=1.0289 acc=0.4536  1.7s
15:31:17 [INFO] [client-7] Round 9 — receiving model…
15:31:17 [INFO] [client-1] Round 8 done — loss=1.0602 acc=0.4234  1.3s
15:31:17 [INFO] [client-1] Round 9 — receiving model…
15:31:17 [INFO] [client-9] Round 8 done — loss=1.0105 acc=0.5263  1.2s
15:31:17 [INFO] [client-9] Round 9 — receiving model…
15:31:17 [INFO] [client-6] Round 8 done — loss=1.0181 acc=0.4774  1.7s
15:31:17 [INFO] [client-6] Round 9 — receiving model…
15:31:17 [INFO] [client-3] Round 8 done — loss=1.0501 acc=0.4512  1.8s
15:31:17 [INFO] [client-3] Round 9 — receiving model…
15:31:17 [INFO] [client-0] Round 8 done — loss=1.0545 acc=0.4527  1.8s
15:31:17 [INFO] [client-0] Round 9 — receiving model…
15:31:17 [INFO] [client-4] Round 8 done — loss=1.0199 acc=0.4962  2.0s
15:31:17 [INFO] [client-4] Round 9 — receiving model…
15:31:17 [INFO] Round 8 — waiting for 10 updates…
15:31:17 [INFO] [client-5] Round 8 done — loss=0.9724 acc=0.5446  2.0s
15:31:17 [INFO] [client-5] Round 9 — receiving model…
15:31:17 [INFO] [client-2] Round 8 — training locally…
15:31:17 [INFO] [client-2] Round 8 — sending update…
15:31:17 [INFO] [client-8] Round 8 — training locally…
15:31:17 [INFO] [client-8] Round 8 — sending update…
15:31:17 [INFO] [client-2] Round 8 done — loss=0.9642 acc=0.5213  2.2s
15:31:17 [INFO] [client-2] Round 9 — receiving model…
15:31:17 [INFO] [client-8] Round 8 done — loss=0.7710 acc=0.7095  2.3s
15:31:17 [INFO] [client-8] Round 9 — receiving model…
15:31:17 [INFO] Round 8/50  acc=0.4597  loss=1.0660  1.7s  clients=10
15:31:17 [INFO] Round 9 — sending model to 10 clients…
15:31:17 [INFO] [client-3] Round 9 — training locally…
15:31:17 [INFO] [client-3] Round 9 — sending update…
15:31:17 [INFO] [client-2] Round 9 — training locally…
15:31:17 [INFO] [client-2] Round 9 — sending update…
15:31:17 [INFO] [client-4] Round 9 — training locally…
15:31:18 [INFO] [client-4] Round 9 — sending update…
15:31:18 [INFO] [client-6] Round 9 — training locally…
15:31:18 [INFO] [client-6] Round 9 — sending update…
15:31:18 [INFO] [client-7] Round 9 — training locally…
15:31:18 [INFO] [client-7] Round 9 — sending update…
15:31:18 [INFO] [client-0] Round 9 — training locally…
15:31:18 [INFO] [client-0] Round 9 — sending update…
15:31:18 [INFO] [client-1] Round 9 — training locally…
15:31:18 [INFO] [client-1] Round 9 — sending update…
15:31:18 [INFO] [client-5] Round 9 — training locally…
15:31:18 [INFO] [client-5] Round 9 — sending update…
15:31:18 [INFO] [client-3] Round 9 done — loss=1.0433 acc=0.4505  1.6s
15:31:18 [INFO] [client-3] Round 10 — receiving model…
15:31:18 [INFO] [client-2] Round 9 done — loss=0.9614 acc=0.5292  1.2s
15:31:18 [INFO] [client-2] Round 10 — receiving model…
15:31:18 [INFO] [client-4] Round 9 done — loss=1.0150 acc=0.4955  1.6s
15:31:18 [INFO] [client-4] Round 10 — receiving model…
15:31:18 [INFO] [client-6] Round 9 done — loss=1.0128 acc=0.4903  1.7s
15:31:18 [INFO] [client-6] Round 10 — receiving model…
15:31:18 [INFO] [client-7] Round 9 done — loss=1.0317 acc=0.4485  1.8s
15:31:18 [INFO] [client-7] Round 10 — receiving model…
15:31:18 [INFO] [client-0] Round 9 done — loss=1.0590 acc=0.4497  1.7s
15:31:18 [INFO] [client-0] Round 10 — receiving model…
15:31:18 [INFO] [client-1] Round 9 done — loss=1.0575 acc=0.4207  1.8s
15:31:18 [INFO] [client-1] Round 10 — receiving model…
15:31:18 [INFO] Round 9 — waiting for 10 updates…
15:31:18 [INFO] [client-5] Round 9 done — loss=0.9738 acc=0.5508  1.7s
15:31:18 [INFO] [client-5] Round 10 — receiving model…
15:31:18 [INFO] [client-9] Round 9 — training locally…
15:31:19 [INFO] [client-9] Round 9 — sending update…
15:31:19 [INFO] [client-8] Round 9 — training locally…
15:31:19 [INFO] [client-8] Round 9 — sending update…
15:31:19 [INFO] [client-9] Round 9 done — loss=1.0162 acc=0.5218  2.1s
15:31:19 [INFO] [client-9] Round 10 — receiving model…
15:31:19 [INFO] [client-8] Round 9 done — loss=0.7688 acc=0.7105  1.7s
15:31:19 [INFO] [client-8] Round 10 — receiving model…
15:31:19 [INFO] Round 9/50  acc=0.4628  loss=1.0655  1.7s  clients=10
15:31:19 [INFO] Round 10 — sending model to 10 clients…
15:31:19 [INFO] [client-8] Round 10 — training locally…
15:31:19 [INFO] [client-8] Round 10 — sending update…
15:31:19 [INFO] [client-0] Round 10 — training locally…
15:31:19 [INFO] [client-0] Round 10 — sending update…
15:31:19 [INFO] [client-7] Round 10 — training locally…
15:31:19 [INFO] [client-7] Round 10 — sending update…
15:31:19 [INFO] [client-2] Round 10 — training locally…
15:31:19 [INFO] [client-2] Round 10 — sending update…
15:31:19 [INFO] [client-3] Round 10 — training locally…
15:31:19 [INFO] [client-3] Round 10 — sending update…
15:31:19 [INFO] [client-9] Round 10 — training locally…
15:31:20 [INFO] [client-9] Round 10 — sending update…
15:31:20 [INFO] [client-1] Round 10 — training locally…
15:31:20 [INFO] [client-1] Round 10 — sending update…
15:31:20 [INFO] [client-6] Round 10 — training locally…
15:31:20 [INFO] [client-6] Round 10 — sending update…
15:31:20 [INFO] [client-8] Round 10 done — loss=0.7648 acc=0.7139  1.1s
15:31:20 [INFO] [client-8] Round 11 — receiving model…
15:31:20 [INFO] [client-0] Round 10 done — loss=1.0510 acc=0.4640  1.6s
15:31:20 [INFO] [client-0] Round 11 — receiving model…
15:31:20 [INFO] [client-7] Round 10 done — loss=1.0321 acc=0.4481  1.6s
15:31:20 [INFO] [client-7] Round 11 — receiving model…
15:31:20 [INFO] [client-2] Round 10 done — loss=0.9582 acc=0.5220  1.7s
15:31:20 [INFO] [client-2] Round 11 — receiving model…
15:31:20 [INFO] [client-3] Round 10 done — loss=1.0455 acc=0.4512  1.8s
15:31:20 [INFO] [client-3] Round 11 — receiving model…
15:31:20 [INFO] [client-9] Round 10 done — loss=1.0116 acc=0.5225  1.3s
15:31:20 [INFO] [client-9] Round 11 — receiving model…
15:31:20 [INFO] [client-1] Round 10 done — loss=1.0619 acc=0.4262  1.7s
15:31:20 [INFO] [client-1] Round 11 — receiving model…
15:31:20 [INFO] Round 10 — waiting for 10 updates…
15:31:20 [INFO] [client-6] Round 10 done — loss=1.0145 acc=0.4990  1.8s
15:31:20 [INFO] [client-6] Round 11 — receiving model…
15:31:20 [INFO] [client-4] Round 10 — training locally…
15:31:20 [INFO] [client-4] Round 10 — sending update…
15:31:20 [INFO] [client-5] Round 10 — training locally…
15:31:20 [INFO] [client-5] Round 10 — sending update…
15:31:20 [INFO] [client-4] Round 10 done — loss=1.0132 acc=0.4918  2.1s
15:31:20 [INFO] [client-4] Round 11 — receiving model…
15:31:20 [INFO] [client-5] Round 10 done — loss=0.9691 acc=0.5584  2.0s
15:31:20 [INFO] [client-5] Round 11 — receiving model…
15:31:20 [INFO] Round 10/50  acc=0.4521  loss=1.0734  1.7s  clients=10
15:31:20 [INFO] Round 11 — sending model to 10 clients…
15:31:20 [INFO] [client-9] Round 11 — training locally…
15:31:21 [INFO] [client-9] Round 11 — sending update…
15:31:21 [INFO] [client-2] Round 11 — training locally…
15:31:21 [INFO] [client-2] Round 11 — sending update…
15:31:21 [INFO] [client-7] Round 11 — training locally…
15:31:21 [INFO] [client-7] Round 11 — sending update…
15:31:21 [INFO] [client-6] Round 11 — training locally…
15:31:21 [INFO] [client-6] Round 11 — sending update…
15:31:21 [INFO] [client-0] Round 11 — training locally…
15:31:21 [INFO] [client-0] Round 11 — sending update…
15:31:21 [INFO] [client-4] Round 11 — training locally…
15:31:21 [INFO] [client-4] Round 11 — sending update…
15:31:21 [INFO] [client-1] Round 11 — training locally…
15:31:21 [INFO] [client-1] Round 11 — sending update…
15:31:21 [INFO] [client-8] Round 11 — training locally…
15:31:22 [INFO] [client-8] Round 11 — sending update…
15:31:22 [INFO] [client-9] Round 11 done — loss=1.0163 acc=0.5211  1.5s
15:31:22 [INFO] [client-9] Round 12 — receiving model…
15:31:22 [INFO] [client-2] Round 11 done — loss=0.9657 acc=0.5192  1.6s
15:31:22 [INFO] [client-2] Round 12 — receiving model…
15:31:22 [INFO] [client-7] Round 11 done — loss=1.0314 acc=0.4420  1.7s
15:31:22 [INFO] [client-7] Round 12 — receiving model…
15:31:22 [INFO] [client-6] Round 11 done — loss=1.0128 acc=0.4851  1.6s
15:31:22 [INFO] [client-6] Round 12 — receiving model…
15:31:22 [INFO] [client-0] Round 11 done — loss=1.0507 acc=0.4562  1.8s
15:31:22 [INFO] [client-0] Round 12 — receiving model…
15:31:22 [INFO] [client-4] Round 11 done — loss=1.0207 acc=0.4938  1.3s
15:31:22 [INFO] [client-4] Round 12 — receiving model…
15:31:22 [INFO] [client-1] Round 11 done — loss=1.0562 acc=0.4289  1.7s
15:31:22 [INFO] [client-1] Round 12 — receiving model…
15:31:22 [INFO] Round 11 — waiting for 10 updates…
15:31:22 [INFO] [client-8] Round 11 done — loss=0.7651 acc=0.7143  1.9s
15:31:22 [INFO] [client-8] Round 12 — receiving model…
15:31:22 [INFO] [client-3] Round 11 — training locally…
15:31:22 [INFO] [client-3] Round 11 — sending update…
15:31:22 [INFO] [client-5] Round 11 — training locally…
15:31:22 [INFO] [client-5] Round 11 — sending update…
15:31:22 [INFO] [client-3] Round 11 done — loss=1.0501 acc=0.4433  2.1s
15:31:22 [INFO] [client-3] Round 12 — receiving model…
15:31:22 [INFO] [client-5] Round 11 done — loss=0.9765 acc=0.5525  1.7s
15:31:22 [INFO] [client-5] Round 12 — receiving model…
15:31:22 [INFO] Round 11/50  acc=0.4625  loss=1.0666  1.7s  clients=10
15:31:22 [INFO] Round 12 — sending model to 10 clients…
15:31:22 [INFO] [client-9] Round 12 — training locally…
15:31:22 [INFO] [client-9] Round 12 — sending update…
15:31:22 [INFO] [client-6] Round 12 — training locally…
15:31:22 [INFO] [client-6] Round 12 — sending update…
15:31:22 [INFO] [client-0] Round 12 — training locally…
15:31:23 [INFO] [client-0] Round 12 — sending update…
15:31:23 [INFO] [client-8] Round 12 — training locally…
15:31:23 [INFO] [client-8] Round 12 — sending update…
15:31:23 [INFO] [client-7] Round 12 — training locally…
15:31:23 [INFO] [client-7] Round 12 — sending update…
15:31:23 [INFO] [client-3] Round 12 — training locally…
15:31:23 [INFO] [client-3] Round 12 — sending update…
15:31:23 [INFO] [client-5] Round 12 — training locally…
15:31:23 [INFO] [client-5] Round 12 — sending update…
15:31:23 [INFO] [client-4] Round 12 — training locally…
15:31:23 [INFO] [client-4] Round 12 — sending update…
15:31:23 [INFO] [client-9] Round 12 done — loss=1.0125 acc=0.5179  1.7s
15:31:23 [INFO] [client-9] Round 13 — receiving model…
15:31:23 [INFO] [client-6] Round 12 done — loss=1.0140 acc=0.4931  1.6s
15:31:23 [INFO] [client-6] Round 13 — receiving model…
15:31:23 [INFO] [client-0] Round 12 done — loss=1.0462 acc=0.4648  1.6s
15:31:23 [INFO] [client-0] Round 13 — receiving model…
15:31:23 [INFO] [client-8] Round 12 done — loss=0.7615 acc=0.7177  1.6s
15:31:23 [INFO] [client-8] Round 13 — receiving model…
15:31:23 [INFO] [client-7] Round 12 done — loss=1.0263 acc=0.4646  1.8s
15:31:23 [INFO] [client-7] Round 13 — receiving model…
15:31:23 [INFO] [client-3] Round 12 done — loss=1.0442 acc=0.4584  1.3s
15:31:23 [INFO] [client-3] Round 13 — receiving model…
15:31:23 [INFO] [client-5] Round 12 done — loss=0.9769 acc=0.5505  1.3s
15:31:23 [INFO] [client-5] Round 13 — receiving model…
15:31:23 [INFO] Round 12 — waiting for 10 updates…
15:31:23 [INFO] [client-4] Round 12 done — loss=1.0159 acc=0.4845  1.8s
15:31:23 [INFO] [client-4] Round 13 — receiving model…
15:31:23 [INFO] [client-1] Round 12 — training locally…
15:31:24 [INFO] [client-1] Round 12 — sending update…
15:31:24 [INFO] [client-2] Round 12 — training locally…
15:31:24 [INFO] [client-2] Round 12 — sending update…
15:31:24 [INFO] [client-1] Round 12 done — loss=1.0606 acc=0.4193  2.0s
15:31:24 [INFO] [client-1] Round 13 — receiving model…
15:31:24 [INFO] [client-2] Round 12 done — loss=0.9568 acc=0.5323  2.2s
15:31:24 [INFO] [client-2] Round 13 — receiving model…
15:31:24 [INFO] Round 12/50  acc=0.4605  loss=1.0649  1.7s  clients=10
15:31:24 [INFO] Round 13 — sending model to 10 clients…
15:31:24 [INFO] [client-7] Round 13 — training locally…
15:31:24 [INFO] [client-7] Round 13 — sending update…
15:31:24 [INFO] [client-9] Round 13 — training locally…
15:31:24 [INFO] [client-9] Round 13 — sending update…
15:31:24 [INFO] [client-8] Round 13 — training locally…
15:31:24 [INFO] [client-8] Round 13 — sending update…
15:31:24 [INFO] [client-4] Round 13 — training locally…
15:31:24 [INFO] [client-4] Round 13 — sending update…
15:31:24 [INFO] [client-5] Round 13 — training locally…
15:31:25 [INFO] [client-5] Round 13 — sending update…
15:31:25 [INFO] [client-6] Round 13 — training locally…
15:31:25 [INFO] [client-6] Round 13 — sending update…
15:31:25 [INFO] [client-2] Round 13 — training locally…
15:31:25 [INFO] [client-2] Round 13 — sending update…
15:31:25 [INFO] [client-3] Round 13 — training locally…
15:31:25 [INFO] [client-3] Round 13 — sending update…
15:31:25 [INFO] [client-7] Round 13 done — loss=1.0295 acc=0.4505  1.6s
15:31:25 [INFO] [client-7] Round 14 — receiving model…
15:31:25 [INFO] [client-9] Round 13 done — loss=1.0065 acc=0.5344  1.7s
15:31:25 [INFO] [client-9] Round 14 — receiving model…
15:31:25 [INFO] [client-8] Round 13 done — loss=0.7600 acc=0.7122  1.7s
15:31:25 [INFO] [client-8] Round 14 — receiving model…
15:31:25 [INFO] [client-4] Round 13 done — loss=1.0189 acc=0.4948  1.6s
15:31:25 [INFO] [client-4] Round 14 — receiving model…
15:31:25 [INFO] [client-5] Round 13 done — loss=0.9719 acc=0.5580  1.7s
15:31:25 [INFO] [client-5] Round 14 — receiving model…
15:31:25 [INFO] [client-6] Round 13 done — loss=1.0148 acc=0.4892  1.8s
15:31:25 [INFO] [client-6] Round 14 — receiving model…
15:31:25 [INFO] [client-2] Round 13 done — loss=0.9629 acc=0.5196  1.3s
15:31:25 [INFO] [client-2] Round 14 — receiving model…
15:31:25 [INFO] Round 13 — waiting for 10 updates…
15:31:25 [INFO] [client-3] Round 13 done — loss=1.0401 acc=0.4602  1.8s
15:31:25 [INFO] [client-3] Round 14 — receiving model…
15:31:25 [INFO] [client-0] Round 13 — training locally…
15:31:25 [INFO] [client-0] Round 13 — sending update…
15:31:25 [INFO] [client-1] Round 13 — training locally…
15:31:25 [INFO] [client-1] Round 13 — sending update…
15:31:25 [INFO] [client-0] Round 13 done — loss=1.0489 acc=0.4609  2.1s
15:31:25 [INFO] [client-0] Round 14 — receiving model…
15:31:26 [INFO] [client-1] Round 13 done — loss=1.0600 acc=0.4169  1.7s
15:31:26 [INFO] [client-1] Round 14 — receiving model…
15:31:26 [INFO] Round 13/50  acc=0.4709  loss=1.0531  1.7s  clients=10
15:31:26 [INFO] Round 14 — sending model to 10 clients…
15:31:26 [INFO] [client-3] Round 14 — training locally…
15:31:26 [INFO] [client-3] Round 14 — sending update…
15:31:26 [INFO] [client-6] Round 14 — training locally…
15:31:26 [INFO] [client-6] Round 14 — sending update…
15:31:26 [INFO] [client-2] Round 14 — training locally…
15:31:26 [INFO] [client-2] Round 14 — sending update…
15:31:26 [INFO] [client-0] Round 14 — training locally…
15:31:26 [INFO] [client-0] Round 14 — sending update…
15:31:26 [INFO] [client-8] Round 14 — training locally…
15:31:26 [INFO] [client-8] Round 14 — sending update…
15:31:26 [INFO] [client-1] Round 14 — training locally…
15:31:26 [INFO] [client-1] Round 14 — sending update…
15:31:26 [INFO] [client-9] Round 14 — training locally…
15:31:26 [INFO] [client-9] Round 14 — sending update…
15:31:26 [INFO] [client-5] Round 14 — training locally…
15:31:27 [INFO] [client-5] Round 14 — sending update…
15:31:27 [INFO] [client-3] Round 14 done — loss=1.0393 acc=0.4554  1.4s
15:31:27 [INFO] [client-3] Round 15 — receiving model…
15:31:27 [INFO] [client-6] Round 14 done — loss=1.0143 acc=0.4844  1.5s
15:31:27 [INFO] [client-6] Round 15 — receiving model…
15:31:27 [INFO] [client-2] Round 14 done — loss=0.9541 acc=0.5374  1.5s
15:31:27 [INFO] [client-2] Round 15 — receiving model…
15:31:27 [INFO] [client-0] Round 14 done — loss=1.0484 acc=0.4536  1.3s
15:31:27 [INFO] [client-0] Round 15 — receiving model…
15:31:27 [INFO] [client-8] Round 14 done — loss=0.7681 acc=0.7074  1.7s
15:31:27 [INFO] [client-8] Round 15 — receiving model…
15:31:27 [INFO] [client-1] Round 14 done — loss=1.0637 acc=0.4104  1.3s
15:31:27 [INFO] [client-1] Round 15 — receiving model…
15:31:27 [INFO] [client-9] Round 14 done — loss=1.0119 acc=0.5256  1.8s
15:31:27 [INFO] [client-9] Round 15 — receiving model…
15:31:27 [INFO] Round 14 — waiting for 10 updates…
15:31:27 [INFO] [client-5] Round 14 done — loss=0.9759 acc=0.5498  1.8s
15:31:27 [INFO] [client-5] Round 15 — receiving model…
15:31:27 [INFO] [client-7] Round 14 — training locally…
15:31:27 [INFO] [client-7] Round 14 — sending update…
15:31:27 [INFO] [client-4] Round 14 — training locally…
15:31:27 [INFO] [client-4] Round 14 — sending update…
15:31:27 [INFO] [client-7] Round 14 done — loss=1.0311 acc=0.4571  2.3s
15:31:27 [INFO] [client-7] Round 15 — receiving model…
15:31:27 [INFO] [client-4] Round 14 done — loss=1.0135 acc=0.4935  2.2s
15:31:27 [INFO] [client-4] Round 15 — receiving model…
15:31:27 [INFO] Round 14/50  acc=0.4636  loss=1.0650  1.8s  clients=10
15:31:27 [INFO] Round 15 — sending model to 10 clients…
15:31:27 [INFO] [client-0] Round 15 — training locally…
15:31:27 [INFO] [client-0] Round 15 — sending update…
15:31:27 [INFO] [client-9] Round 15 — training locally…
15:31:28 [INFO] [client-9] Round 15 — sending update…
15:31:28 [INFO] [client-4] Round 15 — training locally…
15:31:28 [INFO] [client-4] Round 15 — sending update…
15:31:28 [INFO] [client-7] Round 15 — training locally…
15:31:28 [INFO] [client-7] Round 15 — sending update…
15:31:28 [INFO] [client-5] Round 15 — training locally…
15:31:28 [INFO] [client-5] Round 15 — sending update…
15:31:28 [INFO] [client-6] Round 15 — training locally…
15:31:28 [INFO] [client-6] Round 15 — sending update…
15:31:28 [INFO] [client-8] Round 15 — training locally…
15:31:28 [INFO] [client-8] Round 15 — sending update…
15:31:28 [INFO] [client-3] Round 15 — training locally…
15:31:28 [INFO] [client-3] Round 15 — sending update…
15:31:28 [INFO] [client-0] Round 15 done — loss=1.0547 acc=0.4609  1.7s
15:31:28 [INFO] [client-0] Round 16 — receiving model…
15:31:28 [INFO] [client-9] Round 15 done — loss=1.0140 acc=0.5190  1.6s
15:31:28 [INFO] [client-9] Round 16 — receiving model…
15:31:28 [INFO] [client-4] Round 15 done — loss=1.0139 acc=0.4849  1.2s
15:31:28 [INFO] [client-4] Round 16 — receiving model…
15:31:29 [INFO] [client-7] Round 15 done — loss=1.0313 acc=0.4413  1.3s
15:31:29 [INFO] [client-7] Round 16 — receiving model…
15:31:29 [INFO] [client-5] Round 15 done — loss=0.9649 acc=0.5587  1.6s
15:31:29 [INFO] [client-5] Round 16 — receiving model…
15:31:29 [INFO] [client-6] Round 15 done — loss=1.0127 acc=0.5014  1.9s
15:31:29 [INFO] [client-6] Round 16 — receiving model…
15:31:29 [INFO] [client-8] Round 15 done — loss=0.7634 acc=0.7122  1.8s
15:31:29 [INFO] [client-8] Round 16 — receiving model…
15:31:29 [INFO] Round 15 — waiting for 10 updates…
15:31:29 [INFO] [client-3] Round 15 done — loss=1.0400 acc=0.4550  2.0s
15:31:29 [INFO] [client-3] Round 16 — receiving model…
15:31:29 [INFO] [client-1] Round 15 — training locally…
15:31:29 [INFO] [client-1] Round 15 — sending update…
15:31:29 [INFO] [client-2] Round 15 — training locally…
15:31:29 [INFO] [client-2] Round 15 — sending update…
15:31:29 [INFO] [client-1] Round 15 done — loss=1.0590 acc=0.4169  2.1s
15:31:29 [INFO] [client-1] Round 16 — receiving model…
15:31:29 [INFO] [client-2] Round 15 done — loss=0.9545 acc=0.5299  2.3s
15:31:29 [INFO] [client-2] Round 16 — receiving model…
15:31:29 [INFO] Round 15/50  acc=0.4594  loss=1.0705  1.7s  clients=10
15:31:29 [INFO] Round 16 — sending model to 10 clients…
15:31:29 [INFO] [client-9] Round 16 — training locally…
15:31:29 [INFO] [client-9] Round 16 — sending update…
15:31:29 [INFO] [client-2] Round 16 — training locally…
15:31:29 [INFO] [client-2] Round 16 — sending update…
15:31:29 [INFO] [client-4] Round 16 — training locally…
15:31:29 [INFO] [client-4] Round 16 — sending update…
15:31:29 [INFO] [client-0] Round 16 — training locally…
15:31:30 [INFO] [client-0] Round 16 — sending update…
15:31:30 [INFO] [client-7] Round 16 — training locally…
15:31:30 [INFO] [client-7] Round 16 — sending update…
15:31:30 [INFO] [client-3] Round 16 — training locally…
15:31:30 [INFO] [client-3] Round 16 — sending update…
15:31:30 [INFO] [client-8] Round 16 — training locally…
15:31:30 [INFO] [client-8] Round 16 — sending update…
15:31:30 [INFO] [client-5] Round 16 — training locally…
15:31:30 [INFO] [client-5] Round 16 — sending update…
15:31:30 [INFO] [client-9] Round 16 done — loss=1.0132 acc=0.5218  1.7s
15:31:30 [INFO] [client-9] Round 17 — receiving model…
15:31:30 [INFO] [client-2] Round 16 done — loss=0.9617 acc=0.5240  1.2s
15:31:30 [INFO] [client-2] Round 17 — receiving model…
15:31:30 [INFO] [client-4] Round 16 done — loss=1.0163 acc=0.4835  1.7s
15:31:30 [INFO] [client-4] Round 17 — receiving model…
15:31:30 [INFO] [client-0] Round 16 done — loss=1.0501 acc=0.4596  1.8s
15:31:30 [INFO] [client-0] Round 17 — receiving model…
15:31:30 [INFO] [client-7] Round 16 done — loss=1.0278 acc=0.4471  1.7s
15:31:30 [INFO] [client-7] Round 17 — receiving model…
15:31:30 [INFO] [client-3] Round 16 done — loss=1.0431 acc=0.4567  1.6s
15:31:30 [INFO] [client-3] Round 17 — receiving model…
15:31:30 [INFO] [client-8] Round 16 done — loss=0.7634 acc=0.7150  1.7s
15:31:30 [INFO] [client-8] Round 17 — receiving model…
15:31:30 [INFO] Round 16 — waiting for 10 updates…
15:31:30 [INFO] [client-5] Round 16 done — loss=0.9743 acc=0.5601  1.8s
15:31:30 [INFO] [client-5] Round 17 — receiving model…
15:31:30 [INFO] [client-1] Round 16 — training locally…
15:31:30 [INFO] [client-1] Round 16 — sending update…
15:31:30 [INFO] [client-6] Round 16 — training locally…
15:31:31 [INFO] [client-6] Round 16 — sending update…
15:31:31 [INFO] [client-1] Round 16 done — loss=1.0596 acc=0.4159  1.7s
15:31:31 [INFO] [client-1] Round 17 — receiving model…
15:31:31 [INFO] [client-6] Round 16 done — loss=1.0113 acc=0.5014  2.1s
15:31:31 [INFO] [client-6] Round 17 — receiving model…
15:31:31 [INFO] Round 16/50  acc=0.4701  loss=1.0604  1.7s  clients=10
15:31:31 [INFO] Round 17 — sending model to 10 clients…
15:31:31 [INFO] [client-1] Round 17 — training locally…
15:31:31 [INFO] [client-1] Round 17 — sending update…
15:31:31 [INFO] [client-2] Round 17 — training locally…
15:31:31 [INFO] [client-2] Round 17 — sending update…
15:31:31 [INFO] [client-4] Round 17 — training locally…
15:31:31 [INFO] [client-4] Round 17 — sending update…
15:31:31 [INFO] [client-5] Round 17 — training locally…
15:31:31 [INFO] [client-5] Round 17 — sending update…
15:31:31 [INFO] [client-9] Round 17 — training locally…
15:31:31 [INFO] [client-9] Round 17 — sending update…
15:31:31 [INFO] [client-0] Round 17 — training locally…
15:31:31 [INFO] [client-0] Round 17 — sending update…
15:31:31 [INFO] [client-3] Round 17 — training locally…
15:31:32 [INFO] [client-3] Round 17 — sending update…
15:31:32 [INFO] [client-7] Round 17 — training locally…
15:31:32 [INFO] [client-7] Round 17 — sending update…
15:31:32 [INFO] [client-1] Round 17 done — loss=1.0569 acc=0.4282  1.2s
15:31:32 [INFO] [client-1] Round 18 — receiving model…
15:31:32 [INFO] [client-2] Round 17 done — loss=0.9593 acc=0.5261  1.7s
15:31:32 [INFO] [client-2] Round 18 — receiving model…
15:31:32 [INFO] [client-4] Round 17 done — loss=1.0144 acc=0.4921  1.7s
15:31:32 [INFO] [client-4] Round 18 — receiving model…
15:31:32 [INFO] [client-5] Round 17 done — loss=0.9710 acc=0.5577  1.6s
15:31:32 [INFO] [client-5] Round 18 — receiving model…
15:31:32 [INFO] [client-9] Round 17 done — loss=1.0112 acc=0.5190  1.8s
15:31:32 [INFO] [client-9] Round 18 — receiving model…
15:31:32 [INFO] [client-0] Round 17 done — loss=1.0567 acc=0.4640  1.8s
15:31:32 [INFO] [client-0] Round 18 — receiving model…
15:31:32 [INFO] [client-3] Round 17 done — loss=1.0437 acc=0.4509  1.7s
15:31:32 [INFO] [client-3] Round 18 — receiving model…
15:31:32 [INFO] Round 17 — waiting for 10 updates…
15:31:32 [INFO] [client-7] Round 17 done — loss=1.0280 acc=0.4509  1.8s
15:31:32 [INFO] [client-7] Round 18 — receiving model…
15:31:32 [INFO] [client-8] Round 17 — training locally…
15:31:32 [INFO] [client-8] Round 17 — sending update…
15:31:32 [INFO] [client-6] Round 17 — training locally…
15:31:32 [INFO] [client-6] Round 17 — sending update…
15:31:32 [INFO] [client-8] Round 17 done — loss=0.7614 acc=0.7126  2.0s
15:31:32 [INFO] [client-8] Round 18 — receiving model…
15:31:32 [INFO] [client-6] Round 17 done — loss=1.0108 acc=0.5108  1.7s
15:31:32 [INFO] [client-6] Round 18 — receiving model…
15:31:32 [INFO] Round 17/50  acc=0.4622  loss=1.0713  1.7s  clients=10
15:31:32 [INFO] Round 18 — sending model to 10 clients…
15:31:32 [INFO] [client-0] Round 18 — training locally…
15:31:33 [INFO] [client-0] Round 18 — sending update…
15:31:33 [INFO] [client-9] Round 18 — training locally…
15:31:33 [INFO] [client-9] Round 18 — sending update…
15:31:33 [INFO] [client-7] Round 18 — training locally…
15:31:33 [INFO] [client-7] Round 18 — sending update…
15:31:33 [INFO] [client-3] Round 18 — training locally…
15:31:33 [INFO] [client-3] Round 18 — sending update…
15:31:33 [INFO] [client-8] Round 18 — training locally…
15:31:33 [INFO] [client-8] Round 18 — sending update…
15:31:33 [INFO] [client-6] Round 18 — training locally…
15:31:33 [INFO] [client-6] Round 18 — sending update…
15:31:33 [INFO] [client-4] Round 18 — training locally…
15:31:33 [INFO] [client-4] Round 18 — sending update…
15:31:33 [INFO] [client-2] Round 18 — training locally…
15:31:33 [INFO] [client-2] Round 18 — sending update…
15:31:33 [INFO] [client-0] Round 18 done — loss=1.0474 acc=0.4657  1.5s
15:31:33 [INFO] [client-0] Round 19 — receiving model…
15:31:34 [INFO] [client-9] Round 18 done — loss=1.0156 acc=0.5207  1.6s
15:31:34 [INFO] [client-9] Round 19 — receiving model…
15:31:34 [INFO] [client-7] Round 18 done — loss=1.0267 acc=0.4612  1.5s
15:31:34 [INFO] [client-7] Round 19 — receiving model…
15:31:34 [INFO] [client-3] Round 18 done — loss=1.0417 acc=0.4598  1.6s
15:31:34 [INFO] [client-3] Round 19 — receiving model…
15:31:34 [INFO] [client-8] Round 18 done — loss=0.7563 acc=0.7139  1.3s
15:31:34 [INFO] [client-8] Round 19 — receiving model…
15:31:34 [INFO] [client-6] Round 18 done — loss=1.0069 acc=0.4910  1.3s
15:31:34 [INFO] [client-6] Round 19 — receiving model…
15:31:34 [INFO] [client-4] Round 18 done — loss=1.0128 acc=0.4863  1.8s
15:31:34 [INFO] [client-4] Round 19 — receiving model…
15:31:34 [INFO] Round 18 — waiting for 10 updates…
15:31:34 [INFO] [client-2] Round 18 done — loss=0.9572 acc=0.5247  1.9s
15:31:34 [INFO] [client-2] Round 19 — receiving model…
15:31:34 [INFO] [client-5] Round 18 — training locally…
15:31:34 [INFO] [client-5] Round 18 — sending update…
15:31:34 [INFO] [client-1] Round 18 — training locally…
15:31:34 [INFO] [client-1] Round 18 — sending update…
15:31:34 [INFO] [client-5] Round 18 done — loss=0.9747 acc=0.5539  2.1s
15:31:34 [INFO] [client-5] Round 19 — receiving model…
15:31:34 [INFO] [client-1] Round 18 done — loss=1.0542 acc=0.4337  2.2s
15:31:34 [INFO] [client-1] Round 19 — receiving model…
15:31:34 [INFO] Round 18/50  acc=0.4662  loss=1.0634  1.7s  clients=10
15:31:34 [INFO] Round 19 — sending model to 10 clients…
15:31:34 [INFO] [client-2] Round 19 — training locally…
15:31:34 [INFO] [client-2] Round 19 — sending update…
15:31:34 [INFO] [client-5] Round 19 — training locally…
15:31:34 [INFO] [client-5] Round 19 — sending update…
15:31:34 [INFO] [client-8] Round 19 — training locally…
15:31:34 [INFO] [client-8] Round 19 — sending update…
15:31:34 [INFO] [client-1] Round 19 — training locally…
15:31:35 [INFO] [client-1] Round 19 — sending update…
15:31:35 [INFO] [client-9] Round 19 — training locally…
15:31:35 [INFO] [client-9] Round 19 — sending update…
15:31:35 [INFO] [client-6] Round 19 — training locally…
15:31:35 [INFO] [client-6] Round 19 — sending update…
15:31:35 [INFO] [client-0] Round 19 — training locally…
15:31:35 [INFO] [client-0] Round 19 — sending update…
15:31:35 [INFO] [client-7] Round 19 — training locally…
15:31:35 [INFO] [client-7] Round 19 — sending update…
15:31:35 [INFO] [client-2] Round 19 done — loss=0.9565 acc=0.5230  1.5s
15:31:35 [INFO] [client-2] Round 20 — receiving model…
15:31:35 [INFO] [client-5] Round 19 done — loss=0.9712 acc=0.5553  1.2s
15:31:35 [INFO] [client-5] Round 20 — receiving model…
15:31:35 [INFO] [client-8] Round 19 done — loss=0.7598 acc=0.7102  1.6s
15:31:35 [INFO] [client-8] Round 20 — receiving model…
15:31:35 [INFO] [client-1] Round 19 done — loss=1.0579 acc=0.4200  1.2s
15:31:35 [INFO] [client-1] Round 20 — receiving model…
15:31:35 [INFO] [client-9] Round 19 done — loss=1.0112 acc=0.5158  1.8s
15:31:35 [INFO] [client-9] Round 20 — receiving model…
15:31:35 [INFO] [client-6] Round 19 done — loss=1.0132 acc=0.4924  1.7s
15:31:35 [INFO] [client-6] Round 20 — receiving model…
15:31:35 [INFO] [client-0] Round 19 done — loss=1.0493 acc=0.4514  1.9s
15:31:35 [INFO] [client-0] Round 20 — receiving model…
15:31:35 [INFO] Round 19 — waiting for 10 updates…
15:31:35 [INFO] [client-7] Round 19 done — loss=1.0252 acc=0.4543  1.8s
15:31:35 [INFO] [client-7] Round 20 — receiving model…
15:31:35 [INFO] [client-3] Round 19 — training locally…
15:31:36 [INFO] [client-3] Round 19 — sending update…
15:31:36 [INFO] [client-4] Round 19 — training locally…
15:31:36 [INFO] [client-4] Round 19 — sending update…
15:31:36 [INFO] [client-3] Round 19 done — loss=1.0344 acc=0.4674  2.1s
15:31:36 [INFO] [client-3] Round 20 — receiving model…
15:31:36 [INFO] [client-4] Round 19 done — loss=1.0127 acc=0.4938  2.1s
15:31:36 [INFO] [client-4] Round 20 — receiving model…
15:31:36 [INFO] Round 19/50  acc=0.4723  loss=1.0542  1.7s  clients=10
15:31:36 [INFO] Round 20 — sending model to 10 clients…
15:31:36 [INFO] [client-2] Round 20 — training locally…
15:31:36 [INFO] [client-2] Round 20 — sending update…
15:31:36 [INFO] [client-5] Round 20 — training locally…
15:31:36 [INFO] [client-5] Round 20 — sending update…
15:31:36 [INFO] [client-4] Round 20 — training locally…
15:31:36 [INFO] [client-4] Round 20 — sending update…
15:31:36 [INFO] [client-9] Round 20 — training locally…
15:31:36 [INFO] [client-9] Round 20 — sending update…
15:31:36 [INFO] [client-1] Round 20 — training locally…
15:31:36 [INFO] [client-1] Round 20 — sending update…
15:31:36 [INFO] [client-0] Round 20 — training locally…
15:31:37 [INFO] [client-0] Round 20 — sending update…
15:31:37 [INFO] [client-7] Round 20 — training locally…
15:31:37 [INFO] [client-7] Round 20 — sending update…
15:31:37 [INFO] [client-8] Round 20 — training locally…
15:31:37 [INFO] [client-8] Round 20 — sending update…
15:31:37 [INFO] [client-2] Round 20 done — loss=0.9615 acc=0.5402  1.7s
15:31:37 [INFO] [client-2] Round 21 — receiving model…
15:31:37 [INFO] [client-5] Round 20 done — loss=0.9623 acc=0.5639  1.7s
15:31:37 [INFO] [client-5] Round 21 — receiving model…
15:31:37 [INFO] [client-4] Round 20 done — loss=1.0080 acc=0.4887  1.2s
15:31:37 [INFO] [client-4] Round 21 — receiving model…
15:31:37 [INFO] [client-9] Round 20 done — loss=1.0101 acc=0.5256  1.7s
15:31:37 [INFO] [client-9] Round 21 — receiving model…
15:31:37 [INFO] [client-1] Round 20 done — loss=1.0591 acc=0.4203  1.7s
15:31:37 [INFO] [client-1] Round 21 — receiving model…
15:31:37 [INFO] [client-0] Round 20 done — loss=1.0516 acc=0.4510  1.7s
15:31:37 [INFO] [client-0] Round 21 — receiving model…
15:31:37 [INFO] [client-7] Round 20 done — loss=1.0298 acc=0.4416  1.7s
15:31:37 [INFO] [client-7] Round 21 — receiving model…
15:31:37 [INFO] Round 20 — waiting for 10 updates…
15:31:37 [INFO] [client-8] Round 20 done — loss=0.7641 acc=0.7119  1.8s
15:31:37 [INFO] [client-8] Round 21 — receiving model…
15:31:37 [INFO] [client-6] Round 20 — training locally…
15:31:37 [INFO] [client-6] Round 20 — sending update…
15:31:37 [INFO] [client-3] Round 20 — training locally…
15:31:37 [INFO] [client-3] Round 20 — sending update…
15:31:37 [INFO] [client-6] Round 20 done — loss=1.0136 acc=0.4837  2.1s
15:31:37 [INFO] [client-6] Round 21 — receiving model…
15:31:37 [INFO] [client-3] Round 20 done — loss=1.0433 acc=0.4564  1.7s
15:31:37 [INFO] [client-3] Round 21 — receiving model…
15:31:37 [INFO] Round 20/50  acc=0.4667  loss=1.0627  1.7s  clients=10
15:31:37 [INFO] Round 21 — sending model to 10 clients…
15:31:37 [INFO] [client-5] Round 21 — training locally…
15:31:38 [INFO] [client-5] Round 21 — sending update…
15:31:38 [INFO] [client-0] Round 21 — training locally…
15:31:38 [INFO] [client-0] Round 21 — sending update…
15:31:38 [INFO] [client-8] Round 21 — training locally…
15:31:38 [INFO] [client-8] Round 21 — sending update…
15:31:38 [INFO] [client-6] Round 21 — training locally…
15:31:38 [INFO] [client-6] Round 21 — sending update…
15:31:38 [INFO] [client-3] Round 21 — training locally…
15:31:38 [INFO] [client-3] Round 21 — sending update…
15:31:38 [INFO] [client-1] Round 21 — training locally…
15:31:38 [INFO] [client-1] Round 21 — sending update…
15:31:38 [INFO] [client-7] Round 21 — training locally…
15:31:38 [INFO] [client-7] Round 21 — sending update…
15:31:38 [INFO] [client-9] Round 21 — training locally…
15:31:39 [INFO] [client-9] Round 21 — sending update…
15:31:39 [INFO] [client-5] Round 21 done — loss=0.9659 acc=0.5611  1.7s
15:31:39 [INFO] [client-5] Round 22 — receiving model…
15:31:39 [INFO] [client-0] Round 21 done — loss=1.0513 acc=0.4540  1.6s
15:31:39 [INFO] [client-0] Round 22 — receiving model…
15:31:39 [INFO] [client-8] Round 21 done — loss=0.7633 acc=0.7119  1.5s
15:31:39 [INFO] [client-8] Round 22 — receiving model…
15:31:39 [INFO] [client-6] Round 21 done — loss=1.0111 acc=0.4906  1.3s
15:31:39 [INFO] [client-6] Round 22 — receiving model…
15:31:39 [INFO] [client-3] Round 21 done — loss=1.0383 acc=0.4567  1.3s
15:31:39 [INFO] [client-3] Round 22 — receiving model…
15:31:39 [INFO] [client-1] Round 21 done — loss=1.0580 acc=0.4148  1.8s
15:31:39 [INFO] [client-1] Round 22 — receiving model…
15:31:39 [INFO] [client-7] Round 21 done — loss=1.0276 acc=0.4523  1.8s
15:31:39 [INFO] [client-7] Round 22 — receiving model…
15:31:39 [INFO] Round 21 — waiting for 10 updates…
15:31:39 [INFO] [client-9] Round 21 done — loss=1.0078 acc=0.5228  1.9s
15:31:39 [INFO] [client-9] Round 22 — receiving model…
15:31:39 [INFO] [client-2] Round 21 — training locally…
15:31:39 [INFO] [client-2] Round 21 — sending update…
15:31:39 [INFO] [client-4] Round 21 — training locally…
15:31:39 [INFO] [client-4] Round 21 — sending update…
15:31:39 [INFO] [client-2] Round 21 done — loss=0.9571 acc=0.5175  2.3s
15:31:39 [INFO] [client-2] Round 22 — receiving model…
15:31:39 [INFO] [client-4] Round 21 done — loss=1.0135 acc=0.4897  2.3s
15:31:39 [INFO] [client-4] Round 22 — receiving model…
15:31:39 [INFO] Round 21/50  acc=0.4608  loss=1.0699  1.8s  clients=10
15:31:39 [INFO] Round 22 — sending model to 10 clients…
15:31:39 [INFO] [client-5] Round 22 — training locally…
15:31:39 [INFO] [client-5] Round 22 — sending update…
15:31:39 [INFO] [client-3] Round 22 — training locally…
15:31:40 [INFO] [client-3] Round 22 — sending update…
15:31:40 [INFO] [client-9] Round 22 — training locally…
15:31:40 [INFO] [client-9] Round 22 — sending update…
15:31:40 [INFO] [client-7] Round 22 — training locally…
15:31:40 [INFO] [client-7] Round 22 — sending update…
15:31:40 [INFO] [client-6] Round 22 — training locally…
15:31:40 [INFO] [client-6] Round 22 — sending update…
15:31:40 [INFO] [client-0] Round 22 — training locally…
15:31:40 [INFO] [client-0] Round 22 — sending update…
15:31:40 [INFO] [client-2] Round 22 — training locally…
15:31:40 [INFO] [client-2] Round 22 — sending update…
15:31:40 [INFO] [client-1] Round 22 — training locally…
15:31:40 [INFO] [client-1] Round 22 — sending update…
15:31:40 [INFO] [client-5] Round 22 done — loss=0.9809 acc=0.5529  1.8s
15:31:40 [INFO] [client-5] Round 23 — receiving model…
15:31:40 [INFO] [client-3] Round 22 done — loss=1.0428 acc=0.4591  1.6s
15:31:40 [INFO] [client-3] Round 23 — receiving model…
15:31:40 [INFO] [client-9] Round 22 done — loss=1.0170 acc=0.5204  1.5s
15:31:40 [INFO] [client-9] Round 23 — receiving model…
15:31:40 [INFO] [client-7] Round 22 done — loss=1.0267 acc=0.4516  1.6s
15:31:40 [INFO] [client-7] Round 23 — receiving model…
15:31:40 [INFO] [client-6] Round 22 done — loss=1.0107 acc=0.4941  1.7s
15:31:40 [INFO] [client-6] Round 23 — receiving model…
15:31:40 [INFO] [client-0] Round 22 done — loss=1.0462 acc=0.4644  1.9s
15:31:40 [INFO] [client-0] Round 23 — receiving model…
15:31:41 [INFO] [client-2] Round 22 done — loss=0.9537 acc=0.5371  1.4s
15:31:41 [INFO] [client-2] Round 23 — receiving model…
15:31:41 [INFO] Round 22 — waiting for 10 updates…
15:31:41 [INFO] [client-1] Round 22 done — loss=1.0575 acc=0.4135  1.8s
15:31:41 [INFO] [client-1] Round 23 — receiving model…
15:31:41 [INFO] [client-8] Round 22 — training locally…
15:31:41 [INFO] [client-8] Round 22 — sending update…
15:31:41 [INFO] [client-4] Round 22 — training locally…
15:31:41 [INFO] [client-4] Round 22 — sending update…
15:31:41 [INFO] [client-8] Round 22 done — loss=0.7603 acc=0.7133  2.2s
15:31:41 [INFO] [client-8] Round 23 — receiving model…
15:31:41 [INFO] [client-4] Round 22 done — loss=1.0121 acc=0.4962  1.7s
15:31:41 [INFO] [client-4] Round 23 — receiving model…
15:31:41 [INFO] Round 22/50  acc=0.4709  loss=1.0576  1.7s  clients=10
15:31:41 [INFO] Round 23 — sending model to 10 clients…
15:31:41 [INFO] [client-0] Round 23 — training locally…
15:31:41 [INFO] [client-0] Round 23 — sending update…
15:31:41 [INFO] [client-2] Round 23 — training locally…
15:31:41 [INFO] [client-2] Round 23 — sending update…
15:31:41 [INFO] [client-4] Round 23 — training locally…
15:31:41 [INFO] [client-4] Round 23 — sending update…
15:31:41 [INFO] [client-9] Round 23 — training locally…
15:31:41 [INFO] [client-9] Round 23 — sending update…
15:31:41 [INFO] [client-6] Round 23 — training locally…
15:31:42 [INFO] [client-6] Round 23 — sending update…
15:31:42 [INFO] [client-5] Round 23 — training locally…
15:31:42 [INFO] [client-5] Round 23 — sending update…
15:31:42 [INFO] [client-1] Round 23 — training locally…
15:31:42 [INFO] [client-1] Round 23 — sending update…
15:31:42 [INFO] [client-3] Round 23 — training locally…
15:31:42 [INFO] [client-3] Round 23 — sending update…
15:31:42 [INFO] [client-0] Round 23 done — loss=1.0465 acc=0.4527  1.5s
15:31:42 [INFO] [client-0] Round 24 — receiving model…
15:31:42 [INFO] [client-2] Round 23 done — loss=0.9568 acc=0.5350  1.5s
15:31:42 [INFO] [client-2] Round 24 — receiving model…
15:31:42 [INFO] [client-4] Round 23 done — loss=1.0091 acc=0.5003  1.2s
15:31:42 [INFO] [client-4] Round 24 — receiving model…
15:31:42 [INFO] [client-9] Round 23 done — loss=1.0109 acc=0.5256  1.7s
15:31:42 [INFO] [client-9] Round 24 — receiving model…
15:31:42 [INFO] [client-6] Round 23 done — loss=1.0127 acc=0.4878  1.7s
15:31:42 [INFO] [client-6] Round 24 — receiving model…
15:31:42 [INFO] [client-5] Round 23 done — loss=0.9658 acc=0.5611  1.8s
15:31:42 [INFO] [client-5] Round 24 — receiving model…
15:31:42 [INFO] [client-1] Round 23 done — loss=1.0573 acc=0.4282  1.7s
15:31:42 [INFO] [client-1] Round 24 — receiving model…
15:31:42 [INFO] Round 23 — waiting for 10 updates…
15:31:42 [INFO] [client-3] Round 23 done — loss=1.0376 acc=0.4619  1.9s
15:31:42 [INFO] [client-3] Round 24 — receiving model…
15:31:42 [INFO] [client-7] Round 23 — training locally…
15:31:42 [INFO] [client-7] Round 23 — sending update…
15:31:42 [INFO] [client-8] Round 23 — training locally…
15:31:42 [INFO] [client-8] Round 23 — sending update…
15:31:43 [INFO] [client-7] Round 23 done — loss=1.0263 acc=0.4461  2.1s
15:31:43 [INFO] [client-7] Round 24 — receiving model…
15:31:43 [INFO] [client-8] Round 23 done — loss=0.7617 acc=0.7122  1.7s
15:31:43 [INFO] [client-8] Round 24 — receiving model…
15:31:43 [INFO] Round 23/50  acc=0.4757  loss=1.0510  1.7s  clients=10
15:31:43 [INFO] Round 24 — sending model to 10 clients…
15:31:43 [INFO] [client-1] Round 24 — training locally…
15:31:43 [INFO] [client-1] Round 24 — sending update…
15:31:43 [INFO] [client-8] Round 24 — training locally…
15:31:43 [INFO] [client-8] Round 24 — sending update…
15:31:43 [INFO] [client-6] Round 24 — training locally…
15:31:43 [INFO] [client-6] Round 24 — sending update…
15:31:43 [INFO] [client-7] Round 24 — training locally…
15:31:43 [INFO] [client-7] Round 24 — sending update…
15:31:43 [INFO] [client-9] Round 24 — training locally…
15:31:43 [INFO] [client-9] Round 24 — sending update…
15:31:43 [INFO] [client-0] Round 24 — training locally…
15:31:43 [INFO] [client-0] Round 24 — sending update…
15:31:43 [INFO] [client-4] Round 24 — training locally…
15:31:44 [INFO] [client-4] Round 24 — sending update…
15:31:44 [INFO] [client-3] Round 24 — training locally…
15:31:44 [INFO] [client-3] Round 24 — sending update…
15:31:44 [INFO] [client-1] Round 24 done — loss=1.0603 acc=0.4100  1.5s
15:31:44 [INFO] [client-1] Round 25 — receiving model…
15:31:44 [INFO] [client-8] Round 24 done — loss=0.7583 acc=0.7112  1.2s
15:31:44 [INFO] [client-8] Round 25 — receiving model…
15:31:44 [INFO] [client-6] Round 24 done — loss=1.0114 acc=0.4976  1.6s
15:31:44 [INFO] [client-6] Round 25 — receiving model…
15:31:44 [INFO] [client-7] Round 24 done — loss=1.0295 acc=0.4523  1.3s
15:31:44 [INFO] [client-7] Round 25 — receiving model…
15:31:44 [INFO] [client-9] Round 24 done — loss=1.0086 acc=0.5298  1.7s
15:31:44 [INFO] [client-9] Round 25 — receiving model…
15:31:44 [INFO] [client-0] Round 24 done — loss=1.0472 acc=0.4618  1.8s
15:31:44 [INFO] [client-0] Round 25 — receiving model…
15:31:44 [INFO] [client-4] Round 24 done — loss=1.0127 acc=0.4990  1.8s
15:31:44 [INFO] [client-4] Round 25 — receiving model…
15:31:44 [INFO] Round 24 — waiting for 10 updates…
15:31:44 [INFO] [client-3] Round 24 done — loss=1.0441 acc=0.4409  1.7s
15:31:44 [INFO] [client-3] Round 25 — receiving model…
15:31:44 [INFO] [client-5] Round 24 — training locally…
15:31:44 [INFO] [client-5] Round 24 — sending update…
15:31:44 [INFO] [client-2] Round 24 — training locally…
15:31:44 [INFO] [client-2] Round 24 — sending update…
15:31:44 [INFO] [client-5] Round 24 done — loss=0.9705 acc=0.5580  2.0s
15:31:44 [INFO] [client-5] Round 25 — receiving model…
15:31:44 [INFO] [client-2] Round 24 done — loss=0.9482 acc=0.5340  2.2s
15:31:44 [INFO] [client-2] Round 25 — receiving model…
15:31:44 [INFO] Round 24/50  acc=0.4735  loss=1.0516  1.7s  clients=10
15:31:44 [INFO] Round 25 — sending model to 10 clients…
15:31:44 [INFO] [client-6] Round 25 — training locally…
15:31:44 [INFO] [client-6] Round 25 — sending update…
15:31:44 [INFO] [client-4] Round 25 — training locally…
15:31:45 [INFO] [client-4] Round 25 — sending update…
15:31:45 [INFO] [client-2] Round 25 — training locally…
15:31:45 [INFO] [client-2] Round 25 — sending update…
15:31:45 [INFO] [client-7] Round 25 — training locally…
15:31:45 [INFO] [client-7] Round 25 — sending update…
15:31:45 [INFO] [client-1] Round 25 — training locally…
15:31:45 [INFO] [client-1] Round 25 — sending update…
15:31:45 [INFO] [client-5] Round 25 — training locally…
15:31:45 [INFO] [client-5] Round 25 — sending update…
15:31:45 [INFO] [client-8] Round 25 — training locally…
15:31:45 [INFO] [client-8] Round 25 — sending update…
15:31:45 [INFO] [client-3] Round 25 — training locally…
15:31:45 [INFO] [client-3] Round 25 — sending update…
15:31:45 [INFO] [client-6] Round 25 done — loss=1.0098 acc=0.4965  1.7s
15:31:45 [INFO] [client-6] Round 26 — receiving model…
15:31:45 [INFO] [client-4] Round 25 done — loss=1.0083 acc=0.5021  1.6s
15:31:45 [INFO] [client-4] Round 26 — receiving model…
15:31:45 [INFO] [client-2] Round 25 done — loss=0.9552 acc=0.5261  1.2s
15:31:45 [INFO] [client-2] Round 26 — receiving model…
15:31:46 [INFO] [client-7] Round 25 done — loss=1.0245 acc=0.4519  1.7s
15:31:46 [INFO] [client-7] Round 26 — receiving model…
15:31:46 [INFO] [client-1] Round 25 done — loss=1.0600 acc=0.4196  1.8s
15:31:46 [INFO] [client-1] Round 26 — receiving model…
15:31:46 [INFO] [client-5] Round 25 done — loss=0.9741 acc=0.5570  1.4s
15:31:46 [INFO] [client-5] Round 26 — receiving model…
15:31:46 [INFO] [client-8] Round 25 done — loss=0.7613 acc=0.7102  1.9s
15:31:46 [INFO] [client-8] Round 26 — receiving model…
15:31:46 [INFO] Round 25 — waiting for 10 updates…
15:31:46 [INFO] [client-3] Round 25 done — loss=1.0424 acc=0.4619  1.7s
15:31:46 [INFO] [client-3] Round 26 — receiving model…
15:31:46 [INFO] [client-0] Round 25 — training locally…
15:31:46 [INFO] [client-0] Round 25 — sending update…
15:31:46 [INFO] [client-9] Round 25 — training locally…
15:31:46 [INFO] [client-9] Round 25 — sending update…
15:31:46 [INFO] [client-0] Round 25 done — loss=1.0505 acc=0.4592  2.0s
15:31:46 [INFO] [client-0] Round 26 — receiving model…
15:31:46 [INFO] [client-9] Round 25 done — loss=1.0114 acc=0.5281  2.1s
15:31:46 [INFO] [client-9] Round 26 — receiving model…
15:31:46 [INFO] Round 25/50  acc=0.4642  loss=1.0677  1.7s  clients=10
15:31:46 [INFO] Round 26 — sending model to 10 clients…
15:31:46 [INFO] [client-9] Round 26 — training locally…
15:31:46 [INFO] [client-9] Round 26 — sending update…
15:31:46 [INFO] [client-8] Round 26 — training locally…
15:31:46 [INFO] [client-8] Round 26 — sending update…
15:31:46 [INFO] [client-3] Round 26 — training locally…
15:31:46 [INFO] [client-3] Round 26 — sending update…
15:31:46 [INFO] [client-6] Round 26 — training locally…
15:31:47 [INFO] [client-6] Round 26 — sending update…
15:31:47 [INFO] [client-2] Round 26 — training locally…
15:31:47 [INFO] [client-2] Round 26 — sending update…
15:31:47 [INFO] [client-7] Round 26 — training locally…
15:31:47 [INFO] [client-7] Round 26 — sending update…
15:31:47 [INFO] [client-0] Round 26 — training locally…
15:31:47 [INFO] [client-0] Round 26 — sending update…
15:31:47 [INFO] [client-4] Round 26 — training locally…
15:31:47 [INFO] [client-4] Round 26 — sending update…
15:31:47 [INFO] [client-9] Round 26 done — loss=1.0123 acc=0.5277  1.1s
15:31:47 [INFO] [client-9] Round 27 — receiving model…
15:31:47 [INFO] [client-8] Round 26 done — loss=0.7556 acc=0.7126  1.5s
15:31:47 [INFO] [client-8] Round 27 — receiving model…
15:31:47 [INFO] [client-3] Round 26 done — loss=1.0440 acc=0.4543  1.5s
15:31:47 [INFO] [client-3] Round 27 — receiving model…
15:31:47 [INFO] [client-6] Round 26 done — loss=1.0080 acc=0.5003  1.8s
15:31:47 [INFO] [client-6] Round 27 — receiving model…
15:31:47 [INFO] [client-2] Round 26 done — loss=0.9534 acc=0.5374  1.7s
15:31:47 [INFO] [client-2] Round 27 — receiving model…
15:31:47 [INFO] [client-7] Round 26 done — loss=1.0218 acc=0.4584  1.7s
15:31:47 [INFO] [client-7] Round 27 — receiving model…
15:31:47 [INFO] [client-0] Round 26 done — loss=1.0507 acc=0.4570  1.4s
15:31:47 [INFO] [client-0] Round 27 — receiving model…
15:31:47 [INFO] Round 26 — waiting for 10 updates…
15:31:47 [INFO] [client-4] Round 26 done — loss=1.0111 acc=0.4897  1.8s
15:31:47 [INFO] [client-4] Round 27 — receiving model…
15:31:47 [INFO] [client-5] Round 26 — training locally…
15:31:47 [INFO] [client-5] Round 26 — sending update…
15:31:47 [INFO] [client-1] Round 26 — training locally…
15:31:48 [INFO] [client-1] Round 26 — sending update…
15:31:48 [INFO] [client-5] Round 26 done — loss=0.9691 acc=0.5591  2.0s
15:31:48 [INFO] [client-5] Round 27 — receiving model…
15:31:48 [INFO] [client-1] Round 26 done — loss=1.0563 acc=0.4210  2.1s
15:31:48 [INFO] [client-1] Round 27 — receiving model…
15:31:48 [INFO] Round 26/50  acc=0.4698  loss=1.0559  1.7s  clients=10
15:31:48 [INFO] Round 27 — sending model to 10 clients…
15:31:48 [INFO] [client-8] Round 27 — training locally…
15:31:48 [INFO] [client-8] Round 27 — sending update…
15:31:48 [INFO] [client-5] Round 27 — training locally…
15:31:48 [INFO] [client-5] Round 27 — sending update…
15:31:48 [INFO] [client-1] Round 27 — training locally…
15:31:48 [INFO] [client-1] Round 27 — sending update…
15:31:48 [INFO] [client-3] Round 27 — training locally…
15:31:48 [INFO] [client-3] Round 27 — sending update…
15:31:48 [INFO] [client-9] Round 27 — training locally…
15:31:48 [INFO] [client-9] Round 27 — sending update…
15:31:48 [INFO] [client-6] Round 27 — training locally…
15:31:48 [INFO] [client-6] Round 27 — sending update…
15:31:48 [INFO] [client-7] Round 27 — training locally…
15:31:49 [INFO] [client-7] Round 27 — sending update…
15:31:49 [INFO] [client-0] Round 27 — training locally…
15:31:49 [INFO] [client-0] Round 27 — sending update…
15:31:49 [INFO] [client-8] Round 27 done — loss=0.7588 acc=0.7112  1.7s
15:31:49 [INFO] [client-8] Round 28 — receiving model…
15:31:49 [INFO] [client-5] Round 27 done — loss=0.9649 acc=0.5604  1.2s
15:31:49 [INFO] [client-5] Round 28 — receiving model…
15:31:49 [INFO] [client-1] Round 27 done — loss=1.0593 acc=0.4248  1.2s
15:31:49 [INFO] [client-1] Round 28 — receiving model…
15:31:49 [INFO] [client-3] Round 27 done — loss=1.0354 acc=0.4598  1.7s
15:31:49 [INFO] [client-3] Round 28 — receiving model…
15:31:49 [INFO] [client-9] Round 27 done — loss=1.0074 acc=0.5246  1.8s
15:31:49 [INFO] [client-9] Round 28 — receiving model…
15:31:49 [INFO] [client-6] Round 27 done — loss=1.0041 acc=0.5003  1.8s
15:31:49 [INFO] [client-6] Round 28 — receiving model…
15:31:49 [INFO] [client-7] Round 27 done — loss=1.0290 acc=0.4468  1.7s
15:31:49 [INFO] [client-7] Round 28 — receiving model…
15:31:49 [INFO] Round 27 — waiting for 10 updates…
15:31:49 [INFO] [client-0] Round 27 done — loss=1.0524 acc=0.4575  1.7s
15:31:49 [INFO] [client-0] Round 28 — receiving model…
15:31:49 [INFO] [client-2] Round 27 — training locally…
15:31:49 [INFO] [client-2] Round 27 — sending update…
15:31:49 [INFO] [client-4] Round 27 — training locally…
15:31:49 [INFO] [client-4] Round 27 — sending update…
15:31:49 [INFO] [client-2] Round 27 done — loss=0.9548 acc=0.5240  2.1s
15:31:49 [INFO] [client-2] Round 28 — receiving model…
15:31:49 [INFO] [client-4] Round 27 done — loss=1.0039 acc=0.4966  2.0s
15:31:49 [INFO] [client-4] Round 28 — receiving model…
15:31:49 [INFO] Round 27/50  acc=0.4676  loss=1.0547  1.7s  clients=10
15:31:49 [INFO] Round 28 — sending model to 10 clients…
15:31:49 [INFO] [client-7] Round 28 — training locally…
15:31:50 [INFO] [client-7] Round 28 — sending update…
15:31:50 [INFO] [client-9] Round 28 — training locally…
15:31:50 [INFO] [client-9] Round 28 — sending update…
15:31:50 [INFO] [client-2] Round 28 — training locally…
15:31:50 [INFO] [client-2] Round 28 — sending update…
15:31:50 [INFO] [client-6] Round 28 — training locally…
15:31:50 [INFO] [client-6] Round 28 — sending update…
15:31:50 [INFO] [client-8] Round 28 — training locally…
15:31:50 [INFO] [client-8] Round 28 — sending update…
15:31:50 [INFO] [client-5] Round 28 — training locally…
15:31:50 [INFO] [client-5] Round 28 — sending update…
15:31:50 [INFO] [client-4] Round 28 — training locally…
15:31:50 [INFO] [client-4] Round 28 — sending update…
15:31:50 [INFO] [client-3] Round 28 — training locally…
15:31:50 [INFO] [client-3] Round 28 — sending update…
15:31:50 [INFO] [client-7] Round 28 done — loss=1.0267 acc=0.4523  1.5s
15:31:50 [INFO] [client-7] Round 29 — receiving model…
15:31:51 [INFO] [client-9] Round 28 done — loss=1.0090 acc=0.5225  1.6s
15:31:51 [INFO] [client-9] Round 29 — receiving model…
15:31:51 [INFO] [client-2] Round 28 done — loss=0.9453 acc=0.5405  1.3s
15:31:51 [INFO] [client-2] Round 29 — receiving model…
15:31:51 [INFO] [client-6] Round 28 done — loss=1.0100 acc=0.4944  1.7s
15:31:51 [INFO] [client-6] Round 29 — receiving model…
15:31:51 [INFO] [client-8] Round 28 done — loss=0.7556 acc=0.7122  1.9s
15:31:51 [INFO] [client-8] Round 29 — receiving model…
15:31:51 [INFO] [client-5] Round 28 done — loss=0.9660 acc=0.5594  1.9s
15:31:51 [INFO] [client-5] Round 29 — receiving model…
15:31:51 [INFO] [client-4] Round 28 done — loss=1.0128 acc=0.4976  1.4s
15:31:51 [INFO] [client-4] Round 29 — receiving model…
15:31:51 [INFO] Round 28 — waiting for 10 updates…
15:31:51 [INFO] [client-3] Round 28 done — loss=1.0421 acc=0.4550  1.9s
15:31:51 [INFO] [client-3] Round 29 — receiving model…
15:31:51 [INFO] [client-0] Round 28 — training locally…
15:31:51 [INFO] [client-0] Round 28 — sending update…
15:31:51 [INFO] [client-1] Round 28 — training locally…
15:31:51 [INFO] [client-1] Round 28 — sending update…
15:31:51 [INFO] [client-0] Round 28 done — loss=1.0509 acc=0.4592  2.1s
15:31:51 [INFO] [client-0] Round 29 — receiving model…
15:31:51 [INFO] [client-1] Round 28 done — loss=1.0567 acc=0.4217  2.3s
15:31:51 [INFO] [client-1] Round 29 — receiving model…
15:31:51 [INFO] Round 28/50  acc=0.4634  loss=1.0623  1.8s  clients=10
15:31:51 [INFO] Round 29 — sending model to 10 clients…
15:31:51 [INFO] [client-3] Round 29 — training locally…
15:31:51 [INFO] [client-3] Round 29 — sending update…
15:31:51 [INFO] [client-8] Round 29 — training locally…
15:31:51 [INFO] [client-8] Round 29 — sending update…
15:31:51 [INFO] [client-0] Round 29 — training locally…
15:31:52 [INFO] [client-0] Round 29 — sending update…
15:31:52 [INFO] [client-4] Round 29 — training locally…
15:31:52 [INFO] [client-4] Round 29 — sending update…
15:31:52 [INFO] [client-9] Round 29 — training locally…
15:31:52 [INFO] [client-9] Round 29 — sending update…
15:31:52 [INFO] [client-6] Round 29 — training locally…
15:31:52 [INFO] [client-6] Round 29 — sending update…
15:31:52 [INFO] [client-7] Round 29 — training locally…
15:31:52 [INFO] [client-7] Round 29 — sending update…
15:31:52 [INFO] [client-2] Round 29 — training locally…
15:31:52 [INFO] [client-2] Round 29 — sending update…
15:31:52 [INFO] [client-3] Round 29 done — loss=1.0410 acc=0.4516  1.4s
15:31:52 [INFO] [client-3] Round 30 — receiving model…
15:31:52 [INFO] [client-8] Round 29 done — loss=0.7591 acc=0.7150  1.6s
15:31:52 [INFO] [client-8] Round 30 — receiving model…
15:31:52 [INFO] [client-0] Round 29 done — loss=1.0474 acc=0.4653  1.2s
15:31:52 [INFO] [client-0] Round 30 — receiving model…
15:31:52 [INFO] [client-4] Round 29 done — loss=1.0116 acc=0.4952  1.6s
15:31:52 [INFO] [client-4] Round 30 — receiving model…
15:31:52 [INFO] [client-9] Round 29 done — loss=1.0087 acc=0.5267  1.8s
15:31:52 [INFO] [client-9] Round 30 — receiving model…
15:31:52 [INFO] [client-6] Round 29 done — loss=1.0116 acc=0.4951  1.7s
15:31:52 [INFO] [client-6] Round 30 — receiving model…
15:31:52 [INFO] [client-7] Round 29 done — loss=1.0277 acc=0.4365  1.9s
15:31:52 [INFO] [client-7] Round 30 — receiving model…
15:31:52 [INFO] Round 29 — waiting for 10 updates…
15:31:52 [INFO] [client-2] Round 29 done — loss=0.9480 acc=0.5309  1.8s
15:31:52 [INFO] [client-2] Round 30 — receiving model…
15:31:52 [INFO] [client-1] Round 29 — training locally…
15:31:53 [INFO] [client-1] Round 29 — sending update…
15:31:53 [INFO] [client-5] Round 29 — training locally…
15:31:53 [INFO] [client-5] Round 29 — sending update…
15:31:53 [INFO] [client-1] Round 29 done — loss=1.0578 acc=0.4296  1.6s
15:31:53 [INFO] [client-1] Round 30 — receiving model…
15:31:53 [INFO] [client-5] Round 29 done — loss=0.9623 acc=0.5659  2.1s
15:31:53 [INFO] [client-5] Round 30 — receiving model…
15:31:53 [INFO] Round 29/50  acc=0.4681  loss=1.0604  1.7s  clients=10
15:31:53 [INFO] Round 30 — sending model to 10 clients…
15:31:53 [INFO] [client-8] Round 30 — training locally…
15:31:53 [INFO] [client-8] Round 30 — sending update…
15:31:53 [INFO] [client-4] Round 30 — training locally…
15:31:53 [INFO] [client-4] Round 30 — sending update…
15:31:53 [INFO] [client-5] Round 30 — training locally…
15:31:53 [INFO] [client-5] Round 30 — sending update…
15:31:53 [INFO] [client-0] Round 30 — training locally…
15:31:53 [INFO] [client-0] Round 30 — sending update…
15:31:53 [INFO] [client-2] Round 30 — training locally…
15:31:53 [INFO] [client-2] Round 30 — sending update…
15:31:53 [INFO] [client-9] Round 30 — training locally…
15:31:54 [INFO] [client-9] Round 30 — sending update…
15:31:54 [INFO] [client-3] Round 30 — training locally…
15:31:54 [INFO] [client-3] Round 30 — sending update…
15:31:54 [INFO] [client-7] Round 30 — training locally…
15:31:54 [INFO] [client-7] Round 30 — sending update…
15:31:54 [INFO] [client-8] Round 30 done — loss=0.7602 acc=0.7109  1.7s
15:31:54 [INFO] [client-8] Round 31 — receiving model…
15:31:54 [INFO] [client-4] Round 30 done — loss=1.0092 acc=0.4962  1.6s
15:31:54 [INFO] [client-4] Round 31 — receiving model…
15:31:54 [INFO] [client-5] Round 30 done — loss=0.9700 acc=0.5525  1.2s
15:31:54 [INFO] [client-5] Round 31 — receiving model…
15:31:54 [INFO] [client-0] Round 30 done — loss=1.0462 acc=0.4622  1.7s
15:31:54 [INFO] [client-0] Round 31 — receiving model…
15:31:54 [INFO] [client-2] Round 30 done — loss=0.9462 acc=0.5309  1.6s
15:31:54 [INFO] [client-2] Round 31 — receiving model…
15:31:54 [INFO] [client-9] Round 30 done — loss=1.0078 acc=0.5348  1.7s
15:31:54 [INFO] [client-9] Round 31 — receiving model…
15:31:54 [INFO] [client-3] Round 30 done — loss=1.0387 acc=0.4471  1.9s
15:31:54 [INFO] [client-3] Round 31 — receiving model…
15:31:54 [INFO] Round 30 — waiting for 10 updates…
15:31:54 [INFO] [client-7] Round 30 done — loss=1.0255 acc=0.4464  1.7s
15:31:54 [INFO] [client-7] Round 31 — receiving model…
15:31:54 [INFO] [client-1] Round 30 — training locally…
15:31:54 [INFO] [client-1] Round 30 — sending update…
15:31:54 [INFO] [client-6] Round 30 — training locally…
15:31:54 [INFO] [client-6] Round 30 — sending update…
15:31:54 [INFO] [client-1] Round 30 done — loss=1.0566 acc=0.4241  1.7s
15:31:54 [INFO] [client-1] Round 31 — receiving model…
15:31:54 [INFO] [client-6] Round 30 done — loss=1.0106 acc=0.4962  2.1s
15:31:54 [INFO] [client-6] Round 31 — receiving model…
15:31:55 [INFO] Round 30/50  acc=0.4670  loss=1.0598  1.7s  clients=10
15:31:55 [INFO] Round 31 — sending model to 10 clients…
15:31:55 [INFO] [client-7] Round 31 — training locally…
15:31:55 [INFO] [client-7] Round 31 — sending update…
15:31:55 [INFO] [client-5] Round 31 — training locally…
15:31:55 [INFO] [client-5] Round 31 — sending update…
15:31:55 [INFO] [client-4] Round 31 — training locally…
15:31:55 [INFO] [client-4] Round 31 — sending update…
15:31:55 [INFO] [client-8] Round 31 — training locally…
15:31:55 [INFO] [client-8] Round 31 — sending update…
15:31:55 [INFO] [client-1] Round 31 — training locally…
15:31:55 [INFO] [client-1] Round 31 — sending update…
15:31:55 [INFO] [client-0] Round 31 — training locally…
15:31:55 [INFO] [client-0] Round 31 — sending update…
15:31:55 [INFO] [client-9] Round 31 — training locally…
15:31:55 [INFO] [client-9] Round 31 — sending update…
15:31:55 [INFO] [client-2] Round 31 — training locally…
15:31:56 [INFO] [client-2] Round 31 — sending update…
15:31:56 [INFO] [client-7] Round 31 done — loss=1.0277 acc=0.4427  1.5s
15:31:56 [INFO] [client-7] Round 32 — receiving model…
15:31:56 [INFO] [client-5] Round 31 done — loss=0.9645 acc=0.5646  1.7s
15:31:56 [INFO] [client-5] Round 32 — receiving model…
15:31:56 [INFO] [client-4] Round 31 done — loss=1.0079 acc=0.5003  1.7s
15:31:56 [INFO] [client-4] Round 32 — receiving model…
15:31:56 [INFO] [client-8] Round 31 done — loss=0.7598 acc=0.7091  1.8s
15:31:56 [INFO] [client-8] Round 32 — receiving model…
15:31:56 [INFO] [client-1] Round 31 done — loss=1.0570 acc=0.4248  1.3s
15:31:56 [INFO] [client-1] Round 32 — receiving model…
15:31:56 [INFO] [client-0] Round 31 done — loss=1.0494 acc=0.4540  1.8s
15:31:56 [INFO] [client-0] Round 32 — receiving model…
15:31:56 [INFO] [client-9] Round 31 done — loss=1.0067 acc=0.5172  1.7s
15:31:56 [INFO] [client-9] Round 32 — receiving model…
15:31:56 [INFO] Round 31 — waiting for 10 updates…
15:31:56 [INFO] [client-2] Round 31 done — loss=0.9527 acc=0.5361  1.8s
15:31:56 [INFO] [client-2] Round 32 — receiving model…
15:31:56 [INFO] [client-6] Round 31 — training locally…
15:31:56 [INFO] [client-6] Round 31 — sending update…
15:31:56 [INFO] [client-3] Round 31 — training locally…
15:31:56 [INFO] [client-3] Round 31 — sending update…
15:31:56 [INFO] [client-6] Round 31 done — loss=1.0098 acc=0.5007  1.6s
15:31:56 [INFO] [client-6] Round 32 — receiving model…
15:31:56 [INFO] [client-3] Round 31 done — loss=1.0383 acc=0.4633  2.1s
15:31:56 [INFO] [client-3] Round 32 — receiving model…
15:31:56 [INFO] Round 31/50  acc=0.4684  loss=1.0571  1.7s  clients=10
15:31:56 [INFO] Round 32 — sending model to 10 clients…
15:31:56 [INFO] [client-8] Round 32 — training locally…
15:31:56 [INFO] [client-8] Round 32 — sending update…
15:31:56 [INFO] [client-3] Round 32 — training locally…
15:31:56 [INFO] [client-3] Round 32 — sending update…
15:31:56 [INFO] [client-2] Round 32 — training locally…
15:31:57 [INFO] [client-2] Round 32 — sending update…
15:31:57 [INFO] [client-1] Round 32 — training locally…
15:31:57 [INFO] [client-1] Round 32 — sending update…
15:31:57 [INFO] [client-5] Round 32 — training locally…
15:31:57 [INFO] [client-5] Round 32 — sending update…
15:31:57 [INFO] [client-4] Round 32 — training locally…
15:31:57 [INFO] [client-4] Round 32 — sending update…
15:31:57 [INFO] [client-7] Round 32 — training locally…
15:31:57 [INFO] [client-7] Round 32 — sending update…
15:31:57 [INFO] [client-9] Round 32 — training locally…
15:31:57 [INFO] [client-9] Round 32 — sending update…
15:31:57 [INFO] [client-8] Round 32 done — loss=0.7551 acc=0.7126  1.6s
15:31:57 [INFO] [client-8] Round 33 — receiving model…
15:31:57 [INFO] [client-3] Round 32 done — loss=1.0405 acc=0.4550  1.2s
15:31:57 [INFO] [client-3] Round 33 — receiving model…
15:31:57 [INFO] [client-2] Round 32 done — loss=0.9558 acc=0.5371  1.6s
15:31:57 [INFO] [client-2] Round 33 — receiving model…
15:31:57 [INFO] [client-1] Round 32 done — loss=1.0588 acc=0.4196  1.7s
15:31:57 [INFO] [client-1] Round 33 — receiving model…
15:31:57 [INFO] [client-5] Round 32 done — loss=0.9679 acc=0.5498  1.8s
15:31:57 [INFO] [client-5] Round 33 — receiving model…
15:31:57 [INFO] [client-4] Round 32 done — loss=1.0069 acc=0.4911  1.8s
15:31:57 [INFO] [client-4] Round 33 — receiving model…
15:31:58 [INFO] [client-7] Round 32 done — loss=1.0290 acc=0.4554  1.9s
15:31:58 [INFO] [client-7] Round 33 — receiving model…
15:31:58 [INFO] Round 32 — waiting for 10 updates…
15:31:58 [INFO] [client-9] Round 32 done — loss=1.0052 acc=0.5186  1.7s
15:31:58 [INFO] [client-9] Round 33 — receiving model…
15:31:58 [INFO] [client-0] Round 32 — training locally…
15:31:58 [INFO] [client-0] Round 32 — sending update…
15:31:58 [INFO] [client-6] Round 32 — training locally…
15:31:58 [INFO] [client-6] Round 32 — sending update…
15:31:58 [INFO] [client-0] Round 32 done — loss=1.0492 acc=0.4701  2.1s
15:31:58 [INFO] [client-0] Round 33 — receiving model…
15:31:58 [INFO] [client-6] Round 32 done — loss=1.0117 acc=0.4878  1.7s
15:31:58 [INFO] [client-6] Round 33 — receiving model…
15:31:58 [INFO] Round 32/50  acc=0.4698  loss=1.0565  1.7s  clients=10
15:31:58 [INFO] Round 33 — sending model to 10 clients…
15:31:58 [INFO] [client-5] Round 33 — training locally…
15:31:58 [INFO] [client-5] Round 33 — sending update…
15:31:58 [INFO] [client-7] Round 33 — training locally…
15:31:58 [INFO] [client-7] Round 33 — sending update…
15:31:58 [INFO] [client-4] Round 33 — training locally…
15:31:58 [INFO] [client-4] Round 33 — sending update…
15:31:58 [INFO] [client-1] Round 33 — training locally…
15:31:58 [INFO] [client-1] Round 33 — sending update…
15:31:58 [INFO] [client-6] Round 33 — training locally…
15:31:59 [INFO] [client-6] Round 33 — sending update…
15:31:59 [INFO] [client-2] Round 33 — training locally…
15:31:59 [INFO] [client-2] Round 33 — sending update…
15:31:59 [INFO] [client-8] Round 33 — training locally…
15:31:59 [INFO] [client-8] Round 33 — sending update…
15:31:59 [INFO] [client-3] Round 33 — training locally…
15:31:59 [INFO] [client-3] Round 33 — sending update…
15:31:59 [INFO] [client-5] Round 33 done — loss=0.9658 acc=0.5573  1.6s
15:31:59 [INFO] [client-5] Round 34 — receiving model…
15:31:59 [INFO] [client-7] Round 33 done — loss=1.0302 acc=0.4409  1.5s
15:31:59 [INFO] [client-7] Round 34 — receiving model…
15:31:59 [INFO] [client-4] Round 33 done — loss=1.0091 acc=0.4904  1.6s
15:31:59 [INFO] [client-4] Round 34 — receiving model…
15:31:59 [INFO] [client-1] Round 33 done — loss=1.0574 acc=0.4190  1.7s
15:31:59 [INFO] [client-1] Round 34 — receiving model…
15:31:59 [INFO] [client-6] Round 33 done — loss=1.0121 acc=0.4979  1.3s
15:31:59 [INFO] [client-6] Round 34 — receiving model…
15:31:59 [INFO] [client-2] Round 33 done — loss=0.9481 acc=0.5275  1.8s
15:31:59 [INFO] [client-2] Round 34 — receiving model…
15:31:59 [INFO] [client-8] Round 33 done — loss=0.7601 acc=0.7129  1.9s
15:31:59 [INFO] [client-8] Round 34 — receiving model…
15:31:59 [INFO] Round 33 — waiting for 10 updates…
15:31:59 [INFO] [client-3] Round 33 done — loss=1.0377 acc=0.4567  1.9s
15:31:59 [INFO] [client-3] Round 34 — receiving model…
15:31:59 [INFO] [client-9] Round 33 — training locally…
15:31:59 [INFO] [client-9] Round 33 — sending update…
15:31:59 [INFO] [client-0] Round 33 — training locally…
15:31:59 [INFO] [client-0] Round 33 — sending update…
15:32:00 [INFO] [client-9] Round 33 done — loss=1.0093 acc=0.5274  2.0s
15:32:00 [INFO] [client-9] Round 34 — receiving model…
15:32:00 [INFO] [client-0] Round 33 done — loss=1.0469 acc=0.4661  1.7s
15:32:00 [INFO] [client-0] Round 34 — receiving model…
15:32:00 [INFO] Round 33/50  acc=0.4678  loss=1.0600  1.7s  clients=10
15:32:00 [INFO] Round 34 — sending model to 10 clients…
15:32:00 [INFO] [client-4] Round 34 — training locally…
15:32:00 [INFO] [client-4] Round 34 — sending update…
15:32:00 [INFO] [client-7] Round 34 — training locally…
15:32:00 [INFO] [client-7] Round 34 — sending update…
15:32:00 [INFO] [client-3] Round 34 — training locally…
15:32:00 [INFO] [client-3] Round 34 — sending update…
15:32:00 [INFO] [client-0] Round 34 — training locally…
15:32:00 [INFO] [client-0] Round 34 — sending update…
15:32:00 [INFO] [client-8] Round 34 — training locally…
15:32:00 [INFO] [client-8] Round 34 — sending update…
15:32:00 [INFO] [client-6] Round 34 — training locally…
15:32:00 [INFO] [client-6] Round 34 — sending update…
15:32:00 [INFO] [client-1] Round 34 — training locally…
15:32:01 [INFO] [client-1] Round 34 — sending update…
15:32:01 [INFO] [client-2] Round 34 — training locally…
15:32:01 [INFO] [client-2] Round 34 — sending update…
15:32:01 [INFO] [client-4] Round 34 done — loss=1.0120 acc=0.4890  1.6s
15:32:01 [INFO] [client-4] Round 35 — receiving model…
15:32:01 [INFO] [client-7] Round 34 done — loss=1.0259 acc=0.4557  1.7s
15:32:01 [INFO] [client-7] Round 35 — receiving model…
15:32:01 [INFO] [client-3] Round 34 done — loss=1.0369 acc=0.4663  1.5s
15:32:01 [INFO] [client-3] Round 35 — receiving model…
15:32:01 [INFO] [client-0] Round 34 done — loss=1.0501 acc=0.4683  1.2s
15:32:01 [INFO] [client-0] Round 35 — receiving model…
15:32:01 [INFO] [client-8] Round 34 done — loss=0.7622 acc=0.7112  1.6s
15:32:01 [INFO] [client-8] Round 35 — receiving model…
15:32:01 [INFO] [client-6] Round 34 done — loss=1.0121 acc=0.4878  1.7s
15:32:01 [INFO] [client-6] Round 35 — receiving model…
15:32:01 [INFO] [client-1] Round 34 done — loss=1.0578 acc=0.4310  1.8s
15:32:01 [INFO] [client-1] Round 35 — receiving model…
15:32:01 [INFO] Round 34 — waiting for 10 updates…
15:32:01 [INFO] [client-2] Round 34 done — loss=0.9441 acc=0.5333  1.7s
15:32:01 [INFO] [client-2] Round 35 — receiving model…
15:32:01 [INFO] [client-5] Round 34 — training locally…
15:32:01 [INFO] [client-5] Round 34 — sending update…
15:32:01 [INFO] [client-9] Round 34 — training locally…
15:32:01 [INFO] [client-9] Round 34 — sending update…
15:32:01 [INFO] [client-5] Round 34 done — loss=0.9680 acc=0.5591  2.2s
15:32:01 [INFO] [client-5] Round 35 — receiving model…
15:32:01 [INFO] [client-9] Round 34 done — loss=1.0009 acc=0.5316  1.7s
15:32:01 [INFO] [client-9] Round 35 — receiving model…
15:32:01 [INFO] Round 34/50  acc=0.4634  loss=1.0619  1.7s  clients=10
15:32:01 [INFO] Round 35 — sending model to 10 clients…
15:32:01 [INFO] [client-3] Round 35 — training locally…
15:32:01 [INFO] [client-3] Round 35 — sending update…
15:32:01 [INFO] [client-6] Round 35 — training locally…
15:32:02 [INFO] [client-6] Round 35 — sending update…
15:32:02 [INFO] [client-0] Round 35 — training locally…
15:32:02 [INFO] [client-0] Round 35 — sending update…
15:32:02 [INFO] [client-2] Round 35 — training locally…
15:32:02 [INFO] [client-2] Round 35 — sending update…
15:32:02 [INFO] [client-7] Round 35 — training locally…
15:32:02 [INFO] [client-7] Round 35 — sending update…
15:32:02 [INFO] [client-9] Round 35 — training locally…
15:32:02 [INFO] [client-9] Round 35 — sending update…
15:32:02 [INFO] [client-4] Round 35 — training locally…
15:32:02 [INFO] [client-4] Round 35 — sending update…
15:32:02 [INFO] [client-8] Round 35 — training locally…
15:32:02 [INFO] [client-8] Round 35 — sending update…
15:32:02 [INFO] [client-3] Round 35 done — loss=1.0391 acc=0.4523  1.7s
15:32:02 [INFO] [client-3] Round 36 — receiving model…
15:32:02 [INFO] [client-6] Round 35 done — loss=1.0079 acc=0.4913  1.6s
15:32:02 [INFO] [client-6] Round 36 — receiving model…
15:32:03 [INFO] [client-0] Round 35 done — loss=1.0468 acc=0.4640  1.7s
15:32:03 [INFO] [client-0] Round 36 — receiving model…
15:32:03 [INFO] [client-2] Round 35 done — loss=0.9572 acc=0.5278  1.6s
15:32:03 [INFO] [client-2] Round 36 — receiving model…
15:32:03 [INFO] [client-7] Round 35 done — loss=1.0269 acc=0.4581  1.9s
15:32:03 [INFO] [client-7] Round 36 — receiving model…
15:32:03 [INFO] [client-9] Round 35 done — loss=1.0030 acc=0.5291  1.4s
15:32:03 [INFO] [client-9] Round 36 — receiving model…
15:32:03 [INFO] [client-4] Round 35 done — loss=1.0105 acc=0.4887  2.0s
15:32:03 [INFO] [client-4] Round 36 — receiving model…
15:32:03 [INFO] Round 35 — waiting for 10 updates…
15:32:03 [INFO] [client-8] Round 35 done — loss=0.7581 acc=0.7146  1.9s
15:32:03 [INFO] [client-8] Round 36 — receiving model…
15:32:03 [INFO] [client-5] Round 35 — training locally…
15:32:03 [INFO] [client-5] Round 35 — sending update…
15:32:03 [INFO] [client-1] Round 35 — training locally…
15:32:03 [INFO] [client-1] Round 35 — sending update…
15:32:03 [INFO] [client-5] Round 35 done — loss=0.9655 acc=0.5622  1.8s
15:32:03 [INFO] [client-5] Round 36 — receiving model…
15:32:03 [INFO] [client-1] Round 35 done — loss=1.0582 acc=0.4289  2.1s
15:32:03 [INFO] [client-1] Round 36 — receiving model…
15:32:03 [INFO] Round 35/50  acc=0.4650  loss=1.0576  1.8s  clients=10
15:32:03 [INFO] Round 36 — sending model to 10 clients…
15:32:03 [INFO] [client-0] Round 36 — training locally…
15:32:03 [INFO] [client-0] Round 36 — sending update…
15:32:03 [INFO] [client-5] Round 36 — training locally…
15:32:03 [INFO] [client-5] Round 36 — sending update…
15:32:03 [INFO] [client-6] Round 36 — training locally…
15:32:03 [INFO] [client-6] Round 36 — sending update…
15:32:03 [INFO] [client-1] Round 36 — training locally…
15:32:04 [INFO] [client-1] Round 36 — sending update…
15:32:04 [INFO] [client-2] Round 36 — training locally…
15:32:04 [INFO] [client-2] Round 36 — sending update…
15:32:04 [INFO] [client-8] Round 36 — training locally…
15:32:04 [INFO] [client-8] Round 36 — sending update…
15:32:04 [INFO] [client-4] Round 36 — training locally…
15:32:04 [INFO] [client-4] Round 36 — sending update…
15:32:04 [INFO] [client-3] Round 36 — training locally…
15:32:04 [INFO] [client-3] Round 36 — sending update…
15:32:04 [INFO] [client-0] Round 36 done — loss=1.0440 acc=0.4653  1.6s
15:32:04 [INFO] [client-0] Round 37 — receiving model…
15:32:04 [INFO] [client-5] Round 36 done — loss=0.9627 acc=0.5622  1.2s
15:32:04 [INFO] [client-5] Round 37 — receiving model…
15:32:04 [INFO] [client-6] Round 36 done — loss=1.0072 acc=0.4885  1.7s
15:32:04 [INFO] [client-6] Round 37 — receiving model…
15:32:04 [INFO] [client-1] Round 36 done — loss=1.0592 acc=0.4172  1.2s
15:32:04 [INFO] [client-1] Round 37 — receiving model…
15:32:04 [INFO] [client-2] Round 36 done — loss=0.9484 acc=0.5299  1.7s
15:32:04 [INFO] [client-2] Round 37 — receiving model…
15:32:04 [INFO] [client-8] Round 36 done — loss=0.7611 acc=0.7115  1.6s
15:32:04 [INFO] [client-8] Round 37 — receiving model…
15:32:04 [INFO] [client-4] Round 36 done — loss=0.9997 acc=0.5093  1.7s
15:32:04 [INFO] [client-4] Round 37 — receiving model…
15:32:04 [INFO] Round 36 — waiting for 10 updates…
15:32:04 [INFO] [client-3] Round 36 done — loss=1.0419 acc=0.4499  1.9s
15:32:04 [INFO] [client-3] Round 37 — receiving model…
15:32:04 [INFO] [client-9] Round 36 — training locally…
15:32:05 [INFO] [client-9] Round 36 — sending update…
15:32:05 [INFO] [client-7] Round 36 — training locally…
15:32:05 [INFO] [client-7] Round 36 — sending update…
15:32:05 [INFO] [client-9] Round 36 done — loss=1.0002 acc=0.5256  2.1s
15:32:05 [INFO] [client-9] Round 37 — receiving model…
15:32:05 [INFO] [client-7] Round 36 done — loss=1.0291 acc=0.4509  2.1s
15:32:05 [INFO] [client-7] Round 37 — receiving model…
15:32:05 [INFO] Round 36/50  acc=0.4701  loss=1.0553  1.7s  clients=10
15:32:05 [INFO] Round 37 — sending model to 10 clients…
15:32:05 [INFO] [client-5] Round 37 — training locally…
15:32:05 [INFO] [client-5] Round 37 — sending update…
15:32:05 [INFO] [client-6] Round 37 — training locally…
15:32:05 [INFO] [client-6] Round 37 — sending update…
15:32:05 [INFO] [client-3] Round 37 — training locally…
15:32:05 [INFO] [client-3] Round 37 — sending update…
15:32:05 [INFO] [client-7] Round 37 — training locally…
15:32:05 [INFO] [client-7] Round 37 — sending update…
15:32:05 [INFO] [client-4] Round 37 — training locally…
15:32:05 [INFO] [client-4] Round 37 — sending update…
15:32:05 [INFO] [client-1] Round 37 — training locally…
15:32:06 [INFO] [client-1] Round 37 — sending update…
15:32:06 [INFO] [client-9] Round 37 — training locally…
15:32:06 [INFO] [client-9] Round 37 — sending update…
15:32:06 [INFO] [client-2] Round 37 — training locally…
15:32:06 [INFO] [client-2] Round 37 — sending update…
15:32:06 [INFO] [client-5] Round 37 done — loss=0.9594 acc=0.5594  1.7s
15:32:06 [INFO] [client-5] Round 38 — receiving model…
15:32:06 [INFO] [client-6] Round 37 done — loss=1.0113 acc=0.4938  1.7s
15:32:06 [INFO] [client-6] Round 38 — receiving model…
15:32:06 [INFO] [client-3] Round 37 done — loss=1.0367 acc=0.4595  1.6s
15:32:06 [INFO] [client-3] Round 38 — receiving model…
15:32:06 [INFO] [client-7] Round 37 done — loss=1.0261 acc=0.4533  1.2s
15:32:06 [INFO] [client-7] Round 38 — receiving model…
15:32:06 [INFO] [client-4] Round 37 done — loss=1.0086 acc=0.4907  1.6s
15:32:06 [INFO] [client-4] Round 38 — receiving model…
15:32:06 [INFO] [client-1] Round 37 done — loss=1.0551 acc=0.4231  1.8s
15:32:06 [INFO] [client-1] Round 38 — receiving model…
15:32:06 [INFO] [client-9] Round 37 done — loss=1.0083 acc=0.5270  1.4s
15:32:06 [INFO] [client-9] Round 38 — receiving model…
15:32:06 [INFO] Round 37 — waiting for 10 updates…
15:32:06 [INFO] [client-2] Round 37 done — loss=0.9498 acc=0.5312  1.8s
15:32:06 [INFO] [client-2] Round 38 — receiving model…
15:32:06 [INFO] [client-0] Round 37 — training locally…
15:32:06 [INFO] [client-0] Round 37 — sending update…
15:32:06 [INFO] [client-8] Round 37 — training locally…
15:32:06 [INFO] [client-8] Round 37 — sending update…
15:32:06 [INFO] [client-0] Round 37 done — loss=1.0506 acc=0.4596  2.2s
15:32:06 [INFO] [client-0] Round 38 — receiving model…
15:32:06 [INFO] [client-8] Round 37 done — loss=0.7612 acc=0.7129  2.1s
15:32:06 [INFO] [client-8] Round 38 — receiving model…
15:32:06 [INFO] Round 37/50  acc=0.4608  loss=1.0651  1.7s  clients=10
15:32:06 [INFO] Round 38 — sending model to 10 clients…
15:32:06 [INFO] [client-1] Round 38 — training locally…
15:32:07 [INFO] [client-1] Round 38 — sending update…
15:32:07 [INFO] [client-6] Round 38 — training locally…
15:32:07 [INFO] [client-6] Round 38 — sending update…
15:32:07 [INFO] [client-8] Round 38 — training locally…
15:32:07 [INFO] [client-8] Round 38 — sending update…
15:32:07 [INFO] [client-0] Round 38 — training locally…
15:32:07 [INFO] [client-0] Round 38 — sending update…
15:32:07 [INFO] [client-4] Round 38 — training locally…
15:32:07 [INFO] [client-4] Round 38 — sending update…
15:32:07 [INFO] [client-2] Round 38 — training locally…
15:32:07 [INFO] [client-2] Round 38 — sending update…
15:32:07 [INFO] [client-5] Round 38 — training locally…
15:32:07 [INFO] [client-5] Round 38 — sending update…
15:32:07 [INFO] [client-7] Round 38 — training locally…
15:32:07 [INFO] [client-7] Round 38 — sending update…
15:32:08 [INFO] [client-1] Round 38 done — loss=1.0603 acc=0.4272  1.5s
15:32:08 [INFO] [client-1] Round 39 — receiving model…
15:32:08 [INFO] [client-6] Round 38 done — loss=1.0086 acc=0.4986  1.7s
15:32:08 [INFO] [client-6] Round 39 — receiving model…
15:32:08 [INFO] [client-8] Round 38 done — loss=0.7620 acc=0.7098  1.2s
15:32:08 [INFO] [client-8] Round 39 — receiving model…
15:32:08 [INFO] [client-0] Round 38 done — loss=1.0515 acc=0.4570  1.3s
15:32:08 [INFO] [client-0] Round 39 — receiving model…
15:32:08 [INFO] [client-4] Round 38 done — loss=1.0117 acc=0.4959  1.7s
15:32:08 [INFO] [client-4] Round 39 — receiving model…
15:32:08 [INFO] [client-2] Round 38 done — loss=0.9444 acc=0.5391  1.6s
15:32:08 [INFO] [client-2] Round 39 — receiving model…
15:32:08 [INFO] [client-5] Round 38 done — loss=0.9679 acc=0.5594  1.8s
15:32:08 [INFO] [client-5] Round 39 — receiving model…
15:32:08 [INFO] Round 38 — waiting for 10 updates…
15:32:08 [INFO] [client-7] Round 38 done — loss=1.0259 acc=0.4530  1.8s
15:32:08 [INFO] [client-7] Round 39 — receiving model…
15:32:08 [INFO] [client-3] Round 38 — training locally…
15:32:08 [INFO] [client-3] Round 38 — sending update…
15:32:08 [INFO] [client-9] Round 38 — training locally…
15:32:08 [INFO] [client-9] Round 38 — sending update…
15:32:08 [INFO] [client-3] Round 38 done — loss=1.0361 acc=0.4492  2.1s
15:32:08 [INFO] [client-3] Round 39 — receiving model…
15:32:08 [INFO] [client-9] Round 38 done — loss=1.0072 acc=0.5274  2.0s
15:32:08 [INFO] [client-9] Round 39 — receiving model…
15:32:08 [INFO] Round 38/50  acc=0.4707  loss=1.0519  1.7s  clients=10
15:32:08 [INFO] Round 39 — sending model to 10 clients…
15:32:08 [INFO] [client-4] Round 39 — training locally…
15:32:08 [INFO] [client-4] Round 39 — sending update…
15:32:08 [INFO] [client-0] Round 39 — training locally…
15:32:08 [INFO] [client-0] Round 39 — sending update…
15:32:08 [INFO] [client-5] Round 39 — training locally…
15:32:08 [INFO] [client-5] Round 39 — sending update…
15:32:09 [INFO] [client-8] Round 39 — training locally…
15:32:09 [INFO] [client-8] Round 39 — sending update…
15:32:09 [INFO] [client-3] Round 39 — training locally…
15:32:09 [INFO] [client-3] Round 39 — sending update…
15:32:09 [INFO] [client-9] Round 39 — training locally…
15:32:09 [INFO] [client-9] Round 39 — sending update…
15:32:09 [INFO] [client-6] Round 39 — training locally…
15:32:09 [INFO] [client-6] Round 39 — sending update…
15:32:09 [INFO] [client-1] Round 39 — training locally…
15:32:09 [INFO] [client-1] Round 39 — sending update…
15:32:09 [INFO] [client-4] Round 39 done — loss=1.0083 acc=0.4904  1.6s
15:32:09 [INFO] [client-4] Round 40 — receiving model…
15:32:09 [INFO] [client-0] Round 39 done — loss=1.0460 acc=0.4635  1.6s
15:32:09 [INFO] [client-0] Round 40 — receiving model…
15:32:09 [INFO] [client-5] Round 39 done — loss=0.9698 acc=0.5556  1.6s
15:32:09 [INFO] [client-5] Round 40 — receiving model…
15:32:09 [INFO] [client-8] Round 39 done — loss=0.7558 acc=0.7112  1.7s
15:32:09 [INFO] [client-8] Round 40 — receiving model…
15:32:09 [INFO] [client-3] Round 39 done — loss=1.0387 acc=0.4499  1.3s
15:32:09 [INFO] [client-3] Round 40 — receiving model…
15:32:09 [INFO] [client-9] Round 39 done — loss=1.0092 acc=0.5232  1.3s
15:32:09 [INFO] [client-9] Round 40 — receiving model…
15:32:09 [INFO] [client-6] Round 39 done — loss=1.0088 acc=0.4854  1.8s
15:32:09 [INFO] [client-6] Round 40 — receiving model…
15:32:09 [INFO] Round 39 — waiting for 10 updates…
15:32:09 [INFO] [client-1] Round 39 done — loss=1.0572 acc=0.4255  1.9s
15:32:09 [INFO] [client-1] Round 40 — receiving model…
15:32:09 [INFO] [client-2] Round 39 — training locally…
15:32:10 [INFO] [client-2] Round 39 — sending update…
15:32:10 [INFO] [client-7] Round 39 — training locally…
15:32:10 [INFO] [client-7] Round 39 — sending update…
15:32:10 [INFO] [client-2] Round 39 done — loss=0.9442 acc=0.5361  2.0s
15:32:10 [INFO] [client-2] Round 40 — receiving model…
15:32:10 [INFO] [client-7] Round 39 done — loss=1.0267 acc=0.4499  2.0s
15:32:10 [INFO] [client-7] Round 40 — receiving model…
15:32:10 [INFO] Round 39/50  acc=0.4673  loss=1.0566  1.7s  clients=10
15:32:10 [INFO] Round 40 — sending model to 10 clients…
15:32:10 [INFO] [client-8] Round 40 — training locally…
15:32:10 [INFO] [client-8] Round 40 — sending update…
15:32:10 [INFO] [client-9] Round 40 — training locally…
15:32:10 [INFO] [client-9] Round 40 — sending update…
15:32:10 [INFO] [client-5] Round 40 — training locally…
15:32:10 [INFO] [client-5] Round 40 — sending update…
15:32:10 [INFO] [client-0] Round 40 — training locally…
15:32:10 [INFO] [client-0] Round 40 — sending update…
15:32:10 [INFO] [client-1] Round 40 — training locally…
15:32:10 [INFO] [client-1] Round 40 — sending update…
15:32:10 [INFO] [client-2] Round 40 — training locally…
15:32:11 [INFO] [client-2] Round 40 — sending update…
15:32:11 [INFO] [client-6] Round 40 — training locally…
15:32:11 [INFO] [client-6] Round 40 — sending update…
15:32:11 [INFO] [client-4] Round 40 — training locally…
15:32:11 [INFO] [client-4] Round 40 — sending update…
15:32:11 [INFO] [client-8] Round 40 done — loss=0.7600 acc=0.7129  1.6s
15:32:11 [INFO] [client-8] Round 41 — receiving model…
15:32:11 [INFO] [client-9] Round 40 done — loss=1.0038 acc=0.5158  1.6s
15:32:11 [INFO] [client-9] Round 41 — receiving model…
15:32:11 [INFO] [client-5] Round 40 done — loss=0.9672 acc=0.5618  1.7s
15:32:11 [INFO] [client-5] Round 41 — receiving model…
15:32:11 [INFO] [client-0] Round 40 done — loss=1.0492 acc=0.4566  1.7s
15:32:11 [INFO] [client-0] Round 41 — receiving model…
15:32:11 [INFO] [client-1] Round 40 done — loss=1.0567 acc=0.4317  1.6s
15:32:11 [INFO] [client-1] Round 41 — receiving model…
15:32:11 [INFO] [client-2] Round 40 done — loss=0.9387 acc=0.5416  1.3s
15:32:11 [INFO] [client-2] Round 41 — receiving model…
15:32:11 [INFO] [client-6] Round 40 done — loss=1.0129 acc=0.5003  1.7s
15:32:11 [INFO] [client-6] Round 41 — receiving model…
15:32:11 [INFO] Round 40 — waiting for 10 updates…
15:32:11 [INFO] [client-4] Round 40 done — loss=1.0092 acc=0.4945  1.9s
15:32:11 [INFO] [client-4] Round 41 — receiving model…
15:32:11 [INFO] [client-7] Round 40 — training locally…
15:32:11 [INFO] [client-7] Round 40 — sending update…
15:32:11 [INFO] [client-3] Round 40 — training locally…
15:32:11 [INFO] [client-3] Round 40 — sending update…
15:32:11 [INFO] [client-7] Round 40 done — loss=1.0276 acc=0.4540  1.6s
15:32:11 [INFO] [client-7] Round 41 — receiving model…
15:32:11 [INFO] [client-3] Round 40 done — loss=1.0428 acc=0.4526  2.1s
15:32:11 [INFO] [client-3] Round 41 — receiving model…
15:32:11 [INFO] Round 40/50  acc=0.4687  loss=1.0550  1.7s  clients=10
15:32:11 [INFO] Round 41 — sending model to 10 clients…
15:32:11 [INFO] [client-8] Round 41 — training locally…
15:32:12 [INFO] [client-8] Round 41 — sending update…
15:32:12 [INFO] [client-4] Round 41 — training locally…
15:32:12 [INFO] [client-4] Round 41 — sending update…
15:32:12 [INFO] [client-5] Round 41 — training locally…
15:32:12 [INFO] [client-5] Round 41 — sending update…
15:32:12 [INFO] [client-6] Round 41 — training locally…
15:32:12 [INFO] [client-6] Round 41 — sending update…
15:32:12 [INFO] [client-1] Round 41 — training locally…
15:32:12 [INFO] [client-1] Round 41 — sending update…
15:32:12 [INFO] [client-7] Round 41 — training locally…
15:32:12 [INFO] [client-7] Round 41 — sending update…
15:32:12 [INFO] [client-0] Round 41 — training locally…
15:32:12 [INFO] [client-0] Round 41 — sending update…
15:32:12 [INFO] [client-2] Round 41 — training locally…
15:32:13 [INFO] [client-2] Round 41 — sending update…
15:32:13 [INFO] [client-8] Round 41 done — loss=0.7565 acc=0.7115  1.7s
15:32:13 [INFO] [client-8] Round 42 — receiving model…
15:32:13 [INFO] [client-4] Round 41 done — loss=1.0066 acc=0.4962  1.5s
15:32:13 [INFO] [client-4] Round 42 — receiving model…
15:32:13 [INFO] [client-5] Round 41 done — loss=0.9618 acc=0.5659  1.7s
15:32:13 [INFO] [client-5] Round 42 — receiving model…
15:32:13 [INFO] [client-6] Round 41 done — loss=1.0146 acc=0.4997  1.6s
15:32:13 [INFO] [client-6] Round 42 — receiving model…
15:32:13 [INFO] [client-1] Round 41 done — loss=1.0558 acc=0.4262  1.7s
15:32:13 [INFO] [client-1] Round 42 — receiving model…
15:32:13 [INFO] [client-7] Round 41 done — loss=1.0273 acc=0.4533  1.3s
15:32:13 [INFO] [client-7] Round 42 — receiving model…
15:32:13 [INFO] [client-0] Round 41 done — loss=1.0438 acc=0.4579  1.8s
15:32:13 [INFO] [client-0] Round 42 — receiving model…
15:32:13 [INFO] Round 41 — waiting for 10 updates…
15:32:13 [INFO] [client-2] Round 41 done — loss=0.9488 acc=0.5326  1.7s
15:32:13 [INFO] [client-2] Round 42 — receiving model…
15:32:13 [INFO] [client-3] Round 41 — training locally…
15:32:13 [INFO] [client-3] Round 41 — sending update…
15:32:13 [INFO] [client-9] Round 41 — training locally…
15:32:13 [INFO] [client-9] Round 41 — sending update…
15:32:13 [INFO] [client-3] Round 41 done — loss=1.0410 acc=0.4557  1.6s
15:32:13 [INFO] [client-3] Round 42 — receiving model…
15:32:13 [INFO] [client-9] Round 41 done — loss=1.0061 acc=0.5218  2.2s
15:32:13 [INFO] [client-9] Round 42 — receiving model…
15:32:13 [INFO] Round 41/50  acc=0.4594  loss=1.0636  1.8s  clients=10
15:32:13 [INFO] Round 42 — sending model to 10 clients…
15:32:13 [INFO] [client-9] Round 42 — training locally…
15:32:13 [INFO] [client-9] Round 42 — sending update…
15:32:13 [INFO] [client-1] Round 42 — training locally…
15:32:14 [INFO] [client-1] Round 42 — sending update…
15:32:14 [INFO] [client-3] Round 42 — training locally…
15:32:14 [INFO] [client-3] Round 42 — sending update…
15:32:14 [INFO] [client-4] Round 42 — training locally…
15:32:14 [INFO] [client-4] Round 42 — sending update…
15:32:14 [INFO] [client-6] Round 42 — training locally…
15:32:14 [INFO] [client-6] Round 42 — sending update…
15:32:14 [INFO] [client-5] Round 42 — training locally…
15:32:14 [INFO] [client-5] Round 42 — sending update…
15:32:14 [INFO] [client-8] Round 42 — training locally…
15:32:14 [INFO] [client-8] Round 42 — sending update…
15:32:14 [INFO] [client-2] Round 42 — training locally…
15:32:14 [INFO] [client-2] Round 42 — sending update…
15:32:14 [INFO] [client-9] Round 42 done — loss=1.0112 acc=0.5253  1.2s
15:32:14 [INFO] [client-9] Round 43 — receiving model…
15:32:14 [INFO] [client-1] Round 42 done — loss=1.0585 acc=0.4193  1.7s
15:32:14 [INFO] [client-1] Round 43 — receiving model…
15:32:14 [INFO] [client-3] Round 42 done — loss=1.0412 acc=0.4406  1.3s
15:32:14 [INFO] [client-3] Round 43 — receiving model…
15:32:14 [INFO] [client-4] Round 42 done — loss=1.0154 acc=0.4921  1.9s
15:32:14 [INFO] [client-4] Round 43 — receiving model…
15:32:14 [INFO] [client-6] Round 42 done — loss=1.0115 acc=0.4951  1.8s
15:32:14 [INFO] [client-6] Round 43 — receiving model…
15:32:14 [INFO] [client-5] Round 42 done — loss=0.9669 acc=0.5536  1.9s
15:32:14 [INFO] [client-5] Round 43 — receiving model…
15:32:15 [INFO] [client-8] Round 42 done — loss=0.7608 acc=0.7133  2.0s
15:32:15 [INFO] [client-8] Round 43 — receiving model…
15:32:15 [INFO] Round 42 — waiting for 10 updates…
15:32:15 [INFO] [client-2] Round 42 done — loss=0.9465 acc=0.5271  1.8s
15:32:15 [INFO] [client-2] Round 43 — receiving model…
15:32:15 [INFO] [client-7] Round 42 — training locally…
15:32:15 [INFO] [client-7] Round 42 — sending update…
15:32:15 [INFO] [client-0] Round 42 — training locally…
15:32:15 [INFO] [client-0] Round 42 — sending update…
15:32:15 [INFO] [client-7] Round 42 done — loss=1.0232 acc=0.4454  2.1s
15:32:15 [INFO] [client-7] Round 43 — receiving model…
15:32:15 [INFO] [client-0] Round 42 done — loss=1.0558 acc=0.4549  2.1s
15:32:15 [INFO] [client-0] Round 43 — receiving model…
15:32:15 [INFO] Round 42/50  acc=0.4681  loss=1.0581  1.7s  clients=10
15:32:15 [INFO] Round 43 — sending model to 10 clients…
15:32:15 [INFO] [client-8] Round 43 — training locally…
15:32:15 [INFO] [client-8] Round 43 — sending update…
15:32:15 [INFO] [client-7] Round 43 — training locally…
15:32:15 [INFO] [client-7] Round 43 — sending update…
15:32:15 [INFO] [client-6] Round 43 — training locally…
15:32:15 [INFO] [client-6] Round 43 — sending update…
15:32:15 [INFO] [client-3] Round 43 — training locally…
15:32:15 [INFO] [client-3] Round 43 — sending update…
15:32:15 [INFO] [client-1] Round 43 — training locally…
15:32:16 [INFO] [client-1] Round 43 — sending update…
15:32:16 [INFO] [client-5] Round 43 — training locally…
15:32:16 [INFO] [client-5] Round 43 — sending update…
15:32:16 [INFO] [client-9] Round 43 — training locally…
15:32:16 [INFO] [client-9] Round 43 — sending update…
15:32:16 [INFO] [client-2] Round 43 — training locally…
15:32:16 [INFO] [client-2] Round 43 — sending update…
15:32:16 [INFO] [client-8] Round 43 done — loss=0.7525 acc=0.7157  1.5s
15:32:16 [INFO] [client-8] Round 44 — receiving model…
15:32:16 [INFO] [client-7] Round 43 done — loss=1.0297 acc=0.4533  1.2s
15:32:16 [INFO] [client-7] Round 44 — receiving model…
15:32:16 [INFO] [client-6] Round 43 done — loss=1.0078 acc=0.4962  1.6s
15:32:16 [INFO] [client-6] Round 44 — receiving model…
15:32:16 [INFO] [client-3] Round 43 done — loss=1.0381 acc=0.4584  1.7s
15:32:16 [INFO] [client-3] Round 44 — receiving model…
15:32:16 [INFO] [client-1] Round 43 done — loss=1.0575 acc=0.4227  1.8s
15:32:16 [INFO] [client-1] Round 44 — receiving model…
15:32:16 [INFO] [client-5] Round 43 done — loss=0.9637 acc=0.5615  1.7s
15:32:16 [INFO] [client-5] Round 44 — receiving model…
15:32:16 [INFO] [client-9] Round 43 done — loss=1.0065 acc=0.5260  1.9s
15:32:16 [INFO] [client-9] Round 44 — receiving model…
15:32:16 [INFO] Round 43 — waiting for 10 updates…
15:32:16 [INFO] [client-2] Round 43 done — loss=0.9406 acc=0.5337  1.7s
15:32:16 [INFO] [client-2] Round 44 — receiving model…
15:32:16 [INFO] [client-0] Round 43 — training locally…
15:32:16 [INFO] [client-0] Round 43 — sending update…
15:32:16 [INFO] [client-4] Round 43 — training locally…
15:32:16 [INFO] [client-4] Round 43 — sending update…
15:32:17 [INFO] [client-0] Round 43 done — loss=1.0467 acc=0.4709  1.6s
15:32:17 [INFO] [client-0] Round 44 — receiving model…
15:32:17 [INFO] [client-4] Round 43 done — loss=1.0071 acc=0.5031  2.1s
15:32:17 [INFO] [client-4] Round 44 — receiving model…
15:32:17 [INFO] Round 43/50  acc=0.4751  loss=1.0497  1.7s  clients=10
15:32:17 [INFO] Round 44 — sending model to 10 clients…
15:32:17 [INFO] [client-5] Round 44 — training locally…
15:32:17 [INFO] [client-5] Round 44 — sending update…
15:32:17 [INFO] [client-7] Round 44 — training locally…
15:32:17 [INFO] [client-7] Round 44 — sending update…
15:32:17 [INFO] [client-1] Round 44 — training locally…
15:32:17 [INFO] [client-1] Round 44 — sending update…
15:32:17 [INFO] [client-6] Round 44 — training locally…
15:32:17 [INFO] [client-6] Round 44 — sending update…
15:32:17 [INFO] [client-0] Round 44 — training locally…
15:32:17 [INFO] [client-0] Round 44 — sending update…
15:32:17 [INFO] [client-3] Round 44 — training locally…
15:32:17 [INFO] [client-3] Round 44 — sending update…
15:32:17 [INFO] [client-4] Round 44 — training locally…
15:32:18 [INFO] [client-4] Round 44 — sending update…
15:32:18 [INFO] [client-9] Round 44 — training locally…
15:32:18 [INFO] [client-9] Round 44 — sending update…
15:32:18 [INFO] [client-5] Round 44 done — loss=0.9584 acc=0.5646  1.5s
15:32:18 [INFO] [client-5] Round 45 — receiving model…
15:32:18 [INFO] [client-7] Round 44 done — loss=1.0287 acc=0.4406  1.7s
15:32:18 [INFO] [client-7] Round 45 — receiving model…
15:32:18 [INFO] [client-1] Round 44 done — loss=1.0571 acc=0.4358  1.6s
15:32:18 [INFO] [client-1] Round 45 — receiving model…
15:32:18 [INFO] [client-6] Round 44 done — loss=1.0114 acc=0.4913  1.7s
15:32:18 [INFO] [client-6] Round 45 — receiving model…
15:32:18 [INFO] [client-0] Round 44 done — loss=1.0492 acc=0.4588  1.3s
15:32:18 [INFO] [client-0] Round 45 — receiving model…
15:32:18 [INFO] [client-3] Round 44 done — loss=1.0366 acc=0.4567  1.7s
15:32:18 [INFO] [client-3] Round 45 — receiving model…
15:32:18 [INFO] [client-4] Round 44 done — loss=1.0043 acc=0.4921  1.3s
15:32:18 [INFO] [client-4] Round 45 — receiving model…
15:32:18 [INFO] Round 44 — waiting for 10 updates…
15:32:18 [INFO] [client-9] Round 44 done — loss=1.0054 acc=0.5172  1.7s
15:32:18 [INFO] [client-9] Round 45 — receiving model…
15:32:18 [INFO] [client-2] Round 44 — training locally…
15:32:18 [INFO] [client-2] Round 44 — sending update…
15:32:18 [INFO] [client-8] Round 44 — training locally…
15:32:18 [INFO] [client-8] Round 44 — sending update…
15:32:18 [INFO] [client-2] Round 44 done — loss=0.9473 acc=0.5371  2.0s
15:32:18 [INFO] [client-2] Round 45 — receiving model…
15:32:18 [INFO] [client-8] Round 44 done — loss=0.7617 acc=0.7095  2.2s
15:32:18 [INFO] [client-8] Round 45 — receiving model…
15:32:18 [INFO] Round 44/50  acc=0.4667  loss=1.0526  1.7s  clients=10
15:32:18 [INFO] Round 45 — sending model to 10 clients…
15:32:18 [INFO] [client-1] Round 45 — training locally…
15:32:18 [INFO] [client-1] Round 45 — sending update…
15:32:18 [INFO] [client-3] Round 45 — training locally…
15:32:19 [INFO] [client-3] Round 45 — sending update…
15:32:19 [INFO] [client-6] Round 45 — training locally…
15:32:19 [INFO] [client-6] Round 45 — sending update…
15:32:19 [INFO] [client-7] Round 45 — training locally…
15:32:19 [INFO] [client-7] Round 45 — sending update…
15:32:19 [INFO] [client-2] Round 45 — training locally…
15:32:19 [INFO] [client-2] Round 45 — sending update…
15:32:19 [INFO] [client-0] Round 45 — training locally…
15:32:19 [INFO] [client-0] Round 45 — sending update…
15:32:19 [INFO] [client-5] Round 45 — training locally…
15:32:19 [INFO] [client-5] Round 45 — sending update…
15:32:19 [INFO] [client-4] Round 45 — training locally…
15:32:19 [INFO] [client-4] Round 45 — sending update…
15:32:19 [INFO] [client-1] Round 45 done — loss=1.0573 acc=0.4282  1.6s
15:32:19 [INFO] [client-1] Round 46 — receiving model…
15:32:19 [INFO] [client-3] Round 45 done — loss=1.0393 acc=0.4560  1.6s
15:32:19 [INFO] [client-3] Round 46 — receiving model…
15:32:19 [INFO] [client-6] Round 45 done — loss=1.0105 acc=0.4955  1.7s
15:32:19 [INFO] [client-6] Round 46 — receiving model…
15:32:19 [INFO] [client-7] Round 45 done — loss=1.0251 acc=0.4430  1.7s
15:32:19 [INFO] [client-7] Round 46 — receiving model…
15:32:19 [INFO] [client-2] Round 45 done — loss=0.9382 acc=0.5337  1.3s
15:32:19 [INFO] [client-2] Round 46 — receiving model…
15:32:20 [INFO] [client-0] Round 45 done — loss=1.0507 acc=0.4553  1.7s
15:32:20 [INFO] [client-0] Round 46 — receiving model…
15:32:20 [INFO] [client-5] Round 45 done — loss=0.9628 acc=0.5632  1.9s
15:32:20 [INFO] [client-5] Round 46 — receiving model…
15:32:20 [INFO] Round 45 — waiting for 10 updates…
15:32:20 [INFO] [client-4] Round 45 done — loss=1.0053 acc=0.4931  1.7s
15:32:20 [INFO] [client-4] Round 46 — receiving model…
15:32:20 [INFO] [client-9] Round 45 — training locally…
15:32:20 [INFO] [client-9] Round 45 — sending update…
15:32:20 [INFO] [client-8] Round 45 — training locally…
15:32:20 [INFO] [client-8] Round 45 — sending update…
15:32:20 [INFO] [client-9] Round 45 done — loss=1.0085 acc=0.5207  2.0s
15:32:20 [INFO] [client-9] Round 46 — receiving model…
15:32:20 [INFO] [client-8] Round 45 done — loss=0.7611 acc=0.7098  1.7s
15:32:20 [INFO] [client-8] Round 46 — receiving model…
15:32:20 [INFO] Round 45/50  acc=0.4662  loss=1.0628  1.7s  clients=10
15:32:20 [INFO] Round 46 — sending model to 10 clients…
15:32:20 [INFO] [client-3] Round 46 — training locally…
15:32:20 [INFO] [client-3] Round 46 — sending update…
15:32:20 [INFO] [client-5] Round 46 — training locally…
15:32:20 [INFO] [client-5] Round 46 — sending update…
15:32:20 [INFO] [client-2] Round 46 — training locally…
15:32:20 [INFO] [client-2] Round 46 — sending update…
15:32:20 [INFO] [client-6] Round 46 — training locally…
15:32:21 [INFO] [client-6] Round 46 — sending update…
15:32:21 [INFO] [client-8] Round 46 — training locally…
15:32:21 [INFO] [client-8] Round 46 — sending update…
15:32:21 [INFO] [client-7] Round 46 — training locally…
15:32:21 [INFO] [client-7] Round 46 — sending update…
15:32:21 [INFO] [client-1] Round 46 — training locally…
15:32:21 [INFO] [client-1] Round 46 — sending update…
15:32:21 [INFO] [client-0] Round 46 — training locally…
15:32:21 [INFO] [client-0] Round 46 — sending update…
15:32:21 [INFO] [client-3] Round 46 done — loss=1.0379 acc=0.4660  1.6s
15:32:21 [INFO] [client-3] Round 47 — receiving model…
15:32:21 [INFO] [client-5] Round 46 done — loss=0.9556 acc=0.5687  1.5s
15:32:21 [INFO] [client-5] Round 47 — receiving model…
15:32:21 [INFO] [client-2] Round 46 done — loss=0.9398 acc=0.5361  1.6s
15:32:21 [INFO] [client-2] Round 47 — receiving model…
15:32:21 [INFO] [client-6] Round 46 done — loss=1.0015 acc=0.5066  1.7s
15:32:21 [INFO] [client-6] Round 47 — receiving model…
15:32:21 [INFO] [client-8] Round 46 done — loss=0.7634 acc=0.7143  1.2s
15:32:21 [INFO] [client-8] Round 47 — receiving model…
15:32:21 [INFO] [client-7] Round 46 done — loss=1.0238 acc=0.4554  1.7s
15:32:21 [INFO] [client-7] Round 47 — receiving model…
15:32:21 [INFO] [client-1] Round 46 done — loss=1.0524 acc=0.4299  1.9s
15:32:21 [INFO] [client-1] Round 47 — receiving model…
15:32:21 [INFO] Round 46 — waiting for 10 updates…
15:32:21 [INFO] [client-0] Round 46 done — loss=1.0463 acc=0.4627  1.7s
15:32:21 [INFO] [client-0] Round 47 — receiving model…
15:32:21 [INFO] [client-4] Round 46 — training locally…
15:32:21 [INFO] [client-4] Round 46 — sending update…
15:32:21 [INFO] [client-9] Round 46 — training locally…
15:32:22 [INFO] [client-9] Round 46 — sending update…
15:32:22 [INFO] [client-4] Round 46 done — loss=1.0104 acc=0.4976  2.0s
15:32:22 [INFO] [client-4] Round 47 — receiving model…
15:32:22 [INFO] [client-9] Round 46 done — loss=1.0027 acc=0.5249  1.7s
15:32:22 [INFO] [client-9] Round 47 — receiving model…
15:32:22 [INFO] Round 46/50  acc=0.4670  loss=1.0595  1.7s  clients=10
15:32:22 [INFO] Round 47 — sending model to 10 clients…
15:32:22 [INFO] [client-8] Round 47 — training locally…
15:32:22 [INFO] [client-8] Round 47 — sending update…
15:32:22 [INFO] [client-9] Round 47 — training locally…
15:32:22 [INFO] [client-9] Round 47 — sending update…
15:32:22 [INFO] [client-4] Round 47 — training locally…
15:32:22 [INFO] [client-4] Round 47 — sending update…
15:32:22 [INFO] [client-3] Round 47 — training locally…
15:32:22 [INFO] [client-3] Round 47 — sending update…
15:32:22 [INFO] [client-2] Round 47 — training locally…
15:32:22 [INFO] [client-2] Round 47 — sending update…
15:32:22 [INFO] [client-0] Round 47 — training locally…
15:32:22 [INFO] [client-0] Round 47 — sending update…
15:32:22 [INFO] [client-7] Round 47 — training locally…
15:32:23 [INFO] [client-7] Round 47 — sending update…
15:32:23 [INFO] [client-6] Round 47 — training locally…
15:32:23 [INFO] [client-6] Round 47 — sending update…
15:32:23 [INFO] [client-8] Round 47 done — loss=0.7615 acc=0.7143  1.6s
15:32:23 [INFO] [client-8] Round 48 — receiving model…
15:32:23 [INFO] [client-9] Round 47 done — loss=1.0053 acc=0.5274  1.2s
15:32:23 [INFO] [client-9] Round 48 — receiving model…
15:32:23 [INFO] [client-4] Round 47 done — loss=1.0050 acc=0.5003  1.2s
15:32:23 [INFO] [client-4] Round 48 — receiving model…
15:32:23 [INFO] [client-3] Round 47 done — loss=1.0397 acc=0.4564  1.8s
15:32:23 [INFO] [client-3] Round 48 — receiving model…
15:32:23 [INFO] [client-2] Round 47 done — loss=0.9450 acc=0.5378  1.7s
15:32:23 [INFO] [client-2] Round 48 — receiving model…
15:32:23 [INFO] [client-0] Round 47 done — loss=1.0522 acc=0.4670  1.6s
15:32:23 [INFO] [client-0] Round 48 — receiving model…
15:32:23 [INFO] [client-7] Round 47 done — loss=1.0279 acc=0.4430  1.7s
15:32:23 [INFO] [client-7] Round 48 — receiving model…
15:32:23 [INFO] Round 47 — waiting for 10 updates…
15:32:23 [INFO] [client-6] Round 47 done — loss=1.0069 acc=0.5049  1.8s
15:32:23 [INFO] [client-6] Round 48 — receiving model…
15:32:23 [INFO] [client-5] Round 47 — training locally…
15:32:23 [INFO] [client-5] Round 47 — sending update…
15:32:23 [INFO] [client-1] Round 47 — training locally…
15:32:23 [INFO] [client-1] Round 47 — sending update…
15:32:23 [INFO] [client-5] Round 47 done — loss=0.9614 acc=0.5604  2.2s
15:32:23 [INFO] [client-5] Round 48 — receiving model…
15:32:23 [INFO] [client-1] Round 47 done — loss=1.0523 acc=0.4351  2.1s
15:32:23 [INFO] [client-1] Round 48 — receiving model…
15:32:23 [INFO] Round 47/50  acc=0.4631  loss=1.0688  1.7s  clients=10
15:32:23 [INFO] Round 48 — sending model to 10 clients…
15:32:23 [INFO] [client-3] Round 48 — training locally…
15:32:23 [INFO] [client-3] Round 48 — sending update…
15:32:23 [INFO] [client-1] Round 48 — training locally…
15:32:24 [INFO] [client-1] Round 48 — sending update…
15:32:24 [INFO] [client-5] Round 48 — training locally…
15:32:24 [INFO] [client-5] Round 48 — sending update…
15:32:24 [INFO] [client-6] Round 48 — training locally…
15:32:24 [INFO] [client-6] Round 48 — sending update…
15:32:24 [INFO] [client-4] Round 48 — training locally…
15:32:24 [INFO] [client-4] Round 48 — sending update…
15:32:24 [INFO] [client-7] Round 48 — training locally…
15:32:24 [INFO] [client-7] Round 48 — sending update…
15:32:24 [INFO] [client-9] Round 48 — training locally…
15:32:24 [INFO] [client-9] Round 48 — sending update…
15:32:24 [INFO] [client-0] Round 48 — training locally…
15:32:24 [INFO] [client-0] Round 48 — sending update…
15:32:24 [INFO] [client-3] Round 48 done — loss=1.0462 acc=0.4523  1.6s
15:32:24 [INFO] [client-3] Round 49 — receiving model…
15:32:24 [INFO] [client-1] Round 48 done — loss=1.0578 acc=0.4131  1.2s
15:32:24 [INFO] [client-1] Round 49 — receiving model…
15:32:24 [INFO] [client-5] Round 48 done — loss=0.9612 acc=0.5683  1.2s
15:32:24 [INFO] [client-5] Round 49 — receiving model…
15:32:25 [INFO] [client-6] Round 48 done — loss=1.0072 acc=0.4941  1.6s
15:32:25 [INFO] [client-6] Round 49 — receiving model…
15:32:25 [INFO] [client-4] Round 48 done — loss=1.0195 acc=0.4873  1.7s
15:32:25 [INFO] [client-4] Round 49 — receiving model…
15:32:25 [INFO] [client-7] Round 48 done — loss=1.0237 acc=0.4505  1.7s
15:32:25 [INFO] [client-7] Round 49 — receiving model…
15:32:25 [INFO] [client-9] Round 48 done — loss=1.0084 acc=0.5193  1.8s
15:32:25 [INFO] [client-9] Round 49 — receiving model…
15:32:25 [INFO] Round 48 — waiting for 10 updates…
15:32:25 [INFO] [client-0] Round 48 done — loss=1.0500 acc=0.4631  1.7s
15:32:25 [INFO] [client-0] Round 49 — receiving model…
15:32:25 [INFO] [client-2] Round 48 — training locally…
15:32:25 [INFO] [client-2] Round 48 — sending update…
15:32:25 [INFO] [client-8] Round 48 — training locally…
15:32:25 [INFO] [client-8] Round 48 — sending update…
15:32:25 [INFO] [client-2] Round 48 done — loss=0.9452 acc=0.5391  2.2s
15:32:25 [INFO] [client-2] Round 49 — receiving model…
15:32:25 [INFO] [client-8] Round 48 done — loss=0.7566 acc=0.7129  2.3s
15:32:25 [INFO] [client-8] Round 49 — receiving model…
15:32:25 [INFO] Round 48/50  acc=0.4648  loss=1.0590  1.8s  clients=10
15:32:25 [INFO] Round 49 — sending model to 10 clients…
15:32:25 [INFO] [client-3] Round 49 — training locally…
15:32:25 [INFO] [client-3] Round 49 — sending update…
15:32:25 [INFO] [client-5] Round 49 — training locally…
15:32:25 [INFO] [client-5] Round 49 — sending update…
15:32:25 [INFO] [client-4] Round 49 — training locally…
15:32:26 [INFO] [client-4] Round 49 — sending update…
15:32:26 [INFO] [client-1] Round 49 — training locally…
15:32:26 [INFO] [client-1] Round 49 — sending update…
15:32:26 [INFO] [client-8] Round 49 — training locally…
15:32:26 [INFO] [client-8] Round 49 — sending update…
15:32:26 [INFO] [client-2] Round 49 — training locally…
15:32:26 [INFO] [client-2] Round 49 — sending update…
15:32:26 [INFO] [client-9] Round 49 — training locally…
15:32:26 [INFO] [client-9] Round 49 — sending update…
15:32:26 [INFO] [client-0] Round 49 — training locally…
15:32:26 [INFO] [client-0] Round 49 — sending update…
15:32:26 [INFO] [client-3] Round 49 done — loss=1.0378 acc=0.4619  1.8s
15:32:26 [INFO] [client-3] Round 50 — receiving model…
15:32:26 [INFO] [client-5] Round 49 done — loss=0.9715 acc=0.5628  1.7s
15:32:26 [INFO] [client-5] Round 50 — receiving model…
15:32:26 [INFO] [client-4] Round 49 done — loss=1.0091 acc=0.4942  1.7s
15:32:26 [INFO] [client-4] Round 50 — receiving model…
15:32:26 [INFO] [client-1] Round 49 done — loss=1.0558 acc=0.4251  1.8s
15:32:26 [INFO] [client-1] Round 50 — receiving model…
15:32:26 [INFO] [client-8] Round 49 done — loss=0.7601 acc=0.7136  1.2s
15:32:26 [INFO] [client-8] Round 50 — receiving model…
15:32:26 [INFO] [client-2] Round 49 done — loss=0.9377 acc=0.5395  1.3s
15:32:26 [INFO] [client-2] Round 50 — receiving model…
15:32:26 [INFO] [client-9] Round 49 done — loss=1.0047 acc=0.5284  1.8s
15:32:26 [INFO] [client-9] Round 50 — receiving model…
15:32:26 [INFO] Round 49 — waiting for 10 updates…
15:32:26 [INFO] [client-0] Round 49 done — loss=1.0473 acc=0.4583  1.8s
15:32:26 [INFO] [client-0] Round 50 — receiving model…
15:32:26 [INFO] [client-7] Round 49 — training locally…
15:32:27 [INFO] [client-7] Round 49 — sending update…
15:32:27 [INFO] [client-6] Round 49 — training locally…
15:32:27 [INFO] [client-6] Round 49 — sending update…
15:32:27 [INFO] [client-7] Round 49 done — loss=1.0273 acc=0.4560  2.1s
15:32:27 [INFO] [client-7] Round 50 — receiving model…
15:32:27 [INFO] [client-6] Round 49 done — loss=1.0086 acc=0.4941  2.2s
15:32:27 [INFO] [client-6] Round 50 — receiving model…
15:32:27 [INFO] Round 49/50  acc=0.4664  loss=1.0551  1.7s  clients=10
15:32:27 [INFO] Round 50 — sending model to 10 clients…
15:32:27 [INFO] [client-0] Round 50 — training locally…
15:32:27 [INFO] [client-0] Round 50 — sending update…
15:32:27 [INFO] [client-5] Round 50 — training locally…
15:32:27 [INFO] [client-5] Round 50 — sending update…
15:32:27 [INFO] [client-2] Round 50 — training locally…
15:32:27 [INFO] [client-2] Round 50 — sending update…
15:32:27 [INFO] [client-7] Round 50 — training locally…
15:32:27 [INFO] [client-7] Round 50 — sending update…
15:32:27 [INFO] [client-8] Round 50 — training locally…
15:32:27 [INFO] [client-8] Round 50 — sending update…
15:32:27 [INFO] [client-9] Round 50 — training locally…
15:32:28 [INFO] [client-9] Round 50 — sending update…
15:32:28 [INFO] [client-3] Round 50 — training locally…
15:32:28 [INFO] [client-3] Round 50 — sending update…
15:32:28 [INFO] [client-6] Round 50 — training locally…
15:32:28 [INFO] [client-6] Round 50 — sending update…
15:32:28 [INFO] [client-0] Round 50 done — loss=1.0462 acc=0.4570  1.5s
15:32:28 [INFO] [client-5] Round 50 done — loss=0.9654 acc=0.5556  1.7s
15:32:28 [INFO] [client-2] Round 50 done — loss=0.9452 acc=0.5405  1.6s
15:32:28 [INFO] [client-7] Round 50 done — loss=1.0269 acc=0.4550  1.3s
15:32:28 [INFO] [client-8] Round 50 done — loss=0.7632 acc=0.7126  1.7s
15:32:28 [INFO] [client-9] Round 50 done — loss=1.0070 acc=0.5323  1.6s
15:32:28 [INFO] [client-3] Round 50 done — loss=1.0378 acc=0.4547  1.9s
15:32:28 [INFO] Round 50 — waiting for 10 updates…
15:32:28 [INFO] [client-6] Round 50 done — loss=1.0150 acc=0.4882  1.3s
15:32:28 [INFO] [client-1] Round 50 — training locally…
15:32:28 [INFO] [client-1] Round 50 — sending update…
15:32:28 [INFO] [client-4] Round 50 — training locally…
15:32:28 [INFO] [client-4] Round 50 — sending update…
15:32:28 [INFO] [client-1] Round 50 done — loss=1.0524 acc=0.4348  2.1s
15:32:28 [INFO] [client-4] Round 50 done — loss=1.0088 acc=0.4986  2.2s
15:32:28 [INFO] Round 50/50  acc=0.4645  loss=1.0582  1.7s  clients=10
15:32:28 [INFO] CoAP server [client-0] stopped
15:32:28 [INFO] CoAP server [client-1] stopped
15:32:28 [INFO] CoAP server [client-2] stopped
15:32:28 [INFO] CoAP server [client-3] stopped
15:32:28 [INFO] CoAP server [client-4] stopped
15:32:28 [INFO] CoAP server [client-5] stopped
15:32:28 [INFO] CoAP server [client-6] stopped
15:32:28 [INFO] CoAP server [client-7] stopped
15:32:28 [INFO] CoAP server [client-8] stopped
15:32:28 [INFO] CoAP server [client-9] stopped
15:32:28 [INFO] CoAP server [server] stopped
15:32:28 [INFO] Exported 50 rows → /home/raullb/FL-Iroh/results/e7/e7_airmlp_geographic_round_events.csv
15:32:28 [INFO] AirMLP airmlp_geographic done: {'node_id': 'server', 'architecture': 'B', 'scenario': 'e7_airmlp_geographic', 'rounds_total': 50, 'rounds_success': 50, 'test_acc_final': 0.4644762707104746, 'test_acc_max': 0.47570907048581856, 'duration_mean_sec': 1.7021740367775784, 'pct_direct': 0.0, 'pct_relay': 0.0, 'bytes_to_aggregator': 6984500}
15:32:28 [INFO] === E7 AirMLP + FedAvg — iid ===
15:32:29 [INFO] Air quality dataset loaded: 28514 train / 3561 test | 6 features | 3 classes
15:32:29 [INFO] IID partition: 10 clients, ~2851 samples each
15:32:29 [INFO] AirMLP class weights: [1.026976466178894, 1.0868686437606812, 0.904000997543335]
15:32:29 [INFO] FL_MOCK_IROH=1 — forcing mock transport (iroh bypassed)
15:32:29 [INFO] CoAP server [server] listening on 0.0.0.0:5783
15:32:29 [INFO] FLServer server started (mock=True)
15:32:29 [INFO] FL_MOCK_IROH=1 — forcing mock transport (iroh bypassed)
15:32:29 [INFO] CoAP server [client-0] listening on 0.0.0.0:5784
15:32:29 [INFO] FLClient client-0 started (mock=True)
15:32:29 [INFO] Registered client client-0  iroh=mock-client-0
15:32:29 [INFO] FL_MOCK_IROH=1 — forcing mock transport (iroh bypassed)
15:32:29 [INFO] CoAP server [client-1] listening on 0.0.0.0:5785
15:32:29 [INFO] FLClient client-1 started (mock=True)
15:32:29 [INFO] Registered client client-1  iroh=mock-client-1
15:32:29 [INFO] FL_MOCK_IROH=1 — forcing mock transport (iroh bypassed)
15:32:29 [INFO] CoAP server [client-2] listening on 0.0.0.0:5786
15:32:29 [INFO] FLClient client-2 started (mock=True)
15:32:29 [INFO] Registered client client-2  iroh=mock-client-2
15:32:29 [INFO] FL_MOCK_IROH=1 — forcing mock transport (iroh bypassed)
15:32:29 [INFO] CoAP server [client-3] listening on 0.0.0.0:5787
15:32:29 [INFO] FLClient client-3 started (mock=True)
15:32:29 [INFO] Registered client client-3  iroh=mock-client-3
15:32:29 [INFO] FL_MOCK_IROH=1 — forcing mock transport (iroh bypassed)
15:32:29 [INFO] CoAP server [client-4] listening on 0.0.0.0:5788
15:32:29 [INFO] FLClient client-4 started (mock=True)
15:32:29 [INFO] Registered client client-4  iroh=mock-client-4
15:32:29 [INFO] FL_MOCK_IROH=1 — forcing mock transport (iroh bypassed)
15:32:29 [INFO] CoAP server [client-5] listening on 0.0.0.0:5789
15:32:29 [INFO] FLClient client-5 started (mock=True)
15:32:29 [INFO] Registered client client-5  iroh=mock-client-5
15:32:29 [INFO] FL_MOCK_IROH=1 — forcing mock transport (iroh bypassed)
15:32:29 [INFO] CoAP server [client-6] listening on 0.0.0.0:5790
15:32:29 [INFO] FLClient client-6 started (mock=True)
15:32:29 [INFO] Registered client client-6  iroh=mock-client-6
15:32:29 [INFO] FL_MOCK_IROH=1 — forcing mock transport (iroh bypassed)
15:32:29 [INFO] CoAP server [client-7] listening on 0.0.0.0:5791
15:32:29 [INFO] FLClient client-7 started (mock=True)
15:32:29 [INFO] Registered client client-7  iroh=mock-client-7
15:32:29 [INFO] FL_MOCK_IROH=1 — forcing mock transport (iroh bypassed)
15:32:29 [INFO] CoAP server [client-8] listening on 0.0.0.0:5792
15:32:29 [INFO] FLClient client-8 started (mock=True)
15:32:29 [INFO] Registered client client-8  iroh=mock-client-8
15:32:29 [INFO] FL_MOCK_IROH=1 — forcing mock transport (iroh bypassed)
15:32:29 [INFO] CoAP server [client-9] listening on 0.0.0.0:5793
15:32:29 [INFO] FLClient client-9 started (mock=True)
15:32:29 [INFO] Registered client client-9  iroh=mock-client-9
15:32:29 [INFO] Round 1 — sending model to 10 clients…
15:32:29 [INFO] [client-0] Round 1 — receiving model…
15:32:29 [INFO] [client-1] Round 1 — receiving model…
15:32:29 [INFO] [client-2] Round 1 — receiving model…
15:32:29 [INFO] [client-3] Round 1 — receiving model…
15:32:29 [INFO] [client-4] Round 1 — receiving model…
15:32:29 [INFO] [client-5] Round 1 — receiving model…
15:32:29 [INFO] [client-6] Round 1 — receiving model…
15:32:29 [INFO] [client-7] Round 1 — receiving model…
15:32:29 [INFO] [client-8] Round 1 — receiving model…
15:32:29 [INFO] [client-9] Round 1 — receiving model…
15:32:29 [INFO] [client-6] Round 1 — training locally…
15:32:29 [INFO] [client-6] Round 1 — sending update…
15:32:29 [INFO] [client-8] Round 1 — training locally…
15:32:29 [INFO] [client-8] Round 1 — sending update…
15:32:29 [INFO] [client-4] Round 1 — training locally…
15:32:29 [INFO] [client-4] Round 1 — sending update…
15:32:29 [INFO] [client-2] Round 1 — training locally…
15:32:29 [INFO] [client-2] Round 1 — sending update…
15:32:29 [INFO] [client-0] Round 1 — training locally…
15:32:30 [INFO] [client-0] Round 1 — sending update…
15:32:30 [INFO] [client-5] Round 1 — training locally…
15:32:30 [INFO] [client-5] Round 1 — sending update…
15:32:30 [INFO] [client-1] Round 1 — training locally…
15:32:30 [INFO] [client-1] Round 1 — sending update…
15:32:30 [INFO] [client-9] Round 1 — training locally…
15:32:30 [INFO] [client-9] Round 1 — sending update…
15:32:30 [INFO] [client-6] Round 1 done — loss=1.0890 acc=0.3880  1.1s
15:32:30 [INFO] [client-6] Round 2 — receiving model…
15:32:30 [INFO] [client-8] Round 1 done — loss=1.0922 acc=0.3876  1.1s
15:32:30 [INFO] [client-8] Round 2 — receiving model…
15:32:30 [INFO] [client-4] Round 1 done — loss=1.0912 acc=0.3869  1.1s
15:32:30 [INFO] [client-4] Round 2 — receiving model…
15:32:30 [INFO] [client-2] Round 1 done — loss=1.0907 acc=0.3848  1.2s
15:32:30 [INFO] [client-2] Round 2 — receiving model…
15:32:30 [INFO] [client-0] Round 1 done — loss=1.0905 acc=0.3901  1.2s
15:32:30 [INFO] [client-0] Round 2 — receiving model…
15:32:30 [INFO] [client-5] Round 1 done — loss=1.0884 acc=0.4017  1.2s
15:32:30 [INFO] [client-5] Round 2 — receiving model…
15:32:30 [INFO] [client-1] Round 1 done — loss=1.0902 acc=0.3954  1.3s
15:32:30 [INFO] [client-1] Round 2 — receiving model…
15:32:30 [INFO] Round 1 — waiting for 10 updates…
15:32:30 [INFO] [client-9] Round 1 done — loss=1.0942 acc=0.3859  1.3s
15:32:30 [INFO] [client-9] Round 2 — receiving model…
15:32:30 [INFO] [client-7] Round 1 — training locally…
15:32:30 [INFO] [client-7] Round 1 — sending update…
15:32:30 [INFO] [client-3] Round 1 — training locally…
15:32:30 [INFO] [client-3] Round 1 — sending update…
15:32:30 [INFO] [client-7] Round 1 done — loss=1.0928 acc=0.3775  1.6s
15:32:30 [INFO] [client-7] Round 2 — receiving model…
15:32:30 [INFO] [client-3] Round 1 done — loss=1.0938 acc=0.3789  1.6s
15:32:30 [INFO] [client-3] Round 2 — receiving model…
15:32:31 [INFO] Round 1/50  acc=0.4145  loss=1.0788  1.7s  clients=10
15:32:31 [INFO] Round 2 — sending model to 10 clients…
15:32:31 [INFO] [client-4] Round 2 — training locally…
15:32:31 [INFO] [client-4] Round 2 — sending update…
15:32:31 [INFO] [client-1] Round 2 — training locally…
15:32:31 [INFO] [client-1] Round 2 — sending update…
15:32:31 [INFO] [client-9] Round 2 — training locally…
15:32:31 [INFO] [client-9] Round 2 — sending update…
15:32:31 [INFO] [client-6] Round 2 — training locally…
15:32:31 [INFO] [client-6] Round 2 — sending update…
15:32:31 [INFO] [client-2] Round 2 — training locally…
15:32:31 [INFO] [client-2] Round 2 — sending update…
15:32:31 [INFO] [client-8] Round 2 — training locally…
15:32:31 [INFO] [client-8] Round 2 — sending update…
15:32:31 [INFO] [client-0] Round 2 — training locally…
15:32:31 [INFO] [client-0] Round 2 — sending update…
15:32:31 [INFO] [client-7] Round 2 — training locally…
15:32:32 [INFO] [client-7] Round 2 — sending update…
15:32:32 [INFO] [client-4] Round 2 done — loss=1.0488 acc=0.4596  1.6s
15:32:32 [INFO] [client-4] Round 3 — receiving model…
15:32:32 [INFO] [client-1] Round 2 done — loss=1.0541 acc=0.4582  1.5s
15:32:32 [INFO] [client-1] Round 3 — receiving model…
15:32:32 [INFO] [client-9] Round 2 done — loss=1.0547 acc=0.4442  1.5s
15:32:32 [INFO] [client-9] Round 3 — receiving model…
15:32:32 [INFO] [client-6] Round 2 done — loss=1.0596 acc=0.4379  1.8s
15:32:32 [INFO] [client-6] Round 3 — receiving model…
15:32:32 [INFO] [client-2] Round 2 done — loss=1.0531 acc=0.4579  1.7s
15:32:32 [INFO] [client-2] Round 3 — receiving model…
15:32:32 [INFO] [client-8] Round 2 done — loss=1.0536 acc=0.4522  1.8s
15:32:32 [INFO] [client-8] Round 3 — receiving model…
15:32:32 [INFO] [client-0] Round 2 done — loss=1.0556 acc=0.4586  1.7s
15:32:32 [INFO] [client-0] Round 3 — receiving model…
15:32:32 [INFO] Round 2 — waiting for 10 updates…
15:32:32 [INFO] [client-7] Round 2 done — loss=1.0637 acc=0.4424  1.4s
15:32:32 [INFO] [client-7] Round 3 — receiving model…
15:32:32 [INFO] [client-3] Round 2 — training locally…
15:32:32 [INFO] [client-3] Round 2 — sending update…
15:32:32 [INFO] [client-5] Round 2 — training locally…
15:32:32 [INFO] [client-5] Round 2 — sending update…
15:32:32 [INFO] [client-3] Round 2 done — loss=1.0640 acc=0.4319  1.6s
15:32:32 [INFO] [client-3] Round 3 — receiving model…
15:32:32 [INFO] [client-5] Round 2 done — loss=1.0501 acc=0.4614  2.1s
15:32:32 [INFO] [client-5] Round 3 — receiving model…
15:32:32 [INFO] Round 2/50  acc=0.4878  loss=1.0365  1.7s  clients=10
15:32:32 [INFO] Round 3 — sending model to 10 clients…
15:32:32 [INFO] [client-0] Round 3 — training locally…
15:32:32 [INFO] [client-0] Round 3 — sending update…
15:32:32 [INFO] [client-3] Round 3 — training locally…
15:32:32 [INFO] [client-3] Round 3 — sending update…
15:32:32 [INFO] [client-5] Round 3 — training locally…
15:32:33 [INFO] [client-5] Round 3 — sending update…
15:32:33 [INFO] [client-2] Round 3 — training locally…
15:32:33 [INFO] [client-2] Round 3 — sending update…
15:32:33 [INFO] [client-1] Round 3 — training locally…
15:32:33 [INFO] [client-1] Round 3 — sending update…
15:32:33 [INFO] [client-4] Round 3 — training locally…
15:32:33 [INFO] [client-4] Round 3 — sending update…
15:32:33 [INFO] [client-7] Round 3 — training locally…
15:32:33 [INFO] [client-7] Round 3 — sending update…
15:32:33 [INFO] [client-9] Round 3 — training locally…
15:32:33 [INFO] [client-9] Round 3 — sending update…
15:32:33 [INFO] [client-0] Round 3 done — loss=1.0425 acc=0.4709  1.6s
15:32:33 [INFO] [client-0] Round 4 — receiving model…
15:32:33 [INFO] [client-3] Round 3 done — loss=1.0458 acc=0.4512  1.3s
15:32:33 [INFO] [client-3] Round 4 — receiving model…
15:32:33 [INFO] [client-5] Round 3 done — loss=1.0331 acc=0.4789  1.3s
15:32:33 [INFO] [client-5] Round 4 — receiving model…
15:32:33 [INFO] [client-2] Round 3 done — loss=1.0366 acc=0.4737  1.7s
15:32:33 [INFO] [client-2] Round 4 — receiving model…
15:32:34 [INFO] [client-1] Round 3 done — loss=1.0321 acc=0.4796  1.9s
15:32:34 [INFO] [client-1] Round 4 — receiving model…
15:32:34 [INFO] [client-4] Round 3 done — loss=1.0362 acc=0.4666  1.9s
15:32:34 [INFO] [client-4] Round 4 — receiving model…
15:32:34 [INFO] [client-7] Round 3 done — loss=1.0489 acc=0.4600  1.7s
15:32:34 [INFO] [client-7] Round 4 — receiving model…
15:32:34 [INFO] Round 3 — waiting for 10 updates…
15:32:34 [INFO] [client-9] Round 3 done — loss=1.0460 acc=0.4702  1.9s
15:32:34 [INFO] [client-9] Round 4 — receiving model…
15:32:34 [INFO] [client-6] Round 3 — training locally…
15:32:34 [INFO] [client-6] Round 3 — sending update…
15:32:34 [INFO] [client-8] Round 3 — training locally…
15:32:34 [INFO] [client-8] Round 3 — sending update…
15:32:34 [INFO] [client-6] Round 3 done — loss=1.0459 acc=0.4554  2.2s
15:32:34 [INFO] [client-6] Round 4 — receiving model…
15:32:34 [INFO] [client-8] Round 3 done — loss=1.0354 acc=0.4702  2.2s
15:32:34 [INFO] [client-8] Round 4 — receiving model…
15:32:34 [INFO] Round 3/50  acc=0.4920  loss=1.0372  1.8s  clients=10
15:32:34 [INFO] Round 4 — sending model to 10 clients…
15:32:34 [INFO] [client-6] Round 4 — training locally…
15:32:34 [INFO] [client-6] Round 4 — sending update…
15:32:34 [INFO] [client-2] Round 4 — training locally…
15:32:34 [INFO] [client-2] Round 4 — sending update…
15:32:34 [INFO] [client-7] Round 4 — training locally…
15:32:34 [INFO] [client-7] Round 4 — sending update…
15:32:34 [INFO] [client-3] Round 4 — training locally…
15:32:35 [INFO] [client-3] Round 4 — sending update…
15:32:35 [INFO] [client-5] Round 4 — training locally…
15:32:35 [INFO] [client-5] Round 4 — sending update…
15:32:35 [INFO] [client-1] Round 4 — training locally…
15:32:35 [INFO] [client-1] Round 4 — sending update…
15:32:35 [INFO] [client-0] Round 4 — training locally…
15:32:35 [INFO] [client-0] Round 4 — sending update…
15:32:35 [INFO] [client-4] Round 4 — training locally…
15:32:35 [INFO] [client-4] Round 4 — sending update…
15:32:35 [INFO] [client-6] Round 4 done — loss=1.0375 acc=0.4621  1.2s
15:32:35 [INFO] [client-6] Round 5 — receiving model…
15:32:35 [INFO] [client-2] Round 4 done — loss=1.0353 acc=0.4688  1.6s
15:32:35 [INFO] [client-2] Round 5 — receiving model…
15:32:35 [INFO] [client-7] Round 4 done — loss=1.0452 acc=0.4603  1.6s
15:32:35 [INFO] [client-7] Round 5 — receiving model…
15:32:35 [INFO] [client-3] Round 4 done — loss=1.0458 acc=0.4544  1.7s
15:32:35 [INFO] [client-3] Round 5 — receiving model…
15:32:35 [INFO] [client-5] Round 4 done — loss=1.0356 acc=0.4733  1.7s
15:32:35 [INFO] [client-5] Round 5 — receiving model…
15:32:35 [INFO] [client-1] Round 4 done — loss=1.0323 acc=0.4709  1.7s
15:32:35 [INFO] [client-1] Round 5 — receiving model…
15:32:35 [INFO] [client-0] Round 4 done — loss=1.0355 acc=0.4786  1.9s
15:32:35 [INFO] [client-0] Round 5 — receiving model…
15:32:35 [INFO] Round 4 — waiting for 10 updates…
15:32:35 [INFO] [client-4] Round 4 done — loss=1.0322 acc=0.4814  1.7s
15:32:35 [INFO] [client-4] Round 5 — receiving model…
15:32:35 [INFO] [client-8] Round 4 — training locally…
15:32:35 [INFO] [client-8] Round 4 — sending update…
15:32:35 [INFO] [client-9] Round 4 — training locally…
15:32:36 [INFO] [client-9] Round 4 — sending update…
15:32:36 [INFO] [client-8] Round 4 done — loss=1.0338 acc=0.4691  1.6s
15:32:36 [INFO] [client-8] Round 5 — receiving model…
15:32:36 [INFO] [client-9] Round 4 done — loss=1.0344 acc=0.4677  2.0s
15:32:36 [INFO] [client-9] Round 5 — receiving model…
15:32:36 [INFO] Round 4/50  acc=0.4931  loss=1.0390  1.7s  clients=10
15:32:36 [INFO] Round 5 — sending model to 10 clients…
15:32:36 [INFO] [client-9] Round 5 — training locally…
15:32:36 [INFO] [client-9] Round 5 — sending update…
15:32:36 [INFO] [client-6] Round 5 — training locally…
15:32:36 [INFO] [client-6] Round 5 — sending update…
15:32:36 [INFO] [client-0] Round 5 — training locally…
15:32:36 [INFO] [client-0] Round 5 — sending update…
15:32:36 [INFO] [client-4] Round 5 — training locally…
15:32:36 [INFO] [client-4] Round 5 — sending update…
15:32:36 [INFO] [client-7] Round 5 — training locally…
15:32:36 [INFO] [client-7] Round 5 — sending update…
15:32:36 [INFO] [client-1] Round 5 — training locally…
15:32:36 [INFO] [client-1] Round 5 — sending update…
15:32:36 [INFO] [client-2] Round 5 — training locally…
15:32:37 [INFO] [client-2] Round 5 — sending update…
15:32:37 [INFO] [client-3] Round 5 — training locally…
15:32:37 [INFO] [client-3] Round 5 — sending update…
15:32:37 [INFO] [client-9] Round 5 done — loss=1.0352 acc=0.4733  1.1s
15:32:37 [INFO] [client-9] Round 6 — receiving model…
15:32:37 [INFO] [client-6] Round 5 done — loss=1.0383 acc=0.4666  1.7s
15:32:37 [INFO] [client-6] Round 6 — receiving model…
15:32:37 [INFO] [client-0] Round 5 done — loss=1.0371 acc=0.4719  1.6s
15:32:37 [INFO] [client-0] Round 6 — receiving model…
15:32:37 [INFO] [client-4] Round 5 done — loss=1.0305 acc=0.4856  1.6s
15:32:37 [INFO] [client-4] Round 6 — receiving model…
15:32:37 [INFO] [client-7] Round 5 done — loss=1.0429 acc=0.4631  1.7s
15:32:37 [INFO] [client-7] Round 6 — receiving model…
15:32:37 [INFO] [client-1] Round 5 done — loss=1.0278 acc=0.4838  1.7s
15:32:37 [INFO] [client-1] Round 6 — receiving model…
15:32:37 [INFO] [client-2] Round 5 done — loss=1.0314 acc=0.4733  1.8s
15:32:37 [INFO] [client-2] Round 6 — receiving model…
15:32:37 [INFO] Round 5 — waiting for 10 updates…
15:32:37 [INFO] [client-3] Round 5 done — loss=1.0405 acc=0.4498  1.8s
15:32:37 [INFO] [client-3] Round 6 — receiving model…
15:32:37 [INFO] [client-5] Round 5 — training locally…
15:32:37 [INFO] [client-5] Round 5 — sending update…
15:32:37 [INFO] [client-8] Round 5 — training locally…
15:32:37 [INFO] [client-8] Round 5 — sending update…
15:32:37 [INFO] [client-5] Round 5 done — loss=1.0347 acc=0.4740  2.1s
15:32:37 [INFO] [client-5] Round 6 — receiving model…
15:32:37 [INFO] [client-8] Round 5 done — loss=1.0376 acc=0.4529  1.7s
15:32:37 [INFO] [client-8] Round 6 — receiving model…
15:32:37 [INFO] Round 5/50  acc=0.4971  loss=1.0364  1.7s  clients=10
15:32:37 [INFO] Round 6 — sending model to 10 clients…
15:32:37 [INFO] [client-1] Round 6 — training locally…
15:32:37 [INFO] [client-1] Round 6 — sending update…
15:32:37 [INFO] [client-6] Round 6 — training locally…
15:32:38 [INFO] [client-6] Round 6 — sending update…
15:32:38 [INFO] [client-4] Round 6 — training locally…
15:32:38 [INFO] [client-4] Round 6 — sending update…
15:32:38 [INFO] [client-8] Round 6 — training locally…
15:32:38 [INFO] [client-8] Round 6 — sending update…
15:32:38 [INFO] [client-3] Round 6 — training locally…
15:32:38 [INFO] [client-3] Round 6 — sending update…
15:32:38 [INFO] [client-7] Round 6 — training locally…
15:32:38 [INFO] [client-7] Round 6 — sending update…
15:32:38 [INFO] [client-5] Round 6 — training locally…
15:32:38 [INFO] [client-5] Round 6 — sending update…
15:32:38 [INFO] [client-9] Round 6 — training locally…
15:32:38 [INFO] [client-9] Round 6 — sending update…
15:32:38 [INFO] [client-1] Round 6 done — loss=1.0280 acc=0.4747  1.5s
15:32:38 [INFO] [client-1] Round 7 — receiving model…
15:32:38 [INFO] [client-6] Round 6 done — loss=1.0380 acc=0.4698  1.7s
15:32:38 [INFO] [client-6] Round 7 — receiving model…
15:32:38 [INFO] [client-4] Round 6 done — loss=1.0294 acc=0.4814  1.7s
15:32:38 [INFO] [client-4] Round 7 — receiving model…
15:32:39 [INFO] [client-8] Round 6 done — loss=1.0303 acc=0.4789  1.2s
15:32:39 [INFO] [client-8] Round 7 — receiving model…
15:32:39 [INFO] [client-3] Round 6 done — loss=1.0392 acc=0.4512  1.6s
15:32:39 [INFO] [client-3] Round 7 — receiving model…
15:32:39 [INFO] [client-7] Round 6 done — loss=1.0358 acc=0.4751  1.7s
15:32:39 [INFO] [client-7] Round 7 — receiving model…
15:32:39 [INFO] [client-5] Round 6 done — loss=1.0283 acc=0.4835  1.4s
15:32:39 [INFO] [client-5] Round 7 — receiving model…
15:32:39 [INFO] Round 6 — waiting for 10 updates…
15:32:39 [INFO] [client-9] Round 6 done — loss=1.0381 acc=0.4709  1.9s
15:32:39 [INFO] [client-9] Round 7 — receiving model…
15:32:39 [INFO] [client-0] Round 6 — training locally…
15:32:39 [INFO] [client-0] Round 6 — sending update…
15:32:39 [INFO] [client-2] Round 6 — training locally…
15:32:39 [INFO] [client-2] Round 6 — sending update…
15:32:39 [INFO] [client-0] Round 6 done — loss=1.0259 acc=0.4807  2.1s
15:32:39 [INFO] [client-0] Round 7 — receiving model…
15:32:39 [INFO] [client-2] Round 6 done — loss=1.0319 acc=0.4775  2.1s
15:32:39 [INFO] [client-2] Round 7 — receiving model…
15:32:39 [INFO] Round 6/50  acc=0.5027  loss=1.0255  1.7s  clients=10
15:32:39 [INFO] Round 7 — sending model to 10 clients…
15:32:39 [INFO] [client-6] Round 7 — training locally…
15:32:39 [INFO] [client-6] Round 7 — sending update…
15:32:39 [INFO] [client-1] Round 7 — training locally…
15:32:39 [INFO] [client-1] Round 7 — sending update…
15:32:39 [INFO] [client-3] Round 7 — training locally…
15:32:39 [INFO] [client-3] Round 7 — sending update…
15:32:39 [INFO] [client-9] Round 7 — training locally…
15:32:40 [INFO] [client-9] Round 7 — sending update…
15:32:40 [INFO] [client-2] Round 7 — training locally…
15:32:40 [INFO] [client-2] Round 7 — sending update…
15:32:40 [INFO] [client-4] Round 7 — training locally…
15:32:40 [INFO] [client-4] Round 7 — sending update…
15:32:40 [INFO] [client-8] Round 7 — training locally…
15:32:40 [INFO] [client-8] Round 7 — sending update…
15:32:40 [INFO] [client-5] Round 7 — training locally…
15:32:40 [INFO] [client-5] Round 7 — sending update…
15:32:40 [INFO] [client-6] Round 7 done — loss=1.0345 acc=0.4603  1.7s
15:32:40 [INFO] [client-6] Round 8 — receiving model…
15:32:40 [INFO] [client-1] Round 7 done — loss=1.0215 acc=0.4909  1.7s
15:32:40 [INFO] [client-1] Round 8 — receiving model…
15:32:40 [INFO] [client-3] Round 7 done — loss=1.0370 acc=0.4561  1.6s
15:32:40 [INFO] [client-3] Round 8 — receiving model…
15:32:40 [INFO] [client-9] Round 7 done — loss=1.0344 acc=0.4768  1.6s
15:32:40 [INFO] [client-9] Round 8 — receiving model…
15:32:40 [INFO] [client-2] Round 7 done — loss=1.0327 acc=0.4817  1.3s
15:32:40 [INFO] [client-2] Round 8 — receiving model…
15:32:40 [INFO] [client-4] Round 7 done — loss=1.0267 acc=0.4860  1.8s
15:32:40 [INFO] [client-4] Round 8 — receiving model…
15:32:40 [INFO] [client-8] Round 7 done — loss=1.0341 acc=0.4645  1.8s
15:32:40 [INFO] [client-8] Round 8 — receiving model…
15:32:40 [INFO] Round 7 — waiting for 10 updates…
15:32:40 [INFO] [client-5] Round 7 done — loss=1.0279 acc=0.4881  1.7s
15:32:40 [INFO] [client-5] Round 8 — receiving model…
15:32:40 [INFO] [client-0] Round 7 — training locally…
15:32:40 [INFO] [client-0] Round 7 — sending update…
15:32:40 [INFO] [client-7] Round 7 — training locally…
15:32:41 [INFO] [client-7] Round 7 — sending update…
15:32:41 [INFO] [client-0] Round 7 done — loss=1.0319 acc=0.4831  1.7s
15:32:41 [INFO] [client-0] Round 8 — receiving model…
15:32:41 [INFO] [client-7] Round 7 done — loss=1.0389 acc=0.4677  2.1s
15:32:41 [INFO] [client-7] Round 8 — receiving model…
15:32:41 [INFO] Round 7/50  acc=0.5007  loss=1.0306  1.7s  clients=10
15:32:41 [INFO] Round 8 — sending model to 10 clients…
15:32:41 [INFO] [client-4] Round 8 — training locally…
15:32:41 [INFO] [client-4] Round 8 — sending update…
15:32:41 [INFO] [client-5] Round 8 — training locally…
15:32:41 [INFO] [client-5] Round 8 — sending update…
15:32:41 [INFO] [client-6] Round 8 — training locally…
15:32:41 [INFO] [client-6] Round 8 — sending update…
15:32:41 [INFO] [client-9] Round 8 — training locally…
15:32:41 [INFO] [client-9] Round 8 — sending update…
15:32:41 [INFO] [client-0] Round 8 — training locally…
15:32:41 [INFO] [client-0] Round 8 — sending update…
15:32:41 [INFO] [client-8] Round 8 — training locally…
15:32:42 [INFO] [client-8] Round 8 — sending update…
15:32:42 [INFO] [client-2] Round 8 — training locally…
15:32:42 [INFO] [client-2] Round 8 — sending update…
15:32:42 [INFO] [client-3] Round 8 — training locally…
15:32:42 [INFO] [client-3] Round 8 — sending update…
15:32:42 [INFO] [client-4] Round 8 done — loss=1.0202 acc=0.4923  1.5s
15:32:42 [INFO] [client-4] Round 9 — receiving model…
15:32:42 [INFO] [client-5] Round 8 done — loss=1.0240 acc=0.4835  1.5s
15:32:42 [INFO] [client-5] Round 9 — receiving model…
15:32:42 [INFO] [client-6] Round 8 done — loss=1.0348 acc=0.4761  1.7s
15:32:42 [INFO] [client-6] Round 9 — receiving model…
15:32:42 [INFO] [client-9] Round 8 done — loss=1.0329 acc=0.4621  1.7s
15:32:42 [INFO] [client-9] Round 9 — receiving model…
15:32:42 [INFO] [client-0] Round 8 done — loss=1.0292 acc=0.4877  1.3s
15:32:42 [INFO] [client-0] Round 9 — receiving model…
15:32:42 [INFO] [client-8] Round 8 done — loss=1.0257 acc=0.4691  1.7s
15:32:42 [INFO] [client-8] Round 9 — receiving model…
15:32:42 [INFO] [client-2] Round 8 done — loss=1.0272 acc=0.4877  1.7s
15:32:42 [INFO] [client-2] Round 9 — receiving model…
15:32:42 [INFO] Round 8 — waiting for 10 updates…
15:32:42 [INFO] [client-3] Round 8 done — loss=1.0340 acc=0.4680  1.8s
15:32:42 [INFO] [client-3] Round 9 — receiving model…
15:32:42 [INFO] [client-1] Round 8 — training locally…
15:32:42 [INFO] [client-1] Round 8 — sending update…
15:32:42 [INFO] [client-7] Round 8 — training locally…
15:32:42 [INFO] [client-7] Round 8 — sending update…
15:32:42 [INFO] [client-1] Round 8 done — loss=1.0239 acc=0.4954  2.2s
15:32:42 [INFO] [client-1] Round 9 — receiving model…
15:32:42 [INFO] [client-7] Round 8 done — loss=1.0358 acc=0.4747  1.7s
15:32:42 [INFO] [client-7] Round 9 — receiving model…
15:32:42 [INFO] Round 8/50  acc=0.5007  loss=1.0300  1.7s  clients=10
15:32:42 [INFO] Round 9 — sending model to 10 clients…
15:32:42 [INFO] [client-5] Round 9 — training locally…
15:32:43 [INFO] [client-5] Round 9 — sending update…
15:32:43 [INFO] [client-1] Round 9 — training locally…
15:32:43 [INFO] [client-1] Round 9 — sending update…
15:32:43 [INFO] [client-8] Round 9 — training locally…
15:32:43 [INFO] [client-8] Round 9 — sending update…
15:32:43 [INFO] [client-9] Round 9 — training locally…
15:32:43 [INFO] [client-9] Round 9 — sending update…
15:32:43 [INFO] [client-6] Round 9 — training locally…
15:32:43 [INFO] [client-6] Round 9 — sending update…
15:32:43 [INFO] [client-0] Round 9 — training locally…
15:32:43 [INFO] [client-0] Round 9 — sending update…
15:32:43 [INFO] [client-2] Round 9 — training locally…
15:32:43 [INFO] [client-2] Round 9 — sending update…
15:32:43 [INFO] [client-4] Round 9 — training locally…
15:32:43 [INFO] [client-4] Round 9 — sending update…
15:32:43 [INFO] [client-5] Round 9 done — loss=1.0261 acc=0.4842  1.7s
15:32:43 [INFO] [client-5] Round 10 — receiving model…
15:32:44 [INFO] [client-1] Round 9 done — loss=1.0222 acc=0.4828  1.2s
15:32:44 [INFO] [client-1] Round 10 — receiving model…
15:32:44 [INFO] [client-8] Round 9 done — loss=1.0270 acc=0.4751  1.6s
15:32:44 [INFO] [client-8] Round 10 — receiving model…
15:32:44 [INFO] [client-9] Round 9 done — loss=1.0315 acc=0.4768  1.7s
15:32:44 [INFO] [client-9] Round 10 — receiving model…
15:32:44 [INFO] [client-6] Round 9 done — loss=1.0276 acc=0.4782  1.7s
15:32:44 [INFO] [client-6] Round 10 — receiving model…
15:32:44 [INFO] [client-0] Round 9 done — loss=1.0262 acc=0.4860  1.7s
15:32:44 [INFO] [client-0] Round 10 — receiving model…
15:32:44 [INFO] [client-2] Round 9 done — loss=1.0279 acc=0.4853  1.7s
15:32:44 [INFO] [client-2] Round 10 — receiving model…
15:32:44 [INFO] Round 9 — waiting for 10 updates…
15:32:44 [INFO] [client-4] Round 9 done — loss=1.0263 acc=0.4768  1.9s
15:32:44 [INFO] [client-4] Round 10 — receiving model…
15:32:44 [INFO] [client-7] Round 9 — training locally…
15:32:44 [INFO] [client-7] Round 9 — sending update…
15:32:44 [INFO] [client-3] Round 9 — training locally…
15:32:44 [INFO] [client-3] Round 9 — sending update…
15:32:44 [INFO] [client-7] Round 9 done — loss=1.0335 acc=0.4789  1.6s
15:32:44 [INFO] [client-7] Round 10 — receiving model…
15:32:44 [INFO] [client-3] Round 9 done — loss=1.0332 acc=0.4677  2.0s
15:32:44 [INFO] [client-3] Round 10 — receiving model…
15:32:44 [INFO] Round 9/50  acc=0.5032  loss=1.0266  1.7s  clients=10
15:32:44 [INFO] Round 10 — sending model to 10 clients…
15:32:44 [INFO] [client-4] Round 10 — training locally…
15:32:44 [INFO] [client-4] Round 10 — sending update…
15:32:44 [INFO] [client-6] Round 10 — training locally…
15:32:44 [INFO] [client-6] Round 10 — sending update…
15:32:44 [INFO] [client-7] Round 10 — training locally…
15:32:44 [INFO] [client-7] Round 10 — sending update…
15:32:44 [INFO] [client-2] Round 10 — training locally…
15:32:45 [INFO] [client-2] Round 10 — sending update…
15:32:45 [INFO] [client-9] Round 10 — training locally…
15:32:45 [INFO] [client-9] Round 10 — sending update…
15:32:45 [INFO] [client-3] Round 10 — training locally…
15:32:45 [INFO] [client-3] Round 10 — sending update…
15:32:45 [INFO] [client-5] Round 10 — training locally…
15:32:45 [INFO] [client-5] Round 10 — sending update…
15:32:45 [INFO] [client-0] Round 10 — training locally…
15:32:45 [INFO] [client-0] Round 10 — sending update…
15:32:45 [INFO] [client-4] Round 10 done — loss=1.0183 acc=0.4877  1.6s
15:32:45 [INFO] [client-4] Round 11 — receiving model…
15:32:45 [INFO] [client-6] Round 10 done — loss=1.0282 acc=0.4723  1.7s
15:32:45 [INFO] [client-6] Round 11 — receiving model…
15:32:45 [INFO] [client-7] Round 10 done — loss=1.0330 acc=0.4688  1.3s
15:32:45 [INFO] [client-7] Round 11 — receiving model…
15:32:45 [INFO] [client-2] Round 10 done — loss=1.0241 acc=0.4881  1.7s
15:32:45 [INFO] [client-2] Round 11 — receiving model…
15:32:45 [INFO] [client-9] Round 10 done — loss=1.0314 acc=0.4754  1.8s
15:32:45 [INFO] [client-9] Round 11 — receiving model…
15:32:45 [INFO] [client-3] Round 10 done — loss=1.0304 acc=0.4596  1.4s
15:32:45 [INFO] [client-3] Round 11 — receiving model…
15:32:45 [INFO] [client-5] Round 10 done — loss=1.0214 acc=0.4944  2.0s
15:32:45 [INFO] [client-5] Round 11 — receiving model…
15:32:45 [INFO] Round 10 — waiting for 10 updates…
15:32:45 [INFO] [client-0] Round 10 done — loss=1.0279 acc=0.4870  1.8s
15:32:45 [INFO] [client-0] Round 11 — receiving model…
15:32:45 [INFO] [client-1] Round 10 — training locally…
15:32:46 [INFO] [client-1] Round 10 — sending update…
15:32:46 [INFO] [client-8] Round 10 — training locally…
15:32:46 [INFO] [client-8] Round 10 — sending update…
15:32:46 [INFO] [client-1] Round 10 done — loss=1.0238 acc=0.4838  2.2s
15:32:46 [INFO] [client-1] Round 11 — receiving model…
15:32:46 [INFO] [client-8] Round 10 done — loss=1.0303 acc=0.4761  2.3s
15:32:46 [INFO] [client-8] Round 11 — receiving model…
15:32:46 [INFO] Round 10/50  acc=0.5032  loss=1.0315  1.8s  clients=10
15:32:46 [INFO] Round 11 — sending model to 10 clients…
15:32:46 [INFO] [client-1] Round 11 — training locally…
15:32:46 [INFO] [client-1] Round 11 — sending update…
15:32:46 [INFO] [client-0] Round 11 — training locally…
15:32:46 [INFO] [client-0] Round 11 — sending update…
15:32:46 [INFO] [client-3] Round 11 — training locally…
15:32:46 [INFO] [client-3] Round 11 — sending update…
15:32:46 [INFO] [client-5] Round 11 — training locally…
15:32:46 [INFO] [client-5] Round 11 — sending update…
15:32:46 [INFO] [client-2] Round 11 — training locally…
15:32:47 [INFO] [client-2] Round 11 — sending update…
15:32:47 [INFO] [client-6] Round 11 — training locally…
15:32:47 [INFO] [client-6] Round 11 — sending update…
15:32:47 [INFO] [client-7] Round 11 — training locally…
15:32:47 [INFO] [client-7] Round 11 — sending update…
15:32:47 [INFO] [client-9] Round 11 — training locally…
15:32:47 [INFO] [client-9] Round 11 — sending update…
15:32:47 [INFO] [client-1] Round 11 done — loss=1.0212 acc=0.4810  1.2s
15:32:47 [INFO] [client-1] Round 12 — receiving model…
15:32:47 [INFO] [client-0] Round 11 done — loss=1.0267 acc=0.4898  1.5s
15:32:47 [INFO] [client-0] Round 12 — receiving model…
15:32:47 [INFO] [client-3] Round 11 done — loss=1.0325 acc=0.4638  1.6s
15:32:47 [INFO] [client-3] Round 12 — receiving model…
15:32:47 [INFO] [client-5] Round 11 done — loss=1.0243 acc=0.4874  1.6s
15:32:47 [INFO] [client-5] Round 12 — receiving model…
15:32:47 [INFO] [client-2] Round 11 done — loss=1.0243 acc=0.4884  1.7s
15:32:47 [INFO] [client-2] Round 12 — receiving model…
15:32:47 [INFO] [client-6] Round 11 done — loss=1.0273 acc=0.4779  1.8s
15:32:47 [INFO] [client-6] Round 12 — receiving model…
15:32:47 [INFO] [client-7] Round 11 done — loss=1.0293 acc=0.4800  1.8s
15:32:47 [INFO] [client-7] Round 12 — receiving model…
15:32:47 [INFO] Round 11 — waiting for 10 updates…
15:32:47 [INFO] [client-9] Round 11 done — loss=1.0307 acc=0.4723  1.8s
15:32:47 [INFO] [client-9] Round 12 — receiving model…
15:32:47 [INFO] [client-4] Round 11 — training locally…
15:32:47 [INFO] [client-4] Round 11 — sending update…
15:32:47 [INFO] [client-8] Round 11 — training locally…
15:32:47 [INFO] [client-8] Round 11 — sending update…
15:32:47 [INFO] [client-4] Round 11 done — loss=1.0269 acc=0.4821  2.2s
15:32:47 [INFO] [client-4] Round 12 — receiving model…
15:32:48 [INFO] [client-8] Round 11 done — loss=1.0286 acc=0.4730  1.7s
15:32:48 [INFO] [client-8] Round 12 — receiving model…
15:32:48 [INFO] Round 11/50  acc=0.5032  loss=1.0287  1.7s  clients=10
15:32:48 [INFO] Round 12 — sending model to 10 clients…
15:32:48 [INFO] [client-3] Round 12 — training locally…
15:32:48 [INFO] [client-3] Round 12 — sending update…
15:32:48 [INFO] [client-9] Round 12 — training locally…
15:32:48 [INFO] [client-9] Round 12 — sending update…
15:32:48 [INFO] [client-1] Round 12 — training locally…
15:32:48 [INFO] [client-1] Round 12 — sending update…
15:32:48 [INFO] [client-2] Round 12 — training locally…
15:32:48 [INFO] [client-2] Round 12 — sending update…
15:32:48 [INFO] [client-4] Round 12 — training locally…
15:32:48 [INFO] [client-4] Round 12 — sending update…
15:32:48 [INFO] [client-8] Round 12 — training locally…
15:32:48 [INFO] [client-8] Round 12 — sending update…
15:32:48 [INFO] [client-7] Round 12 — training locally…
15:32:48 [INFO] [client-7] Round 12 — sending update…
15:32:48 [INFO] [client-5] Round 12 — training locally…
15:32:49 [INFO] [client-5] Round 12 — sending update…
15:32:49 [INFO] [client-3] Round 12 done — loss=1.0298 acc=0.4684  1.6s
15:32:49 [INFO] [client-3] Round 13 — receiving model…
15:32:49 [INFO] [client-9] Round 12 done — loss=1.0363 acc=0.4614  1.5s
15:32:49 [INFO] [client-9] Round 13 — receiving model…
15:32:49 [INFO] [client-1] Round 12 done — loss=1.0224 acc=0.4856  1.7s
15:32:49 [INFO] [client-1] Round 13 — receiving model…
15:32:49 [INFO] [client-2] Round 12 done — loss=1.0259 acc=0.4898  1.6s
15:32:49 [INFO] [client-2] Round 13 — receiving model…
15:32:49 [INFO] [client-4] Round 12 done — loss=1.0159 acc=0.4982  1.3s
15:32:49 [INFO] [client-4] Round 13 — receiving model…
15:32:49 [INFO] [client-8] Round 12 done — loss=1.0253 acc=0.4695  1.3s
15:32:49 [INFO] [client-8] Round 13 — receiving model…
15:32:49 [INFO] [client-7] Round 12 done — loss=1.0285 acc=0.4761  1.7s
15:32:49 [INFO] [client-7] Round 13 — receiving model…
15:32:49 [INFO] Round 12 — waiting for 10 updates…
15:32:49 [INFO] [client-5] Round 12 done — loss=1.0209 acc=0.4916  1.8s
15:32:49 [INFO] [client-5] Round 13 — receiving model…
15:32:49 [INFO] [client-6] Round 12 — training locally…
15:32:49 [INFO] [client-6] Round 12 — sending update…
15:32:49 [INFO] [client-0] Round 12 — training locally…
15:32:49 [INFO] [client-0] Round 12 — sending update…
15:32:49 [INFO] [client-6] Round 12 done — loss=1.0262 acc=0.4730  2.0s
15:32:49 [INFO] [client-6] Round 13 — receiving model…
15:32:49 [INFO] [client-0] Round 12 done — loss=1.0210 acc=0.4863  2.2s
15:32:49 [INFO] [client-0] Round 13 — receiving model…
15:32:49 [INFO] Round 12/50  acc=0.5029  loss=1.0293  1.7s  clients=10
15:32:49 [INFO] Round 13 — sending model to 10 clients…
15:32:49 [INFO] [client-9] Round 13 — training locally…
15:32:49 [INFO] [client-9] Round 13 — sending update…
15:32:49 [INFO] [client-7] Round 13 — training locally…
15:32:49 [INFO] [client-7] Round 13 — sending update…
15:32:49 [INFO] [client-5] Round 13 — training locally…
15:32:50 [INFO] [client-5] Round 13 — sending update…
15:32:50 [INFO] [client-0] Round 13 — training locally…
15:32:50 [INFO] [client-0] Round 13 — sending update…
15:32:50 [INFO] [client-6] Round 13 — training locally…
15:32:50 [INFO] [client-6] Round 13 — sending update…
15:32:50 [INFO] [client-2] Round 13 — training locally…
15:32:50 [INFO] [client-2] Round 13 — sending update…
15:32:50 [INFO] [client-1] Round 13 — training locally…
15:32:50 [INFO] [client-1] Round 13 — sending update…
15:32:50 [INFO] [client-8] Round 13 — training locally…
15:32:50 [INFO] [client-8] Round 13 — sending update…
15:32:50 [INFO] [client-9] Round 13 done — loss=1.0307 acc=0.4726  1.7s
15:32:50 [INFO] [client-9] Round 14 — receiving model…
15:32:50 [INFO] [client-7] Round 13 done — loss=1.0322 acc=0.4666  1.5s
15:32:50 [INFO] [client-7] Round 14 — receiving model…
15:32:50 [INFO] [client-5] Round 13 done — loss=1.0246 acc=0.4793  1.5s
15:32:50 [INFO] [client-5] Round 14 — receiving model…
15:32:50 [INFO] [client-0] Round 13 done — loss=1.0213 acc=0.4895  1.2s
15:32:50 [INFO] [client-0] Round 14 — receiving model…
15:32:50 [INFO] [client-6] Round 13 done — loss=1.0244 acc=0.4803  1.3s
15:32:50 [INFO] [client-6] Round 14 — receiving model…
15:32:50 [INFO] [client-2] Round 13 done — loss=1.0242 acc=0.4860  1.7s
15:32:50 [INFO] [client-2] Round 14 — receiving model…
15:32:50 [INFO] [client-1] Round 13 done — loss=1.0164 acc=0.4968  1.8s
15:32:50 [INFO] [client-1] Round 14 — receiving model…
15:32:50 [INFO] Round 13 — waiting for 10 updates…
15:32:51 [INFO] [client-8] Round 13 done — loss=1.0266 acc=0.4744  1.7s
15:32:51 [INFO] [client-8] Round 14 — receiving model…
15:32:51 [INFO] [client-4] Round 13 — training locally…
15:32:51 [INFO] [client-4] Round 13 — sending update…
15:32:51 [INFO] [client-3] Round 13 — training locally…
15:32:51 [INFO] [client-3] Round 13 — sending update…
15:32:51 [INFO] [client-4] Round 13 done — loss=1.0238 acc=0.4909  2.1s
15:32:51 [INFO] [client-4] Round 14 — receiving model…
15:32:51 [INFO] [client-3] Round 13 done — loss=1.0314 acc=0.4635  2.2s
15:32:51 [INFO] [client-3] Round 14 — receiving model…
15:32:51 [INFO] Round 13/50  acc=0.5046  loss=1.0293  1.7s  clients=10
15:32:51 [INFO] Round 14 — sending model to 10 clients…
15:32:51 [INFO] [client-0] Round 14 — training locally…
15:32:51 [INFO] [client-0] Round 14 — sending update…
15:32:51 [INFO] [client-9] Round 14 — training locally…
15:32:51 [INFO] [client-9] Round 14 — sending update…
15:32:51 [INFO] [client-2] Round 14 — training locally…
15:32:51 [INFO] [client-2] Round 14 — sending update…
15:32:51 [INFO] [client-4] Round 14 — training locally…
15:32:51 [INFO] [client-4] Round 14 — sending update…
15:32:51 [INFO] [client-7] Round 14 — training locally…
15:32:52 [INFO] [client-7] Round 14 — sending update…
15:32:52 [INFO] [client-3] Round 14 — training locally…
15:32:52 [INFO] [client-3] Round 14 — sending update…
15:32:52 [INFO] [client-6] Round 14 — training locally…
15:32:52 [INFO] [client-6] Round 14 — sending update…
15:32:52 [INFO] [client-5] Round 14 — training locally…
15:32:52 [INFO] [client-5] Round 14 — sending update…
15:32:52 [INFO] [client-0] Round 14 done — loss=1.0271 acc=0.4867  1.6s
15:32:52 [INFO] [client-0] Round 15 — receiving model…
15:32:52 [INFO] [client-9] Round 14 done — loss=1.0294 acc=0.4733  1.7s
15:32:52 [INFO] [client-9] Round 15 — receiving model…
15:32:52 [INFO] [client-2] Round 14 done — loss=1.0231 acc=0.4870  1.6s
15:32:52 [INFO] [client-2] Round 15 — receiving model…
15:32:52 [INFO] [client-4] Round 14 done — loss=1.0231 acc=0.4881  1.3s
15:32:52 [INFO] [client-4] Round 15 — receiving model…
15:32:52 [INFO] [client-7] Round 14 done — loss=1.0334 acc=0.4824  1.8s
15:32:52 [INFO] [client-7] Round 15 — receiving model…
15:32:52 [INFO] [client-3] Round 14 done — loss=1.0314 acc=0.4656  1.3s
15:32:52 [INFO] [client-3] Round 15 — receiving model…
15:32:52 [INFO] [client-6] Round 14 done — loss=1.0269 acc=0.4846  1.7s
15:32:52 [INFO] [client-6] Round 15 — receiving model…
15:32:52 [INFO] Round 14 — waiting for 10 updates…
15:32:52 [INFO] [client-5] Round 14 done — loss=1.0244 acc=0.4895  1.8s
15:32:52 [INFO] [client-5] Round 15 — receiving model…
15:32:52 [INFO] [client-1] Round 14 — training locally…
15:32:52 [INFO] [client-1] Round 14 — sending update…
15:32:52 [INFO] [client-8] Round 14 — training locally…
15:32:52 [INFO] [client-8] Round 14 — sending update…
15:32:53 [INFO] [client-1] Round 14 done — loss=1.0156 acc=0.4926  2.0s
15:32:53 [INFO] [client-1] Round 15 — receiving model…
15:32:53 [INFO] [client-8] Round 14 done — loss=1.0233 acc=0.4846  2.0s
15:32:53 [INFO] [client-8] Round 15 — receiving model…
15:32:53 [INFO] Round 14/50  acc=0.5035  loss=1.0304  1.7s  clients=10
15:32:53 [INFO] Round 15 — sending model to 10 clients…
15:32:53 [INFO] [client-1] Round 15 — training locally…
15:32:53 [INFO] [client-1] Round 15 — sending update…
15:32:53 [INFO] [client-8] Round 15 — training locally…
15:32:53 [INFO] [client-8] Round 15 — sending update…
15:32:53 [INFO] [client-2] Round 15 — training locally…
15:32:53 [INFO] [client-2] Round 15 — sending update…
15:32:53 [INFO] [client-9] Round 15 — training locally…
15:32:53 [INFO] [client-9] Round 15 — sending update…
15:32:53 [INFO] [client-7] Round 15 — training locally…
15:32:53 [INFO] [client-7] Round 15 — sending update…
15:32:53 [INFO] [client-4] Round 15 — training locally…
15:32:53 [INFO] [client-4] Round 15 — sending update…
15:32:53 [INFO] [client-5] Round 15 — training locally…
15:32:54 [INFO] [client-5] Round 15 — sending update…
15:32:54 [INFO] [client-0] Round 15 — training locally…
15:32:54 [INFO] [client-0] Round 15 — sending update…
15:32:54 [INFO] [client-1] Round 15 done — loss=1.0193 acc=0.4916  1.2s
15:32:54 [INFO] [client-1] Round 16 — receiving model…
15:32:54 [INFO] [client-8] Round 15 done — loss=1.0273 acc=0.4779  1.2s
15:32:54 [INFO] [client-8] Round 16 — receiving model…
15:32:54 [INFO] [client-2] Round 15 done — loss=1.0240 acc=0.4902  1.7s
15:32:54 [INFO] [client-2] Round 16 — receiving model…
15:32:54 [INFO] [client-9] Round 15 done — loss=1.0310 acc=0.4765  1.7s
15:32:54 [INFO] [client-9] Round 16 — receiving model…
15:32:54 [INFO] [client-7] Round 15 done — loss=1.0348 acc=0.4709  1.7s
15:32:54 [INFO] [client-7] Round 16 — receiving model…
15:32:54 [INFO] [client-4] Round 15 done — loss=1.0227 acc=0.4772  1.7s
15:32:54 [INFO] [client-4] Round 16 — receiving model…
15:32:54 [INFO] [client-5] Round 15 done — loss=1.0208 acc=0.4888  1.7s
15:32:54 [INFO] [client-5] Round 16 — receiving model…
15:32:54 [INFO] Round 15 — waiting for 10 updates…
15:32:54 [INFO] [client-0] Round 15 done — loss=1.0266 acc=0.4937  1.9s
15:32:54 [INFO] [client-0] Round 16 — receiving model…
15:32:54 [INFO] [client-3] Round 15 — training locally…
15:32:54 [INFO] [client-3] Round 15 — sending update…
15:32:54 [INFO] [client-6] Round 15 — training locally…
15:32:54 [INFO] [client-6] Round 15 — sending update…
15:32:54 [INFO] [client-3] Round 15 done — loss=1.0301 acc=0.4765  2.0s
15:32:54 [INFO] [client-3] Round 16 — receiving model…
15:32:54 [INFO] [client-6] Round 15 done — loss=1.0286 acc=0.4772  2.1s
15:32:54 [INFO] [client-6] Round 16 — receiving model…
15:32:54 [INFO] Round 15/50  acc=0.4999  loss=1.0319  1.7s  clients=10
15:32:54 [INFO] Round 16 — sending model to 10 clients…
15:32:54 [INFO] [client-6] Round 16 — training locally…
15:32:54 [INFO] [client-6] Round 16 — sending update…
15:32:54 [INFO] [client-9] Round 16 — training locally…
15:32:55 [INFO] [client-9] Round 16 — sending update…
15:32:55 [INFO] [client-3] Round 16 — training locally…
15:32:55 [INFO] [client-3] Round 16 — sending update…
15:32:55 [INFO] [client-0] Round 16 — training locally…
15:32:55 [INFO] [client-0] Round 16 — sending update…
15:32:55 [INFO] [client-4] Round 16 — training locally…
15:32:55 [INFO] [client-4] Round 16 — sending update…
15:32:55 [INFO] [client-5] Round 16 — training locally…
15:32:55 [INFO] [client-5] Round 16 — sending update…
15:32:55 [INFO] [client-8] Round 16 — training locally…
15:32:55 [INFO] [client-8] Round 16 — sending update…
15:32:55 [INFO] [client-7] Round 16 — training locally…
15:32:55 [INFO] [client-7] Round 16 — sending update…
15:32:55 [INFO] [client-6] Round 16 done — loss=1.0293 acc=0.4740  1.1s
15:32:55 [INFO] [client-6] Round 17 — receiving model…
15:32:55 [INFO] [client-9] Round 16 done — loss=1.0328 acc=0.4807  1.6s
15:32:55 [INFO] [client-9] Round 17 — receiving model…
15:32:55 [INFO] [client-3] Round 16 done — loss=1.0352 acc=0.4659  1.2s
15:32:55 [INFO] [client-3] Round 17 — receiving model…
15:32:55 [INFO] [client-0] Round 16 done — loss=1.0237 acc=0.4919  1.6s
15:32:55 [INFO] [client-0] Round 17 — receiving model…
15:32:55 [INFO] [client-4] Round 16 done — loss=1.0198 acc=0.4877  1.7s
15:32:55 [INFO] [client-4] Round 17 — receiving model…
15:32:56 [INFO] [client-5] Round 16 done — loss=1.0208 acc=0.4933  1.7s
15:32:56 [INFO] [client-5] Round 17 — receiving model…
15:32:56 [INFO] [client-8] Round 16 done — loss=1.0318 acc=0.4765  1.8s
15:32:56 [INFO] [client-8] Round 17 — receiving model…
15:32:56 [INFO] Round 16 — waiting for 10 updates…
15:32:56 [INFO] [client-7] Round 16 done — loss=1.0313 acc=0.4803  1.8s
15:32:56 [INFO] [client-7] Round 17 — receiving model…
15:32:56 [INFO] [client-1] Round 16 — training locally…
15:32:56 [INFO] [client-1] Round 16 — sending update…
15:32:56 [INFO] [client-2] Round 16 — training locally…
15:32:56 [INFO] [client-2] Round 16 — sending update…
15:32:56 [INFO] [client-1] Round 16 done — loss=1.0173 acc=0.4940  2.2s
15:32:56 [INFO] [client-1] Round 17 — receiving model…
15:32:56 [INFO] [client-2] Round 16 done — loss=1.0216 acc=0.4965  2.2s
15:32:56 [INFO] [client-2] Round 17 — receiving model…
15:32:56 [INFO] Round 16/50  acc=0.5041  loss=1.0286  1.7s  clients=10
15:32:56 [INFO] Round 17 — sending model to 10 clients…
15:32:56 [INFO] [client-8] Round 17 — training locally…
15:32:56 [INFO] [client-8] Round 17 — sending update…
15:32:56 [INFO] [client-6] Round 17 — training locally…
15:32:56 [INFO] [client-6] Round 17 — sending update…
15:32:56 [INFO] [client-7] Round 17 — training locally…
15:32:56 [INFO] [client-7] Round 17 — sending update…
15:32:56 [INFO] [client-1] Round 17 — training locally…
15:32:56 [INFO] [client-1] Round 17 — sending update…
15:32:56 [INFO] [client-3] Round 17 — training locally…
15:32:57 [INFO] [client-3] Round 17 — sending update…
15:32:57 [INFO] [client-5] Round 17 — training locally…
15:32:57 [INFO] [client-5] Round 17 — sending update…
15:32:57 [INFO] [client-9] Round 17 — training locally…
15:32:57 [INFO] [client-9] Round 17 — sending update…
15:32:57 [INFO] [client-0] Round 17 — training locally…
15:32:57 [INFO] [client-0] Round 17 — sending update…
15:32:57 [INFO] [client-8] Round 17 done — loss=1.0253 acc=0.4698  1.6s
15:32:57 [INFO] [client-8] Round 18 — receiving model…
15:32:57 [INFO] [client-6] Round 17 done — loss=1.0264 acc=0.4860  1.8s
15:32:57 [INFO] [client-6] Round 18 — receiving model…
15:32:57 [INFO] [client-7] Round 17 done — loss=1.0362 acc=0.4733  1.6s
15:32:57 [INFO] [client-7] Round 18 — receiving model…
15:32:57 [INFO] [client-1] Round 17 done — loss=1.0116 acc=0.5025  1.4s
15:32:57 [INFO] [client-1] Round 18 — receiving model…
15:32:57 [INFO] [client-3] Round 17 done — loss=1.0267 acc=0.4796  1.8s
15:32:57 [INFO] [client-3] Round 18 — receiving model…
15:32:57 [INFO] [client-5] Round 17 done — loss=1.0201 acc=0.4940  1.8s
15:32:57 [INFO] [client-5] Round 18 — receiving model…
15:32:57 [INFO] [client-9] Round 17 done — loss=1.0303 acc=0.4740  1.9s
15:32:57 [INFO] [client-9] Round 18 — receiving model…
15:32:57 [INFO] Round 17 — waiting for 10 updates…
15:32:57 [INFO] [client-0] Round 17 done — loss=1.0218 acc=0.4975  1.9s
15:32:57 [INFO] [client-0] Round 18 — receiving model…
15:32:57 [INFO] [client-4] Round 17 — training locally…
15:32:57 [INFO] [client-4] Round 17 — sending update…
15:32:57 [INFO] [client-2] Round 17 — training locally…
15:32:58 [INFO] [client-2] Round 17 — sending update…
15:32:58 [INFO] [client-4] Round 17 done — loss=1.0170 acc=0.4944  2.2s
15:32:58 [INFO] [client-4] Round 18 — receiving model…
15:32:58 [INFO] [client-2] Round 17 done — loss=1.0216 acc=0.5018  1.8s
15:32:58 [INFO] [client-2] Round 18 — receiving model…
15:32:58 [INFO] Round 17/50  acc=0.5038  loss=1.0281  1.8s  clients=10
15:32:58 [INFO] Round 18 — sending model to 10 clients…
15:32:58 [INFO] [client-4] Round 18 — training locally…
15:32:58 [INFO] [client-4] Round 18 — sending update…
15:32:58 [INFO] [client-6] Round 18 — training locally…
15:32:58 [INFO] [client-6] Round 18 — sending update…
15:32:58 [INFO] [client-5] Round 18 — training locally…
15:32:58 [INFO] [client-5] Round 18 — sending update…
15:32:58 [INFO] [client-8] Round 18 — training locally…
15:32:58 [INFO] [client-8] Round 18 — sending update…
15:32:58 [INFO] [client-0] Round 18 — training locally…
15:32:58 [INFO] [client-0] Round 18 — sending update…
15:32:58 [INFO] [client-7] Round 18 — training locally…
15:32:59 [INFO] [client-7] Round 18 — sending update…
15:32:59 [INFO] [client-9] Round 18 — training locally…
15:32:59 [INFO] [client-9] Round 18 — sending update…
15:32:59 [INFO] [client-3] Round 18 — training locally…
15:32:59 [INFO] [client-3] Round 18 — sending update…
15:32:59 [INFO] [client-4] Round 18 done — loss=1.0258 acc=0.4863  1.2s
15:32:59 [INFO] [client-4] Round 19 — receiving model…
15:32:59 [INFO] [client-6] Round 18 done — loss=1.0283 acc=0.4814  1.7s
15:32:59 [INFO] [client-6] Round 19 — receiving model…
15:32:59 [INFO] [client-5] Round 18 done — loss=1.0182 acc=0.4933  1.6s
15:32:59 [INFO] [client-5] Round 19 — receiving model…
15:32:59 [INFO] [client-8] Round 18 done — loss=1.0315 acc=0.4779  1.8s
15:32:59 [INFO] [client-8] Round 19 — receiving model…
15:32:59 [INFO] [client-0] Round 18 done — loss=1.0236 acc=0.4846  1.6s
15:32:59 [INFO] [client-0] Round 19 — receiving model…
15:32:59 [INFO] [client-7] Round 18 done — loss=1.0328 acc=0.4733  1.8s
15:32:59 [INFO] [client-7] Round 19 — receiving model…
15:32:59 [INFO] [client-9] Round 18 done — loss=1.0290 acc=0.4772  1.7s
15:32:59 [INFO] [client-9] Round 19 — receiving model…
15:32:59 [INFO] Round 18 — waiting for 10 updates…
15:32:59 [INFO] [client-3] Round 18 done — loss=1.0294 acc=0.4645  1.8s
15:32:59 [INFO] [client-3] Round 19 — receiving model…
15:32:59 [INFO] [client-2] Round 18 — training locally…
15:32:59 [INFO] [client-2] Round 18 — sending update…
15:32:59 [INFO] [client-1] Round 18 — training locally…
15:32:59 [INFO] [client-1] Round 18 — sending update…
15:32:59 [INFO] [client-2] Round 18 done — loss=1.0234 acc=0.4870  1.6s
15:32:59 [INFO] [client-2] Round 19 — receiving model…
15:32:59 [INFO] [client-1] Round 18 done — loss=1.0150 acc=0.5000  2.1s
15:32:59 [INFO] [client-1] Round 19 — receiving model…
15:32:59 [INFO] Round 18/50  acc=0.5010  loss=1.0277  1.7s  clients=10
15:32:59 [INFO] Round 19 — sending model to 10 clients…
15:32:59 [INFO] [client-6] Round 19 — training locally…
15:33:00 [INFO] [client-6] Round 19 — sending update…
15:33:00 [INFO] [client-1] Round 19 — training locally…
15:33:00 [INFO] [client-1] Round 19 — sending update…
15:33:00 [INFO] [client-7] Round 19 — training locally…
15:33:00 [INFO] [client-7] Round 19 — sending update…
15:33:00 [INFO] [client-5] Round 19 — training locally…
15:33:00 [INFO] [client-5] Round 19 — sending update…
15:33:00 [INFO] [client-9] Round 19 — training locally…
15:33:00 [INFO] [client-9] Round 19 — sending update…
15:33:00 [INFO] [client-0] Round 19 — training locally…
15:33:00 [INFO] [client-0] Round 19 — sending update…
15:33:00 [INFO] [client-3] Round 19 — training locally…
15:33:00 [INFO] [client-3] Round 19 — sending update…
15:33:00 [INFO] [client-2] Round 19 — training locally…
15:33:00 [INFO] [client-2] Round 19 — sending update…
15:33:01 [INFO] [client-6] Round 19 done — loss=1.0265 acc=0.4747  1.7s
15:33:01 [INFO] [client-6] Round 20 — receiving model…
15:33:01 [INFO] [client-1] Round 19 done — loss=1.0177 acc=0.4909  1.2s
15:33:01 [INFO] [client-1] Round 20 — receiving model…
15:33:01 [INFO] [client-7] Round 19 done — loss=1.0315 acc=0.4733  1.6s
15:33:01 [INFO] [client-7] Round 20 — receiving model…
15:33:01 [INFO] [client-5] Round 19 done — loss=1.0212 acc=0.4860  1.7s
15:33:01 [INFO] [client-5] Round 20 — receiving model…
15:33:01 [INFO] [client-9] Round 19 done — loss=1.0294 acc=0.4680  1.6s
15:33:01 [INFO] [client-9] Round 20 — receiving model…
15:33:01 [INFO] [client-0] Round 19 done — loss=1.0238 acc=0.4842  1.7s
15:33:01 [INFO] [client-0] Round 20 — receiving model…
15:33:01 [INFO] [client-3] Round 19 done — loss=1.0333 acc=0.4603  1.7s
15:33:01 [INFO] [client-3] Round 20 — receiving model…
15:33:01 [INFO] Round 19 — waiting for 10 updates…
15:33:01 [INFO] [client-2] Round 19 done — loss=1.0257 acc=0.4884  1.4s
15:33:01 [INFO] [client-2] Round 20 — receiving model…
15:33:01 [INFO] [client-8] Round 19 — training locally…
15:33:01 [INFO] [client-8] Round 19 — sending update…
15:33:01 [INFO] [client-4] Round 19 — training locally…
15:33:01 [INFO] [client-4] Round 19 — sending update…
15:33:01 [INFO] [client-8] Round 19 done — loss=1.0242 acc=0.4828  2.1s
15:33:01 [INFO] [client-8] Round 20 — receiving model…
15:33:01 [INFO] [client-4] Round 19 done — loss=1.0176 acc=0.4979  2.2s
15:33:01 [INFO] [client-4] Round 20 — receiving model…
15:33:01 [INFO] Round 19/50  acc=0.4985  loss=1.0348  1.7s  clients=10
15:33:01 [INFO] Round 20 — sending model to 10 clients…
15:33:01 [INFO] [client-9] Round 20 — training locally…
15:33:01 [INFO] [client-9] Round 20 — sending update…
15:33:01 [INFO] [client-2] Round 20 — training locally…
15:33:01 [INFO] [client-2] Round 20 — sending update…
15:33:01 [INFO] [client-7] Round 20 — training locally…
15:33:02 [INFO] [client-7] Round 20 — sending update…
15:33:02 [INFO] [client-8] Round 20 — training locally…
15:33:02 [INFO] [client-8] Round 20 — sending update…
15:33:02 [INFO] [client-4] Round 20 — training locally…
15:33:02 [INFO] [client-4] Round 20 — sending update…
15:33:02 [INFO] [client-1] Round 20 — training locally…
15:33:02 [INFO] [client-1] Round 20 — sending update…
15:33:02 [INFO] [client-6] Round 20 — training locally…
15:33:02 [INFO] [client-6] Round 20 — sending update…
15:33:02 [INFO] [client-5] Round 20 — training locally…
15:33:02 [INFO] [client-5] Round 20 — sending update…
15:33:02 [INFO] [client-9] Round 20 done — loss=1.0248 acc=0.4800  1.6s
15:33:02 [INFO] [client-9] Round 21 — receiving model…
15:33:02 [INFO] [client-2] Round 20 done — loss=1.0249 acc=0.4846  1.5s
15:33:02 [INFO] [client-2] Round 21 — receiving model…
15:33:02 [INFO] [client-7] Round 20 done — loss=1.0267 acc=0.4758  1.7s
15:33:02 [INFO] [client-7] Round 21 — receiving model…
15:33:02 [INFO] [client-8] Round 20 done — loss=1.0233 acc=0.4831  1.3s
15:33:02 [INFO] [client-8] Round 21 — receiving model…
15:33:02 [INFO] [client-4] Round 20 done — loss=1.0234 acc=0.4817  1.3s
15:33:02 [INFO] [client-4] Round 21 — receiving model…
15:33:02 [INFO] [client-1] Round 20 done — loss=1.0199 acc=0.4877  1.8s
15:33:02 [INFO] [client-1] Round 21 — receiving model…
15:33:02 [INFO] [client-6] Round 20 done — loss=1.0229 acc=0.4831  1.9s
15:33:02 [INFO] [client-6] Round 21 — receiving model…
15:33:02 [INFO] Round 20 — waiting for 10 updates…
15:33:02 [INFO] [client-5] Round 20 done — loss=1.0230 acc=0.4930  1.8s
15:33:02 [INFO] [client-5] Round 21 — receiving model…
15:33:02 [INFO] [client-3] Round 20 — training locally…
15:33:03 [INFO] [client-3] Round 20 — sending update…
15:33:03 [INFO] [client-0] Round 20 — training locally…
15:33:03 [INFO] [client-0] Round 20 — sending update…
15:33:03 [INFO] [client-3] Round 20 done — loss=1.0308 acc=0.4716  2.0s
15:33:03 [INFO] [client-3] Round 21 — receiving model…
15:33:03 [INFO] [client-0] Round 20 done — loss=1.0187 acc=0.4975  2.1s
15:33:03 [INFO] [client-0] Round 21 — receiving model…
15:33:03 [INFO] Round 20/50  acc=0.5035  loss=1.0269  1.7s  clients=10
15:33:03 [INFO] Round 21 — sending model to 10 clients…
15:33:03 [INFO] [client-7] Round 21 — training locally…
15:33:03 [INFO] [client-7] Round 21 — sending update…
15:33:03 [INFO] [client-8] Round 21 — training locally…
15:33:03 [INFO] [client-8] Round 21 — sending update…
15:33:03 [INFO] [client-2] Round 21 — training locally…
15:33:03 [INFO] [client-2] Round 21 — sending update…
15:33:03 [INFO] [client-3] Round 21 — training locally…
15:33:03 [INFO] [client-3] Round 21 — sending update…
15:33:03 [INFO] [client-5] Round 21 — training locally…
15:33:03 [INFO] [client-5] Round 21 — sending update…
15:33:03 [INFO] [client-9] Round 21 — training locally…
15:33:04 [INFO] [client-9] Round 21 — sending update…
15:33:04 [INFO] [client-1] Round 21 — training locally…
15:33:04 [INFO] [client-1] Round 21 — sending update…
15:33:04 [INFO] [client-6] Round 21 — training locally…
15:33:04 [INFO] [client-6] Round 21 — sending update…
15:33:04 [INFO] [client-7] Round 21 done — loss=1.0271 acc=0.4824  1.6s
15:33:04 [INFO] [client-7] Round 22 — receiving model…
15:33:04 [INFO] [client-8] Round 21 done — loss=1.0224 acc=0.4835  1.6s
15:33:04 [INFO] [client-8] Round 22 — receiving model…
15:33:04 [INFO] [client-2] Round 21 done — loss=1.0245 acc=0.4895  1.7s
15:33:04 [INFO] [client-2] Round 22 — receiving model…
15:33:04 [INFO] [client-3] Round 21 done — loss=1.0288 acc=0.4666  1.3s
15:33:04 [INFO] [client-3] Round 22 — receiving model…
15:33:04 [INFO] [client-5] Round 21 done — loss=1.0226 acc=0.4916  1.6s
15:33:04 [INFO] [client-5] Round 22 — receiving model…
15:33:04 [INFO] [client-9] Round 21 done — loss=1.0270 acc=0.4772  1.8s
15:33:04 [INFO] [client-9] Round 22 — receiving model…
15:33:04 [INFO] [client-1] Round 21 done — loss=1.0177 acc=0.4972  1.7s
15:33:04 [INFO] [client-1] Round 22 — receiving model…
15:33:04 [INFO] Round 21 — waiting for 10 updates…
15:33:04 [INFO] [client-6] Round 21 done — loss=1.0238 acc=0.4821  1.7s
15:33:04 [INFO] [client-6] Round 22 — receiving model…
15:33:04 [INFO] [client-0] Round 21 — training locally…
15:33:04 [INFO] [client-0] Round 21 — sending update…
15:33:04 [INFO] [client-4] Round 21 — training locally…
15:33:04 [INFO] [client-4] Round 21 — sending update…
15:33:04 [INFO] [client-0] Round 21 done — loss=1.0201 acc=0.4954  1.6s
15:33:04 [INFO] [client-0] Round 22 — receiving model…
15:33:04 [INFO] [client-4] Round 21 done — loss=1.0209 acc=0.4919  2.1s
15:33:04 [INFO] [client-4] Round 22 — receiving model…
15:33:04 [INFO] Round 21/50  acc=0.5044  loss=1.0273  1.7s  clients=10
15:33:04 [INFO] Round 22 — sending model to 10 clients…
15:33:05 [INFO] [client-2] Round 22 — training locally…
15:33:05 [INFO] [client-2] Round 22 — sending update…
15:33:05 [INFO] [client-4] Round 22 — training locally…
15:33:05 [INFO] [client-4] Round 22 — sending update…
15:33:05 [INFO] [client-6] Round 22 — training locally…
15:33:05 [INFO] [client-6] Round 22 — sending update…
15:33:05 [INFO] [client-1] Round 22 — training locally…
15:33:05 [INFO] [client-1] Round 22 — sending update…
15:33:05 [INFO] [client-0] Round 22 — training locally…
15:33:05 [INFO] [client-0] Round 22 — sending update…
15:33:05 [INFO] [client-8] Round 22 — training locally…
15:33:05 [INFO] [client-8] Round 22 — sending update…
15:33:05 [INFO] [client-7] Round 22 — training locally…
15:33:05 [INFO] [client-7] Round 22 — sending update…
15:33:05 [INFO] [client-3] Round 22 — training locally…
15:33:06 [INFO] [client-3] Round 22 — sending update…
15:33:06 [INFO] [client-2] Round 22 done — loss=1.0180 acc=0.4975  1.6s
15:33:06 [INFO] [client-2] Round 23 — receiving model…
15:33:06 [INFO] [client-4] Round 22 done — loss=1.0161 acc=0.4926  1.2s
15:33:06 [INFO] [client-4] Round 23 — receiving model…
15:33:06 [INFO] [client-6] Round 22 done — loss=1.0243 acc=0.4793  1.5s
15:33:06 [INFO] [client-6] Round 23 — receiving model…
15:33:06 [INFO] [client-1] Round 22 done — loss=1.0158 acc=0.4996  1.6s
15:33:06 [INFO] [client-1] Round 23 — receiving model…
15:33:06 [INFO] [client-0] Round 22 done — loss=1.0256 acc=0.4993  1.3s
15:33:06 [INFO] [client-0] Round 23 — receiving model…
15:33:06 [INFO] [client-8] Round 22 done — loss=1.0234 acc=0.4838  1.8s
15:33:06 [INFO] [client-8] Round 23 — receiving model…
15:33:06 [INFO] [client-7] Round 22 done — loss=1.0268 acc=0.4824  1.9s
15:33:06 [INFO] [client-7] Round 23 — receiving model…
15:33:06 [INFO] Round 22 — waiting for 10 updates…
15:33:06 [INFO] [client-3] Round 22 done — loss=1.0260 acc=0.4726  1.8s
15:33:06 [INFO] [client-3] Round 23 — receiving model…
15:33:06 [INFO] [client-5] Round 22 — training locally…
15:33:06 [INFO] [client-5] Round 22 — sending update…
15:33:06 [INFO] [client-9] Round 22 — training locally…
15:33:06 [INFO] [client-9] Round 22 — sending update…
15:33:06 [INFO] [client-5] Round 22 done — loss=1.0227 acc=0.4937  2.1s
15:33:06 [INFO] [client-5] Round 23 — receiving model…
15:33:06 [INFO] [client-9] Round 22 done — loss=1.0235 acc=0.4803  2.1s
15:33:06 [INFO] [client-9] Round 23 — receiving model…
15:33:06 [INFO] Round 22/50  acc=0.5044  loss=1.0295  1.7s  clients=10
15:33:06 [INFO] Round 23 — sending model to 10 clients…
15:33:06 [INFO] [client-3] Round 23 — training locally…
15:33:06 [INFO] [client-3] Round 23 — sending update…
15:33:06 [INFO] [client-5] Round 23 — training locally…
15:33:06 [INFO] [client-5] Round 23 — sending update…
15:33:06 [INFO] [client-9] Round 23 — training locally…
15:33:07 [INFO] [client-9] Round 23 — sending update…
15:33:07 [INFO] [client-4] Round 23 — training locally…
15:33:07 [INFO] [client-4] Round 23 — sending update…
15:33:07 [INFO] [client-6] Round 23 — training locally…
15:33:07 [INFO] [client-6] Round 23 — sending update…
15:33:07 [INFO] [client-8] Round 23 — training locally…
15:33:07 [INFO] [client-8] Round 23 — sending update…
15:33:07 [INFO] [client-7] Round 23 — training locally…
15:33:07 [INFO] [client-7] Round 23 — sending update…
15:33:07 [INFO] [client-0] Round 23 — training locally…
15:33:07 [INFO] [client-0] Round 23 — sending update…
15:33:07 [INFO] [client-3] Round 23 done — loss=1.0251 acc=0.4758  1.5s
15:33:07 [INFO] [client-3] Round 24 — receiving model…
15:33:07 [INFO] [client-5] Round 23 done — loss=1.0228 acc=0.4975  1.2s
15:33:07 [INFO] [client-5] Round 24 — receiving model…
15:33:07 [INFO] [client-9] Round 23 done — loss=1.0299 acc=0.4807  1.2s
15:33:07 [INFO] [client-9] Round 24 — receiving model…
15:33:07 [INFO] [client-4] Round 23 done — loss=1.0191 acc=0.4919  1.8s
15:33:07 [INFO] [client-4] Round 24 — receiving model…
15:33:07 [INFO] [client-6] Round 23 done — loss=1.0284 acc=0.4821  1.8s
15:33:07 [INFO] [client-6] Round 24 — receiving model…
15:33:07 [INFO] [client-8] Round 23 done — loss=1.0240 acc=0.4786  1.7s
15:33:07 [INFO] [client-8] Round 24 — receiving model…
15:33:07 [INFO] [client-7] Round 23 done — loss=1.0309 acc=0.4712  1.7s
15:33:07 [INFO] [client-7] Round 24 — receiving model…
15:33:07 [INFO] Round 23 — waiting for 10 updates…
15:33:08 [INFO] [client-0] Round 23 done — loss=1.0167 acc=0.4947  1.8s
15:33:08 [INFO] [client-0] Round 24 — receiving model…
15:33:08 [INFO] [client-1] Round 23 — training locally…
15:33:08 [INFO] [client-1] Round 23 — sending update…
15:33:08 [INFO] [client-2] Round 23 — training locally…
15:33:08 [INFO] [client-2] Round 23 — sending update…
15:33:08 [INFO] [client-1] Round 23 done — loss=1.0166 acc=0.4884  2.1s
15:33:08 [INFO] [client-1] Round 24 — receiving model…
15:33:08 [INFO] [client-2] Round 23 done — loss=1.0165 acc=0.5032  2.2s
15:33:08 [INFO] [client-2] Round 24 — receiving model…
15:33:08 [INFO] Round 23/50  acc=0.5027  loss=1.0243  1.7s  clients=10
15:33:08 [INFO] Round 24 — sending model to 10 clients…
15:33:08 [INFO] [client-1] Round 24 — training locally…
15:33:08 [INFO] [client-1] Round 24 — sending update…
15:33:08 [INFO] [client-6] Round 24 — training locally…
15:33:08 [INFO] [client-6] Round 24 — sending update…
15:33:08 [INFO] [client-9] Round 24 — training locally…
15:33:08 [INFO] [client-9] Round 24 — sending update…
15:33:08 [INFO] [client-5] Round 24 — training locally…
15:33:08 [INFO] [client-5] Round 24 — sending update…
15:33:08 [INFO] [client-4] Round 24 — training locally…
15:33:09 [INFO] [client-4] Round 24 — sending update…
15:33:09 [INFO] [client-3] Round 24 — training locally…
15:33:09 [INFO] [client-3] Round 24 — sending update…
15:33:09 [INFO] [client-7] Round 24 — training locally…
15:33:09 [INFO] [client-7] Round 24 — sending update…
15:33:09 [INFO] [client-8] Round 24 — training locally…
15:33:09 [INFO] [client-8] Round 24 — sending update…
15:33:09 [INFO] [client-1] Round 24 done — loss=1.0186 acc=0.4916  1.3s
15:33:09 [INFO] [client-1] Round 25 — receiving model…
15:33:09 [INFO] [client-6] Round 24 done — loss=1.0257 acc=0.4856  1.7s
15:33:09 [INFO] [client-6] Round 25 — receiving model…
15:33:09 [INFO] [client-9] Round 24 done — loss=1.0230 acc=0.4853  1.8s
15:33:09 [INFO] [client-9] Round 25 — receiving model…
15:33:09 [INFO] [client-5] Round 24 done — loss=1.0187 acc=0.4898  1.8s
15:33:09 [INFO] [client-5] Round 25 — receiving model…
15:33:09 [INFO] [client-4] Round 24 done — loss=1.0193 acc=0.4902  1.8s
15:33:09 [INFO] [client-4] Round 25 — receiving model…
15:33:09 [INFO] [client-3] Round 24 done — loss=1.0292 acc=0.4589  1.9s
15:33:09 [INFO] [client-3] Round 25 — receiving model…
15:33:09 [INFO] [client-7] Round 24 done — loss=1.0236 acc=0.4695  1.8s
15:33:09 [INFO] [client-7] Round 25 — receiving model…
15:33:09 [INFO] Round 24 — waiting for 10 updates…
15:33:09 [INFO] [client-8] Round 24 done — loss=1.0229 acc=0.4772  1.8s
15:33:09 [INFO] [client-8] Round 25 — receiving model…
15:33:09 [INFO] [client-0] Round 24 — training locally…
15:33:09 [INFO] [client-0] Round 24 — sending update…
15:33:09 [INFO] [client-2] Round 24 — training locally…
15:33:10 [INFO] [client-2] Round 24 — sending update…
15:33:10 [INFO] [client-0] Round 24 done — loss=1.0211 acc=0.4951  2.1s
15:33:10 [INFO] [client-0] Round 25 — receiving model…
15:33:10 [INFO] [client-2] Round 24 done — loss=1.0245 acc=0.4909  1.8s
15:33:10 [INFO] [client-2] Round 25 — receiving model…
15:33:10 [INFO] Round 24/50  acc=0.5021  loss=1.0248  1.8s  clients=10
15:33:10 [INFO] Round 25 — sending model to 10 clients…
15:33:10 [INFO] [client-8] Round 25 — training locally…
15:33:10 [INFO] [client-8] Round 25 — sending update…
15:33:10 [INFO] [client-6] Round 25 — training locally…
15:33:10 [INFO] [client-6] Round 25 — sending update…
15:33:10 [INFO] [client-9] Round 25 — training locally…
15:33:10 [INFO] [client-9] Round 25 — sending update…
15:33:10 [INFO] [client-0] Round 25 — training locally…
15:33:10 [INFO] [client-0] Round 25 — sending update…
15:33:10 [INFO] [client-7] Round 25 — training locally…
15:33:10 [INFO] [client-7] Round 25 — sending update…
15:33:10 [INFO] [client-2] Round 25 — training locally…
15:33:10 [INFO] [client-2] Round 25 — sending update…
15:33:10 [INFO] [client-3] Round 25 — training locally…
15:33:11 [INFO] [client-3] Round 25 — sending update…
15:33:11 [INFO] [client-1] Round 25 — training locally…
15:33:11 [INFO] [client-1] Round 25 — sending update…
15:33:11 [INFO] [client-8] Round 25 done — loss=1.0240 acc=0.4824  1.5s
15:33:11 [INFO] [client-8] Round 26 — receiving model…
15:33:11 [INFO] [client-6] Round 25 done — loss=1.0260 acc=0.4849  1.7s
15:33:11 [INFO] [client-6] Round 26 — receiving model…
15:33:11 [INFO] [client-9] Round 25 done — loss=1.0247 acc=0.4821  1.7s
15:33:11 [INFO] [client-9] Round 26 — receiving model…
15:33:11 [INFO] [client-0] Round 25 done — loss=1.0207 acc=0.4853  1.3s
15:33:11 [INFO] [client-0] Round 26 — receiving model…
15:33:11 [INFO] [client-7] Round 25 done — loss=1.0311 acc=0.4723  1.6s
15:33:11 [INFO] [client-7] Round 26 — receiving model…
15:33:11 [INFO] [client-2] Round 25 done — loss=1.0221 acc=0.4947  1.3s
15:33:11 [INFO] [client-2] Round 26 — receiving model…
15:33:11 [INFO] [client-3] Round 25 done — loss=1.0312 acc=0.4719  1.7s
15:33:11 [INFO] [client-3] Round 26 — receiving model…
15:33:11 [INFO] Round 25 — waiting for 10 updates…
15:33:11 [INFO] [client-1] Round 25 done — loss=1.0163 acc=0.4958  1.9s
15:33:11 [INFO] [client-1] Round 26 — receiving model…
15:33:11 [INFO] [client-4] Round 25 — training locally…
15:33:11 [INFO] [client-4] Round 25 — sending update…
15:33:11 [INFO] [client-5] Round 25 — training locally…
15:33:11 [INFO] [client-5] Round 25 — sending update…
15:33:11 [INFO] [client-4] Round 25 done — loss=1.0252 acc=0.4916  2.1s
15:33:11 [INFO] [client-4] Round 26 — receiving model…
15:33:11 [INFO] [client-5] Round 25 done — loss=1.0218 acc=0.4916  2.2s
15:33:11 [INFO] [client-5] Round 26 — receiving model…
15:33:11 [INFO] Round 25/50  acc=0.5052  loss=1.0252  1.7s  clients=10
15:33:11 [INFO] Round 26 — sending model to 10 clients…
15:33:11 [INFO] [client-9] Round 26 — training locally…
15:33:11 [INFO] [client-9] Round 26 — sending update…
15:33:11 [INFO] [client-4] Round 26 — training locally…
15:33:12 [INFO] [client-4] Round 26 — sending update…
15:33:12 [INFO] [client-2] Round 26 — training locally…
15:33:12 [INFO] [client-2] Round 26 — sending update…
15:33:12 [INFO] [client-1] Round 26 — training locally…
15:33:12 [INFO] [client-1] Round 26 — sending update…
15:33:12 [INFO] [client-8] Round 26 — training locally…
15:33:12 [INFO] [client-8] Round 26 — sending update…
15:33:12 [INFO] [client-7] Round 26 — training locally…
15:33:12 [INFO] [client-7] Round 26 — sending update…
15:33:12 [INFO] [client-3] Round 26 — training locally…
15:33:12 [INFO] [client-3] Round 26 — sending update…
15:33:12 [INFO] [client-0] Round 26 — training locally…
15:33:12 [INFO] [client-0] Round 26 — sending update…
15:33:12 [INFO] [client-9] Round 26 done — loss=1.0224 acc=0.4867  1.6s
15:33:12 [INFO] [client-9] Round 27 — receiving model…
15:33:12 [INFO] [client-4] Round 26 done — loss=1.0185 acc=0.4789  1.2s
15:33:12 [INFO] [client-4] Round 27 — receiving model…
15:33:13 [INFO] [client-2] Round 26 done — loss=1.0203 acc=0.5011  1.6s
15:33:13 [INFO] [client-2] Round 27 — receiving model…
15:33:13 [INFO] [client-1] Round 26 done — loss=1.0147 acc=0.4965  1.6s
15:33:13 [INFO] [client-1] Round 27 — receiving model…
15:33:13 [INFO] [client-8] Round 26 done — loss=1.0205 acc=0.4758  1.8s
15:33:13 [INFO] [client-8] Round 27 — receiving model…
15:33:13 [INFO] [client-7] Round 26 done — loss=1.0285 acc=0.4803  1.7s
15:33:13 [INFO] [client-7] Round 27 — receiving model…
15:33:13 [INFO] [client-3] Round 26 done — loss=1.0270 acc=0.4817  1.7s
15:33:13 [INFO] [client-3] Round 27 — receiving model…
15:33:13 [INFO] Round 26 — waiting for 10 updates…
15:33:13 [INFO] [client-0] Round 26 done — loss=1.0263 acc=0.4814  1.8s
15:33:13 [INFO] [client-0] Round 27 — receiving model…
15:33:13 [INFO] [client-6] Round 26 — training locally…
15:33:13 [INFO] [client-6] Round 26 — sending update…
15:33:13 [INFO] [client-5] Round 26 — training locally…
15:33:13 [INFO] [client-5] Round 26 — sending update…
15:33:13 [INFO] [client-6] Round 26 done — loss=1.0235 acc=0.4789  2.2s
15:33:13 [INFO] [client-6] Round 27 — receiving model…
15:33:13 [INFO] [client-5] Round 26 done — loss=1.0228 acc=0.4912  1.7s
15:33:13 [INFO] [client-5] Round 27 — receiving model…
15:33:13 [INFO] Round 26/50  acc=0.5027  loss=1.0308  1.7s  clients=10
15:33:13 [INFO] Round 27 — sending model to 10 clients…
15:33:13 [INFO] [client-8] Round 27 — training locally…
15:33:13 [INFO] [client-8] Round 27 — sending update…
15:33:13 [INFO] [client-5] Round 27 — training locally…
15:33:13 [INFO] [client-5] Round 27 — sending update…
15:33:13 [INFO] [client-9] Round 27 — training locally…
15:33:13 [INFO] [client-9] Round 27 — sending update…
15:33:13 [INFO] [client-1] Round 27 — training locally…
15:33:14 [INFO] [client-1] Round 27 — sending update…
15:33:14 [INFO] [client-7] Round 27 — training locally…
15:33:14 [INFO] [client-7] Round 27 — sending update…
15:33:14 [INFO] [client-0] Round 27 — training locally…
15:33:14 [INFO] [client-0] Round 27 — sending update…
15:33:14 [INFO] [client-2] Round 27 — training locally…
15:33:14 [INFO] [client-2] Round 27 — sending update…
15:33:14 [INFO] [client-6] Round 27 — training locally…
15:33:14 [INFO] [client-6] Round 27 — sending update…
15:33:14 [INFO] [client-8] Round 27 done — loss=1.0220 acc=0.4814  1.6s
15:33:14 [INFO] [client-8] Round 28 — receiving model…
15:33:14 [INFO] [client-5] Round 27 done — loss=1.0183 acc=0.4975  1.2s
15:33:14 [INFO] [client-5] Round 28 — receiving model…
15:33:14 [INFO] [client-9] Round 27 done — loss=1.0262 acc=0.4888  1.7s
15:33:14 [INFO] [client-9] Round 28 — receiving model…
15:33:14 [INFO] [client-1] Round 27 done — loss=1.0138 acc=0.4940  1.7s
15:33:14 [INFO] [client-1] Round 28 — receiving model…
15:33:14 [INFO] [client-7] Round 27 done — loss=1.0320 acc=0.4747  1.7s
15:33:14 [INFO] [client-7] Round 28 — receiving model…
15:33:14 [INFO] [client-0] Round 27 done — loss=1.0136 acc=0.4982  1.6s
15:33:14 [INFO] [client-0] Round 28 — receiving model…
15:33:14 [INFO] [client-2] Round 27 done — loss=1.0250 acc=0.4930  1.8s
15:33:14 [INFO] [client-2] Round 28 — receiving model…
15:33:14 [INFO] Round 27 — waiting for 10 updates…
15:33:14 [INFO] [client-6] Round 27 done — loss=1.0218 acc=0.4912  1.4s
15:33:14 [INFO] [client-6] Round 28 — receiving model…
15:33:14 [INFO] [client-3] Round 27 — training locally…
15:33:14 [INFO] [client-3] Round 27 — sending update…
15:33:14 [INFO] [client-4] Round 27 — training locally…
15:33:15 [INFO] [client-4] Round 27 — sending update…
15:33:15 [INFO] [client-3] Round 27 done — loss=1.0282 acc=0.4719  2.0s
15:33:15 [INFO] [client-3] Round 28 — receiving model…
15:33:15 [INFO] [client-4] Round 27 done — loss=1.0203 acc=0.4905  2.2s
15:33:15 [INFO] [client-4] Round 28 — receiving model…
15:33:15 [INFO] Round 27/50  acc=0.5063  loss=1.0243  1.7s  clients=10
15:33:15 [INFO] Round 28 — sending model to 10 clients…
15:33:15 [INFO] [client-7] Round 28 — training locally…
15:33:15 [INFO] [client-7] Round 28 — sending update…
15:33:15 [INFO] [client-2] Round 28 — training locally…
15:33:15 [INFO] [client-2] Round 28 — sending update…
15:33:15 [INFO] [client-3] Round 28 — training locally…
15:33:15 [INFO] [client-3] Round 28 — sending update…
15:33:15 [INFO] [client-4] Round 28 — training locally…
15:33:15 [INFO] [client-4] Round 28 — sending update…
15:33:15 [INFO] [client-9] Round 28 — training locally…
15:33:15 [INFO] [client-9] Round 28 — sending update…
15:33:15 [INFO] [client-1] Round 28 — training locally…
15:33:16 [INFO] [client-1] Round 28 — sending update…
15:33:16 [INFO] [client-8] Round 28 — training locally…
15:33:16 [INFO] [client-8] Round 28 — sending update…
15:33:16 [INFO] [client-6] Round 28 — training locally…
15:33:16 [INFO] [client-6] Round 28 — sending update…
15:33:16 [INFO] [client-7] Round 28 done — loss=1.0295 acc=0.4810  1.6s
15:33:16 [INFO] [client-7] Round 29 — receiving model…
15:33:16 [INFO] [client-2] Round 28 done — loss=1.0235 acc=0.4902  1.5s
15:33:16 [INFO] [client-2] Round 29 — receiving model…
15:33:16 [INFO] [client-3] Round 28 done — loss=1.0266 acc=0.4688  1.2s
15:33:16 [INFO] [client-3] Round 29 — receiving model…
15:33:16 [INFO] [client-4] Round 28 done — loss=1.0197 acc=0.4972  1.2s
15:33:16 [INFO] [client-4] Round 29 — receiving model…
15:33:16 [INFO] [client-9] Round 28 done — loss=1.0281 acc=0.4740  1.8s
15:33:16 [INFO] [client-9] Round 29 — receiving model…
15:33:16 [INFO] [client-1] Round 28 done — loss=1.0163 acc=0.5077  1.8s
15:33:16 [INFO] [client-1] Round 29 — receiving model…
15:33:16 [INFO] [client-8] Round 28 done — loss=1.0229 acc=0.4846  1.9s
15:33:16 [INFO] [client-8] Round 29 — receiving model…
15:33:16 [INFO] Round 28 — waiting for 10 updates…
15:33:16 [INFO] [client-6] Round 28 done — loss=1.0227 acc=0.4761  1.7s
15:33:16 [INFO] [client-6] Round 29 — receiving model…
15:33:16 [INFO] [client-0] Round 28 — training locally…
15:33:16 [INFO] [client-0] Round 28 — sending update…
15:33:16 [INFO] [client-5] Round 28 — training locally…
15:33:16 [INFO] [client-5] Round 28 — sending update…
15:33:16 [INFO] [client-0] Round 28 done — loss=1.0226 acc=0.4842  2.1s
15:33:16 [INFO] [client-0] Round 29 — receiving model…
15:33:16 [INFO] [client-5] Round 28 done — loss=1.0217 acc=0.4996  2.2s
15:33:16 [INFO] [client-5] Round 29 — receiving model…
15:33:16 [INFO] Round 28/50  acc=0.5032  loss=1.0265  1.7s  clients=10
15:33:16 [INFO] Round 29 — sending model to 10 clients…
15:33:16 [INFO] [client-4] Round 29 — training locally…
15:33:17 [INFO] [client-4] Round 29 — sending update…
15:33:17 [INFO] [client-0] Round 29 — training locally…
15:33:17 [INFO] [client-0] Round 29 — sending update…
15:33:17 [INFO] [client-6] Round 29 — training locally…
15:33:17 [INFO] [client-6] Round 29 — sending update…
15:33:17 [INFO] [client-8] Round 29 — training locally…
15:33:17 [INFO] [client-8] Round 29 — sending update…
15:33:17 [INFO] [client-3] Round 29 — training locally…
15:33:17 [INFO] [client-3] Round 29 — sending update…
15:33:17 [INFO] [client-2] Round 29 — training locally…
15:33:17 [INFO] [client-2] Round 29 — sending update…
15:33:17 [INFO] [client-9] Round 29 — training locally…
15:33:17 [INFO] [client-9] Round 29 — sending update…
15:33:17 [INFO] [client-1] Round 29 — training locally…
15:33:17 [INFO] [client-1] Round 29 — sending update…
15:33:18 [INFO] [client-4] Round 29 done — loss=1.0198 acc=0.4940  1.6s
15:33:18 [INFO] [client-4] Round 30 — receiving model…
15:33:18 [INFO] [client-0] Round 29 done — loss=1.0224 acc=0.4884  1.2s
15:33:18 [INFO] [client-0] Round 30 — receiving model…
15:33:18 [INFO] [client-6] Round 29 done — loss=1.0233 acc=0.4835  1.5s
15:33:18 [INFO] [client-6] Round 30 — receiving model…
15:33:18 [INFO] [client-8] Round 29 done — loss=1.0291 acc=0.4814  1.6s
15:33:18 [INFO] [client-8] Round 30 — receiving model…
15:33:18 [INFO] [client-3] Round 29 done — loss=1.0299 acc=0.4677  1.8s
15:33:18 [INFO] [client-3] Round 30 — receiving model…
15:33:18 [INFO] [client-2] Round 29 done — loss=1.0178 acc=0.5011  1.8s
15:33:18 [INFO] [client-2] Round 30 — receiving model…
15:33:18 [INFO] [client-9] Round 29 done — loss=1.0264 acc=0.4810  1.8s
15:33:18 [INFO] [client-9] Round 30 — receiving model…
15:33:18 [INFO] Round 29 — waiting for 10 updates…
15:33:18 [INFO] [client-1] Round 29 done — loss=1.0129 acc=0.5000  1.8s
15:33:18 [INFO] [client-1] Round 30 — receiving model…
15:33:18 [INFO] [client-5] Round 29 — training locally…
15:33:18 [INFO] [client-5] Round 29 — sending update…
15:33:18 [INFO] [client-7] Round 29 — training locally…
15:33:18 [INFO] [client-7] Round 29 — sending update…
15:33:18 [INFO] [client-5] Round 29 done — loss=1.0217 acc=0.4902  1.6s
15:33:18 [INFO] [client-5] Round 30 — receiving model…
15:33:18 [INFO] [client-7] Round 29 done — loss=1.0273 acc=0.4888  2.2s
15:33:18 [INFO] [client-7] Round 30 — receiving model…
15:33:18 [INFO] Round 29/50  acc=0.5029  loss=1.0332  1.7s  clients=10
15:33:18 [INFO] Round 30 — sending model to 10 clients…
15:33:18 [INFO] [client-3] Round 30 — training locally…
15:33:18 [INFO] [client-3] Round 30 — sending update…
15:33:18 [INFO] [client-2] Round 30 — training locally…
15:33:18 [INFO] [client-2] Round 30 — sending update…
15:33:18 [INFO] [client-7] Round 30 — training locally…
15:33:19 [INFO] [client-7] Round 30 — sending update…
15:33:19 [INFO] [client-1] Round 30 — training locally…
15:33:19 [INFO] [client-1] Round 30 — sending update…
15:33:19 [INFO] [client-4] Round 30 — training locally…
15:33:19 [INFO] [client-4] Round 30 — sending update…
15:33:19 [INFO] [client-0] Round 30 — training locally…
15:33:19 [INFO] [client-0] Round 30 — sending update…
15:33:19 [INFO] [client-5] Round 30 — training locally…
15:33:19 [INFO] [client-5] Round 30 — sending update…
15:33:19 [INFO] [client-9] Round 30 — training locally…
15:33:19 [INFO] [client-9] Round 30 — sending update…
15:33:19 [INFO] [client-3] Round 30 done — loss=1.0343 acc=0.4673  1.6s
15:33:19 [INFO] [client-3] Round 31 — receiving model…
15:33:19 [INFO] [client-2] Round 30 done — loss=1.0185 acc=0.4944  1.6s
15:33:19 [INFO] [client-2] Round 31 — receiving model…
15:33:19 [INFO] [client-7] Round 30 done — loss=1.0285 acc=0.4737  1.2s
15:33:19 [INFO] [client-7] Round 31 — receiving model…
15:33:19 [INFO] [client-1] Round 30 done — loss=1.0155 acc=0.4993  1.6s
15:33:19 [INFO] [client-1] Round 31 — receiving model…
15:33:19 [INFO] [client-4] Round 30 done — loss=1.0200 acc=0.4856  1.8s
15:33:19 [INFO] [client-4] Round 31 — receiving model…
15:33:19 [INFO] [client-0] Round 30 done — loss=1.0218 acc=0.4902  1.8s
15:33:19 [INFO] [client-0] Round 31 — receiving model…
15:33:19 [INFO] [client-5] Round 30 done — loss=1.0197 acc=0.4888  1.4s
15:33:19 [INFO] [client-5] Round 31 — receiving model…
15:33:19 [INFO] Round 30 — waiting for 10 updates…
15:33:19 [INFO] [client-9] Round 30 done — loss=1.0268 acc=0.4775  1.7s
15:33:19 [INFO] [client-9] Round 31 — receiving model…
15:33:19 [INFO] [client-6] Round 30 — training locally…
15:33:20 [INFO] [client-6] Round 30 — sending update…
15:33:20 [INFO] [client-8] Round 30 — training locally…
15:33:20 [INFO] [client-8] Round 30 — sending update…
15:33:20 [INFO] [client-6] Round 30 done — loss=1.0216 acc=0.4846  2.1s
15:33:20 [INFO] [client-6] Round 31 — receiving model…
15:33:20 [INFO] [client-8] Round 30 done — loss=1.0207 acc=0.4849  2.2s
15:33:20 [INFO] [client-8] Round 31 — receiving model…
15:33:20 [INFO] Round 30/50  acc=0.5044  loss=1.0233  1.7s  clients=10
15:33:20 [INFO] Round 31 — sending model to 10 clients…
15:33:20 [INFO] [client-6] Round 31 — training locally…
15:33:20 [INFO] [client-6] Round 31 — sending update…
15:33:20 [INFO] [client-5] Round 31 — training locally…
15:33:20 [INFO] [client-5] Round 31 — sending update…
15:33:20 [INFO] [client-7] Round 31 — training locally…
15:33:20 [INFO] [client-7] Round 31 — sending update…
15:33:20 [INFO] [client-1] Round 31 — training locally…
15:33:20 [INFO] [client-1] Round 31 — sending update…
15:33:20 [INFO] [client-9] Round 31 — training locally…
15:33:20 [INFO] [client-9] Round 31 — sending update…
15:33:20 [INFO] [client-4] Round 31 — training locally…
15:33:21 [INFO] [client-4] Round 31 — sending update…
15:33:21 [INFO] [client-0] Round 31 — training locally…
15:33:21 [INFO] [client-0] Round 31 — sending update…
15:33:21 [INFO] [client-2] Round 31 — training locally…
15:33:21 [INFO] [client-2] Round 31 — sending update…
15:33:21 [INFO] [client-6] Round 31 done — loss=1.0254 acc=0.4719  1.3s
15:33:21 [INFO] [client-6] Round 32 — receiving model…
15:33:21 [INFO] [client-5] Round 31 done — loss=1.0218 acc=0.4905  1.6s
15:33:21 [INFO] [client-5] Round 32 — receiving model…
15:33:21 [INFO] [client-7] Round 31 done — loss=1.0317 acc=0.4698  1.8s
15:33:21 [INFO] [client-7] Round 32 — receiving model…
15:33:21 [INFO] [client-1] Round 31 done — loss=1.0141 acc=0.4986  1.8s
15:33:21 [INFO] [client-1] Round 32 — receiving model…
15:33:21 [INFO] [client-9] Round 31 done — loss=1.0274 acc=0.4856  1.7s
15:33:21 [INFO] [client-9] Round 32 — receiving model…
15:33:21 [INFO] [client-4] Round 31 done — loss=1.0154 acc=0.4937  1.8s
15:33:21 [INFO] [client-4] Round 32 — receiving model…
15:33:21 [INFO] [client-0] Round 31 done — loss=1.0223 acc=0.4912  1.8s
15:33:21 [INFO] [client-0] Round 32 — receiving model…
15:33:21 [INFO] Round 31 — waiting for 10 updates…
15:33:21 [INFO] [client-2] Round 31 done — loss=1.0188 acc=0.4930  2.0s
15:33:21 [INFO] [client-2] Round 32 — receiving model…
15:33:21 [INFO] [client-8] Round 31 — training locally…
15:33:21 [INFO] [client-8] Round 31 — sending update…
15:33:21 [INFO] [client-3] Round 31 — training locally…
15:33:21 [INFO] [client-3] Round 31 — sending update…
15:33:22 [INFO] [client-8] Round 31 done — loss=1.0188 acc=0.4898  1.7s
15:33:22 [INFO] [client-8] Round 32 — receiving model…
15:33:22 [INFO] [client-3] Round 31 done — loss=1.0296 acc=0.4645  2.3s
15:33:22 [INFO] [client-3] Round 32 — receiving model…
15:33:22 [INFO] Round 31/50  acc=0.5029  loss=1.0249  1.8s  clients=10
15:33:22 [INFO] Round 32 — sending model to 10 clients…
15:33:22 [INFO] [client-0] Round 32 — training locally…
15:33:22 [INFO] [client-0] Round 32 — sending update…
15:33:22 [INFO] [client-4] Round 32 — training locally…
15:33:22 [INFO] [client-4] Round 32 — sending update…
15:33:22 [INFO] [client-7] Round 32 — training locally…
15:33:22 [INFO] [client-7] Round 32 — sending update…
15:33:22 [INFO] [client-6] Round 32 — training locally…
15:33:22 [INFO] [client-6] Round 32 — sending update…
15:33:22 [INFO] [client-9] Round 32 — training locally…
15:33:22 [INFO] [client-9] Round 32 — sending update…
15:33:22 [INFO] [client-1] Round 32 — training locally…
15:33:22 [INFO] [client-1] Round 32 — sending update…
15:33:22 [INFO] [client-2] Round 32 — training locally…
15:33:23 [INFO] [client-2] Round 32 — sending update…
15:33:23 [INFO] [client-5] Round 32 — training locally…
15:33:23 [INFO] [client-5] Round 32 — sending update…
15:33:23 [INFO] [client-0] Round 32 done — loss=1.0174 acc=0.4951  1.5s
15:33:23 [INFO] [client-0] Round 33 — receiving model…
15:33:23 [INFO] [client-4] Round 32 done — loss=1.0184 acc=0.4972  1.6s
15:33:23 [INFO] [client-4] Round 33 — receiving model…
15:33:23 [INFO] [client-7] Round 32 done — loss=1.0268 acc=0.4947  1.7s
15:33:23 [INFO] [client-7] Round 33 — receiving model…
15:33:23 [INFO] [client-6] Round 32 done — loss=1.0220 acc=0.4863  1.8s
15:33:23 [INFO] [client-6] Round 33 — receiving model…
15:33:23 [INFO] [client-9] Round 32 done — loss=1.0281 acc=0.4803  1.7s
15:33:23 [INFO] [client-9] Round 33 — receiving model…
15:33:23 [INFO] [client-1] Round 32 done — loss=1.0126 acc=0.5046  1.8s
15:33:23 [INFO] [client-1] Round 33 — receiving model…
15:33:23 [INFO] [client-2] Round 32 done — loss=1.0193 acc=0.4947  1.7s
15:33:23 [INFO] [client-2] Round 33 — receiving model…
15:33:23 [INFO] Round 32 — waiting for 10 updates…
15:33:23 [INFO] [client-5] Round 32 done — loss=1.0135 acc=0.4940  1.9s
15:33:23 [INFO] [client-5] Round 33 — receiving model…
15:33:23 [INFO] [client-8] Round 32 — training locally…
15:33:23 [INFO] [client-8] Round 32 — sending update…
15:33:23 [INFO] [client-3] Round 32 — training locally…
15:33:23 [INFO] [client-3] Round 32 — sending update…
15:33:23 [INFO] [client-8] Round 32 done — loss=1.0227 acc=0.4831  1.7s
15:33:23 [INFO] [client-8] Round 33 — receiving model…
15:33:23 [INFO] [client-3] Round 32 done — loss=1.0268 acc=0.4716  1.7s
15:33:23 [INFO] [client-3] Round 33 — receiving model…
15:33:23 [INFO] Round 32/50  acc=0.5024  loss=1.0270  1.7s  clients=10
15:33:23 [INFO] Round 33 — sending model to 10 clients…
15:33:23 [INFO] [client-4] Round 33 — training locally…
15:33:23 [INFO] [client-4] Round 33 — sending update…
15:33:23 [INFO] [client-3] Round 33 — training locally…
15:33:24 [INFO] [client-3] Round 33 — sending update…
15:33:24 [INFO] [client-1] Round 33 — training locally…
15:33:24 [INFO] [client-1] Round 33 — sending update…
15:33:24 [INFO] [client-2] Round 33 — training locally…
15:33:24 [INFO] [client-2] Round 33 — sending update…
15:33:24 [INFO] [client-5] Round 33 — training locally…
15:33:24 [INFO] [client-5] Round 33 — sending update…
15:33:24 [INFO] [client-6] Round 33 — training locally…
15:33:24 [INFO] [client-6] Round 33 — sending update…
15:33:24 [INFO] [client-7] Round 33 — training locally…
15:33:24 [INFO] [client-7] Round 33 — sending update…
15:33:24 [INFO] [client-0] Round 33 — training locally…
15:33:24 [INFO] [client-0] Round 33 — sending update…
15:33:24 [INFO] [client-4] Round 33 done — loss=1.0199 acc=0.4944  1.7s
15:33:24 [INFO] [client-4] Round 34 — receiving model…
15:33:24 [INFO] [client-3] Round 33 done — loss=1.0331 acc=0.4614  1.2s
15:33:24 [INFO] [client-3] Round 34 — receiving model…
15:33:24 [INFO] [client-1] Round 33 done — loss=1.0218 acc=0.4930  1.6s
15:33:24 [INFO] [client-1] Round 34 — receiving model…
15:33:24 [INFO] [client-2] Round 33 done — loss=1.0207 acc=0.4905  1.6s
15:33:24 [INFO] [client-2] Round 34 — receiving model…
15:33:25 [INFO] [client-5] Round 33 done — loss=1.0148 acc=0.5011  1.6s
15:33:25 [INFO] [client-5] Round 34 — receiving model…
15:33:25 [INFO] [client-6] Round 33 done — loss=1.0241 acc=0.4796  1.8s
15:33:25 [INFO] [client-6] Round 34 — receiving model…
15:33:25 [INFO] [client-7] Round 33 done — loss=1.0207 acc=0.4856  1.8s
15:33:25 [INFO] [client-7] Round 34 — receiving model…
15:33:25 [INFO] Round 33 — waiting for 10 updates…
15:33:25 [INFO] [client-0] Round 33 done — loss=1.0246 acc=0.4863  1.9s
15:33:25 [INFO] [client-0] Round 34 — receiving model…
15:33:25 [INFO] [client-8] Round 33 — training locally…
15:33:25 [INFO] [client-8] Round 33 — sending update…
15:33:25 [INFO] [client-9] Round 33 — training locally…
15:33:25 [INFO] [client-9] Round 33 — sending update…
15:33:25 [INFO] [client-8] Round 33 done — loss=1.0233 acc=0.4754  1.7s
15:33:25 [INFO] [client-8] Round 34 — receiving model…
15:33:25 [INFO] [client-9] Round 33 done — loss=1.0249 acc=0.4793  2.1s
15:33:25 [INFO] [client-9] Round 34 — receiving model…
15:33:25 [INFO] Round 33/50  acc=0.5013  loss=1.0320  1.7s  clients=10
15:33:25 [INFO] Round 34 — sending model to 10 clients…
15:33:25 [INFO] [client-8] Round 34 — training locally…
15:33:25 [INFO] [client-8] Round 34 — sending update…
15:33:25 [INFO] [client-9] Round 34 — training locally…
15:33:25 [INFO] [client-9] Round 34 — sending update…
15:33:25 [INFO] [client-7] Round 34 — training locally…
15:33:25 [INFO] [client-7] Round 34 — sending update…
15:33:25 [INFO] [client-5] Round 34 — training locally…
15:33:26 [INFO] [client-5] Round 34 — sending update…
15:33:26 [INFO] [client-4] Round 34 — training locally…
15:33:26 [INFO] [client-4] Round 34 — sending update…
15:33:26 [INFO] [client-1] Round 34 — training locally…
15:33:26 [INFO] [client-1] Round 34 — sending update…
15:33:26 [INFO] [client-2] Round 34 — training locally…
15:33:26 [INFO] [client-2] Round 34 — sending update…
15:33:26 [INFO] [client-6] Round 34 — training locally…
15:33:26 [INFO] [client-6] Round 34 — sending update…
15:33:26 [INFO] [client-8] Round 34 done — loss=1.0209 acc=0.4768  1.2s
15:33:26 [INFO] [client-8] Round 35 — receiving model…
15:33:26 [INFO] [client-9] Round 34 done — loss=1.0192 acc=0.4838  1.2s
15:33:26 [INFO] [client-9] Round 35 — receiving model…
15:33:26 [INFO] [client-7] Round 34 done — loss=1.0299 acc=0.4842  1.6s
15:33:26 [INFO] [client-7] Round 35 — receiving model…
15:33:26 [INFO] [client-5] Round 34 done — loss=1.0166 acc=0.4937  1.7s
15:33:26 [INFO] [client-5] Round 35 — receiving model…
15:33:26 [INFO] [client-4] Round 34 done — loss=1.0193 acc=0.4975  1.8s
15:33:26 [INFO] [client-4] Round 35 — receiving model…
15:33:26 [INFO] [client-1] Round 34 done — loss=1.0175 acc=0.4884  1.8s
15:33:26 [INFO] [client-1] Round 35 — receiving model…
15:33:26 [INFO] [client-2] Round 34 done — loss=1.0211 acc=0.4926  1.8s
15:33:26 [INFO] [client-2] Round 35 — receiving model…
15:33:26 [INFO] Round 34 — waiting for 10 updates…
15:33:26 [INFO] [client-6] Round 34 done — loss=1.0220 acc=0.4817  1.8s
15:33:26 [INFO] [client-6] Round 35 — receiving model…
15:33:26 [INFO] [client-3] Round 34 — training locally…
15:33:26 [INFO] [client-3] Round 34 — sending update…
15:33:26 [INFO] [client-0] Round 34 — training locally…
15:33:27 [INFO] [client-0] Round 34 — sending update…
15:33:27 [INFO] [client-3] Round 34 done — loss=1.0265 acc=0.4695  2.2s
15:33:27 [INFO] [client-3] Round 35 — receiving model…
15:33:27 [INFO] [client-0] Round 34 done — loss=1.0200 acc=0.4979  2.0s
15:33:27 [INFO] [client-0] Round 35 — receiving model…
15:33:27 [INFO] Round 34/50  acc=0.4999  loss=1.0336  1.7s  clients=10
15:33:27 [INFO] Round 35 — sending model to 10 clients…
15:33:27 [INFO] [client-1] Round 35 — training locally…
15:33:27 [INFO] [client-1] Round 35 — sending update…
15:33:27 [INFO] [client-2] Round 35 — training locally…
15:33:27 [INFO] [client-2] Round 35 — sending update…
15:33:27 [INFO] [client-8] Round 35 — training locally…
15:33:27 [INFO] [client-8] Round 35 — sending update…
15:33:27 [INFO] [client-6] Round 35 — training locally…
15:33:27 [INFO] [client-6] Round 35 — sending update…
15:33:27 [INFO] [client-0] Round 35 — training locally…
15:33:27 [INFO] [client-0] Round 35 — sending update…
15:33:27 [INFO] [client-4] Round 35 — training locally…
15:33:27 [INFO] [client-4] Round 35 — sending update…
15:33:27 [INFO] [client-5] Round 35 — training locally…
15:33:28 [INFO] [client-5] Round 35 — sending update…
15:33:28 [INFO] [client-9] Round 35 — training locally…
15:33:28 [INFO] [client-9] Round 35 — sending update…
15:33:28 [INFO] [client-1] Round 35 done — loss=1.0166 acc=0.4968  1.5s
15:33:28 [INFO] [client-1] Round 36 — receiving model…
15:33:28 [INFO] [client-2] Round 35 done — loss=1.0166 acc=0.4979  1.5s
15:33:28 [INFO] [client-2] Round 36 — receiving model…
15:33:28 [INFO] [client-8] Round 35 done — loss=1.0166 acc=0.4933  1.8s
15:33:28 [INFO] [client-8] Round 36 — receiving model…
15:33:28 [INFO] [client-6] Round 35 done — loss=1.0214 acc=0.4817  1.6s
15:33:28 [INFO] [client-6] Round 36 — receiving model…
15:33:28 [INFO] [client-0] Round 35 done — loss=1.0237 acc=0.4800  1.3s
15:33:28 [INFO] [client-0] Round 36 — receiving model…
15:33:28 [INFO] [client-4] Round 35 done — loss=1.0146 acc=0.4919  1.7s
15:33:28 [INFO] [client-4] Round 36 — receiving model…
15:33:28 [INFO] [client-5] Round 35 done — loss=1.0169 acc=0.4905  1.8s
15:33:28 [INFO] [client-5] Round 36 — receiving model…
15:33:28 [INFO] Round 35 — waiting for 10 updates…
15:33:28 [INFO] [client-9] Round 35 done — loss=1.0269 acc=0.4835  1.9s
15:33:28 [INFO] [client-9] Round 36 — receiving model…
15:33:28 [INFO] [client-7] Round 35 — training locally…
15:33:28 [INFO] [client-7] Round 35 — sending update…
15:33:28 [INFO] [client-3] Round 35 — training locally…
15:33:28 [INFO] [client-3] Round 35 — sending update…
15:33:28 [INFO] [client-7] Round 35 done — loss=1.0244 acc=0.4940  2.1s
15:33:28 [INFO] [client-7] Round 36 — receiving model…
15:33:28 [INFO] [client-3] Round 35 done — loss=1.0289 acc=0.4698  1.7s
15:33:28 [INFO] [client-3] Round 36 — receiving model…
15:33:28 [INFO] Round 35/50  acc=0.5035  loss=1.0290  1.7s  clients=10
15:33:28 [INFO] Round 36 — sending model to 10 clients…
15:33:28 [INFO] [client-0] Round 36 — training locally…
15:33:28 [INFO] [client-0] Round 36 — sending update…
15:33:28 [INFO] [client-8] Round 36 — training locally…
15:33:29 [INFO] [client-8] Round 36 — sending update…
15:33:29 [INFO] [client-4] Round 36 — training locally…
15:33:29 [INFO] [client-4] Round 36 — sending update…
15:33:29 [INFO] [client-9] Round 36 — training locally…
15:33:29 [INFO] [client-9] Round 36 — sending update…
15:33:29 [INFO] [client-6] Round 36 — training locally…
15:33:29 [INFO] [client-6] Round 36 — sending update…
15:33:29 [INFO] [client-5] Round 36 — training locally…
15:33:29 [INFO] [client-5] Round 36 — sending update…
15:33:29 [INFO] [client-7] Round 36 — training locally…
15:33:29 [INFO] [client-7] Round 36 — sending update…
15:33:29 [INFO] [client-1] Round 36 — training locally…
15:33:29 [INFO] [client-1] Round 36 — sending update…
15:33:29 [INFO] [client-0] Round 36 done — loss=1.0210 acc=0.4979  1.6s
15:33:29 [INFO] [client-0] Round 37 — receiving model…
15:33:29 [INFO] [client-8] Round 36 done — loss=1.0240 acc=0.4874  1.7s
15:33:29 [INFO] [client-8] Round 37 — receiving model…
15:33:30 [INFO] [client-4] Round 36 done — loss=1.0142 acc=0.4937  1.6s
15:33:30 [INFO] [client-4] Round 37 — receiving model…
15:33:30 [INFO] [client-9] Round 36 done — loss=1.0241 acc=0.4884  1.6s
15:33:30 [INFO] [client-9] Round 37 — receiving model…
15:33:30 [INFO] [client-6] Round 36 done — loss=1.0244 acc=0.4800  1.7s
15:33:30 [INFO] [client-6] Round 37 — receiving model…
15:33:30 [INFO] [client-5] Round 36 done — loss=1.0223 acc=0.4975  1.7s
15:33:30 [INFO] [client-5] Round 37 — receiving model…
15:33:30 [INFO] [client-7] Round 36 done — loss=1.0244 acc=0.4796  1.4s
15:33:30 [INFO] [client-7] Round 37 — receiving model…
15:33:30 [INFO] Round 36 — waiting for 10 updates…
15:33:30 [INFO] [client-1] Round 36 done — loss=1.0182 acc=0.4874  1.9s
15:33:30 [INFO] [client-1] Round 37 — receiving model…
15:33:30 [INFO] [client-2] Round 36 — training locally…
15:33:30 [INFO] [client-2] Round 36 — sending update…
15:33:30 [INFO] [client-3] Round 36 — training locally…
15:33:30 [INFO] [client-3] Round 36 — sending update…
15:33:30 [INFO] [client-2] Round 36 done — loss=1.0156 acc=0.4954  2.2s
15:33:30 [INFO] [client-2] Round 37 — receiving model…
15:33:30 [INFO] [client-3] Round 36 done — loss=1.0231 acc=0.4789  1.7s
15:33:30 [INFO] [client-3] Round 37 — receiving model…
15:33:30 [INFO] Round 36/50  acc=0.5038  loss=1.0251  1.7s  clients=10
15:33:30 [INFO] Round 37 — sending model to 10 clients…
15:33:30 [INFO] [client-0] Round 37 — training locally…
15:33:30 [INFO] [client-0] Round 37 — sending update…
15:33:30 [INFO] [client-7] Round 37 — training locally…
15:33:30 [INFO] [client-7] Round 37 — sending update…
15:33:30 [INFO] [client-8] Round 37 — training locally…
15:33:30 [INFO] [client-8] Round 37 — sending update…
15:33:30 [INFO] [client-9] Round 37 — training locally…
15:33:31 [INFO] [client-9] Round 37 — sending update…
15:33:31 [INFO] [client-4] Round 37 — training locally…
15:33:31 [INFO] [client-4] Round 37 — sending update…
15:33:31 [INFO] [client-5] Round 37 — training locally…
15:33:31 [INFO] [client-5] Round 37 — sending update…
15:33:31 [INFO] [client-6] Round 37 — training locally…
15:33:31 [INFO] [client-6] Round 37 — sending update…
15:33:31 [INFO] [client-1] Round 37 — training locally…
15:33:31 [INFO] [client-1] Round 37 — sending update…
15:33:31 [INFO] [client-0] Round 37 done — loss=1.0176 acc=0.5060  1.7s
15:33:31 [INFO] [client-0] Round 38 — receiving model…
15:33:31 [INFO] [client-7] Round 37 done — loss=1.0214 acc=0.4838  1.5s
15:33:31 [INFO] [client-7] Round 38 — receiving model…
15:33:31 [INFO] [client-8] Round 37 done — loss=1.0225 acc=0.4860  1.7s
15:33:31 [INFO] [client-8] Round 38 — receiving model…
15:33:31 [INFO] [client-9] Round 37 done — loss=1.0255 acc=0.4821  1.7s
15:33:31 [INFO] [client-9] Round 38 — receiving model…
15:33:31 [INFO] [client-4] Round 37 done — loss=1.0156 acc=0.4961  1.7s
15:33:31 [INFO] [client-4] Round 38 — receiving model…
15:33:31 [INFO] [client-5] Round 37 done — loss=1.0193 acc=0.4954  1.7s
15:33:31 [INFO] [client-5] Round 38 — receiving model…
15:33:31 [INFO] [client-6] Round 37 done — loss=1.0260 acc=0.4758  1.7s
15:33:31 [INFO] [client-6] Round 38 — receiving model…
15:33:31 [INFO] Round 37 — waiting for 10 updates…
15:33:31 [INFO] [client-1] Round 37 done — loss=1.0113 acc=0.4975  1.7s
15:33:31 [INFO] [client-1] Round 38 — receiving model…
15:33:31 [INFO] [client-3] Round 37 — training locally…
15:33:31 [INFO] [client-3] Round 37 — sending update…
15:33:31 [INFO] [client-2] Round 37 — training locally…
15:33:32 [INFO] [client-2] Round 37 — sending update…
15:33:32 [INFO] [client-3] Round 37 done — loss=1.0283 acc=0.4635  1.6s
15:33:32 [INFO] [client-3] Round 38 — receiving model…
15:33:32 [INFO] [client-2] Round 37 done — loss=1.0221 acc=0.4972  1.7s
15:33:32 [INFO] [client-2] Round 38 — receiving model…
15:33:32 [INFO] Round 37/50  acc=0.5021  loss=1.0310  1.7s  clients=10
15:33:32 [INFO] Round 38 — sending model to 10 clients…
15:33:32 [INFO] [client-4] Round 38 — training locally…
15:33:32 [INFO] [client-4] Round 38 — sending update…
15:33:32 [INFO] [client-9] Round 38 — training locally…
15:33:32 [INFO] [client-9] Round 38 — sending update…
15:33:32 [INFO] [client-5] Round 38 — training locally…
15:33:32 [INFO] [client-5] Round 38 — sending update…
15:33:32 [INFO] [client-8] Round 38 — training locally…
15:33:32 [INFO] [client-8] Round 38 — sending update…
15:33:32 [INFO] [client-3] Round 38 — training locally…
15:33:32 [INFO] [client-3] Round 38 — sending update…
15:33:32 [INFO] [client-6] Round 38 — training locally…
15:33:33 [INFO] [client-6] Round 38 — sending update…
15:33:33 [INFO] [client-0] Round 38 — training locally…
15:33:33 [INFO] [client-0] Round 38 — sending update…
15:33:33 [INFO] [client-1] Round 38 — training locally…
15:33:33 [INFO] [client-1] Round 38 — sending update…
15:33:33 [INFO] [client-4] Round 38 done — loss=1.0166 acc=0.4951  1.6s
15:33:33 [INFO] [client-4] Round 39 — receiving model…
15:33:33 [INFO] [client-9] Round 38 done — loss=1.0214 acc=0.4789  1.7s
15:33:33 [INFO] [client-9] Round 39 — receiving model…
15:33:33 [INFO] [client-5] Round 38 done — loss=1.0181 acc=0.4954  1.7s
15:33:33 [INFO] [client-5] Round 39 — receiving model…
15:33:33 [INFO] [client-8] Round 38 done — loss=1.0255 acc=0.4849  1.8s
15:33:33 [INFO] [client-8] Round 39 — receiving model…
15:33:33 [INFO] [client-3] Round 38 done — loss=1.0335 acc=0.4617  1.4s
15:33:33 [INFO] [client-3] Round 39 — receiving model…
15:33:33 [INFO] [client-6] Round 38 done — loss=1.0237 acc=0.4828  1.7s
15:33:33 [INFO] [client-6] Round 39 — receiving model…
15:33:33 [INFO] [client-0] Round 38 done — loss=1.0185 acc=0.4933  2.0s
15:33:33 [INFO] [client-0] Round 39 — receiving model…
15:33:33 [INFO] Round 38 — waiting for 10 updates…
15:33:33 [INFO] [client-1] Round 38 done — loss=1.0117 acc=0.4975  1.8s
15:33:33 [INFO] [client-1] Round 39 — receiving model…
15:33:33 [INFO] [client-7] Round 38 — training locally…
15:33:33 [INFO] [client-7] Round 38 — sending update…
15:33:33 [INFO] [client-2] Round 38 — training locally…
15:33:33 [INFO] [client-2] Round 38 — sending update…
15:33:33 [INFO] [client-7] Round 38 done — loss=1.0256 acc=0.4856  2.2s
15:33:33 [INFO] [client-7] Round 39 — receiving model…
15:33:33 [INFO] [client-2] Round 38 done — loss=1.0131 acc=0.4961  1.8s
15:33:33 [INFO] [client-2] Round 39 — receiving model…
15:33:34 [INFO] Round 38/50  acc=0.5007  loss=1.0231  1.8s  clients=10
15:33:34 [INFO] Round 39 — sending model to 10 clients…
15:33:34 [INFO] [client-9] Round 39 — training locally…
15:33:34 [INFO] [client-9] Round 39 — sending update…
15:33:34 [INFO] [client-3] Round 39 — training locally…
15:33:34 [INFO] [client-3] Round 39 — sending update…
15:33:34 [INFO] [client-2] Round 39 — training locally…
15:33:34 [INFO] [client-2] Round 39 — sending update…
15:33:34 [INFO] [client-8] Round 39 — training locally…
15:33:34 [INFO] [client-8] Round 39 — sending update…
15:33:34 [INFO] [client-7] Round 39 — training locally…
15:33:34 [INFO] [client-7] Round 39 — sending update…
15:33:34 [INFO] [client-0] Round 39 — training locally…
15:33:34 [INFO] [client-0] Round 39 — sending update…
15:33:34 [INFO] [client-1] Round 39 — training locally…
15:33:34 [INFO] [client-1] Round 39 — sending update…
15:33:34 [INFO] [client-4] Round 39 — training locally…
15:33:35 [INFO] [client-4] Round 39 — sending update…
15:33:35 [INFO] [client-9] Round 39 done — loss=1.0235 acc=0.4828  1.7s
15:33:35 [INFO] [client-9] Round 40 — receiving model…
15:33:35 [INFO] [client-3] Round 39 done — loss=1.0255 acc=0.4789  1.6s
15:33:35 [INFO] [client-3] Round 40 — receiving model…
15:33:35 [INFO] [client-2] Round 39 done — loss=1.0206 acc=0.4912  1.2s
15:33:35 [INFO] [client-2] Round 40 — receiving model…
15:33:35 [INFO] [client-8] Round 39 done — loss=1.0179 acc=0.4838  1.7s
15:33:35 [INFO] [client-8] Round 40 — receiving model…
15:33:35 [INFO] [client-7] Round 39 done — loss=1.0264 acc=0.4867  1.3s
15:33:35 [INFO] [client-7] Round 40 — receiving model…
15:33:35 [INFO] [client-0] Round 39 done — loss=1.0191 acc=0.4986  1.7s
15:33:35 [INFO] [client-0] Round 40 — receiving model…
15:33:35 [INFO] [client-1] Round 39 done — loss=1.0154 acc=0.4982  1.7s
15:33:35 [INFO] [client-1] Round 40 — receiving model…
15:33:35 [INFO] Round 39 — waiting for 10 updates…
15:33:35 [INFO] [client-4] Round 39 done — loss=1.0192 acc=0.4828  1.9s
15:33:35 [INFO] [client-4] Round 40 — receiving model…
15:33:35 [INFO] [client-5] Round 39 — training locally…
15:33:35 [INFO] [client-5] Round 39 — sending update…
15:33:35 [INFO] [client-6] Round 39 — training locally…
15:33:35 [INFO] [client-6] Round 39 — sending update…
15:33:35 [INFO] [client-5] Round 39 done — loss=1.0201 acc=0.4905  2.1s
15:33:35 [INFO] [client-5] Round 40 — receiving model…
15:33:35 [INFO] [client-6] Round 39 done — loss=1.0271 acc=0.4765  2.1s
15:33:35 [INFO] [client-6] Round 40 — receiving model…
15:33:35 [INFO] Round 39/50  acc=0.5010  loss=1.0241  1.7s  clients=10
15:33:35 [INFO] Round 40 — sending model to 10 clients…
15:33:35 [INFO] [client-0] Round 40 — training locally…
15:33:35 [INFO] [client-0] Round 40 — sending update…
15:33:35 [INFO] [client-1] Round 40 — training locally…
15:33:35 [INFO] [client-1] Round 40 — sending update…
15:33:35 [INFO] [client-5] Round 40 — training locally…
15:33:36 [INFO] [client-5] Round 40 — sending update…
15:33:36 [INFO] [client-6] Round 40 — training locally…
15:33:36 [INFO] [client-6] Round 40 — sending update…
15:33:36 [INFO] [client-4] Round 40 — training locally…
15:33:36 [INFO] [client-4] Round 40 — sending update…
15:33:36 [INFO] [client-3] Round 40 — training locally…
15:33:36 [INFO] [client-3] Round 40 — sending update…
15:33:36 [INFO] [client-9] Round 40 — training locally…
15:33:36 [INFO] [client-9] Round 40 — sending update…
15:33:36 [INFO] [client-8] Round 40 — training locally…
15:33:36 [INFO] [client-8] Round 40 — sending update…
15:33:36 [INFO] [client-0] Round 40 done — loss=1.0186 acc=0.4838  1.5s
15:33:36 [INFO] [client-0] Round 41 — receiving model…
15:33:36 [INFO] [client-1] Round 40 done — loss=1.0176 acc=0.4951  1.5s
15:33:36 [INFO] [client-1] Round 41 — receiving model…
15:33:36 [INFO] [client-5] Round 40 done — loss=1.0194 acc=0.4961  1.2s
15:33:36 [INFO] [client-5] Round 41 — receiving model…
15:33:36 [INFO] [client-6] Round 40 done — loss=1.0218 acc=0.4793  1.2s
15:33:36 [INFO] [client-6] Round 41 — receiving model…
15:33:36 [INFO] [client-4] Round 40 done — loss=1.0179 acc=0.4919  1.6s
15:33:36 [INFO] [client-4] Round 41 — receiving model…
15:33:36 [INFO] [client-3] Round 40 done — loss=1.0293 acc=0.4733  1.8s
15:33:36 [INFO] [client-3] Round 41 — receiving model…
15:33:36 [INFO] [client-9] Round 40 done — loss=1.0255 acc=0.4772  1.9s
15:33:36 [INFO] [client-9] Round 41 — receiving model…
15:33:36 [INFO] Round 40 — waiting for 10 updates…
15:33:37 [INFO] [client-8] Round 40 done — loss=1.0194 acc=0.4877  1.8s
15:33:37 [INFO] [client-8] Round 41 — receiving model…
15:33:37 [INFO] [client-7] Round 40 — training locally…
15:33:37 [INFO] [client-7] Round 40 — sending update…
15:33:37 [INFO] [client-2] Round 40 — training locally…
15:33:37 [INFO] [client-2] Round 40 — sending update…
15:33:37 [INFO] [client-7] Round 40 done — loss=1.0259 acc=0.4905  2.1s
15:33:37 [INFO] [client-7] Round 41 — receiving model…
15:33:37 [INFO] [client-2] Round 40 done — loss=1.0176 acc=0.5021  2.2s
15:33:37 [INFO] [client-2] Round 41 — receiving model…
15:33:37 [INFO] Round 40/50  acc=0.5018  loss=1.0282  1.7s  clients=10
15:33:37 [INFO] Round 41 — sending model to 10 clients…
15:33:37 [INFO] [client-4] Round 41 — training locally…
15:33:37 [INFO] [client-4] Round 41 — sending update…
15:33:37 [INFO] [client-3] Round 41 — training locally…
15:33:37 [INFO] [client-3] Round 41 — sending update…
15:33:37 [INFO] [client-2] Round 41 — training locally…
15:33:37 [INFO] [client-2] Round 41 — sending update…
15:33:37 [INFO] [client-9] Round 41 — training locally…
15:33:37 [INFO] [client-9] Round 41 — sending update…
15:33:37 [INFO] [client-8] Round 41 — training locally…
15:33:38 [INFO] [client-8] Round 41 — sending update…
15:33:38 [INFO] [client-0] Round 41 — training locally…
15:33:38 [INFO] [client-0] Round 41 — sending update…
15:33:38 [INFO] [client-6] Round 41 — training locally…
15:33:38 [INFO] [client-6] Round 41 — sending update…
15:33:38 [INFO] [client-7] Round 41 — training locally…
15:33:38 [INFO] [client-7] Round 41 — sending update…
15:33:38 [INFO] [client-4] Round 41 done — loss=1.0211 acc=0.4909  1.6s
15:33:38 [INFO] [client-4] Round 42 — receiving model…
15:33:38 [INFO] [client-3] Round 41 done — loss=1.0270 acc=0.4698  1.6s
15:33:38 [INFO] [client-3] Round 42 — receiving model…
15:33:38 [INFO] [client-2] Round 41 done — loss=1.0125 acc=0.4986  1.2s
15:33:38 [INFO] [client-2] Round 42 — receiving model…
15:33:38 [INFO] [client-9] Round 41 done — loss=1.0228 acc=0.4793  1.6s
15:33:38 [INFO] [client-9] Round 42 — receiving model…
15:33:38 [INFO] [client-8] Round 41 done — loss=1.0201 acc=0.4856  1.6s
15:33:38 [INFO] [client-8] Round 42 — receiving model…
15:33:38 [INFO] [client-0] Round 41 done — loss=1.0178 acc=0.4944  1.8s
15:33:38 [INFO] [client-0] Round 42 — receiving model…
15:33:38 [INFO] [client-6] Round 41 done — loss=1.0239 acc=0.4877  1.8s
15:33:38 [INFO] [client-6] Round 42 — receiving model…
15:33:38 [INFO] Round 41 — waiting for 10 updates…
15:33:38 [INFO] [client-7] Round 41 done — loss=1.0215 acc=0.4828  1.4s
15:33:38 [INFO] [client-7] Round 42 — receiving model…
15:33:38 [INFO] [client-5] Round 41 — training locally…
15:33:38 [INFO] [client-5] Round 41 — sending update…
15:33:38 [INFO] [client-1] Round 41 — training locally…
15:33:38 [INFO] [client-1] Round 41 — sending update…
15:33:38 [INFO] [client-5] Round 41 done — loss=1.0162 acc=0.5004  2.1s
15:33:38 [INFO] [client-5] Round 42 — receiving model…
15:33:39 [INFO] [client-1] Round 41 done — loss=1.0179 acc=0.4926  2.2s
15:33:39 [INFO] [client-1] Round 42 — receiving model…
15:33:39 [INFO] Round 41/50  acc=0.4959  loss=1.0269  1.7s  clients=10
15:33:39 [INFO] Round 42 — sending model to 10 clients…
15:33:39 [INFO] [client-7] Round 42 — training locally…
15:33:39 [INFO] [client-7] Round 42 — sending update…
15:33:39 [INFO] [client-2] Round 42 — training locally…
15:33:39 [INFO] [client-2] Round 42 — sending update…
15:33:39 [INFO] [client-6] Round 42 — training locally…
15:33:39 [INFO] [client-6] Round 42 — sending update…
15:33:39 [INFO] [client-9] Round 42 — training locally…
15:33:39 [INFO] [client-9] Round 42 — sending update…
15:33:39 [INFO] [client-0] Round 42 — training locally…
15:33:39 [INFO] [client-0] Round 42 — sending update…
15:33:39 [INFO] [client-5] Round 42 — training locally…
15:33:39 [INFO] [client-5] Round 42 — sending update…
15:33:39 [INFO] [client-3] Round 42 — training locally…
15:33:39 [INFO] [client-3] Round 42 — sending update…
15:33:40 [INFO] [client-4] Round 42 — training locally…
15:33:40 [INFO] [client-4] Round 42 — sending update…
15:33:40 [INFO] [client-7] Round 42 done — loss=1.0276 acc=0.4884  1.5s
15:33:40 [INFO] [client-7] Round 43 — receiving model…
15:33:40 [INFO] [client-2] Round 42 done — loss=1.0187 acc=0.4958  1.7s
15:33:40 [INFO] [client-2] Round 43 — receiving model…
15:33:40 [INFO] [client-6] Round 42 done — loss=1.0206 acc=0.4867  1.6s
15:33:40 [INFO] [client-6] Round 43 — receiving model…
15:33:40 [INFO] [client-9] Round 42 done — loss=1.0243 acc=0.4817  1.7s
15:33:40 [INFO] [client-9] Round 43 — receiving model…
15:33:40 [INFO] [client-0] Round 42 done — loss=1.0206 acc=0.4902  1.7s
15:33:40 [INFO] [client-0] Round 43 — receiving model…
15:33:40 [INFO] [client-5] Round 42 done — loss=1.0143 acc=0.4979  1.3s
15:33:40 [INFO] [client-5] Round 43 — receiving model…
15:33:40 [INFO] [client-3] Round 42 done — loss=1.0319 acc=0.4617  1.8s
15:33:40 [INFO] [client-3] Round 43 — receiving model…
15:33:40 [INFO] Round 42 — waiting for 10 updates…
15:33:40 [INFO] [client-4] Round 42 done — loss=1.0167 acc=0.4958  1.9s
15:33:40 [INFO] [client-4] Round 43 — receiving model…
15:33:40 [INFO] [client-8] Round 42 — training locally…
15:33:40 [INFO] [client-8] Round 42 — sending update…
15:33:40 [INFO] [client-1] Round 42 — training locally…
15:33:40 [INFO] [client-1] Round 42 — sending update…
15:33:40 [INFO] [client-8] Round 42 done — loss=1.0191 acc=0.4807  2.1s
15:33:40 [INFO] [client-8] Round 43 — receiving model…
15:33:40 [INFO] [client-1] Round 42 done — loss=1.0128 acc=0.4986  1.7s
15:33:40 [INFO] [client-1] Round 43 — receiving model…
15:33:40 [INFO] Round 42/50  acc=0.4951  loss=1.0268  1.7s  clients=10
15:33:40 [INFO] Round 43 — sending model to 10 clients…
15:33:40 [INFO] [client-9] Round 43 — training locally…
15:33:40 [INFO] [client-9] Round 43 — sending update…
15:33:40 [INFO] [client-8] Round 43 — training locally…
15:33:41 [INFO] [client-8] Round 43 — sending update…
15:33:41 [INFO] [client-0] Round 43 — training locally…
15:33:41 [INFO] [client-0] Round 43 — sending update…
15:33:41 [INFO] [client-6] Round 43 — training locally…
15:33:41 [INFO] [client-6] Round 43 — sending update…
15:33:41 [INFO] [client-7] Round 43 — training locally…
15:33:41 [INFO] [client-7] Round 43 — sending update…
15:33:41 [INFO] [client-4] Round 43 — training locally…
15:33:41 [INFO] [client-4] Round 43 — sending update…
15:33:41 [INFO] [client-1] Round 43 — training locally…
15:33:41 [INFO] [client-1] Round 43 — sending update…
15:33:41 [INFO] [client-3] Round 43 — training locally…
15:33:41 [INFO] [client-3] Round 43 — sending update…
15:33:41 [INFO] [client-9] Round 43 done — loss=1.0274 acc=0.4863  1.6s
15:33:41 [INFO] [client-9] Round 44 — receiving model…
15:33:41 [INFO] [client-8] Round 43 done — loss=1.0183 acc=0.4905  1.2s
15:33:41 [INFO] [client-8] Round 44 — receiving model…
15:33:41 [INFO] [client-0] Round 43 done — loss=1.0159 acc=0.4989  1.6s
15:33:41 [INFO] [client-0] Round 44 — receiving model…
15:33:41 [INFO] [client-6] Round 43 done — loss=1.0207 acc=0.4793  1.7s
15:33:41 [INFO] [client-6] Round 44 — receiving model…
15:33:41 [INFO] [client-7] Round 43 done — loss=1.0272 acc=0.4775  1.8s
15:33:41 [INFO] [client-7] Round 44 — receiving model…
15:33:42 [INFO] [client-4] Round 43 done — loss=1.0159 acc=0.4982  1.6s
15:33:42 [INFO] [client-4] Round 44 — receiving model…
15:33:42 [INFO] [client-1] Round 43 done — loss=1.0132 acc=0.4912  1.3s
15:33:42 [INFO] [client-1] Round 44 — receiving model…
15:33:42 [INFO] Round 43 — waiting for 10 updates…
15:33:42 [INFO] [client-3] Round 43 done — loss=1.0259 acc=0.4631  1.7s
15:33:42 [INFO] [client-3] Round 44 — receiving model…
15:33:42 [INFO] [client-2] Round 43 — training locally…
15:33:42 [INFO] [client-2] Round 43 — sending update…
15:33:42 [INFO] [client-5] Round 43 — training locally…
15:33:42 [INFO] [client-5] Round 43 — sending update…
15:33:42 [INFO] [client-2] Round 43 done — loss=1.0196 acc=0.4954  2.2s
15:33:42 [INFO] [client-2] Round 44 — receiving model…
15:33:42 [INFO] [client-5] Round 43 done — loss=1.0166 acc=0.4947  2.1s
15:33:42 [INFO] [client-5] Round 44 — receiving model…
15:33:42 [INFO] Round 43/50  acc=0.4985  loss=1.0264  1.7s  clients=10
15:33:42 [INFO] Round 44 — sending model to 10 clients…
15:33:42 [INFO] [client-8] Round 44 — training locally…
15:33:42 [INFO] [client-8] Round 44 — sending update…
15:33:42 [INFO] [client-5] Round 44 — training locally…
15:33:42 [INFO] [client-5] Round 44 — sending update…
15:33:42 [INFO] [client-4] Round 44 — training locally…
15:33:42 [INFO] [client-4] Round 44 — sending update…
15:33:42 [INFO] [client-3] Round 44 — training locally…
15:33:42 [INFO] [client-3] Round 44 — sending update…
15:33:42 [INFO] [client-0] Round 44 — training locally…
15:33:43 [INFO] [client-0] Round 44 — sending update…
15:33:43 [INFO] [client-2] Round 44 — training locally…
15:33:43 [INFO] [client-2] Round 44 — sending update…
15:33:43 [INFO] [client-7] Round 44 — training locally…
15:33:43 [INFO] [client-7] Round 44 — sending update…
15:33:43 [INFO] [client-1] Round 44 — training locally…
15:33:43 [INFO] [client-1] Round 44 — sending update…
15:33:43 [INFO] [client-8] Round 44 done — loss=1.0250 acc=0.4747  1.7s
15:33:43 [INFO] [client-8] Round 45 — receiving model…
15:33:43 [INFO] [client-5] Round 44 done — loss=1.0169 acc=0.4891  1.2s
15:33:43 [INFO] [client-5] Round 45 — receiving model…
15:33:43 [INFO] [client-4] Round 44 done — loss=1.0174 acc=0.4951  1.6s
15:33:43 [INFO] [client-4] Round 45 — receiving model…
15:33:43 [INFO] [client-3] Round 44 done — loss=1.0281 acc=0.4709  1.6s
15:33:43 [INFO] [client-3] Round 45 — receiving model…
15:33:43 [INFO] [client-0] Round 44 done — loss=1.0171 acc=0.4937  1.7s
15:33:43 [INFO] [client-0] Round 45 — receiving model…
15:33:43 [INFO] [client-2] Round 44 done — loss=1.0189 acc=0.4891  1.3s
15:33:43 [INFO] [client-2] Round 45 — receiving model…
15:33:43 [INFO] [client-7] Round 44 done — loss=1.0260 acc=0.4775  1.7s
15:33:43 [INFO] [client-7] Round 45 — receiving model…
15:33:43 [INFO] Round 44 — waiting for 10 updates…
15:33:43 [INFO] [client-1] Round 44 done — loss=1.0163 acc=0.4905  1.7s
15:33:43 [INFO] [client-1] Round 45 — receiving model…
15:33:43 [INFO] [client-9] Round 44 — training locally…
15:33:43 [INFO] [client-9] Round 44 — sending update…
15:33:43 [INFO] [client-6] Round 44 — training locally…
15:33:44 [INFO] [client-6] Round 44 — sending update…
15:33:44 [INFO] [client-9] Round 44 done — loss=1.0236 acc=0.4719  2.2s
15:33:44 [INFO] [client-9] Round 45 — receiving model…
15:33:44 [INFO] [client-6] Round 44 done — loss=1.0200 acc=0.4821  2.1s
15:33:44 [INFO] [client-6] Round 45 — receiving model…
15:33:44 [INFO] Round 44/50  acc=0.4956  loss=1.0306  1.7s  clients=10
15:33:44 [INFO] Round 45 — sending model to 10 clients…
15:33:44 [INFO] [client-2] Round 45 — training locally…
15:33:44 [INFO] [client-2] Round 45 — sending update…
15:33:44 [INFO] [client-6] Round 45 — training locally…
15:33:44 [INFO] [client-6] Round 45 — sending update…
15:33:44 [INFO] [client-9] Round 45 — training locally…
15:33:44 [INFO] [client-9] Round 45 — sending update…
15:33:44 [INFO] [client-5] Round 45 — training locally…
15:33:44 [INFO] [client-5] Round 45 — sending update…
15:33:44 [INFO] [client-8] Round 45 — training locally…
15:33:44 [INFO] [client-8] Round 45 — sending update…
15:33:44 [INFO] [client-3] Round 45 — training locally…
15:33:44 [INFO] [client-3] Round 45 — sending update…
15:33:44 [INFO] [client-7] Round 45 — training locally…
15:33:45 [INFO] [client-7] Round 45 — sending update…
15:33:45 [INFO] [client-4] Round 45 — training locally…
15:33:45 [INFO] [client-4] Round 45 — sending update…
15:33:45 [INFO] [client-2] Round 45 done — loss=1.0185 acc=0.4951  1.6s
15:33:45 [INFO] [client-2] Round 46 — receiving model…
15:33:45 [INFO] [client-6] Round 45 done — loss=1.0161 acc=0.4860  1.2s
15:33:45 [INFO] [client-6] Round 46 — receiving model…
15:33:45 [INFO] [client-9] Round 45 done — loss=1.0240 acc=0.4877  1.3s
15:33:45 [INFO] [client-9] Round 46 — receiving model…
15:33:45 [INFO] [client-5] Round 45 done — loss=1.0216 acc=0.4926  1.8s
15:33:45 [INFO] [client-5] Round 46 — receiving model…
15:33:45 [INFO] [client-8] Round 45 done — loss=1.0224 acc=0.4824  1.9s
15:33:45 [INFO] [client-8] Round 46 — receiving model…
15:33:45 [INFO] [client-3] Round 45 done — loss=1.0296 acc=0.4652  1.8s
15:33:45 [INFO] [client-3] Round 46 — receiving model…
15:33:45 [INFO] [client-7] Round 45 done — loss=1.0253 acc=0.4814  1.8s
15:33:45 [INFO] [client-7] Round 46 — receiving model…
15:33:45 [INFO] Round 45 — waiting for 10 updates…
15:33:45 [INFO] [client-4] Round 45 done — loss=1.0175 acc=0.4902  1.9s
15:33:45 [INFO] [client-4] Round 46 — receiving model…
15:33:45 [INFO] [client-1] Round 45 — training locally…
15:33:45 [INFO] [client-1] Round 45 — sending update…
15:33:45 [INFO] [client-0] Round 45 — training locally…
15:33:45 [INFO] [client-0] Round 45 — sending update…
15:33:45 [INFO] [client-1] Round 45 done — loss=1.0142 acc=0.4930  2.1s
15:33:45 [INFO] [client-1] Round 46 — receiving model…
15:33:45 [INFO] [client-0] Round 45 done — loss=1.0201 acc=0.4919  2.2s
15:33:45 [INFO] [client-0] Round 46 — receiving model…
15:33:45 [INFO] Round 45/50  acc=0.4973  loss=1.0321  1.8s  clients=10
15:33:45 [INFO] Round 46 — sending model to 10 clients…
15:33:45 [INFO] [client-4] Round 46 — training locally…
15:33:46 [INFO] [client-4] Round 46 — sending update…
15:33:46 [INFO] [client-3] Round 46 — training locally…
15:33:46 [INFO] [client-3] Round 46 — sending update…
15:33:46 [INFO] [client-1] Round 46 — training locally…
15:33:46 [INFO] [client-1] Round 46 — sending update…
15:33:46 [INFO] [client-8] Round 46 — training locally…
15:33:46 [INFO] [client-8] Round 46 — sending update…
15:33:46 [INFO] [client-6] Round 46 — training locally…
15:33:46 [INFO] [client-6] Round 46 — sending update…
15:33:46 [INFO] [client-9] Round 46 — training locally…
15:33:46 [INFO] [client-9] Round 46 — sending update…
15:33:46 [INFO] [client-0] Round 46 — training locally…
15:33:46 [INFO] [client-0] Round 46 — sending update…
15:33:46 [INFO] [client-7] Round 46 — training locally…
15:33:46 [INFO] [client-7] Round 46 — sending update…
15:33:46 [INFO] [client-4] Round 46 done — loss=1.0213 acc=0.4810  1.5s
15:33:46 [INFO] [client-4] Round 47 — receiving model…
15:33:47 [INFO] [client-3] Round 46 done — loss=1.0318 acc=0.4624  1.6s
15:33:47 [INFO] [client-3] Round 47 — receiving model…
15:33:47 [INFO] [client-1] Round 46 done — loss=1.0082 acc=0.5004  1.2s
15:33:47 [INFO] [client-1] Round 47 — receiving model…
15:33:47 [INFO] [client-8] Round 46 done — loss=1.0185 acc=0.4898  1.7s
15:33:47 [INFO] [client-8] Round 47 — receiving model…
15:33:47 [INFO] [client-6] Round 46 done — loss=1.0175 acc=0.4951  1.8s
15:33:47 [INFO] [client-6] Round 47 — receiving model…
15:33:47 [INFO] [client-9] Round 46 done — loss=1.0261 acc=0.4761  1.8s
15:33:47 [INFO] [client-9] Round 47 — receiving model…
15:33:47 [INFO] [client-0] Round 46 done — loss=1.0156 acc=0.4961  1.3s
15:33:47 [INFO] [client-0] Round 47 — receiving model…
15:33:47 [INFO] Round 46 — waiting for 10 updates…
15:33:47 [INFO] [client-7] Round 46 done — loss=1.0271 acc=0.4793  1.7s
15:33:47 [INFO] [client-7] Round 47 — receiving model…
15:33:47 [INFO] [client-2] Round 46 — training locally…
15:33:47 [INFO] [client-2] Round 46 — sending update…
15:33:47 [INFO] [client-5] Round 46 — training locally…
15:33:47 [INFO] [client-5] Round 46 — sending update…
15:33:47 [INFO] [client-2] Round 46 done — loss=1.0188 acc=0.5007  2.2s
15:33:47 [INFO] [client-2] Round 47 — receiving model…
15:33:47 [INFO] [client-5] Round 46 done — loss=1.0199 acc=0.4947  2.1s
15:33:47 [INFO] [client-5] Round 47 — receiving model…
15:33:47 [INFO] Round 46/50  acc=0.4968  loss=1.0295  1.7s  clients=10
15:33:47 [INFO] Round 47 — sending model to 10 clients…
15:33:47 [INFO] [client-2] Round 47 — training locally…
15:33:47 [INFO] [client-2] Round 47 — sending update…
15:33:47 [INFO] [client-6] Round 47 — training locally…
15:33:47 [INFO] [client-6] Round 47 — sending update…
15:33:47 [INFO] [client-8] Round 47 — training locally…
15:33:47 [INFO] [client-8] Round 47 — sending update…
15:33:47 [INFO] [client-1] Round 47 — training locally…
15:33:48 [INFO] [client-1] Round 47 — sending update…
15:33:48 [INFO] [client-5] Round 47 — training locally…
15:33:48 [INFO] [client-5] Round 47 — sending update…
15:33:48 [INFO] [client-7] Round 47 — training locally…
15:33:48 [INFO] [client-7] Round 47 — sending update…
15:33:48 [INFO] [client-4] Round 47 — training locally…
15:33:48 [INFO] [client-4] Round 47 — sending update…
15:33:48 [INFO] [client-9] Round 47 — training locally…
15:33:48 [INFO] [client-9] Round 47 — sending update…
15:33:48 [INFO] [client-2] Round 47 done — loss=1.0180 acc=0.4905  1.2s
15:33:48 [INFO] [client-2] Round 48 — receiving model…
15:33:48 [INFO] [client-6] Round 47 done — loss=1.0180 acc=0.4891  1.6s
15:33:48 [INFO] [client-6] Round 48 — receiving model…
15:33:48 [INFO] [client-8] Round 47 done — loss=1.0189 acc=0.4975  1.6s
15:33:48 [INFO] [client-8] Round 48 — receiving model…
15:33:48 [INFO] [client-1] Round 47 done — loss=1.0155 acc=0.4888  1.7s
15:33:48 [INFO] [client-1] Round 48 — receiving model…
15:33:48 [INFO] [client-5] Round 47 done — loss=1.0119 acc=0.4986  1.2s
15:33:48 [INFO] [client-5] Round 48 — receiving model…
15:33:48 [INFO] [client-7] Round 47 done — loss=1.0322 acc=0.4719  1.6s
15:33:48 [INFO] [client-7] Round 48 — receiving model…
15:33:48 [INFO] [client-4] Round 47 done — loss=1.0075 acc=0.5056  1.9s
15:33:48 [INFO] [client-4] Round 48 — receiving model…
15:33:48 [INFO] Round 47 — waiting for 10 updates…
15:33:48 [INFO] [client-9] Round 47 done — loss=1.0254 acc=0.4786  1.7s
15:33:48 [INFO] [client-9] Round 48 — receiving model…
15:33:48 [INFO] [client-0] Round 47 — training locally…
15:33:49 [INFO] [client-0] Round 47 — sending update…
15:33:49 [INFO] [client-3] Round 47 — training locally…
15:33:49 [INFO] [client-3] Round 47 — sending update…
15:33:49 [INFO] [client-0] Round 47 done — loss=1.0245 acc=0.4856  2.0s
15:33:49 [INFO] [client-0] Round 48 — receiving model…
15:33:49 [INFO] [client-3] Round 47 done — loss=1.0246 acc=0.4663  2.2s
15:33:49 [INFO] [client-3] Round 48 — receiving model…
15:33:49 [INFO] Round 47/50  acc=0.4985  loss=1.0291  1.7s  clients=10
15:33:49 [INFO] Round 48 — sending model to 10 clients…
15:33:49 [INFO] [client-2] Round 48 — training locally…
15:33:49 [INFO] [client-2] Round 48 — sending update…
15:33:49 [INFO] [client-1] Round 48 — training locally…
15:33:49 [INFO] [client-1] Round 48 — sending update…
15:33:49 [INFO] [client-5] Round 48 — training locally…
15:33:49 [INFO] [client-5] Round 48 — sending update…
15:33:49 [INFO] [client-3] Round 48 — training locally…
15:33:49 [INFO] [client-3] Round 48 — sending update…
15:33:49 [INFO] [client-9] Round 48 — training locally…
15:33:49 [INFO] [client-9] Round 48 — sending update…
15:33:49 [INFO] [client-6] Round 48 — training locally…
15:33:50 [INFO] [client-6] Round 48 — sending update…
15:33:50 [INFO] [client-7] Round 48 — training locally…
15:33:50 [INFO] [client-7] Round 48 — sending update…
15:33:50 [INFO] [client-8] Round 48 — training locally…
15:33:50 [INFO] [client-8] Round 48 — sending update…
15:33:50 [INFO] [client-2] Round 48 done — loss=1.0197 acc=0.4919  1.7s
15:33:50 [INFO] [client-2] Round 49 — receiving model…
15:33:50 [INFO] [client-1] Round 48 done — loss=1.0157 acc=0.4961  1.6s
15:33:50 [INFO] [client-1] Round 49 — receiving model…
15:33:50 [INFO] [client-5] Round 48 done — loss=1.0136 acc=0.5025  1.6s
15:33:50 [INFO] [client-5] Round 49 — receiving model…
15:33:50 [INFO] [client-3] Round 48 done — loss=1.0244 acc=0.4684  1.2s
15:33:50 [INFO] [client-3] Round 49 — receiving model…
15:33:50 [INFO] [client-9] Round 48 done — loss=1.0258 acc=0.4775  1.6s
15:33:50 [INFO] [client-9] Round 49 — receiving model…
15:33:50 [INFO] [client-6] Round 48 done — loss=1.0239 acc=0.4831  1.8s
15:33:50 [INFO] [client-6] Round 49 — receiving model…
15:33:50 [INFO] [client-7] Round 48 done — loss=1.0292 acc=0.4772  1.7s
15:33:50 [INFO] [client-7] Round 49 — receiving model…
15:33:50 [INFO] Round 48 — waiting for 10 updates…
15:33:50 [INFO] [client-8] Round 48 done — loss=1.0217 acc=0.4870  1.8s
15:33:50 [INFO] [client-8] Round 49 — receiving model…
15:33:50 [INFO] [client-4] Round 48 — training locally…
15:33:50 [INFO] [client-4] Round 48 — sending update…
15:33:50 [INFO] [client-0] Round 48 — training locally…
15:33:50 [INFO] [client-0] Round 48 — sending update…
15:33:50 [INFO] [client-4] Round 48 done — loss=1.0173 acc=0.4870  2.0s
15:33:50 [INFO] [client-4] Round 49 — receiving model…
15:33:50 [INFO] [client-0] Round 48 done — loss=1.0164 acc=0.4951  1.7s
15:33:50 [INFO] [client-0] Round 49 — receiving model…
15:33:50 [INFO] Round 48/50  acc=0.4996  loss=1.0284  1.7s  clients=10
15:33:50 [INFO] Round 49 — sending model to 10 clients…
15:33:50 [INFO] [client-1] Round 49 — training locally…
15:33:51 [INFO] [client-1] Round 49 — sending update…
15:33:51 [INFO] [client-7] Round 49 — training locally…
15:33:51 [INFO] [client-7] Round 49 — sending update…
15:33:51 [INFO] [client-4] Round 49 — training locally…
15:33:51 [INFO] [client-4] Round 49 — sending update…
15:33:51 [INFO] [client-6] Round 49 — training locally…
15:33:51 [INFO] [client-6] Round 49 — sending update…
15:33:51 [INFO] [client-2] Round 49 — training locally…
15:33:51 [INFO] [client-2] Round 49 — sending update…
15:33:51 [INFO] [client-8] Round 49 — training locally…
15:33:51 [INFO] [client-8] Round 49 — sending update…
15:33:51 [INFO] [client-5] Round 49 — training locally…
15:33:51 [INFO] [client-5] Round 49 — sending update…
15:33:51 [INFO] [client-0] Round 49 — training locally…
15:33:51 [INFO] [client-0] Round 49 — sending update…
15:33:52 [INFO] [client-1] Round 49 done — loss=1.0105 acc=0.4923  1.7s
15:33:52 [INFO] [client-1] Round 50 — receiving model…
15:33:52 [INFO] [client-7] Round 49 done — loss=1.0283 acc=0.4807  1.5s
15:33:52 [INFO] [client-7] Round 50 — receiving model…
15:33:52 [INFO] [client-4] Round 49 done — loss=1.0185 acc=0.4986  1.2s
15:33:52 [INFO] [client-4] Round 50 — receiving model…
15:33:52 [INFO] [client-6] Round 49 done — loss=1.0184 acc=0.4810  1.6s
15:33:52 [INFO] [client-6] Round 50 — receiving model…
15:33:52 [INFO] [client-2] Round 49 done — loss=1.0170 acc=0.4905  1.8s
15:33:52 [INFO] [client-2] Round 50 — receiving model…
15:33:52 [INFO] [client-8] Round 49 done — loss=1.0221 acc=0.4846  1.6s
15:33:52 [INFO] [client-8] Round 50 — receiving model…
15:33:52 [INFO] [client-5] Round 49 done — loss=1.0162 acc=0.4986  1.8s
15:33:52 [INFO] [client-5] Round 50 — receiving model…
15:33:52 [INFO] Round 49 — waiting for 10 updates…
15:33:52 [INFO] [client-0] Round 49 done — loss=1.0179 acc=0.4986  1.3s
15:33:52 [INFO] [client-0] Round 50 — receiving model…
15:33:52 [INFO] [client-9] Round 49 — training locally…
15:33:52 [INFO] [client-9] Round 49 — sending update…
15:33:52 [INFO] [client-3] Round 49 — training locally…
15:33:52 [INFO] [client-3] Round 49 — sending update…
15:33:52 [INFO] [client-9] Round 49 done — loss=1.0238 acc=0.4838  2.1s
15:33:52 [INFO] [client-9] Round 50 — receiving model…
15:33:52 [INFO] [client-3] Round 49 done — loss=1.0305 acc=0.4614  2.1s
15:33:52 [INFO] [client-3] Round 50 — receiving model…
15:33:52 [INFO] Round 49/50  acc=0.4990  loss=1.0270  1.7s  clients=10
15:33:52 [INFO] Round 50 — sending model to 10 clients…
15:33:52 [INFO] [client-8] Round 50 — training locally…
15:33:52 [INFO] [client-8] Round 50 — sending update…
15:33:52 [INFO] [client-2] Round 50 — training locally…
15:33:52 [INFO] [client-2] Round 50 — sending update…
15:33:52 [INFO] [client-4] Round 50 — training locally…
15:33:53 [INFO] [client-4] Round 50 — sending update…
15:33:53 [INFO] [client-3] Round 50 — training locally…
15:33:53 [INFO] [client-3] Round 50 — sending update…
15:33:53 [INFO] [client-7] Round 50 — training locally…
15:33:53 [INFO] [client-7] Round 50 — sending update…
15:33:53 [INFO] [client-1] Round 50 — training locally…
15:33:53 [INFO] [client-1] Round 50 — sending update…
15:33:53 [INFO] [client-5] Round 50 — training locally…
15:33:53 [INFO] [client-5] Round 50 — sending update…
15:33:53 [INFO] [client-0] Round 50 — training locally…
15:33:53 [INFO] [client-0] Round 50 — sending update…
15:33:53 [INFO] [client-8] Round 50 done — loss=1.0187 acc=0.4803  1.5s
15:33:53 [INFO] [client-2] Round 50 done — loss=1.0179 acc=0.5004  1.6s
15:33:53 [INFO] [client-4] Round 50 done — loss=1.0184 acc=0.4919  1.7s
15:33:53 [INFO] [client-3] Round 50 done — loss=1.0256 acc=0.4656  1.2s
15:33:53 [INFO] [client-7] Round 50 done — loss=1.0241 acc=0.4772  1.8s
15:33:53 [INFO] [client-1] Round 50 done — loss=1.0124 acc=0.4916  1.8s
15:33:53 [INFO] [client-5] Round 50 done — loss=1.0111 acc=0.4982  1.7s
15:33:53 [INFO] Round 50 — waiting for 10 updates…
15:33:53 [INFO] [client-0] Round 50 done — loss=1.0155 acc=0.4982  1.7s
15:33:53 [INFO] [client-9] Round 50 — training locally…
15:33:54 [INFO] [client-9] Round 50 — sending update…
15:33:54 [INFO] [client-6] Round 50 — training locally…
15:33:54 [INFO] [client-6] Round 50 — sending update…
15:33:54 [INFO] [client-9] Round 50 done — loss=1.0273 acc=0.4782  1.7s
15:33:54 [INFO] [client-6] Round 50 done — loss=1.0173 acc=0.4846  2.1s
15:33:54 [INFO] Round 50/50  acc=0.4976  loss=1.0288  1.7s  clients=10
15:33:54 [INFO] CoAP server [client-0] stopped
15:33:54 [INFO] CoAP server [client-1] stopped
15:33:54 [INFO] CoAP server [client-2] stopped
15:33:54 [INFO] CoAP server [client-3] stopped
15:33:54 [INFO] CoAP server [client-4] stopped
15:33:54 [INFO] CoAP server [client-5] stopped
15:33:54 [INFO] CoAP server [client-6] stopped
15:33:54 [INFO] CoAP server [client-7] stopped
15:33:54 [INFO] CoAP server [client-8] stopped
15:33:54 [INFO] CoAP server [client-9] stopped
15:33:54 [INFO] CoAP server [server] stopped
15:33:54 [INFO] Exported 50 rows → /home/raullb/FL-Iroh/results/e7/e7_airmlp_iid_round_events.csv
15:33:54 [INFO] AirMLP airmlp_iid done: {'node_id': 'server', 'architecture': 'B', 'scenario': 'e7_airmlp_iid', 'rounds_total': 50, 'rounds_success': 50, 'test_acc_final': 0.4976130300477394, 'test_acc_max': 0.506318449873631, 'duration_mean_sec': 1.6986464279191569, 'pct_direct': 0.0, 'pct_relay': 0.0, 'bytes_to_aggregator': 6984500}
15:33:54 [INFO] === E7 AirLSTM + FedAvg — geographic ===
15:33:54 [INFO] Air quality SEQUENCES loaded: 28454 train / 3501 test | window=7 | 6 features | 3 classes
15:33:54 [INFO] Geographic partition: 10 provinces  min=2299  max=2916  mean=2845
15:33:54 [INFO] AirLSTM class weights: [1.02536940574646, 1.0864452123641968, 0.905543863773346]
15:33:54 [INFO] FL_MOCK_IROH=1 — forcing mock transport (iroh bypassed)
15:33:54 [INFO] CoAP server [server] listening on 0.0.0.0:5783
15:33:54 [INFO] FLServer server started (mock=True)
15:33:54 [INFO] FL_MOCK_IROH=1 — forcing mock transport (iroh bypassed)
15:33:54 [INFO] CoAP server [client-0] listening on 0.0.0.0:5784
15:33:54 [INFO] FLClient client-0 started (mock=True)
15:33:54 [INFO] Registered client client-0  iroh=mock-client-0
15:33:54 [INFO] FL_MOCK_IROH=1 — forcing mock transport (iroh bypassed)
15:33:54 [INFO] CoAP server [client-1] listening on 0.0.0.0:5785
15:33:54 [INFO] FLClient client-1 started (mock=True)
15:33:54 [INFO] Registered client client-1  iroh=mock-client-1
15:33:54 [INFO] FL_MOCK_IROH=1 — forcing mock transport (iroh bypassed)
15:33:54 [INFO] CoAP server [client-2] listening on 0.0.0.0:5786
15:33:54 [INFO] FLClient client-2 started (mock=True)
15:33:54 [INFO] Registered client client-2  iroh=mock-client-2
15:33:54 [INFO] FL_MOCK_IROH=1 — forcing mock transport (iroh bypassed)
15:33:54 [INFO] CoAP server [client-3] listening on 0.0.0.0:5787
15:33:54 [INFO] FLClient client-3 started (mock=True)
15:33:54 [INFO] Registered client client-3  iroh=mock-client-3
15:33:54 [INFO] FL_MOCK_IROH=1 — forcing mock transport (iroh bypassed)
15:33:54 [INFO] CoAP server [client-4] listening on 0.0.0.0:5788
15:33:54 [INFO] FLClient client-4 started (mock=True)
15:33:54 [INFO] Registered client client-4  iroh=mock-client-4
15:33:54 [INFO] FL_MOCK_IROH=1 — forcing mock transport (iroh bypassed)
15:33:54 [INFO] CoAP server [client-5] listening on 0.0.0.0:5789
15:33:54 [INFO] FLClient client-5 started (mock=True)
15:33:54 [INFO] Registered client client-5  iroh=mock-client-5
15:33:54 [INFO] FL_MOCK_IROH=1 — forcing mock transport (iroh bypassed)
15:33:54 [INFO] CoAP server [client-6] listening on 0.0.0.0:5790
15:33:54 [INFO] FLClient client-6 started (mock=True)
15:33:54 [INFO] Registered client client-6  iroh=mock-client-6
15:33:54 [INFO] FL_MOCK_IROH=1 — forcing mock transport (iroh bypassed)
15:33:54 [INFO] CoAP server [client-7] listening on 0.0.0.0:5791
15:33:54 [INFO] FLClient client-7 started (mock=True)
15:33:54 [INFO] Registered client client-7  iroh=mock-client-7
15:33:54 [INFO] FL_MOCK_IROH=1 — forcing mock transport (iroh bypassed)
15:33:54 [INFO] CoAP server [client-8] listening on 0.0.0.0:5792
15:33:54 [INFO] FLClient client-8 started (mock=True)
15:33:54 [INFO] Registered client client-8  iroh=mock-client-8
15:33:54 [INFO] FL_MOCK_IROH=1 — forcing mock transport (iroh bypassed)
15:33:54 [INFO] CoAP server [client-9] listening on 0.0.0.0:5793
15:33:54 [INFO] FLClient client-9 started (mock=True)
15:33:54 [INFO] Registered client client-9  iroh=mock-client-9
15:33:54 [INFO] Round 1 — sending model to 10 clients…
15:33:54 [INFO] [client-0] Round 1 — receiving model…
15:33:54 [INFO] [client-1] Round 1 — receiving model…
15:33:54 [INFO] [client-2] Round 1 — receiving model…
15:33:54 [INFO] [client-3] Round 1 — receiving model…
15:33:54 [INFO] [client-4] Round 1 — receiving model…
15:33:54 [INFO] [client-5] Round 1 — receiving model…
15:33:54 [INFO] [client-6] Round 1 — receiving model…
15:33:54 [INFO] [client-7] Round 1 — receiving model…
15:33:54 [INFO] [client-8] Round 1 — receiving model…
15:33:54 [INFO] [client-9] Round 1 — receiving model…
15:33:54 [INFO] [client-7] Round 1 — training locally…
15:33:55 [INFO] [client-7] Round 1 — sending update…
15:33:55 [INFO] [client-3] Round 1 — training locally…
15:33:55 [INFO] [client-3] Round 1 — sending update…
15:33:55 [INFO] [client-7] Round 1 done — loss=1.0517 acc=0.4177  0.5s
15:33:55 [INFO] [client-7] Round 2 — receiving model…
15:33:55 [INFO] Round 1 — waiting for 10 updates…
15:33:55 [INFO] [client-3] Round 1 done — loss=1.0601 acc=0.4609  0.5s
15:33:55 [INFO] [client-3] Round 2 — receiving model…
15:33:55 [INFO] [client-9] Round 1 — training locally…
15:33:55 [INFO] [client-9] Round 1 — sending update…
15:33:55 [INFO] [client-5] Round 1 — training locally…
15:33:55 [INFO] [client-5] Round 1 — sending update…
15:33:55 [INFO] [client-1] Round 1 — training locally…
15:33:56 [INFO] [client-1] Round 1 — sending update…
15:33:56 [INFO] [client-8] Round 1 — training locally…
15:33:56 [INFO] [client-8] Round 1 — sending update…
15:33:56 [INFO] [client-0] Round 1 — training locally…
15:33:56 [INFO] [client-0] Round 1 — sending update…
15:33:56 [INFO] [client-2] Round 1 — training locally…
15:33:56 [INFO] [client-2] Round 1 — sending update…
15:33:56 [INFO] [client-4] Round 1 — training locally…
15:33:56 [INFO] [client-4] Round 1 — sending update…
15:33:56 [INFO] [client-6] Round 1 — training locally…
15:33:56 [INFO] [client-6] Round 1 — sending update…
15:33:57 [INFO] [client-9] Round 1 done — loss=1.0720 acc=0.4266  2.1s
15:33:57 [INFO] [client-9] Round 2 — receiving model…
15:33:57 [INFO] [client-5] Round 1 done — loss=1.0805 acc=0.4062  2.1s
15:33:57 [INFO] [client-5] Round 2 — receiving model…
15:33:57 [INFO] [client-1] Round 1 done — loss=1.0768 acc=0.4073  2.1s
15:33:57 [INFO] [client-1] Round 2 — receiving model…
15:33:57 [INFO] [client-8] Round 1 done — loss=0.7982 acc=0.7064  2.2s
15:33:57 [INFO] [client-8] Round 2 — receiving model…
15:33:57 [INFO] [client-0] Round 1 done — loss=1.0645 acc=0.4701  2.2s
15:33:57 [INFO] [client-0] Round 2 — receiving model…
15:33:57 [INFO] [client-2] Round 1 done — loss=1.0514 acc=0.4574  2.2s
15:33:57 [INFO] [client-2] Round 2 — receiving model…
15:33:57 [INFO] [client-4] Round 1 done — loss=1.0339 acc=0.5045  2.3s
15:33:57 [INFO] [client-4] Round 2 — receiving model…
15:33:57 [INFO] [client-6] Round 1 done — loss=1.0458 acc=0.4510  2.3s
15:33:57 [INFO] [client-6] Round 2 — receiving model…
15:33:57 [INFO] Round 1/50  acc=0.2402  loss=1.1070  2.4s  clients=10
15:33:57 [INFO] Round 2 — sending model to 10 clients…
15:33:57 [INFO] [client-5] Round 2 — training locally…
15:33:57 [INFO] [client-5] Round 2 — sending update…
15:33:57 [INFO] [client-7] Round 2 — training locally…
15:33:57 [INFO] [client-7] Round 2 — sending update…
15:33:57 [INFO] [client-5] Round 2 done — loss=1.0659 acc=0.4729  0.7s
15:33:57 [INFO] [client-5] Round 3 — receiving model…
15:33:57 [INFO] Round 2 — waiting for 10 updates…
15:33:57 [INFO] [client-7] Round 2 done — loss=1.0433 acc=0.4413  2.3s
15:33:57 [INFO] [client-7] Round 3 — receiving model…
15:33:57 [INFO] [client-2] Round 2 — training locally…
15:33:57 [INFO] [client-2] Round 2 — sending update…
15:33:57 [INFO] [client-4] Round 2 — training locally…
15:33:58 [INFO] [client-4] Round 2 — sending update…
15:33:58 [INFO] [client-6] Round 2 — training locally…
15:33:58 [INFO] [client-6] Round 2 — sending update…
15:33:58 [INFO] [client-1] Round 2 — training locally…
15:33:58 [INFO] [client-1] Round 2 — sending update…
15:33:58 [INFO] [client-0] Round 2 — training locally…
15:33:58 [INFO] [client-0] Round 2 — sending update…
15:33:58 [INFO] [client-8] Round 2 — training locally…
15:33:58 [INFO] [client-8] Round 2 — sending update…
15:33:58 [INFO] [client-9] Round 2 — training locally…
15:33:58 [INFO] [client-9] Round 2 — sending update…
15:33:58 [INFO] [client-3] Round 2 — training locally…
15:33:59 [INFO] [client-3] Round 2 — sending update…
15:33:59 [INFO] [client-2] Round 2 done — loss=1.0467 acc=0.4427  2.0s
15:33:59 [INFO] [client-2] Round 3 — receiving model…
15:33:59 [INFO] [client-4] Round 2 done — loss=1.0324 acc=0.4815  2.0s
15:33:59 [INFO] [client-4] Round 3 — receiving model…
15:33:59 [INFO] [client-6] Round 2 done — loss=1.0359 acc=0.4656  2.0s
15:33:59 [INFO] [client-6] Round 3 — receiving model…
15:33:59 [INFO] [client-1] Round 2 done — loss=1.0718 acc=0.4083  2.2s
15:33:59 [INFO] [client-1] Round 3 — receiving model…
15:33:59 [INFO] [client-0] Round 2 done — loss=1.0634 acc=0.4503  2.2s
15:33:59 [INFO] [client-0] Round 3 — receiving model…
15:33:59 [INFO] [client-8] Round 2 done — loss=0.7790 acc=0.7308  2.3s
15:33:59 [INFO] [client-8] Round 3 — receiving model…
15:33:59 [INFO] [client-9] Round 2 done — loss=1.0567 acc=0.4635  2.4s
15:33:59 [INFO] [client-9] Round 3 — receiving model…
15:33:59 [INFO] [client-3] Round 2 done — loss=1.0565 acc=0.4478  4.0s
15:33:59 [INFO] [client-3] Round 3 — receiving model…
15:33:59 [INFO] Round 2/50  acc=0.4059  loss=1.0916  2.2s  clients=10
15:33:59 [INFO] Round 3 — sending model to 10 clients…
15:33:59 [INFO] [client-9] Round 3 — training locally…
15:33:59 [INFO] [client-9] Round 3 — sending update…
15:33:59 [INFO] [client-6] Round 3 — training locally…
15:33:59 [INFO] [client-6] Round 3 — sending update…
15:33:59 [INFO] [client-9] Round 3 done — loss=1.0331 acc=0.5305  0.5s
15:33:59 [INFO] [client-9] Round 4 — receiving model…
15:33:59 [INFO] Round 3 — waiting for 10 updates…
15:33:59 [INFO] [client-6] Round 3 done — loss=1.0241 acc=0.4701  0.7s
15:33:59 [INFO] [client-6] Round 4 — receiving model…
15:33:59 [INFO] [client-3] Round 3 — training locally…
15:34:00 [INFO] [client-3] Round 3 — sending update…
15:34:00 [INFO] [client-1] Round 3 — training locally…
15:34:00 [INFO] [client-1] Round 3 — sending update…
15:34:00 [INFO] [client-5] Round 3 — training locally…
15:34:00 [INFO] [client-5] Round 3 — sending update…
15:34:00 [INFO] [client-4] Round 3 — training locally…
15:34:00 [INFO] [client-4] Round 3 — sending update…
15:34:00 [INFO] [client-0] Round 3 — training locally…
15:34:00 [INFO] [client-0] Round 3 — sending update…
15:34:00 [INFO] [client-7] Round 3 — training locally…
15:34:00 [INFO] [client-7] Round 3 — sending update…
15:34:01 [INFO] [client-2] Round 3 — training locally…
15:34:01 [INFO] [client-2] Round 3 — sending update…
15:34:01 [INFO] [client-8] Round 3 — training locally…
15:34:01 [INFO] [client-8] Round 3 — sending update…
15:34:01 [INFO] [client-3] Round 3 done — loss=1.0489 acc=0.4612  1.9s
15:34:01 [INFO] [client-3] Round 4 — receiving model…
15:34:01 [INFO] [client-1] Round 3 done — loss=1.0640 acc=0.4190  2.1s
15:34:01 [INFO] [client-1] Round 4 — receiving model…
15:34:01 [INFO] [client-5] Round 3 done — loss=1.0307 acc=0.5412  3.8s
15:34:01 [INFO] [client-5] Round 4 — receiving model…
15:34:01 [INFO] [client-4] Round 3 done — loss=1.0235 acc=0.4918  2.3s
15:34:01 [INFO] [client-4] Round 4 — receiving model…
15:34:01 [INFO] [client-0] Round 3 done — loss=1.0571 acc=0.4705  2.2s
15:34:01 [INFO] [client-0] Round 4 — receiving model…
15:34:01 [INFO] [client-7] Round 3 done — loss=1.0357 acc=0.4431  3.8s
15:34:01 [INFO] [client-7] Round 4 — receiving model…
15:34:01 [INFO] [client-2] Round 3 done — loss=1.0243 acc=0.4653  2.4s
15:34:01 [INFO] [client-2] Round 4 — receiving model…
15:34:01 [INFO] [client-8] Round 3 done — loss=0.7675 acc=0.7308  2.3s
15:34:01 [INFO] [client-8] Round 4 — receiving model…
15:34:01 [INFO] Round 3/50  acc=0.4856  loss=1.0741  2.2s  clients=10
15:34:01 [INFO] Round 4 — sending model to 10 clients…
15:34:01 [INFO] [client-0] Round 4 — training locally…
15:34:01 [INFO] [client-0] Round 4 — sending update…
15:34:01 [INFO] [client-4] Round 4 — training locally…
15:34:02 [INFO] [client-4] Round 4 — sending update…
15:34:02 [INFO] [client-0] Round 4 done — loss=1.0468 acc=0.4692  0.5s
15:34:02 [INFO] [client-0] Round 5 — receiving model…
15:34:02 [INFO] Round 4 — waiting for 10 updates…
15:34:02 [INFO] [client-4] Round 4 done — loss=1.0127 acc=0.5007  0.6s
15:34:02 [INFO] [client-4] Round 5 — receiving model…
15:34:02 [INFO] [client-5] Round 4 — training locally…
15:34:02 [INFO] [client-5] Round 4 — sending update…
15:34:02 [INFO] [client-6] Round 4 — training locally…
15:34:02 [INFO] [client-6] Round 4 — sending update…
15:34:02 [INFO] [client-1] Round 4 — training locally…
15:34:02 [INFO] [client-1] Round 4 — sending update…
15:34:02 [INFO] [client-9] Round 4 — training locally…
15:34:02 [INFO] [client-9] Round 4 — sending update…
15:34:02 [INFO] [client-8] Round 4 — training locally…
15:34:03 [INFO] [client-8] Round 4 — sending update…
15:34:03 [INFO] [client-3] Round 4 — training locally…
15:34:03 [INFO] [client-3] Round 4 — sending update…
15:34:03 [INFO] [client-7] Round 4 — training locally…
15:34:03 [INFO] [client-7] Round 4 — sending update…
15:34:03 [INFO] [client-2] Round 4 — training locally…
15:34:03 [INFO] [client-2] Round 4 — sending update…
15:34:03 [INFO] [client-5] Round 4 done — loss=0.9874 acc=0.5525  2.1s
15:34:03 [INFO] [client-5] Round 5 — receiving model…
15:34:03 [INFO] [client-6] Round 4 done — loss=1.0086 acc=0.4854  3.7s
15:34:03 [INFO] [client-6] Round 5 — receiving model…
15:34:03 [INFO] [client-1] Round 4 done — loss=1.0589 acc=0.4317  2.2s
15:34:03 [INFO] [client-1] Round 5 — receiving model…
15:34:03 [INFO] [client-9] Round 4 done — loss=1.0100 acc=0.5386  3.8s
15:34:03 [INFO] [client-9] Round 5 — receiving model…
15:34:03 [INFO] [client-8] Round 4 done — loss=0.7429 acc=0.7304  2.1s
15:34:03 [INFO] [client-8] Round 5 — receiving model…
15:34:03 [INFO] [client-3] Round 4 done — loss=1.0359 acc=0.4646  2.4s
15:34:03 [INFO] [client-3] Round 5 — receiving model…
15:34:03 [INFO] [client-7] Round 4 done — loss=1.0283 acc=0.4462  2.2s
15:34:03 [INFO] [client-7] Round 5 — receiving model…
15:34:03 [INFO] [client-2] Round 4 done — loss=0.9881 acc=0.5014  2.2s
15:34:03 [INFO] [client-2] Round 5 — receiving model…
15:34:03 [INFO] Round 4/50  acc=0.4973  loss=1.0516  2.2s  clients=10
15:34:03 [INFO] Round 5 — sending model to 10 clients…
15:34:03 [INFO] [client-6] Round 5 — training locally…
15:34:04 [INFO] [client-6] Round 5 — sending update…
15:34:04 [INFO] [client-4] Round 5 — training locally…
15:34:04 [INFO] [client-4] Round 5 — sending update…
15:34:04 [INFO] [client-6] Round 5 done — loss=1.0032 acc=0.5007  0.7s
15:34:04 [INFO] [client-6] Round 6 — receiving model…
15:34:04 [INFO] Round 5 — waiting for 10 updates…
15:34:04 [INFO] [client-4] Round 5 done — loss=1.0065 acc=0.5065  2.2s
15:34:04 [INFO] [client-4] Round 6 — receiving model…
15:34:04 [INFO] [client-9] Round 5 — training locally…
15:34:04 [INFO] [client-9] Round 5 — sending update…
15:34:04 [INFO] [client-5] Round 5 — training locally…
15:34:04 [INFO] [client-5] Round 5 — sending update…
15:34:04 [INFO] [client-8] Round 5 — training locally…
15:34:04 [INFO] [client-8] Round 5 — sending update…
15:34:04 [INFO] [client-1] Round 5 — training locally…
15:34:05 [INFO] [client-1] Round 5 — sending update…
15:34:05 [INFO] [client-7] Round 5 — training locally…
15:34:05 [INFO] [client-7] Round 5 — sending update…
15:34:05 [INFO] [client-3] Round 5 — training locally…
15:34:05 [INFO] [client-3] Round 5 — sending update…
15:34:05 [INFO] [client-0] Round 5 — training locally…
15:34:05 [INFO] [client-0] Round 5 — sending update…
15:34:05 [INFO] [client-2] Round 5 — training locally…
15:34:05 [INFO] [client-2] Round 5 — sending update…
15:34:05 [INFO] [client-9] Round 5 done — loss=0.9923 acc=0.5421  2.1s
15:34:05 [INFO] [client-9] Round 6 — receiving model…
15:34:05 [INFO] [client-5] Round 5 done — loss=0.9553 acc=0.5652  2.2s
15:34:05 [INFO] [client-5] Round 6 — receiving model…
15:34:05 [INFO] [client-8] Round 5 done — loss=0.7372 acc=0.7297  2.1s
15:34:05 [INFO] [client-8] Round 6 — receiving model…
15:34:05 [INFO] [client-1] Round 5 done — loss=1.0533 acc=0.4382  2.2s
15:34:05 [INFO] [client-1] Round 6 — receiving model…
15:34:05 [INFO] [client-7] Round 5 done — loss=1.0230 acc=0.4649  2.1s
15:34:05 [INFO] [client-7] Round 6 — receiving model…
15:34:05 [INFO] [client-3] Round 5 done — loss=1.0303 acc=0.4657  2.2s
15:34:05 [INFO] [client-3] Round 6 — receiving model…
15:34:06 [INFO] [client-0] Round 5 done — loss=1.0437 acc=0.4648  3.9s
15:34:06 [INFO] [client-0] Round 6 — receiving model…
15:34:06 [INFO] [client-2] Round 5 done — loss=0.9488 acc=0.5491  2.2s
15:34:06 [INFO] [client-2] Round 6 — receiving model…
15:34:06 [INFO] Round 5/50  acc=0.5193  loss=1.0268  2.2s  clients=10
15:34:06 [INFO] Round 6 — sending model to 10 clients…
15:34:06 [INFO] [client-9] Round 6 — training locally…
15:34:06 [INFO] [client-9] Round 6 — sending update…
15:34:06 [INFO] [client-1] Round 6 — training locally…
15:34:06 [INFO] [client-1] Round 6 — sending update…
15:34:06 [INFO] [client-9] Round 6 done — loss=0.9828 acc=0.5407  0.7s
15:34:06 [INFO] [client-9] Round 7 — receiving model…
15:34:06 [INFO] Round 6 — waiting for 10 updates…
15:34:06 [INFO] [client-1] Round 6 done — loss=1.0505 acc=0.4447  0.6s
15:34:06 [INFO] [client-1] Round 7 — receiving model…
15:34:06 [INFO] [client-2] Round 6 — training locally…
15:34:06 [INFO] [client-2] Round 6 — sending update…
15:34:06 [INFO] [client-7] Round 6 — training locally…
15:34:06 [INFO] [client-7] Round 6 — sending update…
15:34:06 [INFO] [client-4] Round 6 — training locally…
15:34:07 [INFO] [client-4] Round 6 — sending update…
15:34:07 [INFO] [client-6] Round 6 — training locally…
15:34:07 [INFO] [client-6] Round 6 — sending update…
15:34:07 [INFO] [client-0] Round 6 — training locally…
15:34:07 [INFO] [client-0] Round 6 — sending update…
15:34:07 [INFO] [client-3] Round 6 — training locally…
15:34:07 [INFO] [client-3] Round 6 — sending update…
15:34:07 [INFO] [client-8] Round 6 — training locally…
15:34:07 [INFO] [client-8] Round 6 — sending update…
15:34:07 [INFO] [client-5] Round 6 — training locally…
15:34:07 [INFO] [client-5] Round 6 — sending update…
15:34:07 [INFO] [client-2] Round 6 done — loss=0.9280 acc=0.5670  1.9s
15:34:07 [INFO] [client-2] Round 7 — receiving model…
15:34:08 [INFO] [client-7] Round 6 done — loss=1.0237 acc=0.4646  2.1s
15:34:08 [INFO] [client-7] Round 7 — receiving model…
15:34:08 [INFO] [client-4] Round 6 done — loss=1.0077 acc=0.4986  3.7s
15:34:08 [INFO] [client-4] Round 7 — receiving model…
15:34:08 [INFO] [client-6] Round 6 done — loss=0.9958 acc=0.5014  3.8s
15:34:08 [INFO] [client-6] Round 7 — receiving model…
15:34:08 [INFO] [client-0] Round 6 done — loss=1.0406 acc=0.4798  2.1s
15:34:08 [INFO] [client-0] Round 7 — receiving model…
15:34:08 [INFO] [client-3] Round 6 done — loss=1.0280 acc=0.4653  2.2s
15:34:08 [INFO] [client-3] Round 7 — receiving model…
15:34:08 [INFO] [client-8] Round 6 done — loss=0.7346 acc=0.7304  2.3s
15:34:08 [INFO] [client-8] Round 7 — receiving model…
15:34:08 [INFO] [client-5] Round 6 done — loss=0.9319 acc=0.5766  2.4s
15:34:08 [INFO] [client-5] Round 7 — receiving model…
15:34:08 [INFO] Round 6/50  acc=0.5216  loss=1.0123  2.2s  clients=10
15:34:08 [INFO] Round 7 — sending model to 10 clients…
15:34:08 [INFO] [client-6] Round 7 — training locally…
15:34:08 [INFO] [client-6] Round 7 — sending update…
15:34:08 [INFO] [client-5] Round 7 — training locally…
15:34:08 [INFO] [client-5] Round 7 — sending update…
15:34:08 [INFO] [client-6] Round 7 done — loss=0.9967 acc=0.5146  0.6s
15:34:08 [INFO] [client-6] Round 8 — receiving model…
15:34:08 [INFO] Round 7 — waiting for 10 updates…
15:34:08 [INFO] [client-5] Round 7 done — loss=0.9240 acc=0.5759  0.5s
15:34:08 [INFO] [client-5] Round 8 — receiving model…
15:34:08 [INFO] [client-3] Round 7 — training locally…
15:34:08 [INFO] [client-3] Round 7 — sending update…
15:34:08 [INFO] [client-0] Round 7 — training locally…
15:34:09 [INFO] [client-0] Round 7 — sending update…
15:34:09 [INFO] [client-8] Round 7 — training locally…
15:34:09 [INFO] [client-8] Round 7 — sending update…
15:34:09 [INFO] [client-9] Round 7 — training locally…
15:34:09 [INFO] [client-9] Round 7 — sending update…
15:34:09 [INFO] [client-2] Round 7 — training locally…
15:34:09 [INFO] [client-2] Round 7 — sending update…
15:34:09 [INFO] [client-7] Round 7 — training locally…
15:34:09 [INFO] [client-7] Round 7 — sending update…
15:34:09 [INFO] [client-4] Round 7 — training locally…
15:34:09 [INFO] [client-4] Round 7 — sending update…
15:34:09 [INFO] [client-1] Round 7 — training locally…
15:34:10 [INFO] [client-1] Round 7 — sending update…
15:34:10 [INFO] [client-3] Round 7 done — loss=1.0225 acc=0.4766  2.0s
15:34:10 [INFO] [client-3] Round 8 — receiving model…
15:34:10 [INFO] [client-0] Round 7 done — loss=1.0380 acc=0.4736  2.1s
15:34:10 [INFO] [client-0] Round 8 — receiving model…
15:34:10 [INFO] [client-8] Round 7 done — loss=0.7350 acc=0.7304  2.0s
15:34:10 [INFO] [client-8] Round 8 — receiving model…
15:34:10 [INFO] [client-9] Round 7 done — loss=0.9799 acc=0.5432  3.8s
15:34:10 [INFO] [client-9] Round 8 — receiving model…
15:34:10 [INFO] [client-2] Round 7 done — loss=0.9186 acc=0.5683  2.3s
15:34:10 [INFO] [client-2] Round 8 — receiving model…
15:34:10 [INFO] [client-7] Round 7 done — loss=1.0228 acc=0.4701  2.3s
15:34:10 [INFO] [client-7] Round 8 — receiving model…
15:34:10 [INFO] [client-4] Round 7 done — loss=1.0011 acc=0.5014  2.3s
15:34:10 [INFO] [client-4] Round 8 — receiving model…
15:34:10 [INFO] [client-1] Round 7 done — loss=1.0487 acc=0.4495  3.9s
15:34:10 [INFO] [client-1] Round 8 — receiving model…
15:34:10 [INFO] Round 7/50  acc=0.5270  loss=1.0017  2.2s  clients=10
15:34:10 [INFO] Round 8 — sending model to 10 clients…
15:34:10 [INFO] [client-1] Round 8 — training locally…
15:34:10 [INFO] [client-1] Round 8 — sending update…
15:34:10 [INFO] [client-0] Round 8 — training locally…
15:34:10 [INFO] [client-0] Round 8 — sending update…
15:34:10 [INFO] [client-1] Round 8 done — loss=1.0487 acc=0.4392  0.4s
15:34:10 [INFO] [client-1] Round 9 — receiving model…
15:34:10 [INFO] Round 8 — waiting for 10 updates…
15:34:10 [INFO] [client-0] Round 8 done — loss=1.0384 acc=0.4767  0.7s
15:34:10 [INFO] [client-0] Round 9 — receiving model…
15:34:10 [INFO] [client-3] Round 8 — training locally…
15:34:11 [INFO] [client-3] Round 8 — sending update…
15:34:11 [INFO] [client-6] Round 8 — training locally…
15:34:11 [INFO] [client-6] Round 8 — sending update…
15:34:11 [INFO] [client-2] Round 8 — training locally…
15:34:11 [INFO] [client-2] Round 8 — sending update…
15:34:11 [INFO] [client-7] Round 8 — training locally…
15:34:11 [INFO] [client-7] Round 8 — sending update…
15:34:11 [INFO] [client-5] Round 8 — training locally…
15:34:11 [INFO] [client-5] Round 8 — sending update…
15:34:11 [INFO] [client-8] Round 8 — training locally…
15:34:11 [INFO] [client-8] Round 8 — sending update…
15:34:11 [INFO] [client-9] Round 8 — training locally…
15:34:12 [INFO] [client-9] Round 8 — sending update…
15:34:12 [INFO] [client-4] Round 8 — training locally…
15:34:12 [INFO] [client-4] Round 8 — sending update…
15:34:12 [INFO] [client-3] Round 8 done — loss=1.0242 acc=0.4777  2.2s
15:34:12 [INFO] [client-3] Round 9 — receiving model…
15:34:12 [INFO] [client-6] Round 8 done — loss=0.9956 acc=0.5115  3.7s
15:34:12 [INFO] [client-6] Round 9 — receiving model…
15:34:12 [INFO] [client-2] Round 8 done — loss=0.9097 acc=0.5738  2.2s
15:34:12 [INFO] [client-2] Round 9 — receiving model…
15:34:12 [INFO] [client-7] Round 8 done — loss=1.0238 acc=0.4608  2.2s
15:34:12 [INFO] [client-7] Round 9 — receiving model…
15:34:12 [INFO] [client-5] Round 8 done — loss=0.9204 acc=0.5790  3.9s
15:34:12 [INFO] [client-5] Round 9 — receiving model…
15:34:12 [INFO] [client-8] Round 8 done — loss=0.7327 acc=0.7291  2.4s
15:34:12 [INFO] [client-8] Round 9 — receiving model…
15:34:12 [INFO] [client-9] Round 8 done — loss=0.9778 acc=0.5439  2.4s
15:34:12 [INFO] [client-9] Round 9 — receiving model…
15:34:12 [INFO] [client-4] Round 8 done — loss=0.9979 acc=0.5103  2.3s
15:34:12 [INFO] [client-4] Round 9 — receiving model…
15:34:12 [INFO] Round 8/50  acc=0.5236  loss=0.9988  2.3s  clients=10
15:34:12 [INFO] Round 9 — sending model to 10 clients…
15:34:12 [INFO] [client-0] Round 9 — training locally…
15:34:12 [INFO] [client-0] Round 9 — sending update…
15:34:12 [INFO] [client-5] Round 9 — training locally…
15:34:13 [INFO] [client-5] Round 9 — sending update…
15:34:13 [INFO] [client-0] Round 9 done — loss=1.0377 acc=0.4802  2.3s
15:34:13 [INFO] [client-0] Round 10 — receiving model…
15:34:13 [INFO] Round 9 — waiting for 10 updates…
15:34:13 [INFO] [client-5] Round 9 done — loss=0.9171 acc=0.5814  0.6s
15:34:13 [INFO] [client-5] Round 10 — receiving model…
15:34:13 [INFO] [client-3] Round 9 — training locally…
15:34:13 [INFO] [client-3] Round 9 — sending update…
15:34:13 [INFO] [client-6] Round 9 — training locally…
15:34:13 [INFO] [client-6] Round 9 — sending update…
15:34:13 [INFO] [client-1] Round 9 — training locally…
15:34:13 [INFO] [client-1] Round 9 — sending update…
15:34:13 [INFO] [client-8] Round 9 — training locally…
15:34:13 [INFO] [client-8] Round 9 — sending update…
15:34:13 [INFO] [client-7] Round 9 — training locally…
15:34:14 [INFO] [client-7] Round 9 — sending update…
15:34:14 [INFO] [client-4] Round 9 — training locally…
15:34:14 [INFO] [client-4] Round 9 — sending update…
15:34:14 [INFO] [client-9] Round 9 — training locally…
15:34:14 [INFO] [client-9] Round 9 — sending update…
15:34:14 [INFO] [client-2] Round 9 — training locally…
15:34:14 [INFO] [client-2] Round 9 — sending update…
15:34:14 [INFO] [client-3] Round 9 done — loss=1.0222 acc=0.4732  2.3s
15:34:14 [INFO] [client-3] Round 10 — receiving model…
15:34:14 [INFO] [client-6] Round 9 done — loss=0.9925 acc=0.5132  2.3s
15:34:14 [INFO] [client-6] Round 10 — receiving model…
15:34:14 [INFO] [client-1] Round 9 done — loss=1.0503 acc=0.4399  3.9s
15:34:14 [INFO] [client-1] Round 10 — receiving model…
15:34:14 [INFO] [client-8] Round 9 done — loss=0.7335 acc=0.7304  2.1s
15:34:14 [INFO] [client-8] Round 10 — receiving model…
15:34:14 [INFO] [client-7] Round 9 done — loss=1.0242 acc=0.4573  2.2s
15:34:14 [INFO] [client-7] Round 10 — receiving model…
15:34:14 [INFO] [client-4] Round 9 done — loss=0.9948 acc=0.5038  2.1s
15:34:14 [INFO] [client-4] Round 10 — receiving model…
15:34:14 [INFO] [client-9] Round 9 done — loss=0.9785 acc=0.5425  2.2s
15:34:14 [INFO] [client-9] Round 10 — receiving model…
15:34:14 [INFO] [client-2] Round 9 done — loss=0.9116 acc=0.5690  2.4s
15:34:14 [INFO] [client-2] Round 10 — receiving model…
15:34:14 [INFO] Round 9/50  acc=0.5301  loss=0.9951  2.2s  clients=10
15:34:14 [INFO] Round 10 — sending model to 10 clients…
15:34:14 [INFO] [client-5] Round 10 — training locally…
15:34:15 [INFO] [client-5] Round 10 — sending update…
15:34:15 [INFO] [client-8] Round 10 — training locally…
15:34:15 [INFO] [client-8] Round 10 — sending update…
15:34:15 [INFO] [client-5] Round 10 done — loss=0.9194 acc=0.5797  2.2s
15:34:15 [INFO] [client-5] Round 11 — receiving model…
15:34:15 [INFO] Round 10 — waiting for 10 updates…
15:34:15 [INFO] [client-8] Round 10 done — loss=0.7330 acc=0.7291  0.6s
15:34:15 [INFO] [client-8] Round 11 — receiving model…
15:34:15 [INFO] [client-7] Round 10 — training locally…
15:34:15 [INFO] [client-7] Round 10 — sending update…
15:34:15 [INFO] [client-6] Round 10 — training locally…
15:34:15 [INFO] [client-6] Round 10 — sending update…
15:34:15 [INFO] [client-4] Round 10 — training locally…
15:34:15 [INFO] [client-4] Round 10 — sending update…
15:34:15 [INFO] [client-1] Round 10 — training locally…
15:34:16 [INFO] [client-1] Round 10 — sending update…
15:34:16 [INFO] [client-9] Round 10 — training locally…
15:34:16 [INFO] [client-9] Round 10 — sending update…
15:34:16 [INFO] [client-0] Round 10 — training locally…
15:34:16 [INFO] [client-0] Round 10 — sending update…
15:34:16 [INFO] [client-3] Round 10 — training locally…
15:34:16 [INFO] [client-3] Round 10 — sending update…
15:34:16 [INFO] [client-2] Round 10 — training locally…
15:34:16 [INFO] [client-2] Round 10 — sending update…
15:34:16 [INFO] [client-7] Round 10 done — loss=1.0258 acc=0.4632  2.0s
15:34:16 [INFO] [client-7] Round 11 — receiving model…
15:34:16 [INFO] [client-6] Round 10 done — loss=0.9956 acc=0.5094  2.2s
15:34:16 [INFO] [client-6] Round 11 — receiving model…
15:34:16 [INFO] [client-4] Round 10 done — loss=0.9944 acc=0.5045  2.1s
15:34:16 [INFO] [client-4] Round 11 — receiving model…
15:34:16 [INFO] [client-1] Round 10 done — loss=1.0507 acc=0.4409  2.2s
15:34:16 [INFO] [client-1] Round 11 — receiving model…
15:34:16 [INFO] [client-9] Round 10 done — loss=0.9761 acc=0.5428  2.1s
15:34:16 [INFO] [client-9] Round 11 — receiving model…
15:34:17 [INFO] [client-0] Round 10 done — loss=1.0349 acc=0.4696  3.9s
15:34:17 [INFO] [client-0] Round 11 — receiving model…
15:34:17 [INFO] [client-3] Round 10 done — loss=1.0235 acc=0.4715  2.4s
15:34:17 [INFO] [client-3] Round 11 — receiving model…
15:34:17 [INFO] [client-2] Round 10 done — loss=0.9003 acc=0.5793  2.2s
15:34:17 [INFO] [client-2] Round 11 — receiving model…
15:34:17 [INFO] Round 10/50  acc=0.5293  loss=0.9916  2.2s  clients=10
15:34:17 [INFO] Round 11 — sending model to 10 clients…
15:34:17 [INFO] [client-5] Round 11 — training locally…
15:34:17 [INFO] [client-5] Round 11 — sending update…
15:34:17 [INFO] [client-4] Round 11 — training locally…
15:34:17 [INFO] [client-4] Round 11 — sending update…
15:34:17 [INFO] [client-5] Round 11 done — loss=0.9168 acc=0.5783  2.2s
15:34:17 [INFO] [client-5] Round 12 — receiving model…
15:34:17 [INFO] Round 11 — waiting for 10 updates…
15:34:17 [INFO] [client-4] Round 11 done — loss=0.9975 acc=0.4993  0.7s
15:34:17 [INFO] [client-4] Round 12 — receiving model…
15:34:17 [INFO] [client-1] Round 11 — training locally…
15:34:17 [INFO] [client-1] Round 11 — sending update…
15:34:17 [INFO] [client-2] Round 11 — training locally…
15:34:17 [INFO] [client-2] Round 11 — sending update…
15:34:17 [INFO] [client-8] Round 11 — training locally…
15:34:18 [INFO] [client-8] Round 11 — sending update…
15:34:18 [INFO] [client-0] Round 11 — training locally…
15:34:18 [INFO] [client-0] Round 11 — sending update…
15:34:18 [INFO] [client-9] Round 11 — training locally…
15:34:18 [INFO] [client-9] Round 11 — sending update…
15:34:18 [INFO] [client-6] Round 11 — training locally…
15:34:18 [INFO] [client-6] Round 11 — sending update…
15:34:18 [INFO] [client-7] Round 11 — training locally…
15:34:18 [INFO] [client-7] Round 11 — sending update…
15:34:18 [INFO] [client-3] Round 11 — training locally…
15:34:18 [INFO] [client-3] Round 11 — sending update…
15:34:19 [INFO] [client-1] Round 11 done — loss=1.0490 acc=0.4481  2.1s
15:34:19 [INFO] [client-1] Round 12 — receiving model…
15:34:19 [INFO] [client-2] Round 11 done — loss=0.9031 acc=0.5783  2.0s
15:34:19 [INFO] [client-2] Round 12 — receiving model…
15:34:19 [INFO] [client-8] Round 11 done — loss=0.7334 acc=0.7304  3.7s
15:34:19 [INFO] [client-8] Round 12 — receiving model…
15:34:19 [INFO] [client-0] Round 11 done — loss=1.0315 acc=0.4798  2.1s
15:34:19 [INFO] [client-0] Round 12 — receiving model…
15:34:19 [INFO] [client-9] Round 11 done — loss=0.9751 acc=0.5425  2.2s
15:34:19 [INFO] [client-9] Round 12 — receiving model…
15:34:19 [INFO] [client-6] Round 11 done — loss=0.9944 acc=0.5069  2.3s
15:34:19 [INFO] [client-6] Round 12 — receiving model…
15:34:19 [INFO] [client-7] Round 11 done — loss=1.0247 acc=0.4559  2.4s
15:34:19 [INFO] [client-7] Round 12 — receiving model…
15:34:19 [INFO] [client-3] Round 11 done — loss=1.0243 acc=0.4718  2.2s
15:34:19 [INFO] [client-3] Round 12 — receiving model…
15:34:19 [INFO] Round 11/50  acc=0.5327  loss=0.9880  2.2s  clients=10
15:34:19 [INFO] Round 12 — sending model to 10 clients…
15:34:19 [INFO] [client-8] Round 12 — training locally…
15:34:19 [INFO] [client-8] Round 12 — sending update…
15:34:19 [INFO] [client-4] Round 12 — training locally…
15:34:19 [INFO] [client-4] Round 12 — sending update…
15:34:19 [INFO] [client-8] Round 12 done — loss=0.7327 acc=0.7294  0.6s
15:34:19 [INFO] [client-8] Round 13 — receiving model…
15:34:19 [INFO] Round 12 — waiting for 10 updates…
15:34:19 [INFO] [client-4] Round 12 done — loss=0.9974 acc=0.5096  2.2s
15:34:19 [INFO] [client-4] Round 13 — receiving model…
15:34:19 [INFO] [client-2] Round 12 — training locally…
15:34:19 [INFO] [client-2] Round 12 — sending update…
15:34:19 [INFO] [client-6] Round 12 — training locally…
15:34:20 [INFO] [client-6] Round 12 — sending update…
15:34:20 [INFO] [client-9] Round 12 — training locally…
15:34:20 [INFO] [client-9] Round 12 — sending update…
15:34:20 [INFO] [client-5] Round 12 — training locally…
15:34:20 [INFO] [client-5] Round 12 — sending update…
15:34:20 [INFO] [client-3] Round 12 — training locally…
15:34:20 [INFO] [client-3] Round 12 — sending update…
15:34:20 [INFO] [client-7] Round 12 — training locally…
15:34:20 [INFO] [client-7] Round 12 — sending update…
15:34:20 [INFO] [client-1] Round 12 — training locally…
15:34:21 [INFO] [client-1] Round 12 — sending update…
15:34:21 [INFO] [client-0] Round 12 — training locally…
15:34:21 [INFO] [client-0] Round 12 — sending update…
15:34:21 [INFO] [client-2] Round 12 done — loss=0.8992 acc=0.5683  2.2s
15:34:21 [INFO] [client-2] Round 13 — receiving model…
15:34:21 [INFO] [client-6] Round 12 done — loss=0.9955 acc=0.5111  2.0s
15:34:21 [INFO] [client-6] Round 13 — receiving model…
15:34:21 [INFO] [client-9] Round 12 done — loss=0.9776 acc=0.5407  2.1s
15:34:21 [INFO] [client-9] Round 13 — receiving model…
15:34:21 [INFO] [client-5] Round 12 done — loss=0.9146 acc=0.5841  3.8s
15:34:21 [INFO] [client-5] Round 13 — receiving model…
15:34:21 [INFO] [client-3] Round 12 done — loss=1.0244 acc=0.4742  2.1s
15:34:21 [INFO] [client-3] Round 13 — receiving model…
15:34:21 [INFO] [client-7] Round 12 done — loss=1.0239 acc=0.4667  2.2s
15:34:21 [INFO] [client-7] Round 13 — receiving model…
15:34:21 [INFO] [client-1] Round 12 done — loss=1.0489 acc=0.4396  2.4s
15:34:21 [INFO] [client-1] Round 13 — receiving model…
15:34:21 [INFO] [client-0] Round 12 done — loss=1.0370 acc=0.4815  2.3s
15:34:21 [INFO] [client-0] Round 13 — receiving model…
15:34:21 [INFO] Round 12/50  acc=0.5316  loss=0.9914  2.2s  clients=10
15:34:21 [INFO] Round 13 — sending model to 10 clients…
15:34:21 [INFO] [client-9] Round 13 — training locally…
15:34:21 [INFO] [client-9] Round 13 — sending update…
15:34:21 [INFO] [client-3] Round 13 — training locally…
15:34:21 [INFO] [client-3] Round 13 — sending update…
15:34:21 [INFO] [client-9] Round 13 done — loss=0.9749 acc=0.5481  0.6s
15:34:21 [INFO] [client-9] Round 14 — receiving model…
15:34:21 [INFO] Round 13 — waiting for 10 updates…
15:34:21 [INFO] [client-3] Round 13 done — loss=1.0198 acc=0.4749  0.6s
15:34:21 [INFO] [client-3] Round 14 — receiving model…
15:34:21 [INFO] [client-4] Round 13 — training locally…
15:34:22 [INFO] [client-4] Round 13 — sending update…
15:34:22 [INFO] [client-1] Round 13 — training locally…
15:34:22 [INFO] [client-1] Round 13 — sending update…
15:34:22 [INFO] [client-5] Round 13 — training locally…
15:34:22 [INFO] [client-5] Round 13 — sending update…
15:34:22 [INFO] [client-2] Round 13 — training locally…
15:34:22 [INFO] [client-2] Round 13 — sending update…
15:34:22 [INFO] [client-7] Round 13 — training locally…
15:34:22 [INFO] [client-7] Round 13 — sending update…
15:34:22 [INFO] [client-8] Round 13 — training locally…
15:34:23 [INFO] [client-8] Round 13 — sending update…
15:34:23 [INFO] [client-6] Round 13 — training locally…
15:34:23 [INFO] [client-6] Round 13 — sending update…
15:34:23 [INFO] [client-0] Round 13 — training locally…
15:34:23 [INFO] [client-0] Round 13 — sending update…
15:34:23 [INFO] [client-4] Round 13 done — loss=0.9996 acc=0.5031  3.6s
15:34:23 [INFO] [client-4] Round 14 — receiving model…
15:34:23 [INFO] [client-1] Round 13 done — loss=1.0480 acc=0.4361  2.0s
15:34:23 [INFO] [client-1] Round 14 — receiving model…
15:34:23 [INFO] [client-5] Round 13 done — loss=0.9121 acc=0.5780  2.2s
15:34:23 [INFO] [client-5] Round 14 — receiving model…
15:34:23 [INFO] [client-2] Round 13 done — loss=0.9006 acc=0.5797  2.3s
15:34:23 [INFO] [client-2] Round 14 — receiving model…
15:34:23 [INFO] [client-7] Round 13 done — loss=1.0233 acc=0.4615  2.2s
15:34:23 [INFO] [client-7] Round 14 — receiving model…
15:34:23 [INFO] [client-8] Round 13 done — loss=0.7323 acc=0.7297  3.9s
15:34:23 [INFO] [client-8] Round 14 — receiving model…
15:34:23 [INFO] [client-6] Round 13 done — loss=0.9953 acc=0.5003  2.4s
15:34:23 [INFO] [client-6] Round 14 — receiving model…
15:34:23 [INFO] [client-0] Round 13 done — loss=1.0313 acc=0.4793  2.2s
15:34:23 [INFO] [client-0] Round 14 — receiving model…
15:34:23 [INFO] Round 13/50  acc=0.5313  loss=0.9877  2.2s  clients=10
15:34:23 [INFO] Round 14 — sending model to 10 clients…
15:34:23 [INFO] [client-9] Round 14 — training locally…
15:34:23 [INFO] [client-9] Round 14 — sending update…
15:34:23 [INFO] [client-8] Round 14 — training locally…
15:34:24 [INFO] [client-8] Round 14 — sending update…
15:34:24 [INFO] [client-9] Round 14 done — loss=0.9755 acc=0.5471  2.2s
15:34:24 [INFO] [client-9] Round 15 — receiving model…
15:34:24 [INFO] Round 14 — waiting for 10 updates…
15:34:24 [INFO] [client-8] Round 14 done — loss=0.7317 acc=0.7301  0.6s
15:34:24 [INFO] [client-8] Round 15 — receiving model…
15:34:24 [INFO] [client-2] Round 14 — training locally…
15:34:24 [INFO] [client-2] Round 14 — sending update…
15:34:24 [INFO] [client-3] Round 14 — training locally…
15:34:24 [INFO] [client-3] Round 14 — sending update…
15:34:24 [INFO] [client-5] Round 14 — training locally…
15:34:24 [INFO] [client-5] Round 14 — sending update…
15:34:24 [INFO] [client-1] Round 14 — training locally…
15:34:24 [INFO] [client-1] Round 14 — sending update…
15:34:24 [INFO] [client-6] Round 14 — training locally…
15:34:25 [INFO] [client-6] Round 14 — sending update…
15:34:25 [INFO] [client-4] Round 14 — training locally…
15:34:25 [INFO] [client-4] Round 14 — sending update…
15:34:25 [INFO] [client-0] Round 14 — training locally…
15:34:25 [INFO] [client-0] Round 14 — sending update…
15:34:25 [INFO] [client-7] Round 14 — training locally…
15:34:25 [INFO] [client-7] Round 14 — sending update…
15:34:25 [INFO] [client-2] Round 14 done — loss=0.8989 acc=0.5776  2.1s
15:34:25 [INFO] [client-2] Round 15 — receiving model…
15:34:25 [INFO] [client-3] Round 14 done — loss=1.0210 acc=0.4688  3.7s
15:34:25 [INFO] [client-3] Round 15 — receiving model…
15:34:25 [INFO] [client-5] Round 14 done — loss=0.9125 acc=0.5869  2.2s
15:34:25 [INFO] [client-5] Round 15 — receiving model…
15:34:25 [INFO] [client-1] Round 14 done — loss=1.0494 acc=0.4433  2.3s
15:34:25 [INFO] [client-1] Round 15 — receiving model…
15:34:25 [INFO] [client-6] Round 14 done — loss=0.9956 acc=0.5132  2.1s
15:34:25 [INFO] [client-6] Round 15 — receiving model…
15:34:25 [INFO] [client-4] Round 14 done — loss=0.9992 acc=0.4990  2.4s
15:34:25 [INFO] [client-4] Round 15 — receiving model…
15:34:25 [INFO] [client-0] Round 14 done — loss=1.0370 acc=0.4767  2.1s
15:34:25 [INFO] [client-0] Round 15 — receiving model…
15:34:25 [INFO] [client-7] Round 14 done — loss=1.0250 acc=0.4535  2.3s
15:34:25 [INFO] [client-7] Round 15 — receiving model…
15:34:25 [INFO] Round 14/50  acc=0.5298  loss=0.9885  2.2s  clients=10
15:34:25 [INFO] Round 15 — sending model to 10 clients…
15:34:25 [INFO] [client-8] Round 15 — training locally…
15:34:26 [INFO] [client-8] Round 15 — sending update…
15:34:26 [INFO] [client-3] Round 15 — training locally…
15:34:26 [INFO] [client-3] Round 15 — sending update…
15:34:26 [INFO] [client-8] Round 15 done — loss=0.7303 acc=0.7297  2.2s
15:34:26 [INFO] [client-8] Round 16 — receiving model…
15:34:26 [INFO] Round 15 — waiting for 10 updates…
15:34:26 [INFO] [client-3] Round 15 done — loss=1.0222 acc=0.4708  0.7s
15:34:26 [INFO] [client-3] Round 16 — receiving model…
15:34:26 [INFO] [client-6] Round 15 — training locally…
15:34:26 [INFO] [client-6] Round 15 — sending update…
15:34:26 [INFO] [client-2] Round 15 — training locally…
15:34:26 [INFO] [client-2] Round 15 — sending update…
15:34:26 [INFO] [client-7] Round 15 — training locally…
15:34:26 [INFO] [client-7] Round 15 — sending update…
15:34:26 [INFO] [client-4] Round 15 — training locally…
15:34:27 [INFO] [client-4] Round 15 — sending update…
15:34:27 [INFO] [client-5] Round 15 — training locally…
15:34:27 [INFO] [client-5] Round 15 — sending update…
15:34:27 [INFO] [client-1] Round 15 — training locally…
15:34:27 [INFO] [client-1] Round 15 — sending update…
15:34:27 [INFO] [client-9] Round 15 — training locally…
15:34:27 [INFO] [client-9] Round 15 — sending update…
15:34:27 [INFO] [client-0] Round 15 — training locally…
15:34:27 [INFO] [client-0] Round 15 — sending update…
15:34:27 [INFO] [client-6] Round 15 done — loss=0.9935 acc=0.5156  2.1s
15:34:27 [INFO] [client-6] Round 16 — receiving model…
15:34:27 [INFO] [client-2] Round 15 done — loss=0.8994 acc=0.5773  2.2s
15:34:27 [INFO] [client-2] Round 16 — receiving model…
15:34:27 [INFO] [client-7] Round 15 done — loss=1.0253 acc=0.4625  2.0s
15:34:27 [INFO] [client-7] Round 16 — receiving model…
15:34:27 [INFO] [client-4] Round 15 done — loss=0.9945 acc=0.5021  2.1s
15:34:27 [INFO] [client-4] Round 16 — receiving model…
15:34:28 [INFO] [client-5] Round 15 done — loss=0.9115 acc=0.5831  2.4s
15:34:28 [INFO] [client-5] Round 16 — receiving model…
15:34:28 [INFO] [client-1] Round 15 done — loss=1.0478 acc=0.4471  2.4s
15:34:28 [INFO] [client-1] Round 16 — receiving model…
15:34:28 [INFO] [client-9] Round 15 done — loss=0.9757 acc=0.5446  4.0s
15:34:28 [INFO] [client-9] Round 16 — receiving model…
15:34:28 [INFO] [client-0] Round 15 done — loss=1.0330 acc=0.4784  2.3s
15:34:28 [INFO] [client-0] Round 16 — receiving model…
15:34:28 [INFO] Round 15/50  acc=0.5310  loss=0.9845  2.3s  clients=10
15:34:28 [INFO] Round 16 — sending model to 10 clients…
15:34:28 [INFO] [client-7] Round 16 — training locally…
15:34:28 [INFO] [client-7] Round 16 — sending update…
15:34:28 [INFO] [client-9] Round 16 — training locally…
15:34:28 [INFO] [client-9] Round 16 — sending update…
15:34:28 [INFO] [client-7] Round 16 done — loss=1.0251 acc=0.4615  0.7s
15:34:28 [INFO] [client-7] Round 17 — receiving model…
15:34:28 [INFO] Round 16 — waiting for 10 updates…
15:34:28 [INFO] [client-9] Round 16 done — loss=0.9754 acc=0.5474  0.5s
15:34:28 [INFO] [client-9] Round 17 — receiving model…
15:34:28 [INFO] [client-3] Round 16 — training locally…
15:34:28 [INFO] [client-3] Round 16 — sending update…
15:34:28 [INFO] [client-1] Round 16 — training locally…
15:34:28 [INFO] [client-1] Round 16 — sending update…
15:34:28 [INFO] [client-6] Round 16 — training locally…
15:34:29 [INFO] [client-6] Round 16 — sending update…
15:34:29 [INFO] [client-0] Round 16 — training locally…
15:34:29 [INFO] [client-0] Round 16 — sending update…
15:34:29 [INFO] [client-4] Round 16 — training locally…
15:34:29 [INFO] [client-4] Round 16 — sending update…
15:34:29 [INFO] [client-8] Round 16 — training locally…
15:34:29 [INFO] [client-8] Round 16 — sending update…
15:34:29 [INFO] [client-2] Round 16 — training locally…
15:34:29 [INFO] [client-2] Round 16 — sending update…
15:34:29 [INFO] [client-5] Round 16 — training locally…
15:34:30 [INFO] [client-5] Round 16 — sending update…
15:34:30 [INFO] [client-3] Round 16 done — loss=1.0193 acc=0.4784  3.7s
15:34:30 [INFO] [client-3] Round 17 — receiving model…
15:34:30 [INFO] [client-1] Round 16 done — loss=1.0462 acc=0.4457  2.0s
15:34:30 [INFO] [client-1] Round 17 — receiving model…
15:34:30 [INFO] [client-6] Round 16 done — loss=0.9938 acc=0.5111  2.3s
15:34:30 [INFO] [client-6] Round 17 — receiving model…
15:34:30 [INFO] [client-0] Round 16 done — loss=1.0330 acc=0.4758  2.0s
15:34:30 [INFO] [client-0] Round 17 — receiving model…
15:34:30 [INFO] [client-4] Round 16 done — loss=0.9943 acc=0.5045  2.3s
15:34:30 [INFO] [client-4] Round 17 — receiving model…
15:34:30 [INFO] [client-8] Round 16 done — loss=0.7348 acc=0.7294  3.9s
15:34:30 [INFO] [client-8] Round 17 — receiving model…
15:34:30 [INFO] [client-2] Round 16 done — loss=0.9007 acc=0.5725  2.4s
15:34:30 [INFO] [client-2] Round 17 — receiving model…
15:34:30 [INFO] [client-5] Round 16 done — loss=0.9098 acc=0.5831  2.3s
15:34:30 [INFO] [client-5] Round 17 — receiving model…
15:34:30 [INFO] Round 16/50  acc=0.5318  loss=0.9820  2.2s  clients=10
15:34:30 [INFO] Round 17 — sending model to 10 clients…
15:34:30 [INFO] [client-5] Round 17 — training locally…
15:34:30 [INFO] [client-5] Round 17 — sending update…
15:34:30 [INFO] [client-4] Round 17 — training locally…
15:34:30 [INFO] [client-4] Round 17 — sending update…
15:34:30 [INFO] [client-5] Round 17 done — loss=0.9128 acc=0.5848  0.5s
15:34:30 [INFO] [client-5] Round 18 — receiving model…
15:34:30 [INFO] Round 17 — waiting for 10 updates…
15:34:30 [INFO] [client-4] Round 17 done — loss=0.9948 acc=0.5010  0.6s
15:34:30 [INFO] [client-4] Round 18 — receiving model…
15:34:30 [INFO] [client-7] Round 17 — training locally…
15:34:30 [INFO] [client-7] Round 17 — sending update…
15:34:30 [INFO] [client-0] Round 17 — training locally…
15:34:31 [INFO] [client-0] Round 17 — sending update…
15:34:31 [INFO] [client-2] Round 17 — training locally…
15:34:31 [INFO] [client-2] Round 17 — sending update…
15:34:31 [INFO] [client-8] Round 17 — training locally…
15:34:31 [INFO] [client-8] Round 17 — sending update…
15:34:31 [INFO] [client-1] Round 17 — training locally…
15:34:31 [INFO] [client-1] Round 17 — sending update…
15:34:31 [INFO] [client-6] Round 17 — training locally…
15:34:31 [INFO] [client-6] Round 17 — sending update…
15:34:31 [INFO] [client-9] Round 17 — training locally…
15:34:32 [INFO] [client-9] Round 17 — sending update…
15:34:32 [INFO] [client-3] Round 17 — training locally…
15:34:32 [INFO] [client-3] Round 17 — sending update…
15:34:32 [INFO] [client-7] Round 17 done — loss=1.0261 acc=0.4566  3.7s
15:34:32 [INFO] [client-7] Round 18 — receiving model…
15:34:32 [INFO] [client-0] Round 17 done — loss=1.0318 acc=0.4732  2.1s
15:34:32 [INFO] [client-0] Round 18 — receiving model…
15:34:32 [INFO] [client-2] Round 17 done — loss=0.8953 acc=0.5755  2.1s
15:34:32 [INFO] [client-2] Round 18 — receiving model…
15:34:32 [INFO] [client-8] Round 17 done — loss=0.7254 acc=0.7301  2.1s
15:34:32 [INFO] [client-8] Round 18 — receiving model…
15:34:32 [INFO] [client-1] Round 17 done — loss=1.0482 acc=0.4375  2.3s
15:34:32 [INFO] [client-1] Round 18 — receiving model…
15:34:32 [INFO] [client-6] Round 17 done — loss=0.9933 acc=0.5156  2.3s
15:34:32 [INFO] [client-6] Round 18 — receiving model…
15:34:32 [INFO] [client-9] Round 17 done — loss=0.9725 acc=0.5474  3.9s
15:34:32 [INFO] [client-9] Round 18 — receiving model…
15:34:32 [INFO] [client-3] Round 17 done — loss=1.0226 acc=0.4804  2.4s
15:34:32 [INFO] [client-3] Round 18 — receiving model…
15:34:32 [INFO] Round 17/50  acc=0.5301  loss=0.9870  2.2s  clients=10
15:34:32 [INFO] Round 18 — sending model to 10 clients…
15:34:32 [INFO] [client-0] Round 18 — training locally…
15:34:32 [INFO] [client-0] Round 18 — sending update…
15:34:32 [INFO] [client-4] Round 18 — training locally…
15:34:32 [INFO] [client-4] Round 18 — sending update…
15:34:32 [INFO] [client-0] Round 18 done — loss=1.0362 acc=0.4701  0.6s
15:34:32 [INFO] [client-0] Round 19 — receiving model…
15:34:32 [INFO] Round 18 — waiting for 10 updates…
15:34:32 [INFO] [client-4] Round 18 done — loss=0.9886 acc=0.5079  2.2s
15:34:32 [INFO] [client-4] Round 19 — receiving model…
15:34:32 [INFO] [client-6] Round 18 — training locally…
15:34:33 [INFO] [client-6] Round 18 — sending update…
15:34:33 [INFO] [client-3] Round 18 — training locally…
15:34:33 [INFO] [client-3] Round 18 — sending update…
15:34:33 [INFO] [client-7] Round 18 — training locally…
15:34:33 [INFO] [client-7] Round 18 — sending update…
15:34:33 [INFO] [client-5] Round 18 — training locally…
15:34:33 [INFO] [client-5] Round 18 — sending update…
15:34:33 [INFO] [client-2] Round 18 — training locally…
15:34:33 [INFO] [client-2] Round 18 — sending update…
15:34:33 [INFO] [client-1] Round 18 — training locally…
15:34:34 [INFO] [client-1] Round 18 — sending update…
15:34:34 [INFO] [client-8] Round 18 — training locally…
15:34:34 [INFO] [client-8] Round 18 — sending update…
15:34:34 [INFO] [client-9] Round 18 — training locally…
15:34:34 [INFO] [client-9] Round 18 — sending update…
15:34:34 [INFO] [client-6] Round 18 done — loss=0.9968 acc=0.5056  2.0s
15:34:34 [INFO] [client-6] Round 19 — receiving model…
15:34:34 [INFO] [client-3] Round 18 done — loss=1.0278 acc=0.4712  2.0s
15:34:34 [INFO] [client-3] Round 19 — receiving model…
15:34:34 [INFO] [client-7] Round 18 done — loss=1.0257 acc=0.4701  2.3s
15:34:34 [INFO] [client-7] Round 19 — receiving model…
15:34:34 [INFO] [client-5] Round 18 done — loss=0.9128 acc=0.5831  3.8s
15:34:34 [INFO] [client-5] Round 19 — receiving model…
15:34:34 [INFO] [client-2] Round 18 done — loss=0.8982 acc=0.5749  2.3s
15:34:34 [INFO] [client-2] Round 19 — receiving model…
15:34:34 [INFO] [client-1] Round 18 done — loss=1.0470 acc=0.4444  2.2s
15:34:34 [INFO] [client-1] Round 19 — receiving model…
15:34:34 [INFO] [client-8] Round 18 done — loss=0.7296 acc=0.7297  2.3s
15:34:34 [INFO] [client-8] Round 19 — receiving model…
15:34:34 [INFO] [client-9] Round 18 done — loss=0.9761 acc=0.5421  2.2s
15:34:34 [INFO] [client-9] Round 19 — receiving model…
15:34:34 [INFO] Round 18/50  acc=0.5293  loss=0.9857  2.2s  clients=10
15:34:34 [INFO] Round 19 — sending model to 10 clients…
15:34:34 [INFO] [client-5] Round 19 — training locally…
15:34:34 [INFO] [client-5] Round 19 — sending update…
15:34:34 [INFO] [client-9] Round 19 — training locally…
15:34:35 [INFO] [client-9] Round 19 — sending update…
15:34:35 [INFO] [client-5] Round 19 done — loss=0.9112 acc=0.5797  0.6s
15:34:35 [INFO] [client-5] Round 20 — receiving model…
15:34:35 [INFO] Round 19 — waiting for 10 updates…
15:34:35 [INFO] [client-9] Round 19 done — loss=0.9744 acc=0.5492  0.5s
15:34:35 [INFO] [client-9] Round 20 — receiving model…
15:34:35 [INFO] [client-1] Round 19 — training locally…
15:34:35 [INFO] [client-1] Round 19 — sending update…
15:34:35 [INFO] [client-8] Round 19 — training locally…
15:34:35 [INFO] [client-8] Round 19 — sending update…
15:34:35 [INFO] [client-4] Round 19 — training locally…
15:34:35 [INFO] [client-4] Round 19 — sending update…
15:34:35 [INFO] [client-0] Round 19 — training locally…
15:34:35 [INFO] [client-0] Round 19 — sending update…
15:34:35 [INFO] [client-2] Round 19 — training locally…
15:34:36 [INFO] [client-2] Round 19 — sending update…
15:34:36 [INFO] [client-7] Round 19 — training locally…
15:34:36 [INFO] [client-7] Round 19 — sending update…
15:34:36 [INFO] [client-6] Round 19 — training locally…
15:34:36 [INFO] [client-6] Round 19 — sending update…
15:34:36 [INFO] [client-3] Round 19 — training locally…
15:34:36 [INFO] [client-3] Round 19 — sending update…
15:34:36 [INFO] [client-1] Round 19 done — loss=1.0478 acc=0.4468  2.0s
15:34:36 [INFO] [client-1] Round 20 — receiving model…
15:34:36 [INFO] [client-8] Round 19 done — loss=0.7316 acc=0.7304  2.0s
15:34:36 [INFO] [client-8] Round 20 — receiving model…
15:34:36 [INFO] [client-4] Round 19 done — loss=0.9949 acc=0.5031  3.7s
15:34:36 [INFO] [client-4] Round 20 — receiving model…
15:34:36 [INFO] [client-0] Round 19 done — loss=1.0307 acc=0.4802  3.8s
15:34:36 [INFO] [client-0] Round 20 — receiving model…
15:34:36 [INFO] [client-2] Round 19 done — loss=0.8936 acc=0.5876  2.2s
15:34:36 [INFO] [client-2] Round 20 — receiving model…
15:34:36 [INFO] [client-7] Round 19 done — loss=1.0241 acc=0.4674  2.3s
15:34:36 [INFO] [client-7] Round 20 — receiving model…
15:34:36 [INFO] [client-6] Round 19 done — loss=0.9927 acc=0.5205  2.4s
15:34:36 [INFO] [client-6] Round 20 — receiving model…
15:34:36 [INFO] [client-3] Round 19 done — loss=1.0145 acc=0.4763  2.4s
15:34:36 [INFO] [client-3] Round 20 — receiving model…
15:34:36 [INFO] Round 19/50  acc=0.5316  loss=0.9840  2.2s  clients=10
15:34:36 [INFO] Round 20 — sending model to 10 clients…
15:34:36 [INFO] [client-3] Round 20 — training locally…
15:34:37 [INFO] [client-3] Round 20 — sending update…
15:34:37 [INFO] [client-5] Round 20 — training locally…
15:34:37 [INFO] [client-5] Round 20 — sending update…
15:34:37 [INFO] [client-3] Round 20 done — loss=1.0190 acc=0.4705  0.5s
15:34:37 [INFO] [client-3] Round 21 — receiving model…
15:34:37 [INFO] Round 20 — waiting for 10 updates…
15:34:37 [INFO] [client-5] Round 20 done — loss=0.9112 acc=0.5828  2.2s
15:34:37 [INFO] [client-5] Round 21 — receiving model…
15:34:37 [INFO] [client-2] Round 20 — training locally…
15:34:37 [INFO] [client-2] Round 20 — sending update…
15:34:37 [INFO] [client-4] Round 20 — training locally…
15:34:37 [INFO] [client-4] Round 20 — sending update…
15:34:37 [INFO] [client-1] Round 20 — training locally…
15:34:37 [INFO] [client-1] Round 20 — sending update…
15:34:37 [INFO] [client-6] Round 20 — training locally…
15:34:38 [INFO] [client-6] Round 20 — sending update…
15:34:38 [INFO] [client-7] Round 20 — training locally…
15:34:38 [INFO] [client-7] Round 20 — sending update…
15:34:38 [INFO] [client-8] Round 20 — training locally…
15:34:38 [INFO] [client-8] Round 20 — sending update…
15:34:38 [INFO] [client-0] Round 20 — training locally…
15:34:38 [INFO] [client-0] Round 20 — sending update…
15:34:38 [INFO] [client-9] Round 20 — training locally…
15:34:38 [INFO] [client-9] Round 20 — sending update…
15:34:38 [INFO] [client-2] Round 20 done — loss=0.8923 acc=0.5848  2.0s
15:34:38 [INFO] [client-2] Round 21 — receiving model…
15:34:38 [INFO] [client-4] Round 20 done — loss=0.9947 acc=0.4983  2.2s
15:34:38 [INFO] [client-4] Round 21 — receiving model…
15:34:38 [INFO] [client-1] Round 20 done — loss=1.0482 acc=0.4464  2.3s
15:34:38 [INFO] [client-1] Round 21 — receiving model…
15:34:38 [INFO] [client-6] Round 20 done — loss=0.9879 acc=0.5156  2.1s
15:34:38 [INFO] [client-6] Round 21 — receiving model…
15:34:38 [INFO] [client-7] Round 20 done — loss=1.0239 acc=0.4677  2.2s
15:34:38 [INFO] [client-7] Round 21 — receiving model…
15:34:38 [INFO] [client-8] Round 20 done — loss=0.7325 acc=0.7304  2.3s
15:34:38 [INFO] [client-8] Round 21 — receiving model…
15:34:39 [INFO] [client-0] Round 20 done — loss=1.0330 acc=0.4710  2.3s
15:34:39 [INFO] [client-0] Round 21 — receiving model…
15:34:39 [INFO] [client-9] Round 20 done — loss=0.9731 acc=0.5453  3.9s
15:34:39 [INFO] [client-9] Round 21 — receiving model…
15:34:39 [INFO] Round 20/50  acc=0.5316  loss=0.9881  2.2s  clients=10
15:34:39 [INFO] Round 21 — sending model to 10 clients…
15:34:39 [INFO] [client-0] Round 21 — training locally…
15:34:39 [INFO] [client-0] Round 21 — sending update…
15:34:39 [INFO] [client-4] Round 21 — training locally…
15:34:39 [INFO] [client-4] Round 21 — sending update…
15:34:39 [INFO] [client-0] Round 21 done — loss=1.0323 acc=0.4626  0.4s
15:34:39 [INFO] [client-0] Round 22 — receiving model…
15:34:39 [INFO] Round 21 — waiting for 10 updates…
15:34:39 [INFO] [client-4] Round 21 done — loss=0.9910 acc=0.4990  0.7s
15:34:39 [INFO] [client-4] Round 22 — receiving model…
15:34:39 [INFO] [client-9] Round 21 — training locally…
15:34:39 [INFO] [client-9] Round 21 — sending update…
15:34:39 [INFO] [client-1] Round 21 — training locally…
15:34:39 [INFO] [client-1] Round 21 — sending update…
15:34:39 [INFO] [client-5] Round 21 — training locally…
15:34:40 [INFO] [client-5] Round 21 — sending update…
15:34:40 [INFO] [client-8] Round 21 — training locally…
15:34:40 [INFO] [client-8] Round 21 — sending update…
15:34:40 [INFO] [client-7] Round 21 — training locally…
15:34:40 [INFO] [client-7] Round 21 — sending update…
15:34:40 [INFO] [client-3] Round 21 — training locally…
15:34:40 [INFO] [client-3] Round 21 — sending update…
15:34:40 [INFO] [client-6] Round 21 — training locally…
15:34:40 [INFO] [client-6] Round 21 — sending update…
15:34:40 [INFO] [client-2] Round 21 — training locally…
15:34:40 [INFO] [client-2] Round 21 — sending update…
15:34:40 [INFO] [client-9] Round 21 done — loss=0.9733 acc=0.5471  1.9s
15:34:40 [INFO] [client-9] Round 22 — receiving model…
15:34:41 [INFO] [client-1] Round 21 done — loss=1.0469 acc=0.4413  2.1s
15:34:41 [INFO] [client-1] Round 22 — receiving model…
15:34:41 [INFO] [client-5] Round 21 done — loss=0.9097 acc=0.5783  3.7s
15:34:41 [INFO] [client-5] Round 22 — receiving model…
15:34:41 [INFO] [client-8] Round 21 done — loss=0.7308 acc=0.7291  2.1s
15:34:41 [INFO] [client-8] Round 22 — receiving model…
15:34:41 [INFO] [client-7] Round 21 done — loss=1.0213 acc=0.4750  2.2s
15:34:41 [INFO] [client-7] Round 22 — receiving model…
15:34:41 [INFO] [client-3] Round 21 done — loss=1.0197 acc=0.4756  3.8s
15:34:41 [INFO] [client-3] Round 22 — receiving model…
15:34:41 [INFO] [client-6] Round 21 done — loss=0.9914 acc=0.5149  2.3s
15:34:41 [INFO] [client-6] Round 22 — receiving model…
15:34:41 [INFO] [client-2] Round 21 done — loss=0.8926 acc=0.5845  2.4s
15:34:41 [INFO] [client-2] Round 22 — receiving model…
15:34:41 [INFO] Round 21/50  acc=0.5304  loss=0.9910  2.2s  clients=10
15:34:41 [INFO] Round 22 — sending model to 10 clients…
15:34:41 [INFO] [client-5] Round 22 — training locally…
15:34:41 [INFO] [client-5] Round 22 — sending update…
15:34:41 [INFO] [client-4] Round 22 — training locally…
15:34:41 [INFO] [client-4] Round 22 — sending update…
15:34:41 [INFO] [client-5] Round 22 done — loss=0.9100 acc=0.5855  0.6s
15:34:41 [INFO] [client-5] Round 23 — receiving model…
15:34:41 [INFO] Round 22 — waiting for 10 updates…
15:34:41 [INFO] [client-4] Round 22 done — loss=0.9902 acc=0.5079  2.2s
15:34:41 [INFO] [client-4] Round 23 — receiving model…
15:34:41 [INFO] [client-6] Round 22 — training locally…
15:34:41 [INFO] [client-6] Round 22 — sending update…
15:34:41 [INFO] [client-1] Round 22 — training locally…
15:34:42 [INFO] [client-1] Round 22 — sending update…
15:34:42 [INFO] [client-3] Round 22 — training locally…
15:34:42 [INFO] [client-3] Round 22 — sending update…
15:34:42 [INFO] [client-7] Round 22 — training locally…
15:34:42 [INFO] [client-7] Round 22 — sending update…
15:34:42 [INFO] [client-8] Round 22 — training locally…
15:34:42 [INFO] [client-8] Round 22 — sending update…
15:34:42 [INFO] [client-9] Round 22 — training locally…
15:34:42 [INFO] [client-9] Round 22 — sending update…
15:34:42 [INFO] [client-0] Round 22 — training locally…
15:34:42 [INFO] [client-0] Round 22 — sending update…
15:34:42 [INFO] [client-2] Round 22 — training locally…
15:34:43 [INFO] [client-2] Round 22 — sending update…
15:34:43 [INFO] [client-6] Round 22 done — loss=0.9913 acc=0.5302  2.0s
15:34:43 [INFO] [client-6] Round 23 — receiving model…
15:34:43 [INFO] [client-1] Round 22 done — loss=1.0486 acc=0.4361  2.2s
15:34:43 [INFO] [client-1] Round 23 — receiving model…
15:34:43 [INFO] [client-3] Round 22 done — loss=1.0173 acc=0.4742  2.1s
15:34:43 [INFO] [client-3] Round 23 — receiving model…
15:34:43 [INFO] [client-7] Round 22 done — loss=1.0231 acc=0.4562  2.2s
15:34:43 [INFO] [client-7] Round 23 — receiving model…
15:34:43 [INFO] [client-8] Round 22 done — loss=0.7307 acc=0.7301  2.2s
15:34:43 [INFO] [client-8] Round 23 — receiving model…
15:34:43 [INFO] [client-9] Round 22 done — loss=0.9734 acc=0.5467  2.4s
15:34:43 [INFO] [client-9] Round 23 — receiving model…
15:34:43 [INFO] [client-0] Round 22 done — loss=1.0346 acc=0.4723  3.9s
15:34:43 [INFO] [client-0] Round 23 — receiving model…
15:34:43 [INFO] [client-2] Round 22 done — loss=0.8937 acc=0.5738  2.3s
15:34:43 [INFO] [client-2] Round 23 — receiving model…
15:34:43 [INFO] Round 22/50  acc=0.5304  loss=0.9859  2.3s  clients=10
15:34:43 [INFO] Round 23 — sending model to 10 clients…
15:34:43 [INFO] [client-6] Round 23 — training locally…
15:34:43 [INFO] [client-6] Round 23 — sending update…
15:34:43 [INFO] [client-1] Round 23 — training locally…
15:34:43 [INFO] [client-1] Round 23 — sending update…
15:34:43 [INFO] [client-6] Round 23 done — loss=0.9924 acc=0.5142  0.8s
15:34:43 [INFO] [client-6] Round 24 — receiving model…
15:34:43 [INFO] Round 23 — waiting for 10 updates…
15:34:43 [INFO] [client-1] Round 23 done — loss=1.0455 acc=0.4488  0.8s
15:34:43 [INFO] [client-1] Round 24 — receiving model…
15:34:43 [INFO] [client-5] Round 23 — training locally…
15:34:44 [INFO] [client-5] Round 23 — sending update…
15:34:44 [INFO] [client-8] Round 23 — training locally…
15:34:44 [INFO] [client-8] Round 23 — sending update…
15:34:44 [INFO] [client-4] Round 23 — training locally…
15:34:44 [INFO] [client-4] Round 23 — sending update…
15:34:44 [INFO] [client-9] Round 23 — training locally…
15:34:44 [INFO] [client-9] Round 23 — sending update…
15:34:44 [INFO] [client-0] Round 23 — training locally…
15:34:44 [INFO] [client-0] Round 23 — sending update…
15:34:44 [INFO] [client-3] Round 23 — training locally…
15:34:45 [INFO] [client-3] Round 23 — sending update…
15:34:45 [INFO] [client-7] Round 23 — training locally…
15:34:45 [INFO] [client-7] Round 23 — sending update…
15:34:45 [INFO] [client-2] Round 23 — training locally…
15:34:45 [INFO] [client-2] Round 23 — sending update…
15:34:45 [INFO] [client-5] Round 23 done — loss=0.9112 acc=0.5828  3.8s
15:34:45 [INFO] [client-5] Round 24 — receiving model…
15:34:45 [INFO] [client-8] Round 23 done — loss=0.7352 acc=0.7277  2.2s
15:34:45 [INFO] [client-8] Round 24 — receiving model…
15:34:45 [INFO] [client-4] Round 23 done — loss=0.9942 acc=0.5024  3.8s
15:34:45 [INFO] [client-4] Round 24 — receiving model…
15:34:45 [INFO] [client-9] Round 23 done — loss=0.9751 acc=0.5495  2.2s
15:34:45 [INFO] [client-9] Round 24 — receiving model…
15:34:45 [INFO] [client-0] Round 23 done — loss=1.0367 acc=0.4679  2.2s
15:34:45 [INFO] [client-0] Round 24 — receiving model…
15:34:45 [INFO] [client-3] Round 23 done — loss=1.0144 acc=0.4746  2.4s
15:34:45 [INFO] [client-3] Round 24 — receiving model…
15:34:45 [INFO] [client-7] Round 23 done — loss=1.0259 acc=0.4677  2.4s
15:34:45 [INFO] [client-7] Round 24 — receiving model…
15:34:45 [INFO] [client-2] Round 23 done — loss=0.8935 acc=0.5814  2.2s
15:34:45 [INFO] [client-2] Round 24 — receiving model…
15:34:45 [INFO] Round 23/50  acc=0.5327  loss=0.9877  2.2s  clients=10
15:34:45 [INFO] Round 24 — sending model to 10 clients…
15:34:45 [INFO] [client-6] Round 24 — training locally…
15:34:45 [INFO] [client-6] Round 24 — sending update…
15:34:45 [INFO] [client-0] Round 24 — training locally…
15:34:46 [INFO] [client-0] Round 24 — sending update…
15:34:46 [INFO] [client-6] Round 24 done — loss=0.9913 acc=0.5212  2.1s
15:34:46 [INFO] [client-6] Round 25 — receiving model…
15:34:46 [INFO] Round 24 — waiting for 10 updates…
15:34:46 [INFO] [client-0] Round 24 done — loss=1.0327 acc=0.4723  0.6s
15:34:46 [INFO] [client-0] Round 25 — receiving model…
15:34:46 [INFO] [client-9] Round 24 — training locally…
15:34:46 [INFO] [client-9] Round 24 — sending update…
15:34:46 [INFO] [client-7] Round 24 — training locally…
15:34:46 [INFO] [client-7] Round 24 — sending update…
15:34:46 [INFO] [client-8] Round 24 — training locally…
15:34:46 [INFO] [client-8] Round 24 — sending update…
15:34:46 [INFO] [client-5] Round 24 — training locally…
15:34:46 [INFO] [client-5] Round 24 — sending update…
15:34:46 [INFO] [client-3] Round 24 — training locally…
15:34:47 [INFO] [client-3] Round 24 — sending update…
15:34:47 [INFO] [client-4] Round 24 — training locally…
15:34:47 [INFO] [client-4] Round 24 — sending update…
15:34:47 [INFO] [client-2] Round 24 — training locally…
15:34:47 [INFO] [client-2] Round 24 — sending update…
15:34:47 [INFO] [client-1] Round 24 — training locally…
15:34:47 [INFO] [client-1] Round 24 — sending update…
15:34:47 [INFO] [client-9] Round 24 done — loss=0.9725 acc=0.5467  2.1s
15:34:47 [INFO] [client-9] Round 25 — receiving model…
15:34:47 [INFO] [client-7] Round 24 done — loss=1.0241 acc=0.4660  2.0s
15:34:47 [INFO] [client-7] Round 25 — receiving model…
15:34:47 [INFO] [client-8] Round 24 done — loss=0.7336 acc=0.7294  2.2s
15:34:47 [INFO] [client-8] Round 25 — receiving model…
15:34:47 [INFO] [client-5] Round 24 done — loss=0.9088 acc=0.5838  2.3s
15:34:47 [INFO] [client-5] Round 25 — receiving model…
15:34:47 [INFO] [client-3] Round 24 done — loss=1.0167 acc=0.4670  2.2s
15:34:47 [INFO] [client-3] Round 25 — receiving model…
15:34:47 [INFO] [client-4] Round 24 done — loss=0.9905 acc=0.5048  2.3s
15:34:47 [INFO] [client-4] Round 25 — receiving model…
15:34:47 [INFO] [client-2] Round 24 done — loss=0.8908 acc=0.5817  2.1s
15:34:47 [INFO] [client-2] Round 25 — receiving model…
15:34:47 [INFO] [client-1] Round 24 done — loss=1.0488 acc=0.4427  3.9s
15:34:47 [INFO] [client-1] Round 25 — receiving model…
15:34:47 [INFO] Round 24/50  acc=0.5296  loss=0.9949  2.2s  clients=10
15:34:47 [INFO] Round 25 — sending model to 10 clients…
15:34:47 [INFO] [client-4] Round 25 — training locally…
15:34:48 [INFO] [client-4] Round 25 — sending update…
15:34:48 [INFO] [client-3] Round 25 — training locally…
15:34:48 [INFO] [client-3] Round 25 — sending update…
15:34:48 [INFO] [client-4] Round 25 done — loss=0.9905 acc=0.4986  0.5s
15:34:48 [INFO] [client-4] Round 26 — receiving model…
15:34:48 [INFO] Round 25 — waiting for 10 updates…
15:34:48 [INFO] [client-3] Round 25 done — loss=1.0218 acc=0.4753  0.6s
15:34:48 [INFO] [client-3] Round 26 — receiving model…
15:34:48 [INFO] [client-0] Round 25 — training locally…
15:34:48 [INFO] [client-0] Round 25 — sending update…
15:34:48 [INFO] [client-1] Round 25 — training locally…
15:34:48 [INFO] [client-1] Round 25 — sending update…
15:34:48 [INFO] [client-2] Round 25 — training locally…
15:34:48 [INFO] [client-2] Round 25 — sending update…
15:34:48 [INFO] [client-6] Round 25 — training locally…
15:34:49 [INFO] [client-6] Round 25 — sending update…
15:34:49 [INFO] [client-5] Round 25 — training locally…
15:34:49 [INFO] [client-5] Round 25 — sending update…
15:34:49 [INFO] [client-9] Round 25 — training locally…
15:34:49 [INFO] [client-9] Round 25 — sending update…
15:34:49 [INFO] [client-7] Round 25 — training locally…
15:34:49 [INFO] [client-7] Round 25 — sending update…
15:34:49 [INFO] [client-8] Round 25 — training locally…
15:34:49 [INFO] [client-8] Round 25 — sending update…
15:34:49 [INFO] [client-0] Round 25 done — loss=1.0377 acc=0.4727  3.7s
15:34:49 [INFO] [client-0] Round 26 — receiving model…
15:34:49 [INFO] [client-1] Round 25 done — loss=1.0446 acc=0.4519  2.0s
15:34:49 [INFO] [client-1] Round 26 — receiving model…
15:34:49 [INFO] [client-2] Round 25 done — loss=0.8934 acc=0.5862  2.0s
15:34:49 [INFO] [client-2] Round 26 — receiving model…
15:34:49 [INFO] [client-6] Round 25 done — loss=0.9905 acc=0.5125  3.8s
15:34:49 [INFO] [client-6] Round 26 — receiving model…
15:34:49 [INFO] [client-5] Round 25 done — loss=0.9117 acc=0.5821  2.2s
15:34:49 [INFO] [client-5] Round 26 — receiving model…
15:34:49 [INFO] [client-9] Round 25 done — loss=0.9707 acc=0.5471  2.4s
15:34:49 [INFO] [client-9] Round 26 — receiving model…
15:34:50 [INFO] [client-7] Round 25 done — loss=1.0233 acc=0.4639  2.4s
15:34:50 [INFO] [client-7] Round 26 — receiving model…
15:34:50 [INFO] [client-8] Round 25 done — loss=0.7323 acc=0.7297  2.4s
15:34:50 [INFO] [client-8] Round 26 — receiving model…
15:34:50 [INFO] Round 25/50  acc=0.5316  loss=0.9916  2.2s  clients=10
15:34:50 [INFO] Round 26 — sending model to 10 clients…
15:34:50 [INFO] [client-0] Round 26 — training locally…
15:34:50 [INFO] [client-0] Round 26 — sending update…
15:34:50 [INFO] [client-4] Round 26 — training locally…
15:34:50 [INFO] [client-4] Round 26 — sending update…
15:34:50 [INFO] [client-0] Round 26 done — loss=1.0310 acc=0.4758  0.7s
15:34:50 [INFO] [client-0] Round 27 — receiving model…
15:34:50 [INFO] Round 26 — waiting for 10 updates…
15:34:50 [INFO] [client-4] Round 26 done — loss=0.9908 acc=0.5048  2.2s
15:34:50 [INFO] [client-4] Round 27 — receiving model…
15:34:50 [INFO] [client-2] Round 26 — training locally…
15:34:50 [INFO] [client-2] Round 26 — sending update…
15:34:50 [INFO] [client-3] Round 26 — training locally…
15:34:50 [INFO] [client-3] Round 26 — sending update…
15:34:50 [INFO] [client-7] Round 26 — training locally…
15:34:51 [INFO] [client-7] Round 26 — sending update…
15:34:51 [INFO] [client-8] Round 26 — training locally…
15:34:51 [INFO] [client-8] Round 26 — sending update…
15:34:51 [INFO] [client-5] Round 26 — training locally…
15:34:51 [INFO] [client-5] Round 26 — sending update…
15:34:51 [INFO] [client-1] Round 26 — training locally…
15:34:51 [INFO] [client-1] Round 26 — sending update…
15:34:51 [INFO] [client-6] Round 26 — training locally…
15:34:51 [INFO] [client-6] Round 26 — sending update…
15:34:51 [INFO] [client-9] Round 26 — training locally…
15:34:51 [INFO] [client-9] Round 26 — sending update…
15:34:52 [INFO] [client-2] Round 26 done — loss=0.8941 acc=0.5876  2.1s
15:34:52 [INFO] [client-2] Round 27 — receiving model…
15:34:52 [INFO] [client-3] Round 26 done — loss=1.0186 acc=0.4746  3.7s
15:34:52 [INFO] [client-3] Round 27 — receiving model…
15:34:52 [INFO] [client-7] Round 26 done — loss=1.0232 acc=0.4708  2.0s
15:34:52 [INFO] [client-7] Round 27 — receiving model…
15:34:52 [INFO] [client-8] Round 26 done — loss=0.7267 acc=0.7301  2.0s
15:34:52 [INFO] [client-8] Round 27 — receiving model…
15:34:52 [INFO] [client-5] Round 26 done — loss=0.9095 acc=0.5810  2.2s
15:34:52 [INFO] [client-5] Round 27 — receiving model…
15:34:52 [INFO] [client-1] Round 26 done — loss=1.0490 acc=0.4368  2.3s
15:34:52 [INFO] [client-1] Round 27 — receiving model…
15:34:52 [INFO] [client-6] Round 26 done — loss=0.9912 acc=0.5118  2.3s
15:34:52 [INFO] [client-6] Round 27 — receiving model…
15:34:52 [INFO] [client-9] Round 26 done — loss=0.9722 acc=0.5463  2.3s
15:34:52 [INFO] [client-9] Round 27 — receiving model…
15:34:52 [INFO] Round 26/50  acc=0.5353  loss=0.9846  2.2s  clients=10
15:34:52 [INFO] Round 27 — sending model to 10 clients…
15:34:52 [INFO] [client-5] Round 27 — training locally…
15:34:52 [INFO] [client-5] Round 27 — sending update…
15:34:52 [INFO] [client-6] Round 27 — training locally…
15:34:52 [INFO] [client-6] Round 27 — sending update…
15:34:52 [INFO] [client-5] Round 27 done — loss=0.9096 acc=0.5845  0.6s
15:34:52 [INFO] [client-5] Round 28 — receiving model…
15:34:52 [INFO] Round 27 — waiting for 10 updates…
15:34:52 [INFO] [client-6] Round 27 done — loss=0.9911 acc=0.5083  0.5s
15:34:52 [INFO] [client-6] Round 28 — receiving model…
15:34:52 [INFO] [client-8] Round 27 — training locally…
15:34:52 [INFO] [client-8] Round 27 — sending update…
15:34:52 [INFO] [client-0] Round 27 — training locally…
15:34:53 [INFO] [client-0] Round 27 — sending update…
15:34:53 [INFO] [client-9] Round 27 — training locally…
15:34:53 [INFO] [client-9] Round 27 — sending update…
15:34:53 [INFO] [client-2] Round 27 — training locally…
15:34:53 [INFO] [client-2] Round 27 — sending update…
15:34:53 [INFO] [client-7] Round 27 — training locally…
15:34:53 [INFO] [client-7] Round 27 — sending update…
15:34:53 [INFO] [client-4] Round 27 — training locally…
15:34:53 [INFO] [client-4] Round 27 — sending update…
15:34:53 [INFO] [client-1] Round 27 — training locally…
15:34:53 [INFO] [client-1] Round 27 — sending update…
15:34:53 [INFO] [client-3] Round 27 — training locally…
15:34:54 [INFO] [client-3] Round 27 — sending update…
15:34:54 [INFO] [client-8] Round 27 done — loss=0.7341 acc=0.7301  2.1s
15:34:54 [INFO] [client-8] Round 28 — receiving model…
15:34:54 [INFO] [client-0] Round 27 done — loss=1.0304 acc=0.4727  3.8s
15:34:54 [INFO] [client-0] Round 28 — receiving model…
15:34:54 [INFO] [client-9] Round 27 done — loss=0.9740 acc=0.5407  2.0s
15:34:54 [INFO] [client-9] Round 28 — receiving model…
15:34:54 [INFO] [client-2] Round 27 done — loss=0.8921 acc=0.5821  2.3s
15:34:54 [INFO] [client-2] Round 28 — receiving model…
15:34:54 [INFO] [client-7] Round 27 done — loss=1.0216 acc=0.4681  2.3s
15:34:54 [INFO] [client-7] Round 28 — receiving model…
15:34:54 [INFO] [client-4] Round 27 done — loss=0.9884 acc=0.5106  3.9s
15:34:54 [INFO] [client-4] Round 28 — receiving model…
15:34:54 [INFO] [client-1] Round 27 done — loss=1.0481 acc=0.4461  2.2s
15:34:54 [INFO] [client-1] Round 28 — receiving model…
15:34:54 [INFO] [client-3] Round 27 done — loss=1.0161 acc=0.4756  2.4s
15:34:54 [INFO] [client-3] Round 28 — receiving model…
15:34:54 [INFO] Round 27/50  acc=0.5304  loss=0.9881  2.2s  clients=10
15:34:54 [INFO] Round 28 — sending model to 10 clients…
15:34:54 [INFO] [client-1] Round 28 — training locally…
15:34:54 [INFO] [client-1] Round 28 — sending update…
15:34:54 [INFO] [client-2] Round 28 — training locally…
15:34:54 [INFO] [client-2] Round 28 — sending update…
15:34:54 [INFO] [client-1] Round 28 done — loss=1.0444 acc=0.4499  0.5s
15:34:54 [INFO] [client-1] Round 29 — receiving model…
15:34:54 [INFO] Round 28 — waiting for 10 updates…
15:34:54 [INFO] [client-2] Round 28 done — loss=0.8933 acc=0.5845  0.6s
15:34:54 [INFO] [client-2] Round 29 — receiving model…
15:34:54 [INFO] [client-3] Round 28 — training locally…
15:34:55 [INFO] [client-3] Round 28 — sending update…
15:34:55 [INFO] [client-6] Round 28 — training locally…
15:34:55 [INFO] [client-6] Round 28 — sending update…
15:34:55 [INFO] [client-7] Round 28 — training locally…
15:34:55 [INFO] [client-7] Round 28 — sending update…
15:34:55 [INFO] [client-5] Round 28 — training locally…
15:34:55 [INFO] [client-5] Round 28 — sending update…
15:34:55 [INFO] [client-9] Round 28 — training locally…
15:34:55 [INFO] [client-9] Round 28 — sending update…
15:34:55 [INFO] [client-8] Round 28 — training locally…
15:34:56 [INFO] [client-8] Round 28 — sending update…
15:34:56 [INFO] [client-0] Round 28 — training locally…
15:34:56 [INFO] [client-0] Round 28 — sending update…
15:34:56 [INFO] [client-4] Round 28 — training locally…
15:34:56 [INFO] [client-4] Round 28 — sending update…
15:34:56 [INFO] [client-3] Round 28 done — loss=1.0191 acc=0.4715  1.9s
15:34:56 [INFO] [client-3] Round 29 — receiving model…
15:34:56 [INFO] [client-6] Round 28 done — loss=0.9908 acc=0.5205  3.7s
15:34:56 [INFO] [client-6] Round 29 — receiving model…
15:34:56 [INFO] [client-7] Round 28 done — loss=1.0228 acc=0.4608  2.1s
15:34:56 [INFO] [client-7] Round 29 — receiving model…
15:34:56 [INFO] [client-5] Round 28 done — loss=0.9114 acc=0.5848  3.8s
15:34:56 [INFO] [client-5] Round 29 — receiving model…
15:34:56 [INFO] [client-9] Round 28 done — loss=0.9704 acc=0.5453  2.3s
15:34:56 [INFO] [client-9] Round 29 — receiving model…
15:34:56 [INFO] [client-8] Round 28 done — loss=0.7307 acc=0.7287  2.4s
15:34:56 [INFO] [client-8] Round 29 — receiving model…
15:34:56 [INFO] [client-0] Round 28 done — loss=1.0324 acc=0.4679  2.4s
15:34:56 [INFO] [client-0] Round 29 — receiving model…
15:34:56 [INFO] [client-4] Round 28 done — loss=0.9922 acc=0.5065  2.3s
15:34:56 [INFO] [client-4] Round 29 — receiving model…
15:34:56 [INFO] Round 28/50  acc=0.5298  loss=0.9899  2.2s  clients=10
15:34:56 [INFO] Round 29 — sending model to 10 clients…
15:34:56 [INFO] [client-3] Round 29 — training locally…
15:34:56 [INFO] [client-3] Round 29 — sending update…
15:34:56 [INFO] [client-1] Round 29 — training locally…
15:34:57 [INFO] [client-1] Round 29 — sending update…
15:34:57 [INFO] [client-3] Round 29 done — loss=1.0181 acc=0.4712  0.7s
15:34:57 [INFO] [client-3] Round 30 — receiving model…
15:34:57 [INFO] Round 29 — waiting for 10 updates…
15:34:57 [INFO] [client-1] Round 29 done — loss=1.0469 acc=0.4409  2.2s
15:34:57 [INFO] [client-1] Round 30 — receiving model…
15:34:57 [INFO] [client-0] Round 29 — training locally…
15:34:57 [INFO] [client-0] Round 29 — sending update…
15:34:57 [INFO] [client-9] Round 29 — training locally…
15:34:57 [INFO] [client-9] Round 29 — sending update…
15:34:57 [INFO] [client-4] Round 29 — training locally…
15:34:57 [INFO] [client-4] Round 29 — sending update…
15:34:57 [INFO] [client-7] Round 29 — training locally…
15:34:57 [INFO] [client-7] Round 29 — sending update…
15:34:57 [INFO] [client-2] Round 29 — training locally…
15:34:57 [INFO] [client-2] Round 29 — sending update…
15:34:58 [INFO] [client-5] Round 29 — training locally…
15:34:58 [INFO] [client-5] Round 29 — sending update…
15:34:58 [INFO] [client-6] Round 29 — training locally…
15:34:58 [INFO] [client-6] Round 29 — sending update…
15:34:58 [INFO] [client-8] Round 29 — training locally…
15:34:58 [INFO] [client-8] Round 29 — sending update…
15:34:58 [INFO] [client-0] Round 29 done — loss=1.0302 acc=0.4798  2.0s
15:34:58 [INFO] [client-0] Round 30 — receiving model…
15:34:58 [INFO] [client-9] Round 29 done — loss=0.9716 acc=0.5478  2.1s
15:34:58 [INFO] [client-9] Round 30 — receiving model…
15:34:58 [INFO] [client-4] Round 29 done — loss=0.9880 acc=0.5072  2.0s
15:34:58 [INFO] [client-4] Round 30 — receiving model…
15:34:58 [INFO] [client-7] Round 29 done — loss=1.0227 acc=0.4715  2.2s
15:34:58 [INFO] [client-7] Round 30 — receiving model…
15:34:58 [INFO] [client-2] Round 29 done — loss=0.8881 acc=0.5865  3.8s
15:34:58 [INFO] [client-2] Round 30 — receiving model…
15:34:58 [INFO] [client-5] Round 29 done — loss=0.9106 acc=0.5841  2.3s
15:34:58 [INFO] [client-5] Round 30 — receiving model…
15:34:58 [INFO] [client-6] Round 29 done — loss=0.9900 acc=0.5208  2.4s
15:34:58 [INFO] [client-6] Round 30 — receiving model…
15:34:58 [INFO] [client-8] Round 29 done — loss=0.7336 acc=0.7311  2.3s
15:34:58 [INFO] [client-8] Round 30 — receiving model…
15:34:58 [INFO] Round 29/50  acc=0.5298  loss=0.9906  2.2s  clients=10
15:34:58 [INFO] Round 30 — sending model to 10 clients…
15:34:58 [INFO] [client-2] Round 30 — training locally…
15:34:59 [INFO] [client-2] Round 30 — sending update…
15:34:59 [INFO] [client-3] Round 30 — training locally…
15:34:59 [INFO] [client-3] Round 30 — sending update…
15:34:59 [INFO] [client-2] Round 30 done — loss=0.8898 acc=0.5790  0.6s
15:34:59 [INFO] [client-2] Round 31 — receiving model…
15:34:59 [INFO] Round 30 — waiting for 10 updates…
15:34:59 [INFO] [client-3] Round 30 done — loss=1.0186 acc=0.4650  2.3s
15:34:59 [INFO] [client-3] Round 31 — receiving model…
15:34:59 [INFO] [client-8] Round 30 — training locally…
15:34:59 [INFO] [client-8] Round 30 — sending update…
15:34:59 [INFO] [client-6] Round 30 — training locally…
15:34:59 [INFO] [client-6] Round 30 — sending update…
15:34:59 [INFO] [client-9] Round 30 — training locally…
15:34:59 [INFO] [client-9] Round 30 — sending update…
15:34:59 [INFO] [client-0] Round 30 — training locally…
15:35:00 [INFO] [client-0] Round 30 — sending update…
15:35:00 [INFO] [client-1] Round 30 — training locally…
15:35:00 [INFO] [client-1] Round 30 — sending update…
15:35:00 [INFO] [client-4] Round 30 — training locally…
15:35:00 [INFO] [client-4] Round 30 — sending update…
15:35:00 [INFO] [client-5] Round 30 — training locally…
15:35:00 [INFO] [client-5] Round 30 — sending update…
15:35:00 [INFO] [client-7] Round 30 — training locally…
15:35:00 [INFO] [client-7] Round 30 — sending update…
15:35:00 [INFO] [client-8] Round 30 done — loss=0.7312 acc=0.7311  2.0s
15:35:00 [INFO] [client-8] Round 31 — receiving model…
15:35:00 [INFO] [client-6] Round 30 done — loss=0.9916 acc=0.5149  2.1s
15:35:00 [INFO] [client-6] Round 31 — receiving model…
15:35:00 [INFO] [client-9] Round 30 done — loss=0.9729 acc=0.5414  2.3s
15:35:00 [INFO] [client-9] Round 31 — receiving model…
15:35:00 [INFO] [client-0] Round 30 done — loss=1.0318 acc=0.4762  2.4s
15:35:00 [INFO] [client-0] Round 31 — receiving model…
15:35:00 [INFO] [client-1] Round 30 done — loss=1.0451 acc=0.4433  3.9s
15:35:00 [INFO] [client-1] Round 31 — receiving model…
15:35:01 [INFO] [client-4] Round 30 done — loss=0.9904 acc=0.5089  2.4s
15:35:01 [INFO] [client-4] Round 31 — receiving model…
15:35:01 [INFO] [client-5] Round 30 done — loss=0.9089 acc=0.5862  2.3s
15:35:01 [INFO] [client-5] Round 31 — receiving model…
15:35:01 [INFO] [client-7] Round 30 done — loss=1.0182 acc=0.4757  2.4s
15:35:01 [INFO] [client-7] Round 31 — receiving model…
15:35:01 [INFO] Round 30/50  acc=0.5316  loss=0.9865  2.3s  clients=10
15:35:01 [INFO] Round 31 — sending model to 10 clients…
15:35:01 [INFO] [client-0] Round 31 — training locally…
15:35:01 [INFO] [client-0] Round 31 — sending update…
15:35:01 [INFO] [client-6] Round 31 — training locally…
15:35:01 [INFO] [client-6] Round 31 — sending update…
15:35:01 [INFO] [client-0] Round 31 done — loss=1.0326 acc=0.4762  0.6s
15:35:01 [INFO] [client-0] Round 32 — receiving model…
15:35:01 [INFO] Round 31 — waiting for 10 updates…
15:35:01 [INFO] [client-6] Round 31 done — loss=0.9933 acc=0.5080  0.7s
15:35:01 [INFO] [client-6] Round 32 — receiving model…
15:35:01 [INFO] [client-4] Round 31 — training locally…
15:35:01 [INFO] [client-4] Round 31 — sending update…
15:35:01 [INFO] [client-8] Round 31 — training locally…
15:35:01 [INFO] [client-8] Round 31 — sending update…
15:35:01 [INFO] [client-1] Round 31 — training locally…
15:35:02 [INFO] [client-1] Round 31 — sending update…
15:35:02 [INFO] [client-2] Round 31 — training locally…
15:35:02 [INFO] [client-2] Round 31 — sending update…
15:35:02 [INFO] [client-9] Round 31 — training locally…
15:35:02 [INFO] [client-9] Round 31 — sending update…
15:35:02 [INFO] [client-3] Round 31 — training locally…
15:35:02 [INFO] [client-3] Round 31 — sending update…
15:35:02 [INFO] [client-7] Round 31 — training locally…
15:35:02 [INFO] [client-7] Round 31 — sending update…
15:35:02 [INFO] [client-5] Round 31 — training locally…
15:35:03 [INFO] [client-5] Round 31 — sending update…
15:35:03 [INFO] [client-4] Round 31 done — loss=0.9928 acc=0.5041  2.0s
15:35:03 [INFO] [client-4] Round 32 — receiving model…
15:35:03 [INFO] [client-8] Round 31 done — loss=0.7307 acc=0.7284  2.2s
15:35:03 [INFO] [client-8] Round 32 — receiving model…
15:35:03 [INFO] [client-1] Round 31 done — loss=1.0465 acc=0.4523  2.1s
15:35:03 [INFO] [client-1] Round 32 — receiving model…
15:35:03 [INFO] [client-2] Round 31 done — loss=0.8849 acc=0.5804  3.8s
15:35:03 [INFO] [client-2] Round 32 — receiving model…
15:35:03 [INFO] [client-9] Round 31 done — loss=0.9711 acc=0.5432  2.3s
15:35:03 [INFO] [client-9] Round 32 — receiving model…
15:35:03 [INFO] [client-3] Round 31 done — loss=1.0169 acc=0.4742  3.8s
15:35:03 [INFO] [client-3] Round 32 — receiving model…
15:35:03 [INFO] [client-7] Round 31 done — loss=1.0234 acc=0.4691  2.2s
15:35:03 [INFO] [client-7] Round 32 — receiving model…
15:35:03 [INFO] [client-5] Round 31 done — loss=0.9113 acc=0.5845  2.2s
15:35:03 [INFO] [client-5] Round 32 — receiving model…
15:35:03 [INFO] Round 31/50  acc=0.5333  loss=0.9828  2.2s  clients=10
15:35:03 [INFO] Round 32 — sending model to 10 clients…
15:35:03 [INFO] [client-8] Round 32 — training locally…
15:35:03 [INFO] [client-8] Round 32 — sending update…
15:35:03 [INFO] [client-5] Round 32 — training locally…
15:35:03 [INFO] [client-5] Round 32 — sending update…
15:35:03 [INFO] [client-8] Round 32 done — loss=0.7320 acc=0.7287  0.7s
15:35:03 [INFO] [client-8] Round 33 — receiving model…
15:35:03 [INFO] Round 32 — waiting for 10 updates…
15:35:03 [INFO] [client-5] Round 32 done — loss=0.9105 acc=0.5807  0.5s
15:35:03 [INFO] [client-5] Round 33 — receiving model…
15:35:03 [INFO] [client-7] Round 32 — training locally…
15:35:03 [INFO] [client-7] Round 32 — sending update…
15:35:03 [INFO] [client-9] Round 32 — training locally…
15:35:04 [INFO] [client-9] Round 32 — sending update…
15:35:04 [INFO] [client-2] Round 32 — training locally…
15:35:04 [INFO] [client-2] Round 32 — sending update…
15:35:04 [INFO] [client-6] Round 32 — training locally…
15:35:04 [INFO] [client-6] Round 32 — sending update…
15:35:04 [INFO] [client-4] Round 32 — training locally…
15:35:04 [INFO] [client-4] Round 32 — sending update…
15:35:04 [INFO] [client-3] Round 32 — training locally…
15:35:04 [INFO] [client-3] Round 32 — sending update…
15:35:04 [INFO] [client-1] Round 32 — training locally…
15:35:05 [INFO] [client-1] Round 32 — sending update…
15:35:05 [INFO] [client-0] Round 32 — training locally…
15:35:05 [INFO] [client-0] Round 32 — sending update…
15:35:05 [INFO] [client-7] Round 32 done — loss=1.0249 acc=0.4670  2.0s
15:35:05 [INFO] [client-7] Round 33 — receiving model…
15:35:05 [INFO] [client-9] Round 32 done — loss=0.9717 acc=0.5439  2.1s
15:35:05 [INFO] [client-9] Round 33 — receiving model…
15:35:05 [INFO] [client-2] Round 32 done — loss=0.8890 acc=0.5817  2.1s
15:35:05 [INFO] [client-2] Round 33 — receiving model…
15:35:05 [INFO] [client-6] Round 32 done — loss=0.9921 acc=0.5163  3.8s
15:35:05 [INFO] [client-6] Round 33 — receiving model…
15:35:05 [INFO] [client-4] Round 32 done — loss=0.9906 acc=0.5003  2.3s
15:35:05 [INFO] [client-4] Round 33 — receiving model…
15:35:05 [INFO] [client-3] Round 32 done — loss=1.0142 acc=0.4756  2.2s
15:35:05 [INFO] [client-3] Round 33 — receiving model…
15:35:05 [INFO] [client-1] Round 32 done — loss=1.0467 acc=0.4451  2.3s
15:35:05 [INFO] [client-1] Round 33 — receiving model…
15:35:05 [INFO] [client-0] Round 32 done — loss=1.0287 acc=0.4683  4.0s
15:35:05 [INFO] [client-0] Round 33 — receiving model…
15:35:05 [INFO] Round 32/50  acc=0.5361  loss=0.9824  2.2s  clients=10
15:35:05 [INFO] Round 33 — sending model to 10 clients…
15:35:05 [INFO] [client-2] Round 33 — training locally…
15:35:05 [INFO] [client-2] Round 33 — sending update…
15:35:05 [INFO] [client-9] Round 33 — training locally…
15:35:05 [INFO] [client-9] Round 33 — sending update…
15:35:05 [INFO] [client-2] Round 33 done — loss=0.8902 acc=0.5814  0.6s
15:35:05 [INFO] [client-2] Round 34 — receiving model…
15:35:05 [INFO] Round 33 — waiting for 10 updates…
15:35:05 [INFO] [client-9] Round 33 done — loss=0.9715 acc=0.5471  0.7s
15:35:05 [INFO] [client-9] Round 34 — receiving model…
15:35:05 [INFO] [client-3] Round 33 — training locally…
15:35:06 [INFO] [client-3] Round 33 — sending update…
15:35:06 [INFO] [client-6] Round 33 — training locally…
15:35:06 [INFO] [client-6] Round 33 — sending update…
15:35:06 [INFO] [client-1] Round 33 — training locally…
15:35:06 [INFO] [client-1] Round 33 — sending update…
15:35:06 [INFO] [client-4] Round 33 — training locally…
15:35:06 [INFO] [client-4] Round 33 — sending update…
15:35:06 [INFO] [client-0] Round 33 — training locally…
15:35:06 [INFO] [client-0] Round 33 — sending update…
15:35:06 [INFO] [client-5] Round 33 — training locally…
15:35:07 [INFO] [client-5] Round 33 — sending update…
15:35:07 [INFO] [client-8] Round 33 — training locally…
15:35:07 [INFO] [client-8] Round 33 — sending update…
15:35:07 [INFO] [client-7] Round 33 — training locally…
15:35:07 [INFO] [client-7] Round 33 — sending update…
15:35:07 [INFO] [client-3] Round 33 done — loss=1.0173 acc=0.4777  2.0s
15:35:07 [INFO] [client-3] Round 34 — receiving model…
15:35:07 [INFO] [client-6] Round 33 done — loss=0.9906 acc=0.5212  2.1s
15:35:07 [INFO] [client-6] Round 34 — receiving model…
15:35:07 [INFO] [client-1] Round 33 done — loss=1.0477 acc=0.4444  2.0s
15:35:07 [INFO] [client-1] Round 34 — receiving model…
15:35:07 [INFO] [client-4] Round 33 done — loss=0.9907 acc=0.5096  2.1s
15:35:07 [INFO] [client-4] Round 34 — receiving model…
15:35:07 [INFO] [client-0] Round 33 done — loss=1.0303 acc=0.4846  2.1s
15:35:07 [INFO] [client-0] Round 34 — receiving model…
15:35:07 [INFO] [client-5] Round 33 done — loss=0.9087 acc=0.5859  3.8s
15:35:07 [INFO] [client-5] Round 34 — receiving model…
15:35:07 [INFO] [client-8] Round 33 done — loss=0.7341 acc=0.7294  3.9s
15:35:07 [INFO] [client-8] Round 34 — receiving model…
15:35:07 [INFO] [client-7] Round 33 done — loss=1.0243 acc=0.4681  2.4s
15:35:07 [INFO] [client-7] Round 34 — receiving model…
15:35:07 [INFO] Round 33/50  acc=0.5298  loss=0.9873  2.2s  clients=10
15:35:07 [INFO] Round 34 — sending model to 10 clients…
15:35:07 [INFO] [client-6] Round 34 — training locally…
15:35:07 [INFO] [client-6] Round 34 — sending update…
15:35:07 [INFO] [client-3] Round 34 — training locally…
15:35:08 [INFO] [client-3] Round 34 — sending update…
15:35:08 [INFO] [client-6] Round 34 done — loss=0.9901 acc=0.5194  0.7s
15:35:08 [INFO] [client-6] Round 35 — receiving model…
15:35:08 [INFO] Round 34 — waiting for 10 updates…
15:35:08 [INFO] [client-3] Round 34 done — loss=1.0157 acc=0.4777  0.7s
15:35:08 [INFO] [client-3] Round 35 — receiving model…
15:35:08 [INFO] [client-4] Round 34 — training locally…
15:35:08 [INFO] [client-4] Round 34 — sending update…
15:35:08 [INFO] [client-1] Round 34 — training locally…
15:35:08 [INFO] [client-1] Round 34 — sending update…
15:35:08 [INFO] [client-2] Round 34 — training locally…
15:35:08 [INFO] [client-2] Round 34 — sending update…
15:35:08 [INFO] [client-9] Round 34 — training locally…
15:35:08 [INFO] [client-9] Round 34 — sending update…
15:35:08 [INFO] [client-0] Round 34 — training locally…
15:35:09 [INFO] [client-0] Round 34 — sending update…
15:35:09 [INFO] [client-7] Round 34 — training locally…
15:35:09 [INFO] [client-7] Round 34 — sending update…
15:35:09 [INFO] [client-8] Round 34 — training locally…
15:35:09 [INFO] [client-8] Round 34 — sending update…
15:35:09 [INFO] [client-5] Round 34 — training locally…
15:35:09 [INFO] [client-5] Round 34 — sending update…
15:35:09 [INFO] [client-4] Round 34 done — loss=0.9913 acc=0.5003  2.1s
15:35:09 [INFO] [client-4] Round 35 — receiving model…
15:35:09 [INFO] [client-1] Round 34 done — loss=1.0446 acc=0.4560  2.1s
15:35:09 [INFO] [client-1] Round 35 — receiving model…
15:35:09 [INFO] [client-2] Round 34 done — loss=0.8848 acc=0.5786  3.7s
15:35:09 [INFO] [client-2] Round 35 — receiving model…
15:35:09 [INFO] [client-9] Round 34 done — loss=0.9684 acc=0.5467  3.7s
15:35:09 [INFO] [client-9] Round 35 — receiving model…
15:35:09 [INFO] [client-0] Round 34 done — loss=1.0282 acc=0.4815  2.2s
15:35:09 [INFO] [client-0] Round 35 — receiving model…
15:35:09 [INFO] [client-7] Round 34 done — loss=1.0222 acc=0.4635  2.1s
15:35:09 [INFO] [client-7] Round 35 — receiving model…
15:35:09 [INFO] [client-8] Round 34 done — loss=0.7326 acc=0.7294  2.2s
15:35:09 [INFO] [client-8] Round 35 — receiving model…
15:35:09 [INFO] [client-5] Round 34 done — loss=0.9103 acc=0.5862  2.3s
15:35:09 [INFO] [client-5] Round 35 — receiving model…
15:35:09 [INFO] Round 34/50  acc=0.5350  loss=0.9845  2.2s  clients=10
15:35:09 [INFO] Round 35 — sending model to 10 clients…
15:35:09 [INFO] [client-5] Round 35 — training locally…
15:35:10 [INFO] [client-5] Round 35 — sending update…
15:35:10 [INFO] [client-7] Round 35 — training locally…
15:35:10 [INFO] [client-7] Round 35 — sending update…
15:35:10 [INFO] [client-5] Round 35 done — loss=0.9079 acc=0.5831  0.4s
15:35:10 [INFO] [client-5] Round 36 — receiving model…
15:35:10 [INFO] Round 35 — waiting for 10 updates…
15:35:10 [INFO] [client-7] Round 35 done — loss=1.0204 acc=0.4778  0.6s
15:35:10 [INFO] [client-7] Round 36 — receiving model…
15:35:10 [INFO] [client-1] Round 35 — training locally…
15:35:10 [INFO] [client-1] Round 35 — sending update…
15:35:10 [INFO] [client-4] Round 35 — training locally…
15:35:10 [INFO] [client-4] Round 35 — sending update…
15:35:10 [INFO] [client-6] Round 35 — training locally…
15:35:10 [INFO] [client-6] Round 35 — sending update…
15:35:10 [INFO] [client-0] Round 35 — training locally…
15:35:11 [INFO] [client-0] Round 35 — sending update…
15:35:11 [INFO] [client-3] Round 35 — training locally…
15:35:11 [INFO] [client-3] Round 35 — sending update…
15:35:11 [INFO] [client-2] Round 35 — training locally…
15:35:11 [INFO] [client-2] Round 35 — sending update…
15:35:11 [INFO] [client-9] Round 35 — training locally…
15:35:11 [INFO] [client-9] Round 35 — sending update…
15:35:11 [INFO] [client-8] Round 35 — training locally…
15:35:11 [INFO] [client-8] Round 35 — sending update…
15:35:11 [INFO] [client-1] Round 35 done — loss=1.0442 acc=0.4485  2.1s
15:35:11 [INFO] [client-1] Round 36 — receiving model…
15:35:11 [INFO] [client-4] Round 35 done — loss=0.9905 acc=0.5034  2.2s
15:35:11 [INFO] [client-4] Round 36 — receiving model…
15:35:11 [INFO] [client-6] Round 35 done — loss=0.9900 acc=0.5226  3.7s
15:35:11 [INFO] [client-6] Round 36 — receiving model…
15:35:11 [INFO] [client-0] Round 35 done — loss=1.0305 acc=0.4802  2.1s
15:35:11 [INFO] [client-0] Round 36 — receiving model…
15:35:11 [INFO] [client-3] Round 35 done — loss=1.0152 acc=0.4729  3.8s
15:35:11 [INFO] [client-3] Round 36 — receiving model…
15:35:11 [INFO] [client-2] Round 35 done — loss=0.8875 acc=0.5872  2.3s
15:35:11 [INFO] [client-2] Round 36 — receiving model…
15:35:11 [INFO] [client-9] Round 35 done — loss=0.9708 acc=0.5471  2.3s
15:35:11 [INFO] [client-9] Round 36 — receiving model…
15:35:12 [INFO] [client-8] Round 35 done — loss=0.7289 acc=0.7291  2.2s
15:35:12 [INFO] [client-8] Round 36 — receiving model…
15:35:12 [INFO] Round 35/50  acc=0.5304  loss=0.9882  2.2s  clients=10
15:35:12 [INFO] Round 36 — sending model to 10 clients…
15:35:12 [INFO] [client-2] Round 36 — training locally…
15:35:12 [INFO] [client-2] Round 36 — sending update…
15:35:12 [INFO] [client-0] Round 36 — training locally…
15:35:12 [INFO] [client-0] Round 36 — sending update…
15:35:12 [INFO] [client-2] Round 36 done — loss=0.8860 acc=0.5793  0.5s
15:35:12 [INFO] [client-2] Round 37 — receiving model…
15:35:12 [INFO] Round 36 — waiting for 10 updates…
15:35:12 [INFO] [client-0] Round 36 done — loss=1.0291 acc=0.4767  0.6s
15:35:12 [INFO] [client-0] Round 37 — receiving model…
15:35:12 [INFO] [client-8] Round 36 — training locally…
15:35:12 [INFO] [client-8] Round 36 — sending update…
15:35:12 [INFO] [client-6] Round 36 — training locally…
15:35:12 [INFO] [client-6] Round 36 — sending update…
15:35:12 [INFO] [client-3] Round 36 — training locally…
15:35:13 [INFO] [client-3] Round 36 — sending update…
15:35:13 [INFO] [client-1] Round 36 — training locally…
15:35:13 [INFO] [client-1] Round 36 — sending update…
15:35:13 [INFO] [client-5] Round 36 — training locally…
15:35:13 [INFO] [client-5] Round 36 — sending update…
15:35:13 [INFO] [client-9] Round 36 — training locally…
15:35:13 [INFO] [client-9] Round 36 — sending update…
15:35:13 [INFO] [client-7] Round 36 — training locally…
15:35:13 [INFO] [client-7] Round 36 — sending update…
15:35:13 [INFO] [client-4] Round 36 — training locally…
15:35:13 [INFO] [client-4] Round 36 — sending update…
15:35:13 [INFO] [client-8] Round 36 done — loss=0.7320 acc=0.7280  1.9s
15:35:13 [INFO] [client-8] Round 37 — receiving model…
15:35:14 [INFO] [client-6] Round 36 done — loss=0.9909 acc=0.5205  2.2s
15:35:14 [INFO] [client-6] Round 37 — receiving model…
15:35:14 [INFO] [client-3] Round 36 done — loss=1.0205 acc=0.4684  2.1s
15:35:14 [INFO] [client-3] Round 37 — receiving model…
15:35:14 [INFO] [client-1] Round 36 done — loss=1.0458 acc=0.4475  2.3s
15:35:14 [INFO] [client-1] Round 37 — receiving model…
15:35:14 [INFO] [client-5] Round 36 done — loss=0.9058 acc=0.5852  3.8s
15:35:14 [INFO] [client-5] Round 37 — receiving model…
15:35:14 [INFO] [client-9] Round 36 done — loss=0.9724 acc=0.5435  2.2s
15:35:14 [INFO] [client-9] Round 37 — receiving model…
15:35:14 [INFO] [client-7] Round 36 done — loss=1.0224 acc=0.4628  3.9s
15:35:14 [INFO] [client-7] Round 37 — receiving model…
15:35:14 [INFO] [client-4] Round 36 done — loss=0.9888 acc=0.4966  2.4s
15:35:14 [INFO] [client-4] Round 37 — receiving model…
15:35:14 [INFO] Round 36/50  acc=0.5310  loss=0.9848  2.2s  clients=10
15:35:14 [INFO] Round 37 — sending model to 10 clients…
15:35:14 [INFO] [client-8] Round 37 — training locally…
15:35:14 [INFO] [client-8] Round 37 — sending update…
15:35:14 [INFO] [client-0] Round 37 — training locally…
15:35:14 [INFO] [client-0] Round 37 — sending update…
15:35:14 [INFO] [client-8] Round 37 done — loss=0.7303 acc=0.7294  0.7s
15:35:14 [INFO] [client-8] Round 38 — receiving model…
15:35:14 [INFO] Round 37 — waiting for 10 updates…
15:35:14 [INFO] [client-0] Round 37 done — loss=1.0317 acc=0.4749  2.2s
15:35:14 [INFO] [client-0] Round 38 — receiving model…
15:35:14 [INFO] [client-2] Round 37 — training locally…
15:35:14 [INFO] [client-2] Round 37 — sending update…
15:35:14 [INFO] [client-3] Round 37 — training locally…
15:35:15 [INFO] [client-3] Round 37 — sending update…
15:35:15 [INFO] [client-5] Round 37 — training locally…
15:35:15 [INFO] [client-5] Round 37 — sending update…
15:35:15 [INFO] [client-6] Round 37 — training locally…
15:35:15 [INFO] [client-6] Round 37 — sending update…
15:35:15 [INFO] [client-1] Round 37 — training locally…
15:35:15 [INFO] [client-1] Round 37 — sending update…
15:35:15 [INFO] [client-9] Round 37 — training locally…
15:35:15 [INFO] [client-9] Round 37 — sending update…
15:35:15 [INFO] [client-4] Round 37 — training locally…
15:35:15 [INFO] [client-4] Round 37 — sending update…
15:35:15 [INFO] [client-7] Round 37 — training locally…
15:35:16 [INFO] [client-7] Round 37 — sending update…
15:35:16 [INFO] [client-2] Round 37 done — loss=0.8865 acc=0.5824  3.8s
15:35:16 [INFO] [client-2] Round 38 — receiving model…
15:35:16 [INFO] [client-3] Round 37 done — loss=1.0154 acc=0.4766  2.2s
15:35:16 [INFO] [client-3] Round 38 — receiving model…
15:35:16 [INFO] [client-5] Round 37 done — loss=0.9044 acc=0.5862  2.2s
15:35:16 [INFO] [client-5] Round 38 — receiving model…
15:35:16 [INFO] [client-6] Round 37 done — loss=0.9912 acc=0.5226  2.3s
15:35:16 [INFO] [client-6] Round 38 — receiving model…
15:35:16 [INFO] [client-1] Round 37 done — loss=1.0487 acc=0.4481  2.3s
15:35:16 [INFO] [client-1] Round 38 — receiving model…
15:35:16 [INFO] [client-9] Round 37 done — loss=0.9695 acc=0.5463  2.3s
15:35:16 [INFO] [client-9] Round 38 — receiving model…
15:35:16 [INFO] [client-4] Round 37 done — loss=0.9901 acc=0.5120  2.2s
15:35:16 [INFO] [client-4] Round 38 — receiving model…
15:35:16 [INFO] [client-7] Round 37 done — loss=1.0246 acc=0.4545  2.3s
15:35:16 [INFO] [client-7] Round 38 — receiving model…
15:35:16 [INFO] Round 37/50  acc=0.5304  loss=0.9851  2.3s  clients=10
15:35:16 [INFO] Round 38 — sending model to 10 clients…
15:35:16 [INFO] [client-0] Round 38 — training locally…
15:35:16 [INFO] [client-0] Round 38 — sending update…
15:35:16 [INFO] [client-3] Round 38 — training locally…
15:35:16 [INFO] [client-3] Round 38 — sending update…
15:35:16 [INFO] [client-0] Round 38 done — loss=1.0339 acc=0.4679  2.2s
15:35:16 [INFO] [client-0] Round 39 — receiving model…
15:35:16 [INFO] Round 38 — waiting for 10 updates…
15:35:16 [INFO] [client-3] Round 38 done — loss=1.0164 acc=0.4712  0.7s
15:35:16 [INFO] [client-3] Round 39 — receiving model…
15:35:16 [INFO] [client-1] Round 38 — training locally…
15:35:17 [INFO] [client-1] Round 38 — sending update…
15:35:17 [INFO] [client-7] Round 38 — training locally…
15:35:17 [INFO] [client-7] Round 38 — sending update…
15:35:17 [INFO] [client-9] Round 38 — training locally…
15:35:17 [INFO] [client-9] Round 38 — sending update…
15:35:17 [INFO] [client-2] Round 38 — training locally…
15:35:17 [INFO] [client-2] Round 38 — sending update…
15:35:17 [INFO] [client-6] Round 38 — training locally…
15:35:17 [INFO] [client-6] Round 38 — sending update…
15:35:17 [INFO] [client-4] Round 38 — training locally…
15:35:18 [INFO] [client-4] Round 38 — sending update…
15:35:18 [INFO] [client-5] Round 38 — training locally…
15:35:18 [INFO] [client-5] Round 38 — sending update…
15:35:18 [INFO] [client-8] Round 38 — training locally…
15:35:18 [INFO] [client-8] Round 38 — sending update…
15:35:18 [INFO] [client-1] Round 38 done — loss=1.0473 acc=0.4609  2.0s
15:35:18 [INFO] [client-1] Round 39 — receiving model…
15:35:18 [INFO] [client-7] Round 38 done — loss=1.0223 acc=0.4681  2.0s
15:35:18 [INFO] [client-7] Round 39 — receiving model…
15:35:18 [INFO] [client-9] Round 38 done — loss=0.9709 acc=0.5460  2.1s
15:35:18 [INFO] [client-9] Round 39 — receiving model…
15:35:18 [INFO] [client-2] Round 38 done — loss=0.8839 acc=0.5797  2.3s
15:35:18 [INFO] [client-2] Round 39 — receiving model…
15:35:18 [INFO] [client-6] Round 38 done — loss=0.9896 acc=0.5156  2.2s
15:35:18 [INFO] [client-6] Round 39 — receiving model…
15:35:18 [INFO] [client-4] Round 38 done — loss=0.9897 acc=0.4955  2.1s
15:35:18 [INFO] [client-4] Round 39 — receiving model…
15:35:18 [INFO] [client-5] Round 38 done — loss=0.9092 acc=0.5855  2.3s
15:35:18 [INFO] [client-5] Round 39 — receiving model…
15:35:18 [INFO] [client-8] Round 38 done — loss=0.7323 acc=0.7287  4.0s
15:35:18 [INFO] [client-8] Round 39 — receiving model…
15:35:18 [INFO] Round 38/50  acc=0.5381  loss=0.9824  2.2s  clients=10
15:35:18 [INFO] Round 39 — sending model to 10 clients…
15:35:18 [INFO] [client-5] Round 39 — training locally…
15:35:18 [INFO] [client-5] Round 39 — sending update…
15:35:18 [INFO] [client-1] Round 39 — training locally…
15:35:19 [INFO] [client-1] Round 39 — sending update…
15:35:19 [INFO] [client-5] Round 39 done — loss=0.9088 acc=0.5845  0.5s
15:35:19 [INFO] [client-5] Round 40 — receiving model…
15:35:19 [INFO] Round 39 — waiting for 10 updates…
15:35:19 [INFO] [client-1] Round 39 done — loss=1.0458 acc=0.4461  0.7s
15:35:19 [INFO] [client-1] Round 40 — receiving model…
15:35:19 [INFO] [client-9] Round 39 — training locally…
15:35:19 [INFO] [client-9] Round 39 — sending update…
15:35:19 [INFO] [client-8] Round 39 — training locally…
15:35:19 [INFO] [client-8] Round 39 — sending update…
15:35:19 [INFO] [client-0] Round 39 — training locally…
15:35:19 [INFO] [client-0] Round 39 — sending update…
15:35:19 [INFO] [client-4] Round 39 — training locally…
15:35:19 [INFO] [client-4] Round 39 — sending update…
15:35:19 [INFO] [client-6] Round 39 — training locally…
15:35:20 [INFO] [client-6] Round 39 — sending update…
15:35:20 [INFO] [client-7] Round 39 — training locally…
15:35:20 [INFO] [client-7] Round 39 — sending update…
15:35:20 [INFO] [client-2] Round 39 — training locally…
15:35:20 [INFO] [client-2] Round 39 — sending update…
15:35:20 [INFO] [client-3] Round 39 — training locally…
15:35:20 [INFO] [client-3] Round 39 — sending update…
15:35:20 [INFO] [client-9] Round 39 done — loss=0.9703 acc=0.5460  2.1s
15:35:20 [INFO] [client-9] Round 40 — receiving model…
15:35:20 [INFO] [client-8] Round 39 done — loss=0.7344 acc=0.7284  2.0s
15:35:20 [INFO] [client-8] Round 40 — receiving model…
15:35:20 [INFO] [client-0] Round 39 done — loss=1.0325 acc=0.4718  3.8s
15:35:20 [INFO] [client-0] Round 40 — receiving model…
15:35:20 [INFO] [client-4] Round 39 done — loss=0.9886 acc=0.5017  2.1s
15:35:20 [INFO] [client-4] Round 40 — receiving model…
15:35:20 [INFO] [client-6] Round 39 done — loss=0.9899 acc=0.5260  2.2s
15:35:20 [INFO] [client-6] Round 40 — receiving model…
15:35:20 [INFO] [client-7] Round 39 done — loss=1.0209 acc=0.4733  2.3s
15:35:20 [INFO] [client-7] Round 40 — receiving model…
15:35:20 [INFO] [client-2] Round 39 done — loss=0.8848 acc=0.5834  2.3s
15:35:20 [INFO] [client-2] Round 40 — receiving model…
15:35:20 [INFO] [client-3] Round 39 done — loss=1.0192 acc=0.4773  3.9s
15:35:20 [INFO] [client-3] Round 40 — receiving model…
15:35:20 [INFO] Round 39/50  acc=0.5258  loss=0.9886  2.2s  clients=10
15:35:20 [INFO] Round 40 — sending model to 10 clients…
15:35:20 [INFO] [client-9] Round 40 — training locally…
15:35:21 [INFO] [client-9] Round 40 — sending update…
15:35:21 [INFO] [client-7] Round 40 — training locally…
15:35:21 [INFO] [client-7] Round 40 — sending update…
15:35:21 [INFO] [client-9] Round 40 done — loss=0.9715 acc=0.5467  0.7s
15:35:21 [INFO] [client-9] Round 41 — receiving model…
15:35:21 [INFO] Round 40 — waiting for 10 updates…
15:35:21 [INFO] [client-7] Round 40 done — loss=1.0227 acc=0.4743  0.6s
15:35:21 [INFO] [client-7] Round 41 — receiving model…
15:35:21 [INFO] [client-5] Round 40 — training locally…
15:35:21 [INFO] [client-5] Round 40 — sending update…
15:35:21 [INFO] [client-6] Round 40 — training locally…
15:35:21 [INFO] [client-6] Round 40 — sending update…
15:35:21 [INFO] [client-2] Round 40 — training locally…
15:35:21 [INFO] [client-2] Round 40 — sending update…
15:35:21 [INFO] [client-4] Round 40 — training locally…
15:35:22 [INFO] [client-4] Round 40 — sending update…
15:35:22 [INFO] [client-0] Round 40 — training locally…
15:35:22 [INFO] [client-0] Round 40 — sending update…
15:35:22 [INFO] [client-3] Round 40 — training locally…
15:35:22 [INFO] [client-3] Round 40 — sending update…
15:35:22 [INFO] [client-8] Round 40 — training locally…
15:35:22 [INFO] [client-8] Round 40 — sending update…
15:35:22 [INFO] [client-1] Round 40 — training locally…
15:35:22 [INFO] [client-1] Round 40 — sending update…
15:35:22 [INFO] [client-5] Round 40 done — loss=0.9091 acc=0.5865  3.7s
15:35:22 [INFO] [client-5] Round 41 — receiving model…
15:35:22 [INFO] [client-6] Round 40 done — loss=0.9895 acc=0.5247  2.1s
15:35:22 [INFO] [client-6] Round 41 — receiving model…
15:35:22 [INFO] [client-2] Round 40 done — loss=0.8821 acc=0.5879  2.1s
15:35:22 [INFO] [client-2] Round 41 — receiving model…
15:35:22 [INFO] [client-4] Round 40 done — loss=0.9876 acc=0.5106  2.2s
15:35:22 [INFO] [client-4] Round 41 — receiving model…
15:35:22 [INFO] [client-0] Round 40 done — loss=1.0300 acc=0.4815  2.3s
15:35:22 [INFO] [client-0] Round 41 — receiving model…
15:35:22 [INFO] [client-3] Round 40 done — loss=1.0141 acc=0.4791  2.1s
15:35:22 [INFO] [client-3] Round 41 — receiving model…
15:35:23 [INFO] [client-8] Round 40 done — loss=0.7326 acc=0.7280  2.4s
15:35:23 [INFO] [client-8] Round 41 — receiving model…
15:35:23 [INFO] [client-1] Round 40 done — loss=1.0478 acc=0.4471  3.9s
15:35:23 [INFO] [client-1] Round 41 — receiving model…
15:35:23 [INFO] Round 40/50  acc=0.5338  loss=0.9816  2.2s  clients=10
15:35:23 [INFO] Round 41 — sending model to 10 clients…
15:35:23 [INFO] [client-9] Round 41 — training locally…
15:35:23 [INFO] [client-9] Round 41 — sending update…
15:35:23 [INFO] [client-8] Round 41 — training locally…
15:35:23 [INFO] [client-8] Round 41 — sending update…
15:35:23 [INFO] [client-9] Round 41 done — loss=0.9680 acc=0.5481  2.2s
15:35:23 [INFO] [client-9] Round 42 — receiving model…
15:35:23 [INFO] Round 41 — waiting for 10 updates…
15:35:23 [INFO] [client-8] Round 41 done — loss=0.7348 acc=0.7287  0.5s
15:35:23 [INFO] [client-8] Round 42 — receiving model…
15:35:23 [INFO] [client-0] Round 41 — training locally…
15:35:23 [INFO] [client-0] Round 41 — sending update…
15:35:23 [INFO] [client-7] Round 41 — training locally…
15:35:23 [INFO] [client-7] Round 41 — sending update…
15:35:23 [INFO] [client-4] Round 41 — training locally…
15:35:24 [INFO] [client-4] Round 41 — sending update…
15:35:24 [INFO] [client-2] Round 41 — training locally…
15:35:24 [INFO] [client-2] Round 41 — sending update…
15:35:24 [INFO] [client-1] Round 41 — training locally…
15:35:24 [INFO] [client-1] Round 41 — sending update…
15:35:24 [INFO] [client-3] Round 41 — training locally…
15:35:24 [INFO] [client-3] Round 41 — sending update…
15:35:24 [INFO] [client-6] Round 41 — training locally…
15:35:24 [INFO] [client-6] Round 41 — sending update…
15:35:24 [INFO] [client-5] Round 41 — training locally…
15:35:24 [INFO] [client-5] Round 41 — sending update…
15:35:25 [INFO] [client-0] Round 41 done — loss=1.0311 acc=0.4745  2.0s
15:35:25 [INFO] [client-0] Round 42 — receiving model…
15:35:25 [INFO] [client-7] Round 41 done — loss=1.0239 acc=0.4674  3.7s
15:35:25 [INFO] [client-7] Round 42 — receiving model…
15:35:25 [INFO] [client-4] Round 41 done — loss=0.9857 acc=0.5086  2.2s
15:35:25 [INFO] [client-4] Round 42 — receiving model…
15:35:25 [INFO] [client-2] Round 41 done — loss=0.8838 acc=0.5783  2.2s
15:35:25 [INFO] [client-2] Round 42 — receiving model…
15:35:25 [INFO] [client-1] Round 41 done — loss=1.0444 acc=0.4488  2.1s
15:35:25 [INFO] [client-1] Round 42 — receiving model…
15:35:25 [INFO] [client-3] Round 41 done — loss=1.0150 acc=0.4718  2.2s
15:35:25 [INFO] [client-3] Round 42 — receiving model…
15:35:25 [INFO] [client-6] Round 41 done — loss=0.9893 acc=0.5250  2.4s
15:35:25 [INFO] [client-6] Round 42 — receiving model…
15:35:25 [INFO] [client-5] Round 41 done — loss=0.9085 acc=0.5865  2.4s
15:35:25 [INFO] [client-5] Round 42 — receiving model…
15:35:25 [INFO] Round 41/50  acc=0.5290  loss=0.9887  2.2s  clients=10
15:35:25 [INFO] Round 42 — sending model to 10 clients…
15:35:25 [INFO] [client-0] Round 42 — training locally…
15:35:25 [INFO] [client-0] Round 42 — sending update…
15:35:25 [INFO] [client-5] Round 42 — training locally…
15:35:25 [INFO] [client-5] Round 42 — sending update…
15:35:25 [INFO] [client-0] Round 42 done — loss=1.0331 acc=0.4701  0.7s
15:35:25 [INFO] [client-0] Round 43 — receiving model…
15:35:25 [INFO] Round 42 — waiting for 10 updates…
15:35:25 [INFO] [client-5] Round 42 done — loss=0.9077 acc=0.5852  0.5s
15:35:25 [INFO] [client-5] Round 43 — receiving model…
15:35:25 [INFO] [client-9] Round 42 — training locally…
15:35:25 [INFO] [client-9] Round 42 — sending update…
15:35:25 [INFO] [client-2] Round 42 — training locally…
15:35:26 [INFO] [client-2] Round 42 — sending update…
15:35:26 [INFO] [client-7] Round 42 — training locally…
15:35:26 [INFO] [client-7] Round 42 — sending update…
15:35:26 [INFO] [client-4] Round 42 — training locally…
15:35:26 [INFO] [client-4] Round 42 — sending update…
15:35:26 [INFO] [client-1] Round 42 — training locally…
15:35:26 [INFO] [client-1] Round 42 — sending update…
15:35:26 [INFO] [client-8] Round 42 — training locally…
15:35:26 [INFO] [client-8] Round 42 — sending update…
15:35:26 [INFO] [client-6] Round 42 — training locally…
15:35:26 [INFO] [client-6] Round 42 — sending update…
15:35:26 [INFO] [client-3] Round 42 — training locally…
15:35:27 [INFO] [client-3] Round 42 — sending update…
15:35:27 [INFO] [client-9] Round 42 done — loss=0.9704 acc=0.5485  3.7s
15:35:27 [INFO] [client-9] Round 43 — receiving model…
15:35:27 [INFO] [client-2] Round 42 done — loss=0.8886 acc=0.5814  2.1s
15:35:27 [INFO] [client-2] Round 43 — receiving model…
15:35:27 [INFO] [client-7] Round 42 done — loss=1.0215 acc=0.4708  2.2s
15:35:27 [INFO] [client-7] Round 43 — receiving model…
15:35:27 [INFO] [client-4] Round 42 done — loss=0.9891 acc=0.4990  2.2s
15:35:27 [INFO] [client-4] Round 43 — receiving model…
15:35:27 [INFO] [client-1] Round 42 done — loss=1.0446 acc=0.4475  2.2s
15:35:27 [INFO] [client-1] Round 43 — receiving model…
15:35:27 [INFO] [client-8] Round 42 done — loss=0.7302 acc=0.7294  3.8s
15:35:27 [INFO] [client-8] Round 43 — receiving model…
15:35:27 [INFO] [client-6] Round 42 done — loss=0.9907 acc=0.5205  2.2s
15:35:27 [INFO] [client-6] Round 43 — receiving model…
15:35:27 [INFO] [client-3] Round 42 done — loss=1.0167 acc=0.4732  2.3s
15:35:27 [INFO] [client-3] Round 43 — receiving model…
15:35:27 [INFO] Round 42/50  acc=0.5301  loss=0.9841  2.2s  clients=10
15:35:27 [INFO] Round 43 — sending model to 10 clients…
15:35:27 [INFO] [client-0] Round 43 — training locally…
15:35:27 [INFO] [client-0] Round 43 — sending update…
15:35:27 [INFO] [client-9] Round 43 — training locally…
15:35:27 [INFO] [client-9] Round 43 — sending update…
15:35:27 [INFO] [client-0] Round 43 done — loss=1.0311 acc=0.4758  2.2s
15:35:27 [INFO] [client-0] Round 44 — receiving model…
15:35:27 [INFO] Round 43 — waiting for 10 updates…
15:35:27 [INFO] [client-9] Round 43 done — loss=0.9692 acc=0.5456  0.7s
15:35:27 [INFO] [client-9] Round 44 — receiving model…
15:35:27 [INFO] [client-6] Round 43 — training locally…
15:35:28 [INFO] [client-6] Round 43 — sending update…
15:35:28 [INFO] [client-2] Round 43 — training locally…
15:35:28 [INFO] [client-2] Round 43 — sending update…
15:35:28 [INFO] [client-5] Round 43 — training locally…
15:35:28 [INFO] [client-5] Round 43 — sending update…
15:35:28 [INFO] [client-8] Round 43 — training locally…
15:35:28 [INFO] [client-8] Round 43 — sending update…
15:35:28 [INFO] [client-7] Round 43 — training locally…
15:35:28 [INFO] [client-7] Round 43 — sending update…
15:35:28 [INFO] [client-4] Round 43 — training locally…
15:35:28 [INFO] [client-4] Round 43 — sending update…
15:35:28 [INFO] [client-3] Round 43 — training locally…
15:35:29 [INFO] [client-3] Round 43 — sending update…
15:35:29 [INFO] [client-1] Round 43 — training locally…
15:35:29 [INFO] [client-1] Round 43 — sending update…
15:35:29 [INFO] [client-6] Round 43 done — loss=0.9922 acc=0.5212  2.0s
15:35:29 [INFO] [client-6] Round 44 — receiving model…
15:35:29 [INFO] [client-2] Round 43 done — loss=0.8847 acc=0.5834  2.2s
15:35:29 [INFO] [client-2] Round 44 — receiving model…
15:35:29 [INFO] [client-5] Round 43 done — loss=0.9077 acc=0.5783  3.8s
15:35:29 [INFO] [client-5] Round 44 — receiving model…
15:35:29 [INFO] [client-8] Round 43 done — loss=0.7301 acc=0.7308  2.1s
15:35:29 [INFO] [client-8] Round 44 — receiving model…
15:35:29 [INFO] [client-7] Round 43 done — loss=1.0235 acc=0.4660  2.3s
15:35:29 [INFO] [client-7] Round 44 — receiving model…
15:35:29 [INFO] [client-4] Round 43 done — loss=0.9880 acc=0.5007  2.3s
15:35:29 [INFO] [client-4] Round 44 — receiving model…
15:35:29 [INFO] [client-3] Round 43 done — loss=1.0144 acc=0.4691  2.2s
15:35:29 [INFO] [client-3] Round 44 — receiving model…
15:35:29 [INFO] [client-1] Round 43 done — loss=1.0476 acc=0.4499  2.3s
15:35:29 [INFO] [client-1] Round 44 — receiving model…
15:35:29 [INFO] Round 43/50  acc=0.5261  loss=0.9889  2.2s  clients=10
15:35:29 [INFO] Round 44 — sending model to 10 clients…
15:35:29 [INFO] [client-2] Round 44 — training locally…
15:35:29 [INFO] [client-2] Round 44 — sending update…
15:35:29 [INFO] [client-3] Round 44 — training locally…
15:35:30 [INFO] [client-3] Round 44 — sending update…
15:35:30 [INFO] [client-2] Round 44 done — loss=0.8871 acc=0.5783  0.7s
15:35:30 [INFO] [client-2] Round 45 — receiving model…
15:35:30 [INFO] Round 44 — waiting for 10 updates…
15:35:30 [INFO] [client-3] Round 44 done — loss=1.0135 acc=0.4732  0.5s
15:35:30 [INFO] [client-3] Round 45 — receiving model…
15:35:30 [INFO] [client-5] Round 44 — training locally…
15:35:30 [INFO] [client-5] Round 44 — sending update…
15:35:30 [INFO] [client-8] Round 44 — training locally…
15:35:30 [INFO] [client-8] Round 44 — sending update…
15:35:30 [INFO] [client-7] Round 44 — training locally…
15:35:30 [INFO] [client-7] Round 44 — sending update…
15:35:30 [INFO] [client-1] Round 44 — training locally…
15:35:30 [INFO] [client-1] Round 44 — sending update…
15:35:30 [INFO] [client-0] Round 44 — training locally…
15:35:31 [INFO] [client-0] Round 44 — sending update…
15:35:31 [INFO] [client-6] Round 44 — training locally…
15:35:31 [INFO] [client-6] Round 44 — sending update…
15:35:31 [INFO] [client-9] Round 44 — training locally…
15:35:31 [INFO] [client-9] Round 44 — sending update…
15:35:31 [INFO] [client-4] Round 44 — training locally…
15:35:31 [INFO] [client-4] Round 44 — sending update…
15:35:31 [INFO] [client-5] Round 44 done — loss=0.9106 acc=0.5838  2.1s
15:35:31 [INFO] [client-5] Round 45 — receiving model…
15:35:31 [INFO] [client-8] Round 44 done — loss=0.7293 acc=0.7294  2.1s
15:35:31 [INFO] [client-8] Round 45 — receiving model…
15:35:31 [INFO] [client-7] Round 44 done — loss=1.0222 acc=0.4698  2.1s
15:35:31 [INFO] [client-7] Round 45 — receiving model…
15:35:31 [INFO] [client-1] Round 44 done — loss=1.0445 acc=0.4492  2.1s
15:35:31 [INFO] [client-1] Round 45 — receiving model…
15:35:31 [INFO] [client-0] Round 44 done — loss=1.0314 acc=0.4740  4.0s
15:35:31 [INFO] [client-0] Round 45 — receiving model…
15:35:31 [INFO] [client-6] Round 44 done — loss=0.9906 acc=0.5257  2.5s
15:35:31 [INFO] [client-6] Round 45 — receiving model…
15:35:31 [INFO] [client-9] Round 44 done — loss=0.9720 acc=0.5488  4.0s
15:35:31 [INFO] [client-9] Round 45 — receiving model…
15:35:31 [INFO] [client-4] Round 44 done — loss=0.9879 acc=0.5017  2.4s
15:35:31 [INFO] [client-4] Round 45 — receiving model…
15:35:31 [INFO] Round 44/50  acc=0.5287  loss=0.9876  2.3s  clients=10
15:35:31 [INFO] Round 45 — sending model to 10 clients…
15:35:31 [INFO] [client-3] Round 45 — training locally…
15:35:32 [INFO] [client-3] Round 45 — sending update…
15:35:32 [INFO] [client-7] Round 45 — training locally…
15:35:32 [INFO] [client-7] Round 45 — sending update…
15:35:32 [INFO] [client-3] Round 45 done — loss=1.0140 acc=0.4749  2.2s
15:35:32 [INFO] [client-3] Round 46 — receiving model…
15:35:32 [INFO] Round 45 — waiting for 10 updates…
15:35:32 [INFO] [client-7] Round 45 done — loss=1.0256 acc=0.4608  0.8s
15:35:32 [INFO] [client-7] Round 46 — receiving model…
15:35:32 [INFO] [client-5] Round 45 — training locally…
15:35:32 [INFO] [client-5] Round 45 — sending update…
15:35:32 [INFO] [client-6] Round 45 — training locally…
15:35:32 [INFO] [client-6] Round 45 — sending update…
15:35:32 [INFO] [client-1] Round 45 — training locally…
15:35:32 [INFO] [client-1] Round 45 — sending update…
15:35:32 [INFO] [client-4] Round 45 — training locally…
15:35:33 [INFO] [client-4] Round 45 — sending update…
15:35:33 [INFO] [client-0] Round 45 — training locally…
15:35:33 [INFO] [client-0] Round 45 — sending update…
15:35:33 [INFO] [client-9] Round 45 — training locally…
15:35:33 [INFO] [client-9] Round 45 — sending update…
15:35:33 [INFO] [client-8] Round 45 — training locally…
15:35:33 [INFO] [client-8] Round 45 — sending update…
15:35:33 [INFO] [client-2] Round 45 — training locally…
15:35:33 [INFO] [client-2] Round 45 — sending update…
15:35:33 [INFO] [client-5] Round 45 done — loss=0.9089 acc=0.5817  2.3s
15:35:33 [INFO] [client-5] Round 46 — receiving model…
15:35:33 [INFO] [client-6] Round 45 done — loss=0.9872 acc=0.5201  2.1s
15:35:33 [INFO] [client-6] Round 46 — receiving model…
15:35:33 [INFO] [client-1] Round 45 done — loss=1.0457 acc=0.4420  2.2s
15:35:33 [INFO] [client-1] Round 46 — receiving model…
15:35:33 [INFO] [client-4] Round 45 done — loss=0.9883 acc=0.5072  2.1s
15:35:33 [INFO] [client-4] Round 46 — receiving model…
15:35:34 [INFO] [client-0] Round 45 done — loss=1.0257 acc=0.4727  2.2s
15:35:34 [INFO] [client-0] Round 46 — receiving model…
15:35:34 [INFO] [client-9] Round 45 done — loss=0.9695 acc=0.5481  2.2s
15:35:34 [INFO] [client-9] Round 46 — receiving model…
15:35:34 [INFO] [client-8] Round 45 done — loss=0.7346 acc=0.7291  2.5s
15:35:34 [INFO] [client-8] Round 46 — receiving model…
15:35:34 [INFO] [client-2] Round 45 done — loss=0.8804 acc=0.5855  4.0s
15:35:34 [INFO] [client-2] Round 46 — receiving model…
15:35:34 [INFO] Round 45/50  acc=0.5321  loss=0.9833  2.2s  clients=10
15:35:34 [INFO] Round 46 — sending model to 10 clients…
15:35:34 [INFO] [client-8] Round 46 — training locally…
15:35:34 [INFO] [client-8] Round 46 — sending update…
15:35:34 [INFO] [client-7] Round 46 — training locally…
15:35:34 [INFO] [client-7] Round 46 — sending update…
15:35:34 [INFO] [client-8] Round 46 done — loss=0.7297 acc=0.7297  0.5s
15:35:34 [INFO] [client-8] Round 47 — receiving model…
15:35:34 [INFO] Round 46 — waiting for 10 updates…
15:35:34 [INFO] [client-7] Round 46 done — loss=1.0236 acc=0.4715  2.2s
15:35:34 [INFO] [client-7] Round 47 — receiving model…
15:35:34 [INFO] [client-9] Round 46 — training locally…
15:35:34 [INFO] [client-9] Round 46 — sending update…
15:35:34 [INFO] [client-3] Round 46 — training locally…
15:35:34 [INFO] [client-3] Round 46 — sending update…
15:35:34 [INFO] [client-4] Round 46 — training locally…
15:35:35 [INFO] [client-4] Round 46 — sending update…
15:35:35 [INFO] [client-2] Round 46 — training locally…
15:35:35 [INFO] [client-2] Round 46 — sending update…
15:35:35 [INFO] [client-5] Round 46 — training locally…
15:35:35 [INFO] [client-5] Round 46 — sending update…
15:35:35 [INFO] [client-0] Round 46 — training locally…
15:35:35 [INFO] [client-0] Round 46 — sending update…
15:35:35 [INFO] [client-1] Round 46 — training locally…
15:35:35 [INFO] [client-1] Round 46 — sending update…
15:35:35 [INFO] [client-6] Round 46 — training locally…
15:35:36 [INFO] [client-6] Round 46 — sending update…
15:35:36 [INFO] [client-9] Round 46 done — loss=0.9702 acc=0.5520  2.0s
15:35:36 [INFO] [client-9] Round 47 — receiving model…
15:35:36 [INFO] [client-3] Round 46 done — loss=1.0170 acc=0.4698  3.7s
15:35:36 [INFO] [client-3] Round 47 — receiving model…
15:35:36 [INFO] [client-4] Round 46 done — loss=0.9829 acc=0.5141  2.2s
15:35:36 [INFO] [client-4] Round 47 — receiving model…
15:35:36 [INFO] [client-2] Round 46 done — loss=0.8809 acc=0.5924  2.1s
15:35:36 [INFO] [client-2] Round 47 — receiving model…
15:35:36 [INFO] [client-5] Round 46 done — loss=0.9059 acc=0.5862  2.3s
15:35:36 [INFO] [client-5] Round 47 — receiving model…
15:35:36 [INFO] [client-0] Round 46 done — loss=1.0284 acc=0.4780  2.2s
15:35:36 [INFO] [client-0] Round 47 — receiving model…
15:35:36 [INFO] [client-1] Round 46 done — loss=1.0453 acc=0.4457  2.3s
15:35:36 [INFO] [client-1] Round 47 — receiving model…
15:35:36 [INFO] [client-6] Round 46 done — loss=0.9915 acc=0.5132  2.4s
15:35:36 [INFO] [client-6] Round 47 — receiving model…
15:35:36 [INFO] Round 46/50  acc=0.5296  loss=0.9868  2.2s  clients=10
15:35:36 [INFO] Round 47 — sending model to 10 clients…
15:35:36 [INFO] [client-0] Round 47 — training locally…
15:35:36 [INFO] [client-0] Round 47 — sending update…
15:35:36 [INFO] [client-7] Round 47 — training locally…
15:35:36 [INFO] [client-7] Round 47 — sending update…
15:35:36 [INFO] [client-0] Round 47 done — loss=1.0293 acc=0.4771  0.5s
15:35:36 [INFO] [client-0] Round 48 — receiving model…
15:35:36 [INFO] Round 47 — waiting for 10 updates…
15:35:36 [INFO] [client-7] Round 47 done — loss=1.0242 acc=0.4604  2.2s
15:35:36 [INFO] [client-7] Round 48 — receiving model…
15:35:36 [INFO] [client-8] Round 47 — training locally…
15:35:36 [INFO] [client-8] Round 47 — sending update…
15:35:36 [INFO] [client-2] Round 47 — training locally…
15:35:37 [INFO] [client-2] Round 47 — sending update…
15:35:37 [INFO] [client-1] Round 47 — training locally…
15:35:37 [INFO] [client-1] Round 47 — sending update…
15:35:37 [INFO] [client-6] Round 47 — training locally…
15:35:37 [INFO] [client-6] Round 47 — sending update…
15:35:37 [INFO] [client-3] Round 47 — training locally…
15:35:37 [INFO] [client-3] Round 47 — sending update…
15:35:37 [INFO] [client-5] Round 47 — training locally…
15:35:37 [INFO] [client-5] Round 47 — sending update…
15:35:37 [INFO] [client-4] Round 47 — training locally…
15:35:38 [INFO] [client-4] Round 47 — sending update…
15:35:38 [INFO] [client-9] Round 47 — training locally…
15:35:38 [INFO] [client-9] Round 47 — sending update…
15:35:38 [INFO] [client-8] Round 47 done — loss=0.7334 acc=0.7294  3.7s
15:35:38 [INFO] [client-8] Round 48 — receiving model…
15:35:38 [INFO] [client-2] Round 47 done — loss=0.8826 acc=0.5896  2.1s
15:35:38 [INFO] [client-2] Round 48 — receiving model…
15:35:38 [INFO] [client-1] Round 47 done — loss=1.0454 acc=0.4499  2.1s
15:35:38 [INFO] [client-1] Round 48 — receiving model…
15:35:38 [INFO] [client-6] Round 47 done — loss=0.9907 acc=0.5146  2.1s
15:35:38 [INFO] [client-6] Round 48 — receiving model…
15:35:38 [INFO] [client-3] Round 47 done — loss=1.0156 acc=0.4681  2.3s
15:35:38 [INFO] [client-3] Round 48 — receiving model…
15:35:38 [INFO] [client-5] Round 47 done — loss=0.9091 acc=0.5821  2.2s
15:35:38 [INFO] [client-5] Round 48 — receiving model…
15:35:38 [INFO] [client-4] Round 47 done — loss=0.9863 acc=0.5021  2.3s
15:35:38 [INFO] [client-4] Round 48 — receiving model…
15:35:38 [INFO] [client-9] Round 47 done — loss=0.9707 acc=0.5449  2.4s
15:35:38 [INFO] [client-9] Round 48 — receiving model…
15:35:38 [INFO] Round 47/50  acc=0.5313  loss=0.9861  2.2s  clients=10
15:35:38 [INFO] Round 48 — sending model to 10 clients…
15:35:38 [INFO] [client-5] Round 48 — training locally…
15:35:38 [INFO] [client-5] Round 48 — sending update…
15:35:38 [INFO] [client-3] Round 48 — training locally…
15:35:38 [INFO] [client-3] Round 48 — sending update…
15:35:38 [INFO] [client-5] Round 48 done — loss=0.9103 acc=0.5814  0.5s
15:35:38 [INFO] [client-5] Round 49 — receiving model…
15:35:38 [INFO] Round 48 — waiting for 10 updates…
15:35:39 [INFO] [client-3] Round 48 done — loss=1.0138 acc=0.4766  0.6s
15:35:39 [INFO] [client-3] Round 49 — receiving model…
15:35:39 [INFO] [client-0] Round 48 — training locally…
15:35:39 [INFO] [client-0] Round 48 — sending update…
15:35:39 [INFO] [client-1] Round 48 — training locally…
15:35:39 [INFO] [client-1] Round 48 — sending update…
15:35:39 [INFO] [client-9] Round 48 — training locally…
15:35:39 [INFO] [client-9] Round 48 — sending update…
15:35:39 [INFO] [client-8] Round 48 — training locally…
15:35:39 [INFO] [client-8] Round 48 — sending update…
15:35:39 [INFO] [client-2] Round 48 — training locally…
15:35:39 [INFO] [client-2] Round 48 — sending update…
15:35:39 [INFO] [client-6] Round 48 — training locally…
15:35:40 [INFO] [client-6] Round 48 — sending update…
15:35:40 [INFO] [client-4] Round 48 — training locally…
15:35:40 [INFO] [client-4] Round 48 — sending update…
15:35:40 [INFO] [client-7] Round 48 — training locally…
15:35:40 [INFO] [client-7] Round 48 — sending update…
15:35:40 [INFO] [client-0] Round 48 done — loss=1.0295 acc=0.4749  3.7s
15:35:40 [INFO] [client-0] Round 49 — receiving model…
15:35:40 [INFO] [client-1] Round 48 done — loss=1.0436 acc=0.4536  2.2s
15:35:40 [INFO] [client-1] Round 49 — receiving model…
15:35:40 [INFO] [client-9] Round 48 done — loss=0.9718 acc=0.5435  2.0s
15:35:40 [INFO] [client-9] Round 49 — receiving model…
15:35:40 [INFO] [client-8] Round 48 done — loss=0.7357 acc=0.7291  2.3s
15:35:40 [INFO] [client-8] Round 49 — receiving model…
15:35:40 [INFO] [client-2] Round 48 done — loss=0.8777 acc=0.5879  2.3s
15:35:40 [INFO] [client-2] Round 49 — receiving model…
15:35:40 [INFO] [client-6] Round 48 done — loss=0.9893 acc=0.5215  2.3s
15:35:40 [INFO] [client-6] Round 49 — receiving model…
15:35:40 [INFO] [client-4] Round 48 done — loss=0.9885 acc=0.4979  2.2s
15:35:40 [INFO] [client-4] Round 49 — receiving model…
15:35:40 [INFO] [client-7] Round 48 done — loss=1.0245 acc=0.4649  3.9s
15:35:40 [INFO] [client-7] Round 49 — receiving model…
15:35:40 [INFO] Round 48/50  acc=0.5281  loss=0.9866  2.2s  clients=10
15:35:40 [INFO] Round 49 — sending model to 10 clients…
15:35:40 [INFO] [client-0] Round 49 — training locally…
15:35:40 [INFO] [client-0] Round 49 — sending update…
15:35:40 [INFO] [client-5] Round 49 — training locally…
15:35:41 [INFO] [client-5] Round 49 — sending update…
15:35:41 [INFO] [client-0] Round 49 done — loss=1.0279 acc=0.4806  0.7s
15:35:41 [INFO] [client-0] Round 50 — receiving model…
15:35:41 [INFO] Round 49 — waiting for 10 updates…
15:35:41 [INFO] [client-5] Round 49 done — loss=0.9078 acc=0.5821  2.2s
15:35:41 [INFO] [client-5] Round 50 — receiving model…
15:35:41 [INFO] [client-3] Round 49 — training locally…
15:35:41 [INFO] [client-3] Round 49 — sending update…
15:35:41 [INFO] [client-4] Round 49 — training locally…
15:35:41 [INFO] [client-4] Round 49 — sending update…
15:35:41 [INFO] [client-7] Round 49 — training locally…
15:35:41 [INFO] [client-7] Round 49 — sending update…
15:35:41 [INFO] [client-6] Round 49 — training locally…
15:35:41 [INFO] [client-6] Round 49 — sending update…
15:35:41 [INFO] [client-1] Round 49 — training locally…
15:35:42 [INFO] [client-1] Round 49 — sending update…
15:35:42 [INFO] [client-2] Round 49 — training locally…
15:35:42 [INFO] [client-2] Round 49 — sending update…
15:35:42 [INFO] [client-8] Round 49 — training locally…
15:35:42 [INFO] [client-8] Round 49 — sending update…
15:35:42 [INFO] [client-9] Round 49 — training locally…
15:35:42 [INFO] [client-9] Round 49 — sending update…
15:35:42 [INFO] [client-3] Round 49 done — loss=1.0159 acc=0.4701  3.7s
15:35:42 [INFO] [client-3] Round 50 — receiving model…
15:35:42 [INFO] [client-4] Round 49 done — loss=0.9870 acc=0.4986  2.0s
15:35:42 [INFO] [client-4] Round 50 — receiving model…
15:35:42 [INFO] [client-7] Round 49 done — loss=1.0218 acc=0.4778  2.0s
15:35:42 [INFO] [client-7] Round 50 — receiving model…
15:35:42 [INFO] [client-6] Round 49 done — loss=0.9937 acc=0.5226  2.1s
15:35:42 [INFO] [client-6] Round 50 — receiving model…
15:35:42 [INFO] [client-1] Round 49 done — loss=1.0450 acc=0.4454  2.3s
15:35:42 [INFO] [client-1] Round 50 — receiving model…
15:35:42 [INFO] [client-2] Round 49 done — loss=0.8857 acc=0.5852  2.2s
15:35:42 [INFO] [client-2] Round 50 — receiving model…
15:35:42 [INFO] [client-8] Round 49 done — loss=0.7334 acc=0.7297  2.3s
15:35:42 [INFO] [client-8] Round 50 — receiving model…
15:35:42 [INFO] [client-9] Round 49 done — loss=0.9679 acc=0.5446  2.4s
15:35:42 [INFO] [client-9] Round 50 — receiving model…
15:35:42 [INFO] Round 49/50  acc=0.5290  loss=0.9871  2.2s  clients=10
15:35:42 [INFO] Round 50 — sending model to 10 clients…
15:35:42 [INFO] [client-1] Round 50 — training locally…
15:35:43 [INFO] [client-1] Round 50 — sending update…
15:35:43 [INFO] [client-5] Round 50 — training locally…
15:35:43 [INFO] [client-5] Round 50 — sending update…
15:35:43 [INFO] [client-1] Round 50 done — loss=1.0464 acc=0.4509  0.6s
15:35:43 [INFO] Round 50 — waiting for 10 updates…
15:35:43 [INFO] [client-5] Round 50 done — loss=0.9099 acc=0.5824  2.2s
15:35:43 [INFO] [client-7] Round 50 — training locally…
15:35:43 [INFO] [client-7] Round 50 — sending update…
15:35:43 [INFO] [client-9] Round 50 — training locally…
15:35:43 [INFO] [client-9] Round 50 — sending update…
15:35:43 [INFO] [client-4] Round 50 — training locally…
15:35:43 [INFO] [client-4] Round 50 — sending update…
15:35:43 [INFO] [client-3] Round 50 — training locally…
15:35:44 [INFO] [client-3] Round 50 — sending update…
15:35:44 [INFO] [client-0] Round 50 — training locally…
15:35:44 [INFO] [client-0] Round 50 — sending update…
15:35:44 [INFO] [client-8] Round 50 — training locally…
15:35:44 [INFO] [client-8] Round 50 — sending update…
15:35:44 [INFO] [client-6] Round 50 — training locally…
15:35:44 [INFO] [client-6] Round 50 — sending update…
15:35:44 [INFO] [client-2] Round 50 — training locally…
15:35:44 [INFO] [client-2] Round 50 — sending update…
15:35:44 [INFO] [client-7] Round 50 done — loss=1.0236 acc=0.4688  2.1s
15:35:44 [INFO] [client-9] Round 50 done — loss=0.9697 acc=0.5460  2.0s
15:35:44 [INFO] [client-4] Round 50 done — loss=0.9891 acc=0.5065  2.2s
15:35:44 [INFO] [client-3] Round 50 done — loss=1.0146 acc=0.4777  2.3s
15:35:45 [INFO] [client-0] Round 50 done — loss=1.0264 acc=0.4727  3.9s
15:35:45 [INFO] [client-8] Round 50 done — loss=0.7284 acc=0.7301  2.2s
15:35:45 [INFO] [client-6] Round 50 done — loss=0.9904 acc=0.5170  2.3s
15:35:45 [INFO] [client-2] Round 50 done — loss=0.8860 acc=0.5824  2.3s
15:35:45 [INFO] Round 50/50  acc=0.5244  loss=0.9905  2.2s  clients=10
15:35:45 [INFO] CoAP server [client-0] stopped
15:35:45 [INFO] CoAP server [client-1] stopped
15:35:45 [INFO] CoAP server [client-2] stopped
15:35:45 [INFO] CoAP server [client-3] stopped
15:35:45 [INFO] CoAP server [client-4] stopped
15:35:45 [INFO] CoAP server [client-5] stopped
15:35:45 [INFO] CoAP server [client-6] stopped
15:35:45 [INFO] CoAP server [client-7] stopped
15:35:45 [INFO] CoAP server [client-8] stopped
15:35:45 [INFO] CoAP server [client-9] stopped
15:35:45 [INFO] CoAP server [server] stopped
15:35:45 [INFO] Exported 50 rows → /home/raullb/FL-Iroh/results/e7/e7_airlstm_geographic_round_events.csv
15:35:45 [INFO] AirLSTM airlstm_geographic done: {'node_id': 'server', 'architecture': 'B', 'scenario': 'e7_airlstm_geographic', 'rounds_total': 50, 'rounds_success': 50, 'test_acc_final': 0.5244215938303342, 'test_acc_max': 0.5381319622964867, 'duration_mean_sec': 2.203945054062642, 'pct_direct': 0.0, 'pct_relay': 0.0, 'bytes_to_aggregator': 25528500}
15:35:45 [INFO] === E7 AirLSTM + FedAvg — iid ===
15:35:45 [INFO] Air quality SEQUENCES loaded: 28454 train / 3501 test | window=7 | 6 features | 3 classes
15:35:45 [INFO] IID partition: 10 clients, ~2845 samples each
15:35:45 [INFO] AirLSTM class weights: [1.02536940574646, 1.0864452123641968, 0.905543863773346]
15:35:45 [INFO] FL_MOCK_IROH=1 — forcing mock transport (iroh bypassed)
15:35:45 [INFO] CoAP server [server] listening on 0.0.0.0:5783
15:35:45 [INFO] FLServer server started (mock=True)
15:35:45 [INFO] FL_MOCK_IROH=1 — forcing mock transport (iroh bypassed)
15:35:45 [INFO] CoAP server [client-0] listening on 0.0.0.0:5784
15:35:45 [INFO] FLClient client-0 started (mock=True)
15:35:45 [INFO] Registered client client-0  iroh=mock-client-0
15:35:45 [INFO] FL_MOCK_IROH=1 — forcing mock transport (iroh bypassed)
15:35:45 [INFO] CoAP server [client-1] listening on 0.0.0.0:5785
15:35:45 [INFO] FLClient client-1 started (mock=True)
15:35:45 [INFO] Registered client client-1  iroh=mock-client-1
15:35:45 [INFO] FL_MOCK_IROH=1 — forcing mock transport (iroh bypassed)
15:35:45 [INFO] CoAP server [client-2] listening on 0.0.0.0:5786
15:35:45 [INFO] FLClient client-2 started (mock=True)
15:35:45 [INFO] Registered client client-2  iroh=mock-client-2
15:35:45 [INFO] FL_MOCK_IROH=1 — forcing mock transport (iroh bypassed)
15:35:45 [INFO] CoAP server [client-3] listening on 0.0.0.0:5787
15:35:45 [INFO] FLClient client-3 started (mock=True)
15:35:45 [INFO] Registered client client-3  iroh=mock-client-3
15:35:45 [INFO] FL_MOCK_IROH=1 — forcing mock transport (iroh bypassed)
15:35:45 [INFO] CoAP server [client-4] listening on 0.0.0.0:5788
15:35:45 [INFO] FLClient client-4 started (mock=True)
15:35:45 [INFO] Registered client client-4  iroh=mock-client-4
15:35:45 [INFO] FL_MOCK_IROH=1 — forcing mock transport (iroh bypassed)
15:35:45 [INFO] CoAP server [client-5] listening on 0.0.0.0:5789
15:35:45 [INFO] FLClient client-5 started (mock=True)
15:35:45 [INFO] Registered client client-5  iroh=mock-client-5
15:35:45 [INFO] FL_MOCK_IROH=1 — forcing mock transport (iroh bypassed)
15:35:45 [INFO] CoAP server [client-6] listening on 0.0.0.0:5790
15:35:45 [INFO] FLClient client-6 started (mock=True)
15:35:45 [INFO] Registered client client-6  iroh=mock-client-6
15:35:45 [INFO] FL_MOCK_IROH=1 — forcing mock transport (iroh bypassed)
15:35:45 [INFO] CoAP server [client-7] listening on 0.0.0.0:5791
15:35:45 [INFO] FLClient client-7 started (mock=True)
15:35:45 [INFO] Registered client client-7  iroh=mock-client-7
15:35:45 [INFO] FL_MOCK_IROH=1 — forcing mock transport (iroh bypassed)
15:35:45 [INFO] CoAP server [client-8] listening on 0.0.0.0:5792
15:35:45 [INFO] FLClient client-8 started (mock=True)
15:35:45 [INFO] Registered client client-8  iroh=mock-client-8
15:35:45 [INFO] FL_MOCK_IROH=1 — forcing mock transport (iroh bypassed)
15:35:45 [INFO] CoAP server [client-9] listening on 0.0.0.0:5793
15:35:45 [INFO] FLClient client-9 started (mock=True)
15:35:45 [INFO] Registered client client-9  iroh=mock-client-9
15:35:45 [INFO] Round 1 — sending model to 10 clients…
15:35:45 [INFO] [client-0] Round 1 — receiving model…
15:35:45 [INFO] [client-1] Round 1 — receiving model…
15:35:45 [INFO] [client-2] Round 1 — receiving model…
15:35:45 [INFO] [client-3] Round 1 — receiving model…
15:35:45 [INFO] [client-4] Round 1 — receiving model…
15:35:45 [INFO] [client-5] Round 1 — receiving model…
15:35:45 [INFO] [client-6] Round 1 — receiving model…
15:35:45 [INFO] [client-7] Round 1 — receiving model…
15:35:45 [INFO] [client-8] Round 1 — receiving model…
15:35:45 [INFO] [client-9] Round 1 — receiving model…
15:35:45 [INFO] [client-1] Round 1 — training locally…
15:35:46 [INFO] [client-1] Round 1 — sending update…
15:35:46 [INFO] [client-5] Round 1 — training locally…
15:35:46 [INFO] [client-5] Round 1 — sending update…
15:35:46 [INFO] [client-1] Round 1 done — loss=1.0910 acc=0.3750  0.4s
15:35:46 [INFO] [client-1] Round 2 — receiving model…
15:35:46 [INFO] Round 1 — waiting for 10 updates…
15:35:46 [INFO] [client-5] Round 1 done — loss=1.0929 acc=0.3665  0.4s
15:35:46 [INFO] [client-5] Round 2 — receiving model…
15:35:46 [INFO] [client-2] Round 1 — training locally…
15:35:46 [INFO] [client-2] Round 1 — sending update…
15:35:46 [INFO] [client-0] Round 1 — training locally…
15:35:46 [INFO] [client-0] Round 1 — sending update…
15:35:46 [INFO] [client-8] Round 1 — training locally…
15:35:46 [INFO] [client-8] Round 1 — sending update…
15:35:46 [INFO] [client-6] Round 1 — training locally…
15:35:46 [INFO] [client-6] Round 1 — sending update…
15:35:46 [INFO] [client-3] Round 1 — training locally…
15:35:47 [INFO] [client-3] Round 1 — sending update…
15:35:47 [INFO] [client-9] Round 1 — training locally…
15:35:47 [INFO] [client-9] Round 1 — sending update…
15:35:47 [INFO] [client-4] Round 1 — training locally…
15:35:47 [INFO] [client-4] Round 1 — sending update…
15:35:47 [INFO] [client-7] Round 1 — training locally…
15:35:47 [INFO] [client-7] Round 1 — sending update…
15:35:47 [INFO] [client-2] Round 1 done — loss=1.0916 acc=0.3665  2.0s
15:35:47 [INFO] [client-2] Round 2 — receiving model…
15:35:47 [INFO] [client-0] Round 1 done — loss=1.0897 acc=0.3825  2.0s
15:35:47 [INFO] [client-0] Round 2 — receiving model…
15:35:47 [INFO] [client-8] Round 1 done — loss=1.0926 acc=0.3768  2.0s
15:35:47 [INFO] [client-8] Round 2 — receiving model…
15:35:47 [INFO] [client-6] Round 1 done — loss=1.0899 acc=0.3640  2.1s
15:35:47 [INFO] [client-6] Round 2 — receiving model…
15:35:47 [INFO] [client-3] Round 1 done — loss=1.0930 acc=0.3569  2.1s
15:35:47 [INFO] [client-3] Round 2 — receiving model…
15:35:47 [INFO] [client-9] Round 1 done — loss=1.0927 acc=0.3896  2.1s
15:35:47 [INFO] [client-9] Round 2 — receiving model…
15:35:48 [INFO] [client-4] Round 1 done — loss=1.0938 acc=0.3604  2.2s
15:35:48 [INFO] [client-4] Round 2 — receiving model…
15:35:48 [INFO] [client-7] Round 1 done — loss=1.0944 acc=0.3906  2.2s
15:35:48 [INFO] [client-7] Round 2 — receiving model…
15:35:48 [INFO] Round 1/50  acc=0.2882  loss=1.0972  2.3s  clients=10
15:35:48 [INFO] Round 2 — sending model to 10 clients…
15:35:48 [INFO] [client-2] Round 2 — training locally…
15:35:48 [INFO] [client-2] Round 2 — sending update…
15:35:48 [INFO] [client-3] Round 2 — training locally…
15:35:48 [INFO] [client-3] Round 2 — sending update…
15:35:48 [INFO] [client-2] Round 2 done — loss=1.0753 acc=0.4176  0.7s
15:35:48 [INFO] [client-2] Round 3 — receiving model…
15:35:48 [INFO] Round 2 — waiting for 10 updates…
15:35:48 [INFO] [client-3] Round 2 done — loss=1.0781 acc=0.3942  0.6s
15:35:48 [INFO] [client-3] Round 3 — receiving model…
15:35:48 [INFO] [client-7] Round 2 — training locally…
15:35:48 [INFO] [client-7] Round 2 — sending update…
15:35:48 [INFO] [client-0] Round 2 — training locally…
15:35:48 [INFO] [client-0] Round 2 — sending update…
15:35:48 [INFO] [client-5] Round 2 — training locally…
15:35:49 [INFO] [client-5] Round 2 — sending update…
15:35:49 [INFO] [client-4] Round 2 — training locally…
15:35:49 [INFO] [client-4] Round 2 — sending update…
15:35:49 [INFO] [client-9] Round 2 — training locally…
15:35:49 [INFO] [client-9] Round 2 — sending update…
15:35:49 [INFO] [client-1] Round 2 — training locally…
15:35:49 [INFO] [client-1] Round 2 — sending update…
15:35:49 [INFO] [client-6] Round 2 — training locally…
15:35:49 [INFO] [client-6] Round 2 — sending update…
15:35:49 [INFO] [client-8] Round 2 — training locally…
15:35:49 [INFO] [client-8] Round 2 — sending update…
15:35:49 [INFO] [client-7] Round 2 done — loss=1.0790 acc=0.4336  1.9s
15:35:49 [INFO] [client-7] Round 3 — receiving model…
15:35:50 [INFO] [client-0] Round 2 done — loss=1.0707 acc=0.4268  2.2s
15:35:50 [INFO] [client-0] Round 3 — receiving model…
15:35:50 [INFO] [client-5] Round 2 done — loss=1.0754 acc=0.4254  3.8s
15:35:50 [INFO] [client-5] Round 3 — receiving model…
15:35:50 [INFO] [client-4] Round 2 done — loss=1.0796 acc=0.4205  2.1s
15:35:50 [INFO] [client-4] Round 3 — receiving model…
15:35:50 [INFO] [client-9] Round 2 done — loss=1.0746 acc=0.4464  2.2s
15:35:50 [INFO] [client-9] Round 3 — receiving model…
15:35:50 [INFO] [client-1] Round 2 done — loss=1.0734 acc=0.4293  3.9s
15:35:50 [INFO] [client-1] Round 3 — receiving model…
15:35:50 [INFO] [client-6] Round 2 done — loss=1.0713 acc=0.4513  2.3s
15:35:50 [INFO] [client-6] Round 3 — receiving model…
15:35:50 [INFO] [client-8] Round 2 done — loss=1.0743 acc=0.4226  2.4s
15:35:50 [INFO] [client-8] Round 3 — receiving model…
15:35:50 [INFO] Round 2/50  acc=0.4973  loss=1.0688  2.2s  clients=10
15:35:50 [INFO] Round 3 — sending model to 10 clients…
15:35:50 [INFO] [client-0] Round 3 — training locally…
15:35:50 [INFO] [client-0] Round 3 — sending update…
15:35:50 [INFO] [client-6] Round 3 — training locally…
15:35:50 [INFO] [client-6] Round 3 — sending update…
15:35:50 [INFO] [client-0] Round 3 done — loss=1.0361 acc=0.5064  0.7s
15:35:50 [INFO] [client-0] Round 4 — receiving model…
15:35:50 [INFO] Round 3 — waiting for 10 updates…
15:35:50 [INFO] [client-6] Round 3 done — loss=1.0379 acc=0.4925  0.5s
15:35:50 [INFO] [client-6] Round 4 — receiving model…
15:35:50 [INFO] [client-3] Round 3 — training locally…
15:35:50 [INFO] [client-3] Round 3 — sending update…
15:35:50 [INFO] [client-4] Round 3 — training locally…
15:35:51 [INFO] [client-4] Round 3 — sending update…
15:35:51 [INFO] [client-5] Round 3 — training locally…
15:35:51 [INFO] [client-5] Round 3 — sending update…
15:35:51 [INFO] [client-7] Round 3 — training locally…
15:35:51 [INFO] [client-7] Round 3 — sending update…
15:35:51 [INFO] [client-2] Round 3 — training locally…
15:35:51 [INFO] [client-2] Round 3 — sending update…
15:35:51 [INFO] [client-9] Round 3 — training locally…
15:35:51 [INFO] [client-9] Round 3 — sending update…
15:35:51 [INFO] [client-8] Round 3 — training locally…
15:35:51 [INFO] [client-8] Round 3 — sending update…
15:35:51 [INFO] [client-1] Round 3 — training locally…
15:35:52 [INFO] [client-1] Round 3 — sending update…
15:35:52 [INFO] [client-3] Round 3 done — loss=1.0477 acc=0.4780  3.6s
15:35:52 [INFO] [client-3] Round 4 — receiving model…
15:35:52 [INFO] [client-4] Round 3 done — loss=1.0522 acc=0.4727  2.1s
15:35:52 [INFO] [client-4] Round 4 — receiving model…
15:35:52 [INFO] [client-5] Round 3 done — loss=1.0438 acc=0.4862  2.2s
15:35:52 [INFO] [client-5] Round 4 — receiving model…
15:35:52 [INFO] [client-7] Round 3 done — loss=1.0508 acc=0.4631  2.3s
15:35:52 [INFO] [client-7] Round 4 — receiving model…
15:35:52 [INFO] [client-2] Round 3 done — loss=1.0424 acc=0.4897  3.8s
15:35:52 [INFO] [client-2] Round 4 — receiving model…
15:35:52 [INFO] [client-9] Round 3 done — loss=1.0414 acc=0.4904  2.2s
15:35:52 [INFO] [client-9] Round 4 — receiving model…
15:35:52 [INFO] [client-8] Round 3 done — loss=1.0439 acc=0.4947  2.1s
15:35:52 [INFO] [client-8] Round 4 — receiving model…
15:35:52 [INFO] [client-1] Round 3 done — loss=1.0419 acc=0.4837  2.3s
15:35:52 [INFO] [client-1] Round 4 — receiving model…
15:35:52 [INFO] Round 3/50  acc=0.5233  loss=1.0258  2.2s  clients=10
15:35:52 [INFO] Round 4 — sending model to 10 clients…
15:35:52 [INFO] [client-2] Round 4 — training locally…
15:35:52 [INFO] [client-2] Round 4 — sending update…
15:35:52 [INFO] [client-8] Round 4 — training locally…
15:35:52 [INFO] [client-8] Round 4 — sending update…
15:35:52 [INFO] [client-2] Round 4 done — loss=1.0110 acc=0.4947  0.5s
15:35:52 [INFO] [client-2] Round 5 — receiving model…
15:35:52 [INFO] Round 4 — waiting for 10 updates…
15:35:52 [INFO] [client-8] Round 4 done — loss=1.0133 acc=0.5000  0.5s
15:35:52 [INFO] [client-8] Round 5 — receiving model…
15:35:52 [INFO] [client-6] Round 4 — training locally…
15:35:53 [INFO] [client-6] Round 4 — sending update…
15:35:53 [INFO] [client-1] Round 4 — training locally…
15:35:53 [INFO] [client-1] Round 4 — sending update…
15:35:53 [INFO] [client-7] Round 4 — training locally…
15:35:53 [INFO] [client-7] Round 4 — sending update…
15:35:53 [INFO] [client-3] Round 4 — training locally…
15:35:53 [INFO] [client-3] Round 4 — sending update…
15:35:53 [INFO] [client-0] Round 4 — training locally…
15:35:53 [INFO] [client-0] Round 4 — sending update…
15:35:53 [INFO] [client-4] Round 4 — training locally…
15:35:53 [INFO] [client-4] Round 4 — sending update…
15:35:53 [INFO] [client-5] Round 4 — training locally…
15:35:54 [INFO] [client-5] Round 4 — sending update…
15:35:54 [INFO] [client-9] Round 4 — training locally…
15:35:54 [INFO] [client-9] Round 4 — sending update…
15:35:54 [INFO] [client-6] Round 4 done — loss=1.0001 acc=0.5107  3.6s
15:35:54 [INFO] [client-6] Round 5 — receiving model…
15:35:54 [INFO] [client-1] Round 4 done — loss=1.0046 acc=0.5075  2.0s
15:35:54 [INFO] [client-1] Round 5 — receiving model…
15:35:54 [INFO] [client-7] Round 4 done — loss=1.0181 acc=0.4801  2.1s
15:35:54 [INFO] [client-7] Round 5 — receiving model…
15:35:54 [INFO] [client-3] Round 4 done — loss=1.0137 acc=0.4904  2.3s
15:35:54 [INFO] [client-3] Round 5 — receiving model…
15:35:54 [INFO] [client-0] Round 4 done — loss=1.0028 acc=0.5121  3.8s
15:35:54 [INFO] [client-0] Round 5 — receiving model…
15:35:54 [INFO] [client-4] Round 4 done — loss=1.0171 acc=0.4911  2.3s
15:35:54 [INFO] [client-4] Round 5 — receiving model…
15:35:54 [INFO] [client-5] Round 4 done — loss=1.0109 acc=0.5032  2.3s
15:35:54 [INFO] [client-5] Round 5 — receiving model…
15:35:54 [INFO] [client-9] Round 4 done — loss=1.0103 acc=0.5082  2.3s
15:35:54 [INFO] [client-9] Round 5 — receiving model…
15:35:54 [INFO] Round 4/50  acc=0.5364  loss=0.9863  2.2s  clients=10
15:35:54 [INFO] Round 5 — sending model to 10 clients…
15:35:54 [INFO] [client-9] Round 5 — training locally…
15:35:54 [INFO] [client-9] Round 5 — sending update…
15:35:54 [INFO] [client-1] Round 5 — training locally…
15:35:55 [INFO] [client-1] Round 5 — sending update…
15:35:55 [INFO] [client-9] Round 5 done — loss=0.9936 acc=0.5128  0.4s
15:35:55 [INFO] [client-9] Round 6 — receiving model…
15:35:55 [INFO] Round 5 — waiting for 10 updates…
15:35:55 [INFO] [client-1] Round 5 done — loss=0.9858 acc=0.5117  0.7s
15:35:55 [INFO] [client-1] Round 6 — receiving model…
15:35:55 [INFO] [client-3] Round 5 — training locally…
15:35:55 [INFO] [client-3] Round 5 — sending update…
15:35:55 [INFO] [client-4] Round 5 — training locally…
15:35:55 [INFO] [client-4] Round 5 — sending update…
15:35:55 [INFO] [client-2] Round 5 — training locally…
15:35:55 [INFO] [client-2] Round 5 — sending update…
15:35:55 [INFO] [client-5] Round 5 — training locally…
15:35:55 [INFO] [client-5] Round 5 — sending update…
15:35:55 [INFO] [client-0] Round 5 — training locally…
15:35:55 [INFO] [client-0] Round 5 — sending update…
15:35:55 [INFO] [client-6] Round 5 — training locally…
15:35:56 [INFO] [client-6] Round 5 — sending update…
15:35:56 [INFO] [client-8] Round 5 — training locally…
15:35:56 [INFO] [client-8] Round 5 — sending update…
15:35:56 [INFO] [client-7] Round 5 — training locally…
15:35:56 [INFO] [client-7] Round 5 — sending update…
15:35:56 [INFO] [client-3] Round 5 done — loss=0.9932 acc=0.5089  2.1s
15:35:56 [INFO] [client-3] Round 6 — receiving model…
15:35:56 [INFO] [client-4] Round 5 done — loss=1.0020 acc=0.5021  2.0s
15:35:56 [INFO] [client-4] Round 6 — receiving model…
15:35:56 [INFO] [client-2] Round 5 done — loss=0.9948 acc=0.5071  3.8s
15:35:56 [INFO] [client-2] Round 6 — receiving model…
15:35:56 [INFO] [client-5] Round 5 done — loss=0.9961 acc=0.5050  2.1s
15:35:56 [INFO] [client-5] Round 6 — receiving model…
15:35:56 [INFO] [client-0] Round 5 done — loss=0.9816 acc=0.5206  2.2s
15:35:56 [INFO] [client-0] Round 6 — receiving model…
15:35:56 [INFO] [client-6] Round 5 done — loss=0.9838 acc=0.5163  2.4s
15:35:56 [INFO] [client-6] Round 6 — receiving model…
15:35:56 [INFO] [client-8] Round 5 done — loss=1.0012 acc=0.5089  3.9s
15:35:56 [INFO] [client-8] Round 6 — receiving model…
15:35:56 [INFO] [client-7] Round 5 done — loss=1.0074 acc=0.4876  2.4s
15:35:56 [INFO] [client-7] Round 6 — receiving model…
15:35:56 [INFO] Round 5/50  acc=0.5378  loss=0.9734  2.2s  clients=10
15:35:56 [INFO] Round 6 — sending model to 10 clients…
15:35:56 [INFO] [client-3] Round 6 — training locally…
15:35:57 [INFO] [client-3] Round 6 — sending update…
15:35:57 [INFO] [client-5] Round 6 — training locally…
15:35:57 [INFO] [client-5] Round 6 — sending update…
15:35:57 [INFO] [client-3] Round 6 done — loss=0.9875 acc=0.5092  0.7s
15:35:57 [INFO] [client-3] Round 7 — receiving model…
15:35:57 [INFO] Round 6 — waiting for 10 updates…
15:35:57 [INFO] [client-5] Round 6 done — loss=0.9925 acc=0.5060  0.6s
15:35:57 [INFO] [client-5] Round 7 — receiving model…
15:35:57 [INFO] [client-7] Round 6 — training locally…
15:35:57 [INFO] [client-7] Round 6 — sending update…
15:35:57 [INFO] [client-2] Round 6 — training locally…
15:35:57 [INFO] [client-2] Round 6 — sending update…
15:35:57 [INFO] [client-9] Round 6 — training locally…
15:35:57 [INFO] [client-9] Round 6 — sending update…
15:35:57 [INFO] [client-6] Round 6 — training locally…
15:35:57 [INFO] [client-6] Round 6 — sending update…
15:35:57 [INFO] [client-4] Round 6 — training locally…
15:35:58 [INFO] [client-4] Round 6 — sending update…
15:35:58 [INFO] [client-1] Round 6 — training locally…
15:35:58 [INFO] [client-1] Round 6 — sending update…
15:35:58 [INFO] [client-0] Round 6 — training locally…
15:35:58 [INFO] [client-0] Round 6 — sending update…
15:35:58 [INFO] [client-8] Round 6 — training locally…
15:35:58 [INFO] [client-8] Round 6 — sending update…
15:35:58 [INFO] [client-7] Round 6 done — loss=1.0011 acc=0.4908  1.9s
15:35:58 [INFO] [client-7] Round 7 — receiving model…
15:35:58 [INFO] [client-2] Round 6 done — loss=0.9867 acc=0.5128  2.1s
15:35:58 [INFO] [client-2] Round 7 — receiving model…
15:35:58 [INFO] [client-9] Round 6 done — loss=0.9889 acc=0.5153  3.7s
15:35:58 [INFO] [client-9] Round 7 — receiving model…
15:35:58 [INFO] [client-6] Round 6 done — loss=0.9777 acc=0.5199  2.1s
15:35:58 [INFO] [client-6] Round 7 — receiving model…
15:35:58 [INFO] [client-4] Round 6 done — loss=0.9947 acc=0.4986  2.3s
15:35:58 [INFO] [client-4] Round 7 — receiving model…
15:35:58 [INFO] [client-1] Round 6 done — loss=0.9826 acc=0.5160  3.8s
15:35:58 [INFO] [client-1] Round 7 — receiving model…
15:35:58 [INFO] [client-0] Round 6 done — loss=0.9749 acc=0.5259  2.2s
15:35:58 [INFO] [client-0] Round 7 — receiving model…
15:35:58 [INFO] [client-8] Round 6 done — loss=0.9962 acc=0.5067  2.2s
15:35:58 [INFO] [client-8] Round 7 — receiving model…
15:35:59 [INFO] Round 6/50  acc=0.5413  loss=0.9724  2.2s  clients=10
15:35:59 [INFO] Round 7 — sending model to 10 clients…
15:35:59 [INFO] [client-3] Round 7 — training locally…
15:35:59 [INFO] [client-3] Round 7 — sending update…
15:35:59 [INFO] [client-5] Round 7 — training locally…
15:35:59 [INFO] [client-5] Round 7 — sending update…
15:35:59 [INFO] [client-3] Round 7 done — loss=0.9875 acc=0.5075  2.2s
15:35:59 [INFO] [client-3] Round 8 — receiving model…
15:35:59 [INFO] Round 7 — waiting for 10 updates…
15:35:59 [INFO] [client-5] Round 7 done — loss=0.9892 acc=0.4993  2.2s
15:35:59 [INFO] [client-5] Round 8 — receiving model…
15:35:59 [INFO] [client-2] Round 7 — training locally…
15:35:59 [INFO] [client-2] Round 7 — sending update…
15:35:59 [INFO] [client-1] Round 7 — training locally…
15:35:59 [INFO] [client-1] Round 7 — sending update…
15:35:59 [INFO] [client-8] Round 7 — training locally…
15:35:59 [INFO] [client-8] Round 7 — sending update…
15:35:59 [INFO] [client-9] Round 7 — training locally…
15:36:00 [INFO] [client-9] Round 7 — sending update…
15:36:00 [INFO] [client-4] Round 7 — training locally…
15:36:00 [INFO] [client-4] Round 7 — sending update…
15:36:00 [INFO] [client-6] Round 7 — training locally…
15:36:00 [INFO] [client-6] Round 7 — sending update…
15:36:00 [INFO] [client-7] Round 7 — training locally…
15:36:00 [INFO] [client-7] Round 7 — sending update…
15:36:00 [INFO] [client-0] Round 7 — training locally…
15:36:00 [INFO] [client-0] Round 7 — sending update…
15:36:00 [INFO] [client-2] Round 7 done — loss=0.9882 acc=0.5107  2.1s
15:36:00 [INFO] [client-2] Round 8 — receiving model…
15:36:00 [INFO] [client-1] Round 7 done — loss=0.9799 acc=0.5170  2.0s
15:36:00 [INFO] [client-1] Round 8 — receiving model…
15:36:00 [INFO] [client-8] Round 7 done — loss=0.9953 acc=0.5142  2.0s
15:36:00 [INFO] [client-8] Round 8 — receiving model…
15:36:01 [INFO] [client-9] Round 7 done — loss=0.9877 acc=0.5146  2.2s
15:36:01 [INFO] [client-9] Round 8 — receiving model…
15:36:01 [INFO] [client-4] Round 7 done — loss=0.9934 acc=0.5064  2.2s
15:36:01 [INFO] [client-4] Round 8 — receiving model…
15:36:01 [INFO] [client-6] Round 7 done — loss=0.9754 acc=0.5234  2.2s
15:36:01 [INFO] [client-6] Round 8 — receiving model…
15:36:01 [INFO] [client-7] Round 7 done — loss=1.0016 acc=0.4947  2.4s
15:36:01 [INFO] [client-7] Round 8 — receiving model…
15:36:01 [INFO] [client-0] Round 7 done — loss=0.9722 acc=0.5309  2.2s
15:36:01 [INFO] [client-0] Round 8 — receiving model…
15:36:01 [INFO] Round 7/50  acc=0.5458  loss=0.9633  2.2s  clients=10
15:36:01 [INFO] Round 8 — sending model to 10 clients…
15:36:01 [INFO] [client-7] Round 8 — training locally…
15:36:01 [INFO] [client-7] Round 8 — sending update…
15:36:01 [INFO] [client-1] Round 8 — training locally…
15:36:01 [INFO] [client-1] Round 8 — sending update…
15:36:01 [INFO] [client-7] Round 8 done — loss=0.9990 acc=0.5025  0.5s
15:36:01 [INFO] [client-7] Round 9 — receiving model…
15:36:01 [INFO] Round 8 — waiting for 10 updates…
15:36:01 [INFO] [client-1] Round 8 done — loss=0.9806 acc=0.5124  0.7s
15:36:01 [INFO] [client-1] Round 9 — receiving model…
15:36:01 [INFO] [client-2] Round 8 — training locally…
15:36:01 [INFO] [client-2] Round 8 — sending update…
15:36:01 [INFO] [client-0] Round 8 — training locally…
15:36:01 [INFO] [client-0] Round 8 — sending update…
15:36:01 [INFO] [client-4] Round 8 — training locally…
15:36:02 [INFO] [client-4] Round 8 — sending update…
15:36:02 [INFO] [client-9] Round 8 — training locally…
15:36:02 [INFO] [client-9] Round 8 — sending update…
15:36:02 [INFO] [client-8] Round 8 — training locally…
15:36:02 [INFO] [client-8] Round 8 — sending update…
15:36:02 [INFO] [client-5] Round 8 — training locally…
15:36:02 [INFO] [client-5] Round 8 — sending update…
15:36:02 [INFO] [client-3] Round 8 — training locally…
15:36:02 [INFO] [client-3] Round 8 — sending update…
15:36:02 [INFO] [client-6] Round 8 — training locally…
15:36:03 [INFO] [client-6] Round 8 — sending update…
15:36:03 [INFO] [client-2] Round 8 done — loss=0.9864 acc=0.5128  2.2s
15:36:03 [INFO] [client-2] Round 9 — receiving model…
15:36:03 [INFO] [client-0] Round 8 done — loss=0.9733 acc=0.5277  2.0s
15:36:03 [INFO] [client-0] Round 9 — receiving model…
15:36:03 [INFO] [client-4] Round 8 done — loss=0.9919 acc=0.5018  2.2s
15:36:03 [INFO] [client-4] Round 9 — receiving model…
15:36:03 [INFO] [client-9] Round 8 done — loss=0.9877 acc=0.5149  2.3s
15:36:03 [INFO] [client-9] Round 9 — receiving model…
15:36:03 [INFO] [client-8] Round 8 done — loss=0.9945 acc=0.5078  2.3s
15:36:03 [INFO] [client-8] Round 9 — receiving model…
15:36:03 [INFO] [client-5] Round 8 done — loss=0.9839 acc=0.5075  3.9s
15:36:03 [INFO] [client-5] Round 9 — receiving model…
15:36:03 [INFO] [client-3] Round 8 done — loss=0.9883 acc=0.5096  4.0s
15:36:03 [INFO] [client-3] Round 9 — receiving model…
15:36:03 [INFO] [client-6] Round 8 done — loss=0.9759 acc=0.5227  2.3s
15:36:03 [INFO] [client-6] Round 9 — receiving model…
15:36:03 [INFO] Round 8/50  acc=0.5447  loss=0.9604  2.3s  clients=10
15:36:03 [INFO] Round 9 — sending model to 10 clients…
15:36:03 [INFO] [client-0] Round 9 — training locally…
15:36:03 [INFO] [client-0] Round 9 — sending update…
15:36:03 [INFO] [client-7] Round 9 — training locally…
15:36:03 [INFO] [client-7] Round 9 — sending update…
15:36:03 [INFO] [client-0] Round 9 done — loss=0.9713 acc=0.5270  0.7s
15:36:03 [INFO] [client-0] Round 10 — receiving model…
15:36:03 [INFO] Round 9 — waiting for 10 updates…
15:36:03 [INFO] [client-7] Round 9 done — loss=0.9994 acc=0.4996  2.3s
15:36:03 [INFO] [client-7] Round 10 — receiving model…
15:36:03 [INFO] [client-5] Round 9 — training locally…
15:36:04 [INFO] [client-5] Round 9 — sending update…
15:36:04 [INFO] [client-4] Round 9 — training locally…
15:36:04 [INFO] [client-4] Round 9 — sending update…
15:36:04 [INFO] [client-9] Round 9 — training locally…
15:36:04 [INFO] [client-9] Round 9 — sending update…
15:36:04 [INFO] [client-2] Round 9 — training locally…
15:36:04 [INFO] [client-2] Round 9 — sending update…
15:36:04 [INFO] [client-6] Round 9 — training locally…
15:36:04 [INFO] [client-6] Round 9 — sending update…
15:36:04 [INFO] [client-1] Round 9 — training locally…
15:36:04 [INFO] [client-1] Round 9 — sending update…
15:36:04 [INFO] [client-3] Round 9 — training locally…
15:36:05 [INFO] [client-3] Round 9 — sending update…
15:36:05 [INFO] [client-8] Round 9 — training locally…
15:36:05 [INFO] [client-8] Round 9 — sending update…
15:36:05 [INFO] [client-5] Round 9 done — loss=0.9853 acc=0.5117  2.0s
15:36:05 [INFO] [client-5] Round 10 — receiving model…
15:36:05 [INFO] [client-4] Round 9 done — loss=0.9881 acc=0.5142  2.1s
15:36:05 [INFO] [client-4] Round 10 — receiving model…
15:36:05 [INFO] [client-9] Round 9 done — loss=0.9853 acc=0.5153  2.1s
15:36:05 [INFO] [client-9] Round 10 — receiving model…
15:36:05 [INFO] [client-2] Round 9 done — loss=0.9819 acc=0.5135  2.4s
15:36:05 [INFO] [client-2] Round 10 — receiving model…
15:36:05 [INFO] [client-6] Round 9 done — loss=0.9747 acc=0.5213  2.1s
15:36:05 [INFO] [client-6] Round 10 — receiving model…
15:36:05 [INFO] [client-1] Round 9 done — loss=0.9768 acc=0.5188  3.9s
15:36:05 [INFO] [client-1] Round 10 — receiving model…
15:36:05 [INFO] [client-3] Round 9 done — loss=0.9835 acc=0.5064  2.2s
15:36:05 [INFO] [client-3] Round 10 — receiving model…
15:36:05 [INFO] [client-8] Round 9 done — loss=0.9908 acc=0.5067  2.3s
15:36:05 [INFO] [client-8] Round 10 — receiving model…
15:36:05 [INFO] Round 9/50  acc=0.5424  loss=0.9593  2.2s  clients=10
15:36:05 [INFO] Round 10 — sending model to 10 clients…
15:36:05 [INFO] [client-4] Round 10 — training locally…
15:36:05 [INFO] [client-4] Round 10 — sending update…
15:36:05 [INFO] [client-2] Round 10 — training locally…
15:36:05 [INFO] [client-2] Round 10 — sending update…
15:36:06 [INFO] [client-4] Round 10 done — loss=0.9896 acc=0.5075  0.7s
15:36:06 [INFO] [client-4] Round 11 — receiving model…
15:36:06 [INFO] Round 10 — waiting for 10 updates…
15:36:06 [INFO] [client-2] Round 10 done — loss=0.9832 acc=0.5128  0.6s
15:36:06 [INFO] [client-2] Round 11 — receiving model…
15:36:06 [INFO] [client-6] Round 10 — training locally…
15:36:06 [INFO] [client-6] Round 10 — sending update…
15:36:06 [INFO] [client-5] Round 10 — training locally…
15:36:06 [INFO] [client-5] Round 10 — sending update…
15:36:06 [INFO] [client-7] Round 10 — training locally…
15:36:06 [INFO] [client-7] Round 10 — sending update…
15:36:06 [INFO] [client-9] Round 10 — training locally…
15:36:06 [INFO] [client-9] Round 10 — sending update…
15:36:06 [INFO] [client-1] Round 10 — training locally…
15:36:06 [INFO] [client-1] Round 10 — sending update…
15:36:06 [INFO] [client-8] Round 10 — training locally…
15:36:07 [INFO] [client-8] Round 10 — sending update…
15:36:07 [INFO] [client-0] Round 10 — training locally…
15:36:07 [INFO] [client-0] Round 10 — sending update…
15:36:07 [INFO] [client-3] Round 10 — training locally…
15:36:07 [INFO] [client-3] Round 10 — sending update…
15:36:07 [INFO] [client-6] Round 10 done — loss=0.9713 acc=0.5266  2.0s
15:36:07 [INFO] [client-6] Round 11 — receiving model…
15:36:07 [INFO] [client-5] Round 10 done — loss=0.9831 acc=0.5089  2.2s
15:36:07 [INFO] [client-5] Round 11 — receiving model…
15:36:07 [INFO] [client-7] Round 10 done — loss=0.9977 acc=0.4975  3.7s
15:36:07 [INFO] [client-7] Round 11 — receiving model…
15:36:07 [INFO] [client-9] Round 10 done — loss=0.9857 acc=0.5206  2.2s
15:36:07 [INFO] [client-9] Round 11 — receiving model…
15:36:07 [INFO] [client-1] Round 10 done — loss=0.9753 acc=0.5195  2.1s
15:36:07 [INFO] [client-1] Round 11 — receiving model…
15:36:07 [INFO] [client-8] Round 10 done — loss=0.9905 acc=0.5178  2.1s
15:36:07 [INFO] [client-8] Round 11 — receiving model…
15:36:07 [INFO] [client-0] Round 10 done — loss=0.9675 acc=0.5366  3.9s
15:36:07 [INFO] [client-0] Round 11 — receiving model…
15:36:07 [INFO] [client-3] Round 10 done — loss=0.9849 acc=0.5174  2.2s
15:36:07 [INFO] [client-3] Round 11 — receiving model…
15:36:07 [INFO] Round 10/50  acc=0.5421  loss=0.9572  2.2s  clients=10
15:36:07 [INFO] Round 11 — sending model to 10 clients…
15:36:07 [INFO] [client-1] Round 11 — training locally…
15:36:07 [INFO] [client-1] Round 11 — sending update…
15:36:07 [INFO] [client-6] Round 11 — training locally…
15:36:08 [INFO] [client-6] Round 11 — sending update…
15:36:08 [INFO] [client-1] Round 11 done — loss=0.9757 acc=0.5156  0.5s
15:36:08 [INFO] [client-1] Round 12 — receiving model…
15:36:08 [INFO] Round 11 — waiting for 10 updates…
15:36:08 [INFO] [client-6] Round 11 done — loss=0.9742 acc=0.5291  0.7s
15:36:08 [INFO] [client-6] Round 12 — receiving model…
15:36:08 [INFO] [client-7] Round 11 — training locally…
15:36:08 [INFO] [client-7] Round 11 — sending update…
15:36:08 [INFO] [client-2] Round 11 — training locally…
15:36:08 [INFO] [client-2] Round 11 — sending update…
15:36:08 [INFO] [client-8] Round 11 — training locally…
15:36:08 [INFO] [client-8] Round 11 — sending update…
15:36:08 [INFO] [client-3] Round 11 — training locally…
15:36:08 [INFO] [client-3] Round 11 — sending update…
15:36:08 [INFO] [client-0] Round 11 — training locally…
15:36:09 [INFO] [client-0] Round 11 — sending update…
15:36:09 [INFO] [client-5] Round 11 — training locally…
15:36:09 [INFO] [client-5] Round 11 — sending update…
15:36:09 [INFO] [client-9] Round 11 — training locally…
15:36:09 [INFO] [client-9] Round 11 — sending update…
15:36:09 [INFO] [client-4] Round 11 — training locally…
15:36:09 [INFO] [client-4] Round 11 — sending update…
15:36:09 [INFO] [client-7] Round 11 done — loss=0.9953 acc=0.4940  2.1s
15:36:09 [INFO] [client-7] Round 12 — receiving model…
15:36:09 [INFO] [client-2] Round 11 done — loss=0.9814 acc=0.5160  3.7s
15:36:09 [INFO] [client-2] Round 12 — receiving model…
15:36:09 [INFO] [client-8] Round 11 done — loss=0.9877 acc=0.5188  2.1s
15:36:09 [INFO] [client-8] Round 12 — receiving model…
15:36:09 [INFO] [client-3] Round 11 done — loss=0.9840 acc=0.5067  2.0s
15:36:09 [INFO] [client-3] Round 12 — receiving model…
15:36:09 [INFO] [client-0] Round 11 done — loss=0.9704 acc=0.5337  2.1s
15:36:09 [INFO] [client-0] Round 12 — receiving model…
15:36:09 [INFO] [client-5] Round 11 done — loss=0.9863 acc=0.5124  2.3s
15:36:09 [INFO] [client-5] Round 12 — receiving model…
15:36:09 [INFO] [client-9] Round 11 done — loss=0.9821 acc=0.5220  2.3s
15:36:09 [INFO] [client-9] Round 12 — receiving model…
15:36:09 [INFO] [client-4] Round 11 done — loss=0.9888 acc=0.5067  3.9s
15:36:09 [INFO] [client-4] Round 12 — receiving model…
15:36:09 [INFO] Round 11/50  acc=0.5467  loss=0.9604  2.2s  clients=10
15:36:09 [INFO] Round 12 — sending model to 10 clients…
15:36:09 [INFO] [client-8] Round 12 — training locally…
15:36:10 [INFO] [client-8] Round 12 — sending update…
15:36:10 [INFO] [client-5] Round 12 — training locally…
15:36:10 [INFO] [client-5] Round 12 — sending update…
15:36:10 [INFO] [client-8] Round 12 done — loss=0.9874 acc=0.5213  0.6s
15:36:10 [INFO] [client-8] Round 13 — receiving model…
15:36:10 [INFO] Round 12 — waiting for 10 updates…
15:36:10 [INFO] [client-5] Round 12 done — loss=0.9811 acc=0.5178  0.5s
15:36:10 [INFO] [client-5] Round 13 — receiving model…
15:36:10 [INFO] [client-9] Round 12 — training locally…
15:36:10 [INFO] [client-9] Round 12 — sending update…
15:36:10 [INFO] [client-0] Round 12 — training locally…
15:36:10 [INFO] [client-0] Round 12 — sending update…
15:36:10 [INFO] [client-1] Round 12 — training locally…
15:36:10 [INFO] [client-1] Round 12 — sending update…
15:36:10 [INFO] [client-6] Round 12 — training locally…
15:36:11 [INFO] [client-6] Round 12 — sending update…
15:36:11 [INFO] [client-4] Round 12 — training locally…
15:36:11 [INFO] [client-4] Round 12 — sending update…
15:36:11 [INFO] [client-3] Round 12 — training locally…
15:36:11 [INFO] [client-3] Round 12 — sending update…
15:36:11 [INFO] [client-7] Round 12 — training locally…
15:36:11 [INFO] [client-7] Round 12 — sending update…
15:36:11 [INFO] [client-2] Round 12 — training locally…
15:36:11 [INFO] [client-2] Round 12 — sending update…
15:36:11 [INFO] [client-9] Round 12 done — loss=0.9848 acc=0.5146  2.0s
15:36:11 [INFO] [client-9] Round 13 — receiving model…
15:36:11 [INFO] [client-0] Round 12 done — loss=0.9661 acc=0.5359  2.1s
15:36:11 [INFO] [client-0] Round 13 — receiving model…
15:36:11 [INFO] [client-1] Round 12 done — loss=0.9746 acc=0.5231  3.7s
15:36:11 [INFO] [client-1] Round 13 — receiving model…
15:36:11 [INFO] [client-6] Round 12 done — loss=0.9720 acc=0.5245  3.7s
15:36:11 [INFO] [client-6] Round 13 — receiving model…
15:36:11 [INFO] [client-4] Round 12 done — loss=0.9890 acc=0.5007  2.1s
15:36:11 [INFO] [client-4] Round 13 — receiving model…
15:36:12 [INFO] [client-3] Round 12 done — loss=0.9834 acc=0.5085  2.2s
15:36:12 [INFO] [client-3] Round 13 — receiving model…
15:36:12 [INFO] [client-7] Round 12 done — loss=0.9956 acc=0.5004  2.4s
15:36:12 [INFO] [client-7] Round 13 — receiving model…
15:36:12 [INFO] [client-2] Round 12 done — loss=0.9840 acc=0.5131  2.4s
15:36:12 [INFO] [client-2] Round 13 — receiving model…
15:36:12 [INFO] Round 12/50  acc=0.5458  loss=0.9644  2.2s  clients=10
15:36:12 [INFO] Round 13 — sending model to 10 clients…
15:36:12 [INFO] [client-5] Round 13 — training locally…
15:36:12 [INFO] [client-5] Round 13 — sending update…
15:36:12 [INFO] [client-1] Round 13 — training locally…
15:36:12 [INFO] [client-1] Round 13 — sending update…
15:36:12 [INFO] [client-5] Round 13 done — loss=0.9822 acc=0.5167  2.1s
15:36:12 [INFO] [client-5] Round 14 — receiving model…
15:36:12 [INFO] Round 13 — waiting for 10 updates…
15:36:12 [INFO] [client-1] Round 13 done — loss=0.9761 acc=0.5192  0.7s
15:36:12 [INFO] [client-1] Round 14 — receiving model…
15:36:12 [INFO] [client-9] Round 13 — training locally…
15:36:12 [INFO] [client-9] Round 13 — sending update…
15:36:12 [INFO] [client-3] Round 13 — training locally…
15:36:12 [INFO] [client-3] Round 13 — sending update…
15:36:12 [INFO] [client-0] Round 13 — training locally…
15:36:13 [INFO] [client-0] Round 13 — sending update…
15:36:13 [INFO] [client-6] Round 13 — training locally…
15:36:13 [INFO] [client-6] Round 13 — sending update…
15:36:13 [INFO] [client-8] Round 13 — training locally…
15:36:13 [INFO] [client-8] Round 13 — sending update…
15:36:13 [INFO] [client-7] Round 13 — training locally…
15:36:13 [INFO] [client-7] Round 13 — sending update…
15:36:13 [INFO] [client-2] Round 13 — training locally…
15:36:13 [INFO] [client-2] Round 13 — sending update…
15:36:13 [INFO] [client-4] Round 13 — training locally…
15:36:13 [INFO] [client-4] Round 13 — sending update…
15:36:14 [INFO] [client-9] Round 13 done — loss=0.9817 acc=0.5128  2.2s
15:36:14 [INFO] [client-9] Round 14 — receiving model…
15:36:14 [INFO] [client-3] Round 13 done — loss=0.9817 acc=0.5156  2.0s
15:36:14 [INFO] [client-3] Round 14 — receiving model…
15:36:14 [INFO] [client-0] Round 13 done — loss=0.9719 acc=0.5270  2.2s
15:36:14 [INFO] [client-0] Round 14 — receiving model…
15:36:14 [INFO] [client-6] Round 13 done — loss=0.9704 acc=0.5234  2.2s
15:36:14 [INFO] [client-6] Round 14 — receiving model…
15:36:14 [INFO] [client-8] Round 13 done — loss=0.9878 acc=0.5217  3.8s
15:36:14 [INFO] [client-8] Round 14 — receiving model…
15:36:14 [INFO] [client-7] Round 13 done — loss=0.9943 acc=0.5053  2.1s
15:36:14 [INFO] [client-7] Round 14 — receiving model…
15:36:14 [INFO] [client-2] Round 13 done — loss=0.9850 acc=0.5138  2.1s
15:36:14 [INFO] [client-2] Round 14 — receiving model…
15:36:14 [INFO] [client-4] Round 13 done — loss=0.9892 acc=0.5107  2.3s
15:36:14 [INFO] [client-4] Round 14 — receiving model…
15:36:14 [INFO] Round 13/50  acc=0.5470  loss=0.9570  2.2s  clients=10
15:36:14 [INFO] Round 14 — sending model to 10 clients…
15:36:14 [INFO] [client-2] Round 14 — training locally…
15:36:14 [INFO] [client-2] Round 14 — sending update…
15:36:14 [INFO] [client-8] Round 14 — training locally…
15:36:14 [INFO] [client-8] Round 14 — sending update…
15:36:14 [INFO] [client-2] Round 14 done — loss=0.9831 acc=0.5142  0.5s
15:36:14 [INFO] [client-2] Round 15 — receiving model…
15:36:14 [INFO] Round 14 — waiting for 10 updates…
15:36:14 [INFO] [client-8] Round 14 done — loss=0.9901 acc=0.5117  0.6s
15:36:14 [INFO] [client-8] Round 15 — receiving model…
15:36:14 [INFO] [client-5] Round 14 — training locally…
15:36:14 [INFO] [client-5] Round 14 — sending update…
15:36:14 [INFO] [client-4] Round 14 — training locally…
15:36:15 [INFO] [client-4] Round 14 — sending update…
15:36:15 [INFO] [client-6] Round 14 — training locally…
15:36:15 [INFO] [client-6] Round 14 — sending update…
15:36:15 [INFO] [client-9] Round 14 — training locally…
15:36:15 [INFO] [client-9] Round 14 — sending update…
15:36:15 [INFO] [client-1] Round 14 — training locally…
15:36:15 [INFO] [client-1] Round 14 — sending update…
15:36:15 [INFO] [client-3] Round 14 — training locally…
15:36:15 [INFO] [client-3] Round 14 — sending update…
15:36:15 [INFO] [client-7] Round 14 — training locally…
15:36:15 [INFO] [client-7] Round 14 — sending update…
15:36:15 [INFO] [client-0] Round 14 — training locally…
15:36:16 [INFO] [client-0] Round 14 — sending update…
15:36:16 [INFO] [client-5] Round 14 done — loss=0.9774 acc=0.5174  3.6s
15:36:16 [INFO] [client-5] Round 15 — receiving model…
15:36:16 [INFO] [client-4] Round 14 done — loss=0.9893 acc=0.5053  2.0s
15:36:16 [INFO] [client-4] Round 15 — receiving model…
15:36:16 [INFO] [client-6] Round 14 done — loss=0.9716 acc=0.5241  2.1s
15:36:16 [INFO] [client-6] Round 15 — receiving model…
15:36:16 [INFO] [client-9] Round 14 done — loss=0.9804 acc=0.5238  2.3s
15:36:16 [INFO] [client-9] Round 15 — receiving model…
15:36:16 [INFO] [client-1] Round 14 done — loss=0.9775 acc=0.5149  3.8s
15:36:16 [INFO] [client-1] Round 15 — receiving model…
15:36:16 [INFO] [client-3] Round 14 done — loss=0.9828 acc=0.5131  2.3s
15:36:16 [INFO] [client-3] Round 15 — receiving model…
15:36:16 [INFO] [client-7] Round 14 done — loss=0.9907 acc=0.5046  2.2s
15:36:16 [INFO] [client-7] Round 15 — receiving model…
15:36:16 [INFO] [client-0] Round 14 done — loss=0.9673 acc=0.5302  2.3s
15:36:16 [INFO] [client-0] Round 15 — receiving model…
15:36:16 [INFO] Round 14/50  acc=0.5476  loss=0.9581  2.2s  clients=10
15:36:16 [INFO] Round 15 — sending model to 10 clients…
15:36:16 [INFO] [client-6] Round 15 — training locally…
15:36:16 [INFO] [client-6] Round 15 — sending update…
15:36:16 [INFO] [client-8] Round 15 — training locally…
15:36:16 [INFO] [client-8] Round 15 — sending update…
15:36:16 [INFO] [client-6] Round 15 done — loss=0.9674 acc=0.5309  0.6s
15:36:16 [INFO] [client-6] Round 16 — receiving model…
15:36:16 [INFO] Round 15 — waiting for 10 updates…
15:36:16 [INFO] [client-8] Round 15 done — loss=0.9861 acc=0.5156  2.2s
15:36:16 [INFO] [client-8] Round 16 — receiving model…
15:36:16 [INFO] [client-4] Round 15 — training locally…
15:36:17 [INFO] [client-4] Round 15 — sending update…
15:36:17 [INFO] [client-0] Round 15 — training locally…
15:36:17 [INFO] [client-0] Round 15 — sending update…
15:36:17 [INFO] [client-1] Round 15 — training locally…
15:36:17 [INFO] [client-1] Round 15 — sending update…
15:36:17 [INFO] [client-3] Round 15 — training locally…
15:36:17 [INFO] [client-3] Round 15 — sending update…
15:36:17 [INFO] [client-2] Round 15 — training locally…
15:36:17 [INFO] [client-2] Round 15 — sending update…
15:36:17 [INFO] [client-9] Round 15 — training locally…
15:36:17 [INFO] [client-9] Round 15 — sending update…
15:36:17 [INFO] [client-7] Round 15 — training locally…
15:36:18 [INFO] [client-7] Round 15 — sending update…
15:36:18 [INFO] [client-5] Round 15 — training locally…
15:36:18 [INFO] [client-5] Round 15 — sending update…
15:36:18 [INFO] [client-4] Round 15 done — loss=0.9879 acc=0.5107  2.1s
15:36:18 [INFO] [client-4] Round 16 — receiving model…
15:36:18 [INFO] [client-0] Round 15 done — loss=0.9694 acc=0.5256  2.0s
15:36:18 [INFO] [client-0] Round 16 — receiving model…
15:36:18 [INFO] [client-1] Round 15 done — loss=0.9772 acc=0.5128  2.1s
15:36:18 [INFO] [client-1] Round 16 — receiving model…
15:36:18 [INFO] [client-3] Round 15 done — loss=0.9807 acc=0.5149  2.1s
15:36:18 [INFO] [client-3] Round 16 — receiving model…
15:36:18 [INFO] [client-2] Round 15 done — loss=0.9817 acc=0.5192  3.9s
15:36:18 [INFO] [client-2] Round 16 — receiving model…
15:36:18 [INFO] [client-9] Round 15 done — loss=0.9845 acc=0.5188  2.3s
15:36:18 [INFO] [client-9] Round 16 — receiving model…
15:36:18 [INFO] [client-7] Round 15 done — loss=0.9962 acc=0.5092  2.3s
15:36:18 [INFO] [client-7] Round 16 — receiving model…
15:36:18 [INFO] [client-5] Round 15 done — loss=0.9802 acc=0.5138  2.5s
15:36:18 [INFO] [client-5] Round 16 — receiving model…
15:36:18 [INFO] Round 15/50  acc=0.5470  loss=0.9594  2.3s  clients=10
15:36:18 [INFO] Round 16 — sending model to 10 clients…
15:36:18 [INFO] [client-1] Round 16 — training locally…
15:36:18 [INFO] [client-1] Round 16 — sending update…
15:36:18 [INFO] [client-9] Round 16 — training locally…
15:36:19 [INFO] [client-9] Round 16 — sending update…
15:36:19 [INFO] [client-1] Round 16 done — loss=0.9724 acc=0.5181  0.7s
15:36:19 [INFO] [client-1] Round 17 — receiving model…
15:36:19 [INFO] Round 16 — waiting for 10 updates…
15:36:19 [INFO] [client-9] Round 16 done — loss=0.9841 acc=0.5146  0.5s
15:36:19 [INFO] [client-9] Round 17 — receiving model…
15:36:19 [INFO] [client-5] Round 16 — training locally…
15:36:19 [INFO] [client-5] Round 16 — sending update…
15:36:19 [INFO] [client-7] Round 16 — training locally…
15:36:19 [INFO] [client-7] Round 16 — sending update…
15:36:19 [INFO] [client-0] Round 16 — training locally…
15:36:19 [INFO] [client-0] Round 16 — sending update…
15:36:19 [INFO] [client-2] Round 16 — training locally…
15:36:19 [INFO] [client-2] Round 16 — sending update…
15:36:19 [INFO] [client-3] Round 16 — training locally…
15:36:20 [INFO] [client-3] Round 16 — sending update…
15:36:20 [INFO] [client-4] Round 16 — training locally…
15:36:20 [INFO] [client-4] Round 16 — sending update…
15:36:20 [INFO] [client-6] Round 16 — training locally…
15:36:20 [INFO] [client-6] Round 16 — sending update…
15:36:20 [INFO] [client-8] Round 16 — training locally…
15:36:20 [INFO] [client-8] Round 16 — sending update…
15:36:20 [INFO] [client-5] Round 16 done — loss=0.9779 acc=0.5178  1.9s
15:36:20 [INFO] [client-5] Round 17 — receiving model…
15:36:20 [INFO] [client-7] Round 16 done — loss=0.9927 acc=0.5032  2.0s
15:36:20 [INFO] [client-7] Round 17 — receiving model…
15:36:20 [INFO] [client-0] Round 16 done — loss=0.9655 acc=0.5309  2.3s
15:36:20 [INFO] [client-0] Round 17 — receiving model…
15:36:20 [INFO] [client-2] Round 16 done — loss=0.9790 acc=0.5138  2.1s
15:36:20 [INFO] [client-2] Round 17 — receiving model…
15:36:20 [INFO] [client-3] Round 16 done — loss=0.9814 acc=0.5192  2.3s
15:36:20 [INFO] [client-3] Round 17 — receiving model…
15:36:20 [INFO] [client-4] Round 16 done — loss=0.9866 acc=0.5092  2.4s
15:36:20 [INFO] [client-4] Round 17 — receiving model…
15:36:20 [INFO] [client-6] Round 16 done — loss=0.9700 acc=0.5249  4.0s
15:36:20 [INFO] [client-6] Round 17 — receiving model…
15:36:20 [INFO] [client-8] Round 16 done — loss=0.9904 acc=0.5192  4.0s
15:36:20 [INFO] [client-8] Round 17 — receiving model…
15:36:20 [INFO] Round 16/50  acc=0.5456  loss=0.9664  2.2s  clients=10
15:36:20 [INFO] Round 17 — sending model to 10 clients…
15:36:20 [INFO] [client-5] Round 17 — training locally…
15:36:21 [INFO] [client-5] Round 17 — sending update…
15:36:21 [INFO] [client-8] Round 17 — training locally…
15:36:21 [INFO] [client-8] Round 17 — sending update…
15:36:21 [INFO] [client-5] Round 17 done — loss=0.9779 acc=0.5252  0.7s
15:36:21 [INFO] [client-5] Round 18 — receiving model…
15:36:21 [INFO] Round 17 — waiting for 10 updates…
15:36:21 [INFO] [client-8] Round 17 done — loss=0.9861 acc=0.5135  0.5s
15:36:21 [INFO] [client-8] Round 18 — receiving model…
15:36:21 [INFO] [client-6] Round 17 — training locally…
15:36:21 [INFO] [client-6] Round 17 — sending update…
15:36:21 [INFO] [client-2] Round 17 — training locally…
15:36:21 [INFO] [client-2] Round 17 — sending update…
15:36:21 [INFO] [client-4] Round 17 — training locally…
15:36:21 [INFO] [client-4] Round 17 — sending update…
15:36:21 [INFO] [client-7] Round 17 — training locally…
15:36:22 [INFO] [client-7] Round 17 — sending update…
15:36:22 [INFO] [client-9] Round 17 — training locally…
15:36:22 [INFO] [client-9] Round 17 — sending update…
15:36:22 [INFO] [client-1] Round 17 — training locally…
15:36:22 [INFO] [client-1] Round 17 — sending update…
15:36:22 [INFO] [client-3] Round 17 — training locally…
15:36:22 [INFO] [client-3] Round 17 — sending update…
15:36:22 [INFO] [client-0] Round 17 — training locally…
15:36:22 [INFO] [client-0] Round 17 — sending update…
15:36:22 [INFO] [client-6] Round 17 done — loss=0.9701 acc=0.5192  2.0s
15:36:22 [INFO] [client-6] Round 18 — receiving model…
15:36:22 [INFO] [client-2] Round 17 done — loss=0.9801 acc=0.5181  2.1s
15:36:22 [INFO] [client-2] Round 18 — receiving model…
15:36:22 [INFO] [client-4] Round 17 done — loss=0.9860 acc=0.5110  2.1s
15:36:22 [INFO] [client-4] Round 18 — receiving model…
15:36:22 [INFO] [client-7] Round 17 done — loss=0.9891 acc=0.5085  2.2s
15:36:22 [INFO] [client-7] Round 18 — receiving model…
15:36:22 [INFO] [client-9] Round 17 done — loss=0.9795 acc=0.5188  3.8s
15:36:22 [INFO] [client-9] Round 18 — receiving model…
15:36:22 [INFO] [client-1] Round 17 done — loss=0.9740 acc=0.5245  3.8s
15:36:22 [INFO] [client-1] Round 18 — receiving model…
15:36:22 [INFO] [client-3] Round 17 done — loss=0.9803 acc=0.5092  2.2s
15:36:22 [INFO] [client-3] Round 18 — receiving model…
15:36:23 [INFO] [client-0] Round 17 done — loss=0.9658 acc=0.5298  2.4s
15:36:23 [INFO] [client-0] Round 18 — receiving model…
15:36:23 [INFO] Round 17/50  acc=0.5481  loss=0.9562  2.2s  clients=10
15:36:23 [INFO] Round 18 — sending model to 10 clients…
15:36:23 [INFO] [client-5] Round 18 — training locally…
15:36:23 [INFO] [client-5] Round 18 — sending update…
15:36:23 [INFO] [client-4] Round 18 — training locally…
15:36:23 [INFO] [client-4] Round 18 — sending update…
15:36:23 [INFO] [client-5] Round 18 done — loss=0.9770 acc=0.5142  2.2s
15:36:23 [INFO] [client-5] Round 19 — receiving model…
15:36:23 [INFO] Round 18 — waiting for 10 updates…
15:36:23 [INFO] [client-4] Round 18 done — loss=0.9855 acc=0.5064  0.7s
15:36:23 [INFO] [client-4] Round 19 — receiving model…
15:36:23 [INFO] [client-1] Round 18 — training locally…
15:36:23 [INFO] [client-1] Round 18 — sending update…
15:36:23 [INFO] [client-9] Round 18 — training locally…
15:36:23 [INFO] [client-9] Round 18 — sending update…
15:36:23 [INFO] [client-7] Round 18 — training locally…
15:36:24 [INFO] [client-7] Round 18 — sending update…
15:36:24 [INFO] [client-0] Round 18 — training locally…
15:36:24 [INFO] [client-0] Round 18 — sending update…
15:36:24 [INFO] [client-6] Round 18 — training locally…
15:36:24 [INFO] [client-6] Round 18 — sending update…
15:36:24 [INFO] [client-2] Round 18 — training locally…
15:36:24 [INFO] [client-2] Round 18 — sending update…
15:36:24 [INFO] [client-3] Round 18 — training locally…
15:36:24 [INFO] [client-3] Round 18 — sending update…
15:36:24 [INFO] [client-8] Round 18 — training locally…
15:36:24 [INFO] [client-8] Round 18 — sending update…
15:36:24 [INFO] [client-1] Round 18 done — loss=0.9755 acc=0.5085  2.0s
15:36:24 [INFO] [client-1] Round 19 — receiving model…
15:36:24 [INFO] [client-9] Round 18 done — loss=0.9816 acc=0.5206  2.1s
15:36:24 [INFO] [client-9] Round 19 — receiving model…
15:36:25 [INFO] [client-7] Round 18 done — loss=0.9905 acc=0.5078  2.1s
15:36:25 [INFO] [client-7] Round 19 — receiving model…
15:36:25 [INFO] [client-0] Round 18 done — loss=0.9639 acc=0.5352  2.0s
15:36:25 [INFO] [client-0] Round 19 — receiving model…
15:36:25 [INFO] [client-6] Round 18 done — loss=0.9640 acc=0.5245  2.3s
15:36:25 [INFO] [client-6] Round 19 — receiving model…
15:36:25 [INFO] [client-2] Round 18 done — loss=0.9800 acc=0.5231  2.3s
15:36:25 [INFO] [client-2] Round 19 — receiving model…
15:36:25 [INFO] [client-3] Round 18 done — loss=0.9795 acc=0.5234  2.2s
15:36:25 [INFO] [client-3] Round 19 — receiving model…
15:36:25 [INFO] [client-8] Round 18 done — loss=0.9859 acc=0.5224  3.9s
15:36:25 [INFO] [client-8] Round 19 — receiving model…
15:36:25 [INFO] Round 18/50  acc=0.5450  loss=0.9575  2.2s  clients=10
15:36:25 [INFO] Round 19 — sending model to 10 clients…
15:36:25 [INFO] [client-0] Round 19 — training locally…
15:36:25 [INFO] [client-0] Round 19 — sending update…
15:36:25 [INFO] [client-1] Round 19 — training locally…
15:36:25 [INFO] [client-1] Round 19 — sending update…
15:36:25 [INFO] [client-0] Round 19 done — loss=0.9679 acc=0.5323  0.6s
15:36:25 [INFO] [client-0] Round 20 — receiving model…
15:36:25 [INFO] Round 19 — waiting for 10 updates…
15:36:25 [INFO] [client-1] Round 19 done — loss=0.9733 acc=0.5199  0.7s
15:36:25 [INFO] [client-1] Round 20 — receiving model…
15:36:25 [INFO] [client-6] Round 19 — training locally…
15:36:25 [INFO] [client-6] Round 19 — sending update…
15:36:25 [INFO] [client-3] Round 19 — training locally…
15:36:26 [INFO] [client-3] Round 19 — sending update…
15:36:26 [INFO] [client-7] Round 19 — training locally…
15:36:26 [INFO] [client-7] Round 19 — sending update…
15:36:26 [INFO] [client-2] Round 19 — training locally…
15:36:26 [INFO] [client-2] Round 19 — sending update…
15:36:26 [INFO] [client-4] Round 19 — training locally…
15:36:26 [INFO] [client-4] Round 19 — sending update…
15:36:26 [INFO] [client-5] Round 19 — training locally…
15:36:26 [INFO] [client-5] Round 19 — sending update…
15:36:26 [INFO] [client-9] Round 19 — training locally…
15:36:26 [INFO] [client-9] Round 19 — sending update…
15:36:26 [INFO] [client-8] Round 19 — training locally…
15:36:27 [INFO] [client-8] Round 19 — sending update…
15:36:27 [INFO] [client-6] Round 19 done — loss=0.9690 acc=0.5199  2.0s
15:36:27 [INFO] [client-6] Round 20 — receiving model…
15:36:27 [INFO] [client-3] Round 19 done — loss=0.9793 acc=0.5217  2.0s
15:36:27 [INFO] [client-3] Round 20 — receiving model…
15:36:27 [INFO] [client-7] Round 19 done — loss=0.9962 acc=0.4950  2.2s
15:36:27 [INFO] [client-7] Round 20 — receiving model…
15:36:27 [INFO] [client-2] Round 19 done — loss=0.9781 acc=0.5227  2.1s
15:36:27 [INFO] [client-2] Round 20 — receiving model…
15:36:27 [INFO] [client-4] Round 19 done — loss=0.9862 acc=0.5128  3.8s
15:36:27 [INFO] [client-4] Round 20 — receiving model…
15:36:27 [INFO] [client-5] Round 19 done — loss=0.9762 acc=0.5167  3.8s
15:36:27 [INFO] [client-5] Round 20 — receiving model…
15:36:27 [INFO] [client-9] Round 19 done — loss=0.9794 acc=0.5160  2.3s
15:36:27 [INFO] [client-9] Round 20 — receiving model…
15:36:27 [INFO] [client-8] Round 19 done — loss=0.9853 acc=0.5249  2.2s
15:36:27 [INFO] [client-8] Round 20 — receiving model…
15:36:27 [INFO] Round 19/50  acc=0.5458  loss=0.9580  2.2s  clients=10
15:36:27 [INFO] Round 20 — sending model to 10 clients…
15:36:27 [INFO] [client-8] Round 20 — training locally…
15:36:27 [INFO] [client-8] Round 20 — sending update…
15:36:27 [INFO] [client-0] Round 20 — training locally…
15:36:27 [INFO] [client-0] Round 20 — sending update…
15:36:27 [INFO] [client-8] Round 20 done — loss=0.9838 acc=0.5288  0.4s
15:36:27 [INFO] [client-8] Round 21 — receiving model…
15:36:27 [INFO] Round 20 — waiting for 10 updates…
15:36:27 [INFO] [client-0] Round 20 done — loss=0.9658 acc=0.5291  2.2s
15:36:27 [INFO] [client-0] Round 21 — receiving model…
15:36:27 [INFO] [client-2] Round 20 — training locally…
15:36:28 [INFO] [client-2] Round 20 — sending update…
15:36:28 [INFO] [client-7] Round 20 — training locally…
15:36:28 [INFO] [client-7] Round 20 — sending update…
15:36:28 [INFO] [client-4] Round 20 — training locally…
15:36:28 [INFO] [client-4] Round 20 — sending update…
15:36:28 [INFO] [client-9] Round 20 — training locally…
15:36:28 [INFO] [client-9] Round 20 — sending update…
15:36:28 [INFO] [client-1] Round 20 — training locally…
15:36:28 [INFO] [client-1] Round 20 — sending update…
15:36:28 [INFO] [client-5] Round 20 — training locally…
15:36:28 [INFO] [client-5] Round 20 — sending update…
15:36:28 [INFO] [client-3] Round 20 — training locally…
15:36:29 [INFO] [client-3] Round 20 — sending update…
15:36:29 [INFO] [client-6] Round 20 — training locally…
15:36:29 [INFO] [client-6] Round 20 — sending update…
15:36:29 [INFO] [client-2] Round 20 done — loss=0.9771 acc=0.5249  2.1s
15:36:29 [INFO] [client-2] Round 21 — receiving model…
15:36:29 [INFO] [client-7] Round 20 done — loss=0.9895 acc=0.5007  2.1s
15:36:29 [INFO] [client-7] Round 21 — receiving model…
15:36:29 [INFO] [client-4] Round 20 done — loss=0.9869 acc=0.5053  2.1s
15:36:29 [INFO] [client-4] Round 21 — receiving model…
15:36:29 [INFO] [client-9] Round 20 done — loss=0.9769 acc=0.5252  2.1s
15:36:29 [INFO] [client-9] Round 21 — receiving model…
15:36:29 [INFO] [client-1] Round 20 done — loss=0.9725 acc=0.5217  3.8s
15:36:29 [INFO] [client-1] Round 21 — receiving model…
15:36:29 [INFO] [client-5] Round 20 done — loss=0.9742 acc=0.5213  2.2s
15:36:29 [INFO] [client-5] Round 21 — receiving model…
15:36:29 [INFO] [client-3] Round 20 done — loss=0.9800 acc=0.5128  2.3s
15:36:29 [INFO] [client-3] Round 21 — receiving model…
15:36:29 [INFO] [client-6] Round 20 done — loss=0.9677 acc=0.5266  2.4s
15:36:29 [INFO] [client-6] Round 21 — receiving model…
15:36:29 [INFO] Round 20/50  acc=0.5467  loss=0.9597  2.2s  clients=10
15:36:29 [INFO] Round 21 — sending model to 10 clients…
15:36:29 [INFO] [client-9] Round 21 — training locally…
15:36:29 [INFO] [client-9] Round 21 — sending update…
15:36:29 [INFO] [client-4] Round 21 — training locally…
15:36:29 [INFO] [client-4] Round 21 — sending update…
15:36:29 [INFO] [client-9] Round 21 done — loss=0.9800 acc=0.5270  0.6s
15:36:29 [INFO] [client-9] Round 22 — receiving model…
15:36:29 [INFO] Round 21 — waiting for 10 updates…
15:36:30 [INFO] [client-4] Round 21 done — loss=0.9864 acc=0.5121  0.7s
15:36:30 [INFO] [client-4] Round 22 — receiving model…
15:36:30 [INFO] [client-1] Round 21 — training locally…
15:36:30 [INFO] [client-1] Round 21 — sending update…
15:36:30 [INFO] [client-5] Round 21 — training locally…
15:36:30 [INFO] [client-5] Round 21 — sending update…
15:36:30 [INFO] [client-0] Round 21 — training locally…
15:36:30 [INFO] [client-0] Round 21 — sending update…
15:36:30 [INFO] [client-3] Round 21 — training locally…
15:36:30 [INFO] [client-3] Round 21 — sending update…
15:36:30 [INFO] [client-7] Round 21 — training locally…
15:36:30 [INFO] [client-7] Round 21 — sending update…
15:36:30 [INFO] [client-8] Round 21 — training locally…
15:36:31 [INFO] [client-8] Round 21 — sending update…
15:36:31 [INFO] [client-2] Round 21 — training locally…
15:36:31 [INFO] [client-2] Round 21 — sending update…
15:36:31 [INFO] [client-6] Round 21 — training locally…
15:36:31 [INFO] [client-6] Round 21 — sending update…
15:36:31 [INFO] [client-1] Round 21 done — loss=0.9757 acc=0.5174  2.0s
15:36:31 [INFO] [client-1] Round 22 — receiving model…
15:36:31 [INFO] [client-5] Round 21 done — loss=0.9795 acc=0.5167  2.0s
15:36:31 [INFO] [client-5] Round 22 — receiving model…
15:36:31 [INFO] [client-0] Round 21 done — loss=0.9658 acc=0.5302  3.7s
15:36:31 [INFO] [client-0] Round 22 — receiving model…
15:36:31 [INFO] [client-3] Round 21 done — loss=0.9785 acc=0.5188  2.1s
15:36:31 [INFO] [client-3] Round 22 — receiving model…
15:36:31 [INFO] [client-7] Round 21 done — loss=0.9911 acc=0.5046  2.3s
15:36:31 [INFO] [client-7] Round 22 — receiving model…
15:36:31 [INFO] [client-8] Round 21 done — loss=0.9833 acc=0.5202  3.8s
15:36:31 [INFO] [client-8] Round 22 — receiving model…
15:36:31 [INFO] [client-2] Round 21 done — loss=0.9809 acc=0.5181  2.4s
15:36:31 [INFO] [client-2] Round 22 — receiving model…
15:36:31 [INFO] [client-6] Round 21 done — loss=0.9652 acc=0.5334  2.2s
15:36:31 [INFO] [client-6] Round 22 — receiving model…
15:36:31 [INFO] Round 21/50  acc=0.5467  loss=0.9544  2.2s  clients=10
15:36:31 [INFO] Round 22 — sending model to 10 clients…
15:36:31 [INFO] [client-2] Round 22 — training locally…
15:36:31 [INFO] [client-2] Round 22 — sending update…
15:36:31 [INFO] [client-0] Round 22 — training locally…
15:36:32 [INFO] [client-0] Round 22 — sending update…
15:36:32 [INFO] [client-2] Round 22 done — loss=0.9789 acc=0.5156  0.5s
15:36:32 [INFO] [client-2] Round 23 — receiving model…
15:36:32 [INFO] Round 22 — waiting for 10 updates…
15:36:32 [INFO] [client-0] Round 22 done — loss=0.9641 acc=0.5312  0.7s
15:36:32 [INFO] [client-0] Round 23 — receiving model…
15:36:32 [INFO] [client-4] Round 22 — training locally…
15:36:32 [INFO] [client-4] Round 22 — sending update…
15:36:32 [INFO] [client-6] Round 22 — training locally…
15:36:32 [INFO] [client-6] Round 22 — sending update…
15:36:32 [INFO] [client-3] Round 22 — training locally…
15:36:32 [INFO] [client-3] Round 22 — sending update…
15:36:32 [INFO] [client-8] Round 22 — training locally…
15:36:32 [INFO] [client-8] Round 22 — sending update…
15:36:32 [INFO] [client-5] Round 22 — training locally…
15:36:33 [INFO] [client-5] Round 22 — sending update…
15:36:33 [INFO] [client-9] Round 22 — training locally…
15:36:33 [INFO] [client-9] Round 22 — sending update…
15:36:33 [INFO] [client-1] Round 22 — training locally…
15:36:33 [INFO] [client-1] Round 22 — sending update…
15:36:33 [INFO] [client-7] Round 22 — training locally…
15:36:33 [INFO] [client-7] Round 22 — sending update…
15:36:33 [INFO] [client-4] Round 22 done — loss=0.9827 acc=0.5181  3.6s
15:36:33 [INFO] [client-4] Round 23 — receiving model…
15:36:33 [INFO] [client-6] Round 22 done — loss=0.9668 acc=0.5213  2.0s
15:36:33 [INFO] [client-6] Round 23 — receiving model…
15:36:33 [INFO] [client-3] Round 22 done — loss=0.9786 acc=0.5163  2.1s
15:36:33 [INFO] [client-3] Round 23 — receiving model…
15:36:33 [INFO] [client-8] Round 22 done — loss=0.9844 acc=0.5273  2.1s
15:36:33 [INFO] [client-8] Round 23 — receiving model…
15:36:33 [INFO] [client-5] Round 22 done — loss=0.9773 acc=0.5202  2.3s
15:36:33 [INFO] [client-5] Round 23 — receiving model…
15:36:33 [INFO] [client-9] Round 22 done — loss=0.9771 acc=0.5178  3.8s
15:36:33 [INFO] [client-9] Round 23 — receiving model…
15:36:33 [INFO] [client-1] Round 22 done — loss=0.9788 acc=0.5181  2.5s
15:36:33 [INFO] [client-1] Round 23 — receiving model…
15:36:33 [INFO] [client-7] Round 22 done — loss=0.9911 acc=0.5107  2.4s
15:36:33 [INFO] [client-7] Round 23 — receiving model…
15:36:34 [INFO] Round 22/50  acc=0.5456  loss=0.9589  2.2s  clients=10
15:36:34 [INFO] Round 23 — sending model to 10 clients…
15:36:34 [INFO] [client-1] Round 23 — training locally…
15:36:34 [INFO] [client-1] Round 23 — sending update…
15:36:34 [INFO] [client-5] Round 23 — training locally…
15:36:34 [INFO] [client-5] Round 23 — sending update…
15:36:34 [INFO] [client-1] Round 23 done — loss=0.9743 acc=0.5174  0.5s
15:36:34 [INFO] [client-1] Round 24 — receiving model…
15:36:34 [INFO] Round 23 — waiting for 10 updates…
15:36:34 [INFO] [client-5] Round 23 done — loss=0.9768 acc=0.5199  0.7s
15:36:34 [INFO] [client-5] Round 24 — receiving model…
15:36:34 [INFO] [client-0] Round 23 — training locally…
15:36:34 [INFO] [client-0] Round 23 — sending update…
15:36:34 [INFO] [client-6] Round 23 — training locally…
15:36:34 [INFO] [client-6] Round 23 — sending update…
15:36:34 [INFO] [client-4] Round 23 — training locally…
15:36:34 [INFO] [client-4] Round 23 — sending update…
15:36:34 [INFO] [client-2] Round 23 — training locally…
15:36:35 [INFO] [client-2] Round 23 — sending update…
15:36:35 [INFO] [client-7] Round 23 — training locally…
15:36:35 [INFO] [client-7] Round 23 — sending update…
15:36:35 [INFO] [client-8] Round 23 — training locally…
15:36:35 [INFO] [client-8] Round 23 — sending update…
15:36:35 [INFO] [client-3] Round 23 — training locally…
15:36:35 [INFO] [client-3] Round 23 — sending update…
15:36:35 [INFO] [client-9] Round 23 — training locally…
15:36:35 [INFO] [client-9] Round 23 — sending update…
15:36:35 [INFO] [client-0] Round 23 done — loss=0.9641 acc=0.5309  3.7s
15:36:35 [INFO] [client-0] Round 24 — receiving model…
15:36:35 [INFO] [client-6] Round 23 done — loss=0.9622 acc=0.5259  2.3s
15:36:35 [INFO] [client-6] Round 24 — receiving model…
15:36:35 [INFO] [client-4] Round 23 done — loss=0.9806 acc=0.5131  2.3s
15:36:35 [INFO] [client-4] Round 24 — receiving model…
15:36:35 [INFO] [client-2] Round 23 done — loss=0.9773 acc=0.5234  3.8s
15:36:35 [INFO] [client-2] Round 24 — receiving model…
15:36:36 [INFO] [client-7] Round 23 done — loss=0.9884 acc=0.5082  2.1s
15:36:36 [INFO] [client-7] Round 24 — receiving model…
15:36:36 [INFO] [client-8] Round 23 done — loss=0.9856 acc=0.5245  2.3s
15:36:36 [INFO] [client-8] Round 24 — receiving model…
15:36:36 [INFO] [client-3] Round 23 done — loss=0.9757 acc=0.5185  2.4s
15:36:36 [INFO] [client-3] Round 24 — receiving model…
15:36:36 [INFO] [client-9] Round 23 done — loss=0.9784 acc=0.5192  2.3s
15:36:36 [INFO] [client-9] Round 24 — receiving model…
15:36:36 [INFO] Round 23/50  acc=0.5461  loss=0.9538  2.2s  clients=10
15:36:36 [INFO] Round 24 — sending model to 10 clients…
15:36:36 [INFO] [client-0] Round 24 — training locally…
15:36:36 [INFO] [client-0] Round 24 — sending update…
15:36:36 [INFO] [client-1] Round 24 — training locally…
15:36:36 [INFO] [client-1] Round 24 — sending update…
15:36:36 [INFO] [client-0] Round 24 done — loss=0.9634 acc=0.5323  0.7s
15:36:36 [INFO] [client-0] Round 25 — receiving model…
15:36:36 [INFO] Round 24 — waiting for 10 updates…
15:36:36 [INFO] [client-1] Round 24 done — loss=0.9717 acc=0.5210  2.2s
15:36:36 [INFO] [client-1] Round 25 — receiving model…
15:36:36 [INFO] [client-9] Round 24 — training locally…
15:36:36 [INFO] [client-9] Round 24 — sending update…
15:36:36 [INFO] [client-4] Round 24 — training locally…
15:36:36 [INFO] [client-4] Round 24 — sending update…
15:36:36 [INFO] [client-7] Round 24 — training locally…
15:36:37 [INFO] [client-7] Round 24 — sending update…
15:36:37 [INFO] [client-6] Round 24 — training locally…
15:36:37 [INFO] [client-6] Round 24 — sending update…
15:36:37 [INFO] [client-5] Round 24 — training locally…
15:36:37 [INFO] [client-5] Round 24 — sending update…
15:36:37 [INFO] [client-2] Round 24 — training locally…
15:36:37 [INFO] [client-2] Round 24 — sending update…
15:36:37 [INFO] [client-3] Round 24 — training locally…
15:36:37 [INFO] [client-3] Round 24 — sending update…
15:36:37 [INFO] [client-8] Round 24 — training locally…
15:36:38 [INFO] [client-8] Round 24 — sending update…
15:36:38 [INFO] [client-9] Round 24 done — loss=0.9795 acc=0.5241  1.9s
15:36:38 [INFO] [client-9] Round 25 — receiving model…
15:36:38 [INFO] [client-4] Round 24 done — loss=0.9815 acc=0.5099  2.1s
15:36:38 [INFO] [client-4] Round 25 — receiving model…
15:36:38 [INFO] [client-7] Round 24 done — loss=0.9929 acc=0.5082  2.1s
15:36:38 [INFO] [client-7] Round 25 — receiving model…
15:36:38 [INFO] [client-6] Round 24 done — loss=0.9648 acc=0.5241  2.2s
15:36:38 [INFO] [client-6] Round 25 — receiving model…
15:36:38 [INFO] [client-5] Round 24 done — loss=0.9793 acc=0.5163  3.8s
15:36:38 [INFO] [client-5] Round 25 — receiving model…
15:36:38 [INFO] [client-2] Round 24 done — loss=0.9804 acc=0.5192  2.2s
15:36:38 [INFO] [client-2] Round 25 — receiving model…
15:36:38 [INFO] [client-3] Round 24 done — loss=0.9760 acc=0.5138  2.2s
15:36:38 [INFO] [client-3] Round 25 — receiving model…
15:36:38 [INFO] [client-8] Round 24 done — loss=0.9821 acc=0.5238  2.2s
15:36:38 [INFO] [client-8] Round 25 — receiving model…
15:36:38 [INFO] Round 24/50  acc=0.5470  loss=0.9589  2.2s  clients=10
15:36:38 [INFO] Round 25 — sending model to 10 clients…
15:36:38 [INFO] [client-8] Round 25 — training locally…
15:36:38 [INFO] [client-8] Round 25 — sending update…
15:36:38 [INFO] [client-4] Round 25 — training locally…
15:36:38 [INFO] [client-4] Round 25 — sending update…
15:36:38 [INFO] [client-8] Round 25 done — loss=0.9835 acc=0.5231  0.4s
15:36:38 [INFO] [client-8] Round 26 — receiving model…
15:36:38 [INFO] Round 25 — waiting for 10 updates…
15:36:38 [INFO] [client-4] Round 25 done — loss=0.9824 acc=0.5160  0.7s
15:36:38 [INFO] [client-4] Round 26 — receiving model…
15:36:38 [INFO] [client-5] Round 25 — training locally…
15:36:38 [INFO] [client-5] Round 25 — sending update…
15:36:38 [INFO] [client-0] Round 25 — training locally…
15:36:39 [INFO] [client-0] Round 25 — sending update…
15:36:39 [INFO] [client-9] Round 25 — training locally…
15:36:39 [INFO] [client-9] Round 25 — sending update…
15:36:39 [INFO] [client-1] Round 25 — training locally…
15:36:39 [INFO] [client-1] Round 25 — sending update…
15:36:39 [INFO] [client-3] Round 25 — training locally…
15:36:39 [INFO] [client-3] Round 25 — sending update…
15:36:39 [INFO] [client-6] Round 25 — training locally…
15:36:39 [INFO] [client-6] Round 25 — sending update…
15:36:39 [INFO] [client-2] Round 25 — training locally…
15:36:40 [INFO] [client-2] Round 25 — sending update…
15:36:40 [INFO] [client-7] Round 25 — training locally…
15:36:40 [INFO] [client-7] Round 25 — sending update…
15:36:40 [INFO] [client-5] Round 25 done — loss=0.9747 acc=0.5202  2.0s
15:36:40 [INFO] [client-5] Round 26 — receiving model…
15:36:40 [INFO] [client-0] Round 25 done — loss=0.9625 acc=0.5316  3.7s
15:36:40 [INFO] [client-0] Round 26 — receiving model…
15:36:40 [INFO] [client-9] Round 25 done — loss=0.9812 acc=0.5234  2.2s
15:36:40 [INFO] [client-9] Round 26 — receiving model…
15:36:40 [INFO] [client-1] Round 25 done — loss=0.9733 acc=0.5195  3.7s
15:36:40 [INFO] [client-1] Round 26 — receiving model…
15:36:40 [INFO] [client-3] Round 25 done — loss=0.9836 acc=0.5224  2.1s
15:36:40 [INFO] [client-3] Round 26 — receiving model…
15:36:40 [INFO] [client-6] Round 25 done — loss=0.9642 acc=0.5224  2.2s
15:36:40 [INFO] [client-6] Round 26 — receiving model…
15:36:40 [INFO] [client-2] Round 25 done — loss=0.9776 acc=0.5153  2.2s
15:36:40 [INFO] [client-2] Round 26 — receiving model…
15:36:40 [INFO] [client-7] Round 25 done — loss=0.9890 acc=0.5156  2.3s
15:36:40 [INFO] [client-7] Round 26 — receiving model…
15:36:40 [INFO] Round 25/50  acc=0.5504  loss=0.9619  2.2s  clients=10
15:36:40 [INFO] Round 26 — sending model to 10 clients…
15:36:40 [INFO] [client-5] Round 26 — training locally…
15:36:40 [INFO] [client-5] Round 26 — sending update…
15:36:40 [INFO] [client-8] Round 26 — training locally…
15:36:40 [INFO] [client-8] Round 26 — sending update…
15:36:40 [INFO] [client-5] Round 26 done — loss=0.9747 acc=0.5192  0.7s
15:36:40 [INFO] [client-5] Round 27 — receiving model…
15:36:40 [INFO] Round 26 — waiting for 10 updates…
15:36:40 [INFO] [client-8] Round 26 done — loss=0.9826 acc=0.5245  2.2s
15:36:40 [INFO] [client-8] Round 27 — receiving model…
15:36:40 [INFO] [client-2] Round 26 — training locally…
15:36:41 [INFO] [client-2] Round 26 — sending update…
15:36:41 [INFO] [client-7] Round 26 — training locally…
15:36:41 [INFO] [client-7] Round 26 — sending update…
15:36:41 [INFO] [client-9] Round 26 — training locally…
15:36:41 [INFO] [client-9] Round 26 — sending update…
15:36:41 [INFO] [client-4] Round 26 — training locally…
15:36:41 [INFO] [client-4] Round 26 — sending update…
15:36:41 [INFO] [client-0] Round 26 — training locally…
15:36:41 [INFO] [client-0] Round 26 — sending update…
15:36:41 [INFO] [client-3] Round 26 — training locally…
15:36:41 [INFO] [client-3] Round 26 — sending update…
15:36:42 [INFO] [client-6] Round 26 — training locally…
15:36:42 [INFO] [client-6] Round 26 — sending update…
15:36:42 [INFO] [client-1] Round 26 — training locally…
15:36:42 [INFO] [client-1] Round 26 — sending update…
15:36:42 [INFO] [client-2] Round 26 done — loss=0.9790 acc=0.5170  2.0s
15:36:42 [INFO] [client-2] Round 27 — receiving model…
15:36:42 [INFO] [client-7] Round 26 done — loss=0.9882 acc=0.5082  2.0s
15:36:42 [INFO] [client-7] Round 27 — receiving model…
15:36:42 [INFO] [client-9] Round 26 done — loss=0.9762 acc=0.5249  2.2s
15:36:42 [INFO] [client-9] Round 27 — receiving model…
15:36:42 [INFO] [client-4] Round 26 done — loss=0.9844 acc=0.5142  3.7s
15:36:42 [INFO] [client-4] Round 27 — receiving model…
15:36:42 [INFO] [client-0] Round 26 done — loss=0.9636 acc=0.5298  2.3s
15:36:42 [INFO] [client-0] Round 27 — receiving model…
15:36:42 [INFO] [client-3] Round 26 done — loss=0.9760 acc=0.5174  2.2s
15:36:42 [INFO] [client-3] Round 27 — receiving model…
15:36:42 [INFO] [client-6] Round 26 done — loss=0.9660 acc=0.5266  2.2s
15:36:42 [INFO] [client-6] Round 27 — receiving model…
15:36:42 [INFO] [client-1] Round 26 done — loss=0.9730 acc=0.5273  2.3s
15:36:42 [INFO] [client-1] Round 27 — receiving model…
15:36:42 [INFO] Round 26/50  acc=0.5441  loss=0.9529  2.2s  clients=10
15:36:42 [INFO] Round 27 — sending model to 10 clients…
15:36:42 [INFO] [client-0] Round 27 — training locally…
15:36:42 [INFO] [client-0] Round 27 — sending update…
15:36:42 [INFO] [client-2] Round 27 — training locally…
15:36:43 [INFO] [client-2] Round 27 — sending update…
15:36:43 [INFO] [client-0] Round 27 done — loss=0.9624 acc=0.5369  0.5s
15:36:43 [INFO] [client-0] Round 28 — receiving model…
15:36:43 [INFO] Round 27 — waiting for 10 updates…
15:36:43 [INFO] [client-2] Round 27 done — loss=0.9797 acc=0.5192  0.7s
15:36:43 [INFO] [client-2] Round 28 — receiving model…
15:36:43 [INFO] [client-9] Round 27 — training locally…
15:36:43 [INFO] [client-9] Round 27 — sending update…
15:36:43 [INFO] [client-8] Round 27 — training locally…
15:36:43 [INFO] [client-8] Round 27 — sending update…
15:36:43 [INFO] [client-5] Round 27 — training locally…
15:36:43 [INFO] [client-5] Round 27 — sending update…
15:36:43 [INFO] [client-1] Round 27 — training locally…
15:36:43 [INFO] [client-1] Round 27 — sending update…
15:36:43 [INFO] [client-6] Round 27 — training locally…
15:36:43 [INFO] [client-6] Round 27 — sending update…
15:36:43 [INFO] [client-7] Round 27 — training locally…
15:36:44 [INFO] [client-7] Round 27 — sending update…
15:36:44 [INFO] [client-3] Round 27 — training locally…
15:36:44 [INFO] [client-3] Round 27 — sending update…
15:36:44 [INFO] [client-4] Round 27 — training locally…
15:36:44 [INFO] [client-4] Round 27 — sending update…
15:36:44 [INFO] [client-9] Round 27 done — loss=0.9794 acc=0.5249  2.1s
15:36:44 [INFO] [client-9] Round 28 — receiving model…
15:36:44 [INFO] [client-8] Round 27 done — loss=0.9820 acc=0.5217  3.7s
15:36:44 [INFO] [client-8] Round 28 — receiving model…
15:36:44 [INFO] [client-5] Round 27 done — loss=0.9779 acc=0.5160  3.7s
15:36:44 [INFO] [client-5] Round 28 — receiving model…
15:36:44 [INFO] [client-1] Round 27 done — loss=0.9732 acc=0.5163  2.0s
15:36:44 [INFO] [client-1] Round 28 — receiving model…
15:36:44 [INFO] [client-6] Round 27 done — loss=0.9649 acc=0.5320  2.1s
15:36:44 [INFO] [client-6] Round 28 — receiving model…
15:36:44 [INFO] [client-7] Round 27 done — loss=0.9881 acc=0.5011  2.3s
15:36:44 [INFO] [client-7] Round 28 — receiving model…
15:36:44 [INFO] [client-3] Round 27 done — loss=0.9784 acc=0.5202  2.2s
15:36:44 [INFO] [client-3] Round 28 — receiving model…
15:36:44 [INFO] [client-4] Round 27 done — loss=0.9814 acc=0.5078  2.3s
15:36:44 [INFO] [client-4] Round 28 — receiving model…
15:36:44 [INFO] Round 27/50  acc=0.5456  loss=0.9550  2.2s  clients=10
15:36:44 [INFO] Round 28 — sending model to 10 clients…
15:36:44 [INFO] [client-3] Round 28 — training locally…
15:36:45 [INFO] [client-3] Round 28 — sending update…
15:36:45 [INFO] [client-5] Round 28 — training locally…
15:36:45 [INFO] [client-5] Round 28 — sending update…
15:36:45 [INFO] [client-3] Round 28 done — loss=0.9739 acc=0.5256  0.5s
15:36:45 [INFO] [client-3] Round 29 — receiving model…
15:36:45 [INFO] Round 28 — waiting for 10 updates…
15:36:45 [INFO] [client-5] Round 28 done — loss=0.9772 acc=0.5146  0.7s
15:36:45 [INFO] [client-5] Round 29 — receiving model…
15:36:45 [INFO] [client-2] Round 28 — training locally…
15:36:45 [INFO] [client-2] Round 28 — sending update…
15:36:45 [INFO] [client-4] Round 28 — training locally…
15:36:45 [INFO] [client-4] Round 28 — sending update…
15:36:45 [INFO] [client-9] Round 28 — training locally…
15:36:45 [INFO] [client-9] Round 28 — sending update…
15:36:45 [INFO] [client-8] Round 28 — training locally…
15:36:45 [INFO] [client-8] Round 28 — sending update…
15:36:46 [INFO] [client-0] Round 28 — training locally…
15:36:46 [INFO] [client-0] Round 28 — sending update…
15:36:46 [INFO] [client-7] Round 28 — training locally…
15:36:46 [INFO] [client-7] Round 28 — sending update…
15:36:46 [INFO] [client-1] Round 28 — training locally…
15:36:46 [INFO] [client-1] Round 28 — sending update…
15:36:46 [INFO] [client-6] Round 28 — training locally…
15:36:46 [INFO] [client-6] Round 28 — sending update…
15:36:46 [INFO] [client-2] Round 28 done — loss=0.9793 acc=0.5199  3.6s
15:36:46 [INFO] [client-2] Round 29 — receiving model…
15:36:46 [INFO] [client-4] Round 28 done — loss=0.9833 acc=0.5178  2.0s
15:36:46 [INFO] [client-4] Round 29 — receiving model…
15:36:46 [INFO] [client-9] Round 28 done — loss=0.9761 acc=0.5245  2.2s
15:36:46 [INFO] [client-9] Round 29 — receiving model…
15:36:46 [INFO] [client-8] Round 28 done — loss=0.9800 acc=0.5312  2.2s
15:36:46 [INFO] [client-8] Round 29 — receiving model…
15:36:46 [INFO] [client-0] Round 28 done — loss=0.9653 acc=0.5295  3.8s
15:36:46 [INFO] [client-0] Round 29 — receiving model…
15:36:46 [INFO] [client-7] Round 28 done — loss=0.9879 acc=0.5099  2.2s
15:36:46 [INFO] [client-7] Round 29 — receiving model…
15:36:46 [INFO] [client-1] Round 28 done — loss=0.9710 acc=0.5238  2.3s
15:36:46 [INFO] [client-1] Round 29 — receiving model…
15:36:46 [INFO] [client-6] Round 28 done — loss=0.9650 acc=0.5302  2.3s
15:36:46 [INFO] [client-6] Round 29 — receiving model…
15:36:47 [INFO] Round 28/50  acc=0.5467  loss=0.9596  2.2s  clients=10
15:36:47 [INFO] Round 29 — sending model to 10 clients…
15:36:47 [INFO] [client-8] Round 29 — training locally…
15:36:47 [INFO] [client-8] Round 29 — sending update…
15:36:47 [INFO] [client-1] Round 29 — training locally…
15:36:47 [INFO] [client-1] Round 29 — sending update…
15:36:47 [INFO] [client-8] Round 29 done — loss=0.9853 acc=0.5210  0.6s
15:36:47 [INFO] [client-8] Round 30 — receiving model…
15:36:47 [INFO] Round 29 — waiting for 10 updates…
15:36:47 [INFO] [client-1] Round 29 done — loss=0.9731 acc=0.5149  0.5s
15:36:47 [INFO] [client-1] Round 30 — receiving model…
15:36:47 [INFO] [client-4] Round 29 — training locally…
15:36:47 [INFO] [client-4] Round 29 — sending update…
15:36:47 [INFO] [client-3] Round 29 — training locally…
15:36:47 [INFO] [client-3] Round 29 — sending update…
15:36:47 [INFO] [client-0] Round 29 — training locally…
15:36:47 [INFO] [client-0] Round 29 — sending update…
15:36:47 [INFO] [client-6] Round 29 — training locally…
15:36:48 [INFO] [client-6] Round 29 — sending update…
15:36:48 [INFO] [client-9] Round 29 — training locally…
15:36:48 [INFO] [client-9] Round 29 — sending update…
15:36:48 [INFO] [client-5] Round 29 — training locally…
15:36:48 [INFO] [client-5] Round 29 — sending update…
15:36:48 [INFO] [client-2] Round 29 — training locally…
15:36:48 [INFO] [client-2] Round 29 — sending update…
15:36:48 [INFO] [client-7] Round 29 — training locally…
15:36:48 [INFO] [client-7] Round 29 — sending update…
15:36:48 [INFO] [client-4] Round 29 done — loss=0.9829 acc=0.5110  2.1s
15:36:48 [INFO] [client-4] Round 30 — receiving model…
15:36:48 [INFO] [client-3] Round 29 done — loss=0.9759 acc=0.5170  3.7s
15:36:48 [INFO] [client-3] Round 30 — receiving model…
15:36:48 [INFO] [client-0] Round 29 done — loss=0.9610 acc=0.5352  2.1s
15:36:48 [INFO] [client-0] Round 30 — receiving model…
15:36:49 [INFO] [client-6] Round 29 done — loss=0.9656 acc=0.5270  2.0s
15:36:49 [INFO] [client-6] Round 30 — receiving model…
15:36:49 [INFO] [client-9] Round 29 done — loss=0.9762 acc=0.5202  2.2s
15:36:49 [INFO] [client-9] Round 30 — receiving model…
15:36:49 [INFO] [client-5] Round 29 done — loss=0.9773 acc=0.5192  3.8s
15:36:49 [INFO] [client-5] Round 30 — receiving model…
15:36:49 [INFO] [client-2] Round 29 done — loss=0.9800 acc=0.5195  2.4s
15:36:49 [INFO] [client-2] Round 30 — receiving model…
15:36:49 [INFO] [client-7] Round 29 done — loss=0.9883 acc=0.5039  2.2s
15:36:49 [INFO] [client-7] Round 30 — receiving model…
15:36:49 [INFO] Round 29/50  acc=0.5473  loss=0.9591  2.2s  clients=10
15:36:49 [INFO] Round 30 — sending model to 10 clients…
15:36:49 [INFO] [client-9] Round 30 — training locally…
15:36:49 [INFO] [client-9] Round 30 — sending update…
15:36:49 [INFO] [client-0] Round 30 — training locally…
15:36:49 [INFO] [client-0] Round 30 — sending update…
15:36:49 [INFO] [client-9] Round 30 done — loss=0.9766 acc=0.5202  0.6s
15:36:49 [INFO] [client-9] Round 31 — receiving model…
15:36:49 [INFO] Round 30 — waiting for 10 updates…
15:36:49 [INFO] [client-0] Round 30 done — loss=0.9618 acc=0.5277  0.7s
15:36:49 [INFO] [client-0] Round 31 — receiving model…
15:36:49 [INFO] [client-2] Round 30 — training locally…
15:36:49 [INFO] [client-2] Round 30 — sending update…
15:36:49 [INFO] [client-5] Round 30 — training locally…
15:36:50 [INFO] [client-5] Round 30 — sending update…
15:36:50 [INFO] [client-6] Round 30 — training locally…
15:36:50 [INFO] [client-6] Round 30 — sending update…
15:36:50 [INFO] [client-3] Round 30 — training locally…
15:36:50 [INFO] [client-3] Round 30 — sending update…
15:36:50 [INFO] [client-7] Round 30 — training locally…
15:36:50 [INFO] [client-7] Round 30 — sending update…
15:36:50 [INFO] [client-4] Round 30 — training locally…
15:36:50 [INFO] [client-4] Round 30 — sending update…
15:36:50 [INFO] [client-1] Round 30 — training locally…
15:36:50 [INFO] [client-1] Round 30 — sending update…
15:36:50 [INFO] [client-8] Round 30 — training locally…
15:36:51 [INFO] [client-8] Round 30 — sending update…
15:36:51 [INFO] [client-2] Round 30 done — loss=0.9802 acc=0.5210  2.0s
15:36:51 [INFO] [client-2] Round 31 — receiving model…
15:36:51 [INFO] [client-5] Round 30 done — loss=0.9779 acc=0.5206  2.1s
15:36:51 [INFO] [client-5] Round 31 — receiving model…
15:36:51 [INFO] [client-6] Round 30 done — loss=0.9619 acc=0.5259  2.2s
15:36:51 [INFO] [client-6] Round 31 — receiving model…
15:36:51 [INFO] [client-3] Round 30 done — loss=0.9769 acc=0.5199  2.3s
15:36:51 [INFO] [client-3] Round 31 — receiving model…
15:36:51 [INFO] [client-7] Round 30 done — loss=0.9865 acc=0.5085  2.1s
15:36:51 [INFO] [client-7] Round 31 — receiving model…
15:36:51 [INFO] [client-4] Round 30 done — loss=0.9854 acc=0.5128  2.4s
15:36:51 [INFO] [client-4] Round 31 — receiving model…
15:36:51 [INFO] [client-1] Round 30 done — loss=0.9742 acc=0.5210  3.9s
15:36:51 [INFO] [client-1] Round 31 — receiving model…
15:36:51 [INFO] [client-8] Round 30 done — loss=0.9824 acc=0.5217  4.0s
15:36:51 [INFO] [client-8] Round 31 — receiving model…
15:36:51 [INFO] Round 30/50  acc=0.5484  loss=0.9596  2.3s  clients=10
15:36:51 [INFO] Round 31 — sending model to 10 clients…
15:36:51 [INFO] [client-0] Round 31 — training locally…
15:36:51 [INFO] [client-0] Round 31 — sending update…
15:36:51 [INFO] [client-3] Round 31 — training locally…
15:36:51 [INFO] [client-3] Round 31 — sending update…
15:36:51 [INFO] [client-0] Round 31 done — loss=0.9654 acc=0.5312  2.1s
15:36:51 [INFO] [client-0] Round 32 — receiving model…
15:36:51 [INFO] Round 31 — waiting for 10 updates…
15:36:51 [INFO] [client-3] Round 31 done — loss=0.9746 acc=0.5231  0.6s
15:36:51 [INFO] [client-3] Round 32 — receiving model…
15:36:51 [INFO] [client-6] Round 31 — training locally…
15:36:52 [INFO] [client-6] Round 31 — sending update…
15:36:52 [INFO] [client-2] Round 31 — training locally…
15:36:52 [INFO] [client-2] Round 31 — sending update…
15:36:52 [INFO] [client-5] Round 31 — training locally…
15:36:52 [INFO] [client-5] Round 31 — sending update…
15:36:52 [INFO] [client-4] Round 31 — training locally…
15:36:52 [INFO] [client-4] Round 31 — sending update…
15:36:52 [INFO] [client-1] Round 31 — training locally…
15:36:52 [INFO] [client-1] Round 31 — sending update…
15:36:52 [INFO] [client-9] Round 31 — training locally…
15:36:52 [INFO] [client-9] Round 31 — sending update…
15:36:52 [INFO] [client-7] Round 31 — training locally…
15:36:53 [INFO] [client-7] Round 31 — sending update…
15:36:53 [INFO] [client-8] Round 31 — training locally…
15:36:53 [INFO] [client-8] Round 31 — sending update…
15:36:53 [INFO] [client-6] Round 31 done — loss=0.9645 acc=0.5270  2.1s
15:36:53 [INFO] [client-6] Round 32 — receiving model…
15:36:53 [INFO] [client-2] Round 31 done — loss=0.9752 acc=0.5273  2.2s
15:36:53 [INFO] [client-2] Round 32 — receiving model…
15:36:53 [INFO] [client-5] Round 31 done — loss=0.9755 acc=0.5174  2.2s
15:36:53 [INFO] [client-5] Round 32 — receiving model…
15:36:53 [INFO] [client-4] Round 31 done — loss=0.9842 acc=0.5135  2.1s
15:36:53 [INFO] [client-4] Round 32 — receiving model…
15:36:53 [INFO] [client-1] Round 31 done — loss=0.9703 acc=0.5252  2.1s
15:36:53 [INFO] [client-1] Round 32 — receiving model…
15:36:53 [INFO] [client-9] Round 31 done — loss=0.9761 acc=0.5217  3.8s
15:36:53 [INFO] [client-9] Round 32 — receiving model…
15:36:53 [INFO] [client-7] Round 31 done — loss=0.9865 acc=0.5174  2.2s
15:36:53 [INFO] [client-7] Round 32 — receiving model…
15:36:53 [INFO] [client-8] Round 31 done — loss=0.9837 acc=0.5256  2.2s
15:36:53 [INFO] [client-8] Round 32 — receiving model…
15:36:53 [INFO] Round 31/50  acc=0.5467  loss=0.9576  2.2s  clients=10
15:36:53 [INFO] Round 32 — sending model to 10 clients…
15:36:53 [INFO] [client-4] Round 32 — training locally…
15:36:53 [INFO] [client-4] Round 32 — sending update…
15:36:53 [INFO] [client-3] Round 32 — training locally…
15:36:53 [INFO] [client-3] Round 32 — sending update…
15:36:54 [INFO] [client-4] Round 32 done — loss=0.9786 acc=0.5128  0.6s
15:36:54 [INFO] [client-4] Round 33 — receiving model…
15:36:54 [INFO] Round 32 — waiting for 10 updates…
15:36:54 [INFO] [client-3] Round 32 done — loss=0.9739 acc=0.5224  2.2s
15:36:54 [INFO] [client-3] Round 33 — receiving model…
15:36:54 [INFO] [client-2] Round 32 — training locally…
15:36:54 [INFO] [client-2] Round 32 — sending update…
15:36:54 [INFO] [client-5] Round 32 — training locally…
15:36:54 [INFO] [client-5] Round 32 — sending update…
15:36:54 [INFO] [client-7] Round 32 — training locally…
15:36:54 [INFO] [client-7] Round 32 — sending update…
15:36:54 [INFO] [client-9] Round 32 — training locally…
15:36:54 [INFO] [client-9] Round 32 — sending update…
15:36:54 [INFO] [client-1] Round 32 — training locally…
15:36:54 [INFO] [client-1] Round 32 — sending update…
15:36:54 [INFO] [client-0] Round 32 — training locally…
15:36:55 [INFO] [client-0] Round 32 — sending update…
15:36:55 [INFO] [client-8] Round 32 — training locally…
15:36:55 [INFO] [client-8] Round 32 — sending update…
15:36:55 [INFO] [client-6] Round 32 — training locally…
15:36:55 [INFO] [client-6] Round 32 — sending update…
15:36:55 [INFO] [client-2] Round 32 done — loss=0.9786 acc=0.5263  2.1s
15:36:55 [INFO] [client-2] Round 33 — receiving model…
15:36:55 [INFO] [client-5] Round 32 done — loss=0.9748 acc=0.5178  2.1s
15:36:55 [INFO] [client-5] Round 33 — receiving model…
15:36:55 [INFO] [client-7] Round 32 done — loss=0.9873 acc=0.5128  2.0s
15:36:55 [INFO] [client-7] Round 33 — receiving model…
15:36:55 [INFO] [client-9] Round 32 done — loss=0.9784 acc=0.5259  2.1s
15:36:55 [INFO] [client-9] Round 33 — receiving model…
15:36:55 [INFO] [client-1] Round 32 done — loss=0.9702 acc=0.5206  2.2s
15:36:55 [INFO] [client-1] Round 33 — receiving model…
15:36:55 [INFO] [client-0] Round 32 done — loss=0.9628 acc=0.5337  3.8s
15:36:55 [INFO] [client-0] Round 33 — receiving model…
15:36:55 [INFO] [client-8] Round 32 done — loss=0.9814 acc=0.5263  2.1s
15:36:55 [INFO] [client-8] Round 33 — receiving model…
15:36:55 [INFO] [client-6] Round 32 done — loss=0.9593 acc=0.5206  2.4s
15:36:55 [INFO] [client-6] Round 33 — receiving model…
15:36:55 [INFO] Round 32/50  acc=0.5410  loss=0.9668  2.2s  clients=10
15:36:55 [INFO] Round 33 — sending model to 10 clients…
15:36:55 [INFO] [client-4] Round 33 — training locally…
15:36:55 [INFO] [client-4] Round 33 — sending update…
15:36:55 [INFO] [client-8] Round 33 — training locally…
15:36:56 [INFO] [client-8] Round 33 — sending update…
15:36:56 [INFO] [client-4] Round 33 done — loss=0.9804 acc=0.5075  2.2s
15:36:56 [INFO] [client-4] Round 34 — receiving model…
15:36:56 [INFO] Round 33 — waiting for 10 updates…
15:36:56 [INFO] [client-8] Round 33 done — loss=0.9828 acc=0.5249  0.5s
15:36:56 [INFO] [client-8] Round 34 — receiving model…
15:36:56 [INFO] [client-3] Round 33 — training locally…
15:36:56 [INFO] [client-3] Round 33 — sending update…
15:36:56 [INFO] [client-0] Round 33 — training locally…
15:36:56 [INFO] [client-0] Round 33 — sending update…
15:36:56 [INFO] [client-9] Round 33 — training locally…
15:36:56 [INFO] [client-9] Round 33 — sending update…
15:36:56 [INFO] [client-2] Round 33 — training locally…
15:36:56 [INFO] [client-2] Round 33 — sending update…
15:36:56 [INFO] [client-6] Round 33 — training locally…
15:36:57 [INFO] [client-6] Round 33 — sending update…
15:36:57 [INFO] [client-5] Round 33 — training locally…
15:36:57 [INFO] [client-5] Round 33 — sending update…
15:36:57 [INFO] [client-1] Round 33 — training locally…
15:36:57 [INFO] [client-1] Round 33 — sending update…
15:36:57 [INFO] [client-7] Round 33 — training locally…
15:36:57 [INFO] [client-7] Round 33 — sending update…
15:36:57 [INFO] [client-3] Round 33 done — loss=0.9760 acc=0.5213  3.6s
15:36:57 [INFO] [client-3] Round 34 — receiving model…
15:36:57 [INFO] [client-0] Round 33 done — loss=0.9611 acc=0.5330  2.0s
15:36:57 [INFO] [client-0] Round 34 — receiving model…
15:36:57 [INFO] [client-9] Round 33 done — loss=0.9743 acc=0.5259  2.1s
15:36:57 [INFO] [client-9] Round 34 — receiving model…
15:36:57 [INFO] [client-2] Round 33 done — loss=0.9746 acc=0.5167  2.3s
15:36:57 [INFO] [client-2] Round 34 — receiving model…
15:36:57 [INFO] [client-6] Round 33 done — loss=0.9612 acc=0.5323  2.1s
15:36:57 [INFO] [client-6] Round 34 — receiving model…
15:36:57 [INFO] [client-5] Round 33 done — loss=0.9751 acc=0.5227  2.3s
15:36:57 [INFO] [client-5] Round 34 — receiving model…
15:36:57 [INFO] [client-1] Round 33 done — loss=0.9713 acc=0.5217  2.2s
15:36:57 [INFO] [client-1] Round 34 — receiving model…
15:36:57 [INFO] [client-7] Round 33 done — loss=0.9878 acc=0.5117  2.4s
15:36:57 [INFO] [client-7] Round 34 — receiving model…
15:36:57 [INFO] Round 33/50  acc=0.5498  loss=0.9537  2.2s  clients=10
15:36:57 [INFO] Round 34 — sending model to 10 clients…
15:36:58 [INFO] [client-1] Round 34 — training locally…
15:36:58 [INFO] [client-1] Round 34 — sending update…
15:36:58 [INFO] [client-8] Round 34 — training locally…
15:36:58 [INFO] [client-8] Round 34 — sending update…
15:36:58 [INFO] [client-1] Round 34 done — loss=0.9713 acc=0.5288  0.5s
15:36:58 [INFO] [client-1] Round 35 — receiving model…
15:36:58 [INFO] Round 34 — waiting for 10 updates…
15:36:58 [INFO] [client-8] Round 34 done — loss=0.9793 acc=0.5284  2.2s
15:36:58 [INFO] [client-8] Round 35 — receiving model…
15:36:58 [INFO] [client-7] Round 34 — training locally…
15:36:58 [INFO] [client-7] Round 34 — sending update…
15:36:58 [INFO] [client-6] Round 34 — training locally…
15:36:58 [INFO] [client-6] Round 34 — sending update…
15:36:58 [INFO] [client-4] Round 34 — training locally…
15:36:58 [INFO] [client-4] Round 34 — sending update…
15:36:58 [INFO] [client-0] Round 34 — training locally…
15:36:59 [INFO] [client-0] Round 34 — sending update…
15:36:59 [INFO] [client-5] Round 34 — training locally…
15:36:59 [INFO] [client-5] Round 34 — sending update…
15:36:59 [INFO] [client-9] Round 34 — training locally…
15:36:59 [INFO] [client-9] Round 34 — sending update…
15:36:59 [INFO] [client-2] Round 34 — training locally…
15:36:59 [INFO] [client-2] Round 34 — sending update…
15:36:59 [INFO] [client-3] Round 34 — training locally…
15:36:59 [INFO] [client-3] Round 34 — sending update…
15:36:59 [INFO] [client-7] Round 34 done — loss=0.9868 acc=0.5110  1.9s
15:36:59 [INFO] [client-7] Round 35 — receiving model…
15:36:59 [INFO] [client-6] Round 34 done — loss=0.9626 acc=0.5320  2.1s
15:36:59 [INFO] [client-6] Round 35 — receiving model…
15:36:59 [INFO] [client-4] Round 34 done — loss=0.9818 acc=0.5021  3.7s
15:36:59 [INFO] [client-4] Round 35 — receiving model…
15:36:59 [INFO] [client-0] Round 34 done — loss=0.9627 acc=0.5352  2.2s
15:36:59 [INFO] [client-0] Round 35 — receiving model…
15:37:00 [INFO] [client-5] Round 34 done — loss=0.9749 acc=0.5245  2.1s
15:37:00 [INFO] [client-5] Round 35 — receiving model…
15:37:00 [INFO] [client-9] Round 34 done — loss=0.9725 acc=0.5341  2.3s
15:37:00 [INFO] [client-9] Round 35 — receiving model…
15:37:00 [INFO] [client-2] Round 34 done — loss=0.9756 acc=0.5227  2.3s
15:37:00 [INFO] [client-2] Round 35 — receiving model…
15:37:00 [INFO] [client-3] Round 34 done — loss=0.9735 acc=0.5199  2.4s
15:37:00 [INFO] [client-3] Round 35 — receiving model…
15:37:00 [INFO] Round 34/50  acc=0.5484  loss=0.9555  2.2s  clients=10
15:37:00 [INFO] Round 35 — sending model to 10 clients…
15:37:00 [INFO] [client-9] Round 35 — training locally…
15:37:00 [INFO] [client-9] Round 35 — sending update…
15:37:00 [INFO] [client-5] Round 35 — training locally…
15:37:00 [INFO] [client-5] Round 35 — sending update…
15:37:00 [INFO] [client-9] Round 35 done — loss=0.9752 acc=0.5249  0.5s
15:37:00 [INFO] [client-9] Round 36 — receiving model…
15:37:00 [INFO] Round 35 — waiting for 10 updates…
15:37:00 [INFO] [client-5] Round 35 done — loss=0.9752 acc=0.5156  0.6s
15:37:00 [INFO] [client-5] Round 36 — receiving model…
15:37:00 [INFO] [client-6] Round 35 — training locally…
15:37:00 [INFO] [client-6] Round 35 — sending update…
15:37:00 [INFO] [client-7] Round 35 — training locally…
15:37:00 [INFO] [client-7] Round 35 — sending update…
15:37:00 [INFO] [client-1] Round 35 — training locally…
15:37:01 [INFO] [client-1] Round 35 — sending update…
15:37:01 [INFO] [client-4] Round 35 — training locally…
15:37:01 [INFO] [client-4] Round 35 — sending update…
15:37:01 [INFO] [client-2] Round 35 — training locally…
15:37:01 [INFO] [client-2] Round 35 — sending update…
15:37:01 [INFO] [client-0] Round 35 — training locally…
15:37:01 [INFO] [client-0] Round 35 — sending update…
15:37:01 [INFO] [client-8] Round 35 — training locally…
15:37:01 [INFO] [client-8] Round 35 — sending update…
15:37:01 [INFO] [client-3] Round 35 — training locally…
15:37:02 [INFO] [client-3] Round 35 — sending update…
15:37:02 [INFO] [client-6] Round 35 done — loss=0.9608 acc=0.5273  2.1s
15:37:02 [INFO] [client-6] Round 36 — receiving model…
15:37:02 [INFO] [client-7] Round 35 done — loss=0.9874 acc=0.5028  2.2s
15:37:02 [INFO] [client-7] Round 36 — receiving model…
15:37:02 [INFO] [client-1] Round 35 done — loss=0.9689 acc=0.5220  3.7s
15:37:02 [INFO] [client-1] Round 36 — receiving model…
15:37:02 [INFO] [client-4] Round 35 done — loss=0.9801 acc=0.5138  2.2s
15:37:02 [INFO] [client-4] Round 36 — receiving model…
15:37:02 [INFO] [client-2] Round 35 done — loss=0.9754 acc=0.5213  2.1s
15:37:02 [INFO] [client-2] Round 36 — receiving model…
15:37:02 [INFO] [client-0] Round 35 done — loss=0.9639 acc=0.5362  2.2s
15:37:02 [INFO] [client-0] Round 36 — receiving model…
15:37:02 [INFO] [client-8] Round 35 done — loss=0.9808 acc=0.5210  3.8s
15:37:02 [INFO] [client-8] Round 36 — receiving model…
15:37:02 [INFO] [client-3] Round 35 done — loss=0.9767 acc=0.5188  2.2s
15:37:02 [INFO] [client-3] Round 36 — receiving model…
15:37:02 [INFO] Round 35/50  acc=0.5464  loss=0.9560  2.2s  clients=10
15:37:02 [INFO] Round 36 — sending model to 10 clients…
15:37:02 [INFO] [client-3] Round 36 — training locally…
15:37:02 [INFO] [client-3] Round 36 — sending update…
15:37:02 [INFO] [client-2] Round 36 — training locally…
15:37:02 [INFO] [client-2] Round 36 — sending update…
15:37:02 [INFO] [client-3] Round 36 done — loss=0.9763 acc=0.5199  0.4s
15:37:02 [INFO] [client-3] Round 37 — receiving model…
15:37:02 [INFO] Round 36 — waiting for 10 updates…
15:37:02 [INFO] [client-2] Round 36 done — loss=0.9804 acc=0.5227  0.6s
15:37:02 [INFO] [client-2] Round 37 — receiving model…
15:37:02 [INFO] [client-7] Round 36 — training locally…
15:37:02 [INFO] [client-7] Round 36 — sending update…
15:37:02 [INFO] [client-1] Round 36 — training locally…
15:37:03 [INFO] [client-1] Round 36 — sending update…
15:37:03 [INFO] [client-0] Round 36 — training locally…
15:37:03 [INFO] [client-0] Round 36 — sending update…
15:37:03 [INFO] [client-4] Round 36 — training locally…
15:37:03 [INFO] [client-4] Round 36 — sending update…
15:37:03 [INFO] [client-6] Round 36 — training locally…
15:37:03 [INFO] [client-6] Round 36 — sending update…
15:37:03 [INFO] [client-8] Round 36 — training locally…
15:37:03 [INFO] [client-8] Round 36 — sending update…
15:37:03 [INFO] [client-5] Round 36 — training locally…
15:37:04 [INFO] [client-5] Round 36 — sending update…
15:37:04 [INFO] [client-9] Round 36 — training locally…
15:37:04 [INFO] [client-9] Round 36 — sending update…
15:37:04 [INFO] [client-7] Round 36 done — loss=0.9898 acc=0.5071  2.1s
15:37:04 [INFO] [client-7] Round 37 — receiving model…
15:37:04 [INFO] [client-1] Round 36 done — loss=0.9709 acc=0.5178  2.1s
15:37:04 [INFO] [client-1] Round 37 — receiving model…
15:37:04 [INFO] [client-0] Round 36 done — loss=0.9601 acc=0.5341  2.1s
15:37:04 [INFO] [client-0] Round 37 — receiving model…
15:37:04 [INFO] [client-4] Round 36 done — loss=0.9790 acc=0.5259  2.2s
15:37:04 [INFO] [client-4] Round 37 — receiving model…
15:37:04 [INFO] [client-6] Round 36 done — loss=0.9594 acc=0.5334  2.3s
15:37:04 [INFO] [client-6] Round 37 — receiving model…
15:37:04 [INFO] [client-8] Round 36 done — loss=0.9817 acc=0.5277  2.1s
15:37:04 [INFO] [client-8] Round 37 — receiving model…
15:37:04 [INFO] [client-5] Round 36 done — loss=0.9772 acc=0.5142  3.8s
15:37:04 [INFO] [client-5] Round 37 — receiving model…
15:37:04 [INFO] [client-9] Round 36 done — loss=0.9776 acc=0.5238  3.9s
15:37:04 [INFO] [client-9] Round 37 — receiving model…
15:37:04 [INFO] Round 36/50  acc=0.5496  loss=0.9573  2.2s  clients=10
15:37:04 [INFO] Round 37 — sending model to 10 clients…
15:37:04 [INFO] [client-0] Round 37 — training locally…
15:37:04 [INFO] [client-0] Round 37 — sending update…
15:37:04 [INFO] [client-3] Round 37 — training locally…
15:37:04 [INFO] [client-3] Round 37 — sending update…
15:37:04 [INFO] [client-0] Round 37 done — loss=0.9605 acc=0.5341  0.6s
15:37:04 [INFO] [client-0] Round 38 — receiving model…
15:37:04 [INFO] Round 37 — waiting for 10 updates…
15:37:04 [INFO] [client-3] Round 37 done — loss=0.9723 acc=0.5249  2.2s
15:37:04 [INFO] [client-3] Round 38 — receiving model…
15:37:04 [INFO] [client-4] Round 37 — training locally…
15:37:05 [INFO] [client-4] Round 37 — sending update…
15:37:05 [INFO] [client-6] Round 37 — training locally…
15:37:05 [INFO] [client-6] Round 37 — sending update…
15:37:05 [INFO] [client-2] Round 37 — training locally…
15:37:05 [INFO] [client-2] Round 37 — sending update…
15:37:05 [INFO] [client-9] Round 37 — training locally…
15:37:05 [INFO] [client-9] Round 37 — sending update…
15:37:05 [INFO] [client-7] Round 37 — training locally…
15:37:05 [INFO] [client-7] Round 37 — sending update…
15:37:05 [INFO] [client-8] Round 37 — training locally…
15:37:06 [INFO] [client-8] Round 37 — sending update…
15:37:06 [INFO] [client-5] Round 37 — training locally…
15:37:06 [INFO] [client-5] Round 37 — sending update…
15:37:06 [INFO] [client-1] Round 37 — training locally…
15:37:06 [INFO] [client-1] Round 37 — sending update…
15:37:06 [INFO] [client-4] Round 37 done — loss=0.9810 acc=0.5156  2.1s
15:37:06 [INFO] [client-4] Round 38 — receiving model…
15:37:06 [INFO] [client-6] Round 37 done — loss=0.9596 acc=0.5373  2.1s
15:37:06 [INFO] [client-6] Round 38 — receiving model…
15:37:06 [INFO] [client-2] Round 37 done — loss=0.9756 acc=0.5224  3.8s
15:37:06 [INFO] [client-2] Round 38 — receiving model…
15:37:06 [INFO] [client-9] Round 37 done — loss=0.9722 acc=0.5202  2.1s
15:37:06 [INFO] [client-9] Round 38 — receiving model…
15:37:06 [INFO] [client-7] Round 37 done — loss=0.9893 acc=0.5039  2.4s
15:37:06 [INFO] [client-7] Round 38 — receiving model…
15:37:06 [INFO] [client-8] Round 37 done — loss=0.9780 acc=0.5273  2.3s
15:37:06 [INFO] [client-8] Round 38 — receiving model…
15:37:06 [INFO] [client-5] Round 37 done — loss=0.9713 acc=0.5188  2.3s
15:37:06 [INFO] [client-5] Round 38 — receiving model…
15:37:06 [INFO] [client-1] Round 37 done — loss=0.9701 acc=0.5238  2.5s
15:37:06 [INFO] [client-1] Round 38 — receiving model…
15:37:06 [INFO] Round 37/50  acc=0.5461  loss=0.9576  2.3s  clients=10
15:37:06 [INFO] Round 38 — sending model to 10 clients…
15:37:06 [INFO] [client-1] Round 38 — training locally…
15:37:06 [INFO] [client-1] Round 38 — sending update…
15:37:06 [INFO] [client-4] Round 38 — training locally…
15:37:07 [INFO] [client-4] Round 38 — sending update…
15:37:07 [INFO] [client-1] Round 38 done — loss=0.9703 acc=0.5266  0.4s
15:37:07 [INFO] [client-1] Round 39 — receiving model…
15:37:07 [INFO] Round 38 — waiting for 10 updates…
15:37:07 [INFO] [client-4] Round 38 done — loss=0.9811 acc=0.5160  0.7s
15:37:07 [INFO] [client-4] Round 39 — receiving model…
15:37:07 [INFO] [client-6] Round 38 — training locally…
15:37:07 [INFO] [client-6] Round 38 — sending update…
15:37:07 [INFO] [client-2] Round 38 — training locally…
15:37:07 [INFO] [client-2] Round 38 — sending update…
15:37:07 [INFO] [client-5] Round 38 — training locally…
15:37:07 [INFO] [client-5] Round 38 — sending update…
15:37:07 [INFO] [client-3] Round 38 — training locally…
15:37:07 [INFO] [client-3] Round 38 — sending update…
15:37:07 [INFO] [client-9] Round 38 — training locally…
15:37:08 [INFO] [client-9] Round 38 — sending update…
15:37:08 [INFO] [client-8] Round 38 — training locally…
15:37:08 [INFO] [client-8] Round 38 — sending update…
15:37:08 [INFO] [client-0] Round 38 — training locally…
15:37:08 [INFO] [client-0] Round 38 — sending update…
15:37:08 [INFO] [client-7] Round 38 — training locally…
15:37:08 [INFO] [client-7] Round 38 — sending update…
15:37:08 [INFO] [client-6] Round 38 done — loss=0.9595 acc=0.5284  2.1s
15:37:08 [INFO] [client-6] Round 39 — receiving model…
15:37:08 [INFO] [client-2] Round 38 done — loss=0.9780 acc=0.5220  2.1s
15:37:08 [INFO] [client-2] Round 39 — receiving model…
15:37:08 [INFO] [client-5] Round 38 done — loss=0.9744 acc=0.5291  2.0s
15:37:08 [INFO] [client-5] Round 39 — receiving model…
15:37:08 [INFO] [client-3] Round 38 done — loss=0.9771 acc=0.5298  3.8s
15:37:08 [INFO] [client-3] Round 39 — receiving model…
15:37:08 [INFO] [client-9] Round 38 done — loss=0.9750 acc=0.5213  2.2s
15:37:08 [INFO] [client-9] Round 39 — receiving model…
15:37:08 [INFO] [client-8] Round 38 done — loss=0.9801 acc=0.5266  2.2s
15:37:08 [INFO] [client-8] Round 39 — receiving model…
15:37:08 [INFO] [client-0] Round 38 done — loss=0.9609 acc=0.5394  4.0s
15:37:08 [INFO] [client-0] Round 39 — receiving model…
15:37:08 [INFO] [client-7] Round 38 done — loss=0.9883 acc=0.5117  2.3s
15:37:08 [INFO] [client-7] Round 39 — receiving model…
15:37:08 [INFO] Round 38/50  acc=0.5476  loss=0.9538  2.2s  clients=10
15:37:08 [INFO] Round 39 — sending model to 10 clients…
15:37:08 [INFO] [client-7] Round 39 — training locally…
15:37:09 [INFO] [client-7] Round 39 — sending update…
15:37:09 [INFO] [client-8] Round 39 — training locally…
15:37:09 [INFO] [client-8] Round 39 — sending update…
15:37:09 [INFO] [client-7] Round 39 done — loss=0.9896 acc=0.5107  0.4s
15:37:09 [INFO] [client-7] Round 40 — receiving model…
15:37:09 [INFO] Round 39 — waiting for 10 updates…
15:37:09 [INFO] [client-8] Round 39 done — loss=0.9809 acc=0.5220  0.5s
15:37:09 [INFO] [client-8] Round 40 — receiving model…
15:37:09 [INFO] [client-5] Round 39 — training locally…
15:37:09 [INFO] [client-5] Round 39 — sending update…
15:37:09 [INFO] [client-3] Round 39 — training locally…
15:37:09 [INFO] [client-3] Round 39 — sending update…
15:37:09 [INFO] [client-0] Round 39 — training locally…
15:37:09 [INFO] [client-0] Round 39 — sending update…
15:37:09 [INFO] [client-2] Round 39 — training locally…
15:37:10 [INFO] [client-2] Round 39 — sending update…
15:37:10 [INFO] [client-9] Round 39 — training locally…
15:37:10 [INFO] [client-9] Round 39 — sending update…
15:37:10 [INFO] [client-1] Round 39 — training locally…
15:37:10 [INFO] [client-1] Round 39 — sending update…
15:37:10 [INFO] [client-4] Round 39 — training locally…
15:37:10 [INFO] [client-4] Round 39 — sending update…
15:37:10 [INFO] [client-6] Round 39 — training locally…
15:37:10 [INFO] [client-6] Round 39 — sending update…
15:37:10 [INFO] [client-5] Round 39 done — loss=0.9737 acc=0.5210  2.1s
15:37:10 [INFO] [client-5] Round 40 — receiving model…
15:37:10 [INFO] [client-3] Round 39 done — loss=0.9754 acc=0.5188  2.1s
15:37:10 [INFO] [client-3] Round 40 — receiving model…
15:37:10 [INFO] [client-0] Round 39 done — loss=0.9579 acc=0.5352  2.0s
15:37:10 [INFO] [client-0] Round 40 — receiving model…
15:37:10 [INFO] [client-2] Round 39 done — loss=0.9775 acc=0.5256  2.2s
15:37:10 [INFO] [client-2] Round 40 — receiving model…
15:37:10 [INFO] [client-9] Round 39 done — loss=0.9760 acc=0.5241  2.2s
15:37:10 [INFO] [client-9] Round 40 — receiving model…
15:37:11 [INFO] [client-1] Round 39 done — loss=0.9704 acc=0.5156  3.8s
15:37:11 [INFO] [client-1] Round 40 — receiving model…
15:37:11 [INFO] [client-4] Round 39 done — loss=0.9798 acc=0.5149  3.8s
15:37:11 [INFO] [client-4] Round 40 — receiving model…
15:37:11 [INFO] [client-6] Round 39 done — loss=0.9579 acc=0.5373  2.4s
15:37:11 [INFO] [client-6] Round 40 — receiving model…
15:37:11 [INFO] Round 39/50  acc=0.5467  loss=0.9557  2.2s  clients=10
15:37:11 [INFO] Round 40 — sending model to 10 clients…
15:37:11 [INFO] [client-9] Round 40 — training locally…
15:37:11 [INFO] [client-9] Round 40 — sending update…
15:37:11 [INFO] [client-1] Round 40 — training locally…
15:37:11 [INFO] [client-1] Round 40 — sending update…
15:37:11 [INFO] [client-9] Round 40 done — loss=0.9753 acc=0.5252  0.5s
15:37:11 [INFO] [client-9] Round 41 — receiving model…
15:37:11 [INFO] Round 40 — waiting for 10 updates…
15:37:11 [INFO] [client-1] Round 40 done — loss=0.9705 acc=0.5284  0.5s
15:37:11 [INFO] [client-1] Round 41 — receiving model…
15:37:11 [INFO] [client-3] Round 40 — training locally…
15:37:11 [INFO] [client-3] Round 40 — sending update…
15:37:11 [INFO] [client-6] Round 40 — training locally…
15:37:11 [INFO] [client-6] Round 40 — sending update…
15:37:11 [INFO] [client-0] Round 40 — training locally…
15:37:12 [INFO] [client-0] Round 40 — sending update…
15:37:12 [INFO] [client-4] Round 40 — training locally…
15:37:12 [INFO] [client-4] Round 40 — sending update…
15:37:12 [INFO] [client-7] Round 40 — training locally…
15:37:12 [INFO] [client-7] Round 40 — sending update…
15:37:12 [INFO] [client-2] Round 40 — training locally…
15:37:12 [INFO] [client-2] Round 40 — sending update…
15:37:12 [INFO] [client-8] Round 40 — training locally…
15:37:12 [INFO] [client-8] Round 40 — sending update…
15:37:12 [INFO] [client-5] Round 40 — training locally…
15:37:12 [INFO] [client-5] Round 40 — sending update…
15:37:13 [INFO] [client-3] Round 40 done — loss=0.9743 acc=0.5199  2.1s
15:37:13 [INFO] [client-3] Round 41 — receiving model…
15:37:13 [INFO] [client-6] Round 40 done — loss=0.9624 acc=0.5266  2.0s
15:37:13 [INFO] [client-6] Round 41 — receiving model…
15:37:13 [INFO] [client-0] Round 40 done — loss=0.9595 acc=0.5334  2.2s
15:37:13 [INFO] [client-0] Round 41 — receiving model…
15:37:13 [INFO] [client-4] Round 40 done — loss=0.9792 acc=0.5138  2.1s
15:37:13 [INFO] [client-4] Round 41 — receiving model…
15:37:13 [INFO] [client-7] Round 40 done — loss=0.9861 acc=0.5036  3.8s
15:37:13 [INFO] [client-7] Round 41 — receiving model…
15:37:13 [INFO] [client-2] Round 40 done — loss=0.9770 acc=0.5241  2.2s
15:37:13 [INFO] [client-2] Round 41 — receiving model…
15:37:13 [INFO] [client-8] Round 40 done — loss=0.9813 acc=0.5220  3.8s
15:37:13 [INFO] [client-8] Round 41 — receiving model…
15:37:13 [INFO] [client-5] Round 40 done — loss=0.9743 acc=0.5206  2.4s
15:37:13 [INFO] [client-5] Round 41 — receiving model…
15:37:13 [INFO] Round 40/50  acc=0.5478  loss=0.9561  2.2s  clients=10
15:37:13 [INFO] Round 41 — sending model to 10 clients…
15:37:13 [INFO] [client-6] Round 41 — training locally…
15:37:13 [INFO] [client-6] Round 41 — sending update…
15:37:13 [INFO] [client-5] Round 41 — training locally…
15:37:13 [INFO] [client-5] Round 41 — sending update…
15:37:13 [INFO] [client-6] Round 41 done — loss=0.9583 acc=0.5323  0.7s
15:37:13 [INFO] [client-6] Round 42 — receiving model…
15:37:13 [INFO] Round 41 — waiting for 10 updates…
15:37:13 [INFO] [client-5] Round 41 done — loss=0.9748 acc=0.5213  0.5s
15:37:13 [INFO] [client-5] Round 42 — receiving model…
15:37:13 [INFO] [client-2] Round 41 — training locally…
15:37:13 [INFO] [client-2] Round 41 — sending update…
15:37:13 [INFO] [client-3] Round 41 — training locally…
15:37:14 [INFO] [client-3] Round 41 — sending update…
15:37:14 [INFO] [client-1] Round 41 — training locally…
15:37:14 [INFO] [client-1] Round 41 — sending update…
15:37:14 [INFO] [client-0] Round 41 — training locally…
15:37:14 [INFO] [client-0] Round 41 — sending update…
15:37:14 [INFO] [client-4] Round 41 — training locally…
15:37:14 [INFO] [client-4] Round 41 — sending update…
15:37:14 [INFO] [client-9] Round 41 — training locally…
15:37:14 [INFO] [client-9] Round 41 — sending update…
15:37:14 [INFO] [client-7] Round 41 — training locally…
15:37:14 [INFO] [client-7] Round 41 — sending update…
15:37:14 [INFO] [client-8] Round 41 — training locally…
15:37:15 [INFO] [client-8] Round 41 — sending update…
15:37:15 [INFO] [client-2] Round 41 done — loss=0.9790 acc=0.5309  2.0s
15:37:15 [INFO] [client-2] Round 42 — receiving model…
15:37:15 [INFO] [client-3] Round 41 done — loss=0.9737 acc=0.5195  2.2s
15:37:15 [INFO] [client-3] Round 42 — receiving model…
15:37:15 [INFO] [client-1] Round 41 done — loss=0.9716 acc=0.5146  3.7s
15:37:15 [INFO] [client-1] Round 42 — receiving model…
15:37:15 [INFO] [client-0] Round 41 done — loss=0.9579 acc=0.5362  2.2s
15:37:15 [INFO] [client-0] Round 42 — receiving model…
15:37:15 [INFO] [client-4] Round 41 done — loss=0.9782 acc=0.5135  2.2s
15:37:15 [INFO] [client-4] Round 42 — receiving model…
15:37:15 [INFO] [client-9] Round 41 done — loss=0.9765 acc=0.5245  3.8s
15:37:15 [INFO] [client-9] Round 42 — receiving model…
15:37:15 [INFO] [client-7] Round 41 done — loss=0.9850 acc=0.5082  2.2s
15:37:15 [INFO] [client-7] Round 42 — receiving model…
15:37:15 [INFO] [client-8] Round 41 done — loss=0.9765 acc=0.5259  2.2s
15:37:15 [INFO] [client-8] Round 42 — receiving model…
15:37:15 [INFO] Round 41/50  acc=0.5490  loss=0.9590  2.2s  clients=10
15:37:15 [INFO] Round 42 — sending model to 10 clients…
15:37:15 [INFO] [client-3] Round 42 — training locally…
15:37:15 [INFO] [client-3] Round 42 — sending update…
15:37:15 [INFO] [client-9] Round 42 — training locally…
15:37:15 [INFO] [client-9] Round 42 — sending update…
15:37:15 [INFO] [client-3] Round 42 done — loss=0.9740 acc=0.5220  0.7s
15:37:15 [INFO] [client-3] Round 43 — receiving model…
15:37:15 [INFO] Round 42 — waiting for 10 updates…
15:37:15 [INFO] [client-9] Round 42 done — loss=0.9750 acc=0.5231  0.5s
15:37:15 [INFO] [client-9] Round 43 — receiving model…
15:37:15 [INFO] [client-2] Round 42 — training locally…
15:37:16 [INFO] [client-2] Round 42 — sending update…
15:37:16 [INFO] [client-5] Round 42 — training locally…
15:37:16 [INFO] [client-5] Round 42 — sending update…
15:37:16 [INFO] [client-6] Round 42 — training locally…
15:37:16 [INFO] [client-6] Round 42 — sending update…
15:37:16 [INFO] [client-8] Round 42 — training locally…
15:37:16 [INFO] [client-8] Round 42 — sending update…
15:37:16 [INFO] [client-4] Round 42 — training locally…
15:37:16 [INFO] [client-4] Round 42 — sending update…
15:37:16 [INFO] [client-0] Round 42 — training locally…
15:37:16 [INFO] [client-0] Round 42 — sending update…
15:37:16 [INFO] [client-7] Round 42 — training locally…
15:37:17 [INFO] [client-7] Round 42 — sending update…
15:37:17 [INFO] [client-1] Round 42 — training locally…
15:37:17 [INFO] [client-1] Round 42 — sending update…
15:37:17 [INFO] [client-2] Round 42 done — loss=0.9767 acc=0.5178  2.2s
15:37:17 [INFO] [client-2] Round 43 — receiving model…
15:37:17 [INFO] [client-5] Round 42 done — loss=0.9745 acc=0.5256  3.7s
15:37:17 [INFO] [client-5] Round 43 — receiving model…
15:37:17 [INFO] [client-6] Round 42 done — loss=0.9617 acc=0.5252  3.7s
15:37:17 [INFO] [client-6] Round 43 — receiving model…
15:37:17 [INFO] [client-8] Round 42 done — loss=0.9799 acc=0.5249  2.0s
15:37:17 [INFO] [client-8] Round 43 — receiving model…
15:37:17 [INFO] [client-4] Round 42 done — loss=0.9808 acc=0.5202  2.2s
15:37:17 [INFO] [client-4] Round 43 — receiving model…
15:37:17 [INFO] [client-0] Round 42 done — loss=0.9587 acc=0.5366  2.2s
15:37:17 [INFO] [client-0] Round 43 — receiving model…
15:37:17 [INFO] [client-7] Round 42 done — loss=0.9876 acc=0.5138  2.2s
15:37:17 [INFO] [client-7] Round 43 — receiving model…
15:37:17 [INFO] [client-1] Round 42 done — loss=0.9720 acc=0.5202  2.4s
15:37:17 [INFO] [client-1] Round 43 — receiving model…
15:37:17 [INFO] Round 42/50  acc=0.5501  loss=0.9591  2.2s  clients=10
15:37:17 [INFO] Round 43 — sending model to 10 clients…
15:37:17 [INFO] [client-2] Round 43 — training locally…
15:37:17 [INFO] [client-2] Round 43 — sending update…
15:37:17 [INFO] [client-4] Round 43 — training locally…
15:37:18 [INFO] [client-4] Round 43 — sending update…
15:37:18 [INFO] [client-2] Round 43 done — loss=0.9753 acc=0.5256  0.7s
15:37:18 [INFO] [client-2] Round 44 — receiving model…
15:37:18 [INFO] Round 43 — waiting for 10 updates…
15:37:18 [INFO] [client-4] Round 43 done — loss=0.9766 acc=0.5156  0.6s
15:37:18 [INFO] [client-4] Round 44 — receiving model…
15:37:18 [INFO] [client-8] Round 43 — training locally…
15:37:18 [INFO] [client-8] Round 43 — sending update…
15:37:18 [INFO] [client-3] Round 43 — training locally…
15:37:18 [INFO] [client-3] Round 43 — sending update…
15:37:18 [INFO] [client-0] Round 43 — training locally…
15:37:18 [INFO] [client-0] Round 43 — sending update…
15:37:18 [INFO] [client-7] Round 43 — training locally…
15:37:18 [INFO] [client-7] Round 43 — sending update…
15:37:18 [INFO] [client-9] Round 43 — training locally…
15:37:18 [INFO] [client-9] Round 43 — sending update…
15:37:18 [INFO] [client-6] Round 43 — training locally…
15:37:19 [INFO] [client-6] Round 43 — sending update…
15:37:19 [INFO] [client-1] Round 43 — training locally…
15:37:19 [INFO] [client-1] Round 43 — sending update…
15:37:19 [INFO] [client-5] Round 43 — training locally…
15:37:19 [INFO] [client-5] Round 43 — sending update…
15:37:19 [INFO] [client-8] Round 43 done — loss=0.9804 acc=0.5291  2.1s
15:37:19 [INFO] [client-8] Round 44 — receiving model…
15:37:19 [INFO] [client-3] Round 43 done — loss=0.9740 acc=0.5298  3.7s
15:37:19 [INFO] [client-3] Round 44 — receiving model…
15:37:19 [INFO] [client-0] Round 43 done — loss=0.9598 acc=0.5362  2.1s
15:37:19 [INFO] [client-0] Round 44 — receiving model…
15:37:19 [INFO] [client-7] Round 43 done — loss=0.9876 acc=0.5085  2.1s
15:37:19 [INFO] [client-7] Round 44 — receiving model…
15:37:19 [INFO] [client-9] Round 43 done — loss=0.9771 acc=0.5288  3.8s
15:37:19 [INFO] [client-9] Round 44 — receiving model…
15:37:19 [INFO] [client-6] Round 43 done — loss=0.9621 acc=0.5295  2.3s
15:37:19 [INFO] [client-6] Round 44 — receiving model…
15:37:19 [INFO] [client-1] Round 43 done — loss=0.9688 acc=0.5202  2.1s
15:37:19 [INFO] [client-1] Round 44 — receiving model…
15:37:19 [INFO] [client-5] Round 43 done — loss=0.9720 acc=0.5273  2.4s
15:37:19 [INFO] [client-5] Round 44 — receiving model…
15:37:19 [INFO] Round 43/50  acc=0.5496  loss=0.9501  2.2s  clients=10
15:37:19 [INFO] Round 44 — sending model to 10 clients…
15:37:19 [INFO] [client-9] Round 44 — training locally…
15:37:20 [INFO] [client-9] Round 44 — sending update…
15:37:20 [INFO] [client-7] Round 44 — training locally…
15:37:20 [INFO] [client-7] Round 44 — sending update…
15:37:20 [INFO] [client-9] Round 44 done — loss=0.9735 acc=0.5266  0.5s
15:37:20 [INFO] [client-9] Round 45 — receiving model…
15:37:20 [INFO] Round 44 — waiting for 10 updates…
15:37:20 [INFO] [client-7] Round 44 done — loss=0.9840 acc=0.5135  0.6s
15:37:20 [INFO] [client-7] Round 45 — receiving model…
15:37:20 [INFO] [client-2] Round 44 — training locally…
15:37:20 [INFO] [client-2] Round 44 — sending update…
15:37:20 [INFO] [client-8] Round 44 — training locally…
15:37:20 [INFO] [client-8] Round 44 — sending update…
15:37:20 [INFO] [client-5] Round 44 — training locally…
15:37:20 [INFO] [client-5] Round 44 — sending update…
15:37:20 [INFO] [client-0] Round 44 — training locally…
15:37:20 [INFO] [client-0] Round 44 — sending update…
15:37:20 [INFO] [client-1] Round 44 — training locally…
15:37:21 [INFO] [client-1] Round 44 — sending update…
15:37:21 [INFO] [client-3] Round 44 — training locally…
15:37:21 [INFO] [client-3] Round 44 — sending update…
15:37:21 [INFO] [client-6] Round 44 — training locally…
15:37:21 [INFO] [client-6] Round 44 — sending update…
15:37:21 [INFO] [client-4] Round 44 — training locally…
15:37:21 [INFO] [client-4] Round 44 — sending update…
15:37:21 [INFO] [client-2] Round 44 done — loss=0.9749 acc=0.5270  3.7s
15:37:21 [INFO] [client-2] Round 45 — receiving model…
15:37:21 [INFO] [client-8] Round 44 done — loss=0.9809 acc=0.5266  2.2s
15:37:21 [INFO] [client-8] Round 45 — receiving model…
15:37:21 [INFO] [client-5] Round 44 done — loss=0.9733 acc=0.5241  2.0s
15:37:21 [INFO] [client-5] Round 45 — receiving model…
15:37:21 [INFO] [client-0] Round 44 done — loss=0.9578 acc=0.5376  2.3s
15:37:21 [INFO] [client-0] Round 45 — receiving model…
15:37:21 [INFO] [client-1] Round 44 done — loss=0.9728 acc=0.5202  2.2s
15:37:21 [INFO] [client-1] Round 45 — receiving model…
15:37:21 [INFO] [client-3] Round 44 done — loss=0.9726 acc=0.5206  2.4s
15:37:21 [INFO] [client-3] Round 45 — receiving model…
15:37:22 [INFO] [client-6] Round 44 done — loss=0.9585 acc=0.5316  2.3s
15:37:22 [INFO] [client-6] Round 45 — receiving model…
15:37:22 [INFO] [client-4] Round 44 done — loss=0.9776 acc=0.5142  4.0s
15:37:22 [INFO] [client-4] Round 45 — receiving model…
15:37:22 [INFO] Round 44/50  acc=0.5458  loss=0.9535  2.3s  clients=10
15:37:22 [INFO] Round 45 — sending model to 10 clients…
15:37:22 [INFO] [client-7] Round 45 — training locally…
15:37:22 [INFO] [client-7] Round 45 — sending update…
15:37:22 [INFO] [client-2] Round 45 — training locally…
15:37:22 [INFO] [client-2] Round 45 — sending update…
15:37:22 [INFO] [client-7] Round 45 done — loss=0.9841 acc=0.5146  2.2s
15:37:22 [INFO] [client-7] Round 46 — receiving model…
15:37:22 [INFO] Round 45 — waiting for 10 updates…
15:37:22 [INFO] [client-2] Round 45 done — loss=0.9751 acc=0.5263  0.8s
15:37:22 [INFO] [client-2] Round 46 — receiving model…
15:37:22 [INFO] [client-8] Round 45 — training locally…
15:37:22 [INFO] [client-8] Round 45 — sending update…
15:37:22 [INFO] [client-9] Round 45 — training locally…
15:37:22 [INFO] [client-9] Round 45 — sending update…
15:37:22 [INFO] [client-4] Round 45 — training locally…
15:37:23 [INFO] [client-4] Round 45 — sending update…
15:37:23 [INFO] [client-1] Round 45 — training locally…
15:37:23 [INFO] [client-1] Round 45 — sending update…
15:37:23 [INFO] [client-5] Round 45 — training locally…
15:37:23 [INFO] [client-5] Round 45 — sending update…
15:37:23 [INFO] [client-6] Round 45 — training locally…
15:37:23 [INFO] [client-6] Round 45 — sending update…
15:37:23 [INFO] [client-3] Round 45 — training locally…
15:37:23 [INFO] [client-3] Round 45 — sending update…
15:37:23 [INFO] [client-0] Round 45 — training locally…
15:37:23 [INFO] [client-0] Round 45 — sending update…
15:37:23 [INFO] [client-8] Round 45 done — loss=0.9789 acc=0.5273  2.2s
15:37:23 [INFO] [client-8] Round 46 — receiving model…
15:37:24 [INFO] [client-9] Round 45 done — loss=0.9755 acc=0.5234  3.8s
15:37:24 [INFO] [client-9] Round 46 — receiving model…
15:37:24 [INFO] [client-4] Round 45 done — loss=0.9771 acc=0.5170  2.0s
15:37:24 [INFO] [client-4] Round 46 — receiving model…
15:37:24 [INFO] [client-1] Round 45 done — loss=0.9677 acc=0.5231  2.1s
15:37:24 [INFO] [client-1] Round 46 — receiving model…
15:37:24 [INFO] [client-5] Round 45 done — loss=0.9729 acc=0.5266  2.3s
15:37:24 [INFO] [client-5] Round 46 — receiving model…
15:37:24 [INFO] [client-6] Round 45 done — loss=0.9616 acc=0.5256  2.1s
15:37:24 [INFO] [client-6] Round 46 — receiving model…
15:37:24 [INFO] [client-3] Round 45 done — loss=0.9735 acc=0.5277  2.2s
15:37:24 [INFO] [client-3] Round 46 — receiving model…
15:37:24 [INFO] [client-0] Round 45 done — loss=0.9618 acc=0.5217  2.3s
15:37:24 [INFO] [client-0] Round 46 — receiving model…
15:37:24 [INFO] Round 45/50  acc=0.5484  loss=0.9568  2.2s  clients=10
15:37:24 [INFO] Round 46 — sending model to 10 clients…
15:37:24 [INFO] [client-4] Round 46 — training locally…
15:37:24 [INFO] [client-4] Round 46 — sending update…
15:37:24 [INFO] [client-3] Round 46 — training locally…
15:37:24 [INFO] [client-3] Round 46 — sending update…
15:37:24 [INFO] [client-4] Round 46 done — loss=0.9798 acc=0.5245  0.6s
15:37:24 [INFO] [client-4] Round 47 — receiving model…
15:37:24 [INFO] Round 46 — waiting for 10 updates…
15:37:24 [INFO] [client-3] Round 46 done — loss=0.9752 acc=0.5270  0.5s
15:37:24 [INFO] [client-3] Round 47 — receiving model…
15:37:24 [INFO] [client-9] Round 46 — training locally…
15:37:24 [INFO] [client-9] Round 46 — sending update…
15:37:24 [INFO] [client-8] Round 46 — training locally…
15:37:25 [INFO] [client-8] Round 46 — sending update…
15:37:25 [INFO] [client-0] Round 46 — training locally…
15:37:25 [INFO] [client-0] Round 46 — sending update…
15:37:25 [INFO] [client-2] Round 46 — training locally…
15:37:25 [INFO] [client-2] Round 46 — sending update…
15:37:25 [INFO] [client-1] Round 46 — training locally…
15:37:25 [INFO] [client-1] Round 46 — sending update…
15:37:25 [INFO] [client-7] Round 46 — training locally…
15:37:25 [INFO] [client-7] Round 46 — sending update…
15:37:25 [INFO] [client-5] Round 46 — training locally…
15:37:25 [INFO] [client-5] Round 46 — sending update…
15:37:25 [INFO] [client-6] Round 46 — training locally…
15:37:26 [INFO] [client-6] Round 46 — sending update…
15:37:26 [INFO] [client-9] Round 46 done — loss=0.9720 acc=0.5281  2.1s
15:37:26 [INFO] [client-9] Round 47 — receiving model…
15:37:26 [INFO] [client-8] Round 46 done — loss=0.9788 acc=0.5245  2.2s
15:37:26 [INFO] [client-8] Round 47 — receiving model…
15:37:26 [INFO] [client-0] Round 46 done — loss=0.9569 acc=0.5391  2.0s
15:37:26 [INFO] [client-0] Round 47 — receiving model…
15:37:26 [INFO] [client-2] Round 46 done — loss=0.9739 acc=0.5295  3.7s
15:37:26 [INFO] [client-2] Round 47 — receiving model…
15:37:26 [INFO] [client-1] Round 46 done — loss=0.9701 acc=0.5167  2.2s
15:37:26 [INFO] [client-1] Round 47 — receiving model…
15:37:26 [INFO] [client-7] Round 46 done — loss=0.9876 acc=0.5067  3.8s
15:37:26 [INFO] [client-7] Round 47 — receiving model…
15:37:26 [INFO] [client-5] Round 46 done — loss=0.9729 acc=0.5288  2.2s
15:37:26 [INFO] [client-5] Round 47 — receiving model…
15:37:26 [INFO] [client-6] Round 46 done — loss=0.9589 acc=0.5348  2.2s
15:37:26 [INFO] [client-6] Round 47 — receiving model…
15:37:26 [INFO] Round 46/50  acc=0.5456  loss=0.9538  2.2s  clients=10
15:37:26 [INFO] Round 47 — sending model to 10 clients…
15:37:26 [INFO] [client-2] Round 47 — training locally…
15:37:26 [INFO] [client-2] Round 47 — sending update…
15:37:26 [INFO] [client-7] Round 47 — training locally…
15:37:26 [INFO] [client-7] Round 47 — sending update…
15:37:26 [INFO] [client-2] Round 47 done — loss=0.9775 acc=0.5192  0.6s
15:37:26 [INFO] [client-2] Round 48 — receiving model…
15:37:26 [INFO] Round 47 — waiting for 10 updates…
15:37:26 [INFO] [client-7] Round 47 done — loss=0.9879 acc=0.5103  0.5s
15:37:26 [INFO] [client-7] Round 48 — receiving model…
15:37:26 [INFO] [client-8] Round 47 — training locally…
15:37:27 [INFO] [client-8] Round 47 — sending update…
15:37:27 [INFO] [client-0] Round 47 — training locally…
15:37:27 [INFO] [client-0] Round 47 — sending update…
15:37:27 [INFO] [client-3] Round 47 — training locally…
15:37:27 [INFO] [client-3] Round 47 — sending update…
15:37:27 [INFO] [client-5] Round 47 — training locally…
15:37:27 [INFO] [client-5] Round 47 — sending update…
15:37:27 [INFO] [client-9] Round 47 — training locally…
15:37:27 [INFO] [client-9] Round 47 — sending update…
15:37:27 [INFO] [client-1] Round 47 — training locally…
15:37:27 [INFO] [client-1] Round 47 — sending update…
15:37:27 [INFO] [client-6] Round 47 — training locally…
15:37:28 [INFO] [client-6] Round 47 — sending update…
15:37:28 [INFO] [client-4] Round 47 — training locally…
15:37:28 [INFO] [client-4] Round 47 — sending update…
15:37:28 [INFO] [client-8] Round 47 done — loss=0.9795 acc=0.5220  2.1s
15:37:28 [INFO] [client-8] Round 48 — receiving model…
15:37:28 [INFO] [client-0] Round 47 done — loss=0.9626 acc=0.5273  2.1s
15:37:28 [INFO] [client-0] Round 48 — receiving model…
15:37:28 [INFO] [client-3] Round 47 done — loss=0.9737 acc=0.5174  3.7s
15:37:28 [INFO] [client-3] Round 48 — receiving model…
15:37:28 [INFO] [client-5] Round 47 done — loss=0.9702 acc=0.5270  2.1s
15:37:28 [INFO] [client-5] Round 48 — receiving model…
15:37:28 [INFO] [client-9] Round 47 done — loss=0.9765 acc=0.5231  2.3s
15:37:28 [INFO] [client-9] Round 48 — receiving model…
15:37:28 [INFO] [client-1] Round 47 done — loss=0.9718 acc=0.5188  2.2s
15:37:28 [INFO] [client-1] Round 48 — receiving model…
15:37:28 [INFO] [client-6] Round 47 done — loss=0.9569 acc=0.5373  2.1s
15:37:28 [INFO] [client-6] Round 48 — receiving model…
15:37:28 [INFO] [client-4] Round 47 done — loss=0.9819 acc=0.5153  3.9s
15:37:28 [INFO] [client-4] Round 48 — receiving model…
15:37:28 [INFO] Round 47/50  acc=0.5490  loss=0.9569  2.2s  clients=10
15:37:28 [INFO] Round 48 — sending model to 10 clients…
15:37:28 [INFO] [client-1] Round 48 — training locally…
15:37:28 [INFO] [client-1] Round 48 — sending update…
15:37:28 [INFO] [client-2] Round 48 — training locally…
15:37:28 [INFO] [client-2] Round 48 — sending update…
15:37:29 [INFO] [client-1] Round 48 done — loss=0.9693 acc=0.5284  0.5s
15:37:29 [INFO] [client-1] Round 49 — receiving model…
15:37:29 [INFO] Round 48 — waiting for 10 updates…
15:37:29 [INFO] [client-2] Round 48 done — loss=0.9754 acc=0.5195  2.2s
15:37:29 [INFO] [client-2] Round 49 — receiving model…
15:37:29 [INFO] [client-3] Round 48 — training locally…
15:37:29 [INFO] [client-3] Round 48 — sending update…
15:37:29 [INFO] [client-0] Round 48 — training locally…
15:37:29 [INFO] [client-0] Round 48 — sending update…
15:37:29 [INFO] [client-9] Round 48 — training locally…
15:37:29 [INFO] [client-9] Round 48 — sending update…
15:37:29 [INFO] [client-5] Round 48 — training locally…
15:37:29 [INFO] [client-5] Round 48 — sending update…
15:37:29 [INFO] [client-4] Round 48 — training locally…
15:37:29 [INFO] [client-4] Round 48 — sending update…
15:37:29 [INFO] [client-8] Round 48 — training locally…
15:37:30 [INFO] [client-8] Round 48 — sending update…
15:37:30 [INFO] [client-7] Round 48 — training locally…
15:37:30 [INFO] [client-7] Round 48 — sending update…
15:37:30 [INFO] [client-6] Round 48 — training locally…
15:37:30 [INFO] [client-6] Round 48 — sending update…
15:37:30 [INFO] [client-3] Round 48 done — loss=0.9750 acc=0.5270  2.1s
15:37:30 [INFO] [client-3] Round 49 — receiving model…
15:37:30 [INFO] [client-0] Round 48 done — loss=0.9581 acc=0.5405  2.2s
15:37:30 [INFO] [client-0] Round 49 — receiving model…
15:37:30 [INFO] [client-9] Round 48 done — loss=0.9747 acc=0.5281  2.1s
15:37:30 [INFO] [client-9] Round 49 — receiving model…
15:37:30 [INFO] [client-5] Round 48 done — loss=0.9715 acc=0.5213  2.2s
15:37:30 [INFO] [client-5] Round 49 — receiving model…
15:37:30 [INFO] [client-4] Round 48 done — loss=0.9801 acc=0.5181  2.1s
15:37:30 [INFO] [client-4] Round 49 — receiving model…
15:37:30 [INFO] [client-8] Round 48 done — loss=0.9784 acc=0.5241  2.3s
15:37:30 [INFO] [client-8] Round 49 — receiving model…
15:37:30 [INFO] [client-7] Round 48 done — loss=0.9840 acc=0.5107  3.8s
15:37:30 [INFO] [client-7] Round 49 — receiving model…
15:37:30 [INFO] [client-6] Round 48 done — loss=0.9574 acc=0.5291  2.2s
15:37:30 [INFO] [client-6] Round 49 — receiving model…
15:37:30 [INFO] Round 48/50  acc=0.5461  loss=0.9540  2.2s  clients=10
15:37:30 [INFO] Round 49 — sending model to 10 clients…
15:37:30 [INFO] [client-5] Round 49 — training locally…
15:37:30 [INFO] [client-5] Round 49 — sending update…
15:37:30 [INFO] [client-1] Round 49 — training locally…
15:37:31 [INFO] [client-1] Round 49 — sending update…
15:37:31 [INFO] [client-5] Round 49 done — loss=0.9689 acc=0.5227  0.6s
15:37:31 [INFO] [client-5] Round 50 — receiving model…
15:37:31 [INFO] Round 49 — waiting for 10 updates…
15:37:31 [INFO] [client-1] Round 49 done — loss=0.9696 acc=0.5305  2.2s
15:37:31 [INFO] [client-1] Round 50 — receiving model…
15:37:31 [INFO] [client-9] Round 49 — training locally…
15:37:31 [INFO] [client-9] Round 49 — sending update…
15:37:31 [INFO] [client-2] Round 49 — training locally…
15:37:31 [INFO] [client-2] Round 49 — sending update…
15:37:31 [INFO] [client-6] Round 49 — training locally…
15:37:31 [INFO] [client-6] Round 49 — sending update…
15:37:31 [INFO] [client-7] Round 49 — training locally…
15:37:31 [INFO] [client-7] Round 49 — sending update…
15:37:31 [INFO] [client-0] Round 49 — training locally…
15:37:32 [INFO] [client-0] Round 49 — sending update…
15:37:32 [INFO] [client-8] Round 49 — training locally…
15:37:32 [INFO] [client-8] Round 49 — sending update…
15:37:32 [INFO] [client-3] Round 49 — training locally…
15:37:32 [INFO] [client-3] Round 49 — sending update…
15:37:32 [INFO] [client-4] Round 49 — training locally…
15:37:32 [INFO] [client-4] Round 49 — sending update…
15:37:32 [INFO] [client-9] Round 49 done — loss=0.9734 acc=0.5252  2.1s
15:37:32 [INFO] [client-9] Round 50 — receiving model…
15:37:32 [INFO] [client-2] Round 49 done — loss=0.9795 acc=0.5195  3.7s
15:37:32 [INFO] [client-2] Round 50 — receiving model…
15:37:32 [INFO] [client-6] Round 49 done — loss=0.9588 acc=0.5288  2.0s
15:37:32 [INFO] [client-6] Round 50 — receiving model…
15:37:32 [INFO] [client-7] Round 49 done — loss=0.9850 acc=0.5067  2.1s
15:37:32 [INFO] [client-7] Round 50 — receiving model…
15:37:32 [INFO] [client-0] Round 49 done — loss=0.9604 acc=0.5334  2.3s
15:37:32 [INFO] [client-0] Round 50 — receiving model…
15:37:32 [INFO] [client-8] Round 49 done — loss=0.9754 acc=0.5288  2.2s
15:37:32 [INFO] [client-8] Round 50 — receiving model…
15:37:32 [INFO] [client-3] Round 49 done — loss=0.9734 acc=0.5217  2.4s
15:37:32 [INFO] [client-3] Round 50 — receiving model…
15:37:32 [INFO] [client-4] Round 49 done — loss=0.9763 acc=0.5135  2.3s
15:37:32 [INFO] [client-4] Round 50 — receiving model…
15:37:32 [INFO] Round 49/50  acc=0.5493  loss=0.9588  2.2s  clients=10
15:37:32 [INFO] Round 50 — sending model to 10 clients…
15:37:32 [INFO] [client-3] Round 50 — training locally…
15:37:33 [INFO] [client-3] Round 50 — sending update…
15:37:33 [INFO] [client-8] Round 50 — training locally…
15:37:33 [INFO] [client-8] Round 50 — sending update…
15:37:33 [INFO] [client-3] Round 50 done — loss=0.9722 acc=0.5252  0.5s
15:37:33 [INFO] Round 50 — waiting for 10 updates…
15:37:33 [INFO] [client-8] Round 50 done — loss=0.9790 acc=0.5312  0.6s
15:37:33 [INFO] [client-9] Round 50 — training locally…
15:37:33 [INFO] [client-9] Round 50 — sending update…
15:37:33 [INFO] [client-6] Round 50 — training locally…
15:37:33 [INFO] [client-6] Round 50 — sending update…
15:37:33 [INFO] [client-1] Round 50 — training locally…
15:37:33 [INFO] [client-1] Round 50 — sending update…
15:37:33 [INFO] [client-2] Round 50 — training locally…
15:37:34 [INFO] [client-2] Round 50 — sending update…
15:37:34 [INFO] [client-4] Round 50 — training locally…
15:37:34 [INFO] [client-4] Round 50 — sending update…
15:37:34 [INFO] [client-0] Round 50 — training locally…
15:37:34 [INFO] [client-0] Round 50 — sending update…
15:37:34 [INFO] [client-5] Round 50 — training locally…
15:37:34 [INFO] [client-5] Round 50 — sending update…
15:37:34 [INFO] [client-7] Round 50 — training locally…
15:37:34 [INFO] [client-7] Round 50 — sending update…
15:37:34 [INFO] [client-9] Round 50 done — loss=0.9728 acc=0.5249  2.2s
15:37:34 [INFO] [client-6] Round 50 done — loss=0.9577 acc=0.5359  2.1s
15:37:34 [INFO] [client-1] Round 50 done — loss=0.9710 acc=0.5231  3.7s
15:37:34 [INFO] [client-2] Round 50 done — loss=0.9737 acc=0.5266  2.3s
15:37:34 [INFO] [client-4] Round 50 done — loss=0.9742 acc=0.5167  2.1s
15:37:35 [INFO] [client-0] Round 50 done — loss=0.9610 acc=0.5373  2.2s
15:37:35 [INFO] [client-5] Round 50 done — loss=0.9713 acc=0.5316  3.9s
15:37:35 [INFO] [client-7] Round 50 done — loss=0.9882 acc=0.5036  2.3s
15:37:35 [INFO] Round 50/50  acc=0.5478  loss=0.9547  2.2s  clients=10
15:37:35 [INFO] CoAP server [client-0] stopped
15:37:35 [INFO] CoAP server [client-1] stopped
15:37:35 [INFO] CoAP server [client-2] stopped
15:37:35 [INFO] CoAP server [client-3] stopped
15:37:35 [INFO] CoAP server [client-4] stopped
15:37:35 [INFO] CoAP server [client-5] stopped
15:37:35 [INFO] CoAP server [client-6] stopped
15:37:35 [INFO] CoAP server [client-7] stopped
15:37:35 [INFO] CoAP server [client-8] stopped
15:37:35 [INFO] CoAP server [client-9] stopped
15:37:35 [INFO] CoAP server [server] stopped
15:37:35 [INFO] Exported 50 rows → /home/raullb/FL-Iroh/results/e7/e7_airlstm_iid_round_events.csv
15:37:35 [INFO] AirLSTM airlstm_iid done: {'node_id': 'server', 'architecture': 'B', 'scenario': 'e7_airlstm_iid', 'rounds_total': 50, 'rounds_success': 50, 'test_acc_final': 0.5478434732933447, 'test_acc_max': 0.5504141673807483, 'duration_mean_sec': 2.185873063202016, 'pct_direct': 0.0, 'pct_relay': 0.0, 'bytes_to_aggregator': 25528500}
15:37:35 [INFO] E7 summary saved: /home/raullb/FL-Iroh/results/e7/e7_summary.csv
15:37:35 [INFO] E7 complete. Results in: /home/raullb/FL-Iroh/results/e7

=== E7 Results Summary (e7_summary.csv) ===
Config                        Model               Partition     Accuracy
------------------------------------------------------------------------
airmlp_geographic             AirMLP              geographic       0.464
airmlp_iid                    AirMLP              iid              0.498
airlstm_geographic            AirLSTM             geographic       0.524
airlstm_iid                   AirLSTM             iid              0.548
