round,accuracy,samples
1,0.560989010989011,3640
2,0.560989010989011,3640
3,0.560989010989011,3640
4,0.560989010989011,3640
5,0.560989010989011,3640
6,0.560989010989011,3640
7,0.560989010989011,3640
8,0.560989010989011,3640
9,0.560989010989011,3640
10,0.560989010989011,3640
