2026-09-28 22:40:46,164 [INFO] Iroh node started: f42db72f5e13bdd1  addrs=['10.77.0.1:52603']
2026-09-28 22:40:46,790 [INFO] Iroh node started: b15164727deddfa5  addrs=['10.77.0.1:37173']
2026-09-28 22:40:48,910 [INFO] send 100000B via direct in 2114ms (0.38 Mbit/s) to b15164727deddfa5
2026-09-28 22:40:48,911 [INFO] recv 100000B via direct in 846ms
2026-09-28 22:40:49,951 [INFO] send 100000B via direct in 1035ms (0.77 Mbit/s) to b15164727deddfa5
2026-09-28 22:40:49,957 [INFO] recv 100000B via direct in 826ms
2026-09-28 22:40:50,517 [INFO] send 100000B via direct in 553ms (1.45 Mbit/s) to b15164727deddfa5
2026-09-28 22:40:50,523 [INFO] recv 100000B via direct in 338ms
2026-09-28 22:40:51,565 [INFO] send 100000B via direct in 1035ms (0.77 Mbit/s) to b15164727deddfa5
2026-09-28 22:40:51,575 [INFO] recv 100000B via direct in 836ms
2026-09-28 22:40:52,818 [INFO] send 100000B via direct in 1238ms (0.65 Mbit/s) to b15164727deddfa5
2026-09-28 22:40:52,820 [INFO] recv 100000B via direct in 1024ms
2026-09-28 22:40:53,815 [INFO] send 100000B via direct in 993ms (0.81 Mbit/s) to b15164727deddfa5
2026-09-28 22:40:53,817 [INFO] recv 100000B via direct in 781ms
2026-09-28 22:40:55,115 [INFO] send 100000B via direct in 1292ms (0.62 Mbit/s) to b15164727deddfa5
2026-09-28 22:40:55,119 [INFO] recv 100000B via direct in 1085ms
2026-09-28 22:40:56,937 [INFO] send 100000B via direct in 1245ms (0.64 Mbit/s) to b15164727deddfa5
2026-09-28 22:40:56,942 [INFO] recv 100000B via direct in 347ms
2026-09-28 22:40:58,095 [INFO] send 100000B via direct in 1146ms (0.70 Mbit/s) to b15164727deddfa5
2026-09-28 22:40:58,100 [INFO] recv 100000B via direct in 1047ms
2026-09-28 22:41:03,096 [INFO] send 1000000B via direct in 4987ms (1.60 Mbit/s) to b15164727deddfa5
2026-09-28 22:41:03,102 [INFO] recv 100000B via direct in 929ms
2026-09-28 22:41:09,645 [INFO] send 1000000B via direct in 6534ms (1.22 Mbit/s) to b15164727deddfa5
2026-09-28 22:41:09,647 [INFO] recv 1000000B via direct in 4693ms
2026-09-28 22:41:14,677 [INFO] send 1000000B via direct in 3713ms (2.15 Mbit/s) to b15164727deddfa5
2026-09-28 22:41:14,681 [INFO] recv 1000000B via direct in 6227ms
2026-09-28 22:41:20,901 [INFO] send 1000000B via direct in 6211ms (1.29 Mbit/s) to b15164727deddfa5
2026-09-28 22:41:20,906 [INFO] recv 1000000B via direct in 3379ms
2026-09-28 22:41:27,146 [INFO] send 1000000B via direct in 6230ms (1.28 Mbit/s) to b15164727deddfa5
2026-09-28 22:41:27,150 [INFO] recv 1000000B via direct in 5925ms
2026-09-28 22:41:33,978 [INFO] send 1000000B via direct in 6823ms (1.17 Mbit/s) to b15164727deddfa5
2026-09-28 22:41:33,982 [INFO] recv 1000000B via direct in 5916ms
2026-09-28 22:41:40,544 [INFO] send 1000000B via direct in 6555ms (1.22 Mbit/s) to b15164727deddfa5
2026-09-28 22:41:40,550 [INFO] recv 1000000B via direct in 6551ms
2026-09-28 22:41:48,716 [INFO] send 1000000B via direct in 6942ms (1.15 Mbit/s) to b15164727deddfa5
2026-09-28 22:41:48,721 [INFO] recv 1000000B via direct in 6286ms
2026-09-28 22:41:55,196 [INFO] send 1000000B via direct in 6469ms (1.24 Mbit/s) to b15164727deddfa5
2026-09-28 22:41:55,200 [INFO] recv 1000000B via direct in 6625ms
2026-09-28 22:41:59,909 [INFO] send 1000000B via direct in 4702ms (1.70 Mbit/s) to b15164727deddfa5
2026-09-28 22:41:59,913 [INFO] recv 1000000B via direct in 6180ms
2026-09-28 22:42:49,244 [INFO] send 10000000B via direct in 48036ms (1.67 Mbit/s) to b15164727deddfa5
2026-09-28 22:42:49,247 [INFO] recv 1000000B via direct in 4427ms
2026-09-28 22:43:45,292 [INFO] send 10000000B via direct in 53555ms (1.49 Mbit/s) to b15164727deddfa5
2026-09-28 22:43:45,294 [INFO] recv 10000000B via direct in 46610ms
2026-09-28 22:44:37,726 [INFO] send 10000000B via direct in 48936ms (1.63 Mbit/s) to b15164727deddfa5
2026-09-28 22:44:37,732 [INFO] recv 10000000B via direct in 52209ms
2026-09-28 22:45:21,503 [INFO] send 10000000B via direct in 42359ms (1.89 Mbit/s) to b15164727deddfa5
2026-09-28 22:45:21,505 [INFO] recv 10000000B via direct in 47314ms
2026-09-28 22:46:12,347 [INFO] send 10000000B via direct in 49314ms (1.62 Mbit/s) to b15164727deddfa5
2026-09-28 22:46:12,348 [INFO] recv 10000000B via direct in 41038ms
2026-09-28 22:46:59,719 [INFO] send 10000000B via direct in 44433ms (1.80 Mbit/s) to b15164727deddfa5
2026-09-28 22:46:59,720 [INFO] recv 10000000B via direct in 48023ms
2026-09-28 22:47:49,968 [INFO] send 10000000B via direct in 48923ms (1.64 Mbit/s) to b15164727deddfa5
2026-09-28 22:47:49,971 [INFO] recv 10000000B via direct in 43044ms
2026-09-28 22:48:44,343 [INFO] send 10000000B via direct in 51681ms (1.55 Mbit/s) to b15164727deddfa5
2026-09-28 22:48:44,344 [INFO] recv 10000000B via direct in 47571ms
2026-09-28 22:49:45,222 [INFO] send 10000000B via direct in 58104ms (1.38 Mbit/s) to b15164727deddfa5
2026-09-28 22:49:45,224 [INFO] recv 10000000B via direct in 50332ms
2026-09-28 22:50:38,386 [INFO] send 10000000B via direct in 51804ms (1.54 Mbit/s) to b15164727deddfa5
2026-09-28 22:50:38,388 [INFO] recv 10000000B via direct in 56777ms
2026-09-28 22:51:42,784 [INFO] === E7 AirMLP + FedAvg — geographic ===
2026-09-28 22:51:46,838 [INFO] Air quality dataset loaded: 28514 train / 3561 test | 6 features | 3 classes
2026-09-28 22:51:46,844 [INFO] Geographic partition: 10 provinces  min=2305  max=2922  mean=2851
2026-09-28 22:51:47,000 [INFO] AirMLP class weights: [1.026976466178894, 1.0868686437606812, 0.904000997543335]
2026-09-28 22:51:48,001 [INFO] Iroh node started: 0f143609ec8a5622  addrs=['10.77.0.1:49766']
2026-09-28 22:51:52,225 [INFO] CoAP server [server] listening on 0.0.0.0:5783
2026-09-28 22:51:52,231 [INFO] FLServer server started (mock=False)
2026-09-28 22:51:53,688 [INFO] Iroh node started: 641a6765e33ce075  addrs=['10.77.0.1:32895']
2026-09-28 22:51:53,701 [INFO] CoAP server [client-0] listening on 0.0.0.0:5784
2026-09-28 22:51:53,703 [INFO] FLClient client-0 started (mock=False)
2026-09-28 22:51:53,704 [INFO] Registered client client-0  iroh=641a6765e33ce075
2026-09-28 22:51:54,356 [INFO] Iroh node started: edef7b55bc1f4e74  addrs=['10.77.0.1:53532']
2026-09-28 22:51:54,366 [INFO] CoAP server [client-1] listening on 0.0.0.0:5785
2026-09-28 22:51:54,367 [INFO] FLClient client-1 started (mock=False)
2026-09-28 22:51:54,368 [INFO] Registered client client-1  iroh=edef7b55bc1f4e74
2026-09-28 22:51:55,191 [INFO] Iroh node started: d2dde65b37523125  addrs=['10.77.0.1:52621']
2026-09-28 22:51:55,265 [INFO] CoAP server [client-2] listening on 0.0.0.0:5786
2026-09-28 22:51:55,270 [INFO] FLClient client-2 started (mock=False)
2026-09-28 22:51:55,274 [INFO] Registered client client-2  iroh=d2dde65b37523125
2026-09-28 22:51:56,188 [INFO] Iroh node started: 111f10a0b83045b4  addrs=['10.77.0.1:37682']
2026-09-28 22:51:56,225 [INFO] CoAP server [client-3] listening on 0.0.0.0:5787
2026-09-28 22:51:56,230 [INFO] FLClient client-3 started (mock=False)
2026-09-28 22:51:56,235 [INFO] Registered client client-3  iroh=111f10a0b83045b4
2026-09-28 22:51:57,210 [INFO] Iroh node started: 1239f44e3d31194f  addrs=['10.77.0.1:41888']
2026-09-28 22:51:57,240 [INFO] CoAP server [client-4] listening on 0.0.0.0:5788
2026-09-28 22:51:57,242 [INFO] FLClient client-4 started (mock=False)
2026-09-28 22:51:57,244 [INFO] Registered client client-4  iroh=1239f44e3d31194f
2026-09-28 22:51:58,020 [INFO] Iroh node started: 1f2eaf59a9a3dd68  addrs=['10.77.0.1:49720']
2026-09-28 22:51:58,050 [INFO] CoAP server [client-5] listening on 0.0.0.0:5789
2026-09-28 22:51:58,055 [INFO] FLClient client-5 started (mock=False)
2026-09-28 22:51:58,061 [INFO] Registered client client-5  iroh=1f2eaf59a9a3dd68
2026-09-28 22:51:58,764 [INFO] Iroh node started: 8489f32e11811402  addrs=['10.77.0.1:36019']
2026-09-28 22:51:58,825 [INFO] CoAP server [client-6] listening on 0.0.0.0:5790
2026-09-28 22:51:58,827 [INFO] FLClient client-6 started (mock=False)
2026-09-28 22:51:58,828 [INFO] Registered client client-6  iroh=8489f32e11811402
2026-09-28 22:51:59,533 [INFO] Iroh node started: 6d8d700700925b92  addrs=['10.77.0.1:53205']
2026-09-28 22:51:59,571 [INFO] CoAP server [client-7] listening on 0.0.0.0:5791
2026-09-28 22:51:59,577 [INFO] FLClient client-7 started (mock=False)
2026-09-28 22:51:59,581 [INFO] Registered client client-7  iroh=6d8d700700925b92
2026-09-28 22:52:00,366 [INFO] Iroh node started: a496f0313809aafb  addrs=['10.77.0.1:38480']
2026-09-28 22:52:00,378 [INFO] CoAP server [client-8] listening on 0.0.0.0:5792
2026-09-28 22:52:00,380 [INFO] FLClient client-8 started (mock=False)
2026-09-28 22:52:00,381 [INFO] Registered client client-8  iroh=a496f0313809aafb
2026-09-28 22:52:01,409 [INFO] Iroh node started: 2aa97639b6801571  addrs=['10.77.0.1:34829']
2026-09-28 22:52:01,450 [INFO] CoAP server [client-9] listening on 0.0.0.0:5793
2026-09-28 22:52:01,452 [INFO] FLClient client-9 started (mock=False)
2026-09-28 22:52:01,454 [INFO] Registered client client-9  iroh=2aa97639b6801571
2026-09-28 22:52:01,460 [INFO] Round 1 — sending model to 10 clients…
2026-09-28 22:52:01,462 [INFO] [client-0] Round 1 — receiving model…
2026-09-28 22:52:01,463 [INFO] [client-1] Round 1 — receiving model…
2026-09-28 22:52:01,465 [INFO] [client-2] Round 1 — receiving model…
2026-09-28 22:52:01,466 [INFO] [client-3] Round 1 — receiving model…
2026-09-28 22:52:01,468 [INFO] [client-4] Round 1 — receiving model…
2026-09-28 22:52:01,472 [INFO] [client-5] Round 1 — receiving model…
2026-09-28 22:52:01,477 [INFO] [client-6] Round 1 — receiving model…
2026-09-28 22:52:01,480 [INFO] [client-7] Round 1 — receiving model…
2026-09-28 22:52:01,482 [INFO] [client-8] Round 1 — receiving model…
2026-09-28 22:52:01,486 [INFO] [client-9] Round 1 — receiving model…
2026-09-28 22:52:02,138 [INFO] recv 13933B via direct in 123ms
2026-09-28 22:52:02,174 [INFO] [client-2] Round 1 — training locally…
2026-09-28 22:54:32,615 [INFO] [client-2] Round 1 — sending update…
2026-09-28 22:54:32,619 [WARNING] peer did not acknowledge stream within 120s
2026-09-28 22:54:32,620 [WARNING] peer did not acknowledge stream within 120s
2026-09-28 22:54:32,621 [WARNING] peer did not acknowledge stream within 120s
2026-09-28 22:54:32,622 [WARNING] peer did not acknowledge stream within 120s
2026-09-28 22:54:32,623 [WARNING] peer did not acknowledge stream within 120s
2026-09-28 22:54:32,624 [WARNING] peer did not acknowledge stream within 120s
2026-09-28 22:54:32,625 [WARNING] _send_bytes connect attempt 1/3 failed (TimeoutError: ) — retrying in 5s
2026-09-28 22:54:32,626 [WARNING] _send_bytes connect attempt 1/3 failed (TimeoutError: ) — retrying in 5s
2026-09-28 22:54:32,627 [WARNING] _send_bytes connect attempt 1/3 failed (TimeoutError: ) — retrying in 5s
2026-09-28 22:54:32,628 [WARNING] _send_bytes connect attempt 1/3 failed (TimeoutError: ) — retrying in 5s
2026-09-28 22:54:32,633 [INFO] send 13933B via direct in 145997ms (0.00 Mbit/s) to 6d8d700700925b92
2026-09-28 22:54:32,635 [INFO] send 13933B via direct in 145996ms (0.00 Mbit/s) to 1f2eaf59a9a3dd68
2026-09-28 22:54:32,637 [INFO] send 13933B via direct in 146004ms (0.00 Mbit/s) to d2dde65b37523125
2026-09-28 22:54:32,638 [INFO] send 13933B via direct in 145997ms (0.00 Mbit/s) to 1239f44e3d31194f
2026-09-28 22:54:32,640 [INFO] send 13933B via direct in 146004ms (0.00 Mbit/s) to edef7b55bc1f4e74
2026-09-28 22:54:32,641 [INFO] send 13933B via direct in 146003ms (0.00 Mbit/s) to 111f10a0b83045b4
2026-09-28 22:54:32,644 [INFO] recv 13933B via direct in 145774ms
2026-09-28 22:54:32,647 [INFO] [client-7] Round 1 — training locally…
2026-09-28 22:54:32,790 [INFO] [client-7] Round 1 — sending update…
2026-09-28 22:54:32,793 [INFO] recv 13933B via direct in 145767ms
2026-09-28 22:54:32,797 [INFO] [client-5] Round 1 — training locally…
2026-09-28 22:54:32,960 [INFO] [client-5] Round 1 — sending update…
2026-09-28 22:54:32,965 [INFO] recv 13933B via direct in 145738ms
2026-09-28 22:54:32,968 [INFO] [client-4] Round 1 — training locally…
2026-09-28 22:54:33,161 [INFO] [client-4] Round 1 — sending update…
2026-09-28 22:54:33,164 [INFO] recv 13933B via direct in 145776ms
2026-09-28 22:54:33,169 [INFO] [client-1] Round 1 — training locally…
2026-09-28 22:54:33,359 [INFO] [client-1] Round 1 — sending update…
2026-09-28 22:54:33,364 [INFO] recv 13933B via direct in 145755ms
2026-09-28 22:54:33,367 [INFO] [client-3] Round 1 — training locally…
2026-09-28 22:54:33,532 [INFO] [client-3] Round 1 — sending update…
2026-09-28 22:54:33,538 [WARNING] iroh accept/read error [b'fl-model/1']: IrohError: 
2026-09-28 22:54:33,719 [WARNING] iroh accept/read error [b'fl-model/1']: IrohError: 
2026-09-28 22:54:33,721 [WARNING] iroh accept/read error [b'fl-model/1']: IrohError: 
2026-09-28 22:54:33,723 [WARNING] iroh accept/read error [b'fl-model/1']: IrohError: 
2026-09-28 22:54:33,923 [INFO] send 13933B via direct in 1305ms (0.09 Mbit/s) to 0f143609ec8a5622
2026-09-28 22:54:34,089 [INFO] [client-2] Round 1 done — loss=1.0416 acc=0.4516  147.7s
2026-09-28 22:54:34,091 [INFO] [client-2] Round 2 — receiving model…
2026-09-28 22:54:34,095 [INFO] send 13933B via direct in 558ms (0.20 Mbit/s) to 0f143609ec8a5622
2026-09-28 22:54:34,146 [INFO] [client-3] Round 1 done — loss=1.0586 acc=0.4499  147.8s
2026-09-28 22:54:34,148 [INFO] [client-3] Round 2 — receiving model…
2026-09-28 22:54:34,149 [INFO] send 13933B via direct in 1129ms (0.10 Mbit/s) to 0f143609ec8a5622
2026-09-28 22:54:34,168 [INFO] [client-5] Round 1 done — loss=1.0613 acc=0.4492  147.8s
2026-09-28 22:54:34,169 [INFO] [client-5] Round 2 — receiving model…
2026-09-28 22:54:34,170 [INFO] send 13933B via direct in 930ms (0.12 Mbit/s) to 0f143609ec8a5622
2026-09-28 22:54:34,190 [INFO] [client-4] Round 1 done — loss=1.0308 acc=0.4900  147.9s
2026-09-28 22:54:34,192 [INFO] [client-4] Round 2 — receiving model…
2026-09-28 22:54:34,193 [INFO] send 13933B via direct in 1301ms (0.09 Mbit/s) to 0f143609ec8a5622
2026-09-28 22:54:34,222 [INFO] [client-7] Round 1 done — loss=1.0542 acc=0.4265  147.9s
2026-09-28 22:54:34,223 [INFO] [client-7] Round 2 — receiving model…
2026-09-28 22:54:34,224 [INFO] send 13933B via direct in 731ms (0.15 Mbit/s) to 0f143609ec8a5622
2026-09-28 22:54:34,243 [INFO] [client-1] Round 1 done — loss=1.0801 acc=0.3867  147.9s
2026-09-28 22:54:34,244 [INFO] [client-1] Round 2 — receiving model…
2026-09-28 22:54:39,100 [INFO] recv 13933B via direct in 179ms
2026-09-28 22:54:39,103 [INFO] [client-0] Round 1 — training locally…
2026-09-28 22:54:39,240 [INFO] [client-0] Round 1 — sending update…
2026-09-28 22:54:39,247 [INFO] send 13933B via direct in 151550ms (0.00 Mbit/s) to 8489f32e11811402
2026-09-28 22:54:39,249 [INFO] recv 13933B via direct in 269ms
2026-09-28 22:54:39,252 [INFO] [client-8] Round 1 — training locally…
2026-09-28 22:54:39,415 [INFO] [client-8] Round 1 — sending update…
2026-09-28 22:54:39,419 [INFO] recv 13933B via direct in 199ms
2026-09-28 22:54:39,425 [INFO] [client-6] Round 1 — training locally…
2026-09-28 22:54:39,605 [INFO] [client-6] Round 1 — sending update…
2026-09-28 22:54:39,608 [INFO] recv 13933B via direct in 268ms
2026-09-28 22:54:39,612 [INFO] [client-9] Round 1 — training locally…
2026-09-28 22:54:39,766 [INFO] [client-9] Round 1 — sending update…
2026-09-28 22:54:39,777 [INFO] send 13933B via direct in 152077ms (0.00 Mbit/s) to a496f0313809aafb
2026-09-28 22:54:39,779 [INFO] send 13933B via direct in 152077ms (0.00 Mbit/s) to 2aa97639b6801571
2026-09-28 22:54:39,780 [ERROR] send_tensors → client-0 FAILED: ConnectionError: stream not acknowledged: IrohError: 
2026-09-28 22:54:39,781 [INFO] Round 1 — waiting for 9 updates…
2026-09-28 22:54:39,782 [INFO] recv 13933B via direct in 153ms
2026-09-28 22:54:39,785 [INFO] recv 13933B via direct in 155ms
2026-09-28 22:54:39,787 [INFO] recv 13933B via direct in 146ms
2026-09-28 22:54:39,790 [INFO] recv 13933B via direct in 158ms
2026-09-28 22:54:39,793 [INFO] recv 13933B via direct in 166ms
2026-09-28 22:54:39,795 [INFO] recv 13933B via direct in 177ms
2026-09-28 22:54:39,934 [INFO] recv 13933B via direct in 160ms
2026-09-28 22:54:39,977 [INFO] send 13933B via direct in 369ms (0.30 Mbit/s) to 0f143609ec8a5622
2026-09-28 22:54:40,000 [INFO] [client-6] Round 1 done — loss=1.0453 acc=0.4625  152.6s
2026-09-28 22:54:40,001 [INFO] [client-6] Round 2 — receiving model…
2026-09-28 22:54:40,011 [INFO] recv 13933B via direct in 95ms
2026-09-28 22:54:40,015 [INFO] recv 13933B via direct in 244ms
2026-09-28 22:54:40,017 [WARNING] Round 1 — discarding update from unselected/duplicate peer 641a6765e33ce075
2026-09-28 22:54:40,030 [INFO] recv 13933B via direct in 260ms
2026-09-28 22:54:40,158 [INFO] Round 1/20  acc=0.2645  loss=1.1274  152.8s  clients=9
2026-09-28 22:54:40,160 [INFO] Round 2 — sending model to 10 clients…
2026-09-28 22:54:40,184 [INFO] send 13933B via direct in 939ms (0.12 Mbit/s) to 0f143609ec8a5622
2026-09-28 22:54:40,214 [INFO] [client-0] Round 1 done — loss=1.0647 acc=0.4553  152.8s
2026-09-28 22:54:40,215 [INFO] [client-0] Round 2 — receiving model…
2026-09-28 22:54:40,217 [INFO] send 13933B via direct in 414ms (0.27 Mbit/s) to 0f143609ec8a5622
2026-09-28 22:54:40,377 [INFO] [client-9] Round 1 done — loss=1.0528 acc=0.4726  153.0s
2026-09-28 22:54:40,394 [INFO] [client-9] Round 2 — receiving model…
2026-09-28 22:54:40,404 [INFO] send 13933B via direct in 765ms (0.15 Mbit/s) to 0f143609ec8a5622
2026-09-28 22:54:40,437 [INFO] [client-8] Round 1 done — loss=0.8070 acc=0.6889  153.0s
2026-09-28 22:54:40,438 [INFO] [client-8] Round 2 — receiving model…
2026-09-28 22:54:40,580 [INFO] recv 13933B via direct in 136ms
2026-09-28 22:54:40,589 [INFO] [client-6] Round 2 — training locally…
2026-09-28 22:54:40,968 [INFO] [client-6] Round 2 — sending update…
2026-09-28 22:54:40,981 [INFO] send 13933B via direct in 797ms (0.14 Mbit/s) to 8489f32e11811402
2026-09-28 22:54:40,983 [INFO] send 13933B via direct in 811ms (0.14 Mbit/s) to a496f0313809aafb
2026-09-28 22:54:40,984 [INFO] send 13933B via direct in 802ms (0.14 Mbit/s) to 6d8d700700925b92
2026-09-28 22:54:40,986 [INFO] send 13933B via direct in 806ms (0.14 Mbit/s) to 2aa97639b6801571
2026-09-28 22:54:40,987 [INFO] send 13933B via direct in 793ms (0.14 Mbit/s) to d2dde65b37523125
2026-09-28 22:54:40,989 [INFO] send 13933B via direct in 805ms (0.14 Mbit/s) to 641a6765e33ce075
2026-09-28 22:54:40,991 [INFO] send 13933B via direct in 803ms (0.14 Mbit/s) to edef7b55bc1f4e74
2026-09-28 22:54:40,992 [INFO] send 13933B via direct in 796ms (0.14 Mbit/s) to 1f2eaf59a9a3dd68
2026-09-28 22:54:40,994 [INFO] send 13933B via direct in 803ms (0.14 Mbit/s) to 1239f44e3d31194f
2026-09-28 22:54:40,995 [INFO] send 13933B via direct in 799ms (0.14 Mbit/s) to 111f10a0b83045b4
2026-09-28 22:54:40,998 [INFO] recv 13933B via direct in 535ms
2026-09-28 22:54:41,001 [INFO] [client-4] Round 2 — training locally…
2026-09-28 22:54:41,133 [INFO] [client-4] Round 2 — sending update…
2026-09-28 22:54:41,136 [INFO] recv 13933B via direct in 536ms
2026-09-28 22:54:41,142 [INFO] [client-8] Round 2 — training locally…
2026-09-28 22:54:41,276 [INFO] [client-8] Round 2 — sending update…
2026-09-28 22:54:41,278 [INFO] recv 13933B via direct in 536ms
2026-09-28 22:54:41,281 [INFO] [client-7] Round 2 — training locally…
2026-09-28 22:54:41,426 [INFO] [client-7] Round 2 — sending update…
2026-09-28 22:54:41,430 [INFO] recv 13933B via direct in 536ms
2026-09-28 22:54:41,433 [INFO] [client-3] Round 2 — training locally…
2026-09-28 22:54:41,622 [INFO] [client-3] Round 2 — sending update…
2026-09-28 22:54:41,624 [INFO] recv 13933B via direct in 537ms
2026-09-28 22:54:41,628 [INFO] [client-9] Round 2 — training locally…
2026-09-28 22:54:41,878 [INFO] [client-9] Round 2 — sending update…
2026-09-28 22:54:41,881 [INFO] recv 13933B via direct in 537ms
2026-09-28 22:54:41,884 [INFO] [client-1] Round 2 — training locally…
2026-09-28 22:54:42,222 [INFO] [client-1] Round 2 — sending update…
2026-09-28 22:54:42,226 [INFO] recv 13933B via direct in 537ms
2026-09-28 22:54:42,228 [INFO] [client-5] Round 2 — training locally…
2026-09-28 22:54:42,411 [INFO] [client-5] Round 2 — sending update…
2026-09-28 22:54:42,414 [INFO] recv 13933B via direct in 538ms
2026-09-28 22:54:42,421 [INFO] [client-0] Round 2 — training locally…
2026-09-28 22:54:42,568 [INFO] [client-0] Round 2 — sending update…
2026-09-28 22:54:42,570 [INFO] recv 13933B via direct in 538ms
2026-09-28 22:54:42,575 [INFO] [client-2] Round 2 — training locally…
2026-09-28 22:54:42,699 [INFO] [client-2] Round 2 — sending update…
2026-09-28 22:54:42,703 [INFO] Round 2 — waiting for 10 updates…
2026-09-28 22:54:42,896 [INFO] recv 13933B via direct in 187ms
2026-09-28 22:54:42,943 [INFO] recv 13933B via direct in 215ms
2026-09-28 22:54:42,949 [INFO] recv 13933B via direct in 217ms
2026-09-28 22:54:42,955 [INFO] recv 13933B via direct in 218ms
2026-09-28 22:54:42,961 [INFO] recv 13933B via direct in 223ms
2026-09-28 22:54:42,964 [INFO] recv 13933B via direct in 228ms
2026-09-28 22:54:42,967 [INFO] recv 13933B via direct in 147ms
2026-09-28 22:54:42,975 [INFO] recv 13933B via direct in 220ms
2026-09-28 22:54:42,981 [INFO] recv 13933B via direct in 233ms
2026-09-28 22:54:42,986 [INFO] send 13933B via direct in 1319ms (0.08 Mbit/s) to 0f143609ec8a5622
2026-09-28 22:54:43,014 [INFO] [client-3] Round 2 done — loss=1.0617 acc=0.4255  7.8s
2026-09-28 22:54:43,015 [INFO] [client-3] Round 3 — receiving model…
2026-09-28 22:54:43,275 [ERROR] [client-8] round 2 error: stream not acknowledged: IrohError: 
2026-09-28 22:54:43,277 [INFO] [client-8] Round 3 — receiving model…
2026-09-28 22:54:43,338 [INFO] send 13933B via direct in 604ms (0.19 Mbit/s) to 0f143609ec8a5622
2026-09-28 22:54:43,381 [INFO] [client-5] Round 2 done — loss=1.0209 acc=0.5034  8.1s
2026-09-28 22:54:43,382 [INFO] [client-5] Round 3 — receiving model…
2026-09-28 22:54:43,383 [INFO] send 13933B via direct in 1137ms (0.10 Mbit/s) to 0f143609ec8a5622
2026-09-28 22:54:43,413 [INFO] [client-9] Round 2 done — loss=1.0243 acc=0.5095  3.0s
2026-09-28 22:54:43,414 [INFO] [client-9] Round 3 — receiving model…
2026-09-28 22:54:43,416 [INFO] send 13933B via direct in 810ms (0.14 Mbit/s) to 0f143609ec8a5622
2026-09-28 22:54:43,442 [INFO] [client-1] Round 2 done — loss=1.0650 acc=0.4028  8.1s
2026-09-28 22:54:43,443 [INFO] [client-1] Round 3 — receiving model…
2026-09-28 22:54:43,444 [INFO] send 13933B via direct in 2065ms (0.05 Mbit/s) to 0f143609ec8a5622
2026-09-28 22:54:43,474 [INFO] [client-6] Round 2 done — loss=1.0280 acc=0.4736  3.5s
2026-09-28 22:54:43,475 [INFO] [client-6] Round 3 — receiving model…
2026-09-28 22:54:43,476 [INFO] send 13933B via direct in 527ms (0.21 Mbit/s) to 0f143609ec8a5622
2026-09-28 22:54:43,572 [INFO] [client-0] Round 2 done — loss=1.0576 acc=0.4427  3.4s
2026-09-28 22:54:43,573 [INFO] [client-0] Round 3 — receiving model…
2026-09-28 22:54:43,575 [INFO] send 13933B via direct in 1728ms (0.06 Mbit/s) to 0f143609ec8a5622
2026-09-28 22:54:43,604 [INFO] [client-7] Round 2 done — loss=1.0354 acc=0.4409  8.3s
2026-09-28 22:54:43,605 [INFO] [client-7] Round 3 — receiving model…
2026-09-28 22:54:43,606 [ERROR] [client-4] round 2 error: stream not acknowledged: IrohError: 
2026-09-28 22:54:43,607 [INFO] [client-4] Round 3 — receiving model…
2026-09-28 22:54:43,609 [INFO] send 13933B via direct in 906ms (0.12 Mbit/s) to 0f143609ec8a5622
2026-09-28 22:54:43,629 [INFO] [client-2] Round 2 done — loss=1.0206 acc=0.4615  8.5s
2026-09-28 22:54:43,630 [INFO] [client-2] Round 3 — receiving model…
2026-09-28 22:54:43,631 [INFO] recv 13933B via direct in 687ms
2026-09-28 22:54:43,667 [INFO] Round 2/20  acc=0.4094  loss=1.0822  3.5s  clients=10
2026-09-28 22:54:43,699 [INFO] Round 3 — sending model to 10 clients…
2026-09-28 22:54:44,145 [INFO] recv 13933B via direct in 125ms
2026-09-28 22:54:44,148 [INFO] [client-4] Round 3 — training locally…
2026-09-28 22:54:44,293 [INFO] [client-4] Round 3 — sending update…
2026-09-28 22:54:44,321 [INFO] recv 13933B via direct in 130ms
2026-09-28 22:54:44,857 [INFO] [client-9] Round 3 — training locally…
2026-09-28 22:54:45,007 [INFO] [client-9] Round 3 — sending update…
2026-09-28 22:54:45,157 [INFO] recv 13933B via direct in 130ms
2026-09-28 22:54:45,174 [INFO] [client-7] Round 3 — training locally…
2026-09-28 22:54:45,353 [INFO] [client-7] Round 3 — sending update…
2026-09-28 22:54:45,383 [INFO] recv 13933B via direct in 132ms
2026-09-28 22:54:45,386 [INFO] [client-6] Round 3 — training locally…
2026-09-28 22:54:45,515 [INFO] [client-6] Round 3 — sending update…
2026-09-28 22:54:45,518 [INFO] recv 13933B via direct in 132ms
2026-09-28 22:54:45,522 [INFO] [client-0] Round 3 — training locally…
2026-09-28 22:54:45,607 [INFO] [client-0] Round 3 — sending update…
2026-09-28 22:54:45,612 [INFO] recv 13933B via direct in 340ms
2026-09-28 22:54:45,614 [INFO] [client-8] Round 3 — training locally…
2026-09-28 22:54:45,734 [INFO] [client-8] Round 3 — sending update…
2026-09-28 22:54:45,738 [INFO] send 13933B via direct in 1676ms (0.07 Mbit/s) to 1239f44e3d31194f
2026-09-28 22:54:45,740 [INFO] send 13933B via direct in 1679ms (0.07 Mbit/s) to 8489f32e11811402
2026-09-28 22:54:45,741 [INFO] send 13933B via direct in 1675ms (0.07 Mbit/s) to a496f0313809aafb
2026-09-28 22:54:45,742 [INFO] send 13933B via direct in 1679ms (0.07 Mbit/s) to 2aa97639b6801571
2026-09-28 22:54:45,744 [INFO] send 13933B via direct in 1678ms (0.07 Mbit/s) to 6d8d700700925b92
2026-09-28 22:54:45,745 [INFO] send 13933B via direct in 1673ms (0.07 Mbit/s) to 641a6765e33ce075
2026-09-28 22:54:45,747 [INFO] send 13933B via direct in 1673ms (0.07 Mbit/s) to d2dde65b37523125
2026-09-28 22:54:45,749 [INFO] send 13933B via direct in 1674ms (0.07 Mbit/s) to 1f2eaf59a9a3dd68
2026-09-28 22:54:45,751 [INFO] send 13933B via direct in 1675ms (0.07 Mbit/s) to 111f10a0b83045b4
2026-09-28 22:54:45,757 [INFO] send 13933B via direct in 1901ms (0.06 Mbit/s) to edef7b55bc1f4e74
2026-09-28 22:54:45,760 [INFO] recv 13933B via direct in 1597ms
2026-09-28 22:54:45,763 [INFO] [client-2] Round 3 — training locally…
2026-09-28 22:54:45,874 [INFO] [client-2] Round 3 — sending update…
2026-09-28 22:54:45,878 [INFO] recv 13933B via direct in 1597ms
2026-09-28 22:54:45,881 [INFO] [client-5] Round 3 — training locally…
2026-09-28 22:54:46,013 [INFO] [client-5] Round 3 — sending update…
2026-09-28 22:54:46,016 [INFO] recv 13933B via direct in 1597ms
2026-09-28 22:54:46,020 [INFO] [client-3] Round 3 — training locally…
2026-09-28 22:54:46,143 [INFO] [client-3] Round 3 — sending update…
2026-09-28 22:54:46,146 [INFO] recv 13933B via direct in 1598ms
2026-09-28 22:54:46,150 [INFO] [client-1] Round 3 — training locally…
2026-09-28 22:54:46,281 [INFO] [client-1] Round 3 — sending update…
2026-09-28 22:54:46,287 [INFO] Round 3 — waiting for 10 updates…
2026-09-28 22:54:46,315 [INFO] send 13933B via direct in 2002ms (0.06 Mbit/s) to 0f143609ec8a5622
2026-09-28 22:54:46,343 [INFO] [client-4] Round 3 done — loss=1.0296 acc=0.4780  2.7s
2026-09-28 22:54:46,344 [INFO] [client-4] Round 4 — receiving model…
2026-09-28 22:54:46,346 [INFO] send 13933B via direct in 1146ms (0.10 Mbit/s) to 0f143609ec8a5622
2026-09-28 22:54:46,385 [INFO] [client-9] Round 3 done — loss=1.0141 acc=0.5267  3.0s
2026-09-28 22:54:46,386 [INFO] [client-9] Round 4 — receiving model…
2026-09-28 22:54:46,391 [INFO] recv 13933B via direct in 777ms
2026-09-28 22:54:46,393 [INFO] recv 13933B via direct in 777ms
2026-09-28 22:54:46,397 [INFO] recv 13933B via direct in 634ms
2026-09-28 22:54:46,420 [INFO] send 13933B via direct in 1039ms (0.11 Mbit/s) to 0f143609ec8a5622
2026-09-28 22:54:46,448 [INFO] [client-7] Round 3 done — loss=1.0362 acc=0.4468  2.8s
2026-09-28 22:54:46,448 [INFO] [client-7] Round 4 — receiving model…
2026-09-28 22:54:46,452 [INFO] recv 13933B via direct in 152ms
2026-09-28 22:54:46,456 [INFO] recv 13933B via direct in 573ms
2026-09-28 22:54:46,458 [INFO] recv 13933B via direct in 152ms
2026-09-28 22:54:46,462 [INFO] recv 13933B via direct in 162ms
2026-09-28 22:54:46,472 [INFO] recv 13933B via direct in 170ms
2026-09-28 22:54:46,476 [INFO] recv 13933B via direct in 165ms
2026-09-28 22:54:46,485 [INFO] send 13933B via direct in 747ms (0.15 Mbit/s) to 0f143609ec8a5622
2026-09-28 22:54:46,512 [INFO] [client-8] Round 3 done — loss=0.7659 acc=0.7191  3.2s
2026-09-28 22:54:46,513 [INFO] [client-8] Round 4 — receiving model…
2026-09-28 22:54:46,515 [INFO] send 13933B via direct in 997ms (0.11 Mbit/s) to 0f143609ec8a5622
2026-09-28 22:54:46,538 [INFO] [client-6] Round 3 done — loss=1.0247 acc=0.4833  3.1s
2026-09-28 22:54:46,539 [INFO] [client-6] Round 4 — receiving model…
2026-09-28 22:54:46,541 [INFO] send 13933B via direct in 906ms (0.12 Mbit/s) to 0f143609ec8a5622
2026-09-28 22:54:46,577 [INFO] [client-0] Round 3 done — loss=1.0569 acc=0.4527  3.0s
2026-09-28 22:54:46,578 [INFO] [client-0] Round 4 — receiving model…
2026-09-28 22:54:46,579 [INFO] send 13933B via direct in 638ms (0.18 Mbit/s) to 0f143609ec8a5622
2026-09-28 22:54:46,607 [INFO] [client-2] Round 3 done — loss=0.9828 acc=0.5000  3.0s
2026-09-28 22:54:46,608 [INFO] [client-2] Round 4 — receiving model…
2026-09-28 22:54:46,609 [ERROR] [client-5] round 3 error: stream not acknowledged: IrohError: 
2026-09-28 22:54:46,610 [INFO] [client-5] Round 4 — receiving model…
2026-09-28 22:54:46,612 [INFO] send 13933B via direct in 464ms (0.24 Mbit/s) to 0f143609ec8a5622
2026-09-28 22:54:46,644 [INFO] [client-3] Round 3 done — loss=1.0527 acc=0.4361  3.6s
2026-09-28 22:54:46,646 [INFO] [client-3] Round 4 — receiving model…
2026-09-28 22:54:46,647 [INFO] send 13933B via direct in 326ms (0.34 Mbit/s) to 0f143609ec8a5622
2026-09-28 22:54:46,669 [INFO] [client-1] Round 3 done — loss=1.0641 acc=0.4275  3.2s
2026-09-28 22:54:46,670 [INFO] [client-1] Round 4 — receiving model…
2026-09-28 22:54:46,671 [INFO] recv 13933B via direct in 197ms
2026-09-28 22:54:46,718 [INFO] Round 3/20  acc=0.4437  loss=1.0709  3.0s  clients=10
2026-09-28 22:54:46,719 [INFO] Round 4 — sending model to 10 clients…
2026-09-28 22:54:47,013 [INFO] recv 13933B via direct in 49ms
2026-09-28 22:54:47,017 [INFO] [client-4] Round 4 — training locally…
2026-09-28 22:54:47,269 [INFO] [client-4] Round 4 — sending update…
2026-09-28 22:54:47,287 [INFO] send 13933B via direct in 543ms (0.21 Mbit/s) to 1239f44e3d31194f
2026-09-28 22:54:47,289 [INFO] send 13933B via direct in 550ms (0.20 Mbit/s) to 641a6765e33ce075
2026-09-28 22:54:47,291 [INFO] send 13933B via direct in 541ms (0.21 Mbit/s) to 111f10a0b83045b4
2026-09-28 22:54:47,294 [INFO] send 13933B via direct in 548ms (0.20 Mbit/s) to 1f2eaf59a9a3dd68
2026-09-28 22:54:47,358 [INFO] send 13933B via direct in 549ms (0.20 Mbit/s) to a496f0313809aafb
2026-09-28 22:54:47,363 [INFO] send 13933B via direct in 546ms (0.20 Mbit/s) to 6d8d700700925b92
2026-09-28 22:54:47,367 [INFO] send 13933B via direct in 550ms (0.20 Mbit/s) to d2dde65b37523125
2026-09-28 22:54:47,373 [INFO] send 13933B via direct in 544ms (0.21 Mbit/s) to 2aa97639b6801571
2026-09-28 22:54:47,374 [INFO] recv 13933B via direct in 318ms
2026-09-28 22:54:47,384 [INFO] [client-7] Round 4 — training locally…
2026-09-28 22:54:47,583 [INFO] [client-7] Round 4 — sending update…
2026-09-28 22:54:47,586 [INFO] recv 13933B via direct in 378ms
2026-09-28 22:54:47,589 [INFO] [client-8] Round 4 — training locally…
2026-09-28 22:54:47,715 [INFO] [client-8] Round 4 — sending update…
2026-09-28 22:54:47,718 [INFO] recv 13933B via direct in 378ms
2026-09-28 22:54:47,721 [INFO] [client-1] Round 4 — training locally…
2026-09-28 22:54:47,841 [INFO] [client-1] Round 4 — sending update…
2026-09-28 22:54:47,843 [INFO] recv 13933B via direct in 322ms
2026-09-28 22:54:47,846 [INFO] [client-0] Round 4 — training locally…
2026-09-28 22:54:47,949 [INFO] [client-0] Round 4 — sending update…
2026-09-28 22:54:47,953 [INFO] recv 13933B via direct in 379ms
2026-09-28 22:54:47,955 [INFO] [client-5] Round 4 — training locally…
2026-09-28 22:54:48,092 [INFO] [client-5] Round 4 — sending update…
2026-09-28 22:54:48,096 [INFO] recv 13933B via direct in 316ms
2026-09-28 22:54:48,101 [INFO] [client-3] Round 4 — training locally…
2026-09-28 22:54:48,222 [INFO] [client-3] Round 4 — sending update…
2026-09-28 22:54:48,229 [INFO] recv 13933B via direct in 398ms
2026-09-28 22:54:48,232 [INFO] [client-2] Round 4 — training locally…
2026-09-28 22:54:48,380 [INFO] [client-2] Round 4 — sending update…
2026-09-28 22:54:48,383 [INFO] recv 13933B via direct in 400ms
2026-09-28 22:54:48,387 [INFO] [client-9] Round 4 — training locally…
2026-09-28 22:54:48,525 [INFO] [client-9] Round 4 — sending update…
2026-09-28 22:54:48,542 [INFO] send 13933B via direct in 1799ms (0.06 Mbit/s) to edef7b55bc1f4e74
2026-09-28 22:54:48,548 [INFO] send 13933B via direct in 1820ms (0.06 Mbit/s) to 8489f32e11811402
2026-09-28 22:54:48,550 [INFO] Round 4 — waiting for 10 updates…
2026-09-28 22:54:48,551 [INFO] recv 13933B via direct in 1642ms
2026-09-28 22:54:48,554 [INFO] [client-6] Round 4 — training locally…
2026-09-28 22:54:48,667 [INFO] [client-6] Round 4 — sending update…
2026-09-28 22:54:48,677 [INFO] recv 13933B via direct in 149ms
2026-09-28 22:54:48,682 [INFO] recv 13933B via direct in 154ms
2026-09-28 22:54:48,686 [INFO] recv 13933B via direct in 158ms
2026-09-28 22:54:48,756 [ERROR] [client-4] round 4 error: stream not acknowledged: IrohError: 
2026-09-28 22:54:48,760 [INFO] [client-4] Round 5 — receiving model…
2026-09-28 22:54:48,777 [INFO] send 13933B via direct in 1038ms (0.11 Mbit/s) to 0f143609ec8a5622
2026-09-28 22:54:48,857 [INFO] [client-8] Round 4 done — loss=0.7709 acc=0.7139  2.3s
2026-09-28 22:54:48,858 [INFO] [client-8] Round 5 — receiving model…
2026-09-28 22:54:48,859 [INFO] send 13933B via direct in 913ms (0.12 Mbit/s) to 0f143609ec8a5622
2026-09-28 22:54:48,886 [INFO] [client-1] Round 4 done — loss=1.0609 acc=0.4272  2.2s
2026-09-28 22:54:48,886 [INFO] [client-1] Round 5 — receiving model…
2026-09-28 22:54:48,887 [INFO] send 13933B via direct in 530ms (0.21 Mbit/s) to 0f143609ec8a5622
2026-09-28 22:54:49,005 [INFO] [client-3] Round 4 done — loss=1.0495 acc=0.4396  2.4s
2026-09-28 22:54:49,036 [INFO] [client-3] Round 5 — receiving model…
2026-09-28 22:54:49,038 [INFO] send 13933B via direct in 671ms (0.17 Mbit/s) to 0f143609ec8a5622
2026-09-28 22:54:49,085 [INFO] [client-5] Round 4 done — loss=0.9857 acc=0.5405  2.5s
2026-09-28 22:54:49,087 [INFO] [client-5] Round 5 — receiving model…
2026-09-28 22:54:49,089 [INFO] send 13933B via direct in 813ms (0.14 Mbit/s) to 0f143609ec8a5622
2026-09-28 22:54:49,133 [INFO] [client-0] Round 4 done — loss=1.0560 acc=0.4518  2.6s
2026-09-28 22:54:49,134 [INFO] [client-0] Round 5 — receiving model…
2026-09-28 22:54:49,137 [INFO] recv 13933B via direct in 241ms
2026-09-28 22:54:49,140 [INFO] recv 13933B via direct in 229ms
2026-09-28 22:54:49,143 [INFO] recv 13933B via direct in 230ms
2026-09-28 22:54:49,151 [INFO] send 13933B via direct in 1561ms (0.07 Mbit/s) to 0f143609ec8a5622
2026-09-28 22:54:49,180 [INFO] [client-7] Round 4 done — loss=1.0334 acc=0.4478  2.7s
2026-09-28 22:54:49,181 [INFO] [client-7] Round 5 — receiving model…
2026-09-28 22:54:49,181 [INFO] recv 13933B via direct in 619ms
2026-09-28 22:54:49,185 [INFO] send 13933B via direct in 764ms (0.15 Mbit/s) to 0f143609ec8a5622
2026-09-28 22:54:49,202 [INFO] [client-2] Round 4 done — loss=0.9842 acc=0.5021  2.6s
2026-09-28 22:54:49,203 [INFO] [client-2] Round 5 — receiving model…
2026-09-28 22:54:49,204 [INFO] send 13933B via direct in 621ms (0.18 Mbit/s) to 0f143609ec8a5622
2026-09-28 22:54:49,243 [INFO] [client-9] Round 4 done — loss=1.0125 acc=0.5211  2.9s
2026-09-28 22:54:49,244 [INFO] [client-9] Round 5 — receiving model…
2026-09-28 22:54:49,246 [INFO] recv 13933B via direct in 608ms
2026-09-28 22:54:49,249 [INFO] recv 13933B via direct in 469ms
2026-09-28 22:54:49,500 [INFO] recv 13933B via direct in 352ms
2026-09-28 22:54:49,543 [INFO] Round 4/20  acc=0.4502  loss=1.0660  2.8s  clients=10
2026-09-28 22:54:49,545 [INFO] Round 5 — sending model to 10 clients…
2026-09-28 22:54:49,565 [INFO] send 13933B via direct in 894ms (0.12 Mbit/s) to 0f143609ec8a5622
2026-09-28 22:54:49,613 [INFO] [client-6] Round 4 done — loss=1.0237 acc=0.4722  3.1s
2026-09-28 22:54:49,614 [INFO] [client-6] Round 5 — receiving model…
2026-09-28 22:54:49,801 [INFO] recv 13933B via direct in 100ms
2026-09-28 22:54:49,811 [INFO] [client-9] Round 5 — training locally…
2026-09-28 22:54:50,011 [INFO] [client-9] Round 5 — sending update…
2026-09-28 22:54:50,026 [INFO] send 13933B via direct in 463ms (0.24 Mbit/s) to 2aa97639b6801571
2026-09-28 22:54:50,028 [INFO] send 13933B via direct in 456ms (0.24 Mbit/s) to 1239f44e3d31194f
2026-09-28 22:54:50,029 [INFO] send 13933B via direct in 458ms (0.24 Mbit/s) to 1f2eaf59a9a3dd68
2026-09-28 22:54:50,030 [INFO] send 13933B via direct in 469ms (0.24 Mbit/s) to 6d8d700700925b92
2026-09-28 22:54:50,032 [INFO] send 13933B via direct in 463ms (0.24 Mbit/s) to d2dde65b37523125
2026-09-28 22:54:50,033 [INFO] send 13933B via direct in 460ms (0.24 Mbit/s) to edef7b55bc1f4e74
2026-09-28 22:54:50,034 [INFO] send 13933B via direct in 462ms (0.24 Mbit/s) to 8489f32e11811402
2026-09-28 22:54:50,036 [INFO] send 13933B via direct in 467ms (0.24 Mbit/s) to a496f0313809aafb
2026-09-28 22:54:50,039 [INFO] recv 13933B via direct in 323ms
2026-09-28 22:54:50,041 [INFO] [client-8] Round 5 — training locally…
2026-09-28 22:54:50,207 [INFO] [client-8] Round 5 — sending update…
2026-09-28 22:54:50,211 [INFO] recv 13933B via direct in 294ms
2026-09-28 22:54:50,216 [INFO] [client-1] Round 5 — training locally…
2026-09-28 22:54:50,349 [INFO] [client-1] Round 5 — sending update…
2026-09-28 22:54:50,352 [INFO] recv 13933B via direct in 301ms
2026-09-28 22:54:50,356 [INFO] [client-6] Round 5 — training locally…
2026-09-28 22:54:50,490 [INFO] [client-6] Round 5 — sending update…
2026-09-28 22:54:50,493 [INFO] recv 13933B via direct in 312ms
2026-09-28 22:54:50,496 [INFO] [client-7] Round 5 — training locally…
2026-09-28 22:54:50,636 [INFO] [client-7] Round 5 — sending update…
2026-09-28 22:54:50,638 [INFO] recv 13933B via direct in 313ms
2026-09-28 22:54:50,641 [INFO] [client-2] Round 5 — training locally…
2026-09-28 22:54:50,774 [INFO] [client-2] Round 5 — sending update…
2026-09-28 22:54:50,777 [INFO] recv 13933B via direct in 302ms
2026-09-28 22:54:50,779 [INFO] [client-4] Round 5 — training locally…
2026-09-28 22:54:50,925 [INFO] [client-4] Round 5 — sending update…
2026-09-28 22:54:50,928 [INFO] recv 13933B via direct in 309ms
2026-09-28 22:54:50,932 [INFO] [client-0] Round 5 — training locally…
2026-09-28 22:54:51,030 [INFO] [client-0] Round 5 — sending update…
2026-09-28 22:54:51,032 [INFO] recv 13933B via direct in 294ms
2026-09-28 22:54:51,035 [INFO] [client-5] Round 5 — training locally…
2026-09-28 22:54:51,182 [INFO] [client-5] Round 5 — sending update…
2026-09-28 22:54:51,203 [INFO] send 13933B via direct in 1634ms (0.07 Mbit/s) to 641a6765e33ce075
2026-09-28 22:54:51,204 [INFO] send 13933B via direct in 1640ms (0.07 Mbit/s) to 111f10a0b83045b4
2026-09-28 22:54:51,213 [INFO] Round 5 — waiting for 10 updates…
2026-09-28 22:54:51,215 [INFO] recv 13933B via direct in 1497ms
2026-09-28 22:54:51,218 [INFO] [client-3] Round 5 — training locally…
2026-09-28 22:54:51,372 [INFO] [client-3] Round 5 — sending update…
2026-09-28 22:54:51,379 [INFO] recv 13933B via direct in 189ms
2026-09-28 22:54:51,383 [INFO] recv 13933B via direct in 194ms
2026-09-28 22:54:51,388 [INFO] recv 13933B via direct in 198ms
2026-09-28 22:54:51,391 [INFO] recv 13933B via direct in 173ms
2026-09-28 22:54:51,393 [INFO] recv 13933B via direct in 198ms
2026-09-28 22:54:51,395 [INFO] recv 13933B via direct in 198ms
2026-09-28 22:54:51,397 [INFO] recv 13933B via direct in 206ms
2026-09-28 22:54:51,400 [INFO] recv 13933B via direct in 209ms
2026-09-28 22:54:51,427 [INFO] send 13933B via direct in 500ms (0.22 Mbit/s) to 0f143609ec8a5622
2026-09-28 22:54:51,496 [INFO] [client-4] Round 5 done — loss=1.0163 acc=0.4849  2.7s
2026-09-28 22:54:51,505 [INFO] [client-4] Round 6 — receiving model…
2026-09-28 22:54:51,509 [ERROR] [client-6] round 5 error: stream not acknowledged: IrohError: 
2026-09-28 22:54:51,510 [INFO] [client-6] Round 6 — receiving model…
2026-09-28 22:54:51,511 [ERROR] [client-0] round 5 error: stream not acknowledged: IrohError: 
2026-09-28 22:54:51,512 [INFO] [client-0] Round 6 — receiving model…
2026-09-28 22:54:51,513 [ERROR] [client-2] round 5 error: stream not acknowledged: IrohError: 
2026-09-28 22:54:51,514 [INFO] [client-2] Round 6 — receiving model…
2026-09-28 22:54:51,518 [INFO] send 13933B via direct in 1156ms (0.10 Mbit/s) to 0f143609ec8a5622
2026-09-28 22:54:51,545 [INFO] [client-1] Round 5 done — loss=1.0613 acc=0.4107  2.7s
2026-09-28 22:54:51,547 [INFO] [client-1] Round 6 — receiving model…
2026-09-28 22:54:51,548 [INFO] send 13933B via direct in 870ms (0.13 Mbit/s) to 0f143609ec8a5622
2026-09-28 22:54:51,585 [INFO] [client-7] Round 5 done — loss=1.0350 acc=0.4475  2.4s
2026-09-28 22:54:51,586 [INFO] [client-7] Round 6 — receiving model…
2026-09-28 22:54:51,587 [INFO] send 13933B via direct in 1491ms (0.07 Mbit/s) to 0f143609ec8a5622
2026-09-28 22:54:51,613 [INFO] [client-9] Round 5 done — loss=1.0118 acc=0.5253  2.4s
2026-09-28 22:54:51,614 [INFO] [client-9] Round 6 — receiving model…
2026-09-28 22:54:51,616 [INFO] send 13933B via direct in 1298ms (0.09 Mbit/s) to 0f143609ec8a5622
2026-09-28 22:54:51,662 [INFO] [client-8] Round 5 done — loss=0.7641 acc=0.7119  2.8s
2026-09-28 22:54:51,663 [INFO] [client-8] Round 6 — receiving model…
2026-09-28 22:54:51,666 [INFO] send 13933B via direct in 481ms (0.23 Mbit/s) to 0f143609ec8a5622
2026-09-28 22:54:51,709 [INFO] [client-5] Round 5 done — loss=0.9862 acc=0.5440  2.6s
2026-09-28 22:54:51,710 [INFO] [client-5] Round 6 — receiving model…
2026-09-28 22:54:51,712 [INFO] recv 13933B via direct in 280ms
2026-09-28 22:54:51,721 [INFO] recv 13933B via direct in 47ms
2026-09-28 22:54:51,755 [INFO] Round 5/20  acc=0.4650  loss=1.0601  2.2s  clients=10
2026-09-28 22:54:51,757 [INFO] Round 6 — sending model to 10 clients…
2026-09-28 22:54:51,791 [INFO] send 13933B via direct in 417ms (0.27 Mbit/s) to 0f143609ec8a5622
2026-09-28 22:54:51,845 [INFO] [client-3] Round 5 done — loss=1.0493 acc=0.4519  2.8s
2026-09-28 22:54:51,846 [INFO] [client-3] Round 6 — receiving model…
2026-09-28 22:54:52,128 [INFO] recv 13933B via direct in 84ms
2026-09-28 22:54:52,137 [INFO] [client-5] Round 6 — training locally…
2026-09-28 22:54:52,320 [INFO] [client-5] Round 6 — sending update…
2026-09-28 22:54:52,322 [INFO] recv 13933B via direct in 174ms
2026-09-28 22:54:52,326 [INFO] [client-3] Round 6 — training locally…
2026-09-28 22:54:52,477 [INFO] [client-3] Round 6 — sending update…
2026-09-28 22:54:52,481 [INFO] recv 13933B via direct in 99ms
2026-09-28 22:54:52,484 [INFO] [client-8] Round 6 — training locally…
2026-09-28 22:54:52,646 [INFO] [client-8] Round 6 — sending update…
2026-09-28 22:54:52,653 [INFO] recv 13933B via direct in 110ms
2026-09-28 22:54:52,657 [INFO] [client-0] Round 6 — training locally…
2026-09-28 22:54:52,757 [INFO] [client-0] Round 6 — sending update…
2026-09-28 22:54:52,794 [INFO] recv 13933B via direct in 189ms
2026-09-28 22:54:52,798 [INFO] [client-9] Round 6 — training locally…
2026-09-28 22:54:52,960 [INFO] [client-9] Round 6 — sending update…
2026-09-28 22:54:52,963 [INFO] recv 13933B via direct in 109ms
2026-09-28 22:54:52,966 [INFO] [client-2] Round 6 — training locally…
2026-09-28 22:54:53,223 [INFO] [client-2] Round 6 — sending update…
2026-09-28 22:54:53,230 [INFO] recv 13933B via direct in 643ms
2026-09-28 22:54:53,233 [INFO] [client-1] Round 6 — training locally…
2026-09-28 22:54:53,349 [INFO] [client-1] Round 6 — sending update…
2026-09-28 22:54:53,359 [INFO] recv 13933B via direct in 636ms
2026-09-28 22:54:53,363 [INFO] [client-4] Round 6 — training locally…
2026-09-28 22:54:53,493 [INFO] [client-4] Round 6 — sending update…
2026-09-28 22:54:53,496 [INFO] recv 13933B via direct in 637ms
2026-09-28 22:54:53,498 [INFO] [client-7] Round 6 — training locally…
2026-09-28 22:54:53,640 [INFO] [client-7] Round 6 — sending update…
2026-09-28 22:54:53,644 [INFO] send 13933B via direct in 1459ms (0.08 Mbit/s) to a496f0313809aafb
2026-09-28 22:54:53,645 [INFO] send 13933B via direct in 1458ms (0.08 Mbit/s) to 1f2eaf59a9a3dd68
2026-09-28 22:54:53,646 [INFO] send 13933B via direct in 1459ms (0.08 Mbit/s) to d2dde65b37523125
2026-09-28 22:54:53,647 [INFO] send 13933B via direct in 1462ms (0.08 Mbit/s) to 8489f32e11811402
2026-09-28 22:54:53,648 [INFO] send 13933B via direct in 1467ms (0.08 Mbit/s) to edef7b55bc1f4e74
2026-09-28 22:54:53,649 [INFO] send 13933B via direct in 1464ms (0.08 Mbit/s) to 641a6765e33ce075
2026-09-28 22:54:53,650 [INFO] send 13933B via direct in 1459ms (0.08 Mbit/s) to 1239f44e3d31194f
2026-09-28 22:54:53,652 [INFO] send 13933B via direct in 1458ms (0.08 Mbit/s) to 2aa97639b6801571
2026-09-28 22:54:53,671 [INFO] send 13933B via direct in 1457ms (0.08 Mbit/s) to 6d8d700700925b92
2026-09-28 22:54:53,673 [INFO] recv 13933B via direct in 1428ms
2026-09-28 22:54:53,676 [INFO] [client-6] Round 6 — training locally…
2026-09-28 22:54:53,876 [INFO] [client-6] Round 6 — sending update…
2026-09-28 22:54:53,908 [ERROR] send_tensors → client-3 FAILED: ConnectionError: stream not acknowledged: IrohError: 
2026-09-28 22:54:53,909 [INFO] Round 6 — waiting for 9 updates…
2026-09-28 22:54:53,919 [INFO] send 13933B via direct in 1435ms (0.08 Mbit/s) to 0f143609ec8a5622
2026-09-28 22:54:53,952 [INFO] [client-3] Round 6 done — loss=1.0448 acc=0.4540  2.1s
2026-09-28 22:54:53,953 [INFO] [client-3] Round 7 — receiving model…
2026-09-28 22:54:53,954 [INFO] send 13933B via direct in 1594ms (0.07 Mbit/s) to 0f143609ec8a5622
2026-09-28 22:54:53,990 [INFO] [client-5] Round 6 done — loss=0.9809 acc=0.5477  2.3s
2026-09-28 22:54:53,992 [INFO] [client-5] Round 7 — receiving model…
2026-09-28 22:54:53,995 [INFO] recv 13933B via direct in 687ms
2026-09-28 22:54:53,998 [INFO] recv 13933B via direct in 687ms
2026-09-28 22:54:54,000 [WARNING] Round 6 — discarding update from unselected/duplicate peer 111f10a0b83045b4
2026-09-28 22:54:54,002 [INFO] recv 13933B via direct in 350ms
2026-09-28 22:54:54,004 [INFO] recv 13933B via direct in 499ms
2026-09-28 22:54:54,042 [INFO] send 13933B via direct in 1248ms (0.09 Mbit/s) to 0f143609ec8a5622
2026-09-28 22:54:54,077 [INFO] [client-0] Round 6 done — loss=1.0519 acc=0.4457  2.6s
2026-09-28 22:54:54,078 [INFO] [client-0] Round 7 — receiving model…
2026-09-28 22:54:54,090 [INFO] send 13933B via direct in 1117ms (0.10 Mbit/s) to 0f143609ec8a5622
2026-09-28 22:54:54,109 [INFO] [client-9] Round 6 done — loss=1.0130 acc=0.5239  2.5s
2026-09-28 22:54:54,110 [INFO] [client-9] Round 7 — receiving model…
2026-09-28 22:54:54,112 [INFO] recv 13933B via direct in 416ms
2026-09-28 22:54:54,150 [INFO] send 13933B via direct in 923ms (0.12 Mbit/s) to 0f143609ec8a5622
2026-09-28 22:54:54,212 [INFO] [client-2] Round 6 done — loss=0.9728 acc=0.5127  2.7s
2026-09-28 22:54:54,213 [INFO] [client-2] Round 7 — receiving model…
2026-09-28 22:54:54,218 [INFO] recv 13933B via direct in 307ms
2026-09-28 22:54:54,222 [INFO] recv 13933B via direct in 299ms
2026-09-28 22:54:54,225 [INFO] recv 13933B via direct in 126ms
2026-09-28 22:54:54,228 [INFO] recv 13933B via direct in 307ms
2026-09-28 22:54:54,231 [INFO] send 13933B via direct in 877ms (0.13 Mbit/s) to 0f143609ec8a5622
2026-09-28 22:54:54,257 [INFO] [client-1] Round 6 done — loss=1.0633 acc=0.4166  2.7s
2026-09-28 22:54:54,258 [INFO] [client-1] Round 7 — receiving model…
2026-09-28 22:54:54,261 [INFO] send 13933B via direct in 765ms (0.15 Mbit/s) to 0f143609ec8a5622
2026-09-28 22:54:54,293 [INFO] [client-4] Round 6 done — loss=1.0199 acc=0.4876  2.8s
2026-09-28 22:54:54,294 [INFO] [client-4] Round 7 — receiving model…
2026-09-28 22:54:54,295 [INFO] send 13933B via direct in 355ms (0.32 Mbit/s) to 0f143609ec8a5622
2026-09-28 22:54:54,314 [INFO] [client-6] Round 6 done — loss=1.0189 acc=0.4889  2.8s
2026-09-28 22:54:54,315 [INFO] [client-6] Round 7 — receiving model…
2026-09-28 22:54:54,317 [ERROR] [client-7] round 6 error: stream not acknowledged: IrohError: 
2026-09-28 22:54:54,318 [INFO] [client-7] Round 7 — receiving model…
2026-09-28 22:54:54,319 [INFO] recv 13933B via direct in 765ms
2026-09-28 22:54:54,347 [INFO] Round 6/20  acc=0.4347  loss=1.0776  2.6s  clients=9
2026-09-28 22:54:54,348 [INFO] Round 7 — sending model to 10 clients…
2026-09-28 22:54:54,359 [INFO] send 13933B via direct in 1671ms (0.07 Mbit/s) to 0f143609ec8a5622
2026-09-28 22:54:54,387 [INFO] [client-8] Round 6 done — loss=0.7661 acc=0.7153  2.7s
2026-09-28 22:54:54,388 [INFO] [client-8] Round 7 — receiving model…
2026-09-28 22:54:54,706 [INFO] recv 13933B via direct in 127ms
2026-09-28 22:54:54,723 [INFO] [client-7] Round 7 — training locally…
2026-09-28 22:54:54,876 [INFO] [client-7] Round 7 — sending update…
2026-09-28 22:54:54,879 [INFO] recv 13933B via direct in 130ms
2026-09-28 22:54:54,883 [INFO] [client-1] Round 7 — training locally…
2026-09-28 22:54:55,023 [INFO] [client-1] Round 7 — sending update…
2026-09-28 22:54:55,027 [INFO] recv 13933B via direct in 131ms
2026-09-28 22:54:55,031 [INFO] [client-9] Round 7 — training locally…
2026-09-28 22:54:55,192 [INFO] [client-9] Round 7 — sending update…
2026-09-28 22:54:55,204 [INFO] send 13933B via direct in 842ms (0.13 Mbit/s) to 6d8d700700925b92
2026-09-28 22:54:55,205 [INFO] send 13933B via direct in 840ms (0.13 Mbit/s) to edef7b55bc1f4e74
2026-09-28 22:54:55,206 [INFO] send 13933B via direct in 847ms (0.13 Mbit/s) to 2aa97639b6801571
2026-09-28 22:54:55,207 [INFO] send 13933B via direct in 846ms (0.13 Mbit/s) to 1239f44e3d31194f
2026-09-28 22:54:55,208 [INFO] send 13933B via direct in 843ms (0.13 Mbit/s) to 8489f32e11811402
2026-09-28 22:54:55,210 [INFO] send 13933B via direct in 840ms (0.13 Mbit/s) to 1f2eaf59a9a3dd68
2026-09-28 22:54:55,215 [INFO] recv 13933B via direct in 565ms
2026-09-28 22:54:55,217 [INFO] [client-4] Round 7 — training locally…
2026-09-28 22:54:55,353 [INFO] [client-4] Round 7 — sending update…
2026-09-28 22:54:55,419 [INFO] recv 13933B via direct in 559ms
2026-09-28 22:54:55,434 [INFO] [client-2] Round 7 — training locally…
2026-09-28 22:54:55,613 [INFO] [client-2] Round 7 — sending update…
2026-09-28 22:54:55,616 [INFO] recv 13933B via direct in 572ms
2026-09-28 22:54:55,619 [INFO] [client-6] Round 7 — training locally…
2026-09-28 22:54:55,780 [INFO] [client-6] Round 7 — sending update…
2026-09-28 22:54:55,784 [INFO] recv 13933B via direct in 631ms
2026-09-28 22:54:55,788 [INFO] [client-8] Round 7 — training locally…
2026-09-28 22:54:55,964 [INFO] [client-8] Round 7 — sending update…
2026-09-28 22:54:55,967 [INFO] recv 13933B via direct in 560ms
2026-09-28 22:54:55,971 [INFO] [client-0] Round 7 — training locally…
2026-09-28 22:54:56,080 [INFO] [client-0] Round 7 — sending update…
2026-09-28 22:54:56,083 [INFO] send 13933B via direct in 848ms (0.13 Mbit/s) to d2dde65b37523125
2026-09-28 22:54:56,084 [INFO] send 13933B via direct in 845ms (0.13 Mbit/s) to 641a6765e33ce075
2026-09-28 22:54:56,086 [INFO] send 13933B via direct in 844ms (0.13 Mbit/s) to a496f0313809aafb
2026-09-28 22:54:56,087 [INFO] send 13933B via direct in 847ms (0.13 Mbit/s) to 111f10a0b83045b4
2026-09-28 22:54:56,088 [INFO] recv 13933B via direct in 551ms
2026-09-28 22:54:56,091 [INFO] [client-5] Round 7 — training locally…
2026-09-28 22:54:56,321 [INFO] [client-5] Round 7 — sending update…
2026-09-28 22:54:56,325 [INFO] Round 7 — waiting for 10 updates…
2026-09-28 22:54:56,328 [INFO] recv 13933B via direct in 556ms
2026-09-28 22:54:56,331 [INFO] [client-3] Round 7 — training locally…
2026-09-28 22:54:56,554 [INFO] [client-3] Round 7 — sending update…
2026-09-28 22:54:56,573 [INFO] send 13933B via direct in 1681ms (0.07 Mbit/s) to 0f143609ec8a5622
2026-09-28 22:54:56,626 [INFO] [client-7] Round 7 done — loss=1.0287 acc=0.4547  2.3s
2026-09-28 22:54:56,627 [INFO] [client-7] Round 8 — receiving model…
2026-09-28 22:54:56,628 [INFO] send 13933B via direct in 1534ms (0.07 Mbit/s) to 0f143609ec8a5622
2026-09-28 22:54:56,658 [INFO] [client-1] Round 7 done — loss=1.0578 acc=0.4227  2.4s
2026-09-28 22:54:56,659 [INFO] [client-1] Round 8 — receiving model…
2026-09-28 22:54:56,666 [INFO] recv 13933B via direct in 1461ms
2026-09-28 22:54:56,669 [INFO] recv 13933B via direct in 1461ms
2026-09-28 22:54:56,712 [INFO] recv 13933B via direct in 152ms
2026-09-28 22:54:56,718 [INFO] recv 13933B via direct in 158ms
2026-09-28 22:54:56,722 [INFO] recv 13933B via direct in 162ms
2026-09-28 22:54:56,728 [INFO] recv 13933B via direct in 167ms
2026-09-28 22:54:56,733 [INFO] recv 13933B via direct in 169ms
2026-09-28 22:54:56,760 [INFO] send 13933B via direct in 1145ms (0.10 Mbit/s) to 0f143609ec8a5622
2026-09-28 22:54:56,843 [INFO] [client-2] Round 7 done — loss=0.9673 acc=0.5151  2.6s
2026-09-28 22:54:56,845 [INFO] [client-2] Round 8 — receiving model…
2026-09-28 22:54:56,846 [ERROR] [client-6] round 7 error: stream not acknowledged: IrohError: 
2026-09-28 22:54:56,847 [INFO] [client-6] Round 8 — receiving model…
2026-09-28 22:54:56,850 [INFO] send 13933B via direct in 879ms (0.13 Mbit/s) to 0f143609ec8a5622
2026-09-28 22:54:56,878 [INFO] [client-8] Round 7 done — loss=0.7515 acc=0.7170  2.5s
2026-09-28 22:54:56,879 [INFO] [client-8] Round 8 — receiving model…
2026-09-28 22:54:56,881 [INFO] send 13933B via direct in 766ms (0.15 Mbit/s) to 0f143609ec8a5622
2026-09-28 22:54:56,913 [INFO] [client-0] Round 7 done — loss=1.0563 acc=0.4536  2.8s
2026-09-28 22:54:56,914 [INFO] [client-0] Round 8 — receiving model…
2026-09-28 22:54:56,916 [INFO] send 13933B via direct in 1432ms (0.08 Mbit/s) to 0f143609ec8a5622
2026-09-28 22:54:56,948 [INFO] [client-4] Round 7 done — loss=1.0210 acc=0.4876  2.7s
2026-09-28 22:54:56,949 [INFO] [client-4] Round 8 — receiving model…
2026-09-28 22:54:56,951 [INFO] send 13933B via direct in 627ms (0.18 Mbit/s) to 0f143609ec8a5622
2026-09-28 22:54:56,977 [INFO] [client-5] Round 7 done — loss=0.9725 acc=0.5539  3.0s
2026-09-28 22:54:56,978 [INFO] [client-5] Round 8 — receiving model…
2026-09-28 22:54:56,980 [INFO] recv 13933B via direct in 377ms
2026-09-28 22:54:57,012 [INFO] recv 13933B via direct in 453ms
2026-09-28 22:54:57,057 [INFO] send 13933B via direct in 1862ms (0.06 Mbit/s) to 0f143609ec8a5622
2026-09-28 22:54:57,109 [INFO] [client-9] Round 7 done — loss=1.0129 acc=0.5232  3.0s
2026-09-28 22:54:57,111 [INFO] [client-9] Round 8 — receiving model…
2026-09-28 22:54:57,391 [INFO] recv 13933B via direct in 661ms
2026-09-28 22:54:57,488 [INFO] Round 7/20  acc=0.4544  loss=1.0655  3.1s  clients=10
2026-09-28 22:54:57,489 [INFO] Round 8 — sending model to 10 clients…
2026-09-28 22:54:57,502 [ERROR] [client-3] round 7 error: stream not acknowledged: IrohError: 
2026-09-28 22:54:57,503 [INFO] [client-3] Round 8 — receiving model…
2026-09-28 22:54:57,774 [INFO] recv 13933B via direct in 121ms
2026-09-28 22:54:57,790 [INFO] [client-0] Round 8 — training locally…
2026-09-28 22:54:57,951 [INFO] [client-0] Round 8 — sending update…
2026-09-28 22:54:57,983 [INFO] send 13933B via direct in 480ms (0.23 Mbit/s) to a496f0313809aafb
2026-09-28 22:54:57,984 [INFO] send 13933B via direct in 483ms (0.23 Mbit/s) to 1f2eaf59a9a3dd68
2026-09-28 22:54:57,985 [INFO] send 13933B via direct in 478ms (0.23 Mbit/s) to 6d8d700700925b92
2026-09-28 22:54:57,986 [INFO] send 13933B via direct in 480ms (0.23 Mbit/s) to 111f10a0b83045b4
2026-09-28 22:54:57,987 [INFO] send 13933B via direct in 488ms (0.23 Mbit/s) to d2dde65b37523125
2026-09-28 22:54:57,989 [INFO] send 13933B via direct in 480ms (0.23 Mbit/s) to edef7b55bc1f4e74
2026-09-28 22:54:58,041 [INFO] send 13933B via direct in 482ms (0.23 Mbit/s) to 8489f32e11811402
2026-09-28 22:54:58,095 [INFO] recv 13933B via direct in 292ms
2026-09-28 22:54:58,107 [INFO] [client-7] Round 8 — training locally…
2026-09-28 22:54:58,263 [INFO] [client-7] Round 8 — sending update…
2026-09-28 22:54:58,265 [INFO] recv 13933B via direct in 318ms
2026-09-28 22:54:58,269 [INFO] [client-6] Round 8 — training locally…
2026-09-28 22:54:58,563 [INFO] [client-6] Round 8 — sending update…
2026-09-28 22:54:58,566 [INFO] recv 13933B via direct in 308ms
2026-09-28 22:54:58,569 [INFO] [client-5] Round 8 — training locally…
2026-09-28 22:54:58,751 [INFO] [client-5] Round 8 — sending update…
2026-09-28 22:54:58,755 [INFO] recv 13933B via direct in 319ms
2026-09-28 22:54:58,758 [INFO] [client-8] Round 8 — training locally…
2026-09-28 22:54:58,931 [INFO] [client-8] Round 8 — sending update…
2026-09-28 22:54:58,935 [INFO] recv 13933B via direct in 317ms
2026-09-28 22:54:58,939 [INFO] [client-3] Round 8 — training locally…
2026-09-28 22:54:59,098 [INFO] [client-3] Round 8 — sending update…
2026-09-28 22:54:59,105 [INFO] recv 13933B via direct in 326ms
2026-09-28 22:54:59,108 [INFO] [client-1] Round 8 — training locally…
2026-09-28 22:54:59,263 [INFO] [client-1] Round 8 — sending update…
2026-09-28 22:54:59,266 [INFO] recv 13933B via direct in 342ms
2026-09-28 22:54:59,269 [INFO] [client-2] Round 8 — training locally…
2026-09-28 22:54:59,393 [INFO] [client-2] Round 8 — sending update…
2026-09-28 22:54:59,411 [INFO] send 13933B via direct in 1900ms (0.06 Mbit/s) to 2aa97639b6801571
2026-09-28 22:54:59,413 [INFO] send 13933B via direct in 1903ms (0.06 Mbit/s) to 1239f44e3d31194f
2026-09-28 22:54:59,415 [ERROR] send_tensors → client-0 FAILED: ConnectionError: stream not acknowledged: IrohError: 
2026-09-28 22:54:59,416 [INFO] Round 8 — waiting for 9 updates…
2026-09-28 22:54:59,417 [INFO] recv 13933B via direct in 1747ms
2026-09-28 22:54:59,419 [INFO] [client-9] Round 8 — training locally…
2026-09-28 22:54:59,525 [INFO] [client-9] Round 8 — sending update…
2026-09-28 22:54:59,530 [INFO] recv 13933B via direct in 1726ms
2026-09-28 22:54:59,533 [INFO] [client-4] Round 8 — training locally…
2026-09-28 22:54:59,671 [INFO] [client-4] Round 8 — sending update…
2026-09-28 22:54:59,686 [INFO] send 13933B via direct in 1700ms (0.07 Mbit/s) to 0f143609ec8a5622
2026-09-28 22:54:59,702 [INFO] [client-0] Round 8 done — loss=1.0561 acc=0.4618  2.8s
2026-09-28 22:54:59,703 [INFO] [client-0] Round 9 — receiving model…
2026-09-28 22:54:59,704 [INFO] send 13933B via direct in 1413ms (0.08 Mbit/s) to 0f143609ec8a5622
2026-09-28 22:54:59,725 [INFO] [client-7] Round 8 done — loss=1.0298 acc=0.4512  3.1s
2026-09-28 22:54:59,726 [INFO] [client-7] Round 9 — receiving model…
2026-09-28 22:54:59,727 [INFO] send 13933B via direct in 574ms (0.19 Mbit/s) to 0f143609ec8a5622
2026-09-28 22:54:59,745 [INFO] [client-3] Round 8 done — loss=1.0426 acc=0.4560  2.2s
2026-09-28 22:54:59,746 [INFO] [client-3] Round 9 — receiving model…
2026-09-28 22:54:59,747 [INFO] send 13933B via direct in 924ms (0.12 Mbit/s) to 0f143609ec8a5622
2026-09-28 22:54:59,770 [INFO] [client-5] Round 8 done — loss=0.9792 acc=0.5488  2.8s
2026-09-28 22:54:59,772 [INFO] [client-5] Round 9 — receiving model…
2026-09-28 22:54:59,775 [INFO] send 13933B via direct in 413ms (0.27 Mbit/s) to 0f143609ec8a5622
2026-09-28 22:54:59,804 [INFO] [client-1] Round 8 done — loss=1.0602 acc=0.4310  3.1s
2026-09-28 22:54:59,806 [INFO] [client-1] Round 9 — receiving model…
2026-09-28 22:54:59,807 [INFO] send 13933B via direct in 745ms (0.15 Mbit/s) to 0f143609ec8a5622
2026-09-28 22:54:59,844 [INFO] [client-8] Round 8 done — loss=0.7640 acc=0.7133  3.0s
2026-09-28 22:54:59,845 [INFO] [client-8] Round 9 — receiving model…
2026-09-28 22:54:59,849 [INFO] recv 13933B via direct in 283ms
2026-09-28 22:54:59,851 [WARNING] Round 8 — discarding update from unselected/duplicate peer 641a6765e33ce075
2026-09-28 22:54:59,852 [INFO] recv 13933B via direct in 283ms
2026-09-28 22:54:59,855 [INFO] recv 13933B via direct in 284ms
2026-09-28 22:54:59,857 [INFO] recv 13933B via direct in 284ms
2026-09-28 22:54:59,859 [INFO] recv 13933B via direct in 284ms
2026-09-28 22:54:59,862 [INFO] recv 13933B via direct in 284ms
2026-09-28 22:54:59,865 [INFO] recv 13933B via direct in 156ms
2026-09-28 22:54:59,869 [INFO] send 13933B via direct in 1299ms (0.09 Mbit/s) to 0f143609ec8a5622
2026-09-28 22:54:59,890 [INFO] [client-6] Round 8 done — loss=1.0139 acc=0.4979  3.0s
2026-09-28 22:54:59,892 [INFO] [client-6] Round 9 — receiving model…
2026-09-28 22:54:59,895 [INFO] recv 13933B via direct in 215ms
2026-09-28 22:54:59,897 [INFO] recv 13933B via direct in 214ms
2026-09-28 22:54:59,900 [INFO] send 13933B via direct in 367ms (0.30 Mbit/s) to 0f143609ec8a5622
2026-09-28 22:54:59,923 [INFO] [client-9] Round 8 done — loss=1.0072 acc=0.5253  2.8s
2026-09-28 22:54:59,924 [INFO] [client-9] Round 9 — receiving model…
2026-09-28 22:54:59,925 [INFO] send 13933B via direct in 499ms (0.22 Mbit/s) to 0f143609ec8a5622
2026-09-28 22:54:59,950 [INFO] [client-2] Round 8 done — loss=0.9670 acc=0.5209  3.1s
2026-09-28 22:54:59,950 [INFO] [client-2] Round 9 — receiving model…
2026-09-28 22:55:00,059 [INFO] recv 13933B via direct in 191ms
2026-09-28 22:55:00,100 [INFO] Round 8/20  acc=0.4451  loss=1.0747  2.6s  clients=9
2026-09-28 22:55:00,116 [INFO] Round 9 — sending model to 10 clients…
2026-09-28 22:55:00,127 [INFO] send 13933B via direct in 453ms (0.25 Mbit/s) to 0f143609ec8a5622
2026-09-28 22:55:00,147 [INFO] [client-4] Round 8 done — loss=1.0161 acc=0.4876  3.2s
2026-09-28 22:55:00,148 [INFO] [client-4] Round 9 — receiving model…
2026-09-28 22:55:00,442 [INFO] recv 13933B via direct in 114ms
2026-09-28 22:55:00,445 [INFO] [client-3] Round 9 — training locally…
2026-09-28 22:55:00,668 [INFO] [client-3] Round 9 — sending update…
2026-09-28 22:55:00,678 [INFO] send 13933B via direct in 550ms (0.20 Mbit/s) to 111f10a0b83045b4
2026-09-28 22:55:00,679 [INFO] send 13933B via direct in 546ms (0.20 Mbit/s) to 1f2eaf59a9a3dd68
2026-09-28 22:55:00,680 [INFO] send 13933B via direct in 547ms (0.20 Mbit/s) to edef7b55bc1f4e74
2026-09-28 22:55:00,682 [INFO] send 13933B via direct in 552ms (0.20 Mbit/s) to 641a6765e33ce075
2026-09-28 22:55:00,683 [INFO] send 13933B via direct in 550ms (0.20 Mbit/s) to 8489f32e11811402
2026-09-28 22:55:00,684 [INFO] send 13933B via direct in 551ms (0.20 Mbit/s) to d2dde65b37523125
2026-09-28 22:55:00,686 [INFO] recv 13933B via direct in 346ms
2026-09-28 22:55:00,689 [INFO] [client-5] Round 9 — training locally…
2026-09-28 22:55:00,809 [INFO] [client-5] Round 9 — sending update…
2026-09-28 22:55:00,812 [INFO] recv 13933B via direct in 347ms
2026-09-28 22:55:00,816 [INFO] [client-1] Round 9 — training locally…
2026-09-28 22:55:00,976 [INFO] [client-1] Round 9 — sending update…
2026-09-28 22:55:00,979 [INFO] recv 13933B via direct in 347ms
2026-09-28 22:55:00,983 [INFO] [client-6] Round 9 — training locally…
2026-09-28 22:55:01,100 [INFO] [client-6] Round 9 — sending update…
2026-09-28 22:55:01,105 [INFO] recv 13933B via direct in 348ms
2026-09-28 22:55:01,108 [INFO] [client-9] Round 9 — training locally…
2026-09-28 22:55:01,229 [INFO] [client-9] Round 9 — sending update…
2026-09-28 22:55:01,231 [INFO] recv 13933B via direct in 337ms
2026-09-28 22:55:01,235 [INFO] [client-8] Round 9 — training locally…
2026-09-28 22:55:01,344 [INFO] [client-8] Round 9 — sending update…
2026-09-28 22:55:01,349 [INFO] recv 13933B via direct in 348ms
2026-09-28 22:55:01,352 [INFO] [client-0] Round 9 — training locally…
2026-09-28 22:55:01,443 [INFO] [client-0] Round 9 — sending update…
2026-09-28 22:55:01,445 [INFO] recv 13933B via direct in 349ms
2026-09-28 22:55:01,449 [INFO] [client-2] Round 9 — training locally…
2026-09-28 22:55:01,715 [INFO] [client-2] Round 9 — sending update…
2026-09-28 22:55:01,719 [INFO] recv 13933B via direct in 349ms
2026-09-28 22:55:01,723 [INFO] [client-7] Round 9 — training locally…
2026-09-28 22:55:01,862 [INFO] [client-7] Round 9 — sending update…
2026-09-28 22:55:01,868 [INFO] send 13933B via direct in 550ms (0.20 Mbit/s) to 2aa97639b6801571
2026-09-28 22:55:01,869 [INFO] send 13933B via direct in 547ms (0.20 Mbit/s) to a496f0313809aafb
2026-09-28 22:55:01,890 [INFO] send 13933B via direct in 1748ms (0.06 Mbit/s) to 6d8d700700925b92
2026-09-28 22:55:01,891 [INFO] send 13933B via direct in 1756ms (0.06 Mbit/s) to 1239f44e3d31194f
2026-09-28 22:55:01,893 [INFO] recv 13933B via direct in 1522ms
2026-09-28 22:55:01,895 [INFO] [client-4] Round 9 — training locally…
2026-09-28 22:55:02,194 [INFO] [client-4] Round 9 — sending update…
2026-09-28 22:55:02,197 [INFO] Round 9 — waiting for 10 updates…
2026-09-28 22:55:02,204 [INFO] send 13933B via direct in 1530ms (0.07 Mbit/s) to 0f143609ec8a5622
2026-09-28 22:55:02,227 [INFO] [client-3] Round 9 done — loss=1.0441 acc=0.4547  2.5s
2026-09-28 22:55:02,229 [INFO] [client-3] Round 10 — receiving model…
2026-09-28 22:55:02,230 [INFO] send 13933B via direct in 851ms (0.13 Mbit/s) to 0f143609ec8a5622
2026-09-28 22:55:02,254 [INFO] [client-8] Round 9 done — loss=0.7549 acc=0.7205  2.4s
2026-09-28 22:55:02,255 [INFO] [client-8] Round 10 — receiving model…
2026-09-28 22:55:02,256 [INFO] send 13933B via direct in 1388ms (0.08 Mbit/s) to 0f143609ec8a5622
2026-09-28 22:55:02,289 [INFO] [client-5] Round 9 done — loss=0.9789 acc=0.5436  2.5s
2026-09-28 22:55:02,290 [INFO] [client-5] Round 10 — receiving model…
2026-09-28 22:55:02,291 [INFO] send 13933B via direct in 969ms (0.12 Mbit/s) to 0f143609ec8a5622
2026-09-28 22:55:02,315 [INFO] [client-9] Round 9 done — loss=1.0103 acc=0.5242  2.4s
2026-09-28 22:55:02,316 [INFO] [client-9] Round 10 — receiving model…
2026-09-28 22:55:02,317 [INFO] send 13933B via direct in 756ms (0.15 Mbit/s) to 0f143609ec8a5622
2026-09-28 22:55:02,336 [INFO] [client-0] Round 9 done — loss=1.0572 acc=0.4518  2.6s
2026-09-28 22:55:02,337 [INFO] [client-0] Round 10 — receiving model…
2026-09-28 22:55:02,344 [INFO] recv 13933B via direct in 465ms
2026-09-28 22:55:02,348 [INFO] recv 13933B via direct in 464ms
2026-09-28 22:55:02,350 [INFO] recv 13933B via direct in 464ms
2026-09-28 22:55:02,351 [INFO] recv 13933B via direct in 465ms
2026-09-28 22:55:02,353 [INFO] recv 13933B via direct in 465ms
2026-09-28 22:55:02,356 [INFO] recv 13933B via direct in 466ms
2026-09-28 22:55:02,360 [INFO] send 13933B via direct in 1363ms (0.08 Mbit/s) to 0f143609ec8a5622
2026-09-28 22:55:02,379 [INFO] [client-1] Round 9 done — loss=1.0625 acc=0.4183  2.6s
2026-09-28 22:55:02,380 [INFO] [client-1] Round 10 — receiving model…
2026-09-28 22:55:02,381 [INFO] send 13933B via direct in 1240ms (0.09 Mbit/s) to 0f143609ec8a5622
2026-09-28 22:55:02,407 [INFO] [client-6] Round 9 done — loss=1.0111 acc=0.4958  2.5s
2026-09-28 22:55:02,408 [INFO] [client-6] Round 10 — receiving model…
2026-09-28 22:55:02,410 [INFO] recv 13933B via direct in 465ms
2026-09-28 22:55:02,413 [INFO] send 13933B via direct in 625ms (0.18 Mbit/s) to 0f143609ec8a5622
2026-09-28 22:55:02,434 [INFO] [client-2] Round 9 done — loss=0.9671 acc=0.5151  2.5s
2026-09-28 22:55:02,435 [INFO] [client-2] Round 10 — receiving model…
2026-09-28 22:55:02,437 [INFO] recv 13933B via direct in 469ms
2026-09-28 22:55:02,450 [INFO] recv 13933B via direct in 250ms
2026-09-28 22:55:02,502 [INFO] send 13933B via direct in 634ms (0.18 Mbit/s) to 0f143609ec8a5622
2026-09-28 22:55:02,578 [INFO] [client-7] Round 9 done — loss=1.0323 acc=0.4406  2.9s
2026-09-28 22:55:02,616 [INFO] [client-7] Round 10 — receiving model…
2026-09-28 22:55:02,620 [INFO] recv 13933B via direct in 178ms
2026-09-28 22:55:02,647 [INFO] Round 9/20  acc=0.4600  loss=1.0637  2.5s  clients=10
2026-09-28 22:55:02,649 [INFO] Round 10 — sending model to 10 clients…
2026-09-28 22:55:02,659 [INFO] send 13933B via direct in 462ms (0.24 Mbit/s) to 0f143609ec8a5622
2026-09-28 22:55:02,683 [INFO] [client-4] Round 9 done — loss=1.0176 acc=0.4890  2.5s
2026-09-28 22:55:02,686 [INFO] [client-4] Round 10 — receiving model…
2026-09-28 22:55:02,910 [INFO] recv 13933B via direct in 103ms
2026-09-28 22:55:02,923 [INFO] [client-6] Round 10 — training locally…
2026-09-28 22:55:03,082 [INFO] [client-6] Round 10 — sending update…
2026-09-28 22:55:03,110 [INFO] recv 13933B via direct in 111ms
2026-09-28 22:55:03,186 [INFO] [client-4] Round 10 — training locally…
2026-09-28 22:55:03,377 [INFO] [client-4] Round 10 — sending update…
2026-09-28 22:55:03,384 [INFO] send 13933B via direct in 452ms (0.25 Mbit/s) to 1239f44e3d31194f
2026-09-28 22:55:03,386 [INFO] send 13933B via direct in 451ms (0.25 Mbit/s) to 8489f32e11811402
2026-09-28 22:55:03,387 [INFO] send 13933B via direct in 454ms (0.25 Mbit/s) to edef7b55bc1f4e74
2026-09-28 22:55:03,388 [INFO] send 13933B via direct in 453ms (0.25 Mbit/s) to 641a6765e33ce075
2026-09-28 22:55:03,389 [INFO] send 13933B via direct in 456ms (0.24 Mbit/s) to 111f10a0b83045b4
2026-09-28 22:55:03,391 [INFO] send 13933B via direct in 455ms (0.25 Mbit/s) to 6d8d700700925b92
2026-09-28 22:55:03,396 [INFO] recv 13933B via direct in 572ms
2026-09-28 22:55:03,399 [INFO] [client-5] Round 10 — training locally…
2026-09-28 22:55:03,524 [INFO] [client-5] Round 10 — sending update…
2026-09-28 22:55:03,527 [INFO] recv 13933B via direct in 569ms
2026-09-28 22:55:03,531 [INFO] [client-1] Round 10 — training locally…
2026-09-28 22:55:03,645 [INFO] [client-1] Round 10 — sending update…
2026-09-28 22:55:03,648 [INFO] recv 13933B via direct in 561ms
2026-09-28 22:55:03,652 [INFO] [client-7] Round 10 — training locally…
2026-09-28 22:55:03,785 [INFO] [client-7] Round 10 — sending update…
2026-09-28 22:55:03,787 [INFO] recv 13933B via direct in 559ms
2026-09-28 22:55:03,789 [INFO] [client-0] Round 10 — training locally…
2026-09-28 22:55:03,896 [INFO] [client-0] Round 10 — sending update…
2026-09-28 22:55:03,899 [INFO] recv 13933B via direct in 570ms
2026-09-28 22:55:03,903 [INFO] [client-8] Round 10 — training locally…
2026-09-28 22:55:04,022 [INFO] [client-8] Round 10 — sending update…
2026-09-28 22:55:04,025 [INFO] recv 13933B via direct in 572ms
2026-09-28 22:55:04,028 [INFO] [client-9] Round 10 — training locally…
2026-09-28 22:55:04,156 [INFO] [client-9] Round 10 — sending update…
2026-09-28 22:55:04,158 [INFO] recv 13933B via direct in 577ms
2026-09-28 22:55:04,162 [INFO] [client-3] Round 10 — training locally…
2026-09-28 22:55:04,283 [INFO] [client-3] Round 10 — sending update…
2026-09-28 22:55:04,286 [INFO] send 13933B via direct in 738ms (0.15 Mbit/s) to 1f2eaf59a9a3dd68
2026-09-28 22:55:04,287 [INFO] send 13933B via direct in 741ms (0.15 Mbit/s) to a496f0313809aafb
2026-09-28 22:55:04,289 [INFO] send 13933B via direct in 740ms (0.15 Mbit/s) to d2dde65b37523125
2026-09-28 22:55:04,291 [INFO] send 13933B via direct in 737ms (0.15 Mbit/s) to 2aa97639b6801571
2026-09-28 22:55:04,293 [INFO] recv 13933B via direct in 588ms
2026-09-28 22:55:04,296 [INFO] [client-2] Round 10 — training locally…
2026-09-28 22:55:04,406 [INFO] [client-2] Round 10 — sending update…
2026-09-28 22:55:04,409 [INFO] Round 10 — waiting for 10 updates…
2026-09-28 22:55:04,428 [INFO] send 13933B via direct in 1318ms (0.08 Mbit/s) to 0f143609ec8a5622
2026-09-28 22:55:04,444 [INFO] [client-6] Round 10 done — loss=1.0120 acc=0.4865  2.0s
2026-09-28 22:55:04,445 [INFO] [client-6] Round 11 — receiving model…
2026-09-28 22:55:04,446 [INFO] recv 13933B via direct in 1033ms
2026-09-28 22:55:04,562 [INFO] recv 13933B via direct in 267ms
2026-09-28 22:55:04,572 [INFO] recv 13933B via direct in 277ms
2026-09-28 22:55:04,581 [INFO] recv 13933B via direct in 277ms
2026-09-28 22:55:04,593 [INFO] recv 13933B via direct in 294ms
2026-09-28 22:55:04,598 [INFO] recv 13933B via direct in 296ms
2026-09-28 22:55:04,601 [INFO] recv 13933B via direct in 296ms
2026-09-28 22:55:04,607 [INFO] recv 13933B via direct in 165ms
2026-09-28 22:55:04,614 [INFO] send 13933B via direct in 965ms (0.12 Mbit/s) to 0f143609ec8a5622
2026-09-28 22:55:04,696 [INFO] [client-1] Round 10 done — loss=1.0578 acc=0.4159  2.3s
2026-09-28 22:55:04,697 [INFO] [client-1] Round 11 — receiving model…
2026-09-28 22:55:04,700 [INFO] send 13933B via direct in 1320ms (0.08 Mbit/s) to 0f143609ec8a5622
2026-09-28 22:55:04,868 [INFO] [client-4] Round 10 done — loss=1.0165 acc=0.4931  2.2s
2026-09-28 22:55:04,888 [INFO] [client-4] Round 11 — receiving model…
2026-09-28 22:55:04,892 [INFO] send 13933B via direct in 912ms (0.12 Mbit/s) to 0f143609ec8a5622
2026-09-28 22:55:05,084 [INFO] [client-7] Round 10 done — loss=1.0305 acc=0.4488  2.5s
2026-09-28 22:55:05,085 [INFO] [client-7] Round 11 — receiving model…
2026-09-28 22:55:05,088 [INFO] send 13933B via direct in 1172ms (0.10 Mbit/s) to 0f143609ec8a5622
2026-09-28 22:55:05,120 [INFO] [client-5] Round 10 done — loss=0.9732 acc=0.5567  2.8s
2026-09-28 22:55:05,121 [INFO] [client-5] Round 11 — receiving model…
2026-09-28 22:55:05,122 [INFO] send 13933B via direct in 541ms (0.21 Mbit/s) to 0f143609ec8a5622
2026-09-28 22:55:05,171 [INFO] [client-9] Round 10 done — loss=1.0092 acc=0.5270  2.9s
2026-09-28 22:55:05,172 [INFO] [client-9] Round 11 — receiving model…
2026-09-28 22:55:05,173 [INFO] send 13933B via direct in 675ms (0.17 Mbit/s) to 0f143609ec8a5622
2026-09-28 22:55:05,200 [INFO] [client-8] Round 10 done — loss=0.7643 acc=0.7109  2.9s
2026-09-28 22:55:05,201 [INFO] [client-8] Round 11 — receiving model…
2026-09-28 22:55:05,202 [INFO] send 13933B via direct in 802ms (0.14 Mbit/s) to 0f143609ec8a5622
2026-09-28 22:55:05,225 [INFO] [client-0] Round 10 done — loss=1.0543 acc=0.4605  2.9s
2026-09-28 22:55:05,227 [INFO] [client-0] Round 11 — receiving model…
2026-09-28 22:55:05,230 [INFO] send 13933B via direct in 820ms (0.14 Mbit/s) to 0f143609ec8a5622
2026-09-28 22:55:05,268 [INFO] [client-2] Round 10 done — loss=0.9630 acc=0.5192  2.8s
2026-09-28 22:55:05,269 [INFO] [client-2] Round 11 — receiving model…
2026-09-28 22:55:05,271 [INFO] recv 13933B via direct in 781ms
2026-09-28 22:55:05,274 [INFO] recv 13933B via direct in 641ms
2026-09-28 22:55:05,302 [INFO] Round 10/20  acc=0.4569  loss=1.0661  2.7s  clients=10
2026-09-28 22:55:05,304 [INFO] Round 11 — sending model to 10 clients…
2026-09-28 22:55:05,305 [INFO] send 13933B via direct in 944ms (0.12 Mbit/s) to 0f143609ec8a5622
2026-09-28 22:55:05,342 [INFO] [client-3] Round 10 done — loss=1.0441 acc=0.4571  3.1s
2026-09-28 22:55:05,343 [INFO] [client-3] Round 11 — receiving model…
2026-09-28 22:55:05,639 [INFO] recv 13933B via direct in 95ms
2026-09-28 22:55:05,655 [INFO] [client-4] Round 11 — training locally…
2026-09-28 22:55:05,837 [INFO] [client-4] Round 11 — sending update…
2026-09-28 22:55:05,844 [INFO] recv 13933B via direct in 118ms
2026-09-28 22:55:05,846 [INFO] [client-2] Round 11 — training locally…
2026-09-28 22:55:05,960 [INFO] [client-2] Round 11 — sending update…
2026-09-28 22:55:05,966 [INFO] recv 13933B via direct in 338ms
2026-09-28 22:55:05,969 [INFO] [client-7] Round 11 — training locally…
2026-09-28 22:55:06,095 [INFO] [client-7] Round 11 — sending update…
2026-09-28 22:55:06,099 [INFO] send 13933B via direct in 496ms (0.23 Mbit/s) to 6d8d700700925b92
2026-09-28 22:55:06,100 [INFO] send 13933B via direct in 486ms (0.23 Mbit/s) to 1239f44e3d31194f
2026-09-28 22:55:06,102 [INFO] send 13933B via direct in 495ms (0.23 Mbit/s) to d2dde65b37523125
2026-09-28 22:55:06,103 [INFO] send 13933B via direct in 493ms (0.23 Mbit/s) to 641a6765e33ce075
2026-09-28 22:55:06,105 [INFO] send 13933B via direct in 490ms (0.23 Mbit/s) to edef7b55bc1f4e74
2026-09-28 22:55:06,107 [INFO] send 13933B via direct in 489ms (0.23 Mbit/s) to 2aa97639b6801571
2026-09-28 22:55:06,110 [INFO] send 13933B via direct in 486ms (0.23 Mbit/s) to 8489f32e11811402
2026-09-28 22:55:06,111 [INFO] send 13933B via direct in 487ms (0.23 Mbit/s) to a496f0313809aafb
2026-09-28 22:55:06,113 [INFO] send 13933B via direct in 492ms (0.23 Mbit/s) to 111f10a0b83045b4
2026-09-28 22:55:06,115 [INFO] recv 13933B via direct in 407ms
2026-09-28 22:55:06,118 [INFO] [client-3] Round 11 — training locally…
2026-09-28 22:55:06,240 [INFO] [client-3] Round 11 — sending update…
2026-09-28 22:55:06,259 [INFO] recv 13933B via direct in 402ms
2026-09-28 22:55:06,262 [INFO] [client-0] Round 11 — training locally…
2026-09-28 22:55:06,349 [INFO] [client-0] Round 11 — sending update…
2026-09-28 22:55:06,353 [INFO] recv 13933B via direct in 377ms
2026-09-28 22:55:06,355 [INFO] [client-8] Round 11 — training locally…
2026-09-28 22:55:06,473 [INFO] [client-8] Round 11 — sending update…
2026-09-28 22:55:06,477 [INFO] recv 13933B via direct in 381ms
2026-09-28 22:55:06,481 [INFO] [client-9] Round 11 — training locally…
2026-09-28 22:55:06,599 [INFO] [client-9] Round 11 — sending update…
2026-09-28 22:55:06,602 [INFO] recv 13933B via direct in 380ms
2026-09-28 22:55:06,605 [INFO] [client-1] Round 11 — training locally…
2026-09-28 22:55:06,723 [INFO] [client-1] Round 11 — sending update…
2026-09-28 22:55:06,726 [INFO] recv 13933B via direct in 389ms
2026-09-28 22:55:06,728 [INFO] [client-6] Round 11 — training locally…
2026-09-28 22:55:06,870 [INFO] [client-6] Round 11 — sending update…
2026-09-28 22:55:06,877 [INFO] send 13933B via direct in 757ms (0.15 Mbit/s) to 1f2eaf59a9a3dd68
2026-09-28 22:55:06,879 [INFO] recv 13933B via direct in 548ms
2026-09-28 22:55:06,882 [INFO] [client-5] Round 11 — training locally…
2026-09-28 22:55:07,021 [INFO] [client-5] Round 11 — sending update…
2026-09-28 22:55:07,025 [INFO] Round 11 — waiting for 10 updates…
2026-09-28 22:55:07,045 [INFO] send 13933B via direct in 1202ms (0.09 Mbit/s) to 0f143609ec8a5622
2026-09-28 22:55:07,107 [INFO] [client-4] Round 11 done — loss=1.0155 acc=0.4928  2.2s
2026-09-28 22:55:07,108 [INFO] [client-4] Round 12 — receiving model…
2026-09-28 22:55:07,110 [INFO] recv 13933B via direct in 929ms
2026-09-28 22:55:07,116 [INFO] recv 13933B via direct in 233ms
2026-09-28 22:55:07,119 [INFO] send 13933B via direct in 1151ms (0.10 Mbit/s) to 0f143609ec8a5622
2026-09-28 22:55:07,162 [INFO] [client-2] Round 11 done — loss=0.9654 acc=0.5312  1.9s
2026-09-28 22:55:07,164 [INFO] [client-2] Round 12 — receiving model…
2026-09-28 22:55:07,173 [INFO] recv 13933B via direct in 293ms
2026-09-28 22:55:07,189 [INFO] recv 13933B via direct in 164ms
2026-09-28 22:55:07,193 [INFO] recv 13933B via direct in 313ms
2026-09-28 22:55:07,196 [INFO] recv 13933B via direct in 168ms
2026-09-28 22:55:07,199 [INFO] recv 13933B via direct in 158ms
2026-09-28 22:55:07,202 [INFO] send 13933B via direct in 1105ms (0.10 Mbit/s) to 0f143609ec8a5622
2026-09-28 22:55:07,230 [INFO] [client-7] Round 11 done — loss=1.0247 acc=0.4488  2.1s
2026-09-28 22:55:07,231 [INFO] [client-7] Round 12 — receiving model…
2026-09-28 22:55:07,233 [INFO] recv 13933B via direct in 191ms
2026-09-28 22:55:07,239 [INFO] send 13933B via direct in 637ms (0.18 Mbit/s) to 0f143609ec8a5622
2026-09-28 22:55:07,271 [INFO] [client-9] Round 11 done — loss=1.0101 acc=0.5235  2.1s
2026-09-28 22:55:07,273 [INFO] [client-9] Round 12 — receiving model…
2026-09-28 22:55:07,277 [INFO] send 13933B via direct in 404ms (0.28 Mbit/s) to 0f143609ec8a5622
2026-09-28 22:55:07,320 [INFO] [client-6] Round 11 done — loss=1.0150 acc=0.4872  2.9s
2026-09-28 22:55:07,322 [INFO] [client-6] Round 12 — receiving model…
2026-09-28 22:55:07,324 [INFO] send 13933B via direct in 925ms (0.12 Mbit/s) to 0f143609ec8a5622
2026-09-28 22:55:07,352 [INFO] [client-0] Round 11 done — loss=1.0515 acc=0.4605  2.1s
2026-09-28 22:55:07,354 [INFO] [client-0] Round 12 — receiving model…
2026-09-28 22:55:07,355 [INFO] send 13933B via direct in 800ms (0.14 Mbit/s) to 0f143609ec8a5622
2026-09-28 22:55:07,475 [INFO] [client-8] Round 11 done — loss=0.7706 acc=0.7133  2.3s
2026-09-28 22:55:07,476 [INFO] [client-8] Round 12 — receiving model…
2026-09-28 22:55:07,479 [INFO] recv 13933B via direct in 598ms
2026-09-28 22:55:07,483 [INFO] send 13933B via direct in 1219ms (0.09 Mbit/s) to 0f143609ec8a5622
2026-09-28 22:55:07,507 [INFO] [client-3] Round 11 done — loss=1.0475 acc=0.4475  2.2s
2026-09-28 22:55:07,508 [INFO] [client-3] Round 12 — receiving model…
2026-09-28 22:55:07,509 [INFO] send 13933B via direct in 454ms (0.25 Mbit/s) to 0f143609ec8a5622
2026-09-28 22:55:07,532 [INFO] [client-5] Round 11 done — loss=0.9701 acc=0.5549  2.4s
2026-09-28 22:55:07,533 [INFO] [client-5] Round 12 — receiving model…
2026-09-28 22:55:07,534 [INFO] recv 13933B via direct in 285ms
2026-09-28 22:55:07,570 [INFO] Round 11/20  acc=0.4605  loss=1.0671  2.3s  clients=10
2026-09-28 22:55:07,571 [INFO] Round 12 — sending model to 10 clients…
2026-09-28 22:55:07,862 [INFO] recv 13933B via direct in 120ms
2026-09-28 22:55:07,870 [INFO] [client-0] Round 12 — training locally…
2026-09-28 22:55:08,040 [INFO] [client-0] Round 12 — sending update…
2026-09-28 22:55:08,049 [INFO] send 13933B via direct in 467ms (0.24 Mbit/s) to 641a6765e33ce075
2026-09-28 22:55:08,050 [INFO] send 13933B via direct in 466ms (0.24 Mbit/s) to edef7b55bc1f4e74
2026-09-28 22:55:08,051 [INFO] send 13933B via direct in 464ms (0.24 Mbit/s) to a496f0313809aafb
2026-09-28 22:55:08,053 [INFO] send 13933B via direct in 463ms (0.24 Mbit/s) to 111f10a0b83045b4
2026-09-28 22:55:08,054 [INFO] send 13933B via direct in 466ms (0.24 Mbit/s) to d2dde65b37523125
2026-09-28 22:55:08,055 [INFO] send 13933B via direct in 471ms (0.24 Mbit/s) to 1239f44e3d31194f
2026-09-28 22:55:08,056 [INFO] send 13933B via direct in 463ms (0.24 Mbit/s) to 8489f32e11811402
2026-09-28 22:55:08,057 [INFO] send 13933B via direct in 465ms (0.24 Mbit/s) to 6d8d700700925b92
2026-09-28 22:55:08,059 [INFO] recv 13933B via direct in 282ms
2026-09-28 22:55:08,061 [INFO] [client-8] Round 12 — training locally…
2026-09-28 22:55:08,331 [INFO] [client-8] Round 12 — sending update…
2026-09-28 22:55:08,333 [INFO] recv 13933B via direct in 306ms
2026-09-28 22:55:08,336 [INFO] [client-4] Round 12 — training locally…
2026-09-28 22:55:08,499 [INFO] [client-4] Round 12 — sending update…
2026-09-28 22:55:08,502 [INFO] recv 13933B via direct in 281ms
2026-09-28 22:55:08,505 [INFO] [client-3] Round 12 — training locally…
2026-09-28 22:55:08,634 [INFO] [client-3] Round 12 — sending update…
2026-09-28 22:55:08,637 [INFO] recv 13933B via direct in 300ms
2026-09-28 22:55:08,639 [INFO] [client-6] Round 12 — training locally…
2026-09-28 22:55:08,810 [INFO] [client-6] Round 12 — sending update…
2026-09-28 22:55:08,812 [INFO] recv 13933B via direct in 307ms
2026-09-28 22:55:08,814 [INFO] [client-2] Round 12 — training locally…
2026-09-28 22:55:08,990 [INFO] [client-2] Round 12 — sending update…
2026-09-28 22:55:09,113 [INFO] recv 13933B via direct in 292ms
2026-09-28 22:55:09,128 [INFO] [client-9] Round 12 — training locally…
2026-09-28 22:55:09,410 [INFO] [client-9] Round 12 — sending update…
2026-09-28 22:55:09,464 [INFO] recv 13933B via direct in 309ms
2026-09-28 22:55:09,467 [INFO] [client-7] Round 12 — training locally…
2026-09-28 22:55:09,708 [INFO] [client-7] Round 12 — sending update…
2026-09-28 22:55:09,713 [ERROR] [client-1] round 11 error: stream not acknowledged: IrohError: 
2026-09-28 22:55:09,715 [INFO] [client-1] Round 12 — receiving model…
2026-09-28 22:55:09,716 [INFO] recv 13933B via direct in 306ms
2026-09-28 22:55:09,719 [INFO] [client-1] Round 12 — training locally…
2026-09-28 22:55:09,869 [INFO] [client-1] Round 12 — sending update…
2026-09-28 22:55:09,970 [INFO] send 13933B via direct in 2131ms (0.05 Mbit/s) to 1f2eaf59a9a3dd68
2026-09-28 22:55:09,973 [ERROR] send_tensors → client-9 FAILED: ConnectionError: stream not acknowledged: IrohError: 
2026-09-28 22:55:09,975 [INFO] Round 12 — waiting for 9 updates…
2026-09-28 22:55:11,827 [INFO] recv 13933B via direct in 2169ms
2026-09-28 22:55:11,836 [INFO] [client-5] Round 12 — training locally…
2026-09-28 22:55:11,986 [INFO] [client-5] Round 12 — sending update…
2026-09-28 22:55:11,995 [INFO] send 13933B via direct in 1892ms (0.06 Mbit/s) to 0f143609ec8a5622
2026-09-28 22:55:12,027 [INFO] [client-8] Round 12 done — loss=0.7614 acc=0.7177  2.8s
2026-09-28 22:55:12,028 [INFO] [client-8] Round 13 — receiving model…
2026-09-28 22:55:12,029 [INFO] send 13933B via direct in 2183ms (0.05 Mbit/s) to 0f143609ec8a5622
2026-09-28 22:55:12,055 [INFO] [client-0] Round 12 done — loss=1.0516 acc=0.4575  2.9s
2026-09-28 22:55:12,056 [INFO] [client-0] Round 13 — receiving model…
2026-09-28 22:55:12,058 [INFO] send 13933B via direct in 1115ms (0.10 Mbit/s) to 0f143609ec8a5622
2026-09-28 22:55:12,086 [INFO] [client-2] Round 12 done — loss=0.9631 acc=0.5247  3.2s
2026-09-28 22:55:12,087 [INFO] [client-2] Round 13 — receiving model…
2026-09-28 22:55:12,088 [INFO] send 13933B via direct in 1414ms (0.08 Mbit/s) to 0f143609ec8a5622
2026-09-28 22:55:12,119 [INFO] [client-6] Round 12 done — loss=1.0149 acc=0.4740  3.0s
2026-09-28 22:55:12,120 [INFO] [client-6] Round 13 — receiving model…
2026-09-28 22:55:12,122 [INFO] send 13933B via direct in 1589ms (0.07 Mbit/s) to 0f143609ec8a5622
2026-09-28 22:55:12,146 [INFO] [client-3] Round 12 done — loss=1.0417 acc=0.4536  2.9s
2026-09-28 22:55:12,147 [INFO] [client-3] Round 13 — receiving model…
2026-09-28 22:55:12,216 [INFO] recv 13933B via direct in 352ms
2026-09-28 22:55:12,220 [INFO] recv 13933B via direct in 482ms
2026-09-28 22:55:12,237 [INFO] send 13933B via direct in 977ms (0.11 Mbit/s) to 0f143609ec8a5622
2026-09-28 22:55:12,294 [INFO] [client-9] Round 12 done — loss=1.0081 acc=0.5221  3.3s
2026-09-28 22:55:12,295 [INFO] [client-9] Round 13 — receiving model…
2026-09-28 22:55:12,296 [INFO] send 13933B via direct in 1944ms (0.06 Mbit/s) to 0f143609ec8a5622
2026-09-28 22:55:12,331 [INFO] [client-4] Round 12 done — loss=1.0170 acc=0.4900  3.5s
2026-09-28 22:55:12,333 [INFO] [client-4] Round 13 — receiving model…
2026-09-28 22:55:12,335 [INFO] send 13933B via direct in 739ms (0.15 Mbit/s) to 0f143609ec8a5622
2026-09-28 22:55:12,360 [INFO] [client-7] Round 12 done — loss=1.0311 acc=0.4464  3.4s
2026-09-28 22:55:12,361 [INFO] [client-7] Round 13 — receiving model…
2026-09-28 22:55:12,363 [INFO] recv 13933B via direct in 442ms
2026-09-28 22:55:12,366 [INFO] recv 13933B via direct in 442ms
2026-09-28 22:55:12,369 [INFO] recv 13933B via direct in 443ms
2026-09-28 22:55:12,373 [INFO] recv 13933B via direct in 443ms
2026-09-28 22:55:12,375 [INFO] recv 13933B via direct in 443ms
2026-09-28 22:55:12,378 [WARNING] Round 12 — discarding update from unselected/duplicate peer 2aa97639b6801571
2026-09-28 22:55:12,379 [INFO] recv 13933B via direct in 410ms
2026-09-28 22:55:12,382 [INFO] recv 13933B via direct in 381ms
2026-09-28 22:55:12,385 [INFO] send 13933B via direct in 744ms (0.15 Mbit/s) to 0f143609ec8a5622
2026-09-28 22:55:12,420 [INFO] [client-1] Round 12 done — loss=1.0584 acc=0.4172  0.9s
2026-09-28 22:55:12,422 [INFO] [client-1] Round 13 — receiving model…
2026-09-28 22:55:12,424 [INFO] recv 13933B via direct in 207ms
2026-09-28 22:55:12,478 [INFO] Round 12/20  acc=0.4622  loss=1.0683  3.1s  clients=9
2026-09-28 22:55:12,479 [INFO] Round 13 — sending model to 10 clients…
2026-09-28 22:55:12,480 [INFO] send 13933B via direct in 435ms (0.26 Mbit/s) to 0f143609ec8a5622
2026-09-28 22:55:12,502 [INFO] [client-5] Round 12 done — loss=0.9769 acc=0.5505  3.2s
2026-09-28 22:55:12,503 [INFO] [client-5] Round 13 — receiving model…
2026-09-28 22:55:12,757 [INFO] recv 13933B via direct in 86ms
2026-09-28 22:55:12,773 [INFO] [client-0] Round 13 — training locally…
2026-09-28 22:55:12,960 [INFO] [client-0] Round 13 — sending update…
2026-09-28 22:55:12,972 [INFO] send 13933B via direct in 458ms (0.24 Mbit/s) to 641a6765e33ce075
2026-09-28 22:55:12,973 [INFO] send 13933B via direct in 459ms (0.24 Mbit/s) to 1f2eaf59a9a3dd68
2026-09-28 22:55:12,975 [INFO] send 13933B via direct in 452ms (0.25 Mbit/s) to 111f10a0b83045b4
2026-09-28 22:55:12,976 [INFO] send 13933B via direct in 451ms (0.25 Mbit/s) to 2aa97639b6801571
2026-09-28 22:55:12,978 [INFO] send 13933B via direct in 454ms (0.25 Mbit/s) to 6d8d700700925b92
2026-09-28 22:55:12,979 [INFO] send 13933B via direct in 459ms (0.24 Mbit/s) to 1239f44e3d31194f
2026-09-28 22:55:12,981 [INFO] send 13933B via direct in 458ms (0.24 Mbit/s) to a496f0313809aafb
2026-09-28 22:55:12,982 [INFO] send 13933B via direct in 452ms (0.25 Mbit/s) to d2dde65b37523125
2026-09-28 22:55:12,984 [INFO] send 13933B via direct in 456ms (0.24 Mbit/s) to 8489f32e11811402
2026-09-28 22:55:12,986 [INFO] recv 13933B via direct in 315ms
2026-09-28 22:55:12,988 [INFO] [client-8] Round 13 — training locally…
2026-09-28 22:55:13,154 [INFO] [client-8] Round 13 — sending update…
2026-09-28 22:55:13,157 [INFO] recv 13933B via direct in 310ms
2026-09-28 22:55:13,159 [INFO] [client-5] Round 13 — training locally…
2026-09-28 22:55:13,313 [INFO] [client-5] Round 13 — sending update…
2026-09-28 22:55:13,317 [INFO] recv 13933B via direct in 298ms
2026-09-28 22:55:13,320 [INFO] [client-3] Round 13 — training locally…
2026-09-28 22:55:13,467 [INFO] [client-3] Round 13 — sending update…
2026-09-28 22:55:13,471 [INFO] recv 13933B via direct in 316ms
2026-09-28 22:55:13,475 [INFO] [client-6] Round 13 — training locally…
2026-09-28 22:55:13,630 [INFO] [client-6] Round 13 — sending update…
2026-09-28 22:55:13,633 [INFO] recv 13933B via direct in 305ms
2026-09-28 22:55:13,636 [INFO] [client-2] Round 13 — training locally…
2026-09-28 22:55:13,785 [INFO] [client-2] Round 13 — sending update…
2026-09-28 22:55:13,841 [INFO] recv 13933B via direct in 304ms
2026-09-28 22:55:13,848 [INFO] [client-4] Round 13 — training locally…
2026-09-28 22:55:14,023 [INFO] [client-4] Round 13 — sending update…
2026-09-28 22:55:14,025 [INFO] recv 13933B via direct in 290ms
2026-09-28 22:55:14,028 [INFO] [client-7] Round 13 — training locally…
2026-09-28 22:55:14,177 [INFO] [client-7] Round 13 — sending update…
2026-09-28 22:55:14,181 [INFO] recv 13933B via direct in 291ms
2026-09-28 22:55:14,186 [INFO] [client-9] Round 13 — training locally…
2026-09-28 22:55:14,359 [INFO] [client-9] Round 13 — sending update…
2026-09-28 22:55:14,381 [INFO] send 13933B via direct in 1854ms (0.06 Mbit/s) to edef7b55bc1f4e74
2026-09-28 22:55:14,382 [INFO] Round 13 — waiting for 10 updates…
2026-09-28 22:55:14,445 [INFO] recv 13933B via direct in 1699ms
2026-09-28 22:55:14,451 [INFO] [client-1] Round 13 — training locally…
2026-09-28 22:55:14,663 [INFO] [client-1] Round 13 — sending update…
2026-09-28 22:55:14,679 [INFO] send 13933B via direct in 1200ms (0.09 Mbit/s) to 0f143609ec8a5622
2026-09-28 22:55:14,731 [INFO] [client-3] Round 13 done — loss=1.0414 acc=0.4547  2.6s
2026-09-28 22:55:14,732 [INFO] [client-3] Round 14 — receiving model…
2026-09-28 22:55:14,733 [INFO] send 13933B via direct in 1037ms (0.11 Mbit/s) to 0f143609ec8a5622
2026-09-28 22:55:14,769 [INFO] [client-6] Round 13 done — loss=1.0122 acc=0.4865  2.6s
2026-09-28 22:55:14,770 [INFO] [client-6] Round 14 — receiving model…
2026-09-28 22:55:14,771 [INFO] send 13933B via direct in 1709ms (0.07 Mbit/s) to 0f143609ec8a5622
2026-09-28 22:55:14,789 [INFO] [client-0] Round 13 done — loss=1.0514 acc=0.4605  2.7s
2026-09-28 22:55:14,791 [INFO] [client-0] Round 14 — receiving model…
2026-09-28 22:55:14,792 [INFO] send 13933B via direct in 491ms (0.23 Mbit/s) to 0f143609ec8a5622
2026-09-28 22:55:14,824 [INFO] [client-7] Round 13 done — loss=1.0294 acc=0.4461  2.5s
2026-09-28 22:55:14,825 [INFO] [client-7] Round 14 — receiving model…
2026-09-28 22:55:14,826 [INFO] send 13933B via direct in 646ms (0.17 Mbit/s) to 0f143609ec8a5622
2026-09-28 22:55:14,851 [INFO] [client-4] Round 13 done — loss=1.0169 acc=0.4931  2.5s
2026-09-28 22:55:14,852 [INFO] [client-4] Round 14 — receiving model…
2026-09-28 22:55:14,857 [INFO] recv 13933B via direct in 311ms
2026-09-28 22:55:14,861 [INFO] recv 13933B via direct in 311ms
2026-09-28 22:55:14,864 [INFO] recv 13933B via direct in 312ms
2026-09-28 22:55:14,866 [INFO] recv 13933B via direct in 311ms
2026-09-28 22:55:14,869 [INFO] recv 13933B via direct in 313ms
2026-09-28 22:55:14,873 [INFO] recv 13933B via direct in 313ms
2026-09-28 22:55:14,879 [INFO] recv 13933B via direct in 490ms
2026-09-28 22:55:14,882 [INFO] recv 13933B via direct in 490ms
2026-09-28 22:55:14,884 [INFO] send 13933B via direct in 514ms (0.22 Mbit/s) to 0f143609ec8a5622
2026-09-28 22:55:14,905 [INFO] [client-9] Round 13 done — loss=1.0146 acc=0.5221  2.6s
2026-09-28 22:55:14,906 [INFO] [client-9] Round 14 — receiving model…
2026-09-28 22:55:14,907 [INFO] send 13933B via direct in 1720ms (0.06 Mbit/s) to 0f143609ec8a5622
2026-09-28 22:55:14,938 [INFO] [client-8] Round 13 done — loss=0.7536 acc=0.7122  2.9s
2026-09-28 22:55:14,939 [INFO] [client-8] Round 14 — receiving model…
2026-09-28 22:55:14,940 [INFO] send 13933B via direct in 1559ms (0.07 Mbit/s) to 0f143609ec8a5622
2026-09-28 22:55:14,965 [INFO] [client-5] Round 13 done — loss=0.9735 acc=0.5577  2.5s
2026-09-28 22:55:14,966 [INFO] [client-5] Round 14 — receiving model…
2026-09-28 22:55:14,968 [INFO] send 13933B via direct in 1037ms (0.11 Mbit/s) to 0f143609ec8a5622
2026-09-28 22:55:15,009 [INFO] [client-2] Round 13 done — loss=0.9648 acc=0.5161  2.9s
2026-09-28 22:55:15,010 [INFO] [client-2] Round 14 — receiving model…
2026-09-28 22:55:15,013 [INFO] recv 13933B via direct in 343ms
2026-09-28 22:55:15,030 [INFO] recv 13933B via direct in 153ms
2026-09-28 22:55:15,063 [INFO] Round 13/20  acc=0.4634  loss=1.0658  2.6s  clients=10
2026-09-28 22:55:15,064 [INFO] Round 14 — sending model to 10 clients…
2026-09-28 22:55:15,082 [ERROR] [client-1] round 13 error: stream not acknowledged: IrohError: 
2026-09-28 22:55:15,083 [INFO] [client-1] Round 14 — receiving model…
2026-09-28 22:55:15,375 [INFO] recv 13933B via direct in 121ms
2026-09-28 22:55:15,395 [INFO] [client-9] Round 14 — training locally…
2026-09-28 22:55:15,602 [INFO] [client-9] Round 14 — sending update…
2026-09-28 22:55:15,607 [INFO] recv 13933B via direct in 129ms
2026-09-28 22:55:15,720 [INFO] [client-1] Round 14 — training locally…
2026-09-28 22:55:15,985 [INFO] [client-1] Round 14 — sending update…
2026-09-28 22:55:15,995 [INFO] send 13933B via direct in 537ms (0.21 Mbit/s) to edef7b55bc1f4e74
2026-09-28 22:55:15,996 [INFO] send 13933B via direct in 533ms (0.21 Mbit/s) to 1f2eaf59a9a3dd68
2026-09-28 22:55:15,997 [INFO] send 13933B via direct in 532ms (0.21 Mbit/s) to 111f10a0b83045b4
2026-09-28 22:55:15,999 [INFO] send 13933B via direct in 533ms (0.21 Mbit/s) to a496f0313809aafb
2026-09-28 22:55:16,000 [INFO] send 13933B via direct in 532ms (0.21 Mbit/s) to 641a6765e33ce075
2026-09-28 22:55:16,002 [INFO] send 13933B via direct in 539ms (0.21 Mbit/s) to 6d8d700700925b92
2026-09-28 22:55:16,003 [INFO] send 13933B via direct in 537ms (0.21 Mbit/s) to 8489f32e11811402
2026-09-28 22:55:16,005 [INFO] recv 13933B via direct in 748ms
2026-09-28 22:55:16,008 [INFO] [client-5] Round 14 — training locally…
2026-09-28 22:55:16,161 [INFO] [client-5] Round 14 — sending update…
2026-09-28 22:55:16,166 [INFO] send 13933B via direct in 533ms (0.21 Mbit/s) to 2aa97639b6801571
2026-09-28 22:55:16,168 [INFO] send 13933B via direct in 539ms (0.21 Mbit/s) to d2dde65b37523125
2026-09-28 22:55:16,169 [INFO] recv 13933B via direct in 755ms
2026-09-28 22:55:16,171 [INFO] [client-8] Round 14 — training locally…
2026-09-28 22:55:16,319 [INFO] [client-8] Round 14 — sending update…
2026-09-28 22:55:16,323 [INFO] send 13933B via direct in 538ms (0.21 Mbit/s) to 1239f44e3d31194f
2026-09-28 22:55:16,326 [INFO] recv 13933B via direct in 766ms
2026-09-28 22:55:16,328 [INFO] [client-2] Round 14 — training locally…
2026-09-28 22:55:16,458 [INFO] [client-2] Round 14 — sending update…
2026-09-28 22:55:16,463 [INFO] recv 13933B via direct in 718ms
2026-09-28 22:55:16,467 [INFO] [client-3] Round 14 — training locally…
2026-09-28 22:55:16,623 [INFO] [client-3] Round 14 — sending update…
2026-09-28 22:55:16,703 [INFO] recv 13933B via direct in 766ms
2026-09-28 22:55:16,706 [INFO] [client-0] Round 14 — training locally…
2026-09-28 22:55:16,823 [INFO] [client-0] Round 14 — sending update…
2026-09-28 22:55:16,825 [INFO] recv 13933B via direct in 768ms
2026-09-28 22:55:16,828 [INFO] [client-4] Round 14 — training locally…
2026-09-28 22:55:16,989 [INFO] [client-4] Round 14 — sending update…
2026-09-28 22:55:17,003 [INFO] recv 13933B via direct in 763ms
2026-09-28 22:55:17,007 [INFO] [client-7] Round 14 — training locally…
2026-09-28 22:55:17,142 [INFO] [client-7] Round 14 — sending update…
2026-09-28 22:55:17,186 [INFO] recv 13933B via direct in 727ms
2026-09-28 22:55:17,189 [INFO] [client-6] Round 14 — training locally…
2026-09-28 22:55:17,324 [INFO] [client-6] Round 14 — sending update…
2026-09-28 22:55:17,327 [INFO] Round 14 — waiting for 10 updates…
2026-09-28 22:55:17,347 [INFO] recv 13933B via direct in 1342ms
2026-09-28 22:55:17,403 [ERROR] [client-9] round 14 error: stream not acknowledged: IrohError: 
2026-09-28 22:55:17,405 [INFO] [client-9] Round 15 — receiving model…
2026-09-28 22:55:17,496 [INFO] recv 13933B via direct in 157ms
2026-09-28 22:55:17,510 [INFO] recv 13933B via direct in 148ms
2026-09-28 22:55:17,516 [INFO] recv 13933B via direct in 180ms
2026-09-28 22:55:17,519 [INFO] recv 13933B via direct in 183ms
2026-09-28 22:55:17,522 [INFO] recv 13933B via direct in 183ms
2026-09-28 22:55:17,538 [INFO] send 13933B via direct in 836ms (0.13 Mbit/s) to 0f143609ec8a5622
2026-09-28 22:55:17,571 [INFO] [client-3] Round 14 done — loss=1.0401 acc=0.4505  2.8s
2026-09-28 22:55:17,573 [INFO] [client-3] Round 15 — receiving model…
2026-09-28 22:55:17,576 [ERROR] [client-8] round 14 error: stream not acknowledged: IrohError: 
2026-09-28 22:55:17,577 [INFO] [client-8] Round 15 — receiving model…
2026-09-28 22:55:17,579 [INFO] send 13933B via direct in 389ms (0.29 Mbit/s) to 0f143609ec8a5622
2026-09-28 22:55:17,599 [INFO] [client-7] Round 14 done — loss=1.0232 acc=0.4543  2.8s
2026-09-28 22:55:17,599 [INFO] [client-7] Round 15 — receiving model…
2026-09-28 22:55:17,600 [INFO] send 13933B via direct in 573ms (0.20 Mbit/s) to 0f143609ec8a5622
2026-09-28 22:55:17,629 [INFO] [client-4] Round 14 done — loss=1.0183 acc=0.4942  2.8s
2026-09-28 22:55:17,630 [INFO] [client-4] Round 15 — receiving model…
2026-09-28 22:55:17,631 [INFO] send 13933B via direct in 1113ms (0.10 Mbit/s) to 0f143609ec8a5622
2026-09-28 22:55:17,666 [INFO] [client-2] Round 14 done — loss=0.9569 acc=0.5237  2.7s
2026-09-28 22:55:17,667 [INFO] [client-2] Round 15 — receiving model…
2026-09-28 22:55:17,668 [INFO] recv 13933B via direct in 111ms
2026-09-28 22:55:17,673 [INFO] send 13933B via direct in 342ms (0.33 Mbit/s) to 0f143609ec8a5622
2026-09-28 22:55:17,711 [INFO] [client-6] Round 14 done — loss=1.0132 acc=0.4941  2.9s
2026-09-28 22:55:17,713 [INFO] [client-6] Round 15 — receiving model…
2026-09-28 22:55:17,714 [INFO] send 13933B via direct in 1681ms (0.07 Mbit/s) to 0f143609ec8a5622
2026-09-28 22:55:17,743 [INFO] [client-1] Round 14 done — loss=1.0562 acc=0.4251  2.7s
2026-09-28 22:55:17,744 [INFO] [client-1] Round 15 — receiving model…
2026-09-28 22:55:17,745 [INFO] send 13933B via direct in 844ms (0.13 Mbit/s) to 0f143609ec8a5622
2026-09-28 22:55:17,770 [INFO] [client-0] Round 14 done — loss=1.0549 acc=0.4601  3.0s
2026-09-28 22:55:17,771 [INFO] [client-0] Round 15 — receiving model…
2026-09-28 22:55:17,772 [INFO] recv 13933B via direct in 341ms
2026-09-28 22:55:17,776 [INFO] recv 13933B via direct in 343ms
2026-09-28 22:55:17,780 [INFO] recv 13933B via direct in 450ms
2026-09-28 22:55:17,806 [INFO] Round 14/20  acc=0.4639  loss=1.0631  2.7s  clients=10
2026-09-28 22:55:17,807 [INFO] Round 15 — sending model to 10 clients…
2026-09-28 22:55:17,824 [INFO] send 13933B via direct in 1660ms (0.07 Mbit/s) to 0f143609ec8a5622
2026-09-28 22:55:17,842 [INFO] [client-5] Round 14 done — loss=0.9714 acc=0.5573  2.9s
2026-09-28 22:55:17,843 [INFO] [client-5] Round 15 — receiving model…
2026-09-28 22:55:18,070 [INFO] recv 13933B via direct in 93ms
2026-09-28 22:55:18,074 [INFO] [client-5] Round 15 — training locally…
2026-09-28 22:55:18,242 [INFO] [client-5] Round 15 — sending update…
2026-09-28 22:55:18,244 [INFO] recv 13933B via direct in 86ms
2026-09-28 22:55:18,247 [INFO] [client-9] Round 15 — training locally…
2026-09-28 22:55:18,401 [INFO] [client-9] Round 15 — sending update…
2026-09-28 22:55:18,410 [INFO] send 13933B via direct in 594ms (0.19 Mbit/s) to 111f10a0b83045b4
2026-09-28 22:55:18,411 [INFO] send 13933B via direct in 589ms (0.19 Mbit/s) to edef7b55bc1f4e74
2026-09-28 22:55:18,413 [INFO] send 13933B via direct in 589ms (0.19 Mbit/s) to 2aa97639b6801571
2026-09-28 22:55:18,414 [INFO] send 13933B via direct in 591ms (0.19 Mbit/s) to 6d8d700700925b92
2026-09-28 22:55:18,420 [INFO] recv 13933B via direct in 449ms
2026-09-28 22:55:18,422 [INFO] [client-1] Round 15 — training locally…
2026-09-28 22:55:18,576 [INFO] [client-1] Round 15 — sending update…
2026-09-28 22:55:18,578 [INFO] recv 13933B via direct in 436ms
2026-09-28 22:55:18,580 [INFO] [client-3] Round 15 — training locally…
2026-09-28 22:55:18,716 [INFO] [client-3] Round 15 — sending update…
2026-09-28 22:55:18,719 [INFO] recv 13933B via direct in 422ms
2026-09-28 22:55:18,723 [INFO] [client-8] Round 15 — training locally…
2026-09-28 22:55:18,877 [INFO] [client-8] Round 15 — sending update…
2026-09-28 22:55:18,879 [INFO] recv 13933B via direct in 448ms
2026-09-28 22:55:18,884 [INFO] [client-4] Round 15 — training locally…
2026-09-28 22:55:19,056 [INFO] [client-4] Round 15 — sending update…
2026-09-28 22:55:19,060 [INFO] recv 13933B via direct in 452ms
2026-09-28 22:55:19,064 [INFO] [client-7] Round 15 — training locally…
2026-09-28 22:55:19,253 [INFO] [client-7] Round 15 — sending update…
2026-09-28 22:55:19,256 [INFO] send 13933B via direct in 595ms (0.19 Mbit/s) to a496f0313809aafb
2026-09-28 22:55:19,258 [INFO] send 13933B via direct in 598ms (0.19 Mbit/s) to 1239f44e3d31194f
2026-09-28 22:55:19,260 [INFO] send 13933B via direct in 597ms (0.19 Mbit/s) to d2dde65b37523125
2026-09-28 22:55:19,264 [INFO] recv 13933B via direct in 463ms
2026-09-28 22:55:19,266 [INFO] [client-2] Round 15 — training locally…
2026-09-28 22:55:19,478 [INFO] [client-2] Round 15 — sending update…
2026-09-28 22:55:19,495 [INFO] send 13933B via direct in 1666ms (0.07 Mbit/s) to 641a6765e33ce075
2026-09-28 22:55:19,499 [INFO] recv 13933B via direct in 1515ms
2026-09-28 22:55:19,502 [INFO] [client-0] Round 15 — training locally…
2026-09-28 22:55:19,644 [INFO] [client-0] Round 15 — sending update…
2026-09-28 22:55:19,647 [INFO] send 13933B via direct in 1681ms (0.07 Mbit/s) to 8489f32e11811402
2026-09-28 22:55:19,648 [INFO] send 13933B via direct in 1252ms (0.09 Mbit/s) to 0f143609ec8a5622
2026-09-28 22:55:19,665 [INFO] [client-5] Round 15 done — loss=0.9659 acc=0.5628  1.8s
2026-09-28 22:55:19,666 [INFO] [client-5] Round 16 — receiving model…
2026-09-28 22:55:19,668 [ERROR] send_tensors → client-5 FAILED: ConnectionError: stream not acknowledged: IrohError: 
2026-09-28 22:55:19,669 [INFO] Round 15 — waiting for 9 updates…
2026-09-28 22:55:19,670 [INFO] recv 13933B via direct in 1088ms
2026-09-28 22:55:19,672 [WARNING] Round 15 — discarding update from unselected/duplicate peer 1f2eaf59a9a3dd68
2026-09-28 22:55:19,675 [INFO] recv 13933B via direct in 1516ms
2026-09-28 22:55:19,678 [INFO] [client-6] Round 15 — training locally…
2026-09-28 22:55:19,869 [INFO] [client-6] Round 15 — sending update…
2026-09-28 22:55:19,880 [INFO] send 13933B via direct in 1472ms (0.08 Mbit/s) to 0f143609ec8a5622
2026-09-28 22:55:19,908 [INFO] [client-9] Round 15 done — loss=1.0127 acc=0.5267  2.5s
2026-09-28 22:55:19,909 [INFO] [client-9] Round 16 — receiving model…
2026-09-28 22:55:19,913 [INFO] send 13933B via direct in 1157ms (0.10 Mbit/s) to 0f143609ec8a5622
2026-09-28 22:55:19,942 [INFO] [client-3] Round 15 done — loss=1.0414 acc=0.4560  2.4s
2026-09-28 22:55:19,943 [INFO] [client-3] Round 16 — receiving model…
2026-09-28 22:55:19,945 [INFO] send 13933B via direct in 1298ms (0.09 Mbit/s) to 0f143609ec8a5622
2026-09-28 22:55:19,976 [INFO] [client-1] Round 15 done — loss=1.0560 acc=0.4296  2.2s
2026-09-28 22:55:19,977 [INFO] [client-1] Round 16 — receiving model…
2026-09-28 22:55:19,978 [INFO] send 13933B via direct in 997ms (0.11 Mbit/s) to 0f143609ec8a5622
2026-09-28 22:55:20,005 [INFO] [client-8] Round 15 done — loss=0.7558 acc=0.7160  2.4s
2026-09-28 22:55:20,006 [INFO] [client-8] Round 16 — receiving model…
2026-09-28 22:55:20,007 [INFO] send 13933B via direct in 621ms (0.18 Mbit/s) to 0f143609ec8a5622
2026-09-28 22:55:20,041 [INFO] [client-7] Round 15 done — loss=1.0274 acc=0.4533  2.4s
2026-09-28 22:55:20,042 [INFO] [client-7] Round 16 — receiving model…
2026-09-28 22:55:20,043 [INFO] send 13933B via direct in 817ms (0.14 Mbit/s) to 0f143609ec8a5622
2026-09-28 22:55:20,067 [INFO] [client-4] Round 15 done — loss=1.0170 acc=0.4924  2.4s
2026-09-28 22:55:20,068 [INFO] [client-4] Round 16 — receiving model…
2026-09-28 22:55:20,069 [INFO] recv 13933B via direct in 394ms
2026-09-28 22:55:20,071 [INFO] recv 13933B via direct in 613ms
2026-09-28 22:55:20,073 [INFO] recv 13933B via direct in 395ms
2026-09-28 22:55:20,075 [INFO] recv 13933B via direct in 395ms
2026-09-28 22:55:20,078 [INFO] recv 13933B via direct in 395ms
2026-09-28 22:55:20,080 [INFO] recv 13933B via direct in 382ms
2026-09-28 22:55:20,085 [INFO] send 13933B via direct in 603ms (0.19 Mbit/s) to 0f143609ec8a5622
2026-09-28 22:55:20,106 [INFO] [client-2] Round 15 done — loss=0.9586 acc=0.5302  2.4s
2026-09-28 22:55:20,107 [INFO] [client-2] Round 16 — receiving model…
2026-09-28 22:55:20,108 [INFO] recv 13933B via direct in 410ms
2026-09-28 22:55:20,112 [INFO] recv 13933B via direct in 208ms
2026-09-28 22:55:20,163 [ERROR] [client-0] round 15 error: stream not acknowledged: IrohError: 
2026-09-28 22:55:20,164 [INFO] [client-0] Round 16 — receiving model…
2026-09-28 22:55:20,216 [INFO] recv 13933B via direct in 133ms
2026-09-28 22:55:20,296 [INFO] Round 15/20  acc=0.4569  loss=1.0688  2.5s  clients=9
2026-09-28 22:55:20,297 [INFO] Round 16 — sending model to 10 clients…
2026-09-28 22:55:20,313 [INFO] send 13933B via direct in 441ms (0.25 Mbit/s) to 0f143609ec8a5622
2026-09-28 22:55:20,353 [INFO] [client-6] Round 15 done — loss=1.0104 acc=0.4885  2.6s
2026-09-28 22:55:20,354 [INFO] [client-6] Round 16 — receiving model…
2026-09-28 22:55:20,586 [INFO] recv 13933B via direct in 79ms
2026-09-28 22:55:20,603 [INFO] [client-0] Round 16 — training locally…
2026-09-28 22:55:20,751 [INFO] [client-0] Round 16 — sending update…
2026-09-28 22:55:20,758 [INFO] recv 13933B via direct in 89ms
2026-09-28 22:55:20,761 [INFO] [client-4] Round 16 — training locally…
2026-09-28 22:55:20,907 [INFO] [client-4] Round 16 — sending update…
2026-09-28 22:55:20,913 [INFO] send 13933B via direct in 448ms (0.25 Mbit/s) to 111f10a0b83045b4
2026-09-28 22:55:20,914 [INFO] send 13933B via direct in 454ms (0.25 Mbit/s) to edef7b55bc1f4e74
2026-09-28 22:55:20,916 [INFO] send 13933B via direct in 453ms (0.25 Mbit/s) to 6d8d700700925b92
2026-09-28 22:55:20,917 [INFO] send 13933B via direct in 448ms (0.25 Mbit/s) to a496f0313809aafb
2026-09-28 22:55:20,918 [INFO] send 13933B via direct in 448ms (0.25 Mbit/s) to 1239f44e3d31194f
2026-09-28 22:55:20,919 [INFO] recv 13933B via direct in 256ms
2026-09-28 22:55:20,921 [INFO] [client-7] Round 16 — training locally…
2026-09-28 22:55:21,045 [INFO] [client-7] Round 16 — sending update…
2026-09-28 22:55:21,048 [INFO] send 13933B via direct in 458ms (0.24 Mbit/s) to 1f2eaf59a9a3dd68
2026-09-28 22:55:21,052 [INFO] send 13933B via direct in 449ms (0.25 Mbit/s) to 641a6765e33ce075
2026-09-28 22:55:21,055 [INFO] recv 13933B via direct in 411ms
2026-09-28 22:55:21,059 [INFO] [client-1] Round 16 — training locally…
2026-09-28 22:55:21,214 [INFO] [client-1] Round 16 — sending update…
2026-09-28 22:55:21,288 [INFO] recv 13933B via direct in 412ms
2026-09-28 22:55:21,291 [INFO] [client-3] Round 16 — training locally…
2026-09-28 22:55:21,464 [INFO] [client-3] Round 16 — sending update…
2026-09-28 22:55:21,466 [INFO] recv 13933B via direct in 408ms
2026-09-28 22:55:21,469 [INFO] [client-8] Round 16 — training locally…
2026-09-28 22:55:21,617 [INFO] [client-8] Round 16 — sending update…
2026-09-28 22:55:21,619 [INFO] recv 13933B via direct in 413ms
2026-09-28 22:55:21,621 [INFO] [client-9] Round 16 — training locally…
2026-09-28 22:55:21,760 [INFO] [client-9] Round 16 — sending update…
2026-09-28 22:55:21,800 [INFO] recv 13933B via direct in 412ms
2026-09-28 22:55:21,804 [INFO] [client-5] Round 16 — training locally…
2026-09-28 22:55:21,995 [INFO] [client-5] Round 16 — sending update…
2026-09-28 22:55:22,002 [INFO] recv 13933B via direct in 518ms
2026-09-28 22:55:22,005 [INFO] [client-2] Round 16 — training locally…
2026-09-28 22:55:22,139 [INFO] [client-2] Round 16 — sending update…
2026-09-28 22:55:22,142 [INFO] send 13933B via direct in 1687ms (0.07 Mbit/s) to d2dde65b37523125
2026-09-28 22:55:22,143 [INFO] send 13933B via direct in 1692ms (0.07 Mbit/s) to 2aa97639b6801571
2026-09-28 22:55:22,155 [INFO] send 13933B via direct in 1691ms (0.07 Mbit/s) to 8489f32e11811402
2026-09-28 22:55:22,158 [INFO] Round 16 — waiting for 10 updates…
2026-09-28 22:55:22,161 [INFO] send 13933B via direct in 1403ms (0.08 Mbit/s) to 0f143609ec8a5622
2026-09-28 22:55:22,184 [INFO] [client-0] Round 16 done — loss=1.0526 acc=0.4557  2.0s
2026-09-28 22:55:22,185 [INFO] [client-0] Round 17 — receiving model…
2026-09-28 22:55:22,187 [INFO] recv 13933B via direct in 160ms
2026-09-28 22:55:22,191 [INFO] recv 13933B via direct in 1656ms
2026-09-28 22:55:22,193 [INFO] [client-6] Round 16 — training locally…
2026-09-28 22:55:22,335 [INFO] [client-6] Round 16 — sending update…
2026-09-28 22:55:22,339 [INFO] recv 13933B via direct in 185ms
2026-09-28 22:55:22,346 [INFO] send 13933B via direct in 1429ms (0.08 Mbit/s) to 0f143609ec8a5622
2026-09-28 22:55:22,373 [INFO] [client-4] Round 16 done — loss=1.0120 acc=0.4924  2.3s
2026-09-28 22:55:22,374 [INFO] [client-4] Round 17 — receiving model…
2026-09-28 22:55:22,380 [INFO] recv 13933B via direct in 373ms
2026-09-28 22:55:22,383 [INFO] recv 13933B via direct in 373ms
2026-09-28 22:55:22,386 [INFO] recv 13933B via direct in 219ms
2026-09-28 22:55:22,389 [INFO] recv 13933B via direct in 235ms
2026-09-28 22:55:22,392 [INFO] send 13933B via direct in 1090ms (0.10 Mbit/s) to 0f143609ec8a5622
2026-09-28 22:55:22,424 [INFO] [client-1] Round 16 done — loss=1.0560 acc=0.4279  2.4s
2026-09-28 22:55:22,425 [INFO] [client-1] Round 17 — receiving model…
2026-09-28 22:55:22,426 [INFO] send 13933B via direct in 381ms (0.29 Mbit/s) to 0f143609ec8a5622
2026-09-28 22:55:22,457 [INFO] [client-5] Round 16 done — loss=0.9684 acc=0.5560  2.8s
2026-09-28 22:55:22,458 [INFO] [client-5] Round 17 — receiving model…
2026-09-28 22:55:22,459 [INFO] send 13933B via direct in 578ms (0.19 Mbit/s) to 0f143609ec8a5622
2026-09-28 22:55:22,479 [INFO] [client-9] Round 16 done — loss=1.0102 acc=0.5218  2.6s
2026-09-28 22:55:22,480 [INFO] [client-9] Round 17 — receiving model…
2026-09-28 22:55:22,486 [INFO] send 13933B via direct in 1015ms (0.11 Mbit/s) to 0f143609ec8a5622
2026-09-28 22:55:22,506 [INFO] [client-3] Round 16 done — loss=1.0428 acc=0.4591  2.6s
2026-09-28 22:55:22,507 [INFO] [client-3] Round 17 — receiving model…
2026-09-28 22:55:22,508 [INFO] send 13933B via direct in 1435ms (0.08 Mbit/s) to 0f143609ec8a5622
2026-09-28 22:55:22,535 [INFO] [client-7] Round 16 done — loss=1.0282 acc=0.4430  2.5s
2026-09-28 22:55:22,536 [INFO] [client-7] Round 17 — receiving model…
2026-09-28 22:55:22,537 [INFO] recv 13933B via direct in 480ms
2026-09-28 22:55:22,544 [INFO] send 13933B via direct in 924ms (0.12 Mbit/s) to 0f143609ec8a5622
2026-09-28 22:55:22,568 [INFO] [client-8] Round 16 done — loss=0.7604 acc=0.7119  2.6s
2026-09-28 22:55:22,569 [INFO] [client-8] Round 17 — receiving model…
2026-09-28 22:55:22,570 [INFO] recv 13933B via direct in 539ms
2026-09-28 22:55:22,573 [INFO] recv 13933B via direct in 203ms
2026-09-28 22:55:22,575 [INFO] send 13933B via direct in 402ms (0.28 Mbit/s) to 0f143609ec8a5622
2026-09-28 22:55:22,596 [INFO] [client-2] Round 16 done — loss=0.9663 acc=0.5316  2.5s
2026-09-28 22:55:22,597 [INFO] [client-2] Round 17 — receiving model…
2026-09-28 22:55:23,020 [INFO] recv 13933B via direct in 477ms
2026-09-28 22:55:23,087 [INFO] Round 16/20  acc=0.4591  loss=1.0690  2.8s  clients=10
2026-09-28 22:55:23,088 [INFO] Round 17 — sending model to 10 clients…
2026-09-28 22:55:23,102 [INFO] send 13933B via direct in 764ms (0.15 Mbit/s) to 0f143609ec8a5622
2026-09-28 22:55:23,130 [INFO] [client-6] Round 16 done — loss=1.0096 acc=0.4990  2.8s
2026-09-28 22:55:23,131 [INFO] [client-6] Round 17 — receiving model…
2026-09-28 22:55:23,396 [INFO] recv 13933B via direct in 86ms
2026-09-28 22:55:23,410 [INFO] [client-3] Round 17 — training locally…
2026-09-28 22:55:23,686 [INFO] [client-3] Round 17 — sending update…
2026-09-28 22:55:23,700 [INFO] send 13933B via direct in 591ms (0.19 Mbit/s) to d2dde65b37523125
2026-09-28 22:55:23,702 [INFO] send 13933B via direct in 593ms (0.19 Mbit/s) to 1239f44e3d31194f
2026-09-28 22:55:23,703 [INFO] send 13933B via direct in 600ms (0.19 Mbit/s) to edef7b55bc1f4e74
2026-09-28 22:55:23,705 [INFO] send 13933B via direct in 597ms (0.19 Mbit/s) to 641a6765e33ce075
2026-09-28 22:55:23,707 [INFO] send 13933B via direct in 596ms (0.19 Mbit/s) to 6d8d700700925b92
2026-09-28 22:55:23,708 [INFO] send 13933B via direct in 599ms (0.19 Mbit/s) to a496f0313809aafb
2026-09-28 22:55:23,709 [INFO] send 13933B via direct in 592ms (0.19 Mbit/s) to 2aa97639b6801571
2026-09-28 22:55:23,711 [INFO] send 13933B via direct in 593ms (0.19 Mbit/s) to 1f2eaf59a9a3dd68
2026-09-28 22:55:23,712 [INFO] send 13933B via direct in 597ms (0.19 Mbit/s) to 8489f32e11811402
2026-09-28 22:55:23,713 [INFO] recv 13933B via direct in 384ms
2026-09-28 22:55:23,716 [INFO] [client-2] Round 17 — training locally…
2026-09-28 22:55:23,922 [INFO] [client-2] Round 17 — sending update…
2026-09-28 22:55:23,925 [INFO] recv 13933B via direct in 386ms
2026-09-28 22:55:23,930 [INFO] [client-0] Round 17 — training locally…
2026-09-28 22:55:24,215 [INFO] [client-0] Round 17 — sending update…
2026-09-28 22:55:24,218 [INFO] recv 13933B via direct in 384ms
2026-09-28 22:55:24,224 [INFO] [client-9] Round 17 — training locally…
2026-09-28 22:55:24,370 [INFO] [client-9] Round 17 — sending update…
2026-09-28 22:55:24,373 [INFO] recv 13933B via direct in 387ms
2026-09-28 22:55:24,378 [INFO] [client-5] Round 17 — training locally…
2026-09-28 22:55:24,511 [INFO] [client-5] Round 17 — sending update…
2026-09-28 22:55:24,515 [INFO] recv 13933B via direct in 388ms
2026-09-28 22:55:24,518 [INFO] [client-6] Round 17 — training locally…
2026-09-28 22:55:24,687 [INFO] [client-6] Round 17 — sending update…
2026-09-28 22:55:24,691 [INFO] recv 13933B via direct in 388ms
2026-09-28 22:55:24,694 [INFO] [client-1] Round 17 — training locally…
2026-09-28 22:55:24,834 [INFO] [client-1] Round 17 — sending update…
2026-09-28 22:55:24,837 [INFO] recv 13933B via direct in 388ms
2026-09-28 22:55:24,839 [INFO] [client-4] Round 17 — training locally…
2026-09-28 22:55:24,956 [INFO] [client-4] Round 17 — sending update…
2026-09-28 22:55:24,960 [INFO] recv 13933B via direct in 388ms
2026-09-28 22:55:24,962 [INFO] [client-7] Round 17 — training locally…
2026-09-28 22:55:25,100 [INFO] [client-7] Round 17 — sending update…
2026-09-28 22:55:25,103 [INFO] recv 13933B via direct in 389ms
2026-09-28 22:55:25,105 [INFO] [client-8] Round 17 — training locally…
2026-09-28 22:55:25,222 [INFO] [client-8] Round 17 — sending update…
2026-09-28 22:55:25,225 [ERROR] send_tensors → client-3 FAILED: ConnectionError: stream not acknowledged: IrohError: 
2026-09-28 22:55:25,226 [INFO] Round 17 — waiting for 9 updates…
2026-09-28 22:55:25,385 [INFO] recv 13933B via direct in 148ms
2026-09-28 22:55:25,395 [WARNING] Round 17 — discarding update from unselected/duplicate peer 111f10a0b83045b4
2026-09-28 22:55:25,399 [INFO] recv 13933B via direct in 163ms
2026-09-28 22:55:25,422 [INFO] recv 13933B via direct in 179ms
2026-09-28 22:55:25,431 [INFO] recv 13933B via direct in 179ms
2026-09-28 22:55:25,446 [INFO] send 13933B via direct in 1734ms (0.06 Mbit/s) to 0f143609ec8a5622
2026-09-28 22:55:25,501 [INFO] [client-3] Round 17 done — loss=1.0396 acc=0.4505  3.0s
2026-09-28 22:55:25,502 [INFO] [client-3] Round 18 — receiving model…
2026-09-28 22:55:25,506 [INFO] send 13933B via direct in 1579ms (0.07 Mbit/s) to 0f143609ec8a5622
2026-09-28 22:55:25,534 [INFO] [client-2] Round 17 done — loss=0.9564 acc=0.5220  2.9s
2026-09-28 22:55:25,535 [INFO] [client-2] Round 18 — receiving model…
2026-09-28 22:55:25,537 [INFO] send 13933B via direct in 1132ms (0.10 Mbit/s) to 0f143609ec8a5622
2026-09-28 22:55:25,559 [INFO] [client-9] Round 17 done — loss=1.0129 acc=0.5151  3.1s
2026-09-28 22:55:25,560 [INFO] [client-9] Round 18 — receiving model…
2026-09-28 22:55:25,562 [INFO] send 13933B via direct in 669ms (0.17 Mbit/s) to 0f143609ec8a5622
2026-09-28 22:55:25,592 [INFO] [client-1] Round 17 done — loss=1.0605 acc=0.4262  3.2s
2026-09-28 22:55:25,593 [INFO] [client-1] Round 18 — receiving model…
2026-09-28 22:55:25,594 [INFO] recv 13933B via direct in 227ms
2026-09-28 22:55:25,598 [INFO] recv 13933B via direct in 172ms
2026-09-28 22:55:25,602 [INFO] recv 13933B via direct in 302ms
2026-09-28 22:55:25,606 [INFO] send 13933B via direct in 372ms (0.30 Mbit/s) to 0f143609ec8a5622
2026-09-28 22:55:25,635 [INFO] [client-8] Round 17 done — loss=0.7547 acc=0.7136  3.1s
2026-09-28 22:55:25,636 [INFO] [client-8] Round 18 — receiving model…
2026-09-28 22:55:25,637 [INFO] send 13933B via direct in 1380ms (0.08 Mbit/s) to 0f143609ec8a5622
2026-09-28 22:55:25,657 [INFO] [client-0] Round 17 done — loss=1.0502 acc=0.4661  3.5s
2026-09-28 22:55:25,658 [INFO] [client-0] Round 18 — receiving model…
2026-09-28 22:55:25,660 [INFO] send 13933B via direct in 1090ms (0.10 Mbit/s) to 0f143609ec8a5622
2026-09-28 22:55:25,680 [INFO] [client-5] Round 17 done — loss=0.9666 acc=0.5567  3.2s
2026-09-28 22:55:25,681 [INFO] [client-5] Round 18 — receiving model…
2026-09-28 22:55:25,682 [INFO] send 13933B via direct in 502ms (0.22 Mbit/s) to 0f143609ec8a5622
2026-09-28 22:55:25,695 [INFO] [client-7] Round 17 done — loss=1.0279 acc=0.4536  3.2s
2026-09-28 22:55:25,697 [INFO] [client-7] Round 18 — receiving model…
2026-09-28 22:55:25,698 [INFO] recv 13933B via direct in 370ms
2026-09-28 22:55:25,713 [INFO] recv 13933B via direct in 477ms
2026-09-28 22:55:25,717 [INFO] recv 13933B via direct in 480ms
2026-09-28 22:55:25,734 [INFO] Round 17/20  acc=0.4538  loss=1.0800  2.6s  clients=9
2026-09-28 22:55:25,736 [INFO] Round 18 — sending model to 10 clients…
2026-09-28 22:55:25,758 [INFO] send 13933B via direct in 1067ms (0.10 Mbit/s) to 0f143609ec8a5622
2026-09-28 22:55:25,791 [INFO] [client-6] Round 17 done — loss=1.0115 acc=0.4917  2.7s
2026-09-28 22:55:25,792 [INFO] [client-6] Round 18 — receiving model…
2026-09-28 22:55:25,794 [INFO] send 13933B via direct in 835ms (0.13 Mbit/s) to 0f143609ec8a5622
2026-09-28 22:55:25,822 [INFO] [client-4] Round 17 done — loss=1.0132 acc=0.4904  3.4s
2026-09-28 22:55:25,823 [INFO] [client-4] Round 18 — receiving model…
2026-09-28 22:55:25,996 [INFO] recv 13933B via direct in 107ms
2026-09-28 22:55:26,002 [INFO] [client-9] Round 18 — training locally…
2026-09-28 22:55:26,178 [INFO] [client-9] Round 18 — sending update…
2026-09-28 22:55:26,190 [INFO] send 13933B via direct in 439ms (0.25 Mbit/s) to 2aa97639b6801571
2026-09-28 22:55:26,192 [INFO] send 13933B via direct in 440ms (0.25 Mbit/s) to a496f0313809aafb
2026-09-28 22:55:26,194 [INFO] send 13933B via direct in 445ms (0.25 Mbit/s) to d2dde65b37523125
2026-09-28 22:55:26,196 [INFO] send 13933B via direct in 442ms (0.25 Mbit/s) to 111f10a0b83045b4
2026-09-28 22:55:26,197 [INFO] send 13933B via direct in 445ms (0.25 Mbit/s) to 6d8d700700925b92
2026-09-28 22:55:26,199 [INFO] send 13933B via direct in 442ms (0.25 Mbit/s) to 641a6765e33ce075
2026-09-28 22:55:26,201 [INFO] send 13933B via direct in 445ms (0.25 Mbit/s) to 1f2eaf59a9a3dd68
2026-09-28 22:55:26,202 [INFO] send 13933B via direct in 441ms (0.25 Mbit/s) to 1239f44e3d31194f
2026-09-28 22:55:26,204 [INFO] send 13933B via direct in 445ms (0.25 Mbit/s) to edef7b55bc1f4e74
2026-09-28 22:55:26,206 [INFO] recv 13933B via direct in 295ms
2026-09-28 22:55:26,208 [INFO] [client-2] Round 18 — training locally…
2026-09-28 22:55:26,328 [INFO] [client-2] Round 18 — sending update…
2026-09-28 22:55:26,331 [INFO] recv 13933B via direct in 299ms
2026-09-28 22:55:26,333 [INFO] [client-8] Round 18 — training locally…
2026-09-28 22:55:26,471 [INFO] [client-8] Round 18 — sending update…
2026-09-28 22:55:26,474 [INFO] recv 13933B via direct in 290ms
2026-09-28 22:55:26,477 [INFO] [client-4] Round 18 — training locally…
2026-09-28 22:55:26,593 [INFO] [client-4] Round 18 — sending update…
2026-09-28 22:55:26,602 [INFO] recv 13933B via direct in 283ms
2026-09-28 22:55:26,606 [INFO] [client-1] Round 18 — training locally…
2026-09-28 22:55:26,772 [INFO] [client-1] Round 18 — sending update…
2026-09-28 22:55:26,877 [INFO] recv 13933B via direct in 288ms
2026-09-28 22:55:26,888 [INFO] [client-7] Round 18 — training locally…
2026-09-28 22:55:27,126 [INFO] [client-7] Round 18 — sending update…
2026-09-28 22:55:27,129 [INFO] recv 13933B via direct in 302ms
2026-09-28 22:55:27,133 [INFO] [client-5] Round 18 — training locally…
2026-09-28 22:55:27,319 [INFO] [client-5] Round 18 — sending update…
2026-09-28 22:55:27,322 [INFO] recv 13933B via direct in 271ms
2026-09-28 22:55:27,326 [INFO] [client-3] Round 18 — training locally…
2026-09-28 22:55:27,480 [INFO] [client-3] Round 18 — sending update…
2026-09-28 22:55:27,516 [INFO] recv 13933B via direct in 271ms
2026-09-28 22:55:27,520 [INFO] [client-0] Round 18 — training locally…
2026-09-28 22:55:27,623 [INFO] [client-0] Round 18 — sending update…
2026-09-28 22:55:27,645 [INFO] send 13933B via direct in 1892ms (0.06 Mbit/s) to 8489f32e11811402
2026-09-28 22:55:27,647 [INFO] Round 18 — waiting for 10 updates…
2026-09-28 22:55:27,648 [INFO] recv 13933B via direct in 1726ms
2026-09-28 22:55:27,650 [INFO] [client-6] Round 18 — training locally…
2026-09-28 22:55:27,800 [INFO] [client-6] Round 18 — sending update…
2026-09-28 22:55:27,813 [INFO] recv 13933B via direct in 181ms
2026-09-28 22:55:27,816 [INFO] recv 13933B via direct in 182ms
2026-09-28 22:55:27,818 [INFO] recv 13933B via direct in 182ms
2026-09-28 22:55:27,821 [INFO] recv 13933B via direct in 182ms
2026-09-28 22:55:27,824 [INFO] recv 13933B via direct in 183ms
2026-09-28 22:55:27,828 [INFO] recv 13933B via direct in 197ms
2026-09-28 22:55:27,830 [INFO] send 13933B via direct in 1225ms (0.09 Mbit/s) to 0f143609ec8a5622
2026-09-28 22:55:27,853 [INFO] [client-4] Round 18 done — loss=1.0156 acc=0.4883  2.0s
2026-09-28 22:55:27,855 [INFO] [client-4] Round 19 — receiving model…
2026-09-28 22:55:27,857 [ERROR] [client-7] round 18 error: stream not acknowledged: IrohError: 
2026-09-28 22:55:27,858 [INFO] [client-7] Round 19 — receiving model…
2026-09-28 22:55:27,859 [INFO] send 13933B via direct in 1526ms (0.07 Mbit/s) to 0f143609ec8a5622
2026-09-28 22:55:27,902 [INFO] [client-2] Round 18 done — loss=0.9606 acc=0.5278  2.4s
2026-09-28 22:55:27,904 [INFO] [client-2] Round 19 — receiving model…
2026-09-28 22:55:27,906 [INFO] send 13933B via direct in 984ms (0.11 Mbit/s) to 0f143609ec8a5622
2026-09-28 22:55:27,939 [INFO] [client-1] Round 18 done — loss=1.0579 acc=0.4348  2.3s
2026-09-28 22:55:27,940 [INFO] [client-1] Round 19 — receiving model…
2026-09-28 22:55:27,942 [ERROR] [client-9] round 18 error: stream not acknowledged: IrohError: 
2026-09-28 22:55:27,943 [INFO] [client-9] Round 19 — receiving model…
2026-09-28 22:55:27,948 [INFO] send 13933B via direct in 620ms (0.18 Mbit/s) to 0f143609ec8a5622
2026-09-28 22:55:27,981 [INFO] [client-5] Round 18 done — loss=0.9676 acc=0.5611  2.3s
2026-09-28 22:55:27,982 [INFO] [client-5] Round 19 — receiving model…
2026-09-28 22:55:27,984 [INFO] recv 13933B via direct in 315ms
2026-09-28 22:55:27,989 [INFO] send 13933B via direct in 1473ms (0.08 Mbit/s) to 0f143609ec8a5622
2026-09-28 22:55:28,012 [INFO] [client-8] Round 18 done — loss=0.7572 acc=0.7146  2.4s
2026-09-28 22:55:28,012 [INFO] [client-8] Round 19 — receiving model…
2026-09-28 22:55:28,062 [INFO] recv 13933B via direct in 49ms
2026-09-28 22:55:28,125 [INFO] send 13933B via direct in 321ms (0.35 Mbit/s) to 0f143609ec8a5622
2026-09-28 22:55:28,176 [INFO] [client-6] Round 18 done — loss=1.0110 acc=0.4951  2.4s
2026-09-28 22:55:28,177 [INFO] [client-6] Round 19 — receiving model…
2026-09-28 22:55:28,249 [INFO] recv 13933B via direct in 441ms
2026-09-28 22:55:28,277 [INFO] recv 13933B via direct in 471ms
2026-09-28 22:55:28,350 [INFO] Round 18/20  acc=0.4695  loss=1.0569  2.6s  clients=10
2026-09-28 22:55:28,352 [INFO] Round 19 — sending model to 10 clients…
2026-09-28 22:55:28,362 [INFO] send 13933B via direct in 736ms (0.15 Mbit/s) to 0f143609ec8a5622
2026-09-28 22:55:28,380 [INFO] [client-0] Round 18 done — loss=1.0506 acc=0.4492  2.7s
2026-09-28 22:55:28,382 [INFO] [client-0] Round 19 — receiving model…
2026-09-28 22:55:28,383 [INFO] send 13933B via direct in 846ms (0.13 Mbit/s) to 0f143609ec8a5622
2026-09-28 22:55:28,491 [INFO] [client-3] Round 18 done — loss=1.0413 acc=0.4571  3.0s
2026-09-28 22:55:28,544 [INFO] [client-3] Round 19 — receiving model…
2026-09-28 22:55:28,709 [INFO] recv 13933B via direct in 144ms
2026-09-28 22:55:28,735 [INFO] [client-4] Round 19 — training locally…
2026-09-28 22:55:28,889 [INFO] [client-4] Round 19 — sending update…
2026-09-28 22:55:28,901 [INFO] send 13933B via direct in 537ms (0.21 Mbit/s) to 1239f44e3d31194f
2026-09-28 22:55:28,902 [INFO] send 13933B via direct in 540ms (0.21 Mbit/s) to 2aa97639b6801571
2026-09-28 22:55:28,904 [INFO] send 13933B via direct in 535ms (0.21 Mbit/s) to 641a6765e33ce075
2026-09-28 22:55:28,905 [INFO] send 13933B via direct in 533ms (0.21 Mbit/s) to 8489f32e11811402
2026-09-28 22:55:28,907 [INFO] send 13933B via direct in 536ms (0.21 Mbit/s) to edef7b55bc1f4e74
2026-09-28 22:55:28,909 [INFO] send 13933B via direct in 535ms (0.21 Mbit/s) to 111f10a0b83045b4
2026-09-28 22:55:28,911 [INFO] send 13933B via direct in 538ms (0.21 Mbit/s) to 6d8d700700925b92
2026-09-28 22:55:28,912 [INFO] send 13933B via direct in 534ms (0.21 Mbit/s) to a496f0313809aafb
2026-09-28 22:55:28,914 [INFO] send 13933B via direct in 541ms (0.21 Mbit/s) to 1f2eaf59a9a3dd68
2026-09-28 22:55:28,915 [INFO] send 13933B via direct in 536ms (0.21 Mbit/s) to d2dde65b37523125
2026-09-28 22:55:28,917 [INFO] recv 13933B via direct in 334ms
2026-09-28 22:55:28,920 [INFO] [client-6] Round 19 — training locally…
2026-09-28 22:55:29,090 [INFO] [client-6] Round 19 — sending update…
2026-09-28 22:55:29,134 [INFO] recv 13933B via direct in 335ms
2026-09-28 22:55:29,139 [INFO] [client-9] Round 19 — training locally…
2026-09-28 22:55:29,342 [INFO] [client-9] Round 19 — sending update…
2026-09-28 22:55:29,344 [INFO] recv 13933B via direct in 335ms
2026-09-28 22:55:29,349 [INFO] [client-2] Round 19 — training locally…
2026-09-28 22:55:29,526 [INFO] [client-2] Round 19 — sending update…
2026-09-28 22:55:29,528 [INFO] recv 13933B via direct in 336ms
2026-09-28 22:55:29,531 [INFO] [client-5] Round 19 — training locally…
2026-09-28 22:55:29,667 [INFO] [client-5] Round 19 — sending update…
2026-09-28 22:55:29,671 [INFO] recv 13933B via direct in 336ms
2026-09-28 22:55:29,674 [INFO] [client-1] Round 19 — training locally…
2026-09-28 22:55:29,818 [INFO] [client-1] Round 19 — sending update…
2026-09-28 22:55:29,821 [INFO] recv 13933B via direct in 337ms
2026-09-28 22:55:29,824 [INFO] [client-0] Round 19 — training locally…
2026-09-28 22:55:29,923 [INFO] [client-0] Round 19 — sending update…
2026-09-28 22:55:29,926 [INFO] recv 13933B via direct in 337ms
2026-09-28 22:55:29,929 [INFO] [client-3] Round 19 — training locally…
2026-09-28 22:55:30,054 [INFO] [client-3] Round 19 — sending update…
2026-09-28 22:55:30,056 [INFO] recv 13933B via direct in 337ms
2026-09-28 22:55:30,060 [INFO] [client-7] Round 19 — training locally…
2026-09-28 22:55:30,203 [INFO] [client-7] Round 19 — sending update…
2026-09-28 22:55:30,206 [INFO] recv 13933B via direct in 337ms
2026-09-28 22:55:30,211 [INFO] [client-8] Round 19 — training locally…
2026-09-28 22:55:30,344 [INFO] [client-8] Round 19 — sending update…
2026-09-28 22:55:30,348 [INFO] Round 19 — waiting for 10 updates…
2026-09-28 22:55:30,514 [INFO] recv 13933B via direct in 159ms
2026-09-28 22:55:30,530 [INFO] recv 13933B via direct in 173ms
2026-09-28 22:55:30,535 [INFO] recv 13933B via direct in 175ms
2026-09-28 22:55:30,538 [INFO] recv 13933B via direct in 166ms
2026-09-28 22:55:30,563 [INFO] send 13933B via direct in 1668ms (0.07 Mbit/s) to 0f143609ec8a5622
2026-09-28 22:55:30,638 [INFO] [client-4] Round 19 done — loss=1.0119 acc=0.5003  2.8s
2026-09-28 22:55:30,678 [INFO] [client-4] Round 20 — receiving model…
2026-09-28 22:55:30,687 [INFO] send 13933B via direct in 755ms (0.15 Mbit/s) to 0f143609ec8a5622
2026-09-28 22:55:30,724 [INFO] [client-0] Round 19 done — loss=1.0559 acc=0.4566  2.3s
2026-09-28 22:55:30,726 [INFO] [client-0] Round 20 — receiving model…
2026-09-28 22:55:30,727 [INFO] send 13933B via direct in 475ms (0.24 Mbit/s) to 0f143609ec8a5622
2026-09-28 22:55:30,756 [INFO] [client-7] Round 19 done — loss=1.0242 acc=0.4547  2.9s
2026-09-28 22:55:30,757 [INFO] [client-7] Round 20 — receiving model…
2026-09-28 22:55:30,758 [INFO] send 13933B via direct in 1153ms (0.10 Mbit/s) to 0f143609ec8a5622
2026-09-28 22:55:30,781 [INFO] [client-2] Round 19 done — loss=0.9610 acc=0.5299  2.9s
2026-09-28 22:55:30,782 [INFO] [client-2] Round 20 — receiving model…
2026-09-28 22:55:30,784 [INFO] send 13933B via direct in 1013ms (0.11 Mbit/s) to 0f143609ec8a5622
2026-09-28 22:55:30,810 [INFO] [client-5] Round 19 done — loss=0.9707 acc=0.5580  2.8s
2026-09-28 22:55:30,811 [INFO] [client-5] Round 20 — receiving model…
2026-09-28 22:55:30,812 [INFO] send 13933B via direct in 627ms (0.18 Mbit/s) to 0f143609ec8a5622
2026-09-28 22:55:30,831 [INFO] [client-3] Round 19 done — loss=1.0440 acc=0.4598  2.3s
2026-09-28 22:55:30,832 [INFO] [client-3] Round 20 — receiving model…
2026-09-28 22:55:30,833 [INFO] send 13933B via direct in 862ms (0.13 Mbit/s) to 0f143609ec8a5622
2026-09-28 22:55:30,854 [INFO] [client-1] Round 19 done — loss=1.0577 acc=0.4207  2.9s
2026-09-28 22:55:30,856 [INFO] [client-1] Round 20 — receiving model…
2026-09-28 22:55:30,857 [INFO] send 13933B via direct in 1550ms (0.07 Mbit/s) to 0f143609ec8a5622
2026-09-28 22:55:30,876 [INFO] [client-6] Round 19 done — loss=1.0121 acc=0.4972  2.7s
2026-09-28 22:55:30,877 [INFO] [client-6] Round 20 — receiving model…
2026-09-28 22:55:30,879 [INFO] recv 13933B via direct in 332ms
2026-09-28 22:55:30,881 [INFO] recv 13933B via direct in 334ms
2026-09-28 22:55:30,884 [INFO] recv 13933B via direct in 335ms
2026-09-28 22:55:30,886 [INFO] recv 13933B via direct in 335ms
2026-09-28 22:55:30,889 [INFO] recv 13933B via direct in 336ms
2026-09-28 22:55:30,891 [INFO] recv 13933B via direct in 175ms
2026-09-28 22:55:30,916 [INFO] Round 19/20  acc=0.4704  loss=1.0609  2.6s  clients=10
2026-09-28 22:55:30,918 [INFO] Round 20 — sending model to 10 clients…
2026-09-28 22:55:30,929 [INFO] send 13933B via direct in 1544ms (0.07 Mbit/s) to 0f143609ec8a5622
2026-09-28 22:55:30,950 [INFO] [client-9] Round 19 done — loss=1.0096 acc=0.5232  3.0s
2026-09-28 22:55:30,952 [INFO] [client-9] Round 20 — receiving model…
2026-09-28 22:55:30,953 [INFO] send 13933B via direct in 541ms (0.21 Mbit/s) to 0f143609ec8a5622
2026-09-28 22:55:30,990 [INFO] [client-8] Round 19 done — loss=0.7668 acc=0.7119  3.0s
2026-09-28 22:55:30,991 [INFO] [client-8] Round 20 — receiving model…
2026-09-28 22:55:31,259 [INFO] recv 13933B via direct in 165ms
2026-09-28 22:55:31,280 [INFO] [client-0] Round 20 — training locally…
2026-09-28 22:55:31,526 [INFO] [client-0] Round 20 — sending update…
2026-09-28 22:55:31,539 [INFO] send 13933B via direct in 602ms (0.19 Mbit/s) to 641a6765e33ce075
2026-09-28 22:55:31,541 [INFO] send 13933B via direct in 606ms (0.18 Mbit/s) to 6d8d700700925b92
2026-09-28 22:55:31,543 [INFO] send 13933B via direct in 603ms (0.19 Mbit/s) to 2aa97639b6801571
2026-09-28 22:55:31,544 [INFO] send 13933B via direct in 609ms (0.18 Mbit/s) to 111f10a0b83045b4
2026-09-28 22:55:31,546 [INFO] send 13933B via direct in 606ms (0.18 Mbit/s) to edef7b55bc1f4e74
2026-09-28 22:55:31,548 [INFO] recv 13933B via direct in 453ms
2026-09-28 22:55:31,550 [INFO] [client-2] Round 20 — training locally…
2026-09-28 22:55:31,812 [INFO] [client-2] Round 20 — sending update…
2026-09-28 22:55:31,814 [INFO] recv 13933B via direct in 449ms
2026-09-28 22:55:31,816 [INFO] [client-9] Round 20 — training locally…
2026-09-28 22:55:32,034 [INFO] [client-9] Round 20 — sending update…
2026-09-28 22:55:32,037 [INFO] recv 13933B via direct in 460ms
2026-09-28 22:55:32,041 [INFO] [client-5] Round 20 — training locally…
2026-09-28 22:55:32,190 [INFO] [client-5] Round 20 — sending update…
2026-09-28 22:55:32,193 [INFO] recv 13933B via direct in 464ms
2026-09-28 22:55:32,195 [INFO] [client-6] Round 20 — training locally…
2026-09-28 22:55:32,312 [INFO] [client-6] Round 20 — sending update…
2026-09-28 22:55:32,418 [INFO] recv 13933B via direct in 463ms
2026-09-28 22:55:32,433 [INFO] [client-4] Round 20 — training locally…
2026-09-28 22:55:32,629 [INFO] [client-4] Round 20 — sending update…
2026-09-28 22:55:32,631 [INFO] recv 13933B via direct in 453ms
2026-09-28 22:55:32,635 [INFO] [client-7] Round 20 — training locally…
2026-09-28 22:55:32,768 [INFO] [client-7] Round 20 — sending update…
2026-09-28 22:55:32,770 [INFO] recv 13933B via direct in 458ms
2026-09-28 22:55:32,774 [INFO] [client-3] Round 20 — training locally…
2026-09-28 22:55:32,902 [INFO] [client-3] Round 20 — sending update…
2026-09-28 22:55:32,911 [INFO] send 13933B via direct in 605ms (0.18 Mbit/s) to 8489f32e11811402
2026-09-28 22:55:32,912 [INFO] send 13933B via direct in 611ms (0.18 Mbit/s) to a496f0313809aafb
2026-09-28 22:55:32,914 [INFO] send 13933B via direct in 605ms (0.18 Mbit/s) to 1f2eaf59a9a3dd68
2026-09-28 22:55:32,916 [INFO] send 13933B via direct in 606ms (0.18 Mbit/s) to d2dde65b37523125
2026-09-28 22:55:32,918 [INFO] recv 13933B via direct in 448ms
2026-09-28 22:55:32,921 [INFO] [client-8] Round 20 — training locally…
2026-09-28 22:55:33,048 [INFO] [client-8] Round 20 — sending update…
2026-09-28 22:55:33,052 [INFO] recv 13933B via direct in 443ms
2026-09-28 22:55:33,055 [INFO] [client-1] Round 20 — training locally…
2026-09-28 22:55:33,184 [INFO] [client-1] Round 20 — sending update…
2026-09-28 22:55:33,188 [INFO] send 13933B via direct in 624ms (0.18 Mbit/s) to 1239f44e3d31194f
2026-09-28 22:55:33,191 [INFO] Round 20 — waiting for 10 updates…
2026-09-28 22:55:33,347 [INFO] recv 13933B via direct in 154ms
2026-09-28 22:55:33,359 [INFO] recv 13933B via direct in 145ms
2026-09-28 22:55:33,364 [INFO] recv 13933B via direct in 166ms
2026-09-28 22:55:33,368 [INFO] recv 13933B via direct in 168ms
2026-09-28 22:55:33,371 [INFO] recv 13933B via direct in 166ms
2026-09-28 22:55:33,374 [INFO] recv 13933B via direct in 178ms
2026-09-28 22:55:33,379 [INFO] recv 13933B via direct in 168ms
2026-09-28 22:55:33,382 [INFO] recv 13933B via direct in 184ms
2026-09-28 22:55:33,388 [INFO] recv 13933B via direct in 168ms
2026-09-28 22:55:33,458 [ERROR] [client-9] round 20 error: stream not acknowledged: IrohError: 
2026-09-28 22:55:33,460 [ERROR] [client-2] round 20 error: stream not acknowledged: IrohError: 
2026-09-28 22:55:33,463 [ERROR] [client-3] round 20 error: stream not acknowledged: IrohError: 
2026-09-28 22:55:33,469 [INFO] send 13933B via direct in 409ms (0.27 Mbit/s) to 0f143609ec8a5622
2026-09-28 22:55:33,529 [INFO] [client-8] Round 20 done — loss=0.7594 acc=0.7146  2.5s
2026-09-28 22:55:33,530 [INFO] send 13933B via direct in 1267ms (0.09 Mbit/s) to 0f143609ec8a5622
2026-09-28 22:55:33,555 [INFO] [client-5] Round 20 done — loss=0.9719 acc=0.5560  2.7s
2026-09-28 22:55:33,557 [INFO] send 13933B via direct in 1045ms (0.11 Mbit/s) to 0f143609ec8a5622
2026-09-28 22:55:33,583 [INFO] [client-6] Round 20 done — loss=1.0141 acc=0.4938  2.7s
2026-09-28 22:55:33,585 [INFO] send 13933B via direct in 1931ms (0.06 Mbit/s) to 0f143609ec8a5622
2026-09-28 22:55:33,613 [INFO] [client-0] Round 20 done — loss=1.0510 acc=0.4605  2.9s
2026-09-28 22:55:33,614 [INFO] send 13933B via direct in 690ms (0.16 Mbit/s) to 0f143609ec8a5622
2026-09-28 22:55:33,645 [INFO] [client-7] Round 20 done — loss=1.0293 acc=0.4492  2.9s
2026-09-28 22:55:33,646 [INFO] send 13933B via direct in 832ms (0.13 Mbit/s) to 0f143609ec8a5622
2026-09-28 22:55:33,684 [INFO] [client-4] Round 20 done — loss=1.0076 acc=0.4997  3.0s
2026-09-28 22:55:33,686 [INFO] recv 13933B via direct in 112ms
2026-09-28 22:55:33,885 [INFO] Round 20/20  acc=0.4704  loss=1.0618  3.0s  clients=10
2026-09-28 22:55:33,887 [INFO] send 13933B via direct in 499ms (0.22 Mbit/s) to 0f143609ec8a5622
2026-09-28 22:55:33,934 [INFO] [client-1] Round 20 done — loss=1.0561 acc=0.4258  3.1s
2026-09-28 22:55:34,131 [INFO] CoAP server [client-0] stopped
2026-09-28 22:55:34,386 [INFO] CoAP server [client-1] stopped
2026-09-28 22:55:34,498 [INFO] CoAP server [client-2] stopped
2026-09-28 22:55:34,604 [INFO] CoAP server [client-3] stopped
2026-09-28 22:55:34,711 [INFO] CoAP server [client-4] stopped
2026-09-28 22:55:34,822 [INFO] CoAP server [client-5] stopped
2026-09-28 22:55:34,931 [INFO] CoAP server [client-6] stopped
2026-09-28 22:55:35,042 [INFO] CoAP server [client-7] stopped
2026-09-28 22:55:35,151 [INFO] CoAP server [client-8] stopped
2026-09-28 22:55:35,257 [INFO] CoAP server [client-9] stopped
2026-09-28 22:55:35,385 [INFO] CoAP server [server] stopped
2026-09-28 22:55:35,396 [INFO] Exported 20 rows → results/e11/delay_50/e7_airmlp_geographic_round_events.csv
2026-09-28 22:57:50,625 [INFO] AirMLP airmlp_geographic done: {'node_id': 'server', 'architecture': 'B', 'scenario': 'e7_airmlp_geographic', 'rounds_total': 20, 'rounds_success': 20, 'test_acc_final': 0.4703734905925302, 'test_acc_max': 0.4703734905925302, 'duration_mean_sec': 10.233574653149844, 'pct_direct': 0.0, 'pct_relay': 0.0, 'bytes_to_aggregator': 2709986}  macro-F1=0.3931  bal-acc=0.4273
2026-09-28 22:57:50,668 [INFO] E11 delay_50: {"condition": "delay_50", "netem": "delay 50ms 5ms distribution normal", "fl_wall_s": 414.2, "rounds_ok": 20, "rounds": 20, "round_s_median": 2.65, "round_s_max": 152.784, "test_acc_final": 0.4703734905925302, "macro_f1": 0.3931247506157753, "balanced_accuracy": 0.4272890700741572, "xfer_100kB_ok": "9/10", "xfer_100kB_ms_median": 1155.9, "xfer_1000kB_ok": "10/10", "xfer_1000kB_ms_median": 6360.1, "xfer_10000kB_ok": "10/10", "xfer_10000kB_ms_median": 49133.2}
