t_wall,t_mono,proc_cpu_pct,sys_cpu_pct,rss_mb,power_w,n_procs
1791238008.4712698,4812413.481372715,0.0,0.0,254.52,2.7,1
1791238008.6737714,4812413.683873782,73.4,46.3,268.16,4.4131,1
1791238008.8762426,4812413.886345214,5.0,96.3,269.68,6.2631,1
1791238009.0776753,4812414.087776753,49.4,43.0,269.87,4.291,1
1791238009.2790973,4812414.289198864,44.7,11.3,269.95,3.1181,1
1791238009.4847379,4812414.494839246,44.7,17.1,273.79,3.3327,1
1791238009.6861658,4812414.69626766,38.9,8.9,274.6,3.0293,1
1791238009.8888445,4812414.898945653,9.9,3.7,274.88,2.8369,1
1791238010.0902843,4812415.10038615,4.9,1.3,274.88,2.7481,1
1791238010.2916327,4812415.301734251,0.0,2.5,274.88,2.7925,1
1791238010.4930358,4812415.503137247,0.0,1.2,274.88,2.7444,1
1791238010.6944115,4812415.704513161,5.0,1.2,274.88,2.7444,1
1791238010.8957472,4812415.905848605,5.0,0.0,274.88,2.7,1
1791238011.0971184,4812416.107220039,0.0,1.2,274.88,2.7444,1
1791238011.2985284,4812416.308630223,0.0,2.5,274.88,2.7925,1
1791238011.4998245,4812416.509925824,5.0,0.0,274.88,2.7,1
1791238011.701061,4812416.711162727,0.0,0.0,274.88,2.7,1
1791238011.9024699,4812416.912571765,5.0,1.3,274.88,2.7481,1
1791238012.1037593,4812417.113860803,0.0,2.5,274.88,2.7925,1
1791238012.3050919,4812417.315193591,5.0,0.0,274.88,2.7,1
1791238012.5065243,4812417.51662591,0.0,1.3,274.88,2.7481,1
1791238012.7078083,4812417.717909584,5.0,0.0,274.88,2.7,1
1791238012.9091678,4812417.919269195,0.0,1.2,274.88,2.7444,1
1791238013.110586,4812418.120687451,9.9,2.5,274.88,2.7925,1
1791238013.3118932,4812418.321994927,0.0,0.0,274.88,2.7,1
1791238013.513189,4812418.523290892,0.0,0.0,274.88,2.7,1
1791238013.7146115,4812418.724713523,0.0,0.0,274.88,2.7,1
1791238013.9159348,4812418.926035947,0.0,0.0,274.88,2.7,1
1791238014.1172838,4812419.127385453,0.0,1.3,274.88,2.7481,1
1791238014.3194134,4812419.329515895,5.0,0.0,274.88,2.7,1
1791238014.5214963,4812419.531599045,0.0,0.0,274.88,2.7,1
1791238014.7236214,4812419.733723394,0.0,1.2,274.88,2.7444,1
1791238014.9257238,4812419.935826127,0.0,0.0,274.88,2.7,1
1791238015.1278186,4812420.137920944,0.0,0.0,274.88,2.7,1
1791238015.329796,4812420.339899199,4.9,0.0,274.88,2.7,1
1791238015.5318947,4812420.541997453,0.0,1.2,274.88,2.7444,1
1791238015.7338722,4812420.743974302,0.0,0.0,274.88,2.7,1
1791238015.936586,4812420.946688909,0.0,1.3,274.88,2.7481,1
1791238016.1387322,4812421.148835184,0.0,0.0,274.88,2.7,1
1791238016.3406656,4812421.35076823,4.9,0.0,274.88,2.7,1
1791238016.5428293,4812421.552931744,0.0,0.0,274.88,2.7,1
1791238016.7447076,4812421.754809791,0.0,0.0,274.88,2.7,1
1791238016.9468875,4812421.956989659,0.0,1.3,274.88,2.7481,1
1791238017.1489854,4812422.159088017,4.9,0.0,274.88,2.7,1
1791238017.351146,4812422.361248407,0.0,1.3,274.88,2.7481,1
1791238017.5531573,4812422.563259786,0.0,0.0,274.88,2.7,1
1791238017.755072,4812422.765174342,0.0,0.0,274.88,2.7,1
1791238017.957177,4812422.967279367,0.0,1.2,274.88,2.7444,1
1791238018.1592066,4812423.169309184,5.0,1.2,274.88,2.7444,1
1791238018.3611474,4812423.371249625,0.0,0.0,274.88,2.7,1
1791238018.5632675,4812423.573370379,0.0,0.0,274.88,2.7,1
1791238018.7654085,4812423.775511237,4.9,0.0,274.88,2.7,1
1791238018.9675612,4812423.977663709,0.0,1.2,274.88,2.7444,1
1791238019.1695888,4812424.179691026,0.0,0.0,274.88,2.7,1
1791238019.3717067,4812424.381809227,0.0,0.0,274.88,2.7,1
1791238019.5738251,4812424.583927481,0.0,1.3,274.88,2.7481,1
1791238019.7760127,4812424.786115057,4.9,0.0,274.88,2.7,1
1791238019.977899,4812424.988080446,0.0,1.3,274.88,2.7481,1
1791238020.1800003,4812425.190102814,0.0,1.2,274.88,2.7444,1
1791238020.3821456,4812425.392248255,4.9,0.0,274.88,2.7,1
1791238020.5841038,4812425.594206717,0.0,0.0,274.88,2.7,1
1791238020.7861462,4812425.796248617,0.0,0.0,274.88,2.7,1
1791238020.9882765,4812425.998378901,0.0,1.3,274.88,2.7481,1
1791238021.1903389,4812426.200441478,0.0,0.0,274.88,2.7,1
1791238021.392424,4812426.402526345,0.0,2.4,274.88,2.7888,1
1791238021.5944753,4812426.60457788,0.0,0.0,274.88,2.7,1
1791238021.796343,4812426.806445665,0.0,0.0,274.88,2.7,1
1791238021.9985015,4812427.008604127,5.0,0.0,274.88,2.7,1
1791238022.2004406,4812427.210542953,0.0,1.2,274.88,2.7444,1
1791238022.4024396,4812427.412542039,0.0,0.0,274.88,2.7,1
1791238022.6044629,4812427.614565241,0.0,0.0,274.88,2.7,1
1791238022.8065555,4812427.816657765,0.0,0.0,274.88,2.7,1
1791238023.0086615,4812428.01876383,4.9,0.0,274.88,2.7,1
1791238023.2108188,4812428.220921093,4.9,1.2,274.88,2.7444,1
1791238023.4129155,4812428.423018096,0.0,1.2,274.88,2.7444,1
1791238023.6150618,4812428.625164422,0.0,0.0,274.88,2.7,1
1791238023.8171442,4812428.827246581,0.0,2.5,274.88,2.7925,1
1791238024.0193028,4812429.029405615,4.9,0.0,274.88,2.7,1
1791238024.221251,4812429.23135366,0.0,0.0,274.88,2.7,1
1791238024.4232492,4812429.4333516,0.0,0.0,274.88,2.7,1
1791238024.6252291,4812429.635331572,0.0,0.0,274.88,2.7,1
1791238024.8273418,4812429.837444147,0.0,1.2,274.88,2.7444,1
1791238025.0292053,4812430.0393074,4.9,2.5,274.88,2.7925,1
1791238025.2311947,4812430.241297007,0.0,0.0,274.88,2.7,1
1791238025.4332745,4812430.443377135,0.0,0.0,274.88,2.7,1
1791238025.635277,4812430.645379502,4.9,0.0,274.88,2.7,1
1791238025.8371446,4812430.847246818,0.0,0.0,274.88,2.7,1
1791238026.0393002,4812431.049403195,0.0,1.3,274.88,2.7481,1
1791238026.2414718,4812431.251574312,0.0,0.0,274.89,2.7,1
1791238026.4435046,4812431.453607043,4.9,1.2,274.89,2.7444,1
1791238026.6455472,4812431.655649723,0.0,1.2,274.89,2.7444,1
1791238026.8474958,4812431.85759808,0.0,0.0,274.89,2.7,1
1791238027.0495636,4812432.059666384,0.0,0.0,274.89,2.7,1
1791238027.2515402,4812432.261642762,0.0,1.2,274.89,2.7444,1
1791238027.4535747,4812432.463677108,0.0,0.0,274.89,2.7,1
1791238027.6555514,4812432.665653798,5.0,0.0,274.89,2.7,1
1791238027.8575282,4812432.867631008,0.0,0.0,274.89,2.7,1
1791238028.05949,4812433.069591552,0.0,6.2,274.89,2.9294,1
1791238028.2613373,4812433.271439805,0.0,2.5,274.89,2.7925,1
1791238028.4634175,4812433.47352014,0.0,1.2,274.89,2.7444,1
1791238028.6655383,4812433.675640788,4.9,0.0,274.89,2.7,1
1791238028.867551,4812433.877653519,0.0,1.3,274.89,2.7481,1
1791238029.0696487,4812434.079750886,0.0,1.3,274.89,2.7481,1
1791238029.2717748,4812434.28187695,4.9,2.5,274.89,2.7925,1
1791238029.4738462,4812434.483948535,0.0,0.0,274.89,2.7,1
1791238029.675836,4812434.685938298,0.0,0.0,274.89,2.7,1
1791238029.8778994,4812434.888091028,0.0,0.0,274.89,2.7,1
1791238030.0798783,4812435.089980583,0.0,3.7,274.89,2.8369,1
1791238030.281838,4812435.291940241,0.0,0.0,274.89,2.7,1
1791238030.4839683,4812435.49407094,4.9,1.3,274.89,2.7481,1
1791238030.685966,4812435.696069557,0.0,0.0,274.89,2.7,1
1791238030.8879662,4812435.898068486,0.0,0.0,274.89,2.7,1
1791238031.0901544,4812436.100257101,0.0,0.0,274.89,2.7,1
1791238031.29215,4812436.302252749,4.9,1.2,274.89,2.7444,1
1791238031.4942656,4812436.504368396,0.0,0.0,274.89,2.7,1
1791238031.6961398,4812436.706242065,0.0,1.2,274.89,2.7444,1
1791238031.8982296,4812436.908332087,5.0,0.0,274.89,2.7,1
1791238032.100306,4812437.110408619,0.0,0.0,274.89,2.7,1
1791238032.3024733,4812437.312575985,0.0,0.0,274.89,2.7,1
1791238032.5044718,4812437.514574497,0.0,1.2,274.89,2.7444,1
1791238032.7064307,4812437.716533009,0.0,0.0,274.89,2.7,1
1791238032.908488,4812437.918591104,4.9,0.0,274.89,2.7,1
1791238033.110673,4812438.120775397,0.0,1.2,274.89,2.7444,1
1791238033.3126988,4812438.322801617,0.0,0.0,274.89,2.7,1
1791238033.514758,4812438.524860909,0.0,0.0,274.89,2.7,1
1791238033.716867,4812438.726969317,4.9,0.0,274.89,2.7,1
1791238033.9189508,4812438.929053818,0.0,1.2,274.89,2.7444,1
1791238034.1210256,4812439.131128423,0.0,0.0,274.89,2.7,1
1791238034.3229845,4812439.333086986,0.0,1.2,274.89,2.7444,1
1791238034.525052,4812439.535154821,0.0,0.0,274.89,2.7,1
1791238034.727353,4812439.737455884,34.6,8.9,274.9,3.0293,1
1791238034.9294295,4812439.939531843,4.9,2.5,274.91,2.7925,1
1791238035.1315632,4812440.141665927,4.9,1.3,274.91,2.7481,1
1791238035.333652,4812440.34375475,4.9,0.0,274.91,2.7,1
1791238035.5356822,4812440.545785085,0.0,0.0,274.91,2.7,1
1791238035.7376769,4812440.747779533,0.0,0.0,274.91,2.7,1
1791238035.9397945,4812440.949896378,0.0,1.3,274.91,2.7481,1
1791238036.141818,4812441.151920931,4.9,0.0,274.91,2.7,1
1791238036.343772,4812441.353874181,0.0,1.2,274.91,2.7444,1
1791238036.5457985,4812441.55590113,0.0,0.0,274.91,2.7,1
1791238036.74796,4812441.758062714,0.0,0.0,274.91,2.7,1
1791238036.9501827,4812441.96028513,0.0,0.0,274.91,2.7,1
1791238037.152189,4812442.162291246,4.9,1.2,274.91,2.7444,1
1791238037.3543198,4812442.364422777,0.0,0.0,274.91,2.7,1
1791238037.5563035,4812442.566406184,0.0,0.0,274.91,2.7,1
1791238037.7582357,4812442.768338133,0.0,0.0,274.91,2.7,1
1791238037.960373,4812442.970475758,0.0,2.5,274.91,2.7925,1
1791238038.1624415,4812443.172544425,0.0,0.0,274.91,2.7,1
1791238038.3645124,4812443.374615227,4.9,0.0,274.91,2.7,1
1791238038.5665684,4812443.576670977,0.0,0.0,274.91,2.7,1
1791238038.7686894,4812443.778792092,0.0,1.2,274.91,2.7444,1
1791238038.970843,4812443.980945967,0.0,1.3,274.91,2.7481,1
1791238039.1727433,4812444.182845884,0.0,0.0,274.91,2.7,1
1791238039.3749375,4812444.38504054,5.0,0.0,274.91,2.7,1
1791238039.5769138,4812444.587016394,0.0,0.0,274.91,2.7,1
1791238039.7790644,4812444.789166467,14.8,3.8,274.92,2.8406,1
1791238039.9809535,4812444.991055447,9.9,3.8,274.93,2.8406,1
1791238040.1832447,4812445.19334755,0.0,1.3,274.93,2.7481,1
1791238040.385319,4812445.39542106,4.9,1.3,274.93,2.7481,1
1791238040.5873554,4812445.597465821,9.9,1.3,274.93,2.7481,1
1791238040.7893324,4812445.799434852,0.0,0.0,274.93,2.7,1
1791238040.9914956,4812446.00159805,4.9,1.3,274.93,2.7481,1
1791238041.193696,4812446.203799424,4.9,2.5,274.93,2.7925,1
1791238041.3958175,4812446.405919913,0.0,0.0,274.93,2.7,1
1791238041.5978363,4812446.607938788,4.9,1.3,274.93,2.7481,1
1791238041.7998903,4812446.809992246,4.9,1.2,274.93,2.7444,1
1791238042.0020294,4812447.012132058,5.0,0.0,274.93,2.7,1
1791238042.2040184,4812447.214120568,4.9,2.5,274.93,2.7925,1
1791238042.4061553,4812447.416257411,4.9,0.0,274.93,2.7,1
1791238042.608231,4812447.618353733,0.0,1.2,274.93,2.7444,1
1791238042.810396,4812447.82049818,4.9,1.3,274.93,2.7481,1
1791238043.0147507,4812448.024853091,4.9,3.7,274.93,2.8369,1
1791238043.2178822,4812448.227983681,73.7,18.5,276.13,3.3845,1
1791238043.4191964,4812448.429297714,69.3,19.0,278.41,3.403,1
1791238043.638773,4812448.648874878,62.9,18.0,279.92,3.366,1
1791238043.8400848,4812448.85018641,60.7,15.2,280.46,3.2624,1
1791238044.0453954,4812449.055497464,73.1,19.8,282.11,3.4326,1
1791238044.2474558,4812449.25755738,59.4,16.3,284.22,3.3031,1
1791238044.4556372,4812449.465739051,67.8,15.0,286.92,3.255,1
1791238044.666374,4812449.67647556,72.0,18.1,289.43,3.3697,1
1791238044.8842647,4812449.894366374,68.1,17.6,292.18,3.3512,1
1791238045.091008,4812450.101109924,80.8,21.0,293.45,3.477,1
1791238045.2940152,4812450.304117181,63.9,16.3,295.75,3.3031,1
1791238045.496172,4812450.506273868,74.4,21.0,297.27,3.477,1
1791238045.6976397,4812450.707741545,69.3,17.7,299.07,3.3549,1
1791238045.898981,4812450.909083181,59.6,15.9,301.72,3.2883,1
1791238046.100423,4812451.110524869,79.5,21.5,302.81,3.4955,1
1791238046.3560815,4812451.366182829,86.2,20.0,304.8,3.44,1
1791238046.5629416,4812451.573043097,55.2,11.9,306.7,3.1403,1
1791238050.4925642,4812455.502666207,10.4,5.3,374.5,2.8961,1
1791238050.7427602,4812455.752862096,91.1,23.0,375.81,3.551,1
1791238050.9524329,4812455.962534752,77.3,24.4,376.88,3.6028,1
1791238051.2025056,4812456.212606943,84.1,28.4,378.66,3.7508,1
1791238051.4126964,4812456.422797827,78.9,21.2,380.22,3.4844,1
1791238051.6631138,4812456.67321533,95.8,24.0,381.46,3.588,1
1791238051.8643968,4812456.874498372,86.3,22.2,382.67,3.5214,1
1791238052.0656662,4812457.075768028,64.6,14.5,384.68,3.2365,1
1791238052.2742653,4812457.284366988,79.1,19.8,385.93,3.4326,1
1791238052.4763572,4812457.486458778,96.4,25.9,386.14,3.6583,1
1791238052.677711,4812457.687812392,79.2,20.0,387.75,3.44,1
1791238052.9403348,4812457.950436427,106.5,25.0,389.54,3.625,1
1791238053.1417146,4812458.151816082,77.7,22.4,392.06,3.5288,1
1791238053.3462303,4812458.356332553,84.5,18.8,393.92,3.3956,1
1791238053.6003573,4812458.610459421,90.4,24.5,395.58,3.6065,1
1791238053.8016822,4812458.811783868,88.6,22.8,396.4,3.5436,1
1791238054.0095444,4812459.019646112,87.2,22.0,398.21,3.514,1
1791238054.2190497,4812459.229151788,96.2,25.0,401.46,3.625,1
1791238054.98094,4812459.991041768,98.3,24.8,402.12,3.6176,1
1791238055.219481,4812460.229582737,75.7,22.1,403.66,3.5177,1
1791238055.4255168,4812460.435618527,97.8,25.3,403.92,3.6361,1
1791238055.6269748,4812460.637075942,29.7,8.7,406.07,3.0219,1
1791238055.8283525,4812460.838454035,5.0,3.7,408.79,2.8369,1
1791238056.0298338,4812461.039935564,5.0,2.5,411.95,2.7925,1
1791238056.231436,4812461.241537719,24.8,16.2,414.69,3.2994,1
1791238056.4331853,4812461.443287321,89.3,23.8,417.12,3.5806,1
1791238056.6395772,4812461.649680818,265.1,69.5,417.14,5.2715,1
1791238056.8415053,4812461.85160693,254.3,70.0,417.18,5.29,1
1791238057.0436792,4812462.053780697,272.0,69.9,417.2,5.2863,1
1791238057.2459905,4812462.256092277,266.4,69.1,417.23,5.2567,1
1791238057.4473343,4812462.45743589,48.7,64.1,417.29,5.0717,1
1791238057.6487582,4812462.658859711,29.8,5.1,417.29,2.8887,1
1791238057.8501964,4812462.860298012,5.0,1.2,417.29,2.7444,1
1791238058.0515907,4812463.061692406,0.0,1.3,417.29,2.7481,1
1791238058.252953,4812463.263054977,0.0,1.3,417.29,2.7481,1
1791238058.4542894,4812463.464390778,5.0,0.0,417.29,2.7,1
1791238058.6560209,4812463.666123505,5.0,1.3,417.29,2.7481,1
1791238058.8581662,4812463.868268262,5.0,1.3,417.29,2.7481,1
1791238059.06008,4812464.070182186,4.9,3.7,417.29,2.8369,1
1791238059.262276,4812464.272378453,0.0,0.0,417.29,2.7,1
1791238059.4643989,4812464.474500814,4.9,1.2,417.29,2.7444,1
1791238059.6665182,4812464.676620414,4.9,1.3,417.29,2.7481,1
1791238059.8686087,4812464.8787109,4.9,0.0,417.29,2.7,1
1791238060.070449,4812465.080551439,29.7,11.2,417.29,3.1144,1
1791238060.275855,4812465.285957541,24.4,6.2,417.29,2.9294,1
1791238060.4780383,4812465.488140996,14.8,3.7,417.31,2.8369,1
1791238060.680125,4812465.690227575,4.9,1.3,417.31,2.7481,1
1791238060.902539,4812465.912641136,175.4,12.5,417.53,3.1625,1
1791238061.1106904,4812466.120792335,181.3,51.2,417.59,4.5944,1
1791238061.3120978,4812466.322199333,24.6,3.8,417.59,2.8406,1
1791238061.5134745,4812466.523576019,5.0,1.2,417.59,2.7444,1
1791238061.7146845,4812466.724785777,0.0,0.0,417.59,2.7,1
1791238061.9160354,4812466.926136629,5.0,0.0,417.59,2.7,1
1791238062.1173558,4812467.127457221,0.0,2.5,417.59,2.7925,1
1791238062.318789,4812467.328890833,0.0,0.0,417.59,2.7,1
1791238062.5201614,4812467.530262779,5.0,1.3,417.59,2.7481,1
1791238062.7214382,4812467.731539516,5.0,0.0,417.59,2.7,1
1791238062.9228597,4812467.932961358,0.0,1.3,417.59,2.7481,1
1791238063.1241896,4812468.134291168,0.0,1.3,417.59,2.7481,1
1791238063.3255038,4812468.335604884,5.0,0.0,417.59,2.7,1
1791238063.5268989,4812468.537000736,0.0,2.4,417.59,2.7888,1
1791238063.7283082,4812468.738409921,5.0,1.3,417.59,2.7481,1
1791238063.9299936,4812468.940095668,5.0,11.1,417.59,3.1107,1
1791238064.1313872,4812469.141488915,0.0,13.4,417.59,3.1958,1
1791238064.3335435,4812469.343645181,242.3,50.0,417.6,4.55,1
1791238064.5367153,4812469.546816966,251.0,74.4,417.6,5.4528,1
1791238064.739204,4812469.749305627,236.7,77.8,417.6,5.5786,1
1791238064.9405508,4812469.950652364,263.2,73.0,417.61,5.401,1
1791238065.1432624,4812470.153364046,228.4,82.5,417.61,5.7525,1
1791238065.3455818,4812470.355683176,275.7,68.4,417.61,5.2308,1
1791238065.5469804,4812470.5570821,47.0,64.6,417.63,5.0902,1
1791238065.7483761,4812470.758477483,24.8,6.3,417.63,2.9331,1
1791238065.950161,4812470.960262968,5.0,1.3,417.63,2.7481,1
1791238066.1522844,4812471.162387151,5.0,2.5,417.63,2.7925,1
1791238066.3544118,4812471.364514198,4.9,0.0,417.63,2.7,1
1791238066.5564082,4812471.566510152,4.9,1.3,417.63,2.7481,1
1791238066.7584128,4812471.768515429,0.0,0.0,417.63,2.7,1
1791238066.9605672,4812471.970669976,4.9,2.5,417.63,2.7925,1
1791238067.1626918,4812472.172794263,4.9,2.5,417.63,2.7925,1
1791238067.3648007,4812472.374903237,4.9,0.0,417.63,2.7,1
1791238067.5669458,4812472.577048096,4.9,1.3,417.63,2.7481,1
1791238067.7693377,4812472.779440351,4.9,1.2,417.63,2.7444,1
1791238067.9714985,4812472.981601409,0.0,1.3,417.63,2.7481,1
1791238068.1735497,4812473.183651477,0.0,1.2,417.63,2.7444,1
1791238068.3756266,4812473.385728784,9.9,2.5,417.63,2.7925,1
1791238068.57768,4812473.587782341,0.0,0.0,417.63,2.7,1
1791238068.7798443,4812473.789946628,9.9,3.7,417.63,2.8369,1
1791238068.985227,4812473.995329969,4.9,2.5,417.63,2.7925,1
1791238069.194699,4812474.204800903,178.0,45.8,417.63,4.3946,1
1791238069.3960917,4812474.40619316,68.5,17.3,417.63,3.3401,1
1791238069.5974693,4812474.607571563,5.0,1.3,417.63,2.7481,1
1791238069.7987366,4812474.808838456,0.0,1.2,417.63,2.7444,1
1791238070.0000935,4812475.01019514,5.0,2.5,417.63,2.7925,1
1791238070.2013512,4812475.211452397,0.0,0.0,417.63,2.7,1
1791238070.402717,4812475.412818664,0.0,1.2,417.63,2.7444,1
1791238070.6040711,4812475.614172796,5.0,1.2,417.63,2.7444,1
1791238070.8053331,4812475.815434688,0.0,0.0,417.63,2.7,1
1791238071.006763,4812476.016864601,5.0,1.3,417.63,2.7481,1
1791238071.2081263,4812476.218227639,0.0,1.3,417.63,2.7481,1
1791238071.4093919,4812476.419493385,5.0,0.0,417.63,2.7,1
1791238071.6107402,4812476.620842048,0.0,1.2,417.63,2.7444,1
1791238071.8121288,4812476.82223019,5.0,0.0,417.63,2.7,1
1791238072.0134442,4812477.023545572,5.0,0.0,417.63,2.7,1
1791238072.2147915,4812477.224893245,0.0,1.2,417.63,2.7444,1
1791238072.4165823,4812477.42668399,270.3,30.8,417.66,3.8396,1
1791238072.6228032,4812477.63290488,276.5,69.5,417.66,5.2715,1
1791238072.825775,4812477.835876924,271.0,69.5,417.66,5.2715,1
1791238073.0278635,4812478.037965117,277.0,70.4,417.67,5.3048,1
1791238073.2303922,4812478.240493932,271.0,70.7,417.67,5.3159,1
1791238073.4317682,4812478.441869887,10.5,37.5,417.7,4.0875,1
1791238073.633158,4812478.643259643,29.8,8.6,417.7,3.0182,1
1791238073.8345811,4812478.844683045,5.0,2.5,417.7,2.7925,1
1791238074.0359955,4812479.046097072,5.0,2.5,417.7,2.7925,1
1791238074.2381742,4812479.24827667,0.0,0.0,417.7,2.7,1
1791238074.4402423,4812479.450344862,4.9,2.5,417.7,2.7925,1
1791238074.6422822,4812479.652384408,4.9,0.0,417.7,2.7,1
1791238074.8441668,4812479.854269319,0.0,1.2,417.7,2.7444,1
1791238075.0461347,4812480.056236625,9.9,2.5,417.7,2.7925,1
1791238075.248268,4812480.258377942,0.0,1.2,417.7,2.7444,1
1791238075.4502735,4812480.460376082,4.9,3.7,417.7,2.8369,1
1791238075.6522663,4812480.662367971,0.0,1.2,417.7,2.7444,1
1791238075.854276,4812480.86437783,5.0,0.0,417.7,2.7,1
1791238076.0563931,4812481.066495813,4.9,1.3,417.7,2.7481,1
1791238076.2585704,4812481.268673119,4.9,1.3,417.7,2.7481,1
1791238076.4606357,4812481.470737873,0.0,1.2,417.7,2.7444,1
1791238076.662797,4812481.672899502,4.9,1.3,417.7,2.7481,1
1791238076.8764403,4812481.886542716,165.8,17.9,417.71,3.3623,1
1791238077.0805447,4812482.09064533,194.0,49.4,417.71,4.5278,1
1791238077.2819595,4812482.292061335,9.8,3.7,417.71,2.8369,1
1791238077.4833236,4812482.493424737,0.0,1.3,417.71,2.7481,1
1791238077.684603,4812482.694704441,0.0,0.0,417.71,2.7,1
1791238077.8860977,4812482.896199404,5.0,1.3,417.71,2.7481,1
1791238078.087377,4812483.097478535,0.0,1.2,417.71,2.7444,1
1791238078.2885842,4812483.298685426,5.0,0.0,417.71,2.7,1
1791238078.4899912,4812483.500092734,5.0,1.2,417.71,2.7444,1
1791238078.6913362,4812483.701437541,5.0,0.0,417.71,2.7,1
1791238078.8926508,4812483.902752089,0.0,0.0,417.71,2.7,1
1791238079.094067,4812484.104168511,0.0,2.5,417.71,2.7925,1
1791238079.2956324,4812484.305733942,5.0,1.2,417.71,2.7444,1
1791238079.4969842,4812484.507085885,0.0,0.0,417.71,2.7,1
1791238079.6984022,4812484.708503401,5.0,1.3,417.71,2.7481,1
1791238079.8997748,4812484.909876385,5.0,0.0,417.71,2.7,1
1791238080.1011343,4812485.111236609,0.0,0.0,417.71,2.7,1
1791238080.3034313,4812485.313532716,266.5,51.3,417.71,4.5981,1
1791238080.505831,4812485.515932937,270.7,69.1,417.71,5.2567,1
1791238080.708593,4812485.718694512,276.9,70.0,417.71,5.29,1
1791238080.910311,4812485.920412912,272.4,69.6,417.71,5.2752,1
1791238081.1136675,4812486.12376886,275.7,67.9,417.71,5.2123,1
1791238081.315239,4812486.325340437,34.3,25.6,417.71,3.6472,1
1791238081.516496,4812486.526597172,5.0,1.3,417.71,2.7481,1
1791238081.7178457,4812486.727947135,0.0,0.0,417.71,2.7,1
1791238081.9196255,4812486.929727462,5.0,1.3,417.71,2.7481,1
1791238082.1267133,4812487.13681564,9.7,2.4,417.71,2.7888,1
1791238082.3285642,4812487.338666227,0.0,0.0,417.71,2.7,1
1791238082.5306854,4812487.540787751,5.0,1.3,417.71,2.7481,1
1791238082.7325897,4812487.742692608,0.0,0.0,417.71,2.7,1
1791238082.935197,4812487.945300381,4.9,3.7,417.71,2.8369,1
1791238083.1372495,4812488.147359769,4.9,1.3,417.71,2.7481,1
1791238083.3394146,4812488.349517126,0.0,0.0,417.71,2.7,1
1791238083.5414622,4812488.551564587,4.9,1.3,417.71,2.7481,1
1791238083.743572,4812488.753674548,9.9,2.5,417.71,2.7925,1
1791238083.9456773,4812488.955779978,0.0,1.3,417.71,2.7481,1
1791238084.1478467,4812489.157948637,14.8,5.0,417.72,2.885,1
1791238084.3494768,4812489.359578755,29.7,5.1,417.72,2.8887,1
1791238084.5512176,4812489.561319602,24.8,8.6,417.73,3.0182,1
1791238084.758008,4812489.768110177,182.3,40.5,417.77,4.1985,1
1791238084.9596298,4812489.969731493,113.8,30.0,417.77,3.81,1
1791238085.1610165,4812490.17111807,5.0,0.0,417.77,2.7,1
1791238085.3624501,4812490.372551731,0.0,1.3,417.77,2.7481,1
1791238085.5637183,4812490.573819558,5.0,1.2,417.77,2.7444,1
1791238085.7649262,4812490.775027959,0.0,0.0,417.77,2.7,1
1791238085.9664347,4812490.976536827,5.0,1.3,417.77,2.7481,1
1791238086.1677182,4812491.17781929,0.0,0.0,417.77,2.7,1
1791238086.369093,4812491.379194409,5.0,1.3,417.77,2.7481,1
1791238086.570482,4812491.580583746,0.0,1.2,417.77,2.7444,1
1791238086.7717505,4812491.781851938,5.0,0.0,417.77,2.7,1
1791238086.9731138,4812491.98321565,0.0,1.2,417.77,2.7444,1
1791238087.174494,4812492.184595456,5.0,1.3,417.77,2.7481,1
1791238087.3757691,4812492.385870106,0.0,1.3,417.77,2.7481,1
1791238087.5771337,4812492.587235225,5.0,0.0,417.77,2.7,1
1791238087.7784624,4812492.788563937,0.0,1.2,417.77,2.7444,1
1791238087.983145,4812492.993246548,5.0,1.3,417.77,2.7481,1
1791238088.1848245,4812493.194926561,254.1,70.4,417.77,5.3048,1
1791238088.3863578,4812493.396460273,277.6,71.4,417.77,5.3418,1
1791238088.5898488,4812493.59995075,280.0,68.8,417.77,5.2456,1
1791238088.7929552,4812493.803058469,266.7,68.8,417.77,5.2456,1
1791238088.9967887,4812494.006890247,277.0,72.3,417.77,5.3751,1
1791238089.1982327,4812494.208334115,8.9,32.1,417.77,3.8877,1
1791238089.3996184,4812494.409719859,29.8,5.1,417.77,2.8887,1
1791238089.6010554,4812494.611157268,0.0,2.5,417.77,2.7925,1
1791238089.802807,4812494.812909052,5.0,1.3,417.77,2.7481,1
1791238090.0049248,4812495.015027554,5.0,1.3,417.77,2.7481,1
1791238090.207002,4812495.21710465,4.9,1.3,417.77,2.7481,1
1791238090.4090354,4812495.419137683,4.9,1.3,417.77,2.7481,1
1791238090.611185,4812495.621288059,4.9,0.0,417.77,2.7,1
1791238090.8132741,4812495.823377082,4.9,1.3,417.77,2.7481,1
1791238091.0153756,4812496.025478135,0.0,2.5,417.77,2.7925,1
1791238091.217334,4812496.227436637,4.9,0.0,417.77,2.7,1
1791238091.4194698,4812496.429572534,4.9,1.3,417.77,2.7481,1
1791238091.6215003,4812496.631602599,4.9,1.3,417.77,2.7481,1
1791238091.823612,4812496.833714642,0.0,0.0,417.77,2.7,1
1791238092.0257547,4812497.035856997,4.9,1.3,417.77,2.7481,1
1791238092.2277393,4812497.237841645,4.9,1.3,417.77,2.7481,1
1791238092.429829,4812497.439931604,0.0,1.2,417.77,2.7444,1
1791238092.639414,4812497.64951592,176.0,25.0,417.91,3.625,1
1791238092.840766,4812497.850867184,166.5,40.5,417.91,4.1985,1
1791238093.0423868,4812498.052488603,5.0,2.5,417.91,2.7925,1
1791238093.2437215,4812498.253823304,0.0,1.2,417.91,2.7444,1
1791238093.445067,4812498.455168526,0.0,0.0,417.91,2.7,1
1791238093.6465225,4812498.656624112,9.9,1.2,417.91,2.7444,1
1791238093.8478665,4812498.857968084,0.0,1.3,417.91,2.7481,1
1791238094.0492465,4812499.059348201,0.0,1.2,417.91,2.7444,1
1791238094.250673,4812499.260774777,5.0,0.0,417.91,2.7,1
1791238094.451951,4812499.462052707,0.0,1.2,417.91,2.7444,1
1791238094.653323,4812499.663424543,5.0,16.2,417.91,3.2994,1
1791238094.854754,4812499.864855598,0.0,1.3,417.91,2.7481,1
1791238095.0561168,4812500.066218371,0.0,1.3,417.91,2.7481,1
1791238095.257477,4812500.267578228,5.0,0.0,417.91,2.7,1
1791238095.4588883,4812500.468989908,0.0,2.5,417.91,2.7925,1
1791238095.6601737,4812500.670274557,5.0,1.3,417.91,2.7481,1
1791238095.8613644,4812500.871465508,0.0,0.0,417.91,2.7,1
1791238096.0649645,4812501.075066296,265.7,54.2,417.95,4.7054,1
1791238096.2664964,4812501.276599226,275.0,69.6,417.95,5.2752,1
1791238096.4685674,4812501.478669393,272.9,68.8,417.95,5.2456,1
1791238096.6711879,4812501.68128909,277.1,71.6,417.95,5.3492,1
1791238096.8741915,4812501.88429363,274.3,69.5,417.95,5.2715,1
1791238097.0857203,4812502.095821118,39.2,23.5,417.97,3.5695,1
1791238097.2870324,4812502.297133578,4.8,2.5,417.97,2.7925,1
1791238097.4883955,4812502.498497289,5.0,0.0,417.97,2.7,1
1791238097.6901338,4812502.700235791,0.0,0.0,417.97,2.7,1
1791238097.8924365,4812502.902538457,4.9,4.9,417.97,2.8813,1
1791238098.0946078,4812503.104710603,4.9,1.2,417.97,2.7444,1
1791238098.2967577,4812503.306860614,4.9,2.5,417.97,2.7925,1
1791238098.498852,4812503.508954687,0.0,0.0,417.97,2.7,1
1791238098.7010086,4812503.711111104,9.9,1.3,417.97,2.7481,1
1791238098.90316,4812503.913262365,4.9,3.7,417.97,2.8369,1
1791238099.105238,4812504.115340553,0.0,1.3,417.97,2.7481,1
1791238099.3073452,4812504.317447542,4.9,1.3,417.97,2.7481,1
1791238099.5093598,4812504.51946172,4.9,1.2,417.97,2.7444,1
1791238099.7114844,4812504.721587043,0.0,0.0,417.98,2.7,1
1791238099.913604,4812504.923706845,4.9,1.3,417.98,2.7481,1
1791238100.115687,4812505.125788991,4.9,1.3,417.98,2.7481,1
1791238100.317771,4812505.327873585,4.9,1.2,417.98,2.7444,1
1791238100.5281603,4812505.538262064,177.3,38.6,418.02,4.1282,1
1791238100.7294624,4812505.739563639,97.9,23.1,418.03,3.5547,1
1791238100.9309063,4812505.941008391,0.0,1.3,418.03,2.7481,1
1791238101.1322663,4812506.142367413,5.0,2.5,418.03,2.7925,1
1791238101.3335357,4812506.343636957,5.0,0.0,418.03,2.7,1
1791238101.534925,4812506.545026709,0.0,1.2,418.03,2.7444,1
1791238101.7362385,4812506.746339898,0.0,1.2,418.03,2.7444,1
1791238101.9376016,4812506.947703035,5.0,0.0,418.04,2.7,1
1791238102.139148,4812507.149249349,5.0,1.3,418.04,2.7481,1
1791238102.3404152,4812507.350516653,5.0,0.0,418.04,2.7,1
1791238102.541689,4812507.551789946,0.0,1.3,418.04,2.7481,1
1791238102.7429018,4812507.753003032,0.0,0.0,418.04,2.7,1
1791238102.9442697,4812507.954370856,5.0,1.2,418.04,2.7444,1
1791238103.1475112,4812508.15761253,4.9,1.3,418.04,2.7481,1
1791238103.348862,4812508.358963323,0.0,0.0,418.04,2.7,1
1791238103.550206,4812508.560307501,5.0,0.0,418.04,2.7,1
1791238103.7520263,4812508.762127095,0.0,1.3,418.04,2.7481,1
1791238103.9547076,4812508.964809656,264.9,65.5,418.05,5.1235,1
1791238104.1577344,4812509.167835861,276.4,68.4,418.05,5.2308,1
1791238104.362909,4812509.373010603,277.8,70.0,418.05,5.29,1
1791238104.5651412,4812509.575243165,271.3,69.5,418.05,5.2715,1
1791238104.7670202,4812509.777122029,283.1,70.0,418.05,5.29,1
1791238104.968397,4812509.978498447,32.7,13.9,418.07,3.2143,1
1791238105.1725454,4812510.182646004,5.0,1.2,418.07,2.7444,1
1791238105.3739974,4812510.384099296,4.9,1.3,418.07,2.7481,1
1791238105.5760133,4812510.586115712,5.0,1.2,418.07,2.7444,1
1791238105.7780151,4812510.788117181,0.0,0.0,418.07,2.7,1
1791238105.9801042,4812510.990207034,4.9,1.3,418.07,2.7481,1
1791238106.1822233,4812511.192325533,4.9,1.3,418.07,2.7481,1
1791238106.3842223,4812511.394324293,0.0,1.2,418.07,2.7444,1
1791238106.5864027,4812511.596505344,4.9,1.3,418.07,2.7481,1
1791238106.7884178,4812511.798520354,4.9,2.5,418.07,2.7925,1
1791238106.9906192,4812512.000721457,0.0,0.0,418.07,2.7,1
1791238107.1926894,4812512.202799799,4.9,2.5,418.07,2.7925,1
1791238107.3948233,4812512.404926006,4.9,1.3,418.07,2.7481,1
1791238107.5969286,4812512.607031276,0.0,0.0,418.07,2.7,1
1791238107.7991,4812512.809202379,4.9,1.3,418.07,2.7481,1
1791238108.0005426,4812513.010644578,9.9,10.1,418.07,3.0737,1
1791238108.2018652,4812513.211966933,0.0,0.0,418.07,2.7,1
1791238108.4034662,4812513.41356762,178.6,35.8,418.1,4.0246,1
1791238108.604836,4812513.614937787,99.3,24.1,418.1,3.5917,1
1791238108.806265,4812513.816366965,9.9,1.3,418.1,2.7481,1
1791238109.0075967,4812514.017698226,0.0,2.5,418.1,2.7925,1
1791238109.2088087,4812514.218910164,0.0,0.0,418.1,2.7,1
1791238109.4102347,4812514.420336321,5.0,0.0,418.1,2.7,1
1791238109.6115353,4812514.621636488,0.0,2.5,418.11,2.7925,1
1791238109.812918,4812514.823019468,19.9,5.0,418.11,2.885,1
1791238110.0143366,4812515.024438437,9.9,2.5,418.11,2.7925,1
1791238110.2157319,4812515.225833448,19.9,3.8,418.11,2.8406,1
1791238110.4171147,4812515.427216219,0.0,0.0,418.11,2.7,1
1791238110.6185112,4812515.628612688,0.0,1.2,418.11,2.7444,1
1791238110.819822,4812515.829923428,5.0,1.3,418.11,2.7481,1
1791238111.0212977,4812516.031399688,0.0,0.0,418.11,2.7,1
1791238111.2227173,4812516.232818657,5.0,1.3,418.11,2.7481,1
1791238111.4239836,4812516.434085022,0.0,1.2,418.11,2.7444,1
1791238111.625243,4812516.635343991,0.0,0.0,418.11,2.7,1
1791238111.82778,4812516.837881551,277.1,48.8,418.11,4.5056,1
1791238112.0295994,4812517.039700831,267.2,67.5,418.11,5.1975,1
1791238112.232097,4812517.242199016,277.4,69.2,418.11,5.2604,1
1791238112.43355,4812517.443651734,271.6,70.4,418.11,5.3048,1
1791238112.635046,4812517.645147682,282.9,70.7,418.11,5.3159,1
1791238112.8655171,4812517.875618243,38.1,29.3,418.11,3.7841,1
1791238113.0672617,4812518.077363513,13.3,5.0,418.11,2.885,1
1791238113.269357,4812518.279459824,0.0,2.5,418.11,2.7925,1
1791238113.4715405,4812518.481643009,4.9,1.3,418.11,2.7481,1
1791238113.6736846,4812518.683786767,4.9,2.5,418.11,2.7925,1
1791238113.8758664,4812518.885968442,4.9,1.3,418.11,2.7481,1
1791238114.0778995,4812519.088073711,4.9,1.3,418.11,2.7481,1
1791238114.2798913,4812519.289993459,0.0,0.0,418.11,2.7,1
1791238114.4820602,4812519.492163259,5.0,0.0,418.11,2.7,1
1791238114.684144,4812519.69424634,4.9,2.5,418.11,2.7925,1
1791238114.886419,4812519.896521556,4.9,0.0,418.11,2.7,1
1791238115.0885217,4812520.09862469,4.9,0.0,418.11,2.7,1
1791238115.2905662,4812520.300668552,4.9,1.3,418.11,2.7481,1
1791238115.4928195,4812520.502921997,0.0,1.2,418.11,2.7444,1
1791238115.6949985,4812520.705101172,4.9,1.3,418.11,2.7481,1
1791238115.8970473,4812520.907149201,4.9,1.2,418.11,2.7444,1
1791238116.0992084,4812521.109311552,4.9,1.3,418.11,2.7481,1
1791238116.3054523,4812521.315555873,172.4,36.9,418.12,4.0653,1
1791238116.5068538,4812521.516955726,133.5,36.1,418.12,4.0357,1
1791238116.7082481,4812521.71834959,0.0,1.3,418.12,2.7481,1
1791238116.9095578,4812521.919659079,5.0,1.2,418.12,2.7444,1
1791238117.110877,4812522.12097836,0.0,1.3,418.12,2.7481,1
1791238117.3120375,4812522.322138787,0.0,0.0,418.12,2.7,1
1791238117.5134342,4812522.523535515,5.0,1.2,418.12,2.7444,1
1791238117.714834,4812522.724935681,5.0,1.2,418.12,2.7444,1
1791238117.9161868,4812522.926288138,0.0,0.0,418.12,2.7,1
1791238118.1175287,4812523.127630023,0.0,1.3,418.12,2.7481,1
1791238118.3188643,4812523.32896597,5.0,1.3,418.12,2.7481,1
1791238118.52024,4812523.530341761,0.0,1.2,418.12,2.7444,1
1791238118.7216058,4812523.731707447,5.0,0.0,418.12,2.7,1
1791238118.9229875,4812523.933089332,5.0,1.3,418.12,2.7481,1
1791238119.124346,4812524.134447623,0.0,0.0,418.12,2.7,1
1791238119.3257036,4812524.335805601,0.0,1.3,418.12,2.7481,1
1791238119.5274463,4812524.537547953,260.1,8.7,418.12,3.0219,1
1791238119.7291572,4812524.739259107,272.2,69.5,418.12,5.2715,1
1791238119.9306688,4812524.940770574,273.1,71.6,418.11,5.3492,1
1791238120.1336806,4812525.14378209,277.9,69.2,418.11,5.2604,1
1791238120.3363287,4812525.346430638,275.7,68.7,418.11,5.2419,1
1791238120.5376644,4812525.547766168,63.6,66.3,418.11,5.1531,1
1791238120.7390661,4812525.749167896,29.8,8.6,418.11,3.0182,1
1791238120.940449,4812525.950550613,5.0,2.5,418.11,2.7925,1
1791238121.1418114,4812526.151913226,5.0,0.0,418.11,2.7,1
1791238121.3434815,4812526.353583599,0.0,1.2,418.11,2.7444,1
1791238121.545487,4812526.555589336,5.0,2.5,418.11,2.7925,1
1791238121.7476494,4812526.757752311,0.0,2.5,418.11,2.7925,1
1791238121.9497414,4812526.959843569,4.9,1.3,418.11,2.7481,1
1791238122.1518292,4812527.161931701,4.9,1.2,418.11,2.7444,1
1791238122.3540585,4812527.36416077,0.0,0.0,418.11,2.7,1
1791238122.55613,4812527.566232392,4.9,1.3,418.11,2.7481,1
1791238122.7581935,4812527.768295836,4.9,0.0,418.11,2.7,1
1791238122.9602802,4812527.97038277,4.9,1.3,418.11,2.7481,1
1791238123.1624472,4812528.172549548,4.9,1.2,418.11,2.7444,1
1791238123.364526,4812528.374628617,4.9,3.7,418.11,2.8369,1
1791238123.5665765,4812528.576678937,0.0,0.0,418.11,2.7,1
1791238123.768664,4812528.778766548,9.9,1.3,418.11,2.7481,1
1791238123.9711967,4812528.981299054,91.9,3.8,418.12,2.8406,1
1791238124.1765473,4812529.186649677,184.6,48.7,418.13,4.5019,1
1791238124.3780007,4812529.38810255,74.3,15.2,418.13,3.2624,1
1791238124.5793538,4812529.589455423,0.0,0.0,418.13,2.7,1
1791238124.780676,4812529.790777515,5.0,1.2,418.13,2.7444,1
1791238124.9820774,4812529.992179243,0.0,0.0,418.13,2.7,1
1791238125.1834369,4812530.193538418,0.0,0.0,418.13,2.7,1
1791238125.3848228,4812530.394924624,5.0,1.2,418.13,2.7444,1
1791238125.5862024,4812530.596304424,0.0,0.0,418.13,2.7,1
1791238125.7875636,4812530.797665526,0.0,1.2,418.13,2.7444,1
1791238125.988911,4812530.999012722,5.0,1.3,418.13,2.7481,1
1791238126.1903312,4812531.200433043,5.0,1.2,418.13,2.7444,1
1791238126.3916028,4812531.401704458,0.0,0.0,418.13,2.7,1
1791238126.5929482,4812531.603049674,0.0,1.2,418.13,2.7444,1
1791238126.794335,4812531.804436766,5.0,1.3,418.13,2.7481,1
1791238126.995679,4812532.005780524,0.0,0.0,418.13,2.7,1
1791238127.1969786,4812532.207080376,5.0,0.0,418.13,2.7,1
1791238127.3986905,4812532.408792363,222.9,14.8,418.13,3.2476,1
1791238127.6003935,4812532.610495339,277.6,70.9,418.13,5.3233,1
1791238127.8034225,4812532.813525134,270.5,70.2,418.13,5.2974,1
1791238128.0048325,4812533.014934153,278.1,70.0,418.13,5.29,1
1791238128.2070827,4812533.217184471,272.6,69.6,418.13,5.2752,1
1791238128.4084654,4812533.418567083,30.0,61.4,418.13,4.9718,1
1791238128.6098294,4812533.619930893,24.8,7.5,418.13,2.9775,1
1791238128.8111165,4812533.821218037,5.0,1.3,418.13,2.7481,1
1791238129.012461,4812534.02256268,0.0,2.5,418.13,2.7925,1
1791238129.2145424,4812534.224644978,5.0,0.0,418.13,2.7,1
1791238129.4165444,4812534.426646182,9.9,1.3,418.13,2.7481,1
1791238129.6185918,4812534.628694209,0.0,1.2,418.13,2.7444,1
1791238129.8206198,4812534.830721975,4.9,1.3,418.13,2.7481,1
1791238130.0226567,4812535.032759065,5.0,2.5,418.13,2.7925,1
1791238130.2247434,4812535.234845842,4.9,0.0,418.13,2.7,1
1791238130.4269838,4812535.437086159,4.9,2.5,418.13,2.7925,1
1791238130.6310399,4812535.641142358,4.9,1.2,418.13,2.7444,1
1791238130.8331187,4812535.843220958,0.0,0.0,418.13,2.7,1
1791238131.0353048,4812536.045407213,4.9,2.5,418.13,2.7925,1
1791238131.2373607,4812536.247463313,0.0,1.2,418.13,2.7444,1
1791238131.4394825,4812536.449584933,4.9,1.3,418.13,2.7481,1
1791238131.6414907,4812536.65159296,4.9,1.3,418.13,2.7481,1
1791238131.8435931,4812536.85369583,0.0,1.2,418.13,2.7444,1
1791238132.05065,4812537.060751813,183.5,43.2,418.15,4.2984,1
1791238132.2520137,4812537.262115153,99.0,24.4,418.15,3.6028,1
1791238132.4533927,4812537.463494015,5.0,1.2,418.15,2.7444,1
1791238132.6547651,4812537.664866783,0.0,0.0,418.15,2.7,1
1791238132.8560488,4812537.866149707,5.0,1.2,418.15,2.7444,1
1791238133.0573645,4812538.067466277,0.0,0.0,418.15,2.7,1
1791238133.258787,4812538.268888419,0.0,1.2,418.15,2.7444,1
1791238133.4601173,4812538.470219052,5.0,0.0,418.15,2.7,1
1791238133.6614687,4812538.671570309,0.0,1.3,418.15,2.7481,1
1791238133.8627996,4812538.87290115,5.0,1.2,418.15,2.7444,1
1791238134.064127,4812539.074228292,0.0,1.3,418.15,2.7481,1
1791238134.2658875,4812539.275989653,19.9,5.1,418.15,2.8887,1
1791238134.4673321,4812539.477433618,5.0,1.2,418.15,2.7444,1
1791238134.668674,4812539.678775552,19.9,3.8,418.15,2.8406,1
1791238134.8700943,4812539.880195819,0.0,1.2,418.15,2.7444,1
1791238135.07147,4812540.081571764,5.0,1.3,418.15,2.7481,1
1791238135.2731674,4812540.283269218,252.4,17.5,418.15,3.3475,1
1791238135.4752605,4812540.485361983,276.6,70.4,418.15,5.3048,1
1791238135.6780572,4812540.688159018,276.9,69.5,418.15,5.2715,1
1791238135.881623,4812540.891724488,274.7,70.0,418.15,5.29,1
1791238136.0879698,4812541.098071357,276.5,69.5,418.15,5.2715,1
1791238136.2893338,4812541.29943527,21.9,55.6,418.15,4.7572,1
1791238136.4907885,4812541.500889964,24.8,7.5,418.15,2.9775,1
1791238136.6920698,4812541.702171482,5.0,1.3,418.15,2.7481,1
1791238136.8934276,4812541.903529405,5.0,0.0,418.15,2.7,1
1791238137.0955508,4812542.105653577,0.0,2.5,418.15,2.7925,1
1791238137.2975483,4812542.307650717,4.9,0.0,418.15,2.7,1
1791238137.4996562,4812542.509758482,4.9,1.2,418.15,2.7444,1
1791238137.7016697,4812542.711771352,4.9,1.3,418.15,2.7481,1
1791238137.9038262,4812542.913929013,4.9,1.3,418.15,2.7481,1
1791238138.106006,4812543.116108653,4.9,1.3,418.15,2.7481,1
1791238138.308029,4812543.318130949,4.9,1.2,418.15,2.7444,1
1791238138.510121,4812543.520222985,5.0,1.3,418.15,2.7481,1
1791238138.7122202,4812543.72232299,0.0,2.5,418.15,2.7925,1
1791238138.9142828,4812543.924385286,4.9,0.0,418.15,2.7,1
1791238139.1232746,4812544.133376783,0.0,3.6,418.15,2.8332,1
1791238139.3253937,4812544.335496267,4.8,1.2,418.15,2.7444,1
1791238139.5274754,4812544.537577938,9.9,1.3,418.15,2.7481,1
1791238139.7295644,4812544.739666849,0.0,0.0,418.15,2.7,1
1791238139.9325497,4812544.942652007,177.7,45.7,418.18,4.3909,1
1791238140.1339827,4812545.144084305,98.8,26.3,418.18,3.6731,1
1791238140.3353493,4812545.345450978,5.0,1.3,418.18,2.7481,1
1791238140.5367177,4812545.546819213,0.0,1.2,418.18,2.7444,1
1791238140.738049,4812545.748150157,5.0,0.0,418.18,2.7,1
1791238140.9393873,4812545.949488549,0.0,1.2,418.18,2.7444,1
1791238141.1406927,4812546.15079418,5.0,0.0,418.18,2.7,1
1791238141.3420057,4812546.352107207,0.0,1.2,418.18,2.7444,1
1791238141.543363,4812546.553464713,0.0,2.5,418.18,2.7925,1
1791238141.7446616,4812546.754762428,5.0,0.0,418.18,2.7,1
1791238141.946035,4812546.956136392,5.0,1.3,418.18,2.7481,1
1791238142.1473365,4812547.157438013,0.0,1.2,418.18,2.7444,1
1791238142.348602,4812547.35870354,0.0,0.0,418.18,2.7,1
1791238142.5501096,4812547.560211358,5.0,0.0,418.18,2.7,1
1791238142.7514675,4812547.761569176,0.0,0.0,418.18,2.7,1
1791238142.9528246,4812547.962926369,0.0,1.3,418.18,2.7481,1
1791238143.1588442,4812548.168945686,249.9,13.4,418.18,3.1958,1
1791238143.3614717,4812548.371573501,265.9,68.7,418.18,5.2419,1
1791238143.5631785,4812548.573280433,283.0,71.2,418.18,5.3344,1
1791238143.7666628,4812548.776764184,277.7,70.7,418.18,5.3159,1
1791238143.9683394,4812548.978441116,265.0,70.0,418.18,5.29,1
1791238144.1696732,4812549.179774611,38.7,63.0,418.18,5.031,1
1791238144.3710673,4812549.381169044,24.8,6.2,418.18,2.9294,1
1791238144.572356,4812549.582457331,5.0,0.0,418.18,2.7,1
1791238144.7737095,4812549.783810878,5.0,0.0,418.18,2.7,1
1791238144.975811,4812549.985913382,5.0,3.8,418.18,2.8406,1
1791238145.1809292,4812550.191031503,4.9,1.2,418.18,2.7444,1
1791238145.3829513,4812550.393053381,0.0,0.0,418.18,2.7,1
1791238145.5849438,4812550.595045781,4.9,1.3,418.18,2.7481,1
1791238145.786968,4812550.797070629,5.0,0.0,418.18,2.7,1
1791238145.9888716,4812550.998974122,4.9,2.5,418.18,2.7925,1
1791238146.1909552,4812551.201057459,5.0,1.3,418.18,2.7481,1
1791238146.3930583,4812551.403160796,0.0,1.3,418.18,2.7481,1
1791238146.5952055,4812551.60530856,4.9,1.3,418.18,2.7481,1
1791238146.7971997,4812551.80730148,4.9,1.2,418.18,2.7444,1
1791238146.999348,4812552.009450233,4.9,1.3,418.18,2.7481,1
1791238147.2014403,4812552.211542841,4.9,1.3,418.18,2.7481,1
1791238147.4035285,4812552.413631282,4.9,1.3,418.18,2.7481,1
1791238147.6054976,4812552.615600452,0.0,0.0,418.18,2.7,1
1791238147.8072429,4812552.817344727,173.7,35.1,418.2,3.9987,1
1791238148.0086207,4812553.018722076,129.0,35.0,418.2,3.995,1
1791238148.210051,4812553.220153018,5.0,5.1,418.2,2.8887,1
1791238148.411409,4812553.42151068,0.0,2.5,418.2,2.7925,1
1791238148.612764,4812553.622865424,9.9,0.0,418.2,2.7,1
1791238148.8141692,4812553.824270637,0.0,1.2,418.2,2.7444,1
1791238149.0155246,4812554.025626424,0.0,1.3,418.2,2.7481,1
1791238149.2168722,4812554.226973564,5.0,1.3,418.2,2.7481,1
1791238149.418303,4812554.428404819,0.0,1.2,418.2,2.7444,1
1791238149.619615,4812554.629716282,0.0,0.0,418.2,2.7,1
1791238149.8208678,4812554.830969048,5.0,1.2,418.2,2.7444,1
1791238150.0222688,4812555.032370303,0.0,0.0,418.2,2.7,1
1791238150.2235758,4812555.233677287,5.0,2.5,418.2,2.7925,1
1791238150.4249341,4812555.435035885,5.0,1.3,418.2,2.7481,1
1791238150.6263525,4812555.636454431,0.0,1.2,418.2,2.7444,1
1791238150.8276477,4812555.837749332,0.0,0.0,418.2,2.7,1
1791238151.029552,4812556.039653502,230.9,8.9,418.2,3.0293,1
1791238151.231314,4812556.24141585,277.2,70.7,418.2,5.3159,1
1791238151.4331813,4812556.443282832,267.1,68.4,418.2,5.2308,1
1791238151.6347425,4812556.644844294,283.0,71.6,418.2,5.3492,1
1791238151.8370538,4812556.84715539,271.6,67.9,418.2,5.2123,1
1791238152.038457,4812557.04855852,93.8,65.4,418.2,5.1198,1
1791238152.2398348,4812557.249936858,24.8,7.5,418.2,2.9775,1
1791238152.4413083,4812557.451409987,5.0,1.2,418.2,2.7444,1
1791238152.6427305,4812557.652832387,0.0,1.3,418.2,2.7481,1
1791238152.8443804,4812557.854482651,5.0,0.0,418.2,2.7,1
1791238153.0464592,4812558.056561716,5.0,2.5,418.2,2.7925,1
1791238153.248395,4812558.258497709,0.0,0.0,418.2,2.7,1
1791238153.4506023,4812558.460705002,9.9,2.5,418.2,2.7925,1
1791238153.652679,4812558.662781151,4.9,1.3,418.2,2.7481,1
1791238153.8548522,4812558.86495459,0.0,1.2,418.2,2.7444,1
1791238154.0569417,4812559.067044697,4.9,2.5,418.2,2.7925,1
1791238154.2589762,4812559.269078189,4.9,1.3,418.2,2.7481,1
1791238154.4608707,4812559.470972827,4.9,2.5,418.2,2.7925,1
1791238154.66305,4812559.673152257,0.0,1.2,418.2,2.7444,1
1791238154.8651314,4812559.875233717,4.9,0.0,418.2,2.7,1
1791238155.0671275,4812560.077229761,0.0,1.3,418.2,2.7481,1
1791238155.2692132,4812560.279315701,5.0,1.3,418.2,2.7481,1
1791238155.475943,4812560.486045952,142.4,8.5,418.23,3.0145,1
1791238155.6800969,4812560.690199126,186.1,48.8,418.23,4.5056,1
1791238155.8814774,4812560.891578817,39.6,8.7,418.23,3.0219,1
1791238156.0828955,4812561.092997571,5.0,1.3,418.23,2.7481,1
1791238156.2841716,4812561.294273304,0.0,0.0,418.23,2.7,1
1791238156.4855025,4812561.49560435,5.0,1.2,418.23,2.7444,1
1791238156.6868339,4812561.696935291,0.0,0.0,418.23,2.7,1
1791238156.8879979,4812561.898099567,0.0,0.0,418.23,2.7,1
1791238157.0893533,4812562.099455039,5.0,2.5,418.23,2.7925,1
1791238157.2906525,4812562.300753585,5.0,1.3,418.23,2.7481,1
1791238157.4920022,4812562.502104057,0.0,0.0,418.23,2.7,1
1791238157.6933038,4812562.703405259,0.0,0.0,418.23,2.7,1
1791238157.894621,4812562.90472193,5.0,1.3,418.23,2.7481,1
1791238158.0959828,4812563.106084694,0.0,0.0,418.23,2.7,1
1791238158.2973466,4812563.307448187,5.0,1.3,418.23,2.7481,1
1791238158.4986854,4812563.508787201,0.0,2.5,418.23,2.7925,1
1791238158.7000456,4812563.710147101,0.0,0.0,418.23,2.7,1
1791238158.9028807,4812563.912983194,259.9,41.6,418.24,4.2392,1
1791238159.1048794,4812564.114981321,277.2,69.6,418.24,5.2752,1
1791238159.3069623,4812564.317063875,277.6,69.6,418.24,5.2752,1
1791238159.50915,4812564.519252366,271.5,69.6,418.24,5.2752,1
1791238159.7127707,4812564.722872728,297.6,74.0,418.24,5.438,1
1791238159.9141974,4812564.924299294,27.7,45.6,418.24,4.3872,1
1791238160.1156342,4812565.125736432,29.8,9.9,418.24,3.0663,1
1791238160.317013,4812565.327114144,5.0,1.3,418.24,2.7481,1
1791238160.5186787,4812565.528780292,5.0,1.3,418.24,2.7481,1
1791238160.7207837,4812565.730885867,0.0,0.0,418.24,2.7,1
1791238160.9229176,4812565.933019826,0.0,2.5,418.24,2.7925,1
1791238161.1246958,4812566.134797537,9.9,1.3,418.24,2.7481,1
1791238161.3268375,4812566.336939934,0.0,0.0,418.24,2.7,1
1791238161.5287635,4812566.538866134,9.9,1.3,418.24,2.7481,1
1791238161.7307696,4812566.740871916,5.0,2.5,418.24,2.7925,1
1791238161.9329917,4812566.943095303,0.0,0.0,418.24,2.7,1
1791238162.1352038,4812567.145306293,4.9,1.3,418.24,2.7481,1
1791238162.339628,4812567.349730143,4.9,1.2,418.24,2.7444,1
1791238162.5417893,4812567.551892123,0.0,0.0,418.24,2.7,1
1791238162.743906,4812567.754008426,4.9,0.0,418.24,2.7,1
1791238162.946073,4812567.956175927,0.0,1.3,418.24,2.7481,1
1791238163.148138,4812568.158240095,4.9,1.3,418.24,2.7481,1
1791238163.3507094,4812568.360811397,164.9,20.0,418.26,3.44,1
1791238163.553365,4812568.563466917,192.1,49.4,418.26,4.5278,1
1791238163.75478,4812568.764881763,19.8,7.4,418.26,2.9738,1
1791238163.9561539,4812568.966255256,5.0,1.3,418.26,2.7481,1
1791238164.1574504,4812569.16755229,0.0,0.0,418.26,2.7,1
1791238164.3588564,4812569.368958439,5.0,1.3,418.26,2.7481,1
1791238164.5601552,4812569.570256254,0.0,0.0,418.26,2.7,1
1791238164.7615304,4812569.771632038,5.0,0.0,418.26,2.7,1
1791238164.9629235,4812569.973025062,5.0,2.5,418.26,2.7925,1
1791238165.1641905,4812570.174291835,0.0,0.0,418.26,2.7,1
1791238165.3654628,4812570.375564546,0.0,0.0,418.26,2.7,1
1791238165.5667822,4812570.576883508,5.0,1.3,418.26,2.7481,1
1791238165.7680674,4812570.778168667,5.0,0.0,418.26,2.7,1
1791238165.9694135,4812570.979515076,0.0,0.0,418.26,2.7,1
1791238166.1708093,4812571.180910807,0.0,1.3,418.26,2.7481,1
1791238166.3721101,4812571.382211122,5.0,0.0,418.26,2.7,1
1791238166.5733893,4812571.583490812,0.0,0.0,418.26,2.7,1
1791238166.778579,4812571.788680493,271.2,48.2,418.26,4.4834,1
1791238166.9807444,4812571.990846691,271.5,69.1,418.26,5.2567,1
1791238167.1823223,4812572.192424349,272.9,71.6,418.26,5.3492,1
1791238167.386013,4812572.396114554,285.2,69.6,418.26,5.2752,1
1791238167.5880332,4812572.598136325,271.7,68.7,418.26,5.2419,1
1791238167.8212569,4812572.831357756,39.4,29.7,418.26,3.7989,1
1791238168.0226324,4812573.032733852,8.8,2.5,418.26,2.7925,1
1791238168.2239895,4812573.23409125,5.0,0.0,418.26,2.7,1
1791238168.4256868,4812573.435788439,0.0,1.2,418.26,2.7444,1
1791238168.6277246,4812573.637826825,9.9,1.3,418.26,2.7481,1
1791238168.8298337,4812573.8399362,0.0,0.0,418.26,2.7,1
1791238169.031987,4812574.042089377,4.9,2.5,418.26,2.7925,1
1791238169.2340398,4812574.24414193,4.9,1.3,418.26,2.7481,1
1791238169.4361446,4812574.446246982,0.0,1.3,418.26,2.7481,1
1791238169.6382694,4812574.648371669,4.9,1.2,418.26,2.7444,1
1791238169.841518,4812574.851619427,9.8,1.3,418.26,2.7481,1
1791238170.0436537,4812575.053764219,0.0,2.5,418.26,2.7925,1
1791238170.2457387,4812575.255841458,4.9,1.3,418.26,2.7481,1
1791238170.4478617,4812575.457964427,0.0,1.3,418.26,2.7481,1
1791238170.6500685,4812575.660170781,4.9,1.2,418.26,2.7444,1
1791238170.8521235,4812575.862225365,4.9,1.3,418.26,2.7481,1
1791238171.0542512,4812576.06435401,4.9,1.3,418.26,2.7481,1
1791238171.267029,4812576.277131222,179.3,42.4,418.28,4.2688,1
1791238171.4682975,4812576.478397943,83.1,20.5,418.28,3.4585,1
1791238171.6696525,4812576.679754351,5.0,0.0,418.28,2.7,1
1791238171.8710253,4812576.88112727,5.0,0.0,418.28,2.7,1
1791238172.07231,4812577.082411126,0.0,1.2,418.28,2.7444,1
1791238172.2735207,4812577.283621961,5.0,0.0,418.28,2.7,1
1791238172.4748456,4812577.484947015,0.0,1.2,418.28,2.7444,1
1791238172.6760876,4812577.686188579,5.0,1.2,418.28,2.7444,1
1791238172.877462,4812577.887563685,0.0,0.0,418.28,2.7,1
1791238173.0788414,4812578.088942957,5.0,1.3,418.28,2.7481,1
1791238173.2801309,4812578.290232438,0.0,1.3,418.28,2.7481,1
1791238173.4815068,4812578.491608534,0.0,1.2,418.28,2.7444,1
1791238173.6829023,4812578.693004108,5.0,1.3,418.28,2.7481,1
1791238173.8841522,4812578.894252964,5.0,0.0,418.28,2.7,1
1791238174.0855014,4812579.095603382,0.0,1.2,418.28,2.7444,1
1791238174.2868423,4812579.296944165,5.0,1.3,418.28,2.7481,1
1791238174.4948757,4812579.504977586,0.0,1.2,418.28,2.7444,1
1791238174.6971536,4812579.70725519,267.5,62.8,418.28,5.0236,1
1791238174.8988867,4812579.908988419,272.4,71.6,418.28,5.3492,1
1791238175.1004276,4812580.110529149,277.7,67.9,418.28,5.2123,1
1791238175.3018546,4812580.311956859,272.8,71.2,418.28,5.3344,1
1791238175.5052114,4812580.515313105,281.0,70.9,418.28,5.3233,1
1791238175.7066176,4812580.716719043,32.1,12.5,418.28,3.1625,1
1791238175.9078956,4812580.917996597,5.0,2.5,418.28,2.7925,1
1791238176.1092465,4812581.119348056,5.0,0.0,418.28,2.7,1
1791238176.3113763,4812581.321478472,5.0,2.5,418.28,2.7925,1
1791238176.5133998,4812581.523501909,4.9,0.0,418.28,2.7,1
1791238176.7154512,4812581.725553471,0.0,1.2,418.28,2.7444,1
1791238176.9174705,4812581.927572689,4.9,0.0,418.28,2.7,1
1791238177.1236646,4812582.133766376,4.8,3.7,418.28,2.8369,1
1791238177.3257375,4812582.33583976,0.0,1.3,418.28,2.7481,1
1791238177.5277476,4812582.537849551,4.9,1.3,418.28,2.7481,1
1791238177.7296941,4812582.739796113,0.0,0.0,418.28,2.7,1
1791238177.9319007,4812582.942003247,4.9,0.0,418.28,2.7,1
1791238178.134025,4812583.144127465,9.9,1.3,418.28,2.7481,1
1791238178.3361406,4812583.346242776,4.9,2.5,418.28,2.7925,1
1791238178.5383198,4812583.548422515,4.9,1.3,418.28,2.7481,1
1791238178.7403905,4812583.750492878,0.0,2.5,418.28,2.7925,1
1791238178.9425995,4812583.952702096,0.0,0.0,418.28,2.7,1
1791238179.1555216,4812584.165623212,183.1,43.5,418.32,4.3095,1
1791238179.3569257,4812584.367027588,92.9,27.2,418.32,3.7064,1
1791238179.5583775,4812584.568479255,5.0,0.0,418.32,2.7,1
1791238179.7597244,4812584.769826027,5.0,0.0,418.32,2.7,1
1791238179.9610894,4812584.971190871,5.0,1.3,418.32,2.7481,1
1791238180.1624923,4812585.17259384,0.0,2.4,418.32,2.7888,1
1791238180.3637881,4812585.37388957,0.0,0.0,418.32,2.7,1
1791238180.5651379,4812585.575239623,5.0,0.0,418.32,2.7,1
1791238180.766541,4812585.7766428,0.0,1.2,418.32,2.7444,1
1791238180.96794,4812585.978041759,0.0,1.3,418.32,2.7481,1
1791238181.1692357,4812586.179336968,5.0,0.0,418.32,2.7,1
1791238181.3704998,4812586.380601396,0.0,0.0,418.32,2.7,1
1791238181.5718398,4812586.581941292,5.0,1.3,418.32,2.7481,1
1791238181.7731504,4812586.783251814,5.0,2.5,418.32,2.7925,1
1791238181.9745972,4812586.984698689,0.0,1.2,418.32,2.7444,1
1791238182.1759193,4812587.186020772,5.0,0.0,418.32,2.7,1
1791238182.3780448,4812587.388146552,245.1,20.3,418.32,3.4511,1
1791238182.5842311,4812587.59433279,291.6,73.4,418.32,5.4158,1
1791238182.785815,4812587.79591706,276.4,70.9,418.32,5.3233,1
1791238182.987298,4812587.997399769,278.0,70.7,418.32,5.3159,1
1791238183.1901708,4812588.20027263,271.8,70.0,418.32,5.29,1
1791238183.3934474,4812588.403549239,120.2,68.7,418.32,5.2419,1
1791238183.5948713,4812588.604973146,29.7,8.6,418.32,3.0182,1
1791238183.7984715,4812588.808572202,0.0,0.0,418.32,2.7,1
1791238183.9998484,4812589.009950067,4.9,2.5,418.32,2.7925,1
1791238184.2018578,4812589.21196017,5.0,1.3,418.32,2.7481,1
1791238184.4039984,4812589.414100949,0.0,0.0,418.32,2.7,1
1791238184.6060793,4812589.616181312,5.0,1.2,418.32,2.7444,1
1791238184.8081307,4812589.818232924,4.9,1.2,418.32,2.7444,1
1791238185.0103562,4812590.020458912,4.9,2.5,418.32,2.7925,1
1791238185.2124612,4812590.222564066,4.9,2.4,418.32,2.7888,1
1791238185.4145615,4812590.424663908,4.9,1.3,418.32,2.7481,1
1791238185.616611,4812590.62671375,0.0,0.0,418.32,2.7,1
1791238185.8187425,4812590.82884531,4.9,2.5,418.32,2.7925,1
1791238186.0207992,4812591.030901141,4.9,1.3,418.32,2.7481,1
1791238186.2229598,4812591.233062389,4.9,0.0,418.32,2.7,1
1791238186.42506,4812591.435162543,4.9,1.3,418.32,2.7481,1
1791238186.6271634,4812591.637265874,4.9,1.3,418.32,2.7481,1
1791238186.8290482,4812591.83915056,0.0,0.0,418.32,2.7,1
1791238187.0432503,4812592.053352089,177.8,37.2,418.33,4.0764,1
1791238187.2446055,4812592.254706776,131.9,34.2,418.34,3.9654,1
1791238187.4460392,4812592.456141047,5.0,1.2,418.34,2.7444,1
1791238187.647369,4812592.65747089,5.0,1.3,418.34,2.7481,1
1791238187.8486743,4812592.858775682,0.0,0.0,418.34,2.7,1
1791238188.0500884,4812593.06019016,0.0,1.3,418.34,2.7481,1
1791238188.2514446,4812593.261546045,5.0,1.3,418.34,2.7481,1
1791238188.4527862,4812593.462887086,5.0,0.0,418.34,2.7,1
1791238188.6542134,4812593.664315263,0.0,0.0,418.34,2.7,1
1791238188.855579,4812593.86568021,0.0,2.5,418.34,2.7925,1
1791238189.056876,4812594.066977397,5.0,1.3,418.34,2.7481,1
1791238189.258317,4812594.26841875,0.0,0.0,418.34,2.7,1
1791238189.4597046,4812594.469806614,0.0,2.5,418.34,2.7925,1
1791238189.6610625,4812594.671163645,5.0,1.3,418.34,2.7481,1
1791238189.8624027,4812594.872504217,0.0,0.0,418.34,2.7,1
1791238190.0637586,4812595.073860206,5.0,1.3,418.34,2.7481,1
1791238190.2661538,4812595.276255255,210.5,7.5,418.34,2.9775,1
1791238190.4691825,4812595.479284364,271.0,68.7,418.34,5.2419,1
1791238190.6718426,4812595.6819441,277.4,72.6,418.34,5.3862,1
1791238190.8749113,4812595.885013105,274.8,67.9,418.34,5.2123,1
1791238191.0769687,4812596.087070654,272.3,67.5,418.34,5.1975,1
1791238191.2805722,4812596.290673773,121.7,69.1,418.34,5.2567,1
1791238191.4820848,4812596.492186844,24.7,5.1,418.34,2.8887,1
1791238191.6833866,4812596.693487989,5.0,3.7,418.34,2.8369,1
1791238191.8847637,4812596.89486528,0.0,1.2,418.34,2.7444,1
1791238192.0865414,4812597.096643559,5.0,1.2,418.34,2.7444,1
1791238192.2885191,4812597.298621682,5.0,1.3,418.34,2.7481,1
1791238192.4907002,4812597.50080246,0.0,0.0,418.34,2.7,1
1791238192.6927662,4812597.702868342,4.9,2.5,418.34,2.7925,1
1791238192.8951414,4812597.905244172,4.9,1.3,418.34,2.7481,1
1791238193.0972812,4812598.107383544,4.9,0.0,418.34,2.7,1
1791238193.299417,4812598.309519218,4.9,1.3,418.34,2.7481,1
1791238193.506419,4812598.516521181,9.9,2.4,418.34,2.7888,1
1791238193.7085202,4812598.71862274,0.0,0.0,418.34,2.7,1
1791238193.9106598,4812598.920762112,4.9,1.3,418.34,2.7481,1
1791238194.1128094,4812599.122912421,4.9,1.2,418.34,2.7444,1
1791238194.3150165,4812599.325118564,4.9,2.5,418.34,2.7925,1
1791238194.517058,4812599.527159811,4.9,1.3,418.34,2.7481,1
1791238194.719202,4812599.729304339,0.0,1.2,418.34,2.7444,1
1791238194.9232466,4812599.933348289,174.4,43.9,418.37,4.3243,1
1791238195.124691,4812600.134792766,109.2,27.5,418.37,3.7175,1
1791238195.3261282,4812600.336229744,0.0,0.0,418.37,2.7,1
1791238195.5274444,4812600.537545732,5.0,0.0,418.37,2.7,1
1791238195.728715,4812600.738816147,0.0,0.0,418.37,2.7,1
1791238195.9298868,4812600.939988178,0.0,0.0,418.37,2.7,1
1791238196.1312962,4812601.141397707,5.0,2.5,418.37,2.7925,1
1791238196.3328106,4812601.342912497,5.0,0.0,418.37,2.7,1
1791238196.5342226,4812601.544324058,0.0,0.0,418.37,2.7,1
1791238196.7355332,4812601.745634629,5.0,1.2,418.37,2.7444,1
1791238196.9369016,4812601.947003065,0.0,1.3,418.37,2.7481,1
1791238197.138346,4812602.148447699,5.0,1.2,418.37,2.7444,1
1791238197.3397033,4812602.349804885,0.0,0.0,418.37,2.7,1
1791238197.5410407,4812602.551142435,5.0,1.2,418.37,2.7444,1
1791238197.7422953,4812602.752396704,0.0,1.2,418.37,2.7444,1
1791238197.9436417,4812602.953743005,0.0,1.2,418.37,2.7444,1
1791238198.147265,4812603.157366851,246.4,18.3,418.37,3.3771,1
1791238198.3487475,4812603.358849818,272.9,68.7,418.37,5.2419,1
1791238198.550243,4812603.560344816,278.0,70.9,418.37,5.3233,1
1791238198.7530568,4812603.76315856,276.8,69.6,418.37,5.2752,1
1791238198.9549327,4812603.965034651,276.7,70.4,418.37,5.3048,1
1791238199.1562982,4812604.166399545,50.9,58.5,418.37,4.8645,1
1791238199.3577487,4812604.367850636,19.9,6.3,418.37,2.9331,1
1791238199.5591223,4812604.569224124,5.0,0.0,418.37,2.7,1
1791238199.7605038,4812604.77060558,5.0,2.5,418.37,2.7925,1
1791238199.962269,4812604.972371306,0.0,0.0,418.37,2.7,1
1791238200.164234,4812605.174336094,9.9,2.5,418.37,2.7925,1
1791238200.36641,4812605.3765126,0.0,0.0,418.37,2.7,1
1791238200.5684185,4812605.578520669,4.9,1.3,418.37,2.7481,1
1791238200.7704592,4812605.780561864,5.0,1.3,418.37,2.7481,1
1791238200.9725502,4812605.982652745,4.9,1.3,418.37,2.7481,1
1791238201.1746747,4812606.184777064,4.9,2.5,418.37,2.7925,1
1791238201.3766491,4812606.386751487,4.9,0.0,418.37,2.7,1
1791238201.5787458,4812606.588848462,0.0,1.2,418.37,2.7444,1
1791238201.780729,4812606.790831271,4.9,1.3,418.37,2.7481,1
1791238201.9828053,4812606.99290736,5.0,1.3,418.37,2.7481,1
1791238202.1848943,4812607.194996523,0.0,0.0,418.37,2.7,1
1791238202.3869827,4812607.397085268,4.9,1.3,418.37,2.7481,1
1791238202.5980592,4812607.608161335,9.9,2.4,418.37,2.7888,1
1791238202.8072145,4812607.817316364,166.9,44.4,418.38,4.3428,1
1791238203.008611,4812608.01871282,83.3,22.8,418.38,3.5436,1
1791238203.2099779,4812608.220079067,19.9,3.8,418.38,2.8406,1
1791238203.4113398,4812608.421441357,9.9,3.7,418.38,2.8369,1
1791238203.6126645,4812608.622765781,14.9,3.8,418.38,2.8406,1
1791238203.8140895,4812608.824191456,5.0,0.0,418.38,2.7,1
1791238204.0154715,4812609.025573224,0.0,1.3,418.38,2.7481,1
1791238204.217031,4812609.227132388,5.0,2.4,418.38,2.7888,1
1791238204.4184487,4812609.428550301,0.0,0.0,418.38,2.7,1
1791238204.6197336,4812609.629835039,5.0,1.3,418.38,2.7481,1
1791238204.8209896,4812609.831091026,0.0,0.0,418.38,2.7,1
1791238205.022389,4812610.032491023,5.0,1.3,418.38,2.7481,1
1791238205.2236986,4812610.233800135,0.0,1.2,418.38,2.7444,1
1791238205.425045,4812610.435147112,5.0,0.0,418.38,2.7,1
1791238205.6264102,4812610.636512109,0.0,0.0,418.38,2.7,1
1791238205.8276768,4812610.837777835,5.0,1.2,418.38,2.7444,1
1791238206.0295365,4812611.039637936,257.1,17.7,418.38,3.3549,1
1791238206.23124,4812611.24134189,272.0,69.1,418.38,5.2567,1
1791238206.4342206,4812611.444322456,276.5,70.0,418.38,5.29,1
1791238206.6359224,4812611.646024275,277.5,70.4,418.38,5.3048,1
1791238206.8386147,4812611.848716665,271.0,70.4,418.38,5.3048,1
1791238207.0399687,4812612.050070412,59.5,59.0,418.38,4.883,1
1791238207.2417698,4812612.251871501,24.8,9.8,418.38,3.0626,1
1791238207.4431343,4812612.453235769,5.0,1.3,418.38,2.7481,1
1791238207.6444411,4812612.654542797,5.0,1.3,418.38,2.7481,1
1791238207.8464983,4812612.856600866,0.0,0.0,418.38,2.7,1
1791238208.0486343,4812613.058736642,4.9,1.3,418.38,2.7481,1
1791238208.258938,4812613.269039688,4.9,9.9,418.38,3.0663,1
1791238208.460312,4812613.470413487,4.8,2.4,418.38,2.7888,1
1791238208.6616726,4812613.671774057,5.0,1.2,418.38,2.7444,1
1791238208.863052,4812613.873153585,0.0,0.0,418.38,2.7,1
1791238209.0644267,4812614.07452879,5.0,1.3,418.38,2.7481,1
1791238209.2658143,4812614.275915193,0.0,1.3,418.38,2.7481,1
1791238209.4671881,4812614.477289565,0.0,0.0,418.38,2.7,1
1791238209.6685038,4812614.67860503,5.0,0.0,418.38,2.7,1
1791238209.8698575,4812614.879959194,5.0,0.0,418.38,2.7,1
1791238210.0712628,4812615.081364503,0.0,1.2,418.38,2.7444,1
1791238210.2725844,4812615.28268601,0.0,1.2,418.39,2.7444,1
1791238210.47449,4812615.484591734,171.6,18.8,418.43,3.3956,1
1791238210.6759527,4812615.686054335,163.5,39.7,418.43,4.1689,1
1791238210.8773153,4812615.887416467,5.0,2.5,418.43,2.7925,1
1791238211.0787663,4812616.088867922,5.0,1.3,418.43,2.7481,1
1791238211.280159,4812616.29026047,0.0,0.0,418.43,2.7,1
1791238211.4815192,4812616.491620883,5.0,1.2,418.43,2.7444,1
1791238211.6828678,4812616.692969265,0.0,0.0,418.43,2.7,1
1791238211.8841438,4812616.894245616,5.0,0.0,418.43,2.7,1
1791238212.0855439,4812617.095645404,0.0,2.5,418.43,2.7925,1
1791238212.2869415,4812617.297042744,0.0,2.5,418.43,2.7925,1
1791238212.488257,4812617.49835899,0.0,0.0,418.43,2.7,1
1791238212.6895568,4812617.699657841,5.0,0.0,418.43,2.7,1
1791238212.890872,4812617.900973619,0.0,1.2,418.43,2.7444,1
1791238213.0922313,4812618.102332886,5.0,0.0,418.43,2.7,1
1791238213.2936187,4812618.303720382,5.0,1.2,418.43,2.7444,1
1791238213.4956849,4812618.505788085,5.0,1.3,418.43,2.7481,1
1791238213.697754,4812618.707856048,0.0,0.0,418.43,2.7,1
1791238213.8993967,4812618.909498023,251.6,43.9,418.44,4.3243,1
1791238214.1008534,4812619.110955414,267.8,69.2,418.44,5.2604,1
1791238214.30233,4812619.312432129,278.0,69.2,418.44,5.2604,1
1791238214.5038178,4812619.513919625,278.0,67.9,418.44,5.2123,1
1791238214.705217,4812619.715318735,277.9,71.2,418.44,5.3344,1
1791238214.9066277,4812619.916729356,23.8,43.9,418.44,4.3243,1
1791238215.1080089,4812620.118110706,24.8,6.4,418.44,2.9368,1
1791238215.3093965,4812620.31949815,5.0,2.5,418.44,2.7925,1
1791238215.5108168,4812620.520918198,0.0,0.0,418.44,2.7,1
1791238215.7121325,4812620.722234028,5.0,1.2,418.44,2.7444,1
1791238215.9134216,4812620.923522826,5.0,0.0,418.44,2.7,1
1791238216.1148498,4812621.124951415,0.0,1.2,418.44,2.7444,1
1791238216.3161376,4812621.326238755,0.0,0.0,418.44,2.7,1
1791238216.5174932,4812621.52759474,5.0,2.4,418.44,2.7888,1
1791238216.7188826,4812621.728984632,0.0,0.0,418.44,2.7,1
1791238216.9201908,4812621.930292024,5.0,0.0,418.44,2.7,1
1791238217.1214826,4812622.131583791,0.0,1.3,418.44,2.7481,1
1791238217.3227463,4812622.332847589,0.0,1.2,418.44,2.7444,1
1791238217.5241098,4812622.534211647,5.0,1.3,418.44,2.7481,1
1791238217.7254348,4812622.735536539,5.0,0.0,418.44,2.7,1
1791238217.9268053,4812622.936906847,0.0,0.0,418.44,2.7,1
1791238218.1281464,4812623.138248145,0.0,1.3,418.44,2.7481,1
1791238218.3297231,4812623.339824702,163.6,11.4,418.45,3.1218,1
1791238218.5335543,4812623.543655056,193.4,47.4,418.45,4.4538,1
1791238218.7352479,4812623.745349738,4.9,3.7,418.45,2.8369,1
1791238218.9372087,4812623.947310565,5.0,0.0,418.45,2.7,1
1791238219.1393433,4812624.14944634,0.0,1.2,418.45,2.7444,1
1791238219.341426,4812624.351528157,4.9,1.3,418.45,2.7481,1
1791238219.5434942,4812624.553596744,5.0,1.3,418.45,2.7481,1
1791238219.7454832,4812624.755585904,0.0,0.0,418.45,2.7,1
1791238219.9476311,4812624.957734023,9.9,6.3,418.45,2.9331,1
1791238220.1496592,4812625.159761725,4.9,1.3,418.45,2.7481,1
1791238220.35166,4812625.361762864,0.0,0.0,418.45,2.7,1
1791238220.5536394,4812625.563741556,5.0,1.3,418.45,2.7481,1
1791238220.7557223,4812625.765824622,4.9,1.2,418.45,2.7444,1
1791238220.9578109,4812625.967913418,0.0,1.3,418.45,2.7481,1
1791238221.160004,4812626.170106432,9.9,2.5,418.45,2.7925,1
1791238221.362166,4812626.372268352,4.9,1.3,418.45,2.7481,1
1791238221.5642173,4812626.57432022,0.0,1.2,418.45,2.7444,1
1791238221.7657049,4812626.775807976,252.7,43.8,418.45,4.3206,1
1791238221.968306,4812626.978408124,281.4,70.7,418.45,5.3159,1
1791238222.171175,4812627.181276292,273.0,71.6,418.45,5.3492,1
1791238222.3732889,4812627.38339066,275.1,67.5,418.45,5.1975,1
1791238222.575318,4812627.585419404,282.8,71.4,418.45,5.3418,1
1791238222.7766938,4812627.78679518,23.2,41.3,418.45,4.2281,1
1791238222.9782224,4812627.988324341,19.9,5.1,418.45,2.8887,1
1791238223.1795855,4812628.189687409,9.9,2.5,418.45,2.7925,1
1791238223.3809524,4812628.391053498,0.0,0.0,418.45,2.7,1
1791238223.582116,4812628.5922174,0.0,0.0,418.45,2.7,1
1791238223.7834966,4812628.79359828,5.0,2.5,418.45,2.7925,1
1791238223.9848642,4812628.994965983,0.0,0.0,418.45,2.7,1
1791238224.186219,4812629.196320718,0.0,0.0,418.45,2.7,1
1791238224.3875768,4812629.397678265,9.9,1.2,418.45,2.7444,1
1791238224.588833,4812629.598934353,0.0,0.0,418.45,2.7,1
1791238224.7901554,4812629.800257317,0.0,0.0,418.45,2.7,1
1791238224.991526,4812630.00162752,5.0,2.5,418.45,2.7925,1
1791238225.1928043,4812630.202905849,0.0,1.3,418.45,2.7481,1
1791238225.394224,4812630.404325635,5.0,0.0,418.45,2.7,1
1791238225.5955782,4812630.605679796,5.0,2.5,418.45,2.7925,1
1791238225.7968526,4812630.806953906,0.0,1.2,418.45,2.7444,1
1791238225.9984128,4812631.008514577,5.0,0.0,418.45,2.7,1
1791238226.2017295,4812631.211831441,174.5,33.7,418.49,3.9469,1
1791238226.4031224,4812631.413223728,99.0,25.9,418.49,3.6583,1
1791238226.6044962,4812631.614597733,9.9,2.5,418.49,2.7925,1
1791238226.806237,4812631.81633908,5.0,0.0,418.49,2.7,1
1791238227.0081432,4812632.018245428,9.9,6.2,418.49,2.9294,1
1791238227.2101176,4812632.220219796,29.7,8.6,418.49,3.0182,1
1791238227.4116848,4812632.42178656,29.7,7.6,418.49,2.9812,1
1791238227.613744,4812632.623846918,0.0,1.3,418.49,2.7481,1
1791238227.815866,4812632.825968629,9.9,2.5,418.49,2.7925,1
1791238228.019876,4812633.029978564,4.9,6.2,418.49,2.9294,1
1791238228.221282,4812633.231383871,0.0,2.5,418.49,2.7925,1
1791238228.422715,4812633.43281699,5.0,2.5,418.49,2.7925,1
1791238228.6240964,4812633.634198078,0.0,2.5,418.49,2.7925,1
1791238228.8254578,4812633.835559375,0.0,0.0,418.49,2.7,1
1791238229.026859,4812634.036960619,5.0,1.2,418.49,2.7444,1
1791238229.2281473,4812634.238248426,0.0,1.3,418.49,2.7481,1
1791238229.4294534,4812634.43955467,5.0,0.0,418.49,2.7,1
1791238229.6309211,4812634.641023206,256.3,38.8,418.49,4.1356,1
1791238229.8327405,4812634.84284247,278.0,70.0,418.49,5.29,1
1791238230.0343904,4812635.044492463,272.5,70.7,418.49,5.3159,1
1791238230.2372355,4812635.247337037,281.3,70.9,418.49,5.3233,1
1791238230.440302,4812635.45040338,271.0,68.8,418.49,5.2456,1
1791238230.641662,4812635.651763479,9.6,35.8,418.49,4.0246,1
1791238230.843072,4812635.85317342,29.8,7.5,418.49,2.9775,1
1791238231.0444403,4812636.0545418,5.0,1.3,418.49,2.7481,1
1791238231.2457352,4812636.255836221,0.0,0.0,418.49,2.7,1
1791238231.4470835,4812636.457184965,0.0,1.2,418.49,2.7444,1
1791238231.6483665,4812636.658467564,5.0,0.0,418.49,2.7,1
1791238231.8496532,4812636.859754329,5.0,1.3,418.49,2.7481,1
1791238232.0510552,4812637.061156562,0.0,1.2,418.49,2.7444,1
1791238232.2524087,4812637.262510254,5.0,0.0,418.49,2.7,1
1791238232.4536858,4812637.463786862,0.0,1.2,418.49,2.7444,1
1791238232.6548605,4812637.664961596,0.0,0.0,418.49,2.7,1
1791238232.8561876,4812637.866288517,5.0,0.0,418.49,2.7,1
1791238233.0580926,4812638.06819476,0.0,2.5,418.49,2.7925,1
1791238233.260167,4812638.270269387,0.0,1.2,418.49,2.7444,1
1791238233.4624033,4812638.472505785,4.9,1.3,418.49,2.7481,1
1791238233.6644936,4812638.674596297,9.9,1.3,418.49,2.7481,1
1791238233.866671,4812638.876773633,0.0,1.2,418.49,2.7444,1
1791238234.0776749,4812639.087776414,172.6,37.3,418.5,4.0801,1
1791238234.2790732,4812639.289175001,132.1,34.6,418.5,3.9802,1
1791238234.4804509,4812639.490552755,0.0,1.3,418.5,2.7481,1
1791238234.6817896,4812639.691890926,5.0,0.0,418.5,2.7,1
1791238234.8831441,4812639.893245919,5.0,2.4,418.5,2.7888,1
1791238235.0845149,4812640.094616538,0.0,1.3,418.5,2.7481,1
1791238235.2858434,4812640.295944917,0.0,1.2,418.5,2.7444,1
1791238235.487262,4812640.497363764,5.0,0.0,418.5,2.7,1
1791238235.6886187,4812640.69872032,5.0,0.0,418.5,2.7,1
1791238235.8899734,4812640.900074845,0.0,1.2,418.5,2.7444,1
1791238236.0912926,4812641.101394266,5.0,1.3,418.5,2.7481,1
1791238236.2926433,4812641.302744624,0.0,0.0,418.5,2.7,1
1791238236.4940228,4812641.504124669,0.0,0.0,418.5,2.7,1
1791238236.6953776,4812641.705479142,5.0,1.2,418.5,2.7444,1
1791238236.896645,4812641.906746896,0.0,0.0,418.5,2.7,1
1791238237.0980506,4812642.108152201,5.0,1.2,418.5,2.7444,1
1791238237.3015003,4812642.311602085,212.0,7.5,418.5,2.9775,1
1791238237.5042968,4812642.514398533,270.6,68.7,418.5,5.2419,1
1791238237.7060664,4812642.716168004,283.0,71.6,418.5,5.3492,1
1791238237.907495,4812642.917596747,272.5,69.1,418.5,5.2567,1
1791238238.1121922,4812643.122293867,279.0,70.7,418.5,5.3159,1
1791238238.3135512,4812643.323652714,59.7,64.6,418.5,5.0902,1
1791238238.514954,4812643.525055728,24.8,7.5,418.5,2.9775,1
1791238238.7162461,4812643.726347232,5.0,1.3,418.5,2.7481,1
1791238238.9175916,4812643.927692902,0.0,0.0,418.5,2.7,1
1791238239.119691,4812644.129793518,9.9,3.7,418.5,2.8369,1
1791238239.321742,4812644.331844447,0.0,1.3,418.5,2.7481,1
1791238239.5237722,4812644.533874698,4.9,0.0,418.5,2.7,1
1791238239.7256837,4812644.735785836,4.9,6.2,418.5,2.9294,1
1791238239.9312437,4812644.94134613,9.7,2.5,418.5,2.7925,1
1791238240.1333447,4812645.143447528,0.0,1.3,418.5,2.7481,1
1791238240.3354616,4812645.345564446,0.0,1.3,418.5,2.7481,1
1791238240.5374665,4812645.54756928,4.9,0.0,418.5,2.7,1
1791238240.7395868,4812645.749689063,4.9,2.5,418.5,2.7925,1
1791238240.9416802,4812645.951782127,4.9,2.5,418.5,2.7925,1
1791238241.1438408,4812646.153943472,0.0,0.0,418.5,2.7,1
1791238241.3460069,4812646.356109504,4.9,1.2,418.5,2.7444,1
1791238241.5481296,4812646.558232307,4.9,1.3,418.5,2.7481,1
1791238241.750296,4812646.760398496,4.9,1.3,418.5,2.7481,1
1791238241.9569902,4812646.96709186,175.8,41.0,418.54,4.217,1
1791238242.1584377,4812647.1685393,99.0,24.4,418.54,3.6028,1
1791238242.3598223,4812647.36992346,0.0,0.0,418.54,2.7,1
1791238242.5611677,4812647.571269286,5.0,1.2,418.54,2.7444,1
1791238242.762487,4812647.772588497,5.0,1.3,418.54,2.7481,1
1791238242.9638376,4812647.973939219,0.0,1.2,418.54,2.7444,1
1791238243.1651647,4812648.175266399,0.0,0.0,418.54,2.7,1
1791238243.3665574,4812648.376659204,5.0,1.3,418.54,2.7481,1
1791238243.5679286,4812648.57803003,0.0,0.0,418.54,2.7,1
1791238243.7693,4812648.779401481,5.0,1.3,418.54,2.7481,1
1791238243.9706964,4812648.980798036,0.0,2.5,418.54,2.7925,1
1791238244.172007,4812649.182108966,0.0,0.0,418.54,2.7,1
1791238244.3733158,4812649.3834175,5.0,0.0,418.54,2.7,1
1791238244.5747042,4812649.584805878,5.0,1.3,418.54,2.7481,1
1791238244.7759311,4812649.786032797,0.0,1.2,418.54,2.7444,1
1791238244.9773004,4812649.987401957,5.0,1.3,418.54,2.7481,1
1791238245.1791525,4812650.189254552,254.3,20.3,418.54,3.4511,1
1791238245.3810408,4812650.39114272,277.9,70.5,418.54,5.3085,1
1791238245.5830631,4812650.593164846,271.7,68.7,418.54,5.2419,1
1791238245.7849567,4812650.795063222,278.1,70.0,418.54,5.29,1
1791238245.986662,4812650.996763578,267.5,70.0,418.54,5.29,1
1791238246.18804,4812651.19814133,42.1,56.1,418.54,4.7757,1
1791238246.3894074,4812651.399508927,24.8,6.3,418.54,2.9331,1
1791238246.5908058,4812651.600907617,0.0,2.5,418.54,2.7925,1
1791238246.792181,4812651.802282348,5.0,1.3,418.54,2.7481,1
1791238246.9943352,4812652.004438484,0.0,1.2,418.54,2.7444,1
1791238247.1963491,4812652.206451495,9.9,1.3,418.54,2.7481,1
1791238247.3984997,4812652.408602475,0.0,0.0,418.54,2.7,1
1791238247.60053,4812652.610631944,4.9,2.5,418.54,2.7925,1
1791238247.802721,4812652.812823757,4.9,1.3,418.54,2.7481,1
1791238248.004811,4812653.014913747,0.0,1.3,418.54,2.7481,1
1791238248.2069027,4812653.217005196,4.9,0.0,418.54,2.7,1
1791238248.4089522,4812653.41905404,4.9,1.3,418.54,2.7481,1
1791238248.6117337,4812653.621836476,14.8,6.2,418.54,2.9294,1
1791238248.8131843,4812653.823286051,24.7,40.8,418.54,4.2096,1
1791238249.0145953,4812654.024697032,29.8,8.7,418.55,3.0219,1
1791238249.2159843,4812654.226086139,5.0,1.3,418.55,2.7481,1
1791238249.4173503,4812654.427451964,5.0,0.0,418.55,2.7,1
1791238249.6187813,4812654.628883049,0.0,1.3,418.55,2.7481,1
1791238249.8300889,4812654.840190775,182.7,42.7,418.55,4.2799,1
1791238250.0314734,4812655.04157509,68.3,19.5,418.55,3.4215,1
1791238250.2350404,4812655.24514169,4.9,2.5,418.55,2.7925,1
1791238250.4363928,4812655.446494443,0.0,0.0,418.55,2.7,1
1791238250.6376915,4812655.647792872,5.0,0.0,418.55,2.7,1
1791238250.8389997,4812655.849101197,0.0,1.2,418.55,2.7444,1
1791238251.0403981,4812656.050500043,5.0,1.3,418.55,2.7481,1
1791238251.241737,4812656.251838836,0.0,0.0,418.55,2.7,1
1791238251.443116,4812656.453217682,5.0,2.5,418.55,2.7925,1
1791238251.6444094,4812656.654510955,0.0,1.3,418.55,2.7481,1
1791238251.845677,4812656.855778447,5.0,0.0,418.55,2.7,1
1791238252.0470436,4812657.057145261,0.0,1.3,418.55,2.7481,1
1791238252.2484074,4812657.258509003,0.0,1.3,418.55,2.7481,1
1791238252.4497707,4812657.459872588,5.0,1.2,418.55,2.7444,1
1791238252.6511953,4812657.661296902,0.0,2.5,418.55,2.7925,1
1791238252.8525043,4812657.862606321,5.0,0.0,418.55,2.7,1
1791238253.0544214,4812658.064522821,263.2,23.8,418.55,3.5806,1
1791238253.2570095,4812658.267112289,270.8,70.0,418.55,5.29,1
1791238253.4590971,4812658.46919884,277.8,71.1,418.55,5.3307,1
1791238253.6610858,4812658.671188049,277.3,70.2,418.55,5.2974,1
1791238253.862738,4812658.872839602,277.0,70.4,418.55,5.3048,1
1791238254.0640864,4812659.074188239,106.9,64.1,418.56,5.0717,1
1791238254.2654626,4812659.275564064,24.8,6.3,418.56,2.9331,1
1791238254.4668765,4812659.47697843,5.0,1.3,418.56,2.7481,1
1791238254.6682491,4812659.678350452,0.0,0.0,418.56,2.7,1
1791238254.869602,4812659.879703725,5.0,1.3,418.56,2.7481,1
1791238255.0709546,4812660.081056007,5.0,1.2,418.56,2.7444,1
1791238255.272345,4812660.28244704,0.0,3.8,418.56,2.8406,1
1791238255.4737127,4812660.483814115,5.0,1.3,418.56,2.7481,1
1791238255.6750934,4812660.685194626,5.0,1.2,418.56,2.7444,1
1791238255.8764458,4812660.886547222,0.0,0.0,418.56,2.7,1
1791238256.0778039,4812661.087905286,0.0,0.0,418.56,2.7,1
1791238256.2790773,4812661.289178662,5.0,1.3,418.56,2.7481,1
1791238256.4804924,4812661.490594382,0.0,0.0,418.56,2.7,1
1791238256.681778,4812661.691879373,5.0,0.0,418.56,2.7,1
1791238256.8831239,4812661.893225302,0.0,1.3,418.56,2.7481,1
1791238257.084485,4812662.094586647,5.0,1.3,418.56,2.7481,1
1791238257.285848,4812662.295949034,0.0,0.0,418.56,2.7,1
1791238257.4955835,4812662.505685044,168.1,9.4,418.6,3.0478,1
1791238257.6996987,4812662.709800861,178.8,46.8,418.6,4.4316,1
1791238257.9011207,4812662.911222466,29.7,7.5,418.6,2.9775,1
1791238258.102539,4812663.112640478,5.0,1.2,418.6,2.7444,1
1791238258.3037195,4812663.313820677,0.0,0.0,418.6,2.7,1
1791238258.5050554,4812663.515156814,5.0,1.2,418.6,2.7444,1
1791238258.7064645,4812663.716565971,5.0,1.3,418.6,2.7481,1
1791238258.9081938,4812663.918296065,0.0,0.0,418.6,2.7,1
1791238259.1101367,4812664.120239075,5.0,1.3,418.6,2.7481,1
1791238259.3121545,4812664.322256512,5.0,1.2,418.6,2.7444,1
1791238259.5143611,4812664.524463948,0.0,1.3,418.6,2.7481,1
1791238259.7164989,4812664.726601072,4.9,2.5,418.6,2.7925,1
1791238259.9186842,4812664.928786686,4.9,2.5,418.6,2.7925,1
1791238260.1207669,4812665.130869643,0.0,0.0,418.6,2.7,1
1791238260.3229492,4812665.333051715,4.9,3.7,418.6,2.8369,1
1791238260.5249372,4812665.535038787,4.9,0.0,418.6,2.7,1
1791238260.7270641,4812665.73716664,5.0,1.2,418.6,2.7444,1
1791238260.9290903,4812665.939191733,268.0,36.7,418.6,4.0579,1
1791238261.130577,4812666.140678963,267.3,69.9,418.6,5.2863,1
1791238261.3337212,4812666.343822594,281.1,71.6,418.6,5.3492,1
1791238261.536531,4812666.546632737,270.7,68.7,418.6,5.2419,1
1791238261.7396495,4812666.749750744,281.3,69.5,418.6,5.2715,1
1791238261.9410155,4812666.951117088,13.0,45.6,418.6,4.3872,1
1791238262.1424656,4812667.152566974,24.8,7.5,418.6,2.9775,1
1791238262.343853,4812667.353954933,5.0,1.3,418.6,2.7481,1
1791238262.5452209,4812667.555322528,0.0,1.2,418.6,2.7444,1
1791238262.7465837,4812667.75668533,5.0,1.3,418.6,2.7481,1
1791238262.9479406,4812667.958041935,0.0,1.2,418.6,2.7444,1
1791238263.1493049,4812668.159406769,0.0,0.0,418.6,2.7,1
1791238263.3507154,4812668.360817176,5.0,2.5,418.6,2.7925,1
1791238263.5520701,4812668.562171802,5.0,0.0,418.6,2.7,1
1791238263.7534478,4812668.763549188,0.0,0.0,418.6,2.7,1
1791238263.9548428,4812668.964944542,5.0,2.5,418.6,2.7925,1
1791238264.1561108,4812669.166211928,0.0,0.0,418.6,2.7,1
1791238264.357369,4812669.367470304,5.0,0.0,418.6,2.7,1
1791238264.5586777,4812669.568779096,0.0,0.0,418.6,2.7,1
1791238264.7600424,4812669.770144086,0.0,1.3,418.6,2.7481,1
1791238264.9614017,4812669.971503347,5.0,1.2,418.6,2.7444,1
1791238265.1627364,4812670.17283766,0.0,0.0,418.6,2.7,1
1791238265.3673637,4812670.37746561,172.5,11.1,418.6,3.1107,1
1791238265.5713384,4812670.581439187,188.1,48.1,418.6,4.4797,1
1791238265.772753,4812670.782854802,9.8,1.3,418.6,2.7481,1
1791238265.974518,4812670.984620103,5.0,2.5,418.6,2.7925,1
1791238266.1765604,4812671.186663112,5.0,0.0,418.6,2.7,1
1791238266.3787386,4812671.38884086,4.9,1.3,418.6,2.7481,1
1791238266.580775,4812671.590877254,4.9,1.3,418.6,2.7481,1
1791238266.782785,4812671.792887503,0.0,0.0,418.6,2.7,1
1791238266.9849026,4812671.995005407,4.9,3.7,418.6,2.8369,1
1791238267.1869829,4812672.197085239,4.9,1.2,418.6,2.7444,1
1791238267.3890195,4812672.399121789,0.0,0.0,418.6,2.7,1
1791238267.5910795,4812672.601181725,5.0,1.3,418.6,2.7481,1
1791238267.7931118,4812672.803213901,4.9,0.0,418.6,2.7,1
1791238267.9952662,4812673.005369201,0.0,2.5,418.6,2.7925,1
1791238268.1974072,4812673.207509761,4.9,1.3,418.6,2.7481,1
1791238268.3991332,4812673.409235062,4.9,8.9,418.6,3.0293,1
1791238268.601193,4812673.611295727,0.0,0.0,418.6,2.7,1
1791238268.804795,4812673.814896596,254.0,45.8,418.6,4.3946,1
1791238269.0072508,4812674.017352156,274.3,69.6,418.6,5.2752,1
1791238269.2120929,4812674.222194792,278.7,70.4,418.6,5.3048,1
1791238269.4136822,4812674.423783896,267.0,69.5,418.6,5.2715,1
1791238269.615132,4812674.625233625,277.7,70.9,418.6,5.3233,1
1791238269.8165212,4812674.826622364,10.2,37.0,418.6,4.069,1
1791238270.0178955,4812675.027997197,24.8,6.4,418.6,2.9368,1
1791238270.2193375,4812675.229439218,5.0,1.3,418.6,2.7481,1
1791238270.4206746,4812675.430776186,5.0,1.3,418.6,2.7481,1
1791238270.6219826,4812675.632083936,0.0,0.0,418.6,2.7,1
1791238270.8233187,4812675.833420384,5.0,1.2,418.6,2.7444,1
1791238271.0246525,4812676.034754175,0.0,1.3,418.6,2.7481,1
1791238271.226101,4812676.23620281,5.0,1.3,418.6,2.7481,1
1791238271.4275024,4812676.437603945,0.0,7.5,418.6,2.9775,1
1791238271.6289241,4812676.639026122,5.0,5.1,418.6,2.8887,1
1791238271.8304842,4812676.840586006,0.0,10.4,418.6,3.0848,1
1791238272.031882,4812677.041984068,29.8,11.7,418.6,3.1329,1
1791238272.2333415,4812677.243443224,14.9,6.3,418.6,2.9331,1
1791238272.4347982,4812677.444900192,0.0,11.2,418.54,3.1144,1
1791238272.6363633,4812677.646465233,0.0,7.7,418.54,2.9849,1
1791238272.837763,4812677.847864909,5.0,2.5,418.54,2.7925,1
1791238273.0392787,4812678.04938094,5.0,3.8,418.54,2.8406,1
1791238273.2420182,4812678.252120612,173.5,39.5,418.57,4.1615,1
1791238273.4434545,4812678.45355633,98.8,30.0,418.54,3.81,1
1791238273.644934,4812678.655035798,0.0,7.7,418.43,2.9849,1
1791238273.846906,4812678.857008234,0.0,12.7,417.38,3.1699,1
1791238274.0483508,4812679.058452389,5.0,13.8,416.15,3.2106,1
1791238274.2497485,4812679.259850034,0.0,10.0,416.15,3.07,1
1791238274.4511957,4812679.461297523,0.0,8.6,416.15,3.0182,1
1791238274.6531444,4812679.663246104,0.0,23.1,415.83,3.5547,1
1791238274.854449,4812679.864550676,0.0,0.0,415.83,2.7,1
1791238275.055836,4812680.065937488,5.0,1.3,415.83,2.7481,1
1791238275.257209,4812680.267310446,0.0,0.0,415.83,2.7,1
1791238275.458643,4812680.468744705,0.0,1.2,415.83,2.7444,1
1791238275.659766,4812680.669867351,0.0,0.0,415.83,2.7,1
1791238275.861055,4812680.871156558,0.0,0.0,415.83,2.7,1
1791238276.0624769,4812681.072578526,0.0,1.3,415.83,2.7481,1
1791238276.2638097,4812681.27391164,5.0,0.0,415.83,2.7,1
1791238276.4650445,4812681.475146369,0.0,0.0,415.83,2.7,1
1791238276.6662674,4812681.676368962,0.0,0.0,415.83,2.7,1
1791238276.8674586,4812681.877560149,0.0,0.0,415.83,2.7,1
1791238277.0688498,4812682.078951804,0.0,1.2,415.83,2.7444,1
1791238277.2701368,4812682.28023872,0.0,0.0,415.83,2.7,1
1791238277.4713764,4812682.481477927,0.0,1.2,415.83,2.7444,1
1791238277.6727304,4812682.682831926,0.0,0.0,415.83,2.7,1
1791238277.8741798,4812682.884281394,5.0,0.0,415.83,2.7,1
1791238278.0755317,4812683.08563331,0.0,0.0,415.83,2.7,1
1791238278.2768986,4812683.286999756,0.0,1.2,415.83,2.7444,1
1791238278.478285,4812683.488386724,0.0,0.0,415.83,2.7,1
1791238278.679657,4812683.689758744,0.0,0.0,415.83,2.7,1
1791238278.8808763,4812683.890977482,0.0,0.0,415.83,2.7,1
1791238279.083018,4812684.093120698,0.0,1.3,415.83,2.7481,1
1791238279.2849896,4812684.295092247,0.0,0.0,415.83,2.7,1
1791238279.4871173,4812684.497220202,0.0,0.0,415.83,2.7,1
1791238279.688997,4812684.69909946,4.9,0.0,415.83,2.7,1
1791238279.89121,4812684.90131205,0.0,1.2,415.83,2.7444,1
1791238280.0933108,4812685.103413235,0.0,0.0,415.83,2.7,1
1791238280.2954128,4812685.305515513,4.9,1.2,415.83,2.7444,1
1791238280.4973893,4812685.507491801,0.0,0.0,415.83,2.7,1
1791238280.699415,4812685.709517673,0.0,0.0,415.83,2.7,1
1791238280.9013295,4812685.911432035,0.0,0.0,415.83,2.7,1
1791238281.1034844,4812686.113586917,0.0,2.5,415.83,2.7925,1
1791238281.305585,4812686.315687372,4.9,0.0,415.83,2.7,1
1791238281.507825,4812686.51792793,0.0,1.3,415.83,2.7481,1
1791238281.7101493,4812686.720252239,0.0,0.0,415.83,2.7,1
1791238281.9122667,4812686.922369621,0.0,0.0,415.83,2.7,1
1791238282.114487,4812687.124590023,4.9,1.3,415.83,2.7481,1
1791238282.316453,4812687.326555322,4.9,0.0,415.83,2.7,1
1791238282.5186074,4812687.5287101,0.0,0.0,415.83,2.7,1
1791238282.7205162,4812687.73061842,0.0,0.0,415.83,2.7,1
1791238282.9225538,4812687.932656323,0.0,0.0,415.83,2.7,1
1791238283.1246965,4812688.134799069,0.0,2.5,415.83,2.7925,1
1791238283.3268678,4812688.336970617,0.0,0.0,415.83,2.7,1
1791238283.5289564,4812688.539058884,0.0,0.0,415.83,2.7,1
1791238283.7311165,4812688.741219443,4.9,1.3,415.83,2.7481,1
1791238283.9334836,4812688.943586668,0.0,0.0,415.83,2.7,1
1791238284.1356843,4812689.145786914,0.0,0.0,415.83,2.7,1
1791238284.3377895,4812689.347892525,4.9,0.0,415.83,2.7,1
1791238284.5398817,4812689.549984438,0.0,1.2,415.83,2.7444,1
1791238284.7417927,4812689.751894997,0.0,0.0,415.83,2.7,1
1791238284.9439282,4812689.954030972,4.9,1.3,415.83,2.7481,1
1791238285.146154,4812690.156256635,0.0,1.2,415.83,2.7444,1
1791238285.3481388,4812690.358241412,0.0,0.0,415.83,2.7,1
1791238285.5503259,4812690.560428429,0.0,0.0,415.83,2.7,1
1791238285.7522652,4812690.76236779,0.0,0.0,415.83,2.7,1
1791238285.9551678,4812690.965271941,0.0,6.3,415.83,2.9331,1
1791238286.156983,4812691.167084792,4.9,7.4,415.83,2.9738,1
1791238286.359073,4812691.369175663,0.0,1.2,415.83,2.7444,1
1791238286.5612042,4812691.571306638,0.0,1.3,415.83,2.7481,1
1791238286.763269,4812691.773371415,0.0,0.0,415.83,2.7,1
1791238286.965367,4812691.975469578,0.0,1.2,415.83,2.7444,1
1791238287.1675434,4812692.177645969,4.9,1.2,415.83,2.7444,1
1791238287.3696399,4812692.379742361,0.0,0.0,415.83,2.7,1
1791238287.5717776,4812692.581879846,0.0,1.3,415.83,2.7481,1
1791238287.7737877,4812692.783890197,0.0,0.0,415.83,2.7,1
1791238287.9760113,4812692.986114088,4.9,1.2,415.83,2.7444,1
1791238288.1782477,4812693.188350532,0.0,0.0,415.83,2.7,1
1791238288.3801959,4812693.390298278,4.9,12.5,415.83,3.1625,1
1791238288.5822442,4812693.592346753,0.0,0.0,415.83,2.7,1
1791238288.7843735,4812693.794476009,0.0,1.2,415.83,2.7444,1
1791238288.9865756,4812693.996678338,0.0,0.0,415.83,2.7,1
1791238289.1885931,4812694.198695667,0.0,0.0,415.83,2.7,1
1791238289.3907297,4812694.400832631,5.0,1.2,415.83,2.7444,1
1791238289.5928123,4812694.602914596,0.0,0.0,415.83,2.7,1
1791238289.7948675,4812694.804969998,0.0,1.2,415.83,2.7444,1
1791238289.996996,4812695.007098369,4.9,1.3,415.83,2.7481,1
1791238290.1991565,4812695.209259135,0.0,0.0,415.83,2.7,1
1791238290.4013174,4812695.411420057,0.0,0.0,415.83,2.7,1
1791238290.6033733,4812695.613475928,0.0,0.0,415.83,2.7,1
1791238290.805359,4812695.815461487,0.0,0.0,415.83,2.7,1
1791238291.0075285,4812696.017631211,4.9,1.2,415.83,2.7444,1
1791238291.2096255,4812696.219728019,0.0,0.0,415.83,2.7,1
1791238291.4117827,4812696.421885139,0.0,1.2,415.83,2.7444,1
1791238291.6136613,4812696.623763979,0.0,0.0,415.83,2.7,1
1791238291.815664,4812696.825766569,5.0,0.0,415.83,2.7,1
1791238292.017796,4812697.027898949,0.0,0.0,415.83,2.7,1
1791238292.2199569,4812697.23005982,0.0,1.2,415.83,2.7444,1
1791238292.4220674,4812697.432170065,0.0,0.0,415.83,2.7,1
1791238292.6239734,4812697.634076248,0.0,0.0,415.83,2.7,1
1791238292.8260746,4812697.836177327,5.0,1.2,415.83,2.7444,1
1791238293.028171,4812698.038273458,0.0,2.5,415.83,2.7925,1
1791238293.2302637,4812698.240366307,0.0,0.0,415.83,2.7,1
1791238293.4324055,4812698.442507959,0.0,0.0,415.83,2.7,1
1791238293.634569,4812698.64467185,0.0,0.0,415.83,2.7,1
1791238293.8367207,4812698.846822876,4.9,1.2,415.83,2.7444,1
1791238294.038941,4812699.049043746,0.0,1.2,415.83,2.7444,1
1791238294.2408903,4812699.250992377,4.9,0.0,415.83,2.7,1
1791238294.4430187,4812699.45312132,0.0,0.0,415.83,2.7,1
1791238294.6449866,4812699.655089117,0.0,0.0,415.83,2.7,1
1791238294.847232,4812699.857335091,4.9,3.7,415.83,2.8369,1
1791238295.0488868,4812700.058988827,34.6,6.6,415.83,2.9442,1
1791238295.2507842,4812700.260886885,19.8,7.4,415.83,2.9738,1
1791238295.4528804,4812700.462983016,0.0,0.0,415.83,2.7,1
1791238295.6548743,4812700.664977167,5.0,0.0,415.83,2.7,1
1791238295.8569088,4812700.867011631,0.0,0.0,415.83,2.7,1
1791238296.0591276,4812701.069230157,4.9,1.3,415.83,2.7481,1
1791238296.2614398,4812701.271542433,0.0,0.0,415.83,2.7,1
1791238296.4636042,4812701.473706948,0.0,0.0,415.83,2.7,1
1791238296.6655114,4812701.675614121,0.0,0.0,415.83,2.7,1
1791238296.8675668,4812701.877669314,0.0,1.2,415.83,2.7444,1
1791238297.0696766,4812702.079778986,0.0,1.3,415.83,2.7481,1
1791238297.2716928,4812702.281795168,4.9,0.0,415.83,2.7,1
1791238297.4736671,4812702.48376958,0.0,0.0,415.83,2.7,1
1791238297.675722,4812702.685824721,0.0,0.0,415.83,2.7,1
1791238297.877731,4812702.887833768,0.0,0.0,415.83,2.7,1
1791238298.0798666,4812703.089969221,4.9,1.3,415.83,2.7481,1
1791238298.2820313,4812703.292133632,0.0,0.0,415.83,2.7,1
1791238298.4840374,4812703.494140127,0.0,1.2,415.83,2.7444,1
1791238298.686197,4812703.696299643,0.0,0.0,415.83,2.7,1
1791238298.8883278,4812703.898430669,4.9,1.3,415.83,2.7481,1
1791238299.0905569,4812704.100659923,4.9,0.0,415.83,2.7,1
1791238299.292643,4812704.302745585,0.0,0.0,415.83,2.7,1
1791238299.494808,4812704.504910881,0.0,1.2,415.83,2.7444,1
1791238299.6966968,4812704.706799408,0.0,0.0,415.83,2.7,1
1791238299.8988545,4812704.9089571,0.0,0.0,415.83,2.7,1
1791238300.1010127,4812705.111115626,0.0,2.5,415.83,2.7925,1
1791238300.3030078,4812705.313110454,0.0,0.0,415.83,2.7,1
1791238300.5049944,4812705.515097157,0.0,0.0,415.83,2.7,1
1791238300.707044,4812705.717146881,5.0,0.0,415.83,2.7,1
1791238300.9090025,4812705.919105459,0.0,0.0,415.83,2.7,1
1791238301.1111853,4812706.121296693,0.0,2.5,415.83,2.7925,1
1791238301.313307,4812706.323409802,4.9,1.2,415.83,2.7444,1
1791238301.5153775,4812706.525480463,0.0,0.0,415.83,2.7,1
1791238301.7174478,4812706.727550343,0.0,0.0,415.83,2.7,1
1791238301.9196227,4812706.929724858,0.0,0.0,415.83,2.7,1
1791238302.1217563,4812707.131859112,4.9,0.0,415.83,2.7,1
1791238302.3238657,4812707.333968315,0.0,1.2,415.83,2.7444,1
1791238302.5259883,4812707.536091267,0.0,0.0,415.83,2.7,1
1791238302.727936,4812707.738038543,4.9,1.2,415.83,2.7444,1
1791238302.930124,4812707.9402266,0.0,0.0,415.83,2.7,1
1791238303.1322415,4812708.142344396,0.0,1.3,415.83,2.7481,1
1791238303.3343635,4812708.344466047,0.0,0.0,415.83,2.7,1
1791238303.53636,4812708.546462697,0.0,1.2,415.83,2.7444,1
1791238303.7385206,4812708.748623045,0.0,0.0,415.83,2.7,1
1791238303.940616,4812708.95071855,0.0,1.2,415.83,2.7444,1
1791238304.1428692,4812709.152971971,0.0,1.2,415.83,2.7444,1
1791238304.3448293,4812709.354932059,4.9,0.0,415.83,2.7,1
1791238304.5469,4812709.557002511,0.0,0.0,415.83,2.7,1
1791238304.7504046,4812709.760507387,0.0,10.3,415.83,3.0811,1
1791238304.9523568,4812709.962459298,4.9,3.8,415.83,2.8406,1
1791238305.1545606,4812710.164663084,5.0,1.3,415.83,2.7481,1
1791238305.356672,4812710.366774786,0.0,0.0,415.83,2.7,1
1791238305.5588555,4812710.568958467,0.0,1.2,415.83,2.7444,1
1791238305.761002,4812710.771104336,0.0,1.3,415.83,2.7481,1
1791238305.9631677,4812710.973270361,0.0,2.5,415.83,2.7925,1
1791238306.165101,4812711.175203158,0.0,0.0,415.83,2.7,1
1791238306.367278,4812711.377380797,5.0,0.0,415.83,2.7,1
1791238306.569377,4812711.579479583,0.0,0.0,415.83,2.7,1
1791238306.7713816,4812711.781483941,0.0,1.2,415.83,2.7444,1
1791238306.9734821,4812711.983584706,0.0,0.0,415.83,2.7,1
1791238307.1755579,4812712.185660835,4.9,0.0,415.83,2.7,1
1791238307.3776367,4812712.387739256,0.0,0.0,415.83,2.7,1
1791238307.5797994,4812712.589902104,0.0,1.2,415.83,2.7444,1
1791238307.7818062,4812712.791909014,0.0,0.0,415.83,2.7,1
1791238307.9840045,4812712.994107487,4.9,1.3,415.83,2.7481,1
1791238308.1861975,4812713.196300178,0.0,0.0,415.83,2.7,1
1791238308.3883438,4812713.398446047,0.0,0.0,415.83,2.7,1
1791238308.5902753,4812713.600378114,0.0,0.0,415.83,2.7,1
1791238308.7923803,4812713.802483149,0.0,1.3,415.83,2.7481,1
1791238308.9946039,4812714.004706674,0.0,0.0,415.83,2.7,1
1791238309.196632,4812714.206734418,4.9,1.3,415.83,2.7481,1
1791238309.3987408,4812714.408843724,0.0,1.2,415.83,2.7444,1
1791238309.600746,4812714.610848655,4.9,0.0,415.83,2.7,1
1791238309.8030233,4812714.813125981,0.0,11.5,415.86,3.1255,1
1791238310.00477,4812715.014872215,19.8,6.3,415.86,2.9331,1
1791238310.206972,4812715.217074542,5.0,0.0,415.86,2.7,1
1791238310.4091084,4812715.419211243,0.0,0.0,415.86,2.7,1
1791238310.6111825,4812715.621285185,0.0,1.2,415.86,2.7444,1
1791238310.8131917,4812715.823294647,0.0,0.0,415.86,2.7,1
1791238311.015364,4812716.025466505,0.0,2.5,415.86,2.7925,1
1791238311.2173827,4812716.227485499,0.0,0.0,415.86,2.7,1
1791238311.4195337,4812716.429636575,0.0,0.0,415.86,2.7,1
1791238311.6215322,4812716.631634892,4.9,0.0,415.86,2.7,1
1791238311.8235128,4812716.833615396,5.0,0.0,415.86,2.7,1
1791238312.0256703,4812717.035773035,0.0,0.0,415.86,2.7,1
1791238312.2278516,4812717.237954215,0.0,2.5,415.86,2.7925,1
1791238312.4299867,4812717.44008925,0.0,0.0,415.86,2.7,1
1791238312.631874,4812717.641976108,0.0,0.0,415.86,2.7,1
1791238312.833845,4812717.84394781,5.0,0.0,415.86,2.7,1
1791238313.036026,4812718.046128835,0.0,1.3,415.86,2.7481,1
1791238313.2381651,4812718.24826814,0.0,0.0,415.86,2.7,1
1791238313.4402316,4812718.450334529,0.0,1.2,415.86,2.7444,1
1791238313.6424098,4812718.652512012,0.0,1.2,415.86,2.7444,1
1791238313.8445137,4812718.854616161,0.0,1.2,415.86,2.7444,1
1791238314.0466824,4812719.056785258,4.9,0.0,415.86,2.7,1
1791238314.2487025,4812719.258805241,4.9,0.0,415.86,2.7,1
1791238314.450932,4812719.461034442,0.0,1.2,415.86,2.7444,1
1791238314.6528983,4812719.663000675,0.0,0.0,415.86,2.7,1
1791238314.8549376,4812719.865040293,0.0,1.2,415.86,2.7444,1
1791238315.0570667,4812720.067169442,0.0,0.0,415.86,2.7,1
1791238315.259101,4812720.269203852,0.0,1.2,415.86,2.7444,1
1791238315.4611511,4812720.471253991,4.9,0.0,415.86,2.7,1
1791238315.6630425,4812720.673144755,0.0,0.0,415.86,2.7,1
1791238315.8650415,4812720.87514354,0.0,0.0,415.86,2.7,1
1791238316.0672023,4812721.077305345,0.0,1.2,415.86,2.7444,1
1791238316.269176,4812721.279278609,0.0,0.0,415.86,2.7,1
1791238316.4711816,4812721.481284269,5.0,0.0,415.86,2.7,1
1791238316.6731217,4812721.683224043,0.0,0.0,415.86,2.7,1
1791238316.8752005,4812721.885303557,0.0,1.2,415.86,2.7444,1
1791238317.0771022,4812722.087204425,0.0,1.3,415.86,2.7481,1
1791238317.2792888,4812722.289391751,5.0,0.0,415.86,2.7,1
1791238317.4813876,4812722.491490275,0.0,0.0,415.86,2.7,1
1791238317.6835005,4812722.693603018,0.0,1.2,415.86,2.7444,1
1791238317.8854964,4812722.89559899,0.0,0.0,415.86,2.7,1
1791238318.0877073,4812723.097810117,0.0,1.3,415.86,2.7481,1
1791238318.2897632,4812723.299866089,0.0,0.0,415.86,2.7,1
1791238318.4916954,4812723.501797947,5.0,0.0,415.86,2.7,1
1791238318.693741,4812723.703843606,0.0,0.0,415.86,2.7,1
1791238318.8957152,4812723.905817651,0.0,0.0,415.86,2.7,1
1791238319.0978522,4812724.107954508,0.0,0.0,415.86,2.7,1
1791238319.2998788,4812724.309981574,0.0,0.0,415.86,2.7,1
1791238319.5020077,4812724.51211015,5.0,0.0,415.86,2.7,1
1791238319.7039006,4812724.714003309,0.0,1.2,415.86,2.7444,1
1791238319.9060762,4812724.916178708,0.0,0.0,415.86,2.7,1
1791238320.1081905,4812725.118293013,0.0,1.3,415.86,2.7481,1
1791238320.3102453,4812725.320347839,14.8,45.5,415.91,4.3835,1
1791238320.5158885,4812725.525991249,19.6,93.9,416.16,6.1743,1
1791238320.7173111,4812725.727412951,34.4,24.7,416.16,3.6139,1
1791238320.9187152,4812725.928816945,24.8,7.5,416.16,2.9775,1
1791238321.1201053,4812726.130206721,5.0,0.0,416.16,2.7,1
1791238321.3214667,4812726.331568632,0.0,1.3,416.16,2.7481,1
1791238321.5228322,4812726.532933876,0.0,1.2,416.16,2.7444,1
1791238321.7241762,4812726.734277766,0.0,0.0,416.16,2.7,1
1791238321.925441,4812726.93554249,0.0,0.0,416.16,2.7,1
1791238322.126855,4812727.136956536,0.0,1.2,416.16,2.7444,1
1791238322.3281152,4812727.338216728,5.0,0.0,416.16,2.7,1
1791238322.5294633,4812727.539564837,0.0,0.0,416.16,2.7,1
1791238322.730666,4812727.740767478,0.0,0.0,416.16,2.7,1
1791238322.9322073,4812727.942309805,0.0,0.0,416.16,2.7,1
1791238323.1335993,4812728.143700882,0.0,1.2,416.16,2.7444,1
1791238323.3350065,4812728.345108001,5.0,0.0,416.16,2.7,1
1791238323.5362966,4812728.54639861,0.0,0.0,416.16,2.7,1
1791238323.7374394,4812728.747540938,0.0,0.0,416.16,2.7,1
1791238323.93884,4812728.948941442,0.0,1.2,416.16,2.7444,1
1791238324.1402006,4812729.150302103,0.0,0.0,416.16,2.7,1
1791238324.34142,4812729.351521461,0.0,0.0,416.16,2.7,1
1791238324.5427082,4812729.552809779,0.0,0.0,416.16,2.7,1
1791238324.743847,4812729.753948513,0.0,0.0,416.16,2.7,1
1791238324.9452078,4812729.95530959,0.0,1.2,416.16,2.7444,1
1791238325.1465926,4812730.156694313,0.0,0.0,416.16,2.7,1
1791238325.3485286,4812730.358630961,5.0,0.0,416.16,2.7,1
1791238325.550597,4812730.560699328,0.0,0.0,416.16,2.7,1
1791238325.752714,4812730.762816654,0.0,0.0,416.16,2.7,1
1791238325.9549031,4812730.965006218,0.0,2.5,416.16,2.7925,1
1791238326.157003,4812731.167105679,4.9,0.0,416.16,2.7,1
1791238326.359212,4812731.369314149,0.0,0.0,416.16,2.7,1
1791238326.5611985,4812731.571301318,0.0,0.0,416.16,2.7,1
1791238326.7631624,4812731.773264738,5.0,1.2,416.16,2.7444,1
1791238326.9652603,4812731.975362636,0.0,0.0,416.16,2.7,1
1791238327.1674092,4812732.177511888,0.0,0.0,416.16,2.7,1
1791238327.3694723,4812732.379574734,0.0,0.0,416.16,2.7,1
1791238327.5714197,4812732.581522111,5.0,1.2,416.16,2.7444,1
1791238327.773314,4812732.783416416,0.0,0.0,416.16,2.7,1
1791238327.9755025,4812732.985605563,0.0,1.2,416.16,2.7444,1
1791238328.1775775,4812733.187680232,0.0,0.0,416.16,2.7,1
1791238328.3790472,4812733.389148913,0.0,8.8,416.16,3.0256,1
1791238328.5801623,4812733.590263845,0.0,0.0,416.16,2.7,1
1791238328.7813642,4812733.791466068,5.0,0.0,416.16,2.7,1
1791238328.9827843,4812733.992885686,0.0,1.3,416.16,2.7481,1
1791238329.1842053,4812734.194307284,0.0,0.0,416.16,2.7,1
1791238329.3855782,4812734.395679819,0.0,0.0,416.16,2.7,1
1791238329.5870016,4812734.597102979,0.0,1.2,416.16,2.7444,1
1791238329.7882154,4812734.798316868,0.0,0.0,416.16,2.7,1
1791238329.9895883,4812734.999689768,0.0,1.2,416.16,2.7444,1
1791238330.1909933,4812735.201094855,0.0,0.0,416.17,2.7,1
1791238330.392325,4812735.4024264,0.0,0.0,416.17,2.7,1
1791238330.5936916,4812735.603793102,5.0,0.0,416.17,2.7,1
1791238330.7950175,4812735.805119075,0.0,1.2,416.17,2.7444,1
1791238330.9963825,4812736.006484474,0.0,1.2,416.17,2.7444,1
1791238331.1976898,4812736.207791332,5.0,0.0,416.17,2.7,1
1791238331.3990576,4812736.409159284,0.0,1.2,416.17,2.7444,1
1791238331.6002488,4812736.610350725,0.0,0.0,416.17,2.7,1
1791238331.801404,4812736.811505552,0.0,0.0,416.17,2.7,1
1791238332.0028107,4812737.012912306,0.0,0.0,416.17,2.7,1
1791238332.2041218,4812737.214223799,0.0,0.0,416.17,2.7,1
1791238332.405512,4812737.415613626,0.0,0.0,416.17,2.7,1
1791238332.606727,4812737.616828713,0.0,1.2,416.17,2.7444,1
1791238332.8078752,4812737.817976561,0.0,0.0,416.17,2.7,1
1791238333.0092266,4812738.019328262,0.0,1.2,416.17,2.7444,1
1791238333.2105336,4812738.220635432,5.0,0.0,416.17,2.7,1
1791238333.411944,4812738.422045467,0.0,0.0,416.18,2.7,1
1791238333.6140642,4812738.624166854,0.0,0.0,416.18,2.7,1
1791238333.8159597,4812738.826061835,0.0,1.2,416.18,2.7444,1
1791238334.0181904,4812739.02829343,0.0,0.0,416.18,2.7,1
1791238334.2201874,4812739.230290077,0.0,0.0,416.18,2.7,1
1791238334.4223368,4812739.432439537,4.9,0.0,416.18,2.7,1
1791238334.6243362,4812739.634438528,0.0,0.0,416.18,2.7,1
1791238334.826518,4812739.83662054,0.0,0.0,416.18,2.7,1
1791238335.028628,4812740.038730833,4.9,1.3,416.18,2.7481,1
1791238335.23072,4812740.24082274,0.0,1.2,416.18,2.7444,1
1791238335.4328353,4812740.442937616,0.0,1.3,416.18,2.7481,1
1791238335.6348784,4812740.644981295,0.0,1.2,416.18,2.7444,1
1791238335.8367896,4812740.846891953,0.0,0.0,416.18,2.7,1
1791238336.038985,4812741.04908761,4.9,0.0,416.18,2.7,1
1791238336.2410586,4812741.251161184,0.0,0.0,416.18,2.7,1
1791238336.4432025,4812741.453305748,0.0,1.2,416.18,2.7444,1
1791238336.6452508,4812741.655353489,0.0,0.0,416.18,2.7,1
1791238336.8473892,4812741.85749175,4.9,0.0,416.18,2.7,1
1791238337.0494857,4812742.059588241,0.0,1.2,416.18,2.7444,1
1791238337.2515287,4812742.261631451,0.0,0.0,416.18,2.7,1
1791238337.4535575,4812742.463660441,0.0,1.2,416.18,2.7444,1
1791238337.6556923,4812742.665794692,0.0,0.0,416.18,2.7,1
1791238337.8577476,4812742.867849933,4.9,0.0,416.18,2.7,1
1791238338.0599117,4812743.070014236,0.0,0.0,416.19,2.7,1
1791238338.2618303,4812743.271932654,0.0,0.0,416.19,2.7,1
1791238338.4640496,4812743.474152009,0.0,2.5,416.19,2.7925,1
1791238338.6661336,4812743.676236,4.9,0.0,416.19,2.7,1
1791238338.8680503,4812743.878152803,0.0,0.0,416.19,2.7,1
1791238339.0702221,4812744.080324814,0.0,1.3,416.19,2.7481,1
1791238339.2721393,4812744.282241826,0.0,0.0,416.19,2.7,1
1791238339.4743001,4812744.484402848,5.0,0.0,416.19,2.7,1
1791238339.6761804,4812744.68628288,0.0,0.0,416.19,2.7,1
1791238339.878227,4812744.888329423,0.0,0.0,416.19,2.7,1
1791238340.0803382,4812745.090440757,0.0,1.3,416.19,2.7481,1
1791238340.2824292,4812745.292531779,0.0,1.2,416.19,2.7444,1
1791238340.4844918,4812745.494594311,4.9,0.0,416.19,2.7,1
1791238340.6864426,4812745.696545333,0.0,0.0,416.19,2.7,1
1791238340.8884606,4812745.898562917,0.0,1.2,416.19,2.7444,1
1791238341.0904355,4812746.100538106,0.0,1.3,416.19,2.7481,1
1791238341.2926824,4812746.302785325,0.0,0.0,416.19,2.7,1
1791238341.4949107,4812746.505013533,4.9,0.0,416.19,2.7,1
1791238341.6969879,4812746.707090701,0.0,0.0,416.19,2.7,1
1791238341.899061,4812746.90916391,0.0,1.2,416.2,2.7444,1
1791238342.1011384,4812747.111241442,0.0,1.3,416.2,2.7481,1
1791238342.303113,4812747.313215484,0.0,0.0,416.2,2.7,1
1791238342.5052145,4812747.51531687,0.0,0.0,416.2,2.7,1
1791238342.7072697,4812747.717372163,0.0,1.2,416.2,2.7444,1
1791238342.9093647,4812747.919467455,0.0,0.0,416.2,2.7,1
1791238343.1115394,4812748.121642122,4.9,1.3,416.2,2.7481,1
1791238343.3135867,4812748.323689289,0.0,0.0,416.2,2.7,1
1791238343.5156906,4812748.525793123,0.0,0.0,416.2,2.7,1
1791238343.7176175,4812748.727720134,0.0,0.0,416.2,2.7,1
1791238343.9196234,4812748.929725583,5.0,0.0,416.2,2.7,1
1791238344.1216912,4812749.131793792,0.0,1.3,416.2,2.7481,1
1791238344.3238418,4812749.33394424,0.0,0.0,416.2,2.7,1
1791238344.52604,4812749.536143021,4.9,30.9,416.2,3.8433,1
1791238344.727494,4812749.737595451,0.0,16.0,416.2,3.292,1
1791238344.9287086,4812749.938810068,0.0,0.0,416.2,2.7,1
1791238345.1301315,4812750.140232862,0.0,0.0,416.2,2.7,1
1791238345.3313243,4812750.341426021,0.0,0.0,416.2,2.7,1
1791238345.5325494,4812750.542650638,0.0,0.0,416.2,2.7,1
1791238345.7339818,4812750.74408364,0.0,1.3,416.2,2.7481,1
1791238345.9354527,4812750.945554871,0.0,0.0,416.2,2.7,1
1791238346.1368036,4812751.146905477,5.0,1.2,416.2,2.7444,1
1791238346.3380322,4812751.348133636,0.0,0.0,416.2,2.7,1
1791238346.539422,4812751.549523565,5.0,3.7,416.2,2.8369,1
1791238346.740778,4812751.750879588,14.9,3.8,416.2,2.8406,1
1791238346.942201,4812751.95230259,14.9,3.8,416.2,2.8406,1
1791238347.1435947,4812752.153696374,0.0,1.3,416.2,2.7481,1
1791238347.3449621,4812752.355063646,0.0,0.0,416.2,2.7,1
1791238347.5463269,4812752.556428784,0.0,0.0,416.2,2.7,1
1791238347.7476685,4812752.757770171,5.0,0.0,416.2,2.7,1
1791238347.9490156,4812752.959116767,0.0,0.0,416.2,2.7,1
1791238348.1504776,4812753.160579144,0.0,6.1,416.2,2.9257,1
1791238348.3516693,4812753.361770428,5.0,0.0,416.2,2.7,1
1791238348.5529852,4812753.563086919,0.0,0.0,416.2,2.7,1
1791238348.7542365,4812753.764338099,0.0,0.0,416.2,2.7,1
1791238348.955586,4812753.965687767,0.0,0.0,416.2,2.7,1
1791238349.1568952,4812754.166996863,0.0,0.0,416.2,2.7,1
1791238349.3582368,4812754.368338407,0.0,0.0,416.2,2.7,1
1791238349.5601115,4812754.570213699,0.0,1.2,416.2,2.7444,1
1791238349.7622807,4812754.772383469,5.0,0.0,416.21,2.7,1
1791238349.9643512,4812754.974454021,0.0,1.3,416.21,2.7481,1
1791238350.1665196,4812755.176622177,0.0,0.0,416.21,2.7,1
1791238350.3686576,4812755.378759708,0.0,0.0,416.21,2.7,1
1791238350.5707588,4812755.58086151,0.0,1.2,416.21,2.7444,1
1791238350.7726517,4812755.78275425,0.0,0.0,416.21,2.7,1
1791238350.9748,4812755.984903031,0.0,0.0,416.21,2.7,1
1791238351.1768677,4812756.18697077,4.9,1.2,416.21,2.7444,1
1791238351.3790195,4812756.389122416,0.0,0.0,416.21,2.7,1
1791238351.5808802,4812756.590982551,0.0,0.0,416.21,2.7,1
1791238351.7830966,4812756.793199301,0.0,2.5,416.21,2.7925,1
1791238351.9852207,4812756.995323134,0.0,5.1,416.21,2.8887,1
1791238352.1872168,4812757.197318894,4.9,6.3,416.21,2.9331,1
1791238352.389303,4812757.39942981,0.0,0.0,416.21,2.7,1
1791238352.5912688,4812757.60137156,0.0,0.0,416.21,2.7,1
1791238352.7932887,4812757.80339107,0.0,0.0,416.21,2.7,1
1791238352.9954593,4812758.005562299,0.0,1.3,416.21,2.7481,1
1791238353.1975646,4812758.207667486,4.9,1.3,416.21,2.7481,1
1791238353.3997316,4812758.409834027,0.0,1.2,416.21,2.7444,1
1791238353.601787,4812758.611890099,0.0,0.0,416.21,2.7,1
1791238353.8037717,4812758.813874089,5.0,1.2,416.21,2.7444,1
1791238354.0058584,4812759.015961151,0.0,0.0,416.21,2.7,1
1791238354.2079964,4812759.218099046,0.0,1.2,416.21,2.7444,1
1791238354.4100823,4812759.420185066,5.0,0.0,416.21,2.7,1
1791238354.6120732,4812759.622175878,0.0,0.0,416.21,2.7,1
1791238354.8141055,4812759.824207784,0.0,0.0,416.22,2.7,1
1791238355.0162013,4812760.026304013,0.0,1.3,416.22,2.7481,1
1791238355.2183425,4812760.228445293,0.0,0.0,416.22,2.7,1
1791238355.4204192,4812760.430522147,0.0,0.0,416.22,2.7,1
1791238355.6223588,4812760.632461344,0.0,0.0,416.22,2.7,1
1791238355.8243153,4812760.834417677,0.0,1.2,416.22,2.7444,1
1791238356.0264766,4812761.036579426,4.9,0.0,416.22,2.7,1
1791238356.2285678,4812761.238670499,0.0,1.2,416.22,2.7444,1
1791238356.430763,4812761.440865789,4.9,0.0,416.22,2.7,1
1791238356.643782,4812761.653884488,9.9,4.9,416.22,2.8813,1
1791238356.8454168,4812761.855518582,261.4,56.3,416.32,4.7831,1
1791238357.0472531,4812762.057355124,272.3,69.1,416.33,5.2567,1
1791238357.2490065,4812762.259107916,278.0,70.9,416.33,5.3233,1
1791238357.4512796,4812762.461381644,276.3,68.8,416.33,5.2456,1
1791238357.6531174,4812762.663218966,273.1,69.6,416.32,5.2752,1
1791238357.8545935,4812762.864694988,46.7,33.7,416.34,3.9469,1
1791238358.0592225,4812763.069324334,182.7,45.8,416.34,4.3946,1
1791238358.2605667,4812763.270668221,49.7,11.4,416.34,3.1218,1
1791238358.461997,4812763.472098982,0.0,0.0,416.34,2.7,1
1791238358.6633832,4812763.673485004,5.0,1.2,416.34,2.7444,1
1791238358.8646455,4812763.874747068,0.0,0.0,416.34,2.7,1
1791238359.0660677,4812764.076169235,0.0,0.0,416.34,2.7,1
1791238359.2673595,4812764.277461038,0.0,1.2,416.34,2.7444,1
1791238359.4687378,4812764.478839404,0.0,1.3,416.34,2.7481,1
1791238359.6698763,4812764.679977561,0.0,0.0,416.34,2.7,1
1791238359.8712728,4812764.881374416,5.0,0.0,416.34,2.7,1
1791238360.0726612,4812765.082763042,0.0,0.0,416.34,2.7,1
1791238360.2738383,4812765.283939741,0.0,0.0,416.34,2.7,1
1791238360.4751525,4812765.485253888,0.0,1.2,416.34,2.7444,1
1791238360.6763601,4812765.686461837,0.0,0.0,416.34,2.7,1
1791238360.8776832,4812765.887784682,0.0,0.0,416.34,2.7,1
1791238361.0790606,4812766.089162318,0.0,1.3,416.34,2.7481,1
1791238361.2802253,4812766.290326673,0.0,0.0,416.34,2.7,1
1791238361.4815772,4812766.491679049,5.0,0.0,416.34,2.7,1
1791238361.682979,4812766.693081008,0.0,1.2,416.34,2.7444,1
1791238361.8849292,4812766.895031872,5.0,0.0,416.34,2.7,1
1791238362.0870917,4812767.09719461,0.0,1.3,416.34,2.7481,1
1791238362.2891839,4812767.299286202,0.0,0.0,416.34,2.7,1
1791238362.4913898,4812767.50149243,0.0,1.3,416.34,2.7481,1
1791238362.693381,4812767.70348371,0.0,0.0,416.34,2.7,1
1791238362.8955119,4812767.905614677,0.0,0.0,416.34,2.7,1
1791238363.0976226,4812768.107724915,0.0,0.0,416.34,2.7,1
1791238363.2996745,4812768.309776976,4.9,1.2,416.34,2.7444,1
1791238363.5017343,4812768.51183685,0.0,1.2,416.34,2.7444,1
1791238363.703851,4812768.713953442,0.0,0.0,416.34,2.7,1
1791238363.9058163,4812768.915918524,0.0,0.0,416.34,2.7,1
1791238364.107981,4812769.11808371,4.9,1.2,416.34,2.7444,1
1791238364.3098788,4812769.31998098,0.0,0.0,416.34,2.7,1
1791238364.511903,4812769.522005125,0.0,0.0,416.34,2.7,1
1791238364.7137995,4812769.723902082,0.0,0.0,416.34,2.7,1
1791238364.9158773,4812769.925979924,0.0,1.2,416.34,2.7444,1
1791238365.118053,4812770.12815511,4.9,0.0,416.34,2.7,1
1791238365.3201594,4812770.330262014,0.0,1.2,416.34,2.7444,1
1791238365.5221977,4812770.532300221,0.0,0.0,416.34,2.7,1
1791238365.7242708,4812770.734373532,0.0,0.0,416.34,2.7,1
1791238365.9262972,4812770.93639976,5.0,0.0,416.34,2.7,1
1791238366.1283867,4812771.138489216,0.0,1.3,416.34,2.7481,1
1791238366.330531,4812771.340633933,0.0,1.2,416.34,2.7444,1
1791238366.5326338,4812771.542736307,4.9,1.3,416.34,2.7481,1
1791238366.734649,4812771.744751336,0.0,0.0,416.34,2.7,1
1791238366.9370944,4812771.947197354,0.0,0.0,416.34,2.7,1
1791238367.1392553,4812772.149358061,0.0,1.2,416.34,2.7444,1
1791238367.3413005,4812772.351403038,0.0,0.0,416.34,2.7,1
1791238367.543345,4812772.553447703,4.9,0.0,416.34,2.7,1
1791238367.7452126,4812772.755314973,0.0,0.0,416.34,2.7,1
1791238367.9473438,4812772.957446669,0.0,2.5,416.34,2.7925,1
1791238368.1494176,4812773.159520604,0.0,0.0,416.34,2.7,1
1791238368.3515778,4812773.361680581,0.0,0.0,416.34,2.7,1
1791238368.5535636,4812773.563666028,0.0,0.0,416.34,2.7,1
1791238368.7557106,4812773.76581314,4.9,0.0,416.34,2.7,1
1791238368.9577794,4812773.967882232,0.0,0.0,416.34,2.7,1
1791238369.1598349,4812774.169937053,0.0,0.0,416.34,2.7,1
1791238369.3618522,4812774.371954687,4.9,0.0,416.34,2.7,1
1791238369.564046,4812774.574148309,0.0,3.7,416.34,2.8369,1
1791238369.7661617,4812774.776264224,0.0,0.0,416.34,2.7,1
1791238369.9682546,4812774.978357118,4.9,1.2,416.34,2.7444,1
1791238370.170415,4812775.180517616,0.0,0.0,416.34,2.7,1
1791238370.3724835,4812775.382585822,0.0,0.0,416.34,2.7,1
1791238370.574549,4812775.58465158,0.0,0.0,416.34,2.7,1
1791238370.7764406,4812775.78654312,0.0,1.2,416.34,2.7444,1
1791238370.9785705,4812775.988672993,0.0,0.0,416.34,2.7,1
1791238371.1806757,4812776.190778283,4.9,1.3,416.34,2.7481,1
1791238371.3828516,4812776.392954145,0.0,0.0,416.34,2.7,1
1791238371.5848894,4812776.59499183,0.0,0.0,416.34,2.7,1
1791238371.7870178,4812776.79712014,0.0,1.2,416.34,2.7444,1
1791238371.9890912,4812776.999193711,0.0,0.0,416.34,2.7,1
1791238372.1912775,4812777.201380146,0.0,1.2,416.34,2.7444,1
1791238372.3933253,4812777.403427883,0.0,0.0,416.34,2.7,1
1791238372.596214,4812777.606316869,4.9,2.5,416.34,2.7925,1
1791238372.797893,4812777.807995076,39.4,6.4,416.34,2.9368,1
1791238373.0000014,4812778.010104428,24.8,7.6,416.34,2.9812,1
1791238373.2021701,4812778.212272737,0.0,0.0,416.34,2.7,1
1791238373.4042284,4812778.414330839,0.0,0.0,416.34,2.7,1
1791238373.6063762,4812778.61647868,0.0,0.0,416.34,2.7,1
1791238373.8084393,4812778.818541991,0.0,1.2,416.34,2.7444,1
1791238374.0105908,4812779.02069353,4.9,0.0,416.34,2.7,1
1791238374.2125728,4812779.22267533,0.0,0.0,416.34,2.7,1
1791238374.4147415,4812779.424844264,0.0,1.3,416.34,2.7481,1
1791238374.6169238,4812779.627026428,0.0,0.0,416.34,2.7,1
1791238374.8189213,4812779.829023697,4.9,1.2,416.34,2.7444,1
1791238375.0209877,4812780.031090549,0.0,0.0,416.34,2.7,1
1791238375.223104,4812780.233206879,0.0,0.0,416.34,2.7,1
1791238375.4252036,4812780.435305866,0.0,1.2,416.34,2.7444,1
1791238375.6273427,4812780.63744527,0.0,0.0,416.34,2.7,1
1791238375.8292964,4812780.839399153,4.9,0.0,416.34,2.7,1
1791238376.0314505,4812781.041553244,0.0,1.2,416.34,2.7444,1
1791238376.233482,4812781.243584731,0.0,0.0,416.34,2.7,1
1791238376.4355905,4812781.445693197,4.9,1.2,416.34,2.7444,1
1791238376.6376343,4812781.647736768,0.0,0.0,416.34,2.7,1
1791238376.8396008,4812781.849703203,0.0,0.0,416.34,2.7,1
1791238377.0416746,4812782.05177719,5.0,0.0,416.34,2.7,1
1791238377.2437844,4812782.25388701,0.0,1.3,416.34,2.7481,1
1791238377.445885,4812782.455987559,0.0,0.0,416.34,2.7,1
1791238377.6480682,4812782.658170556,0.0,0.0,416.34,2.7,1
1791238377.8500407,4812782.860142356,0.0,0.0,416.34,2.7,1
1791238378.052155,4812783.062257801,4.9,1.3,416.34,2.7481,1
1791238378.254301,4812783.264403923,0.0,0.0,416.34,2.7,1
1791238378.4563522,4812783.466462597,0.0,0.0,416.34,2.7,1
1791238378.6585505,4812783.668653198,0.0,0.0,416.34,2.7,1
1791238378.860499,4812783.87060156,0.0,1.2,416.34,2.7444,1
1791238379.0626988,4812784.072801172,5.0,1.3,416.34,2.7481,1
1791238379.264736,4812784.27483844,0.0,0.0,416.34,2.7,1
1791238379.4668941,4812784.476997009,0.0,1.2,416.34,2.7444,1
1791238379.6687627,4812784.678865111,4.9,0.0,416.34,2.7,1
1791238379.8708699,4812784.880972327,0.0,0.0,416.34,2.7,1
1791238380.0729575,4812785.08305996,0.0,0.0,416.34,2.7,1
1791238380.2750516,4812785.28515405,0.0,1.2,416.34,2.7444,1
1791238380.4771593,4812785.487261683,4.9,0.0,416.34,2.7,1
1791238380.679095,4812785.689197492,0.0,1.2,416.34,2.7444,1
1791238380.8811104,4812785.891212885,0.0,0.0,416.34,2.7,1
1791238381.0834184,4812786.093521403,0.0,1.3,416.35,2.7481,1
1791238381.2854016,4812786.295504348,0.0,0.0,416.35,2.7,1
1791238381.487501,4812786.497603334,0.0,0.0,416.35,2.7,1
1791238381.6896093,4812786.699712008,0.0,0.0,416.35,2.7,1
1791238381.8916008,4812786.901703182,0.0,1.3,416.35,2.7481,1
1791238382.093675,4812787.103777585,0.0,0.0,416.35,2.7,1
1791238382.2956147,4812787.305717249,5.0,1.3,416.35,2.7481,1
1791238382.4976096,4812787.50771233,0.0,0.0,416.35,2.7,1
1791238382.6996303,4812787.709733035,0.0,0.0,416.35,2.7,1
1791238382.9017437,4812787.911846292,0.0,0.0,416.35,2.7,1
1791238383.1039467,4812788.114049861,4.9,0.0,416.35,2.7,1
1791238383.3061059,4812788.316208327,0.0,1.2,416.35,2.7444,1
1791238383.5081742,4812788.518276636,0.0,0.0,416.35,2.7,1
1791238383.7103763,4812788.720478799,0.0,0.0,416.35,2.7,1
1791238383.9124286,4812788.922531171,4.9,1.2,416.35,2.7444,1
1791238384.1145806,4812789.12468349,0.0,1.3,416.35,2.7481,1
1791238384.31643,4812789.326532789,0.0,0.0,416.35,2.7,1
1791238384.5186262,4812789.528729067,0.0,1.2,416.35,2.7444,1
1791238384.7207158,4812789.730818157,4.9,0.0,416.35,2.7,1
1791238384.9228797,4812789.932981935,0.0,0.0,416.35,2.7,1
1791238385.1250226,4812790.135125035,0.0,0.0,416.35,2.7,1
1791238385.3269775,4812790.337079647,0.0,1.2,416.36,2.7444,1
1791238385.5289643,4812790.53906629,0.0,0.0,416.36,2.7,1
1791238385.731061,4812790.741163973,5.0,0.0,416.36,2.7,1
1791238385.9333167,4812790.943419365,0.0,0.0,416.36,2.7,1
1791238386.1354973,4812791.145599809,0.0,2.5,416.36,2.7925,1
1791238386.3375814,4812791.347683587,0.0,0.0,416.36,2.7,1
1791238386.5396488,4812791.549751584,0.0,1.2,416.36,2.7444,1
1791238386.7416694,4812791.751771716,5.0,0.0,416.36,2.7,1
1791238386.9438434,4812791.953946014,4.9,1.3,416.36,2.7481,1
1791238387.1460686,4812792.156171041,0.0,0.0,416.36,2.7,1
1791238387.348148,4812792.358251173,0.0,1.2,416.36,2.7444,1
1791238387.5503478,4812792.560450315,0.0,0.0,416.36,2.7,1
1791238387.7523148,4812792.762417166,0.0,1.2,416.36,2.7444,1
1791238387.9544678,4812792.964570787,0.0,0.0,416.36,2.7,1
1791238388.156562,4812793.166665085,0.0,1.2,416.36,2.7444,1
1791238388.3594162,4812793.369519642,0.0,2.5,416.36,2.7925,1
1791238388.561363,4812793.571465295,4.9,7.5,415.86,2.9775,1
1791238388.7634614,4812793.773563916,0.0,0.0,415.86,2.7,1
1791238388.965609,4812793.975711131,0.0,6.2,415.86,2.9294,1
1791238389.1677482,4812794.177851054,0.0,1.3,415.86,2.7481,1
1791238389.3698738,4812794.379976237,4.9,0.0,415.86,2.7,1
1791238389.5718079,4812794.581910276,0.0,0.0,415.86,2.7,1
1791238389.7740035,4812794.784106969,0.0,0.0,415.86,2.7,1
1791238389.976126,4812794.986228559,0.0,1.3,415.86,2.7481,1
1791238390.1782804,4812795.188383222,4.9,0.0,415.86,2.7,1
1791238390.3802783,4812795.390380905,4.9,0.0,415.86,2.7,1
1791238390.5824575,4812795.592559839,0.0,0.0,415.86,2.7,1
1791238390.7845805,4812795.794682939,0.0,1.3,415.86,2.7481,1
1791238390.9868543,4812795.99695708,0.0,1.3,415.87,2.7481,1
1791238391.1888545,4812796.198956899,0.0,0.0,415.87,2.7,1
1791238391.3910015,4812796.401103853,0.0,0.0,415.87,2.7,1
1791238391.5928433,4812796.602945444,0.0,0.0,415.87,2.7,1
1791238391.794763,4812796.804865367,0.0,0.0,415.87,2.7,1
1791238391.9968894,4812797.006991853,4.9,1.2,415.87,2.7444,1
1791238392.1990879,4812797.209190473,0.0,0.0,415.87,2.7,1
1791238392.401184,4812797.411286855,0.0,0.0,415.87,2.7,1
1791238392.6031153,4812797.613217611,0.0,1.2,415.87,2.7444,1
1791238392.8049562,4812797.815058212,0.0,0.0,415.87,2.7,1
1791238393.0071273,4812798.017229749,5.0,0.0,415.87,2.7,1
1791238393.2091901,4812798.219292537,0.0,1.2,415.87,2.7444,1
1791238393.4112747,4812798.421377408,0.0,1.2,415.87,2.7444,1
1791238393.6133792,4812798.623481549,4.9,1.2,415.87,2.7444,1
1791238393.8155594,4812798.825662253,0.0,0.0,415.87,2.7,1
1791238394.0176291,4812799.027731759,0.0,1.2,415.87,2.7444,1
1791238394.2197318,4812799.229834338,4.9,0.0,415.87,2.7,1
1791238394.421709,4812799.431811397,0.0,0.0,415.87,2.7,1
1791238394.6237426,4812799.633845018,0.0,0.0,415.87,2.7,1
1791238394.8255944,4812799.835696295,0.0,0.0,415.87,2.7,1
1791238395.027806,4812800.037908405,4.9,3.7,415.88,2.8369,1
1791238395.2298803,4812800.239982859,0.0,0.0,415.88,2.7,1
1791238395.4321156,4812800.442218406,0.0,1.3,415.88,2.7481,1
1791238395.634066,4812800.644168955,0.0,0.0,415.88,2.7,1
1791238395.8361266,4812800.846228877,0.0,0.0,415.88,2.7,1
1791238396.0383406,4812801.048443123,4.9,1.2,415.88,2.7444,1
1791238396.2403936,4812801.250496222,0.0,0.0,415.88,2.7,1
1791238396.442461,4812801.452563853,0.0,0.0,415.88,2.7,1
1791238396.6445687,4812801.654671068,0.0,1.3,415.88,2.7481,1
1791238396.8465788,4812801.856681511,0.0,0.0,415.88,2.7,1
1791238397.0487046,4812802.058807319,4.9,0.0,415.88,2.7,1
1791238397.2507606,4812802.260863231,0.0,0.0,415.88,2.7,1
1791238397.4527876,4812802.462890341,0.0,0.0,415.88,2.7,1
1791238397.6550186,4812802.665120941,0.0,1.2,415.88,2.7444,1
1791238397.8571239,4812802.867226592,0.0,0.0,415.88,2.7,1
1791238398.0593548,4812803.069457348,4.9,2.5,415.88,2.7925,1
1791238398.2613602,4812803.271462843,0.0,0.0,415.88,2.7,1
1791238398.4633832,4812803.473485943,14.8,2.5,415.88,2.7925,1
1791238398.665463,4812803.675565553,5.0,1.3,415.88,2.7481,1
1791238398.867639,4812803.877741621,19.8,7.4,415.88,2.9738,1
1791238399.0697896,4812804.079892012,4.9,0.0,415.88,2.7,1
1791238399.2719004,4812804.282003028,0.0,1.2,415.88,2.7444,1
1791238399.4740756,4812804.484178262,0.0,0.0,415.88,2.7,1
1791238399.6762068,4812804.686309695,4.9,1.2,415.88,2.7444,1
1791238399.8783634,4812804.888465867,0.0,0.0,415.88,2.7,1
1791238400.0804744,4812805.090577144,0.0,0.0,415.88,2.7,1
1791238400.282632,4812805.292735034,0.0,1.2,415.88,2.7444,1
1791238400.4846675,4812805.494770426,0.0,0.0,415.88,2.7,1
1791238400.686555,4812805.696656755,0.0,0.0,415.88,2.7,1
1791238400.8885982,4812805.898700635,5.0,1.2,415.88,2.7444,1
1791238401.0908072,4812806.100910088,0.0,0.0,415.88,2.7,1
1791238401.2929041,4812806.303006573,4.9,1.3,415.88,2.7481,1
1791238401.4950714,4812806.505174151,0.0,1.2,415.88,2.7444,1
1791238401.6971912,4812806.707294073,0.0,0.0,415.88,2.7,1
1791238401.8993342,4812806.909437068,0.0,1.2,415.88,2.7444,1
1791238402.1014254,4812807.111527824,4.9,0.0,415.88,2.7,1
1791238402.3034084,4812807.313511131,0.0,1.2,415.88,2.7444,1
1791238402.5054703,4812807.515572929,0.0,0.0,415.89,2.7,1
1791238402.7076244,4812807.717727069,0.0,0.0,415.89,2.7,1
1791238402.9095933,4812807.919695689,0.0,0.0,415.89,2.7,1
1791238403.1117687,4812808.121871288,0.0,1.2,415.89,2.7444,1
1791238403.3137121,4812808.323814388,5.0,0.0,415.89,2.7,1
1791238403.5159214,4812808.526023789,0.0,1.2,415.89,2.7444,1
1791238403.7178245,4812808.727926992,0.0,0.0,415.89,2.7,1
1791238403.9202235,4812808.930326549,0.0,0.0,415.89,2.7,1
1791238404.1224205,4812809.132523085,0.0,0.0,415.89,2.7,1
1791238404.3242428,4812809.334344935,0.0,1.2,415.89,2.7444,1
1791238404.5263247,4812809.536426888,5.0,0.0,415.89,2.7,1
1791238404.728177,4812809.738279206,0.0,0.0,415.89,2.7,1
1791238404.930161,4812809.940263503,0.0,0.0,415.89,2.7,1
1791238405.1322548,4812810.142356863,4.9,1.3,415.89,2.7481,1
1791238405.334191,4812810.344293764,0.0,0.0,415.89,2.7,1
1791238405.5362775,4812810.546379832,0.0,0.0,415.89,2.7,1
1791238405.7385027,4812810.748605482,0.0,1.3,415.89,2.7481,1
1791238405.9405768,4812810.950679206,0.0,1.2,415.89,2.7444,1
1791238406.1427097,4812811.152812201,0.0,1.2,415.89,2.7444,1
1791238406.3446157,4812811.354718217,4.9,0.0,415.89,2.7,1
1791238406.5467587,4812811.556861263,0.0,0.0,415.89,2.7,1
1791238406.748688,4812811.758790613,4.9,0.0,415.9,2.7,1
1791238406.950857,4812811.960959649,0.0,1.2,415.9,2.7444,1
1791238407.1529999,4812812.163102435,0.0,1.3,415.9,2.7481,1
1791238407.3551598,4812812.365262617,0.0,1.3,415.9,2.7481,1
1791238407.5570922,4812812.567194518,0.0,0.0,415.9,2.7,1
1791238407.7590241,4812812.769126575,0.0,1.2,415.9,2.7444,1
1791238407.961114,4812812.971216549,0.0,1.3,415.9,2.7481,1
1791238408.163291,4812813.173393866,4.9,0.0,415.9,2.7,1
1791238408.3652694,4812813.375372017,0.0,0.0,415.9,2.7,1
1791238408.5674505,4812813.577553345,4.9,0.0,415.9,2.7,1
1791238408.7693872,4812813.779489933,0.0,0.0,415.9,2.7,1
1791238408.971574,4812813.981676573,0.0,1.3,415.9,2.7481,1
1791238409.1736848,4812814.18378738,0.0,0.0,415.9,2.7,1
1791238409.3757565,4812814.385858968,0.0,0.0,415.9,2.7,1
1791238409.5775647,4812814.587666859,0.0,0.0,415.9,2.7,1
1791238409.7796063,4812814.789708708,0.0,0.0,415.9,2.7,1
1791238409.9817405,4812814.991843108,0.0,1.2,415.9,2.7444,1
1791238410.1838174,4812815.193920061,4.9,0.0,415.9,2.7,1
1791238410.3858628,4812815.395965555,4.9,0.0,415.9,2.7,1
1791238410.5878751,4812815.597976987,0.0,0.0,415.9,2.7,1
1791238410.7897515,4812815.79985368,0.0,0.0,415.9,2.7,1
1791238410.99189,4812816.001992716,0.0,1.3,415.9,2.7481,1
1791238411.1940715,4812816.204174356,4.9,0.0,415.91,2.7,1
1791238411.3961108,4812816.406213861,0.0,0.0,415.91,2.7,1
1791238411.5981443,4812816.608247167,0.0,0.0,415.91,2.7,1
1791238411.7999945,4812816.810096725,0.0,0.0,415.91,2.7,1
1791238412.0021865,4812817.012288989,0.0,1.2,415.91,2.7444,1
1791238412.204272,4812817.21437464,4.9,1.2,415.91,2.7444,1
1791238412.406376,4812817.416478519,0.0,0.0,415.91,2.7,1
1791238412.6082451,4812817.618347608,0.0,0.0,415.91,2.7,1
1791238412.8102238,4812817.820326227,0.0,0.0,415.91,2.7,1
1791238413.0122998,4812818.022402086,0.0,2.5,415.91,2.7925,1
1791238413.2144501,4812818.224552788,0.0,0.0,415.91,2.7,1
1791238413.4164326,4812818.426535418,0.0,0.0,415.91,2.7,1
1791238413.6184018,4812818.628504037,0.0,0.0,415.91,2.7,1
1791238413.820449,4812818.830551406,4.9,1.2,415.91,2.7444,1
1791238414.0225978,4812819.032700494,0.0,1.3,415.91,2.7481,1
1791238414.224622,4812819.23472479,4.9,0.0,415.91,2.7,1
1791238414.4267159,4812819.436818669,0.0,0.0,415.91,2.7,1
1791238414.6287427,4812819.638845309,0.0,0.0,415.91,2.7,1
1791238414.830612,4812819.840714398,0.0,0.0,415.91,2.7,1
1791238415.0327315,4812820.042834319,0.0,1.3,415.91,2.7481,1
1791238415.2349632,4812820.245065802,0.0,0.0,415.91,2.7,1
1791238415.4370751,4812820.447177702,4.9,1.2,415.91,2.7444,1
1791238415.639024,4812820.649126633,0.0,0.0,415.91,2.7,1
1791238415.8408558,4812820.850958482,0.0,0.0,415.91,2.7,1
1791238416.043092,4812821.053195069,0.0,1.2,415.91,2.7444,1
1791238416.2451718,4812821.255274521,0.0,0.0,415.91,2.7,1
1791238416.4472253,4812821.457328296,4.9,0.0,415.91,2.7,1
1791238416.6492534,4812821.659356655,0.0,0.0,415.91,2.7,1
1791238416.851332,4812821.861434493,5.0,0.0,415.91,2.7,1
1791238417.053407,4812822.063509726,0.0,1.2,415.91,2.7444,1
1791238417.2556126,4812822.265715428,0.0,1.2,415.91,2.7444,1
1791238417.4577081,4812822.467810557,0.0,1.3,415.91,2.7481,1
1791238417.6593933,4812822.669495478,0.0,24.1,415.91,3.5917,1
1791238417.8615115,4812822.871613785,0.0,0.0,415.91,2.7,1
1791238418.0636816,4812823.07378433,0.0,1.2,415.91,2.7444,1
1791238418.2657669,4812823.275869667,0.0,0.0,415.91,2.7,1
1791238418.4678414,4812823.477943703,4.9,0.0,415.91,2.7,1
1791238418.6698546,4812823.679957113,0.0,0.0,415.92,2.7,1
1791238418.8720088,4812823.882111565,0.0,0.0,415.92,2.7,1
1791238419.0740893,4812824.084191746,14.8,5.1,415.92,2.8887,1
1791238419.275843,4812824.28594474,24.7,6.3,415.92,2.9331,1
1791238419.4774861,4812824.487588308,24.8,6.3,415.92,2.9331,1
1791238419.679657,4812824.689759531,0.0,1.2,415.92,2.7444,1
1791238419.881595,4812824.89169742,0.0,0.0,415.92,2.7,1
1791238420.0837266,4812825.093829372,4.9,0.0,415.92,2.7,1
1791238420.2858276,4812825.295930178,0.0,0.0,415.92,2.7,1
1791238420.4879873,4812825.498089786,0.0,1.2,415.92,2.7444,1
1791238420.6900063,4812825.700108873,0.0,0.0,415.92,2.7,1
1791238420.8919172,4812825.902019888,5.0,0.0,415.92,2.7,1
1791238421.094096,4812826.104198714,0.0,1.2,415.92,2.7444,1
1791238421.296278,4812826.30638077,0.0,2.5,415.92,2.7925,1
1791238421.4984457,4812826.508548607,0.0,0.0,415.92,2.7,1
1791238421.700522,4812826.710624673,4.9,0.0,415.92,2.7,1
1791238421.902789,4812826.912891728,0.0,2.4,415.92,2.7888,1
1791238422.1048737,4812827.11497618,4.9,0.0,415.92,2.7,1
1791238422.3070147,4812827.317117298,0.0,0.0,415.92,2.7,1
1791238422.5090516,4812827.51915425,0.0,0.0,415.93,2.7,1
1791238422.7110968,4812827.721198858,0.0,1.3,415.93,2.7481,1
1791238422.913211,4812827.923314247,0.0,1.3,415.93,2.7481,1
1791238423.1153522,4812828.125454584,0.0,2.5,415.93,2.7925,1
1791238423.3172219,4812828.327324244,0.0,0.0,415.93,2.7,1
1791238423.5193057,4812828.529408487,0.0,1.2,415.93,2.7444,1
1791238423.7212417,4812828.731344137,4.9,0.0,415.93,2.7,1
1791238423.9232154,4812828.933317755,0.0,0.0,415.93,2.7,1
1791238424.1253493,4812829.135451686,0.0,0.0,415.93,2.7,1
1791238424.3273315,4812829.337434419,0.0,0.0,415.93,2.7,1
1791238424.5293221,4812829.539424391,0.0,0.0,415.93,2.7,1
1791238424.731347,4812829.741450041,5.0,0.0,415.93,2.7,1
1791238424.9336205,4812829.943723711,0.0,0.0,415.93,2.7,1
1791238425.135814,4812830.145916599,0.0,3.7,415.93,2.8369,1
1791238425.3376913,4812830.347794072,0.0,0.0,415.93,2.7,1
1791238425.539721,4812830.549823836,5.0,0.0,415.93,2.7,1
1791238425.7418053,4812830.751907871,0.0,0.0,415.93,2.7,1
1791238425.9439435,4812830.954045863,0.0,1.2,415.93,2.7444,1
1791238426.1460843,4812831.156186929,0.0,0.0,415.93,2.7,1
1791238426.3479645,4812831.358067006,0.0,0.0,415.93,2.7,1
1791238426.5501792,4812831.560281821,5.0,1.2,415.93,2.7444,1
1791238426.752056,4812831.762158461,0.0,1.2,415.93,2.7444,1
1791238426.9541843,4812831.964287026,0.0,0.0,415.93,2.7,1
1791238427.1561406,4812832.166242728,0.0,0.0,415.93,2.7,1
1791238427.3582985,4812832.368401085,0.0,0.0,415.93,2.7,1
1791238427.560397,4812832.570499443,4.9,1.2,415.93,2.7444,1
1791238427.7625887,4812832.772691706,4.9,1.3,415.93,2.7481,1
1791238427.9646866,4812832.974789178,0.0,1.3,415.93,2.7481,1
1791238428.1669328,4812833.177035608,0.0,0.0,415.93,2.7,1
1791238428.3688977,4812833.379000007,0.0,0.0,415.94,2.7,1
1791238428.5709462,4812833.581049198,0.0,1.2,415.94,2.7444,1
1791238428.7728026,4812833.782905368,0.0,0.0,415.94,2.7,1
1791238428.9749422,4812833.985044923,0.0,0.0,415.94,2.7,1
1791238429.1770585,4812834.187161145,4.9,0.0,415.94,2.7,1
1791238429.3791647,4812834.389267159,0.0,1.2,415.94,2.7444,1
1791238429.5812325,4812834.591335516,0.0,0.0,415.94,2.7,1
1791238429.7833295,4812834.793432154,0.0,0.0,415.94,2.7,1
1791238429.985425,4812834.995527751,4.9,1.3,415.94,2.7481,1
1791238430.1874952,4812835.197597827,0.0,0.0,415.94,2.7,1
1791238430.3896549,4812835.399757174,0.0,1.3,415.94,2.7481,1
1791238430.5916896,4812835.601791781,0.0,0.0,415.94,2.7,1
1791238430.7935188,4812835.803621128,0.0,0.0,415.94,2.7,1
1791238430.9956477,4812836.005750423,0.0,1.3,415.94,2.7481,1
1791238431.197786,4812836.207888519,4.9,0.0,415.94,2.7,1
1791238431.3998904,4812836.409993283,0.0,1.3,415.94,2.7481,1
1791238431.6020439,4812836.612146431,0.0,0.0,415.94,2.7,1
1791238431.8038943,4812836.813996612,4.9,1.2,415.94,2.7444,1
1791238432.0061307,4812837.016233146,0.0,0.0,415.94,2.7,1
1791238432.20826,4812837.218363169,0.0,1.3,415.94,2.7481,1
1791238432.4104772,4812837.420579859,0.0,0.0,415.94,2.7,1
1791238432.6123621,4812837.622464623,0.0,1.2,415.95,2.7444,1
1791238432.8143086,4812837.82441121,0.0,0.0,415.95,2.7,1
1791238433.0163713,4812838.026474098,5.0,1.3,415.95,2.7481,1
1791238433.2184255,4812838.228528392,0.0,0.0,415.95,2.7,1
1791238433.420604,4812838.430706437,0.0,0.0,415.95,2.7,1
1791238433.622567,4812838.632669533,0.0,0.0,415.95,2.7,1
1791238433.8246622,4812838.834764505,0.0,0.0,415.95,2.7,1
1791238434.0268064,4812839.036908851,4.9,1.2,415.95,2.7444,1
1791238434.2288146,4812839.238917156,4.9,0.0,415.95,2.7,1
1791238434.430911,4812839.441013482,0.0,1.2,415.95,2.7444,1
1791238434.6329567,4812839.643059755,0.0,0.0,415.95,2.7,1
1791238434.8349245,4812839.845027227,0.0,0.0,415.95,2.7,1
1791238435.0370166,4812840.047118917,4.9,1.3,415.95,2.7481,1
1791238435.2391424,4812840.249245191,0.0,0.0,415.95,2.7,1
1791238435.4412289,4812840.451331151,0.0,0.0,415.95,2.7,1
1791238435.6431696,4812840.653272009,0.0,1.2,415.95,2.7444,1
1791238435.8450298,4812840.855132345,0.0,0.0,415.95,2.7,1
1791238436.0471714,4812841.057273879,5.0,0.0,415.95,2.7,1
1791238436.249227,4812841.259329683,0.0,1.2,415.95,2.7444,1
1791238436.451296,4812841.461398665,0.0,0.0,415.95,2.7,1
1791238436.6533587,4812841.663461084,0.0,0.0,415.95,2.7,1
1791238436.8554785,4812841.865581472,0.0,1.2,415.95,2.7444,1
1791238437.0575714,4812842.0676741,4.9,1.3,415.95,2.7481,1
1791238437.259697,4812842.269799279,0.0,0.0,415.95,2.7,1
1791238437.461759,4812842.47186175,0.0,0.0,415.95,2.7,1
1791238437.6636848,4812842.673787399,0.0,0.0,415.96,2.7,1
1791238437.8657575,4812842.875860183,0.0,0.0,415.96,2.7,1
1791238438.0678656,4812843.077968591,0.0,1.3,415.96,2.7481,1
1791238438.2699797,4812843.280083614,4.9,0.0,415.96,2.7,1
1791238438.4719822,4812843.482084679,0.0,1.2,415.96,2.7444,1
1791238438.6740236,4812843.684126109,0.0,0.0,415.96,2.7,1
1791238438.8759794,4812843.88608207,0.0,1.2,415.96,2.7444,1
1791238439.0781353,4812844.088238083,0.0,0.0,415.96,2.7,1
1791238439.2801042,4812844.290206804,4.9,1.2,415.96,2.7444,1
1791238439.482295,4812844.492397608,0.0,0.0,415.96,2.7,1
1791238439.6841521,4812844.694254559,0.0,1.2,415.96,2.7444,1
1791238439.8861856,4812844.896288592,0.0,0.0,415.96,2.7,1
1791238440.0882766,4812845.098379084,0.0,0.0,415.96,2.7,1
1791238440.2902906,4812845.300393066,0.0,0.0,415.96,2.7,1
1791238440.4923384,4812845.502441214,4.9,0.0,415.96,2.7,1
1791238440.6943004,4812845.704402904,0.0,0.0,415.96,2.7,1
1791238440.8962474,4812845.906349906,0.0,1.2,415.96,2.7444,1
1791238441.0984473,4812846.108550085,0.0,0.0,415.96,2.7,1
1791238441.3004034,4812846.310506463,0.0,1.2,415.96,2.7444,1
1791238441.502506,4812846.512608621,5.0,0.0,415.96,2.7,1
1791238441.704618,4812846.714720623,0.0,0.0,415.96,2.7,1
1791238441.9068348,4812846.916937364,0.0,1.2,415.96,2.7444,1
1791238442.1089506,4812847.119053429,4.9,1.3,415.96,2.7481,1
1791238442.3110123,4812847.321115014,0.0,0.0,415.97,2.7,1
1791238442.5130057,4812847.523108266,0.0,0.0,415.97,2.7,1
1791238442.7150745,4812847.725176987,0.0,1.2,415.97,2.7444,1
1791238442.9173641,4812847.927467114,9.9,1.3,415.97,2.7481,1
1791238443.1191907,4812848.129293439,24.7,11.2,415.97,3.1144,1
1791238443.3212404,4812848.331343098,29.7,5.1,415.97,2.8887,1
1791238443.5234272,4812848.533530047,4.9,1.3,415.97,2.7481,1
1791238443.7253213,4812848.735423977,0.0,0.0,415.97,2.7,1
1791238443.9274504,4812848.937553218,0.0,0.0,415.97,2.7,1
1791238444.129555,4812849.139657564,0.0,1.3,415.97,2.7481,1
1791238444.3315487,4812849.341651284,0.0,1.2,415.97,2.7444,1
1791238444.5336487,4812849.543751672,4.9,0.0,415.97,2.7,1
1791238444.7355604,4812849.745662789,0.0,0.0,415.97,2.7,1
1791238444.9378717,4812849.947974634,0.0,0.0,415.97,2.7,1
1791238445.1400094,4812850.150111896,0.0,1.2,415.97,2.7444,1
1791238445.3418975,4812850.351999887,0.0,0.0,415.97,2.7,1
1791238445.5440018,4812850.554104129,4.9,0.0,415.97,2.7,1
1791238445.7461448,4812850.756247224,0.0,0.0,415.97,2.7,1
1791238445.948207,4812850.958309747,0.0,1.3,415.97,2.7481,1
1791238446.1503863,4812851.160489144,0.0,0.0,415.98,2.7,1
1791238446.3522475,4812851.362349844,0.0,0.0,415.98,2.7,1
1791238446.554405,4812851.564507679,0.0,0.0,415.98,2.7,1
1791238446.7565174,4812851.766619577,4.9,1.2,415.98,2.7444,1
1791238446.9587603,4812851.968863088,0.0,1.3,415.98,2.7481,1
1791238447.160867,4812852.170969673,4.9,0.0,415.98,2.7,1
1791238447.3630407,4812852.373143497,0.0,1.3,415.98,2.7481,1
1791238447.564978,4812852.575080187,0.0,0.0,415.98,2.7,1
1791238447.7669084,4812852.777011043,0.0,0.0,415.98,2.7,1
1791238447.968999,4812852.979101586,0.0,0.0,415.98,2.7,1
1791238448.1711318,4812853.181234369,4.9,1.2,415.98,2.7444,1
1791238448.3733287,4812853.383431631,0.0,0.0,415.98,2.7,1
1791238448.5750415,4812853.585143998,0.0,11.2,409.28,3.1144,1
1791238448.776918,4812853.787020323,0.0,0.0,409.28,2.7,1
1791238448.9790545,4812853.989156908,5.0,0.0,409.28,2.7,1
1791238449.1811538,4812854.191256305,0.0,0.0,409.28,2.7,1
1791238449.3832846,4812854.393387264,0.0,1.2,409.28,2.7444,1
1791238449.5852475,4812854.595350047,0.0,0.0,409.28,2.7,1
1791238449.7874005,4812854.79750283,4.9,0.0,409.29,2.7,1
1791238449.9894824,4812854.999585248,0.0,1.3,409.29,2.7481,1
1791238450.1916895,4812855.201791624,0.0,1.2,409.29,2.7444,1
1791238450.393704,4812855.403806646,0.0,0.0,409.29,2.7,1
1791238450.595794,4812855.605896512,0.0,0.0,409.29,2.7,1
1791238450.7976398,4812855.807742264,0.0,0.0,409.29,2.7,1
1791238450.9997637,4812856.009865828,0.0,0.0,409.29,2.7,1
1791238451.201815,4812856.211917361,0.0,1.2,409.29,2.7444,1
1791238451.403971,4812856.414073372,4.9,0.0,409.29,2.7,1
1791238451.605867,4812856.615969593,0.0,0.0,409.29,2.7,1
1791238451.807773,4812856.817875657,0.0,0.0,409.29,2.7,1
1791238452.009871,4812857.019973544,0.0,1.2,409.29,2.7444,1
1791238452.2120621,4812857.222164868,0.0,0.0,409.29,2.7,1
1791238452.414257,4812857.424359785,9.9,0.0,409.29,2.7,1
1791238452.616167,4812857.626269391,0.0,1.2,409.29,2.7444,1
1791238452.8180695,4812857.828171861,0.0,0.0,409.29,2.7,1
1791238453.0201302,4812858.030232665,0.0,1.3,409.29,2.7481,1
1791238453.2222328,4812858.232335551,0.0,1.2,409.29,2.7444,1
1791238453.4242642,4812858.434366928,0.0,0.0,409.29,2.7,1
1791238453.6263163,4812858.636418981,0.0,0.0,409.29,2.7,1
1791238453.82843,4812858.838532805,4.9,1.2,409.29,2.7444,1
1791238454.0306098,4812859.04071267,0.0,1.3,409.3,2.7481,1
1791238454.2326138,4812859.242716182,0.0,0.0,409.3,2.7,1
1791238454.434696,4812859.444798652,0.0,0.0,409.3,2.7,1
1791238454.6366804,4812859.646783153,0.0,0.0,409.3,2.7,1
1791238454.838564,4812859.848666353,5.0,0.0,409.3,2.7,1
1791238455.0404572,4812860.050559812,0.0,0.0,409.3,2.7,1
1791238455.242575,4812860.252677543,0.0,0.0,409.3,2.7,1
1791238455.4447272,4812860.454830272,0.0,6.2,409.3,2.9294,1
1791238455.646809,4812860.656911701,4.9,1.2,409.3,2.7444,1
1791238455.8487563,4812860.85885865,0.0,0.0,409.3,2.7,1
1791238456.0509593,4812861.061062421,0.0,1.3,409.3,2.7481,1
1791238456.2530382,4812861.263140672,4.9,0.0,409.3,2.7,1
1791238456.455091,4812861.465193767,0.0,0.0,409.3,2.7,1
1791238456.6570358,4812861.667138112,0.0,0.0,409.3,2.7,1
1791238456.8589203,4812861.869022978,0.0,0.0,409.3,2.7,1
1791238457.0609908,4812862.071093156,5.0,1.3,409.3,2.7481,1
1791238457.2630868,4812862.273189427,0.0,1.2,409.3,2.7444,1
1791238457.4650924,4812862.475194866,0.0,0.0,409.3,2.7,1
1791238457.6670463,4812862.677148586,0.0,0.0,409.3,2.7,1
1791238457.8690956,4812862.879198139,0.0,0.0,409.3,2.7,1
1791238458.071298,4812863.081400243,4.9,1.3,409.3,2.7481,1
1791238458.2733102,4812863.283412869,0.0,0.0,409.31,2.7,1
1791238458.4753585,4812863.485461224,0.0,0.0,409.31,2.7,1
1791238458.677349,4812863.687451715,0.0,0.0,409.31,2.7,1
1791238458.8792593,4812863.889361529,0.0,0.0,409.31,2.7,1
1791238459.081343,4812864.091445561,0.0,1.2,409.31,2.7444,1
1791238459.2834315,4812864.293534176,0.0,0.0,409.31,2.7,1
1791238459.4854681,4812864.495570604,0.0,0.0,409.31,2.7,1
1791238459.6876032,4812864.697705833,4.9,1.2,409.31,2.7444,1
1791238459.8896523,4812864.899754397,0.0,0.0,409.31,2.7,1
1791238460.091786,4812865.10188848,0.0,1.2,409.31,2.7444,1
1791238460.2937908,4812865.303893294,0.0,0.0,409.31,2.7,1
1791238460.4957893,4812865.505891857,0.0,1.2,409.31,2.7444,1
1791238460.6978464,4812865.707949066,4.9,1.2,409.31,2.7444,1
1791238460.8998907,4812865.909993358,4.9,0.0,409.31,2.7,1
1791238461.1020803,4812866.112182702,0.0,0.0,409.31,2.7,1
1791238461.3040655,4812866.314167932,0.0,0.0,409.31,2.7,1
1791238461.506197,4812866.516299724,0.0,0.0,409.31,2.7,1
1791238461.708261,4812866.7183636,4.9,1.2,409.31,2.7444,1
1791238461.9102035,4812866.920305913,0.0,0.0,409.31,2.7,1
1791238462.1122773,4812867.122379737,0.0,2.5,409.31,2.7925,1
1791238462.3143222,4812867.324424758,0.0,0.0,409.31,2.7,1
1791238462.5164385,4812867.526541342,0.0,0.0,409.31,2.7,1
1791238462.7184944,4812867.72859704,0.0,0.0,409.32,2.7,1
1791238462.9203937,4812867.930496385,0.0,0.0,409.32,2.7,1
1791238463.1225464,4812868.132649374,0.0,1.3,409.32,2.7481,1
1791238463.3245306,4812868.33463325,4.9,0.0,409.32,2.7,1
1791238463.52672,4812868.536822594,0.0,1.2,409.32,2.7444,1
1791238463.7286875,4812868.738790063,4.9,0.0,409.32,2.7,1
1791238463.9306796,4812868.940782376,0.0,0.0,409.32,2.7,1
1791238464.1327877,4812869.142890522,0.0,1.2,409.32,2.7444,1
1791238464.3347728,4812869.344875335,0.0,1.2,409.32,2.7444,1
1791238464.536854,4812869.546956398,0.0,0.0,409.32,2.7,1
1791238464.73883,4812869.748932617,5.0,0.0,409.32,2.7,1
1791238464.9409113,4812869.951013472,0.0,0.0,409.32,2.7,1
1791238465.143026,4812870.153128805,0.0,0.0,409.32,2.7,1
1791238465.344872,4812870.354974608,0.0,0.0,409.32,2.7,1
1791238465.5469308,4812870.55703364,0.0,0.0,409.32,2.7,1
1791238465.7490509,4812870.759153296,0.0,0.0,409.32,2.7,1
1791238465.9513354,4812870.9614379,0.0,1.2,409.32,2.7444,1
1791238466.1533794,4812871.163481827,4.9,0.0,409.32,2.7,1
1791238466.3555622,4812871.365665077,4.9,2.5,409.32,2.7925,1
1791238466.557642,4812871.567744317,0.0,0.0,409.32,2.7,1
1791238466.759737,4812871.76983939,0.0,1.2,409.32,2.7444,1
1791238466.9618227,4812871.971925192,0.0,1.3,409.33,2.7481,1
1791238467.1640024,4812872.1741049,0.0,0.0,409.33,2.7,1
1791238467.3661854,4812872.376288046,4.9,1.2,409.33,2.7444,1
1791238467.568156,4812872.57825864,0.0,0.0,409.33,2.7,1
1791238467.7701666,4812872.780269182,0.0,0.0,409.33,2.7,1
1791238467.9722583,4812872.982360973,0.0,2.5,409.33,2.7925,1
1791238468.1749415,4812873.185044586,9.9,8.9,409.33,3.0293,1
1791238468.377073,4812873.387176065,4.9,2.5,409.33,2.7925,1
1791238468.5787406,4812873.588842545,29.7,7.5,409.33,2.9775,1
1791238468.780844,4812873.790946316,0.0,0.0,409.33,2.7,1
1791238468.983005,4812873.993107951,4.9,1.3,409.33,2.7481,1
1791238469.1850665,4812874.19516917,0.0,0.0,409.33,2.7,1
1791238469.3872192,4812874.397321899,0.0,0.0,409.33,2.7,1
1791238469.5892127,4812874.599315409,0.0,0.0,409.33,2.7,1
1791238469.791469,4812874.801571679,4.9,1.2,409.33,2.7444,1
1791238469.9936113,4812875.003713783,0.0,0.0,409.33,2.7,1
1791238470.195751,4812875.205853491,0.0,0.0,409.33,2.7,1
1791238470.3977528,4812875.407855283,0.0,0.0,409.33,2.7,1
1791238470.5998065,4812875.609909106,0.0,0.0,409.33,2.7,1
1791238470.8016636,4812875.811766419,5.0,0.0,409.33,2.7,1
1791238471.0038643,4812876.013967064,0.0,1.2,409.33,2.7444,1
1791238471.2058773,4812876.215979741,0.0,0.0,409.34,2.7,1
1791238471.4080193,4812876.418121063,0.0,1.2,409.34,2.7444,1
1791238471.6100638,4812876.620166292,0.0,0.0,409.34,2.7,1
1791238471.811936,4812876.822038449,0.0,0.0,409.34,2.7,1
1791238472.0141256,4812877.024228313,5.0,0.0,409.34,2.7,1
1791238472.216242,4812877.226345052,0.0,1.2,409.34,2.7444,1
1791238472.418389,4812877.428491895,0.0,0.0,409.34,2.7,1
1791238472.6203396,4812877.630442489,0.0,0.0,409.34,2.7,1
1791238472.8223853,4812877.832487874,5.0,0.0,409.34,2.7,1
1791238473.024486,4812878.034588572,0.0,2.5,409.34,2.7925,1
1791238473.2265859,4812878.236688332,0.0,0.0,409.34,2.7,1
1791238473.4285762,4812878.438678925,0.0,0.0,409.34,2.7,1
1791238473.6306636,4812878.640766081,0.0,10.1,409.34,3.0737,1
1791238473.8323889,4812878.842490686,4.9,13.9,409.35,3.2143,1
1791238474.0345845,4812879.044687789,0.0,6.2,409.35,2.9294,1
1791238474.236011,4812879.246112603,0.0,8.9,409.35,3.0293,1
1791238474.4373713,4812879.447472938,0.0,18.5,409.35,3.3845,1
1791238474.6388364,4812879.648938793,0.0,10.3,409.35,3.0811,1
1791238474.8402407,4812879.850342617,5.0,15.8,409.35,3.2846,1
1791238475.0415921,4812880.051693942,0.0,1.2,409.35,2.7444,1
1791238475.2429237,4812880.253025318,0.0,0.0,409.35,2.7,1
1791238475.4442666,4812880.454368205,0.0,0.0,409.35,2.7,1
1791238475.6455367,4812880.655638227,0.0,0.0,409.35,2.7,1
1791238475.8467598,4812880.856861375,0.0,0.0,409.35,2.7,1
1791238476.0481293,4812881.058231137,5.0,1.2,409.35,2.7444,1
1791238476.2494762,4812881.259577617,0.0,0.0,409.36,2.7,1
1791238476.4507985,4812881.460900244,0.0,1.2,409.36,2.7444,1
1791238476.6521764,4812881.662277766,0.0,0.0,409.36,2.7,1
1791238476.8533962,4812881.863498153,0.0,0.0,409.36,2.7,1
1791238477.0548162,4812882.064917967,0.0,0.0,409.36,2.7,1
1791238477.2562015,4812882.266302989,5.0,0.0,409.36,2.7,1
1791238477.4574845,4812882.467586396,0.0,0.0,409.36,2.7,1
1791238477.6587064,4812882.668807877,0.0,1.2,409.36,2.7444,1
1791238477.8600783,4812882.870179878,0.0,1.2,409.36,2.7444,1
1791238478.0614557,4812883.071557452,0.0,0.0,409.36,2.7,1
1791238478.2628293,4812883.272931016,0.0,0.0,409.36,2.7,1
1791238478.4641848,4812883.474286663,0.0,0.0,409.36,2.7,1
1791238478.6655383,4812883.675639758,0.0,0.0,409.36,2.7,1
1791238478.8668015,4812883.876903218,0.0,0.0,409.36,2.7,1
1791238479.0681806,4812884.078282198,5.0,2.5,409.36,2.7925,1
1791238479.2702415,4812884.280344041,0.0,0.0,409.36,2.7,1
1791238479.4723213,4812884.482423644,0.0,0.0,409.36,2.7,1
1791238479.6745546,4812884.684657466,0.0,1.3,409.36,2.7481,1
1791238479.8765583,4812884.886660871,4.9,0.0,409.36,2.7,1
1791238480.0787451,4812885.088847818,0.0,0.0,409.36,2.7,1
1791238480.2808096,4812885.290912213,0.0,0.0,409.36,2.7,1
1791238480.4829895,4812885.493092076,0.0,1.2,409.36,2.7444,1
1791238480.6850982,4812885.695201211,0.0,0.0,409.36,2.7,1
1791238480.887258,4812885.897360449,4.9,1.3,409.36,2.7481,1
1791238481.0893621,4812886.099464844,0.0,1.3,409.36,2.7481,1
1791238481.2914617,4812886.30156403,0.0,0.0,409.36,2.7,1
1791238481.493563,4812886.503665769,0.0,1.3,409.36,2.7481,1
1791238481.695536,4812886.705638549,0.0,0.0,409.37,2.7,1
1791238481.8976207,4812886.907723308,4.9,0.0,409.37,2.7,1
1791238482.0997863,4812887.109889109,0.0,1.3,409.37,2.7481,1
1791238482.3018727,4812887.31197491,0.0,0.0,409.37,2.7,1
1791238482.5041788,4812887.5142817,4.9,1.3,409.37,2.7481,1
1791238482.7063725,4812887.716475209,0.0,0.0,409.37,2.7,1
1791238482.9084733,4812887.918575854,0.0,1.3,409.37,2.7481,1
1791238483.11068,4812888.120783165,0.0,1.2,409.37,2.7444,1
1791238483.312643,4812888.322745893,0.0,0.0,409.37,2.7,1
1791238483.5147984,4812888.524900965,0.0,0.0,409.37,2.7,1
1791238483.716704,4812888.726806453,4.9,0.0,409.37,2.7,1
1791238483.918784,4812888.928886421,0.0,1.2,409.37,2.7444,1
1791238484.1208894,4812889.130992013,0.0,0.0,409.37,2.7,1
1791238484.3229215,4812889.333024325,0.0,0.0,409.37,2.7,1
1791238484.524916,4812889.535018668,0.0,0.0,409.37,2.7,1
1791238484.7270796,4812889.737182437,4.9,1.2,409.37,2.7444,1
1791238484.9291854,4812889.939287925,0.0,0.0,409.37,2.7,1
1791238485.1306713,4812890.140772998,0.0,21.8,409.37,3.5066,1
1791238485.3320508,4812890.342152343,0.0,6.3,409.37,2.9331,1
1791238485.5334592,4812890.54356101,0.0,21.5,409.38,3.4955,1
1791238485.7350276,4812890.74512952,0.0,13.9,409.38,3.2143,1
1791238485.9364343,4812890.946535688,5.0,5.1,409.38,2.8887,1
1791238486.1378045,4812891.147906126,0.0,0.0,409.38,2.7,1
1791238486.3391645,4812891.349266147,0.0,1.2,409.38,2.7444,1
1791238486.540532,4812891.550634137,0.0,0.0,409.38,2.7,1
1791238486.7416542,4812891.751755774,0.0,0.0,409.38,2.7,1
1791238486.943052,4812891.953154024,0.0,1.3,409.38,2.7481,1
1791238487.1444132,4812892.154514775,0.0,0.0,409.38,2.7,1
1791238487.3455317,4812892.355633234,5.0,0.0,409.38,2.7,1
1791238487.5468946,4812892.556996537,0.0,0.0,409.38,2.7,1
1791238487.7480266,4812892.758128173,0.0,0.0,409.38,2.7,1
1791238487.9494116,4812892.959512934,0.0,0.0,409.38,2.7,1
1791238488.1514897,4812893.16159186,0.0,2.5,409.38,2.7925,1
1791238488.3526626,4812893.362764225,0.0,0.0,409.38,2.7,1
1791238488.5540872,4812893.564188986,0.0,0.0,409.38,2.7,1
1791238488.7552927,4812893.76539432,5.0,0.0,409.38,2.7,1
1791238488.9566567,4812893.966758352,0.0,1.2,409.38,2.7444,1
1791238489.1580436,4812894.168145404,0.0,0.0,409.38,2.7,1
1791238489.3593347,4812894.369436571,0.0,1.2,409.38,2.7444,1
1791238489.560569,4812894.570670811,0.0,0.0,409.39,2.7,1
1791238489.7618868,4812894.771987968,0.0,0.0,409.39,2.7,1
1791238489.9633486,4812894.973450333,5.0,0.0,409.39,2.7,1
1791238490.1653864,4812895.175488789,0.0,0.0,409.39,2.7,1
1791238490.367577,4812895.377680006,0.0,1.2,409.39,2.7444,1
1791238490.5696678,4812895.579770234,0.0,0.0,409.39,2.7,1
1791238490.7717686,4812895.781871503,0.0,1.2,409.39,2.7444,1
1791238490.9738777,4812895.983980324,4.9,0.0,409.39,2.7,1
1791238491.1761148,4812896.186217374,0.0,2.5,409.39,2.7925,1
1791238491.378252,4812896.38835484,0.0,0.0,409.39,2.7,1
1791238491.5803773,4812896.590479755,0.0,0.0,409.39,2.7,1
1791238491.782308,4812896.792410764,0.0,0.0,409.39,2.7,1
1791238491.985368,4812896.995470781,14.8,12.5,409.39,3.1625,1
1791238492.1868157,4812897.196917416,29.7,36.7,409.39,4.0579,1
1791238492.3882077,4812897.398309155,14.9,2.6,409.39,2.7962,1
1791238492.589566,4812897.599667562,5.0,0.0,409.39,2.7,1
1791238492.790948,4812897.801049562,0.0,1.2,409.39,2.7444,1
1791238492.9922936,4812898.002395364,0.0,0.0,409.39,2.7,1
1791238493.193637,4812898.203738562,0.0,0.0,409.39,2.7,1
1791238493.3950653,4812898.405166604,0.0,1.2,409.39,2.7444,1
1791238493.5963843,4812898.606485843,0.0,0.0,409.39,2.7,1
1791238493.7977014,4812898.807802739,0.0,0.0,409.39,2.7,1
1791238493.9991014,4812899.009203489,0.0,1.2,409.39,2.7444,1
1791238494.2003894,4812899.21049101,0.0,0.0,409.39,2.7,1
1791238494.4016142,4812899.411715563,0.0,0.0,409.39,2.7,1
1791238494.6030173,4812899.613118708,5.0,0.0,409.39,2.7,1
1791238494.8041463,4812899.814247636,0.0,0.0,409.39,2.7,1
1791238495.0054984,4812900.015600209,0.0,1.2,409.39,2.7444,1
1791238495.206822,4812900.216923615,0.0,0.0,409.39,2.7,1
1791238495.4081314,4812900.418232855,0.0,0.0,409.39,2.7,1
1791238495.609347,4812900.619448709,5.0,0.0,409.39,2.7,1
1791238495.8107512,4812900.82085274,0.0,1.2,409.39,2.7444,1
1791238496.0123208,4812901.022422917,0.0,6.3,409.39,2.9331,1
1791238496.2136986,4812901.223800541,0.0,10.0,409.39,3.07,1
1791238496.4151204,4812901.425222176,0.0,6.3,409.39,2.9331,1
1791238496.6165097,4812901.626611624,0.0,16.9,409.39,3.3253,1
1791238496.818002,4812901.828103624,0.0,17.7,409.4,3.3549,1
1791238497.0194004,4812902.029502186,5.0,3.7,409.4,2.8369,1
1791238497.2214267,4812902.231529132,0.0,0.0,409.4,2.7,1
1791238497.42362,4812902.433723108,0.0,1.2,409.4,2.7444,1
1791238497.6257377,4812902.635840627,0.0,0.0,409.4,2.7,1
1791238497.8278482,4812902.837950854,0.0,0.0,409.4,2.7,1
1791238498.0300803,4812903.040183163,4.9,1.3,409.4,2.7481,1
1791238498.2321029,4812903.242205578,0.0,0.0,409.4,2.7,1
1791238498.4341688,4812903.444271274,0.0,0.0,409.4,2.7,1
1791238498.6362205,4812903.646323011,0.0,0.0,409.4,2.7,1
1791238498.8381484,4812903.848250842,5.0,0.0,409.4,2.7,1
1791238499.0402818,4812904.050384402,0.0,1.2,409.4,2.7444,1
1791238499.2423468,4812904.252449473,0.0,0.0,409.4,2.7,1
1791238499.444439,4812904.454541575,0.0,1.3,409.4,2.7481,1
1791238499.6464388,4812904.656541437,0.0,0.0,409.4,2.7,1
1791238499.848316,4812904.858418123,0.0,1.2,409.4,2.7444,1
1791238500.0505326,4812905.060634808,4.9,0.0,409.4,2.7,1
1791238500.252631,4812905.262733472,0.0,0.0,409.4,2.7,1
1791238500.4547746,4812905.464877084,0.0,0.0,409.4,2.7,1
1791238500.6568873,4812905.666990123,0.0,0.0,409.4,2.7,1
1791238500.8588145,4812905.868916965,0.0,1.2,409.4,2.7444,1
1791238501.060989,4812906.071091826,4.9,0.0,409.4,2.7,1
1791238501.2632089,4812906.273312209,0.0,1.2,409.41,2.7444,1
1791238501.465231,4812906.475333529,0.0,0.0,409.41,2.7,1
1791238501.667216,4812906.677318704,0.0,0.0,409.41,2.7,1
1791238501.8693008,4812906.879403462,0.0,0.0,409.41,2.7,1
1791238502.0715492,4812907.081651709,0.0,1.3,409.41,2.7481,1
1791238502.2736416,4812907.283751675,4.9,0.0,409.41,2.7,1
1791238502.4757843,4812907.485886433,4.9,1.2,409.41,2.7444,1
1791238502.677758,4812907.687860254,0.0,0.0,409.41,2.7,1
1791238502.8798265,4812907.889929022,0.0,0.0,409.41,2.7,1
1791238503.082006,4812908.092108623,0.0,1.3,409.41,2.7481,1
1791238503.2840114,4812908.29411385,0.0,0.0,409.41,2.7,1
1791238503.4861403,4812908.496242774,5.0,0.0,409.41,2.7,1
1791238503.6882555,4812908.698358261,0.0,1.2,409.41,2.7444,1
1791238503.8902404,4812908.900343123,0.0,0.0,409.41,2.7,1
1791238504.092355,4812909.10245736,0.0,2.4,409.41,2.7888,1
1791238504.2943976,4812909.304500138,0.0,0.0,409.41,2.7,1
1791238504.4964588,4812909.50656125,4.9,0.0,409.41,2.7,1
1791238504.6984305,4812909.708532519,0.0,0.0,409.41,2.7,1
1791238504.9002903,4812909.910392902,0.0,0.0,409.41,2.7,1
1791238505.1024423,4812910.112544586,0.0,1.2,409.41,2.7444,1
1791238505.3044674,4812910.314569761,0.0,1.3,409.42,2.7481,1
1791238505.5065649,4812910.516667331,4.9,0.0,409.42,2.7,1
1791238505.7084777,4812910.718580474,0.0,0.0,409.42,2.7,1
1791238505.9105883,4812910.920690805,0.0,0.0,409.42,2.7,1
1791238506.1127107,4812911.122812906,0.0,1.2,409.42,2.7444,1
1791238506.3147662,4812911.324868914,4.9,1.2,409.42,2.7444,1
1791238506.5168722,4812911.526974765,0.0,1.2,409.42,2.7444,1
1791238506.7191033,4812911.729206241,0.0,0.0,409.42,2.7,1
1791238506.9212015,4812911.931304227,0.0,0.0,409.42,2.7,1
1791238507.1250918,4812912.135194969,0.0,12.8,409.42,3.1736,1
1791238507.3267474,4812912.336849051,4.9,12.5,409.42,3.1625,1
1791238507.5281289,4812912.538230737,0.0,3.8,409.42,2.8406,1
1791238507.7295046,4812912.739606226,0.0,19.8,409.42,3.4326,1
1791238507.9310942,4812912.941196089,0.0,12.8,409.42,3.1736,1
1791238508.132502,4812913.142603765,5.0,6.3,409.42,2.9331,1
1791238508.333786,4812913.343887743,0.0,0.0,409.42,2.7,1
1791238508.535197,4812913.54529844,0.0,6.2,409.42,2.9294,1
1791238508.7364058,4812913.746507419,0.0,0.0,409.42,2.7,1
1791238508.9377713,4812913.947873011,0.0,1.2,409.42,2.7444,1
1791238509.1391897,4812914.149291364,0.0,0.0,409.43,2.7,1
1791238509.3404858,4812914.350587322,0.0,0.0,409.43,2.7,1
1791238509.541852,4812914.551953487,0.0,0.0,409.43,2.7,1
1791238509.7432957,4812914.753397204,0.0,0.0,409.43,2.7,1
1791238509.9446647,4812914.954766339,0.0,2.5,409.43,2.7925,1
1791238510.1460495,4812915.156151098,5.0,0.0,409.43,2.7,1
1791238510.3473008,4812915.35740268,0.0,0.0,409.43,2.7,1
1791238510.548639,4812915.558740669,0.0,0.0,409.43,2.7,1
1791238510.7498014,4812915.759902616,0.0,0.0,409.43,2.7,1
1791238510.9512057,4812915.961307688,0.0,1.2,409.43,2.7444,1
1791238511.1525273,4812916.162628853,0.0,0.0,409.43,2.7,1
1791238511.3536701,4812916.363771582,0.0,0.0,409.43,2.7,1
1791238511.5550275,4812916.565129362,5.0,0.0,409.43,2.7,1
1791238511.7561908,4812916.766292246,0.0,0.0,409.43,2.7,1
1791238511.957565,4812916.967667005,0.0,0.0,409.43,2.7,1
1791238512.1597128,4812917.169815773,0.0,1.2,409.43,2.7444,1
1791238512.3618076,4812917.371910165,0.0,0.0,409.43,2.7,1
1791238512.5640547,4812917.574157318,0.0,0.0,409.43,2.7,1
1791238512.7661004,4812917.776203429,4.9,0.0,409.43,2.7,1
1791238512.9682248,4812917.978326988,0.0,1.2,409.43,2.7444,1
1791238513.1704533,4812918.180556224,0.0,0.0,409.43,2.7,1
1791238513.372445,4812918.382547648,0.0,0.0,409.43,2.7,1
1791238513.5744557,4812918.584558603,5.0,0.0,409.43,2.7,1
1791238513.7765326,4812918.786634818,0.0,1.2,409.43,2.7444,1
1791238513.9787664,4812918.988869106,0.0,1.3,409.43,2.7481,1
1791238514.1808472,4812919.190949801,0.0,1.2,409.44,2.7444,1
1791238514.3829098,4812919.393012474,5.0,1.2,409.44,2.7444,1
1791238514.5849543,4812919.595057179,0.0,0.0,409.44,2.7,1
1791238514.786995,4812919.797097614,0.0,0.0,409.44,2.7,1
1791238514.9891138,4812919.999216277,0.0,0.0,409.44,2.7,1
1791238515.1913087,4812920.201411658,0.0,1.2,409.44,2.7444,1
1791238515.3933773,4812920.403479748,0.0,0.0,409.44,2.7,1
1791238515.595564,4812920.605666536,0.0,1.2,409.44,2.7444,1
1791238515.7974632,4812920.807565617,5.0,0.0,409.44,2.7,1
1791238515.9996347,4812921.009737196,4.9,1.3,409.44,2.7481,1
1791238516.201752,4812921.211854713,0.0,0.0,409.44,2.7,1
1791238516.4037182,4812921.413820929,0.0,0.0,409.44,2.7,1
1791238516.6057022,4812921.615804488,0.0,0.0,409.44,2.7,1
1791238516.8075879,4812921.817690235,0.0,0.0,409.44,2.7,1
1791238517.0097213,4812922.019824002,5.0,0.0,409.45,2.7,1
1791238517.211717,4812922.221819748,0.0,0.0,409.45,2.7,1
1791238517.4136689,4812922.423771224,0.0,0.0,409.45,2.7,1
1791238517.6157176,4812922.625820148,0.0,1.2,409.45,2.7444,1
1791238517.8178084,4812922.827910946,0.0,0.0,409.45,2.7,1
1791238518.0200043,4812923.030107161,4.9,1.2,409.45,2.7444,1
1791238518.2248492,4812923.234953056,4.9,17.3,409.45,3.3401,1
1791238518.4266527,4812923.43675448,24.4,19.8,409.45,3.4326,1
1791238518.6280577,4812923.638159447,0.0,5.0,409.45,2.885,1
1791238518.8294477,4812923.839549362,0.0,17.9,409.45,3.3623,1
1791238519.030894,4812924.040996047,5.0,13.6,409.45,3.2032,1
1791238519.232266,4812924.242367733,0.0,5.2,409.45,2.8924,1
1791238519.433633,4812924.443734887,0.0,0.0,409.45,2.7,1
1791238519.6349447,4812924.645046573,0.0,1.2,409.45,2.7444,1
1791238519.8361497,4812924.846251072,0.0,0.0,409.45,2.7,1
1791238520.037513,4812925.04761458,0.0,1.2,409.45,2.7444,1
1791238520.238937,4812925.249038401,0.0,0.0,409.45,2.7,1
1791238520.4401686,4812925.450270139,0.0,0.0,409.45,2.7,1
1791238520.641358,4812925.651459325,0.0,0.0,409.45,2.7,1
1791238520.8426414,4812925.852743198,0.0,0.0,409.45,2.7,1
1791238521.0440512,4812926.054153009,0.0,2.5,409.45,2.7925,1
1791238521.2453077,4812926.255409226,0.0,0.0,409.45,2.7,1
1791238521.4465885,4812926.456690235,0.0,0.0,409.45,2.7,1
1791238521.647979,4812926.658080618,5.0,1.2,409.45,2.7444,1
1791238521.8493102,4812926.859411939,0.0,0.0,409.45,2.7,1
1791238522.0507205,4812927.060822322,5.0,1.3,409.45,2.7481,1
1791238522.252115,4812927.262216508,0.0,0.0,409.45,2.7,1
1791238522.4534576,4812927.463559287,0.0,0.0,409.45,2.7,1
1791238522.6547775,4812927.664879618,0.0,0.0,409.46,2.7,1
1791238522.8559718,4812927.866073752,0.0,0.0,409.46,2.7,1
1791238523.0573545,4812928.067456167,0.0,1.2,409.46,2.7444,1
1791238523.2587667,4812928.268868217,0.0,0.0,409.46,2.7,1
1791238523.4608297,4812928.470932556,0.0,1.3,409.46,2.7481,1
1791238523.662827,4812928.672929865,0.0,1.2,409.46,2.7444,1
1791238523.8647652,4812928.874867642,5.0,0.0,409.46,2.7,1
1791238524.066953,4812929.077055836,0.0,1.3,409.46,2.7481,1
1791238524.269109,4812929.279211738,0.0,0.0,409.46,2.7,1
1791238524.4712174,4812929.481320192,0.0,0.0,409.46,2.7,1
1791238524.6733499,4812929.683452292,0.0,0.0,409.46,2.7,1
1791238524.8753743,4812929.885476684,0.0,0.0,409.46,2.7,1
1791238525.0774817,4812930.087584617,4.9,0.0,409.46,2.7,1
1791238525.2795353,4812930.289638071,0.0,1.2,409.46,2.7444,1
1791238525.481559,4812930.491661161,4.9,0.0,409.46,2.7,1
1791238525.683471,4812930.693573417,0.0,0.0,409.46,2.7,1
1791238525.8855257,4812930.895628642,0.0,0.0,409.46,2.7,1
1791238526.0877025,4812931.097805169,0.0,1.3,409.46,2.7481,1
1791238526.2897787,4812931.299881488,0.0,0.0,409.46,2.7,1
1791238526.491775,4812931.501877963,0.0,0.0,409.46,2.7,1
1791238526.6937816,4812931.703884282,0.0,0.0,409.46,2.7,1
1791238526.8958082,4812931.905910809,5.0,1.2,409.46,2.7444,1
1791238527.0977447,4812932.107846867,0.0,1.3,409.46,2.7481,1
1791238527.2998466,4812932.309949592,5.0,1.2,409.46,2.7444,1
1791238527.5020766,4812932.512179348,0.0,0.0,409.46,2.7,1
1791238527.7042637,4812932.714366395,0.0,1.3,409.47,2.7481,1
1791238527.9062703,4812932.916372558,0.0,0.0,409.47,2.7,1
1791238528.1083782,4812933.118481011,0.0,0.0,409.47,2.7,1
1791238528.3104708,4812933.320573424,0.0,0.0,409.47,2.7,1
1791238528.5125003,4812933.52260219,0.0,1.2,409.47,2.7444,1
1791238528.7144444,4812933.724546738,5.0,0.0,409.47,2.7,1
1791238528.916506,4812933.926608838,0.0,0.0,409.47,2.7,1
1791238529.1191938,4812934.129296873,0.0,1.3,409.47,2.7481,1
1791238529.3208761,4812934.330978349,4.9,13.7,409.47,3.2069,1
1791238529.5223327,4812934.532434305,0.0,13.6,409.47,3.2032,1
1791238529.7241178,4812934.734219895,0.0,10.8,409.47,3.0996,1
1791238529.9261334,4812934.936235276,0.0,14.1,409.47,3.2217,1
1791238530.127531,4812935.137632742,0.0,19.0,409.47,3.403,1
1791238530.3288584,4812935.338959792,0.0,0.0,409.47,2.7,1
1791238530.5303385,4812935.540440382,5.0,0.0,409.47,2.7,1
1791238530.7316914,4812935.741792953,0.0,1.2,409.48,2.7444,1
1791238530.9332705,4812935.94337245,0.0,0.0,409.48,2.7,1
1791238531.1347141,4812936.14481627,0.0,1.2,409.48,2.7444,1
1791238531.3359447,4812936.346046601,0.0,1.2,409.48,2.7444,1
1791238531.537261,4812936.547362921,0.0,0.0,409.48,2.7,1
1791238531.7384434,4812936.748545023,0.0,0.0,409.48,2.7,1
1791238531.939785,4812936.949886656,0.0,1.2,409.48,2.7444,1
1791238532.141116,4812937.151217664,0.0,0.0,409.48,2.7,1
1791238532.3424377,4812937.352539192,0.0,0.0,409.48,2.7,1
1791238532.543715,4812937.553817179,5.0,0.0,409.48,2.7,1
1791238532.7448893,4812937.754990948,0.0,0.0,409.48,2.7,1
1791238532.9462993,4812937.956400862,0.0,0.0,409.48,2.7,1
1791238533.1476505,4812938.157752234,5.0,0.0,409.48,2.7,1
1791238533.3488972,4812938.358999127,0.0,0.0,409.48,2.7,1
1791238533.5503237,4812938.560425656,0.0,1.2,409.48,2.7444,1
1791238533.751529,4812938.761630257,0.0,0.0,409.48,2.7,1
1791238533.952893,4812938.962994546,0.0,0.0,409.48,2.7,1
1791238534.1542203,4812939.164322064,0.0,0.0,409.48,2.7,1
1791238534.3563333,4812939.366436091,0.0,0.0,409.48,2.7,1
1791238534.5584779,4812939.568580794,0.0,0.0,409.48,2.7,1
1791238534.7603934,4812939.77049581,0.0,1.2,409.48,2.7444,1
1791238534.9625647,4812939.972667441,5.0,1.3,409.48,2.7481,1
1791238535.165217,4812940.175319747,0.0,0.0,409.48,2.7,1
1791238535.3673782,4812940.377480596,0.0,0.0,409.48,2.7,1
1791238535.5692647,4812940.579366966,4.9,0.0,409.49,2.7,1
1791238535.7711568,4812940.781259535,0.0,1.2,409.49,2.7444,1
1791238535.9732397,4812940.983341842,0.0,0.0,409.49,2.7,1
1791238536.1753814,4812941.185484202,4.9,0.0,409.49,2.7,1
1791238536.3773587,4812941.387461249,0.0,0.0,409.49,2.7,1
1791238536.5795538,4812941.589656317,0.0,1.3,409.49,2.7481,1
1791238536.7814655,4812941.791567635,0.0,0.0,409.49,2.7,1
1791238536.983632,4812941.99373463,0.0,0.0,409.49,2.7,1
1791238537.1857293,4812942.195832094,0.0,0.0,409.49,2.7,1
1791238537.3878124,4812942.397914401,0.0,0.0,409.49,2.7,1
1791238537.589814,4812942.599916917,4.9,0.0,409.49,2.7,1
1791238537.7920053,4812942.802108183,0.0,1.2,409.49,2.7444,1
1791238537.9943323,4812943.004435073,0.0,0.0,409.49,2.7,1
1791238538.1963637,4812943.206466339,4.9,1.3,409.49,2.7481,1
1791238538.3985217,4812943.408624375,0.0,0.0,409.49,2.7,1
1791238538.600591,4812943.610693193,0.0,0.0,409.49,2.7,1
1791238538.8024812,4812943.812583834,0.0,0.0,409.49,2.7,1
1791238539.0045822,4812944.014684943,0.0,2.5,409.49,2.7925,1
1791238539.2067196,4812944.216822563,4.9,0.0,409.49,2.7,1
1791238539.4088135,4812944.418916016,0.0,0.0,409.49,2.7,1
1791238539.6110249,4812944.621127646,4.9,1.3,409.49,2.7481,1
1791238539.8128753,4812944.822977871,0.0,0.0,409.5,2.7,1
1791238540.015092,4812945.025194605,0.0,3.8,409.5,2.8406,1
1791238540.2172143,4812945.227317172,0.0,1.2,409.5,2.7444,1
1791238540.418955,4812945.429057137,0.0,19.0,409.5,3.403,1
1791238540.6206295,4812945.630731424,5.0,11.2,409.5,3.1144,1
1791238540.82281,4812945.832912533,0.0,20.0,409.5,3.44,1
1791238541.0243788,4812946.034481665,0.0,13.9,409.5,3.2143,1
1791238541.2257972,4812946.235898817,0.0,15.4,409.5,3.2698,1
1791238541.4270682,4812946.437169616,0.0,0.0,409.5,2.7,1
1791238541.628385,4812946.638486874,0.0,0.0,409.5,2.7,1
1791238541.8297217,4812946.839823245,5.0,0.0,409.5,2.7,1
1791238542.031103,4812947.041204929,0.0,1.2,409.5,2.7444,1
1791238542.232451,4812947.242552655,0.0,0.0,409.5,2.7,1
1791238542.4337795,4812947.443881058,0.0,0.0,409.5,2.7,1
1791238542.6351545,4812947.645256128,0.0,2.5,409.5,2.7925,1
1791238542.836267,4812947.846368281,0.0,0.0,409.5,2.7,1
1791238543.0376296,4812948.047731528,0.0,0.0,409.5,2.7,1
1791238543.238981,4812948.249082847,0.0,0.0,409.5,2.7,1
1791238543.4403129,4812948.450414688,0.0,0.0,409.5,2.7,1
1791238543.6416929,4812948.651794601,9.9,1.3,409.5,2.7481,1
1791238543.8431292,4812948.853230816,14.9,4.9,409.5,2.8813,1
1791238544.0444922,4812949.054593906,0.0,0.0,409.51,2.7,1
1791238544.245853,4812949.2559546,5.0,1.2,409.51,2.7444,1
1791238544.447188,4812949.457289462,0.0,0.0,409.51,2.7,1
1791238544.6485033,4812949.658604791,0.0,0.0,409.51,2.7,1
1791238544.8498113,4812949.859912986,0.0,0.0,409.51,2.7,1
1791238545.0511897,4812950.061291232,0.0,1.3,409.51,2.7481,1
1791238545.2525609,4812950.262662291,0.0,1.2,409.51,2.7444,1
1791238545.4538689,4812950.463970538,0.0,0.0,409.51,2.7,1
1791238545.6553147,4812950.665416388,5.0,0.0,409.51,2.7,1
1791238545.8566804,4812950.866782291,0.0,1.2,409.51,2.7444,1
1791238546.0588152,4812951.068917983,0.0,1.2,409.51,2.7444,1
1791238546.2608051,4812951.270907582,0.0,0.0,409.51,2.7,1
1791238546.4629936,4812951.473096399,0.0,0.0,409.51,2.7,1
1791238546.6649873,4812951.675089799,4.9,0.0,409.51,2.7,1
1791238546.8669488,4812951.877051013,0.0,0.0,409.51,2.7,1
1791238547.0690355,4812952.07913832,0.0,1.2,409.51,2.7444,1
1791238547.2711163,4812952.281218908,0.0,0.0,409.51,2.7,1
1791238547.473172,4812952.48327434,0.0,0.0,409.51,2.7,1
1791238547.6752236,4812952.685325969,5.0,0.0,409.51,2.7,1
1791238547.8771956,4812952.887297964,0.0,0.0,409.51,2.7,1
1791238548.0793774,4812953.089479697,0.0,1.3,409.51,2.7481,1
1791238548.28146,4812953.291562369,0.0,0.0,409.51,2.7,1
1791238548.483632,4812953.493734779,0.0,0.0,409.52,2.7,1
1791238548.6857405,4812953.695842763,4.9,0.0,409.52,2.7,1
1791238548.8876526,4812953.89775481,0.0,0.0,409.52,2.7,1
1791238549.089741,4812954.099843575,0.0,1.3,409.52,2.7481,1
1791238549.2917275,4812954.301830517,0.0,0.0,409.52,2.7,1
1791238549.4937956,4812954.503898136,4.9,0.0,409.52,2.7,1
1791238549.6956995,4812954.705801954,0.0,1.3,409.52,2.7481,1
1791238549.8977787,4812954.907881083,0.0,0.0,409.52,2.7,1
1791238550.0998735,4812955.109976202,0.0,1.3,409.52,2.7481,1
1791238550.301821,4812955.311923405,0.0,0.0,409.52,2.7,1
1791238550.5040562,4812955.514158472,0.0,0.0,409.52,2.7,1
1791238550.7061405,4812955.716242914,0.0,0.0,409.52,2.7,1
1791238550.908093,4812955.918195429,0.0,0.0,409.52,2.7,1
1791238551.1102872,4812956.120389767,4.9,2.5,409.52,2.7925,1
1791238551.3124118,4812956.322514312,4.9,0.0,409.52,2.7,1
1791238551.5138261,4812956.523927923,0.0,19.8,409.52,3.4326,1
1791238551.7152,4812956.72530169,0.0,6.3,409.52,2.9331,1
1791238551.9190762,4812956.929178523,0.0,14.6,409.52,3.2402,1
1791238552.1231182,4812957.13321973,0.0,15.0,409.52,3.255,1
1791238552.3245177,4812957.334619278,5.0,15.2,409.52,3.2624,1
1791238552.5259914,4812957.53609294,0.0,0.0,409.52,2.7,1
1791238552.727213,4812957.737314676,0.0,1.2,409.53,2.7444,1
1791238552.9283712,4812957.938473027,0.0,0.0,409.53,2.7,1
1791238553.1297185,4812958.139820127,0.0,0.0,409.53,2.7,1
1791238553.3310516,4812958.341153112,0.0,0.0,409.53,2.7,1
1791238553.5324073,4812958.542509379,0.0,1.2,409.53,2.7444,1
1791238553.7338464,4812958.743948145,5.0,1.2,409.53,2.7444,1
1791238553.9355223,4812958.945624567,0.0,2.5,409.53,2.7925,1
1791238554.1368654,4812959.14696724,0.0,0.0,409.53,2.7,1
1791238554.3381662,4812959.348268143,0.0,0.0,409.53,2.7,1
1791238554.5395687,4812959.549670451,0.0,0.0,409.53,2.7,1
1791238554.7409098,4812959.751011613,0.0,0.0,409.53,2.7,1
1791238554.9423265,4812959.952428192,0.0,0.0,409.53,2.7,1
1791238555.1436095,4812960.153711334,0.0,0.0,409.53,2.7,1
1791238555.344863,4812960.354964789,0.0,0.0,409.53,2.7,1
1791238555.5462387,4812960.55634069,0.0,1.2,409.53,2.7444,1
1791238555.7474802,4812960.757581645,0.0,1.2,409.53,2.7444,1
1791238555.948826,4812960.958927859,0.0,0.0,409.53,2.7,1
1791238556.1502311,4812961.160332615,5.0,0.0,409.53,2.7,1
1791238556.3515186,4812961.361620236,5.0,0.0,409.54,2.7,1
1791238556.5535355,4812961.56363822,0.0,0.0,409.54,2.7,1
1791238556.7555878,4812961.765690213,0.0,1.2,409.54,2.7444,1
1791238556.9576762,4812961.967778926,0.0,1.2,409.54,2.7444,1
1791238557.1598413,4812962.169943732,0.0,0.0,409.54,2.7,1
1791238557.3619988,4812962.372101715,0.0,0.0,409.54,2.7,1
1791238557.564086,4812962.574188552,0.0,0.0,409.54,2.7,1
1791238557.7660792,4812962.776181588,0.0,0.0,409.54,2.7,1
1791238557.9681761,4812962.978278946,4.9,1.3,409.54,2.7481,1
1791238558.1702366,4812963.180348023,0.0,0.0,409.54,2.7,1
1791238558.3723218,4812963.382424287,0.0,0.0,409.54,2.7,1
1791238558.574475,4812963.584577947,4.9,0.0,409.54,2.7,1
1791238558.7764416,4812963.786544316,0.0,1.2,409.54,2.7444,1
1791238558.978576,4812963.988678861,0.0,1.3,409.54,2.7481,1
1791238559.1805718,4812964.190674709,0.0,0.0,409.54,2.7,1
1791238559.3827064,4812964.392809151,0.0,0.0,409.54,2.7,1
1791238559.584625,4812964.594727499,0.0,0.0,409.54,2.7,1
1791238559.7865598,4812964.79666267,5.0,0.0,409.54,2.7,1
1791238559.9886494,4812964.998752215,0.0,2.5,409.54,2.7925,1
1791238560.1907773,4812965.20088025,0.0,0.0,409.54,2.7,1
1791238560.3928638,4812965.402966566,0.0,0.0,409.54,2.7,1
1791238560.59509,4812965.605192726,0.0,1.3,409.54,2.7481,1
1791238560.7969918,4812965.807094616,0.0,0.0,409.54,2.7,1
1791238560.9991555,4812966.009258536,5.0,0.0,409.54,2.7,1
1791238561.2011983,4812966.211301155,0.0,0.0,409.55,2.7,1
1791238561.403273,4812966.413376221,4.9,0.0,409.55,2.7,1
1791238561.6052248,4812966.615327902,0.0,0.0,409.55,2.7,1
1791238561.8074062,4812966.817509114,0.0,1.2,409.55,2.7444,1
1791238562.0094914,4812967.019594232,0.0,1.3,409.55,2.7481,1
1791238562.211549,4812967.221651746,0.0,0.0,409.55,2.7,1
1791238562.4137487,4812967.42385176,0.0,0.0,409.55,2.7,1
1791238562.6152067,4812967.625308547,4.9,22.0,409.55,3.514,1
1791238562.8165584,4812967.826659969,0.0,6.3,409.55,2.9331,1
1791238563.0179784,4812968.028080402,0.0,16.3,409.55,3.3031,1
1791238563.2233958,4812968.233497907,0.0,17.5,409.55,3.3475,1
1791238563.424781,4812968.434882819,0.0,12.2,409.55,3.1514,1
1791238563.626191,4812968.636292678,0.0,2.5,409.55,2.7925,1
1791238563.8273602,4812968.837462018,0.0,0.0,409.55,2.7,1
1791238564.0287168,4812969.0388187,9.9,3.7,409.55,2.8369,1
1791238564.230176,4812969.240277675,19.9,28.0,409.55,3.736,1
1791238564.4315376,4812969.441639409,24.8,6.3,409.55,2.9331,1
1791238564.6329274,4812969.643029113,5.0,0.0,409.55,2.7,1
1791238564.8342888,4812969.844390431,0.0,0.0,409.55,2.7,1
1791238565.0356421,4812970.04574352,0.0,2.4,409.55,2.7888,1
1791238565.23696,4812970.247061661,0.0,0.0,409.55,2.7,1
1791238565.438377,4812970.44847902,0.0,0.0,409.55,2.7,1
1791238565.6395664,4812970.649667891,0.0,0.0,409.55,2.7,1
1791238565.84089,4812970.850991761,0.0,0.0,409.55,2.7,1
1791238566.0423126,4812971.052414641,0.0,1.3,409.55,2.7481,1
1791238566.2436218,4812971.253723095,0.0,0.0,409.56,2.7,1
1791238566.444845,4812971.454946392,0.0,0.0,409.56,2.7,1
1791238566.6462853,4812971.656387189,0.0,1.2,409.56,2.7444,1
1791238566.8474796,4812971.857581268,5.0,0.0,409.56,2.7,1
1791238567.048827,4812972.058928367,0.0,0.0,409.56,2.7,1
1791238567.2502143,4812972.260316091,0.0,0.0,409.56,2.7,1
1791238567.4515746,4812972.46167642,0.0,0.0,409.56,2.7,1
1791238567.6535096,4812972.663612319,0.0,0.0,409.56,2.7,1
1791238567.8554451,4812972.865547958,5.0,0.0,409.56,2.7,1
1791238568.0575178,4812973.067620472,0.0,1.3,409.56,2.7481,1
1791238568.2596693,4812973.2697721,0.0,1.2,409.56,2.7444,1
1791238568.4616988,4812973.471801593,4.9,0.0,409.56,2.7,1
1791238568.6631796,4812973.673281244,0.0,13.6,399.14,3.2032,1
1791238568.8643816,4812973.874483083,0.0,0.0,399.14,2.7,1
1791238569.065751,4812974.07585263,0.0,1.3,399.14,2.7481,1
1791238569.2670624,4812974.277164209,0.0,0.0,399.14,2.7,1
1791238569.468336,4812974.478437974,0.0,0.0,399.14,2.7,1
1791238569.6697302,4812974.67983174,5.0,0.0,399.14,2.7,1
1791238569.871104,4812974.881205662,0.0,0.0,399.15,2.7,1
1791238570.0724485,4812975.082550625,0.0,1.3,399.15,2.7481,1
1791238570.273725,4812975.283826735,0.0,0.0,399.15,2.7,1
1791238570.475018,4812975.485120136,0.0,0.0,399.15,2.7,1
1791238570.676313,4812975.686414267,0.0,0.0,399.15,2.7,1
1791238570.8775284,4812975.887629908,0.0,0.0,399.15,2.7,1
1791238571.0789757,4812976.089077631,0.0,1.3,399.15,2.7481,1
1791238571.280358,4812976.290459782,0.0,2.5,399.15,2.7925,1
1791238571.481686,4812976.491787662,0.0,0.0,399.15,2.7,1
1791238571.6829696,4812976.693071376,5.0,1.2,399.15,2.7444,1
1791238571.8841918,4812976.894293475,0.0,0.0,399.15,2.7,1
1791238572.0855756,4812977.095677553,0.0,0.0,399.15,2.7,1
1791238572.286984,4812977.297085537,0.0,0.0,399.15,2.7,1
1791238572.4882932,4812977.498394668,0.0,0.0,399.15,2.7,1
1791238572.689668,4812977.699769579,0.0,0.0,399.15,2.7,1
1791238572.8908777,4812977.900979334,5.0,0.0,399.15,2.7,1
1791238573.0922194,4812978.102321121,0.0,1.3,399.15,2.7481,1
1791238573.2935147,4812978.303616449,0.0,0.0,399.15,2.7,1
1791238573.4949648,4812978.505066412,0.0,7.4,399.15,2.9738,1
1791238573.697061,4812978.707163561,0.0,13.7,399.15,3.2069,1
1791238573.8985577,4812978.90865967,0.0,5.1,399.15,2.8887,1
1791238574.0999265,4812979.110028383,5.0,19.0,399.16,3.403,1
1791238574.3012972,4812979.311398971,0.0,20.3,399.16,3.4511,1
1791238574.502692,4812979.512793934,0.0,1.2,399.16,2.7444,1
1791238574.7040691,4812979.714170772,0.0,0.0,399.16,2.7,1
1791238574.9052055,4812979.915307038,0.0,0.0,399.16,2.7,1
1791238575.106606,4812980.116707835,0.0,1.2,399.16,2.7444,1
1791238575.3079984,4812980.31810009,0.0,1.2,399.16,2.7444,1
1791238575.5093608,4812980.519462449,5.0,0.0,399.16,2.7,1
1791238575.710762,4812980.720863506,0.0,1.2,399.16,2.7444,1
1791238575.9118962,4812980.921997792,0.0,0.0,399.16,2.7,1
1791238576.1132743,4812981.123375985,0.0,0.0,399.16,2.7,1
1791238576.3145971,4812981.324698812,0.0,0.0,399.16,2.7,1
1791238576.5158436,4812981.525945182,0.0,0.0,399.16,2.7,1
1791238576.717034,4812981.727135406,0.0,0.0,399.16,2.7,1
1791238576.918207,4812981.928308547,5.0,0.0,399.16,2.7,1
1791238577.119567,4812982.12966877,0.0,1.2,399.16,2.7444,1
1791238577.3208053,4812982.330907067,0.0,0.0,399.16,2.7,1
1791238577.5221221,4812982.532224114,0.0,0.0,399.16,2.7,1
1791238577.7232652,4812982.733366629,0.0,1.2,399.16,2.7444,1
1791238577.924624,4812982.934725447,5.0,0.0,399.16,2.7,1
1791238578.126036,4812983.136137389,0.0,1.2,399.16,2.7444,1
1791238578.3273382,4812983.337440008,0.0,0.0,399.16,2.7,1
1791238578.528706,4812983.53880768,0.0,0.0,399.16,2.7,1
1791238578.7308726,4812983.740975297,0.0,0.0,399.16,2.7,1
1791238578.9330578,4812983.943161247,0.0,0.0,399.16,2.7,1
1791238579.1352625,4812984.145364958,0.0,0.0,399.17,2.7,1
1791238579.337268,4812984.347371012,0.0,0.0,399.17,2.7,1
1791238579.53941,4812984.549512744,0.0,1.3,399.17,2.7481,1
1791238579.74127,4812984.751372133,0.0,0.0,399.17,2.7,1
1791238579.9435637,4812984.953666624,0.0,1.2,399.17,2.7444,1
1791238580.1456277,4812985.15573044,4.9,0.0,399.17,2.7,1
1791238580.3477337,4812985.357836494,0.0,0.0,399.17,2.7,1
1791238580.5498238,4812985.55992609,0.0,0.0,399.17,2.7,1
1791238580.7518513,4812985.761953708,0.0,1.2,399.17,2.7444,1
1791238580.9540749,4812985.964177887,4.9,0.0,399.17,2.7,1
1791238581.156217,4812986.166319618,0.0,3.7,399.17,2.8369,1
1791238581.3583357,4812986.368438381,0.0,0.0,399.17,2.7,1
1791238581.5604432,4812986.570545634,4.9,1.3,399.17,2.7481,1
1791238581.7624426,4812986.772545282,0.0,0.0,399.17,2.7,1
1791238581.9645226,4812986.974625139,0.0,0.0,399.17,2.7,1
1791238582.1666944,4812987.176797443,0.0,0.0,399.17,2.7,1
1791238582.3687828,4812987.378885581,0.0,1.2,399.17,2.7444,1
1791238582.5709455,4812987.58104799,4.9,0.0,399.17,2.7,1
1791238582.772854,4812987.78295644,0.0,0.0,399.18,2.7,1
1791238582.9750426,4812987.985153067,0.0,1.2,399.18,2.7444,1
1791238583.1770332,4812988.187135893,0.0,0.0,399.18,2.7,1
1791238583.3791873,4812988.389289916,0.0,0.0,399.18,2.7,1
1791238583.5812588,4812988.591361283,4.9,1.2,399.18,2.7444,1
1791238583.783263,4812988.793365723,5.0,1.2,399.18,2.7444,1
1791238583.9853802,4812988.995482767,0.0,0.0,399.18,2.7,1
1791238584.1874902,4812989.197592624,0.0,1.2,399.18,2.7444,1
1791238584.3895772,4812989.399679615,0.0,0.0,399.18,2.7,1
1791238584.5910232,4812989.601124838,0.0,16.9,399.18,3.3253,1
1791238584.7924247,4812989.802526467,0.0,6.2,399.18,2.9294,1
1791238584.9998264,4812990.009928809,0.0,19.8,399.18,3.4326,1
1791238585.2013896,4812990.211491844,14.5,17.9,399.18,3.3623,1
1791238585.403044,4812990.413146233,9.9,17.5,399.18,3.3475,1
1791238585.604401,4812990.614502914,14.9,3.8,399.18,2.8406,1
1791238585.8057768,4812990.815878762,5.0,0.0,399.18,2.7,1
1791238586.0071514,4812991.017253152,0.0,0.0,399.18,2.7,1
1791238586.2084837,4812991.218585094,0.0,0.0,399.18,2.7,1
1791238586.4098284,4812991.4199299,5.0,0.0,399.18,2.7,1
1791238586.611207,4812991.621308665,0.0,4.9,399.18,2.8813,1
1791238586.8124478,4812991.822549252,0.0,0.0,399.18,2.7,1
1791238587.0138068,4812992.023908746,0.0,1.3,399.18,2.7481,1
1791238587.2151375,4812992.225239021,0.0,0.0,399.18,2.7,1
1791238587.4165044,4812992.426606067,0.0,0.0,399.18,2.7,1
1791238587.6178815,4812992.627983009,0.0,0.0,399.18,2.7,1
1791238587.8192427,4812992.829344429,0.0,0.0,399.19,2.7,1
1791238588.020629,4812993.03073085,0.0,1.2,399.19,2.7444,1
1791238588.2220242,4812993.232126177,0.0,0.0,399.19,2.7,1
1791238588.4234338,4812993.433535254,5.0,1.3,399.19,2.7481,1
1791238588.624762,4812993.634863966,0.0,0.0,399.19,2.7,1
1791238588.8261259,4812993.836227522,0.0,0.0,399.19,2.7,1
1791238589.0274935,4812994.037594829,0.0,0.0,399.19,2.7,1
1791238589.228882,4812994.238983541,0.0,6.3,399.19,2.9331,1
1791238589.430254,4812994.440355951,0.0,0.0,399.19,2.7,1
1791238589.632226,4812994.642328724,5.0,1.2,399.19,2.7444,1
1791238589.8343854,4812994.844487903,0.0,1.2,399.19,2.7444,1
1791238590.036513,4812995.046615415,0.0,1.3,399.19,2.7481,1
1791238590.238563,4812995.248665792,0.0,0.0,399.19,2.7,1
1791238590.4406137,4812995.450716013,0.0,0.0,399.19,2.7,1
1791238590.642857,4812995.652959931,4.9,1.3,399.19,2.7481,1
1791238590.8447316,4812995.854834267,0.0,0.0,399.19,2.7,1
1791238591.0469918,4812996.057094331,0.0,0.0,399.19,2.7,1
1791238591.249018,4812996.259120333,0.0,0.0,399.19,2.7,1
1791238591.451147,4812996.46124972,0.0,1.2,399.19,2.7444,1
1791238591.6531065,4812996.66320942,0.0,0.0,399.19,2.7,1
1791238591.855099,4812996.865201568,0.0,0.0,399.2,2.7,1
1791238592.0572574,4812997.067360383,4.9,1.3,399.2,2.7481,1
1791238592.2593932,4812997.26949628,4.9,1.2,399.2,2.7444,1
1791238592.4614933,4812997.471595928,0.0,0.0,399.2,2.7,1
1791238592.6634836,4812997.673585992,0.0,0.0,399.2,2.7,1
1791238592.8655965,4812997.875699182,0.0,0.0,399.2,2.7,1
1791238593.067741,4812998.077843725,0.0,1.3,399.2,2.7481,1
1791238593.2697194,4812998.279822331,4.9,0.0,399.2,2.7,1
1791238593.4717503,4812998.481852968,0.0,0.0,399.2,2.7,1
1791238593.6738658,4812998.683968449,0.0,1.3,399.2,2.7481,1
1791238593.8759916,4812998.886094399,0.0,1.2,399.2,2.7444,1
1791238594.0781662,4812999.088268681,0.0,0.0,399.2,2.7,1
1791238594.280131,4812999.290233798,0.0,1.2,399.2,2.7444,1
1791238594.4822013,4812999.492304123,5.0,0.0,399.2,2.7,1
1791238594.6842055,4812999.694308041,0.0,0.0,399.2,2.7,1
1791238594.886176,4812999.896278627,0.0,0.0,399.2,2.7,1
1791238595.0882533,4813000.098355774,0.0,1.2,399.2,2.7444,1
1791238595.2903636,4813000.300466203,0.0,0.0,399.2,2.7,1
1791238595.4923925,4813000.502495121,0.0,17.5,399.2,3.3475,1
1791238595.6938136,4813000.703915344,5.0,10.1,399.21,3.0737,1
1791238595.8954422,4813000.905545149,5.0,8.7,399.21,3.0219,1
1791238596.0970614,4813001.107163339,0.0,16.7,399.21,3.3179,1
1791238596.298519,4813001.308620696,0.0,15.4,399.21,3.2698,1
1791238596.4997923,4813001.50989394,0.0,0.0,399.21,2.7,1
1791238596.7011714,4813001.711273068,0.0,2.4,399.21,2.7888,1
1791238596.9024289,4813001.912530531,0.0,0.0,399.21,2.7,1
1791238597.103771,4813002.113873097,0.0,1.3,399.21,2.7481,1
1791238597.3050005,4813002.31510233,0.0,0.0,399.21,2.7,1
1791238597.5064046,4813002.516506458,0.0,0.0,399.21,2.7,1
1791238597.707627,4813002.717728816,0.0,0.0,399.21,2.7,1
1791238597.9089582,4813002.91905982,0.0,0.0,399.21,2.7,1
1791238598.110348,4813003.120449938,0.0,1.2,399.21,2.7444,1
1791238598.3116732,4813003.321774952,0.0,0.0,399.21,2.7,1
1791238598.5129964,4813003.523098091,5.0,0.0,399.21,2.7,1
1791238598.714339,4813003.724440917,0.0,0.0,399.21,2.7,1
1791238598.9155128,4813003.925614682,0.0,0.0,399.21,2.7,1
1791238599.11687,4813004.126971466,0.0,0.0,399.21,2.7,1
1791238599.3182104,4813004.328311949,0.0,0.0,399.21,2.7,1
1791238599.519507,4813004.529608473,5.0,0.0,399.21,2.7,1
1791238599.7209127,4813004.731014112,0.0,0.0,399.21,2.7,1
1791238599.9221613,4813004.93226298,0.0,0.0,399.22,2.7,1
1791238600.123513,4813005.133614869,0.0,2.4,399.22,2.7888,1
1791238600.3248615,4813005.334963112,0.0,0.0,399.22,2.7,1
1791238600.5262556,4813005.536357813,0.0,0.0,399.22,2.7,1
1791238600.7283168,4813005.738419231,0.0,1.3,399.22,2.7481,1
1791238600.9305449,4813005.940647368,4.9,1.3,399.22,2.7481,1
1791238601.1326444,4813006.14274665,0.0,0.0,399.22,2.7,1
1791238601.3346868,4813006.344789318,0.0,0.0,399.22,2.7,1
1791238601.5368009,4813006.546902924,0.0,0.0,399.22,2.7,1
1791238601.7388258,4813006.748928144,4.9,1.2,399.22,2.7444,1
1791238601.9409173,4813006.951019614,0.0,1.3,399.22,2.7481,1
1791238602.143026,4813007.153128896,0.0,0.0,399.22,2.7,1
1791238602.3451293,4813007.35523172,0.0,0.0,399.22,2.7,1
1791238602.5473652,4813007.557475898,0.0,1.2,399.22,2.7444,1
1791238602.749465,4813007.759567837,0.0,0.0,399.22,2.7,1
1791238602.9516785,4813007.961781338,4.9,1.3,399.22,2.7481,1
1791238603.1536593,4813008.163762235,0.0,0.0,399.22,2.7,1
1791238603.355676,4813008.365778913,5.0,0.0,399.22,2.7,1
1791238603.557724,4813008.567826529,0.0,0.0,399.22,2.7,1
1791238603.7596722,4813008.769774666,0.0,0.0,399.22,2.7,1
1791238603.961789,4813008.971891761,0.0,1.2,399.22,2.7444,1
1791238604.163835,4813009.17393797,0.0,0.0,399.23,2.7,1
1791238604.3658283,4813009.375931159,5.0,0.0,399.23,2.7,1
1791238604.567827,4813009.577929556,0.0,0.0,399.23,2.7,1
1791238604.7697592,4813009.779861756,0.0,0.0,399.23,2.7,1
1791238604.9718797,4813009.981982288,0.0,2.5,399.23,2.7925,1
1791238605.174051,4813010.184153862,0.0,1.3,399.23,2.7481,1
1791238605.3760996,4813010.386202051,4.9,0.0,399.23,2.7,1
1791238605.578285,4813010.588387999,0.0,0.0,399.23,2.7,1
1791238605.7803736,4813010.7904765,0.0,1.3,399.23,2.7481,1
1791238605.9825575,4813010.99266047,0.0,1.2,399.23,2.7444,1
1791238606.1846533,4813011.194755689,0.0,1.2,399.23,2.7444,1
1791238606.3868525,4813011.396955232,4.9,0.0,399.23,2.7,1
1791238606.5882604,4813011.598361599,9.9,22.1,399.23,3.5177,1
1791238606.78962,4813011.799721821,14.9,10.0,399.23,3.07,1
1791238606.9913464,4813012.001448292,5.0,25.3,399.23,3.6361,1
1791238607.1927319,4813012.202833149,0.0,13.6,399.23,3.2032,1
1791238607.3941762,4813012.404278006,0.0,8.7,399.23,3.0219,1
1791238607.5955527,4813012.605654529,0.0,0.0,399.23,2.7,1
1791238607.7968473,4813012.806948762,5.0,0.0,399.23,2.7,1
1791238607.9982545,4813013.008356431,0.0,0.0,399.23,2.7,1
1791238608.1995797,4813013.209680976,0.0,1.2,399.23,2.7444,1
1791238608.400892,4813013.410993802,0.0,0.0,399.24,2.7,1
1791238608.6023133,4813013.612414908,0.0,1.2,399.24,2.7444,1
1791238608.803459,4813013.813560339,0.0,0.0,399.24,2.7,1
1791238609.004821,4813014.014922748,5.0,0.0,399.24,2.7,1
1791238609.2061882,4813014.216290105,0.0,0.0,399.24,2.7,1
1791238609.4074662,4813014.417567723,0.0,0.0,399.24,2.7,1
1791238609.6086612,4813014.618762684,0.0,0.0,399.24,2.7,1
1791238609.8100011,4813014.820102802,0.0,0.0,399.24,2.7,1
1791238610.0113745,4813015.021476409,0.0,1.2,399.24,2.7444,1
1791238610.2127588,4813015.222860276,0.0,7.6,399.24,2.9812,1
1791238610.414182,4813015.424283622,14.9,2.5,399.24,2.7925,1
1791238610.615467,4813015.625568792,5.0,1.2,399.24,2.7444,1
1791238610.8166275,4813015.826728806,0.0,0.0,399.24,2.7,1
1791238611.018064,4813016.028166058,0.0,1.2,399.24,2.7444,1
1791238611.2194204,4813016.229521905,0.0,0.0,399.24,2.7,1
1791238611.4207475,4813016.43084947,0.0,0.0,399.24,2.7,1
1791238611.6229386,4813016.633041304,0.0,1.3,399.24,2.7481,1
1791238611.8248556,4813016.834957721,0.0,0.0,399.24,2.7,1
1791238612.0270116,4813017.037114243,0.0,1.2,399.24,2.7444,1
1791238612.2290804,4813017.239182848,4.9,0.0,399.24,2.7,1
1791238612.431232,4813017.441334629,0.0,1.2,399.24,2.7444,1
1791238612.6333401,4813017.643442921,4.9,0.0,399.25,2.7,1
1791238612.8353362,4813017.845439079,0.0,1.2,399.25,2.7444,1
1791238613.0374806,4813018.047583256,0.0,0.0,399.25,2.7,1
1791238613.2395449,4813018.249647121,0.0,0.0,399.25,2.7,1
1791238613.4415207,4813018.45162307,0.0,0.0,399.25,2.7,1
1791238613.6436522,4813018.653754591,4.9,1.2,399.25,2.7444,1
1791238613.8457017,4813018.855804238,0.0,0.0,399.25,2.7,1
1791238614.0478458,4813019.057948572,0.0,1.3,399.25,2.7481,1
1791238614.2498114,4813019.259914104,0.0,0.0,399.25,2.7,1
1791238614.451926,4813019.462028646,0.0,1.2,399.25,2.7444,1
1791238614.6541343,4813019.664236677,4.9,0.0,399.25,2.7,1
1791238614.8560085,4813019.866110647,0.0,0.0,399.25,2.7,1
1791238615.058216,4813020.068318783,0.0,0.0,399.25,2.7,1
1791238615.260201,4813020.270303481,0.0,1.2,399.25,2.7444,1
1791238615.4623797,4813020.472482346,0.0,0.0,399.25,2.7,1
1791238615.66429,4813020.674392826,0.0,0.0,399.25,2.7,1
1791238615.8663578,4813020.876460077,0.0,0.0,399.25,2.7,1
1791238616.0684545,4813021.078557379,4.9,1.3,399.25,2.7481,1
1791238616.270636,4813021.280738692,4.9,1.2,399.25,2.7444,1
1791238616.4726872,4813021.482789848,0.0,0.0,399.25,2.7,1
1791238616.674877,4813021.684979963,0.0,0.0,399.25,2.7,1
1791238616.8768344,4813021.886936589,0.0,0.0,399.25,2.7,1
1791238617.0790987,4813022.089201287,0.0,2.5,399.25,2.7925,1
1791238617.2812257,4813022.291328172,4.9,0.0,399.25,2.7,1
1791238617.4841719,4813022.494275264,0.0,11.2,399.25,3.1144,1
1791238617.6856282,4813022.695730068,0.0,13.9,399.26,3.2143,1
1791238617.8870292,4813022.89713107,0.0,5.1,399.26,2.8887,1
1791238618.0884137,4813023.098515718,0.0,16.7,399.26,3.3179,1
1791238618.2897887,4813023.299890262,0.0,19.5,399.26,3.4215,1
1791238618.4911196,4813023.501221317,0.0,0.0,399.26,2.7,1
1791238618.6924257,4813023.702527684,0.0,0.0,399.26,2.7,1
1791238618.8935776,4813023.903678999,5.0,0.0,399.26,2.7,1
1791238619.0949905,4813024.105092137,0.0,1.2,399.26,2.7444,1
1791238619.2964225,4813024.306524128,0.0,0.0,399.26,2.7,1
1791238619.4977806,4813024.507882214,5.0,0.0,399.26,2.7,1
1791238619.698977,4813024.709078842,0.0,0.0,399.26,2.7,1
1791238619.9001544,4813024.910255782,0.0,0.0,399.26,2.7,1
1791238620.1015043,4813025.111605899,0.0,0.0,399.26,2.7,1
1791238620.3029268,4813025.313028776,0.0,1.2,399.26,2.7444,1
1791238620.5042167,4813025.514318111,0.0,0.0,399.26,2.7,1
1791238620.705565,4813025.715666666,0.0,0.0,399.26,2.7,1
1791238620.9067566,4813025.916858293,5.0,0.0,399.26,2.7,1
1791238621.108159,4813026.118260441,0.0,1.3,399.26,2.7481,1
1791238621.3094292,4813026.319530975,0.0,0.0,399.27,2.7,1
1791238621.510678,4813026.520779685,0.0,0.0,399.27,2.7,1
1791238621.712071,4813026.722172562,0.0,6.3,399.27,2.9331,1
1791238621.9134226,4813026.92352419,0.0,0.0,399.27,2.7,1
1791238622.114807,4813027.124908473,0.0,1.3,399.27,2.7481,1
1791238622.3161411,4813027.326242496,0.0,0.0,399.27,2.7,1
1791238622.5173776,4813027.527479227,0.0,0.0,399.27,2.7,1
1791238622.7194226,4813027.729525019,0.0,1.2,399.27,2.7444,1
1791238622.9214473,4813027.931549874,4.9,0.0,399.27,2.7,1
1791238623.123657,4813028.133759519,0.0,1.3,399.27,2.7481,1
1791238623.325671,4813028.335773905,0.0,0.0,399.27,2.7,1
1791238623.527807,4813028.537909384,0.0,1.2,399.27,2.7444,1
1791238623.7298832,4813028.739985644,0.0,0.0,399.27,2.7,1
1791238623.932012,4813028.942115082,0.0,1.2,399.27,2.7444,1
1791238624.1341903,4813029.144293112,4.9,0.0,399.27,2.7,1
1791238624.336126,4813029.346229061,4.9,0.0,399.27,2.7,1
1791238624.5381122,4813029.548214748,0.0,0.0,399.27,2.7,1
1791238624.7399917,4813029.750094186,0.0,0.0,399.27,2.7,1
1791238624.9421763,4813029.95227878,0.0,1.2,399.27,2.7444,1
1791238625.1442347,4813030.15433754,0.0,0.0,399.27,2.7,1
1791238625.3463113,4813030.356414425,0.0,0.0,399.27,2.7,1
1791238625.5482452,4813030.558347717,0.0,0.0,399.27,2.7,1
1791238625.7502394,4813030.760342207,0.0,1.2,399.27,2.7444,1
1791238625.9523447,4813030.962447061,0.0,1.2,399.27,2.7444,1
1791238626.1544607,4813031.164563373,4.9,0.0,399.27,2.7,1
1791238626.3564818,4813031.366584582,0.0,0.0,399.27,2.7,1
1791238626.558709,4813031.568812092,4.9,2.5,399.27,2.7925,1
1791238626.7607577,4813031.770860644,0.0,0.0,399.27,2.7,1
1791238626.9629278,4813031.973030445,0.0,1.2,399.27,2.7444,1
1791238627.1650877,4813032.175190403,0.0,0.0,399.28,2.7,1
1791238627.3671927,4813032.377295361,0.0,0.0,399.28,2.7,1
1791238627.5692697,4813032.579372298,4.9,0.0,399.28,2.7,1
1791238627.771221,4813032.781323351,0.0,0.0,399.28,2.7,1
1791238627.9733205,4813032.983422996,0.0,1.2,399.28,2.7444,1
1791238628.1754165,4813033.185526496,0.0,0.0,399.28,2.7,1
1791238628.3775194,4813033.387622287,4.9,0.0,399.28,2.7,1
1791238628.5800807,4813033.590185369,0.0,24.4,399.28,3.6028,1
1791238628.7815578,4813033.791659443,0.0,8.6,399.28,3.0182,1
1791238628.984656,4813033.994758513,0.0,18.8,399.28,3.3956,1
1791238629.1864517,4813034.19655368,0.0,18.8,399.28,3.3956,1
1791238629.387835,4813034.397937025,5.0,8.7,399.28,3.0219,1
1791238629.5892382,4813034.599340006,0.0,0.0,399.28,2.7,1
1791238629.7904906,4813034.80059231,0.0,0.0,399.28,2.7,1
1791238629.991882,4813035.001983624,0.0,1.3,399.28,2.7481,1
1791238630.193168,4813035.203269574,0.0,0.0,399.28,2.7,1
1791238630.394548,4813035.404649951,0.0,0.0,399.28,2.7,1
1791238630.5958743,4813035.605976369,0.0,1.2,399.29,2.7444,1
1791238630.797013,4813035.807114559,0.0,0.0,399.29,2.7,1
1791238630.998418,4813036.008519675,0.0,0.0,399.29,2.7,1
1791238631.1997085,4813036.209810312,0.0,0.0,399.29,2.7,1
1791238631.4010396,4813036.411141313,5.0,0.0,399.29,2.7,1
1791238631.6023102,4813036.612411846,0.0,1.2,399.29,2.7444,1
1791238631.8040638,4813036.814165764,24.8,75.9,399.29,5.5083,1
1791238632.0057876,4813037.015889785,9.9,29.5,399.29,3.7915,1
1791238632.2075956,4813037.217697452,24.8,7.6,399.29,2.9812,1
1791238632.4089699,4813037.419071214,14.9,3.8,399.29,2.8406,1
1791238632.6104271,4813037.620528882,0.0,0.0,399.29,2.7,1
1791238632.8117619,4813037.821863581,0.0,0.0,399.29,2.7,1
1791238633.0131092,4813038.023210937,5.0,1.2,399.29,2.7444,1
1791238633.2143931,4813038.224494699,0.0,0.0,399.29,2.7,1
1791238633.4157546,4813038.425856013,0.0,0.0,399.29,2.7,1
1791238633.6174922,4813038.627594253,0.0,0.0,399.29,2.7,1
1791238633.819594,4813038.829696502,5.0,1.3,399.29,2.7481,1
1791238634.021508,4813039.031610575,0.0,0.0,399.29,2.7,1
1791238634.223609,4813039.233711678,0.0,1.2,399.3,2.7444,1
1791238634.4256423,4813039.435744709,0.0,0.0,399.3,2.7,1
1791238634.6276834,4813039.637785917,0.0,0.0,399.3,2.7,1
1791238634.8295245,4813039.839626813,5.0,0.0,399.3,2.7,1
1791238635.031697,4813040.041799479,0.0,2.5,399.3,2.7925,1
1791238635.2337897,4813040.243892249,4.9,0.0,399.3,2.7,1
1791238635.4358532,4813040.445955904,0.0,0.0,399.3,2.7,1
1791238635.6380858,4813040.648188362,0.0,0.0,399.3,2.7,1
1791238635.8399193,4813040.850021757,0.0,0.0,399.3,2.7,1
1791238636.0421262,4813041.052228538,0.0,1.3,399.3,2.7481,1
1791238636.2441697,4813041.254272089,0.0,0.0,399.3,2.7,1
1791238636.4462183,4813041.456320745,5.0,0.0,399.3,2.7,1
1791238636.6481977,4813041.65830039,0.0,1.2,399.3,2.7444,1
1791238636.850192,4813041.860294671,0.0,0.0,399.3,2.7,1
1791238637.0522645,4813042.062367545,0.0,1.3,399.3,2.7481,1
1791238637.2544422,4813042.264544898,0.0,0.0,399.3,2.7,1
1791238637.4564774,4813042.46657996,4.9,0.0,399.3,2.7,1
1791238637.6584787,4813042.668581689,0.0,0.0,399.3,2.7,1
1791238637.8605187,4813042.870621282,0.0,0.0,399.3,2.7,1
1791238638.0626862,4813043.072789051,0.0,1.2,399.3,2.7444,1
1791238638.264704,4813043.27480677,0.0,0.0,399.3,2.7,1
1791238638.4667606,4813043.476863654,0.0,0.0,399.3,2.7,1
1791238638.6688652,4813043.678967466,4.9,0.0,399.3,2.7,1
1791238638.8708217,4813043.880924038,0.0,1.2,399.3,2.7444,1
1791238639.0729434,4813044.083046027,0.0,0.0,399.31,2.7,1
1791238639.275177,4813044.285280046,0.0,0.0,399.31,2.7,1
1791238639.4799397,4813044.490042288,4.9,3.7,399.31,2.8369,1
1791238639.6813436,4813044.691445216,0.0,19.0,390.21,3.403,1
1791238639.8827796,4813044.892881373,0.0,8.9,390.21,3.0293,1
1791238640.0841894,4813045.09429102,0.0,19.2,390.21,3.4104,1
1791238640.2856867,4813045.295788739,5.0,20.3,390.21,3.4511,1
1791238640.4871192,4813045.497220782,0.0,1.2,390.21,2.7444,1
1791238640.6884034,4813045.698504856,0.0,0.0,390.21,2.7,1
1791238640.8895478,4813045.899649191,0.0,0.0,390.21,2.7,1
1791238641.0909555,4813046.101057536,0.0,2.5,390.21,2.7925,1
1791238641.2922688,4813046.302370568,0.0,0.0,390.21,2.7,1
1791238641.493598,4813046.503699538,0.0,0.0,390.21,2.7,1
1791238641.6950257,4813046.705127309,0.0,0.0,390.21,2.7,1
1791238641.8964863,4813046.90658831,0.0,0.0,390.21,2.7,1
1791238642.0978363,4813047.107937697,0.0,0.0,390.21,2.7,1
1791238642.2992246,4813047.309326197,0.0,0.0,390.21,2.7,1
1791238642.5006113,4813047.510713084,5.0,0.0,390.21,2.7,1
1791238642.702049,4813047.712150907,0.0,0.0,390.21,2.7,1
1791238642.9032671,4813047.913368575,0.0,1.2,390.22,2.7444,1
1791238643.1046216,4813048.114723118,0.0,0.0,390.22,2.7,1
1791238643.305872,4813048.31597339,0.0,0.0,390.22,2.7,1
1791238643.5073113,4813048.517413245,0.0,1.2,390.22,2.7444,1
1791238643.7086532,4813048.718755339,0.0,0.0,390.22,2.7,1
1791238643.9099538,4813048.920056028,5.0,0.0,390.22,2.7,1
1791238644.1113183,4813049.121419789,0.0,0.0,390.22,2.7,1
1791238644.3127184,4813049.322820113,0.0,1.2,390.22,2.7444,1
1791238644.5140843,4813049.52418627,0.0,0.0,390.22,2.7,1
1791238644.7161913,4813049.726293831,5.0,0.0,390.22,2.7,1
1791238644.9181547,4813049.928257643,0.0,0.0,390.22,2.7,1
1791238645.1202414,4813050.130344475,0.0,1.3,390.22,2.7481,1
1791238645.3223655,4813050.33246813,0.0,0.0,390.22,2.7,1
1791238645.5243416,4813050.534444181,0.0,1.2,390.22,2.7444,1
1791238645.7263625,4813050.736464503,0.0,0.0,390.22,2.7,1
1791238645.9284232,4813050.938526022,0.0,0.0,390.22,2.7,1
1791238646.1305933,4813051.140695771,9.9,1.2,390.22,2.7444,1
1791238646.332584,4813051.342686666,0.0,0.0,390.22,2.7,1
1791238646.5346708,4813051.544773289,0.0,1.2,390.22,2.7444,1
1791238646.7367592,4813051.746861944,0.0,0.0,390.22,2.7,1
1791238646.9390364,4813051.949139192,0.0,1.2,390.23,2.7444,1
1791238647.1411438,4813052.151246337,0.0,1.3,390.23,2.7481,1
1791238647.3433747,4813052.353477439,0.0,1.2,390.23,2.7444,1
1791238647.5455358,4813052.555638438,4.9,0.0,390.23,2.7,1
1791238647.747663,4813052.757765843,0.0,0.0,390.23,2.7,1
1791238647.9497435,4813052.959846164,0.0,0.0,390.23,2.7,1
1791238648.1518364,4813053.161938777,0.0,0.0,390.23,2.7,1
1791238648.3538156,4813053.363918162,0.0,0.0,390.23,2.7,1
1791238648.5557957,4813053.565898327,0.0,0.0,390.23,2.7,1
1791238648.757747,4813053.767849743,5.0,0.0,390.23,2.7,1
1791238648.9598374,4813053.969940012,0.0,1.3,390.23,2.7481,1
1791238649.1617904,4813054.171893094,0.0,0.0,390.23,2.7,1
1791238649.363889,4813054.373991593,4.9,1.2,390.23,2.7444,1
1791238649.5657077,4813054.575810353,0.0,0.0,390.23,2.7,1
1791238649.7676754,4813054.777777653,0.0,0.0,390.23,2.7,1
1791238649.9697814,4813054.979884329,0.0,1.2,390.23,2.7444,1
1791238650.1718042,4813055.181906682,0.0,0.0,390.23,2.7,1
1791238650.3740268,4813055.384129503,0.0,0.0,390.23,2.7,1
1791238650.5762086,4813055.586311074,4.9,13.6,390.23,3.2032,1
1791238650.7776628,4813055.787764418,0.0,7.5,390.23,2.9775,1
1791238650.9797163,4813055.989818489,0.0,9.9,390.23,3.0663,1
1791238651.1811419,4813056.191243552,0.0,22.5,390.24,3.5325,1
1791238651.3836348,4813056.393736789,0.0,13.8,390.24,3.2106,1
1791238651.5850384,4813056.595139977,4.9,6.3,390.24,2.9331,1
1791238651.7863462,4813056.796448009,0.0,1.2,390.24,2.7444,1
1791238651.9876995,4813056.997800988,0.0,0.0,390.24,2.7,1
1791238652.1890428,4813057.199144176,5.0,0.0,390.24,2.7,1
1791238652.3904028,4813057.400504604,0.0,1.3,390.24,2.7481,1
1791238652.591794,4813057.601895969,0.0,1.2,390.24,2.7444,1
1791238652.7933142,4813057.803416239,19.9,5.0,390.24,2.885,1
1791238652.9949465,4813058.005048489,0.0,3.7,390.24,2.8369,1
1791238653.1963513,4813058.206453239,14.9,3.8,390.24,2.8406,1
1791238653.397704,4813058.407805698,0.0,0.0,390.24,2.7,1
1791238653.5991232,4813058.609224927,0.0,1.2,390.24,2.7444,1
1791238653.8004403,4813058.810541917,0.0,0.0,390.24,2.7,1
1791238654.001783,4813059.01188448,0.0,0.0,390.24,2.7,1
1791238654.203085,4813059.213186887,0.0,0.0,390.24,2.7,1
1791238654.4043505,4813059.414452471,0.0,0.0,390.24,2.7,1
1791238654.6057029,4813059.615804617,5.0,0.0,390.24,2.7,1
1791238654.807084,4813059.817186242,0.0,0.0,390.24,2.7,1
1791238655.008439,4813060.018541045,0.0,1.3,390.24,2.7481,1
1791238655.2096467,4813060.219748087,0.0,0.0,390.24,2.7,1
1791238655.4110467,4813060.421148358,0.0,0.0,390.24,2.7,1
1791238655.6129422,4813060.623044982,0.0,0.0,390.25,2.7,1
1791238655.81485,4813060.824952699,0.0,0.0,390.25,2.7,1
1791238656.016941,4813061.027043801,5.0,1.2,390.25,2.7444,1
1791238656.2191594,4813061.229261987,0.0,0.0,390.25,2.7,1
1791238656.421178,4813061.431280693,0.0,0.0,390.25,2.7,1
1791238656.62338,4813061.633482733,0.0,2.5,390.25,2.7925,1
1791238656.825201,4813061.835303211,4.9,0.0,390.25,2.7,1
1791238657.0273447,4813062.037447646,0.0,1.2,390.25,2.7444,1
1791238657.2294807,4813062.23958354,0.0,0.0,390.25,2.7,1
1791238657.4315867,4813062.441689486,4.9,1.2,390.25,2.7444,1
1791238657.633652,4813062.643754963,0.0,0.0,390.25,2.7,1
1791238657.8357015,4813062.845804243,0.0,1.2,390.25,2.7444,1
1791238658.0378172,4813063.047920397,0.0,0.0,390.25,2.7,1
1791238658.2400184,4813063.250121343,4.9,1.2,390.25,2.7444,1
1791238658.4421084,4813063.452211091,0.0,0.0,390.25,2.7,1
1791238658.6442165,4813063.654319276,0.0,0.0,390.25,2.7,1
1791238658.8461492,4813063.856251316,0.0,0.0,390.25,2.7,1
1791238659.0480604,4813064.058162784,4.9,2.5,390.25,2.7925,1
1791238659.250262,4813064.260364615,0.0,0.0,390.25,2.7,1
1791238659.4523425,4813064.462445196,0.0,0.0,390.25,2.7,1
1791238659.6546052,4813064.664707964,0.0,1.2,390.25,2.7444,1
1791238659.8564587,4813064.866561515,0.0,1.2,390.26,2.7444,1
1791238660.0586245,4813065.068727357,5.0,1.2,390.26,2.7444,1
1791238660.2607026,4813065.270812834,0.0,0.0,390.26,2.7,1
1791238660.4627647,4813065.472867321,0.0,0.0,390.26,2.7,1
1791238660.6647768,4813065.674879049,0.0,0.0,390.26,2.7,1
1791238660.8668203,4813065.876922807,0.0,0.0,390.26,2.7,1
1791238661.0689032,4813066.079005836,4.9,1.2,390.26,2.7444,1
1791238661.271015,4813066.281117772,0.0,0.0,390.26,2.7,1
1791238661.473175,4813066.483277519,0.0,2.4,390.26,2.7888,1
1791238661.675067,4813066.685169403,0.0,12.3,390.26,3.1551,1
1791238661.8799014,4813066.890003987,0.0,10.1,385.52,3.0737,1
1791238662.0813346,4813067.091436028,0.0,11.4,385.52,3.1218,1
1791238662.2828035,4813067.292905413,0.0,21.5,385.52,3.4955,1
1791238662.4844573,4813067.494559277,0.0,11.4,385.52,3.1218,1
1791238662.6858866,4813067.695988558,5.0,6.4,385.52,2.9368,1
1791238662.8873265,4813067.897428255,0.0,1.3,385.52,2.7481,1
1791238663.088684,4813068.098785609,0.0,1.2,385.52,2.7444,1
1791238663.290088,4813068.300189734,0.0,0.0,385.52,2.7,1
1791238663.4914222,4813068.501523755,0.0,0.0,385.52,2.7,1
1791238663.6926875,4813068.702789338,0.0,0.0,385.52,2.7,1
1791238663.8938856,4813068.903987526,5.0,0.0,385.52,2.7,1
1791238664.0953279,4813069.105429723,0.0,1.3,385.52,2.7481,1
1791238664.2966793,4813069.306780932,0.0,0.0,385.52,2.7,1
1791238664.4980347,4813069.50813615,0.0,0.0,385.52,2.7,1
1791238664.6992292,4813069.709330484,0.0,1.2,385.52,2.7444,1
1791238664.9004464,4813069.91054763,0.0,0.0,385.52,2.7,1
1791238665.1018083,4813070.111910296,0.0,0.0,385.52,2.7,1
1791238665.3030608,4813070.31316239,5.0,0.0,385.52,2.7,1
1791238665.504307,4813070.514408286,5.0,0.0,385.52,2.7,1
1791238665.7056632,4813070.715764962,0.0,0.0,385.52,2.7,1
1791238665.9070208,4813070.917122629,0.0,0.0,385.52,2.7,1
1791238666.108356,4813071.118457743,0.0,1.3,385.52,2.7481,1
1791238666.3096082,4813071.319709993,0.0,0.0,385.52,2.7,1
1791238666.5109634,4813071.521065107,0.0,0.0,385.53,2.7,1
1791238666.71223,4813071.722331472,0.0,0.0,385.53,2.7,1
1791238666.913394,4813071.923495493,0.0,0.0,385.53,2.7,1
1791238667.1155057,4813072.125608626,0.0,1.2,385.53,2.7444,1
1791238667.317503,4813072.327605613,0.0,0.0,385.53,2.7,1
1791238667.5196645,4813072.529767444,0.0,1.2,385.53,2.7444,1
1791238667.7216103,4813072.731712661,5.0,0.0,385.53,2.7,1
1791238667.923591,4813072.93369319,5.0,0.0,385.53,2.7,1
1791238668.1256545,4813073.135757312,0.0,0.0,385.53,2.7,1
1791238668.3277798,4813073.337882424,0.0,1.2,385.53,2.7444,1
1791238668.5297084,4813073.539811026,0.0,0.0,385.53,2.7,1
1791238668.731928,4813073.742030721,0.0,1.3,385.53,2.7481,1
1791238668.9365835,4813073.946686556,0.0,1.2,385.53,2.7444,1
1791238669.1387413,4813074.148844063,4.9,0.0,385.54,2.7,1
1791238669.340852,4813074.350954488,0.0,0.0,385.54,2.7,1
1791238669.542994,4813074.553096422,0.0,1.2,385.54,2.7444,1
1791238669.7449079,4813074.755010077,0.0,0.0,385.54,2.7,1
1791238669.9470518,4813074.957154511,5.0,1.2,385.54,2.7444,1
1791238670.149075,4813075.159177697,0.0,0.0,385.54,2.7,1
1791238670.3512352,4813075.36133786,0.0,0.0,385.54,2.7,1
1791238670.5533245,4813075.563427295,0.0,0.0,385.55,2.7,1
1791238670.7553873,4813075.765490064,0.0,1.2,385.55,2.7444,1
1791238670.9575202,4813075.96762278,4.9,1.3,385.55,2.7481,1
1791238671.1596859,4813076.169788464,0.0,0.0,385.55,2.7,1
1791238671.361719,4813076.371821076,0.0,0.0,385.55,2.7,1
1791238671.5638902,4813076.573992282,0.0,1.2,385.55,2.7444,1
1791238671.7660446,4813076.776147081,4.9,0.0,385.55,2.7,1
1791238671.9681427,4813076.978245422,0.0,1.3,385.55,2.7481,1
1791238672.1703305,4813077.180433346,0.0,1.2,385.55,2.7444,1
1791238672.372377,4813077.382479344,0.0,1.2,385.55,2.7444,1
1791238672.5746086,4813077.584711382,0.0,0.0,385.55,2.7,1
1791238672.7768896,4813077.786992587,0.0,18.5,385.55,3.3845,1
1791238672.9783604,4813077.98846218,4.9,11.2,385.55,3.1144,1
1791238673.1797352,4813078.189836929,0.0,4.9,385.55,2.8813,1
1791238673.3811128,4813078.391214543,0.0,18.2,385.55,3.3734,1
1791238673.5826035,4813078.59270549,0.0,22.2,385.55,3.5214,1
1791238673.7839627,4813078.794064354,0.0,0.0,385.55,2.7,1
1791238673.985341,4813078.995442697,0.0,0.0,385.55,2.7,1
1791238674.1867595,4813079.19686104,5.0,1.3,385.55,2.7481,1
1791238674.3881257,4813079.398227195,0.0,0.0,385.55,2.7,1
1791238674.5894947,4813079.599596111,0.0,0.0,385.55,2.7,1
1791238674.7907746,4813079.800876381,0.0,1.2,385.55,2.7444,1
1791238674.9921412,4813080.002242901,0.0,0.0,385.55,2.7,1
1791238675.1934705,4813080.203571974,0.0,0.0,385.55,2.7,1
1791238675.394875,4813080.404976775,0.0,1.2,385.55,2.7444,1
1791238675.5961084,4813080.606209597,0.0,0.0,385.55,2.7,1
1791238675.7972267,4813080.807328149,0.0,0.0,385.55,2.7,1
1791238675.998659,4813081.008764825,0.0,0.0,385.55,2.7,1
1791238676.1999488,4813081.210050095,5.0,0.0,385.55,2.7,1
1791238676.4012535,4813081.411355157,0.0,0.0,385.55,2.7,1
1791238676.6025293,4813081.61263074,0.0,1.2,385.55,2.7444,1
1791238676.803757,4813081.813858614,0.0,0.0,385.55,2.7,1
1791238677.005126,4813082.015227374,0.0,0.0,385.56,2.7,1
1791238677.2064528,4813082.216554206,0.0,1.2,385.56,2.7444,1
1791238677.4078074,4813082.417908695,0.0,0.0,385.56,2.7,1
1791238677.609185,4813082.619286465,0.0,0.0,385.56,2.7,1
1791238677.8103864,4813082.820488037,5.0,0.0,385.56,2.7,1
1791238678.0124376,4813083.022539972,0.0,0.0,385.56,2.7,1
1791238678.2144873,4813083.224589927,0.0,0.0,385.56,2.7,1
1791238678.4165826,4813083.426685299,4.9,0.0,385.56,2.7,1
1791238678.6202104,4813083.630313323,9.8,3.7,385.56,2.8369,1
1791238678.8218625,4813083.831964634,24.7,7.5,385.56,2.9775,1
1791238679.023829,4813084.033931465,5.0,1.3,385.56,2.7481,1
1791238679.2258942,4813084.235996316,0.0,0.0,385.56,2.7,1
1791238679.4280763,4813084.438178927,0.0,1.2,385.56,2.7444,1
1791238679.6302052,4813084.640307684,4.9,0.0,385.56,2.7,1
1791238679.832198,4813084.842300609,0.0,0.0,385.56,2.7,1
1791238680.0344062,4813085.044508793,0.0,1.3,385.56,2.7481,1
1791238680.2364383,4813085.246540831,0.0,0.0,385.56,2.7,1
1791238680.4386215,4813085.448724276,0.0,0.0,385.56,2.7,1
1791238680.6407156,4813085.650817877,0.0,0.0,385.56,2.7,1
1791238680.8426664,4813085.852769343,5.0,0.0,385.56,2.7,1
1791238681.0447342,4813086.054836902,0.0,1.2,385.56,2.7444,1
1791238681.2468913,4813086.256994201,0.0,0.0,385.57,2.7,1
1791238681.448868,4813086.458971084,0.0,0.0,385.57,2.7,1
1791238681.6509862,4813086.661088955,4.9,1.2,385.57,2.7444,1
1791238681.8528364,4813086.862938911,0.0,0.0,385.57,2.7,1
1791238682.0551097,4813087.06521272,0.0,0.0,385.57,2.7,1
1791238682.2571847,4813087.267287363,0.0,0.0,385.57,2.7,1
1791238682.4592876,4813087.469390495,4.9,1.2,385.57,2.7444,1
1791238682.6613429,4813087.671445606,0.0,0.0,385.57,2.7,1
1791238682.8634086,4813087.873511291,0.0,1.2,385.57,2.7444,1
1791238683.0655122,4813088.075614683,4.9,0.0,385.57,2.7,1
1791238683.2675896,4813088.277692555,0.0,0.0,385.57,2.7,1
1791238683.4696684,4813088.479770948,0.0,0.0,385.57,2.7,1
1791238683.671895,4813088.681997933,0.0,1.3,385.57,2.7481,1
1791238683.8741605,4813088.884263565,0.0,0.0,385.57,2.7,1
1791238684.0755808,4813089.085682897,0.0,19.2,382.32,3.4104,1
1791238684.2769659,4813089.287067854,0.0,0.0,381.07,2.7,1
1791238684.478441,4813089.488543071,5.0,6.2,381.07,2.9294,1
1791238684.6798227,4813089.689924643,0.0,0.0,381.07,2.7,1
1791238684.8811736,4813089.891275121,0.0,7.5,381.07,2.9775,1
1791238685.082623,4813090.092724609,0.0,19.0,381.07,3.403,1
1791238685.284003,4813090.294105034,0.0,22.2,381.07,3.5214,1
1791238685.4853694,4813090.495471085,0.0,0.0,381.08,2.7,1
1791238685.686774,4813090.696875625,0.0,0.0,381.08,2.7,1
1791238685.887935,4813090.89803652,5.0,0.0,381.08,2.7,1
1791238686.0892854,4813091.099387102,0.0,1.2,381.08,2.7444,1
1791238686.290655,4813091.300756747,0.0,0.0,381.08,2.7,1
1791238686.4919178,4813091.502019412,0.0,0.0,381.08,2.7,1
1791238686.6932929,4813091.703394734,0.0,0.0,381.08,2.7,1
1791238686.8945112,4813091.904613025,0.0,1.2,381.08,2.7444,1
1791238687.0958593,4813092.10596095,0.0,0.0,381.08,2.7,1
1791238687.297205,4813092.307306636,5.0,0.0,381.08,2.7,1
1791238687.4986007,4813092.508702635,0.0,1.2,381.08,2.7444,1
1791238687.6999567,4813092.710058894,0.0,0.0,381.08,2.7,1
1791238687.9012418,4813092.911343695,0.0,0.0,381.08,2.7,1
1791238688.102705,4813093.112806724,0.0,1.2,381.08,2.7444,1
1791238688.3039901,4813093.314091733,0.0,0.0,381.08,2.7,1
1791238688.5052788,4813093.515380545,0.0,0.0,381.08,2.7,1
1791238688.7067003,4813093.716801907,5.0,8.7,375.95,3.0219,1
1791238688.907882,4813093.917983792,0.0,0.0,375.95,2.7,1
1791238689.1100419,4813094.120144736,0.0,1.2,375.95,2.7444,1
1791238689.3121138,4813094.322215993,0.0,0.0,375.95,2.7,1
1791238689.5141773,4813094.524279958,0.0,0.0,375.95,2.7,1
1791238689.7163768,4813094.726479444,4.9,1.2,375.95,2.7444,1
1791238689.9185646,4813094.928667471,0.0,0.0,375.96,2.7,1
1791238690.1206958,4813095.130798415,0.0,1.3,375.96,2.7481,1
1791238690.3227823,4813095.332884829,4.9,0.0,375.96,2.7,1
1791238690.5247726,4813095.534875252,0.0,0.0,375.96,2.7,1
1791238690.7269294,4813095.737032186,0.0,0.0,375.96,2.7,1
1791238690.928811,4813095.938913391,0.0,0.0,375.96,2.7,1
1791238691.1309733,4813096.141076419,0.0,2.5,375.96,2.7925,1
1791238691.3329859,4813096.343088301,4.9,0.0,375.96,2.7,1
1791238691.5351262,4813096.545228828,0.0,0.0,375.96,2.7,1
1791238691.7370944,4813096.747196752,0.0,0.0,375.96,2.7,1
1791238691.9392996,4813096.949402123,0.0,0.0,375.96,2.7,1
1791238692.1413429,4813097.151445932,0.0,0.0,375.96,2.7,1
1791238692.3435383,4813097.353640834,0.0,1.2,375.96,2.7444,1
1791238692.545598,4813097.555700632,0.0,0.0,375.96,2.7,1
1791238692.7477522,4813097.757855222,4.9,0.0,375.96,2.7,1
1791238692.949836,4813097.959938666,0.0,1.3,375.96,2.7481,1
1791238693.151926,4813098.162028413,0.0,0.0,375.96,2.7,1
1791238693.3540077,4813098.364110242,0.0,0.0,375.96,2.7,1
1791238693.555942,4813098.566044676,4.9,1.2,375.96,2.7444,1
1791238693.7580235,4813098.768125933,0.0,0.0,375.96,2.7,1
1791238693.9599626,4813098.97006495,0.0,1.3,375.96,2.7481,1
1791238694.1621006,4813099.172203238,0.0,0.0,375.97,2.7,1
1791238694.3641334,4813099.374235953,0.0,0.0,375.97,2.7,1
1791238694.5661922,4813099.576294397,5.0,0.0,375.97,2.7,1
1791238694.7682216,4813099.77832404,0.0,1.2,375.97,2.7444,1
1791238694.9704244,4813099.980527015,0.0,0.0,375.97,2.7,1
1791238695.1725419,4813100.182644365,4.9,1.2,375.97,2.7444,1
1791238695.3747451,4813100.384847965,0.0,1.3,375.97,2.7481,1
1791238695.5761735,4813100.586275369,0.0,25.3,375.97,3.6361,1
1791238695.7775784,4813100.787679648,0.0,6.3,375.97,2.9331,1
1791238695.9793987,4813100.989500854,5.0,20.5,375.97,3.4585,1
1791238696.1807945,4813101.190896227,0.0,12.5,375.97,3.1625,1
1791238696.3822608,4813101.392362589,0.0,6.4,375.97,2.9368,1
1791238696.5835056,4813101.593607389,0.0,1.2,375.97,2.7444,1
1791238696.7846687,4813101.794770576,0.0,0.0,375.97,2.7,1
1791238696.9860919,4813101.996193605,0.0,0.0,375.97,2.7,1
1791238697.187353,4813102.197454551,0.0,1.2,375.97,2.7444,1
1791238697.388626,4813102.398727841,0.0,0.0,375.97,2.7,1
1791238697.5897517,4813102.599853371,0.0,0.0,375.97,2.7,1
1791238697.790994,4813102.801095776,0.0,0.0,375.97,2.7,1
1791238697.992453,4813103.002555055,5.0,1.2,375.98,2.7444,1
1791238698.1937373,4813103.203839334,0.0,0.0,375.98,2.7,1
1791238698.395037,4813103.405138718,0.0,0.0,375.98,2.7,1
1791238698.5964088,4813103.606510966,0.0,0.0,375.98,2.7,1
1791238698.797642,4813103.807743527,0.0,0.0,375.98,2.7,1
1791238698.9990416,4813104.009143535,0.0,1.2,375.98,2.7444,1
1791238699.2002525,4813104.210354065,5.0,0.0,375.98,2.7,1
1791238699.4015775,4813104.411679125,0.0,0.0,375.98,2.7,1
1791238699.6027992,4813104.612900697,0.0,0.0,375.98,2.7,1
1791238699.8040147,4813104.814116278,0.0,0.0,375.98,2.7,1
1791238700.0053754,4813105.015477485,0.0,1.3,375.98,2.7481,1
1791238700.2067556,4813105.216857337,0.0,0.0,375.98,2.7,1
1791238700.4080474,4813105.418148751,0.0,0.0,375.98,2.7,1
1791238700.609987,4813105.620089227,5.0,0.0,375.98,2.7,1
1791238700.8118715,4813105.821974234,0.0,0.0,375.98,2.7,1
1791238701.0140731,4813106.02417575,0.0,1.3,375.98,2.7481,1
1791238701.2160857,4813106.2261881,0.0,1.2,375.98,2.7444,1
1791238701.418193,4813106.428295659,0.0,0.0,375.98,2.7,1
1791238701.6199558,4813106.630058114,19.8,7.3,375.98,2.9701,1
1791238701.8223732,4813106.832475827,0.0,0.0,375.98,2.7,1
1791238702.0241797,4813107.034281928,24.7,6.3,375.98,2.9331,1
1791238702.2263288,4813107.236431413,0.0,0.0,375.98,2.7,1
1791238702.4284313,4813107.438533867,0.0,2.4,375.98,2.7888,1
1791238702.6306643,4813107.640767467,0.0,0.0,375.99,2.7,1
1791238702.832772,4813107.84287466,4.9,0.0,375.99,2.7,1
1791238703.0349457,4813108.045048729,0.0,1.2,375.99,2.7444,1
1791238703.2368808,4813108.246983423,0.0,0.0,375.99,2.7,1
1791238703.4390647,4813108.449167231,0.0,0.0,375.99,2.7,1
1791238703.6411448,4813108.651247237,4.9,0.0,375.99,2.7,1
1791238703.843121,4813108.853224014,0.0,1.2,375.99,2.7444,1
1791238704.0452213,4813109.055323864,0.0,0.0,375.99,2.7,1
1791238704.2473495,4813109.257452308,0.0,1.2,375.99,2.7444,1
1791238704.4493914,4813109.459494137,0.0,0.0,375.99,2.7,1
1791238704.6515627,4813109.661665445,4.9,0.0,375.99,2.7,1
1791238704.853485,4813109.863587587,0.0,0.0,375.99,2.7,1
1791238705.0556464,4813110.06574952,4.9,2.4,375.99,2.7888,1
1791238705.257671,4813110.267773745,0.0,0.0,375.99,2.7,1
1791238705.4597235,4813110.469826355,0.0,0.0,375.99,2.7,1
1791238705.661622,4813110.671724643,0.0,0.0,375.99,2.7,1
1791238705.8637664,4813110.873868607,0.0,0.0,375.99,2.7,1
1791238706.0658517,4813111.075953874,0.0,1.3,375.99,2.7481,1
1791238706.2680821,4813111.278184765,4.9,1.2,375.99,2.7444,1
1791238706.470484,4813111.480587009,0.0,16.5,375.99,3.3105,1
1791238706.6719186,4813111.682020142,4.9,12.2,375.99,3.1514,1
1791238706.8733258,4813111.883427598,0.0,3.8,375.99,2.8406,1
1791238707.0747817,4813112.0848837,0.0,20.3,376.0,3.4511,1
1791238707.2762356,4813112.286337405,0.0,20.0,376.0,3.44,1
1791238707.477621,4813112.487722934,0.0,1.3,376.0,2.7481,1
1791238707.6790762,4813112.689177733,0.0,0.0,376.0,2.7,1
1791238707.8802466,4813112.890348054,0.0,0.0,376.0,2.7,1
1791238708.081624,4813113.091725458,0.0,1.3,376.0,2.7481,1
1791238708.282999,4813113.293100518,0.0,1.2,376.0,2.7444,1
1791238708.4842103,4813113.494311881,0.0,0.0,376.0,2.7,1
1791238708.6854355,4813113.695537097,5.0,0.0,376.0,2.7,1
1791238708.8866158,4813113.896717575,0.0,0.0,376.0,2.7,1
1791238709.0879834,4813114.098084509,0.0,0.0,376.0,2.7,1
1791238709.289304,4813114.299405872,5.0,0.0,376.0,2.7,1
1791238709.4906232,4813114.500725203,0.0,0.0,376.0,2.7,1
1791238709.6918168,4813114.701918284,0.0,0.0,376.0,2.7,1
1791238709.8929963,4813114.903097719,0.0,0.0,376.0,2.7,1
1791238710.0944583,4813115.104560279,0.0,1.3,376.0,2.7481,1
1791238710.2957919,4813115.305893464,0.0,0.0,376.0,2.7,1
1791238710.4970815,4813115.50718316,0.0,0.0,376.0,2.7,1
1791238710.698517,4813115.708618688,5.0,1.2,376.0,2.7444,1
1791238710.899823,4813115.909924529,0.0,0.0,376.0,2.7,1
1791238711.1012309,4813116.11133261,0.0,0.0,376.0,2.7,1
1791238711.302599,4813116.312700743,0.0,0.0,376.01,2.7,1
1791238711.5041814,4813116.514284396,0.0,0.0,376.01,2.7,1
1791238711.7061872,4813116.716289871,0.0,0.0,376.01,2.7,1
1791238711.9080534,4813116.918156023,0.0,1.2,376.01,2.7444,1
1791238712.1102455,4813117.120348164,5.0,0.0,376.01,2.7,1
1791238712.3123302,4813117.322432909,0.0,1.2,376.01,2.7444,1
1791238712.5144243,4813117.524527081,0.0,0.0,376.01,2.7,1
1791238712.7163906,4813117.726493233,0.0,0.0,376.01,2.7,1
1791238712.9185026,4813117.928605322,0.0,0.0,376.01,2.7,1
1791238713.1205885,4813118.130691578,4.9,2.5,376.01,2.7925,1
1791238713.3227277,4813118.332830698,0.0,0.0,376.01,2.7,1
1791238713.524705,4813118.534807839,0.0,0.0,376.01,2.7,1
1791238713.7269804,4813118.737083365,0.0,1.3,376.01,2.7481,1
1791238713.9288957,4813118.938998319,0.0,0.0,376.01,2.7,1
1791238714.1311097,4813119.141212127,5.0,1.2,376.01,2.7444,1
1791238714.3330903,4813119.343192653,0.0,0.0,376.01,2.7,1
1791238714.5351586,4813119.545261461,0.0,0.0,376.01,2.7,1
1791238714.7371871,4813119.747289644,0.0,0.0,376.01,2.7,1
1791238714.939437,4813119.949539649,4.9,1.2,376.01,2.7444,1
1791238715.1414738,4813120.151576374,0.0,0.0,376.01,2.7,1
1791238715.343592,4813120.353694556,0.0,1.2,376.01,2.7444,1
1791238715.5457375,4813120.55584003,0.0,0.0,376.02,2.7,1
1791238715.7477238,4813120.757826495,0.0,0.0,376.02,2.7,1
1791238715.949873,4813120.959975302,0.0,1.3,376.02,2.7481,1
1791238716.1520417,4813121.162144214,0.0,0.0,376.02,2.7,1
1791238716.3541496,4813121.364252032,4.9,0.0,376.02,2.7,1
1791238716.5563033,4813121.566405787,0.0,1.3,376.02,2.7481,1
1791238716.7585266,4813121.768629178,0.0,2.4,376.02,2.7888,1
1791238716.9606338,4813121.970736527,0.0,0.0,376.02,2.7,1
1791238717.1627598,4813122.172862313,4.9,1.2,376.02,2.7444,1
1791238717.3648994,4813122.375002058,0.0,0.0,376.02,2.7,1
1791238717.5672233,4813122.577326126,4.9,12.7,376.02,3.1699,1
1791238717.7689154,4813122.779017851,0.0,17.3,376.02,3.3401,1
1791238717.9703968,4813122.980498587,0.0,12.7,376.02,3.1699,1
1791238718.171952,4813123.182054219,0.0,8.6,376.02,3.0182,1
1791238718.3736117,4813123.383714122,0.0,16.9,376.02,3.3253,1
1791238718.5750575,4813123.585159181,0.0,17.7,376.02,3.3549,1
1791238718.7763872,4813123.786489189,0.0,0.0,376.02,2.7,1
1791238718.977764,4813123.987865654,0.0,0.0,376.02,2.7,1
1791238719.1791573,4813124.189258839,0.0,1.3,376.02,2.7481,1
1791238719.3804967,4813124.390598221,0.0,0.0,376.02,2.7,1
1791238719.5818515,4813124.59195276,0.0,1.2,376.02,2.7444,1
1791238719.7832808,4813124.793382819,5.0,0.0,376.02,2.7,1
1791238719.9846752,4813124.994776889,0.0,1.2,376.03,2.7444,1
1791238720.1860547,4813125.196156323,0.0,0.0,376.03,2.7,1
1791238720.3873374,4813125.397439143,0.0,0.0,376.03,2.7,1
1791238720.5885262,4813125.598628058,0.0,0.0,376.03,2.7,1
1791238720.7898295,4813125.799931242,0.0,0.0,376.03,2.7,1
1791238720.9912143,4813126.001316302,5.0,1.3,376.03,2.7481,1
1791238721.1924734,4813126.202574643,0.0,0.0,376.03,2.7,1
1791238721.3937464,4813126.4038484,0.0,0.0,376.03,2.7,1
1791238721.595169,4813126.605270543,0.0,1.3,376.04,2.7481,1
1791238721.7963731,4813126.806474873,5.0,0.0,376.04,2.7,1
1791238721.997743,4813127.00784462,0.0,0.0,376.04,2.7,1
1791238722.199037,4813127.209138742,0.0,0.0,376.04,2.7,1
1791238722.400381,4813127.410482916,0.0,0.0,376.04,2.7,1
1791238722.601725,4813127.611826778,0.0,0.0,376.04,2.7,1
1791238722.8029687,4813127.813070587,0.0,1.2,376.04,2.7444,1
1791238723.0050569,4813128.015159291,0.0,1.3,376.04,2.7481,1
1791238723.207141,4813128.217243462,4.9,0.0,376.04,2.7,1
1791238723.409205,4813128.419307947,0.0,0.0,376.04,2.7,1
1791238723.611361,4813128.621463577,14.8,3.8,376.04,2.8406,1
1791238723.8134656,4813128.823567957,19.8,7.4,376.04,2.9738,1
1791238724.0156298,4813129.025732806,24.7,6.3,376.04,2.9331,1
1791238724.2177677,4813129.227870727,4.9,1.3,376.04,2.7481,1
1791238724.4197893,4813129.429892035,0.0,0.0,376.04,2.7,1
1791238724.6218014,4813129.631904332,0.0,0.0,376.04,2.7,1
1791238724.8239393,4813129.834041941,4.9,1.2,376.04,2.7444,1
1791238725.0261471,4813130.036249133,0.0,1.3,376.04,2.7481,1
1791238725.228161,4813130.23826367,0.0,0.0,376.04,2.7,1
1791238725.4302528,4813130.440355394,0.0,0.0,376.04,2.7,1
1791238725.632391,4813130.642493628,0.0,1.2,376.04,2.7444,1
1791238725.8344126,4813130.844514987,0.0,0.0,376.04,2.7,1
1791238726.0365694,4813131.046672075,0.0,0.0,376.04,2.7,1
1791238726.238818,4813131.248920934,4.9,1.2,376.04,2.7444,1
1791238726.4409096,4813131.451012189,4.9,0.0,376.04,2.7,1
1791238726.6430864,4813131.653189329,0.0,1.2,376.04,2.7444,1
1791238726.8449585,4813131.855061158,0.0,0.0,376.04,2.7,1
1791238727.0472026,4813132.057305173,0.0,1.3,376.04,2.7481,1
1791238727.2491329,4813132.259235491,0.0,0.0,376.04,2.7,1
1791238727.4512904,4813132.461392996,0.0,0.0,376.04,2.7,1
1791238727.6532354,4813132.66333821,0.0,0.0,376.04,2.7,1
1791238727.8553002,4813132.865402902,5.0,1.2,376.04,2.7444,1
1791238728.057474,4813133.067576344,0.0,0.0,376.04,2.7,1
1791238728.2596047,4813133.269707287,0.0,1.2,376.04,2.7444,1
1791238728.4616299,4813133.471732917,0.0,0.0,376.05,2.7,1
1791238728.6642358,4813133.67433917,0.0,1.3,376.05,2.7481,1
1791238728.865651,4813133.875752771,0.0,19.8,376.05,3.4326,1
1791238729.067062,4813134.077163767,5.0,7.5,376.05,2.9775,1
1791238729.2684429,4813134.278544764,0.0,2.5,376.05,2.7925,1
1791238729.4698946,4813134.479996593,0.0,16.7,376.05,3.3179,1
1791238729.6713407,4813134.681442381,0.0,19.2,376.05,3.4104,1
1791238729.8727148,4813134.882816555,5.0,0.0,376.05,2.7,1
1791238730.074167,4813135.084268645,0.0,1.2,376.05,2.7444,1
1791238730.2754622,4813135.28556386,0.0,1.2,376.05,2.7444,1
1791238730.4768157,4813135.486917253,0.0,0.0,376.05,2.7,1
1791238730.6782153,4813135.688317051,0.0,0.0,376.05,2.7,1
1791238730.8794231,4813135.889524611,0.0,1.2,376.05,2.7444,1
1791238731.0808043,4813136.090906128,0.0,1.3,376.05,2.7481,1
1791238731.282204,4813136.292305822,5.0,0.0,376.05,2.7,1
1791238731.4835808,4813136.493682704,0.0,0.0,376.05,2.7,1
1791238731.6849544,4813136.695055836,0.0,0.0,376.05,2.7,1
1791238731.8862667,4813136.896368186,0.0,0.0,376.05,2.7,1
1791238732.0876586,4813137.097760589,0.0,0.0,376.05,2.7,1
1791238732.2890167,4813137.299118669,0.0,0.0,376.05,2.7,1
1791238732.4904485,4813137.500550082,0.0,1.2,376.05,2.7444,1
1791238732.6917057,4813137.701807172,0.0,0.0,376.05,2.7,1
1791238732.8930507,4813137.903152075,0.0,0.0,376.05,2.7,1
1791238733.0944855,4813138.104587186,0.0,1.2,376.05,2.7444,1
1791238733.295796,4813138.305897401,5.0,0.0,376.05,2.7,1
1791238733.4970539,4813138.507155325,0.0,0.0,376.06,2.7,1
1791238733.6984677,4813138.708569602,0.0,0.0,376.06,2.7,1
1791238733.9003854,4813138.910487993,0.0,0.0,376.06,2.7,1
1791238734.1026433,4813139.112746278,0.0,2.5,376.06,2.7925,1
1791238734.3046892,4813139.314791856,4.9,1.2,376.06,2.7444,1
1791238734.5067637,4813139.516866496,0.0,0.0,376.06,2.7,1
1791238734.7088678,4813139.718970667,0.0,0.0,376.06,2.7,1
1791238734.910857,4813139.920960151,0.0,0.0,376.06,2.7,1
1791238735.1129386,4813140.123041146,0.0,1.2,376.06,2.7444,1
1791238735.3149767,4813140.325079432,4.9,0.0,376.06,2.7,1
1791238735.5170217,4813140.527124072,0.0,0.0,376.06,2.7,1
1791238735.719081,4813140.729183243,0.0,1.2,376.06,2.7444,1
1791238735.9210544,4813140.931156738,0.0,0.0,376.06,2.7,1
1791238736.1232574,4813141.133360023,0.0,0.0,376.06,2.7,1
1791238736.3252547,4813141.335357632,4.9,0.0,376.06,2.7,1
1791238736.5274122,4813141.537515137,0.0,1.2,376.06,2.7444,1
1791238736.7293792,4813141.739482016,0.0,0.0,376.06,2.7,1
1791238736.9314814,4813141.941584261,5.0,0.0,376.06,2.7,1
1791238737.1335812,4813142.143683953,0.0,1.3,376.07,2.7481,1
1791238737.3357685,4813142.345871301,0.0,1.2,376.07,2.7444,1
1791238737.5377195,4813142.547822243,0.0,0.0,376.07,2.7,1
1791238737.7398598,4813142.749962247,0.0,0.0,376.07,2.7,1
1791238737.9420595,4813142.952162095,4.9,0.0,376.07,2.7,1
1791238738.1442056,4813143.154308246,0.0,1.2,376.07,2.7444,1
1791238738.3463125,4813143.356414969,4.9,0.0,376.07,2.7,1
1791238738.5482683,4813143.558370442,0.0,1.2,376.07,2.7444,1
1791238738.7501185,4813143.760220604,0.0,22.8,376.07,3.5436,1
1791238738.9522135,4813143.962316337,0.0,3.7,376.07,2.8369,1
1791238739.1543608,4813144.164463581,0.0,0.0,376.07,2.7,1
1791238739.3563957,4813144.366498586,0.0,1.2,376.07,2.7444,1
1791238739.5586073,4813144.568710309,0.0,0.0,376.07,2.7,1
1791238739.7607217,4813144.770824063,4.9,0.0,376.07,2.7,1
1791238739.9626346,4813144.972736933,0.0,12.3,376.07,3.1551,1
1791238740.1645436,4813145.174646208,0.0,11.5,376.07,3.1255,1
1791238740.3660007,4813145.376102517,5.0,7.5,376.07,2.9775,1
1791238740.5675797,4813145.577681116,0.0,21.3,376.07,3.4881,1
1791238740.771415,4813145.78151747,0.0,12.5,376.07,3.1625,1
1791238740.9727933,4813145.98289456,0.0,10.3,376.07,3.0811,1
1791238741.1742022,4813146.184304097,0.0,0.0,376.07,2.7,1
1791238741.375549,4813146.385651135,0.0,1.2,376.08,2.7444,1
1791238741.5766726,4813146.586774267,0.0,0.0,376.08,2.7,1
1791238741.778058,4813146.78815995,0.0,0.0,376.08,2.7,1
1791238741.979433,4813146.989534592,0.0,1.2,376.08,2.7444,1
1791238742.180743,4813147.19084439,0.0,0.0,376.08,2.7,1
1791238742.382064,4813147.392165595,5.0,0.0,376.08,2.7,1
1791238742.5832927,4813147.593394299,0.0,1.2,376.08,2.7444,1
1791238742.784557,4813147.794658733,0.0,0.0,376.08,2.7,1
1791238742.9859862,4813147.996087906,0.0,0.0,376.08,2.7,1
1791238743.187337,4813148.197438641,0.0,0.0,376.08,2.7,1
1791238743.3886626,4813148.398764429,0.0,1.2,376.08,2.7444,1
1791238743.590073,4813148.600174696,0.0,0.0,376.08,2.7,1
1791238743.7913115,4813148.801413244,5.0,0.0,376.08,2.7,1
1791238743.9926863,4813149.002788042,0.0,1.2,376.08,2.7444,1
1791238744.1940775,4813149.204179038,0.0,0.0,376.08,2.7,1
1791238744.3953266,4813149.405428263,0.0,0.0,376.08,2.7,1
1791238744.5964406,4813149.606542489,0.0,0.0,376.08,2.7,1
1791238744.7976065,4813149.807707808,0.0,0.0,376.08,2.7,1
1791238744.999067,4813150.009168908,9.9,3.7,376.08,2.8369,1
1791238745.2004554,4813150.210557039,0.0,0.0,376.08,2.7,1
1791238745.4021337,4813150.41223569,24.8,6.3,376.08,2.9331,1
1791238745.6042154,4813150.614317777,9.9,2.4,376.09,2.7888,1
1791238745.8062232,4813150.816326011,0.0,0.0,376.09,2.7,1
1791238746.0083175,4813151.01842013,0.0,1.2,376.09,2.7444,1
1791238746.2105124,4813151.220614977,0.0,0.0,376.09,2.7,1
1791238746.412565,4813151.42266769,0.0,0.0,376.09,2.7,1
1791238746.6147757,4813151.624878319,0.0,1.2,376.09,2.7444,1
1791238746.8168392,4813151.826942125,4.9,0.0,376.09,2.7,1
1791238747.0190256,4813152.029128327,0.0,1.2,376.09,2.7444,1
1791238747.2211509,4813152.231253747,0.0,1.2,376.09,2.7444,1
1791238747.4232965,4813152.433399168,0.0,0.0,376.09,2.7,1
1791238747.6251652,4813152.635267714,4.9,0.0,376.09,2.7,1
1791238747.8271458,4813152.8372485,0.0,0.0,376.09,2.7,1
1791238748.0292518,4813153.03935465,0.0,1.3,376.09,2.7481,1
1791238748.2313857,4813153.241488404,4.9,0.0,376.09,2.7,1
1791238748.4341269,4813153.444229239,0.0,0.0,376.09,2.7,1
1791238748.6361284,4813153.646231223,0.0,1.2,376.09,2.7444,1
1791238748.837876,4813153.847977946,0.0,7.6,376.09,2.9812,1
1791238749.0398526,4813154.04995493,5.0,2.5,376.09,2.7925,1
1791238749.2418578,4813154.251960299,0.0,0.0,376.09,2.7,1
1791238749.443953,4813154.454055824,0.0,0.0,376.09,2.7,1
1791238749.6461186,4813154.656220879,0.0,0.0,376.09,2.7,1
1791238749.8480942,4813154.858196925,0.0,1.2,376.1,2.7444,1
1791238750.0502985,4813155.060401044,4.9,1.3,376.1,2.7481,1
1791238750.252328,4813155.262430683,0.0,0.0,376.1,2.7,1
1791238750.4545515,4813155.464654333,0.0,3.8,376.1,2.8406,1
1791238750.6565435,4813155.666645795,0.0,0.0,376.1,2.7,1
1791238750.858728,4813155.868830643,0.0,1.2,376.1,2.7444,1
1791238751.060846,4813156.070948459,0.0,0.0,376.1,2.7,1
1791238751.2623503,4813156.272452319,0.0,22.2,376.1,3.5214,1
1791238751.4637432,4813156.473845241,0.0,8.6,376.1,3.0182,1
1791238751.6651118,4813156.675213633,0.0,10.5,376.1,3.0885,1
1791238751.8667417,4813156.876843794,5.0,15.2,376.1,3.2624,1
1791238752.0681443,4813157.078246091,0.0,12.7,376.1,3.1699,1
1791238752.2695348,4813157.279636149,0.0,0.0,376.1,2.7,1
1791238752.4709837,4813157.481084957,0.0,1.2,376.11,2.7444,1
1791238752.6723437,4813157.682445484,0.0,0.0,376.11,2.7,1
1791238752.8735704,4813157.883672105,0.0,0.0,376.11,2.7,1
1791238753.0750067,4813158.08510836,5.0,1.2,376.11,2.7444,1
1791238753.2762995,4813158.286401335,0.0,0.0,376.11,2.7,1
1791238753.4775178,4813158.487619414,0.0,0.0,376.11,2.7,1
1791238753.6787581,4813158.688859785,0.0,0.0,376.11,2.7,1
1791238753.8799372,4813158.890039062,0.0,0.0,376.11,2.7,1
1791238754.0813367,4813159.091438599,0.0,1.3,376.11,2.7481,1
1791238754.282726,4813159.292827824,0.0,1.2,376.11,2.7444,1
1791238754.4839532,4813159.49405507,0.0,0.0,376.11,2.7,1
1791238754.6852703,4813159.695371794,5.0,0.0,376.11,2.7,1
1791238754.8865144,4813159.896616123,0.0,0.0,376.11,2.7,1
1791238755.0878842,4813160.097985921,5.0,0.0,376.11,2.7,1
1791238755.2891793,4813160.299281187,0.0,0.0,376.11,2.7,1
1791238755.4905596,4813160.500661297,0.0,1.2,376.11,2.7444,1
1791238755.6919196,4813160.702021147,0.0,0.0,376.11,2.7,1
1791238755.8931022,4813160.903203653,0.0,0.0,376.11,2.7,1
1791238756.0945196,4813161.104621523,0.0,1.3,376.11,2.7481,1
1791238756.2966015,4813161.306704183,0.0,0.0,376.11,2.7,1
1791238756.4986322,4813161.508734812,5.0,0.0,376.11,2.7,1
1791238756.7005904,4813161.710692993,0.0,0.0,376.11,2.7,1
1791238756.9025426,4813161.91264508,0.0,0.0,376.11,2.7,1
1791238757.1047187,4813162.114821334,0.0,0.0,376.12,2.7,1
1791238757.3067856,4813162.316888317,0.0,0.0,376.12,2.7,1
1791238757.5087767,4813162.518879206,0.0,0.0,376.12,2.7,1
1791238757.7108698,4813162.720972439,0.0,1.2,376.12,2.7444,1
1791238757.9128878,4813162.922990411,0.0,0.0,376.12,2.7,1
1791238758.1150281,4813163.125130988,4.9,1.2,376.12,2.7444,1
1791238758.3171134,4813163.327215939,0.0,0.0,376.12,2.7,1
1791238758.5191329,4813163.529235631,0.0,0.0,376.12,2.7,1
1791238758.7212365,4813163.731339332,0.0,1.2,376.12,2.7444,1
1791238758.9231722,4813163.933274909,0.0,1.2,376.12,2.7444,1
1791238759.1252851,4813164.135387673,5.0,0.0,376.12,2.7,1
1791238759.3273928,4813164.337495437,0.0,1.2,376.12,2.7444,1
1791238759.5294387,4813164.539541482,4.9,0.0,376.12,2.7,1
1791238759.731421,4813164.741523205,0.0,0.0,376.12,2.7,1
1791238759.9336903,4813164.943793416,0.0,0.0,376.12,2.7,1
1791238760.1359258,4813165.146028471,0.0,0.0,376.12,2.7,1
1791238760.3381066,4813165.348209256,4.9,0.0,376.12,2.7,1
1791238760.5400474,4813165.550157749,0.0,1.2,376.12,2.7444,1
1791238760.7421825,4813165.752285409,0.0,0.0,376.12,2.7,1
1791238760.9443102,4813165.954413016,0.0,1.2,376.13,2.7444,1
1791238761.1465092,4813166.156611509,0.0,1.3,376.13,2.7481,1
1791238761.348565,4813166.358667659,0.0,0.0,376.13,2.7,1
1791238761.5506885,4813166.560791151,0.0,0.0,376.13,2.7,1
1791238761.7527792,4813166.762882249,4.9,1.2,376.13,2.7444,1
1791238761.9549572,4813166.965060273,0.0,1.2,376.13,2.7444,1
1791238762.1596878,4813167.169789956,0.0,11.0,376.13,3.107,1
1791238762.3611164,4813167.371217618,0.0,12.7,376.13,3.1699,1
1791238762.562585,4813167.572686842,0.0,7.5,376.13,2.9775,1
1791238762.76399,4813167.77409143,5.0,19.2,376.13,3.4104,1
1791238762.970264,4813167.980366526,0.0,18.8,376.13,3.3956,1
1791238763.1716652,4813168.181766584,0.0,4.8,376.13,2.8776,1
1791238763.3729653,4813168.383066485,0.0,0.0,376.13,2.7,1
1791238763.5743458,4813168.58444748,0.0,0.0,376.13,2.7,1
1791238763.775646,4813168.785747746,0.0,0.0,376.13,2.7,1
1791238763.9770036,4813168.987105095,5.0,1.3,376.13,2.7481,1
1791238764.178367,4813169.188468798,0.0,0.0,376.13,2.7,1
1791238764.379648,4813169.389749846,0.0,0.0,376.13,2.7,1
1791238764.581001,4813169.591102976,5.0,0.0,376.13,2.7,1
1791238764.7823954,4813169.792497304,0.0,0.0,376.13,2.7,1
1791238764.9837935,4813169.993895122,0.0,1.2,376.14,2.7444,1
1791238765.1850176,4813170.195119242,0.0,0.0,376.14,2.7,1
1791238765.386351,4813170.396453102,0.0,1.2,376.14,2.7444,1
1791238765.5875576,4813170.59765941,0.0,0.0,376.14,2.7,1
1791238765.788737,4813170.798838478,0.0,0.0,376.14,2.7,1
1791238765.9901803,4813171.000282233,0.0,0.0,376.14,2.7,1
1791238766.1914234,4813171.201524999,0.0,0.0,376.14,2.7,1
1791238766.3926969,4813171.402798546,0.0,0.0,376.14,2.7,1
1791238766.5940616,4813171.604162823,0.0,0.0,376.14,2.7,1
1791238766.7953534,4813171.805455172,0.0,0.0,376.14,2.7,1
1791238766.9967332,4813172.006834708,0.0,1.3,376.14,2.7481,1
1791238767.1981478,4813172.208249245,5.0,0.0,376.14,2.7,1
1791238767.4001908,4813172.410293415,5.0,1.2,376.14,2.7444,1
1791238767.6023397,4813172.612442428,0.0,0.0,376.14,2.7,1
1791238767.8044338,4813172.81453691,0.0,1.2,376.14,2.7444,1
1791238768.0066113,4813173.016714257,0.0,0.0,376.14,2.7,1
1791238768.208627,4813173.218729208,0.0,0.0,376.14,2.7,1
1791238768.4107523,4813173.420855045,0.0,1.2,376.14,2.7444,1
1791238768.6132164,4813173.623319318,9.9,2.5,376.14,2.7925,1
1791238768.8338985,4813173.844050362,29.6,9.1,376.14,3.0367,1
1791238769.0358415,4813174.04594396,31.7,6.2,376.14,2.9294,1
1791238769.238039,4813174.248141775,0.0,0.0,376.14,2.7,1
1791238769.4400632,4813174.450165997,0.0,0.0,376.14,2.7,1
1791238769.6421404,4813174.65224251,0.0,0.0,376.14,2.7,1
1791238769.844143,4813174.854245014,4.9,1.3,376.14,2.7481,1
1791238770.0463452,4813175.056448298,0.0,1.3,376.14,2.7481,1
1791238770.2483315,4813175.25843377,0.0,1.2,376.14,2.7444,1
1791238770.4504974,4813175.460600127,0.0,0.0,376.14,2.7,1
1791238770.652583,4813175.662685182,0.0,1.2,376.14,2.7444,1
1791238770.8547328,4813175.864835341,0.0,0.0,376.14,2.7,1
1791238771.0567994,4813176.066901803,0.0,0.0,376.14,2.7,1
1791238771.2588356,4813176.268937795,0.0,1.2,376.14,2.7444,1
1791238771.4608924,4813176.471003319,4.9,0.0,376.15,2.7,1
1791238771.6628213,4813176.672924365,0.0,0.0,376.15,2.7,1
1791238771.8647604,4813176.874863326,0.0,1.2,376.15,2.7444,1
1791238772.0669155,4813177.077018225,0.0,0.0,376.15,2.7,1
1791238772.2689211,4813177.279023541,4.9,0.0,376.15,2.7,1
1791238772.4710338,4813177.48113646,0.0,0.0,376.15,2.7,1
1791238772.6729405,4813177.68304313,0.0,0.0,376.15,2.7,1
1791238772.8749962,4813177.885099071,5.0,1.2,376.15,2.7444,1
1791238773.077113,4813178.087215636,0.0,2.5,376.16,2.7925,1
1791238773.2793703,4813178.289472983,0.0,3.7,376.16,2.8369,1
1791238773.480787,4813178.490888612,0.0,16.5,376.16,3.3105,1
1791238773.6822321,4813178.69233393,5.0,7.5,376.16,2.9775,1
1791238773.8836164,4813178.89371831,0.0,20.5,376.16,3.4585,1
1791238774.084988,4813179.095090085,0.0,11.5,376.16,3.1255,1
1791238774.2865033,4813179.296605559,0.0,9.9,376.16,3.0663,1
1791238774.4878066,4813179.497908168,0.0,0.0,376.16,2.7,1
1791238774.689131,4813179.699232913,0.0,0.0,376.16,2.7,1
1791238774.8903775,4813179.900479064,0.0,0.0,376.16,2.7,1
1791238775.0917482,4813180.101849954,0.0,1.3,376.16,2.7481,1
1791238775.2930138,4813180.303115584,0.0,0.0,376.16,2.7,1
1791238775.4944007,4813180.504502516,0.0,0.0,376.16,2.7,1
1791238775.6956198,4813180.705721636,5.0,0.0,376.16,2.7,1
1791238775.8969345,4813180.907036485,0.0,0.0,376.16,2.7,1
1791238776.0983698,4813181.108471854,0.0,1.3,376.16,2.7481,1
1791238776.2996917,4813181.309793786,0.0,0.0,376.16,2.7,1
1791238776.500941,4813181.511042698,0.0,0.0,376.16,2.7,1
1791238776.7023706,4813181.712472286,0.0,0.0,376.16,2.7,1
1791238776.903591,4813181.913692291,0.0,0.0,376.16,2.7,1
1791238777.1049554,4813182.115057244,0.0,1.2,376.16,2.7444,1
1791238777.3063524,4813182.316454488,5.0,0.0,376.16,2.7,1
1791238777.5076911,4813182.51779293,0.0,0.0,376.16,2.7,1
1791238777.7089124,4813182.719014029,0.0,0.0,376.16,2.7,1
1791238777.910229,4813182.920330857,0.0,0.0,376.16,2.7,1
1791238778.1116135,4813183.121714872,0.0,2.4,376.16,2.7888,1
1791238778.3129246,4813183.323026127,5.0,0.0,376.16,2.7,1
1791238778.5150003,4813183.525103005,0.0,0.0,376.16,2.7,1
1791238778.7170465,4813183.727148841,0.0,0.0,376.16,2.7,1
1791238778.9190583,4813183.929161136,5.0,1.2,376.16,2.7444,1
1791238779.1211507,4813184.131253274,0.0,1.3,376.16,2.7481,1
1791238779.3232586,4813184.333361245,0.0,0.0,376.16,2.7,1
1791238779.5253196,4813184.535422654,0.0,0.0,376.16,2.7,1
1791238779.7275567,4813184.737659375,0.0,0.0,376.16,2.7,1
1791238779.9294856,4813184.939588233,0.0,0.0,376.17,2.7,1
1791238780.13167,4813185.141772245,0.0,2.4,376.17,2.7888,1
1791238780.33369,4813185.343792404,0.0,0.0,376.17,2.7,1
1791238780.5358686,4813185.545971365,4.9,1.3,376.17,2.7481,1
1791238780.7380912,4813185.748193815,0.0,0.0,376.17,2.7,1
1791238780.940226,4813185.950329026,0.0,1.2,376.17,2.7444,1
1791238781.14232,4813186.152422623,0.0,0.0,376.17,2.7,1
1791238781.3443327,4813186.354435542,4.9,0.0,376.17,2.7,1
1791238781.5464084,4813186.556511274,0.0,0.0,376.17,2.7,1
1791238781.7484093,4813186.758512162,0.0,1.2,376.17,2.7444,1
1791238781.950592,4813186.960694873,0.0,0.0,376.17,2.7,1
1791238782.152681,4813187.162783938,4.9,0.0,376.17,2.7,1
1791238782.3548372,4813187.364940034,0.0,0.0,376.17,2.7,1
1791238782.5568027,4813187.566905454,0.0,0.0,376.17,2.7,1
1791238782.759014,4813187.769116654,0.0,1.2,376.17,2.7444,1
1791238782.9611278,4813187.971230458,4.9,1.3,376.17,2.7481,1
1791238783.1633022,4813188.173404836,0.0,2.5,376.17,2.7925,1
1791238783.3653567,4813188.375459526,0.0,0.0,376.17,2.7,1
1791238783.5674136,4813188.577516403,5.0,0.0,376.17,2.7,1
1791238783.769389,4813188.779491667,0.0,0.0,376.17,2.7,1
1791238783.9715562,4813188.981659065,0.0,1.2,376.17,2.7444,1
1791238784.173699,4813189.183801567,0.0,1.2,376.18,2.7444,1
1791238784.3759954,4813189.3860986,0.0,11.2,376.18,3.1144,1
1791238784.5775063,4813189.587607771,0.0,13.9,376.18,3.2143,1
1791238784.7789505,4813189.78905215,0.0,3.8,376.18,2.8406,1
1791238784.9807405,4813189.990842414,0.0,17.9,376.18,3.3623,1
1791238785.1821995,4813190.192301429,5.0,19.2,376.18,3.4104,1
1791238785.3835177,4813190.39361935,0.0,0.0,376.18,2.7,1
1791238785.5849173,4813190.595018625,5.0,0.0,376.18,2.7,1
1791238785.7863028,4813190.796404359,0.0,0.0,376.18,2.7,1
1791238785.987658,4813190.997759884,0.0,1.2,376.18,2.7444,1
1791238786.1890066,4813191.199108066,0.0,0.0,376.18,2.7,1
1791238786.3903677,4813191.400469632,0.0,1.2,376.18,2.7444,1
1791238786.591671,4813191.601772606,0.0,0.0,376.18,2.7,1
1791238786.7928305,4813191.802932142,0.0,0.0,376.18,2.7,1
1791238786.9942346,4813192.004336626,0.0,0.0,376.18,2.7,1
1791238787.1954634,4813192.20556486,0.0,1.2,376.18,2.7444,1
1791238787.396793,4813192.406894447,0.0,0.0,376.18,2.7,1
1791238787.597981,4813192.608082421,0.0,0.0,376.18,2.7,1
1791238787.7991593,4813192.809260655,0.0,0.0,376.18,2.7,1
1791238788.0005074,4813193.010608993,0.0,0.0,376.18,2.7,1
1791238788.201793,4813193.211894675,0.0,0.0,376.18,2.7,1
1791238788.4030879,4813193.413189783,9.9,0.0,376.18,2.7,1
1791238788.6044521,4813193.614553694,0.0,0.0,376.19,2.7,1
1791238788.8056884,4813193.815789949,0.0,0.0,376.19,2.7,1
1791238789.0070796,4813194.017181515,0.0,1.2,376.19,2.7444,1
1791238789.2083232,4813194.218425166,0.0,0.0,376.19,2.7,1
1791238789.4098606,4813194.419963243,0.0,0.0,376.19,2.7,1
1791238789.6118326,4813194.621934756,0.0,0.0,376.19,2.7,1
1791238789.8137217,4813194.82382429,5.0,0.0,376.19,2.7,1
1791238790.0158815,4813195.025984135,0.0,2.5,376.19,2.7925,1
1791238790.2178476,4813195.227950284,0.0,0.0,376.19,2.7,1
1791238790.42003,4813195.430132473,0.0,0.0,376.19,2.7,1
1791238790.6222234,4813195.632326121,0.0,0.0,376.19,2.7,1
1791238790.8242922,4813195.834394665,0.0,0.0,376.19,2.7,1
1791238791.0264904,4813196.036592948,0.0,1.3,376.19,2.7481,1
1791238791.2284958,4813196.238598055,0.0,1.2,376.19,2.7444,1
1791238791.4306736,4813196.44077613,4.9,0.0,376.19,2.7,1
1791238791.632792,4813196.642894621,4.9,0.0,376.19,2.7,1
1791238791.8347769,4813196.84487978,0.0,1.2,376.19,2.7444,1
1791238792.0369303,4813197.047032595,0.0,0.0,376.19,2.7,1
1791238792.2390835,4813197.249193794,0.0,2.4,376.19,2.7888,1
1791238792.4411573,4813197.451260203,0.0,0.0,376.19,2.7,1
1791238792.643191,4813197.653293799,0.0,0.0,376.2,2.7,1
1791238792.8452752,4813197.855377603,4.9,1.3,376.2,2.7481,1
1791238793.0474796,4813198.057582501,0.0,1.2,376.2,2.7444,1
1791238793.2494621,4813198.259565003,0.0,0.0,376.2,2.7,1
1791238793.4517734,4813198.461875994,14.8,37.2,376.2,4.0764,1
1791238793.6531816,4813198.663283186,14.8,7.6,376.2,2.9812,1
1791238793.8545933,4813198.864695065,14.9,3.8,376.2,2.8406,1
1791238794.055983,4813199.066084444,0.0,1.2,376.2,2.7444,1
1791238794.2573104,4813199.267412417,0.0,0.0,376.2,2.7,1
1791238794.4587047,4813199.468806483,5.0,0.0,376.2,2.7,1
1791238794.6600819,4813199.67018331,0.0,0.0,376.2,2.7,1
1791238794.861261,4813199.871362013,0.0,0.0,376.2,2.7,1
1791238795.06269,4813200.072791808,0.0,0.0,376.2,2.7,1
1791238795.264143,4813200.274245354,5.0,6.2,376.2,2.9294,1
1791238795.4655282,4813200.475630045,0.0,12.8,376.2,3.1736,1
1791238795.6669557,4813200.677057549,0.0,4.9,376.2,2.8813,1
1791238795.86835,4813200.878451512,0.0,20.0,376.2,3.44,1
1791238796.0697107,4813201.079812349,0.0,18.4,376.2,3.3808,1
1791238796.2711189,4813201.281220322,5.0,1.2,376.2,2.7444,1
1791238796.4724345,4813201.482536263,0.0,0.0,376.2,2.7,1
1791238796.6737158,4813201.683817518,0.0,0.0,376.2,2.7,1
1791238796.8750744,4813201.885176115,0.0,0.0,376.2,2.7,1
1791238797.0764446,4813202.086551067,0.0,1.2,376.21,2.7444,1
1791238797.2778027,4813202.287904353,0.0,0.0,376.21,2.7,1
1791238797.479167,4813202.489268575,0.0,0.0,376.21,2.7,1
1791238797.6805415,4813202.690643215,5.0,1.2,376.21,2.7444,1
1791238797.8818007,4813202.891902021,0.0,0.0,376.21,2.7,1
1791238798.0831778,4813203.093279681,0.0,0.0,376.21,2.7,1
1791238798.2844205,4813203.294522238,0.0,0.0,376.21,2.7,1
1791238798.4857621,4813203.495863492,0.0,0.0,376.21,2.7,1
1791238798.6878147,4813203.697917348,0.0,1.2,376.21,2.7444,1
1791238798.8897426,4813203.899844954,0.0,0.0,376.21,2.7,1
1791238799.091836,4813204.101938706,0.0,1.2,376.21,2.7444,1
1791238799.2938166,4813204.303919177,0.0,0.0,376.21,2.7,1
1791238799.496026,4813204.506128762,4.9,0.0,376.21,2.7,1
1791238799.6978548,4813204.707956942,0.0,0.0,376.21,2.7,1
1791238799.8999534,4813204.910055902,0.0,1.2,376.21,2.7444,1
1791238800.1021187,4813205.112221112,0.0,0.0,376.21,2.7,1
1791238800.304168,4813205.314270697,0.0,0.0,376.21,2.7,1
1791238800.5063517,4813205.516454292,4.9,0.0,376.21,2.7,1
1791238800.7084887,4813205.718591325,0.0,1.3,376.21,2.7481,1
1791238800.910474,4813205.920576327,5.0,0.0,376.21,2.7,1
1791238801.112552,4813206.122654142,0.0,1.3,376.21,2.7481,1
1791238801.3147209,4813206.324823206,0.0,1.2,376.22,2.7444,1
1791238801.5167124,4813206.526814666,0.0,0.0,376.22,2.7,1
1791238801.7187066,4813206.728809251,0.0,0.0,376.22,2.7,1
1791238801.9205823,4813206.930684723,0.0,0.0,376.22,2.7,1
1791238802.1227694,4813207.132872016,5.0,1.3,376.22,2.7481,1
1791238802.3247974,4813207.334900038,0.0,0.0,376.22,2.7,1
1791238802.5268776,4813207.536980405,0.0,0.0,376.22,2.7,1
1791238802.7288828,4813207.738985355,0.0,0.0,376.22,2.7,1
1791238802.9309344,4813207.941037492,0.0,1.2,376.22,2.7444,1
1791238803.133038,4813208.143140775,0.0,1.3,376.22,2.7481,1
1791238803.3351433,4813208.345246141,0.0,0.0,376.22,2.7,1
1791238803.5372727,4813208.547375049,4.9,0.0,376.22,2.7,1
1791238803.7394335,4813208.7495363,0.0,0.0,376.22,2.7,1
1791238803.9415288,4813208.951631302,0.0,1.3,376.22,2.7481,1
1791238804.1436315,4813209.153734116,4.9,0.0,376.22,2.7,1
1791238804.3456519,4813209.355754483,0.0,0.0,376.22,2.7,1
1791238804.5477662,4813209.557868859,0.0,1.2,376.22,2.7444,1
1791238804.7497196,4813209.75982209,4.9,0.0,376.22,2.7,1
1791238804.95184,4813209.961942561,0.0,1.2,376.22,2.7444,1
1791238805.1537883,4813210.163891157,0.0,0.0,376.22,2.7,1
1791238805.3558364,4813210.365938867,0.0,0.0,376.22,2.7,1
1791238805.5581243,4813210.568226941,4.9,0.0,376.22,2.7,1
1791238805.7600248,4813210.770127411,0.0,0.0,376.23,2.7,1
1791238805.9621801,4813210.972283038,0.0,1.2,376.23,2.7444,1
1791238806.164288,4813211.174390435,0.0,0.0,376.23,2.7,1
1791238806.366142,4813211.37624424,4.9,20.0,376.23,3.44,1
1791238806.5682547,4813211.578357627,0.0,10.1,376.23,3.0737,1
1791238806.7696648,4813211.779765911,0.0,7.5,376.23,2.9775,1
1791238806.9713428,4813211.981444976,0.0,20.3,376.23,3.4511,1
1791238807.1727345,4813212.182836074,0.0,15.8,376.23,3.2846,1
1791238807.3741846,4813212.384286806,0.0,0.0,376.23,2.7,1
1791238807.5755107,4813212.585612383,0.0,1.2,376.23,2.7444,1
1791238807.7768245,4813212.786926189,0.0,0.0,376.23,2.7,1
1791238807.9782221,4813212.9883239,0.0,0.0,376.23,2.7,1
1791238808.1795776,4813213.189679164,0.0,1.2,376.23,2.7444,1
1791238808.38093,4813213.39103172,0.0,0.0,376.23,2.7,1
1791238808.5821311,4813213.59223261,0.0,0.0,376.23,2.7,1
1791238808.7835274,4813213.793629436,5.0,6.3,376.23,2.9331,1
1791238808.9848688,4813213.994970481,0.0,1.3,376.23,2.7481,1
1791238809.1863012,4813214.19640288,0.0,0.0,376.23,2.7,1
1791238809.3876247,4813214.397726738,0.0,1.2,376.23,2.7444,1
1791238809.5889769,4813214.599078877,0.0,0.0,376.23,2.7,1
1791238809.790412,4813214.800513828,5.0,0.0,376.23,2.7,1
1791238809.9918392,4813215.001940655,0.0,1.3,376.23,2.7481,1
1791238810.1931643,4813215.203266023,0.0,0.0,376.23,2.7,1
1791238810.3944917,4813215.404593787,0.0,0.0,376.23,2.7,1
1791238810.5957327,4813215.605834311,0.0,0.0,376.23,2.7,1
1791238810.7969537,4813215.807055253,0.0,0.0,376.23,2.7,1
1791238810.9983764,4813216.008478016,0.0,0.0,376.23,2.7,1
1791238811.1995618,4813216.209663281,0.0,0.0,376.24,2.7,1
1791238811.400894,4813216.410995732,5.0,0.0,376.24,2.7,1
1791238811.6028326,4813216.612935265,0.0,1.2,376.24,2.7444,1
1791238811.8047428,4813216.814845215,0.0,0.0,376.24,2.7,1
1791238812.006965,4813217.017067456,0.0,1.3,376.24,2.7481,1
1791238812.2089705,4813217.219073395,0.0,0.0,376.24,2.7,1
1791238812.4111917,4813217.421294229,4.9,0.0,376.24,2.7,1
1791238812.6132967,4813217.623398918,0.0,0.0,376.24,2.7,1
1791238812.8154068,4813217.825509648,0.0,1.2,376.24,2.7444,1
1791238813.0174768,4813218.027579493,4.9,0.0,376.24,2.7,1
1791238813.2194564,4813218.229559026,0.0,1.2,376.24,2.7444,1
1791238813.4215214,4813218.431631371,0.0,0.0,376.24,2.7,1
1791238813.6234965,4813218.633599185,0.0,0.0,376.24,2.7,1
1791238813.8253708,4813218.83547351,0.0,0.0,376.24,2.7,1
1791238814.0275507,4813219.037653772,5.0,1.2,376.24,2.7444,1
1791238814.2295897,4813219.239692367,0.0,0.0,376.25,2.7,1
1791238814.4316423,4813219.441744712,0.0,1.2,376.25,2.7444,1
1791238814.633634,4813219.643737005,0.0,0.0,376.25,2.7,1
1791238814.8356047,4813219.845707267,0.0,0.0,376.25,2.7,1
1791238815.0376904,4813220.047792633,0.0,0.0,376.25,2.7,1
1791238815.2396774,4813220.24978003,0.0,1.2,376.25,2.7444,1
1791238815.441753,4813220.45185524,5.0,0.0,376.25,2.7,1
1791238815.6438897,4813220.654000241,0.0,7.6,376.25,2.9812,1
1791238815.8479292,4813220.85803206,0.0,2.5,376.25,2.7925,1
1791238816.0501857,4813221.060288362,0.0,1.3,376.25,2.7481,1
1791238816.2522717,4813221.262374145,0.0,0.0,376.25,2.7,1
1791238816.4543855,4813221.464488521,9.9,0.0,376.25,2.7,1
1791238816.6563182,4813221.666420554,0.0,1.2,376.25,2.7444,1
1791238816.8583567,4813221.868458941,0.0,0.0,376.25,2.7,1
1791238817.0604477,4813222.070550608,0.0,0.0,376.25,2.7,1
1791238817.2626522,4813222.272754672,0.0,1.2,376.25,2.7444,1
1791238817.4643009,4813222.474402955,0.0,19.0,376.25,3.403,1
1791238817.6662502,4813222.676352853,0.0,8.9,376.25,3.0293,1
1791238817.868213,4813222.878315458,5.0,17.7,376.25,3.3549,1
1791238818.0697856,4813223.079888117,0.0,13.3,376.25,3.1921,1
1791238818.2712274,4813223.281329266,0.0,18.5,376.25,3.3845,1
1791238818.4725516,4813223.482653592,0.0,0.0,376.25,2.7,1
1791238818.6739788,4813223.684080522,5.0,0.0,376.25,2.7,1
1791238818.8752248,4813223.885326463,0.0,0.0,376.25,2.7,1
1791238819.0765786,4813224.086680425,0.0,1.2,376.25,2.7444,1
1791238819.2778347,4813224.287935949,0.0,1.2,376.25,2.7444,1
1791238819.4792159,4813224.489317358,19.9,5.1,376.25,2.8887,1
1791238819.6805553,4813224.690656736,14.9,4.9,376.25,2.8813,1
1791238819.8819654,4813224.89206726,0.0,0.0,376.25,2.7,1
1791238820.0833325,4813225.093434399,0.0,0.0,376.25,2.7,1
1791238820.2846935,4813225.294795235,0.0,1.2,376.26,2.7444,1
1791238820.4861426,4813225.496244717,0.0,0.0,376.26,2.7,1
1791238820.6873226,4813225.697424044,0.0,0.0,376.26,2.7,1
1791238820.8886948,4813225.898796703,5.0,0.0,376.26,2.7,1
1791238821.090144,4813226.10024556,0.0,1.3,376.26,2.7481,1
1791238821.2913918,4813226.301493376,0.0,0.0,376.26,2.7,1
1791238821.4927294,4813226.502831087,0.0,0.0,376.26,2.7,1
1791238821.6941779,4813226.70427958,0.0,0.0,376.26,2.7,1
1791238821.8953984,4813226.905499948,0.0,1.2,376.26,2.7444,1
1791238822.0967865,4813227.106888232,0.0,1.2,376.26,2.7444,1
1791238822.298157,4813227.308258704,5.0,0.0,376.26,2.7,1
1791238822.499466,4813227.509567665,0.0,0.0,376.26,2.7,1
1791238822.7007387,4813227.710840325,0.0,0.0,376.26,2.7,1
1791238822.9020767,4813227.912178505,0.0,0.0,376.26,2.7,1
1791238823.1041512,4813228.11425387,5.0,1.3,376.26,2.7481,1
1791238823.306195,4813228.316297621,0.0,0.0,376.26,2.7,1
1791238823.5082247,4813228.518327258,0.0,0.0,376.26,2.7,1
1791238823.7104053,4813228.720508456,0.0,0.0,376.26,2.7,1
1791238823.9124107,4813228.922513093,0.0,0.0,376.26,2.7,1
1791238824.1146603,4813229.124763302,0.0,1.3,376.27,2.7481,1
1791238824.3166964,4813229.326799084,4.9,0.0,376.27,2.7,1
1791238824.518733,4813229.528835752,0.0,1.2,376.27,2.7444,1
1791238824.7208326,4813229.730935284,4.9,0.0,376.27,2.7,1
1791238824.9229171,4813229.933019555,0.0,1.3,376.27,2.7481,1
1791238825.1249673,4813230.135070025,0.0,0.0,376.27,2.7,1
1791238825.3270366,4813230.337139245,0.0,0.0,376.27,2.7,1
1791238825.5290277,4813230.539129923,0.0,0.0,376.27,2.7,1
1791238825.7309463,4813230.741048726,5.0,1.2,376.27,2.7444,1
1791238825.933207,4813230.943310341,0.0,0.0,376.27,2.7,1
1791238826.1354048,4813231.145507738,0.0,0.0,376.27,2.7,1
1791238826.3374412,4813231.347543989,0.0,0.0,376.27,2.7,1
1791238826.5394342,4813231.549536802,0.0,1.2,376.27,2.7444,1
1791238826.7413945,4813231.751497064,0.0,0.0,376.27,2.7,1
1791238826.9436302,4813231.953732741,0.0,1.3,376.27,2.7481,1
1791238827.1457102,4813232.155812846,4.9,0.0,376.27,2.7,1
1791238827.3478446,4813232.35794717,4.9,0.0,376.27,2.7,1
1791238827.5498888,4813232.559991441,0.0,0.0,376.27,2.7,1
1791238827.7521064,4813232.762209098,0.0,0.0,376.27,2.7,1
1791238827.954263,4813232.964365974,0.0,1.3,376.27,2.7481,1
1791238828.156287,4813233.166389204,0.0,0.0,376.28,2.7,1
1791238828.3584924,4813233.368594673,0.0,0.0,376.28,2.7,1
1791238828.5599203,4813233.570022071,0.0,16.5,376.28,3.3105,1
1791238828.7612681,4813233.771370043,0.0,8.9,376.28,3.0293,1
1791238828.9627159,4813233.972817545,0.0,20.3,376.28,3.4511,1
1791238829.1640806,4813234.174182496,5.0,15.8,376.28,3.2846,1
1791238829.3654585,4813234.375560103,0.0,2.5,376.28,2.7925,1
1791238829.566776,4813234.576877918,0.0,1.2,376.28,2.7444,1
1791238829.767979,4813234.77808063,0.0,0.0,376.28,2.7,1
1791238829.969341,4813234.979442247,5.0,1.2,376.28,2.7444,1
1791238830.1707404,4813235.180842458,0.0,0.0,376.28,2.7,1
1791238830.3720872,4813235.382189023,0.0,0.0,376.28,2.7,1
1791238830.573399,4813235.583501005,0.0,0.0,376.28,2.7,1
1791238830.7748244,4813235.78492606,0.0,0.0,376.28,2.7,1
1791238830.9762034,4813235.986305177,0.0,1.2,376.28,2.7444,1
1791238831.1774328,4813236.187534815,5.0,0.0,376.28,2.7,1
1791238831.3788042,4813236.38890612,0.0,0.0,376.28,2.7,1
1791238831.5800443,4813236.590146175,0.0,0.0,376.28,2.7,1
1791238831.7812154,4813236.791317324,0.0,0.0,376.28,2.7,1
1791238831.9827366,4813236.992838524,0.0,0.0,376.29,2.7,1
1791238832.184013,4813237.194114621,0.0,0.0,376.29,2.7,1
1791238832.38533,4813237.395431759,0.0,0.0,376.29,2.7,1
1791238832.586541,4813237.596642543,0.0,1.2,376.29,2.7444,1
1791238832.787726,4813237.797827234,0.0,0.0,376.29,2.7,1
1791238832.9891138,4813237.999215726,0.0,0.0,376.29,2.7,1
1791238833.190542,4813238.200643854,5.0,2.5,376.29,2.7925,1
1791238833.3918579,4813238.401959742,0.0,0.0,376.29,2.7,1
1791238833.5940354,4813238.604137815,0.0,0.0,376.29,2.7,1
1791238833.79616,4813238.806262815,0.0,0.0,376.29,2.7,1
1791238833.998428,4813239.008531201,0.0,0.0,376.29,2.7,1
1791238834.2005174,4813239.210620107,0.0,1.2,376.29,2.7444,1
1791238834.4026988,4813239.41280167,0.0,1.2,376.29,2.7444,1
1791238834.6046598,4813239.614762504,4.9,0.0,376.29,2.7,1
1791238834.8066766,4813239.816778911,0.0,0.0,376.29,2.7,1
1791238835.0088222,4813240.018924901,0.0,0.0,376.29,2.7,1
1791238835.2107892,4813240.220891933,0.0,1.2,376.29,2.7444,1
1791238835.4128847,4813240.42298735,4.9,0.0,376.29,2.7,1
1791238835.6148965,4813240.624999538,0.0,0.0,376.29,2.7,1
1791238835.8168154,4813240.826917821,0.0,0.0,376.29,2.7,1
1791238836.0190384,4813241.029140946,0.0,1.3,376.29,2.7481,1
1791238836.2210374,4813241.231140165,4.9,0.0,376.29,2.7,1
1791238836.4232135,4813241.433316051,0.0,0.0,376.29,2.7,1
1791238836.6254506,4813241.635552978,0.0,1.3,376.29,2.7481,1
1791238836.8274415,4813241.837543551,0.0,1.3,376.29,2.7481,1
1791238837.0294042,4813242.039506313,5.0,2.6,376.3,2.7962,1
1791238837.231527,4813242.241629646,0.0,0.0,376.3,2.7,1
1791238837.433589,4813242.443691834,0.0,0.0,376.3,2.7,1
1791238837.6355298,4813242.645632304,0.0,1.2,376.3,2.7444,1
1791238837.8374856,4813242.847587981,0.0,0.0,376.3,2.7,1
1791238838.0397038,4813243.049806159,0.0,1.3,376.3,2.7481,1
1791238838.2417963,4813243.251899076,4.9,0.0,376.3,2.7,1
1791238838.443926,4813243.454028242,0.0,0.0,376.3,2.7,1
1791238838.6458888,4813243.655991524,0.0,0.0,376.3,2.7,1
1791238838.8480275,4813243.858130222,0.0,1.2,376.3,2.7444,1
1791238839.0502565,4813244.060359233,0.0,0.0,376.3,2.7,1
1791238839.25236,4813244.262462514,4.9,1.3,376.3,2.7481,1
1791238839.4545941,4813244.464696837,0.0,0.0,376.3,2.7,1
1791238839.6562374,4813244.666339026,0.0,21.3,376.3,3.4881,1
1791238839.8578856,4813244.867987621,0.0,7.7,376.3,2.9849,1
1791238840.061041,4813245.071143556,4.9,21.0,376.3,3.477,1
1791238840.2636688,4813245.273771263,19.7,26.0,376.3,3.662,1
1791238840.4650643,4813245.475166005,14.9,23.7,376.3,3.5769,1
1791238840.6664906,4813245.676592361,0.0,2.4,376.3,2.7888,1
1791238840.8678343,4813245.877936062,0.0,1.2,376.3,2.7444,1
1791238841.0692089,4813246.079310491,0.0,0.0,376.3,2.7,1
1791238841.2706103,4813246.28071216,0.0,0.0,376.3,2.7,1
1791238841.4719884,4813246.482090652,0.0,0.0,376.3,2.7,1
1791238841.6732666,4813246.683368258,0.0,0.0,376.3,2.7,1
1791238841.8745143,4813246.884615969,5.0,1.2,376.3,2.7444,1
1791238842.0758882,4813247.085989826,0.0,1.2,376.3,2.7444,1
1791238842.2772248,4813247.287326182,0.0,0.0,376.3,2.7,1
1791238842.4786637,4813247.488765611,0.0,0.0,376.3,2.7,1
1791238842.6800323,4813247.690133895,0.0,0.0,376.3,2.7,1
1791238842.8814003,4813247.891502022,0.0,1.2,376.3,2.7444,1
1791238843.0828512,4813248.092952753,0.0,0.0,376.3,2.7,1
1791238843.2840931,4813248.294194995,5.0,0.0,376.3,2.7,1
1791238843.485415,4813248.495516612,0.0,0.0,376.3,2.7,1
1791238843.6866412,4813248.696742708,0.0,1.2,376.3,2.7444,1
1791238843.8879106,4813248.898012451,0.0,0.0,376.31,2.7,1
1791238844.0892882,4813249.099389954,0.0,1.3,376.31,2.7481,1
1791238844.290668,4813249.300769832,0.0,1.2,376.31,2.7444,1
1791238844.4919558,4813249.502057315,0.0,0.0,376.31,2.7,1
1791238844.6930754,4813249.703176985,0.0,0.0,376.31,2.7,1
1791238844.8944013,4813249.904503322,5.0,0.0,376.31,2.7,1
1791238845.0957792,4813250.105880824,0.0,0.0,376.31,2.7,1
1791238845.2970417,4813250.307143461,0.0,0.0,376.31,2.7,1
1791238845.499111,4813250.509213857,0.0,1.2,376.31,2.7444,1
1791238845.7012386,4813250.711341127,0.0,0.0,376.31,2.7,1
1791238845.903253,4813250.913355533,0.0,1.2,376.31,2.7444,1
1791238846.1054254,4813251.115528168,4.9,0.0,376.32,2.7,1
1791238846.3075902,4813251.317692313,0.0,1.3,376.32,2.7481,1
1791238846.5096412,4813251.519743958,0.0,0.0,376.32,2.7,1
1791238846.7116745,4813251.72177727,4.9,0.0,376.32,2.7,1
1791238846.9136236,4813251.923726259,0.0,0.0,376.32,2.7,1
1791238847.1158,4813252.12590207,0.0,1.3,376.32,2.7481,1
1791238847.317671,4813252.327773559,0.0,0.0,376.32,2.7,1
1791238847.5197709,4813252.529873485,0.0,0.0,376.32,2.7,1
1791238847.7216985,4813252.731801068,5.0,0.0,376.32,2.7,1
1791238847.9237494,4813252.933852348,0.0,1.2,376.32,2.7444,1
1791238848.1258237,4813253.135926337,0.0,0.0,376.32,2.7,1
1791238848.327974,4813253.338076679,0.0,0.0,376.32,2.7,1
1791238848.5300722,4813253.540174782,0.0,0.0,376.33,2.7,1
1791238848.732002,4813253.742104656,4.9,2.5,376.33,2.7925,1
1791238848.9365335,4813253.946636816,0.0,0.0,376.33,2.7,1
1791238849.1387548,4813254.148857158,0.0,1.2,376.33,2.7444,1
1791238849.340773,4813254.350875782,0.0,1.2,376.33,2.7444,1
1791238849.5428834,4813254.552986019,4.9,0.0,376.33,2.7,1
1791238849.7448192,4813254.754921674,0.0,0.0,376.33,2.7,1
1791238849.946989,4813254.957091964,0.0,1.3,376.33,2.7481,1
1791238850.149081,4813255.159183608,0.0,1.3,376.33,2.7481,1
1791238850.3512607,4813255.361363116,0.0,0.0,376.33,2.7,1
1791238850.5534005,4813255.563503093,0.0,0.0,376.33,2.7,1
1791238850.754868,4813255.76496979,4.9,17.7,376.33,3.3549,1
1791238850.9562428,4813255.966344404,0.0,7.5,376.33,2.9775,1
1791238851.1578898,4813256.167992455,0.0,20.8,376.33,3.4696,1
1791238851.3593714,4813256.36947337,0.0,12.7,376.33,3.1699,1
1791238851.5607564,4813256.57085814,0.0,9.9,376.33,3.0663,1
1791238851.7622232,4813256.772325201,0.0,0.0,376.34,2.7,1
1791238851.963579,4813256.973680284,5.0,0.0,376.34,2.7,1
1791238852.1649203,4813257.175026928,0.0,1.2,376.34,2.7444,1
1791238852.3663576,4813257.376459093,0.0,1.3,376.34,2.7481,1
1791238852.5677018,4813257.577803551,0.0,0.0,376.34,2.7,1
1791238852.7689486,4813257.779050091,0.0,0.0,376.34,2.7,1
1791238852.9703403,4813257.980442204,0.0,1.2,376.34,2.7444,1
1791238853.1716933,4813258.181794994,5.0,0.0,376.34,2.7,1
1791238853.3730443,4813258.383146274,0.0,0.0,376.34,2.7,1
1791238853.5743573,4813258.584458856,0.0,0.0,376.34,2.7,1
1791238853.77566,4813258.785761646,0.0,0.0,376.34,2.7,1
1791238853.9770195,4813258.987121311,0.0,1.3,376.34,2.7481,1
1791238854.1784313,4813259.188533007,0.0,0.0,376.34,2.7,1
1791238854.3797803,4813259.389881994,0.0,0.0,376.34,2.7,1
1791238854.5810833,4813259.591185357,5.0,0.0,376.34,2.7,1
1791238854.7825143,4813259.792616324,0.0,0.0,376.34,2.7,1
1791238854.9838579,4813259.993959843,0.0,1.3,376.34,2.7481,1
1791238855.185063,4813260.195164559,0.0,0.0,376.34,2.7,1
1791238855.3864226,4813260.39652412,0.0,0.0,376.34,2.7,1
1791238855.5877225,4813260.597824044,0.0,0.0,376.34,2.7,1
1791238855.789636,4813260.799738551,0.0,0.0,376.34,2.7,1
1791238855.9917703,4813261.001873423,4.9,1.2,376.34,2.7444,1
1791238856.1940033,4813261.204106106,0.0,0.0,376.34,2.7,1
1791238856.3960717,4813261.406174258,0.0,0.0,376.34,2.7,1
1791238856.5981503,4813261.608252931,0.0,0.0,376.34,2.7,1
1791238856.800107,4813261.810209365,0.0,1.2,376.34,2.7444,1
1791238857.0024474,4813262.012550225,4.9,0.0,376.34,2.7,1
1791238857.2045977,4813262.214700043,4.9,1.2,376.35,2.7444,1
1791238857.406807,4813262.41690981,0.0,0.0,376.35,2.7,1
1791238857.6089451,4813262.619047805,0.0,2.5,376.35,2.7925,1
1791238857.8111055,4813262.821208509,0.0,2.5,376.35,2.7925,1
1791238858.0131915,4813263.023294525,0.0,1.3,376.35,2.7481,1
1791238858.2153454,4813263.225448198,0.0,0.0,376.35,2.7,1
1791238858.4173813,4813263.427484162,0.0,0.0,376.35,2.7,1
1791238858.619495,4813263.629597417,4.9,1.2,376.35,2.7444,1
1791238858.8213806,4813263.831482861,0.0,0.0,376.35,2.7,1
1791238859.0235128,4813264.033615804,0.0,1.3,376.35,2.7481,1
1791238859.2254703,4813264.235572862,0.0,0.0,376.35,2.7,1
1791238859.4276283,4813264.437730961,0.0,0.0,376.35,2.7,1
1791238859.6295102,4813264.639612342,0.0,0.0,376.35,2.7,1
1791238859.8316178,4813264.841720284,4.9,1.3,376.35,2.7481,1
1791238860.0337179,4813265.043820415,0.0,0.0,376.35,2.7,1
1791238860.2357602,4813265.245862524,0.0,0.0,376.35,2.7,1
1791238860.437831,4813265.447933487,0.0,0.0,376.35,2.7,1
1791238860.6400373,4813265.650139867,4.9,1.2,376.35,2.7444,1
1791238860.8420842,4813265.852186768,0.0,0.0,376.35,2.7,1
1791238861.0442042,4813266.054307054,0.0,1.2,376.35,2.7444,1
1791238861.2463026,4813266.256405309,0.0,0.0,376.35,2.7,1
1791238861.4484067,4813266.458509397,4.9,0.0,376.36,2.7,1
1791238861.6498163,4813266.659918226,0.0,19.2,376.36,3.4104,1
1791238861.8511956,4813266.861297472,0.0,7.5,376.36,2.9775,1
1791238862.0525615,4813267.062662967,5.0,13.9,376.36,3.2143,1
1791238862.2542315,4813267.26433466,0.0,13.0,376.36,3.181,1
1791238862.45565,4813267.465756666,0.0,12.7,376.36,3.1699,1
1791238862.6569414,4813267.667043255,0.0,0.0,376.36,2.7,1
1791238862.8583457,4813267.868447604,0.0,1.2,376.36,2.7444,1
1791238863.059693,4813268.06979461,0.0,0.0,376.36,2.7,1
1791238863.2608647,4813268.270966356,0.0,0.0,376.36,2.7,1
1791238863.4622998,4813268.472402007,0.0,0.0,376.36,2.7,1
1791238863.6636722,4813268.673773908,0.0,2.5,376.36,2.7925,1
1791238863.8649027,4813268.875004247,0.0,0.0,376.36,2.7,1
1791238864.0663178,4813269.07641969,5.0,1.2,376.36,2.7444,1
1791238864.267583,4813269.277684508,0.0,0.0,376.36,2.7,1
1791238864.468889,4813269.478990836,0.0,0.0,376.36,2.7,1
1791238864.6701033,4813269.680205081,5.0,0.0,376.36,2.7,1
1791238864.8713212,4813269.881422711,0.0,0.0,376.36,2.7,1
1791238865.0726676,4813270.082769664,0.0,0.0,376.36,2.7,1
1791238865.2738662,4813270.283968076,0.0,0.0,376.36,2.7,1
1791238865.4752178,4813270.485319351,0.0,0.0,376.36,2.7,1
1791238865.676325,4813270.686426721,0.0,0.0,376.37,2.7,1
1791238865.877577,4813270.887678934,0.0,0.0,376.37,2.7,1
1791238866.0792115,4813271.089313595,14.9,43.9,376.37,4.3243,1
1791238866.2805727,4813271.290674349,14.9,5.2,376.37,2.8924,1
1791238866.4821122,4813271.492214635,24.8,6.3,376.37,2.9331,1
1791238866.6842031,4813271.694305752,0.0,1.3,376.37,2.7481,1
1791238866.8863983,4813271.896500828,0.0,0.0,376.37,2.7,1
1791238867.08849,4813272.098592206,0.0,1.3,376.37,2.7481,1
1791238867.2906773,4813272.30077999,0.0,1.2,376.37,2.7444,1
1791238867.4928534,4813272.502956107,4.9,0.0,376.37,2.7,1
1791238867.6947787,4813272.704881391,0.0,0.0,376.37,2.7,1
1791238867.8967812,4813272.906883915,0.0,0.0,376.37,2.7,1
1791238868.0989377,4813273.109040345,0.0,1.3,376.37,2.7481,1
1791238868.3010397,4813273.311142556,4.9,0.0,376.37,2.7,1
1791238868.5031557,4813273.513258672,0.0,0.0,376.37,2.7,1
1791238868.705056,4813273.715158436,0.0,0.0,376.37,2.7,1
1791238868.9071114,4813273.917213824,0.0,8.7,376.37,3.0219,1
1791238869.1092365,4813274.11933942,0.0,2.5,376.37,2.7925,1
1791238869.3112667,4813274.321369651,0.0,0.0,376.37,2.7,1
1791238869.513311,4813274.523413632,4.9,0.0,376.37,2.7,1
1791238869.7154875,4813274.725590218,0.0,1.2,376.37,2.7444,1
1791238869.9174988,4813274.927601595,0.0,0.0,376.38,2.7,1
1791238870.119675,4813275.129777555,4.9,0.0,376.38,2.7,1
1791238870.3216395,4813275.331742161,0.0,0.0,376.38,2.7,1
1791238870.523697,4813275.533799632,0.0,1.2,376.38,2.7444,1
1791238870.725686,4813275.735788717,0.0,0.0,376.38,2.7,1
1791238870.9277022,4813275.937804886,4.9,0.0,376.38,2.7,1
1791238871.1297758,4813276.13987845,0.0,0.0,376.38,2.7,1
1791238871.3317766,4813276.341879358,0.0,0.0,376.38,2.7,1
1791238871.5338643,4813276.54396714,0.0,1.2,376.38,2.7444,1
1791238871.735844,4813276.745945861,0.0,1.2,376.38,2.7444,1
1791238871.9381514,4813276.948254112,0.0,0.0,376.38,2.7,1
1791238872.1401758,4813277.150278613,4.9,0.0,376.38,2.7,1
1791238872.342381,4813277.352483635,0.0,0.0,376.38,2.7,1
1791238872.544329,4813277.554432355,0.0,15.2,376.38,3.2624,1
1791238872.745739,4813277.755840868,5.0,10.0,376.38,3.07,1
1791238872.9472127,4813277.957314537,0.0,8.9,376.38,3.0293,1
1791238873.1485963,4813278.158697685,0.0,10.5,376.38,3.0885,1
1791238873.3500693,4813278.360170833,0.0,23.2,376.38,3.5584,1
1791238873.551357,4813278.561458721,0.0,1.2,376.38,2.7444,1
1791238873.7526956,4813278.762797181,5.0,0.0,376.38,2.7,1
1791238873.9541192,4813278.964220954,0.0,0.0,376.38,2.7,1
1791238874.1555066,4813279.165608529,0.0,0.0,376.38,2.7,1
1791238874.3568153,4813279.366917198,0.0,0.0,376.38,2.7,1
1791238874.558122,4813279.568223627,0.0,0.0,376.38,2.7,1
1791238874.759365,4813279.769466462,0.0,0.0,376.38,2.7,1
1791238874.9607596,4813279.970861485,0.0,1.2,376.38,2.7444,1
1791238875.16223,4813280.172331716,0.0,1.3,376.39,2.7481,1
1791238875.3635845,4813280.373686374,5.0,0.0,376.39,2.7,1
1791238875.5648432,4813280.574945094,0.0,0.0,376.39,2.7,1
1791238875.7662878,4813280.776389595,0.0,1.2,376.39,2.7444,1
1791238875.9676476,4813280.977749253,0.0,1.2,376.39,2.7444,1
1791238876.169019,4813281.179120473,0.0,0.0,376.39,2.7,1
1791238876.370386,4813281.380487891,0.0,0.0,376.39,2.7,1
1791238876.571664,4813281.58176583,0.0,0.0,376.39,2.7,1
1791238876.7727783,4813281.782879603,0.0,0.0,376.39,2.7,1
1791238876.974199,4813281.984300979,0.0,1.2,376.39,2.7444,1
1791238877.1754541,4813282.185555793,0.0,1.2,376.39,2.7444,1
1791238877.3767803,4813282.38688196,5.0,0.0,376.39,2.7,1
1791238877.578667,4813282.588769637,0.0,1.2,376.39,2.7444,1
1791238877.780504,4813282.790606481,0.0,0.0,376.39,2.7,1
1791238877.9826965,4813282.99279921,5.0,1.3,376.39,2.7481,1
1791238878.1848469,4813283.194949594,0.0,0.0,376.39,2.7,1
1791238878.3870623,4813283.397164666,0.0,0.0,376.39,2.7,1
1791238878.5898812,4813283.59998432,0.0,0.0,376.4,2.7,1
1791238878.7920635,4813283.802166059,4.9,0.0,376.4,2.7,1
1791238878.994252,4813284.00435462,0.0,1.2,376.4,2.7444,1
1791238879.1964126,4813284.206515421,0.0,1.3,376.4,2.7481,1
1791238879.3986733,4813284.408776066,0.0,0.0,376.4,2.7,1
1791238879.6007,4813284.610802492,0.0,0.0,376.4,2.7,1
1791238879.802676,4813284.812778501,0.0,0.0,376.4,2.7,1
1791238880.0047815,4813285.014884042,0.0,1.3,376.4,2.7481,1
1791238880.2069345,4813285.21703729,0.0,0.0,376.4,2.7,1
1791238880.4090238,4813285.419126424,4.9,1.2,376.4,2.7444,1
1791238880.6109638,4813285.621066236,0.0,0.0,376.4,2.7,1
1791238880.8128254,4813285.822927818,0.0,0.0,376.4,2.7,1
1791238881.0150387,4813286.025141639,5.0,1.3,376.4,2.7481,1
1791238881.2170424,4813286.227144575,0.0,0.0,376.4,2.7,1
1791238881.419333,4813286.429435479,0.0,3.7,376.4,2.8369,1
1791238881.6214397,4813286.631542009,0.0,1.2,376.4,2.7444,1
1791238881.8234422,4813286.833544476,5.0,0.0,376.4,2.7,1
1791238882.0255451,4813287.035647776,0.0,0.0,376.4,2.7,1
1791238882.2276983,4813287.237800764,0.0,1.2,376.4,2.7444,1
1791238882.4297688,4813287.439871303,0.0,0.0,376.4,2.7,1
1791238882.6319113,4813287.642013718,0.0,0.0,376.4,2.7,1
1791238882.833823,4813287.84392556,4.9,0.0,376.41,2.7,1
1791238883.0360267,4813288.046128651,0.0,1.3,376.41,2.7481,1
1791238883.2380502,4813288.248152368,0.0,0.0,376.41,2.7,1
1791238883.4401743,4813288.450276813,0.0,0.0,376.41,2.7,1
1791238883.6415908,4813288.651692562,5.0,23.2,376.41,3.5584,1
1791238883.8430052,4813288.853106957,0.0,7.5,376.41,2.9775,1
1791238884.044399,4813289.054501091,0.0,13.9,376.41,3.2143,1
1791238884.2459948,4813289.256097204,0.0,15.2,376.41,3.2624,1
1791238884.4473946,4813289.457496286,0.0,12.7,376.41,3.1699,1
1791238884.6487606,4813289.658862139,0.0,0.0,376.41,2.7,1
1791238884.8500988,4813289.860200753,0.0,0.0,376.41,2.7,1
1791238885.0514693,4813290.061570928,0.0,1.2,376.41,2.7444,1
1791238885.2526722,4813290.2627735,5.0,0.0,376.41,2.7,1
1791238885.4541059,4813290.464207425,0.0,0.0,376.41,2.7,1
1791238885.6552978,4813290.66539932,0.0,0.0,376.41,2.7,1
1791238885.8564782,4813290.866579652,0.0,0.0,376.41,2.7,1
1791238886.0578375,4813291.067939463,0.0,1.2,376.41,2.7444,1
1791238886.259238,4813291.269339482,5.0,0.0,376.41,2.7,1
1791238886.4605572,4813291.470659084,0.0,0.0,376.41,2.7,1
1791238886.6618052,4813291.671906708,0.0,0.0,376.41,2.7,1
1791238886.8630555,4813291.873157039,0.0,0.0,376.41,2.7,1
1791238887.0644743,4813292.074575912,0.0,1.3,376.41,2.7481,1
1791238887.2657943,4813292.275895566,0.0,0.0,376.42,2.7,1
1791238887.4671721,4813292.477273866,0.0,0.0,376.42,2.7,1
1791238887.6685562,4813292.678657895,5.0,0.0,376.42,2.7,1
1791238887.8697474,4813292.879849112,0.0,0.0,376.42,2.7,1
1791238888.0711439,4813293.081245745,0.0,1.2,376.42,2.7444,1
1791238888.2724044,4813293.282506441,0.0,0.0,376.42,2.7,1
1791238888.4737387,4813293.48384047,0.0,0.0,376.42,2.7,1
1791238888.675674,4813293.685776528,0.0,0.0,376.42,2.7,1
1791238888.8776073,4813293.887709566,0.0,0.0,376.42,2.7,1
1791238889.079752,4813294.089854948,4.9,1.3,376.42,2.7481,1
1791238889.2818766,4813294.291979287,0.0,0.0,376.42,2.7,1
1791238889.484086,4813294.494188731,0.0,0.0,376.42,2.7,1
1791238889.6862714,4813294.696374528,0.0,0.0,376.42,2.7,1
1791238889.8883042,4813294.898406524,0.0,1.2,376.42,2.7444,1
1791238890.0901535,4813295.100255656,0.0,12.7,376.42,3.1699,1
1791238890.2922468,4813295.302349474,5.0,1.2,376.42,2.7444,1
1791238890.4944909,4813295.504593344,0.0,0.0,376.42,2.7,1
1791238890.6966443,4813295.70674685,0.0,2.4,376.42,2.7888,1
1791238890.898842,4813295.908944991,9.9,2.5,376.42,2.7925,1
1791238891.1005013,4813296.110603341,29.7,6.3,376.43,2.9331,1
1791238891.3023534,4813296.312455701,19.8,6.2,376.43,2.9294,1
1791238891.504484,4813296.514586342,5.0,0.0,376.43,2.7,1
1791238891.7065008,4813296.716603546,0.0,0.0,376.43,2.7,1
1791238891.908522,4813296.918624343,0.0,1.2,376.43,2.7444,1
1791238892.1107004,4813297.120802901,0.0,1.3,376.43,2.7481,1
1791238892.3127346,4813297.322837135,4.9,1.2,376.43,2.7444,1
1791238892.514859,4813297.524961734,0.0,1.2,376.43,2.7444,1
1791238892.7167425,4813297.72684451,0.0,0.0,376.43,2.7,1
1791238892.9188724,4813297.928975203,0.0,0.0,376.43,2.7,1
1791238893.1209893,4813298.131092094,4.9,2.5,376.43,2.7925,1
1791238893.3229227,4813298.333025234,0.0,0.0,376.43,2.7,1
1791238893.5249586,4813298.535060927,0.0,0.0,376.43,2.7,1
1791238893.727146,4813298.737248338,0.0,1.3,376.43,2.7481,1
1791238893.9291255,4813298.939228197,0.0,0.0,376.43,2.7,1
1791238894.1313128,4813299.141415295,4.9,1.3,376.43,2.7481,1
1791238894.3332129,4813299.343315415,0.0,0.0,376.43,2.7,1
1791238894.5353804,4813299.545483138,0.0,0.0,376.43,2.7,1
1791238894.73681,4813299.746911592,0.0,19.0,376.43,3.403,1
1791238894.9382632,4813299.948365306,0.0,7.5,376.43,2.9775,1
1791238895.1398613,4813300.149963499,5.0,6.3,376.43,2.9331,1
1791238895.3418586,4813300.351961691,0.0,14.1,376.43,3.2217,1
1791238895.543409,4813300.553510926,0.0,22.9,376.43,3.5473,1
1791238895.7446136,4813300.754715005,0.0,0.0,376.44,2.7,1
1791238895.9460332,4813300.956134604,0.0,0.0,376.44,2.7,1
1791238896.1473637,4813301.157465505,5.0,1.2,376.44,2.7444,1
1791238896.3486476,4813301.358749376,0.0,0.0,376.44,2.7,1
1791238896.5499876,4813301.560089392,0.0,0.0,376.44,2.7,1
1791238896.7513554,4813301.761457064,0.0,0.0,376.44,2.7,1
1791238896.952722,4813301.962823538,0.0,1.3,376.44,2.7481,1
1791238897.1541386,4813302.164240533,0.0,0.0,376.44,2.7,1
1791238897.3554358,4813302.365537527,0.0,0.0,376.44,2.7,1
1791238897.5566914,4813302.566793168,0.0,0.0,376.44,2.7,1
1791238897.7579703,4813302.768072142,0.0,0.0,376.44,2.7,1
1791238897.959331,4813302.969432575,0.0,1.2,376.44,2.7444,1
1791238898.1606855,4813303.170787225,5.0,1.2,376.44,2.7444,1
1791238898.3621395,4813303.372241407,0.0,0.0,376.44,2.7,1
1791238898.5633297,4813303.573431318,0.0,1.2,376.44,2.7444,1
1791238898.7645898,4813303.77469149,0.0,0.0,376.44,2.7,1
1791238898.9660544,4813303.976156245,5.0,1.2,376.44,2.7444,1
1791238899.167425,4813304.177526729,0.0,0.0,376.44,2.7,1
1791238899.368755,4813304.378857212,0.0,0.0,376.44,2.7,1
1791238899.5701675,4813304.580269206,0.0,0.0,376.44,2.7,1
1791238899.772272,4813304.782374689,0.0,0.0,376.44,2.7,1
1791238899.9744759,4813304.984578556,0.0,0.0,376.45,2.7,1
1791238900.1764972,4813305.186599663,0.0,0.0,376.45,2.7,1
1791238900.3786254,4813305.388728322,0.0,1.2,376.45,2.7444,1
1791238900.5805304,4813305.590632971,0.0,0.0,376.45,2.7,1
1791238900.7825575,4813305.792660068,5.0,0.0,376.45,2.7,1
1791238900.9846585,4813305.99476107,4.9,1.3,376.45,2.7481,1
1791238901.1866739,4813306.1967765,0.0,0.0,376.45,2.7,1
1791238901.3887851,4813306.398887867,0.0,0.0,376.45,2.7,1
1791238901.5908444,4813306.600947359,0.0,1.2,376.45,2.7444,1
1791238901.7929494,4813306.803052372,0.0,1.2,376.45,2.7444,1
1791238901.9952233,4813307.005326083,0.0,1.3,376.45,2.7481,1
1791238902.1973872,4813307.207489689,0.0,0.0,376.45,2.7,1
1791238902.3995502,4813307.40965267,4.9,0.0,376.45,2.7,1
1791238902.601638,4813307.611740391,0.0,1.3,376.45,2.7481,1
1791238902.803757,4813307.813859466,0.0,0.0,376.45,2.7,1
1791238903.006015,4813308.016117551,0.0,2.5,376.45,2.7925,1
1791238903.207904,4813308.218006262,4.9,0.0,376.45,2.7,1
1791238903.4100518,4813308.420154139,0.0,0.0,376.45,2.7,1
1791238903.6119812,4813308.622083474,0.0,1.2,376.45,2.7444,1
1791238903.8138227,4813308.823925154,0.0,0.0,376.45,2.7,1
1791238904.016026,4813309.026128863,0.0,0.0,376.45,2.7,1
1791238904.2181876,4813309.228290386,4.9,0.0,376.45,2.7,1
1791238904.4202418,4813309.430344929,0.0,1.2,376.46,2.7444,1
1791238904.622184,4813309.632286348,0.0,0.0,376.46,2.7,1
1791238904.8241725,4813309.834274849,0.0,0.0,376.46,2.7,1
1791238905.0263505,4813310.036453142,4.9,0.0,376.46,2.7,1
1791238905.2282972,4813310.238399196,0.0,1.2,376.46,2.7444,1
1791238905.4304764,4813310.44057952,0.0,0.0,376.46,2.7,1
1791238905.6325893,4813310.642691355,0.0,0.0,376.46,2.7,1
1791238905.8345087,4813310.84461069,0.0,15.2,376.46,3.2624,1
1791238906.0362291,4813311.046331223,5.0,12.5,376.46,3.1625,1
1791238906.2382183,4813311.248320818,0.0,7.5,376.46,2.9775,1
1791238906.4396195,4813311.449721299,0.0,24.7,376.46,3.6139,1
1791238906.640999,4813311.651100739,0.0,13.7,376.46,3.2069,1
1791238906.8424518,4813311.85255346,5.0,9.8,376.46,3.0626,1
1791238907.0438147,4813312.053916546,0.0,1.3,376.46,2.7481,1
1791238907.2449753,4813312.255076923,0.0,0.0,376.46,2.7,1
1791238907.4463751,4813312.45647704,0.0,0.0,376.46,2.7,1
1791238907.647615,4813312.657716271,0.0,0.0,376.46,2.7,1
1791238907.8488848,4813312.858986388,0.0,0.0,376.46,2.7,1
1791238908.05031,4813313.060411661,0.0,1.2,376.46,2.7444,1
1791238908.2515752,4813313.261676726,0.0,0.0,376.46,2.7,1
1791238908.4529645,4813313.463066425,0.0,0.0,376.46,2.7,1
1791238908.654407,4813313.664508625,0.0,2.4,376.46,2.7888,1
1791238908.8556511,4813313.865752856,5.0,0.0,376.46,2.7,1
1791238909.0570152,4813314.067117139,0.0,0.0,376.46,2.7,1
1791238909.2582479,4813314.268349547,0.0,0.0,376.46,2.7,1
1791238909.4595761,4813314.469677997,0.0,0.0,376.46,2.7,1
1791238909.660741,4813314.670842592,0.0,0.0,376.46,2.7,1
1791238909.8621173,4813314.872218698,5.0,0.0,376.46,2.7,1
1791238910.0634823,4813315.073584074,0.0,2.5,376.46,2.7925,1
1791238910.264898,4813315.274999607,0.0,0.0,376.46,2.7,1
1791238910.4663613,4813315.47646316,0.0,6.3,376.46,2.9331,1
1791238910.6677687,4813315.677870515,9.9,6.3,376.47,2.9331,1
1791238910.8691206,4813315.879221985,5.0,0.0,376.47,2.7,1
1791238911.0705392,4813316.080640851,0.0,2.5,376.47,2.7925,1
1791238911.2716634,4813316.281764769,0.0,0.0,376.47,2.7,1
1791238911.473708,4813316.483810404,0.0,0.0,376.47,2.7,1
1791238911.6758964,4813316.685998747,4.9,1.2,376.47,2.7444,1
1791238911.8778925,4813316.887995163,0.0,0.0,376.47,2.7,1
1791238912.0800753,4813317.090177673,0.0,0.0,376.47,2.7,1
1791238912.2822866,4813317.292389245,0.0,0.0,376.47,2.7,1
1791238912.4843647,4813317.494467588,0.0,0.0,376.47,2.7,1
1791238912.6863883,4813317.696490931,0.0,0.0,376.47,2.7,1
1791238912.888351,4813317.898453284,0.0,1.2,376.48,2.7444,1
1791238913.0905213,4813318.100623918,4.9,1.2,376.48,2.7444,1
1791238913.2923849,4813318.30248747,0.0,0.0,376.48,2.7,1
1791238913.4946558,4813318.504758416,5.0,0.0,376.48,2.7,1
1791238913.6966655,4813318.70676827,0.0,1.2,376.48,2.7444,1
1791238913.898799,4813318.908901612,0.0,1.2,376.48,2.7444,1
1791238914.1009147,4813319.111017402,0.0,0.0,376.48,2.7,1
1791238914.3031976,4813319.313300276,0.0,1.3,376.48,2.7481,1
1791238914.5052187,4813319.515321222,0.0,0.0,376.48,2.7,1
1791238914.7074366,4813319.717539356,4.9,1.2,376.48,2.7444,1
1791238914.9093375,4813319.919439938,14.8,8.9,376.48,3.0293,1
1791238915.1115184,4813320.121621093,24.8,7.4,376.48,2.9738,1
1791238915.31352,4813320.323622456,4.9,1.3,376.48,2.7481,1
1791238915.5157127,4813320.525815068,0.0,0.0,376.48,2.7,1
1791238915.7176955,4813320.727797994,0.0,0.0,376.48,2.7,1
1791238915.9199336,4813320.930036023,4.9,1.2,376.48,2.7444,1
1791238916.1220999,4813321.132202646,0.0,0.0,376.48,2.7,1
1791238916.3241115,4813321.334213957,0.0,1.2,376.48,2.7444,1
1791238916.5262756,4813321.536378184,0.0,0.0,376.48,2.7,1
1791238916.7283728,4813321.738475119,4.9,1.3,376.48,2.7481,1
1791238916.9305925,4813321.940695909,0.0,0.0,376.48,2.7,1
1791238917.1322653,4813322.142367376,0.0,20.5,376.49,3.4585,1
1791238917.3344388,4813322.344541446,0.0,8.7,376.49,3.0219,1
1791238917.5389373,4813322.549039523,0.0,27.2,376.49,3.7064,1
1791238917.743743,4813322.753845307,4.8,19.5,376.49,3.4215,1
1791238917.945559,4813322.955661461,0.0,14.1,376.49,3.2217,1
1791238918.147072,4813323.157173553,5.0,9.8,376.49,3.0626,1
1791238918.348469,4813323.358570386,0.0,3.7,376.49,2.8369,1
1791238918.5498426,4813323.559944301,0.0,0.0,376.49,2.7,1
1791238918.7512069,4813323.761308164,0.0,1.2,376.49,2.7444,1
1791238918.9525685,4813323.962670413,0.0,1.2,376.49,2.7444,1
1791238919.1538072,4813324.16390886,0.0,0.0,376.49,2.7,1
1791238919.3550737,4813324.36517564,0.0,0.0,376.49,2.7,1
1791238919.5564027,4813324.566503983,5.0,0.0,376.49,2.7,1
1791238919.7575533,4813324.767654565,0.0,0.0,376.49,2.7,1
1791238919.958948,4813324.969049574,0.0,1.2,376.49,2.7444,1
1791238920.160267,4813325.170368593,0.0,0.0,376.49,2.7,1
1791238920.3615973,4813325.371698966,0.0,0.0,376.49,2.7,1
1791238920.562928,4813325.573029652,0.0,0.0,376.49,2.7,1
1791238920.7643003,4813325.774401744,0.0,0.0,376.49,2.7,1
1791238920.9656577,4813325.975759253,0.0,1.3,376.49,2.7481,1
1791238921.166946,4813326.177047751,0.0,0.0,376.49,2.7,1
1791238921.3684595,4813326.378561457,5.0,0.0,376.49,2.7,1
1791238921.5696816,4813326.579783185,0.0,0.0,376.5,2.7,1
1791238921.7708948,4813326.78099637,0.0,0.0,376.5,2.7,1
1791238921.9722495,4813326.982351171,0.0,0.0,376.5,2.7,1
1791238922.1736107,4813327.183712533,0.0,1.3,376.5,2.7481,1
1791238922.3749647,4813327.385066499,0.0,0.0,376.5,2.7,1
1791238922.5761423,4813327.586243852,0.0,0.0,376.5,2.7,1
1791238922.7773867,4813327.78748886,0.0,0.0,376.5,2.7,1
1791238922.9795082,4813327.989611314,5.0,1.2,376.5,2.7444,1
1791238923.1815543,4813328.191656946,0.0,1.3,376.5,2.7481,1
1791238923.3836727,4813328.393775233,0.0,0.0,376.5,2.7,1
1791238923.585629,4813328.59573149,0.0,0.0,376.5,2.7,1
1791238923.7878294,4813328.797931913,0.0,1.2,376.5,2.7444,1
1791238923.9900484,4813329.000150929,0.0,1.3,376.5,2.7481,1
1791238924.1920586,4813329.202160883,4.9,0.0,376.5,2.7,1
1791238924.3942046,4813329.404307504,4.9,0.0,376.5,2.7,1
1791238924.5961895,4813329.606292146,0.0,0.0,376.5,2.7,1
1791238924.7984638,4813329.80856637,0.0,0.0,376.5,2.7,1
1791238925.0005662,4813330.010669189,0.0,1.3,376.5,2.7481,1
1791238925.2026274,4813330.212729976,0.0,1.3,376.5,2.7481,1
1791238925.4047396,4813330.414842273,0.0,0.0,376.5,2.7,1
1791238925.6067588,4813330.616861602,0.0,1.2,376.5,2.7444,1
1791238925.8086166,4813330.818718952,4.9,0.0,376.5,2.7,1
1791238926.0107424,4813331.020845208,0.0,0.0,376.5,2.7,1
1791238926.212797,4813331.222899692,4.9,0.0,376.5,2.7,1
1791238926.4150786,4813331.425181624,0.0,0.0,376.51,2.7,1
1791238926.6171727,4813331.627274755,0.0,0.0,376.51,2.7,1
1791238926.8193088,4813331.829411479,0.0,1.2,376.51,2.7444,1
1791238927.0214376,4813332.031540547,0.0,1.3,376.51,2.7481,1
1791238927.223536,4813332.233638469,4.9,0.0,376.51,2.7,1
1791238927.425605,4813332.435707589,0.0,0.0,376.51,2.7,1
1791238927.6276128,4813332.637715146,0.0,1.2,376.51,2.7444,1
1791238927.829534,4813332.839636193,0.0,0.0,376.51,2.7,1
1791238928.0317159,4813333.041818698,0.0,2.5,376.51,2.7925,1
1791238928.2341535,4813333.244256671,0.0,15.2,376.51,3.2624,1
1791238928.4355667,4813333.445668396,4.9,12.3,376.51,3.1551,1
1791238928.6372368,4813333.647338558,0.0,7.5,376.51,2.9775,1
1791238928.839601,4813333.849703667,0.0,25.0,376.51,3.625,1
1791238929.040991,4813334.051092735,0.0,19.7,376.51,3.4289,1
1791238929.2422535,4813334.252355346,0.0,0.0,376.51,2.7,1
1791238929.4437008,4813334.4538028,0.0,4.9,376.51,2.8813,1
1791238929.6450746,4813334.655176243,0.0,0.0,376.51,2.7,1
1791238929.8464575,4813334.856559426,5.0,0.0,376.51,2.7,1
1791238930.0478172,4813335.057919276,0.0,1.2,376.51,2.7444,1
1791238930.2491572,4813335.259259178,0.0,0.0,376.51,2.7,1
1791238930.45061,4813335.460711944,0.0,1.2,376.52,2.7444,1
1791238930.6518388,4813335.661940179,5.0,0.0,376.52,2.7,1
1791238930.853052,4813335.863153362,0.0,0.0,376.52,2.7,1
1791238931.0544744,4813336.064575764,0.0,0.0,376.52,2.7,1
1791238931.2556336,4813336.265735145,0.0,0.0,376.52,2.7,1
1791238931.45698,4813336.467081452,0.0,0.0,376.52,2.7,1
1791238931.6581879,4813336.668289479,0.0,0.0,376.52,2.7,1
1791238931.859406,4813336.869507506,0.0,1.2,376.52,2.7444,1
1791238932.0607522,4813337.070853865,0.0,1.2,376.52,2.7444,1
1791238932.2621799,4813337.272281683,0.0,0.0,376.52,2.7,1
1791238932.463524,4813337.473625803,0.0,1.2,376.52,2.7444,1
1791238932.664902,4813337.675003204,5.0,0.0,376.52,2.7,1
1791238932.8661735,4813337.876275188,0.0,0.0,376.52,2.7,1
1791238933.067519,4813338.077620662,0.0,0.0,376.52,2.7,1
1791238933.2694252,4813338.27952801,0.0,0.0,376.52,2.7,1
1791238933.4715917,4813338.481694472,0.0,1.2,376.52,2.7444,1
1791238933.6734774,4813338.683580048,0.0,0.0,376.52,2.7,1
1791238933.8755145,4813338.885617292,5.0,0.0,376.52,2.7,1
1791238934.0776198,4813339.087722191,0.0,0.0,376.52,2.7,1
1791238934.279787,4813339.289890058,0.0,1.2,376.52,2.7444,1
1791238934.481823,4813339.491925374,4.9,0.0,376.52,2.7,1
1791238934.683916,4813339.694018554,0.0,0.0,376.52,2.7,1
1791238934.8858247,4813339.895927152,0.0,0.0,376.52,2.7,1
1791238935.087834,4813340.097936426,0.0,2.5,376.52,2.7925,1
1791238935.2897384,4813340.299840752,0.0,0.0,376.52,2.7,1
1791238935.4918425,4813340.501945026,5.0,0.0,376.52,2.7,1
1791238935.6940677,4813340.704170289,0.0,0.0,376.52,2.7,1
1791238935.8960419,4813340.906144667,0.0,0.0,376.52,2.7,1
1791238936.0982366,4813341.108339409,0.0,1.2,376.52,2.7444,1
1791238936.3002906,4813341.310393057,0.0,1.3,376.52,2.7481,1
1791238936.5024502,4813341.512552799,4.9,0.0,376.52,2.7,1
1791238936.7043831,4813341.714485875,0.0,0.0,376.52,2.7,1
1791238936.906369,4813341.916471295,0.0,0.0,376.52,2.7,1
1791238937.1084232,4813342.118525724,4.9,1.2,376.52,2.7444,1
1791238937.310369,4813342.320471717,0.0,0.0,376.52,2.7,1
1791238937.512389,4813342.522491354,0.0,0.0,376.52,2.7,1
1791238937.7148998,4813342.725001877,14.8,58.0,376.52,4.846,1
1791238937.916343,4813342.926444849,9.9,35.0,376.52,3.995,1
1791238938.1177604,4813343.127862353,14.9,3.8,376.52,2.8406,1
1791238938.3192244,4813343.329325794,29.8,7.5,376.53,2.9775,1
1791238938.5206938,4813343.530795693,0.0,0.0,376.53,2.7,1
1791238938.7221375,4813343.732239081,0.0,1.2,376.53,2.7444,1
1791238938.9234688,4813343.933570752,0.0,0.0,376.53,2.7,1
1791238939.1248527,4813344.134954557,0.0,1.2,376.53,2.7444,1
1791238939.3262944,4813344.336396227,0.0,12.5,376.53,3.1625,1
1791238939.5276718,4813344.53777347,0.0,7.5,376.53,2.9775,1
1791238939.7297356,4813344.739837846,5.0,16.2,376.53,3.2994,1
1791238939.9316475,4813344.941749776,4.9,16.5,376.54,3.3105,1
1791238940.1330433,4813345.143144518,0.0,9.0,376.54,3.033,1
1791238940.3344314,4813345.344533323,0.0,1.2,376.54,2.7444,1
1791238940.5357616,4813345.545863222,0.0,0.0,376.54,2.7,1
1791238940.7369375,4813345.747039215,0.0,0.0,376.54,2.7,1
1791238940.9383516,4813345.948453333,0.0,0.0,376.54,2.7,1
1791238941.139715,4813346.149816512,0.0,0.0,376.54,2.7,1
1791238941.3408651,4813346.350966776,0.0,0.0,376.54,2.7,1
1791238941.542278,4813346.55238006,0.0,0.0,376.54,2.7,1
1791238941.7436461,4813346.753747667,0.0,1.2,376.54,2.7444,1
1791238941.9450128,4813346.95511444,0.0,1.2,376.54,2.7444,1
1791238942.1464448,4813347.15654663,0.0,1.3,376.54,2.7481,1
1791238942.3477502,4813347.357851737,5.0,0.0,376.54,2.7,1
1791238942.54908,4813347.559181479,0.0,0.0,376.54,2.7,1
1791238942.7509692,4813347.76107148,0.0,0.0,376.54,2.7,1
1791238942.9530566,4813347.963158825,0.0,1.3,376.54,2.7481,1
1791238943.155039,4813348.165141117,0.0,0.0,376.54,2.7,1
1791238943.3569622,4813348.367065285,0.0,0.0,376.54,2.7,1
1791238943.5591655,4813348.569267577,4.9,1.2,376.54,2.7444,1
1791238943.7612007,4813348.771303151,0.0,0.0,376.54,2.7,1
1791238943.9633791,4813348.973481849,4.9,1.3,376.54,2.7481,1
1791238944.1653576,4813349.175460131,0.0,0.0,376.54,2.7,1
1791238944.3674302,4813349.377532892,0.0,0.0,376.54,2.7,1
1791238944.5693877,4813349.579490549,0.0,1.3,376.54,2.7481,1
1791238944.771518,4813349.781620601,4.9,1.2,376.54,2.7444,1
1791238944.9735909,4813349.983693466,0.0,0.0,376.54,2.7,1
1791238945.17563,4813350.185732425,0.0,1.2,376.54,2.7444,1
1791238945.3776023,4813350.387704873,0.0,0.0,376.54,2.7,1
1791238945.5796106,4813350.589712946,0.0,0.0,376.54,2.7,1
1791238945.7814982,4813350.79160029,0.0,0.0,376.54,2.7,1
1791238945.983657,4813350.993759821,0.0,1.2,376.54,2.7444,1
1791238946.185774,4813351.19587654,4.9,0.0,376.55,2.7,1
1791238946.3878934,4813351.397996331,0.0,0.0,376.55,2.7,1
1791238946.590059,4813351.600161643,0.0,1.2,376.55,2.7444,1
1791238946.7919724,4813351.802074612,4.9,1.2,376.55,2.7444,1
1791238946.9941733,4813352.00427607,0.0,0.0,376.55,2.7,1
1791238947.1962814,4813352.206383986,0.0,1.2,376.55,2.7444,1
1791238947.398464,4813352.408566486,0.0,0.0,376.55,2.7,1
1791238947.6004574,4813352.610560183,0.0,0.0,376.55,2.7,1
1791238947.802642,4813352.812745078,0.0,1.2,376.55,2.7444,1
1791238948.0047746,4813353.014877057,4.9,0.0,376.55,2.7,1
1791238948.2069345,4813353.217037421,0.0,1.2,376.55,2.7444,1
1791238948.4090538,4813353.419156378,0.0,1.3,376.55,2.7481,1
1791238948.6112168,4813353.621319554,0.0,0.0,376.55,2.7,1
1791238948.8131447,4813353.823247419,0.0,0.0,376.55,2.7,1
1791238949.0152788,4813354.025381376,5.0,0.0,376.55,2.7,1
1791238949.217196,4813354.227298198,0.0,0.0,376.55,2.7,1
1791238949.4193394,4813354.42944252,5.0,1.2,376.55,2.7444,1
1791238949.621204,4813354.631306217,0.0,0.0,376.55,2.7,1
1791238949.823142,4813354.833243977,0.0,0.0,376.55,2.7,1
1791238950.0252972,4813355.035399705,0.0,0.0,376.55,2.7,1
1791238950.2275727,4813355.237675693,4.9,7.6,376.55,2.9812,1
1791238950.429213,4813355.43931512,0.0,11.2,376.55,3.1144,1
1791238950.6308064,4813355.640908244,0.0,8.9,376.55,3.0293,1
1791238950.8322022,4813355.842304234,0.0,16.9,376.55,3.3253,1
1791238951.0337677,4813356.043869598,0.0,11.5,376.57,3.1255,1
1791238951.2352123,4813356.245313869,0.0,7.6,376.57,2.9812,1
1791238951.4365504,4813356.446652202,0.0,0.0,376.58,2.7,1
1791238951.6377788,4813356.64788038,0.0,0.0,376.58,2.7,1
1791238951.8389547,4813356.849056161,0.0,0.0,376.58,2.7,1
1791238952.0403335,4813357.050435015,5.0,1.3,376.58,2.7481,1
1791238952.2415862,4813357.251687671,0.0,0.0,376.58,2.7,1
1791238952.4429467,4813357.45304814,0.0,1.2,376.58,2.7444,1
1791238952.644114,4813357.654215483,5.0,0.0,376.58,2.7,1
1791238952.8453875,4813357.855489389,0.0,0.0,376.58,2.7,1
1791238953.046806,4813358.056907983,0.0,1.2,376.58,2.7444,1
1791238953.2479415,4813358.258042618,0.0,0.0,376.58,2.7,1
1791238953.4492412,4813358.459342513,0.0,0.0,376.58,2.7,1
1791238953.6506455,4813358.660747408,0.0,0.0,376.58,2.7,1
1791238953.8518827,4813358.861984491,0.0,0.0,376.58,2.7,1
1791238954.0532784,4813359.063380011,0.0,1.2,376.59,2.7444,1
1791238954.2547204,4813359.264822458,5.0,1.2,376.59,2.7444,1
1791238954.4560144,4813359.466115895,0.0,0.0,376.59,2.7,1
1791238954.6572554,4813359.667357248,0.0,0.0,376.59,2.7,1
1791238954.8584664,4813359.868568081,0.0,0.0,376.59,2.7,1
1791238955.0598116,4813360.069913132,0.0,0.0,376.59,2.7,1
1791238955.2609336,4813360.271035371,0.0,0.0,376.59,2.7,1
1791238955.4630668,4813360.473169691,0.0,0.0,376.59,2.7,1
1791238955.664998,4813360.675100731,0.0,0.0,376.59,2.7,1
1791238955.866973,4813360.877075624,0.0,1.2,376.59,2.7444,1
1791238956.0690782,4813361.07918083,0.0,1.2,376.59,2.7444,1
1791238956.2711022,4813361.28120416,0.0,0.0,376.59,2.7,1
1791238956.4731271,4813361.483229366,4.9,0.0,376.59,2.7,1
1791238956.6752944,4813361.685397019,4.9,1.3,376.59,2.7481,1
1791238956.8772418,4813361.887344724,0.0,0.0,376.59,2.7,1
1791238957.0793912,4813362.08949394,0.0,0.0,376.59,2.7,1
1791238957.2814531,4813362.291555864,0.0,0.0,376.59,2.7,1
1791238957.4835644,4813362.493666798,4.9,1.2,376.59,2.7444,1
1791238957.6854546,4813362.695556795,0.0,0.0,376.59,2.7,1
1791238957.8875434,4813362.897646011,0.0,1.2,376.59,2.7444,1
1791238958.0896711,4813363.099774184,0.0,1.3,376.59,2.7481,1
1791238958.2917757,4813363.301878296,0.0,1.2,376.59,2.7444,1
1791238958.493881,4813363.503983448,4.9,0.0,376.59,2.7,1
1791238958.6960616,4813363.706164747,0.0,1.2,376.59,2.7444,1
1791238958.8983035,4813363.908406514,0.0,0.0,376.59,2.7,1
1791238959.100433,4813364.110535156,0.0,1.3,376.59,2.7481,1
1791238959.302354,4813364.312456611,5.0,0.0,376.59,2.7,1
1791238959.5044684,4813364.514571138,0.0,1.2,376.59,2.7444,1
1791238959.706673,4813364.716775665,0.0,0.0,376.59,2.7,1
1791238959.908636,4813364.918738683,0.0,0.0,376.59,2.7,1
1791238960.1108422,4813365.120944564,4.9,1.2,376.6,2.7444,1
1791238960.3128648,4813365.322967789,0.0,0.0,376.6,2.7,1
1791238960.5149827,4813365.525085493,0.0,1.2,376.6,2.7444,1
1791238960.7169383,4813365.72704075,0.0,0.0,376.6,2.7,1
1791238960.919133,4813365.929235589,0.0,0.0,376.6,2.7,1
1791238961.1212466,4813366.131348919,4.9,0.0,376.6,2.7,1
1791238961.323358,4813366.333460529,0.0,15.0,376.6,3.255,1
1791238961.525487,4813366.535589379,0.0,12.5,376.6,3.1625,1
1791238961.727537,4813366.737638906,4.9,12.3,376.6,3.1551,1
1791238961.9289494,4813366.939055413,19.8,24.0,376.6,3.588,1
1791238962.13041,4813367.140511868,9.9,16.3,376.6,3.3031,1
1791238962.3317947,4813367.341896188,5.0,8.9,376.6,3.0293,1
1791238962.5331697,4813367.543271966,0.0,0.0,376.6,2.7,1
1791238962.7346132,4813367.744715192,0.0,1.2,376.6,2.7444,1
1791238962.935985,4813367.946086751,0.0,1.2,376.6,2.7444,1
1791238963.137277,4813368.147378832,0.0,0.0,376.6,2.7,1
1791238963.3387213,4813368.348823099,0.0,1.2,376.6,2.7444,1
1791238963.5400798,4813368.550181689,0.0,0.0,376.6,2.7,1
1791238963.741322,4813368.751428405,0.0,0.0,376.6,2.7,1
1791238963.942734,4813368.952835433,5.0,1.2,376.6,2.7444,1
1791238964.1441064,4813369.154207981,0.0,0.0,376.6,2.7,1
1791238964.345262,4813369.355363291,0.0,0.0,376.61,2.7,1
1791238964.546607,4813369.556709068,0.0,0.0,376.61,2.7,1
1791238964.7478125,4813369.757914378,5.0,0.0,376.61,2.7,1
1791238964.9491544,4813369.959256197,0.0,1.3,376.61,2.7481,1
1791238965.1505973,4813370.160699214,0.0,1.2,376.61,2.7444,1
1791238965.3517513,4813370.361853429,0.0,0.0,376.61,2.7,1
1791238965.5530465,4813370.563148269,0.0,0.0,376.61,2.7,1
1791238965.7545104,4813370.764612223,0.0,2.5,376.61,2.7925,1
1791238965.9558666,4813370.965968574,0.0,0.0,376.61,2.7,1
1791238966.1571555,4813371.167257111,5.0,0.0,376.61,2.7,1
1791238966.3586009,4813371.368702888,0.0,1.2,376.61,2.7444,1
1791238966.5599108,4813371.570011999,0.0,0.0,376.61,2.7,1
1791238966.7618887,4813371.771991421,0.0,0.0,376.61,2.7,1
1791238966.964063,4813371.974165633,0.0,0.0,376.61,2.7,1
1791238967.1660624,4813372.176164794,0.0,0.0,376.61,2.7,1
1791238967.3680484,4813372.378150883,4.9,1.2,376.61,2.7444,1
1791238967.5702028,4813372.580305616,0.0,0.0,376.61,2.7,1
1791238967.7720504,4813372.78215259,0.0,0.0,376.61,2.7,1
1791238967.9742203,4813372.984323052,0.0,0.0,376.61,2.7,1
1791238968.1762512,4813373.186353619,0.0,1.3,376.61,2.7481,1
1791238968.3783495,4813373.388452519,5.0,0.0,376.61,2.7,1
1791238968.5803301,4813373.590432774,0.0,1.2,376.62,2.7444,1
1791238968.7825747,4813373.792677246,0.0,1.2,376.62,2.7444,1
1791238968.984644,4813373.994746563,4.9,1.2,376.62,2.7444,1
1791238969.186695,4813374.196798276,0.0,0.0,376.62,2.7,1
1791238969.3887439,4813374.39884655,0.0,0.0,376.62,2.7,1
1791238969.5908282,4813374.600931179,0.0,1.2,376.62,2.7444,1
1791238969.7927394,4813374.802841642,0.0,0.0,376.62,2.7,1
1791238969.9950926,4813375.005195541,4.9,1.3,376.62,2.7481,1
1791238970.1976295,4813375.207732044,0.0,0.0,376.62,2.7,1
1791238970.3997893,4813375.40989235,0.0,0.0,376.62,2.7,1
1791238970.6017945,4813375.611896926,0.0,0.0,376.62,2.7,1
1791238970.8036733,4813375.813775566,0.0,0.0,376.62,2.7,1
1791238971.0061393,4813376.016242225,0.0,1.3,376.62,2.7481,1
1791238971.2081451,4813376.218247739,4.9,1.2,376.62,2.7444,1
1791238971.4103003,4813376.42040294,0.0,1.2,376.62,2.7444,1
1791238971.6125507,4813376.622653193,0.0,0.0,376.62,2.7,1
1791238971.814713,4813376.82481579,4.9,1.2,376.62,2.7444,1
1791238972.0167952,4813377.02689745,0.0,0.0,376.62,2.7,1
1791238972.2190006,4813377.229103224,0.0,0.0,376.62,2.7,1
1791238972.4211273,4813377.431229935,0.0,0.0,376.62,2.7,1
1791238972.622643,4813377.632744773,4.9,20.0,376.62,3.44,1
1791238972.8242443,4813377.83434659,0.0,8.6,376.62,3.0182,1
1791238973.0256307,4813378.035732625,0.0,22.8,376.62,3.5436,1
1791238973.2276871,4813378.237789545,0.0,12.7,376.62,3.1699,1
1791238973.4290986,4813378.43920006,0.0,7.5,376.62,2.9775,1
1791238973.6305695,4813378.640671199,5.0,0.0,376.63,2.7,1
1791238973.8316991,4813378.841800673,0.0,0.0,376.63,2.7,1
1791238974.0330389,4813379.04314025,0.0,0.0,376.63,2.7,1
1791238974.2344952,4813379.244596754,0.0,1.2,376.63,2.7444,1
1791238974.4358692,4813379.445970811,0.0,0.0,376.63,2.7,1
1791238974.6372387,4813379.647339971,0.0,0.0,376.63,2.7,1
1791238974.838619,4813379.848720642,0.0,0.0,376.63,2.7,1
1791238975.0399635,4813380.050065323,5.0,0.0,376.63,2.7,1
1791238975.2411687,4813380.251270108,0.0,0.0,376.63,2.7,1
1791238975.442585,4813380.452687029,0.0,1.2,376.63,2.7444,1
1791238975.6437469,4813380.653848585,0.0,0.0,376.63,2.7,1
1791238975.8450646,4813380.8551666,0.0,0.0,376.63,2.7,1
1791238976.0464957,4813381.056597426,0.0,1.2,376.63,2.7444,1
1791238976.2478058,4813381.257907524,0.0,0.0,376.63,2.7,1
1791238976.4491222,4813381.459224027,0.0,0.0,376.63,2.7,1
1791238976.6504717,4813381.660573083,5.0,0.0,376.63,2.7,1
1791238976.8517241,4813381.861825525,0.0,0.0,376.63,2.7,1
1791238977.0531113,4813382.06321307,0.0,1.2,376.63,2.7444,1
1791238977.2545328,4813382.264634625,0.0,1.2,376.63,2.7444,1
1791238977.4558556,4813382.46595717,0.0,0.0,376.63,2.7,1
1791238977.6580644,4813382.66816638,0.0,0.0,376.64,2.7,1
1791238977.8599722,4813382.870074966,4.9,0.0,376.64,2.7,1
1791238978.0621655,4813383.072268498,0.0,0.0,376.64,2.7,1
1791238978.2643034,4813383.274405677,0.0,1.2,376.64,2.7444,1
1791238978.4664855,4813383.476588012,0.0,0.0,376.64,2.7,1
1791238978.66848,4813383.678582691,0.0,0.0,376.64,2.7,1
1791238978.8704371,4813383.880539245,0.0,0.0,376.64,2.7,1
1791238979.0725138,4813384.082616371,0.0,1.3,376.64,2.7481,1
1791238979.2745185,4813384.284621258,0.0,0.0,376.64,2.7,1
1791238979.4766262,4813384.486728697,4.9,1.3,376.64,2.7481,1
1791238979.6785922,4813384.688694938,0.0,0.0,376.64,2.7,1
1791238979.880454,4813384.890556596,5.0,0.0,376.64,2.7,1
1791238980.082631,4813385.092733722,0.0,1.3,376.64,2.7481,1
1791238980.284616,4813385.294718348,0.0,0.0,376.64,2.7,1
1791238980.486797,4813385.496899537,0.0,0.0,376.64,2.7,1
1791238980.6889136,4813385.699016611,0.0,1.2,376.64,2.7444,1
1791238980.890941,4813385.901043216,0.0,0.0,376.64,2.7,1
1791238981.093004,4813386.1031068,0.0,0.0,376.64,2.7,1
1791238981.2950532,4813386.305155905,5.0,1.2,376.64,2.7444,1
1791238981.497173,4813386.507275687,0.0,0.0,376.65,2.7,1
1791238981.6991768,4813386.709279428,0.0,0.0,376.65,2.7,1
1791238981.901029,4813386.911131658,0.0,0.0,376.65,2.7,1
1791238982.1031787,4813387.11328144,0.0,1.3,376.65,2.7481,1
1791238982.3053877,4813387.315490753,4.9,1.2,376.65,2.7444,1
1791238982.507559,4813387.517661836,0.0,1.2,376.65,2.7444,1
1791238982.7095716,4813387.719674431,0.0,0.0,376.65,2.7,1
1791238982.911717,4813387.921819421,0.0,0.0,376.65,2.7,1
1791238983.113855,4813388.12395738,4.9,2.5,376.65,2.7925,1
1791238983.3160367,4813388.326139244,0.0,0.0,376.65,2.7,1
1791238983.5182421,4813388.528345015,0.0,0.0,376.65,2.7,1
1791238983.7196686,4813388.729770527,0.0,18.8,376.65,3.3956,1
1791238983.9213102,4813388.931412028,5.0,10.0,376.65,3.07,1
1791238984.122793,4813389.132895092,0.0,16.9,376.65,3.3253,1
1791238984.3244114,4813389.334513781,0.0,16.0,376.65,3.292,1
1791238984.525829,4813389.535930751,0.0,7.4,376.65,2.9738,1
1791238984.727067,4813389.73716819,0.0,0.0,376.65,2.7,1
1791238984.9283023,4813389.938403859,0.0,0.0,376.65,2.7,1
1791238985.129662,4813390.13976385,9.9,1.3,376.65,2.7481,1
1791238985.331057,4813390.341158841,14.9,3.8,376.65,2.8406,1
1791238985.5324388,4813390.542540446,9.9,3.7,376.65,2.8369,1
1791238985.7338197,4813390.743921322,5.0,0.0,376.66,2.7,1
1791238985.9353564,4813390.945458188,0.0,1.2,376.66,2.7444,1
1791238986.1366808,4813391.146782449,0.0,0.0,376.66,2.7,1
1791238986.338138,4813391.34823994,0.0,0.0,376.66,2.7,1
1791238986.539445,4813391.549546806,0.0,0.0,376.66,2.7,1
1791238986.7408044,4813391.750906015,5.0,0.0,376.66,2.7,1
1791238986.9423072,4813391.952409182,0.0,0.0,376.66,2.7,1
1791238987.1436265,4813392.153728287,0.0,0.0,376.66,2.7,1
1791238987.3447757,4813392.35487708,0.0,0.0,376.66,2.7,1
1791238987.5461373,4813392.556239571,0.0,0.0,376.66,2.7,1
1791238987.747348,4813392.757449561,0.0,1.2,376.66,2.7444,1
1791238987.9486845,4813392.958786375,0.0,0.0,376.66,2.7,1
1791238988.1500587,4813393.160160427,0.0,0.0,376.66,2.7,1
1791238988.3512955,4813393.361397293,0.0,1.2,376.66,2.7444,1
1791238988.5525677,4813393.562669002,0.0,0.0,376.66,2.7,1
1791238988.7546773,4813393.764779772,5.0,0.0,376.66,2.7,1
1791238988.956089,4813393.966190907,0.0,8.9,376.66,3.0293,1
1791238989.1574686,4813394.167570429,0.0,0.0,376.66,2.7,1
1791238989.3588316,4813394.368933335,5.0,0.0,376.66,2.7,1
1791238989.5600986,4813394.570200461,0.0,0.0,376.66,2.7,1
1791238989.7614603,4813394.771562169,0.0,0.0,376.66,2.7,1
1791238989.9628778,4813394.972979607,0.0,1.2,376.66,2.7444,1
1791238990.1641207,4813395.174222409,0.0,1.2,376.66,2.7444,1
1791238990.3654804,4813395.37558193,0.0,0.0,376.66,2.7,1
1791238990.5668106,4813395.576912545,0.0,0.0,376.66,2.7,1
1791238990.768086,4813395.778187795,0.0,1.2,376.66,2.7444,1
1791238990.9694324,4813395.979534191,0.0,0.0,376.66,2.7,1
1791238991.1706457,4813396.180747306,5.0,1.2,376.66,2.7444,1
1791238991.3718777,4813396.38197917,0.0,0.0,376.67,2.7,1
1791238991.5731843,4813396.583286243,0.0,0.0,376.67,2.7,1
1791238991.7744548,4813396.784556649,0.0,0.0,376.67,2.7,1
1791238991.9757934,4813396.985895024,0.0,0.0,376.67,2.7,1
1791238992.1770663,4813397.187167982,0.0,0.0,376.67,2.7,1
1791238992.3784935,4813397.388595263,0.0,1.2,376.67,2.7444,1
1791238992.5797575,4813397.589859314,0.0,0.0,376.67,2.7,1
1791238992.7811244,4813397.791225501,5.0,0.0,376.67,2.7,1
1791238992.982549,4813397.992650907,0.0,1.2,376.67,2.7444,1
1791238993.1837761,4813398.193877459,0.0,0.0,376.67,2.7,1
1791238993.385021,4813398.3951225,5.0,0.0,376.67,2.7,1
1791238993.5863428,4813398.596444468,0.0,0.0,376.67,2.7,1
1791238993.787514,4813398.797615655,0.0,0.0,376.67,2.7,1
1791238993.9895623,4813398.999664809,0.0,1.3,376.67,2.7481,1
1791238994.1917176,4813399.201820369,0.0,0.0,376.67,2.7,1
1791238994.3938375,4813399.403939835,0.0,0.0,376.68,2.7,1
1791238994.5960126,4813399.606115134,0.0,2.4,376.68,2.7888,1
1791238994.7976654,4813399.80776731,4.9,21.0,376.68,3.477,1
1791238994.9990935,4813400.009194903,0.0,11.4,376.68,3.1218,1
1791238995.2022746,4813400.212376606,0.0,19.2,376.68,3.4104,1
1791238995.4037046,4813400.413806125,0.0,16.0,376.68,3.292,1
1791238995.6050665,4813400.615167884,0.0,7.7,376.68,2.9849,1
1791238995.8065085,4813400.81661032,0.0,1.2,376.68,2.7444,1
1791238996.0078733,4813401.017974944,0.0,0.0,376.68,2.7,1
1791238996.209256,4813401.219357849,0.0,1.3,376.68,2.7481,1
1791238996.410717,4813401.420818774,5.0,0.0,376.68,2.7,1
1791238996.6120691,4813401.622170637,0.0,0.0,376.68,2.7,1
1791238996.8131711,4813401.823272553,0.0,0.0,376.68,2.7,1
1791238997.014587,4813402.024688687,0.0,1.3,376.68,2.7481,1
1791238997.2158067,4813402.225908206,5.0,0.0,376.68,2.7,1
1791238997.4171119,4813402.427213715,0.0,0.0,376.68,2.7,1
1791238997.6184678,4813402.62856938,0.0,1.2,376.68,2.7444,1
1791238997.8197436,4813402.829845201,0.0,0.0,376.68,2.7,1
1791238998.0211039,4813403.03120545,0.0,0.0,376.68,2.7,1
1791238998.222507,4813403.23260877,0.0,1.2,376.68,2.7444,1
1791238998.4238513,4813403.433953081,0.0,0.0,376.68,2.7,1
1791238998.6252146,4813403.635316193,0.0,0.0,376.68,2.7,1
1791238998.8265965,4813403.836698473,0.0,1.2,376.68,2.7444,1
1791238999.027957,4813404.038058877,0.0,0.0,376.68,2.7,1
1791238999.229154,4813404.239256052,5.0,0.0,376.68,2.7,1
1791238999.4305892,4813404.440691248,0.0,1.2,376.68,2.7444,1
1791238999.6317322,4813404.641833787,0.0,0.0,376.68,2.7,1
1791238999.8328598,4813404.842961327,0.0,0.0,376.68,2.7,1
1791239000.0349846,4813405.045087355,0.0,1.2,376.68,2.7444,1
1791239000.2370338,4813405.247136455,0.0,0.0,376.68,2.7,1
1791239000.4392328,4813405.449335711,4.9,0.0,376.68,2.7,1
1791239000.641111,4813405.651213405,4.9,0.0,376.68,2.7,1
1791239000.8430853,4813405.853187818,0.0,1.2,376.68,2.7444,1
1791239001.0452132,4813406.055315772,0.0,1.3,376.68,2.7481,1
1791239001.2472599,4813406.257362893,0.0,1.2,376.69,2.7444,1
1791239001.4492722,4813406.459374545,0.0,0.0,376.69,2.7,1
1791239001.651426,4813406.661528541,0.0,1.3,376.69,2.7481,1
1791239001.8533483,4813406.863450922,0.0,0.0,376.69,2.7,1
1791239002.055484,4813407.065586741,0.0,1.3,376.69,2.7481,1
1791239002.2575614,4813407.267664017,4.9,0.0,376.69,2.7,1
1791239002.4597926,4813407.469895148,0.0,0.0,376.69,2.7,1
1791239002.6617932,4813407.671895394,0.0,0.0,376.69,2.7,1
1791239002.8638227,4813407.873925379,0.0,1.2,376.69,2.7444,1
1791239003.0660417,4813408.076144478,4.9,0.0,376.69,2.7,1
1791239003.267954,4813408.278056755,0.0,1.2,376.69,2.7444,1
1791239003.4701629,4813408.480265437,4.9,0.0,376.69,2.7,1
1791239003.6722484,4813408.682350839,0.0,1.2,376.69,2.7444,1
1791239003.8743467,4813408.884449365,0.0,0.0,376.69,2.7,1
1791239004.076442,4813409.086544714,0.0,1.3,376.69,2.7481,1
1791239004.2786229,4813409.288726053,0.0,1.2,376.7,2.7444,1
1791239004.4807239,4813409.490826298,0.0,0.0,376.7,2.7,1
1791239004.6829212,4813409.693023418,4.9,0.0,376.7,2.7,1
1791239004.8848274,4813409.8949296,0.0,0.0,376.7,2.7,1
1791239005.0870163,4813410.097119637,0.0,2.4,376.7,2.7888,1
1791239005.2889528,4813410.299055611,0.0,0.0,376.7,2.7,1
1791239005.491335,4813410.501437938,0.0,0.0,376.7,2.7,1
1791239005.6935546,4813410.703657506,4.9,10.1,376.7,3.0737,1
1791239005.895009,4813410.90511072,0.0,10.0,376.7,3.07,1
1791239006.0963798,4813411.106481487,0.0,11.1,376.7,3.1107,1
1791239006.2977586,4813411.307859962,0.0,19.0,376.7,3.403,1
1791239006.4991777,4813411.509279635,0.0,12.5,376.7,3.1625,1
1791239006.7005687,4813411.710670611,0.0,6.4,376.7,2.9368,1
1791239006.9021773,4813411.912279189,19.9,3.8,376.7,2.8406,1
1791239007.1035645,4813412.113666258,5.0,4.9,376.7,2.8813,1
1791239007.3049119,4813412.315013639,14.9,2.5,376.7,2.7925,1
1791239007.5063503,4813412.516452218,0.0,2.4,376.7,2.7888,1
1791239007.7077203,4813412.717821735,0.0,0.0,376.7,2.7,1
1791239007.9089973,4813412.91909896,0.0,0.0,376.7,2.7,1
1791239008.1104674,4813413.120569466,0.0,1.3,376.7,2.7481,1
1791239008.3117075,4813413.321808982,5.0,0.0,376.7,2.7,1
1791239008.5130725,4813413.523174228,0.0,0.0,376.7,2.7,1
1791239008.7143633,4813413.724465203,0.0,0.0,376.7,2.7,1
1791239008.915531,4813413.925632324,0.0,0.0,376.7,2.7,1
1791239009.1169155,4813414.127017413,0.0,0.0,376.71,2.7,1
1791239009.3181717,4813414.328273492,0.0,0.0,376.71,2.7,1
1791239009.5194607,4813414.529562018,0.0,1.2,376.71,2.7444,1
1791239009.7206037,4813414.730705441,0.0,0.0,376.71,2.7,1
1791239009.921716,4813414.931817562,0.0,0.0,376.71,2.7,1
1791239010.123094,4813415.133195671,0.0,1.3,376.71,2.7481,1
1791239010.32443,4813415.334531489,5.0,0.0,376.71,2.7,1
1791239010.5257905,4813415.535892307,0.0,0.0,376.71,2.7,1
1791239010.7271662,4813415.7372675,0.0,0.0,376.71,2.7,1
1791239010.9290519,4813415.93915415,0.0,0.0,376.71,2.7,1
1791239011.1312137,4813416.141316217,0.0,1.3,376.71,2.7481,1
1791239011.3331673,4813416.343269898,0.0,0.0,376.71,2.7,1
1791239011.5353332,4813416.545435661,4.9,0.0,376.71,2.7,1
1791239011.737204,4813416.747306061,0.0,0.0,376.71,2.7,1
1791239011.939412,4813416.949514898,5.0,2.5,376.71,2.7925,1
1791239012.1414382,4813417.151540558,0.0,0.0,376.71,2.7,1
1791239012.3434646,4813417.353567311,0.0,0.0,376.71,2.7,1
1791239012.5455534,4813417.555655836,0.0,0.0,376.71,2.7,1
1791239012.7474768,4813417.757579621,0.0,0.0,376.71,2.7,1
1791239012.949591,4813417.959693822,0.0,1.2,376.71,2.7444,1
1791239013.1517558,4813418.161858492,4.9,1.3,376.71,2.7481,1
1791239013.3536685,4813418.363770714,0.0,0.0,376.71,2.7,1
1791239013.5557475,4813418.565850071,0.0,0.0,376.71,2.7,1
1791239013.757855,4813418.76795797,0.0,0.0,376.71,2.7,1
1791239013.9600408,4813418.970143161,0.0,1.3,376.71,2.7481,1
1791239014.1620567,4813419.172159705,5.0,0.0,376.71,2.7,1
1791239014.3641107,4813419.374213073,0.0,0.0,376.71,2.7,1
1791239014.566211,4813419.576313472,0.0,0.0,376.71,2.7,1
1791239014.768149,4813419.778251839,0.0,0.0,376.71,2.7,1
1791239014.9702883,4813419.980391144,5.0,1.2,376.71,2.7444,1
1791239015.1721752,4813420.182277429,0.0,1.2,376.71,2.7444,1
1791239015.3742573,4813420.384360119,0.0,0.0,376.71,2.7,1
1791239015.5763464,4813420.586449267,0.0,0.0,376.71,2.7,1
1791239015.778369,4813420.788471697,0.0,0.0,376.72,2.7,1
1791239015.9804668,4813420.990569856,4.9,1.2,376.72,2.7444,1
1791239016.18256,4813421.192662911,0.0,0.0,376.72,2.7,1
1791239016.3845396,4813421.394642267,0.0,0.0,376.72,2.7,1
1791239016.5867639,4813421.596866676,0.0,0.0,376.72,2.7,1
1791239016.7921808,4813421.802283525,0.0,9.8,376.72,3.0626,1
1791239016.9936507,4813422.003752519,4.9,13.7,376.73,3.2069,1
1791239017.1950634,4813422.205165053,0.0,6.3,376.73,2.9331,1
1791239017.3970513,4813422.40715342,5.0,21.8,376.73,3.5066,1
1791239017.598501,4813422.60860257,0.0,12.5,376.73,3.1625,1
1791239017.7998717,4813422.809973021,0.0,9.9,376.73,3.0663,1
1791239018.0012085,4813423.011310348,0.0,0.0,376.73,2.7,1
1791239018.2025306,4813423.212632414,0.0,0.0,376.73,2.7,1
1791239018.4038818,4813423.413983543,0.0,0.0,376.73,2.7,1
1791239018.6052282,4813423.615329984,0.0,0.0,376.73,2.7,1
1791239018.806613,4813423.816714602,5.0,1.2,376.73,2.7444,1
1791239019.0079775,4813424.018078959,0.0,1.3,376.73,2.7481,1
1791239019.2091632,4813424.21926488,0.0,0.0,376.73,2.7,1
1791239019.410564,4813424.420665748,0.0,0.0,376.73,2.7,1
1791239019.6118813,4813424.621982865,0.0,0.0,376.73,2.7,1
1791239019.813244,4813424.823345452,0.0,0.0,376.73,2.7,1
1791239020.0146506,4813425.024752622,0.0,1.2,376.73,2.7444,1
1791239020.21591,4813425.226011302,5.0,0.0,376.73,2.7,1
1791239020.4171903,4813425.427292482,0.0,0.0,376.73,2.7,1
1791239020.6185477,4813425.628649392,0.0,0.0,376.73,2.7,1
1791239020.8197048,4813425.829806458,0.0,0.0,376.73,2.7,1
1791239021.021056,4813426.031157742,0.0,1.3,376.73,2.7481,1
1791239021.2222486,4813426.23235012,0.0,0.0,376.73,2.7,1
1791239021.423496,4813426.43359755,0.0,0.0,376.73,2.7,1
1791239021.624849,4813426.634951126,0.0,0.0,376.73,2.7,1
1791239021.826005,4813426.836106629,0.0,0.0,376.73,2.7,1
1791239022.0280433,4813427.038146245,0.0,0.0,376.73,2.7,1
1791239022.2302654,4813427.240367735,5.0,0.0,376.73,2.7,1
1791239022.432397,4813427.442499226,0.0,1.2,376.73,2.7444,1
1791239022.6345992,4813427.64470181,0.0,2.5,376.73,2.7925,1
1791239022.83666,4813427.846762571,0.0,0.0,376.73,2.7,1
1791239023.0388846,4813428.048987239,0.0,2.5,376.73,2.7925,1
1791239023.240939,4813428.251041437,0.0,0.0,376.73,2.7,1
1791239023.4430857,4813428.453188292,4.9,0.0,376.73,2.7,1
1791239023.645062,4813428.65516473,0.0,0.0,376.73,2.7,1
1791239023.8470137,4813428.857116117,0.0,0.0,376.73,2.7,1
1791239024.0490978,4813429.059200263,0.0,1.3,376.73,2.7481,1
1791239024.251238,4813429.261340712,0.0,0.0,376.74,2.7,1
1791239024.453276,4813429.46337866,4.9,0.0,376.74,2.7,1
1791239024.6553247,4813429.665427442,0.0,0.0,376.74,2.7,1
1791239024.8572955,4813429.86739763,5.0,0.0,376.74,2.7,1
1791239025.0594497,4813430.069552349,0.0,2.5,376.74,2.7925,1
1791239025.2613428,4813430.271445506,0.0,0.0,376.74,2.7,1
1791239025.4634492,4813430.473552204,0.0,0.0,376.74,2.7,1
1791239025.6655536,4813430.675656402,4.9,1.2,376.74,2.7444,1
1791239025.8675728,4813430.877675445,0.0,0.0,376.74,2.7,1
1791239026.0696428,4813431.079745424,0.0,1.3,376.74,2.7481,1
1791239026.2717507,4813431.281853424,0.0,1.2,376.74,2.7444,1
1791239026.4738069,4813431.483909289,0.0,0.0,376.74,2.7,1
1791239026.6759324,4813431.686035101,0.0,0.0,376.74,2.7,1
1791239026.877838,4813431.887940341,0.0,0.0,376.74,2.7,1
1791239027.0800173,4813432.090120164,4.9,1.2,376.74,2.7444,1
1791239027.2818801,4813432.291982799,0.0,0.0,376.74,2.7,1
1791239027.4840665,4813432.494169497,0.0,1.3,376.74,2.7481,1
1791239027.6862566,4813432.696359267,0.0,0.0,376.74,2.7,1
1791239027.8884633,4813432.898566277,4.9,8.9,376.74,3.0293,1
1791239028.0906498,4813433.10075261,9.9,25.0,376.74,3.625,1
1791239028.2920427,4813433.302144673,19.8,43.8,376.74,4.3206,1
1791239028.4934292,4813433.503531008,29.8,26.9,376.75,3.6953,1
1791239028.6949203,4813433.705021717,0.0,12.7,376.75,3.1699,1
1791239028.8963528,4813433.906454874,0.0,11.1,376.75,3.1107,1
1791239029.0977561,4813434.107858031,5.0,17.7,376.75,3.3549,1
1791239029.2990131,4813434.309115043,0.0,0.0,376.75,2.7,1
1791239029.500383,4813434.51048445,0.0,0.0,376.75,2.7,1
1791239029.7016635,4813434.711765159,0.0,0.0,376.75,2.7,1
1791239029.9029388,4813434.913040504,0.0,0.0,376.75,2.7,1
1791239030.1042995,4813435.114401369,0.0,1.2,376.75,2.7444,1
1791239030.3057053,4813435.315806714,0.0,0.0,376.75,2.7,1
1791239030.5070958,4813435.517197527,0.0,0.0,376.75,2.7,1
1791239030.7084415,4813435.7185436,0.0,1.2,376.75,2.7444,1
1791239030.90963,4813435.919731758,0.0,0.0,376.75,2.7,1
1791239031.1110275,4813436.121129081,0.0,1.2,376.75,2.7444,1
1791239031.3121333,4813436.322234947,0.0,0.0,376.75,2.7,1
1791239031.5134926,4813436.523594353,0.0,0.0,376.75,2.7,1
1791239031.7149043,4813436.725006312,5.0,1.3,376.75,2.7481,1
1791239031.916098,4813436.926199417,0.0,0.0,376.75,2.7,1
1791239032.117441,4813437.12754299,0.0,0.0,376.75,2.7,1
1791239032.3188393,4813437.328941094,0.0,0.0,376.75,2.7,1
1791239032.5202003,4813437.530301959,0.0,0.0,376.75,2.7,1
1791239032.721515,4813437.731616782,0.0,0.0,376.76,2.7,1
1791239032.922746,4813437.932847856,5.0,0.0,376.76,2.7,1
1791239033.1240933,4813438.134194918,0.0,1.3,376.76,2.7481,1
1791239033.3260658,4813438.336168438,0.0,0.0,376.76,2.7,1
1791239033.5281742,4813438.538276748,4.9,0.0,376.76,2.7,1
1791239033.7303712,4813438.740474382,0.0,0.0,376.76,2.7,1
1791239033.9326708,4813438.942773474,0.0,1.3,376.76,2.7481,1
1791239034.134858,4813439.144960951,0.0,1.2,376.76,2.7444,1
1791239034.3369226,4813439.34702572,0.0,0.0,376.76,2.7,1
1791239034.53908,4813439.549182468,4.9,1.3,376.76,2.7481,1
1791239034.7412126,4813439.751315362,0.0,0.0,376.76,2.7,1
1791239034.9434147,4813439.95351763,0.0,0.0,376.76,2.7,1
1791239035.145494,4813440.155596618,0.0,0.0,376.76,2.7,1
1791239035.3473942,4813440.357496752,0.0,1.2,376.76,2.7444,1
1791239035.5494616,4813440.559564281,4.9,0.0,376.76,2.7,1
1791239035.7514136,4813440.761515977,0.0,0.0,376.76,2.7,1
1791239035.9535286,4813440.963631683,0.0,0.0,376.76,2.7,1
1791239036.1556075,4813441.165710254,0.0,2.4,376.76,2.7888,1
1791239036.357525,4813441.367627731,0.0,0.0,376.76,2.7,1
1791239036.5596395,4813441.569742447,4.9,0.0,376.77,2.7,1
1791239036.761535,4813441.771637424,0.0,0.0,376.77,2.7,1
1791239036.963707,4813441.973809536,0.0,1.3,376.77,2.7481,1
1791239037.1657977,4813442.175900398,0.0,0.0,376.77,2.7,1
1791239037.3680377,4813442.378148083,0.0,0.0,376.77,2.7,1
1791239037.570091,4813442.580193841,5.0,0.0,376.77,2.7,1
1791239037.7722168,4813442.782319442,0.0,2.5,376.77,2.7925,1
1791239037.9744394,4813442.984542388,0.0,0.0,376.77,2.7,1
1791239038.1765382,4813443.186640697,4.9,1.2,376.77,2.7444,1
1791239038.378736,4813443.388839111,0.0,0.0,376.77,2.7,1
1791239038.5808244,4813443.590927056,0.0,0.0,376.77,2.7,1
1791239038.7830312,4813443.793133959,0.0,0.0,376.77,2.7,1
1791239038.9853218,4813443.99542482,4.9,13.6,376.77,3.2032,1
1791239039.1867828,4813444.196884485,0.0,11.2,376.77,3.1144,1
1791239039.3881469,4813444.39824863,0.0,6.3,376.77,2.9331,1
1791239039.5895376,4813444.599639753,0.0,16.9,376.77,3.3253,1
1791239039.7909622,4813444.801064002,0.0,22.2,376.77,3.5214,1
1791239039.9923239,4813445.002425542,0.0,1.2,376.77,2.7444,1
1791239040.193668,4813445.203769478,0.0,0.0,376.77,2.7,1
1791239040.395033,4813445.405134664,0.0,0.0,376.77,2.7,1
1791239040.5963502,4813445.606451933,0.0,0.0,376.77,2.7,1
1791239040.7977455,4813445.807847327,0.0,0.0,376.77,2.7,1
1791239040.9991107,4813446.009212617,0.0,1.2,376.77,2.7444,1
1791239041.2003222,4813446.21042374,5.0,0.0,376.77,2.7,1
1791239041.4015727,4813446.411674395,0.0,0.0,376.77,2.7,1
1791239041.602907,4813446.613008747,0.0,0.0,376.78,2.7,1
1791239041.8040545,4813446.814156225,0.0,0.0,376.78,2.7,1
1791239042.0053918,4813447.015493442,0.0,1.2,376.78,2.7444,1
1791239042.206857,4813447.216958783,5.0,0.0,376.78,2.7,1
1791239042.4082296,4813447.41833126,0.0,0.0,376.78,2.7,1
1791239042.6095805,4813447.619682643,0.0,0.0,376.78,2.7,1
1791239042.8108783,4813447.82097986,0.0,0.0,376.78,2.7,1
1791239043.012235,4813448.022336816,0.0,0.0,376.78,2.7,1
1791239043.2134848,4813448.223586533,5.0,0.0,376.78,2.7,1
1791239043.4147487,4813448.424850468,0.0,0.0,376.78,2.7,1
1791239043.6160612,4813448.626162841,0.0,0.0,376.78,2.7,1
1791239043.8173962,4813448.827498078,0.0,0.0,376.78,2.7,1
1791239044.0195172,4813449.029619876,0.0,1.3,376.78,2.7481,1
1791239044.2215307,4813449.231633653,0.0,0.0,376.78,2.7,1
1791239044.4236095,4813449.433712326,5.0,1.2,376.79,2.7444,1
1791239044.6256003,4813449.635702874,0.0,0.0,376.79,2.7,1
1791239044.8275394,4813449.837642277,0.0,1.2,376.79,2.7444,1
1791239045.0295994,4813450.039701939,0.0,0.0,376.79,2.7,1
1791239045.231544,4813450.241646706,0.0,0.0,376.79,2.7,1
1791239045.4335134,4813450.443616056,0.0,0.0,376.79,2.7,1
1791239045.6356413,4813450.645744416,0.0,1.2,376.79,2.7444,1
1791239045.8374712,4813450.847573923,0.0,0.0,376.79,2.7,1
1791239046.039651,4813451.049753585,4.9,0.0,376.79,2.7,1
1791239046.2415094,4813451.251611737,0.0,0.0,376.79,2.7,1
1791239046.443642,4813451.453744524,0.0,0.0,376.79,2.7,1
1791239046.6457233,4813451.6558258,0.0,0.0,376.79,2.7,1
1791239046.8478758,4813451.857978587,4.9,0.0,376.79,2.7,1
1791239047.0500808,4813452.060184082,0.0,1.2,376.79,2.7444,1
1791239047.2521741,4813452.262276556,0.0,0.0,376.79,2.7,1
1791239047.4543443,4813452.464446739,0.0,0.0,376.79,2.7,1
1791239047.656293,4813452.666395411,4.9,1.2,376.79,2.7444,1
1791239047.8582525,4813452.868355021,0.0,0.0,376.79,2.7,1
1791239048.0603247,4813453.070427027,0.0,1.3,376.79,2.7481,1
1791239048.2623644,4813453.272466949,0.0,0.0,376.79,2.7,1
1791239048.4644966,4813453.47459911,0.0,1.2,376.79,2.7444,1
1791239048.666452,4813453.676554501,4.9,0.0,376.79,2.7,1
1791239048.8685389,4813453.878641038,0.0,1.2,376.79,2.7444,1
1791239049.0700445,4813454.080146482,0.0,11.3,376.79,3.1181,1
1791239049.271272,4813454.281373541,5.0,0.0,376.79,2.7,1
1791239049.4726129,4813454.482714402,0.0,0.0,376.79,2.7,1
1791239049.6740339,4813454.684135575,0.0,0.0,376.79,2.7,1
1791239049.8754158,4813454.885517686,0.0,0.0,376.79,2.7,1
1791239050.0767944,4813455.086896046,0.0,15.9,376.8,3.2883,1
1791239050.2782443,4813455.288346021,0.0,6.3,376.8,2.9331,1
1791239050.479616,4813455.489717611,0.0,11.7,376.8,3.1329,1
1791239050.6811318,4813455.691233524,0.0,12.7,376.8,3.1699,1
1791239050.8826005,4813455.892701988,0.0,15.2,376.8,3.2624,1
1791239051.0839674,4813456.094069255,0.0,0.0,376.8,2.7,1
1791239051.2851782,4813456.295280168,5.0,0.0,376.8,2.7,1
1791239051.486581,4813456.496682799,0.0,0.0,376.8,2.7,1
1791239051.6879618,4813456.698063503,14.9,3.8,376.8,2.8406,1
1791239051.889332,4813456.899434155,19.9,6.2,376.8,2.9294,1
1791239052.0907543,4813457.100856057,19.9,5.0,376.8,2.885,1
1791239052.2921696,4813457.302270823,0.0,0.0,376.8,2.7,1
1791239052.4935095,4813457.503611839,0.0,0.0,376.8,2.7,1
1791239052.6949203,4813457.70502197,0.0,0.0,376.8,2.7,1
1791239052.8961546,4813457.906255695,0.0,0.0,376.8,2.7,1
1791239053.0975246,4813458.107626816,0.0,1.2,376.8,2.7444,1
1791239053.2987893,4813458.308891165,5.0,0.0,376.8,2.7,1
1791239053.5001583,4813458.510260046,0.0,0.0,376.8,2.7,1
1791239053.701359,4813458.711460906,0.0,0.0,376.8,2.7,1
1791239053.902692,4813458.912793798,0.0,0.0,376.8,2.7,1
1791239054.1047873,4813459.114889864,0.0,1.3,376.8,2.7481,1
1791239054.3069327,4813459.31703541,0.0,0.0,376.8,2.7,1
1791239054.5089705,4813459.519073299,4.9,0.0,376.8,2.7,1
1791239054.7109997,4813459.721110303,0.0,1.2,376.8,2.7444,1
1791239054.9128892,4813459.922991787,0.0,0.0,376.8,2.7,1
1791239055.1148932,4813460.12499577,0.0,0.0,376.8,2.7,1
1791239055.3167918,4813460.326894232,0.0,0.0,376.8,2.7,1
1791239055.5190043,4813460.52910733,5.0,1.2,376.8,2.7444,1
1791239055.721157,4813460.731259594,0.0,0.0,376.81,2.7,1
1791239055.9231274,4813460.933229879,0.0,0.0,376.81,2.7,1
1791239056.1252105,4813461.13531308,0.0,1.3,376.81,2.7481,1
1791239056.3273194,4813461.337422167,4.9,0.0,376.81,2.7,1
1791239056.5293784,4813461.539480889,0.0,0.0,376.81,2.7,1
1791239056.731317,4813461.741419716,0.0,1.2,376.81,2.7444,1
1791239056.9335582,4813461.943661303,0.0,0.0,376.81,2.7,1
1791239057.1357336,4813462.145836118,0.0,1.2,376.81,2.7444,1
1791239057.3376415,4813462.347744007,0.0,0.0,376.81,2.7,1
1791239057.5397465,4813462.54984924,0.0,0.0,376.81,2.7,1
1791239057.7416291,4813462.75173192,5.0,0.0,376.81,2.7,1
1791239057.943776,4813462.953878507,0.0,1.2,376.81,2.7444,1
1791239058.145798,4813463.155900146,0.0,0.0,376.81,2.7,1
1791239058.3479025,4813463.358005065,0.0,1.3,376.81,2.7481,1
1791239058.5500877,4813463.560190245,4.9,0.0,376.82,2.7,1
1791239058.752221,4813463.76232355,0.0,0.0,376.82,2.7,1
1791239058.9544253,4813463.964527741,0.0,1.3,376.82,2.7481,1
1791239059.1564896,4813464.166599743,0.0,1.3,376.82,2.7481,1
1791239059.3586626,4813464.368765444,0.0,0.0,376.82,2.7,1
1791239059.560753,4813464.57085578,4.9,0.0,376.82,2.7,1
1791239059.7627058,4813464.772808669,0.0,0.0,376.82,2.7,1
1791239059.9647808,4813464.97488364,0.0,1.3,376.82,2.7481,1
1791239060.1669173,4813465.177020122,4.9,0.0,376.82,2.7,1
1791239060.3689876,4813465.379089885,0.0,0.0,376.82,2.7,1
1791239060.5710988,4813465.581201679,0.0,1.3,376.82,2.7481,1
1791239060.7729518,4813465.783054307,0.0,0.0,376.82,2.7,1
1791239060.9758232,4813465.985926517,0.0,2.5,376.82,2.7925,1
1791239061.1774955,4813466.187597791,0.0,18.2,376.82,3.3734,1
1791239061.3798301,4813466.389932605,0.0,11.4,376.82,3.1218,1
1791239061.583482,4813466.593584656,4.9,21.5,376.82,3.4955,1
1791239061.7873878,4813466.797490456,4.9,18.5,376.82,3.3845,1
1791239061.9887977,4813466.998899492,0.0,10.3,376.82,3.0811,1
1791239062.1902263,4813467.20032811,0.0,0.0,376.82,2.7,1
1791239062.3915894,4813467.401691259,0.0,1.2,376.82,2.7444,1
1791239062.592868,4813467.602969878,0.0,0.0,376.82,2.7,1
1791239062.7941806,4813467.80428235,0.0,0.0,376.82,2.7,1
1791239062.9955602,4813468.005661698,0.0,0.0,376.82,2.7,1
1791239063.196714,4813468.206815681,0.0,0.0,376.82,2.7,1
1791239063.398065,4813468.408167008,0.0,0.0,376.82,2.7,1
1791239063.5993896,4813468.609491303,0.0,0.0,376.82,2.7,1
1791239063.8005862,4813468.810687994,0.0,0.0,376.82,2.7,1
1791239064.002025,4813469.012126456,0.0,1.3,376.82,2.7481,1
1791239064.2033987,4813469.213500438,0.0,2.4,376.83,2.7888,1
1791239064.404635,4813469.414736713,5.0,0.0,376.83,2.7,1
1791239064.6060004,4813469.616102258,0.0,0.0,376.83,2.7,1
1791239064.8073523,4813469.817454053,0.0,0.0,376.83,2.7,1
1791239065.0087237,4813470.018825171,0.0,0.0,376.83,2.7,1
1791239065.2098615,4813470.219963372,0.0,0.0,376.83,2.7,1
1791239065.411159,4813470.421260896,0.0,1.2,376.83,2.7444,1
1791239065.612443,4813470.622544618,0.0,0.0,376.83,2.7,1
1791239065.8135724,4813470.823673913,5.0,0.0,376.83,2.7,1
1791239066.0149438,4813471.025045552,5.0,0.0,376.83,2.7,1
1791239066.2161257,4813471.226227191,0.0,0.0,376.83,2.7,1
1791239066.4174557,4813471.427557371,0.0,0.0,376.83,2.7,1
1791239066.6191516,4813471.629254633,0.0,1.3,376.83,2.7481,1
1791239066.8210363,4813471.831138614,0.0,0.0,376.83,2.7,1
1791239067.0232632,4813472.033366136,0.0,1.3,376.83,2.7481,1
1791239067.2251976,4813472.235299908,0.0,0.0,376.83,2.7,1
1791239067.4273112,4813472.43741368,0.0,1.2,376.83,2.7444,1
1791239067.6293657,4813472.639468441,0.0,0.0,376.83,2.7,1
1791239067.8315244,4813472.841627213,4.9,0.0,376.83,2.7,1
1791239068.0336823,4813473.043785412,0.0,1.3,376.84,2.7481,1
1791239068.2360811,4813473.246184287,0.0,1.2,376.84,2.7444,1
1791239068.4383438,4813473.448446704,0.0,0.0,376.84,2.7,1
1791239068.6404552,4813473.650557872,0.0,1.2,376.84,2.7444,1
1791239068.842527,4813473.852629612,4.9,0.0,376.85,2.7,1
1791239069.0446653,4813474.054768279,0.0,0.0,376.85,2.7,1
1791239069.2466173,4813474.25672002,0.0,1.3,376.85,2.7481,1
1791239069.44869,4813474.458792698,0.0,0.0,376.85,2.7,1
1791239069.65083,4813474.660932823,4.9,0.0,376.85,2.7,1
1791239069.8526766,4813474.862778574,0.0,0.0,376.85,2.7,1
1791239070.0548255,4813475.064928075,0.0,1.3,376.85,2.7481,1
1791239070.2569082,4813475.267010596,0.0,0.0,376.85,2.7,1
1791239070.4591212,4813475.469224106,4.9,0.0,376.85,2.7,1
1791239070.661419,4813475.671522252,0.0,0.0,376.85,2.7,1
1791239070.8634295,4813475.873532794,0.0,1.2,376.85,2.7444,1
1791239071.065548,4813476.075650159,0.0,0.0,376.85,2.7,1
1791239071.2674847,4813476.277586795,0.0,1.2,376.85,2.7444,1
1791239071.4696074,4813476.47971067,0.0,1.2,376.85,2.7444,1
1791239071.6716468,4813476.681749493,0.0,0.0,376.85,2.7,1
1791239071.8736284,4813476.883731442,5.0,0.0,376.85,2.7,1
1791239072.0800683,4813477.090171245,0.0,7.5,376.86,2.9775,1
1791239072.2818227,4813477.291924756,0.0,13.8,376.86,3.2106,1
1791239072.4837596,4813477.4938616,0.0,10.1,376.86,3.0737,1
1791239072.6851819,4813477.695283862,5.0,18.2,376.86,3.3734,1
1791239072.8886182,4813477.898720859,0.0,19.8,376.86,3.4326,1
1791239073.0901103,4813478.100211714,0.0,2.5,376.86,2.7925,1
1791239073.2913058,4813478.301407518,0.0,1.2,376.86,2.7444,1
1791239073.4926138,4813478.502715717,0.0,0.0,376.86,2.7,1
1791239073.6940496,4813478.704151416,0.0,1.2,376.86,2.7444,1
1791239073.895399,4813478.905500709,0.0,0.0,376.86,2.7,1
1791239074.0967462,4813479.106848023,5.0,0.0,376.86,2.7,1
1791239074.298487,4813479.308588982,0.0,5.1,376.86,2.8887,1
1791239074.4998722,4813479.509973847,5.0,9.8,376.86,3.0626,1
1791239074.7012146,4813479.711316421,0.0,0.0,376.86,2.7,1
1791239074.902525,4813479.9126266,0.0,0.0,376.86,2.7,1
1791239075.1038911,4813480.113992767,0.0,0.0,376.86,2.7,1
1791239075.3050191,4813480.315120394,0.0,0.0,376.86,2.7,1
1791239075.5064116,4813480.516513332,0.0,0.0,376.86,2.7,1
1791239075.7076235,4813480.71772549,0.0,0.0,376.86,2.7,1
1791239075.9088326,4813480.918934158,0.0,0.0,376.87,2.7,1
1791239076.1102598,4813481.120361315,0.0,1.2,376.87,2.7444,1
1791239076.3114855,4813481.321587222,0.0,0.0,376.87,2.7,1
1791239076.5127928,4813481.522894639,5.0,0.0,376.87,2.7,1
1791239076.7142217,4813481.724323306,0.0,0.0,376.87,2.7,1
1791239076.915596,4813481.925697859,19.9,6.2,376.87,2.9294,1
1791239077.1169775,4813482.127078974,14.9,5.0,376.87,2.885,1
1791239077.3183868,4813482.328488423,0.0,1.3,376.87,2.7481,1
1791239077.5204437,4813482.53054589,5.0,0.0,376.87,2.7,1
1791239077.722436,4813482.732538775,0.0,0.0,376.87,2.7,1
1791239077.9244938,4813482.934596138,0.0,1.2,376.87,2.7444,1
1791239078.1266994,4813483.136802356,0.0,0.0,376.87,2.7,1
1791239078.3288484,4813483.338951177,0.0,0.0,376.87,2.7,1
1791239078.530959,4813483.541061665,0.0,1.2,376.87,2.7444,1
1791239078.732982,4813483.743084549,4.9,0.0,376.87,2.7,1
1791239078.9356983,4813483.945801286,0.0,0.0,376.87,2.7,1
1791239079.1378524,4813484.147955264,4.9,1.2,376.87,2.7444,1
1791239079.3398154,4813484.34991794,0.0,1.2,376.87,2.7444,1
1791239079.5420525,4813484.552155406,0.0,0.0,376.87,2.7,1
1791239079.744165,4813484.754267301,4.9,1.2,376.87,2.7444,1
1791239079.946403,4813484.956505757,0.0,0.0,376.87,2.7,1
1791239080.1485126,4813485.158615047,0.0,0.0,376.88,2.7,1
1791239080.3506596,4813485.360762201,0.0,0.0,376.88,2.7,1
1791239080.5527492,4813485.562851595,0.0,0.0,376.88,2.7,1
1791239080.7548656,4813485.764968489,4.9,1.2,376.88,2.7444,1
1791239080.956986,4813485.967088352,0.0,1.3,376.88,2.7481,1
1791239081.1592014,4813486.169303839,0.0,0.0,376.88,2.7,1
1791239081.3612192,4813486.371321515,0.0,0.0,376.88,2.7,1
1791239081.5633993,4813486.573502002,0.0,2.4,376.88,2.7888,1
1791239081.7653978,4813486.775500354,4.9,1.3,376.88,2.7481,1
1791239081.9675608,4813486.977663342,0.0,0.0,376.88,2.7,1
1791239082.1695907,4813487.179693725,0.0,0.0,376.88,2.7,1
1791239082.3717427,4813487.38184515,0.0,1.3,376.88,2.7481,1
1791239082.5737731,4813487.583876002,0.0,0.0,376.88,2.7,1
1791239082.775906,4813487.786008416,4.9,0.0,376.88,2.7,1
1791239082.97812,4813487.988222654,0.0,1.3,376.88,2.7481,1
1791239083.1802418,4813488.190343974,0.0,21.2,376.88,3.4844,1
1791239083.38164,4813488.391741754,0.0,8.6,376.88,3.0182,1
1791239083.5830488,4813488.593150524,0.0,13.9,376.88,3.2143,1
1791239083.7847059,4813488.794808512,5.0,11.5,376.88,3.1255,1
1791239083.9861925,4813488.996294313,0.0,16.5,376.88,3.3105,1
1791239084.1875482,4813489.19765001,0.0,0.0,376.88,2.7,1
1791239084.3889234,4813489.399025238,0.0,1.2,376.89,2.7444,1
1791239084.5902994,4813489.600401248,0.0,0.0,376.89,2.7,1
1791239084.791585,4813489.801686841,0.0,0.0,376.89,2.7,1
1791239084.992943,4813490.003044933,5.0,1.2,376.89,2.7444,1
1791239085.1943834,4813490.20448537,0.0,0.0,376.89,2.7,1
1791239085.3956273,4813490.405728931,0.0,0.0,376.89,2.7,1
1791239085.596998,4813490.607100097,0.0,0.0,376.89,2.7,1
1791239085.7984717,4813490.808573293,0.0,1.2,376.89,2.7444,1
1791239085.999825,4813491.009926386,0.0,0.0,376.89,2.7,1
1791239086.2011878,4813491.21128979,0.0,0.0,376.89,2.7,1
1791239086.4026995,4813491.41280158,5.0,2.4,376.89,2.7888,1
1791239086.6040502,4813491.614151912,0.0,0.0,376.89,2.7,1
1791239086.8051827,4813491.815284432,0.0,0.0,376.89,2.7,1
1791239087.006609,4813492.016710545,0.0,1.2,376.89,2.7444,1
1791239087.2078118,4813492.217913325,0.0,0.0,376.89,2.7,1
1791239087.40913,4813492.419231626,0.0,0.0,376.89,2.7,1
1791239087.6105237,4813492.620625655,0.0,0.0,376.89,2.7,1
1791239087.8117435,4813492.82184505,5.0,0.0,376.89,2.7,1
1791239088.013118,4813493.023219496,0.0,1.3,376.89,2.7481,1
1791239088.2152092,4813493.225311909,0.0,0.0,376.89,2.7,1
1791239088.4172163,4813493.42731901,0.0,0.0,376.89,2.7,1
1791239088.6193364,4813493.629439027,0.0,1.2,376.89,2.7444,1
1791239088.821468,4813493.831570711,0.0,0.0,376.89,2.7,1
1791239089.023624,4813494.033726457,4.9,1.3,376.89,2.7481,1
1791239089.2255425,4813494.235645277,0.0,0.0,376.89,2.7,1
1791239089.427599,4813494.437701596,0.0,0.0,376.89,2.7,1
1791239089.6296668,4813494.639769478,0.0,0.0,376.89,2.7,1
1791239089.8318832,4813494.841986005,4.9,2.5,376.89,2.7925,1
1791239090.0340629,4813495.044165762,0.0,0.0,376.89,2.7,1
1791239090.2359529,4813495.246055258,0.0,1.2,376.89,2.7444,1
1791239090.4381638,4813495.448266629,0.0,0.0,376.89,2.7,1
1791239090.6402805,4813495.650383417,4.9,1.3,376.89,2.7481,1
1791239090.842234,4813495.852336507,0.0,0.0,376.89,2.7,1
1791239091.0443656,4813496.054468347,0.0,0.0,376.89,2.7,1
1791239091.2464018,4813496.256504353,0.0,0.0,376.89,2.7,1
1791239091.4485168,4813496.458619474,0.0,1.2,376.89,2.7444,1
1791239091.6508043,4813496.660907042,4.9,0.0,376.9,2.7,1
1791239091.8528585,4813496.862961486,0.0,0.0,376.9,2.7,1
1791239092.0551038,4813497.065206607,0.0,1.3,376.9,2.7481,1
1791239092.2571857,4813497.267288498,4.9,0.0,376.9,2.7,1
1791239092.4594069,4813497.46950966,0.0,1.2,376.9,2.7444,1
1791239092.6614559,4813497.671558323,0.0,0.0,376.9,2.7,1
1791239092.8634293,4813497.873531777,0.0,0.0,376.9,2.7,1
1791239093.0655448,4813498.075647939,0.0,0.0,376.9,2.7,1
1791239093.267532,4813498.277634831,0.0,1.2,376.9,2.7444,1
1791239093.469519,4813498.479621983,0.0,0.0,376.9,2.7,1
1791239093.6720204,4813498.682123352,0.0,1.2,376.9,2.7444,1
1791239093.8741775,4813498.884279879,0.0,0.0,376.9,2.7,1
1791239094.0797331,4813499.089835304,4.9,18.1,376.9,3.3697,1
1791239094.2811642,4813499.291265686,0.0,10.1,376.91,3.0737,1
1791239094.4827414,4813499.492843099,0.0,17.5,376.91,3.3475,1
1791239094.6842923,4813499.694394471,0.0,15.4,376.91,3.2698,1
1791239094.8856773,4813499.895779072,0.0,11.3,376.91,3.1181,1
1791239095.0870657,4813500.097167371,5.0,1.2,376.91,2.7444,1
1791239095.2882645,4813500.298366191,0.0,0.0,376.91,2.7,1
1791239095.4896271,4813500.499728656,0.0,1.3,376.91,2.7481,1
1791239095.6909306,4813500.701032528,5.0,0.0,376.91,2.7,1
1791239095.8922086,4813500.902310254,0.0,0.0,376.91,2.7,1
1791239096.0935798,4813501.103681886,0.0,0.0,376.91,2.7,1
1791239096.2949035,4813501.305005237,0.0,1.2,376.91,2.7444,1
1791239096.4962335,4813501.506334993,0.0,0.0,376.91,2.7,1
1791239096.6975315,4813501.707633032,0.0,0.0,376.91,2.7,1
1791239096.8987336,4813501.908835289,0.0,0.0,376.91,2.7,1
1791239097.1001403,4813502.110241973,0.0,0.0,376.91,2.7,1
1791239097.3014808,4813502.311582459,0.0,0.0,376.92,2.7,1
1791239097.5028772,4813502.51297909,14.9,4.9,376.92,2.8813,1
1791239097.7042594,4813502.714360722,9.9,1.3,376.92,2.7481,1
1791239097.905699,4813502.915801208,14.9,4.9,376.92,2.8813,1
1791239098.1070807,4813503.117182162,0.0,2.5,376.92,2.7925,1
1791239098.3082268,4813503.318328377,0.0,0.0,376.92,2.7,1
1791239098.5095773,4813503.519678655,0.0,0.0,376.92,2.7,1
1791239098.7109416,4813503.721042995,0.0,1.2,376.92,2.7444,1
1791239098.912107,4813503.922208324,0.0,0.0,376.92,2.7,1
1791239099.1142342,4813504.124337037,0.0,0.0,376.92,2.7,1
1791239099.3162632,4813504.326365542,4.9,0.0,376.92,2.7,1
1791239099.5184834,4813504.528586026,0.0,0.0,376.92,2.7,1
1791239099.7203887,4813504.730490885,0.0,1.2,376.92,2.7444,1
1791239099.922337,4813504.932439442,0.0,0.0,376.92,2.7,1
1791239100.1244097,4813505.134512686,0.0,1.2,376.92,2.7444,1
1791239100.3264883,4813505.33659093,4.9,0.0,376.92,2.7,1
1791239100.5285802,4813505.538682351,0.0,0.0,376.92,2.7,1
1791239100.7307599,4813505.740862574,0.0,2.5,376.92,2.7925,1
1791239100.9329479,4813505.943051026,4.9,0.0,376.92,2.7,1
1791239101.1351438,4813506.145246353,0.0,0.0,376.92,2.7,1
1791239101.3371558,4813506.347257774,0.0,0.0,376.92,2.7,1
1791239101.5392754,4813506.549378674,0.0,0.0,376.93,2.7,1
1791239101.7412317,4813506.75133421,0.0,0.0,376.93,2.7,1
1791239101.943427,4813506.953529745,4.9,2.5,376.93,2.7925,1
1791239102.1454828,4813507.155585437,0.0,0.0,376.93,2.7,1
1791239102.3476663,4813507.357769201,0.0,0.0,376.93,2.7,1
1791239102.5496979,4813507.559800622,0.0,0.0,376.93,2.7,1
1791239102.7517035,4813507.761805845,0.0,1.2,376.93,2.7444,1
1791239102.9538262,4813507.963929453,4.9,0.0,376.93,2.7,1
1791239103.1559985,4813508.16610129,0.0,0.0,376.93,2.7,1
1791239103.358475,4813508.368578022,0.0,0.0,376.93,2.7,1
1791239103.5606275,4813508.570729807,0.0,1.2,376.93,2.7444,1
1791239103.762837,4813508.772939717,4.9,0.0,376.93,2.7,1
1791239103.9649363,4813508.97503895,0.0,1.2,376.93,2.7444,1
1791239104.167091,4813509.177193391,0.0,0.0,376.93,2.7,1
1791239104.369101,4813509.379203561,0.0,0.0,376.93,2.7,1
1791239104.57124,4813509.581342586,4.9,1.2,376.93,2.7444,1
1791239104.7733624,4813509.783464735,0.0,0.0,376.93,2.7,1
1791239104.9748473,4813509.984949073,0.0,19.0,376.93,3.403,1
1791239105.1762195,4813510.186321016,5.0,6.4,376.93,2.9368,1
1791239105.3776283,4813510.387730146,0.0,21.5,376.93,3.4955,1
1791239105.5805027,4813510.590605158,0.0,15.0,376.93,3.255,1
1791239105.782011,4813510.792112829,0.0,7.4,376.93,2.9738,1
1791239105.9833565,4813510.993458157,0.0,1.3,376.93,2.7481,1
1791239106.1846519,4813511.194753485,0.0,0.0,376.93,2.7,1
1791239106.3860724,4813511.396173969,0.0,0.0,376.93,2.7,1
1791239106.5873907,4813511.597492422,0.0,0.0,376.93,2.7,1
1791239106.7887645,4813511.798866135,5.0,1.2,376.93,2.7444,1
1791239106.9902172,4813512.000319067,0.0,0.0,376.93,2.7,1
1791239107.191563,4813512.201664915,0.0,1.3,376.94,2.7481,1
1791239107.3928914,4813512.402993107,0.0,0.0,376.94,2.7,1
1791239107.5942912,4813512.604392862,0.0,0.0,376.94,2.7,1
1791239107.7954712,4813512.805572409,0.0,0.0,376.94,2.7,1
1791239107.9968293,4813513.006930705,5.0,2.4,376.94,2.7888,1
1791239108.1981773,4813513.208278741,0.0,0.0,376.94,2.7,1
1791239108.3994677,4813513.409569433,0.0,0.0,376.94,2.7,1
1791239108.600762,4813513.610863667,0.0,0.0,376.94,2.7,1
1791239108.8018622,4813513.811963578,0.0,0.0,376.94,2.7,1
1791239109.0039618,4813514.014064008,0.0,6.3,376.94,2.9331,1
1791239109.2053256,4813514.215427252,0.0,1.2,376.94,2.7444,1
1791239109.4066782,4813514.416780027,5.0,1.2,376.94,2.7444,1
1791239109.60798,4813514.618082073,0.0,0.0,376.94,2.7,1
1791239109.8093328,4813514.819434119,0.0,0.0,376.94,2.7,1
1791239110.011472,4813515.0215746,0.0,0.0,376.94,2.7,1
1791239110.2133763,4813515.22347852,0.0,0.0,376.95,2.7,1
1791239110.4155755,4813515.425678064,0.0,1.2,376.95,2.7444,1
1791239110.6176634,4813515.627765993,4.9,0.0,376.95,2.7,1
1791239110.8195925,4813515.829695121,0.0,0.0,376.95,2.7,1
1791239111.0216904,4813516.031792894,0.0,2.4,376.95,2.7888,1
1791239111.2235985,4813516.233700876,0.0,0.0,376.95,2.7,1
1791239111.4256327,4813516.435735003,5.0,0.0,376.95,2.7,1
1791239111.6277287,4813516.63783137,0.0,1.3,376.95,2.7481,1
1791239111.8295898,4813516.839692268,0.0,0.0,376.95,2.7,1
1791239112.031699,4813517.041801604,0.0,0.0,376.95,2.7,1
1791239112.2337904,4813517.24389271,0.0,0.0,376.95,2.7,1
1791239112.43582,4813517.445922618,0.0,1.2,376.95,2.7444,1
1791239112.63785,4813517.647952683,0.0,0.0,376.95,2.7,1
1791239112.8400338,4813517.850136237,4.9,0.0,376.95,2.7,1
1791239113.042181,4813518.052283905,0.0,1.3,376.95,2.7481,1
1791239113.2440162,4813518.254118866,0.0,0.0,376.95,2.7,1
1791239113.4461198,4813518.456222368,0.0,0.0,376.95,2.7,1
1791239113.648146,4813518.658248734,0.0,0.0,376.95,2.7,1
1791239113.8501177,4813518.860220413,5.0,0.0,376.95,2.7,1
1791239114.0521927,4813519.062295009,0.0,1.2,376.95,2.7444,1
1791239114.254231,4813519.264333563,0.0,0.0,376.95,2.7,1
1791239114.4563234,4813519.466425554,0.0,1.2,376.95,2.7444,1
1791239114.6585,4813519.668602597,4.9,0.0,376.95,2.7,1
1791239114.8604217,4813519.87052438,0.0,0.0,376.95,2.7,1
1791239115.0624337,4813520.072536059,0.0,1.3,376.95,2.7481,1
1791239115.2643669,4813520.274469144,0.0,1.2,376.96,2.7444,1
1791239115.466539,4813520.476641447,0.0,0.0,376.96,2.7,1
1791239115.6686559,4813520.678758594,4.9,0.0,376.96,2.7,1
1791239115.8707395,4813520.88084246,0.0,17.7,376.96,3.3549,1
1791239116.0721357,4813521.082237474,0.0,7.7,376.96,2.9849,1
1791239116.2737093,4813521.283811914,5.0,8.7,376.96,3.0219,1
1791239116.4751322,4813521.485233645,0.0,13.9,376.96,3.2143,1
1791239116.676519,4813521.686620794,0.0,20.3,376.96,3.4511,1
1791239116.8777583,4813521.887859974,0.0,0.0,376.96,2.7,1
1791239117.0791264,4813522.089227956,0.0,0.0,376.96,2.7,1
1791239117.2802794,4813522.290380678,0.0,0.0,376.96,2.7,1
1791239117.4815254,4813522.491626993,0.0,0.0,376.96,2.7,1
1791239117.682855,4813522.69295685,5.0,1.2,376.96,2.7444,1
1791239117.8841662,4813522.894267853,0.0,0.0,376.96,2.7,1
1791239118.0855143,4813523.095615783,0.0,0.0,376.96,2.7,1
1791239118.2867,4813523.29680189,0.0,1.2,376.96,2.7444,1
1791239118.4880621,4813523.498164142,0.0,0.0,376.96,2.7,1
1791239118.6894329,4813523.699534676,0.0,0.0,376.96,2.7,1
1791239118.8907275,4813523.90082896,0.0,0.0,376.96,2.7,1
1791239119.0920725,4813524.102174025,0.0,0.0,376.96,2.7,1
1791239119.293233,4813524.303334663,5.0,0.0,376.96,2.7,1
1791239119.4946222,4813524.504723738,0.0,1.2,376.96,2.7444,1
1791239119.695874,4813524.705975521,0.0,0.0,376.96,2.7,1
1791239119.8971367,4813524.907238295,0.0,0.0,376.97,2.7,1
1791239120.0985463,4813525.108647838,0.0,1.2,376.97,2.7444,1
1791239120.2999034,4813525.310005143,0.0,0.0,376.97,2.7,1
1791239120.50126,4813525.511362134,0.0,0.0,376.97,2.7,1
1791239120.702612,4813525.71271397,5.0,0.0,376.97,2.7,1
1791239120.9046533,4813525.914755856,0.0,0.0,376.97,2.7,1
1791239121.1068392,4813526.11694196,0.0,2.5,376.97,2.7925,1
1791239121.3088906,4813526.318993012,0.0,0.0,376.97,2.7,1
1791239121.5110202,4813526.521122606,0.0,0.0,376.97,2.7,1
1791239121.7131157,4813526.723218346,0.0,1.2,376.97,2.7444,1
1791239121.9151447,4813526.925247315,0.0,0.0,376.97,2.7,1
1791239122.1172254,4813527.127328002,4.9,0.0,376.97,2.7,1
1791239122.3193247,4813527.329427284,0.0,1.2,376.97,2.7444,1
1791239122.5214064,4813527.531509169,0.0,1.2,376.97,2.7444,1
1791239122.7234907,4813527.733593398,0.0,0.0,376.97,2.7,1
1791239122.9254267,4813527.935529034,0.0,0.0,376.97,2.7,1
1791239123.1290014,4813528.139104562,14.8,6.4,376.98,2.9368,1
1791239123.3304977,4813528.340599521,14.8,32.9,376.98,3.9173,1
1791239123.5319257,4813528.542027866,5.0,1.3,376.98,2.7481,1
1791239123.7333026,4813528.74340418,14.9,2.5,376.98,2.7925,1
1791239123.935148,4813528.945249764,0.0,1.2,376.98,2.7444,1
1791239124.1365147,4813529.146616078,0.0,0.0,376.98,2.7,1
1791239124.3378434,4813529.347945204,0.0,0.0,376.98,2.7,1
1791239124.5392318,4813529.549333497,0.0,0.0,376.98,2.7,1
1791239124.7406118,4813529.750713144,5.0,0.0,376.98,2.7,1
1791239124.9420671,4813529.952168885,0.0,1.2,376.98,2.7444,1
1791239125.14334,4813530.153441917,0.0,0.0,376.98,2.7,1
1791239125.3445318,4813530.354633335,0.0,0.0,376.98,2.7,1
1791239125.5458589,4813530.555960326,0.0,0.0,376.98,2.7,1
1791239125.7472312,4813530.75733289,0.0,1.2,376.98,2.7444,1
1791239125.9485862,4813530.958687849,0.0,0.0,376.98,2.7,1
1791239126.1498823,4813531.15998385,5.0,0.0,376.98,2.7,1
1791239126.3512552,4813531.361356934,0.0,0.0,376.98,2.7,1
1791239126.5525572,4813531.562658769,0.0,0.0,376.98,2.7,1
1791239126.7540112,4813531.764112842,0.0,0.0,376.98,2.7,1
1791239126.95541,4813531.96551176,0.0,14.8,376.98,3.2476,1
1791239127.1568158,4813532.166917291,0.0,12.7,376.98,3.1699,1
1791239127.35829,4813532.368391625,0.0,17.7,376.98,3.3549,1
1791239127.559695,4813532.569796844,0.0,21.5,376.98,3.4955,1
1791239127.7610722,4813532.771174095,0.0,0.0,376.98,2.7,1
1791239127.962487,4813532.972588898,9.9,0.0,376.98,2.7,1
1791239128.1637845,4813533.173885992,0.0,0.0,376.98,2.7,1
1791239128.365733,4813533.37583522,0.0,0.0,376.98,2.7,1
1791239128.5678058,4813533.577908615,0.0,0.0,376.98,2.7,1
1791239128.7698526,4813533.779955031,0.0,0.0,376.98,2.7,1
1791239128.9720447,4813533.982147383,0.0,0.0,376.98,2.7,1
1791239129.1741493,4813534.18425182,0.0,0.0,376.98,2.7,1
1791239129.3761616,4813534.386264173,0.0,1.2,376.98,2.7444,1
1791239129.5782714,4813534.588373973,4.9,0.0,376.98,2.7,1
1791239129.7801433,4813534.790245597,0.0,1.2,376.98,2.7444,1
1791239129.9823177,4813534.992420085,0.0,0.0,376.98,2.7,1
1791239130.1843688,4813535.194471448,4.9,0.0,376.98,2.7,1
1791239130.3865597,4813535.396662655,0.0,0.0,376.98,2.7,1
1791239130.5885966,4813535.598699226,0.0,1.2,376.98,2.7444,1
1791239130.7908113,4813535.800914235,0.0,1.3,376.98,2.7481,1
1791239130.9929388,4813536.003041171,0.0,0.0,376.99,2.7,1
1791239131.1949303,4813536.205033107,0.0,0.0,376.99,2.7,1
1791239131.396924,4813536.407026241,0.0,0.0,376.99,2.7,1
1791239131.5990703,4813536.609173124,4.9,1.2,376.99,2.7444,1
1791239131.8008754,4813536.810977769,0.0,0.0,376.99,2.7,1
1791239132.003039,4813537.01314184,0.0,1.3,376.99,2.7481,1
1791239132.2051046,4813537.215207421,0.0,0.0,376.99,2.7,1
1791239132.407148,4813537.41725019,0.0,0.0,376.99,2.7,1
1791239132.609167,4813537.619269574,4.9,0.0,376.99,2.7,1
1791239132.8110983,4813537.821201041,0.0,1.2,377.0,2.7444,1
1791239133.013196,4813538.023299018,0.0,1.3,377.0,2.7481,1
1791239133.2153463,4813538.225449026,0.0,0.0,377.0,2.7,1
1791239133.4174204,4813538.427523201,4.9,0.0,377.0,2.7,1
1791239133.6195736,4813538.62967597,0.0,1.3,377.0,2.7481,1
1791239133.821676,4813538.831778843,4.9,0.0,377.0,2.7,1
1791239134.0238044,4813539.033907445,0.0,1.3,377.0,2.7481,1
1791239134.2257555,4813539.235858026,0.0,0.0,377.0,2.7,1
1791239134.4278455,4813539.437948242,0.0,0.0,377.0,2.7,1
1791239134.6298943,4813539.639996428,0.0,0.0,377.0,2.7,1
1791239134.831798,4813539.841900603,0.0,1.2,377.0,2.7444,1
1791239135.0340016,4813540.044104152,5.0,0.0,377.0,2.7,1
1791239135.2359865,4813540.246088796,0.0,1.2,377.0,2.7444,1
1791239135.4380605,4813540.448163127,0.0,0.0,377.0,2.7,1
1791239135.6402066,4813540.650309228,0.0,0.0,377.0,2.7,1
1791239135.8421364,4813540.852238663,0.0,0.0,377.0,2.7,1
1791239136.0442216,4813541.054324296,4.9,1.2,377.0,2.7444,1
1791239136.2463386,4813541.256441335,0.0,0.0,377.0,2.7,1
1791239136.4482994,4813541.458402333,0.0,1.2,377.0,2.7444,1
1791239136.6503987,4813541.660501247,0.0,0.0,377.0,2.7,1
1791239136.8524895,4813541.862591671,4.9,0.0,377.0,2.7,1
1791239137.0546787,4813542.06478121,0.0,1.2,377.0,2.7444,1
1791239137.256761,4813542.266863352,0.0,1.2,377.0,2.7444,1
1791239137.4588234,4813542.468926068,0.0,0.0,377.0,2.7,1
1791239137.6609514,4813542.671054201,4.9,0.0,377.0,2.7,1
1791239137.8624363,4813542.872538064,0.0,18.8,377.0,3.3956,1
1791239138.0638025,4813543.073904271,0.0,7.5,377.0,2.9775,1
1791239138.2651904,4813543.275292405,0.0,23.8,377.0,3.5806,1
1791239138.466651,4813543.476752726,0.0,11.4,377.0,3.1218,1
1791239138.668018,4813543.678119766,0.0,8.9,377.0,3.0293,1
1791239138.869257,4813543.879358682,0.0,0.0,377.01,2.7,1
1791239139.07068,4813544.080781399,0.0,2.5,377.01,2.7925,1
1791239139.2720075,4813544.282109272,0.0,0.0,377.01,2.7,1
1791239139.4733374,4813544.48343876,5.0,0.0,377.01,2.7,1
1791239139.6747792,4813544.684880956,0.0,0.0,377.01,2.7,1
1791239139.8764668,4813544.886568516,0.0,2.5,377.01,2.7925,1
1791239140.0778713,4813545.087973004,0.0,1.2,377.01,2.7444,1
1791239140.2792573,4813545.289358794,0.0,1.2,377.01,2.7444,1
1791239140.4836519,4813545.493753691,0.0,3.7,377.01,2.8369,1
1791239140.6849935,4813545.695095263,0.0,0.0,377.01,2.7,1
1791239140.8862386,4813545.896340428,5.0,0.0,377.01,2.7,1
1791239141.0875742,4813546.097675905,0.0,0.0,377.01,2.7,1
1791239141.2887533,4813546.298854716,0.0,0.0,377.01,2.7,1
1791239141.4900734,4813546.500175141,0.0,0.0,377.01,2.7,1
1791239141.6914012,4813546.701503118,0.0,0.0,377.01,2.7,1
1791239141.8926353,4813546.902737085,5.0,0.0,377.01,2.7,1
1791239142.0940468,4813547.104148396,0.0,1.3,377.01,2.7481,1
1791239142.2953758,4813547.305477414,0.0,0.0,377.01,2.7,1
1791239142.496743,4813547.506844662,0.0,0.0,377.01,2.7,1
1791239142.6981802,4813547.708286024,0.0,2.4,377.01,2.7888,1
1791239142.9003475,4813547.910449833,0.0,0.0,377.02,2.7,1
1791239143.1025212,4813548.112623797,0.0,1.3,377.02,2.7481,1
1791239143.3044584,4813548.314560575,4.9,0.0,377.02,2.7,1
1791239143.5066545,4813548.516757195,0.0,1.2,377.02,2.7444,1
1791239143.708758,4813548.718860379,0.0,0.0,377.02,2.7,1
1791239143.9108267,4813548.920929656,0.0,0.0,377.02,2.7,1
1791239144.1129036,4813549.123006277,0.0,1.2,377.02,2.7444,1
1791239144.3149765,4813549.325079356,5.0,0.0,377.02,2.7,1
1791239144.5169675,4813549.527070092,0.0,0.0,377.02,2.7,1
1791239144.7189548,4813549.729057233,0.0,0.0,377.02,2.7,1
1791239144.9208827,4813549.930985313,0.0,0.0,377.02,2.7,1
1791239145.1229045,4813550.133007246,14.9,7.4,377.02,2.9738,1
1791239145.3249917,4813550.335094388,4.9,1.3,377.02,2.7481,1
1791239145.5268075,4813550.536910071,24.7,8.6,377.02,3.0182,1
1791239145.72898,4813550.739082265,0.0,2.4,377.02,2.7888,1
1791239145.9309638,4813550.941066281,4.9,0.0,377.02,2.7,1
1791239146.1330562,4813551.143159152,0.0,1.3,377.02,2.7481,1
1791239146.3351164,4813551.345218741,0.0,0.0,377.02,2.7,1
1791239146.5372493,4813551.547351819,0.0,0.0,377.02,2.7,1
1791239146.7393785,4813551.749480836,0.0,0.0,377.03,2.7,1
1791239146.9414659,4813551.951568602,4.9,1.3,377.03,2.7481,1
1791239147.1435544,4813552.153657045,0.0,1.2,377.03,2.7444,1
1791239147.3454087,4813552.355510749,0.0,0.0,377.03,2.7,1
1791239147.5475664,4813552.557668619,4.9,0.0,377.03,2.7,1
1791239147.7494907,4813552.759592635,0.0,0.0,377.03,2.7,1
1791239147.9516325,4813552.961735141,0.0,1.3,377.03,2.7481,1
1791239148.1536074,4813553.163710251,0.0,0.0,377.03,2.7,1
1791239148.3556406,4813553.365743121,0.0,1.2,377.03,2.7444,1
1791239148.5590727,4813553.569175415,0.0,7.5,377.03,2.9775,1
1791239148.7607462,4813553.770848182,4.9,17.9,377.03,3.3623,1
1791239148.9622164,4813553.972318293,0.0,10.3,377.03,3.0811,1
1791239149.163593,4813554.173694758,0.0,21.5,377.03,3.4955,1
1791239149.3649764,4813554.375078306,5.0,10.3,377.03,3.0811,1
1791239149.566431,4813554.57653248,0.0,8.7,377.03,3.0219,1
1791239149.7676394,4813554.777740924,0.0,0.0,377.03,2.7,1
1791239149.9689953,4813554.979096608,0.0,0.0,377.03,2.7,1
1791239150.1703346,4813555.180436355,0.0,1.2,377.03,2.7444,1
1791239150.3717024,4813555.381804122,0.0,1.2,377.03,2.7444,1
1791239150.573003,4813555.583104754,0.0,0.0,377.03,2.7,1
1791239150.7744749,4813555.784576583,0.0,0.0,377.04,2.7,1
1791239150.9758353,4813555.985937111,0.0,0.0,377.04,2.7,1
1791239151.1772213,4813556.187322898,0.0,1.3,377.04,2.7481,1
1791239151.3786943,4813556.388796238,5.0,0.0,377.04,2.7,1
1791239151.58008,4813556.590181869,0.0,11.5,377.04,3.1255,1
1791239151.7815104,4813556.791612032,5.0,1.2,377.04,2.7444,1
1791239151.9829164,4813556.993018341,0.0,1.3,377.04,2.7481,1
1791239152.1842363,4813557.194338139,0.0,0.0,377.04,2.7,1
1791239152.385601,4813557.39570278,0.0,0.0,377.04,2.7,1
1791239152.5869684,4813557.59706987,0.0,1.2,377.04,2.7444,1
1791239152.7882688,4813557.798370449,0.0,0.0,377.04,2.7,1
1791239152.9896362,4813557.999737956,0.0,0.0,377.04,2.7,1
1791239153.1909218,4813558.201023379,0.0,0.0,377.04,2.7,1
1791239153.3922691,4813558.402370989,0.0,0.0,377.04,2.7,1
1791239153.5935602,4813558.603662089,0.0,0.0,377.04,2.7,1
1791239153.7948892,4813558.804991002,0.0,0.0,377.04,2.7,1
1791239153.9969747,4813559.007077048,0.0,1.2,377.04,2.7444,1
1791239154.199163,4813559.209265541,4.9,0.0,377.04,2.7,1
1791239154.4012938,4813559.411396379,0.0,1.2,377.04,2.7444,1
1791239154.6034532,4813559.613555914,4.9,1.2,377.04,2.7444,1
1791239154.8055918,4813559.8156942,0.0,0.0,377.04,2.7,1
1791239155.0077262,4813560.017828891,0.0,0.0,377.04,2.7,1
1791239155.2098002,4813560.219902698,0.0,0.0,377.04,2.7,1
1791239155.4118528,4813560.421955462,4.9,1.2,377.04,2.7444,1
1791239155.614385,4813560.624487705,0.0,5.1,377.04,2.8887,1
1791239155.8163815,4813560.826483543,0.0,10.3,377.04,3.0811,1
1791239156.018259,4813561.028361256,0.0,19.5,376.35,3.4215,1
1791239156.2201772,4813561.230279072,0.0,30.4,373.7,3.8248,1
1791239156.4217346,4813561.431836525,5.0,21.8,367.36,3.5066,1
1791239156.623245,4813561.633346687,0.0,30.4,365.03,3.8248,1
1791239156.8246207,4813561.834722474,0.0,2.5,365.03,2.7925,1
1791239157.0260887,4813562.036190344,0.0,0.0,365.03,2.7,1
1791239157.2273588,4813562.237460193,0.0,1.2,365.03,2.7444,1
1791239157.428715,4813562.438816344,0.0,1.2,365.03,2.7444,1
1791239157.630176,4813562.640277808,0.0,0.0,365.03,2.7,1
1791239157.831582,4813562.841683282,0.0,0.0,365.03,2.7,1
1791239158.0329423,4813563.043044329,0.0,0.0,365.03,2.7,1
1791239158.2342587,4813563.244360168,0.0,0.0,365.03,2.7,1
1791239158.4357028,4813563.445804391,5.0,2.4,365.03,2.7888,1
1791239158.6370807,4813563.647182053,0.0,0.0,365.04,2.7,1
1791239158.838312,4813563.848413517,0.0,0.0,365.04,2.7,1
1791239159.039657,4813564.04975873,0.0,0.0,365.04,2.7,1
1791239159.2408726,4813564.250974204,0.0,0.0,365.04,2.7,1
1791239159.4423575,4813564.452459626,0.0,1.2,365.04,2.7444,1
1791239159.6437488,4813564.653850568,0.0,13.8,365.04,3.2106,1
1791239159.8451486,4813564.855250313,0.0,6.3,365.04,2.9331,1
1791239160.0488796,4813565.058981927,4.9,22.5,365.04,3.5325,1
1791239160.2505462,4813565.260647869,4.9,17.5,365.04,3.3475,1
1791239160.4519362,4813565.46203829,0.0,8.9,365.04,3.0293,1
1791239160.6532633,4813565.663365691,0.0,0.0,365.04,2.7,1
1791239160.854679,4813565.864780852,0.0,2.4,365.04,2.7888,1
1791239161.0560338,4813566.066135127,0.0,0.0,365.04,2.7,1
1791239161.2580209,4813566.26812336,0.0,0.0,365.04,2.7,1
1791239161.4600668,4813566.470169405,4.9,0.0,365.04,2.7,1
1791239161.662272,4813566.67237498,0.0,0.0,365.04,2.7,1
1791239161.8642316,4813566.874334411,0.0,0.0,365.04,2.7,1
1791239162.066387,4813567.076489778,0.0,2.5,365.04,2.7925,1
1791239162.2683182,4813567.278420614,0.0,0.0,365.04,2.7,1
1791239162.470622,4813567.480724575,0.0,1.2,365.05,2.7444,1
1791239162.6725442,4813567.68264687,4.9,2.5,365.05,2.7925,1
1791239162.8746493,4813567.884752289,0.0,1.2,365.05,2.7444,1
1791239163.0767403,4813568.086842917,0.0,0.0,365.05,2.7,1
1791239163.278692,4813568.288794587,0.0,1.2,365.05,2.7444,1
1791239163.4807305,4813568.490833235,0.0,0.0,365.05,2.7,1
1791239163.6831448,4813568.693247769,0.0,2.5,365.05,2.7925,1
1791239163.8851364,4813568.895238709,0.0,0.0,365.05,2.7,1
1791239164.0872955,4813569.097398399,5.0,0.0,365.05,2.7,1
1791239164.2893078,4813569.299410329,4.9,0.0,365.05,2.7,1
1791239164.491364,4813569.501466633,0.0,1.2,365.05,2.7444,1
1791239164.6933587,4813569.703461167,0.0,0.0,365.05,2.7,1
1791239164.8953066,4813569.905409191,0.0,0.0,365.05,2.7,1
1791239165.0973876,4813570.107490339,4.9,0.0,365.05,2.7,1
1791239165.2993069,4813570.309409456,0.0,0.0,365.05,2.7,1
1791239165.501274,4813570.51137675,0.0,0.0,365.05,2.7,1
1791239165.7034855,4813570.713588315,0.0,2.5,365.05,2.7925,1
1791239165.9056203,4813570.91572264,0.0,1.2,365.05,2.7444,1
1791239166.107761,4813571.117863684,0.0,0.0,365.05,2.7,1
1791239166.3098574,4813571.319960092,0.0,0.0,365.05,2.7,1
1791239166.5121381,4813571.522240927,4.9,2.4,365.05,2.7888,1
1791239166.7143347,4813571.724437075,0.0,1.2,365.05,2.7444,1
1791239166.9163735,4813571.926475983,0.0,0.0,365.05,2.7,1
1791239167.1185875,4813572.128690308,0.0,0.0,365.05,2.7,1
1791239167.3206406,4813572.330743331,4.9,1.3,365.05,2.7481,1
1791239167.523849,4813572.533951142,14.8,59.3,365.05,4.8941,1
1791239167.7252376,4813572.735339115,9.9,2.6,365.05,2.7962,1
1791239167.926672,4813572.936773389,19.9,6.2,365.05,2.9294,1
1791239168.1280231,4813573.138124538,0.0,1.3,365.05,2.7481,1
1791239168.3293798,4813573.339481312,0.0,1.2,365.05,2.7444,1
1791239168.5307636,4813573.540865378,5.0,0.0,365.05,2.7,1
1791239168.7320101,4813573.742111997,0.0,0.0,365.05,2.7,1
1791239168.9337933,4813573.943895541,0.0,0.0,365.05,2.7,1
1791239169.1352108,4813574.145312627,5.0,7.5,365.05,2.9775,1
1791239169.3365521,4813574.346654037,0.0,0.0,365.05,2.7,1
1791239169.537838,4813574.547939873,0.0,0.0,365.05,2.7,1
1791239169.739258,4813574.749359824,0.0,0.0,365.05,2.7,1
1791239169.9406614,4813574.950762953,0.0,0.0,365.05,2.7,1
1791239170.1420286,4813575.152130299,0.0,0.0,365.06,2.7,1
1791239170.3434205,4813575.353521969,5.0,1.2,365.06,2.7444,1
1791239170.5448027,4813575.55490416,0.0,13.8,365.06,3.2106,1
1791239170.746278,4813575.756379683,0.0,6.3,365.06,2.9331,1
1791239170.951103,4813575.961204939,0.0,8.4,365.06,3.0108,1
1791239171.152628,4813576.162729993,0.0,16.7,365.06,3.3179,1
1791239171.3541203,4813576.364222288,0.0,20.0,365.07,3.44,1
1791239171.5554662,4813576.565567759,0.0,0.0,365.07,2.7,1
1791239171.756835,4813576.766936929,0.0,1.2,365.07,2.7444,1
1791239171.9582748,4813576.968376567,0.0,0.0,365.07,2.7,1
1791239172.1595926,4813577.169694278,5.0,0.0,365.07,2.7,1
1791239172.3609562,4813577.371057718,0.0,0.0,365.07,2.7,1
1791239172.5630066,4813577.57310949,0.0,2.4,365.07,2.7888,1
1791239172.7651024,4813577.775204908,0.0,0.0,365.07,2.7,1
1791239172.9672554,4813577.977357982,0.0,1.3,365.07,2.7481,1
1791239173.1692977,4813578.179400326,0.0,0.0,365.07,2.7,1
1791239173.3713083,4813578.381410848,0.0,0.0,365.07,2.7,1
1791239173.5733747,4813578.583477516,4.9,1.3,365.07,2.7481,1
1791239173.7753804,4813578.785483298,0.0,0.0,365.07,2.7,1
1791239173.9774892,4813578.987591632,0.0,1.2,365.07,2.7444,1
1791239174.1795843,4813579.189686997,4.9,0.0,365.07,2.7,1
1791239174.38162,4813579.391722884,0.0,0.0,365.07,2.7,1
1791239174.584112,4813579.594215071,0.0,8.6,365.07,3.0182,1
1791239174.7863069,4813579.79640929,4.9,57.1,351.17,4.8127,1
1791239174.9878128,4813579.997914656,0.0,19.8,350.69,3.4326,1
1791239175.1891859,4813580.199287679,0.0,0.0,350.69,2.7,1
1791239175.390494,4813580.400595755,0.0,0.0,350.69,2.7,1
1791239175.5918195,4813580.601921278,0.0,0.0,350.69,2.7,1
1791239175.7931979,4813580.803299405,0.0,0.0,350.69,2.7,1
1791239175.9946396,4813581.004741438,0.0,1.2,350.69,2.7444,1
1791239176.195988,4813581.206089721,0.0,0.0,350.69,2.7,1
1791239176.3972528,4813581.407354411,0.0,0.0,350.69,2.7,1
1791239176.5986092,4813581.608711236,5.0,0.0,350.69,2.7,1
1791239176.7997098,4813581.809811239,0.0,0.0,350.69,2.7,1
1791239177.001039,4813582.011140616,0.0,1.3,350.69,2.7481,1
1791239177.2024744,4813582.212576034,0.0,1.2,350.69,2.7444,1
1791239177.403732,4813582.413833692,0.0,0.0,350.69,2.7,1
1791239177.605096,4813582.615197548,0.0,0.0,350.69,2.7,1
1791239177.80646,4813582.816561717,0.0,0.0,350.69,2.7,1
1791239178.0078313,4813583.017933073,5.0,1.2,350.69,2.7444,1
1791239178.2091038,4813583.219205366,0.0,0.0,350.7,2.7,1
1791239178.4105806,4813583.420682347,0.0,0.0,350.7,2.7,1
1791239178.6119595,4813583.622061046,0.0,1.2,350.7,2.7444,1
1791239178.8133142,4813583.823415892,0.0,0.0,350.7,2.7,1
1791239179.014723,4813584.024824903,0.0,1.2,350.7,2.7444,1
1791239179.2159564,4813584.226058082,0.0,0.0,350.7,2.7,1
1791239179.4172125,4813584.427314178,0.0,0.0,350.7,2.7,1
1791239179.6185951,4813584.628697252,5.0,1.2,350.7,2.7444,1
1791239179.8204708,4813584.83057345,0.0,0.0,350.7,2.7,1
1791239180.0226843,4813585.032787096,4.9,1.3,350.7,2.7481,1
1791239180.224721,4813585.23482371,0.0,0.0,350.7,2.7,1
1791239180.426823,4813585.436925376,0.0,0.0,350.7,2.7,1
1791239180.6288586,4813585.638961105,0.0,0.0,350.7,2.7,1
1791239180.8307648,4813585.840867511,0.0,0.0,350.7,2.7,1
1791239181.032846,4813586.042948709,4.9,2.5,350.7,2.7925,1
1791239181.234902,4813586.24500475,0.0,0.0,350.7,2.7,1
1791239181.4371228,4813586.44722553,0.0,0.0,350.7,2.7,1
1791239181.6386058,4813586.648707302,0.0,21.0,350.7,3.477,1
1791239181.8399734,4813586.850075115,0.0,7.5,350.7,2.9775,1
1791239182.0414307,4813587.051532668,0.0,9.1,350.7,3.0367,1
1791239182.242827,4813587.252928763,0.0,16.2,350.7,3.2994,1
1791239182.444227,4813587.45432866,5.0,18.8,350.7,3.3956,1
1791239182.6455715,4813587.655673713,0.0,0.0,350.7,2.7,1
1791239182.8469079,4813587.857009807,0.0,1.2,350.7,2.7444,1
1791239183.0482802,4813588.058381944,0.0,0.0,350.71,2.7,1
1791239183.2495332,4813588.259634653,0.0,0.0,350.71,2.7,1
1791239183.451018,4813588.461119758,0.0,1.2,350.71,2.7444,1
1791239183.6523798,4813588.662481321,0.0,0.0,350.71,2.7,1
1791239183.8537567,4813588.863858353,0.0,0.0,350.71,2.7,1
1791239184.0551817,4813589.06528351,0.0,1.2,350.71,2.7444,1
1791239184.256569,4813589.266670489,0.0,1.2,350.71,2.7444,1
1791239184.4578717,4813589.467973251,5.0,0.0,350.71,2.7,1
1791239184.6592271,4813589.669328928,0.0,0.0,350.71,2.7,1
1791239184.860591,4813589.87069247,0.0,0.0,350.71,2.7,1
1791239185.062009,4813590.07211096,0.0,1.2,350.71,2.7444,1
1791239185.263207,4813590.273308878,0.0,0.0,350.71,2.7,1
1791239185.4644604,4813590.474562108,0.0,0.0,350.71,2.7,1
1791239185.6657357,4813590.675837421,0.0,0.0,350.71,2.7,1
1791239185.8669713,4813590.87707263,5.0,1.2,350.71,2.7444,1
1791239186.0684168,4813591.078518672,0.0,0.0,350.71,2.7,1
1791239186.2696447,4813591.279746381,0.0,0.0,350.71,2.7,1
1791239186.4710462,4813591.481147891,0.0,0.0,350.71,2.7,1
1791239186.6731234,4813591.683225754,0.0,0.0,350.71,2.7,1
1791239186.87505,4813591.885152576,0.0,1.2,350.71,2.7444,1
1791239187.0772214,4813592.087324345,0.0,1.3,350.71,2.7481,1
1791239187.2794297,4813592.289532833,4.9,0.0,350.72,2.7,1
1791239187.4814935,4813592.491596113,0.0,0.0,350.72,2.7,1
1791239187.6836448,4813592.693747361,4.9,1.2,350.72,2.7444,1
1791239187.8857083,4813592.89581064,0.0,0.0,350.72,2.7,1
1791239188.0878556,4813593.097958139,0.0,1.2,350.72,2.7444,1
1791239188.2898576,4813593.299960116,0.0,0.0,350.72,2.7,1
1791239188.4919534,4813593.502055948,4.9,1.2,350.72,2.7444,1
1791239188.6941373,4813593.704240008,0.0,0.0,350.72,2.7,1
1791239188.8961713,4813593.906273652,0.0,1.2,350.72,2.7444,1
1791239189.0983858,4813594.108489067,0.0,0.0,350.72,2.7,1
1791239189.3001966,4813594.310306774,0.0,0.0,350.72,2.7,1
1791239189.5023122,4813594.512415001,0.0,0.0,350.72,2.7,1
1791239189.7043538,4813594.714456509,0.0,0.0,350.72,2.7,1
1791239189.906303,4813594.91640557,5.0,0.0,350.72,2.7,1
1791239190.1084774,4813595.118579578,0.0,2.5,350.72,2.7925,1
1791239190.310542,4813595.320644264,0.0,0.0,350.72,2.7,1
1791239190.5126436,4813595.522746293,0.0,1.3,350.72,2.7481,1
1791239190.7148662,4813595.724968374,0.0,0.0,350.72,2.7,1
1791239190.9183939,4813595.928497066,4.9,5.1,350.72,2.8887,1
1791239191.1205306,4813596.130633418,0.0,6.2,350.72,2.9294,1
1791239191.3223565,4813596.332458364,34.6,45.0,350.72,4.365,1
1791239191.5237503,4813596.533852166,19.8,6.3,350.73,2.9331,1
1791239191.7251148,4813596.735216332,9.9,1.3,350.73,2.7481,1
1791239191.9263403,4813596.936441748,0.0,0.0,350.73,2.7,1
1791239192.1277215,4813597.137823101,0.0,1.3,350.73,2.7481,1
1791239192.3290613,4813597.339163257,0.0,0.0,350.73,2.7,1
1791239192.531636,4813597.541737993,0.0,12.5,350.73,3.1625,1
1791239192.73302,4813597.743122211,0.0,11.2,350.73,3.1144,1
1791239192.9360268,4813597.946129914,0.0,16.5,350.73,3.3105,1
1791239193.1376038,4813598.147706111,4.9,16.9,350.73,3.3253,1
1791239193.339044,4813598.349146058,0.0,8.7,350.73,3.0219,1
1791239193.5403454,4813598.550447151,0.0,0.0,350.73,2.7,1
1791239193.7417314,4813598.751832827,0.0,0.0,350.73,2.7,1
1791239193.9431996,4813598.953301523,5.0,0.0,350.73,2.7,1
1791239194.1445112,4813599.154613033,0.0,0.0,350.73,2.7,1
1791239194.3457742,4813599.355875896,0.0,0.0,350.73,2.7,1
1791239194.547154,4813599.557255426,0.0,1.2,350.73,2.7444,1
1791239194.748444,4813599.758546207,0.0,0.0,350.73,2.7,1
1791239194.9498076,4813599.959909278,0.0,0.0,350.73,2.7,1
1791239195.1510892,4813600.161190892,0.0,0.0,350.73,2.7,1
1791239195.3522172,4813600.362318495,0.0,0.0,350.73,2.7,1
1791239195.553543,4813600.563644796,5.0,0.0,350.73,2.7,1
1791239195.754823,4813600.764924535,0.0,1.2,350.73,2.7444,1
1791239195.9561577,4813600.966259377,0.0,0.0,350.73,2.7,1
1791239196.157428,4813601.167529428,0.0,0.0,350.73,2.7,1
1791239196.3595457,4813601.369648331,0.0,0.0,350.73,2.7,1
1791239196.5615964,4813601.57169864,0.0,0.0,350.73,2.7,1
1791239196.7637572,4813601.773860147,4.9,1.3,350.73,2.7481,1
1791239196.965829,4813601.975931603,0.0,0.0,350.73,2.7,1
1791239197.1680112,4813602.178113682,0.0,2.4,350.74,2.7888,1
1791239197.3700557,4813602.380158315,0.0,0.0,350.74,2.7,1
1791239197.5719862,4813602.582088885,0.0,0.0,350.74,2.7,1
1791239197.774034,4813602.78413659,5.0,0.0,350.74,2.7,1
1791239197.9761758,4813602.986278774,0.0,1.2,350.74,2.7444,1
1791239198.1784625,4813603.188565332,0.0,0.0,350.74,2.7,1
1791239198.3805363,4813603.390639079,0.0,0.0,350.74,2.7,1
1791239198.582738,4813603.592840481,0.0,2.5,350.74,2.7925,1
1791239198.7847543,4813603.794856676,0.0,0.0,350.74,2.7,1
1791239198.9869287,4813603.99703162,4.9,0.0,350.74,2.7,1
1791239199.189046,4813604.199148439,0.0,1.2,350.74,2.7444,1
1791239199.391271,4813604.401373852,0.0,0.0,350.74,2.7,1
1791239199.5933304,4813604.603433119,4.9,0.0,350.74,2.7,1
1791239199.7955024,4813604.805605094,0.0,0.0,350.74,2.7,1
1791239199.9976602,4813605.007762747,0.0,1.3,350.74,2.7481,1
1791239200.1997566,4813605.209858941,4.9,0.0,350.75,2.7,1
1791239200.4017081,4813605.411810604,0.0,0.0,350.75,2.7,1
1791239200.603798,4813605.613900704,0.0,0.0,350.75,2.7,1
1791239200.8058627,4813605.815965336,0.0,0.0,350.75,2.7,1
1791239201.0080538,4813606.018156321,0.0,2.5,350.75,2.7925,1
1791239201.2100716,4813606.220174026,5.0,0.0,350.75,2.7,1
1791239201.4123557,4813606.422458396,0.0,1.2,350.75,2.7444,1
1791239201.614551,4813606.624653704,0.0,0.0,350.75,2.7,1
1791239201.8166595,4813606.82676245,0.0,0.0,350.75,2.7,1
1791239202.0189567,4813607.029059321,0.0,1.2,350.76,2.7444,1
1791239202.2209399,4813607.231042338,0.0,0.0,350.76,2.7,1
1791239202.4231842,4813607.433286916,4.9,1.2,350.76,2.7444,1
1791239202.6252446,4813607.635347485,0.0,0.0,350.76,2.7,1
1791239202.8274336,4813607.837535918,0.0,0.0,350.76,2.7,1
1791239203.0295773,4813608.039679664,0.0,2.5,350.76,2.7925,1
1791239203.2317274,4813608.241830336,4.9,0.0,350.76,2.7,1
1791239203.4357183,4813608.4458209,0.0,11.2,350.76,3.1144,1
1791239203.6371243,4813608.647226106,0.0,15.2,350.76,3.2624,1
1791239203.8389165,4813608.849018967,0.0,8.7,350.76,3.0219,1
1791239204.0404825,4813609.050584328,0.0,17.9,350.76,3.3623,1
1791239204.2419965,4813609.252098544,0.0,15.4,350.76,3.2698,1
1791239204.4432466,4813609.453348437,5.0,0.0,350.76,2.7,1
1791239204.6446233,4813609.654725049,0.0,2.4,350.76,2.7888,1
1791239204.8460693,4813609.856171035,0.0,0.0,350.76,2.7,1
1791239205.0474496,4813610.057551501,0.0,8.7,350.76,3.0219,1
1791239205.2487228,4813610.258824519,0.0,0.0,350.76,2.7,1
1791239205.4500167,4813610.460118423,0.0,0.0,350.76,2.7,1
1791239205.6512835,4813610.661385139,0.0,1.2,350.76,2.7444,1
1791239205.8526692,4813610.862770969,5.0,0.0,350.77,2.7,1
1791239206.0540931,4813611.064194976,0.0,0.0,350.77,2.7,1
1791239206.2554576,4813611.265559244,0.0,0.0,350.77,2.7,1
1791239206.4568713,4813611.466973199,0.0,1.2,350.77,2.7444,1
1791239206.658296,4813611.668397831,0.0,0.0,350.77,2.7,1
1791239206.859533,4813611.869635068,0.0,1.2,350.77,2.7444,1
1791239207.0608778,4813612.070979596,5.0,0.0,350.77,2.7,1
1791239207.2621024,4813612.272204124,0.0,0.0,350.77,2.7,1
1791239207.4634337,4813612.473535579,0.0,0.0,350.77,2.7,1
1791239207.6646755,4813612.674777711,0.0,0.0,350.77,2.7,1
1791239207.866099,4813612.876200937,0.0,1.2,350.77,2.7444,1
1791239208.0674846,4813613.077586506,0.0,1.3,350.77,2.7481,1
1791239208.2688622,4813613.278963795,0.0,0.0,350.77,2.7,1
1791239208.4702263,4813613.480327541,5.0,0.0,350.77,2.7,1
1791239208.6722884,4813613.682391025,0.0,0.0,350.77,2.7,1
1791239208.8743992,4813613.884501697,0.0,0.0,350.77,2.7,1
1791239209.0765145,4813614.086617213,4.9,1.3,350.77,2.7481,1
1791239209.2785025,4813614.288604812,0.0,0.0,350.77,2.7,1
1791239209.4805095,4813614.490611994,0.0,1.2,350.77,2.7444,1
1791239209.682611,4813614.692713551,0.0,0.0,350.77,2.7,1
1791239209.8846142,4813614.894716723,0.0,0.0,350.77,2.7,1
1791239210.0871959,4813615.097298592,0.0,1.3,350.78,2.7481,1
1791239210.289321,4813615.299423794,0.0,0.0,350.78,2.7,1
1791239210.4914615,4813615.501564361,0.0,0.0,350.78,2.7,1
1791239210.6935554,4813615.703658054,4.9,0.0,350.78,2.7,1
1791239210.895369,4813615.905471382,4.9,11.5,350.78,3.1255,1
1791239211.097552,4813616.107654918,14.9,5.1,350.78,2.8887,1
1791239211.2996264,4813616.309728767,4.9,1.2,350.78,2.7444,1
1791239211.5017104,4813616.511812875,0.0,0.0,350.78,2.7,1
1791239211.7038631,4813616.713965109,0.0,0.0,350.78,2.7,1
1791239211.9058037,4813616.915905833,0.0,0.0,350.78,2.7,1
1791239212.1079576,4813617.118059473,0.0,1.3,350.78,2.7481,1
1791239212.3101714,4813617.320273321,4.9,0.0,350.78,2.7,1
1791239212.5122733,4813617.522375815,0.0,1.3,350.78,2.7481,1
1791239212.7143624,4813617.724464924,0.0,0.0,350.78,2.7,1
1791239212.9164684,4813617.926571324,4.9,0.0,350.78,2.7,1
1791239213.1186578,4813618.128760641,0.0,1.2,350.79,2.7444,1
1791239213.3204732,4813618.330575271,0.0,0.0,350.79,2.7,1
1791239213.5225236,4813618.532626098,0.0,0.0,350.79,2.7,1
1791239213.7245748,4813618.73467729,0.0,0.0,350.79,2.7,1
1791239213.9266849,4813618.936787492,0.0,1.2,350.79,2.7444,1
1791239214.128421,4813619.13852332,34.6,9.0,350.79,3.033,1
1791239214.3309739,4813619.341077271,14.9,13.6,350.79,3.2032,1
1791239214.5323877,4813619.542494611,19.8,19.2,350.79,3.4104,1
1791239214.7337484,4813619.74384971,0.0,5.2,350.79,2.8924,1
1791239214.9356356,4813619.94574309,0.0,15.4,350.79,3.2698,1
1791239215.1370225,4813620.147124023,0.0,19.2,350.79,3.4104,1
1791239215.3383298,4813620.34843157,0.0,0.0,350.79,2.7,1
1791239215.5396461,4813620.549747816,0.0,0.0,350.79,2.7,1
1791239215.7409375,4813620.75103953,0.0,0.0,350.79,2.7,1
1791239215.9423656,4813620.95246739,5.0,1.3,350.79,2.7481,1
1791239216.1437132,4813621.153814989,0.0,0.0,350.79,2.7,1
1791239216.3450437,4813621.355145453,5.0,0.0,350.79,2.7,1
1791239216.5463748,4813621.556476855,0.0,0.0,350.79,2.7,1
1791239216.747658,4813621.757759506,0.0,0.0,350.79,2.7,1
1791239216.9489944,4813621.959095647,0.0,0.0,350.79,2.7,1
1791239217.1504657,4813622.160567465,0.0,1.2,350.79,2.7444,1
1791239217.351808,4813622.361909856,0.0,0.0,350.79,2.7,1
1791239217.5530498,4813622.56315131,0.0,0.0,350.8,2.7,1
1791239217.754481,4813622.764582711,0.0,1.2,350.8,2.7444,1
1791239217.9558342,4813622.965936247,0.0,1.3,350.8,2.7481,1
1791239218.157188,4813623.167289419,0.0,0.0,350.8,2.7,1
1791239218.358487,4813623.368588268,0.0,0.0,350.8,2.7,1
1791239218.5598404,4813623.569942013,0.0,0.0,350.8,2.7,1
1791239218.761134,4813623.77123555,0.0,0.0,350.8,2.7,1
1791239218.9625354,4813623.972637003,5.0,1.3,350.8,2.7481,1
1791239219.1637938,4813624.173895331,0.0,0.0,350.8,2.7,1
1791239219.3651216,4813624.375223659,0.0,0.0,350.8,2.7,1
1791239219.5672476,4813624.577350371,0.0,1.2,350.8,2.7444,1
1791239219.7691848,4813624.779287083,4.9,0.0,350.8,2.7,1
1791239219.9713435,4813624.981445982,0.0,1.2,350.8,2.7444,1
1791239220.173386,4813625.183488423,0.0,1.2,350.8,2.7444,1
1791239220.3754287,4813625.385531333,4.9,0.0,350.8,2.7,1
1791239220.5774462,4813625.587548617,0.0,0.0,350.8,2.7,1
1791239220.7796364,4813625.789738766,0.0,1.3,350.8,2.7481,1
1791239220.981743,4813625.991845478,0.0,1.2,350.8,2.7444,1
1791239221.183775,4813626.193877345,0.0,0.0,350.8,2.7,1
1791239221.38577,4813626.395872338,0.0,0.0,350.8,2.7,1
1791239221.5877795,4813626.597882019,0.0,0.0,350.8,2.7,1
1791239221.7897556,4813626.799858001,5.0,1.2,350.8,2.7444,1
1791239221.9919388,4813627.002041275,0.0,0.0,350.8,2.7,1
1791239222.1940637,4813627.204166476,0.0,0.0,350.8,2.7,1
1791239222.3960683,4813627.406171,0.0,0.0,350.8,2.7,1
1791239222.5982502,4813627.608353283,0.0,0.0,350.8,2.7,1
1791239222.8002915,4813627.81039437,0.0,1.2,350.81,2.7444,1
1791239223.0025983,4813628.012701289,4.9,1.3,350.81,2.7481,1
1791239223.204703,4813628.2148055,0.0,0.0,350.81,2.7,1
1791239223.4068046,4813628.416907315,0.0,1.2,350.81,2.7444,1
1791239223.608881,4813628.618983401,4.9,0.0,350.81,2.7,1
1791239223.8110967,4813628.821199227,0.0,0.0,350.81,2.7,1
1791239224.0132263,4813629.02332875,0.0,0.0,350.81,2.7,1
1791239224.2153466,4813629.225449523,0.0,1.2,350.81,2.7444,1
1791239224.4176004,4813629.42770389,4.9,0.0,350.81,2.7,1
1791239224.6197314,4813629.629834299,0.0,0.0,350.81,2.7,1
1791239224.8216455,4813629.831748146,0.0,0.0,350.81,2.7,1
1791239225.0237641,4813630.033866679,0.0,1.2,350.81,2.7444,1
1791239225.2257533,4813630.235855994,0.0,8.6,350.81,3.0182,1
1791239225.4280026,4813630.438105674,5.0,15.4,350.81,3.2698,1
1791239225.629437,4813630.639538428,0.0,12.7,350.81,3.1699,1
1791239225.8308845,4813630.840986286,0.0,17.5,350.82,3.3475,1
1791239226.0322554,4813631.042357165,0.0,20.5,350.82,3.4585,1
1791239226.2335668,4813631.243668461,0.0,0.0,350.82,2.7,1
1791239226.4349713,4813631.445073194,0.0,0.0,350.82,2.7,1
1791239226.6363118,4813631.646413812,0.0,0.0,350.82,2.7,1
1791239226.8376842,4813631.847786097,0.0,0.0,350.82,2.7,1
1791239227.0390897,4813632.049191403,0.0,1.3,350.82,2.7481,1
1791239227.2404406,4813632.25054223,5.0,0.0,350.82,2.7,1
1791239227.4417028,4813632.451804776,0.0,0.0,350.82,2.7,1
1791239227.6430533,4813632.653155082,0.0,0.0,350.82,2.7,1
1791239227.8441758,4813632.854277419,0.0,0.0,350.82,2.7,1
1791239228.0455582,4813633.055659756,0.0,1.2,350.82,2.7444,1
1791239228.246867,4813633.256968396,0.0,0.0,350.82,2.7,1
1791239228.4482517,4813633.458353545,0.0,0.0,350.82,2.7,1
1791239228.6496034,4813633.659704997,5.0,0.0,350.82,2.7,1
1791239228.85082,4813633.860921344,0.0,0.0,350.82,2.7,1
1791239229.0521858,4813634.062287692,0.0,2.5,350.82,2.7925,1
1791239229.2535868,4813634.263688362,0.0,5.1,350.82,2.8887,1
1791239229.4550328,4813634.4651345,5.0,1.2,350.82,2.7444,1
1791239229.6563454,4813634.666446942,0.0,0.0,350.82,2.7,1
1791239229.8576937,4813634.867795372,0.0,0.0,350.82,2.7,1
1791239230.059127,4813635.069228646,0.0,1.3,350.82,2.7481,1
1791239230.2603326,4813635.270434317,0.0,0.0,350.82,2.7,1
1791239230.462499,4813635.472601391,0.0,1.2,350.82,2.7444,1
1791239230.6646235,4813635.67472659,0.0,0.0,350.82,2.7,1
1791239230.866767,4813635.876869654,4.9,1.2,350.82,2.7444,1
1791239231.068879,4813636.078981521,0.0,0.0,350.82,2.7,1
1791239231.2708704,4813636.280973178,0.0,0.0,350.82,2.7,1
1791239231.472893,4813636.482995565,0.0,0.0,350.82,2.7,1
1791239231.675017,4813636.685119619,4.9,1.2,350.82,2.7444,1
1791239231.8768756,4813636.886978152,0.0,0.0,350.82,2.7,1
1791239232.0790775,4813637.089180278,0.0,1.2,350.82,2.7444,1
1791239232.2811778,4813637.291280686,0.0,0.0,350.82,2.7,1
1791239232.4833126,4813637.49341526,4.9,0.0,350.82,2.7,1
1791239232.6854255,4813637.695527699,0.0,0.0,350.82,2.7,1
1791239232.8875303,4813637.897632742,0.0,0.0,350.82,2.7,1
1791239233.0894368,4813638.099539243,0.0,1.3,350.82,2.7481,1
1791239233.2914662,4813638.301569338,0.0,0.0,350.83,2.7,1
1791239233.4934242,4813638.503526413,4.9,0.0,350.83,2.7,1
1791239233.6955504,4813638.705652862,0.0,1.2,350.83,2.7444,1
1791239233.8974676,4813638.907569936,0.0,0.0,350.83,2.7,1
1791239234.0996108,4813639.109713677,4.9,1.2,350.83,2.7444,1
1791239234.3015199,4813639.311622261,0.0,0.0,350.83,2.7,1
1791239234.5036533,4813639.513755898,0.0,0.0,350.83,2.7,1
1791239234.7057102,4813639.715812347,0.0,0.0,350.83,2.7,1
1791239234.9076626,4813639.917764994,0.0,1.2,350.83,2.7444,1
1791239235.109785,4813640.119887901,5.0,1.3,350.83,2.7481,1
1791239235.3117878,4813640.321890443,0.0,1.2,350.83,2.7444,1
1791239235.5138175,4813640.52392033,0.0,0.0,350.83,2.7,1
1791239235.7160337,4813640.726136257,0.0,0.0,350.84,2.7,1
1791239235.9176223,4813640.927724374,14.8,39.2,350.84,4.1504,1
1791239236.1190376,4813641.129139262,39.7,12.8,350.84,3.1736,1
1791239236.3209295,4813641.33103144,14.9,17.5,350.84,3.3475,1
1791239236.522424,4813641.532526119,0.0,5.1,350.84,2.8887,1
1791239236.7255104,4813641.73561293,0.0,16.3,350.84,3.3031,1
1791239236.927148,4813641.937249952,4.9,16.5,350.84,3.3105,1
1791239237.1285381,4813642.138639684,0.0,9.0,350.84,3.033,1
1791239237.3297694,4813642.339871395,0.0,0.0,350.84,2.7,1
1791239237.5310822,4813642.541184147,0.0,0.0,350.84,2.7,1
1791239237.732422,4813642.742523983,0.0,0.0,350.84,2.7,1
1791239237.935439,4813642.945541106,4.9,1.2,350.84,2.7444,1
1791239238.1367629,4813643.146864379,0.0,0.0,350.84,2.7,1
1791239238.3378785,4813643.3479801,0.0,0.0,350.84,2.7,1
1791239238.5393112,4813643.5494128,0.0,0.0,350.84,2.7,1
1791239238.7406783,4813643.750780188,0.0,0.0,350.84,2.7,1
1791239238.9421067,4813643.9522082,0.0,1.2,350.84,2.7444,1
1791239239.1433713,4813644.153472931,0.0,1.2,350.84,2.7444,1
1791239239.3445573,4813644.354659225,0.0,0.0,350.84,2.7,1
1791239239.5458627,4813644.555964269,0.0,0.0,350.84,2.7,1
1791239239.7472374,4813644.757338896,5.0,0.0,350.84,2.7,1
1791239239.9485872,4813644.958688575,0.0,0.0,350.84,2.7,1
1791239240.1498568,4813645.159958514,0.0,0.0,350.84,2.7,1
1791239240.3512182,4813645.3613196,0.0,1.2,350.84,2.7444,1
1791239240.552426,4813645.562527352,0.0,0.0,350.84,2.7,1
1791239240.753751,4813645.763852916,0.0,0.0,350.84,2.7,1
1791239240.9558194,4813645.965921551,0.0,0.0,350.84,2.7,1
1791239241.1580393,4813646.168141593,4.9,0.0,350.85,2.7,1
1791239241.3599973,4813646.37009903,0.0,1.2,350.85,2.7444,1
1791239241.5621622,4813646.572264593,5.0,0.0,350.85,2.7,1
1791239241.7642531,4813646.77435552,0.0,1.2,350.85,2.7444,1
1791239241.966463,4813646.976565561,0.0,1.3,350.85,2.7481,1
1791239242.1685889,4813647.178691904,0.0,0.0,350.85,2.7,1
1791239242.370619,4813647.380721946,0.0,1.2,350.85,2.7444,1
1791239242.5727282,4813647.582830893,0.0,0.0,350.85,2.7,1
1791239242.7748785,4813647.784981351,4.9,0.0,350.85,2.7,1
1791239242.9770007,4813647.987103163,0.0,1.2,350.85,2.7444,1
1791239243.1789849,4813648.189087684,0.0,0.0,350.85,2.7,1
1791239243.3808894,4813648.390991997,0.0,0.0,350.85,2.7,1
1791239243.5830014,4813648.593104434,0.0,1.2,350.85,2.7444,1
1791239243.784987,4813648.795089735,4.9,0.0,350.85,2.7,1
1791239243.9871528,4813648.997255454,0.0,0.0,350.85,2.7,1
1791239244.1892762,4813649.199378567,0.0,1.2,350.85,2.7444,1
1791239244.3912616,4813649.401364078,0.0,1.2,350.85,2.7444,1
1791239244.5933666,4813649.603469223,0.0,0.0,350.85,2.7,1
1791239244.795523,4813649.805625722,0.0,0.0,350.85,2.7,1
1791239244.9976153,4813650.007718055,4.9,1.3,350.85,2.7481,1
1791239245.199675,4813650.209777939,0.0,0.0,350.86,2.7,1
1791239245.4016232,4813650.411725793,0.0,0.0,350.86,2.7,1
1791239245.6036217,4813650.61372448,0.0,0.0,350.86,2.7,1
1791239245.8057213,4813650.815823792,0.0,0.0,350.86,2.7,1
1791239246.0078616,4813651.017964614,4.9,2.5,350.86,2.7925,1
1791239246.209891,4813651.219993665,0.0,0.0,350.86,2.7,1
1791239246.4120128,4813651.422115268,4.9,0.0,350.86,2.7,1
1791239246.6142154,4813651.624318382,0.0,1.2,350.86,2.7444,1
1791239246.8163068,4813651.826409725,0.0,0.0,350.86,2.7,1
1791239247.018509,4813652.028611484,0.0,1.3,350.86,2.7481,1
1791239247.2199643,4813652.230065901,0.0,17.5,350.86,3.3475,1
1791239247.4215724,4813652.431674328,0.0,6.3,350.86,2.9331,1
1791239247.6229875,4813652.63308937,0.0,29.1,350.86,3.7767,1
1791239247.8248935,4813652.834995609,5.0,11.5,350.86,3.1255,1
1791239248.02635,4813653.036452006,0.0,7.6,350.86,2.9812,1
1791239248.2276437,4813653.237745121,0.0,0.0,350.86,2.7,1
1791239248.4289112,4813653.439012715,0.0,0.0,350.86,2.7,1
1791239248.63034,4813653.640441768,0.0,1.2,350.86,2.7444,1
1791239248.8315027,4813653.841604415,0.0,0.0,350.86,2.7,1
1791239249.0328822,4813654.042983884,0.0,0.0,350.87,2.7,1
1791239249.2341502,4813654.24425153,5.0,0.0,350.87,2.7,1
1791239249.4354033,4813654.44550501,0.0,0.0,350.87,2.7,1
1791239249.6366882,4813654.64679,0.0,0.0,350.87,2.7,1
1791239249.8378518,4813654.847952959,0.0,0.0,350.87,2.7,1
1791239250.0392592,4813655.049360866,5.0,1.2,350.87,2.7444,1
1791239250.240462,4813655.250563356,0.0,0.0,350.87,2.7,1
1791239250.4417555,4813655.451857356,0.0,0.0,350.87,2.7,1
1791239250.6431653,4813655.653267294,0.0,1.2,350.87,2.7444,1
1791239250.8445098,4813655.854611502,0.0,0.0,350.87,2.7,1
1791239251.0458946,4813656.055996284,0.0,0.0,350.87,2.7,1
1791239251.2471414,4813656.257243045,0.0,0.0,350.87,2.7,1
1791239251.4484127,4813656.458514389,0.0,0.0,350.87,2.7,1
1791239251.6497664,4813656.659868128,5.0,0.0,350.87,2.7,1
1791239251.8511574,4813656.86125916,0.0,1.2,350.87,2.7444,1
1791239252.052687,4813657.062788784,0.0,1.2,350.87,2.7444,1
1791239252.2546177,4813657.264720074,0.0,15.0,350.87,3.255,1
1791239252.4565084,4813657.466610167,0.0,9.1,350.87,3.0367,1
1791239252.6587489,4813657.66885156,0.0,1.2,350.87,2.7444,1
1791239252.8607316,4813657.870834205,0.0,0.0,350.87,2.7,1
1791239253.0627565,4813658.072859245,4.9,1.3,350.88,2.7481,1
1791239253.2647698,4813658.274872409,0.0,0.0,350.88,2.7,1
1791239253.466809,4813658.476911512,0.0,0.0,350.88,2.7,1
1791239253.6688335,4813658.678936239,0.0,0.0,350.88,2.7,1
1791239253.8710027,4813658.881104924,0.0,1.2,350.88,2.7444,1
1791239254.0731072,4813659.08320986,4.9,0.0,350.88,2.7,1
1791239254.275122,4813659.285224795,0.0,1.2,350.88,2.7444,1
1791239254.4772325,4813659.487334939,0.0,0.0,350.88,2.7,1
1791239254.679432,4813659.689534405,0.0,0.0,350.88,2.7,1
1791239254.8813233,4813659.891426008,0.0,0.0,350.88,2.7,1
1791239255.0834951,4813660.093597974,5.0,1.3,350.88,2.7481,1
1791239255.2854016,4813660.295503795,0.0,0.0,350.88,2.7,1
1791239255.4875305,4813660.497633262,0.0,1.2,350.88,2.7444,1
1791239255.6896064,4813660.699709134,0.0,1.2,350.88,2.7444,1
1791239255.891565,4813660.901667924,4.9,0.0,350.88,2.7,1
1791239256.0936832,4813661.103785932,0.0,0.0,350.88,2.7,1
1791239256.2958221,4813661.30592493,4.9,1.2,350.88,2.7444,1
1791239256.4978032,4813661.50790575,0.0,0.0,350.88,2.7,1
1791239256.7000659,4813661.710168081,0.0,0.0,350.88,2.7,1
1791239256.9023042,4813661.912406974,0.0,1.2,350.88,2.7444,1
1791239257.1043983,4813662.114500555,0.0,1.2,350.88,2.7444,1
1791239257.306589,4813662.316691427,0.0,0.0,350.88,2.7,1
1791239257.5085485,4813662.518651206,0.0,0.0,350.88,2.7,1
1791239257.7107277,4813662.720830463,4.9,1.2,350.88,2.7444,1
1791239257.9128363,4813662.922939148,0.0,0.0,350.88,2.7,1
1791239258.1143208,4813663.124422209,0.0,17.5,350.88,3.3475,1
1791239258.3157423,4813663.325844125,22.5,15.2,351.95,3.2624,1
