2026-09-29 07:43:23,067 [INFO] Iroh node started: 134006f6ae121083  addrs=['10.77.0.1:56827']
2026-09-29 07:43:23,694 [INFO] Iroh node started: 3da57eeba3a38d55  addrs=['10.77.0.1:47778']
2026-09-29 07:43:23,949 [INFO] send 100000B via direct in 248ms (3.22 Mbit/s) to 3da57eeba3a38d55
2026-09-29 07:43:23,951 [INFO] recv 100000B via direct in 136ms
2026-09-29 07:43:24,135 [INFO] send 100000B via direct in 181ms (4.42 Mbit/s) to 3da57eeba3a38d55
2026-09-29 07:43:24,137 [INFO] recv 100000B via direct in 127ms
2026-09-29 07:43:24,330 [INFO] send 100000B via direct in 190ms (4.21 Mbit/s) to 3da57eeba3a38d55
2026-09-29 07:43:24,331 [INFO] recv 100000B via direct in 133ms
2026-09-29 07:43:24,552 [INFO] send 100000B via direct in 190ms (4.22 Mbit/s) to 3da57eeba3a38d55
2026-09-29 07:43:24,554 [INFO] recv 100000B via direct in 137ms
2026-09-29 07:43:24,745 [INFO] send 100000B via direct in 190ms (4.22 Mbit/s) to 3da57eeba3a38d55
2026-09-29 07:43:24,746 [INFO] recv 100000B via direct in 129ms
2026-09-29 07:43:24,946 [INFO] send 100000B via direct in 198ms (4.04 Mbit/s) to 3da57eeba3a38d55
2026-09-29 07:43:24,949 [INFO] recv 100000B via direct in 135ms
2026-09-29 07:43:25,162 [INFO] send 100000B via direct in 209ms (3.83 Mbit/s) to 3da57eeba3a38d55
2026-09-29 07:43:25,166 [INFO] recv 100000B via direct in 141ms
2026-09-29 07:43:25,434 [INFO] send 100000B via direct in 262ms (3.05 Mbit/s) to 3da57eeba3a38d55
2026-09-29 07:43:25,438 [INFO] recv 100000B via direct in 136ms
2026-09-29 07:43:25,704 [INFO] send 100000B via direct in 260ms (3.08 Mbit/s) to 3da57eeba3a38d55
2026-09-29 07:43:25,706 [INFO] recv 100000B via direct in 140ms
2026-09-29 07:43:25,926 [INFO] send 100000B via direct in 196ms (4.09 Mbit/s) to 3da57eeba3a38d55
2026-09-29 07:43:25,932 [INFO] recv 100000B via direct in 133ms
2026-09-29 07:43:27,125 [INFO] send 1000000B via direct in 1148ms (6.97 Mbit/s) to 3da57eeba3a38d55
2026-09-29 07:43:27,131 [INFO] recv 1000000B via direct in 933ms
2026-09-29 07:43:28,270 [INFO] send 1000000B via direct in 1123ms (7.13 Mbit/s) to 3da57eeba3a38d55
2026-09-29 07:43:28,275 [INFO] recv 1000000B via direct in 921ms
2026-09-29 07:43:29,487 [INFO] send 1000000B via direct in 1201ms (6.66 Mbit/s) to 3da57eeba3a38d55
2026-09-29 07:43:29,492 [INFO] recv 1000000B via direct in 1008ms
2026-09-29 07:43:30,607 [INFO] send 1000000B via direct in 1106ms (7.23 Mbit/s) to 3da57eeba3a38d55
2026-09-29 07:43:30,611 [INFO] recv 1000000B via direct in 919ms
2026-09-29 07:43:31,790 [INFO] send 1000000B via direct in 1171ms (6.83 Mbit/s) to 3da57eeba3a38d55
2026-09-29 07:43:31,793 [INFO] recv 1000000B via direct in 918ms
2026-09-29 07:43:32,919 [INFO] send 1000000B via direct in 1117ms (7.16 Mbit/s) to 3da57eeba3a38d55
2026-09-29 07:43:32,925 [INFO] recv 1000000B via direct in 921ms
2026-09-29 07:43:34,185 [INFO] send 1000000B via direct in 1252ms (6.39 Mbit/s) to 3da57eeba3a38d55
2026-09-29 07:43:34,187 [INFO] recv 1000000B via direct in 904ms
2026-09-29 07:43:35,307 [INFO] send 1000000B via direct in 1113ms (7.18 Mbit/s) to 3da57eeba3a38d55
2026-09-29 07:43:35,309 [INFO] recv 1000000B via direct in 909ms
2026-09-29 07:43:36,408 [INFO] send 1000000B via direct in 1094ms (7.31 Mbit/s) to 3da57eeba3a38d55
2026-09-29 07:43:36,409 [INFO] recv 1000000B via direct in 908ms
2026-09-29 07:43:37,530 [INFO] send 1000000B via direct in 1116ms (7.17 Mbit/s) to 3da57eeba3a38d55
2026-09-29 07:43:37,533 [INFO] recv 1000000B via direct in 922ms
2026-09-29 07:43:47,829 [INFO] send 10000000B via direct in 10235ms (7.82 Mbit/s) to 3da57eeba3a38d55
2026-09-29 07:43:47,832 [INFO] recv 10000000B via direct in 8596ms
2026-09-29 07:43:58,808 [INFO] send 10000000B via direct in 10013ms (7.99 Mbit/s) to 3da57eeba3a38d55
2026-09-29 07:43:58,810 [INFO] recv 10000000B via direct in 8599ms
2026-09-29 07:44:08,929 [INFO] send 10000000B via direct in 10083ms (7.93 Mbit/s) to 3da57eeba3a38d55
2026-09-29 07:44:08,937 [INFO] recv 10000000B via direct in 8654ms
2026-09-29 07:44:19,021 [INFO] send 10000000B via direct in 10069ms (7.95 Mbit/s) to 3da57eeba3a38d55
2026-09-29 07:44:19,022 [INFO] recv 10000000B via direct in 8594ms
2026-09-29 07:44:29,926 [INFO] send 10000000B via direct in 9961ms (8.03 Mbit/s) to 3da57eeba3a38d55
2026-09-29 07:44:29,927 [INFO] recv 10000000B via direct in 8572ms
2026-09-29 07:44:39,906 [INFO] send 10000000B via direct in 9959ms (8.03 Mbit/s) to 3da57eeba3a38d55
2026-09-29 07:44:39,908 [INFO] recv 10000000B via direct in 8573ms
2026-09-29 07:44:49,925 [INFO] send 10000000B via direct in 10007ms (7.99 Mbit/s) to 3da57eeba3a38d55
2026-09-29 07:44:49,927 [INFO] recv 10000000B via direct in 8594ms
2026-09-29 07:45:00,806 [INFO] send 10000000B via direct in 9965ms (8.03 Mbit/s) to 3da57eeba3a38d55
2026-09-29 07:45:00,808 [INFO] recv 10000000B via direct in 8554ms
2026-09-29 07:45:10,739 [INFO] send 10000000B via direct in 9923ms (8.06 Mbit/s) to 3da57eeba3a38d55
2026-09-29 07:45:10,741 [INFO] recv 10000000B via direct in 8558ms
2026-09-29 07:45:20,655 [INFO] send 10000000B via direct in 9899ms (8.08 Mbit/s) to 3da57eeba3a38d55
2026-09-29 07:45:20,657 [INFO] recv 10000000B via direct in 8591ms
2026-09-29 07:46:17,233 [INFO] === E7 AirMLP + FedAvg — geographic ===
2026-09-29 07:46:17,929 [INFO] Air quality dataset loaded: 28514 train / 3561 test | 6 features | 3 classes
2026-09-29 07:46:17,934 [INFO] Geographic partition: 10 provinces  min=2305  max=2922  mean=2851
2026-09-29 07:46:18,095 [INFO] AirMLP class weights: [1.026976466178894, 1.0868686437606812, 0.904000997543335]
2026-09-29 07:46:18,837 [INFO] Iroh node started: e61ce1d2826b1a26  addrs=['10.77.0.1:46098']
2026-09-29 07:46:19,953 [INFO] CoAP server [server] listening on 0.0.0.0:5783
2026-09-29 07:46:19,954 [INFO] FLServer server started (mock=False)
2026-09-29 07:46:20,594 [INFO] Iroh node started: 85dd78ea1e79df73  addrs=['10.77.0.1:56419']
2026-09-29 07:46:20,619 [INFO] CoAP server [client-0] listening on 0.0.0.0:5784
2026-09-29 07:46:20,621 [INFO] FLClient client-0 started (mock=False)
2026-09-29 07:46:20,624 [INFO] Registered client client-0  iroh=85dd78ea1e79df73
2026-09-29 07:46:21,345 [INFO] Iroh node started: 07905488d3642403  addrs=['10.77.0.1:53177']
2026-09-29 07:46:21,370 [INFO] CoAP server [client-1] listening on 0.0.0.0:5785
2026-09-29 07:46:21,374 [INFO] FLClient client-1 started (mock=False)
2026-09-29 07:46:21,376 [INFO] Registered client client-1  iroh=07905488d3642403
2026-09-29 07:46:22,070 [INFO] Iroh node started: 7504962abef21550  addrs=['10.77.0.1:40030']
2026-09-29 07:46:22,122 [INFO] CoAP server [client-2] listening on 0.0.0.0:5786
2026-09-29 07:46:22,125 [INFO] FLClient client-2 started (mock=False)
2026-09-29 07:46:22,130 [INFO] Registered client client-2  iroh=7504962abef21550
2026-09-29 07:46:22,838 [INFO] Iroh node started: a1d0e6475adf8d89  addrs=['10.77.0.1:45573']
2026-09-29 07:46:22,901 [INFO] CoAP server [client-3] listening on 0.0.0.0:5787
2026-09-29 07:46:22,904 [INFO] FLClient client-3 started (mock=False)
2026-09-29 07:46:22,907 [INFO] Registered client client-3  iroh=a1d0e6475adf8d89
2026-09-29 07:46:23,628 [INFO] Iroh node started: 0fe92a4316d854b5  addrs=['10.77.0.1:59773']
2026-09-29 07:46:23,648 [INFO] CoAP server [client-4] listening on 0.0.0.0:5788
2026-09-29 07:46:23,649 [INFO] FLClient client-4 started (mock=False)
2026-09-29 07:46:23,651 [INFO] Registered client client-4  iroh=0fe92a4316d854b5
2026-09-29 07:46:24,317 [INFO] Iroh node started: 83a17c56eea3a7d0  addrs=['10.77.0.1:36392']
2026-09-29 07:46:24,355 [INFO] CoAP server [client-5] listening on 0.0.0.0:5789
2026-09-29 07:46:24,358 [INFO] FLClient client-5 started (mock=False)
2026-09-29 07:46:24,361 [INFO] Registered client client-5  iroh=83a17c56eea3a7d0
2026-09-29 07:46:25,030 [INFO] Iroh node started: 2cfa84036d25432e  addrs=['10.77.0.1:50504']
2026-09-29 07:46:25,089 [INFO] CoAP server [client-6] listening on 0.0.0.0:5790
2026-09-29 07:46:25,093 [INFO] FLClient client-6 started (mock=False)
2026-09-29 07:46:25,100 [INFO] Registered client client-6  iroh=2cfa84036d25432e
2026-09-29 07:46:25,798 [INFO] Iroh node started: 1e0d167d13e5fe19  addrs=['10.77.0.1:51887']
2026-09-29 07:46:25,853 [INFO] CoAP server [client-7] listening on 0.0.0.0:5791
2026-09-29 07:46:25,857 [INFO] FLClient client-7 started (mock=False)
2026-09-29 07:46:25,860 [INFO] Registered client client-7  iroh=1e0d167d13e5fe19
2026-09-29 07:46:26,552 [INFO] Iroh node started: 29c8a0b2f9f87333  addrs=['10.77.0.1:49746']
2026-09-29 07:46:26,597 [INFO] CoAP server [client-8] listening on 0.0.0.0:5792
2026-09-29 07:46:26,602 [INFO] FLClient client-8 started (mock=False)
2026-09-29 07:46:26,606 [INFO] Registered client client-8  iroh=29c8a0b2f9f87333
2026-09-29 07:46:27,376 [INFO] Iroh node started: bc0c55f713008976  addrs=['10.77.0.1:38837']
2026-09-29 07:46:27,385 [INFO] CoAP server [client-9] listening on 0.0.0.0:5793
2026-09-29 07:46:27,386 [INFO] FLClient client-9 started (mock=False)
2026-09-29 07:46:27,387 [INFO] Registered client client-9  iroh=bc0c55f713008976
2026-09-29 07:46:27,390 [INFO] Round 1 — sending model to 10 clients…
2026-09-29 07:46:27,391 [INFO] [client-0] Round 1 — receiving model…
2026-09-29 07:46:27,392 [INFO] [client-1] Round 1 — receiving model…
2026-09-29 07:46:27,393 [INFO] [client-2] Round 1 — receiving model…
2026-09-29 07:46:27,393 [INFO] [client-3] Round 1 — receiving model…
2026-09-29 07:46:27,394 [INFO] [client-4] Round 1 — receiving model…
2026-09-29 07:46:27,395 [INFO] [client-5] Round 1 — receiving model…
2026-09-29 07:46:27,396 [INFO] [client-6] Round 1 — receiving model…
2026-09-29 07:46:27,397 [INFO] [client-7] Round 1 — receiving model…
2026-09-29 07:46:27,398 [INFO] [client-8] Round 1 — receiving model…
2026-09-29 07:46:27,399 [INFO] [client-9] Round 1 — receiving model…
2026-09-29 07:46:27,704 [INFO] recv 13933B via direct in 125ms
2026-09-29 07:46:27,727 [INFO] [client-0] Round 1 — training locally…
2026-09-29 07:47:16,213 [INFO] [client-0] Round 1 — sending update…
2026-09-29 07:47:16,226 [INFO] send 13933B via direct in 46944ms (0.00 Mbit/s) to 85dd78ea1e79df73
2026-09-29 07:47:16,228 [INFO] send 13933B via direct in 46941ms (0.00 Mbit/s) to 7504962abef21550
2026-09-29 07:47:16,229 [INFO] send 13933B via direct in 46939ms (0.00 Mbit/s) to 83a17c56eea3a7d0
2026-09-29 07:47:16,231 [INFO] send 13933B via direct in 46944ms (0.00 Mbit/s) to 29c8a0b2f9f87333
2026-09-29 07:47:16,232 [INFO] send 13933B via direct in 46941ms (0.00 Mbit/s) to a1d0e6475adf8d89
2026-09-29 07:47:16,233 [INFO] send 13933B via direct in 46940ms (0.00 Mbit/s) to bc0c55f713008976
2026-09-29 07:47:16,234 [INFO] send 13933B via direct in 46939ms (0.00 Mbit/s) to 07905488d3642403
2026-09-29 07:47:16,236 [INFO] send 13933B via direct in 46938ms (0.00 Mbit/s) to 1e0d167d13e5fe19
2026-09-29 07:47:16,237 [INFO] send 13933B via direct in 46938ms (0.00 Mbit/s) to 2cfa84036d25432e
2026-09-29 07:47:16,239 [INFO] send 13933B via direct in 46937ms (0.00 Mbit/s) to 0fe92a4316d854b5
2026-09-29 07:47:16,241 [INFO] recv 13933B via direct in 46897ms
2026-09-29 07:47:16,243 [INFO] [client-2] Round 1 — training locally…
2026-09-29 07:47:16,409 [INFO] [client-2] Round 1 — sending update…
2026-09-29 07:47:16,412 [INFO] recv 13933B via direct in 46895ms
2026-09-29 07:47:16,417 [INFO] [client-3] Round 1 — training locally…
2026-09-29 07:47:16,571 [INFO] [client-3] Round 1 — sending update…
2026-09-29 07:47:16,573 [INFO] recv 13933B via direct in 46893ms
2026-09-29 07:47:16,607 [INFO] [client-5] Round 1 — training locally…
2026-09-29 07:47:16,765 [INFO] [client-5] Round 1 — sending update…
2026-09-29 07:47:16,769 [INFO] recv 13933B via direct in 46884ms
2026-09-29 07:47:16,774 [INFO] [client-9] Round 1 — training locally…
2026-09-29 07:47:16,929 [INFO] [client-9] Round 1 — sending update…
2026-09-29 07:47:16,933 [INFO] recv 13933B via direct in 46883ms
2026-09-29 07:47:16,937 [INFO] [client-1] Round 1 — training locally…
2026-09-29 07:47:17,083 [INFO] [client-1] Round 1 — sending update…
2026-09-29 07:47:17,087 [INFO] recv 13933B via direct in 46881ms
2026-09-29 07:47:17,092 [INFO] [client-7] Round 1 — training locally…
2026-09-29 07:47:17,222 [INFO] [client-7] Round 1 — sending update…
2026-09-29 07:47:17,225 [INFO] recv 13933B via direct in 46879ms
2026-09-29 07:47:17,228 [INFO] [client-6] Round 1 — training locally…
2026-09-29 07:47:17,378 [INFO] [client-6] Round 1 — sending update…
2026-09-29 07:47:17,381 [INFO] recv 13933B via direct in 46870ms
2026-09-29 07:47:17,384 [INFO] [client-4] Round 1 — training locally…
2026-09-29 07:47:17,565 [INFO] [client-4] Round 1 — sending update…
2026-09-29 07:47:17,568 [INFO] Round 1 — waiting for 10 updates…
2026-09-29 07:47:17,570 [INFO] recv 13933B via direct in 46901ms
2026-09-29 07:47:17,573 [INFO] [client-8] Round 1 — training locally…
2026-09-29 07:47:17,735 [INFO] [client-8] Round 1 — sending update…
2026-09-29 07:47:17,871 [INFO] recv 13933B via direct in 122ms
2026-09-29 07:47:17,924 [INFO] recv 13933B via direct in 130ms
2026-09-29 07:47:17,971 [INFO] recv 13933B via direct in 178ms
2026-09-29 07:47:17,987 [INFO] send 13933B via direct in 1364ms (0.08 Mbit/s) to e61ce1d2826b1a26
2026-09-29 07:47:18,063 [INFO] [client-3] Round 1 done — loss=1.0636 acc=0.4468  48.9s
2026-09-29 07:47:18,065 [INFO] [client-3] Round 2 — receiving model…
2026-09-29 07:47:18,067 [INFO] send 13933B via direct in 1722ms (0.06 Mbit/s) to e61ce1d2826b1a26
2026-09-29 07:47:18,123 [INFO] [client-0] Round 1 done — loss=1.0589 acc=0.4583  49.0s
2026-09-29 07:47:18,125 [INFO] [client-0] Round 2 — receiving model…
2026-09-29 07:47:18,128 [INFO] send 13933B via direct in 1528ms (0.07 Mbit/s) to e61ce1d2826b1a26
2026-09-29 07:47:18,193 [INFO] [client-2] Round 1 done — loss=1.0432 acc=0.4468  49.1s
2026-09-29 07:47:18,194 [INFO] [client-2] Round 2 — receiving model…
2026-09-29 07:47:18,196 [INFO] send 13933B via direct in 1176ms (0.10 Mbit/s) to e61ce1d2826b1a26
2026-09-29 07:47:18,242 [INFO] [client-5] Round 1 done — loss=1.0587 acc=0.4495  49.1s
2026-09-29 07:47:18,244 [INFO] [client-5] Round 2 — receiving model…
2026-09-29 07:47:18,246 [INFO] send 13933B via direct in 1019ms (0.11 Mbit/s) to e61ce1d2826b1a26
2026-09-29 07:47:18,286 [INFO] [client-9] Round 1 done — loss=1.0565 acc=0.4600  49.1s
2026-09-29 07:47:18,288 [INFO] [client-9] Round 2 — receiving model…
2026-09-29 07:47:18,289 [INFO] send 13933B via direct in 866ms (0.13 Mbit/s) to e61ce1d2826b1a26
2026-09-29 07:47:18,315 [INFO] [client-1] Round 1 done — loss=1.0779 acc=0.3877  49.2s
2026-09-29 07:47:18,317 [INFO] [client-1] Round 2 — receiving model…
2026-09-29 07:47:18,319 [INFO] send 13933B via direct in 730ms (0.15 Mbit/s) to e61ce1d2826b1a26
2026-09-29 07:47:18,352 [INFO] [client-7] Round 1 done — loss=1.0524 acc=0.4255  49.2s
2026-09-29 07:47:18,354 [INFO] [client-7] Round 2 — receiving model…
2026-09-29 07:47:18,356 [INFO] send 13933B via direct in 578ms (0.19 Mbit/s) to e61ce1d2826b1a26
2026-09-29 07:47:18,390 [INFO] [client-6] Round 1 done — loss=1.0514 acc=0.4462  49.2s
2026-09-29 07:47:18,391 [INFO] [client-6] Round 2 — receiving model…
2026-09-29 07:47:18,393 [INFO] send 13933B via direct in 395ms (0.28 Mbit/s) to e61ce1d2826b1a26
2026-09-29 07:47:18,422 [INFO] [client-4] Round 1 done — loss=1.0296 acc=0.4945  49.3s
2026-09-29 07:47:18,424 [INFO] [client-4] Round 2 — receiving model…
2026-09-29 07:47:18,425 [INFO] send 13933B via direct in 228ms (0.49 Mbit/s) to e61ce1d2826b1a26
2026-09-29 07:47:18,454 [INFO] [client-8] Round 1 done — loss=0.8079 acc=0.6858  49.3s
2026-09-29 07:47:18,455 [INFO] [client-8] Round 2 — receiving model…
2026-09-29 07:47:18,456 [INFO] recv 13933B via direct in 202ms
2026-09-29 07:47:18,458 [INFO] recv 13933B via direct in 207ms
2026-09-29 07:47:18,462 [INFO] recv 13933B via direct in 212ms
2026-09-29 07:47:18,467 [INFO] recv 13933B via direct in 216ms
2026-09-29 07:47:18,470 [INFO] recv 13933B via direct in 217ms
2026-09-29 07:47:18,472 [INFO] recv 13933B via direct in 207ms
2026-09-29 07:47:18,475 [INFO] recv 13933B via direct in 117ms
2026-09-29 07:47:18,537 [INFO] Round 1/20  acc=0.3097  loss=1.1109  49.4s  clients=10
2026-09-29 07:47:18,538 [INFO] Round 2 — sending model to 10 clients…
2026-09-29 07:47:18,721 [INFO] recv 13933B via direct in 128ms
2026-09-29 07:47:18,742 [INFO] [client-5] Round 2 — training locally…
2026-09-29 07:47:18,983 [INFO] [client-5] Round 2 — sending update…
2026-09-29 07:47:18,997 [INFO] send 13933B via direct in 446ms (0.25 Mbit/s) to 83a17c56eea3a7d0
2026-09-29 07:47:18,998 [INFO] send 13933B via direct in 445ms (0.25 Mbit/s) to 07905488d3642403
2026-09-29 07:47:19,000 [INFO] send 13933B via direct in 440ms (0.25 Mbit/s) to 1e0d167d13e5fe19
2026-09-29 07:47:19,001 [INFO] send 13933B via direct in 443ms (0.25 Mbit/s) to bc0c55f713008976
2026-09-29 07:47:19,002 [INFO] send 13933B via direct in 439ms (0.25 Mbit/s) to 85dd78ea1e79df73
2026-09-29 07:47:19,004 [INFO] send 13933B via direct in 438ms (0.26 Mbit/s) to a1d0e6475adf8d89
2026-09-29 07:47:19,005 [INFO] send 13933B via direct in 437ms (0.26 Mbit/s) to 29c8a0b2f9f87333
2026-09-29 07:47:19,007 [INFO] send 13933B via direct in 437ms (0.26 Mbit/s) to 0fe92a4316d854b5
2026-09-29 07:47:19,008 [INFO] send 13933B via direct in 439ms (0.25 Mbit/s) to 2cfa84036d25432e
2026-09-29 07:47:19,010 [INFO] send 13933B via direct in 437ms (0.26 Mbit/s) to 7504962abef21550
2026-09-29 07:47:19,012 [INFO] recv 13933B via direct in 397ms
2026-09-29 07:47:19,015 [INFO] [client-9] Round 2 — training locally…
2026-09-29 07:47:19,149 [INFO] [client-9] Round 2 — sending update…
2026-09-29 07:47:19,153 [INFO] recv 13933B via direct in 402ms
2026-09-29 07:47:19,158 [INFO] [client-1] Round 2 — training locally…
2026-09-29 07:47:19,306 [INFO] [client-1] Round 2 — sending update…
2026-09-29 07:47:19,310 [INFO] recv 13933B via direct in 385ms
2026-09-29 07:47:19,315 [INFO] [client-7] Round 2 — training locally…
2026-09-29 07:47:19,458 [INFO] [client-7] Round 2 — sending update…
2026-09-29 07:47:19,461 [INFO] recv 13933B via direct in 385ms
2026-09-29 07:47:19,467 [INFO] [client-0] Round 2 — training locally…
2026-09-29 07:47:19,566 [INFO] [client-0] Round 2 — sending update…
2026-09-29 07:47:19,569 [INFO] recv 13933B via direct in 385ms
2026-09-29 07:47:19,574 [INFO] [client-3] Round 2 — training locally…
2026-09-29 07:47:19,741 [INFO] [client-3] Round 2 — sending update…
2026-09-29 07:47:19,744 [INFO] recv 13933B via direct in 377ms
2026-09-29 07:47:19,748 [INFO] [client-6] Round 2 — training locally…
2026-09-29 07:47:19,929 [INFO] [client-6] Round 2 — sending update…
2026-09-29 07:47:19,933 [INFO] recv 13933B via direct in 376ms
2026-09-29 07:47:19,937 [INFO] [client-8] Round 2 — training locally…
2026-09-29 07:47:20,084 [INFO] [client-8] Round 2 — sending update…
2026-09-29 07:47:20,088 [INFO] recv 13933B via direct in 374ms
2026-09-29 07:47:20,091 [INFO] [client-4] Round 2 — training locally…
2026-09-29 07:47:20,231 [INFO] [client-4] Round 2 — sending update…
2026-09-29 07:47:20,234 [INFO] recv 13933B via direct in 316ms
2026-09-29 07:47:20,239 [INFO] [client-2] Round 2 — training locally…
2026-09-29 07:47:20,461 [INFO] [client-2] Round 2 — sending update…
2026-09-29 07:47:20,464 [INFO] Round 2 — waiting for 10 updates…
2026-09-29 07:47:20,589 [INFO] recv 13933B via direct in 115ms
2026-09-29 07:47:20,599 [INFO] recv 13933B via direct in 125ms
2026-09-29 07:47:20,606 [INFO] recv 13933B via direct in 132ms
2026-09-29 07:47:20,612 [INFO] recv 13933B via direct in 138ms
2026-09-29 07:47:20,616 [INFO] recv 13933B via direct in 138ms
2026-09-29 07:47:20,620 [INFO] recv 13933B via direct in 147ms
2026-09-29 07:47:20,624 [INFO] recv 13933B via direct in 147ms
2026-09-29 07:47:20,628 [INFO] recv 13933B via direct in 154ms
2026-09-29 07:47:20,632 [INFO] recv 13933B via direct in 155ms
2026-09-29 07:47:20,638 [INFO] send 13933B via direct in 1651ms (0.07 Mbit/s) to e61ce1d2826b1a26
2026-09-29 07:47:20,676 [INFO] [client-5] Round 2 done — loss=1.0233 acc=0.5134  2.4s
2026-09-29 07:47:20,678 [INFO] [client-5] Round 3 — receiving model…
2026-09-29 07:47:20,680 [INFO] send 13933B via direct in 1484ms (0.08 Mbit/s) to e61ce1d2826b1a26
2026-09-29 07:47:20,705 [INFO] [client-9] Round 2 done — loss=1.0293 acc=0.5109  2.4s
2026-09-29 07:47:20,706 [INFO] [client-9] Round 3 — receiving model…
2026-09-29 07:47:20,707 [INFO] send 13933B via direct in 1328ms (0.08 Mbit/s) to e61ce1d2826b1a26
2026-09-29 07:47:20,729 [INFO] [client-1] Round 2 done — loss=1.0691 acc=0.4090  2.4s
2026-09-29 07:47:20,747 [INFO] [client-1] Round 3 — receiving model…
2026-09-29 07:47:20,749 [INFO] send 13933B via direct in 1176ms (0.10 Mbit/s) to e61ce1d2826b1a26
2026-09-29 07:47:20,769 [INFO] [client-7] Round 2 done — loss=1.0344 acc=0.4519  2.4s
2026-09-29 07:47:20,770 [INFO] [client-7] Round 3 — receiving model…
2026-09-29 07:47:20,772 [INFO] send 13933B via direct in 1068ms (0.10 Mbit/s) to e61ce1d2826b1a26
2026-09-29 07:47:20,793 [INFO] [client-0] Round 2 done — loss=1.0616 acc=0.4518  2.7s
2026-09-29 07:47:20,795 [INFO] [client-0] Round 3 — receiving model…
2026-09-29 07:47:20,796 [INFO] send 13933B via direct in 894ms (0.13 Mbit/s) to e61ce1d2826b1a26
2026-09-29 07:47:20,823 [INFO] [client-3] Round 2 done — loss=1.0582 acc=0.4351  2.8s
2026-09-29 07:47:20,824 [INFO] [client-3] Round 3 — receiving model…
2026-09-29 07:47:20,825 [INFO] send 13933B via direct in 705ms (0.16 Mbit/s) to e61ce1d2826b1a26
2026-09-29 07:47:20,850 [INFO] [client-6] Round 2 done — loss=1.0291 acc=0.4736  2.5s
2026-09-29 07:47:20,851 [INFO] [client-6] Round 3 — receiving model…
2026-09-29 07:47:20,852 [INFO] send 13933B via direct in 550ms (0.20 Mbit/s) to e61ce1d2826b1a26
2026-09-29 07:47:20,888 [INFO] [client-8] Round 2 done — loss=0.7724 acc=0.7256  2.4s
2026-09-29 07:47:20,890 [INFO] [client-8] Round 3 — receiving model…
2026-09-29 07:47:20,892 [INFO] recv 13933B via direct in 61ms
2026-09-29 07:47:20,927 [INFO] Round 2/20  acc=0.3993  loss=1.0843  2.4s  clients=10
2026-09-29 07:47:20,928 [INFO] Round 3 — sending model to 10 clients…
2026-09-29 07:47:20,929 [INFO] send 13933B via direct in 446ms (0.25 Mbit/s) to e61ce1d2826b1a26
2026-09-29 07:47:20,948 [INFO] [client-4] Round 2 done — loss=1.0345 acc=0.4780  2.5s
2026-09-29 07:47:20,949 [INFO] [client-4] Round 3 — receiving model…
2026-09-29 07:47:20,961 [INFO] send 13933B via direct in 429ms (0.26 Mbit/s) to e61ce1d2826b1a26
2026-09-29 07:47:20,989 [INFO] [client-2] Round 2 done — loss=1.0205 acc=0.4657  2.8s
2026-09-29 07:47:20,990 [INFO] [client-2] Round 3 — receiving model…
2026-09-29 07:47:21,143 [INFO] recv 13933B via direct in 148ms
2026-09-29 07:47:21,151 [INFO] [client-4] Round 3 — training locally…
2026-09-29 07:47:21,335 [INFO] [client-4] Round 3 — sending update…
2026-09-29 07:47:21,348 [INFO] send 13933B via direct in 388ms (0.29 Mbit/s) to 0fe92a4316d854b5
2026-09-29 07:47:21,350 [INFO] send 13933B via direct in 386ms (0.29 Mbit/s) to 1e0d167d13e5fe19
2026-09-29 07:47:21,352 [INFO] send 13933B via direct in 385ms (0.29 Mbit/s) to bc0c55f713008976
2026-09-29 07:47:21,353 [INFO] send 13933B via direct in 384ms (0.29 Mbit/s) to 7504962abef21550
2026-09-29 07:47:21,355 [INFO] send 13933B via direct in 384ms (0.29 Mbit/s) to 83a17c56eea3a7d0
2026-09-29 07:47:21,356 [INFO] send 13933B via direct in 384ms (0.29 Mbit/s) to 29c8a0b2f9f87333
2026-09-29 07:47:21,357 [INFO] send 13933B via direct in 383ms (0.29 Mbit/s) to a1d0e6475adf8d89
2026-09-29 07:47:21,360 [INFO] send 13933B via direct in 387ms (0.29 Mbit/s) to 2cfa84036d25432e
2026-09-29 07:47:21,362 [INFO] send 13933B via direct in 386ms (0.29 Mbit/s) to 07905488d3642403
2026-09-29 07:47:21,364 [INFO] send 13933B via direct in 385ms (0.29 Mbit/s) to 85dd78ea1e79df73
2026-09-29 07:47:21,365 [INFO] recv 13933B via direct in 350ms
2026-09-29 07:47:21,368 [INFO] [client-7] Round 3 — training locally…
2026-09-29 07:47:21,516 [INFO] [client-7] Round 3 — sending update…
2026-09-29 07:47:21,519 [INFO] recv 13933B via direct in 326ms
2026-09-29 07:47:21,523 [INFO] [client-1] Round 3 — training locally…
2026-09-29 07:47:21,674 [INFO] [client-1] Round 3 — sending update…
2026-09-29 07:47:21,678 [INFO] recv 13933B via direct in 326ms
2026-09-29 07:47:21,681 [INFO] [client-2] Round 3 — training locally…
2026-09-29 07:47:21,814 [INFO] [client-2] Round 3 — sending update…
2026-09-29 07:47:21,817 [INFO] recv 13933B via direct in 326ms
2026-09-29 07:47:21,822 [INFO] [client-5] Round 3 — training locally…
2026-09-29 07:47:21,984 [INFO] [client-5] Round 3 — sending update…
2026-09-29 07:47:21,988 [INFO] recv 13933B via direct in 327ms
2026-09-29 07:47:21,993 [INFO] [client-0] Round 3 — training locally…
2026-09-29 07:47:22,133 [INFO] [client-0] Round 3 — sending update…
2026-09-29 07:47:22,137 [INFO] recv 13933B via direct in 327ms
2026-09-29 07:47:22,140 [INFO] [client-9] Round 3 — training locally…
2026-09-29 07:47:22,285 [INFO] [client-9] Round 3 — sending update…
2026-09-29 07:47:22,290 [INFO] recv 13933B via direct in 327ms
2026-09-29 07:47:22,293 [INFO] [client-3] Round 3 — training locally…
2026-09-29 07:47:22,432 [INFO] [client-3] Round 3 — sending update…
2026-09-29 07:47:22,435 [INFO] recv 13933B via direct in 353ms
2026-09-29 07:47:22,439 [INFO] [client-6] Round 3 — training locally…
2026-09-29 07:47:22,608 [INFO] [client-6] Round 3 — sending update…
2026-09-29 07:47:22,611 [INFO] recv 13933B via direct in 328ms
2026-09-29 07:47:22,616 [INFO] [client-8] Round 3 — training locally…
2026-09-29 07:47:22,793 [INFO] [client-8] Round 3 — sending update…
2026-09-29 07:47:22,797 [INFO] Round 3 — waiting for 10 updates…
2026-09-29 07:47:22,926 [INFO] recv 13933B via direct in 122ms
2026-09-29 07:47:22,934 [INFO] recv 13933B via direct in 131ms
2026-09-29 07:47:22,941 [INFO] recv 13933B via direct in 137ms
2026-09-29 07:47:22,947 [INFO] recv 13933B via direct in 143ms
2026-09-29 07:47:22,951 [INFO] recv 13933B via direct in 143ms
2026-09-29 07:47:22,956 [INFO] recv 13933B via direct in 152ms
2026-09-29 07:47:22,959 [INFO] recv 13933B via direct in 152ms
2026-09-29 07:47:22,964 [INFO] recv 13933B via direct in 159ms
2026-09-29 07:47:22,967 [INFO] send 13933B via direct in 1625ms (0.07 Mbit/s) to e61ce1d2826b1a26
2026-09-29 07:47:23,009 [INFO] [client-4] Round 3 done — loss=1.0258 acc=0.4883  2.1s
2026-09-29 07:47:23,011 [INFO] [client-4] Round 4 — receiving model…
2026-09-29 07:47:23,013 [INFO] recv 13933B via direct in 160ms
2026-09-29 07:47:23,021 [INFO] send 13933B via direct in 1499ms (0.07 Mbit/s) to e61ce1d2826b1a26
2026-09-29 07:47:23,055 [INFO] [client-7] Round 3 done — loss=1.0329 acc=0.4567  2.3s
2026-09-29 07:47:23,056 [INFO] [client-7] Round 4 — receiving model…
2026-09-29 07:47:23,058 [INFO] send 13933B via direct in 1340ms (0.08 Mbit/s) to e61ce1d2826b1a26
2026-09-29 07:47:23,079 [INFO] [client-1] Round 3 done — loss=1.0607 acc=0.4121  2.3s
2026-09-29 07:47:23,081 [INFO] [client-1] Round 4 — receiving model…
2026-09-29 07:47:23,082 [INFO] send 13933B via direct in 1202ms (0.09 Mbit/s) to e61ce1d2826b1a26
2026-09-29 07:47:23,106 [INFO] [client-2] Round 3 done — loss=0.9889 acc=0.4997  2.1s
2026-09-29 07:47:23,108 [INFO] [client-2] Round 4 — receiving model…
2026-09-29 07:47:23,109 [INFO] send 13933B via direct in 1031ms (0.11 Mbit/s) to e61ce1d2826b1a26
2026-09-29 07:47:23,136 [INFO] [client-5] Round 3 done — loss=0.9930 acc=0.5412  2.5s
2026-09-29 07:47:23,137 [INFO] [client-5] Round 4 — receiving model…
2026-09-29 07:47:23,138 [INFO] send 13933B via direct in 882ms (0.13 Mbit/s) to e61ce1d2826b1a26
2026-09-29 07:47:23,171 [INFO] [client-0] Round 3 done — loss=1.0579 acc=0.4549  2.4s
2026-09-29 07:47:23,173 [INFO] [client-0] Round 4 — receiving model…
2026-09-29 07:47:23,174 [INFO] send 13933B via direct in 730ms (0.15 Mbit/s) to e61ce1d2826b1a26
2026-09-29 07:47:23,203 [INFO] [client-9] Round 3 done — loss=1.0176 acc=0.5204  2.5s
2026-09-29 07:47:23,204 [INFO] [client-9] Round 4 — receiving model…
2026-09-29 07:47:23,205 [INFO] send 13933B via direct in 584ms (0.19 Mbit/s) to e61ce1d2826b1a26
2026-09-29 07:47:23,228 [INFO] [client-3] Round 3 done — loss=1.0508 acc=0.4516  2.4s
2026-09-29 07:47:23,229 [INFO] [client-3] Round 4 — receiving model…
2026-09-29 07:47:23,231 [INFO] send 13933B via direct in 409ms (0.27 Mbit/s) to e61ce1d2826b1a26
2026-09-29 07:47:23,250 [INFO] [client-6] Round 3 done — loss=1.0215 acc=0.4858  2.4s
2026-09-29 07:47:23,251 [INFO] [client-6] Round 4 — receiving model…
2026-09-29 07:47:23,253 [INFO] send 13933B via direct in 223ms (0.50 Mbit/s) to e61ce1d2826b1a26
2026-09-29 07:47:23,280 [INFO] [client-8] Round 3 done — loss=0.7711 acc=0.7215  2.4s
2026-09-29 07:47:23,281 [INFO] [client-8] Round 4 — receiving model…
2026-09-29 07:47:23,283 [INFO] recv 13933B via direct in 109ms
2026-09-29 07:47:23,310 [INFO] Round 3/20  acc=0.4367  loss=1.0716  2.4s  clients=10
2026-09-29 07:47:23,311 [INFO] Round 4 — sending model to 10 clients…
2026-09-29 07:47:23,525 [INFO] recv 13933B via direct in 131ms
2026-09-29 07:47:23,530 [INFO] [client-3] Round 4 — training locally…
2026-09-29 07:47:23,718 [INFO] [client-3] Round 4 — sending update…
2026-09-29 07:47:23,729 [INFO] send 13933B via direct in 377ms (0.30 Mbit/s) to a1d0e6475adf8d89
2026-09-29 07:47:23,731 [INFO] send 13933B via direct in 376ms (0.30 Mbit/s) to 29c8a0b2f9f87333
2026-09-29 07:47:23,733 [INFO] send 13933B via direct in 381ms (0.29 Mbit/s) to bc0c55f713008976
2026-09-29 07:47:23,734 [INFO] send 13933B via direct in 380ms (0.29 Mbit/s) to 0fe92a4316d854b5
2026-09-29 07:47:23,735 [INFO] send 13933B via direct in 380ms (0.29 Mbit/s) to 7504962abef21550
2026-09-29 07:47:23,737 [INFO] send 13933B via direct in 378ms (0.30 Mbit/s) to 83a17c56eea3a7d0
2026-09-29 07:47:23,738 [INFO] send 13933B via direct in 377ms (0.30 Mbit/s) to 07905488d3642403
2026-09-29 07:47:23,739 [INFO] send 13933B via direct in 377ms (0.30 Mbit/s) to 2cfa84036d25432e
2026-09-29 07:47:23,740 [INFO] send 13933B via direct in 377ms (0.30 Mbit/s) to 1e0d167d13e5fe19
2026-09-29 07:47:23,741 [INFO] send 13933B via direct in 376ms (0.30 Mbit/s) to 85dd78ea1e79df73
2026-09-29 07:47:23,743 [INFO] recv 13933B via direct in 327ms
2026-09-29 07:47:23,746 [INFO] [client-1] Round 4 — training locally…
2026-09-29 07:47:23,889 [INFO] [client-1] Round 4 — sending update…
2026-09-29 07:47:23,892 [INFO] recv 13933B via direct in 325ms
2026-09-29 07:47:23,895 [INFO] [client-6] Round 4 — training locally…
2026-09-29 07:47:24,038 [INFO] [client-6] Round 4 — sending update…
2026-09-29 07:47:24,041 [INFO] recv 13933B via direct in 323ms
2026-09-29 07:47:24,044 [INFO] [client-7] Round 4 — training locally…
2026-09-29 07:47:24,193 [INFO] [client-7] Round 4 — sending update…
2026-09-29 07:47:24,197 [INFO] recv 13933B via direct in 322ms
2026-09-29 07:47:24,203 [INFO] [client-0] Round 4 — training locally…
2026-09-29 07:47:24,349 [INFO] [client-0] Round 4 — sending update…
2026-09-29 07:47:24,353 [INFO] recv 13933B via direct in 334ms
2026-09-29 07:47:24,356 [INFO] [client-8] Round 4 — training locally…
2026-09-29 07:47:24,510 [INFO] [client-8] Round 4 — sending update…
2026-09-29 07:47:24,514 [INFO] recv 13933B via direct in 335ms
2026-09-29 07:47:24,518 [INFO] [client-9] Round 4 — training locally…
2026-09-29 07:47:24,682 [INFO] [client-9] Round 4 — sending update…
2026-09-29 07:47:24,686 [INFO] recv 13933B via direct in 335ms
2026-09-29 07:47:24,690 [INFO] [client-4] Round 4 — training locally…
2026-09-29 07:47:24,855 [INFO] [client-4] Round 4 — sending update…
2026-09-29 07:47:24,860 [INFO] recv 13933B via direct in 335ms
2026-09-29 07:47:24,863 [INFO] [client-2] Round 4 — training locally…
2026-09-29 07:47:25,043 [INFO] [client-2] Round 4 — sending update…
2026-09-29 07:47:25,046 [INFO] recv 13933B via direct in 335ms
2026-09-29 07:47:25,048 [INFO] [client-5] Round 4 — training locally…
2026-09-29 07:47:25,208 [INFO] [client-5] Round 4 — sending update…
2026-09-29 07:47:25,212 [INFO] Round 4 — waiting for 10 updates…
2026-09-29 07:47:25,337 [INFO] recv 13933B via direct in 120ms
2026-09-29 07:47:25,349 [INFO] recv 13933B via direct in 130ms
2026-09-29 07:47:25,372 [INFO] recv 13933B via direct in 148ms
2026-09-29 07:47:25,379 [INFO] recv 13933B via direct in 149ms
2026-09-29 07:47:25,387 [INFO] recv 13933B via direct in 150ms
2026-09-29 07:47:25,392 [INFO] recv 13933B via direct in 149ms
2026-09-29 07:47:25,400 [INFO] recv 13933B via direct in 170ms
2026-09-29 07:47:25,405 [INFO] send 13933B via direct in 1677ms (0.07 Mbit/s) to e61ce1d2826b1a26
2026-09-29 07:47:25,541 [INFO] [client-3] Round 4 done — loss=1.0554 acc=0.4399  2.3s
2026-09-29 07:47:25,542 [INFO] [client-3] Round 5 — receiving model…
2026-09-29 07:47:25,544 [INFO] send 13933B via direct in 1506ms (0.07 Mbit/s) to e61ce1d2826b1a26
2026-09-29 07:47:25,611 [INFO] [client-1] Round 4 done — loss=1.0615 acc=0.4220  2.5s
2026-09-29 07:47:25,613 [INFO] [client-1] Round 5 — receiving model…
2026-09-29 07:47:25,615 [INFO] send 13933B via direct in 1357ms (0.08 Mbit/s) to e61ce1d2826b1a26
2026-09-29 07:47:25,643 [INFO] [client-6] Round 4 done — loss=1.0188 acc=0.4830  2.4s
2026-09-29 07:47:25,644 [INFO] [client-6] Round 5 — receiving model…
2026-09-29 07:47:25,646 [INFO] send 13933B via direct in 1201ms (0.09 Mbit/s) to e61ce1d2826b1a26
2026-09-29 07:47:25,671 [INFO] [client-7] Round 4 done — loss=1.0332 acc=0.4584  2.6s
2026-09-29 07:47:25,672 [INFO] [client-7] Round 5 — receiving model…
2026-09-29 07:47:25,673 [INFO] send 13933B via direct in 1045ms (0.11 Mbit/s) to e61ce1d2826b1a26
2026-09-29 07:47:25,706 [INFO] [client-0] Round 4 done — loss=1.0543 acc=0.4510  2.5s
2026-09-29 07:47:25,707 [INFO] [client-0] Round 5 — receiving model…
2026-09-29 07:47:25,709 [INFO] send 13933B via direct in 885ms (0.13 Mbit/s) to e61ce1d2826b1a26
2026-09-29 07:47:25,730 [INFO] [client-8] Round 4 done — loss=0.7706 acc=0.7129  2.4s
2026-09-29 07:47:25,732 [INFO] [client-8] Round 5 — receiving model…
2026-09-29 07:47:25,733 [INFO] send 13933B via direct in 713ms (0.16 Mbit/s) to e61ce1d2826b1a26
2026-09-29 07:47:25,761 [INFO] [client-9] Round 4 done — loss=1.0150 acc=0.5186  2.6s
2026-09-29 07:47:25,762 [INFO] [client-9] Round 5 — receiving model…
2026-09-29 07:47:25,764 [INFO] send 13933B via direct in 539ms (0.21 Mbit/s) to e61ce1d2826b1a26
2026-09-29 07:47:25,790 [INFO] [client-4] Round 4 done — loss=1.0271 acc=0.4859  2.8s
2026-09-29 07:47:25,791 [INFO] [client-4] Round 5 — receiving model…
2026-09-29 07:47:25,793 [INFO] send 13933B via direct in 353ms (0.32 Mbit/s) to e61ce1d2826b1a26
2026-09-29 07:47:25,819 [INFO] [client-2] Round 4 done — loss=0.9878 acc=0.5017  2.7s
2026-09-29 07:47:25,820 [INFO] [client-2] Round 5 — receiving model…
2026-09-29 07:47:25,821 [INFO] send 13933B via direct in 188ms (0.59 Mbit/s) to e61ce1d2826b1a26
2026-09-29 07:47:25,846 [INFO] [client-5] Round 4 done — loss=0.9917 acc=0.5409  2.7s
2026-09-29 07:47:25,847 [INFO] [client-5] Round 5 — receiving model…
2026-09-29 07:47:25,849 [INFO] recv 13933B via direct in 182ms
2026-09-29 07:47:25,853 [INFO] recv 13933B via direct in 183ms
2026-09-29 07:47:25,857 [INFO] recv 13933B via direct in 77ms
2026-09-29 07:47:25,890 [INFO] Round 4/20  acc=0.4347  loss=1.0769  2.6s  clients=10
2026-09-29 07:47:25,891 [INFO] Round 5 — sending model to 10 clients…
2026-09-29 07:47:26,065 [INFO] recv 13933B via direct in 123ms
2026-09-29 07:47:26,073 [INFO] [client-6] Round 5 — training locally…
2026-09-29 07:47:26,261 [INFO] [client-6] Round 5 — sending update…
2026-09-29 07:47:26,273 [INFO] send 13933B via direct in 371ms (0.30 Mbit/s) to 2cfa84036d25432e
2026-09-29 07:47:26,275 [INFO] send 13933B via direct in 368ms (0.30 Mbit/s) to bc0c55f713008976
2026-09-29 07:47:26,276 [INFO] send 13933B via direct in 366ms (0.31 Mbit/s) to 7504962abef21550
2026-09-29 07:47:26,278 [INFO] send 13933B via direct in 363ms (0.31 Mbit/s) to 83a17c56eea3a7d0
2026-09-29 07:47:26,279 [INFO] send 13933B via direct in 366ms (0.31 Mbit/s) to 07905488d3642403
2026-09-29 07:47:26,281 [INFO] send 13933B via direct in 365ms (0.31 Mbit/s) to 85dd78ea1e79df73
2026-09-29 07:47:26,282 [INFO] send 13933B via direct in 364ms (0.31 Mbit/s) to 0fe92a4316d854b5
2026-09-29 07:47:26,283 [INFO] send 13933B via direct in 363ms (0.31 Mbit/s) to 1e0d167d13e5fe19
2026-09-29 07:47:26,285 [INFO] send 13933B via direct in 370ms (0.30 Mbit/s) to 29c8a0b2f9f87333
2026-09-29 07:47:26,287 [INFO] send 13933B via direct in 368ms (0.30 Mbit/s) to a1d0e6475adf8d89
2026-09-29 07:47:26,288 [INFO] recv 13933B via direct in 326ms
2026-09-29 07:47:26,291 [INFO] [client-9] Round 5 — training locally…
2026-09-29 07:47:26,448 [INFO] [client-9] Round 5 — sending update…
2026-09-29 07:47:26,452 [INFO] recv 13933B via direct in 324ms
2026-09-29 07:47:26,455 [INFO] [client-3] Round 5 — training locally…
2026-09-29 07:47:26,674 [INFO] [client-3] Round 5 — sending update…
2026-09-29 07:47:26,677 [INFO] recv 13933B via direct in 322ms
2026-09-29 07:47:26,681 [INFO] [client-2] Round 5 — training locally…
2026-09-29 07:47:26,834 [INFO] [client-2] Round 5 — sending update…
2026-09-29 07:47:26,839 [INFO] recv 13933B via direct in 314ms
2026-09-29 07:47:26,844 [INFO] [client-1] Round 5 — training locally…
2026-09-29 07:47:26,981 [INFO] [client-1] Round 5 — sending update…
2026-09-29 07:47:26,984 [INFO] recv 13933B via direct in 312ms
2026-09-29 07:47:26,987 [INFO] [client-0] Round 5 — training locally…
2026-09-29 07:47:27,133 [INFO] [client-0] Round 5 — sending update…
2026-09-29 07:47:27,160 [INFO] recv 13933B via direct in 311ms
2026-09-29 07:47:27,164 [INFO] [client-5] Round 5 — training locally…
2026-09-29 07:47:27,343 [INFO] [client-5] Round 5 — sending update…
2026-09-29 07:47:27,362 [INFO] recv 13933B via direct in 308ms
2026-09-29 07:47:27,365 [INFO] [client-4] Round 5 — training locally…
2026-09-29 07:47:27,526 [INFO] [client-4] Round 5 — sending update…
2026-09-29 07:47:27,531 [INFO] recv 13933B via direct in 330ms
2026-09-29 07:47:27,534 [INFO] [client-8] Round 5 — training locally…
2026-09-29 07:47:27,691 [INFO] [client-8] Round 5 — sending update…
2026-09-29 07:47:27,694 [INFO] recv 13933B via direct in 301ms
2026-09-29 07:47:27,699 [INFO] [client-7] Round 5 — training locally…
2026-09-29 07:47:27,847 [INFO] [client-7] Round 5 — sending update…
2026-09-29 07:47:27,850 [INFO] Round 5 — waiting for 10 updates…
2026-09-29 07:47:27,981 [INFO] recv 13933B via direct in 126ms
2026-09-29 07:47:28,004 [INFO] recv 13933B via direct in 146ms
2026-09-29 07:47:28,011 [INFO] recv 13933B via direct in 146ms
2026-09-29 07:47:28,017 [INFO] recv 13933B via direct in 146ms
2026-09-29 07:47:28,025 [INFO] recv 13933B via direct in 147ms
2026-09-29 07:47:28,033 [INFO] recv 13933B via direct in 170ms
2026-09-29 07:47:28,036 [INFO] send 13933B via direct in 1766ms (0.06 Mbit/s) to e61ce1d2826b1a26
2026-09-29 07:47:28,064 [INFO] [client-6] Round 5 done — loss=1.0167 acc=0.4844  2.4s
2026-09-29 07:47:28,066 [INFO] [client-6] Round 6 — receiving model…
2026-09-29 07:47:28,068 [INFO] send 13933B via direct in 1580ms (0.07 Mbit/s) to e61ce1d2826b1a26
2026-09-29 07:47:28,092 [INFO] [client-9] Round 5 done — loss=1.0144 acc=0.5281  2.3s
2026-09-29 07:47:28,094 [INFO] [client-9] Round 6 — receiving model…
2026-09-29 07:47:28,096 [INFO] send 13933B via direct in 1355ms (0.08 Mbit/s) to e61ce1d2826b1a26
2026-09-29 07:47:28,125 [INFO] [client-3] Round 5 done — loss=1.0502 acc=0.4481  2.6s
2026-09-29 07:47:28,126 [INFO] [client-3] Round 6 — receiving model…
2026-09-29 07:47:28,127 [INFO] send 13933B via direct in 1194ms (0.09 Mbit/s) to e61ce1d2826b1a26
2026-09-29 07:47:28,148 [INFO] [client-2] Round 5 done — loss=0.9818 acc=0.5065  2.3s
2026-09-29 07:47:28,149 [INFO] [client-2] Round 6 — receiving model…
2026-09-29 07:47:28,150 [INFO] send 13933B via direct in 1049ms (0.11 Mbit/s) to e61ce1d2826b1a26
2026-09-29 07:47:28,175 [INFO] [client-1] Round 5 done — loss=1.0644 acc=0.4238  2.6s
2026-09-29 07:47:28,176 [INFO] [client-1] Round 6 — receiving model…
2026-09-29 07:47:28,177 [INFO] send 13933B via direct in 873ms (0.13 Mbit/s) to e61ce1d2826b1a26
2026-09-29 07:47:28,206 [INFO] [client-0] Round 5 done — loss=1.0556 acc=0.4462  2.5s
2026-09-29 07:47:28,207 [INFO] [client-0] Round 6 — receiving model…
2026-09-29 07:47:28,209 [INFO] send 13933B via direct in 670ms (0.17 Mbit/s) to e61ce1d2826b1a26
2026-09-29 07:47:28,236 [INFO] [client-5] Round 5 done — loss=0.9814 acc=0.5470  2.4s
2026-09-29 07:47:28,237 [INFO] [client-5] Round 6 — receiving model…
2026-09-29 07:47:28,239 [INFO] recv 13933B via direct in 176ms
2026-09-29 07:47:28,241 [INFO] recv 13933B via direct in 176ms
2026-09-29 07:47:28,245 [INFO] recv 13933B via direct in 177ms
2026-09-29 07:47:28,251 [INFO] send 13933B via direct in 503ms (0.22 Mbit/s) to e61ce1d2826b1a26
2026-09-29 07:47:28,278 [INFO] [client-4] Round 5 done — loss=1.0197 acc=0.4918  2.5s
2026-09-29 07:47:28,279 [INFO] [client-4] Round 6 — receiving model…
2026-09-29 07:47:28,293 [INFO] send 13933B via direct in 340ms (0.33 Mbit/s) to e61ce1d2826b1a26
2026-09-29 07:47:28,321 [INFO] [client-8] Round 5 done — loss=0.7703 acc=0.7133  2.6s
2026-09-29 07:47:28,322 [INFO] [client-8] Round 6 — receiving model…
2026-09-29 07:47:28,323 [INFO] recv 13933B via direct in 70ms
2026-09-29 07:47:28,353 [INFO] Round 5/20  acc=0.4628  loss=1.0633  2.5s  clients=10
2026-09-29 07:47:28,355 [INFO] Round 6 — sending model to 10 clients…
2026-09-29 07:47:28,368 [INFO] send 13933B via direct in 218ms (0.51 Mbit/s) to e61ce1d2826b1a26
2026-09-29 07:47:28,400 [INFO] [client-7] Round 5 done — loss=1.0317 acc=0.4481  2.7s
2026-09-29 07:47:28,402 [INFO] [client-7] Round 6 — receiving model…
2026-09-29 07:47:28,567 [INFO] recv 13933B via direct in 150ms
2026-09-29 07:47:28,578 [INFO] [client-1] Round 6 — training locally…
2026-09-29 07:47:28,790 [INFO] [client-1] Round 6 — sending update…
2026-09-29 07:47:28,803 [INFO] send 13933B via direct in 439ms (0.25 Mbit/s) to 07905488d3642403
2026-09-29 07:47:28,805 [INFO] send 13933B via direct in 438ms (0.26 Mbit/s) to a1d0e6475adf8d89
2026-09-29 07:47:28,807 [INFO] send 13933B via direct in 437ms (0.26 Mbit/s) to 83a17c56eea3a7d0
2026-09-29 07:47:28,809 [INFO] send 13933B via direct in 436ms (0.26 Mbit/s) to 85dd78ea1e79df73
2026-09-29 07:47:28,810 [INFO] send 13933B via direct in 435ms (0.26 Mbit/s) to 7504962abef21550
2026-09-29 07:47:28,812 [INFO] send 13933B via direct in 431ms (0.26 Mbit/s) to 1e0d167d13e5fe19
2026-09-29 07:47:28,813 [INFO] send 13933B via direct in 433ms (0.26 Mbit/s) to 2cfa84036d25432e
2026-09-29 07:47:28,815 [INFO] recv 13933B via direct in 390ms
2026-09-29 07:47:28,817 [INFO] [client-3] Round 6 — training locally…
2026-09-29 07:47:28,997 [INFO] [client-3] Round 6 — sending update…
2026-09-29 07:47:29,000 [INFO] send 13933B via direct in 432ms (0.26 Mbit/s) to bc0c55f713008976
2026-09-29 07:47:29,003 [INFO] send 13933B via direct in 435ms (0.26 Mbit/s) to 29c8a0b2f9f87333
2026-09-29 07:47:29,005 [INFO] send 13933B via direct in 434ms (0.26 Mbit/s) to 0fe92a4316d854b5
2026-09-29 07:47:29,008 [INFO] recv 13933B via direct in 394ms
2026-09-29 07:47:29,011 [INFO] [client-5] Round 6 — training locally…
2026-09-29 07:47:29,184 [INFO] [client-5] Round 6 — sending update…
2026-09-29 07:47:29,188 [INFO] recv 13933B via direct in 395ms
2026-09-29 07:47:29,191 [INFO] [client-0] Round 6 — training locally…
2026-09-29 07:47:29,304 [INFO] [client-0] Round 6 — sending update…
2026-09-29 07:47:29,308 [INFO] recv 13933B via direct in 395ms
2026-09-29 07:47:29,312 [INFO] [client-2] Round 6 — training locally…
2026-09-29 07:47:29,512 [INFO] [client-2] Round 6 — sending update…
2026-09-29 07:47:29,516 [INFO] recv 13933B via direct in 372ms
2026-09-29 07:47:29,521 [INFO] [client-7] Round 6 — training locally…
2026-09-29 07:47:29,699 [INFO] [client-7] Round 6 — sending update…
2026-09-29 07:47:29,703 [INFO] recv 13933B via direct in 374ms
2026-09-29 07:47:29,707 [INFO] [client-8] Round 6 — training locally…
2026-09-29 07:47:29,859 [INFO] [client-8] Round 6 — sending update…
2026-09-29 07:47:29,863 [INFO] recv 13933B via direct in 373ms
2026-09-29 07:47:29,867 [INFO] [client-4] Round 6 — training locally…
2026-09-29 07:47:30,002 [INFO] [client-4] Round 6 — sending update…
2026-09-29 07:47:30,005 [INFO] recv 13933B via direct in 373ms
2026-09-29 07:47:30,009 [INFO] [client-6] Round 6 — training locally…
2026-09-29 07:47:30,157 [INFO] [client-6] Round 6 — sending update…
2026-09-29 07:47:30,161 [INFO] recv 13933B via direct in 373ms
2026-09-29 07:47:30,165 [INFO] [client-9] Round 6 — training locally…
2026-09-29 07:47:30,327 [INFO] [client-9] Round 6 — sending update…
2026-09-29 07:47:30,330 [INFO] Round 6 — waiting for 10 updates…
2026-09-29 07:47:30,454 [INFO] recv 13933B via direct in 120ms
2026-09-29 07:47:30,539 [INFO] recv 13933B via direct in 157ms
2026-09-29 07:47:30,552 [INFO] recv 13933B via direct in 161ms
2026-09-29 07:47:30,561 [INFO] recv 13933B via direct in 164ms
2026-09-29 07:47:30,565 [INFO] recv 13933B via direct in 168ms
2026-09-29 07:47:30,575 [INFO] recv 13933B via direct in 174ms
2026-09-29 07:47:30,579 [INFO] recv 13933B via direct in 159ms
2026-09-29 07:47:30,583 [INFO] send 13933B via direct in 1519ms (0.07 Mbit/s) to e61ce1d2826b1a26
2026-09-29 07:47:30,634 [INFO] [client-3] Round 6 done — loss=1.0456 acc=0.4499  2.5s
2026-09-29 07:47:30,635 [INFO] [client-3] Round 7 — receiving model…
2026-09-29 07:47:30,636 [INFO] send 13933B via direct in 1725ms (0.06 Mbit/s) to e61ce1d2826b1a26
2026-09-29 07:47:30,663 [INFO] [client-1] Round 6 done — loss=1.0608 acc=0.4172  2.5s
2026-09-29 07:47:30,665 [INFO] [client-1] Round 7 — receiving model…
2026-09-29 07:47:30,666 [INFO] send 13933B via direct in 1333ms (0.08 Mbit/s) to e61ce1d2826b1a26
2026-09-29 07:47:30,695 [INFO] [client-5] Round 6 done — loss=0.9803 acc=0.5388  2.5s
2026-09-29 07:47:30,696 [INFO] [client-5] Round 7 — receiving model…
2026-09-29 07:47:30,699 [INFO] send 13933B via direct in 1220ms (0.09 Mbit/s) to e61ce1d2826b1a26
2026-09-29 07:47:30,724 [INFO] [client-0] Round 6 done — loss=1.0555 acc=0.4531  2.5s
2026-09-29 07:47:30,725 [INFO] [client-0] Round 7 — receiving model…
2026-09-29 07:47:30,727 [INFO] send 13933B via direct in 1012ms (0.11 Mbit/s) to e61ce1d2826b1a26
2026-09-29 07:47:30,754 [INFO] [client-2] Round 6 done — loss=0.9656 acc=0.5130  2.6s
2026-09-29 07:47:30,755 [INFO] [client-2] Round 7 — receiving model…
2026-09-29 07:47:30,756 [INFO] send 13933B via direct in 826ms (0.14 Mbit/s) to e61ce1d2826b1a26
2026-09-29 07:47:30,779 [INFO] [client-7] Round 6 done — loss=1.0249 acc=0.4674  2.4s
2026-09-29 07:47:30,781 [INFO] [client-7] Round 7 — receiving model…
2026-09-29 07:47:30,782 [INFO] send 13933B via direct in 666ms (0.17 Mbit/s) to e61ce1d2826b1a26
2026-09-29 07:47:30,801 [INFO] [client-8] Round 6 done — loss=0.7696 acc=0.7109  2.5s
2026-09-29 07:47:30,803 [INFO] [client-8] Round 7 — receiving model…
2026-09-29 07:47:30,833 [INFO] send 13933B via direct in 525ms (0.21 Mbit/s) to e61ce1d2826b1a26
2026-09-29 07:47:30,870 [INFO] [client-4] Round 6 done — loss=1.0191 acc=0.4845  2.6s
2026-09-29 07:47:30,871 [INFO] [client-4] Round 7 — receiving model…
2026-09-29 07:47:30,873 [INFO] send 13933B via direct in 371ms (0.30 Mbit/s) to e61ce1d2826b1a26
2026-09-29 07:47:30,895 [INFO] [client-6] Round 6 done — loss=1.0177 acc=0.4837  2.8s
2026-09-29 07:47:30,897 [INFO] [client-6] Round 7 — receiving model…
2026-09-29 07:47:30,898 [INFO] recv 13933B via direct in 180ms
2026-09-29 07:47:30,901 [INFO] recv 13933B via direct in 190ms
2026-09-29 07:47:30,907 [INFO] send 13933B via direct in 209ms (0.54 Mbit/s) to e61ce1d2826b1a26
2026-09-29 07:47:30,934 [INFO] [client-9] Round 6 done — loss=1.0151 acc=0.5200  2.8s
2026-09-29 07:47:30,936 [INFO] [client-9] Round 7 — receiving model…
2026-09-29 07:47:30,937 [INFO] recv 13933B via direct in 130ms
2026-09-29 07:47:30,972 [INFO] Round 6/20  acc=0.4552  loss=1.0678  2.6s  clients=10
2026-09-29 07:47:30,973 [INFO] Round 7 — sending model to 10 clients…
2026-09-29 07:47:31,157 [INFO] recv 13933B via direct in 126ms
2026-09-29 07:47:31,179 [INFO] [client-1] Round 7 — training locally…
2026-09-29 07:47:31,430 [INFO] [client-1] Round 7 — sending update…
2026-09-29 07:47:31,445 [INFO] send 13933B via direct in 459ms (0.24 Mbit/s) to 07905488d3642403
2026-09-29 07:47:31,446 [INFO] send 13933B via direct in 457ms (0.24 Mbit/s) to 85dd78ea1e79df73
2026-09-29 07:47:31,448 [INFO] send 13933B via direct in 453ms (0.25 Mbit/s) to bc0c55f713008976
2026-09-29 07:47:31,450 [INFO] send 13933B via direct in 452ms (0.25 Mbit/s) to 29c8a0b2f9f87333
2026-09-29 07:47:31,452 [INFO] send 13933B via direct in 455ms (0.25 Mbit/s) to 0fe92a4316d854b5
2026-09-29 07:47:31,454 [INFO] send 13933B via direct in 453ms (0.25 Mbit/s) to 2cfa84036d25432e
2026-09-29 07:47:31,455 [INFO] send 13933B via direct in 452ms (0.25 Mbit/s) to 1e0d167d13e5fe19
2026-09-29 07:47:31,457 [INFO] send 13933B via direct in 451ms (0.25 Mbit/s) to a1d0e6475adf8d89
2026-09-29 07:47:31,459 [INFO] send 13933B via direct in 456ms (0.25 Mbit/s) to 7504962abef21550
2026-09-29 07:47:31,461 [INFO] recv 13933B via direct in 409ms
2026-09-29 07:47:31,464 [INFO] [client-9] Round 7 — training locally…
2026-09-29 07:47:31,678 [INFO] [client-9] Round 7 — sending update…
2026-09-29 07:47:31,681 [INFO] recv 13933B via direct in 407ms
2026-09-29 07:47:31,686 [INFO] [client-6] Round 7 — training locally…
2026-09-29 07:47:31,860 [INFO] [client-6] Round 7 — sending update…
2026-09-29 07:47:31,862 [INFO] recv 13933B via direct in 414ms
2026-09-29 07:47:31,868 [INFO] [client-0] Round 7 — training locally…
2026-09-29 07:47:31,981 [INFO] [client-0] Round 7 — sending update…
2026-09-29 07:47:32,014 [INFO] recv 13933B via direct in 398ms
2026-09-29 07:47:32,017 [INFO] [client-8] Round 7 — training locally…
2026-09-29 07:47:32,195 [INFO] [client-8] Round 7 — sending update…
2026-09-29 07:47:32,198 [INFO] recv 13933B via direct in 396ms
2026-09-29 07:47:32,203 [INFO] [client-5] Round 7 — training locally…
2026-09-29 07:47:32,358 [INFO] [client-5] Round 7 — sending update…
2026-09-29 07:47:32,363 [INFO] recv 13933B via direct in 387ms
2026-09-29 07:47:32,367 [INFO] [client-7] Round 7 — training locally…
2026-09-29 07:47:32,517 [INFO] [client-7] Round 7 — sending update…
2026-09-29 07:47:32,521 [INFO] recv 13933B via direct in 413ms
2026-09-29 07:47:32,524 [INFO] [client-4] Round 7 — training locally…
2026-09-29 07:47:32,692 [INFO] [client-4] Round 7 — sending update…
2026-09-29 07:47:32,696 [INFO] recv 13933B via direct in 386ms
2026-09-29 07:47:32,700 [INFO] [client-3] Round 7 — training locally…
2026-09-29 07:47:32,849 [INFO] [client-3] Round 7 — sending update…
2026-09-29 07:47:32,852 [INFO] recv 13933B via direct in 416ms
2026-09-29 07:47:32,856 [INFO] [client-2] Round 7 — training locally…
2026-09-29 07:47:33,017 [INFO] [client-2] Round 7 — sending update…
2026-09-29 07:47:33,021 [INFO] send 13933B via direct in 452ms (0.25 Mbit/s) to 83a17c56eea3a7d0
2026-09-29 07:47:33,025 [INFO] Round 7 — waiting for 10 updates…
2026-09-29 07:47:33,146 [INFO] recv 13933B via direct in 116ms
2026-09-29 07:47:33,156 [INFO] recv 13933B via direct in 125ms
2026-09-29 07:47:33,161 [INFO] recv 13933B via direct in 131ms
2026-09-29 07:47:33,165 [INFO] recv 13933B via direct in 135ms
2026-09-29 07:47:33,170 [INFO] recv 13933B via direct in 139ms
2026-09-29 07:47:33,174 [INFO] recv 13933B via direct in 143ms
2026-09-29 07:47:33,177 [INFO] recv 13933B via direct in 147ms
2026-09-29 07:47:33,181 [INFO] recv 13933B via direct in 151ms
2026-09-29 07:47:33,185 [INFO] recv 13933B via direct in 154ms
2026-09-29 07:47:33,189 [INFO] send 13933B via direct in 1755ms (0.06 Mbit/s) to e61ce1d2826b1a26
2026-09-29 07:47:33,220 [INFO] [client-1] Round 7 done — loss=1.0572 acc=0.4203  2.6s
2026-09-29 07:47:33,221 [INFO] [client-1] Round 8 — receiving model…
2026-09-29 07:47:33,227 [INFO] send 13933B via direct in 1543ms (0.07 Mbit/s) to e61ce1d2826b1a26
2026-09-29 07:47:33,260 [INFO] [client-9] Round 7 done — loss=1.0114 acc=0.5267  2.3s
2026-09-29 07:47:33,262 [INFO] [client-9] Round 8 — receiving model…
2026-09-29 07:47:33,263 [INFO] send 13933B via direct in 1361ms (0.08 Mbit/s) to e61ce1d2826b1a26
2026-09-29 07:47:33,289 [INFO] [client-6] Round 7 done — loss=1.0181 acc=0.4934  2.4s
2026-09-29 07:47:33,290 [INFO] [client-6] Round 8 — receiving model…
2026-09-29 07:47:33,292 [INFO] send 13933B via direct in 1211ms (0.09 Mbit/s) to e61ce1d2826b1a26
2026-09-29 07:47:33,314 [INFO] [client-0] Round 7 done — loss=1.0518 acc=0.4618  2.6s
2026-09-29 07:47:33,315 [INFO] [client-0] Round 8 — receiving model…
2026-09-29 07:47:33,316 [INFO] send 13933B via direct in 1027ms (0.11 Mbit/s) to e61ce1d2826b1a26
2026-09-29 07:47:33,341 [INFO] [client-8] Round 7 done — loss=0.7682 acc=0.7157  2.5s
2026-09-29 07:47:33,343 [INFO] [client-8] Round 8 — receiving model…
2026-09-29 07:47:33,344 [INFO] send 13933B via direct in 863ms (0.13 Mbit/s) to e61ce1d2826b1a26
2026-09-29 07:47:33,367 [INFO] [client-5] Round 7 done — loss=0.9759 acc=0.5573  2.7s
2026-09-29 07:47:33,394 [INFO] [client-5] Round 8 — receiving model…
2026-09-29 07:47:33,396 [INFO] send 13933B via direct in 704ms (0.16 Mbit/s) to e61ce1d2826b1a26
2026-09-29 07:47:33,429 [INFO] [client-7] Round 7 done — loss=1.0320 acc=0.4509  2.6s
2026-09-29 07:47:33,430 [INFO] [client-7] Round 8 — receiving model…
2026-09-29 07:47:33,432 [INFO] send 13933B via direct in 529ms (0.21 Mbit/s) to e61ce1d2826b1a26
2026-09-29 07:47:33,467 [INFO] [client-4] Round 7 done — loss=1.0185 acc=0.4924  2.6s
2026-09-29 07:47:33,468 [INFO] [client-4] Round 8 — receiving model…
2026-09-29 07:47:33,469 [INFO] send 13933B via direct in 374ms (0.30 Mbit/s) to e61ce1d2826b1a26
2026-09-29 07:47:33,496 [INFO] [client-3] Round 7 done — loss=1.0442 acc=0.4547  2.9s
2026-09-29 07:47:33,497 [INFO] [client-3] Round 8 — receiving model…
2026-09-29 07:47:33,499 [INFO] send 13933B via direct in 205ms (0.54 Mbit/s) to e61ce1d2826b1a26
2026-09-29 07:47:33,532 [INFO] [client-2] Round 7 done — loss=0.9670 acc=0.5182  2.8s
2026-09-29 07:47:33,533 [INFO] [client-2] Round 8 — receiving model…
2026-09-29 07:47:33,535 [INFO] recv 13933B via direct in 93ms
2026-09-29 07:47:33,574 [INFO] Round 7/20  acc=0.4639  loss=1.0635  2.6s  clients=10
2026-09-29 07:47:33,576 [INFO] Round 8 — sending model to 10 clients…
2026-09-29 07:47:33,752 [INFO] recv 13933B via direct in 101ms
2026-09-29 07:47:33,761 [INFO] [client-4] Round 8 — training locally…
2026-09-29 07:47:33,993 [INFO] [client-4] Round 8 — sending update…
2026-09-29 07:47:34,010 [INFO] send 13933B via direct in 419ms (0.27 Mbit/s) to 0fe92a4316d854b5
2026-09-29 07:47:34,032 [INFO] send 13933B via direct in 418ms (0.27 Mbit/s) to 85dd78ea1e79df73
2026-09-29 07:47:34,037 [INFO] send 13933B via direct in 416ms (0.27 Mbit/s) to 1e0d167d13e5fe19
2026-09-29 07:47:34,039 [INFO] send 13933B via direct in 422ms (0.26 Mbit/s) to 7504962abef21550
2026-09-29 07:47:34,042 [INFO] send 13933B via direct in 417ms (0.27 Mbit/s) to bc0c55f713008976
2026-09-29 07:47:34,044 [INFO] send 13933B via direct in 416ms (0.27 Mbit/s) to 83a17c56eea3a7d0
2026-09-29 07:47:34,046 [INFO] send 13933B via direct in 416ms (0.27 Mbit/s) to 29c8a0b2f9f87333
2026-09-29 07:47:34,048 [INFO] send 13933B via direct in 415ms (0.27 Mbit/s) to 07905488d3642403
2026-09-29 07:47:34,053 [INFO] send 13933B via direct in 415ms (0.27 Mbit/s) to a1d0e6475adf8d89
2026-09-29 07:47:34,056 [INFO] send 13933B via direct in 415ms (0.27 Mbit/s) to 2cfa84036d25432e
2026-09-29 07:47:34,060 [INFO] recv 13933B via direct in 353ms
2026-09-29 07:47:34,065 [INFO] [client-0] Round 8 — training locally…
2026-09-29 07:47:34,278 [INFO] [client-0] Round 8 — sending update…
2026-09-29 07:47:34,280 [INFO] recv 13933B via direct in 353ms
2026-09-29 07:47:34,286 [INFO] [client-7] Round 8 — training locally…
2026-09-29 07:47:34,459 [INFO] [client-7] Round 8 — sending update…
2026-09-29 07:47:34,462 [INFO] recv 13933B via direct in 353ms
2026-09-29 07:47:34,467 [INFO] [client-9] Round 8 — training locally…
2026-09-29 07:47:34,609 [INFO] [client-9] Round 8 — sending update…
2026-09-29 07:47:34,613 [INFO] recv 13933B via direct in 353ms
2026-09-29 07:47:34,616 [INFO] [client-5] Round 8 — training locally…
2026-09-29 07:47:34,761 [INFO] [client-5] Round 8 — sending update…
2026-09-29 07:47:34,765 [INFO] recv 13933B via direct in 354ms
2026-09-29 07:47:34,769 [INFO] [client-8] Round 8 — training locally…
2026-09-29 07:47:34,931 [INFO] [client-8] Round 8 — sending update…
2026-09-29 07:47:34,933 [INFO] recv 13933B via direct in 353ms
2026-09-29 07:47:34,936 [INFO] [client-1] Round 8 — training locally…
2026-09-29 07:47:35,096 [INFO] [client-1] Round 8 — sending update…
2026-09-29 07:47:35,101 [INFO] recv 13933B via direct in 353ms
2026-09-29 07:47:35,104 [INFO] [client-3] Round 8 — training locally…
2026-09-29 07:47:35,251 [INFO] [client-3] Round 8 — sending update…
2026-09-29 07:47:35,255 [INFO] recv 13933B via direct in 352ms
2026-09-29 07:47:35,259 [INFO] [client-6] Round 8 — training locally…
2026-09-29 07:47:35,414 [INFO] [client-6] Round 8 — sending update…
2026-09-29 07:47:35,416 [INFO] recv 13933B via direct in 359ms
2026-09-29 07:47:35,419 [INFO] [client-2] Round 8 — training locally…
2026-09-29 07:47:35,573 [INFO] [client-2] Round 8 — sending update…
2026-09-29 07:47:35,576 [INFO] Round 8 — waiting for 10 updates…
2026-09-29 07:47:35,703 [INFO] recv 13933B via direct in 123ms
2026-09-29 07:47:35,715 [INFO] recv 13933B via direct in 127ms
2026-09-29 07:47:35,728 [INFO] recv 13933B via direct in 138ms
2026-09-29 07:47:35,732 [INFO] recv 13933B via direct in 138ms
2026-09-29 07:47:35,735 [INFO] recv 13933B via direct in 139ms
2026-09-29 07:47:35,739 [INFO] recv 13933B via direct in 152ms
2026-09-29 07:47:35,744 [INFO] recv 13933B via direct in 152ms
2026-09-29 07:47:35,748 [INFO] recv 13933B via direct in 153ms
2026-09-29 07:47:35,753 [INFO] send 13933B via direct in 1751ms (0.06 Mbit/s) to e61ce1d2826b1a26
2026-09-29 07:47:35,808 [INFO] [client-4] Round 8 done — loss=1.0198 acc=0.4890  2.3s
2026-09-29 07:47:35,810 [INFO] [client-4] Round 9 — receiving model…
2026-09-29 07:47:35,814 [INFO] send 13933B via direct in 1291ms (0.09 Mbit/s) to e61ce1d2826b1a26
2026-09-29 07:47:35,844 [INFO] [client-7] Round 8 done — loss=1.0324 acc=0.4481  2.4s
2026-09-29 07:47:35,845 [INFO] [client-7] Round 9 — receiving model…
2026-09-29 07:47:35,847 [INFO] send 13933B via direct in 1473ms (0.08 Mbit/s) to e61ce1d2826b1a26
2026-09-29 07:47:35,873 [INFO] [client-0] Round 8 done — loss=1.0569 acc=0.4518  2.6s
2026-09-29 07:47:35,875 [INFO] [client-0] Round 9 — receiving model…
2026-09-29 07:47:35,876 [INFO] send 13933B via direct in 1140ms (0.10 Mbit/s) to e61ce1d2826b1a26
2026-09-29 07:47:35,903 [INFO] [client-9] Round 8 done — loss=1.0141 acc=0.5228  2.6s
2026-09-29 07:47:35,905 [INFO] [client-9] Round 9 — receiving model…
2026-09-29 07:47:35,907 [INFO] send 13933B via direct in 988ms (0.11 Mbit/s) to e61ce1d2826b1a26
2026-09-29 07:47:35,928 [INFO] [client-5] Round 8 done — loss=0.9757 acc=0.5457  2.5s
2026-09-29 07:47:35,930 [INFO] [client-5] Round 9 — receiving model…
2026-09-29 07:47:35,931 [INFO] send 13933B via direct in 820ms (0.14 Mbit/s) to e61ce1d2826b1a26
2026-09-29 07:47:35,957 [INFO] [client-8] Round 8 done — loss=0.7653 acc=0.7102  2.6s
2026-09-29 07:47:35,958 [INFO] [client-8] Round 9 — receiving model…
2026-09-29 07:47:35,960 [INFO] send 13933B via direct in 712ms (0.16 Mbit/s) to e61ce1d2826b1a26
2026-09-29 07:47:35,981 [INFO] [client-1] Round 8 done — loss=1.0602 acc=0.4255  2.8s
2026-09-29 07:47:35,982 [INFO] [client-1] Round 9 — receiving model…
2026-09-29 07:47:35,983 [INFO] recv 13933B via direct in 165ms
2026-09-29 07:47:35,987 [INFO] recv 13933B via direct in 61ms
2026-09-29 07:47:36,033 [INFO] Round 8/20  acc=0.4530  loss=1.0685  2.5s  clients=10
2026-09-29 07:47:36,034 [INFO] Round 9 — sending model to 10 clients…
2026-09-29 07:47:36,036 [INFO] send 13933B via direct in 558ms (0.20 Mbit/s) to e61ce1d2826b1a26
2026-09-29 07:47:36,073 [INFO] [client-3] Round 8 done — loss=1.0365 acc=0.4629  2.6s
2026-09-29 07:47:36,075 [INFO] [client-3] Round 9 — receiving model…
2026-09-29 07:47:36,077 [INFO] send 13933B via direct in 396ms (0.28 Mbit/s) to e61ce1d2826b1a26
2026-09-29 07:47:36,117 [INFO] [client-6] Round 8 done — loss=1.0121 acc=0.4931  2.8s
2026-09-29 07:47:36,118 [INFO] [client-6] Round 9 — receiving model…
2026-09-29 07:47:36,135 [INFO] send 13933B via direct in 384ms (0.29 Mbit/s) to e61ce1d2826b1a26
2026-09-29 07:47:36,196 [INFO] [client-2] Round 8 done — loss=0.9692 acc=0.5203  2.7s
2026-09-29 07:47:36,198 [INFO] [client-2] Round 9 — receiving model…
2026-09-29 07:47:36,340 [INFO] recv 13933B via direct in 135ms
2026-09-29 07:47:36,347 [INFO] [client-4] Round 9 — training locally…
2026-09-29 07:47:36,593 [INFO] [client-4] Round 9 — sending update…
2026-09-29 07:47:36,607 [INFO] send 13933B via direct in 465ms (0.24 Mbit/s) to 0fe92a4316d854b5
2026-09-29 07:47:36,609 [INFO] send 13933B via direct in 467ms (0.24 Mbit/s) to 2cfa84036d25432e
2026-09-29 07:47:36,610 [INFO] send 13933B via direct in 466ms (0.24 Mbit/s) to 85dd78ea1e79df73
2026-09-29 07:47:36,611 [INFO] send 13933B via direct in 476ms (0.23 Mbit/s) to a1d0e6475adf8d89
2026-09-29 07:47:36,613 [INFO] send 13933B via direct in 474ms (0.24 Mbit/s) to 83a17c56eea3a7d0
2026-09-29 07:47:36,614 [INFO] send 13933B via direct in 472ms (0.24 Mbit/s) to bc0c55f713008976
2026-09-29 07:47:36,615 [INFO] send 13933B via direct in 471ms (0.24 Mbit/s) to 07905488d3642403
2026-09-29 07:47:36,617 [INFO] send 13933B via direct in 468ms (0.24 Mbit/s) to 7504962abef21550
2026-09-29 07:47:36,618 [INFO] send 13933B via direct in 468ms (0.24 Mbit/s) to 29c8a0b2f9f87333
2026-09-29 07:47:36,620 [INFO] send 13933B via direct in 467ms (0.24 Mbit/s) to 1e0d167d13e5fe19
2026-09-29 07:47:36,622 [INFO] Round 9 — waiting for 10 updates…
2026-09-29 07:47:36,624 [INFO] recv 13933B via direct in 399ms
2026-09-29 07:47:36,627 [INFO] [client-2] Round 9 — training locally…
2026-09-29 07:47:36,803 [INFO] [client-2] Round 9 — sending update…
2026-09-29 07:47:36,806 [INFO] recv 13933B via direct in 400ms
2026-09-29 07:47:36,808 [INFO] [client-6] Round 9 — training locally…
2026-09-29 07:47:36,944 [INFO] [client-6] Round 9 — sending update…
2026-09-29 07:47:36,948 [INFO] recv 13933B via direct in 401ms
2026-09-29 07:47:36,953 [INFO] [client-0] Round 9 — training locally…
2026-09-29 07:47:37,081 [INFO] [client-0] Round 9 — sending update…
2026-09-29 07:47:37,084 [INFO] recv 13933B via direct in 401ms
2026-09-29 07:47:37,088 [INFO] [client-8] Round 9 — training locally…
2026-09-29 07:47:37,239 [INFO] [client-8] Round 9 — sending update…
2026-09-29 07:47:37,242 [INFO] recv 13933B via direct in 402ms
2026-09-29 07:47:37,246 [INFO] [client-7] Round 9 — training locally…
2026-09-29 07:47:37,404 [INFO] [client-7] Round 9 — sending update…
2026-09-29 07:47:37,408 [INFO] recv 13933B via direct in 403ms
2026-09-29 07:47:37,411 [INFO] [client-3] Round 9 — training locally…
2026-09-29 07:47:37,562 [INFO] [client-3] Round 9 — sending update…
2026-09-29 07:47:37,568 [INFO] recv 13933B via direct in 403ms
2026-09-29 07:47:37,571 [INFO] [client-5] Round 9 — training locally…
2026-09-29 07:47:37,707 [INFO] [client-5] Round 9 — sending update…
2026-09-29 07:47:37,710 [INFO] recv 13933B via direct in 404ms
2026-09-29 07:47:37,714 [INFO] [client-9] Round 9 — training locally…
2026-09-29 07:47:37,867 [INFO] [client-9] Round 9 — sending update…
2026-09-29 07:47:37,872 [INFO] recv 13933B via direct in 404ms
2026-09-29 07:47:37,878 [INFO] [client-1] Round 9 — training locally…
2026-09-29 07:47:38,051 [INFO] [client-1] Round 9 — sending update…
2026-09-29 07:47:38,176 [INFO] recv 13933B via direct in 117ms
2026-09-29 07:47:38,183 [INFO] recv 13933B via direct in 117ms
2026-09-29 07:47:38,189 [INFO] recv 13933B via direct in 129ms
2026-09-29 07:47:38,192 [INFO] recv 13933B via direct in 129ms
2026-09-29 07:47:38,196 [INFO] recv 13933B via direct in 136ms
2026-09-29 07:47:38,199 [INFO] recv 13933B via direct in 136ms
2026-09-29 07:47:38,203 [INFO] recv 13933B via direct in 143ms
2026-09-29 07:47:38,206 [INFO] recv 13933B via direct in 144ms
2026-09-29 07:47:38,210 [INFO] send 13933B via direct in 1613ms (0.07 Mbit/s) to e61ce1d2826b1a26
2026-09-29 07:47:38,247 [INFO] [client-4] Round 9 done — loss=1.0186 acc=0.4914  2.4s
2026-09-29 07:47:38,248 [INFO] [client-4] Round 10 — receiving model…
2026-09-29 07:47:38,249 [INFO] send 13933B via direct in 1261ms (0.09 Mbit/s) to e61ce1d2826b1a26
2026-09-29 07:47:38,282 [INFO] [client-6] Round 9 done — loss=1.0199 acc=0.4868  2.2s
2026-09-29 07:47:38,283 [INFO] [client-6] Round 10 — receiving model…
2026-09-29 07:47:38,285 [INFO] send 13933B via direct in 1125ms (0.10 Mbit/s) to e61ce1d2826b1a26
2026-09-29 07:47:38,310 [INFO] [client-0] Round 9 done — loss=1.0549 acc=0.4553  2.4s
2026-09-29 07:47:38,311 [INFO] [client-0] Round 10 — receiving model…
2026-09-29 07:47:38,312 [INFO] recv 13933B via direct in 135ms
2026-09-29 07:47:38,316 [INFO] send 13933B via direct in 1404ms (0.08 Mbit/s) to e61ce1d2826b1a26
2026-09-29 07:47:38,347 [INFO] [client-2] Round 9 done — loss=0.9615 acc=0.5240  2.1s
2026-09-29 07:47:38,349 [INFO] [client-2] Round 10 — receiving model…
2026-09-29 07:47:38,355 [INFO] send 13933B via direct in 1109ms (0.10 Mbit/s) to e61ce1d2826b1a26
2026-09-29 07:47:38,398 [INFO] [client-8] Round 9 done — loss=0.7675 acc=0.7143  2.4s
2026-09-29 07:47:38,399 [INFO] [client-8] Round 10 — receiving model…
2026-09-29 07:47:38,400 [INFO] send 13933B via direct in 944ms (0.12 Mbit/s) to e61ce1d2826b1a26
2026-09-29 07:47:38,445 [INFO] [client-7] Round 9 done — loss=1.0332 acc=0.4478  2.6s
2026-09-29 07:47:38,446 [INFO] [client-7] Round 10 — receiving model…
2026-09-29 07:47:38,448 [INFO] send 13933B via direct in 784ms (0.14 Mbit/s) to e61ce1d2826b1a26
2026-09-29 07:47:38,478 [INFO] [client-3] Round 9 done — loss=1.0452 acc=0.4584  2.4s
2026-09-29 07:47:38,480 [INFO] [client-3] Round 10 — receiving model…
2026-09-29 07:47:38,481 [INFO] send 13933B via direct in 643ms (0.17 Mbit/s) to e61ce1d2826b1a26
2026-09-29 07:47:38,511 [INFO] [client-5] Round 9 done — loss=0.9739 acc=0.5525  2.6s
2026-09-29 07:47:38,512 [INFO] [client-5] Round 10 — receiving model…
2026-09-29 07:47:38,513 [INFO] send 13933B via direct in 483ms (0.23 Mbit/s) to e61ce1d2826b1a26
2026-09-29 07:47:38,538 [INFO] [client-9] Round 9 done — loss=1.0127 acc=0.5190  2.6s
2026-09-29 07:47:38,539 [INFO] [client-9] Round 10 — receiving model…
2026-09-29 07:47:38,541 [INFO] send 13933B via direct in 298ms (0.38 Mbit/s) to e61ce1d2826b1a26
2026-09-29 07:47:38,568 [INFO] [client-1] Round 9 done — loss=1.0614 acc=0.4117  2.6s
2026-09-29 07:47:38,569 [INFO] [client-1] Round 10 — receiving model…
2026-09-29 07:47:38,571 [INFO] recv 13933B via direct in 193ms
2026-09-29 07:47:38,606 [INFO] Round 9/20  acc=0.4721  loss=1.0577  2.6s  clients=10
2026-09-29 07:47:38,607 [INFO] Round 10 — sending model to 10 clients…
2026-09-29 07:47:38,791 [INFO] recv 13933B via direct in 113ms
2026-09-29 07:47:38,796 [INFO] [client-6] Round 10 — training locally…
2026-09-29 07:47:39,030 [INFO] [client-6] Round 10 — sending update…
2026-09-29 07:47:39,045 [INFO] send 13933B via direct in 425ms (0.26 Mbit/s) to 2cfa84036d25432e
2026-09-29 07:47:39,047 [INFO] send 13933B via direct in 417ms (0.27 Mbit/s) to 83a17c56eea3a7d0
2026-09-29 07:47:39,048 [INFO] send 13933B via direct in 421ms (0.27 Mbit/s) to 0fe92a4316d854b5
2026-09-29 07:47:39,050 [INFO] send 13933B via direct in 420ms (0.27 Mbit/s) to bc0c55f713008976
2026-09-29 07:47:39,051 [INFO] send 13933B via direct in 418ms (0.27 Mbit/s) to 1e0d167d13e5fe19
2026-09-29 07:47:39,053 [INFO] send 13933B via direct in 417ms (0.27 Mbit/s) to 07905488d3642403
2026-09-29 07:47:39,056 [INFO] send 13933B via direct in 424ms (0.26 Mbit/s) to a1d0e6475adf8d89
2026-09-29 07:47:39,057 [INFO] send 13933B via direct in 422ms (0.26 Mbit/s) to 29c8a0b2f9f87333
2026-09-29 07:47:39,059 [INFO] recv 13933B via direct in 361ms
2026-09-29 07:47:39,062 [INFO] [client-3] Round 10 — training locally…
2026-09-29 07:47:39,222 [INFO] [client-3] Round 10 — sending update…
2026-09-29 07:47:39,224 [INFO] recv 13933B via direct in 362ms
2026-09-29 07:47:39,227 [INFO] [client-8] Round 10 — training locally…
2026-09-29 07:47:39,371 [INFO] [client-8] Round 10 — sending update…
2026-09-29 07:47:39,374 [INFO] recv 13933B via direct in 362ms
2026-09-29 07:47:39,377 [INFO] [client-2] Round 10 — training locally…
2026-09-29 07:47:39,531 [INFO] [client-2] Round 10 — sending update…
2026-09-29 07:47:39,537 [INFO] recv 13933B via direct in 361ms
2026-09-29 07:47:39,540 [INFO] [client-4] Round 10 — training locally…
2026-09-29 07:47:39,736 [INFO] [client-4] Round 10 — sending update…
2026-09-29 07:47:39,740 [INFO] recv 13933B via direct in 362ms
2026-09-29 07:47:39,745 [INFO] [client-0] Round 10 — training locally…
2026-09-29 07:47:39,876 [INFO] [client-0] Round 10 — sending update…
2026-09-29 07:47:39,882 [INFO] recv 13933B via direct in 363ms
2026-09-29 07:47:39,887 [INFO] [client-9] Round 10 — training locally…
2026-09-29 07:47:40,216 [INFO] [client-9] Round 10 — sending update…
2026-09-29 07:47:40,219 [INFO] recv 13933B via direct in 363ms
2026-09-29 07:47:40,224 [INFO] [client-5] Round 10 — training locally…
2026-09-29 07:47:40,395 [INFO] [client-5] Round 10 — sending update…
2026-09-29 07:47:40,397 [INFO] recv 13933B via direct in 360ms
2026-09-29 07:47:40,402 [INFO] [client-7] Round 10 — training locally…
2026-09-29 07:47:40,600 [INFO] [client-7] Round 10 — sending update…
2026-09-29 07:47:40,603 [INFO] recv 13933B via direct in 358ms
2026-09-29 07:47:40,607 [INFO] [client-1] Round 10 — training locally…
2026-09-29 07:47:40,835 [INFO] [client-1] Round 10 — sending update…
2026-09-29 07:47:40,838 [INFO] send 13933B via direct in 422ms (0.26 Mbit/s) to 7504962abef21550
2026-09-29 07:47:40,839 [INFO] send 13933B via direct in 420ms (0.27 Mbit/s) to 85dd78ea1e79df73
2026-09-29 07:47:40,841 [INFO] Round 10 — waiting for 10 updates…
2026-09-29 07:47:40,964 [INFO] recv 13933B via direct in 120ms
2026-09-29 07:47:40,971 [INFO] recv 13933B via direct in 126ms
2026-09-29 07:47:40,978 [INFO] recv 13933B via direct in 133ms
2026-09-29 07:47:40,987 [INFO] recv 13933B via direct in 141ms
2026-09-29 07:47:40,991 [INFO] recv 13933B via direct in 141ms
2026-09-29 07:47:40,997 [INFO] recv 13933B via direct in 152ms
2026-09-29 07:47:41,001 [INFO] recv 13933B via direct in 152ms
2026-09-29 07:47:41,006 [INFO] recv 13933B via direct in 152ms
2026-09-29 07:47:41,009 [INFO] send 13933B via direct in 1972ms (0.06 Mbit/s) to e61ce1d2826b1a26
2026-09-29 07:47:41,051 [INFO] [client-6] Round 10 done — loss=1.0174 acc=0.4851  2.8s
2026-09-29 07:47:41,052 [INFO] [client-6] Round 11 — receiving model…
2026-09-29 07:47:41,053 [INFO] send 13933B via direct in 1782ms (0.06 Mbit/s) to e61ce1d2826b1a26
2026-09-29 07:47:41,083 [INFO] [client-3] Round 10 done — loss=1.0483 acc=0.4530  2.6s
2026-09-29 07:47:41,084 [INFO] [client-3] Round 11 — receiving model…
2026-09-29 07:47:41,088 [INFO] recv 13933B via direct in 164ms
2026-09-29 07:47:41,094 [INFO] send 13933B via direct in 1712ms (0.07 Mbit/s) to e61ce1d2826b1a26
2026-09-29 07:47:41,116 [INFO] [client-8] Round 10 done — loss=0.7669 acc=0.7078  2.7s
2026-09-29 07:47:41,118 [INFO] [client-8] Round 11 — receiving model…
2026-09-29 07:47:41,120 [INFO] send 13933B via direct in 1551ms (0.07 Mbit/s) to e61ce1d2826b1a26
2026-09-29 07:47:41,146 [INFO] [client-2] Round 10 done — loss=0.9671 acc=0.5203  2.8s
2026-09-29 07:47:41,148 [INFO] [client-2] Round 11 — receiving model…
2026-09-29 07:47:41,149 [INFO] send 13933B via direct in 1347ms (0.08 Mbit/s) to e61ce1d2826b1a26
2026-09-29 07:47:41,174 [INFO] [client-4] Round 10 done — loss=1.0194 acc=0.4924  2.9s
2026-09-29 07:47:41,176 [INFO] [client-4] Round 11 — receiving model…
2026-09-29 07:47:41,178 [INFO] send 13933B via direct in 1206ms (0.09 Mbit/s) to e61ce1d2826b1a26
2026-09-29 07:47:41,214 [INFO] [client-0] Round 10 done — loss=1.0525 acc=0.4505  2.9s
2026-09-29 07:47:41,215 [INFO] [client-0] Round 11 — receiving model…
2026-09-29 07:47:41,217 [INFO] send 13933B via direct in 868ms (0.13 Mbit/s) to e61ce1d2826b1a26
2026-09-29 07:47:41,254 [INFO] [client-9] Round 10 done — loss=1.0131 acc=0.5253  2.7s
2026-09-29 07:47:41,256 [INFO] [client-9] Round 11 — receiving model…
2026-09-29 07:47:41,258 [INFO] send 13933B via direct in 690ms (0.16 Mbit/s) to e61ce1d2826b1a26
2026-09-29 07:47:41,297 [INFO] [client-5] Round 10 done — loss=0.9692 acc=0.5543  2.8s
2026-09-29 07:47:41,298 [INFO] [client-5] Round 11 — receiving model…
2026-09-29 07:47:41,300 [INFO] recv 13933B via direct in 137ms
2026-09-29 07:47:41,337 [INFO] Round 10/20  acc=0.4653  loss=1.0640  2.7s  clients=10
2026-09-29 07:47:41,339 [INFO] Round 11 — sending model to 10 clients…
2026-09-29 07:47:41,341 [INFO] send 13933B via direct in 485ms (0.23 Mbit/s) to e61ce1d2826b1a26
2026-09-29 07:47:41,376 [INFO] [client-7] Round 10 done — loss=1.0324 acc=0.4440  2.9s
2026-09-29 07:47:41,377 [INFO] [client-7] Round 11 — receiving model…
2026-09-29 07:47:41,390 [INFO] send 13933B via direct in 256ms (0.44 Mbit/s) to e61ce1d2826b1a26
2026-09-29 07:47:41,438 [INFO] [client-1] Round 10 done — loss=1.0639 acc=0.4207  2.9s
2026-09-29 07:47:41,439 [INFO] [client-1] Round 11 — receiving model…
2026-09-29 07:47:41,577 [INFO] recv 13933B via direct in 131ms
2026-09-29 07:47:41,582 [INFO] [client-6] Round 11 — training locally…
2026-09-29 07:47:41,798 [INFO] [client-6] Round 11 — sending update…
2026-09-29 07:47:41,810 [INFO] send 13933B via direct in 421ms (0.27 Mbit/s) to 2cfa84036d25432e
2026-09-29 07:47:41,812 [INFO] send 13933B via direct in 422ms (0.26 Mbit/s) to 29c8a0b2f9f87333
2026-09-29 07:47:41,814 [INFO] send 13933B via direct in 420ms (0.27 Mbit/s) to a1d0e6475adf8d89
2026-09-29 07:47:41,815 [INFO] send 13933B via direct in 419ms (0.27 Mbit/s) to bc0c55f713008976
2026-09-29 07:47:41,817 [INFO] send 13933B via direct in 418ms (0.27 Mbit/s) to 1e0d167d13e5fe19
2026-09-29 07:47:41,818 [INFO] send 13933B via direct in 417ms (0.27 Mbit/s) to 0fe92a4316d854b5
2026-09-29 07:47:41,820 [INFO] send 13933B via direct in 417ms (0.27 Mbit/s) to 07905488d3642403
2026-09-29 07:47:41,821 [INFO] send 13933B via direct in 416ms (0.27 Mbit/s) to 7504962abef21550
2026-09-29 07:47:41,823 [INFO] send 13933B via direct in 415ms (0.27 Mbit/s) to 83a17c56eea3a7d0
2026-09-29 07:47:41,824 [INFO] send 13933B via direct in 415ms (0.27 Mbit/s) to 85dd78ea1e79df73
2026-09-29 07:47:41,827 [INFO] Round 11 — waiting for 10 updates…
2026-09-29 07:47:41,828 [INFO] recv 13933B via direct in 361ms
2026-09-29 07:47:41,831 [INFO] [client-3] Round 11 — training locally…
2026-09-29 07:47:42,000 [INFO] [client-3] Round 11 — sending update…
2026-09-29 07:47:42,005 [INFO] recv 13933B via direct in 361ms
2026-09-29 07:47:42,009 [INFO] [client-5] Round 11 — training locally…
2026-09-29 07:47:42,179 [INFO] [client-5] Round 11 — sending update…
2026-09-29 07:47:42,199 [INFO] recv 13933B via direct in 362ms
2026-09-29 07:47:42,202 [INFO] [client-9] Round 11 — training locally…
2026-09-29 07:47:42,373 [INFO] [client-9] Round 11 — sending update…
2026-09-29 07:47:42,376 [INFO] recv 13933B via direct in 362ms
2026-09-29 07:47:42,380 [INFO] [client-7] Round 11 — training locally…
2026-09-29 07:47:42,520 [INFO] [client-7] Round 11 — sending update…
2026-09-29 07:47:42,524 [INFO] recv 13933B via direct in 363ms
2026-09-29 07:47:42,528 [INFO] [client-4] Round 11 — training locally…
2026-09-29 07:47:42,691 [INFO] [client-4] Round 11 — sending update…
2026-09-29 07:47:42,694 [INFO] recv 13933B via direct in 364ms
2026-09-29 07:47:42,700 [INFO] [client-8] Round 11 — training locally…
2026-09-29 07:47:43,763 [INFO] [client-8] Round 11 — sending update…
2026-09-29 07:47:43,767 [INFO] recv 13933B via direct in 363ms
2026-09-29 07:47:43,772 [INFO] [client-1] Round 11 — training locally…
2026-09-29 07:47:43,935 [INFO] [client-1] Round 11 — sending update…
2026-09-29 07:47:43,939 [INFO] recv 13933B via direct in 364ms
2026-09-29 07:47:43,943 [INFO] [client-2] Round 11 — training locally…
2026-09-29 07:47:44,127 [INFO] [client-2] Round 11 — sending update…
2026-09-29 07:47:44,131 [INFO] recv 13933B via direct in 364ms
2026-09-29 07:47:44,137 [INFO] [client-0] Round 11 — training locally…
2026-09-29 07:47:44,259 [INFO] [client-0] Round 11 — sending update…
2026-09-29 07:47:44,383 [INFO] recv 13933B via direct in 115ms
2026-09-29 07:47:44,399 [INFO] recv 13933B via direct in 129ms
2026-09-29 07:47:44,405 [INFO] recv 13933B via direct in 129ms
2026-09-29 07:47:44,412 [INFO] recv 13933B via direct in 130ms
2026-09-29 07:47:44,432 [INFO] recv 13933B via direct in 156ms
2026-09-29 07:47:44,437 [INFO] recv 13933B via direct in 158ms
2026-09-29 07:47:44,440 [INFO] recv 13933B via direct in 159ms
2026-09-29 07:47:44,444 [INFO] send 13933B via direct in 1748ms (0.06 Mbit/s) to e61ce1d2826b1a26
2026-09-29 07:47:44,586 [INFO] [client-6] Round 11 done — loss=1.0146 acc=0.4847  2.7s
2026-09-29 07:47:44,587 [INFO] [client-6] Round 12 — receiving model…
2026-09-29 07:47:44,589 [INFO] send 13933B via direct in 1545ms (0.07 Mbit/s) to e61ce1d2826b1a26
2026-09-29 07:47:44,620 [INFO] [client-3] Round 11 done — loss=1.0442 acc=0.4495  2.7s
2026-09-29 07:47:44,621 [INFO] [client-3] Round 12 — receiving model…
2026-09-29 07:47:44,623 [INFO] send 13933B via direct in 1350ms (0.08 Mbit/s) to e61ce1d2826b1a26
2026-09-29 07:47:44,653 [INFO] [client-5] Round 11 done — loss=0.9791 acc=0.5519  2.5s
2026-09-29 07:47:44,654 [INFO] [client-5] Round 12 — receiving model…
2026-09-29 07:47:44,656 [INFO] recv 13933B via direct in 161ms
2026-09-29 07:47:44,661 [INFO] send 13933B via direct in 1175ms (0.10 Mbit/s) to e61ce1d2826b1a26
2026-09-29 07:47:44,694 [INFO] [client-9] Round 11 done — loss=1.0088 acc=0.5232  2.6s
2026-09-29 07:47:44,695 [INFO] [client-9] Round 12 — receiving model…
2026-09-29 07:47:44,698 [INFO] send 13933B via direct in 1026ms (0.11 Mbit/s) to e61ce1d2826b1a26
2026-09-29 07:47:44,728 [INFO] [client-7] Round 11 done — loss=1.0269 acc=0.4550  2.5s
2026-09-29 07:47:44,729 [INFO] [client-7] Round 12 — receiving model…
2026-09-29 07:47:44,731 [INFO] send 13933B via direct in 857ms (0.13 Mbit/s) to e61ce1d2826b1a26
2026-09-29 07:47:44,756 [INFO] [client-4] Round 11 done — loss=1.0135 acc=0.4938  2.7s
2026-09-29 07:47:44,758 [INFO] [client-4] Round 12 — receiving model…
2026-09-29 07:47:44,759 [INFO] send 13933B via direct in 664ms (0.17 Mbit/s) to e61ce1d2826b1a26
2026-09-29 07:47:44,791 [INFO] [client-8] Round 11 done — loss=0.7591 acc=0.7143  2.8s
2026-09-29 07:47:44,792 [INFO] [client-8] Round 12 — receiving model…
2026-09-29 07:47:44,818 [INFO] send 13933B via direct in 492ms (0.23 Mbit/s) to e61ce1d2826b1a26
2026-09-29 07:47:44,846 [INFO] [client-1] Round 11 done — loss=1.0609 acc=0.4272  2.5s
2026-09-29 07:47:44,847 [INFO] [client-1] Round 12 — receiving model…
2026-09-29 07:47:44,849 [INFO] send 13933B via direct in 301ms (0.37 Mbit/s) to e61ce1d2826b1a26
2026-09-29 07:47:44,875 [INFO] [client-2] Round 11 done — loss=0.9649 acc=0.5264  2.8s
2026-09-29 07:47:44,877 [INFO] [client-2] Round 12 — receiving model…
2026-09-29 07:47:44,878 [INFO] recv 13933B via direct in 162ms
2026-09-29 07:47:44,880 [INFO] recv 13933B via direct in 61ms
2026-09-29 07:47:44,913 [INFO] Round 11/20  acc=0.4597  loss=1.0673  2.7s  clients=10
2026-09-29 07:47:44,915 [INFO] Round 12 — sending model to 10 clients…
2026-09-29 07:47:44,929 [INFO] send 13933B via direct in 656ms (0.17 Mbit/s) to e61ce1d2826b1a26
2026-09-29 07:47:44,965 [INFO] [client-0] Round 11 done — loss=1.0499 acc=0.4553  2.9s
2026-09-29 07:47:44,966 [INFO] [client-0] Round 12 — receiving model…
2026-09-29 07:47:45,124 [INFO] recv 13933B via direct in 151ms
2026-09-29 07:47:45,161 [INFO] [client-0] Round 12 — training locally…
2026-09-29 07:47:45,315 [INFO] [client-0] Round 12 — sending update…
2026-09-29 07:47:45,323 [INFO] recv 13933B via direct in 154ms
2026-09-29 07:47:45,326 [INFO] [client-3] Round 12 — training locally…
2026-09-29 07:47:45,484 [INFO] [client-3] Round 12 — sending update…
2026-09-29 07:47:45,493 [INFO] send 13933B via direct in 396ms (0.28 Mbit/s) to 2cfa84036d25432e
2026-09-29 07:47:45,495 [INFO] send 13933B via direct in 395ms (0.28 Mbit/s) to bc0c55f713008976
2026-09-29 07:47:45,497 [INFO] send 13933B via direct in 399ms (0.28 Mbit/s) to 1e0d167d13e5fe19
2026-09-29 07:47:45,498 [INFO] send 13933B via direct in 395ms (0.28 Mbit/s) to 0fe92a4316d854b5
2026-09-29 07:47:45,500 [INFO] send 13933B via direct in 394ms (0.28 Mbit/s) to 83a17c56eea3a7d0
2026-09-29 07:47:45,502 [INFO] send 13933B via direct in 399ms (0.28 Mbit/s) to 07905488d3642403
2026-09-29 07:47:45,504 [INFO] send 13933B via direct in 402ms (0.28 Mbit/s) to 85dd78ea1e79df73
2026-09-29 07:47:45,508 [INFO] recv 13933B via direct in 517ms
2026-09-29 07:47:45,511 [INFO] [client-2] Round 12 — training locally…
2026-09-29 07:47:45,685 [INFO] [client-2] Round 12 — sending update…
2026-09-29 07:47:45,690 [INFO] recv 13933B via direct in 517ms
2026-09-29 07:47:45,694 [INFO] [client-6] Round 12 — training locally…
2026-09-29 07:47:45,912 [INFO] [client-6] Round 12 — sending update…
2026-09-29 07:47:45,916 [INFO] recv 13933B via direct in 496ms
2026-09-29 07:47:45,921 [INFO] [client-8] Round 12 — training locally…
2026-09-29 07:47:46,141 [INFO] [client-8] Round 12 — sending update…
2026-09-29 07:47:46,144 [INFO] recv 13933B via direct in 496ms
2026-09-29 07:47:46,149 [INFO] [client-9] Round 12 — training locally…
2026-09-29 07:47:46,363 [INFO] [client-9] Round 12 — sending update…
2026-09-29 07:47:46,367 [INFO] recv 13933B via direct in 519ms
2026-09-29 07:47:46,370 [INFO] [client-7] Round 12 — training locally…
2026-09-29 07:47:46,537 [INFO] [client-7] Round 12 — sending update…
2026-09-29 07:47:46,540 [INFO] recv 13933B via direct in 497ms
2026-09-29 07:47:46,543 [INFO] [client-4] Round 12 — training locally…
2026-09-29 07:47:46,681 [INFO] [client-4] Round 12 — sending update…
2026-09-29 07:47:46,684 [INFO] recv 13933B via direct in 498ms
2026-09-29 07:47:46,686 [INFO] [client-5] Round 12 — training locally…
2026-09-29 07:47:46,848 [INFO] [client-5] Round 12 — sending update…
2026-09-29 07:47:46,852 [INFO] recv 13933B via direct in 521ms
2026-09-29 07:47:46,857 [INFO] [client-1] Round 12 — training locally…
2026-09-29 07:47:47,038 [INFO] [client-1] Round 12 — sending update…
2026-09-29 07:47:47,041 [INFO] send 13933B via direct in 394ms (0.28 Mbit/s) to 29c8a0b2f9f87333
2026-09-29 07:47:47,042 [INFO] send 13933B via direct in 400ms (0.28 Mbit/s) to a1d0e6475adf8d89
2026-09-29 07:47:47,044 [INFO] send 13933B via direct in 399ms (0.28 Mbit/s) to 7504962abef21550
2026-09-29 07:47:47,046 [INFO] Round 12 — waiting for 10 updates…
2026-09-29 07:47:47,065 [INFO] recv 13933B via direct in 1561ms
2026-09-29 07:47:47,143 [INFO] send 13933B via direct in 1824ms (0.06 Mbit/s) to e61ce1d2826b1a26
2026-09-29 07:47:47,241 [INFO] [client-0] Round 12 done — loss=1.0491 acc=0.4536  2.3s
2026-09-29 07:47:47,243 [INFO] [client-0] Round 13 — receiving model…
2026-09-29 07:47:47,254 [INFO] send 13933B via direct in 1761ms (0.06 Mbit/s) to e61ce1d2826b1a26
2026-09-29 07:47:47,282 [INFO] [client-3] Round 12 done — loss=1.0419 acc=0.4619  2.7s
2026-09-29 07:47:47,284 [INFO] [client-3] Round 13 — receiving model…
2026-09-29 07:47:47,285 [INFO] send 13933B via direct in 1558ms (0.07 Mbit/s) to e61ce1d2826b1a26
2026-09-29 07:47:47,312 [INFO] [client-2] Round 12 done — loss=0.9639 acc=0.5268  2.4s
2026-09-29 07:47:47,314 [INFO] [client-2] Round 13 — receiving model…
2026-09-29 07:47:47,315 [INFO] send 13933B via direct in 1332ms (0.08 Mbit/s) to e61ce1d2826b1a26
2026-09-29 07:47:47,342 [INFO] [client-6] Round 12 done — loss=1.0130 acc=0.4958  2.8s
2026-09-29 07:47:47,343 [INFO] [client-6] Round 13 — receiving model…
2026-09-29 07:47:47,345 [INFO] send 13933B via direct in 1104ms (0.10 Mbit/s) to e61ce1d2826b1a26
2026-09-29 07:47:47,368 [INFO] [client-8] Round 12 done — loss=0.7620 acc=0.7139  2.6s
2026-09-29 07:47:47,369 [INFO] [client-8] Round 13 — receiving model…
2026-09-29 07:47:47,371 [INFO] send 13933B via direct in 881ms (0.13 Mbit/s) to e61ce1d2826b1a26
2026-09-29 07:47:47,394 [INFO] [client-9] Round 12 done — loss=1.0047 acc=0.5260  2.7s
2026-09-29 07:47:47,395 [INFO] [client-9] Round 13 — receiving model…
2026-09-29 07:47:47,397 [INFO] send 13933B via direct in 709ms (0.16 Mbit/s) to e61ce1d2826b1a26
2026-09-29 07:47:47,422 [INFO] [client-7] Round 12 done — loss=1.0296 acc=0.4495  2.7s
2026-09-29 07:47:47,423 [INFO] [client-7] Round 13 — receiving model…
2026-09-29 07:47:47,424 [INFO] send 13933B via direct in 566ms (0.20 Mbit/s) to e61ce1d2826b1a26
2026-09-29 07:47:47,450 [INFO] [client-4] Round 12 done — loss=1.0174 acc=0.4856  2.7s
2026-09-29 07:47:47,452 [INFO] [client-4] Round 13 — receiving model…
2026-09-29 07:47:47,453 [INFO] send 13933B via direct in 398ms (0.28 Mbit/s) to e61ce1d2826b1a26
2026-09-29 07:47:47,482 [INFO] [client-5] Round 12 done — loss=0.9726 acc=0.5622  2.8s
2026-09-29 07:47:47,483 [INFO] [client-5] Round 13 — receiving model…
2026-09-29 07:47:47,484 [INFO] send 13933B via direct in 209ms (0.53 Mbit/s) to e61ce1d2826b1a26
2026-09-29 07:47:47,507 [INFO] [client-1] Round 12 done — loss=1.0569 acc=0.4227  2.7s
2026-09-29 07:47:47,509 [INFO] [client-1] Round 13 — receiving model…
2026-09-29 07:47:47,511 [INFO] recv 13933B via direct in 202ms
2026-09-29 07:47:47,514 [INFO] recv 13933B via direct in 203ms
2026-09-29 07:47:47,517 [INFO] recv 13933B via direct in 203ms
2026-09-29 07:47:47,519 [INFO] recv 13933B via direct in 203ms
2026-09-29 07:47:47,522 [INFO] recv 13933B via direct in 204ms
2026-09-29 07:47:47,525 [INFO] recv 13933B via direct in 204ms
2026-09-29 07:47:47,529 [INFO] recv 13933B via direct in 204ms
2026-09-29 07:47:47,532 [INFO] recv 13933B via direct in 205ms
2026-09-29 07:47:47,535 [INFO] recv 13933B via direct in 289ms
2026-09-29 07:47:47,567 [INFO] Round 12/20  acc=0.4591  loss=1.0644  2.7s  clients=10
2026-09-29 07:47:47,569 [INFO] Round 13 — sending model to 10 clients…
2026-09-29 07:47:47,747 [INFO] recv 13933B via direct in 130ms
2026-09-29 07:47:47,753 [INFO] [client-7] Round 13 — training locally…
2026-09-29 07:47:47,926 [INFO] [client-7] Round 13 — sending update…
2026-09-29 07:47:47,936 [INFO] send 13933B via direct in 357ms (0.31 Mbit/s) to 1e0d167d13e5fe19
2026-09-29 07:47:47,938 [INFO] send 13933B via direct in 351ms (0.32 Mbit/s) to 85dd78ea1e79df73
2026-09-29 07:47:47,939 [INFO] send 13933B via direct in 357ms (0.31 Mbit/s) to 7504962abef21550
2026-09-29 07:47:47,940 [INFO] send 13933B via direct in 355ms (0.31 Mbit/s) to 0fe92a4316d854b5
2026-09-29 07:47:47,942 [INFO] send 13933B via direct in 354ms (0.32 Mbit/s) to 07905488d3642403
2026-09-29 07:47:47,943 [INFO] send 13933B via direct in 352ms (0.32 Mbit/s) to bc0c55f713008976
2026-09-29 07:47:47,944 [INFO] send 13933B via direct in 352ms (0.32 Mbit/s) to a1d0e6475adf8d89
2026-09-29 07:47:47,946 [INFO] send 13933B via direct in 352ms (0.32 Mbit/s) to 29c8a0b2f9f87333
2026-09-29 07:47:47,948 [INFO] recv 13933B via direct in 311ms
2026-09-29 07:47:47,951 [INFO] [client-4] Round 13 — training locally…
2026-09-29 07:47:48,111 [INFO] [client-4] Round 13 — sending update…
2026-09-29 07:47:48,114 [INFO] recv 13933B via direct in 309ms
2026-09-29 07:47:48,119 [INFO] [client-6] Round 13 — training locally…
2026-09-29 07:47:48,262 [INFO] [client-6] Round 13 — sending update…
2026-09-29 07:47:48,265 [INFO] recv 13933B via direct in 307ms
2026-09-29 07:47:48,269 [INFO] [client-1] Round 13 — training locally…
2026-09-29 07:47:48,418 [INFO] [client-1] Round 13 — sending update…
2026-09-29 07:47:48,424 [INFO] recv 13933B via direct in 305ms
2026-09-29 07:47:48,429 [INFO] [client-0] Round 13 — training locally…
2026-09-29 07:47:48,562 [INFO] [client-0] Round 13 — sending update…
2026-09-29 07:47:48,564 [INFO] recv 13933B via direct in 297ms
2026-09-29 07:47:48,566 [INFO] [client-9] Round 13 — training locally…
2026-09-29 07:47:48,698 [INFO] [client-9] Round 13 — sending update…
2026-09-29 07:47:48,701 [INFO] recv 13933B via direct in 295ms
2026-09-29 07:47:48,704 [INFO] [client-3] Round 13 — training locally…
2026-09-29 07:47:48,837 [INFO] [client-3] Round 13 — sending update…
2026-09-29 07:47:48,841 [INFO] recv 13933B via direct in 294ms
2026-09-29 07:47:48,844 [INFO] [client-8] Round 13 — training locally…
2026-09-29 07:47:49,220 [INFO] [client-8] Round 13 — sending update…
2026-09-29 07:47:49,228 [INFO] recv 13933B via direct in 320ms
2026-09-29 07:47:49,233 [INFO] [client-2] Round 13 — training locally…
2026-09-29 07:47:49,422 [INFO] [client-2] Round 13 — sending update…
2026-09-29 07:47:49,425 [INFO] recv 13933B via direct in 320ms
2026-09-29 07:47:49,428 [INFO] [client-5] Round 13 — training locally…
2026-09-29 07:47:49,632 [INFO] [client-5] Round 13 — sending update…
2026-09-29 07:47:49,639 [INFO] send 13933B via direct in 353ms (0.32 Mbit/s) to 2cfa84036d25432e
2026-09-29 07:47:49,644 [INFO] send 13933B via direct in 356ms (0.31 Mbit/s) to 83a17c56eea3a7d0
2026-09-29 07:47:49,650 [INFO] Round 13 — waiting for 10 updates…
2026-09-29 07:47:49,781 [INFO] recv 13933B via direct in 125ms
2026-09-29 07:47:49,786 [INFO] recv 13933B via direct in 133ms
2026-09-29 07:47:49,792 [INFO] recv 13933B via direct in 138ms
2026-09-29 07:47:49,799 [INFO] recv 13933B via direct in 144ms
2026-09-29 07:47:49,803 [INFO] recv 13933B via direct in 144ms
2026-09-29 07:47:49,813 [INFO] send 13933B via direct in 1882ms (0.06 Mbit/s) to e61ce1d2826b1a26
2026-09-29 07:47:49,897 [INFO] [client-7] Round 13 done — loss=1.0295 acc=0.4526  2.5s
2026-09-29 07:47:49,899 [INFO] [client-7] Round 14 — receiving model…
2026-09-29 07:47:49,901 [INFO] recv 13933B via direct in 157ms
2026-09-29 07:47:49,907 [INFO] recv 13933B via direct in 157ms
2026-09-29 07:47:49,913 [INFO] recv 13933B via direct in 158ms
2026-09-29 07:47:49,918 [INFO] send 13933B via direct in 1787ms (0.06 Mbit/s) to e61ce1d2826b1a26
2026-09-29 07:47:49,949 [INFO] [client-4] Round 13 done — loss=1.0174 acc=0.4907  2.5s
2026-09-29 07:47:49,950 [INFO] [client-4] Round 14 — receiving model…
2026-09-29 07:47:49,953 [INFO] recv 13933B via direct in 253ms
2026-09-29 07:47:49,956 [INFO] send 13933B via direct in 1653ms (0.07 Mbit/s) to e61ce1d2826b1a26
2026-09-29 07:47:49,977 [INFO] [client-6] Round 13 done — loss=1.0093 acc=0.5017  2.6s
2026-09-29 07:47:49,978 [INFO] [client-6] Round 14 — receiving model…
2026-09-29 07:47:49,980 [INFO] send 13933B via direct in 1494ms (0.07 Mbit/s) to e61ce1d2826b1a26
2026-09-29 07:47:49,998 [INFO] [client-1] Round 13 done — loss=1.0603 acc=0.4248  2.5s
2026-09-29 07:47:49,999 [INFO] [client-1] Round 14 — receiving model…
2026-09-29 07:47:50,000 [INFO] send 13933B via direct in 1354ms (0.08 Mbit/s) to e61ce1d2826b1a26
2026-09-29 07:47:50,021 [INFO] [client-0] Round 13 done — loss=1.0498 acc=0.4618  2.8s
2026-09-29 07:47:50,022 [INFO] [client-0] Round 14 — receiving model…
2026-09-29 07:47:50,024 [INFO] send 13933B via direct in 1217ms (0.09 Mbit/s) to e61ce1d2826b1a26
2026-09-29 07:47:50,056 [INFO] [client-9] Round 13 done — loss=1.0119 acc=0.5221  2.7s
2026-09-29 07:47:50,057 [INFO] [client-9] Round 14 — receiving model…
2026-09-29 07:47:50,059 [INFO] send 13933B via direct in 1077ms (0.10 Mbit/s) to e61ce1d2826b1a26
2026-09-29 07:47:50,082 [INFO] [client-3] Round 13 done — loss=1.0451 acc=0.4543  2.8s
2026-09-29 07:47:50,084 [INFO] [client-3] Round 14 — receiving model…
2026-09-29 07:47:50,085 [INFO] send 13933B via direct in 690ms (0.16 Mbit/s) to e61ce1d2826b1a26
2026-09-29 07:47:50,109 [INFO] [client-8] Round 13 done — loss=0.7679 acc=0.7115  2.7s
2026-09-29 07:47:50,110 [INFO] [client-8] Round 14 — receiving model…
2026-09-29 07:47:50,111 [INFO] send 13933B via direct in 494ms (0.23 Mbit/s) to e61ce1d2826b1a26
2026-09-29 07:47:50,145 [INFO] [client-2] Round 13 done — loss=0.9592 acc=0.5288  2.8s
2026-09-29 07:47:50,146 [INFO] [client-2] Round 14 — receiving model…
2026-09-29 07:47:50,148 [INFO] send 13933B via direct in 280ms (0.40 Mbit/s) to e61ce1d2826b1a26
2026-09-29 07:47:50,180 [INFO] [client-5] Round 13 done — loss=0.9699 acc=0.5598  2.7s
2026-09-29 07:47:50,181 [INFO] [client-5] Round 14 — receiving model…
2026-09-29 07:47:50,183 [INFO] recv 13933B via direct in 261ms
2026-09-29 07:47:50,227 [INFO] Round 13/20  acc=0.4622  loss=1.0650  2.7s  clients=10
2026-09-29 07:47:50,229 [INFO] Round 14 — sending model to 10 clients…
2026-09-29 07:47:50,405 [INFO] recv 13933B via direct in 117ms
2026-09-29 07:47:50,411 [INFO] [client-2] Round 14 — training locally…
2026-09-29 07:47:50,792 [INFO] [client-2] Round 14 — sending update…
2026-09-29 07:47:50,813 [INFO] send 13933B via direct in 566ms (0.20 Mbit/s) to 7504962abef21550
2026-09-29 07:47:50,814 [INFO] send 13933B via direct in 559ms (0.20 Mbit/s) to 85dd78ea1e79df73
2026-09-29 07:47:50,816 [INFO] send 13933B via direct in 558ms (0.20 Mbit/s) to 1e0d167d13e5fe19
2026-09-29 07:47:50,818 [INFO] send 13933B via direct in 564ms (0.20 Mbit/s) to a1d0e6475adf8d89
2026-09-29 07:47:50,819 [INFO] send 13933B via direct in 563ms (0.20 Mbit/s) to 07905488d3642403
2026-09-29 07:47:50,821 [INFO] send 13933B via direct in 559ms (0.20 Mbit/s) to bc0c55f713008976
2026-09-29 07:47:50,823 [INFO] send 13933B via direct in 558ms (0.20 Mbit/s) to 2cfa84036d25432e
2026-09-29 07:47:50,824 [INFO] send 13933B via direct in 558ms (0.20 Mbit/s) to 0fe92a4316d854b5
2026-09-29 07:47:50,826 [INFO] send 13933B via direct in 558ms (0.20 Mbit/s) to 83a17c56eea3a7d0
2026-09-29 07:47:50,829 [INFO] send 13933B via direct in 565ms (0.20 Mbit/s) to 29c8a0b2f9f87333
2026-09-29 07:47:50,830 [INFO] recv 13933B via direct in 517ms
2026-09-29 07:47:50,835 [INFO] [client-3] Round 14 — training locally…
2026-09-29 07:47:51,098 [INFO] [client-3] Round 14 — sending update…
2026-09-29 07:47:51,102 [INFO] recv 13933B via direct in 518ms
2026-09-29 07:47:51,107 [INFO] [client-1] Round 14 — training locally…
2026-09-29 07:47:51,327 [INFO] [client-1] Round 14 — sending update…
2026-09-29 07:47:51,330 [INFO] recv 13933B via direct in 518ms
2026-09-29 07:47:51,333 [INFO] [client-0] Round 14 — training locally…
2026-09-29 07:47:51,571 [INFO] [client-0] Round 14 — sending update…
2026-09-29 07:47:51,577 [INFO] recv 13933B via direct in 518ms
2026-09-29 07:47:51,583 [INFO] [client-7] Round 14 — training locally…
2026-09-29 07:47:51,742 [INFO] [client-7] Round 14 — sending update…
2026-09-29 07:47:51,746 [INFO] recv 13933B via direct in 517ms
2026-09-29 07:47:51,750 [INFO] [client-9] Round 14 — training locally…
2026-09-29 07:47:51,904 [INFO] [client-9] Round 14 — sending update…
2026-09-29 07:47:51,909 [INFO] recv 13933B via direct in 516ms
2026-09-29 07:47:51,912 [INFO] [client-6] Round 14 — training locally…
2026-09-29 07:47:52,047 [INFO] [client-6] Round 14 — sending update…
2026-09-29 07:47:52,050 [INFO] recv 13933B via direct in 514ms
2026-09-29 07:47:52,055 [INFO] [client-4] Round 14 — training locally…
2026-09-29 07:47:52,194 [INFO] [client-4] Round 14 — sending update…
2026-09-29 07:47:52,196 [INFO] recv 13933B via direct in 524ms
2026-09-29 07:47:52,201 [INFO] [client-8] Round 14 — training locally…
2026-09-29 07:47:52,358 [INFO] [client-8] Round 14 — sending update…
2026-09-29 07:47:52,361 [INFO] recv 13933B via direct in 450ms
2026-09-29 07:47:52,364 [INFO] [client-5] Round 14 — training locally…
2026-09-29 07:47:52,508 [INFO] [client-5] Round 14 — sending update…
2026-09-29 07:47:52,513 [INFO] Round 14 — waiting for 10 updates…
2026-09-29 07:47:52,670 [INFO] recv 13933B via direct in 146ms
2026-09-29 07:47:52,673 [INFO] recv 13933B via direct in 146ms
2026-09-29 07:47:52,676 [INFO] recv 13933B via direct in 147ms
2026-09-29 07:47:52,681 [INFO] recv 13933B via direct in 147ms
2026-09-29 07:47:52,683 [INFO] recv 13933B via direct in 148ms
2026-09-29 07:47:52,686 [INFO] recv 13933B via direct in 148ms
2026-09-29 07:47:52,688 [INFO] recv 13933B via direct in 149ms
2026-09-29 07:47:52,691 [INFO] recv 13933B via direct in 149ms
2026-09-29 07:47:52,698 [INFO] send 13933B via direct in 1593ms (0.07 Mbit/s) to e61ce1d2826b1a26
2026-09-29 07:47:52,743 [INFO] [client-3] Round 14 done — loss=1.0418 acc=0.4533  2.7s
2026-09-29 07:47:52,744 [INFO] [client-3] Round 15 — receiving model…
2026-09-29 07:47:52,745 [INFO] send 13933B via direct in 1365ms (0.08 Mbit/s) to e61ce1d2826b1a26
2026-09-29 07:47:52,785 [INFO] [client-1] Round 14 done — loss=1.0593 acc=0.4203  2.8s
2026-09-29 07:47:52,787 [INFO] [client-1] Round 15 — receiving model…
2026-09-29 07:47:52,789 [INFO] send 13933B via direct in 1119ms (0.10 Mbit/s) to e61ce1d2826b1a26
2026-09-29 07:47:52,814 [INFO] [client-0] Round 14 done — loss=1.0483 acc=0.4575  2.8s
2026-09-29 07:47:52,815 [INFO] [client-0] Round 15 — receiving model…
2026-09-29 07:47:52,817 [INFO] send 13933B via direct in 950ms (0.12 Mbit/s) to e61ce1d2826b1a26
2026-09-29 07:47:52,844 [INFO] [client-7] Round 14 done — loss=1.0286 acc=0.4519  2.9s
2026-09-29 07:47:52,845 [INFO] [client-7] Round 15 — receiving model…
2026-09-29 07:47:52,846 [INFO] send 13933B via direct in 788ms (0.14 Mbit/s) to e61ce1d2826b1a26
2026-09-29 07:47:52,879 [INFO] [client-9] Round 14 done — loss=1.0089 acc=0.5249  2.8s
2026-09-29 07:47:52,880 [INFO] [client-9] Round 15 — receiving model…
2026-09-29 07:47:52,882 [INFO] send 13933B via direct in 646ms (0.17 Mbit/s) to e61ce1d2826b1a26
2026-09-29 07:47:52,919 [INFO] [client-6] Round 14 done — loss=1.0105 acc=0.4903  2.9s
2026-09-29 07:47:52,920 [INFO] [client-6] Round 15 — receiving model…
2026-09-29 07:47:52,921 [INFO] send 13933B via direct in 500ms (0.22 Mbit/s) to e61ce1d2826b1a26
2026-09-29 07:47:52,955 [INFO] [client-4] Round 14 done — loss=1.0205 acc=0.4911  3.0s
2026-09-29 07:47:52,957 [INFO] [client-4] Round 15 — receiving model…
2026-09-29 07:47:52,959 [INFO] send 13933B via direct in 1900ms (0.06 Mbit/s) to e61ce1d2826b1a26
2026-09-29 07:47:52,993 [INFO] [client-2] Round 14 done — loss=0.9716 acc=0.5196  2.8s
2026-09-29 07:47:52,995 [INFO] [client-2] Round 15 — receiving model…
2026-09-29 07:47:52,996 [INFO] send 13933B via direct in 336ms (0.33 Mbit/s) to e61ce1d2826b1a26
2026-09-29 07:47:53,038 [INFO] [client-8] Round 14 done — loss=0.7624 acc=0.7129  2.9s
2026-09-29 07:47:53,040 [INFO] [client-8] Round 15 — receiving model…
2026-09-29 07:47:53,042 [INFO] recv 13933B via direct in 176ms
2026-09-29 07:47:53,048 [INFO] recv 13933B via direct in 74ms
2026-09-29 07:47:53,093 [INFO] Round 14/20  acc=0.4723  loss=1.0569  2.9s  clients=10
2026-09-29 07:47:53,095 [INFO] Round 15 — sending model to 10 clients…
2026-09-29 07:47:53,097 [INFO] send 13933B via direct in 447ms (0.25 Mbit/s) to e61ce1d2826b1a26
2026-09-29 07:47:53,119 [INFO] [client-5] Round 14 done — loss=0.9696 acc=0.5615  2.9s
2026-09-29 07:47:53,120 [INFO] [client-5] Round 15 — receiving model…
2026-09-29 07:47:53,301 [INFO] recv 13933B via direct in 131ms
2026-09-29 07:47:53,311 [INFO] [client-4] Round 15 — training locally…
2026-09-29 07:47:53,538 [INFO] [client-4] Round 15 — sending update…
2026-09-29 07:47:53,552 [INFO] send 13933B via direct in 418ms (0.27 Mbit/s) to 07905488d3642403
2026-09-29 07:47:53,554 [INFO] send 13933B via direct in 420ms (0.27 Mbit/s) to 0fe92a4316d854b5
2026-09-29 07:47:53,556 [INFO] send 13933B via direct in 417ms (0.27 Mbit/s) to bc0c55f713008976
2026-09-29 07:47:53,557 [INFO] send 13933B via direct in 416ms (0.27 Mbit/s) to 29c8a0b2f9f87333
2026-09-29 07:47:53,559 [INFO] send 13933B via direct in 415ms (0.27 Mbit/s) to 1e0d167d13e5fe19
2026-09-29 07:47:53,561 [INFO] send 13933B via direct in 414ms (0.27 Mbit/s) to 2cfa84036d25432e
2026-09-29 07:47:53,562 [INFO] send 13933B via direct in 413ms (0.27 Mbit/s) to 83a17c56eea3a7d0
2026-09-29 07:47:53,564 [INFO] send 13933B via direct in 413ms (0.27 Mbit/s) to a1d0e6475adf8d89
2026-09-29 07:47:53,565 [INFO] send 13933B via direct in 412ms (0.27 Mbit/s) to 7504962abef21550
2026-09-29 07:47:53,568 [INFO] send 13933B via direct in 416ms (0.27 Mbit/s) to 85dd78ea1e79df73
2026-09-29 07:47:53,569 [INFO] recv 13933B via direct in 376ms
2026-09-29 07:47:53,573 [INFO] [client-9] Round 15 — training locally…
2026-09-29 07:47:53,741 [INFO] [client-9] Round 15 — sending update…
2026-09-29 07:47:53,744 [INFO] recv 13933B via direct in 381ms
2026-09-29 07:47:53,749 [INFO] [client-1] Round 15 — training locally…
2026-09-29 07:47:53,912 [INFO] [client-1] Round 15 — sending update…
2026-09-29 07:47:53,915 [INFO] recv 13933B via direct in 368ms
2026-09-29 07:47:53,918 [INFO] [client-0] Round 15 — training locally…
2026-09-29 07:47:54,033 [INFO] [client-0] Round 15 — sending update…
2026-09-29 07:47:54,035 [INFO] recv 13933B via direct in 366ms
2026-09-29 07:47:54,039 [INFO] [client-8] Round 15 — training locally…
2026-09-29 07:47:54,182 [INFO] [client-8] Round 15 — sending update…
2026-09-29 07:47:54,185 [INFO] recv 13933B via direct in 364ms
2026-09-29 07:47:54,188 [INFO] [client-7] Round 15 — training locally…
2026-09-29 07:47:54,350 [INFO] [client-7] Round 15 — sending update…
2026-09-29 07:47:54,354 [INFO] recv 13933B via direct in 356ms
2026-09-29 07:47:54,358 [INFO] [client-6] Round 15 — training locally…
2026-09-29 07:47:54,505 [INFO] [client-6] Round 15 — sending update…
2026-09-29 07:47:54,508 [INFO] recv 13933B via direct in 355ms
2026-09-29 07:47:54,511 [INFO] [client-5] Round 15 — training locally…
2026-09-29 07:47:54,662 [INFO] [client-5] Round 15 — sending update…
2026-09-29 07:47:54,666 [INFO] recv 13933B via direct in 353ms
2026-09-29 07:47:54,671 [INFO] [client-3] Round 15 — training locally…
2026-09-29 07:47:54,837 [INFO] [client-3] Round 15 — sending update…
2026-09-29 07:47:54,841 [INFO] recv 13933B via direct in 315ms
2026-09-29 07:47:54,845 [INFO] [client-2] Round 15 — training locally…
2026-09-29 07:47:55,003 [INFO] [client-2] Round 15 — sending update…
2026-09-29 07:47:55,006 [INFO] Round 15 — waiting for 10 updates…
2026-09-29 07:47:55,131 [INFO] recv 13933B via direct in 116ms
2026-09-29 07:47:55,140 [INFO] recv 13933B via direct in 125ms
2026-09-29 07:47:55,146 [INFO] recv 13933B via direct in 131ms
2026-09-29 07:47:55,150 [INFO] recv 13933B via direct in 135ms
2026-09-29 07:47:55,154 [INFO] recv 13933B via direct in 140ms
2026-09-29 07:47:55,158 [INFO] recv 13933B via direct in 143ms
2026-09-29 07:47:55,162 [INFO] recv 13933B via direct in 147ms
2026-09-29 07:47:55,166 [INFO] recv 13933B via direct in 150ms
2026-09-29 07:47:55,169 [INFO] recv 13933B via direct in 154ms
2026-09-29 07:47:55,172 [INFO] send 13933B via direct in 1632ms (0.07 Mbit/s) to e61ce1d2826b1a26
2026-09-29 07:47:55,230 [INFO] [client-4] Round 15 done — loss=1.0103 acc=0.4979  2.3s
2026-09-29 07:47:55,231 [INFO] [client-4] Round 16 — receiving model…
2026-09-29 07:47:55,237 [INFO] send 13933B via direct in 1319ms (0.08 Mbit/s) to e61ce1d2826b1a26
2026-09-29 07:47:55,271 [INFO] [client-1] Round 15 done — loss=1.0602 acc=0.4227  2.5s
2026-09-29 07:47:55,272 [INFO] [client-1] Round 16 — receiving model…
2026-09-29 07:47:55,273 [INFO] send 13933B via direct in 1489ms (0.08 Mbit/s) to e61ce1d2826b1a26
2026-09-29 07:47:55,304 [INFO] [client-9] Round 15 done — loss=1.0130 acc=0.5274  2.4s
2026-09-29 07:47:55,305 [INFO] [client-9] Round 16 — receiving model…
2026-09-29 07:47:55,307 [INFO] send 13933B via direct in 1198ms (0.09 Mbit/s) to e61ce1d2826b1a26
2026-09-29 07:47:55,344 [INFO] [client-0] Round 15 done — loss=1.0529 acc=0.4562  2.5s
2026-09-29 07:47:55,346 [INFO] [client-0] Round 16 — receiving model…
2026-09-29 07:47:55,348 [INFO] send 13933B via direct in 1049ms (0.11 Mbit/s) to e61ce1d2826b1a26
2026-09-29 07:47:55,377 [INFO] [client-8] Round 15 done — loss=0.7597 acc=0.7129  2.3s
2026-09-29 07:47:55,379 [INFO] [client-8] Round 16 — receiving model…
2026-09-29 07:47:55,380 [INFO] send 13933B via direct in 880ms (0.13 Mbit/s) to e61ce1d2826b1a26
2026-09-29 07:47:55,408 [INFO] [client-7] Round 15 done — loss=1.0276 acc=0.4468  2.6s
2026-09-29 07:47:55,409 [INFO] [client-7] Round 16 — receiving model…
2026-09-29 07:47:55,411 [INFO] send 13933B via direct in 727ms (0.15 Mbit/s) to e61ce1d2826b1a26
2026-09-29 07:47:55,443 [INFO] [client-6] Round 15 done — loss=1.0122 acc=0.4910  2.5s
2026-09-29 07:47:55,444 [INFO] [client-6] Round 16 — receiving model…
2026-09-29 07:47:55,446 [INFO] send 13933B via direct in 569ms (0.20 Mbit/s) to e61ce1d2826b1a26
2026-09-29 07:47:55,478 [INFO] [client-5] Round 15 done — loss=0.9771 acc=0.5515  2.4s
2026-09-29 07:47:55,479 [INFO] [client-5] Round 16 — receiving model…
2026-09-29 07:47:55,481 [INFO] send 13933B via direct in 395ms (0.28 Mbit/s) to e61ce1d2826b1a26
2026-09-29 07:47:55,505 [INFO] [client-3] Round 15 done — loss=1.0439 acc=0.4492  2.8s
2026-09-29 07:47:55,506 [INFO] [client-3] Round 16 — receiving model…
2026-09-29 07:47:55,508 [INFO] send 13933B via direct in 231ms (0.48 Mbit/s) to e61ce1d2826b1a26
2026-09-29 07:47:55,537 [INFO] [client-2] Round 15 done — loss=0.9589 acc=0.5247  2.5s
2026-09-29 07:47:55,539 [INFO] [client-2] Round 16 — receiving model…
2026-09-29 07:47:55,540 [INFO] recv 13933B via direct in 120ms
2026-09-29 07:47:55,573 [INFO] Round 15/20  acc=0.4712  loss=1.0562  2.5s  clients=10
2026-09-29 07:47:55,575 [INFO] Round 16 — sending model to 10 clients…
2026-09-29 07:47:55,758 [INFO] recv 13933B via direct in 128ms
2026-09-29 07:47:55,792 [INFO] [client-8] Round 16 — training locally…
2026-09-29 07:47:56,029 [INFO] [client-8] Round 16 — sending update…
2026-09-29 07:47:56,043 [INFO] send 13933B via direct in 456ms (0.25 Mbit/s) to 29c8a0b2f9f87333
2026-09-29 07:47:56,050 [INFO] send 13933B via direct in 454ms (0.25 Mbit/s) to 2cfa84036d25432e
2026-09-29 07:47:56,051 [INFO] send 13933B via direct in 453ms (0.25 Mbit/s) to 07905488d3642403
2026-09-29 07:47:56,053 [INFO] send 13933B via direct in 448ms (0.25 Mbit/s) to a1d0e6475adf8d89
2026-09-29 07:47:56,055 [INFO] send 13933B via direct in 453ms (0.25 Mbit/s) to 83a17c56eea3a7d0
2026-09-29 07:47:56,057 [INFO] send 13933B via direct in 452ms (0.25 Mbit/s) to 0fe92a4316d854b5
2026-09-29 07:47:56,059 [INFO] send 13933B via direct in 451ms (0.25 Mbit/s) to 1e0d167d13e5fe19
2026-09-29 07:47:56,060 [INFO] send 13933B via direct in 448ms (0.25 Mbit/s) to 7504962abef21550
2026-09-29 07:47:56,061 [INFO] send 13933B via direct in 451ms (0.25 Mbit/s) to bc0c55f713008976
2026-09-29 07:47:56,063 [INFO] send 13933B via direct in 449ms (0.25 Mbit/s) to 85dd78ea1e79df73
2026-09-29 07:47:56,065 [INFO] Round 16 — waiting for 10 updates…
2026-09-29 07:47:56,067 [INFO] recv 13933B via direct in 407ms
2026-09-29 07:47:56,069 [INFO] [client-4] Round 16 — training locally…
2026-09-29 07:47:56,220 [INFO] [client-4] Round 16 — sending update…
2026-09-29 07:47:56,223 [INFO] recv 13933B via direct in 406ms
2026-09-29 07:47:56,226 [INFO] [client-7] Round 16 — training locally…
2026-09-29 07:47:56,364 [INFO] [client-7] Round 16 — sending update…
2026-09-29 07:47:56,366 [INFO] recv 13933B via direct in 411ms
2026-09-29 07:47:56,370 [INFO] [client-6] Round 16 — training locally…
2026-09-29 07:47:56,513 [INFO] [client-6] Round 16 — sending update…
2026-09-29 07:47:56,515 [INFO] recv 13933B via direct in 411ms
2026-09-29 07:47:56,518 [INFO] [client-1] Round 16 — training locally…
2026-09-29 07:47:56,689 [INFO] [client-1] Round 16 — sending update…
2026-09-29 07:47:56,693 [INFO] recv 13933B via direct in 390ms
2026-09-29 07:47:56,698 [INFO] [client-9] Round 16 — training locally…
2026-09-29 07:47:56,882 [INFO] [client-9] Round 16 — sending update…
2026-09-29 07:47:56,885 [INFO] recv 13933B via direct in 388ms
2026-09-29 07:47:56,889 [INFO] [client-3] Round 16 — training locally…
2026-09-29 07:47:57,060 [INFO] [client-3] Round 16 — sending update…
2026-09-29 07:47:57,063 [INFO] recv 13933B via direct in 386ms
2026-09-29 07:47:57,068 [INFO] [client-2] Round 16 — training locally…
2026-09-29 07:47:57,261 [INFO] [client-2] Round 16 — sending update…
2026-09-29 07:47:57,265 [INFO] recv 13933B via direct in 384ms
2026-09-29 07:47:57,268 [INFO] [client-0] Round 16 — training locally…
2026-09-29 07:47:57,439 [INFO] [client-0] Round 16 — sending update…
2026-09-29 07:47:57,444 [INFO] recv 13933B via direct in 413ms
2026-09-29 07:47:57,447 [INFO] [client-5] Round 16 — training locally…
2026-09-29 07:47:57,704 [INFO] [client-5] Round 16 — sending update…
2026-09-29 07:47:57,832 [INFO] recv 13933B via direct in 116ms
2026-09-29 07:47:57,850 [INFO] recv 13933B via direct in 128ms
2026-09-29 07:47:57,928 [INFO] send 13933B via direct in 1863ms (0.06 Mbit/s) to e61ce1d2826b1a26
2026-09-29 07:47:58,001 [INFO] [client-8] Round 16 done — loss=0.7590 acc=0.7126  2.6s
2026-09-29 07:47:58,003 [INFO] [client-8] Round 17 — receiving model…
2026-09-29 07:47:58,006 [INFO] send 13933B via direct in 1674ms (0.07 Mbit/s) to e61ce1d2826b1a26
2026-09-29 07:47:58,032 [INFO] [client-4] Round 16 done — loss=1.0135 acc=0.4921  2.8s
2026-09-29 07:47:58,034 [INFO] [client-4] Round 17 — receiving model…
2026-09-29 07:47:58,035 [INFO] send 13933B via direct in 1532ms (0.07 Mbit/s) to e61ce1d2826b1a26
2026-09-29 07:47:58,073 [INFO] [client-7] Round 16 done — loss=1.0266 acc=0.4526  2.7s
2026-09-29 07:47:58,074 [INFO] [client-7] Round 17 — receiving model…
2026-09-29 07:47:58,076 [INFO] send 13933B via direct in 1386ms (0.08 Mbit/s) to e61ce1d2826b1a26
2026-09-29 07:47:58,103 [INFO] [client-6] Round 16 done — loss=1.0119 acc=0.4910  2.7s
2026-09-29 07:47:58,105 [INFO] [client-6] Round 17 — receiving model…
2026-09-29 07:47:58,107 [INFO] send 13933B via direct in 1214ms (0.09 Mbit/s) to e61ce1d2826b1a26
2026-09-29 07:47:58,146 [INFO] [client-1] Round 16 done — loss=1.0596 acc=0.4245  2.9s
2026-09-29 07:47:58,147 [INFO] [client-1] Round 17 — receiving model…
2026-09-29 07:47:58,149 [INFO] send 13933B via direct in 1024ms (0.11 Mbit/s) to e61ce1d2826b1a26
2026-09-29 07:47:58,188 [INFO] [client-9] Round 16 done — loss=1.0115 acc=0.5246  2.9s
2026-09-29 07:47:58,189 [INFO] [client-9] Round 17 — receiving model…
2026-09-29 07:47:58,190 [INFO] recv 13933B via direct in 179ms
2026-09-29 07:47:58,194 [INFO] recv 13933B via direct in 182ms
2026-09-29 07:47:58,199 [INFO] recv 13933B via direct in 187ms
2026-09-29 07:47:58,202 [INFO] recv 13933B via direct in 189ms
2026-09-29 07:47:58,205 [INFO] recv 13933B via direct in 191ms
2026-09-29 07:47:58,207 [INFO] recv 13933B via direct in 195ms
2026-09-29 07:47:58,210 [INFO] send 13933B via direct in 854ms (0.13 Mbit/s) to e61ce1d2826b1a26
2026-09-29 07:47:58,242 [INFO] [client-3] Round 16 done — loss=1.0442 acc=0.4516  2.7s
2026-09-29 07:47:58,243 [INFO] [client-3] Round 17 — receiving model…
2026-09-29 07:47:58,245 [INFO] send 13933B via direct in 654ms (0.17 Mbit/s) to e61ce1d2826b1a26
2026-09-29 07:47:58,291 [INFO] [client-2] Round 16 done — loss=0.9627 acc=0.5261  2.8s
2026-09-29 07:47:58,293 [INFO] [client-2] Round 17 — receiving model…
2026-09-29 07:47:58,294 [INFO] send 13933B via direct in 480ms (0.23 Mbit/s) to e61ce1d2826b1a26
2026-09-29 07:47:58,339 [INFO] [client-0] Round 16 done — loss=1.0499 acc=0.4653  3.0s
2026-09-29 07:47:58,341 [INFO] [client-0] Round 17 — receiving model…
2026-09-29 07:47:58,342 [INFO] send 13933B via direct in 217ms (0.51 Mbit/s) to e61ce1d2826b1a26
2026-09-29 07:47:58,379 [INFO] [client-5] Round 16 done — loss=0.9749 acc=0.5505  2.9s
2026-09-29 07:47:58,381 [INFO] [client-5] Round 17 — receiving model…
2026-09-29 07:47:58,383 [INFO] recv 13933B via direct in 95ms
2026-09-29 07:47:58,387 [INFO] recv 13933B via direct in 191ms
2026-09-29 07:47:58,418 [INFO] Round 16/20  acc=0.4678  loss=1.0644  2.8s  clients=10
2026-09-29 07:47:58,419 [INFO] Round 17 — sending model to 10 clients…
2026-09-29 07:47:58,599 [INFO] recv 13933B via direct in 100ms
2026-09-29 07:47:58,612 [INFO] [client-4] Round 17 — training locally…
2026-09-29 07:47:58,847 [INFO] [client-4] Round 17 — sending update…
2026-09-29 07:47:58,860 [INFO] send 13933B via direct in 430ms (0.26 Mbit/s) to 0fe92a4316d854b5
2026-09-29 07:47:58,862 [INFO] send 13933B via direct in 428ms (0.26 Mbit/s) to bc0c55f713008976
2026-09-29 07:47:58,864 [INFO] send 13933B via direct in 423ms (0.26 Mbit/s) to 85dd78ea1e79df73
2026-09-29 07:47:58,865 [INFO] send 13933B via direct in 422ms (0.26 Mbit/s) to 1e0d167d13e5fe19
2026-09-29 07:47:58,867 [INFO] send 13933B via direct in 429ms (0.26 Mbit/s) to 07905488d3642403
2026-09-29 07:47:58,868 [INFO] send 13933B via direct in 428ms (0.26 Mbit/s) to 83a17c56eea3a7d0
2026-09-29 07:47:58,869 [INFO] send 13933B via direct in 427ms (0.26 Mbit/s) to 2cfa84036d25432e
2026-09-29 07:47:58,870 [INFO] send 13933B via direct in 426ms (0.26 Mbit/s) to 29c8a0b2f9f87333
2026-09-29 07:47:58,871 [INFO] send 13933B via direct in 423ms (0.26 Mbit/s) to a1d0e6475adf8d89
2026-09-29 07:47:58,873 [INFO] send 13933B via direct in 422ms (0.26 Mbit/s) to 7504962abef21550
2026-09-29 07:47:58,875 [INFO] recv 13933B via direct in 360ms
2026-09-29 07:47:58,878 [INFO] [client-9] Round 17 — training locally…
2026-09-29 07:47:59,021 [INFO] [client-9] Round 17 — sending update…
2026-09-29 07:47:59,025 [INFO] recv 13933B via direct in 360ms
2026-09-29 07:47:59,030 [INFO] [client-1] Round 17 — training locally…
2026-09-29 07:47:59,179 [INFO] [client-1] Round 17 — sending update…
2026-09-29 07:47:59,182 [INFO] recv 13933B via direct in 360ms
2026-09-29 07:47:59,187 [INFO] [client-5] Round 17 — training locally…
2026-09-29 07:47:59,356 [INFO] [client-5] Round 17 — sending update…
2026-09-29 07:47:59,359 [INFO] recv 13933B via direct in 360ms
2026-09-29 07:47:59,362 [INFO] [client-6] Round 17 — training locally…
2026-09-29 07:47:59,517 [INFO] [client-6] Round 17 — sending update…
2026-09-29 07:47:59,522 [INFO] recv 13933B via direct in 361ms
2026-09-29 07:47:59,528 [INFO] [client-8] Round 17 — training locally…
2026-09-29 07:47:59,706 [INFO] [client-8] Round 17 — sending update…
2026-09-29 07:47:59,710 [INFO] recv 13933B via direct in 361ms
2026-09-29 07:47:59,715 [INFO] [client-0] Round 17 — training locally…
2026-09-29 07:47:59,961 [INFO] [client-0] Round 17 — sending update…
2026-09-29 07:47:59,966 [INFO] recv 13933B via direct in 361ms
2026-09-29 07:47:59,970 [INFO] [client-7] Round 17 — training locally…
2026-09-29 07:48:00,147 [INFO] [client-7] Round 17 — sending update…
2026-09-29 07:48:00,149 [INFO] recv 13933B via direct in 361ms
2026-09-29 07:48:00,152 [INFO] [client-3] Round 17 — training locally…
2026-09-29 07:48:00,334 [INFO] [client-3] Round 17 — sending update…
2026-09-29 07:48:00,338 [INFO] recv 13933B via direct in 358ms
2026-09-29 07:48:00,343 [INFO] [client-2] Round 17 — training locally…
2026-09-29 07:48:00,506 [INFO] [client-2] Round 17 — sending update…
2026-09-29 07:48:00,509 [INFO] Round 17 — waiting for 10 updates…
2026-09-29 07:48:00,634 [INFO] recv 13933B via direct in 121ms
2026-09-29 07:48:00,642 [INFO] recv 13933B via direct in 128ms
2026-09-29 07:48:00,669 [INFO] recv 13933B via direct in 147ms
2026-09-29 07:48:00,681 [INFO] recv 13933B via direct in 150ms
2026-09-29 07:48:00,687 [INFO] recv 13933B via direct in 152ms
2026-09-29 07:48:00,695 [INFO] recv 13933B via direct in 153ms
2026-09-29 07:48:00,701 [INFO] recv 13933B via direct in 173ms
2026-09-29 07:48:00,704 [INFO] recv 13933B via direct in 173ms
2026-09-29 07:48:00,707 [INFO] send 13933B via direct in 1842ms (0.06 Mbit/s) to e61ce1d2826b1a26
2026-09-29 07:48:00,755 [INFO] [client-4] Round 17 done — loss=1.0116 acc=0.4931  2.7s
2026-09-29 07:48:00,756 [INFO] [client-4] Round 18 — receiving model…
2026-09-29 07:48:00,758 [INFO] send 13933B via direct in 1668ms (0.07 Mbit/s) to e61ce1d2826b1a26
2026-09-29 07:48:00,790 [INFO] [client-9] Round 17 done — loss=1.0115 acc=0.5197  2.6s
2026-09-29 07:48:00,792 [INFO] [client-9] Round 18 — receiving model…
2026-09-29 07:48:00,794 [INFO] send 13933B via direct in 1510ms (0.07 Mbit/s) to e61ce1d2826b1a26
2026-09-29 07:48:00,822 [INFO] [client-1] Round 17 done — loss=1.0607 acc=0.4265  2.7s
2026-09-29 07:48:00,824 [INFO] [client-1] Round 18 — receiving model…
2026-09-29 07:48:00,826 [INFO] send 13933B via direct in 1334ms (0.08 Mbit/s) to e61ce1d2826b1a26
2026-09-29 07:48:00,853 [INFO] [client-5] Round 17 done — loss=0.9650 acc=0.5646  2.5s
2026-09-29 07:48:00,854 [INFO] [client-5] Round 18 — receiving model…
2026-09-29 07:48:00,856 [INFO] send 13933B via direct in 1172ms (0.10 Mbit/s) to e61ce1d2826b1a26
2026-09-29 07:48:00,881 [INFO] [client-6] Round 17 done — loss=1.0112 acc=0.5000  2.8s
2026-09-29 07:48:00,883 [INFO] [client-6] Round 18 — receiving model…
2026-09-29 07:48:00,884 [INFO] send 13933B via direct in 984ms (0.11 Mbit/s) to e61ce1d2826b1a26
2026-09-29 07:48:00,912 [INFO] [client-8] Round 17 done — loss=0.7618 acc=0.7102  2.9s
2026-09-29 07:48:00,914 [INFO] [client-8] Round 18 — receiving model…
2026-09-29 07:48:00,915 [INFO] send 13933B via direct in 729ms (0.15 Mbit/s) to e61ce1d2826b1a26
2026-09-29 07:48:00,942 [INFO] [client-0] Round 17 done — loss=1.0541 acc=0.4583  2.6s
2026-09-29 07:48:00,944 [INFO] [client-0] Round 18 — receiving model…
2026-09-29 07:48:00,946 [INFO] send 13933B via direct in 545ms (0.20 Mbit/s) to e61ce1d2826b1a26
2026-09-29 07:48:00,968 [INFO] [client-7] Round 17 done — loss=1.0274 acc=0.4526  2.9s
2026-09-29 07:48:00,969 [INFO] [client-7] Round 18 — receiving model…
2026-09-29 07:48:00,971 [INFO] send 13933B via direct in 358ms (0.31 Mbit/s) to e61ce1d2826b1a26
2026-09-29 07:48:00,998 [INFO] [client-3] Round 17 done — loss=1.0350 acc=0.4495  2.8s
2026-09-29 07:48:01,000 [INFO] [client-3] Round 18 — receiving model…
2026-09-29 07:48:01,002 [INFO] send 13933B via direct in 187ms (0.60 Mbit/s) to e61ce1d2826b1a26
2026-09-29 07:48:01,023 [INFO] [client-2] Round 17 done — loss=0.9590 acc=0.5278  2.7s
2026-09-29 07:48:01,025 [INFO] [client-2] Round 18 — receiving model…
2026-09-29 07:48:01,026 [INFO] recv 13933B via direct in 186ms
2026-09-29 07:48:01,030 [INFO] recv 13933B via direct in 81ms
2026-09-29 07:48:01,060 [INFO] Round 17/20  acc=0.4650  loss=1.0653  2.6s  clients=10
2026-09-29 07:48:01,062 [INFO] Round 18 — sending model to 10 clients…
2026-09-29 07:48:01,276 [INFO] recv 13933B via direct in 128ms
2026-09-29 07:48:01,288 [INFO] [client-7] Round 18 — training locally…
2026-09-29 07:48:01,487 [INFO] [client-7] Round 18 — sending update…
2026-09-29 07:48:01,497 [INFO] send 13933B via direct in 422ms (0.27 Mbit/s) to 1e0d167d13e5fe19
2026-09-29 07:48:01,499 [INFO] send 13933B via direct in 425ms (0.26 Mbit/s) to 85dd78ea1e79df73
2026-09-29 07:48:01,501 [INFO] send 13933B via direct in 424ms (0.26 Mbit/s) to a1d0e6475adf8d89
2026-09-29 07:48:01,502 [INFO] send 13933B via direct in 423ms (0.26 Mbit/s) to 07905488d3642403
2026-09-29 07:48:01,504 [INFO] send 13933B via direct in 422ms (0.26 Mbit/s) to bc0c55f713008976
2026-09-29 07:48:01,505 [INFO] send 13933B via direct in 420ms (0.27 Mbit/s) to 2cfa84036d25432e
2026-09-29 07:48:01,507 [INFO] send 13933B via direct in 419ms (0.27 Mbit/s) to 7504962abef21550
2026-09-29 07:48:01,510 [INFO] send 13933B via direct in 420ms (0.27 Mbit/s) to 0fe92a4316d854b5
2026-09-29 07:48:01,512 [INFO] send 13933B via direct in 426ms (0.26 Mbit/s) to 29c8a0b2f9f87333
2026-09-29 07:48:01,513 [INFO] recv 13933B via direct in 345ms
2026-09-29 07:48:01,516 [INFO] [client-5] Round 18 — training locally…
2026-09-29 07:48:01,672 [INFO] [client-5] Round 18 — sending update…
2026-09-29 07:48:01,675 [INFO] recv 13933B via direct in 343ms
2026-09-29 07:48:01,679 [INFO] [client-2] Round 18 — training locally…
2026-09-29 07:48:01,862 [INFO] [client-2] Round 18 — sending update…
2026-09-29 07:48:01,865 [INFO] recv 13933B via direct in 349ms
2026-09-29 07:48:01,870 [INFO] [client-4] Round 18 — training locally…
2026-09-29 07:48:02,020 [INFO] [client-4] Round 18 — sending update…
2026-09-29 07:48:02,024 [INFO] recv 13933B via direct in 351ms
2026-09-29 07:48:02,028 [INFO] [client-8] Round 18 — training locally…
2026-09-29 07:48:02,224 [INFO] [client-8] Round 18 — sending update…
2026-09-29 07:48:02,228 [INFO] recv 13933B via direct in 351ms
2026-09-29 07:48:02,233 [INFO] [client-0] Round 18 — training locally…
2026-09-29 07:48:02,349 [INFO] [client-0] Round 18 — sending update…
2026-09-29 07:48:02,352 [INFO] recv 13933B via direct in 350ms
2026-09-29 07:48:02,355 [INFO] [client-3] Round 18 — training locally…
2026-09-29 07:48:02,524 [INFO] [client-3] Round 18 — sending update…
2026-09-29 07:48:02,527 [INFO] recv 13933B via direct in 350ms
2026-09-29 07:48:02,532 [INFO] [client-1] Round 18 — training locally…
2026-09-29 07:48:02,734 [INFO] [client-1] Round 18 — sending update…
2026-09-29 07:48:02,738 [INFO] recv 13933B via direct in 351ms
2026-09-29 07:48:02,741 [INFO] [client-9] Round 18 — training locally…
2026-09-29 07:48:02,906 [INFO] [client-9] Round 18 — sending update…
2026-09-29 07:48:02,909 [INFO] recv 13933B via direct in 349ms
2026-09-29 07:48:02,913 [INFO] [client-6] Round 18 — training locally…
2026-09-29 07:48:03,098 [INFO] [client-6] Round 18 — sending update…
2026-09-29 07:48:03,102 [INFO] send 13933B via direct in 420ms (0.27 Mbit/s) to 83a17c56eea3a7d0
2026-09-29 07:48:03,105 [INFO] Round 18 — waiting for 10 updates…
2026-09-29 07:48:03,228 [INFO] recv 13933B via direct in 120ms
2026-09-29 07:48:03,234 [INFO] recv 13933B via direct in 125ms
2026-09-29 07:48:03,240 [INFO] recv 13933B via direct in 131ms
2026-09-29 07:48:03,249 [INFO] recv 13933B via direct in 141ms
2026-09-29 07:48:03,252 [INFO] recv 13933B via direct in 141ms
2026-09-29 07:48:03,257 [INFO] recv 13933B via direct in 149ms
2026-09-29 07:48:03,261 [INFO] recv 13933B via direct in 149ms
2026-09-29 07:48:03,266 [INFO] send 13933B via direct in 1775ms (0.06 Mbit/s) to e61ce1d2826b1a26
2026-09-29 07:48:03,411 [INFO] [client-7] Round 18 done — loss=1.0316 acc=0.4523  2.4s
2026-09-29 07:48:03,412 [INFO] [client-7] Round 19 — receiving model…
2026-09-29 07:48:03,414 [INFO] send 13933B via direct in 1590ms (0.07 Mbit/s) to e61ce1d2826b1a26
2026-09-29 07:48:03,442 [INFO] [client-5] Round 18 done — loss=0.9722 acc=0.5522  2.6s
2026-09-29 07:48:03,443 [INFO] [client-5] Round 19 — receiving model…
2026-09-29 07:48:03,444 [INFO] recv 13933B via direct in 157ms
2026-09-29 07:48:03,448 [INFO] recv 13933B via direct in 158ms
2026-09-29 07:48:03,455 [INFO] send 13933B via direct in 1428ms (0.08 Mbit/s) to e61ce1d2826b1a26
2026-09-29 07:48:03,478 [INFO] [client-4] Round 18 done — loss=1.0123 acc=0.4887  2.7s
2026-09-29 07:48:03,479 [INFO] [client-4] Round 19 — receiving model…
2026-09-29 07:48:03,480 [INFO] send 13933B via direct in 1587ms (0.07 Mbit/s) to e61ce1d2826b1a26
2026-09-29 07:48:03,505 [INFO] [client-2] Round 18 done — loss=0.9582 acc=0.5230  2.5s
2026-09-29 07:48:03,506 [INFO] [client-2] Round 19 — receiving model…
2026-09-29 07:48:03,508 [INFO] send 13933B via direct in 1224ms (0.09 Mbit/s) to e61ce1d2826b1a26
2026-09-29 07:48:03,530 [INFO] [client-8] Round 18 done — loss=0.7667 acc=0.7095  2.6s
2026-09-29 07:48:03,531 [INFO] [client-8] Round 19 — receiving model…
2026-09-29 07:48:03,532 [INFO] send 13933B via direct in 1100ms (0.10 Mbit/s) to e61ce1d2826b1a26
2026-09-29 07:48:03,556 [INFO] [client-0] Round 18 done — loss=1.0523 acc=0.4518  2.6s
2026-09-29 07:48:03,558 [INFO] [client-0] Round 19 — receiving model…
2026-09-29 07:48:03,560 [INFO] send 13933B via direct in 926ms (0.12 Mbit/s) to e61ce1d2826b1a26
2026-09-29 07:48:03,588 [INFO] [client-3] Round 18 done — loss=1.0431 acc=0.4478  2.6s
2026-09-29 07:48:03,589 [INFO] [client-3] Round 19 — receiving model…
2026-09-29 07:48:03,590 [INFO] send 13933B via direct in 715ms (0.16 Mbit/s) to e61ce1d2826b1a26
2026-09-29 07:48:03,612 [INFO] [client-1] Round 18 done — loss=1.0548 acc=0.4310  2.8s
2026-09-29 07:48:03,613 [INFO] [client-1] Round 19 — receiving model…
2026-09-29 07:48:03,614 [INFO] send 13933B via direct in 545ms (0.21 Mbit/s) to e61ce1d2826b1a26
2026-09-29 07:48:03,637 [INFO] [client-9] Round 18 done — loss=1.0132 acc=0.5228  2.8s
2026-09-29 07:48:03,638 [INFO] [client-9] Round 19 — receiving model…
2026-09-29 07:48:03,640 [INFO] send 13933B via direct in 353ms (0.32 Mbit/s) to e61ce1d2826b1a26
2026-09-29 07:48:03,665 [INFO] [client-6] Round 18 done — loss=1.0086 acc=0.5014  2.8s
2026-09-29 07:48:03,667 [INFO] [client-6] Round 19 — receiving model…
2026-09-29 07:48:03,668 [INFO] recv 13933B via direct in 240ms
2026-09-29 07:48:03,713 [INFO] Round 18/20  acc=0.4707  loss=1.0611  2.7s  clients=10
2026-09-29 07:48:03,714 [INFO] Round 19 — sending model to 10 clients…
2026-09-29 07:48:03,891 [INFO] recv 13933B via direct in 129ms
2026-09-29 07:48:03,897 [INFO] [client-0] Round 19 — training locally…
2026-09-29 07:48:04,091 [INFO] [client-0] Round 19 — sending update…
2026-09-29 07:48:04,104 [INFO] send 13933B via direct in 378ms (0.30 Mbit/s) to 85dd78ea1e79df73
2026-09-29 07:48:04,106 [INFO] send 13933B via direct in 372ms (0.30 Mbit/s) to 7504962abef21550
2026-09-29 07:48:04,107 [INFO] send 13933B via direct in 374ms (0.30 Mbit/s) to 83a17c56eea3a7d0
2026-09-29 07:48:04,109 [INFO] send 13933B via direct in 372ms (0.30 Mbit/s) to bc0c55f713008976
2026-09-29 07:48:04,110 [INFO] send 13933B via direct in 371ms (0.30 Mbit/s) to a1d0e6475adf8d89
2026-09-29 07:48:04,111 [INFO] send 13933B via direct in 371ms (0.30 Mbit/s) to 1e0d167d13e5fe19
2026-09-29 07:48:04,112 [INFO] send 13933B via direct in 370ms (0.30 Mbit/s) to 29c8a0b2f9f87333
2026-09-29 07:48:04,114 [INFO] send 13933B via direct in 370ms (0.30 Mbit/s) to 0fe92a4316d854b5
2026-09-29 07:48:04,116 [INFO] send 13933B via direct in 376ms (0.30 Mbit/s) to 07905488d3642403
2026-09-29 07:48:04,118 [INFO] recv 13933B via direct in 332ms
2026-09-29 07:48:04,121 [INFO] [client-5] Round 19 — training locally…
2026-09-29 07:48:04,277 [INFO] [client-5] Round 19 — sending update…
2026-09-29 07:48:04,280 [INFO] recv 13933B via direct in 330ms
2026-09-29 07:48:04,283 [INFO] [client-2] Round 19 — training locally…
2026-09-29 07:48:04,462 [INFO] [client-2] Round 19 — sending update…
2026-09-29 07:48:04,465 [INFO] recv 13933B via direct in 328ms
2026-09-29 07:48:04,470 [INFO] [client-9] Round 19 — training locally…
2026-09-29 07:48:04,628 [INFO] [client-9] Round 19 — sending update…
2026-09-29 07:48:04,632 [INFO] recv 13933B via direct in 327ms
2026-09-29 07:48:04,635 [INFO] [client-3] Round 19 — training locally…
2026-09-29 07:48:04,791 [INFO] [client-3] Round 19 — sending update…
2026-09-29 07:48:04,795 [INFO] recv 13933B via direct in 318ms
2026-09-29 07:48:04,800 [INFO] [client-7] Round 19 — training locally…
2026-09-29 07:48:04,948 [INFO] [client-7] Round 19 — sending update…
2026-09-29 07:48:04,951 [INFO] recv 13933B via direct in 317ms
2026-09-29 07:48:04,955 [INFO] [client-6] Round 19 — training locally…
2026-09-29 07:48:05,106 [INFO] [client-6] Round 19 — sending update…
2026-09-29 07:48:05,110 [INFO] recv 13933B via direct in 315ms
2026-09-29 07:48:05,114 [INFO] [client-8] Round 19 — training locally…
2026-09-29 07:48:05,315 [INFO] [client-8] Round 19 — sending update…
2026-09-29 07:48:05,319 [INFO] recv 13933B via direct in 337ms
2026-09-29 07:48:05,322 [INFO] [client-1] Round 19 — training locally…
2026-09-29 07:48:05,481 [INFO] [client-1] Round 19 — sending update…
2026-09-29 07:48:05,484 [INFO] recv 13933B via direct in 296ms
2026-09-29 07:48:05,489 [INFO] [client-4] Round 19 — training locally…
2026-09-29 07:48:05,635 [INFO] [client-4] Round 19 — sending update…
2026-09-29 07:48:05,641 [INFO] send 13933B via direct in 370ms (0.30 Mbit/s) to 2cfa84036d25432e
2026-09-29 07:48:05,645 [INFO] Round 19 — waiting for 10 updates…
2026-09-29 07:48:05,767 [INFO] recv 13933B via direct in 119ms
2026-09-29 07:48:05,773 [INFO] recv 13933B via direct in 125ms
2026-09-29 07:48:05,778 [INFO] recv 13933B via direct in 130ms
2026-09-29 07:48:05,784 [INFO] recv 13933B via direct in 136ms
2026-09-29 07:48:05,791 [INFO] recv 13933B via direct in 143ms
2026-09-29 07:48:05,797 [INFO] recv 13933B via direct in 143ms
2026-09-29 07:48:05,804 [INFO] recv 13933B via direct in 154ms
2026-09-29 07:48:05,806 [INFO] recv 13933B via direct in 155ms
2026-09-29 07:48:05,815 [INFO] recv 13933B via direct in 155ms
2026-09-29 07:48:05,819 [INFO] send 13933B via direct in 1709ms (0.07 Mbit/s) to e61ce1d2826b1a26
2026-09-29 07:48:05,870 [INFO] [client-0] Round 19 done — loss=1.0509 acc=0.4566  2.3s
2026-09-29 07:48:05,872 [INFO] [client-0] Round 20 — receiving model…
2026-09-29 07:48:05,873 [INFO] send 13933B via direct in 1524ms (0.07 Mbit/s) to e61ce1d2826b1a26
2026-09-29 07:48:05,901 [INFO] [client-5] Round 19 done — loss=0.9694 acc=0.5563  2.5s
2026-09-29 07:48:05,902 [INFO] [client-5] Round 20 — receiving model…
2026-09-29 07:48:05,908 [INFO] send 13933B via direct in 1439ms (0.08 Mbit/s) to e61ce1d2826b1a26
2026-09-29 07:48:05,938 [INFO] [client-2] Round 19 done — loss=0.9571 acc=0.5275  2.4s
2026-09-29 07:48:05,939 [INFO] [client-2] Round 20 — receiving model…
2026-09-29 07:48:05,941 [INFO] send 13933B via direct in 1272ms (0.09 Mbit/s) to e61ce1d2826b1a26
2026-09-29 07:48:05,983 [INFO] [client-9] Round 19 done — loss=1.0110 acc=0.5179  2.3s
2026-09-29 07:48:05,985 [INFO] [client-9] Round 20 — receiving model…
2026-09-29 07:48:05,987 [INFO] send 13933B via direct in 1110ms (0.10 Mbit/s) to e61ce1d2826b1a26
2026-09-29 07:48:06,016 [INFO] [client-3] Round 19 done — loss=1.0364 acc=0.4543  2.4s
2026-09-29 07:48:06,018 [INFO] [client-3] Round 20 — receiving model…
2026-09-29 07:48:06,019 [INFO] send 13933B via direct in 954ms (0.12 Mbit/s) to e61ce1d2826b1a26
2026-09-29 07:48:06,046 [INFO] [client-7] Round 19 done — loss=1.0305 acc=0.4550  2.6s
2026-09-29 07:48:06,048 [INFO] [client-7] Round 20 — receiving model…
2026-09-29 07:48:06,049 [INFO] send 13933B via direct in 795ms (0.14 Mbit/s) to e61ce1d2826b1a26
2026-09-29 07:48:06,079 [INFO] [client-6] Round 19 done — loss=1.0103 acc=0.4944  2.4s
2026-09-29 07:48:06,080 [INFO] [client-6] Round 20 — receiving model…
2026-09-29 07:48:06,082 [INFO] send 13933B via direct in 588ms (0.19 Mbit/s) to e61ce1d2826b1a26
2026-09-29 07:48:06,112 [INFO] [client-8] Round 19 done — loss=0.7605 acc=0.7115  2.6s
2026-09-29 07:48:06,113 [INFO] [client-8] Round 20 — receiving model…
2026-09-29 07:48:06,115 [INFO] send 13933B via direct in 422ms (0.26 Mbit/s) to e61ce1d2826b1a26
2026-09-29 07:48:06,144 [INFO] [client-1] Round 19 done — loss=1.0575 acc=0.4334  2.5s
2026-09-29 07:48:06,146 [INFO] [client-1] Round 20 — receiving model…
2026-09-29 07:48:06,148 [INFO] send 13933B via direct in 268ms (0.42 Mbit/s) to e61ce1d2826b1a26
2026-09-29 07:48:06,183 [INFO] [client-4] Round 19 done — loss=1.0160 acc=0.4959  2.7s
2026-09-29 07:48:06,185 [INFO] [client-4] Round 20 — receiving model…
2026-09-29 07:48:06,186 [INFO] recv 13933B via direct in 153ms
2026-09-29 07:48:06,234 [INFO] Round 19/20  acc=0.4695  loss=1.0627  2.5s  clients=10
2026-09-29 07:48:06,236 [INFO] Round 20 — sending model to 10 clients…
2026-09-29 07:48:06,427 [INFO] recv 13933B via direct in 124ms
2026-09-29 07:48:06,445 [INFO] [client-0] Round 20 — training locally…
2026-09-29 07:48:06,680 [INFO] [client-0] Round 20 — sending update…
2026-09-29 07:48:06,695 [INFO] send 13933B via direct in 446ms (0.25 Mbit/s) to 85dd78ea1e79df73
2026-09-29 07:48:06,697 [INFO] send 13933B via direct in 445ms (0.25 Mbit/s) to 2cfa84036d25432e
2026-09-29 07:48:06,699 [INFO] send 13933B via direct in 444ms (0.25 Mbit/s) to 07905488d3642403
2026-09-29 07:48:06,701 [INFO] send 13933B via direct in 442ms (0.25 Mbit/s) to bc0c55f713008976
2026-09-29 07:48:06,703 [INFO] send 13933B via direct in 437ms (0.26 Mbit/s) to a1d0e6475adf8d89
2026-09-29 07:48:06,704 [INFO] send 13933B via direct in 441ms (0.25 Mbit/s) to 0fe92a4316d854b5
2026-09-29 07:48:06,706 [INFO] send 13933B via direct in 441ms (0.25 Mbit/s) to 7504962abef21550
2026-09-29 07:48:06,707 [INFO] send 13933B via direct in 440ms (0.25 Mbit/s) to 83a17c56eea3a7d0
2026-09-29 07:48:06,709 [INFO] send 13933B via direct in 440ms (0.25 Mbit/s) to 1e0d167d13e5fe19
2026-09-29 07:48:06,712 [INFO] recv 13933B via direct in 390ms
2026-09-29 07:48:06,716 [INFO] [client-9] Round 20 — training locally…
2026-09-29 07:48:06,952 [INFO] [client-9] Round 20 — sending update…
2026-09-29 07:48:06,955 [INFO] send 13933B via direct in 443ms (0.25 Mbit/s) to 29c8a0b2f9f87333
2026-09-29 07:48:06,958 [INFO] recv 13933B via direct in 391ms
2026-09-29 07:48:06,961 [INFO] [client-4] Round 20 — training locally…
2026-09-29 07:48:07,347 [INFO] [client-4] Round 20 — sending update…
2026-09-29 07:48:07,352 [INFO] recv 13933B via direct in 391ms
2026-09-29 07:48:07,358 [INFO] [client-2] Round 20 — training locally…
2026-09-29 07:48:07,937 [INFO] [client-2] Round 20 — sending update…
2026-09-29 07:48:07,942 [INFO] recv 13933B via direct in 391ms
2026-09-29 07:48:07,948 [INFO] [client-5] Round 20 — training locally…
2026-09-29 07:48:08,379 [INFO] [client-5] Round 20 — sending update…
2026-09-29 07:48:08,386 [INFO] recv 13933B via direct in 391ms
2026-09-29 07:48:08,390 [INFO] [client-7] Round 20 — training locally…
2026-09-29 07:48:08,740 [INFO] [client-7] Round 20 — sending update…
2026-09-29 07:48:08,744 [INFO] recv 13933B via direct in 397ms
2026-09-29 07:48:08,750 [INFO] [client-6] Round 20 — training locally…
2026-09-29 07:48:09,055 [INFO] [client-6] Round 20 — sending update…
2026-09-29 07:48:09,060 [INFO] recv 13933B via direct in 382ms
2026-09-29 07:48:09,067 [INFO] [client-3] Round 20 — training locally…
2026-09-29 07:48:09,446 [INFO] [client-3] Round 20 — sending update…
2026-09-29 07:48:09,450 [INFO] recv 13933B via direct in 398ms
2026-09-29 07:48:09,456 [INFO] [client-1] Round 20 — training locally…
2026-09-29 07:48:09,761 [INFO] [client-1] Round 20 — sending update…
2026-09-29 07:48:09,764 [INFO] recv 13933B via direct in 395ms
2026-09-29 07:48:09,771 [INFO] [client-8] Round 20 — training locally…
2026-09-29 07:48:10,061 [INFO] [client-8] Round 20 — sending update…
2026-09-29 07:48:10,067 [INFO] Round 20 — waiting for 10 updates…
2026-09-29 07:48:10,198 [INFO] recv 13933B via direct in 118ms
2026-09-29 07:48:10,223 [INFO] recv 13933B via direct in 147ms
2026-09-29 07:48:10,236 [INFO] recv 13933B via direct in 148ms
2026-09-29 07:48:10,239 [INFO] recv 13933B via direct in 148ms
2026-09-29 07:48:10,242 [INFO] recv 13933B via direct in 148ms
2026-09-29 07:48:10,246 [INFO] recv 13933B via direct in 148ms
2026-09-29 07:48:10,249 [INFO] recv 13933B via direct in 148ms
2026-09-29 07:48:10,252 [INFO] recv 13933B via direct in 149ms
2026-09-29 07:48:10,256 [INFO] send 13933B via direct in 3299ms (0.03 Mbit/s) to e61ce1d2826b1a26
2026-09-29 07:48:10,289 [INFO] [client-9] Round 20 done — loss=1.0105 acc=0.5274  4.3s
2026-09-29 07:48:10,291 [INFO] send 13933B via direct in 2903ms (0.04 Mbit/s) to e61ce1d2826b1a26
2026-09-29 07:48:10,313 [INFO] [client-4] Round 20 done — loss=1.0169 acc=0.4935  4.1s
2026-09-29 07:48:10,315 [INFO] send 13933B via direct in 3572ms (0.03 Mbit/s) to e61ce1d2826b1a26
2026-09-29 07:48:10,341 [INFO] [client-0] Round 20 done — loss=1.0491 acc=0.4648  4.5s
2026-09-29 07:48:10,343 [INFO] send 13933B via direct in 2314ms (0.05 Mbit/s) to e61ce1d2826b1a26
2026-09-29 07:48:10,373 [INFO] [client-2] Round 20 done — loss=0.9532 acc=0.5295  4.4s
2026-09-29 07:48:10,374 [INFO] send 13933B via direct in 1869ms (0.06 Mbit/s) to e61ce1d2826b1a26
2026-09-29 07:48:10,406 [INFO] [client-5] Round 20 done — loss=0.9695 acc=0.5573  4.5s
2026-09-29 07:48:10,408 [INFO] send 13933B via direct in 1512ms (0.07 Mbit/s) to e61ce1d2826b1a26
2026-09-29 07:48:10,440 [INFO] [client-7] Round 20 done — loss=1.0287 acc=0.4481  4.4s
2026-09-29 07:48:10,442 [INFO] send 13933B via direct in 1196ms (0.09 Mbit/s) to e61ce1d2826b1a26
2026-09-29 07:48:10,469 [INFO] [client-6] Round 20 done — loss=1.0123 acc=0.4955  4.4s
2026-09-29 07:48:10,472 [INFO] send 13933B via direct in 806ms (0.14 Mbit/s) to e61ce1d2826b1a26
2026-09-29 07:48:10,501 [INFO] [client-3] Round 20 done — loss=1.0458 acc=0.4530  4.5s
2026-09-29 07:48:10,503 [INFO] send 13933B via direct in 492ms (0.23 Mbit/s) to e61ce1d2826b1a26
2026-09-29 07:48:10,531 [INFO] [client-1] Round 20 done — loss=1.0550 acc=0.4203  4.4s
2026-09-29 07:48:10,533 [INFO] send 13933B via direct in 190ms (0.59 Mbit/s) to e61ce1d2826b1a26
2026-09-29 07:48:10,563 [INFO] [client-8] Round 20 done — loss=0.7563 acc=0.7129  4.4s
2026-09-29 07:48:10,565 [INFO] recv 13933B via direct in 182ms
2026-09-29 07:48:10,569 [INFO] recv 13933B via direct in 77ms
2026-09-29 07:48:10,600 [INFO] Round 20/20  acc=0.4693  loss=1.0627  4.4s  clients=10
2026-09-29 07:48:10,758 [INFO] CoAP server [client-0] stopped
2026-09-29 07:48:11,524 [INFO] CoAP server [client-1] stopped
2026-09-29 07:48:11,634 [INFO] CoAP server [client-2] stopped
2026-09-29 07:48:11,748 [INFO] CoAP server [client-3] stopped
2026-09-29 07:48:11,860 [INFO] CoAP server [client-4] stopped
2026-09-29 07:48:11,973 [INFO] CoAP server [client-5] stopped
2026-09-29 07:48:12,085 [INFO] CoAP server [client-6] stopped
2026-09-29 07:48:12,198 [INFO] CoAP server [client-7] stopped
2026-09-29 07:48:12,308 [INFO] CoAP server [client-8] stopped
2026-09-29 07:48:12,422 [INFO] CoAP server [client-9] stopped
2026-09-29 07:48:12,536 [INFO] CoAP server [server] stopped
2026-09-29 07:48:12,600 [INFO] Exported 20 rows → results/e11/rate_10mbit/e7_airmlp_geographic_round_events.csv
2026-09-29 07:48:31,843 [INFO] AirMLP airmlp_geographic done: {'node_id': 'server', 'architecture': 'B', 'scenario': 'e7_airmlp_geographic', 'rounds_total': 20, 'rounds_success': 20, 'test_acc_final': 0.4692502106149958, 'test_acc_max': 0.47233923055321536, 'duration_mean_sec': 5.02780465314936, 'pct_direct': 0.0, 'pct_relay': 0.0, 'bytes_to_aggregator': 2793800}  macro-F1=0.3882  bal-acc=0.4249
2026-09-29 07:48:31,865 [INFO] E11 rate_10mbit: {"condition": "rate_10mbit", "netem": "delay 10ms rate 10mbit", "fl_wall_s": 180.1, "rounds_ok": 20, "rounds": 20, "round_s_median": 2.629, "round_s_max": 49.403, "test_acc_final": 0.4692502106149958, "macro_f1": 0.3881531133523599, "balanced_accuracy": 0.4249156590348397, "xfer_100kB_ok": "10/10", "xfer_100kB_ms_median": 220.1, "xfer_1000kB_ok": "10/10", "xfer_1000kB_ms_median": 1140.6, "xfer_10000kB_ok": "10/10", "xfer_10000kB_ms_median": 9999.6}
