2026-10-06 00:28:13,955 [INFO] Iroh node started: 24a00f9d3bc579e5  addrs=['10.77.0.1:45157']
2026-10-06 00:28:14,579 [INFO] Iroh node started: acc12327165d9a74  addrs=['10.77.0.1:55445']
2026-10-06 00:28:14,929 [INFO] send 100000B via direct in 345ms (2.32 Mbit/s) to acc12327165d9a74
2026-10-06 00:28:14,931 [INFO] recv 100000B via direct in 175ms
2026-10-06 00:28:15,267 [INFO] send 100000B via direct in 331ms (2.42 Mbit/s) to acc12327165d9a74
2026-10-06 00:28:15,269 [INFO] recv 100000B via direct in 187ms
2026-10-06 00:28:15,567 [INFO] send 100000B via direct in 294ms (2.72 Mbit/s) to acc12327165d9a74
2026-10-06 00:28:15,572 [INFO] recv 100000B via direct in 190ms
2026-10-06 00:28:15,903 [INFO] send 100000B via direct in 324ms (2.47 Mbit/s) to acc12327165d9a74
2026-10-06 00:28:15,908 [INFO] recv 100000B via direct in 186ms
2026-10-06 00:28:16,205 [INFO] send 100000B via direct in 291ms (2.75 Mbit/s) to acc12327165d9a74
2026-10-06 00:28:16,213 [INFO] recv 100000B via direct in 189ms
2026-10-06 00:28:16,535 [INFO] send 100000B via direct in 311ms (2.57 Mbit/s) to acc12327165d9a74
2026-10-06 00:28:16,543 [INFO] recv 100000B via direct in 180ms
2026-10-06 00:28:16,858 [INFO] send 100000B via direct in 307ms (2.60 Mbit/s) to acc12327165d9a74
2026-10-06 00:28:16,863 [INFO] recv 100000B via direct in 181ms
2026-10-06 00:28:17,198 [INFO] send 100000B via direct in 326ms (2.46 Mbit/s) to acc12327165d9a74
2026-10-06 00:28:17,202 [INFO] recv 100000B via direct in 188ms
2026-10-06 00:28:17,509 [INFO] send 100000B via direct in 304ms (2.63 Mbit/s) to acc12327165d9a74
2026-10-06 00:28:17,515 [INFO] recv 100000B via direct in 195ms
2026-10-06 00:28:17,831 [INFO] send 100000B via direct in 309ms (2.59 Mbit/s) to acc12327165d9a74
2026-10-06 00:28:17,833 [INFO] recv 100000B via direct in 186ms
2026-10-06 00:28:18,423 [INFO] send 1000000B via direct in 586ms (13.66 Mbit/s) to acc12327165d9a74
2026-10-06 00:28:18,424 [INFO] recv 1000000B via direct in 371ms
2026-10-06 00:28:19,001 [INFO] send 1000000B via direct in 574ms (13.93 Mbit/s) to acc12327165d9a74
2026-10-06 00:28:19,002 [INFO] recv 1000000B via direct in 368ms
2026-10-06 00:28:19,571 [INFO] send 1000000B via direct in 568ms (14.09 Mbit/s) to acc12327165d9a74
2026-10-06 00:28:19,574 [INFO] recv 1000000B via direct in 367ms
2026-10-06 00:28:20,147 [INFO] send 1000000B via direct in 569ms (14.06 Mbit/s) to acc12327165d9a74
2026-10-06 00:28:20,148 [INFO] recv 1000000B via direct in 366ms
2026-10-06 00:28:20,728 [INFO] send 1000000B via direct in 576ms (13.90 Mbit/s) to acc12327165d9a74
2026-10-06 00:28:20,731 [INFO] recv 1000000B via direct in 375ms
2026-10-06 00:28:21,351 [INFO] send 1000000B via direct in 612ms (13.07 Mbit/s) to acc12327165d9a74
2026-10-06 00:28:21,356 [INFO] recv 1000000B via direct in 391ms
2026-10-06 00:28:22,017 [INFO] send 1000000B via direct in 654ms (12.23 Mbit/s) to acc12327165d9a74
2026-10-06 00:28:22,022 [INFO] recv 1000000B via direct in 377ms
2026-10-06 00:28:22,649 [INFO] send 1000000B via direct in 622ms (12.86 Mbit/s) to acc12327165d9a74
2026-10-06 00:28:22,651 [INFO] recv 1000000B via direct in 373ms
2026-10-06 00:28:23,259 [INFO] send 1000000B via direct in 601ms (13.31 Mbit/s) to acc12327165d9a74
2026-10-06 00:28:23,264 [INFO] recv 1000000B via direct in 373ms
2026-10-06 00:28:23,875 [INFO] send 1000000B via direct in 604ms (13.26 Mbit/s) to acc12327165d9a74
2026-10-06 00:28:23,880 [INFO] recv 1000000B via direct in 386ms
2026-10-06 00:28:25,986 [INFO] send 10000000B via direct in 2044ms (39.14 Mbit/s) to acc12327165d9a74
2026-10-06 00:28:25,987 [INFO] recv 10000000B via direct in 794ms
2026-10-06 00:28:28,164 [INFO] send 10000000B via direct in 2174ms (36.80 Mbit/s) to acc12327165d9a74
2026-10-06 00:28:28,166 [INFO] recv 10000000B via direct in 793ms
2026-10-06 00:28:30,264 [INFO] send 10000000B via direct in 2095ms (38.18 Mbit/s) to acc12327165d9a74
2026-10-06 00:28:30,265 [INFO] recv 10000000B via direct in 790ms
2026-10-06 00:28:32,449 [INFO] send 10000000B via direct in 2182ms (36.67 Mbit/s) to acc12327165d9a74
2026-10-06 00:28:32,459 [INFO] recv 10000000B via direct in 811ms
2026-10-06 00:28:34,860 [INFO] send 10000000B via direct in 2390ms (33.48 Mbit/s) to acc12327165d9a74
2026-10-06 00:28:34,864 [INFO] recv 10000000B via direct in 849ms
2026-10-06 00:28:37,142 [INFO] send 10000000B via direct in 2262ms (35.36 Mbit/s) to acc12327165d9a74
2026-10-06 00:28:37,145 [INFO] recv 10000000B via direct in 842ms
2026-10-06 00:28:39,341 [INFO] send 10000000B via direct in 2181ms (36.67 Mbit/s) to acc12327165d9a74
2026-10-06 00:28:39,343 [INFO] recv 10000000B via direct in 901ms
2026-10-06 00:28:41,540 [INFO] send 10000000B via direct in 2193ms (36.48 Mbit/s) to acc12327165d9a74
2026-10-06 00:28:41,541 [INFO] recv 10000000B via direct in 814ms
2026-10-06 00:28:43,793 [INFO] send 10000000B via direct in 2248ms (35.58 Mbit/s) to acc12327165d9a74
2026-10-06 00:28:43,794 [INFO] recv 10000000B via direct in 846ms
2026-10-06 00:28:45,958 [INFO] send 10000000B via direct in 2158ms (37.07 Mbit/s) to acc12327165d9a74
2026-10-06 00:28:45,959 [INFO] recv 10000000B via direct in 847ms
2026-10-06 00:29:42,036 [INFO] === E7 AirMLP + FedAvg — geographic ===
2026-10-06 00:29:43,111 [INFO] Air quality dataset loaded: 28514 train / 3561 test | 6 features | 3 classes
2026-10-06 00:29:43,116 [INFO] Geographic partition: 10 provinces  min=2305  max=2922  mean=2851
2026-10-06 00:29:43,243 [INFO] AirMLP class weights: [1.026976466178894, 1.0868686437606812, 0.904000997543335]
2026-10-06 00:29:43,972 [INFO] Iroh node started: b3491737cb0d3231  addrs=['10.77.0.1:47698']
2026-10-06 00:29:45,021 [INFO] CoAP server [server] listening on 0.0.0.0:5783
2026-10-06 00:29:45,023 [INFO] FLServer server started (mock=False)
2026-10-06 00:29:45,671 [INFO] Iroh node started: 1fd388f3599316a0  addrs=['10.77.0.1:58584']
2026-10-06 00:29:45,690 [INFO] CoAP server [client-0] listening on 0.0.0.0:5784
2026-10-06 00:29:45,692 [INFO] FLClient client-0 started (mock=False)
2026-10-06 00:29:45,694 [INFO] Registered client client-0  iroh=1fd388f3599316a0
2026-10-06 00:29:46,426 [INFO] Iroh node started: 593409304269aab0  addrs=['10.77.0.1:50758']
2026-10-06 00:29:46,447 [INFO] CoAP server [client-1] listening on 0.0.0.0:5785
2026-10-06 00:29:46,450 [INFO] FLClient client-1 started (mock=False)
2026-10-06 00:29:46,452 [INFO] Registered client client-1  iroh=593409304269aab0
2026-10-06 00:29:47,178 [INFO] Iroh node started: 1f8ceb158f293017  addrs=['10.77.0.1:43861']
2026-10-06 00:29:47,194 [INFO] CoAP server [client-2] listening on 0.0.0.0:5786
2026-10-06 00:29:47,195 [INFO] FLClient client-2 started (mock=False)
2026-10-06 00:29:47,197 [INFO] Registered client client-2  iroh=1f8ceb158f293017
2026-10-06 00:29:47,879 [INFO] Iroh node started: b838e989d67bd1ba  addrs=['10.77.0.1:51334']
2026-10-06 00:29:47,890 [INFO] CoAP server [client-3] listening on 0.0.0.0:5787
2026-10-06 00:29:47,891 [INFO] FLClient client-3 started (mock=False)
2026-10-06 00:29:47,891 [INFO] Registered client client-3  iroh=b838e989d67bd1ba
2026-10-06 00:29:48,608 [INFO] Iroh node started: 18ee1b496c44cbb7  addrs=['10.77.0.1:55340']
2026-10-06 00:29:48,631 [INFO] CoAP server [client-4] listening on 0.0.0.0:5788
2026-10-06 00:29:48,633 [INFO] FLClient client-4 started (mock=False)
2026-10-06 00:29:48,635 [INFO] Registered client client-4  iroh=18ee1b496c44cbb7
2026-10-06 00:29:49,380 [INFO] Iroh node started: d1da3504a323f5fe  addrs=['10.77.0.1:36953']
2026-10-06 00:29:49,413 [INFO] CoAP server [client-5] listening on 0.0.0.0:5789
2026-10-06 00:29:49,416 [INFO] FLClient client-5 started (mock=False)
2026-10-06 00:29:49,420 [INFO] Registered client client-5  iroh=d1da3504a323f5fe
2026-10-06 00:29:50,191 [INFO] Iroh node started: af99eedff40e0b8d  addrs=['10.77.0.1:55684']
2026-10-06 00:29:50,211 [INFO] CoAP server [client-6] listening on 0.0.0.0:5790
2026-10-06 00:29:50,214 [INFO] FLClient client-6 started (mock=False)
2026-10-06 00:29:50,215 [INFO] Registered client client-6  iroh=af99eedff40e0b8d
2026-10-06 00:29:50,888 [INFO] Iroh node started: 72db93efdc921272  addrs=['10.77.0.1:36355']
2026-10-06 00:29:50,911 [INFO] CoAP server [client-7] listening on 0.0.0.0:5791
2026-10-06 00:29:50,914 [INFO] FLClient client-7 started (mock=False)
2026-10-06 00:29:50,916 [INFO] Registered client client-7  iroh=72db93efdc921272
2026-10-06 00:29:51,666 [INFO] Iroh node started: 329b56ee305a1329  addrs=['10.77.0.1:35009']
2026-10-06 00:29:51,690 [INFO] CoAP server [client-8] listening on 0.0.0.0:5792
2026-10-06 00:29:51,693 [INFO] FLClient client-8 started (mock=False)
2026-10-06 00:29:51,694 [INFO] Registered client client-8  iroh=329b56ee305a1329
2026-10-06 00:29:52,413 [INFO] Iroh node started: 0e4d2f9c8d6252fa  addrs=['10.77.0.1:58368']
2026-10-06 00:29:52,425 [INFO] CoAP server [client-9] listening on 0.0.0.0:5793
2026-10-06 00:29:52,426 [INFO] FLClient client-9 started (mock=False)
2026-10-06 00:29:52,427 [INFO] Registered client client-9  iroh=0e4d2f9c8d6252fa
2026-10-06 00:29:52,429 [INFO] Round 1 — sending model to 10 clients…
2026-10-06 00:29:52,430 [INFO] [client-0] Round 1 — receiving model…
2026-10-06 00:29:52,432 [INFO] [client-1] Round 1 — receiving model…
2026-10-06 00:29:52,433 [INFO] [client-2] Round 1 — receiving model…
2026-10-06 00:29:52,434 [INFO] [client-3] Round 1 — receiving model…
2026-10-06 00:29:52,434 [INFO] [client-4] Round 1 — receiving model…
2026-10-06 00:29:52,435 [INFO] [client-5] Round 1 — receiving model…
2026-10-06 00:29:52,435 [INFO] [client-6] Round 1 — receiving model…
2026-10-06 00:29:52,436 [INFO] [client-7] Round 1 — receiving model…
2026-10-06 00:29:52,437 [INFO] [client-8] Round 1 — receiving model…
2026-10-06 00:29:52,438 [INFO] [client-9] Round 1 — receiving model…
2026-10-06 00:29:52,666 [INFO] recv 13933B via direct in 77ms
2026-10-06 00:29:52,684 [INFO] [client-0] Round 1 — training locally…
2026-10-06 00:30:29,988 [INFO] [client-0] Round 1 — sending update…
2026-10-06 00:30:29,993 [INFO] recv 13933B via direct in 81ms
2026-10-06 00:30:29,997 [INFO] [client-4] Round 1 — training locally…
2026-10-06 00:30:30,089 [INFO] [client-4] Round 1 — sending update…
2026-10-06 00:30:30,093 [INFO] recv 13933B via direct in 84ms
2026-10-06 00:30:30,095 [INFO] [client-6] Round 1 — training locally…
2026-10-06 00:30:30,189 [INFO] [client-6] Round 1 — sending update…
2026-10-06 00:30:30,192 [INFO] recv 13933B via direct in 85ms
2026-10-06 00:30:30,196 [INFO] [client-9] Round 1 — training locally…
2026-10-06 00:30:30,304 [INFO] [client-9] Round 1 — sending update…
2026-10-06 00:30:30,309 [INFO] recv 13933B via direct in 83ms
2026-10-06 00:30:30,313 [INFO] [client-3] Round 1 — training locally…
2026-10-06 00:30:30,412 [INFO] [client-3] Round 1 — sending update…
2026-10-06 00:30:30,415 [INFO] recv 13933B via direct in 80ms
2026-10-06 00:30:30,417 [INFO] [client-2] Round 1 — training locally…
2026-10-06 00:30:30,516 [INFO] [client-2] Round 1 — sending update…
2026-10-06 00:30:30,518 [INFO] recv 13933B via direct in 81ms
2026-10-06 00:30:30,520 [INFO] [client-7] Round 1 — training locally…
2026-10-06 00:30:30,605 [INFO] [client-7] Round 1 — sending update…
2026-10-06 00:30:30,607 [INFO] recv 13933B via direct in 37401ms
2026-10-06 00:30:30,611 [INFO] [client-1] Round 1 — training locally…
2026-10-06 00:30:30,702 [INFO] [client-1] Round 1 — sending update…
2026-10-06 00:30:30,704 [INFO] recv 13933B via direct in 37399ms
2026-10-06 00:30:30,706 [INFO] [client-8] Round 1 — training locally…
2026-10-06 00:30:30,795 [INFO] [client-8] Round 1 — sending update…
2026-10-06 00:30:30,799 [INFO] recv 13933B via direct in 37397ms
2026-10-06 00:30:30,802 [INFO] [client-5] Round 1 — training locally…
2026-10-06 00:30:30,898 [INFO] [client-5] Round 1 — sending update…
2026-10-06 00:30:30,903 [INFO] send 13933B via direct in 37817ms (0.00 Mbit/s) to 1fd388f3599316a0
2026-10-06 00:30:30,904 [INFO] send 13933B via direct in 37816ms (0.00 Mbit/s) to 18ee1b496c44cbb7
2026-10-06 00:30:30,905 [INFO] send 13933B via direct in 37819ms (0.00 Mbit/s) to af99eedff40e0b8d
2026-10-06 00:30:30,906 [INFO] send 13933B via direct in 37816ms (0.00 Mbit/s) to 1f8ceb158f293017
2026-10-06 00:30:30,907 [INFO] send 13933B via direct in 37815ms (0.00 Mbit/s) to 593409304269aab0
2026-10-06 00:30:30,907 [INFO] send 13933B via direct in 37814ms (0.00 Mbit/s) to 329b56ee305a1329
2026-10-06 00:30:30,908 [INFO] send 13933B via direct in 37814ms (0.00 Mbit/s) to d1da3504a323f5fe
2026-10-06 00:30:30,913 [INFO] send 13933B via direct in 37818ms (0.00 Mbit/s) to 0e4d2f9c8d6252fa
2026-10-06 00:30:30,914 [INFO] send 13933B via direct in 37816ms (0.00 Mbit/s) to b838e989d67bd1ba
2026-10-06 00:30:30,915 [INFO] send 13933B via direct in 37815ms (0.00 Mbit/s) to 72db93efdc921272
2026-10-06 00:30:30,925 [INFO] Round 1 — waiting for 10 updates…
2026-10-06 00:30:30,980 [INFO] recv 13933B via direct in 275ms
2026-10-06 00:30:30,988 [INFO] recv 13933B via direct in 85ms
2026-10-06 00:30:30,996 [INFO] recv 13933B via direct in 91ms
2026-10-06 00:30:31,001 [INFO] recv 13933B via direct in 85ms
2026-10-06 00:30:31,007 [INFO] recv 13933B via direct in 92ms
2026-10-06 00:30:31,011 [INFO] send 13933B via direct in 1015ms (0.11 Mbit/s) to b3491737cb0d3231
2026-10-06 00:30:31,053 [INFO] [client-0] Round 1 done — loss=1.0589 acc=0.4583  38.6s
2026-10-06 00:30:31,054 [INFO] [client-0] Round 2 — receiving model…
2026-10-06 00:30:31,056 [INFO] recv 13933B via direct in 97ms
2026-10-06 00:30:31,061 [INFO] recv 13933B via direct in 97ms
2026-10-06 00:30:31,064 [INFO] recv 13933B via direct in 96ms
2026-10-06 00:30:31,068 [INFO] recv 13933B via direct in 91ms
2026-10-06 00:30:31,071 [INFO] send 13933B via direct in 975ms (0.11 Mbit/s) to b3491737cb0d3231
2026-10-06 00:30:31,087 [INFO] [client-4] Round 1 done — loss=1.0306 acc=0.4835  38.7s
2026-10-06 00:30:31,088 [INFO] [client-4] Round 2 — receiving model…
2026-10-06 00:30:31,089 [INFO] send 13933B via direct in 875ms (0.13 Mbit/s) to b3491737cb0d3231
2026-10-06 00:30:31,102 [INFO] [client-6] Round 1 done — loss=1.0494 acc=0.4455  38.7s
2026-10-06 00:30:31,103 [INFO] [client-6] Round 2 — receiving model…
2026-10-06 00:30:31,104 [INFO] send 13933B via direct in 761ms (0.15 Mbit/s) to b3491737cb0d3231
2026-10-06 00:30:31,116 [INFO] [client-9] Round 1 done — loss=1.0526 acc=0.4691  38.7s
2026-10-06 00:30:31,117 [INFO] [client-9] Round 2 — receiving model…
2026-10-06 00:30:31,118 [INFO] send 13933B via direct in 652ms (0.17 Mbit/s) to b3491737cb0d3231
2026-10-06 00:30:31,131 [INFO] [client-3] Round 1 done — loss=1.0594 acc=0.4547  38.7s
2026-10-06 00:30:31,132 [INFO] [client-3] Round 2 — receiving model…
2026-10-06 00:30:31,134 [INFO] send 13933B via direct in 550ms (0.20 Mbit/s) to b3491737cb0d3231
2026-10-06 00:30:31,150 [INFO] [client-2] Round 1 done — loss=1.0395 acc=0.4481  38.7s
2026-10-06 00:30:31,151 [INFO] [client-2] Round 2 — receiving model…
2026-10-06 00:30:31,152 [INFO] send 13933B via direct in 461ms (0.24 Mbit/s) to b3491737cb0d3231
2026-10-06 00:30:31,170 [INFO] [client-7] Round 1 done — loss=1.0583 acc=0.4282  38.7s
2026-10-06 00:30:31,171 [INFO] [client-7] Round 2 — receiving model…
2026-10-06 00:30:31,172 [INFO] send 13933B via direct in 363ms (0.31 Mbit/s) to b3491737cb0d3231
2026-10-06 00:30:31,185 [INFO] [client-1] Round 1 done — loss=1.0806 acc=0.3946  38.8s
2026-10-06 00:30:31,186 [INFO] [client-1] Round 2 — receiving model…
2026-10-06 00:30:31,187 [INFO] send 13933B via direct in 270ms (0.41 Mbit/s) to b3491737cb0d3231
2026-10-06 00:30:31,204 [INFO] [client-8] Round 1 done — loss=0.8034 acc=0.6875  38.8s
2026-10-06 00:30:31,205 [INFO] [client-8] Round 2 — receiving model…
2026-10-06 00:30:31,206 [INFO] send 13933B via direct in 170ms (0.66 Mbit/s) to b3491737cb0d3231
2026-10-06 00:30:31,226 [INFO] [client-5] Round 1 done — loss=1.0566 acc=0.4512  38.8s
2026-10-06 00:30:31,226 [INFO] [client-5] Round 2 — receiving model…
2026-10-06 00:30:31,228 [INFO] recv 13933B via direct in 93ms
2026-10-06 00:30:31,251 [INFO] Round 1/20  acc=0.2982  loss=1.1127  38.8s  clients=10
2026-10-06 00:30:31,252 [INFO] Round 2 — sending model to 10 clients…
2026-10-06 00:30:31,401 [INFO] recv 13933B via direct in 65ms
2026-10-06 00:30:31,417 [INFO] [client-4] Round 2 — training locally…
2026-10-06 00:30:31,529 [INFO] [client-4] Round 2 — sending update…
2026-10-06 00:30:31,539 [INFO] send 13933B via direct in 276ms (0.40 Mbit/s) to 18ee1b496c44cbb7
2026-10-06 00:30:31,540 [INFO] send 13933B via direct in 274ms (0.41 Mbit/s) to 1f8ceb158f293017
2026-10-06 00:30:31,541 [INFO] send 13933B via direct in 272ms (0.41 Mbit/s) to b838e989d67bd1ba
2026-10-06 00:30:31,542 [INFO] send 13933B via direct in 272ms (0.41 Mbit/s) to af99eedff40e0b8d
2026-10-06 00:30:31,543 [INFO] send 13933B via direct in 271ms (0.41 Mbit/s) to 1fd388f3599316a0
2026-10-06 00:30:31,545 [INFO] send 13933B via direct in 273ms (0.41 Mbit/s) to 593409304269aab0
2026-10-06 00:30:31,546 [INFO] recv 13933B via direct in 182ms
2026-10-06 00:30:31,549 [INFO] [client-6] Round 2 — training locally…
2026-10-06 00:30:31,643 [INFO] [client-6] Round 2 — sending update…
2026-10-06 00:30:31,646 [INFO] recv 13933B via direct in 182ms
2026-10-06 00:30:31,649 [INFO] [client-0] Round 2 — training locally…
2026-10-06 00:30:31,720 [INFO] [client-0] Round 2 — sending update…
2026-10-06 00:30:31,724 [INFO] recv 13933B via direct in 181ms
2026-10-06 00:30:31,726 [INFO] [client-5] Round 2 — training locally…
2026-10-06 00:30:31,819 [INFO] [client-5] Round 2 — sending update…
2026-10-06 00:30:31,821 [INFO] recv 13933B via direct in 191ms
2026-10-06 00:30:31,823 [INFO] [client-1] Round 2 — training locally…
2026-10-06 00:30:31,920 [INFO] [client-1] Round 2 — sending update…
2026-10-06 00:30:31,922 [INFO] recv 13933B via direct in 191ms
2026-10-06 00:30:31,925 [INFO] [client-9] Round 2 — training locally…
2026-10-06 00:30:32,013 [INFO] [client-9] Round 2 — sending update…
2026-10-06 00:30:32,016 [INFO] recv 13933B via direct in 204ms
2026-10-06 00:30:32,019 [INFO] [client-7] Round 2 — training locally…
2026-10-06 00:30:32,106 [INFO] [client-7] Round 2 — sending update…
2026-10-06 00:30:32,108 [INFO] recv 13933B via direct in 199ms
2026-10-06 00:30:32,112 [INFO] [client-8] Round 2 — training locally…
2026-10-06 00:30:32,204 [INFO] [client-8] Round 2 — sending update…
2026-10-06 00:30:32,206 [INFO] recv 13933B via direct in 195ms
2026-10-06 00:30:32,208 [INFO] [client-2] Round 2 — training locally…
2026-10-06 00:30:32,298 [INFO] [client-2] Round 2 — sending update…
2026-10-06 00:30:32,300 [INFO] recv 13933B via direct in 189ms
2026-10-06 00:30:32,302 [INFO] [client-3] Round 2 — training locally…
2026-10-06 00:30:32,423 [INFO] [client-3] Round 2 — sending update…
2026-10-06 00:30:32,425 [INFO] send 13933B via direct in 272ms (0.41 Mbit/s) to 0e4d2f9c8d6252fa
2026-10-06 00:30:32,426 [INFO] send 13933B via direct in 278ms (0.40 Mbit/s) to 72db93efdc921272
2026-10-06 00:30:32,428 [INFO] send 13933B via direct in 275ms (0.41 Mbit/s) to 329b56ee305a1329
2026-10-06 00:30:32,429 [INFO] send 13933B via direct in 271ms (0.41 Mbit/s) to d1da3504a323f5fe
2026-10-06 00:30:32,432 [INFO] Round 2 — waiting for 10 updates…
2026-10-06 00:30:32,513 [INFO] recv 13933B via direct in 77ms
2026-10-06 00:30:32,522 [INFO] recv 13933B via direct in 80ms
2026-10-06 00:30:32,533 [INFO] recv 13933B via direct in 96ms
2026-10-06 00:30:32,540 [INFO] recv 13933B via direct in 96ms
2026-10-06 00:30:32,545 [INFO] recv 13933B via direct in 97ms
2026-10-06 00:30:32,548 [INFO] recv 13933B via direct in 97ms
2026-10-06 00:30:32,550 [INFO] recv 13933B via direct in 97ms
2026-10-06 00:30:32,555 [INFO] recv 13933B via direct in 98ms
2026-10-06 00:30:32,557 [INFO] recv 13933B via direct in 98ms
2026-10-06 00:30:32,561 [INFO] send 13933B via direct in 348ms (0.32 Mbit/s) to b3491737cb0d3231
2026-10-06 00:30:32,584 [INFO] [client-8] Round 2 done — loss=0.7714 acc=0.7249  1.4s
2026-10-06 00:30:32,585 [INFO] [client-8] Round 3 — receiving model…
2026-10-06 00:30:32,586 [INFO] send 13933B via direct in 1023ms (0.11 Mbit/s) to b3491737cb0d3231
2026-10-06 00:30:32,611 [INFO] [client-4] Round 2 done — loss=1.0350 acc=0.4828  1.5s
2026-10-06 00:30:32,612 [INFO] [client-4] Round 3 — receiving model…
2026-10-06 00:30:32,614 [INFO] send 13933B via direct in 908ms (0.12 Mbit/s) to b3491737cb0d3231
2026-10-06 00:30:32,629 [INFO] [client-6] Round 2 done — loss=1.0304 acc=0.4726  1.5s
2026-10-06 00:30:32,630 [INFO] [client-6] Round 3 — receiving model…
2026-10-06 00:30:32,631 [INFO] send 13933B via direct in 831ms (0.13 Mbit/s) to b3491737cb0d3231
2026-10-06 00:30:32,659 [INFO] [client-0] Round 2 done — loss=1.0606 acc=0.4536  1.6s
2026-10-06 00:30:32,660 [INFO] [client-0] Round 3 — receiving model…
2026-10-06 00:30:32,661 [INFO] send 13933B via direct in 734ms (0.15 Mbit/s) to b3491737cb0d3231
2026-10-06 00:30:32,677 [INFO] [client-5] Round 2 done — loss=1.0163 acc=0.5209  1.5s
2026-10-06 00:30:32,678 [INFO] [client-5] Round 3 — receiving model…
2026-10-06 00:30:32,679 [INFO] send 13933B via direct in 632ms (0.18 Mbit/s) to b3491737cb0d3231
2026-10-06 00:30:32,692 [INFO] [client-1] Round 2 done — loss=1.0691 acc=0.4032  1.5s
2026-10-06 00:30:32,693 [INFO] [client-1] Round 3 — receiving model…
2026-10-06 00:30:32,695 [INFO] send 13933B via direct in 539ms (0.21 Mbit/s) to b3491737cb0d3231
2026-10-06 00:30:32,710 [INFO] [client-9] Round 2 done — loss=1.0253 acc=0.5077  1.6s
2026-10-06 00:30:32,711 [INFO] [client-9] Round 3 — receiving model…
2026-10-06 00:30:32,712 [INFO] send 13933B via direct in 447ms (0.25 Mbit/s) to b3491737cb0d3231
2026-10-06 00:30:32,731 [INFO] [client-7] Round 2 done — loss=1.0412 acc=0.4299  1.6s
2026-10-06 00:30:32,732 [INFO] [client-7] Round 3 — receiving model…
2026-10-06 00:30:32,733 [INFO] send 13933B via direct in 260ms (0.43 Mbit/s) to b3491737cb0d3231
2026-10-06 00:30:32,750 [INFO] [client-2] Round 2 done — loss=1.0229 acc=0.4591  1.6s
2026-10-06 00:30:32,750 [INFO] [client-2] Round 3 — receiving model…
2026-10-06 00:30:32,752 [INFO] recv 13933B via direct in 192ms
2026-10-06 00:30:32,771 [INFO] Round 2/20  acc=0.3988  loss=1.0836  1.5s  clients=10
2026-10-06 00:30:32,772 [INFO] Round 3 — sending model to 10 clients…
2026-10-06 00:30:32,785 [INFO] send 13933B via direct in 326ms (0.34 Mbit/s) to b3491737cb0d3231
2026-10-06 00:30:32,810 [INFO] [client-3] Round 2 done — loss=1.0595 acc=0.4348  1.7s
2026-10-06 00:30:32,811 [INFO] [client-3] Round 3 — receiving model…
2026-10-06 00:30:32,910 [INFO] recv 13933B via direct in 54ms
2026-10-06 00:30:32,925 [INFO] [client-4] Round 3 — training locally…
2026-10-06 00:30:33,064 [INFO] [client-4] Round 3 — sending update…
2026-10-06 00:30:33,074 [INFO] send 13933B via direct in 293ms (0.38 Mbit/s) to 18ee1b496c44cbb7
2026-10-06 00:30:33,075 [INFO] send 13933B via direct in 287ms (0.39 Mbit/s) to d1da3504a323f5fe
2026-10-06 00:30:33,076 [INFO] send 13933B via direct in 289ms (0.39 Mbit/s) to 593409304269aab0
2026-10-06 00:30:33,077 [INFO] send 13933B via direct in 288ms (0.39 Mbit/s) to 1fd388f3599316a0
2026-10-06 00:30:33,078 [INFO] send 13933B via direct in 286ms (0.39 Mbit/s) to 329b56ee305a1329
2026-10-06 00:30:33,079 [INFO] send 13933B via direct in 286ms (0.39 Mbit/s) to af99eedff40e0b8d
2026-10-06 00:30:33,081 [INFO] send 13933B via direct in 291ms (0.38 Mbit/s) to 72db93efdc921272
2026-10-06 00:30:33,082 [INFO] send 13933B via direct in 290ms (0.39 Mbit/s) to b838e989d67bd1ba
2026-10-06 00:30:33,083 [INFO] recv 13933B via direct in 212ms
2026-10-06 00:30:33,085 [INFO] [client-5] Round 3 — training locally…
2026-10-06 00:30:33,185 [INFO] [client-5] Round 3 — sending update…
2026-10-06 00:30:33,189 [INFO] recv 13933B via direct in 210ms
2026-10-06 00:30:33,191 [INFO] [client-0] Round 3 — training locally…
2026-10-06 00:30:33,268 [INFO] [client-0] Round 3 — sending update…
2026-10-06 00:30:33,270 [INFO] recv 13933B via direct in 209ms
2026-10-06 00:30:33,274 [INFO] [client-2] Round 3 — training locally…
2026-10-06 00:30:33,387 [INFO] [client-2] Round 3 — sending update…
2026-10-06 00:30:33,391 [INFO] recv 13933B via direct in 209ms
2026-10-06 00:30:33,395 [INFO] [client-8] Round 3 — training locally…
2026-10-06 00:30:33,520 [INFO] [client-8] Round 3 — sending update…
2026-10-06 00:30:33,522 [INFO] recv 13933B via direct in 205ms
2026-10-06 00:30:33,525 [INFO] [client-6] Round 3 — training locally…
2026-10-06 00:30:33,634 [INFO] [client-6] Round 3 — sending update…
2026-10-06 00:30:33,637 [INFO] recv 13933B via direct in 219ms
2026-10-06 00:30:33,640 [INFO] [client-7] Round 3 — training locally…
2026-10-06 00:30:33,731 [INFO] [client-7] Round 3 — sending update…
2026-10-06 00:30:33,734 [INFO] recv 13933B via direct in 218ms
2026-10-06 00:30:33,737 [INFO] [client-3] Round 3 — training locally…
2026-10-06 00:30:33,836 [INFO] [client-3] Round 3 — sending update…
2026-10-06 00:30:33,838 [INFO] recv 13933B via direct in 217ms
2026-10-06 00:30:33,841 [INFO] [client-9] Round 3 — training locally…
2026-10-06 00:30:33,934 [INFO] [client-9] Round 3 — sending update…
2026-10-06 00:30:33,936 [INFO] recv 13933B via direct in 216ms
2026-10-06 00:30:33,939 [INFO] [client-1] Round 3 — training locally…
2026-10-06 00:30:34,040 [INFO] [client-1] Round 3 — sending update…
2026-10-06 00:30:34,043 [INFO] send 13933B via direct in 289ms (0.39 Mbit/s) to 0e4d2f9c8d6252fa
2026-10-06 00:30:34,043 [INFO] send 13933B via direct in 286ms (0.39 Mbit/s) to 1f8ceb158f293017
2026-10-06 00:30:34,046 [INFO] Round 3 — waiting for 10 updates…
2026-10-06 00:30:34,129 [INFO] recv 13933B via direct in 80ms
2026-10-06 00:30:34,145 [INFO] recv 13933B via direct in 93ms
2026-10-06 00:30:34,147 [INFO] recv 13933B via direct in 93ms
2026-10-06 00:30:34,149 [INFO] recv 13933B via direct in 94ms
2026-10-06 00:30:34,151 [INFO] recv 13933B via direct in 95ms
2026-10-06 00:30:34,157 [INFO] recv 13933B via direct in 95ms
2026-10-06 00:30:34,162 [INFO] recv 13933B via direct in 95ms
2026-10-06 00:30:34,168 [INFO] recv 13933B via direct in 96ms
2026-10-06 00:30:34,172 [INFO] recv 13933B via direct in 96ms
2026-10-06 00:30:34,176 [INFO] send 13933B via direct in 1105ms (0.10 Mbit/s) to b3491737cb0d3231
2026-10-06 00:30:34,198 [INFO] [client-4] Round 3 done — loss=1.0252 acc=0.4859  1.6s
2026-10-06 00:30:34,199 [INFO] [client-4] Round 4 — receiving model…
2026-10-06 00:30:34,200 [INFO] send 13933B via direct in 982ms (0.11 Mbit/s) to b3491737cb0d3231
2026-10-06 00:30:34,217 [INFO] [client-5] Round 3 done — loss=0.9930 acc=0.5357  1.5s
2026-10-06 00:30:34,218 [INFO] [client-5] Round 4 — receiving model…
2026-10-06 00:30:34,219 [INFO] send 13933B via direct in 901ms (0.12 Mbit/s) to b3491737cb0d3231
2026-10-06 00:30:34,236 [INFO] [client-0] Round 3 done — loss=1.0540 acc=0.4518  1.6s
2026-10-06 00:30:34,237 [INFO] [client-0] Round 4 — receiving model…
2026-10-06 00:30:34,237 [INFO] send 13933B via direct in 780ms (0.14 Mbit/s) to b3491737cb0d3231
2026-10-06 00:30:34,251 [INFO] [client-2] Round 3 done — loss=0.9987 acc=0.4918  1.5s
2026-10-06 00:30:34,252 [INFO] [client-2] Round 4 — receiving model…
2026-10-06 00:30:34,253 [INFO] send 13933B via direct in 650ms (0.17 Mbit/s) to b3491737cb0d3231
2026-10-06 00:30:34,269 [INFO] [client-8] Round 3 done — loss=0.7733 acc=0.7177  1.7s
2026-10-06 00:30:34,269 [INFO] [client-8] Round 4 — receiving model…
2026-10-06 00:30:34,270 [INFO] send 13933B via direct in 535ms (0.21 Mbit/s) to b3491737cb0d3231
2026-10-06 00:30:34,356 [INFO] [client-6] Round 3 done — loss=1.0235 acc=0.4781  1.7s
2026-10-06 00:30:34,357 [INFO] [client-6] Round 4 — receiving model…
2026-10-06 00:30:34,359 [INFO] send 13933B via direct in 442ms (0.25 Mbit/s) to b3491737cb0d3231
2026-10-06 00:30:34,384 [INFO] [client-7] Round 3 done — loss=1.0339 acc=0.4643  1.7s
2026-10-06 00:30:34,385 [INFO] [client-7] Round 4 — receiving model…
2026-10-06 00:30:34,386 [INFO] send 13933B via direct in 337ms (0.33 Mbit/s) to b3491737cb0d3231
2026-10-06 00:30:34,426 [INFO] [client-3] Round 3 done — loss=1.0563 acc=0.4323  1.6s
2026-10-06 00:30:34,428 [INFO] [client-3] Round 4 — receiving model…
2026-10-06 00:30:34,430 [INFO] send 13933B via direct in 240ms (0.47 Mbit/s) to b3491737cb0d3231
2026-10-06 00:30:34,457 [INFO] [client-9] Round 3 done — loss=1.0140 acc=0.5218  1.7s
2026-10-06 00:30:34,458 [INFO] [client-9] Round 4 — receiving model…
2026-10-06 00:30:34,460 [INFO] recv 13933B via direct in 308ms
2026-10-06 00:30:34,490 [INFO] Round 3/20  acc=0.4386  loss=1.0740  1.7s  clients=10
2026-10-06 00:30:34,491 [INFO] Round 4 — sending model to 10 clients…
2026-10-06 00:30:34,504 [INFO] send 13933B via direct in 417ms (0.27 Mbit/s) to b3491737cb0d3231
2026-10-06 00:30:34,529 [INFO] [client-1] Round 3 done — loss=1.0670 acc=0.4062  1.8s
2026-10-06 00:30:34,532 [INFO] [client-1] Round 4 — receiving model…
2026-10-06 00:30:34,635 [INFO] recv 13933B via direct in 57ms
2026-10-06 00:30:34,641 [INFO] [client-5] Round 4 — training locally…
2026-10-06 00:30:34,840 [INFO] [client-5] Round 4 — sending update…
2026-10-06 00:30:34,842 [INFO] recv 13933B via direct in 62ms
2026-10-06 00:30:34,845 [INFO] [client-3] Round 4 — training locally…
2026-10-06 00:30:34,973 [INFO] [client-3] Round 4 — sending update…
2026-10-06 00:30:34,980 [INFO] recv 13933B via direct in 59ms
2026-10-06 00:30:34,982 [INFO] [client-9] Round 4 — training locally…
2026-10-06 00:30:35,085 [INFO] [client-9] Round 4 — sending update…
2026-10-06 00:30:35,093 [INFO] send 13933B via direct in 480ms (0.23 Mbit/s) to d1da3504a323f5fe
2026-10-06 00:30:35,095 [INFO] send 13933B via direct in 483ms (0.23 Mbit/s) to b838e989d67bd1ba
2026-10-06 00:30:35,096 [INFO] send 13933B via direct in 479ms (0.23 Mbit/s) to 0e4d2f9c8d6252fa
2026-10-06 00:30:35,097 [INFO] send 13933B via direct in 482ms (0.23 Mbit/s) to 1fd388f3599316a0
2026-10-06 00:30:35,099 [INFO] send 13933B via direct in 479ms (0.23 Mbit/s) to af99eedff40e0b8d
2026-10-06 00:30:35,100 [INFO] send 13933B via direct in 479ms (0.23 Mbit/s) to 72db93efdc921272
2026-10-06 00:30:35,101 [INFO] send 13933B via direct in 478ms (0.23 Mbit/s) to 593409304269aab0
2026-10-06 00:30:35,102 [INFO] send 13933B via direct in 477ms (0.23 Mbit/s) to 18ee1b496c44cbb7
2026-10-06 00:30:35,103 [INFO] send 13933B via direct in 477ms (0.23 Mbit/s) to 329b56ee305a1329
2026-10-06 00:30:35,104 [INFO] send 13933B via direct in 476ms (0.23 Mbit/s) to 1f8ceb158f293017
2026-10-06 00:30:35,108 [INFO] recv 13933B via direct in 518ms
2026-10-06 00:30:35,110 [INFO] [client-0] Round 4 — training locally…
2026-10-06 00:30:35,202 [INFO] [client-0] Round 4 — sending update…
2026-10-06 00:30:35,204 [INFO] recv 13933B via direct in 512ms
2026-10-06 00:30:35,207 [INFO] [client-6] Round 4 — training locally…
2026-10-06 00:30:35,325 [INFO] [client-6] Round 4 — sending update…
2026-10-06 00:30:35,328 [INFO] Round 4 — waiting for 10 updates…
2026-10-06 00:30:35,332 [INFO] recv 13933B via direct in 512ms
2026-10-06 00:30:35,334 [INFO] [client-7] Round 4 — training locally…
2026-10-06 00:30:35,469 [INFO] [client-7] Round 4 — sending update…
2026-10-06 00:30:35,473 [INFO] recv 13933B via direct in 511ms
2026-10-06 00:30:35,477 [INFO] [client-1] Round 4 — training locally…
2026-10-06 00:30:35,613 [INFO] [client-1] Round 4 — sending update…
2026-10-06 00:30:35,615 [INFO] recv 13933B via direct in 511ms
2026-10-06 00:30:35,617 [INFO] [client-4] Round 4 — training locally…
2026-10-06 00:30:35,736 [INFO] [client-4] Round 4 — sending update…
2026-10-06 00:30:35,739 [INFO] recv 13933B via direct in 510ms
2026-10-06 00:30:35,742 [INFO] [client-8] Round 4 — training locally…
2026-10-06 00:30:35,842 [INFO] [client-8] Round 4 — sending update…
2026-10-06 00:30:35,844 [INFO] recv 13933B via direct in 510ms
2026-10-06 00:30:35,846 [INFO] [client-2] Round 4 — training locally…
2026-10-06 00:30:35,948 [INFO] [client-2] Round 4 — sending update…
2026-10-06 00:30:35,968 [INFO] recv 13933B via direct in 874ms
2026-10-06 00:30:35,971 [INFO] recv 13933B via direct in 862ms
2026-10-06 00:30:35,994 [WARNING] transfer attempt 1/3 failed (stream not acknowledged: IrohError:  closed by peer: 0) — retrying
2026-10-06 00:30:35,995 [WARNING] transfer attempt 1/3 failed (stream not acknowledged: IrohError:  closed by peer: 0) — retrying
2026-10-06 00:30:36,033 [INFO] recv 13933B via direct in 80ms
2026-10-06 00:30:36,046 [INFO] recv 13933B via direct in 90ms
2026-10-06 00:30:36,051 [INFO] recv 13933B via direct in 90ms
2026-10-06 00:30:36,055 [INFO] recv 13933B via direct in 91ms
2026-10-06 00:30:36,059 [INFO] recv 13933B via direct in 91ms
2026-10-06 00:30:36,063 [INFO] recv 13933B via direct in 91ms
2026-10-06 00:30:36,067 [INFO] recv 13933B via direct in 92ms
2026-10-06 00:30:36,071 [INFO] send 13933B via direct in 981ms (0.11 Mbit/s) to b3491737cb0d3231
2026-10-06 00:30:36,104 [INFO] [client-9] Round 4 done — loss=1.0156 acc=0.5249  1.6s
2026-10-06 00:30:36,105 [INFO] [client-9] Round 5 — receiving model…
2026-10-06 00:30:36,106 [INFO] send 13933B via direct in 867ms (0.13 Mbit/s) to b3491737cb0d3231
2026-10-06 00:30:36,202 [INFO] [client-0] Round 4 done — loss=1.0627 acc=0.4462  2.0s
2026-10-06 00:30:36,203 [INFO] [client-0] Round 5 — receiving model…
2026-10-06 00:30:36,204 [INFO] send 13933B via direct in 743ms (0.15 Mbit/s) to b3491737cb0d3231
2026-10-06 00:30:36,221 [INFO] [client-6] Round 4 done — loss=1.0154 acc=0.4934  1.9s
2026-10-06 00:30:36,222 [INFO] [client-6] Round 5 — receiving model…
2026-10-06 00:30:36,223 [INFO] send 13933B via direct in 599ms (0.19 Mbit/s) to b3491737cb0d3231
2026-10-06 00:30:36,243 [INFO] [client-7] Round 4 done — loss=1.0301 acc=0.4595  1.9s
2026-10-06 00:30:36,244 [INFO] [client-7] Round 5 — receiving model…
2026-10-06 00:30:36,245 [INFO] send 13933B via direct in 456ms (0.24 Mbit/s) to b3491737cb0d3231
2026-10-06 00:30:36,263 [INFO] [client-1] Round 4 done — loss=1.0650 acc=0.4207  1.7s
2026-10-06 00:30:36,264 [INFO] [client-1] Round 5 — receiving model…
2026-10-06 00:30:36,265 [INFO] send 13933B via direct in 333ms (0.34 Mbit/s) to b3491737cb0d3231
2026-10-06 00:30:36,284 [INFO] [client-4] Round 4 done — loss=1.0263 acc=0.4835  2.1s
2026-10-06 00:30:36,285 [INFO] [client-4] Round 5 — receiving model…
2026-10-06 00:30:36,286 [INFO] send 13933B via direct in 227ms (0.49 Mbit/s) to b3491737cb0d3231
2026-10-06 00:30:36,305 [INFO] [client-8] Round 4 done — loss=0.7651 acc=0.7153  2.0s
2026-10-06 00:30:36,306 [INFO] [client-8] Round 5 — receiving model…
2026-10-06 00:30:36,308 [INFO] send 13933B via direct in 357ms (0.31 Mbit/s) to b3491737cb0d3231
2026-10-06 00:30:36,324 [INFO] [client-2] Round 4 done — loss=0.9803 acc=0.5189  2.1s
2026-10-06 00:30:36,325 [INFO] [client-2] Round 5 — receiving model…
2026-10-06 00:30:36,326 [INFO] recv 13933B via direct in 280ms
2026-10-06 00:30:36,346 [INFO] Round 4/20  acc=0.4344  loss=1.0724  1.9s  clients=10
2026-10-06 00:30:36,347 [INFO] Round 5 — sending model to 10 clients…
2026-10-06 00:30:36,508 [INFO] recv 13933B via direct in 68ms
2026-10-06 00:30:36,513 [INFO] [client-8] Round 5 — training locally…
2026-10-06 00:30:36,611 [INFO] [client-8] Round 5 — sending update…
2026-10-06 00:30:36,616 [INFO] recv 13933B via direct in 73ms
2026-10-06 00:30:36,620 [INFO] [client-2] Round 5 — training locally…
2026-10-06 00:30:36,717 [INFO] [client-2] Round 5 — sending update…
2026-10-06 00:30:36,719 [INFO] recv 13933B via direct in 73ms
2026-10-06 00:30:36,721 [INFO] [client-7] Round 5 — training locally…
2026-10-06 00:30:36,806 [INFO] [client-7] Round 5 — sending update…
2026-10-06 00:30:36,808 [INFO] recv 13933B via direct in 73ms
2026-10-06 00:30:36,810 [INFO] [client-0] Round 5 — training locally…
2026-10-06 00:30:36,891 [INFO] [client-0] Round 5 — sending update…
2026-10-06 00:30:36,893 [INFO] recv 13933B via direct in 70ms
2026-10-06 00:30:36,895 [INFO] [client-6] Round 5 — training locally…
2026-10-06 00:30:36,983 [INFO] [client-6] Round 5 — sending update…
2026-10-06 00:30:36,986 [INFO] recv 13933B via direct in 67ms
2026-10-06 00:30:36,989 [INFO] [client-9] Round 5 — training locally…
2026-10-06 00:30:37,090 [INFO] [client-9] Round 5 — sending update…
2026-10-06 00:30:37,098 [INFO] recv 13933B via direct in 174ms
2026-10-06 00:30:37,100 [INFO] [client-4] Round 5 — training locally…
2026-10-06 00:30:37,220 [INFO] [client-4] Round 5 — sending update…
2026-10-06 00:30:37,227 [INFO] send 13933B via direct in 743ms (0.15 Mbit/s) to 329b56ee305a1329
2026-10-06 00:30:37,228 [INFO] send 13933B via direct in 739ms (0.15 Mbit/s) to b838e989d67bd1ba
2026-10-06 00:30:37,229 [INFO] send 13933B via direct in 745ms (0.15 Mbit/s) to 1f8ceb158f293017
2026-10-06 00:30:37,230 [INFO] send 13933B via direct in 744ms (0.15 Mbit/s) to 72db93efdc921272
2026-10-06 00:30:37,231 [INFO] send 13933B via direct in 743ms (0.15 Mbit/s) to 1fd388f3599316a0
2026-10-06 00:30:37,232 [INFO] send 13933B via direct in 744ms (0.15 Mbit/s) to af99eedff40e0b8d
2026-10-06 00:30:37,234 [INFO] send 13933B via direct in 743ms (0.15 Mbit/s) to 0e4d2f9c8d6252fa
2026-10-06 00:30:37,240 [INFO] recv 13933B via direct in 540ms
2026-10-06 00:30:37,243 [INFO] [client-1] Round 5 — training locally…
2026-10-06 00:30:37,352 [INFO] [client-1] Round 5 — sending update…
2026-10-06 00:30:37,356 [INFO] send 13933B via direct in 743ms (0.15 Mbit/s) to 18ee1b496c44cbb7
2026-10-06 00:30:37,357 [INFO] send 13933B via direct in 742ms (0.15 Mbit/s) to d1da3504a323f5fe
2026-10-06 00:30:37,358 [INFO] send 13933B via direct in 741ms (0.15 Mbit/s) to 593409304269aab0
2026-10-06 00:30:37,361 [INFO] Round 5 — waiting for 10 updates…
2026-10-06 00:30:37,370 [INFO] recv 13933B via direct in 143ms
2026-10-06 00:30:37,372 [INFO] recv 13933B via direct in 143ms
2026-10-06 00:30:37,374 [INFO] recv 13933B via direct in 143ms
2026-10-06 00:30:37,376 [INFO] recv 13933B via direct in 143ms
2026-10-06 00:30:37,395 [WARNING] transfer attempt 1/3 failed (stream not acknowledged: IrohError:  closed by peer: 0) — retrying
2026-10-06 00:30:37,396 [WARNING] transfer attempt 1/3 failed (stream not acknowledged: IrohError:  closed by peer: 0) — retrying
2026-10-06 00:30:37,397 [WARNING] transfer attempt 1/3 failed (stream not acknowledged: IrohError:  closed by peer: 0) — retrying
2026-10-06 00:30:37,398 [WARNING] transfer attempt 1/3 failed (stream not acknowledged: IrohError:  closed by peer: 0) — retrying
2026-10-06 00:30:37,434 [INFO] recv 13933B via direct in 206ms
2026-10-06 00:30:37,446 [INFO] recv 13933B via direct in 87ms
2026-10-06 00:30:37,451 [INFO] recv 13933B via direct in 81ms
2026-10-06 00:30:37,456 [INFO] recv 13933B via direct in 81ms
2026-10-06 00:30:37,465 [INFO] recv 13933B via direct in 100ms
2026-10-06 00:30:37,470 [INFO] send 13933B via direct in 479ms (0.23 Mbit/s) to b3491737cb0d3231
2026-10-06 00:30:37,507 [INFO] [client-6] Round 5 done — loss=1.0178 acc=0.4861  1.3s
2026-10-06 00:30:37,508 [INFO] [client-6] Round 6 — receiving model…
2026-10-06 00:30:37,509 [INFO] send 13933B via direct in 372ms (0.30 Mbit/s) to b3491737cb0d3231
2026-10-06 00:30:37,525 [INFO] [client-9] Round 5 done — loss=1.0134 acc=0.5228  1.4s
2026-10-06 00:30:37,526 [INFO] [client-9] Round 6 — receiving model…
2026-10-06 00:30:37,529 [INFO] send 13933B via direct in 305ms (0.37 Mbit/s) to b3491737cb0d3231
2026-10-06 00:30:37,543 [INFO] [client-4] Round 5 done — loss=1.0200 acc=0.4890  1.3s
2026-10-06 00:30:37,544 [INFO] [client-4] Round 6 — receiving model…
2026-10-06 00:30:37,545 [INFO] send 13933B via direct in 2686ms (0.04 Mbit/s) to b3491737cb0d3231 (attempt 2)
2026-10-06 00:30:37,558 [INFO] [client-5] Round 4 done — loss=0.9865 acc=0.5446  3.3s
2026-10-06 00:30:37,559 [INFO] [client-5] Round 5 — receiving model…
2026-10-06 00:30:37,559 [INFO] recv 13933B via direct in 174ms
2026-10-06 00:30:37,561 [INFO] [client-5] Round 5 — training locally…
2026-10-06 00:30:37,638 [INFO] [client-5] Round 5 — sending update…
2026-10-06 00:30:37,642 [INFO] send 13933B via direct in 2553ms (0.04 Mbit/s) to b3491737cb0d3231 (attempt 2)
2026-10-06 00:30:37,660 [INFO] [client-3] Round 4 done — loss=1.0485 acc=0.4481  3.2s
2026-10-06 00:30:37,661 [INFO] [client-3] Round 5 — receiving model…
2026-10-06 00:30:37,662 [INFO] recv 13933B via direct in 61ms
2026-10-06 00:30:37,664 [INFO] [client-3] Round 5 — training locally…
2026-10-06 00:30:37,761 [INFO] [client-3] Round 5 — sending update…
2026-10-06 00:30:37,764 [INFO] send 13933B via direct in 175ms (0.64 Mbit/s) to b3491737cb0d3231
2026-10-06 00:30:37,781 [INFO] [client-1] Round 5 done — loss=1.0629 acc=0.4183  1.5s
2026-10-06 00:30:37,782 [INFO] [client-1] Round 6 — receiving model…
2026-10-06 00:30:37,783 [INFO] recv 13933B via direct in 97ms
2026-10-06 00:30:37,809 [INFO] Round 5/20  acc=0.4684  loss=1.0601  1.5s  clients=10
2026-10-06 00:30:37,810 [INFO] Round 6 — sending model to 10 clients…
2026-10-06 00:30:37,952 [INFO] send 13933B via direct in 184ms (0.61 Mbit/s) to b3491737cb0d3231
2026-10-06 00:30:38,030 [INFO] [client-3] Round 5 done — loss=1.0463 acc=0.4454  0.4s
2026-10-06 00:30:38,031 [INFO] [client-3] Round 6 — receiving model…
2026-10-06 00:30:38,032 [INFO] send 13933B via direct in 308ms (0.36 Mbit/s) to b3491737cb0d3231
2026-10-06 00:30:38,050 [INFO] [client-5] Round 5 done — loss=0.9808 acc=0.5457  0.5s
2026-10-06 00:30:38,051 [INFO] [client-5] Round 6 — receiving model…
2026-10-06 00:30:38,060 [INFO] send 13933B via direct in 241ms (0.46 Mbit/s) to 329b56ee305a1329
2026-10-06 00:30:38,062 [INFO] send 13933B via direct in 238ms (0.47 Mbit/s) to af99eedff40e0b8d
2026-10-06 00:30:38,063 [INFO] send 13933B via direct in 238ms (0.47 Mbit/s) to 0e4d2f9c8d6252fa
2026-10-06 00:30:38,064 [INFO] send 13933B via direct in 242ms (0.46 Mbit/s) to d1da3504a323f5fe
2026-10-06 00:30:38,065 [INFO] send 13933B via direct in 241ms (0.46 Mbit/s) to 1f8ceb158f293017
2026-10-06 00:30:38,067 [INFO] send 13933B via direct in 240ms (0.47 Mbit/s) to b838e989d67bd1ba
2026-10-06 00:30:38,068 [INFO] send 13933B via direct in 236ms (0.47 Mbit/s) to 18ee1b496c44cbb7
2026-10-06 00:30:38,069 [INFO] send 13933B via direct in 236ms (0.47 Mbit/s) to 1fd388f3599316a0
2026-10-06 00:30:38,072 [INFO] recv 13933B via direct in 155ms
2026-10-06 00:30:38,075 [INFO] [client-6] Round 6 — training locally…
2026-10-06 00:30:38,182 [INFO] [client-6] Round 6 — sending update…
2026-10-06 00:30:38,185 [INFO] recv 13933B via direct in 155ms
2026-10-06 00:30:38,187 [INFO] [client-9] Round 6 — training locally…
2026-10-06 00:30:38,287 [INFO] [client-9] Round 6 — sending update…
2026-10-06 00:30:38,289 [INFO] recv 13933B via direct in 153ms
2026-10-06 00:30:38,293 [INFO] [client-1] Round 6 — training locally…
2026-10-06 00:30:38,416 [INFO] [client-1] Round 6 — sending update…
2026-10-06 00:30:38,419 [INFO] recv 13933B via direct in 151ms
2026-10-06 00:30:38,423 [INFO] [client-4] Round 6 — training locally…
2026-10-06 00:30:38,574 [INFO] [client-4] Round 6 — sending update…
2026-10-06 00:30:38,578 [INFO] recv 13933B via direct in 163ms
2026-10-06 00:30:38,583 [INFO] [client-5] Round 6 — training locally…
2026-10-06 00:30:38,701 [INFO] [client-5] Round 6 — sending update…
2026-10-06 00:30:38,703 [INFO] recv 13933B via direct in 162ms
2026-10-06 00:30:38,705 [INFO] [client-3] Round 6 — training locally…
2026-10-06 00:30:38,812 [INFO] [client-3] Round 6 — sending update…
2026-10-06 00:30:38,814 [INFO] send 13933B via direct in 238ms (0.47 Mbit/s) to 593409304269aab0
2026-10-06 00:30:38,815 [INFO] send 13933B via direct in 237ms (0.47 Mbit/s) to 72db93efdc921272
2026-10-06 00:30:38,816 [INFO] Round 6 — waiting for 10 updates…
2026-10-06 00:30:38,817 [INFO] recv 13933B via direct in 80ms
2026-10-06 00:30:38,818 [INFO] recv 13933B via direct in 111ms
2026-10-06 00:30:38,911 [INFO] recv 13933B via direct in 85ms
2026-10-06 00:30:38,917 [INFO] recv 13933B via direct in 86ms
2026-10-06 00:30:38,921 [INFO] recv 13933B via direct in 86ms
2026-10-06 00:30:38,924 [INFO] recv 13933B via direct in 87ms
2026-10-06 00:30:38,927 [INFO] recv 13933B via direct in 89ms
2026-10-06 00:30:38,932 [WARNING] Round 6 — discarding update from unselected/duplicate peer d1da3504a323f5fe
2026-10-06 00:30:38,935 [INFO] send 13933B via direct in 750ms (0.15 Mbit/s) to b3491737cb0d3231
2026-10-06 00:30:38,988 [INFO] [client-6] Round 6 done — loss=1.0159 acc=0.4948  1.5s
2026-10-06 00:30:38,989 [INFO] [client-6] Round 7 — receiving model…
2026-10-06 00:30:38,991 [INFO] send 13933B via direct in 645ms (0.17 Mbit/s) to b3491737cb0d3231
2026-10-06 00:30:39,008 [INFO] [client-9] Round 6 done — loss=1.0111 acc=0.5242  1.5s
2026-10-06 00:30:39,009 [INFO] [client-9] Round 7 — receiving model…
2026-10-06 00:30:39,011 [INFO] send 13933B via direct in 516ms (0.22 Mbit/s) to b3491737cb0d3231
2026-10-06 00:30:39,028 [INFO] [client-1] Round 6 done — loss=1.0626 acc=0.4124  1.2s
2026-10-06 00:30:39,029 [INFO] [client-1] Round 7 — receiving model…
2026-10-06 00:30:39,030 [INFO] send 13933B via direct in 357ms (0.31 Mbit/s) to b3491737cb0d3231
2026-10-06 00:30:39,047 [INFO] [client-4] Round 6 done — loss=1.0178 acc=0.4894  1.5s
2026-10-06 00:30:39,048 [INFO] [client-4] Round 7 — receiving model…
2026-10-06 00:30:39,048 [INFO] send 13933B via direct in 232ms (0.48 Mbit/s) to b3491737cb0d3231
2026-10-06 00:30:39,063 [INFO] [client-5] Round 6 done — loss=0.9876 acc=0.5488  1.0s
2026-10-06 00:30:39,064 [INFO] [client-5] Round 7 — receiving model…
2026-10-06 00:30:39,069 [INFO] send 13933B via direct in 252ms (0.44 Mbit/s) to b3491737cb0d3231
2026-10-06 00:30:39,085 [INFO] [client-3] Round 6 done — loss=1.0420 acc=0.4574  1.1s
2026-10-06 00:30:39,086 [INFO] [client-3] Round 7 — receiving model…
2026-10-06 00:30:39,087 [INFO] send 13933B via direct in 2346ms (0.05 Mbit/s) to b3491737cb0d3231 (attempt 2)
2026-10-06 00:30:39,109 [INFO] [client-2] Round 5 done — loss=0.9767 acc=0.5117  2.8s
2026-10-06 00:30:39,110 [INFO] [client-2] Round 6 — receiving model…
2026-10-06 00:30:39,111 [INFO] recv 13933B via direct in 163ms
2026-10-06 00:30:39,113 [INFO] [client-2] Round 6 — training locally…
2026-10-06 00:30:39,208 [INFO] [client-2] Round 6 — sending update…
2026-10-06 00:30:39,211 [INFO] send 13933B via direct in 2453ms (0.05 Mbit/s) to b3491737cb0d3231 (attempt 2)
2026-10-06 00:30:39,228 [INFO] [client-8] Round 5 done — loss=0.7736 acc=0.7084  2.9s
2026-10-06 00:30:39,229 [INFO] [client-8] Round 6 — receiving model…
2026-10-06 00:30:39,230 [INFO] recv 13933B via direct in 161ms
2026-10-06 00:30:39,233 [INFO] [client-8] Round 6 — training locally…
2026-10-06 00:30:39,381 [INFO] [client-8] Round 6 — sending update…
2026-10-06 00:30:39,384 [INFO] send 13933B via direct in 2259ms (0.05 Mbit/s) to b3491737cb0d3231 (attempt 2)
2026-10-06 00:30:39,409 [INFO] [client-7] Round 5 done — loss=1.0321 acc=0.4447  3.2s
2026-10-06 00:30:39,410 [INFO] [client-7] Round 6 — receiving model…
2026-10-06 00:30:39,410 [INFO] recv 13933B via direct in 150ms
2026-10-06 00:30:39,413 [INFO] [client-7] Round 6 — training locally…
2026-10-06 00:30:39,529 [INFO] [client-7] Round 6 — sending update…
2026-10-06 00:30:39,531 [INFO] send 13933B via direct in 2174ms (0.05 Mbit/s) to b3491737cb0d3231 (attempt 2)
2026-10-06 00:30:39,547 [INFO] [client-0] Round 5 done — loss=1.0568 acc=0.4518  3.3s
2026-10-06 00:30:39,548 [INFO] [client-0] Round 6 — receiving model…
2026-10-06 00:30:39,548 [INFO] recv 13933B via direct in 145ms
2026-10-06 00:30:39,550 [INFO] [client-0] Round 6 — training locally…
2026-10-06 00:30:39,623 [INFO] [client-0] Round 6 — sending update…
2026-10-06 00:30:39,626 [INFO] recv 13933B via direct in 176ms
2026-10-06 00:30:39,630 [WARNING] Round 6 — discarding update from unselected/duplicate peer b838e989d67bd1ba
2026-10-06 00:30:39,630 [INFO] recv 13933B via direct in 169ms
2026-10-06 00:30:39,633 [INFO] recv 13933B via direct in 169ms
2026-10-06 00:30:39,635 [INFO] recv 13933B via direct in 167ms
2026-10-06 00:30:39,636 [INFO] recv 13933B via direct in 161ms
2026-10-06 00:30:39,653 [INFO] Round 6/20  acc=0.4690  loss=1.0603  1.8s  clients=10
2026-10-06 00:30:39,655 [INFO] Round 7 — sending model to 10 clients…
2026-10-06 00:30:39,782 [INFO] send 13933B via direct in 249ms (0.45 Mbit/s) to b3491737cb0d3231
2026-10-06 00:30:39,821 [INFO] [client-7] Round 6 done — loss=1.0350 acc=0.4399  0.4s
2026-10-06 00:30:39,823 [INFO] [client-7] Round 7 — receiving model…
2026-10-06 00:30:39,825 [INFO] send 13933B via direct in 571ms (0.20 Mbit/s) to b3491737cb0d3231
2026-10-06 00:30:39,843 [INFO] [client-2] Round 6 done — loss=0.9743 acc=0.5134  0.7s
2026-10-06 00:30:39,844 [INFO] [client-2] Round 7 — receiving model…
2026-10-06 00:30:39,848 [INFO] send 13933B via direct in 441ms (0.25 Mbit/s) to b3491737cb0d3231
2026-10-06 00:30:39,861 [INFO] [client-8] Round 6 done — loss=0.7731 acc=0.7088  0.6s
2026-10-06 00:30:39,862 [INFO] [client-8] Round 7 — receiving model…
2026-10-06 00:30:39,867 [INFO] send 13933B via direct in 199ms (0.56 Mbit/s) to b3491737cb0d3231
2026-10-06 00:30:39,887 [INFO] [client-0] Round 6 done — loss=1.0548 acc=0.4488  0.3s
2026-10-06 00:30:39,888 [INFO] [client-0] Round 7 — receiving model…
2026-10-06 00:30:39,892 [INFO] send 13933B via direct in 188ms (0.59 Mbit/s) to 1f8ceb158f293017
2026-10-06 00:30:39,895 [INFO] recv 13933B via direct in 113ms
2026-10-06 00:30:39,898 [INFO] [client-3] Round 7 — training locally…
2026-10-06 00:30:39,991 [INFO] [client-3] Round 7 — sending update…
2026-10-06 00:30:39,993 [INFO] recv 13933B via direct in 113ms
2026-10-06 00:30:39,996 [INFO] [client-2] Round 7 — training locally…
2026-10-06 00:30:40,100 [INFO] [client-2] Round 7 — sending update…
2026-10-06 00:30:40,102 [INFO] recv 13933B via direct in 110ms
2026-10-06 00:30:40,104 [INFO] [client-7] Round 7 — training locally…
2026-10-06 00:30:40,206 [INFO] [client-7] Round 7 — sending update…
2026-10-06 00:30:40,208 [INFO] recv 13933B via direct in 123ms
2026-10-06 00:30:40,211 [INFO] [client-0] Round 7 — training locally…
2026-10-06 00:30:40,289 [INFO] [client-0] Round 7 — sending update…
2026-10-06 00:30:40,291 [INFO] recv 13933B via direct in 123ms
2026-10-06 00:30:40,294 [INFO] [client-9] Round 7 — training locally…
2026-10-06 00:30:40,377 [INFO] [client-9] Round 7 — sending update…
2026-10-06 00:30:40,379 [INFO] recv 13933B via direct in 118ms
2026-10-06 00:30:40,382 [INFO] [client-1] Round 7 — training locally…
2026-10-06 00:30:40,500 [INFO] [client-1] Round 7 — sending update…
2026-10-06 00:30:40,503 [INFO] recv 13933B via direct in 116ms
2026-10-06 00:30:40,505 [INFO] [client-6] Round 7 — training locally…
2026-10-06 00:30:40,624 [INFO] [client-6] Round 7 — sending update…
2026-10-06 00:30:40,626 [INFO] recv 13933B via direct in 116ms
2026-10-06 00:30:40,628 [INFO] [client-8] Round 7 — training locally…
2026-10-06 00:30:40,727 [INFO] [client-8] Round 7 — sending update…
2026-10-06 00:30:40,730 [INFO] recv 13933B via direct in 114ms
2026-10-06 00:30:40,732 [INFO] [client-5] Round 7 — training locally…
2026-10-06 00:30:40,835 [INFO] [client-5] Round 7 — sending update…
2026-10-06 00:30:40,837 [INFO] send 13933B via direct in 229ms (0.49 Mbit/s) to 0e4d2f9c8d6252fa
2026-10-06 00:30:40,838 [INFO] send 13933B via direct in 233ms (0.48 Mbit/s) to b838e989d67bd1ba
2026-10-06 00:30:40,839 [INFO] send 13933B via direct in 230ms (0.49 Mbit/s) to af99eedff40e0b8d
2026-10-06 00:30:40,840 [INFO] send 13933B via direct in 229ms (0.49 Mbit/s) to 329b56ee305a1329
2026-10-06 00:30:40,842 [INFO] send 13933B via direct in 229ms (0.49 Mbit/s) to d1da3504a323f5fe
2026-10-06 00:30:40,842 [INFO] send 13933B via direct in 228ms (0.49 Mbit/s) to 18ee1b496c44cbb7
2026-10-06 00:30:40,843 [INFO] recv 13933B via direct in 110ms
2026-10-06 00:30:40,845 [INFO] [client-4] Round 7 — training locally…
2026-10-06 00:30:40,949 [INFO] [client-4] Round 7 — sending update…
2026-10-06 00:30:40,954 [INFO] send 13933B via direct in 231ms (0.48 Mbit/s) to 72db93efdc921272
2026-10-06 00:30:40,955 [INFO] send 13933B via direct in 231ms (0.48 Mbit/s) to 1fd388f3599316a0
2026-10-06 00:30:40,956 [INFO] send 13933B via direct in 230ms (0.49 Mbit/s) to 593409304269aab0
2026-10-06 00:30:40,957 [INFO] Round 7 — waiting for 10 updates…
2026-10-06 00:30:40,958 [INFO] recv 13933B via direct in 91ms
2026-10-06 00:30:40,960 [INFO] recv 13933B via direct in 92ms
2026-10-06 00:30:40,962 [INFO] recv 13933B via direct in 93ms
2026-10-06 00:30:40,964 [INFO] recv 13933B via direct in 54ms
2026-10-06 00:30:41,043 [INFO] recv 13933B via direct in 72ms
2026-10-06 00:30:41,054 [INFO] recv 13933B via direct in 94ms
2026-10-06 00:30:41,062 [INFO] recv 13933B via direct in 95ms
2026-10-06 00:30:41,065 [WARNING] Round 7 — discarding update from unselected/duplicate peer 72db93efdc921272
2026-10-06 00:30:41,067 [INFO] recv 13933B via direct in 94ms
2026-10-06 00:30:41,071 [WARNING] Round 7 — discarding update from unselected/duplicate peer 1f8ceb158f293017
2026-10-06 00:30:41,077 [INFO] recv 13933B via direct in 117ms
2026-10-06 00:30:41,081 [WARNING] Round 7 — discarding update from unselected/duplicate peer 1fd388f3599316a0
2026-10-06 00:30:41,083 [INFO] recv 13933B via direct in 117ms
2026-10-06 00:30:41,086 [INFO] recv 13933B via direct in 118ms
2026-10-06 00:30:41,090 [INFO] recv 13933B via direct in 118ms
2026-10-06 00:30:41,094 [INFO] send 13933B via direct in 240ms (0.47 Mbit/s) to b3491737cb0d3231
2026-10-06 00:30:41,148 [INFO] [client-5] Round 7 done — loss=0.9699 acc=0.5584  2.1s
2026-10-06 00:30:41,149 [INFO] [client-5] Round 8 — receiving model…
2026-10-06 00:30:41,150 [INFO] send 13933B via direct in 1084ms (0.10 Mbit/s) to b3491737cb0d3231
2026-10-06 00:30:41,163 [INFO] [client-3] Round 7 done — loss=1.0431 acc=0.4584  2.1s
2026-10-06 00:30:41,164 [INFO] [client-3] Round 8 — receiving model…
2026-10-06 00:30:41,165 [INFO] recv 13933B via direct in 118ms
2026-10-06 00:30:41,167 [WARNING] Round 7 — discarding update from unselected/duplicate peer 329b56ee305a1329
2026-10-06 00:30:41,168 [INFO] send 13933B via direct in 975ms (0.11 Mbit/s) to b3491737cb0d3231
2026-10-06 00:30:41,184 [INFO] [client-2] Round 7 done — loss=0.9696 acc=0.5189  1.3s
2026-10-06 00:30:41,185 [INFO] [client-2] Round 8 — receiving model…
2026-10-06 00:30:41,188 [INFO] send 13933B via direct in 886ms (0.13 Mbit/s) to b3491737cb0d3231
2026-10-06 00:30:41,208 [INFO] [client-7] Round 7 done — loss=1.0306 acc=0.4509  1.4s
2026-10-06 00:30:41,209 [INFO] [client-7] Round 8 — receiving model…
2026-10-06 00:30:41,211 [INFO] send 13933B via direct in 896ms (0.12 Mbit/s) to b3491737cb0d3231
2026-10-06 00:30:41,225 [INFO] [client-0] Round 7 done — loss=1.0567 acc=0.4605  1.3s
2026-10-06 00:30:41,226 [INFO] [client-0] Round 8 — receiving model…
2026-10-06 00:30:41,228 [INFO] send 13933B via direct in 808ms (0.14 Mbit/s) to b3491737cb0d3231
2026-10-06 00:30:41,247 [INFO] [client-9] Round 7 done — loss=1.0180 acc=0.5126  2.2s
2026-10-06 00:30:41,248 [INFO] [client-9] Round 8 — receiving model…
2026-10-06 00:30:41,249 [INFO] send 13933B via direct in 685ms (0.16 Mbit/s) to b3491737cb0d3231
2026-10-06 00:30:41,264 [INFO] [client-1] Round 7 done — loss=1.0613 acc=0.4214  2.2s
2026-10-06 00:30:41,265 [INFO] [client-1] Round 8 — receiving model…
2026-10-06 00:30:41,266 [INFO] send 13933B via direct in 562ms (0.20 Mbit/s) to b3491737cb0d3231
2026-10-06 00:30:41,286 [INFO] [client-6] Round 7 done — loss=1.0196 acc=0.4767  2.3s
2026-10-06 00:30:41,288 [INFO] [client-6] Round 8 — receiving model…
2026-10-06 00:30:41,289 [INFO] send 13933B via direct in 458ms (0.24 Mbit/s) to b3491737cb0d3231
2026-10-06 00:30:41,303 [INFO] [client-8] Round 7 done — loss=0.7741 acc=0.7067  1.4s
2026-10-06 00:30:41,304 [INFO] [client-8] Round 8 — receiving model…
2026-10-06 00:30:41,305 [INFO] send 13933B via direct in 259ms (0.43 Mbit/s) to b3491737cb0d3231
2026-10-06 00:30:41,323 [INFO] [client-4] Round 7 done — loss=1.0164 acc=0.4921  2.3s
2026-10-06 00:30:41,324 [INFO] [client-4] Round 8 — receiving model…
2026-10-06 00:30:41,325 [INFO] recv 13933B via direct in 182ms
2026-10-06 00:30:41,345 [INFO] Round 7/20  acc=0.4625  loss=1.0663  1.7s  clients=10
2026-10-06 00:30:41,346 [INFO] Round 8 — sending model to 10 clients…
2026-10-06 00:30:41,503 [INFO] recv 13933B via direct in 67ms
2026-10-06 00:30:41,509 [INFO] [client-2] Round 8 — training locally…
2026-10-06 00:30:41,629 [INFO] [client-2] Round 8 — sending update…
2026-10-06 00:30:41,635 [INFO] recv 13933B via direct in 67ms
2026-10-06 00:30:41,639 [INFO] [client-4] Round 8 — training locally…
2026-10-06 00:30:41,755 [INFO] [client-4] Round 8 — sending update…
2026-10-06 00:30:41,764 [INFO] recv 13933B via direct in 200ms
2026-10-06 00:30:41,766 [INFO] [client-3] Round 8 — training locally…
2026-10-06 00:30:41,856 [INFO] [client-3] Round 8 — sending update…
2026-10-06 00:30:41,859 [INFO] recv 13933B via direct in 200ms
2026-10-06 00:30:41,861 [INFO] [client-6] Round 8 — training locally…
2026-10-06 00:30:41,942 [INFO] [client-6] Round 8 — sending update…
2026-10-06 00:30:41,946 [INFO] recv 13933B via direct in 200ms
2026-10-06 00:30:41,949 [INFO] [client-9] Round 8 — training locally…
2026-10-06 00:30:42,041 [INFO] [client-9] Round 8 — sending update…
2026-10-06 00:30:42,043 [INFO] recv 13933B via direct in 200ms
2026-10-06 00:30:42,045 [INFO] [client-0] Round 8 — training locally…
2026-10-06 00:30:42,117 [INFO] [client-0] Round 8 — sending update…
2026-10-06 00:30:42,120 [INFO] recv 13933B via direct in 197ms
2026-10-06 00:30:42,124 [INFO] [client-7] Round 8 — training locally…
2026-10-06 00:30:42,217 [INFO] [client-7] Round 8 — sending update…
2026-10-06 00:30:42,222 [INFO] send 13933B via direct in 408ms (0.27 Mbit/s) to 1f8ceb158f293017
2026-10-06 00:30:42,223 [INFO] send 13933B via direct in 408ms (0.27 Mbit/s) to 18ee1b496c44cbb7
2026-10-06 00:30:42,224 [INFO] send 13933B via direct in 411ms (0.27 Mbit/s) to b838e989d67bd1ba
2026-10-06 00:30:42,225 [INFO] send 13933B via direct in 410ms (0.27 Mbit/s) to af99eedff40e0b8d
2026-10-06 00:30:42,226 [INFO] send 13933B via direct in 408ms (0.27 Mbit/s) to 0e4d2f9c8d6252fa
2026-10-06 00:30:42,227 [INFO] send 13933B via direct in 408ms (0.27 Mbit/s) to 1fd388f3599316a0
2026-10-06 00:30:42,228 [INFO] send 13933B via direct in 408ms (0.27 Mbit/s) to 72db93efdc921272
2026-10-06 00:30:42,230 [INFO] send 13933B via direct in 407ms (0.27 Mbit/s) to 329b56ee305a1329
2026-10-06 00:30:42,231 [INFO] send 13933B via direct in 407ms (0.27 Mbit/s) to 593409304269aab0
2026-10-06 00:30:42,233 [INFO] send 13933B via direct in 407ms (0.27 Mbit/s) to d1da3504a323f5fe
2026-10-06 00:30:42,235 [INFO] recv 13933B via direct in 321ms
2026-10-06 00:30:42,237 [INFO] [client-8] Round 8 — training locally…
2026-10-06 00:30:42,335 [INFO] [client-8] Round 8 — sending update…
2026-10-06 00:30:42,339 [INFO] Round 8 — waiting for 10 updates…
2026-10-06 00:30:42,340 [INFO] recv 13933B via direct in 675ms
2026-10-06 00:30:42,343 [INFO] [client-1] Round 8 — training locally…
2026-10-06 00:30:42,432 [INFO] [client-1] Round 8 — sending update…
2026-10-06 00:30:42,434 [INFO] recv 13933B via direct in 673ms
2026-10-06 00:30:42,437 [INFO] [client-5] Round 8 — training locally…
2026-10-06 00:30:42,564 [INFO] [client-5] Round 8 — sending update…
2026-10-06 00:30:42,584 [INFO] send 13933B via direct in 946ms (0.12 Mbit/s) to b3491737cb0d3231
2026-10-06 00:30:42,607 [INFO] [client-2] Round 8 done — loss=0.9665 acc=0.5199  1.4s
2026-10-06 00:30:42,608 [INFO] [client-2] Round 9 — receiving model…
2026-10-06 00:30:42,611 [INFO] recv 13933B via direct in 846ms
2026-10-06 00:30:42,646 [INFO] recv 13933B via direct in 308ms
2026-10-06 00:30:42,650 [INFO] recv 13933B via direct in 312ms
2026-10-06 00:30:42,653 [INFO] recv 13933B via direct in 312ms
2026-10-06 00:30:42,658 [INFO] recv 13933B via direct in 319ms
2026-10-06 00:30:42,662 [INFO] recv 13933B via direct in 319ms
2026-10-06 00:30:42,664 [INFO] recv 13933B via direct in 80ms
2026-10-06 00:30:42,667 [INFO] recv 13933B via direct in 83ms
2026-10-06 00:30:42,670 [INFO] recv 13933B via direct in 88ms
2026-10-06 00:30:42,672 [INFO] send 13933B via direct in 915ms (0.12 Mbit/s) to b3491737cb0d3231
2026-10-06 00:30:42,711 [INFO] [client-4] Round 8 done — loss=1.0190 acc=0.4921  1.4s
2026-10-06 00:30:42,712 [INFO] [client-4] Round 9 — receiving model…
2026-10-06 00:30:42,716 [INFO] send 13933B via direct in 855ms (0.13 Mbit/s) to b3491737cb0d3231
2026-10-06 00:30:42,734 [INFO] [client-3] Round 8 done — loss=1.0448 acc=0.4547  1.6s
2026-10-06 00:30:42,735 [INFO] [client-3] Round 9 — receiving model…
2026-10-06 00:30:42,736 [INFO] send 13933B via direct in 769ms (0.15 Mbit/s) to b3491737cb0d3231
2026-10-06 00:30:42,753 [INFO] [client-6] Round 8 done — loss=1.0169 acc=0.4844  1.5s
2026-10-06 00:30:42,754 [INFO] [client-6] Round 9 — receiving model…
2026-10-06 00:30:42,755 [INFO] send 13933B via direct in 671ms (0.17 Mbit/s) to b3491737cb0d3231
2026-10-06 00:30:42,769 [INFO] [client-9] Round 8 done — loss=1.0163 acc=0.5207  1.5s
2026-10-06 00:30:42,770 [INFO] [client-9] Round 9 — receiving model…
2026-10-06 00:30:42,771 [INFO] send 13933B via direct in 594ms (0.19 Mbit/s) to b3491737cb0d3231
2026-10-06 00:30:42,797 [INFO] [client-0] Round 8 done — loss=1.0542 acc=0.4579  1.6s
2026-10-06 00:30:42,798 [INFO] [client-0] Round 9 — receiving model…
2026-10-06 00:30:42,799 [INFO] send 13933B via direct in 495ms (0.23 Mbit/s) to b3491737cb0d3231
2026-10-06 00:30:42,814 [INFO] [client-7] Round 8 done — loss=1.0295 acc=0.4485  1.6s
2026-10-06 00:30:42,815 [INFO] [client-7] Round 9 — receiving model…
2026-10-06 00:30:42,816 [INFO] send 13933B via direct in 377ms (0.30 Mbit/s) to b3491737cb0d3231
2026-10-06 00:30:42,830 [INFO] [client-8] Round 8 done — loss=0.7705 acc=0.7115  1.5s
2026-10-06 00:30:42,832 [INFO] [client-8] Round 9 — receiving model…
2026-10-06 00:30:42,833 [INFO] send 13933B via direct in 281ms (0.40 Mbit/s) to b3491737cb0d3231
2026-10-06 00:30:42,849 [INFO] [client-1] Round 8 done — loss=1.0605 acc=0.4262  1.6s
2026-10-06 00:30:42,850 [INFO] [client-1] Round 9 — receiving model…
2026-10-06 00:30:42,851 [INFO] recv 13933B via direct in 72ms
2026-10-06 00:30:42,870 [INFO] Round 8/20  acc=0.4493  loss=1.0744  1.5s  clients=10
2026-10-06 00:30:42,872 [INFO] Round 9 — sending model to 10 clients…
2026-10-06 00:30:42,880 [INFO] send 13933B via direct in 286ms (0.39 Mbit/s) to b3491737cb0d3231
2026-10-06 00:30:42,897 [INFO] [client-5] Round 8 done — loss=0.9831 acc=0.5522  1.7s
2026-10-06 00:30:42,898 [INFO] [client-5] Round 9 — receiving model…
2026-10-06 00:30:43,008 [INFO] recv 13933B via direct in 55ms
2026-10-06 00:30:43,015 [INFO] [client-2] Round 9 — training locally…
2026-10-06 00:30:43,175 [INFO] [client-2] Round 9 — sending update…
2026-10-06 00:30:43,185 [INFO] send 13933B via direct in 305ms (0.37 Mbit/s) to 1f8ceb158f293017
2026-10-06 00:30:43,186 [INFO] send 13933B via direct in 302ms (0.37 Mbit/s) to 18ee1b496c44cbb7
2026-10-06 00:30:43,187 [INFO] send 13933B via direct in 306ms (0.36 Mbit/s) to af99eedff40e0b8d
2026-10-06 00:30:43,188 [INFO] send 13933B via direct in 303ms (0.37 Mbit/s) to 72db93efdc921272
2026-10-06 00:30:43,189 [INFO] send 13933B via direct in 302ms (0.37 Mbit/s) to 0e4d2f9c8d6252fa
2026-10-06 00:30:43,190 [INFO] send 13933B via direct in 302ms (0.37 Mbit/s) to b838e989d67bd1ba
2026-10-06 00:30:43,191 [INFO] send 13933B via direct in 301ms (0.37 Mbit/s) to 1fd388f3599316a0
2026-10-06 00:30:43,193 [INFO] send 13933B via direct in 304ms (0.37 Mbit/s) to 329b56ee305a1329
2026-10-06 00:30:43,195 [INFO] recv 13933B via direct in 222ms
2026-10-06 00:30:43,197 [INFO] [client-3] Round 9 — training locally…
2026-10-06 00:30:43,293 [INFO] [client-3] Round 9 — sending update…
2026-10-06 00:30:43,295 [INFO] recv 13933B via direct in 229ms
2026-10-06 00:30:43,299 [INFO] [client-8] Round 9 — training locally…
2026-10-06 00:30:43,379 [INFO] [client-8] Round 9 — sending update…
2026-10-06 00:30:43,382 [INFO] recv 13933B via direct in 229ms
2026-10-06 00:30:43,384 [INFO] [client-1] Round 9 — training locally…
2026-10-06 00:30:43,474 [INFO] [client-1] Round 9 — sending update…
2026-10-06 00:30:43,476 [INFO] recv 13933B via direct in 228ms
2026-10-06 00:30:43,478 [INFO] [client-7] Round 9 — training locally…
2026-10-06 00:30:43,578 [INFO] [client-7] Round 9 — sending update…
2026-10-06 00:30:43,581 [INFO] recv 13933B via direct in 223ms
2026-10-06 00:30:43,585 [INFO] [client-0] Round 9 — training locally…
2026-10-06 00:30:43,663 [INFO] [client-0] Round 9 — sending update…
2026-10-06 00:30:43,665 [INFO] recv 13933B via direct in 222ms
2026-10-06 00:30:43,668 [INFO] [client-5] Round 9 — training locally…
2026-10-06 00:30:43,766 [INFO] [client-5] Round 9 — sending update…
2026-10-06 00:30:43,769 [INFO] recv 13933B via direct in 228ms
2026-10-06 00:30:43,772 [INFO] [client-4] Round 9 — training locally…
2026-10-06 00:30:43,874 [INFO] [client-4] Round 9 — sending update…
2026-10-06 00:30:43,878 [INFO] recv 13933B via direct in 233ms
2026-10-06 00:30:43,880 [INFO] [client-6] Round 9 — training locally…
2026-10-06 00:30:43,989 [INFO] [client-6] Round 9 — sending update…
2026-10-06 00:30:43,992 [INFO] recv 13933B via direct in 229ms
2026-10-06 00:30:43,996 [INFO] [client-9] Round 9 — training locally…
2026-10-06 00:30:44,091 [INFO] [client-9] Round 9 — sending update…
2026-10-06 00:30:44,093 [INFO] send 13933B via direct in 303ms (0.37 Mbit/s) to 593409304269aab0
2026-10-06 00:30:44,094 [INFO] send 13933B via direct in 301ms (0.37 Mbit/s) to d1da3504a323f5fe
2026-10-06 00:30:44,096 [INFO] Round 9 — waiting for 10 updates…
2026-10-06 00:30:44,176 [INFO] recv 13933B via direct in 79ms
2026-10-06 00:30:44,189 [INFO] recv 13933B via direct in 89ms
2026-10-06 00:30:44,195 [INFO] recv 13933B via direct in 89ms
2026-10-06 00:30:44,198 [INFO] recv 13933B via direct in 90ms
2026-10-06 00:30:44,203 [INFO] recv 13933B via direct in 90ms
2026-10-06 00:30:44,209 [INFO] recv 13933B via direct in 90ms
2026-10-06 00:30:44,212 [INFO] recv 13933B via direct in 91ms
2026-10-06 00:30:44,218 [INFO] recv 13933B via direct in 111ms
2026-10-06 00:30:44,221 [INFO] send 13933B via direct in 1038ms (0.11 Mbit/s) to b3491737cb0d3231
2026-10-06 00:30:44,268 [INFO] [client-2] Round 9 done — loss=0.9679 acc=0.5151  1.7s
2026-10-06 00:30:44,270 [INFO] [client-2] Round 10 — receiving model…
2026-10-06 00:30:44,271 [INFO] send 13933B via direct in 921ms (0.12 Mbit/s) to b3491737cb0d3231
2026-10-06 00:30:44,293 [INFO] [client-3] Round 9 done — loss=1.0460 acc=0.4488  1.6s
2026-10-06 00:30:44,294 [INFO] [client-3] Round 10 — receiving model…
2026-10-06 00:30:44,295 [INFO] send 13933B via direct in 835ms (0.13 Mbit/s) to b3491737cb0d3231
2026-10-06 00:30:44,308 [INFO] [client-8] Round 9 done — loss=0.7603 acc=0.7095  1.5s
2026-10-06 00:30:44,309 [INFO] [client-8] Round 10 — receiving model…
2026-10-06 00:30:44,310 [INFO] send 13933B via direct in 741ms (0.15 Mbit/s) to b3491737cb0d3231
2026-10-06 00:30:44,325 [INFO] [client-1] Round 9 done — loss=1.0612 acc=0.4207  1.5s
2026-10-06 00:30:44,326 [INFO] [client-1] Round 10 — receiving model…
2026-10-06 00:30:44,327 [INFO] send 13933B via direct in 340ms (0.33 Mbit/s) to b3491737cb0d3231
2026-10-06 00:30:44,341 [INFO] [client-4] Round 9 done — loss=1.0158 acc=0.4907  1.6s
2026-10-06 00:30:44,342 [INFO] [client-4] Round 10 — receiving model…
2026-10-06 00:30:44,343 [INFO] send 13933B via direct in 636ms (0.18 Mbit/s) to b3491737cb0d3231
2026-10-06 00:30:44,361 [INFO] [client-7] Round 9 done — loss=1.0286 acc=0.4502  1.5s
2026-10-06 00:30:44,363 [INFO] [client-7] Round 10 — receiving model…
2026-10-06 00:30:44,364 [INFO] send 13933B via direct in 552ms (0.20 Mbit/s) to b3491737cb0d3231
2026-10-06 00:30:44,384 [INFO] [client-0] Round 9 done — loss=1.0545 acc=0.4622  1.6s
2026-10-06 00:30:44,385 [INFO] [client-0] Round 10 — receiving model…
2026-10-06 00:30:44,386 [INFO] send 13933B via direct in 449ms (0.25 Mbit/s) to b3491737cb0d3231
2026-10-06 00:30:44,400 [INFO] [client-5] Round 9 done — loss=0.9752 acc=0.5539  1.5s
2026-10-06 00:30:44,401 [INFO] [client-5] Round 10 — receiving model…
2026-10-06 00:30:44,402 [INFO] send 13933B via direct in 226ms (0.49 Mbit/s) to b3491737cb0d3231
2026-10-06 00:30:44,417 [INFO] [client-6] Round 9 done — loss=1.0147 acc=0.4927  1.7s
2026-10-06 00:30:44,418 [INFO] [client-6] Round 10 — receiving model…
2026-10-06 00:30:44,419 [INFO] recv 13933B via direct in 121ms
2026-10-06 00:30:44,422 [INFO] send 13933B via direct in 329ms (0.34 Mbit/s) to b3491737cb0d3231
2026-10-06 00:30:44,436 [INFO] [client-9] Round 9 done — loss=1.0159 acc=0.5221  1.7s
2026-10-06 00:30:44,437 [INFO] [client-9] Round 10 — receiving model…
2026-10-06 00:30:44,438 [INFO] recv 13933B via direct in 251ms
2026-10-06 00:30:44,457 [INFO] Round 9/20  acc=0.4608  loss=1.0668  1.6s  clients=10
2026-10-06 00:30:44,458 [INFO] Round 10 — sending model to 10 clients…
2026-10-06 00:30:44,624 [INFO] recv 13933B via direct in 60ms
2026-10-06 00:30:44,630 [INFO] [client-5] Round 10 — training locally…
2026-10-06 00:30:44,783 [INFO] [client-5] Round 10 — sending update…
2026-10-06 00:30:44,787 [INFO] recv 13933B via direct in 60ms
2026-10-06 00:30:44,790 [INFO] [client-7] Round 10 — training locally…
2026-10-06 00:30:44,880 [INFO] [client-7] Round 10 — sending update…
2026-10-06 00:30:44,883 [INFO] recv 13933B via direct in 61ms
2026-10-06 00:30:44,886 [INFO] [client-0] Round 10 — training locally…
2026-10-06 00:30:44,965 [INFO] [client-0] Round 10 — sending update…
2026-10-06 00:30:44,968 [INFO] recv 13933B via direct in 63ms
2026-10-06 00:30:44,972 [INFO] [client-4] Round 10 — training locally…
2026-10-06 00:30:45,077 [INFO] [client-4] Round 10 — sending update…
2026-10-06 00:30:45,087 [INFO] recv 13933B via direct in 415ms
2026-10-06 00:30:45,090 [INFO] [client-3] Round 10 — training locally…
2026-10-06 00:30:45,189 [INFO] [client-3] Round 10 — sending update…
2026-10-06 00:30:45,194 [INFO] send 13933B via direct in 617ms (0.18 Mbit/s) to d1da3504a323f5fe
2026-10-06 00:30:45,195 [INFO] send 13933B via direct in 619ms (0.18 Mbit/s) to 72db93efdc921272
2026-10-06 00:30:45,196 [INFO] send 13933B via direct in 615ms (0.18 Mbit/s) to 593409304269aab0
2026-10-06 00:30:45,197 [INFO] send 13933B via direct in 615ms (0.18 Mbit/s) to af99eedff40e0b8d
2026-10-06 00:30:45,198 [INFO] send 13933B via direct in 614ms (0.18 Mbit/s) to 1f8ceb158f293017
2026-10-06 00:30:45,199 [INFO] send 13933B via direct in 614ms (0.18 Mbit/s) to 329b56ee305a1329
2026-10-06 00:30:45,202 [INFO] recv 13933B via direct in 530ms
2026-10-06 00:30:45,204 [INFO] [client-1] Round 10 — training locally…
2026-10-06 00:30:45,316 [INFO] [client-1] Round 10 — sending update…
2026-10-06 00:30:45,320 [INFO] recv 13933B via direct in 528ms
2026-10-06 00:30:45,323 [INFO] [client-6] Round 10 — training locally…
2026-10-06 00:30:45,409 [INFO] [client-6] Round 10 — sending update…
2026-10-06 00:30:45,412 [INFO] recv 13933B via direct in 528ms
2026-10-06 00:30:45,414 [INFO] [client-2] Round 10 — training locally…
2026-10-06 00:30:45,533 [INFO] [client-2] Round 10 — sending update…
2026-10-06 00:30:45,536 [INFO] send 13933B via direct in 617ms (0.18 Mbit/s) to 1fd388f3599316a0
2026-10-06 00:30:45,537 [INFO] recv 13933B via direct in 529ms
2026-10-06 00:30:45,539 [INFO] [client-8] Round 10 — training locally…
2026-10-06 00:30:45,664 [INFO] [client-8] Round 10 — sending update…
2026-10-06 00:30:45,667 [INFO] send 13933B via direct in 616ms (0.18 Mbit/s) to 18ee1b496c44cbb7
2026-10-06 00:30:45,669 [INFO] send 13933B via direct in 615ms (0.18 Mbit/s) to b838e989d67bd1ba
2026-10-06 00:30:45,670 [INFO] send 13933B via direct in 614ms (0.18 Mbit/s) to 0e4d2f9c8d6252fa
2026-10-06 00:30:45,671 [INFO] recv 13933B via direct in 529ms
2026-10-06 00:30:45,673 [INFO] [client-9] Round 10 — training locally…
2026-10-06 00:30:45,766 [INFO] [client-9] Round 10 — sending update…
2026-10-06 00:30:45,769 [INFO] Round 10 — waiting for 10 updates…
2026-10-06 00:30:45,782 [INFO] send 13933B via direct in 983ms (0.11 Mbit/s) to b3491737cb0d3231
2026-10-06 00:30:45,801 [INFO] [client-5] Round 10 done — loss=0.9804 acc=0.5505  1.4s
2026-10-06 00:30:45,802 [INFO] [client-5] Round 11 — receiving model…
2026-10-06 00:30:45,805 [INFO] send 13933B via direct in 891ms (0.13 Mbit/s) to b3491737cb0d3231
2026-10-06 00:30:45,825 [INFO] [client-7] Round 10 done — loss=1.0276 acc=0.4533  1.5s
2026-10-06 00:30:45,826 [INFO] [client-7] Round 11 — receiving model…
2026-10-06 00:30:45,830 [INFO] recv 13933B via direct in 721ms
2026-10-06 00:30:45,836 [INFO] recv 13933B via direct in 744ms
2026-10-06 00:30:45,838 [INFO] recv 13933B via direct in 634ms
2026-10-06 00:30:45,847 [INFO] send 13933B via direct in 881ms (0.13 Mbit/s) to b3491737cb0d3231
2026-10-06 00:30:45,866 [INFO] [client-0] Round 10 done — loss=1.0568 acc=0.4484  1.5s
2026-10-06 00:30:45,867 [INFO] [client-0] Round 11 — receiving model…
2026-10-06 00:30:45,873 [INFO] recv 13933B via direct in 198ms
2026-10-06 00:30:45,875 [INFO] recv 13933B via direct in 95ms
2026-10-06 00:30:45,877 [INFO] recv 13933B via direct in 95ms
2026-10-06 00:30:45,878 [INFO] recv 13933B via direct in 96ms
2026-10-06 00:30:45,881 [INFO] recv 13933B via direct in 96ms
2026-10-06 00:30:45,884 [INFO] send 13933B via direct in 804ms (0.14 Mbit/s) to b3491737cb0d3231
2026-10-06 00:30:45,901 [INFO] [client-4] Round 10 done — loss=1.0152 acc=0.4876  1.6s
2026-10-06 00:30:45,902 [INFO] [client-4] Round 11 — receiving model…
2026-10-06 00:30:45,903 [INFO] send 13933B via direct in 564ms (0.20 Mbit/s) to b3491737cb0d3231
2026-10-06 00:30:45,922 [INFO] [client-1] Round 10 done — loss=1.0617 acc=0.4238  1.6s
2026-10-06 00:30:45,923 [INFO] [client-1] Round 11 — receiving model…
2026-10-06 00:30:45,924 [INFO] send 13933B via direct in 472ms (0.24 Mbit/s) to b3491737cb0d3231
2026-10-06 00:30:45,942 [INFO] [client-6] Round 10 done — loss=1.0150 acc=0.4903  1.5s
2026-10-06 00:30:45,943 [INFO] [client-6] Round 11 — receiving model…
2026-10-06 00:30:45,945 [INFO] send 13933B via direct in 349ms (0.32 Mbit/s) to b3491737cb0d3231
2026-10-06 00:30:45,964 [INFO] [client-2] Round 10 done — loss=0.9666 acc=0.5285  1.7s
2026-10-06 00:30:45,965 [INFO] [client-2] Round 11 — receiving model…
2026-10-06 00:30:45,966 [INFO] recv 13933B via direct in 109ms
2026-10-06 00:30:45,970 [INFO] send 13933B via direct in 302ms (0.37 Mbit/s) to b3491737cb0d3231
2026-10-06 00:30:45,984 [INFO] [client-8] Round 10 done — loss=0.7652 acc=0.7088  1.7s
2026-10-06 00:30:45,985 [INFO] [client-8] Round 11 — receiving model…
2026-10-06 00:30:45,986 [INFO] send 13933B via direct in 777ms (0.14 Mbit/s) to b3491737cb0d3231
2026-10-06 00:30:46,006 [INFO] [client-3] Round 10 done — loss=1.0453 acc=0.4468  1.7s
2026-10-06 00:30:46,007 [INFO] [client-3] Round 11 — receiving model…
2026-10-06 00:30:46,008 [INFO] send 13933B via direct in 200ms (0.56 Mbit/s) to b3491737cb0d3231
2026-10-06 00:30:46,028 [INFO] [client-9] Round 10 done — loss=1.0063 acc=0.5183  1.6s
2026-10-06 00:30:46,029 [INFO] [client-9] Round 11 — receiving model…
2026-10-06 00:30:46,030 [INFO] recv 13933B via direct in 123ms
2026-10-06 00:30:46,053 [INFO] Round 10/20  acc=0.4586  loss=1.0668  1.6s  clients=10
2026-10-06 00:30:46,054 [INFO] Round 11 — sending model to 10 clients…
2026-10-06 00:30:46,195 [INFO] recv 13933B via direct in 61ms
2026-10-06 00:30:46,198 [INFO] [client-4] Round 11 — training locally…
2026-10-06 00:30:46,302 [INFO] [client-4] Round 11 — sending update…
2026-10-06 00:30:46,311 [INFO] send 13933B via direct in 249ms (0.45 Mbit/s) to 18ee1b496c44cbb7
2026-10-06 00:30:46,313 [INFO] send 13933B via direct in 247ms (0.45 Mbit/s) to 593409304269aab0
2026-10-06 00:30:46,314 [INFO] send 13933B via direct in 246ms (0.45 Mbit/s) to 1fd388f3599316a0
2026-10-06 00:30:46,315 [INFO] send 13933B via direct in 250ms (0.45 Mbit/s) to 329b56ee305a1329
2026-10-06 00:30:46,316 [INFO] send 13933B via direct in 249ms (0.45 Mbit/s) to 1f8ceb158f293017
2026-10-06 00:30:46,318 [INFO] send 13933B via direct in 248ms (0.45 Mbit/s) to 0e4d2f9c8d6252fa
2026-10-06 00:30:46,319 [INFO] send 13933B via direct in 247ms (0.45 Mbit/s) to d1da3504a323f5fe
2026-10-06 00:30:46,320 [INFO] send 13933B via direct in 246ms (0.45 Mbit/s) to af99eedff40e0b8d
2026-10-06 00:30:46,322 [INFO] send 13933B via direct in 246ms (0.45 Mbit/s) to 72db93efdc921272
2026-10-06 00:30:46,323 [INFO] recv 13933B via direct in 163ms
2026-10-06 00:30:46,325 [INFO] [client-7] Round 11 — training locally…
2026-10-06 00:30:46,420 [INFO] [client-7] Round 11 — sending update…
2026-10-06 00:30:46,423 [INFO] send 13933B via direct in 246ms (0.45 Mbit/s) to b838e989d67bd1ba
2026-10-06 00:30:46,424 [INFO] recv 13933B via direct in 168ms
2026-10-06 00:30:46,426 [INFO] [client-1] Round 11 — training locally…
2026-10-06 00:30:46,523 [INFO] [client-1] Round 11 — sending update…
2026-10-06 00:30:46,526 [INFO] recv 13933B via direct in 168ms
2026-10-06 00:30:46,529 [INFO] [client-0] Round 11 — training locally…
2026-10-06 00:30:46,603 [INFO] [client-0] Round 11 — sending update…
2026-10-06 00:30:46,606 [INFO] recv 13933B via direct in 177ms
2026-10-06 00:30:46,608 [INFO] [client-8] Round 11 — training locally…
2026-10-06 00:30:46,719 [INFO] [client-8] Round 11 — sending update…
2026-10-06 00:30:46,722 [INFO] recv 13933B via direct in 174ms
2026-10-06 00:30:46,724 [INFO] [client-2] Round 11 — training locally…
2026-10-06 00:30:46,819 [INFO] [client-2] Round 11 — sending update…
2026-10-06 00:30:46,822 [INFO] recv 13933B via direct in 171ms
2026-10-06 00:30:46,825 [INFO] [client-9] Round 11 — training locally…
2026-10-06 00:30:46,929 [INFO] [client-9] Round 11 — sending update…
2026-10-06 00:30:46,932 [INFO] recv 13933B via direct in 167ms
2026-10-06 00:30:46,935 [INFO] [client-5] Round 11 — training locally…
2026-10-06 00:30:47,031 [INFO] [client-5] Round 11 — sending update…
2026-10-06 00:30:47,033 [INFO] recv 13933B via direct in 167ms
2026-10-06 00:30:47,036 [INFO] [client-3] Round 11 — training locally…
2026-10-06 00:30:47,139 [INFO] [client-3] Round 11 — sending update…
2026-10-06 00:30:47,142 [INFO] recv 13933B via direct in 165ms
2026-10-06 00:30:47,146 [INFO] [client-6] Round 11 — training locally…
2026-10-06 00:30:47,238 [INFO] [client-6] Round 11 — sending update…
2026-10-06 00:30:47,241 [INFO] Round 11 — waiting for 10 updates…
2026-10-06 00:30:47,326 [INFO] recv 13933B via direct in 80ms
2026-10-06 00:30:47,341 [INFO] recv 13933B via direct in 90ms
2026-10-06 00:30:47,348 [INFO] recv 13933B via direct in 92ms
2026-10-06 00:30:47,353 [INFO] recv 13933B via direct in 92ms
2026-10-06 00:30:47,357 [INFO] recv 13933B via direct in 93ms
2026-10-06 00:30:47,362 [INFO] recv 13933B via direct in 93ms
2026-10-06 00:30:47,367 [INFO] recv 13933B via direct in 94ms
2026-10-06 00:30:47,376 [INFO] recv 13933B via direct in 122ms
2026-10-06 00:30:47,379 [INFO] recv 13933B via direct in 122ms
2026-10-06 00:30:47,382 [INFO] send 13933B via direct in 1067ms (0.10 Mbit/s) to b3491737cb0d3231
2026-10-06 00:30:47,488 [INFO] [client-4] Round 11 done — loss=1.0098 acc=0.4880  1.6s
2026-10-06 00:30:47,489 [INFO] [client-4] Round 12 — receiving model…
2026-10-06 00:30:47,491 [INFO] send 13933B via direct in 951ms (0.12 Mbit/s) to b3491737cb0d3231
2026-10-06 00:30:47,514 [INFO] [client-7] Round 11 done — loss=1.0295 acc=0.4639  1.7s
2026-10-06 00:30:47,516 [INFO] [client-7] Round 12 — receiving model…
2026-10-06 00:30:47,517 [INFO] send 13933B via direct in 847ms (0.13 Mbit/s) to b3491737cb0d3231
2026-10-06 00:30:47,542 [INFO] [client-1] Round 11 done — loss=1.0599 acc=0.4224  1.6s
2026-10-06 00:30:47,543 [INFO] [client-1] Round 12 — receiving model…
2026-10-06 00:30:47,545 [INFO] send 13933B via direct in 767ms (0.15 Mbit/s) to b3491737cb0d3231
2026-10-06 00:30:47,564 [INFO] [client-0] Round 11 done — loss=1.0529 acc=0.4596  1.7s
2026-10-06 00:30:47,565 [INFO] [client-0] Round 12 — receiving model…
2026-10-06 00:30:47,566 [INFO] send 13933B via direct in 652ms (0.17 Mbit/s) to b3491737cb0d3231
2026-10-06 00:30:47,584 [INFO] [client-8] Round 11 done — loss=0.7630 acc=0.7153  1.6s
2026-10-06 00:30:47,585 [INFO] [client-8] Round 12 — receiving model…
2026-10-06 00:30:47,586 [INFO] send 13933B via direct in 552ms (0.20 Mbit/s) to b3491737cb0d3231
2026-10-06 00:30:47,610 [INFO] [client-2] Round 11 done — loss=0.9595 acc=0.5213  1.6s
2026-10-06 00:30:47,611 [INFO] [client-2] Round 12 — receiving model…
2026-10-06 00:30:47,612 [INFO] send 13933B via direct in 442ms (0.25 Mbit/s) to b3491737cb0d3231
2026-10-06 00:30:47,630 [INFO] [client-9] Round 11 done — loss=1.0111 acc=0.5218  1.6s
2026-10-06 00:30:47,631 [INFO] [client-9] Round 12 — receiving model…
2026-10-06 00:30:47,632 [INFO] send 13933B via direct in 341ms (0.33 Mbit/s) to b3491737cb0d3231
2026-10-06 00:30:47,655 [INFO] [client-5] Round 11 done — loss=0.9815 acc=0.5515  1.9s
2026-10-06 00:30:47,656 [INFO] [client-5] Round 12 — receiving model…
2026-10-06 00:30:47,657 [INFO] send 13933B via direct in 233ms (0.48 Mbit/s) to b3491737cb0d3231
2026-10-06 00:30:47,679 [INFO] [client-3] Round 11 done — loss=1.0444 acc=0.4475  1.7s
2026-10-06 00:30:47,680 [INFO] [client-3] Round 12 — receiving model…
2026-10-06 00:30:47,682 [INFO] recv 13933B via direct in 173ms
2026-10-06 00:30:47,702 [INFO] Round 11/20  acc=0.4575  loss=1.0663  1.6s  clients=10
2026-10-06 00:30:47,703 [INFO] Round 12 — sending model to 10 clients…
2026-10-06 00:30:47,716 [INFO] send 13933B via direct in 441ms (0.25 Mbit/s) to b3491737cb0d3231
2026-10-06 00:30:47,737 [INFO] [client-6] Round 11 done — loss=1.0139 acc=0.4906  1.8s
2026-10-06 00:30:47,738 [INFO] [client-6] Round 12 — receiving model…
2026-10-06 00:30:47,845 [INFO] recv 13933B via direct in 57ms
2026-10-06 00:30:47,853 [INFO] [client-5] Round 12 — training locally…
2026-10-06 00:30:48,009 [INFO] [client-5] Round 12 — sending update…
2026-10-06 00:30:48,016 [INFO] recv 13933B via direct in 61ms
2026-10-06 00:30:48,018 [INFO] [client-4] Round 12 — training locally…
2026-10-06 00:30:48,107 [INFO] [client-4] Round 12 — sending update…
2026-10-06 00:30:48,115 [INFO] send 13933B via direct in 307ms (0.36 Mbit/s) to d1da3504a323f5fe
2026-10-06 00:30:48,116 [INFO] send 13933B via direct in 305ms (0.37 Mbit/s) to 18ee1b496c44cbb7
2026-10-06 00:30:48,117 [INFO] send 13933B via direct in 304ms (0.37 Mbit/s) to af99eedff40e0b8d
2026-10-06 00:30:48,118 [INFO] send 13933B via direct in 304ms (0.37 Mbit/s) to 0e4d2f9c8d6252fa
2026-10-06 00:30:48,118 [INFO] send 13933B via direct in 303ms (0.37 Mbit/s) to 72db93efdc921272
2026-10-06 00:30:48,119 [INFO] send 13933B via direct in 303ms (0.37 Mbit/s) to 1f8ceb158f293017
2026-10-06 00:30:48,120 [INFO] send 13933B via direct in 301ms (0.37 Mbit/s) to 329b56ee305a1329
2026-10-06 00:30:48,121 [INFO] send 13933B via direct in 301ms (0.37 Mbit/s) to 593409304269aab0
2026-10-06 00:30:48,122 [INFO] send 13933B via direct in 301ms (0.37 Mbit/s) to 1fd388f3599316a0
2026-10-06 00:30:48,124 [INFO] send 13933B via direct in 302ms (0.37 Mbit/s) to b838e989d67bd1ba
2026-10-06 00:30:48,124 [INFO] recv 13933B via direct in 325ms
2026-10-06 00:30:48,126 [INFO] [client-6] Round 12 — training locally…
2026-10-06 00:30:48,234 [INFO] [client-6] Round 12 — sending update…
2026-10-06 00:30:48,236 [INFO] recv 13933B via direct in 324ms
2026-10-06 00:30:48,238 [INFO] [client-9] Round 12 — training locally…
2026-10-06 00:30:48,332 [INFO] [client-9] Round 12 — sending update…
2026-10-06 00:30:48,337 [INFO] recv 13933B via direct in 324ms
2026-10-06 00:30:48,339 [INFO] [client-7] Round 12 — training locally…
2026-10-06 00:30:48,456 [INFO] [client-7] Round 12 — sending update…
2026-10-06 00:30:48,459 [INFO] recv 13933B via direct in 324ms
2026-10-06 00:30:48,462 [INFO] [client-2] Round 12 — training locally…
2026-10-06 00:30:48,557 [INFO] [client-2] Round 12 — sending update…
2026-10-06 00:30:48,559 [INFO] recv 13933B via direct in 322ms
2026-10-06 00:30:48,561 [INFO] [client-3] Round 12 — training locally…
2026-10-06 00:30:48,660 [INFO] [client-3] Round 12 — sending update…
2026-10-06 00:30:48,663 [INFO] recv 13933B via direct in 322ms
2026-10-06 00:30:48,666 [INFO] [client-8] Round 12 — training locally…
2026-10-06 00:30:48,771 [INFO] [client-8] Round 12 — sending update…
2026-10-06 00:30:48,774 [INFO] recv 13933B via direct in 322ms
2026-10-06 00:30:48,778 [INFO] [client-1] Round 12 — training locally…
2026-10-06 00:30:48,869 [INFO] [client-1] Round 12 — sending update…
2026-10-06 00:30:48,871 [INFO] recv 13933B via direct in 321ms
2026-10-06 00:30:48,873 [INFO] [client-0] Round 12 — training locally…
2026-10-06 00:30:48,946 [INFO] [client-0] Round 12 — sending update…
2026-10-06 00:30:48,949 [INFO] Round 12 — waiting for 10 updates…
2026-10-06 00:30:48,968 [INFO] recv 13933B via direct in 844ms
2026-10-06 00:30:48,993 [WARNING] transfer attempt 1/3 failed (stream not acknowledged: IrohError:  closed by peer: 0) — retrying
2026-10-06 00:30:49,029 [INFO] recv 13933B via direct in 76ms
2026-10-06 00:30:49,036 [INFO] recv 13933B via direct in 83ms
2026-10-06 00:30:49,039 [INFO] recv 13933B via direct in 83ms
2026-10-06 00:30:49,044 [INFO] recv 13933B via direct in 83ms
2026-10-06 00:30:49,053 [INFO] recv 13933B via direct in 98ms
2026-10-06 00:30:49,057 [INFO] recv 13933B via direct in 98ms
2026-10-06 00:30:49,062 [INFO] recv 13933B via direct in 99ms
2026-10-06 00:30:49,066 [INFO] recv 13933B via direct in 99ms
2026-10-06 00:30:49,073 [INFO] send 13933B via direct in 297ms (0.38 Mbit/s) to b3491737cb0d3231
2026-10-06 00:30:49,099 [INFO] [client-8] Round 12 done — loss=0.7658 acc=0.7105  1.5s
2026-10-06 00:30:49,101 [INFO] [client-8] Round 13 — receiving model…
2026-10-06 00:30:49,102 [INFO] send 13933B via direct in 961ms (0.12 Mbit/s) to b3491737cb0d3231
2026-10-06 00:30:49,126 [INFO] [client-4] Round 12 done — loss=1.0213 acc=0.4900  1.6s
2026-10-06 00:30:49,127 [INFO] [client-4] Round 13 — receiving model…
2026-10-06 00:30:49,128 [INFO] send 13933B via direct in 835ms (0.13 Mbit/s) to b3491737cb0d3231
2026-10-06 00:30:49,141 [INFO] [client-6] Round 12 done — loss=1.0159 acc=0.4837  1.4s
2026-10-06 00:30:49,142 [INFO] [client-6] Round 13 — receiving model…
2026-10-06 00:30:49,143 [INFO] send 13933B via direct in 737ms (0.15 Mbit/s) to b3491737cb0d3231
2026-10-06 00:30:49,157 [INFO] [client-9] Round 12 done — loss=1.0144 acc=0.5165  1.5s
2026-10-06 00:30:49,158 [INFO] [client-9] Round 13 — receiving model…
2026-10-06 00:30:49,159 [INFO] send 13933B via direct in 613ms (0.18 Mbit/s) to b3491737cb0d3231
2026-10-06 00:30:49,173 [INFO] [client-7] Round 12 done — loss=1.0303 acc=0.4639  1.7s
2026-10-06 00:30:49,174 [INFO] [client-7] Round 13 — receiving model…
2026-10-06 00:30:49,175 [INFO] send 13933B via direct in 513ms (0.22 Mbit/s) to b3491737cb0d3231
2026-10-06 00:30:49,190 [INFO] [client-2] Round 12 done — loss=0.9677 acc=0.5179  1.6s
2026-10-06 00:30:49,192 [INFO] [client-2] Round 13 — receiving model…
2026-10-06 00:30:49,193 [INFO] send 13933B via direct in 410ms (0.27 Mbit/s) to b3491737cb0d3231
2026-10-06 00:30:49,210 [INFO] [client-3] Round 12 done — loss=1.0439 acc=0.4530  1.5s
2026-10-06 00:30:49,211 [INFO] [client-3] Round 13 — receiving model…
2026-10-06 00:30:49,213 [INFO] send 13933B via direct in 202ms (0.55 Mbit/s) to b3491737cb0d3231
2026-10-06 00:30:49,227 [INFO] [client-1] Round 12 done — loss=1.0598 acc=0.4196  1.7s
2026-10-06 00:30:49,228 [INFO] [client-1] Round 13 — receiving model…
2026-10-06 00:30:49,231 [INFO] send 13933B via direct in 281ms (0.40 Mbit/s) to b3491737cb0d3231
2026-10-06 00:30:49,248 [INFO] [client-0] Round 12 done — loss=1.0543 acc=0.4501  1.7s
2026-10-06 00:30:49,249 [INFO] [client-0] Round 13 — receiving model…
2026-10-06 00:30:49,250 [INFO] recv 13933B via direct in 205ms
2026-10-06 00:30:49,274 [INFO] Round 12/20  acc=0.4639  loss=1.0576  1.6s  clients=10
2026-10-06 00:30:49,276 [INFO] Round 13 — sending model to 10 clients…
2026-10-06 00:30:49,414 [INFO] recv 13933B via direct in 58ms
2026-10-06 00:30:49,421 [INFO] [client-7] Round 13 — training locally…
2026-10-06 00:30:49,613 [INFO] [client-7] Round 13 — sending update…
2026-10-06 00:30:49,625 [INFO] send 13933B via direct in 338ms (0.33 Mbit/s) to 72db93efdc921272
2026-10-06 00:30:49,626 [INFO] send 13933B via direct in 337ms (0.33 Mbit/s) to 1f8ceb158f293017
2026-10-06 00:30:49,627 [INFO] send 13933B via direct in 337ms (0.33 Mbit/s) to 329b56ee305a1329
2026-10-06 00:30:49,629 [INFO] send 13933B via direct in 335ms (0.33 Mbit/s) to b838e989d67bd1ba
2026-10-06 00:30:49,630 [INFO] send 13933B via direct in 335ms (0.33 Mbit/s) to 18ee1b496c44cbb7
2026-10-06 00:30:49,631 [INFO] send 13933B via direct in 334ms (0.33 Mbit/s) to 1fd388f3599316a0
2026-10-06 00:30:49,633 [INFO] send 13933B via direct in 333ms (0.34 Mbit/s) to 593409304269aab0
2026-10-06 00:30:49,634 [INFO] send 13933B via direct in 333ms (0.34 Mbit/s) to 0e4d2f9c8d6252fa
2026-10-06 00:30:49,635 [INFO] send 13933B via direct in 333ms (0.34 Mbit/s) to d1da3504a323f5fe
2026-10-06 00:30:49,637 [INFO] send 13933B via direct in 339ms (0.33 Mbit/s) to af99eedff40e0b8d
2026-10-06 00:30:49,638 [INFO] recv 13933B via direct in 254ms
2026-10-06 00:30:49,641 [INFO] [client-4] Round 13 — training locally…
2026-10-06 00:30:49,760 [INFO] [client-4] Round 13 — sending update…
2026-10-06 00:30:49,762 [INFO] recv 13933B via direct in 254ms
2026-10-06 00:30:49,766 [INFO] [client-0] Round 13 — training locally…
2026-10-06 00:30:49,836 [INFO] [client-0] Round 13 — sending update…
2026-10-06 00:30:49,838 [INFO] recv 13933B via direct in 254ms
2026-10-06 00:30:49,841 [INFO] [client-1] Round 13 — training locally…
2026-10-06 00:30:49,935 [INFO] [client-1] Round 13 — sending update…
2026-10-06 00:30:49,938 [INFO] recv 13933B via direct in 254ms
2026-10-06 00:30:49,942 [INFO] [client-9] Round 13 — training locally…
2026-10-06 00:30:50,027 [INFO] [client-9] Round 13 — sending update…
2026-10-06 00:30:50,030 [INFO] recv 13933B via direct in 263ms
2026-10-06 00:30:50,033 [INFO] [client-2] Round 13 — training locally…
2026-10-06 00:30:50,140 [INFO] [client-2] Round 13 — sending update…
2026-10-06 00:30:50,142 [INFO] recv 13933B via direct in 267ms
2026-10-06 00:30:50,145 [INFO] [client-6] Round 13 — training locally…
2026-10-06 00:30:50,247 [INFO] [client-6] Round 13 — sending update…
2026-10-06 00:30:50,250 [INFO] recv 13933B via direct in 261ms
2026-10-06 00:30:50,252 [INFO] [client-8] Round 13 — training locally…
2026-10-06 00:30:50,351 [INFO] [client-8] Round 13 — sending update…
2026-10-06 00:30:50,355 [INFO] recv 13933B via direct in 261ms
2026-10-06 00:30:50,357 [INFO] [client-3] Round 13 — training locally…
2026-10-06 00:30:50,450 [INFO] [client-3] Round 13 — sending update…
2026-10-06 00:30:50,453 [INFO] Round 13 — waiting for 10 updates…
2026-10-06 00:30:50,538 [INFO] recv 13933B via direct in 79ms
2026-10-06 00:30:50,549 [INFO] recv 13933B via direct in 88ms
2026-10-06 00:30:50,554 [INFO] recv 13933B via direct in 89ms
2026-10-06 00:30:50,558 [INFO] recv 13933B via direct in 89ms
2026-10-06 00:30:50,562 [INFO] recv 13933B via direct in 90ms
2026-10-06 00:30:50,566 [INFO] recv 13933B via direct in 90ms
2026-10-06 00:30:50,571 [INFO] recv 13933B via direct in 95ms
2026-10-06 00:30:50,576 [INFO] recv 13933B via direct in 108ms
2026-10-06 00:30:50,579 [INFO] send 13933B via direct in 955ms (0.12 Mbit/s) to b3491737cb0d3231
2026-10-06 00:30:50,610 [INFO] [client-7] Round 13 done — loss=1.0290 acc=0.4540  1.4s
2026-10-06 00:30:50,612 [INFO] [client-7] Round 14 — receiving model…
2026-10-06 00:30:50,613 [INFO] send 13933B via direct in 809ms (0.14 Mbit/s) to b3491737cb0d3231
2026-10-06 00:30:50,635 [INFO] [client-4] Round 13 done — loss=1.0114 acc=0.4969  1.5s
2026-10-06 00:30:50,636 [INFO] [client-4] Round 14 — receiving model…
2026-10-06 00:30:50,637 [INFO] send 13933B via direct in 733ms (0.15 Mbit/s) to b3491737cb0d3231
2026-10-06 00:30:50,657 [INFO] [client-0] Round 13 done — loss=1.0513 acc=0.4614  1.4s
2026-10-06 00:30:50,658 [INFO] [client-0] Round 14 — receiving model…
2026-10-06 00:30:50,660 [INFO] send 13933B via direct in 637ms (0.18 Mbit/s) to b3491737cb0d3231
2026-10-06 00:30:50,684 [INFO] [client-1] Round 13 done — loss=1.0616 acc=0.4049  1.5s
2026-10-06 00:30:50,685 [INFO] [client-1] Round 14 — receiving model…
2026-10-06 00:30:50,686 [INFO] send 13933B via direct in 546ms (0.20 Mbit/s) to b3491737cb0d3231
2026-10-06 00:30:50,711 [INFO] [client-9] Round 13 done — loss=1.0073 acc=0.5249  1.6s
2026-10-06 00:30:50,712 [INFO] [client-9] Round 14 — receiving model…
2026-10-06 00:30:50,713 [INFO] send 13933B via direct in 434ms (0.26 Mbit/s) to b3491737cb0d3231
2026-10-06 00:30:50,731 [INFO] [client-2] Round 13 done — loss=0.9667 acc=0.5268  1.5s
2026-10-06 00:30:50,732 [INFO] [client-2] Round 14 — receiving model…
2026-10-06 00:30:50,734 [INFO] send 13933B via direct in 410ms (0.27 Mbit/s) to b3491737cb0d3231
2026-10-06 00:30:50,762 [INFO] [client-6] Round 13 done — loss=1.0149 acc=0.4882  1.6s
2026-10-06 00:30:50,763 [INFO] [client-6] Round 14 — receiving model…
2026-10-06 00:30:50,764 [INFO] send 13933B via direct in 305ms (0.37 Mbit/s) to b3491737cb0d3231
2026-10-06 00:30:50,783 [INFO] [client-8] Round 13 done — loss=0.7656 acc=0.7098  1.7s
2026-10-06 00:30:50,784 [INFO] [client-8] Round 14 — receiving model…
2026-10-06 00:30:50,786 [INFO] send 13933B via direct in 2723ms (0.04 Mbit/s) to b3491737cb0d3231 (attempt 2)
2026-10-06 00:30:50,801 [INFO] [client-5] Round 12 done — loss=0.9727 acc=0.5563  3.1s
2026-10-06 00:30:50,802 [INFO] [client-5] Round 13 — receiving model…
2026-10-06 00:30:50,803 [INFO] recv 13933B via direct in 255ms
2026-10-06 00:30:50,807 [INFO] [client-5] Round 13 — training locally…
2026-10-06 00:30:50,901 [INFO] [client-5] Round 13 — sending update…
2026-10-06 00:30:50,903 [INFO] send 13933B via direct in 281ms (0.40 Mbit/s) to b3491737cb0d3231
2026-10-06 00:30:50,926 [INFO] [client-3] Round 13 done — loss=1.0443 acc=0.4420  1.7s
2026-10-06 00:30:50,929 [INFO] [client-3] Round 14 — receiving model…
2026-10-06 00:30:50,930 [INFO] recv 13933B via direct in 255ms
2026-10-06 00:30:50,933 [INFO] recv 13933B via direct in 252ms
2026-10-06 00:30:50,961 [INFO] Round 13/20  acc=0.4605  loss=1.0649  1.7s  clients=10
2026-10-06 00:30:50,962 [INFO] Round 14 — sending model to 10 clients…
2026-10-06 00:30:51,090 [INFO] send 13933B via direct in 186ms (0.60 Mbit/s) to b3491737cb0d3231
2026-10-06 00:30:51,121 [INFO] [client-5] Round 13 done — loss=0.9722 acc=0.5474  0.3s
2026-10-06 00:30:51,122 [INFO] [client-5] Round 14 — receiving model…
2026-10-06 00:30:51,129 [INFO] recv 13933B via direct in 83ms
2026-10-06 00:30:51,132 [INFO] [client-2] Round 14 — training locally…
2026-10-06 00:30:51,224 [INFO] [client-2] Round 14 — sending update…
2026-10-06 00:30:51,226 [INFO] recv 13933B via direct in 82ms
2026-10-06 00:30:51,228 [INFO] [client-4] Round 14 — training locally…
2026-10-06 00:30:51,332 [INFO] [client-4] Round 14 — sending update…
2026-10-06 00:30:51,335 [INFO] recv 13933B via direct in 80ms
2026-10-06 00:30:51,338 [INFO] [client-3] Round 14 — training locally…
2026-10-06 00:30:51,434 [INFO] [client-3] Round 14 — sending update…
2026-10-06 00:30:51,438 [INFO] recv 13933B via direct in 77ms
2026-10-06 00:30:51,441 [INFO] [client-8] Round 14 — training locally…
2026-10-06 00:30:51,530 [INFO] [client-8] Round 14 — sending update…
2026-10-06 00:30:51,533 [INFO] recv 13933B via direct in 75ms
2026-10-06 00:30:51,536 [INFO] [client-1] Round 14 — training locally…
2026-10-06 00:30:51,638 [INFO] [client-1] Round 14 — sending update…
2026-10-06 00:30:51,642 [INFO] recv 13933B via direct in 75ms
2026-10-06 00:30:51,644 [INFO] [client-5] Round 14 — training locally…
2026-10-06 00:30:51,737 [INFO] [client-5] Round 14 — sending update…
2026-10-06 00:30:51,739 [INFO] recv 13933B via direct in 72ms
2026-10-06 00:30:51,741 [INFO] [client-6] Round 14 — training locally…
2026-10-06 00:30:51,848 [INFO] [client-6] Round 14 — sending update…
2026-10-06 00:30:51,850 [INFO] recv 13933B via direct in 70ms
2026-10-06 00:30:51,853 [INFO] [client-0] Round 14 — training locally…
2026-10-06 00:30:51,932 [INFO] [client-0] Round 14 — sending update…
2026-10-06 00:30:51,936 [INFO] recv 13933B via direct in 70ms
2026-10-06 00:30:51,938 [INFO] [client-9] Round 14 — training locally…
2026-10-06 00:30:52,037 [INFO] [client-9] Round 14 — sending update…
2026-10-06 00:30:52,044 [INFO] recv 13933B via direct in 68ms
2026-10-06 00:30:52,047 [INFO] [client-7] Round 14 — training locally…
2026-10-06 00:30:52,147 [INFO] [client-7] Round 14 — sending update…
2026-10-06 00:30:52,170 [INFO] send 13933B via direct in 1076ms (0.10 Mbit/s) to 18ee1b496c44cbb7
2026-10-06 00:30:52,172 [INFO] send 13933B via direct in 1182ms (0.09 Mbit/s) to 329b56ee305a1329
2026-10-06 00:30:52,173 [INFO] send 13933B via direct in 1182ms (0.09 Mbit/s) to 593409304269aab0
2026-10-06 00:30:52,174 [INFO] send 13933B via direct in 1181ms (0.09 Mbit/s) to d1da3504a323f5fe
2026-10-06 00:30:52,175 [INFO] send 13933B via direct in 1187ms (0.09 Mbit/s) to 1f8ceb158f293017
2026-10-06 00:30:52,176 [INFO] send 13933B via direct in 1184ms (0.09 Mbit/s) to b838e989d67bd1ba
2026-10-06 00:30:52,176 [INFO] send 13933B via direct in 1182ms (0.09 Mbit/s) to af99eedff40e0b8d
2026-10-06 00:30:52,177 [INFO] send 13933B via direct in 1181ms (0.09 Mbit/s) to 1fd388f3599316a0
2026-10-06 00:30:52,178 [INFO] send 13933B via direct in 1181ms (0.09 Mbit/s) to 0e4d2f9c8d6252fa
2026-10-06 00:30:52,179 [INFO] send 13933B via direct in 1181ms (0.09 Mbit/s) to 72db93efdc921272
2026-10-06 00:30:52,183 [INFO] Round 14 — waiting for 10 updates…
2026-10-06 00:30:52,184 [INFO] recv 13933B via direct in 84ms
2026-10-06 00:30:52,235 [INFO] recv 13933B via direct in 80ms
2026-10-06 00:30:52,267 [INFO] recv 13933B via direct in 97ms
2026-10-06 00:30:52,294 [INFO] recv 13933B via direct in 101ms
2026-10-06 00:30:52,299 [INFO] recv 13933B via direct in 105ms
2026-10-06 00:30:52,305 [INFO] recv 13933B via direct in 107ms
2026-10-06 00:30:52,311 [INFO] recv 13933B via direct in 135ms
2026-10-06 00:30:52,314 [INFO] recv 13933B via direct in 139ms
2026-10-06 00:30:52,318 [WARNING] Round 14 — discarding update from unselected/duplicate peer d1da3504a323f5fe
2026-10-06 00:30:52,319 [INFO] recv 13933B via direct in 122ms
2026-10-06 00:30:52,322 [INFO] send 13933B via direct in 1072ms (0.10 Mbit/s) to b3491737cb0d3231
2026-10-06 00:30:52,364 [INFO] [client-2] Round 14 done — loss=0.9713 acc=0.5209  1.6s
2026-10-06 00:30:52,365 [INFO] [client-2] Round 15 — receiving model…
2026-10-06 00:30:52,366 [INFO] send 13933B via direct in 963ms (0.12 Mbit/s) to b3491737cb0d3231
2026-10-06 00:30:52,389 [INFO] [client-4] Round 14 done — loss=1.0146 acc=0.4863  1.8s
2026-10-06 00:30:52,390 [INFO] [client-4] Round 15 — receiving model…
2026-10-06 00:30:52,391 [INFO] send 13933B via direct in 861ms (0.13 Mbit/s) to b3491737cb0d3231
2026-10-06 00:30:52,406 [INFO] [client-3] Round 14 done — loss=1.0435 acc=0.4567  1.5s
2026-10-06 00:30:52,407 [INFO] [client-3] Round 15 — receiving model…
2026-10-06 00:30:52,408 [INFO] recv 13933B via direct in 140ms
2026-10-06 00:30:52,411 [INFO] send 13933B via direct in 765ms (0.15 Mbit/s) to b3491737cb0d3231
2026-10-06 00:30:52,425 [INFO] [client-8] Round 14 done — loss=0.7629 acc=0.7119  1.6s
2026-10-06 00:30:52,427 [INFO] [client-8] Round 15 — receiving model…
2026-10-06 00:30:52,428 [INFO] send 13933B via direct in 374ms (0.30 Mbit/s) to b3491737cb0d3231
2026-10-06 00:30:52,445 [INFO] [client-0] Round 14 done — loss=1.0524 acc=0.4570  1.8s
2026-10-06 00:30:52,446 [INFO] [client-0] Round 15 — receiving model…
2026-10-06 00:30:52,447 [INFO] send 13933B via direct in 668ms (0.17 Mbit/s) to b3491737cb0d3231
2026-10-06 00:30:52,474 [INFO] [client-1] Round 14 done — loss=1.0608 acc=0.4348  1.8s
2026-10-06 00:30:52,475 [INFO] [client-1] Round 15 — receiving model…
2026-10-06 00:30:52,476 [INFO] send 13933B via direct in 571ms (0.20 Mbit/s) to b3491737cb0d3231
2026-10-06 00:30:52,493 [INFO] [client-5] Round 14 done — loss=0.9804 acc=0.5453  1.4s
2026-10-06 00:30:52,494 [INFO] [client-5] Round 15 — receiving model…
2026-10-06 00:30:52,495 [INFO] send 13933B via direct in 271ms (0.41 Mbit/s) to b3491737cb0d3231
2026-10-06 00:30:52,508 [INFO] [client-9] Round 14 done — loss=1.0131 acc=0.5249  1.8s
2026-10-06 00:30:52,509 [INFO] [client-9] Round 15 — receiving model…
2026-10-06 00:30:52,510 [INFO] send 13933B via direct in 460ms (0.24 Mbit/s) to b3491737cb0d3231
2026-10-06 00:30:52,529 [INFO] [client-6] Round 14 done — loss=1.0131 acc=0.4837  1.8s
2026-10-06 00:30:52,530 [INFO] [client-6] Round 15 — receiving model…
2026-10-06 00:30:52,532 [INFO] recv 13933B via direct in 94ms
2026-10-06 00:30:52,562 [INFO] Round 14/20  acc=0.4678  loss=1.0588  1.6s  clients=10
2026-10-06 00:30:52,564 [INFO] Round 15 — sending model to 10 clients…
2026-10-06 00:30:52,573 [INFO] send 13933B via direct in 382ms (0.29 Mbit/s) to b3491737cb0d3231
2026-10-06 00:30:52,600 [INFO] [client-7] Round 14 done — loss=1.0315 acc=0.4481  2.0s
2026-10-06 00:30:52,601 [INFO] [client-7] Round 15 — receiving model…
2026-10-06 00:30:52,698 [INFO] recv 13933B via direct in 53ms
2026-10-06 00:30:52,708 [INFO] [client-9] Round 15 — training locally…
2026-10-06 00:30:52,875 [INFO] [client-9] Round 15 — sending update…
2026-10-06 00:30:52,887 [INFO] send 13933B via direct in 313ms (0.36 Mbit/s) to 0e4d2f9c8d6252fa
2026-10-06 00:30:52,888 [INFO] send 13933B via direct in 309ms (0.36 Mbit/s) to b838e989d67bd1ba
2026-10-06 00:30:52,888 [INFO] send 13933B via direct in 312ms (0.36 Mbit/s) to af99eedff40e0b8d
2026-10-06 00:30:52,889 [INFO] send 13933B via direct in 312ms (0.36 Mbit/s) to 1fd388f3599316a0
2026-10-06 00:30:52,890 [INFO] send 13933B via direct in 311ms (0.36 Mbit/s) to 1f8ceb158f293017
2026-10-06 00:30:52,891 [INFO] send 13933B via direct in 311ms (0.36 Mbit/s) to 18ee1b496c44cbb7
2026-10-06 00:30:52,891 [INFO] send 13933B via direct in 310ms (0.36 Mbit/s) to d1da3504a323f5fe
2026-10-06 00:30:52,892 [INFO] send 13933B via direct in 310ms (0.36 Mbit/s) to 329b56ee305a1329
2026-10-06 00:30:52,893 [INFO] send 13933B via direct in 310ms (0.36 Mbit/s) to 72db93efdc921272
2026-10-06 00:30:52,894 [INFO] send 13933B via direct in 310ms (0.36 Mbit/s) to 593409304269aab0
2026-10-06 00:30:52,896 [INFO] Round 15 — waiting for 10 updates…
2026-10-06 00:30:52,896 [INFO] recv 13933B via direct in 236ms
2026-10-06 00:30:52,898 [INFO] [client-3] Round 15 — training locally…
2026-10-06 00:30:53,024 [INFO] [client-3] Round 15 — sending update…
2026-10-06 00:30:53,026 [INFO] recv 13933B via direct in 234ms
2026-10-06 00:30:53,029 [INFO] [client-5] Round 15 — training locally…
2026-10-06 00:30:53,121 [INFO] [client-5] Round 15 — sending update…
2026-10-06 00:30:53,123 [INFO] recv 13933B via direct in 233ms
2026-10-06 00:30:53,126 [INFO] [client-8] Round 15 — training locally…
2026-10-06 00:30:53,224 [INFO] [client-8] Round 15 — sending update…
2026-10-06 00:30:53,227 [INFO] recv 13933B via direct in 232ms
2026-10-06 00:30:53,229 [INFO] [client-7] Round 15 — training locally…
2026-10-06 00:30:53,326 [INFO] [client-7] Round 15 — sending update…
2026-10-06 00:30:53,329 [INFO] recv 13933B via direct in 230ms
2026-10-06 00:30:53,333 [INFO] [client-1] Round 15 — training locally…
2026-10-06 00:30:53,448 [INFO] [client-1] Round 15 — sending update…
2026-10-06 00:30:53,450 [INFO] recv 13933B via direct in 242ms
2026-10-06 00:30:53,454 [INFO] [client-6] Round 15 — training locally…
2026-10-06 00:30:53,576 [INFO] [client-6] Round 15 — sending update…
2026-10-06 00:30:53,580 [INFO] recv 13933B via direct in 242ms
2026-10-06 00:30:53,584 [INFO] [client-0] Round 15 — training locally…
2026-10-06 00:30:53,705 [INFO] [client-0] Round 15 — sending update…
2026-10-06 00:30:53,707 [INFO] recv 13933B via direct in 240ms
2026-10-06 00:30:53,712 [INFO] [client-2] Round 15 — training locally…
2026-10-06 00:30:53,845 [INFO] [client-2] Round 15 — sending update…
2026-10-06 00:30:53,847 [INFO] recv 13933B via direct in 240ms
2026-10-06 00:30:53,851 [INFO] [client-4] Round 15 — training locally…
2026-10-06 00:30:53,959 [INFO] [client-4] Round 15 — sending update…
2026-10-06 00:30:54,046 [INFO] recv 13933B via direct in 81ms
2026-10-06 00:30:54,051 [INFO] recv 13933B via direct in 84ms
2026-10-06 00:30:54,057 [INFO] recv 13933B via direct in 84ms
2026-10-06 00:30:54,063 [INFO] recv 13933B via direct in 95ms
2026-10-06 00:30:54,066 [INFO] recv 13933B via direct in 95ms
2026-10-06 00:30:54,069 [INFO] recv 13933B via direct in 95ms
2026-10-06 00:30:54,073 [INFO] recv 13933B via direct in 95ms
2026-10-06 00:30:54,084 [INFO] recv 13933B via direct in 96ms
2026-10-06 00:30:54,090 [INFO] recv 13933B via direct in 96ms
2026-10-06 00:30:54,094 [INFO] send 13933B via direct in 1210ms (0.09 Mbit/s) to b3491737cb0d3231
2026-10-06 00:30:54,120 [INFO] [client-9] Round 15 done — loss=1.0125 acc=0.5172  1.6s
2026-10-06 00:30:54,122 [INFO] [client-9] Round 16 — receiving model…
2026-10-06 00:30:54,124 [INFO] send 13933B via direct in 1062ms (0.11 Mbit/s) to b3491737cb0d3231
2026-10-06 00:30:54,145 [INFO] [client-3] Round 15 done — loss=1.0414 acc=0.4578  1.7s
2026-10-06 00:30:54,146 [INFO] [client-3] Round 16 — receiving model…
2026-10-06 00:30:54,147 [INFO] send 13933B via direct in 965ms (0.12 Mbit/s) to b3491737cb0d3231
2026-10-06 00:30:54,169 [INFO] [client-5] Round 15 done — loss=0.9739 acc=0.5519  1.7s
2026-10-06 00:30:54,170 [INFO] [client-5] Round 16 — receiving model…
2026-10-06 00:30:54,171 [INFO] send 13933B via direct in 862ms (0.13 Mbit/s) to b3491737cb0d3231
2026-10-06 00:30:54,189 [INFO] [client-8] Round 15 done — loss=0.7599 acc=0.7102  1.8s
2026-10-06 00:30:54,190 [INFO] [client-8] Round 16 — receiving model…
2026-10-06 00:30:54,191 [INFO] send 13933B via direct in 241ms (0.46 Mbit/s) to b3491737cb0d3231
2026-10-06 00:30:54,209 [INFO] [client-2] Round 15 done — loss=0.9565 acc=0.5326  1.8s
2026-10-06 00:30:54,210 [INFO] [client-2] Round 16 — receiving model…
2026-10-06 00:30:54,211 [INFO] send 13933B via direct in 760ms (0.15 Mbit/s) to b3491737cb0d3231
2026-10-06 00:30:54,231 [INFO] [client-7] Round 15 done — loss=1.0323 acc=0.4427  1.6s
2026-10-06 00:30:54,232 [INFO] [client-7] Round 16 — receiving model…
2026-10-06 00:30:54,234 [INFO] send 13933B via direct in 639ms (0.17 Mbit/s) to b3491737cb0d3231
2026-10-06 00:30:54,251 [INFO] [client-1] Round 15 done — loss=1.0586 acc=0.4207  1.8s
2026-10-06 00:30:54,252 [INFO] [client-1] Round 16 — receiving model…
2026-10-06 00:30:54,254 [INFO] send 13933B via direct in 510ms (0.22 Mbit/s) to b3491737cb0d3231
2026-10-06 00:30:54,268 [INFO] [client-6] Round 15 done — loss=1.0162 acc=0.4889  1.7s
2026-10-06 00:30:54,269 [INFO] [client-6] Round 16 — receiving model…
2026-10-06 00:30:54,270 [INFO] send 13933B via direct in 383ms (0.29 Mbit/s) to b3491737cb0d3231
2026-10-06 00:30:54,290 [INFO] [client-0] Round 15 done — loss=1.0489 acc=0.4614  1.8s
2026-10-06 00:30:54,291 [INFO] [client-0] Round 16 — receiving model…
2026-10-06 00:30:54,293 [INFO] recv 13933B via direct in 254ms
2026-10-06 00:30:54,310 [INFO] Round 15/20  acc=0.4603  loss=1.0658  1.7s  clients=10
2026-10-06 00:30:54,311 [INFO] Round 16 — sending model to 10 clients…
2026-10-06 00:30:54,322 [INFO] send 13933B via direct in 332ms (0.34 Mbit/s) to b3491737cb0d3231
2026-10-06 00:30:54,341 [INFO] [client-4] Round 15 done — loss=1.0133 acc=0.4942  2.0s
2026-10-06 00:30:54,342 [INFO] [client-4] Round 16 — receiving model…
2026-10-06 00:30:54,456 [INFO] recv 13933B via direct in 59ms
2026-10-06 00:30:54,464 [INFO] [client-8] Round 16 — training locally…
2026-10-06 00:30:54,604 [INFO] [client-8] Round 16 — sending update…
2026-10-06 00:30:54,609 [INFO] recv 13933B via direct in 59ms
2026-10-06 00:30:54,612 [INFO] [client-9] Round 16 — training locally…
2026-10-06 00:30:54,694 [INFO] [client-9] Round 16 — sending update…
2026-10-06 00:30:54,701 [INFO] send 13933B via direct in 290ms (0.39 Mbit/s) to 329b56ee305a1329
2026-10-06 00:30:54,703 [INFO] send 13933B via direct in 289ms (0.39 Mbit/s) to 18ee1b496c44cbb7
2026-10-06 00:30:54,704 [INFO] send 13933B via direct in 289ms (0.39 Mbit/s) to 1f8ceb158f293017
2026-10-06 00:30:54,704 [INFO] send 13933B via direct in 294ms (0.38 Mbit/s) to d1da3504a323f5fe
2026-10-06 00:30:54,705 [INFO] send 13933B via direct in 292ms (0.38 Mbit/s) to 1fd388f3599316a0
2026-10-06 00:30:54,706 [INFO] send 13933B via direct in 288ms (0.39 Mbit/s) to b838e989d67bd1ba
2026-10-06 00:30:54,707 [INFO] send 13933B via direct in 288ms (0.39 Mbit/s) to 593409304269aab0
2026-10-06 00:30:54,709 [INFO] send 13933B via direct in 290ms (0.39 Mbit/s) to 0e4d2f9c8d6252fa
2026-10-06 00:30:54,710 [INFO] send 13933B via direct in 289ms (0.39 Mbit/s) to 72db93efdc921272
2026-10-06 00:30:54,713 [INFO] recv 13933B via direct in 292ms
2026-10-06 00:30:54,714 [INFO] [client-1] Round 16 — training locally…
2026-10-06 00:30:54,818 [INFO] [client-1] Round 16 — sending update…
2026-10-06 00:30:54,821 [INFO] recv 13933B via direct in 302ms
2026-10-06 00:30:54,823 [INFO] [client-4] Round 16 — training locally…
2026-10-06 00:30:54,950 [INFO] [client-4] Round 16 — sending update…
2026-10-06 00:30:54,953 [INFO] recv 13933B via direct in 300ms
2026-10-06 00:30:54,957 [INFO] [client-2] Round 16 — training locally…
2026-10-06 00:30:55,064 [INFO] [client-2] Round 16 — sending update…
2026-10-06 00:30:55,067 [INFO] recv 13933B via direct in 307ms
2026-10-06 00:30:55,071 [INFO] [client-5] Round 16 — training locally…
2026-10-06 00:30:55,179 [INFO] [client-5] Round 16 — sending update…
2026-10-06 00:30:55,183 [INFO] recv 13933B via direct in 306ms
2026-10-06 00:30:55,186 [INFO] [client-0] Round 16 — training locally…
2026-10-06 00:30:55,275 [INFO] [client-0] Round 16 — sending update…
2026-10-06 00:30:55,278 [INFO] recv 13933B via direct in 299ms
2026-10-06 00:30:55,280 [INFO] [client-7] Round 16 — training locally…
2026-10-06 00:30:55,387 [INFO] [client-7] Round 16 — sending update…
2026-10-06 00:30:55,390 [INFO] recv 13933B via direct in 298ms
2026-10-06 00:30:55,394 [INFO] [client-6] Round 16 — training locally…
2026-10-06 00:30:55,487 [INFO] [client-6] Round 16 — sending update…
2026-10-06 00:30:55,490 [INFO] recv 13933B via direct in 296ms
2026-10-06 00:30:55,493 [INFO] [client-3] Round 16 — training locally…
2026-10-06 00:30:55,587 [INFO] [client-3] Round 16 — sending update…
2026-10-06 00:30:55,590 [INFO] send 13933B via direct in 288ms (0.39 Mbit/s) to af99eedff40e0b8d
2026-10-06 00:30:55,592 [INFO] Round 16 — waiting for 10 updates…
2026-10-06 00:30:55,609 [INFO] recv 13933B via direct in 901ms
2026-10-06 00:30:55,635 [WARNING] transfer attempt 1/3 failed (stream not acknowledged: IrohError:  closed by peer: 0) — retrying
2026-10-06 00:30:55,675 [INFO] recv 13933B via direct in 79ms
2026-10-06 00:30:55,693 [INFO] recv 13933B via direct in 93ms
2026-10-06 00:30:55,699 [INFO] recv 13933B via direct in 94ms
2026-10-06 00:30:55,704 [INFO] recv 13933B via direct in 94ms
2026-10-06 00:30:55,709 [INFO] recv 13933B via direct in 95ms
2026-10-06 00:30:55,713 [INFO] recv 13933B via direct in 95ms
2026-10-06 00:30:55,718 [INFO] recv 13933B via direct in 95ms
2026-10-06 00:30:55,723 [INFO] recv 13933B via direct in 99ms
2026-10-06 00:30:55,729 [INFO] send 13933B via direct in 1027ms (0.11 Mbit/s) to b3491737cb0d3231
2026-10-06 00:30:55,780 [INFO] [client-9] Round 16 done — loss=1.0108 acc=0.5253  1.7s
2026-10-06 00:30:55,781 [INFO] [client-9] Round 17 — receiving model…
2026-10-06 00:30:55,784 [INFO] send 13933B via direct in 907ms (0.12 Mbit/s) to b3491737cb0d3231
2026-10-06 00:30:55,800 [INFO] [client-1] Round 16 done — loss=1.0558 acc=0.4258  1.5s
2026-10-06 00:30:55,801 [INFO] [client-1] Round 17 — receiving model…
2026-10-06 00:30:55,802 [INFO] send 13933B via direct in 775ms (0.14 Mbit/s) to b3491737cb0d3231
2026-10-06 00:30:55,817 [INFO] [client-4] Round 16 done — loss=1.0111 acc=0.4942  1.5s
2026-10-06 00:30:55,818 [INFO] [client-4] Round 17 — receiving model…
2026-10-06 00:30:55,819 [INFO] send 13933B via direct in 661ms (0.17 Mbit/s) to b3491737cb0d3231
2026-10-06 00:30:55,834 [INFO] [client-2] Round 16 done — loss=0.9545 acc=0.5220  1.6s
2026-10-06 00:30:55,835 [INFO] [client-2] Round 17 — receiving model…
2026-10-06 00:30:55,836 [INFO] send 13933B via direct in 546ms (0.20 Mbit/s) to b3491737cb0d3231
2026-10-06 00:30:55,850 [INFO] [client-5] Round 16 done — loss=0.9731 acc=0.5495  1.7s
2026-10-06 00:30:55,852 [INFO] [client-5] Round 17 — receiving model…
2026-10-06 00:30:55,853 [INFO] send 13933B via direct in 451ms (0.25 Mbit/s) to b3491737cb0d3231
2026-10-06 00:30:55,875 [INFO] [client-0] Round 16 done — loss=1.0497 acc=0.4657  1.6s
2026-10-06 00:30:55,876 [INFO] [client-0] Round 17 — receiving model…
2026-10-06 00:30:55,877 [INFO] send 13933B via direct in 339ms (0.33 Mbit/s) to b3491737cb0d3231
2026-10-06 00:30:55,898 [INFO] [client-7] Round 16 done — loss=1.0281 acc=0.4547  1.7s
2026-10-06 00:30:55,899 [INFO] [client-7] Round 17 — receiving model…
2026-10-06 00:30:55,900 [INFO] send 13933B via direct in 239ms (0.47 Mbit/s) to b3491737cb0d3231
2026-10-06 00:30:55,919 [INFO] [client-6] Round 16 done — loss=1.0118 acc=0.4962  1.6s
2026-10-06 00:30:55,920 [INFO] [client-6] Round 17 — receiving model…
2026-10-06 00:30:55,922 [INFO] recv 13933B via direct in 116ms
2026-10-06 00:30:55,945 [INFO] Round 16/20  acc=0.4642  loss=1.0631  1.6s  clients=10
2026-10-06 00:30:55,946 [INFO] Round 17 — sending model to 10 clients…
2026-10-06 00:30:55,957 [INFO] send 13933B via direct in 332ms (0.34 Mbit/s) to b3491737cb0d3231
2026-10-06 00:30:55,977 [INFO] [client-3] Round 16 done — loss=1.0409 acc=0.4554  1.8s
2026-10-06 00:30:55,978 [INFO] [client-3] Round 17 — receiving model…
2026-10-06 00:30:56,087 [INFO] recv 13933B via direct in 59ms
2026-10-06 00:30:56,094 [INFO] [client-9] Round 17 — training locally…
2026-10-06 00:30:56,237 [INFO] [client-9] Round 17 — sending update…
2026-10-06 00:30:56,247 [INFO] send 13933B via direct in 289ms (0.39 Mbit/s) to 0e4d2f9c8d6252fa
2026-10-06 00:30:56,248 [INFO] send 13933B via direct in 287ms (0.39 Mbit/s) to 18ee1b496c44cbb7
2026-10-06 00:30:56,250 [INFO] send 13933B via direct in 287ms (0.39 Mbit/s) to 329b56ee305a1329
2026-10-06 00:30:56,251 [INFO] send 13933B via direct in 292ms (0.38 Mbit/s) to 1f8ceb158f293017
2026-10-06 00:30:56,252 [INFO] send 13933B via direct in 291ms (0.38 Mbit/s) to af99eedff40e0b8d
2026-10-06 00:30:56,253 [INFO] send 13933B via direct in 286ms (0.39 Mbit/s) to 1fd388f3599316a0
2026-10-06 00:30:56,254 [INFO] send 13933B via direct in 286ms (0.39 Mbit/s) to 593409304269aab0
2026-10-06 00:30:56,255 [INFO] send 13933B via direct in 286ms (0.39 Mbit/s) to 72db93efdc921272
2026-10-06 00:30:56,257 [INFO] recv 13933B via direct in 206ms
2026-10-06 00:30:56,258 [INFO] [client-0] Round 17 — training locally…
2026-10-06 00:30:56,334 [INFO] [client-0] Round 17 — sending update…
2026-10-06 00:30:56,338 [INFO] recv 13933B via direct in 204ms
2026-10-06 00:30:56,342 [INFO] [client-1] Round 17 — training locally…
2026-10-06 00:30:56,448 [INFO] [client-1] Round 17 — sending update…
2026-10-06 00:30:56,451 [INFO] recv 13933B via direct in 204ms
2026-10-06 00:30:56,454 [INFO] [client-7] Round 17 — training locally…
2026-10-06 00:30:56,546 [INFO] [client-7] Round 17 — sending update…
2026-10-06 00:30:56,549 [INFO] recv 13933B via direct in 211ms
2026-10-06 00:30:56,551 [INFO] [client-4] Round 17 — training locally…
2026-10-06 00:30:56,677 [INFO] [client-4] Round 17 — sending update…
2026-10-06 00:30:56,680 [INFO] recv 13933B via direct in 218ms
2026-10-06 00:30:56,684 [INFO] [client-2] Round 17 — training locally…
2026-10-06 00:30:56,810 [INFO] [client-2] Round 17 — sending update…
2026-10-06 00:30:56,812 [INFO] recv 13933B via direct in 218ms
2026-10-06 00:30:56,816 [INFO] [client-6] Round 17 — training locally…
2026-10-06 00:30:56,908 [INFO] [client-6] Round 17 — sending update…
2026-10-06 00:30:56,912 [INFO] recv 13933B via direct in 215ms
2026-10-06 00:30:56,915 [INFO] [client-3] Round 17 — training locally…
2026-10-06 00:30:57,014 [INFO] [client-3] Round 17 — sending update…
2026-10-06 00:30:57,017 [INFO] recv 13933B via direct in 211ms
2026-10-06 00:30:57,021 [INFO] [client-5] Round 17 — training locally…
2026-10-06 00:30:57,115 [INFO] [client-5] Round 17 — sending update…
2026-10-06 00:30:57,117 [INFO] send 13933B via direct in 290ms (0.39 Mbit/s) to b838e989d67bd1ba
2026-10-06 00:30:57,118 [INFO] send 13933B via direct in 287ms (0.39 Mbit/s) to d1da3504a323f5fe
2026-10-06 00:30:57,122 [INFO] Round 17 — waiting for 10 updates…
2026-10-06 00:30:57,204 [INFO] recv 13933B via direct in 79ms
2026-10-06 00:30:57,218 [INFO] recv 13933B via direct in 88ms
2026-10-06 00:30:57,221 [INFO] recv 13933B via direct in 90ms
2026-10-06 00:30:57,224 [INFO] recv 13933B via direct in 90ms
2026-10-06 00:30:57,227 [INFO] recv 13933B via direct in 91ms
2026-10-06 00:30:57,231 [INFO] recv 13933B via direct in 92ms
2026-10-06 00:30:57,233 [INFO] recv 13933B via direct in 92ms
2026-10-06 00:30:57,236 [INFO] recv 13933B via direct in 92ms
2026-10-06 00:30:57,242 [INFO] send 13933B via direct in 1002ms (0.11 Mbit/s) to b3491737cb0d3231
2026-10-06 00:30:57,265 [INFO] [client-9] Round 17 done — loss=1.0044 acc=0.5221  1.5s
2026-10-06 00:30:57,266 [INFO] [client-9] Round 18 — receiving model…
2026-10-06 00:30:57,267 [INFO] send 13933B via direct in 903ms (0.12 Mbit/s) to b3491737cb0d3231
2026-10-06 00:30:57,284 [INFO] [client-0] Round 17 done — loss=1.0465 acc=0.4575  1.4s
2026-10-06 00:30:57,285 [INFO] [client-0] Round 18 — receiving model…
2026-10-06 00:30:57,286 [INFO] send 13933B via direct in 790ms (0.14 Mbit/s) to b3491737cb0d3231
2026-10-06 00:30:57,306 [INFO] [client-1] Round 17 done — loss=1.0574 acc=0.4231  1.5s
2026-10-06 00:30:57,307 [INFO] [client-1] Round 18 — receiving model…
2026-10-06 00:30:57,309 [INFO] send 13933B via direct in 693ms (0.16 Mbit/s) to b3491737cb0d3231
2026-10-06 00:30:57,326 [INFO] [client-7] Round 17 done — loss=1.0292 acc=0.4526  1.4s
2026-10-06 00:30:57,327 [INFO] [client-7] Round 18 — receiving model…
2026-10-06 00:30:57,328 [INFO] send 13933B via direct in 562ms (0.20 Mbit/s) to b3491737cb0d3231
2026-10-06 00:30:57,343 [INFO] [client-4] Round 17 done — loss=1.0189 acc=0.4907  1.5s
2026-10-06 00:30:57,344 [INFO] [client-4] Round 18 — receiving model…
2026-10-06 00:30:57,345 [INFO] send 13933B via direct in 430ms (0.26 Mbit/s) to b3491737cb0d3231
2026-10-06 00:30:57,360 [INFO] [client-2] Round 17 done — loss=0.9616 acc=0.5247  1.5s
2026-10-06 00:30:57,361 [INFO] [client-2] Round 18 — receiving model…
2026-10-06 00:30:57,362 [INFO] send 13933B via direct in 331ms (0.34 Mbit/s) to b3491737cb0d3231
2026-10-06 00:30:57,377 [INFO] [client-6] Round 17 done — loss=1.0105 acc=0.4875  1.5s
2026-10-06 00:30:57,378 [INFO] [client-6] Round 18 — receiving model…
2026-10-06 00:30:57,379 [INFO] send 13933B via direct in 226ms (0.49 Mbit/s) to b3491737cb0d3231
2026-10-06 00:30:57,394 [INFO] [client-3] Round 17 done — loss=1.0428 acc=0.4564  1.4s
2026-10-06 00:30:57,395 [INFO] [client-3] Round 18 — receiving model…
2026-10-06 00:30:57,398 [INFO] send 13933B via direct in 279ms (0.40 Mbit/s) to b3491737cb0d3231
2026-10-06 00:30:57,419 [INFO] [client-5] Round 17 done — loss=0.9720 acc=0.5529  1.6s
2026-10-06 00:30:57,420 [INFO] [client-5] Round 18 — receiving model…
2026-10-06 00:30:57,421 [INFO] send 13933B via direct in 2790ms (0.04 Mbit/s) to b3491737cb0d3231 (attempt 2)
2026-10-06 00:30:57,440 [INFO] [client-8] Round 16 done — loss=0.7591 acc=0.7102  3.2s
2026-10-06 00:30:57,441 [INFO] [client-8] Round 17 — receiving model…
2026-10-06 00:30:57,442 [INFO] recv 13933B via direct in 210ms
2026-10-06 00:30:57,446 [INFO] [client-8] Round 17 — training locally…
2026-10-06 00:30:57,550 [INFO] [client-8] Round 17 — sending update…
2026-10-06 00:30:57,552 [INFO] recv 13933B via direct in 201ms
2026-10-06 00:30:57,555 [INFO] recv 13933B via direct in 196ms
2026-10-06 00:30:57,582 [INFO] Round 17/20  acc=0.4614  loss=1.0623  1.6s  clients=10
2026-10-06 00:30:57,583 [INFO] Round 18 — sending model to 10 clients…
2026-10-06 00:30:57,713 [INFO] send 13933B via direct in 160ms (0.70 Mbit/s) to b3491737cb0d3231
2026-10-06 00:30:57,741 [INFO] [client-8] Round 17 done — loss=0.7657 acc=0.7139  0.3s
2026-10-06 00:30:57,747 [INFO] [client-8] Round 18 — receiving model…
2026-10-06 00:30:57,753 [INFO] recv 13933B via direct in 84ms
2026-10-06 00:30:57,755 [INFO] [client-7] Round 18 — training locally…
2026-10-06 00:30:57,860 [INFO] [client-7] Round 18 — sending update…
2026-10-06 00:30:57,863 [INFO] recv 13933B via direct in 84ms
2026-10-06 00:30:57,866 [INFO] [client-8] Round 18 — training locally…
2026-10-06 00:30:57,947 [INFO] [client-8] Round 18 — sending update…
2026-10-06 00:30:57,949 [INFO] recv 13933B via direct in 81ms
2026-10-06 00:30:57,951 [INFO] [client-1] Round 18 — training locally…
2026-10-06 00:30:58,053 [INFO] [client-1] Round 18 — sending update…
2026-10-06 00:30:58,056 [INFO] recv 13933B via direct in 81ms
2026-10-06 00:30:58,059 [INFO] [client-0] Round 18 — training locally…
2026-10-06 00:30:58,139 [INFO] [client-0] Round 18 — sending update…
2026-10-06 00:30:58,143 [INFO] recv 13933B via direct in 88ms
2026-10-06 00:30:58,146 [INFO] [client-3] Round 18 — training locally…
2026-10-06 00:30:58,239 [INFO] [client-3] Round 18 — sending update…
2026-10-06 00:30:58,241 [INFO] recv 13933B via direct in 76ms
2026-10-06 00:30:58,244 [INFO] [client-5] Round 18 — training locally…
2026-10-06 00:30:58,340 [INFO] [client-5] Round 18 — sending update…
2026-10-06 00:30:58,343 [INFO] recv 13933B via direct in 75ms
2026-10-06 00:30:58,345 [INFO] [client-2] Round 18 — training locally…
2026-10-06 00:30:58,445 [INFO] [client-2] Round 18 — sending update…
2026-10-06 00:30:58,449 [INFO] recv 13933B via direct in 73ms
2026-10-06 00:30:58,451 [INFO] [client-9] Round 18 — training locally…
2026-10-06 00:30:58,548 [INFO] [client-9] Round 18 — sending update…
2026-10-06 00:30:58,550 [INFO] recv 13933B via direct in 71ms
2026-10-06 00:30:58,554 [INFO] [client-6] Round 18 — training locally…
2026-10-06 00:30:58,676 [INFO] [client-6] Round 18 — sending update…
2026-10-06 00:30:58,679 [INFO] recv 13933B via direct in 90ms
2026-10-06 00:30:58,683 [INFO] [client-4] Round 18 — training locally…
2026-10-06 00:30:58,803 [INFO] [client-4] Round 18 — sending update…
2026-10-06 00:30:58,808 [INFO] send 13933B via direct in 167ms (0.67 Mbit/s) to b838e989d67bd1ba
2026-10-06 00:30:58,826 [INFO] send 13933B via direct in 1222ms (0.09 Mbit/s) to 593409304269aab0
2026-10-06 00:30:58,828 [INFO] send 13933B via direct in 1221ms (0.09 Mbit/s) to 1fd388f3599316a0
2026-10-06 00:30:58,829 [INFO] send 13933B via direct in 1224ms (0.09 Mbit/s) to 72db93efdc921272
2026-10-06 00:30:58,830 [INFO] send 13933B via direct in 1223ms (0.09 Mbit/s) to 329b56ee305a1329
2026-10-06 00:30:58,831 [INFO] send 13933B via direct in 1221ms (0.09 Mbit/s) to d1da3504a323f5fe
2026-10-06 00:30:58,832 [INFO] send 13933B via direct in 1220ms (0.09 Mbit/s) to 1f8ceb158f293017
2026-10-06 00:30:58,833 [INFO] send 13933B via direct in 1220ms (0.09 Mbit/s) to 0e4d2f9c8d6252fa
2026-10-06 00:30:58,834 [INFO] send 13933B via direct in 1219ms (0.09 Mbit/s) to af99eedff40e0b8d
2026-10-06 00:30:58,837 [INFO] send 13933B via direct in 1225ms (0.09 Mbit/s) to 18ee1b496c44cbb7
2026-10-06 00:30:58,838 [INFO] Round 18 — waiting for 10 updates…
2026-10-06 00:30:58,839 [INFO] recv 13933B via direct in 57ms
2026-10-06 00:30:58,893 [INFO] recv 13933B via direct in 79ms
2026-10-06 00:30:58,904 [INFO] recv 13933B via direct in 82ms
2026-10-06 00:30:58,909 [WARNING] Round 18 — discarding update from unselected/duplicate peer 329b56ee305a1329
2026-10-06 00:30:58,914 [INFO] recv 13933B via direct in 99ms
2026-10-06 00:30:58,917 [INFO] recv 13933B via direct in 100ms
2026-10-06 00:30:58,920 [INFO] recv 13933B via direct in 100ms
2026-10-06 00:30:58,924 [INFO] recv 13933B via direct in 101ms
2026-10-06 00:30:58,927 [INFO] recv 13933B via direct in 101ms
2026-10-06 00:30:58,930 [INFO] recv 13933B via direct in 101ms
2026-10-06 00:30:58,936 [INFO] recv 13933B via direct in 102ms
2026-10-06 00:30:58,939 [INFO] send 13933B via direct in 1072ms (0.10 Mbit/s) to b3491737cb0d3231
2026-10-06 00:30:59,057 [INFO] [client-7] Round 18 done — loss=1.0327 acc=0.4481  1.7s
2026-10-06 00:30:59,058 [INFO] [client-7] Round 19 — receiving model…
2026-10-06 00:30:59,059 [INFO] send 13933B via direct in 985ms (0.11 Mbit/s) to b3491737cb0d3231
2026-10-06 00:30:59,072 [INFO] [client-8] Round 18 done — loss=0.7665 acc=0.7170  1.3s
2026-10-06 00:30:59,074 [INFO] [client-8] Round 19 — receiving model…
2026-10-06 00:30:59,075 [INFO] send 13933B via direct in 879ms (0.13 Mbit/s) to b3491737cb0d3231
2026-10-06 00:30:59,096 [INFO] [client-1] Round 18 done — loss=1.0599 acc=0.4210  1.8s
2026-10-06 00:30:59,097 [INFO] [client-1] Round 19 — receiving model…
2026-10-06 00:30:59,098 [INFO] send 13933B via direct in 792ms (0.14 Mbit/s) to b3491737cb0d3231
2026-10-06 00:30:59,118 [INFO] [client-0] Round 18 done — loss=1.0570 acc=0.4479  1.8s
2026-10-06 00:30:59,119 [INFO] [client-0] Round 19 — receiving model…
2026-10-06 00:30:59,120 [INFO] send 13933B via direct in 693ms (0.16 Mbit/s) to b3491737cb0d3231
2026-10-06 00:30:59,133 [INFO] [client-3] Round 18 done — loss=1.0433 acc=0.4581  1.7s
2026-10-06 00:30:59,134 [INFO] [client-3] Round 19 — receiving model…
2026-10-06 00:30:59,135 [INFO] send 13933B via direct in 593ms (0.19 Mbit/s) to b3491737cb0d3231
2026-10-06 00:30:59,151 [INFO] [client-5] Round 18 done — loss=0.9707 acc=0.5563  1.7s
2026-10-06 00:30:59,152 [INFO] [client-5] Round 19 — receiving model…
2026-10-06 00:30:59,153 [INFO] send 13933B via direct in 487ms (0.23 Mbit/s) to b3491737cb0d3231
2026-10-06 00:30:59,176 [INFO] [client-2] Round 18 done — loss=0.9643 acc=0.5258  1.8s
2026-10-06 00:30:59,177 [INFO] [client-2] Round 19 — receiving model…
2026-10-06 00:30:59,178 [INFO] send 13933B via direct in 386ms (0.29 Mbit/s) to b3491737cb0d3231
2026-10-06 00:30:59,194 [INFO] [client-9] Round 18 done — loss=1.0103 acc=0.5249  1.9s
2026-10-06 00:30:59,195 [INFO] [client-9] Round 19 — receiving model…
2026-10-06 00:30:59,198 [INFO] send 13933B via direct in 518ms (0.22 Mbit/s) to b3491737cb0d3231
2026-10-06 00:30:59,213 [INFO] [client-6] Round 18 done — loss=1.0114 acc=0.4944  1.8s
2026-10-06 00:30:59,214 [INFO] [client-6] Round 19 — receiving model…
2026-10-06 00:30:59,216 [INFO] send 13933B via direct in 392ms (0.29 Mbit/s) to b3491737cb0d3231
2026-10-06 00:30:59,236 [INFO] [client-4] Round 18 done — loss=1.0071 acc=0.4931  1.9s
2026-10-06 00:30:59,237 [INFO] [client-4] Round 19 — receiving model…
2026-10-06 00:30:59,238 [INFO] recv 13933B via direct in 313ms
2026-10-06 00:30:59,255 [INFO] Round 18/20  acc=0.4678  loss=1.0601  1.7s  clients=10
2026-10-06 00:30:59,256 [INFO] Round 19 — sending model to 10 clients…
2026-10-06 00:30:59,407 [INFO] recv 13933B via direct in 66ms
2026-10-06 00:30:59,416 [INFO] [client-6] Round 19 — training locally…
2026-10-06 00:30:59,525 [INFO] [client-6] Round 19 — sending update…
2026-10-06 00:30:59,535 [INFO] send 13933B via direct in 270ms (0.41 Mbit/s) to af99eedff40e0b8d
2026-10-06 00:30:59,536 [INFO] send 13933B via direct in 269ms (0.42 Mbit/s) to 72db93efdc921272
2026-10-06 00:30:59,537 [INFO] send 13933B via direct in 266ms (0.42 Mbit/s) to b838e989d67bd1ba
2026-10-06 00:30:59,539 [INFO] send 13933B via direct in 265ms (0.42 Mbit/s) to 0e4d2f9c8d6252fa
2026-10-06 00:30:59,541 [INFO] send 13933B via direct in 266ms (0.42 Mbit/s) to 18ee1b496c44cbb7
2026-10-06 00:30:59,543 [INFO] send 13933B via direct in 271ms (0.41 Mbit/s) to d1da3504a323f5fe
2026-10-06 00:30:59,544 [INFO] send 13933B via direct in 268ms (0.42 Mbit/s) to 1fd388f3599316a0
2026-10-06 00:30:59,546 [INFO] send 13933B via direct in 267ms (0.42 Mbit/s) to 329b56ee305a1329
2026-10-06 00:30:59,547 [INFO] recv 13933B via direct in 173ms
2026-10-06 00:30:59,549 [INFO] [client-1] Round 19 — training locally…
2026-10-06 00:30:59,644 [INFO] [client-1] Round 19 — sending update…
2026-10-06 00:30:59,646 [INFO] recv 13933B via direct in 173ms
2026-10-06 00:30:59,650 [INFO] [client-2] Round 19 — training locally…
2026-10-06 00:30:59,767 [INFO] [client-2] Round 19 — sending update…
2026-10-06 00:30:59,770 [INFO] recv 13933B via direct in 181ms
2026-10-06 00:30:59,774 [INFO] [client-4] Round 19 — training locally…
2026-10-06 00:30:59,869 [INFO] [client-4] Round 19 — sending update…
2026-10-06 00:30:59,871 [INFO] recv 13933B via direct in 194ms
2026-10-06 00:30:59,875 [INFO] [client-5] Round 19 — training locally…
2026-10-06 00:30:59,967 [INFO] [client-5] Round 19 — sending update…
2026-10-06 00:30:59,970 [INFO] recv 13933B via direct in 191ms
2026-10-06 00:30:59,974 [INFO] [client-7] Round 19 — training locally…
2026-10-06 00:31:00,085 [INFO] [client-7] Round 19 — sending update…
2026-10-06 00:31:00,088 [INFO] recv 13933B via direct in 187ms
2026-10-06 00:31:00,092 [INFO] [client-0] Round 19 — training locally…
2026-10-06 00:31:00,211 [INFO] [client-0] Round 19 — sending update…
2026-10-06 00:31:00,213 [INFO] recv 13933B via direct in 183ms
2026-10-06 00:31:00,215 [INFO] [client-8] Round 19 — training locally…
2026-10-06 00:31:00,311 [INFO] [client-8] Round 19 — sending update…
2026-10-06 00:31:00,313 [INFO] recv 13933B via direct in 181ms
2026-10-06 00:31:00,315 [INFO] [client-3] Round 19 — training locally…
2026-10-06 00:31:00,403 [INFO] [client-3] Round 19 — sending update…
2026-10-06 00:31:00,405 [INFO] recv 13933B via direct in 178ms
2026-10-06 00:31:00,408 [INFO] [client-9] Round 19 — training locally…
2026-10-06 00:31:00,499 [INFO] [client-9] Round 19 — sending update…
2026-10-06 00:31:00,502 [INFO] send 13933B via direct in 264ms (0.42 Mbit/s) to 593409304269aab0
2026-10-06 00:31:00,503 [INFO] send 13933B via direct in 264ms (0.42 Mbit/s) to 1f8ceb158f293017
2026-10-06 00:31:00,505 [INFO] Round 19 — waiting for 10 updates…
2026-10-06 00:31:00,586 [INFO] recv 13933B via direct in 79ms
2026-10-06 00:31:00,600 [INFO] recv 13933B via direct in 90ms
2026-10-06 00:31:00,603 [INFO] recv 13933B via direct in 90ms
2026-10-06 00:31:00,606 [INFO] recv 13933B via direct in 91ms
2026-10-06 00:31:00,610 [INFO] recv 13933B via direct in 91ms
2026-10-06 00:31:00,615 [INFO] recv 13933B via direct in 91ms
2026-10-06 00:31:00,623 [INFO] recv 13933B via direct in 92ms
2026-10-06 00:31:00,630 [INFO] recv 13933B via direct in 102ms
2026-10-06 00:31:00,635 [INFO] recv 13933B via direct in 115ms
2026-10-06 00:31:00,639 [INFO] send 13933B via direct in 1100ms (0.10 Mbit/s) to b3491737cb0d3231
2026-10-06 00:31:00,679 [INFO] [client-6] Round 19 done — loss=1.0081 acc=0.4941  1.5s
2026-10-06 00:31:00,680 [INFO] [client-6] Round 20 — receiving model…
2026-10-06 00:31:00,682 [INFO] send 13933B via direct in 983ms (0.11 Mbit/s) to b3491737cb0d3231
2026-10-06 00:31:00,708 [INFO] [client-1] Round 19 done — loss=1.0591 acc=0.4172  1.6s
2026-10-06 00:31:00,709 [INFO] [client-1] Round 20 — receiving model…
2026-10-06 00:31:00,710 [INFO] send 13933B via direct in 859ms (0.13 Mbit/s) to b3491737cb0d3231
2026-10-06 00:31:00,726 [INFO] [client-2] Round 19 done — loss=0.9562 acc=0.5319  1.5s
2026-10-06 00:31:00,727 [INFO] [client-2] Round 20 — receiving model…
2026-10-06 00:31:00,729 [INFO] send 13933B via direct in 758ms (0.15 Mbit/s) to b3491737cb0d3231
2026-10-06 00:31:00,747 [INFO] [client-4] Round 19 done — loss=1.0144 acc=0.4993  1.5s
2026-10-06 00:31:00,748 [INFO] [client-4] Round 20 — receiving model…
2026-10-06 00:31:00,750 [INFO] send 13933B via direct in 659ms (0.17 Mbit/s) to b3491737cb0d3231
2026-10-06 00:31:00,768 [INFO] [client-5] Round 19 done — loss=0.9718 acc=0.5560  1.6s
2026-10-06 00:31:00,769 [INFO] [client-5] Round 20 — receiving model…
2026-10-06 00:31:00,770 [INFO] send 13933B via direct in 542ms (0.21 Mbit/s) to b3491737cb0d3231
2026-10-06 00:31:00,792 [INFO] [client-7] Round 19 done — loss=1.0310 acc=0.4523  1.7s
2026-10-06 00:31:00,794 [INFO] [client-7] Round 20 — receiving model…
2026-10-06 00:31:00,795 [INFO] send 13933B via direct in 422ms (0.27 Mbit/s) to b3491737cb0d3231
2026-10-06 00:31:00,816 [INFO] [client-0] Round 19 done — loss=1.0510 acc=0.4579  1.7s
2026-10-06 00:31:00,817 [INFO] [client-0] Round 20 — receiving model…
2026-10-06 00:31:00,818 [INFO] send 13933B via direct in 321ms (0.35 Mbit/s) to b3491737cb0d3231
2026-10-06 00:31:00,841 [INFO] [client-8] Round 19 done — loss=0.7692 acc=0.7119  1.8s
2026-10-06 00:31:00,842 [INFO] [client-8] Round 20 — receiving model…
2026-10-06 00:31:00,844 [INFO] send 13933B via direct in 233ms (0.48 Mbit/s) to b3491737cb0d3231
2026-10-06 00:31:00,864 [INFO] [client-3] Round 19 done — loss=1.0422 acc=0.4622  1.7s
2026-10-06 00:31:00,865 [INFO] [client-3] Round 20 — receiving model…
2026-10-06 00:31:00,866 [INFO] recv 13933B via direct in 264ms
2026-10-06 00:31:00,891 [INFO] Round 19/20  acc=0.4628  loss=1.0669  1.6s  clients=10
2026-10-06 00:31:00,892 [INFO] Round 20 — sending model to 10 clients…
2026-10-06 00:31:00,894 [INFO] send 13933B via direct in 364ms (0.31 Mbit/s) to b3491737cb0d3231
2026-10-06 00:31:00,910 [INFO] [client-9] Round 19 done — loss=1.0120 acc=0.5179  1.7s
2026-10-06 00:31:00,911 [INFO] [client-9] Round 20 — receiving model…
2026-10-06 00:31:01,051 [INFO] recv 13933B via direct in 46ms
2026-10-06 00:31:01,061 [INFO] [client-2] Round 20 — training locally…
2026-10-06 00:31:01,157 [INFO] [client-2] Round 20 — sending update…
2026-10-06 00:31:01,165 [INFO] send 13933B via direct in 247ms (0.45 Mbit/s) to 1f8ceb158f293017
2026-10-06 00:31:01,166 [INFO] send 13933B via direct in 246ms (0.45 Mbit/s) to 1fd388f3599316a0
2026-10-06 00:31:01,167 [INFO] send 13933B via direct in 246ms (0.45 Mbit/s) to 72db93efdc921272
2026-10-06 00:31:01,168 [INFO] send 13933B via direct in 244ms (0.46 Mbit/s) to 329b56ee305a1329
2026-10-06 00:31:01,170 [INFO] send 13933B via direct in 244ms (0.46 Mbit/s) to 593409304269aab0
2026-10-06 00:31:01,171 [INFO] send 13933B via direct in 242ms (0.46 Mbit/s) to 0e4d2f9c8d6252fa
2026-10-06 00:31:01,172 [INFO] recv 13933B via direct in 157ms
2026-10-06 00:31:01,175 [INFO] [client-8] Round 20 — training locally…
2026-10-06 00:31:01,271 [INFO] [client-8] Round 20 — sending update…
2026-10-06 00:31:01,273 [INFO] recv 13933B via direct in 157ms
2026-10-06 00:31:01,277 [INFO] [client-1] Round 20 — training locally…
2026-10-06 00:31:01,376 [INFO] [client-1] Round 20 — sending update…
2026-10-06 00:31:01,378 [INFO] recv 13933B via direct in 153ms
2026-10-06 00:31:01,382 [INFO] [client-4] Round 20 — training locally…
2026-10-06 00:31:01,478 [INFO] [client-4] Round 20 — sending update…
2026-10-06 00:31:01,481 [INFO] recv 13933B via direct in 150ms
2026-10-06 00:31:01,484 [INFO] [client-6] Round 20 — training locally…
2026-10-06 00:31:01,576 [INFO] [client-6] Round 20 — sending update…
2026-10-06 00:31:01,578 [INFO] recv 13933B via direct in 150ms
2026-10-06 00:31:01,580 [INFO] [client-9] Round 20 — training locally…
2026-10-06 00:31:01,666 [INFO] [client-9] Round 20 — sending update…
2026-10-06 00:31:01,668 [INFO] recv 13933B via direct in 147ms
2026-10-06 00:31:01,670 [INFO] [client-5] Round 20 — training locally…
2026-10-06 00:31:01,762 [INFO] [client-5] Round 20 — sending update…
2026-10-06 00:31:01,764 [INFO] recv 13933B via direct in 159ms
2026-10-06 00:31:01,767 [INFO] [client-0] Round 20 — training locally…
2026-10-06 00:31:01,856 [INFO] [client-0] Round 20 — sending update…
2026-10-06 00:31:01,859 [INFO] recv 13933B via direct in 159ms
2026-10-06 00:31:01,862 [INFO] [client-7] Round 20 — training locally…
2026-10-06 00:31:01,973 [INFO] [client-7] Round 20 — sending update…
2026-10-06 00:31:01,977 [INFO] recv 13933B via direct in 159ms
2026-10-06 00:31:01,979 [INFO] [client-3] Round 20 — training locally…
2026-10-06 00:31:02,081 [INFO] [client-3] Round 20 — sending update…
2026-10-06 00:31:02,084 [INFO] send 13933B via direct in 245ms (0.46 Mbit/s) to b838e989d67bd1ba
2026-10-06 00:31:02,085 [INFO] send 13933B via direct in 243ms (0.46 Mbit/s) to 18ee1b496c44cbb7
2026-10-06 00:31:02,086 [INFO] send 13933B via direct in 243ms (0.46 Mbit/s) to af99eedff40e0b8d
2026-10-06 00:31:02,087 [INFO] send 13933B via direct in 242ms (0.46 Mbit/s) to d1da3504a323f5fe
2026-10-06 00:31:02,089 [INFO] Round 20 — waiting for 10 updates…
2026-10-06 00:31:02,172 [INFO] recv 13933B via direct in 79ms
2026-10-06 00:31:02,187 [INFO] recv 13933B via direct in 90ms
2026-10-06 00:31:02,192 [INFO] recv 13933B via direct in 91ms
2026-10-06 00:31:02,196 [INFO] recv 13933B via direct in 91ms
2026-10-06 00:31:02,199 [INFO] recv 13933B via direct in 92ms
2026-10-06 00:31:02,203 [INFO] recv 13933B via direct in 93ms
2026-10-06 00:31:02,207 [INFO] recv 13933B via direct in 93ms
2026-10-06 00:31:02,214 [INFO] recv 13933B via direct in 94ms
2026-10-06 00:31:02,217 [INFO] recv 13933B via direct in 95ms
2026-10-06 00:31:02,221 [INFO] send 13933B via direct in 1053ms (0.11 Mbit/s) to b3491737cb0d3231
2026-10-06 00:31:02,267 [INFO] [client-2] Round 20 done — loss=0.9659 acc=0.5312  1.5s
2026-10-06 00:31:02,268 [INFO] send 13933B via direct in 939ms (0.12 Mbit/s) to b3491737cb0d3231
2026-10-06 00:31:02,289 [INFO] [client-8] Round 20 done — loss=0.7600 acc=0.7136  1.4s
2026-10-06 00:31:02,291 [INFO] send 13933B via direct in 834ms (0.13 Mbit/s) to b3491737cb0d3231
2026-10-06 00:31:02,304 [INFO] [client-1] Round 20 done — loss=1.0553 acc=0.4275  1.6s
2026-10-06 00:31:02,306 [INFO] send 13933B via direct in 732ms (0.15 Mbit/s) to b3491737cb0d3231
2026-10-06 00:31:02,322 [INFO] [client-4] Round 20 done — loss=1.0174 acc=0.4976  1.6s
2026-10-06 00:31:02,324 [INFO] send 13933B via direct in 635ms (0.18 Mbit/s) to b3491737cb0d3231
2026-10-06 00:31:02,344 [INFO] [client-6] Round 20 done — loss=1.0138 acc=0.4868  1.7s
2026-10-06 00:31:02,345 [INFO] send 13933B via direct in 545ms (0.20 Mbit/s) to b3491737cb0d3231
2026-10-06 00:31:02,358 [INFO] [client-9] Round 20 done — loss=1.0099 acc=0.5256  1.4s
2026-10-06 00:31:02,360 [INFO] send 13933B via direct in 449ms (0.25 Mbit/s) to b3491737cb0d3231
2026-10-06 00:31:02,384 [INFO] [client-5] Round 20 done — loss=0.9653 acc=0.5563  1.6s
2026-10-06 00:31:02,385 [INFO] send 13933B via direct in 237ms (0.47 Mbit/s) to b3491737cb0d3231
2026-10-06 00:31:02,406 [INFO] [client-7] Round 20 done — loss=1.0272 acc=0.4530  1.6s
2026-10-06 00:31:02,407 [INFO] send 13933B via direct in 355ms (0.31 Mbit/s) to b3491737cb0d3231
2026-10-06 00:31:02,425 [INFO] [client-0] Round 20 done — loss=1.0530 acc=0.4549  1.6s
2026-10-06 00:31:02,427 [INFO] recv 13933B via direct in 265ms
2026-10-06 00:31:02,445 [INFO] Round 20/20  acc=0.4676  loss=1.0603  1.6s  clients=10
2026-10-06 00:31:02,446 [INFO] send 13933B via direct in 343ms (0.33 Mbit/s) to b3491737cb0d3231
2026-10-06 00:31:02,461 [INFO] [client-3] Round 20 done — loss=1.0442 acc=0.4502  1.6s
2026-10-06 00:31:02,702 [INFO] CoAP server [client-0] stopped
2026-10-06 00:31:02,813 [INFO] CoAP server [client-1] stopped
2026-10-06 00:31:02,924 [INFO] CoAP server [client-2] stopped
2026-10-06 00:31:03,037 [INFO] CoAP server [client-3] stopped
2026-10-06 00:31:03,154 [INFO] CoAP server [client-4] stopped
2026-10-06 00:31:03,270 [INFO] CoAP server [client-5] stopped
2026-10-06 00:31:03,387 [INFO] CoAP server [client-6] stopped
2026-10-06 00:31:03,499 [INFO] CoAP server [client-7] stopped
2026-10-06 00:31:03,613 [INFO] CoAP server [client-8] stopped
2026-10-06 00:31:03,724 [INFO] CoAP server [client-9] stopped
2026-10-06 00:31:03,838 [INFO] CoAP server [server] stopped
2026-10-06 00:31:03,868 [INFO] Exported 20 rows → results/e11/delay_25/e7_airmlp_geographic_round_events.csv
2026-10-06 00:31:26,042 [INFO] AirMLP airmlp_geographic done: {'node_id': 'server', 'architecture': 'B', 'scenario': 'e7_airmlp_geographic', 'rounds_total': 20, 'rounds_success': 20, 'test_acc_final': 0.4675652906486942, 'test_acc_max': 0.4689693906206122, 'duration_mean_sec': 3.4996497828004065, 'pct_direct': 0.0, 'pct_relay': 0.0, 'bytes_to_aggregator': 2793800}  macro-F1=0.3934  bal-acc=0.4224
2026-10-06 00:31:26,062 [INFO] E11 delay_25: {"condition": "delay_25", "netem": "delay 25ms", "fl_wall_s": 159.6, "rounds_ok": 20, "rounds": 20, "round_s_median": 1.635, "round_s_max": 38.822, "test_acc_final": 0.4675652906486942, "macro_f1": 0.3934245800214171, "balanced_accuracy": 0.4224248423213126, "xfer_100kB_ok": "10/10", "xfer_100kB_ms_median": 324.9, "xfer_1000kB_ok": "10/10", "xfer_1000kB_ms_median": 602.0, "xfer_10000kB_ok": "10/10", "xfer_10000kB_ms_median": 2197.7}
