2026-09-29 00:58:23,281 [INFO] Iroh node started: e8a19212aeefcd38  addrs=['10.77.0.1:55547']
2026-09-29 00:58:23,907 [INFO] Iroh node started: 44dbfc0e22e08c4f  addrs=['10.77.0.1:39049']
2026-09-29 00:58:25,458 [INFO] send 100000B via direct in 1546ms (0.52 Mbit/s) to 44dbfc0e22e08c4f
2026-09-29 00:58:25,460 [INFO] recv 100000B via direct in 469ms
2026-09-29 00:58:25,477 [INFO] send 100000B via direct in 14ms (57.38 Mbit/s) to 44dbfc0e22e08c4f
2026-09-29 00:58:25,479 [INFO] recv 100000B via direct in 2ms
2026-09-29 00:58:25,497 [INFO] send 100000B via direct in 16ms (48.93 Mbit/s) to 44dbfc0e22e08c4f
2026-09-29 00:58:25,499 [INFO] recv 100000B via direct in 2ms
2026-09-29 00:58:25,519 [INFO] send 100000B via direct in 18ms (43.91 Mbit/s) to 44dbfc0e22e08c4f
2026-09-29 00:58:25,521 [INFO] recv 100000B via direct in 1ms
2026-09-29 00:58:25,545 [INFO] send 100000B via direct in 21ms (37.62 Mbit/s) to 44dbfc0e22e08c4f
2026-09-29 00:58:25,547 [INFO] recv 100000B via direct in 4ms
2026-09-29 00:58:25,788 [INFO] send 100000B via direct in 238ms (3.36 Mbit/s) to 44dbfc0e22e08c4f
2026-09-29 00:58:25,790 [INFO] recv 100000B via direct in 224ms
2026-09-29 00:58:25,860 [INFO] send 100000B via direct in 63ms (12.66 Mbit/s) to 44dbfc0e22e08c4f
2026-09-29 00:58:25,869 [INFO] recv 100000B via direct in 65ms
2026-09-29 00:58:26,885 [INFO] send 100000B via direct in 1007ms (0.79 Mbit/s) to 44dbfc0e22e08c4f
2026-09-29 00:58:26,889 [INFO] recv 100000B via direct in 4ms
2026-09-29 00:58:27,915 [INFO] send 100000B via direct in 1019ms (0.79 Mbit/s) to 44dbfc0e22e08c4f
2026-09-29 00:58:27,919 [INFO] recv 100000B via direct in 13ms
2026-09-29 00:58:27,974 [INFO] send 100000B via direct in 51ms (15.73 Mbit/s) to 44dbfc0e22e08c4f
2026-09-29 00:58:27,978 [INFO] recv 100000B via direct in 35ms
2026-09-29 00:58:28,317 [INFO] send 1000000B via direct in 323ms (24.76 Mbit/s) to 44dbfc0e22e08c4f
2026-09-29 00:58:28,321 [INFO] recv 1000000B via direct in 192ms
2026-09-29 00:58:28,456 [INFO] send 1000000B via direct in 131ms (61.23 Mbit/s) to 44dbfc0e22e08c4f
2026-09-29 00:58:28,457 [INFO] recv 1000000B via direct in 4ms
2026-09-29 00:58:28,738 [INFO] send 1000000B via direct in 273ms (29.30 Mbit/s) to 44dbfc0e22e08c4f
2026-09-29 00:58:28,744 [INFO] recv 1000000B via direct in 166ms
2026-09-29 00:58:28,930 [INFO] send 1000000B via direct in 179ms (44.63 Mbit/s) to 44dbfc0e22e08c4f
2026-09-29 00:58:28,931 [INFO] recv 1000000B via direct in 171ms
2026-09-29 00:58:29,300 [INFO] send 1000000B via direct in 360ms (22.20 Mbit/s) to 44dbfc0e22e08c4f
2026-09-29 00:58:29,306 [INFO] recv 1000000B via direct in 249ms
2026-09-29 00:58:29,606 [INFO] send 1000000B via direct in 287ms (27.90 Mbit/s) to 44dbfc0e22e08c4f
2026-09-29 00:58:29,613 [INFO] recv 1000000B via direct in 165ms
2026-09-29 00:58:30,013 [INFO] send 1000000B via direct in 394ms (20.31 Mbit/s) to 44dbfc0e22e08c4f
2026-09-29 00:58:30,016 [INFO] recv 1000000B via direct in 384ms
2026-09-29 00:58:30,242 [INFO] send 1000000B via direct in 215ms (37.28 Mbit/s) to 44dbfc0e22e08c4f
2026-09-29 00:58:30,247 [INFO] recv 1000000B via direct in 103ms
2026-09-29 00:58:31,445 [INFO] send 1000000B via direct in 1185ms (6.75 Mbit/s) to 44dbfc0e22e08c4f
2026-09-29 00:58:31,450 [INFO] recv 1000000B via direct in 182ms
2026-09-29 00:58:32,836 [INFO] send 1000000B via direct in 1377ms (5.81 Mbit/s) to 44dbfc0e22e08c4f
2026-09-29 00:58:32,842 [INFO] recv 1000000B via direct in 376ms
2026-09-29 00:58:37,368 [INFO] send 10000000B via direct in 2355ms (33.97 Mbit/s) to 44dbfc0e22e08c4f
2026-09-29 00:58:37,370 [INFO] recv 10000000B via direct in 1241ms
2026-09-29 00:58:40,740 [INFO] send 10000000B via direct in 3362ms (23.79 Mbit/s) to 44dbfc0e22e08c4f
2026-09-29 00:58:40,742 [INFO] recv 10000000B via direct in 2231ms
2026-09-29 00:58:43,502 [INFO] send 10000000B via direct in 2752ms (29.06 Mbit/s) to 44dbfc0e22e08c4f
2026-09-29 00:58:43,505 [INFO] recv 10000000B via direct in 1583ms
2026-09-29 00:58:45,795 [INFO] send 10000000B via direct in 2280ms (35.08 Mbit/s) to 44dbfc0e22e08c4f
2026-09-29 00:58:45,798 [INFO] recv 10000000B via direct in 1044ms
2026-09-29 00:58:48,334 [INFO] send 10000000B via direct in 2519ms (31.76 Mbit/s) to 44dbfc0e22e08c4f
2026-09-29 00:58:48,337 [INFO] recv 10000000B via direct in 1409ms
2026-09-29 00:58:52,113 [INFO] send 10000000B via direct in 3769ms (21.22 Mbit/s) to 44dbfc0e22e08c4f
2026-09-29 00:58:52,116 [INFO] recv 10000000B via direct in 1599ms
2026-09-29 00:58:55,962 [INFO] send 10000000B via direct in 3839ms (20.84 Mbit/s) to 44dbfc0e22e08c4f
2026-09-29 00:58:55,965 [INFO] recv 10000000B via direct in 3837ms
2026-09-29 00:58:58,177 [INFO] send 10000000B via direct in 2204ms (36.30 Mbit/s) to 44dbfc0e22e08c4f
2026-09-29 00:58:58,179 [INFO] recv 10000000B via direct in 1098ms
2026-09-29 00:59:01,137 [INFO] send 10000000B via direct in 2950ms (27.11 Mbit/s) to 44dbfc0e22e08c4f
2026-09-29 00:59:01,139 [INFO] recv 10000000B via direct in 1784ms
2026-09-29 00:59:03,955 [INFO] send 10000000B via direct in 2814ms (28.43 Mbit/s) to 44dbfc0e22e08c4f
2026-09-29 00:59:03,957 [INFO] recv 10000000B via direct in 1662ms
2026-09-29 01:00:32,721 [INFO] === E7 AirMLP + FedAvg — geographic ===
2026-09-29 01:00:33,829 [INFO] Air quality dataset loaded: 28514 train / 3561 test | 6 features | 3 classes
2026-09-29 01:00:33,834 [INFO] Geographic partition: 10 provinces  min=2305  max=2922  mean=2851
2026-09-29 01:00:33,994 [INFO] AirMLP class weights: [1.026976466178894, 1.0868686437606812, 0.904000997543335]
2026-09-29 01:00:34,700 [INFO] Iroh node started: 102c0b17ecd705fc  addrs=['10.77.0.1:38351']
2026-09-29 01:00:36,095 [INFO] CoAP server [server] listening on 0.0.0.0:5783
2026-09-29 01:00:36,098 [INFO] FLServer server started (mock=False)
2026-09-29 01:00:36,782 [INFO] Iroh node started: 31dd3e81df93f5b1  addrs=['10.77.0.1:52100']
2026-09-29 01:00:36,825 [INFO] CoAP server [client-0] listening on 0.0.0.0:5784
2026-09-29 01:00:36,830 [INFO] FLClient client-0 started (mock=False)
2026-09-29 01:00:36,834 [INFO] Registered client client-0  iroh=31dd3e81df93f5b1
2026-09-29 01:00:37,584 [INFO] Iroh node started: 57f9505d7c5df9f2  addrs=['10.77.0.1:58060']
2026-09-29 01:00:37,619 [INFO] CoAP server [client-1] listening on 0.0.0.0:5785
2026-09-29 01:00:37,622 [INFO] FLClient client-1 started (mock=False)
2026-09-29 01:00:37,625 [INFO] Registered client client-1  iroh=57f9505d7c5df9f2
2026-09-29 01:00:38,337 [INFO] Iroh node started: 8059e4f668f4ad97  addrs=['10.77.0.1:41294']
2026-09-29 01:00:38,380 [INFO] CoAP server [client-2] listening on 0.0.0.0:5786
2026-09-29 01:00:38,385 [INFO] FLClient client-2 started (mock=False)
2026-09-29 01:00:38,391 [INFO] Registered client client-2  iroh=8059e4f668f4ad97
2026-09-29 01:00:39,141 [INFO] Iroh node started: c355ab9f5eb2ec5e  addrs=['10.77.0.1:38740']
2026-09-29 01:00:39,165 [INFO] CoAP server [client-3] listening on 0.0.0.0:5787
2026-09-29 01:00:39,167 [INFO] FLClient client-3 started (mock=False)
2026-09-29 01:00:39,169 [INFO] Registered client client-3  iroh=c355ab9f5eb2ec5e
2026-09-29 01:00:39,857 [INFO] Iroh node started: 2e9a740f9adec44c  addrs=['10.77.0.1:43770']
2026-09-29 01:00:39,901 [INFO] CoAP server [client-4] listening on 0.0.0.0:5788
2026-09-29 01:00:39,905 [INFO] FLClient client-4 started (mock=False)
2026-09-29 01:00:39,909 [INFO] Registered client client-4  iroh=2e9a740f9adec44c
2026-09-29 01:00:40,700 [INFO] Iroh node started: 05397d8a374d9156  addrs=['10.77.0.1:33856']
2026-09-29 01:00:40,727 [INFO] CoAP server [client-5] listening on 0.0.0.0:5789
2026-09-29 01:00:40,731 [INFO] FLClient client-5 started (mock=False)
2026-09-29 01:00:40,735 [INFO] Registered client client-5  iroh=05397d8a374d9156
2026-09-29 01:00:41,491 [INFO] Iroh node started: a36c5c3fa3bac708  addrs=['10.77.0.1:33271']
2026-09-29 01:00:41,525 [INFO] CoAP server [client-6] listening on 0.0.0.0:5790
2026-09-29 01:00:41,529 [INFO] FLClient client-6 started (mock=False)
2026-09-29 01:00:41,532 [INFO] Registered client client-6  iroh=a36c5c3fa3bac708
2026-09-29 01:00:42,303 [INFO] Iroh node started: 3c471a178ef57a5b  addrs=['10.77.0.1:49817']
2026-09-29 01:00:42,322 [INFO] CoAP server [client-7] listening on 0.0.0.0:5791
2026-09-29 01:00:42,324 [INFO] FLClient client-7 started (mock=False)
2026-09-29 01:00:42,326 [INFO] Registered client client-7  iroh=3c471a178ef57a5b
2026-09-29 01:00:43,022 [INFO] Iroh node started: ec4b56ce57350de7  addrs=['10.77.0.1:35502']
2026-09-29 01:00:43,040 [INFO] CoAP server [client-8] listening on 0.0.0.0:5792
2026-09-29 01:00:43,041 [INFO] FLClient client-8 started (mock=False)
2026-09-29 01:00:43,042 [INFO] Registered client client-8  iroh=ec4b56ce57350de7
2026-09-29 01:00:43,707 [INFO] Iroh node started: 044ff3176f0ab9a1  addrs=['10.77.0.1:35557']
2026-09-29 01:00:43,746 [INFO] CoAP server [client-9] listening on 0.0.0.0:5793
2026-09-29 01:00:43,750 [INFO] FLClient client-9 started (mock=False)
2026-09-29 01:00:43,755 [INFO] Registered client client-9  iroh=044ff3176f0ab9a1
2026-09-29 01:00:43,765 [INFO] Round 1 — sending model to 10 clients…
2026-09-29 01:00:43,769 [INFO] [client-0] Round 1 — receiving model…
2026-09-29 01:00:43,774 [INFO] [client-1] Round 1 — receiving model…
2026-09-29 01:00:43,779 [INFO] [client-2] Round 1 — receiving model…
2026-09-29 01:00:43,783 [INFO] [client-3] Round 1 — receiving model…
2026-09-29 01:00:43,788 [INFO] [client-4] Round 1 — receiving model…
2026-09-29 01:00:43,793 [INFO] [client-5] Round 1 — receiving model…
2026-09-29 01:00:43,797 [INFO] [client-6] Round 1 — receiving model…
2026-09-29 01:00:43,801 [INFO] [client-7] Round 1 — receiving model…
2026-09-29 01:00:43,805 [INFO] [client-8] Round 1 — receiving model…
2026-09-29 01:00:43,810 [INFO] [client-9] Round 1 — receiving model…
2026-09-29 01:00:44,100 [INFO] recv 13933B via direct in 13ms
2026-09-29 01:00:44,110 [INFO] [client-4] Round 1 — training locally…
2026-09-29 01:02:00,222 [INFO] [client-4] Round 1 — sending update…
2026-09-29 01:02:00,225 [INFO] send 13933B via direct in 29ms (3.92 Mbit/s) to 2e9a740f9adec44c
2026-09-29 01:02:00,226 [INFO] send 13933B via direct in 32ms (3.52 Mbit/s) to 3c471a178ef57a5b
2026-09-29 01:02:00,227 [INFO] recv 13933B via direct in 21ms
2026-09-29 01:02:00,231 [INFO] [client-7] Round 1 — training locally…
2026-09-29 01:02:00,352 [INFO] [client-7] Round 1 — sending update…
2026-09-29 01:02:00,354 [INFO] send 13933B via direct in 26ms (4.25 Mbit/s) to 57f9505d7c5df9f2
2026-09-29 01:02:00,355 [WARNING] _send_bytes connect attempt 1/3 failed (TimeoutError: ) — retrying in 5s
2026-09-29 01:02:00,356 [WARNING] _send_bytes connect attempt 1/3 failed (TimeoutError: ) — retrying in 5s
2026-09-29 01:02:00,357 [WARNING] _send_bytes connect attempt 1/3 failed (TimeoutError: ) — retrying in 5s
2026-09-29 01:02:00,359 [INFO] send 13933B via direct in 25ms (4.44 Mbit/s) to a36c5c3fa3bac708
2026-09-29 01:02:00,360 [INFO] send 13933B via direct in 31ms (3.59 Mbit/s) to 31dd3e81df93f5b1
2026-09-29 01:02:00,361 [INFO] send 13933B via direct in 24ms (4.58 Mbit/s) to 044ff3176f0ab9a1
2026-09-29 01:02:00,362 [INFO] recv 13933B via direct in 3ms
2026-09-29 01:02:00,365 [INFO] [client-1] Round 1 — training locally…
2026-09-29 01:02:02,522 [INFO] [client-1] Round 1 — sending update…
2026-09-29 01:02:02,525 [INFO] recv 13933B via direct in 4ms
2026-09-29 01:02:02,528 [INFO] [client-6] Round 1 — training locally…
2026-09-29 01:02:02,627 [INFO] [client-6] Round 1 — sending update…
2026-09-29 01:02:02,629 [INFO] recv 13933B via direct in 23ms
2026-09-29 01:02:02,633 [INFO] [client-0] Round 1 — training locally…
2026-09-29 01:02:02,728 [INFO] [client-0] Round 1 — sending update…
2026-09-29 01:02:02,732 [INFO] recv 13933B via direct in 71990ms
2026-09-29 01:02:02,734 [INFO] [client-9] Round 1 — training locally…
2026-09-29 01:02:02,832 [INFO] [client-9] Round 1 — sending update…
2026-09-29 01:02:02,835 [WARNING] iroh accept/read error [b'fl-model/1']: IrohError: 
2026-09-29 01:02:02,837 [WARNING] iroh accept/read error [b'fl-model/1']: IrohError: 
2026-09-29 01:02:02,838 [WARNING] iroh accept/read error [b'fl-model/1']: IrohError: 
2026-09-29 01:02:02,844 [INFO] send 13933B via direct in 72151ms (0.00 Mbit/s) to 8059e4f668f4ad97
2026-09-29 01:02:02,849 [INFO] recv 13933B via direct in 72557ms
2026-09-29 01:02:02,853 [INFO] [client-2] Round 1 — training locally…
2026-09-29 01:02:02,963 [INFO] [client-2] Round 1 — sending update…
2026-09-29 01:02:02,973 [INFO] send 13933B via direct in 699ms (0.16 Mbit/s) to 102c0b17ecd705fc
2026-09-29 01:02:02,996 [INFO] [client-4] Round 1 done — loss=1.0309 acc=0.4962  73.0s
2026-09-29 01:02:02,997 [INFO] [client-4] Round 2 — receiving model…
2026-09-29 01:02:03,002 [INFO] send 13933B via direct in 569ms (0.20 Mbit/s) to 102c0b17ecd705fc
2026-09-29 01:02:03,023 [INFO] [client-7] Round 1 done — loss=1.0542 acc=0.4265  73.0s
2026-09-29 01:02:03,024 [INFO] [client-7] Round 2 — receiving model…
2026-09-29 01:02:03,032 [INFO] send 13933B via direct in 502ms (0.22 Mbit/s) to 102c0b17ecd705fc
2026-09-29 01:02:03,053 [INFO] [client-1] Round 1 done — loss=1.0785 acc=0.3870  73.1s
2026-09-29 01:02:03,054 [INFO] [client-1] Round 2 — receiving model…
2026-09-29 01:02:03,055 [INFO] send 13933B via direct in 398ms (0.28 Mbit/s) to 102c0b17ecd705fc
2026-09-29 01:02:03,082 [INFO] [client-6] Round 1 done — loss=1.0523 acc=0.4427  73.1s
2026-09-29 01:02:03,083 [INFO] [client-6] Round 2 — receiving model…
2026-09-29 01:02:03,084 [INFO] send 13933B via direct in 194ms (0.57 Mbit/s) to 102c0b17ecd705fc
2026-09-29 01:02:03,106 [INFO] [client-9] Round 1 done — loss=1.0506 acc=0.4652  73.1s
2026-09-29 01:02:03,108 [INFO] [client-9] Round 2 — receiving model…
2026-09-29 01:02:03,109 [INFO] send 13933B via direct in 299ms (0.37 Mbit/s) to 102c0b17ecd705fc
2026-09-29 01:02:03,135 [INFO] [client-0] Round 1 done — loss=1.0642 acc=0.4553  73.2s
2026-09-29 01:02:03,136 [INFO] [client-0] Round 2 — receiving model…
2026-09-29 01:02:03,140 [INFO] send 13933B via direct in 175ms (0.64 Mbit/s) to 102c0b17ecd705fc
2026-09-29 01:02:03,167 [INFO] [client-2] Round 1 done — loss=1.0434 acc=0.4454  73.2s
2026-09-29 01:02:03,168 [INFO] [client-2] Round 2 — receiving model…
2026-09-29 01:02:08,478 [INFO] send 13933B via direct in 78209ms (0.00 Mbit/s) to 05397d8a374d9156
2026-09-29 01:02:08,487 [INFO] send 13933B via direct in 78215ms (0.00 Mbit/s) to c355ab9f5eb2ec5e
2026-09-29 01:02:08,493 [INFO] send 13933B via direct in 78209ms (0.00 Mbit/s) to ec4b56ce57350de7
2026-09-29 01:02:08,499 [INFO] recv 13933B via direct in 38ms
2026-09-29 01:02:08,509 [INFO] [client-8] Round 1 — training locally…
2026-09-29 01:02:08,731 [INFO] [client-8] Round 1 — sending update…
2026-09-29 01:02:08,734 [INFO] Round 1 — waiting for 10 updates…
2026-09-29 01:02:08,735 [INFO] recv 13933B via direct in 188ms
2026-09-29 01:02:08,739 [INFO] recv 13933B via direct in 501ms
2026-09-29 01:02:08,742 [INFO] recv 13933B via direct in 182ms
2026-09-29 01:02:08,744 [INFO] recv 13933B via direct in 182ms
2026-09-29 01:02:08,746 [INFO] recv 13933B via direct in 184ms
2026-09-29 01:02:08,749 [INFO] recv 13933B via direct in 185ms
2026-09-29 01:02:08,751 [INFO] recv 13933B via direct in 165ms
2026-09-29 01:02:08,754 [INFO] recv 13933B via direct in 47ms
2026-09-29 01:02:08,757 [INFO] [client-5] Round 1 — training locally…
2026-09-29 01:02:08,877 [INFO] [client-5] Round 1 — sending update…
2026-09-29 01:02:08,880 [INFO] recv 13933B via direct in 34ms
2026-09-29 01:02:08,884 [INFO] [client-3] Round 1 — training locally…
2026-09-29 01:02:09,034 [INFO] [client-3] Round 1 — sending update…
2026-09-29 01:02:09,048 [INFO] send 13933B via direct in 314ms (0.36 Mbit/s) to 102c0b17ecd705fc
2026-09-29 01:02:09,072 [INFO] [client-8] Round 1 done — loss=0.8115 acc=0.6806  79.1s
2026-09-29 01:02:09,074 [INFO] [client-8] Round 2 — receiving model…
2026-09-29 01:02:09,079 [INFO] recv 13933B via direct in 195ms
2026-09-29 01:02:09,083 [INFO] send 13933B via direct in 41ms (2.70 Mbit/s) to 102c0b17ecd705fc
2026-09-29 01:02:09,104 [INFO] [client-3] Round 1 done — loss=1.0586 acc=0.4523  79.1s
2026-09-29 01:02:09,105 [INFO] [client-3] Round 2 — receiving model…
2026-09-29 01:02:09,106 [INFO] recv 13933B via direct in 29ms
2026-09-29 01:02:09,109 [INFO] recv 13933B via direct in 35ms
2026-09-29 01:02:09,135 [INFO] Round 1/20  acc=0.2957  loss=1.1138  79.2s  clients=10
2026-09-29 01:02:09,136 [INFO] Round 2 — sending model to 10 clients…
2026-09-29 01:02:09,149 [INFO] send 13933B via direct in 198ms (0.56 Mbit/s) to 102c0b17ecd705fc
2026-09-29 01:02:09,171 [INFO] [client-5] Round 1 done — loss=1.0551 acc=0.4478  79.2s
2026-09-29 01:02:09,172 [INFO] [client-5] Round 2 — receiving model…
2026-09-29 01:02:09,197 [INFO] send 13933B via direct in 58ms (1.93 Mbit/s) to 044ff3176f0ab9a1
2026-09-29 01:02:09,199 [INFO] send 13933B via direct in 50ms (2.23 Mbit/s) to 31dd3e81df93f5b1
2026-09-29 01:02:09,201 [INFO] recv 13933B via direct in 20ms
2026-09-29 01:02:09,204 [INFO] [client-9] Round 2 — training locally…
2026-09-29 01:02:09,358 [INFO] [client-9] Round 2 — sending update…
2026-09-29 01:02:09,361 [INFO] recv 13933B via direct in 20ms
2026-09-29 01:02:09,367 [INFO] [client-4] Round 2 — training locally…
2026-09-29 01:02:09,586 [INFO] [client-4] Round 2 — sending update…
2026-09-29 01:02:09,590 [INFO] recv 13933B via direct in 21ms
2026-09-29 01:02:09,593 [INFO] [client-6] Round 2 — training locally…
2026-09-29 01:02:09,731 [INFO] [client-6] Round 2 — sending update…
2026-09-29 01:02:09,736 [INFO] recv 13933B via direct in 19ms
2026-09-29 01:02:09,739 [INFO] [client-0] Round 2 — training locally…
2026-09-29 01:02:09,838 [INFO] [client-0] Round 2 — sending update…
2026-09-29 01:02:09,848 [INFO] send 13933B via direct in 595ms (0.19 Mbit/s) to 2e9a740f9adec44c
2026-09-29 01:02:09,853 [INFO] send 13933B via direct in 693ms (0.16 Mbit/s) to ec4b56ce57350de7
2026-09-29 01:02:09,855 [INFO] recv 13933B via direct in 664ms
2026-09-29 01:02:09,858 [INFO] [client-2] Round 2 — training locally…
2026-09-29 01:02:09,963 [INFO] [client-2] Round 2 — sending update…
2026-09-29 01:02:09,965 [INFO] recv 13933B via direct in 664ms
2026-09-29 01:02:09,968 [INFO] [client-8] Round 2 — training locally…
2026-09-29 01:02:10,115 [INFO] [client-8] Round 2 — sending update…
2026-09-29 01:02:10,118 [INFO] recv 13933B via direct in 665ms
2026-09-29 01:02:10,123 [INFO] [client-7] Round 2 — training locally…
2026-09-29 01:02:10,231 [INFO] [client-7] Round 2 — sending update…
2026-09-29 01:02:10,234 [INFO] recv 13933B via direct in 666ms
2026-09-29 01:02:10,237 [INFO] [client-1] Round 2 — training locally…
2026-09-29 01:02:10,358 [INFO] [client-1] Round 2 — sending update…
2026-09-29 01:02:10,362 [INFO] send 13933B via direct in 696ms (0.16 Mbit/s) to 8059e4f668f4ad97
2026-09-29 01:02:10,364 [INFO] send 13933B via direct in 694ms (0.16 Mbit/s) to 3c471a178ef57a5b
2026-09-29 01:02:10,365 [INFO] send 13933B via direct in 698ms (0.16 Mbit/s) to 57f9505d7c5df9f2
2026-09-29 01:02:10,379 [INFO] send 13933B via direct in 1007ms (0.11 Mbit/s) to 102c0b17ecd705fc
2026-09-29 01:02:10,402 [INFO] [client-9] Round 2 done — loss=1.0268 acc=0.5084  7.3s
2026-09-29 01:02:10,403 [INFO] [client-9] Round 3 — receiving model…
2026-09-29 01:02:10,407 [INFO] send 13933B via direct in 673ms (0.17 Mbit/s) to 102c0b17ecd705fc
2026-09-29 01:02:10,427 [INFO] [client-6] Round 2 done — loss=1.0276 acc=0.4750  7.3s
2026-09-29 01:02:10,429 [INFO] [client-6] Round 3 — receiving model…
2026-09-29 01:02:10,432 [INFO] send 13933B via direct in 173ms (0.65 Mbit/s) to 102c0b17ecd705fc
2026-09-29 01:02:10,453 [INFO] [client-7] Round 2 done — loss=1.0415 acc=0.4296  7.4s
2026-09-29 01:02:10,454 [INFO] [client-7] Round 3 — receiving model…
2026-09-29 01:02:10,459 [INFO] recv 13933B via direct in 87ms
2026-09-29 01:02:10,462 [INFO] [client-5] Round 2 — training locally…
2026-09-29 01:02:10,568 [INFO] [client-5] Round 2 — sending update…
2026-09-29 01:02:10,571 [INFO] recv 13933B via direct in 87ms
2026-09-29 01:02:10,575 [INFO] [client-3] Round 2 — training locally…
2026-09-29 01:02:10,694 [INFO] [client-3] Round 2 — sending update…
2026-09-29 01:02:10,698 [INFO] send 13933B via direct in 1316ms (0.08 Mbit/s) to 05397d8a374d9156
2026-09-29 01:02:10,699 [INFO] send 13933B via direct in 492ms (0.23 Mbit/s) to 102c0b17ecd705fc
2026-09-29 01:02:10,728 [INFO] [client-2] Round 2 done — loss=1.0183 acc=0.4643  7.6s
2026-09-29 01:02:10,728 [INFO] [client-2] Round 3 — receiving model…
2026-09-29 01:02:10,729 [INFO] send 13933B via direct in 340ms (0.33 Mbit/s) to 102c0b17ecd705fc
2026-09-29 01:02:10,756 [INFO] [client-8] Round 2 done — loss=0.7752 acc=0.7253  1.7s
2026-09-29 01:02:10,758 [INFO] [client-8] Round 3 — receiving model…
2026-09-29 01:02:10,760 [INFO] send 13933B via direct in 97ms (1.15 Mbit/s) to 102c0b17ecd705fc
2026-09-29 01:02:10,812 [INFO] [client-1] Round 2 done — loss=1.0719 acc=0.3908  7.8s
2026-09-29 01:02:10,813 [INFO] [client-1] Round 3 — receiving model…
2026-09-29 01:02:10,815 [INFO] send 13933B via direct in 1310ms (0.09 Mbit/s) to c355ab9f5eb2ec5e
2026-09-29 01:02:10,816 [ERROR] send_tensors → client-6 FAILED: ConnectionError: stream not acknowledged: IrohError: 
2026-09-29 01:02:10,817 [INFO] Round 2 — waiting for 9 updates…
2026-09-29 01:02:10,818 [INFO] recv 13933B via direct in 537ms
2026-09-29 01:02:10,822 [INFO] recv 13933B via direct in 555ms
2026-09-29 01:02:10,825 [WARNING] Round 2 — discarding update from unselected/duplicate peer a36c5c3fa3bac708
2026-09-29 01:02:10,827 [INFO] recv 13933B via direct in 63ms
2026-09-29 01:02:10,830 [INFO] recv 13933B via direct in 63ms
2026-09-29 01:02:10,833 [INFO] recv 13933B via direct in 88ms
2026-09-29 01:02:10,836 [INFO] recv 13933B via direct in 88ms
2026-09-29 01:02:10,850 [INFO] send 13933B via direct in 278ms (0.40 Mbit/s) to 102c0b17ecd705fc
2026-09-29 01:02:10,881 [INFO] [client-5] Round 2 done — loss=1.0229 acc=0.5127  1.7s
2026-09-29 01:02:10,882 [INFO] [client-5] Round 3 — receiving model…
2026-09-29 01:02:10,883 [INFO] send 13933B via direct in 1009ms (0.11 Mbit/s) to 102c0b17ecd705fc
2026-09-29 01:02:10,907 [INFO] [client-0] Round 2 done — loss=1.0629 acc=0.4397  7.8s
2026-09-29 01:02:10,908 [INFO] [client-0] Round 3 — receiving model…
2026-09-29 01:02:10,911 [INFO] recv 13933B via direct in 33ms
2026-09-29 01:02:10,916 [INFO] send 13933B via direct in 1322ms (0.08 Mbit/s) to 102c0b17ecd705fc
2026-09-29 01:02:10,933 [INFO] [client-4] Round 2 done — loss=1.0306 acc=0.4787  7.9s
2026-09-29 01:02:10,934 [INFO] [client-4] Round 3 — receiving model…
2026-09-29 01:02:10,934 [INFO] recv 13933B via direct in 67ms
2026-09-29 01:02:10,938 [INFO] recv 13933B via direct in 1074ms
2026-09-29 01:02:13,711 [INFO] recv 13933B via direct in 4ms
2026-09-29 01:02:13,757 [INFO] Round 2/20  acc=0.4386  loss=1.0707  4.6s  clients=9
2026-09-29 01:02:13,758 [INFO] Round 3 — sending model to 10 clients…
2026-09-29 01:02:13,788 [INFO] send 13933B via direct in 3074ms (0.04 Mbit/s) to 102c0b17ecd705fc
2026-09-29 01:02:13,809 [INFO] [client-3] Round 2 done — loss=1.0595 acc=0.4389  4.7s
2026-09-29 01:02:13,810 [INFO] [client-3] Round 3 — receiving model…
2026-09-29 01:02:13,821 [INFO] send 13933B via direct in 57ms (1.97 Mbit/s) to 8059e4f668f4ad97
2026-09-29 01:02:13,823 [INFO] send 13933B via direct in 58ms (1.93 Mbit/s) to ec4b56ce57350de7
2026-09-29 01:02:13,824 [INFO] recv 13933B via direct in 32ms
2026-09-29 01:02:13,826 [INFO] [client-7] Round 3 — training locally…
2026-09-29 01:02:13,952 [INFO] [client-7] Round 3 — sending update…
2026-09-29 01:02:13,954 [INFO] recv 13933B via direct in 48ms
2026-09-29 01:02:13,961 [INFO] [client-2] Round 3 — training locally…
2026-09-29 01:02:14,073 [INFO] [client-2] Round 3 — sending update…
2026-09-29 01:02:14,076 [INFO] recv 13933B via direct in 48ms
2026-09-29 01:02:14,078 [INFO] [client-8] Round 3 — training locally…
2026-09-29 01:02:14,193 [INFO] [client-8] Round 3 — sending update…
2026-09-29 01:02:14,195 [INFO] recv 13933B via direct in 49ms
2026-09-29 01:02:14,201 [INFO] [client-4] Round 3 — training locally…
2026-09-29 01:02:14,310 [INFO] [client-4] Round 3 — sending update…
2026-09-29 01:02:14,313 [INFO] send 13933B via direct in 52ms (2.15 Mbit/s) to 044ff3176f0ab9a1
2026-09-29 01:02:14,315 [INFO] send 13933B via direct in 57ms (1.97 Mbit/s) to 2e9a740f9adec44c
2026-09-29 01:02:14,317 [INFO] send 13933B via direct in 54ms (2.08 Mbit/s) to a36c5c3fa3bac708
2026-09-29 01:02:14,319 [INFO] send 13933B via direct in 56ms (1.99 Mbit/s) to c355ab9f5eb2ec5e
2026-09-29 01:02:14,321 [INFO] recv 13933B via direct in 50ms
2026-09-29 01:02:14,323 [INFO] [client-1] Round 3 — training locally…
2026-09-29 01:02:14,429 [INFO] [client-1] Round 3 — sending update…
2026-09-29 01:02:14,431 [INFO] recv 13933B via direct in 36ms
2026-09-29 01:02:14,433 [INFO] [client-3] Round 3 — training locally…
2026-09-29 01:02:14,542 [INFO] [client-3] Round 3 — sending update…
2026-09-29 01:02:14,547 [INFO] recv 13933B via direct in 502ms
2026-09-29 01:02:14,550 [INFO] [client-9] Round 3 — training locally…
2026-09-29 01:02:14,682 [INFO] [client-9] Round 3 — sending update…
2026-09-29 01:02:14,691 [INFO] send 13933B via direct in 549ms (0.20 Mbit/s) to 3c471a178ef57a5b
2026-09-29 01:02:14,694 [INFO] recv 13933B via direct in 505ms
2026-09-29 01:02:14,696 [INFO] [client-6] Round 3 — training locally…
2026-09-29 01:02:14,815 [INFO] [client-6] Round 3 — sending update…
2026-09-29 01:02:14,819 [INFO] send 13933B via direct in 555ms (0.20 Mbit/s) to 57f9505d7c5df9f2
2026-09-29 01:02:14,821 [INFO] send 13933B via direct in 780ms (0.14 Mbit/s) to 05397d8a374d9156
2026-09-29 01:02:14,824 [INFO] recv 13933B via direct in 774ms
2026-09-29 01:02:14,827 [INFO] [client-5] Round 3 — training locally…
2026-09-29 01:02:14,921 [INFO] [client-5] Round 3 — sending update…
2026-09-29 01:02:14,932 [INFO] send 13933B via direct in 1159ms (0.10 Mbit/s) to 31dd3e81df93f5b1
2026-09-29 01:02:14,934 [INFO] Round 3 — waiting for 10 updates…
2026-09-29 01:02:14,936 [INFO] send 13933B via direct in 977ms (0.11 Mbit/s) to 102c0b17ecd705fc
2026-09-29 01:02:14,960 [INFO] [client-7] Round 3 done — loss=1.0385 acc=0.4444  4.5s
2026-09-29 01:02:14,961 [INFO] [client-7] Round 4 — receiving model…
2026-09-29 01:02:14,962 [INFO] send 13933B via direct in 736ms (0.15 Mbit/s) to 102c0b17ecd705fc
2026-09-29 01:02:14,985 [INFO] [client-8] Round 3 done — loss=0.7679 acc=0.7191  4.2s
2026-09-29 01:02:14,986 [INFO] [client-8] Round 4 — receiving model…
2026-09-29 01:02:14,991 [INFO] recv 13933B via direct in 388ms
2026-09-29 01:02:14,994 [INFO] recv 13933B via direct in 388ms
2026-09-29 01:02:14,996 [INFO] recv 13933B via direct in 388ms
2026-09-29 01:02:14,999 [INFO] send 13933B via direct in 391ms (0.29 Mbit/s) to 102c0b17ecd705fc
2026-09-29 01:02:15,031 [INFO] [client-3] Round 3 done — loss=1.0480 acc=0.4550  1.2s
2026-09-29 01:02:15,033 [INFO] [client-3] Round 4 — receiving model…
2026-09-29 01:02:15,037 [INFO] recv 13933B via direct in 13ms
2026-09-29 01:02:15,041 [INFO] [client-0] Round 3 — training locally…
2026-09-29 01:02:15,120 [INFO] [client-0] Round 3 — sending update…
2026-09-29 01:02:15,124 [INFO] send 13933B via direct in 723ms (0.15 Mbit/s) to 102c0b17ecd705fc
2026-09-29 01:02:15,147 [INFO] [client-4] Round 3 done — loss=1.0228 acc=0.4876  4.2s
2026-09-29 01:02:15,148 [INFO] [client-4] Round 4 — receiving model…
2026-09-29 01:02:15,149 [INFO] send 13933B via direct in 218ms (0.51 Mbit/s) to 102c0b17ecd705fc
2026-09-29 01:02:15,173 [INFO] [client-6] Round 3 done — loss=1.0243 acc=0.4861  4.7s
2026-09-29 01:02:15,174 [INFO] [client-6] Round 4 — receiving model…
2026-09-29 01:02:15,175 [INFO] send 13933B via direct in 350ms (0.32 Mbit/s) to 102c0b17ecd705fc
2026-09-29 01:02:15,209 [INFO] [client-9] Round 3 done — loss=1.0184 acc=0.5154  4.8s
2026-09-29 01:02:15,210 [INFO] [client-9] Round 4 — receiving model…
2026-09-29 01:02:15,211 [INFO] recv 13933B via direct in 175ms
2026-09-29 01:02:15,219 [INFO] send 13933B via direct in 201ms (0.56 Mbit/s) to 102c0b17ecd705fc
2026-09-29 01:02:15,254 [INFO] [client-5] Round 3 done — loss=0.9994 acc=0.5402  4.4s
2026-09-29 01:02:15,256 [INFO] [client-5] Round 4 — receiving model…
2026-09-29 01:02:15,257 [INFO] recv 13933B via direct in 299ms
2026-09-29 01:02:15,262 [INFO] recv 13933B via direct in 200ms
2026-09-29 01:02:15,266 [INFO] recv 13933B via direct in 282ms
2026-09-29 01:02:15,272 [INFO] recv 13933B via direct in 14ms
2026-09-29 01:02:15,277 [INFO] send 13933B via direct in 155ms (0.72 Mbit/s) to 102c0b17ecd705fc
2026-09-29 01:02:15,319 [INFO] [client-0] Round 3 done — loss=1.0555 acc=0.4466  4.4s
2026-09-29 01:02:15,320 [INFO] [client-0] Round 4 — receiving model…
2026-09-29 01:02:15,322 [INFO] send 13933B via direct in 1246ms (0.09 Mbit/s) to 102c0b17ecd705fc
2026-09-29 01:02:15,348 [INFO] [client-2] Round 3 done — loss=0.9902 acc=0.5041  4.6s
2026-09-29 01:02:15,349 [INFO] [client-2] Round 4 — receiving model…
2026-09-29 01:02:15,350 [INFO] recv 13933B via direct in 107ms
2026-09-29 01:02:15,437 [INFO] send 13933B via direct in 1005ms (0.11 Mbit/s) to 102c0b17ecd705fc
2026-09-29 01:02:15,501 [INFO] [client-1] Round 3 done — loss=1.0635 acc=0.4042  4.7s
2026-09-29 01:02:15,503 [INFO] [client-1] Round 4 — receiving model…
2026-09-29 01:02:15,504 [INFO] recv 13933B via direct in 3ms
2026-09-29 01:02:15,529 [INFO] Round 3/20  acc=0.4406  loss=1.0728  1.8s  clients=10
2026-09-29 01:02:15,531 [INFO] Round 4 — sending model to 10 clients…
2026-09-29 01:02:15,571 [INFO] send 13933B via direct in 28ms (4.04 Mbit/s) to c355ab9f5eb2ec5e
2026-09-29 01:02:15,572 [INFO] recv 13933B via direct in 21ms
2026-09-29 01:02:15,575 [INFO] [client-2] Round 4 — training locally…
2026-09-29 01:02:15,698 [INFO] [client-2] Round 4 — sending update…
2026-09-29 01:02:15,703 [INFO] recv 13933B via direct in 9ms
2026-09-29 01:02:15,707 [INFO] [client-3] Round 4 — training locally…
2026-09-29 01:02:15,822 [INFO] [client-3] Round 4 — sending update…
2026-09-29 01:02:15,824 [INFO] recv 13933B via direct in 9ms
2026-09-29 01:02:15,828 [INFO] [client-0] Round 4 — training locally…
2026-09-29 01:02:15,919 [INFO] [client-0] Round 4 — sending update…
2026-09-29 01:02:15,922 [INFO] send 13933B via direct in 27ms (4.20 Mbit/s) to 31dd3e81df93f5b1
2026-09-29 01:02:15,923 [INFO] send 13933B via direct in 37ms (3.06 Mbit/s) to 57f9505d7c5df9f2
2026-09-29 01:02:15,925 [INFO] recv 13933B via direct in 23ms
2026-09-29 01:02:15,929 [INFO] [client-1] Round 4 — training locally…
2026-09-29 01:02:16,033 [INFO] [client-1] Round 4 — sending update…
2026-09-29 01:02:16,036 [INFO] recv 13933B via direct in 8ms
2026-09-29 01:02:16,038 [INFO] [client-9] Round 4 — training locally…
2026-09-29 01:02:16,155 [INFO] [client-9] Round 4 — sending update…
2026-09-29 01:02:16,158 [INFO] send 13933B via direct in 30ms (3.74 Mbit/s) to 2e9a740f9adec44c
2026-09-29 01:02:16,159 [INFO] send 13933B via direct in 25ms (4.50 Mbit/s) to 05397d8a374d9156
2026-09-29 01:02:16,162 [INFO] recv 13933B via direct in 376ms
2026-09-29 01:02:16,165 [INFO] [client-4] Round 4 — training locally…
2026-09-29 01:02:16,265 [INFO] [client-4] Round 4 — sending update…
2026-09-29 01:02:16,275 [INFO] send 13933B via direct in 620ms (0.18 Mbit/s) to 8059e4f668f4ad97
2026-09-29 01:02:16,277 [INFO] send 13933B via direct in 616ms (0.18 Mbit/s) to 3c471a178ef57a5b
2026-09-29 01:02:16,278 [INFO] send 13933B via direct in 617ms (0.18 Mbit/s) to 044ff3176f0ab9a1
2026-09-29 01:02:16,280 [INFO] send 13933B via direct in 626ms (0.18 Mbit/s) to a36c5c3fa3bac708
2026-09-29 01:02:16,281 [INFO] recv 13933B via direct in 593ms
2026-09-29 01:02:16,284 [INFO] [client-5] Round 4 — training locally…
2026-09-29 01:02:16,387 [INFO] [client-5] Round 4 — sending update…
2026-09-29 01:02:16,395 [INFO] recv 13933B via direct in 703ms
2026-09-29 01:02:16,399 [INFO] [client-7] Round 4 — training locally…
2026-09-29 01:02:16,504 [INFO] [client-7] Round 4 — sending update…
2026-09-29 01:02:16,507 [INFO] recv 13933B via direct in 722ms
2026-09-29 01:02:16,511 [INFO] [client-6] Round 4 — training locally…
2026-09-29 01:02:16,614 [INFO] [client-6] Round 4 — sending update…
2026-09-29 01:02:16,626 [INFO] send 13933B via direct in 915ms (0.12 Mbit/s) to 102c0b17ecd705fc
2026-09-29 01:02:16,745 [INFO] [client-2] Round 4 done — loss=0.9819 acc=0.5103  1.4s
2026-09-29 01:02:16,749 [INFO] [client-2] Round 5 — receiving model…
2026-09-29 01:02:16,751 [INFO] send 13933B via direct in 465ms (0.24 Mbit/s) to 102c0b17ecd705fc
2026-09-29 01:02:16,769 [INFO] [client-9] Round 4 done — loss=1.0193 acc=0.5207  1.6s
2026-09-29 01:02:16,771 [INFO] [client-9] Round 5 — receiving model…
2026-09-29 01:02:16,773 [INFO] send 13933B via direct in 1081ms (0.10 Mbit/s) to ec4b56ce57350de7
2026-09-29 01:02:16,777 [INFO] Round 4 — waiting for 10 updates…
2026-09-29 01:02:16,778 [INFO] recv 13933B via direct in 462ms
2026-09-29 01:02:16,782 [INFO] send 13933B via direct in 505ms (0.22 Mbit/s) to 102c0b17ecd705fc
2026-09-29 01:02:16,799 [INFO] [client-4] Round 4 done — loss=1.0204 acc=0.4870  1.7s
2026-09-29 01:02:16,800 [INFO] [client-4] Round 5 — receiving model…
2026-09-29 01:02:16,802 [INFO] send 13933B via direct in 387ms (0.29 Mbit/s) to 102c0b17ecd705fc
2026-09-29 01:02:16,821 [INFO] [client-5] Round 4 done — loss=0.9884 acc=0.5436  1.6s
2026-09-29 01:02:16,822 [INFO] [client-5] Round 5 — receiving model…
2026-09-29 01:02:16,823 [INFO] recv 13933B via direct in 498ms
2026-09-29 01:02:16,826 [INFO] recv 13933B via direct in 158ms
2026-09-29 01:02:16,828 [INFO] [client-8] Round 4 — training locally…
2026-09-29 01:02:16,922 [INFO] [client-8] Round 4 — sending update…
2026-09-29 01:02:16,925 [INFO] recv 13933B via direct in 184ms
2026-09-29 01:02:16,927 [INFO] recv 13933B via direct in 203ms
2026-09-29 01:02:16,930 [INFO] send 13933B via direct in 318ms (0.35 Mbit/s) to 102c0b17ecd705fc
2026-09-29 01:02:16,952 [INFO] [client-7] Round 4 done — loss=1.0303 acc=0.4547  2.0s
2026-09-29 01:02:16,953 [INFO] [client-7] Round 5 — receiving model…
2026-09-29 01:02:16,955 [INFO] recv 13933B via direct in 203ms
2026-09-29 01:02:16,959 [INFO] send 13933B via direct in 309ms (0.36 Mbit/s) to 102c0b17ecd705fc
2026-09-29 01:02:16,981 [INFO] [client-6] Round 4 done — loss=1.0195 acc=0.4764  1.8s
2026-09-29 01:02:16,982 [INFO] [client-6] Round 5 — receiving model…
2026-09-29 01:02:16,983 [INFO] recv 13933B via direct in 204ms
2026-09-29 01:02:17,063 [INFO] send 13933B via direct in 1023ms (0.11 Mbit/s) to 102c0b17ecd705fc
2026-09-29 01:02:17,136 [INFO] [client-1] Round 4 done — loss=1.0615 acc=0.4148  1.6s
2026-09-29 01:02:17,137 [INFO] [client-1] Round 5 — receiving model…
2026-09-29 01:02:17,139 [INFO] recv 13933B via direct in 9ms
2026-09-29 01:02:17,313 [INFO] recv 13933B via direct in 1145ms
2026-09-29 01:02:17,325 [INFO] send 13933B via direct in 1386ms (0.08 Mbit/s) to 102c0b17ecd705fc
2026-09-29 01:02:17,372 [INFO] [client-0] Round 4 done — loss=1.0557 acc=0.4536  2.1s
2026-09-29 01:02:17,373 [INFO] [client-0] Round 5 — receiving model…
2026-09-29 01:02:17,959 [INFO] recv 13933B via direct in 31ms
2026-09-29 01:02:17,964 [INFO] send 13933B via direct in 1039ms (0.11 Mbit/s) to 102c0b17ecd705fc
2026-09-29 01:02:18,005 [INFO] [client-8] Round 4 done — loss=0.7682 acc=0.7157  3.0s
2026-09-29 01:02:18,006 [INFO] [client-8] Round 5 — receiving model…
2026-09-29 01:02:19,357 [INFO] send 13933B via direct in 3529ms (0.03 Mbit/s) to 102c0b17ecd705fc
2026-09-29 01:02:19,439 [INFO] [client-3] Round 4 done — loss=1.0491 acc=0.4475  4.4s
2026-09-29 01:02:19,441 [INFO] [client-3] Round 5 — receiving model…
2026-09-29 01:02:19,442 [INFO] recv 13933B via direct in 3193ms
2026-09-29 01:02:19,466 [INFO] Round 4/20  acc=0.4496  loss=1.0665  3.9s  clients=10
2026-09-29 01:02:19,468 [INFO] Round 5 — sending model to 10 clients…
2026-09-29 01:02:19,501 [INFO] send 13933B via direct in 29ms (3.85 Mbit/s) to 57f9505d7c5df9f2
2026-09-29 01:02:19,502 [INFO] send 13933B via direct in 26ms (4.30 Mbit/s) to 044ff3176f0ab9a1
2026-09-29 01:02:19,504 [INFO] send 13933B via direct in 25ms (4.46 Mbit/s) to a36c5c3fa3bac708
2026-09-29 01:02:19,506 [INFO] send 13933B via direct in 25ms (4.55 Mbit/s) to 31dd3e81df93f5b1
2026-09-29 01:02:19,507 [INFO] send 13933B via direct in 23ms (4.76 Mbit/s) to c355ab9f5eb2ec5e
2026-09-29 01:02:19,509 [INFO] send 13933B via direct in 22ms (5.03 Mbit/s) to 3c471a178ef57a5b
2026-09-29 01:02:19,511 [INFO] send 13933B via direct in 21ms (5.28 Mbit/s) to 05397d8a374d9156
2026-09-29 01:02:19,513 [INFO] recv 13933B via direct in 21ms
2026-09-29 01:02:19,516 [INFO] [client-1] Round 5 — training locally…
2026-09-29 01:02:19,695 [INFO] [client-1] Round 5 — sending update…
2026-09-29 01:02:19,698 [INFO] recv 13933B via direct in 9ms
2026-09-29 01:02:19,702 [INFO] [client-5] Round 5 — training locally…
2026-09-29 01:02:19,819 [INFO] [client-5] Round 5 — sending update…
2026-09-29 01:02:19,821 [INFO] recv 13933B via direct in 24ms
2026-09-29 01:02:19,825 [INFO] [client-9] Round 5 — training locally…
2026-09-29 01:02:20,008 [INFO] [client-9] Round 5 — sending update…
2026-09-29 01:02:20,011 [INFO] recv 13933B via direct in 28ms
2026-09-29 01:02:20,015 [INFO] [client-0] Round 5 — training locally…
2026-09-29 01:02:20,092 [INFO] [client-0] Round 5 — sending update…
2026-09-29 01:02:20,094 [INFO] recv 13933B via direct in 28ms
2026-09-29 01:02:20,098 [INFO] [client-3] Round 5 — training locally…
2026-09-29 01:02:20,200 [INFO] [client-3] Round 5 — sending update…
2026-09-29 01:02:20,204 [INFO] recv 13933B via direct in 29ms
2026-09-29 01:02:20,207 [INFO] [client-6] Round 5 — training locally…
2026-09-29 01:02:20,344 [INFO] [client-6] Round 5 — sending update…
2026-09-29 01:02:20,347 [INFO] recv 13933B via direct in 29ms
2026-09-29 01:02:20,350 [INFO] [client-7] Round 5 — training locally…
2026-09-29 01:02:20,448 [INFO] [client-7] Round 5 — sending update…
2026-09-29 01:02:20,462 [INFO] send 13933B via direct in 972ms (0.12 Mbit/s) to 8059e4f668f4ad97
2026-09-29 01:02:20,468 [INFO] recv 13933B via direct in 968ms
2026-09-29 01:02:20,471 [INFO] [client-2] Round 5 — training locally…
2026-09-29 01:02:20,601 [INFO] [client-2] Round 5 — sending update…
2026-09-29 01:02:20,604 [INFO] send 13933B via direct in 374ms (0.30 Mbit/s) to 102c0b17ecd705fc
2026-09-29 01:02:20,623 [INFO] [client-0] Round 5 done — loss=1.0595 acc=0.4488  3.3s
2026-09-29 01:02:20,624 [INFO] [client-0] Round 6 — receiving model…
2026-09-29 01:02:20,633 [INFO] send 13933B via direct in 807ms (0.14 Mbit/s) to 102c0b17ecd705fc
2026-09-29 01:02:20,653 [INFO] [client-5] Round 5 done — loss=0.9810 acc=0.5457  3.8s
2026-09-29 01:02:20,654 [INFO] [client-5] Round 6 — receiving model…
2026-09-29 01:02:20,656 [INFO] send 13933B via direct in 616ms (0.18 Mbit/s) to 102c0b17ecd705fc
2026-09-29 01:02:20,675 [INFO] [client-9] Round 5 done — loss=1.0167 acc=0.5246  3.9s
2026-09-29 01:02:20,676 [INFO] [client-9] Round 6 — receiving model…
2026-09-29 01:02:20,677 [INFO] send 13933B via direct in 425ms (0.26 Mbit/s) to 102c0b17ecd705fc
2026-09-29 01:02:20,697 [INFO] [client-3] Round 5 done — loss=1.0452 acc=0.4406  1.3s
2026-09-29 01:02:20,698 [INFO] [client-3] Round 6 — receiving model…
2026-09-29 01:02:20,699 [INFO] send 13933B via direct in 281ms (0.40 Mbit/s) to 102c0b17ecd705fc
2026-09-29 01:02:20,723 [INFO] [client-6] Round 5 done — loss=1.0193 acc=0.4795  3.7s
2026-09-29 01:02:20,724 [INFO] [client-6] Round 6 — receiving model…
2026-09-29 01:02:20,729 [INFO] send 13933B via direct in 1255ms (0.09 Mbit/s) to ec4b56ce57350de7
2026-09-29 01:02:20,731 [INFO] send 13933B via direct in 1246ms (0.09 Mbit/s) to 2e9a740f9adec44c
2026-09-29 01:02:20,732 [INFO] Round 5 — waiting for 10 updates…
2026-09-29 01:02:20,733 [INFO] recv 13933B via direct in 150ms
2026-09-29 01:02:20,735 [INFO] recv 13933B via direct in 151ms
2026-09-29 01:02:20,737 [INFO] recv 13933B via direct in 172ms
2026-09-29 01:02:20,740 [INFO] recv 13933B via direct in 166ms
2026-09-29 01:02:20,742 [INFO] recv 13933B via direct in 167ms
2026-09-29 01:02:20,745 [INFO] recv 13933B via direct in 102ms
2026-09-29 01:02:20,747 [INFO] [client-8] Round 5 — training locally…
2026-09-29 01:02:20,849 [INFO] [client-8] Round 5 — sending update…
2026-09-29 01:02:20,854 [INFO] recv 13933B via direct in 105ms
2026-09-29 01:02:20,857 [INFO] [client-4] Round 5 — training locally…
2026-09-29 01:02:20,974 [INFO] [client-4] Round 5 — sending update…
2026-09-29 01:02:20,980 [INFO] send 13933B via direct in 375ms (0.30 Mbit/s) to 102c0b17ecd705fc
2026-09-29 01:02:20,996 [INFO] [client-2] Round 5 done — loss=0.9781 acc=0.5096  4.2s
2026-09-29 01:02:20,997 [INFO] [client-2] Round 6 — receiving model…
2026-09-29 01:02:20,998 [INFO] recv 13933B via direct in 345ms
2026-09-29 01:02:21,001 [INFO] recv 13933B via direct in 22ms
2026-09-29 01:02:21,026 [INFO] send 13933B via direct in 172ms (0.65 Mbit/s) to 102c0b17ecd705fc
2026-09-29 01:02:21,066 [INFO] [client-8] Round 5 done — loss=0.7675 acc=0.7112  3.1s
2026-09-29 01:02:21,067 [INFO] [client-8] Round 6 — receiving model…
2026-09-29 01:02:21,482 [INFO] send 13933B via direct in 1027ms (0.11 Mbit/s) to 102c0b17ecd705fc
2026-09-29 01:02:21,554 [INFO] [client-7] Round 5 done — loss=1.0369 acc=0.4313  4.6s
2026-09-29 01:02:21,555 [INFO] [client-7] Round 6 — receiving model…
2026-09-29 01:02:21,557 [INFO] recv 13933B via direct in 97ms
2026-09-29 01:02:21,983 [INFO] send 13933B via direct in 1007ms (0.11 Mbit/s) to 102c0b17ecd705fc
2026-09-29 01:02:22,040 [INFO] [client-4] Round 5 done — loss=1.0164 acc=0.4918  5.2s
2026-09-29 01:02:22,041 [INFO] [client-4] Round 6 — receiving model…
2026-09-29 01:02:22,044 [INFO] recv 13933B via direct in 64ms
2026-09-29 01:02:23,565 [INFO] send 13933B via direct in 3865ms (0.03 Mbit/s) to 102c0b17ecd705fc
2026-09-29 01:02:23,631 [INFO] [client-1] Round 5 done — loss=1.0599 acc=0.4148  6.5s
2026-09-29 01:02:23,632 [INFO] [client-1] Round 6 — receiving model…
2026-09-29 01:02:23,633 [INFO] recv 13933B via direct in 3111ms
2026-09-29 01:02:23,657 [INFO] Round 5/20  acc=0.4518  loss=1.0713  4.2s  clients=10
2026-09-29 01:02:23,658 [INFO] Round 6 — sending model to 10 clients…
2026-09-29 01:02:23,679 [INFO] send 13933B via direct in 19ms (5.89 Mbit/s) to a36c5c3fa3bac708
2026-09-29 01:02:23,681 [INFO] recv 13933B via direct in 9ms
2026-09-29 01:02:23,683 [INFO] [client-6] Round 6 — training locally…
2026-09-29 01:02:23,786 [INFO] [client-6] Round 6 — sending update…
2026-09-29 01:02:23,790 [INFO] recv 13933B via direct in 9ms
2026-09-29 01:02:23,795 [INFO] [client-3] Round 6 — training locally…
2026-09-29 01:02:23,918 [INFO] [client-3] Round 6 — sending update…
2026-09-29 01:02:23,921 [INFO] recv 13933B via direct in 3ms
2026-09-29 01:02:23,923 [INFO] [client-1] Round 6 — training locally…
2026-09-29 01:02:24,135 [INFO] [client-1] Round 6 — sending update…
2026-09-29 01:02:24,142 [INFO] send 13933B via direct in 257ms (0.43 Mbit/s) to c355ab9f5eb2ec5e
2026-09-29 01:02:24,143 [INFO] send 13933B via direct in 252ms (0.44 Mbit/s) to 57f9505d7c5df9f2
2026-09-29 01:02:24,144 [INFO] recv 13933B via direct in 468ms
2026-09-29 01:02:24,146 [INFO] [client-4] Round 6 — training locally…
2026-09-29 01:02:24,273 [INFO] [client-4] Round 6 — sending update…
2026-09-29 01:02:24,277 [INFO] send 13933B via direct in 257ms (0.44 Mbit/s) to 2e9a740f9adec44c
2026-09-29 01:02:24,283 [INFO] send 13933B via direct in 489ms (0.23 Mbit/s) to 102c0b17ecd705fc
2026-09-29 01:02:24,299 [INFO] [client-6] Round 6 done — loss=1.0185 acc=0.4767  3.6s
2026-09-29 01:02:24,300 [INFO] [client-6] Round 7 — receiving model…
2026-09-29 01:02:24,306 [INFO] send 13933B via direct in 168ms (0.66 Mbit/s) to 102c0b17ecd705fc
2026-09-29 01:02:24,326 [INFO] [client-1] Round 6 done — loss=1.0603 acc=0.4224  0.7s
2026-09-29 01:02:24,327 [INFO] [client-1] Round 7 — receiving model…
2026-09-29 01:02:24,725 [INFO] recv 13933B via direct in 13ms
2026-09-29 01:02:24,732 [INFO] [client-9] Round 6 — training locally…
2026-09-29 01:02:24,847 [INFO] [client-9] Round 6 — sending update…
2026-09-29 01:02:24,856 [INFO] recv 13933B via direct in 47ms
2026-09-29 01:02:24,860 [INFO] [client-2] Round 6 — training locally…
2026-09-29 01:02:24,970 [INFO] [client-2] Round 6 — sending update…
2026-09-29 01:02:24,974 [INFO] send 13933B via direct in 1059ms (0.11 Mbit/s) to 8059e4f668f4ad97
2026-09-29 01:02:24,976 [INFO] send 13933B via direct in 1058ms (0.11 Mbit/s) to 044ff3176f0ab9a1
2026-09-29 01:02:24,978 [INFO] send 13933B via direct in 1185ms (0.09 Mbit/s) to 05397d8a374d9156
2026-09-29 01:02:24,986 [INFO] recv 13933B via direct in 266ms
2026-09-29 01:02:24,988 [INFO] [client-5] Round 6 — training locally…
2026-09-29 01:02:25,097 [INFO] [client-5] Round 6 — sending update…
2026-09-29 01:02:25,105 [INFO] recv 13933B via direct in 376ms
2026-09-29 01:02:25,108 [INFO] [client-0] Round 6 — training locally…
2026-09-29 01:02:25,185 [INFO] [client-0] Round 6 — sending update…
2026-09-29 01:02:25,190 [INFO] recv 13933B via direct in 376ms
2026-09-29 01:02:25,193 [INFO] [client-8] Round 6 — training locally…
2026-09-29 01:02:25,308 [INFO] [client-8] Round 6 — sending update…
2026-09-29 01:02:25,311 [INFO] send 13933B via direct in 252ms (0.44 Mbit/s) to 102c0b17ecd705fc
2026-09-29 01:02:25,330 [INFO] [client-9] Round 6 done — loss=1.0080 acc=0.5267  4.7s
2026-09-29 01:02:25,331 [INFO] [client-9] Round 7 — receiving model…
2026-09-29 01:02:25,332 [INFO] send 13933B via direct in 1183ms (0.09 Mbit/s) to 102c0b17ecd705fc
2026-09-29 01:02:25,349 [INFO] [client-3] Round 6 done — loss=1.0466 acc=0.4509  4.7s
2026-09-29 01:02:25,350 [INFO] [client-3] Round 7 — receiving model…
2026-09-29 01:02:25,351 [INFO] send 13933B via direct in 1435ms (0.08 Mbit/s) to 31dd3e81df93f5b1
2026-09-29 01:02:25,352 [INFO] send 13933B via direct in 1434ms (0.08 Mbit/s) to ec4b56ce57350de7
2026-09-29 01:02:25,362 [INFO] send 13933B via direct in 1081ms (0.10 Mbit/s) to 102c0b17ecd705fc
2026-09-29 01:02:25,384 [INFO] [client-4] Round 6 done — loss=1.0201 acc=0.4924  3.3s
2026-09-29 01:02:25,385 [INFO] [client-4] Round 7 — receiving model…
2026-09-29 01:02:25,389 [INFO] send 13933B via direct in 288ms (0.39 Mbit/s) to 102c0b17ecd705fc
2026-09-29 01:02:25,404 [INFO] [client-5] Round 6 done — loss=0.9723 acc=0.5598  4.7s
2026-09-29 01:02:25,405 [INFO] [client-5] Round 7 — receiving model…
2026-09-29 01:02:25,634 [INFO] send 13933B via direct in 321ms (0.35 Mbit/s) to 102c0b17ecd705fc
2026-09-29 01:02:25,654 [INFO] [client-8] Round 6 done — loss=0.7614 acc=0.7129  4.6s
2026-09-29 01:02:25,655 [INFO] [client-8] Round 7 — receiving model…
2026-09-29 01:02:26,017 [INFO] send 13933B via direct in 1040ms (0.11 Mbit/s) to 102c0b17ecd705fc
2026-09-29 01:02:26,064 [INFO] [client-2] Round 6 done — loss=0.9729 acc=0.5089  5.1s
2026-09-29 01:02:26,066 [INFO] [client-2] Round 7 — receiving model…
2026-09-29 01:02:26,389 [INFO] send 13933B via direct in 1198ms (0.09 Mbit/s) to 102c0b17ecd705fc
2026-09-29 01:02:26,446 [INFO] [client-0] Round 6 done — loss=1.0582 acc=0.4557  5.8s
2026-09-29 01:02:26,449 [INFO] [client-0] Round 7 — receiving model…
2026-09-29 01:02:26,770 [INFO] send 13933B via direct in 3103ms (0.04 Mbit/s) to 3c471a178ef57a5b
2026-09-29 01:02:26,774 [INFO] recv 13933B via direct in 2050ms
2026-09-29 01:02:26,783 [INFO] [client-7] Round 6 — training locally…
2026-09-29 01:02:26,947 [INFO] [client-7] Round 6 — sending update…
2026-09-29 01:02:26,950 [INFO] Round 6 — waiting for 10 updates…
2026-09-29 01:02:26,951 [INFO] recv 13933B via direct in 382ms
2026-09-29 01:02:26,955 [INFO] recv 13933B via direct in 26ms
2026-09-29 01:02:26,957 [INFO] recv 13933B via direct in 353ms
2026-09-29 01:02:26,959 [INFO] recv 13933B via direct in 376ms
2026-09-29 01:02:26,961 [INFO] recv 13933B via direct in 31ms
2026-09-29 01:02:26,963 [INFO] recv 13933B via direct in 76ms
2026-09-29 01:02:26,966 [INFO] recv 13933B via direct in 275ms
2026-09-29 01:02:26,968 [INFO] recv 13933B via direct in 35ms
2026-09-29 01:02:26,969 [INFO] recv 13933B via direct in 1031ms
2026-09-29 01:02:26,974 [INFO] recv 13933B via direct in 2ms
2026-09-29 01:02:27,000 [INFO] Round 6/20  acc=0.4575  loss=1.0678  3.3s  clients=10
2026-09-29 01:02:27,001 [INFO] Round 7 — sending model to 10 clients…
2026-09-29 01:02:27,030 [INFO] send 13933B via direct in 65ms (1.71 Mbit/s) to 102c0b17ecd705fc
2026-09-29 01:02:27,045 [INFO] [client-7] Round 6 done — loss=1.0301 acc=0.4457  5.5s
2026-09-29 01:02:27,046 [INFO] [client-7] Round 7 — receiving model…
2026-09-29 01:02:27,051 [INFO] send 13933B via direct in 47ms (2.36 Mbit/s) to 044ff3176f0ab9a1
2026-09-29 01:02:27,056 [INFO] recv 13933B via direct in 38ms
2026-09-29 01:02:27,058 [INFO] [client-9] Round 7 — training locally…
2026-09-29 01:02:27,167 [INFO] [client-9] Round 7 — sending update…
2026-09-29 01:02:27,170 [INFO] recv 13933B via direct in 37ms
2026-09-29 01:02:27,175 [INFO] [client-8] Round 7 — training locally…
2026-09-29 01:02:27,272 [INFO] [client-8] Round 7 — sending update…
2026-09-29 01:02:27,276 [INFO] recv 13933B via direct in 6ms
2026-09-29 01:02:27,279 [INFO] [client-0] Round 7 — training locally…
2026-09-29 01:02:27,378 [INFO] [client-0] Round 7 — sending update…
2026-09-29 01:02:27,381 [INFO] recv 13933B via direct in 6ms
2026-09-29 01:02:27,384 [INFO] [client-1] Round 7 — training locally…
2026-09-29 01:02:27,494 [INFO] [client-1] Round 7 — sending update…
2026-09-29 01:02:27,498 [INFO] recv 13933B via direct in 38ms
2026-09-29 01:02:27,502 [INFO] [client-4] Round 7 — training locally…
2026-09-29 01:02:27,610 [INFO] [client-4] Round 7 — sending update…
2026-09-29 01:02:27,617 [INFO] recv 13933B via direct in 8ms
2026-09-29 01:02:27,620 [INFO] [client-7] Round 7 — training locally…
2026-09-29 01:02:27,728 [INFO] [client-7] Round 7 — sending update…
2026-09-29 01:02:27,740 [INFO] send 13933B via direct in 608ms (0.18 Mbit/s) to ec4b56ce57350de7
2026-09-29 01:02:27,741 [INFO] send 13933B via direct in 608ms (0.18 Mbit/s) to c355ab9f5eb2ec5e
2026-09-29 01:02:27,745 [INFO] send 13933B via direct in 603ms (0.19 Mbit/s) to 31dd3e81df93f5b1
2026-09-29 01:02:27,747 [INFO] send 13933B via direct in 602ms (0.19 Mbit/s) to 57f9505d7c5df9f2
2026-09-29 01:02:27,749 [INFO] recv 13933B via direct in 716ms
2026-09-29 01:02:27,751 [INFO] [client-2] Round 7 — training locally…
2026-09-29 01:02:27,848 [INFO] [client-2] Round 7 — sending update…
2026-09-29 01:02:27,851 [INFO] send 13933B via direct in 609ms (0.18 Mbit/s) to 8059e4f668f4ad97
2026-09-29 01:02:27,852 [INFO] send 13933B via direct in 607ms (0.18 Mbit/s) to 2e9a740f9adec44c
2026-09-29 01:02:27,853 [INFO] send 13933B via direct in 603ms (0.19 Mbit/s) to 3c471a178ef57a5b
2026-09-29 01:02:27,855 [INFO] recv 13933B via direct in 727ms
2026-09-29 01:02:27,858 [INFO] [client-3] Round 7 — training locally…
2026-09-29 01:02:27,963 [INFO] [client-3] Round 7 — sending update…
2026-09-29 01:02:27,967 [INFO] send 13933B via direct in 685ms (0.16 Mbit/s) to 102c0b17ecd705fc
2026-09-29 01:02:27,986 [INFO] [client-9] Round 7 done — loss=1.0085 acc=0.5242  2.7s
2026-09-29 01:02:27,987 [INFO] [client-9] Round 8 — receiving model…
2026-09-29 01:02:27,988 [INFO] send 13933B via direct in 579ms (0.19 Mbit/s) to 102c0b17ecd705fc
2026-09-29 01:02:28,003 [INFO] [client-8] Round 7 done — loss=0.7658 acc=0.7095  2.3s
2026-09-29 01:02:28,004 [INFO] [client-8] Round 8 — receiving model…
2026-09-29 01:02:28,006 [INFO] send 13933B via direct in 358ms (0.31 Mbit/s) to 102c0b17ecd705fc
2026-09-29 01:02:28,023 [INFO] [client-1] Round 7 done — loss=1.0644 acc=0.4275  3.7s
2026-09-29 01:02:28,024 [INFO] [client-1] Round 8 — receiving model…
2026-09-29 01:02:28,029 [INFO] send 13933B via direct in 586ms (0.19 Mbit/s) to 102c0b17ecd705fc
2026-09-29 01:02:28,047 [INFO] [client-0] Round 7 done — loss=1.0541 acc=0.4614  1.6s
2026-09-29 01:02:28,048 [INFO] [client-0] Round 8 — receiving model…
2026-09-29 01:02:28,053 [INFO] send 13933B via direct in 415ms (0.27 Mbit/s) to 102c0b17ecd705fc
2026-09-29 01:02:28,092 [INFO] [client-4] Round 7 done — loss=1.0193 acc=0.4952  2.7s
2026-09-29 01:02:28,093 [INFO] [client-4] Round 8 — receiving model…
2026-09-29 01:02:28,105 [INFO] recv 13933B via direct in 54ms
2026-09-29 01:02:28,108 [INFO] [client-6] Round 7 — training locally…
2026-09-29 01:02:28,266 [INFO] [client-6] Round 7 — sending update…
2026-09-29 01:02:28,270 [INFO] send 13933B via direct in 304ms (0.37 Mbit/s) to 102c0b17ecd705fc
2026-09-29 01:02:28,285 [INFO] [client-3] Round 7 done — loss=1.0430 acc=0.4481  2.9s
2026-09-29 01:02:28,286 [INFO] [client-3] Round 8 — receiving model…
2026-09-29 01:02:28,287 [INFO] send 13933B via direct in 1255ms (0.09 Mbit/s) to a36c5c3fa3bac708
2026-09-29 01:02:28,911 [INFO] send 13933B via direct in 1056ms (0.11 Mbit/s) to 102c0b17ecd705fc
2026-09-29 01:02:28,976 [INFO] [client-2] Round 7 done — loss=0.9727 acc=0.5127  2.9s
2026-09-29 01:02:28,978 [INFO] [client-2] Round 8 — receiving model…
2026-09-29 01:02:29,129 [INFO] send 13933B via direct in 2114ms (0.05 Mbit/s) to 05397d8a374d9156
2026-09-29 01:02:29,134 [INFO] Round 7 — waiting for 10 updates…
2026-09-29 01:02:29,138 [INFO] recv 13933B via direct in 389ms
2026-09-29 01:02:29,147 [INFO] recv 13933B via direct in 409ms
2026-09-29 01:02:29,156 [INFO] recv 13933B via direct in 294ms
2026-09-29 01:02:29,166 [INFO] recv 13933B via direct in 410ms
2026-09-29 01:02:29,171 [INFO] recv 13933B via direct in 285ms
2026-09-29 01:02:29,174 [INFO] recv 13933B via direct in 54ms
2026-09-29 01:02:29,179 [INFO] recv 13933B via direct in 38ms
2026-09-29 01:02:29,183 [INFO] recv 13933B via direct in 1077ms
2026-09-29 01:02:29,186 [INFO] [client-5] Round 7 — training locally…
2026-09-29 01:02:29,329 [INFO] [client-5] Round 7 — sending update…
2026-09-29 01:02:29,339 [INFO] send 13933B via direct in 7ms (16.25 Mbit/s) to 102c0b17ecd705fc
2026-09-29 01:02:29,362 [INFO] [client-5] Round 7 done — loss=0.9692 acc=0.5525  4.0s
2026-09-29 01:02:29,364 [INFO] [client-5] Round 8 — receiving model…
2026-09-29 01:02:29,365 [INFO] recv 13933B via direct in 1ms
2026-09-29 01:02:29,591 [INFO] send 13933B via direct in 1319ms (0.08 Mbit/s) to 102c0b17ecd705fc
2026-09-29 01:02:29,655 [INFO] [client-6] Round 7 done — loss=1.0201 acc=0.4757  5.4s
2026-09-29 01:02:29,657 [INFO] [client-6] Round 8 — receiving model…
2026-09-29 01:02:29,659 [INFO] recv 13933B via direct in 1300ms
2026-09-29 01:02:29,743 [INFO] recv 13933B via direct in 0ms
2026-09-29 01:02:29,789 [INFO] Round 7/20  acc=0.4499  loss=1.0712  2.8s  clients=10
2026-09-29 01:02:29,790 [INFO] Round 8 — sending model to 10 clients…
2026-09-29 01:02:29,817 [INFO] send 13933B via direct in 2073ms (0.05 Mbit/s) to 102c0b17ecd705fc
2026-09-29 01:02:29,835 [INFO] [client-7] Round 7 done — loss=1.0291 acc=0.4499  2.8s
2026-09-29 01:02:29,836 [INFO] [client-7] Round 8 — receiving model…
2026-09-29 01:02:29,843 [INFO] send 13933B via direct in 42ms (2.67 Mbit/s) to 3c471a178ef57a5b
2026-09-29 01:02:29,845 [INFO] recv 13933B via direct in 36ms
2026-09-29 01:02:29,847 [INFO] [client-2] Round 8 — training locally…
2026-09-29 01:02:29,956 [INFO] [client-2] Round 8 — sending update…
2026-09-29 01:02:29,959 [INFO] recv 13933B via direct in 37ms
2026-09-29 01:02:29,963 [INFO] [client-9] Round 8 — training locally…
2026-09-29 01:02:30,072 [INFO] [client-9] Round 8 — sending update…
2026-09-29 01:02:30,076 [INFO] recv 13933B via direct in 37ms
2026-09-29 01:02:30,080 [INFO] [client-5] Round 8 — training locally…
2026-09-29 01:02:30,189 [INFO] [client-5] Round 8 — sending update…
2026-09-29 01:02:30,192 [INFO] recv 13933B via direct in 37ms
2026-09-29 01:02:30,197 [INFO] [client-7] Round 8 — training locally…
2026-09-29 01:02:30,300 [INFO] [client-7] Round 8 — sending update…
2026-09-29 01:02:30,304 [INFO] recv 13933B via direct in 39ms
2026-09-29 01:02:30,308 [INFO] [client-0] Round 8 — training locally…
2026-09-29 01:02:30,395 [INFO] [client-0] Round 8 — sending update…
2026-09-29 01:02:30,403 [INFO] recv 13933B via direct in 238ms
2026-09-29 01:02:30,406 [INFO] [client-8] Round 8 — training locally…
2026-09-29 01:02:30,619 [INFO] [client-8] Round 8 — sending update…
2026-09-29 01:02:30,625 [INFO] send 13933B via direct in 606ms (0.18 Mbit/s) to 8059e4f668f4ad97
2026-09-29 01:02:30,627 [INFO] send 13933B via direct in 604ms (0.18 Mbit/s) to 044ff3176f0ab9a1
2026-09-29 01:02:30,628 [INFO] send 13933B via direct in 606ms (0.18 Mbit/s) to 31dd3e81df93f5b1
2026-09-29 01:02:30,630 [INFO] send 13933B via direct in 603ms (0.19 Mbit/s) to 05397d8a374d9156
2026-09-29 01:02:30,632 [INFO] send 13933B via direct in 598ms (0.19 Mbit/s) to ec4b56ce57350de7
2026-09-29 01:02:30,636 [INFO] recv 13933B via direct in 595ms
2026-09-29 01:02:30,639 [INFO] [client-1] Round 8 — training locally…
2026-09-29 01:02:30,754 [INFO] [client-1] Round 8 — sending update…
2026-09-29 01:02:30,757 [INFO] send 13933B via direct in 602ms (0.19 Mbit/s) to 57f9505d7c5df9f2
2026-09-29 01:02:30,768 [INFO] send 13933B via direct in 571ms (0.20 Mbit/s) to 102c0b17ecd705fc
2026-09-29 01:02:30,786 [INFO] [client-5] Round 8 done — loss=0.9712 acc=0.5553  1.4s
2026-09-29 01:02:30,787 [INFO] [client-5] Round 9 — receiving model…
2026-09-29 01:02:30,791 [INFO] send 13933B via direct in 392ms (0.29 Mbit/s) to 102c0b17ecd705fc
2026-09-29 01:02:30,810 [INFO] [client-0] Round 8 done — loss=1.0568 acc=0.4540  2.8s
2026-09-29 01:02:30,812 [INFO] [client-0] Round 9 — receiving model…
2026-09-29 01:02:30,820 [INFO] send 13933B via direct in 195ms (0.57 Mbit/s) to 102c0b17ecd705fc
2026-09-29 01:02:30,836 [INFO] [client-8] Round 8 done — loss=0.7644 acc=0.7122  2.8s
2026-09-29 01:02:30,838 [INFO] [client-8] Round 9 — receiving model…
2026-09-29 01:02:30,839 [INFO] send 13933B via direct in 64ms (1.75 Mbit/s) to 102c0b17ecd705fc
2026-09-29 01:02:30,858 [INFO] [client-1] Round 8 done — loss=1.0592 acc=0.4255  2.8s
2026-09-29 01:02:30,859 [INFO] [client-1] Round 9 — receiving model…
2026-09-29 01:02:30,861 [INFO] send 13933B via direct in 1061ms (0.11 Mbit/s) to a36c5c3fa3bac708
2026-09-29 01:02:30,862 [INFO] recv 13933B via direct in 44ms
2026-09-29 01:02:30,865 [INFO] [client-6] Round 8 — training locally…
2026-09-29 01:02:30,961 [INFO] [client-6] Round 8 — sending update…
2026-09-29 01:02:30,965 [INFO] send 13933B via direct in 1164ms (0.10 Mbit/s) to c355ab9f5eb2ec5e
2026-09-29 01:02:30,967 [INFO] recv 13933B via direct in 148ms
2026-09-29 01:02:30,970 [INFO] [client-3] Round 8 — training locally…
2026-09-29 01:02:31,103 [INFO] [client-3] Round 8 — sending update…
2026-09-29 01:02:31,118 [INFO] send 13933B via direct in 154ms (0.73 Mbit/s) to 102c0b17ecd705fc
2026-09-29 01:02:31,137 [INFO] [client-6] Round 8 done — loss=1.0149 acc=0.4927  1.5s
2026-09-29 01:02:31,138 [INFO] [client-6] Round 9 — receiving model…
2026-09-29 01:02:31,140 [INFO] send 13933B via direct in 1043ms (0.11 Mbit/s) to 102c0b17ecd705fc
2026-09-29 01:02:31,160 [INFO] [client-9] Round 8 done — loss=1.0123 acc=0.5207  3.2s
2026-09-29 01:02:31,161 [INFO] [client-9] Round 9 — receiving model…
2026-09-29 01:02:31,165 [INFO] send 13933B via direct in 58ms (1.94 Mbit/s) to 102c0b17ecd705fc
2026-09-29 01:02:31,184 [INFO] [client-3] Round 8 done — loss=1.0451 acc=0.4526  2.9s
2026-09-29 01:02:31,185 [INFO] [client-3] Round 9 — receiving model…
2026-09-29 01:02:31,433 [INFO] send 13933B via direct in 1472ms (0.08 Mbit/s) to 102c0b17ecd705fc
2026-09-29 01:02:31,488 [INFO] [client-2] Round 8 done — loss=0.9688 acc=0.5168  2.5s
2026-09-29 01:02:31,489 [INFO] [client-2] Round 9 — receiving model…
2026-09-29 01:02:31,667 [INFO] send 13933B via direct in 1361ms (0.08 Mbit/s) to 102c0b17ecd705fc
2026-09-29 01:02:31,733 [INFO] [client-7] Round 8 done — loss=1.0299 acc=0.4478  1.9s
2026-09-29 01:02:31,737 [INFO] [client-7] Round 9 — receiving model…
2026-09-29 01:02:31,823 [INFO] send 13933B via direct in 2018ms (0.06 Mbit/s) to 2e9a740f9adec44c
2026-09-29 01:02:31,826 [INFO] Round 8 — waiting for 10 updates…
2026-09-29 01:02:31,827 [INFO] recv 13933B via direct in 366ms
2026-09-29 01:02:31,831 [INFO] recv 13933B via direct in 34ms
2026-09-29 01:02:31,834 [INFO] recv 13933B via direct in 55ms
2026-09-29 01:02:31,837 [INFO] recv 13933B via direct in 49ms
2026-09-29 01:02:31,841 [INFO] recv 13933B via direct in 10ms
2026-09-29 01:02:31,846 [INFO] recv 13933B via direct in 11ms
2026-09-29 01:02:31,850 [INFO] recv 13933B via direct in 47ms
2026-09-29 01:02:31,855 [INFO] recv 13933B via direct in 1032ms
2026-09-29 01:02:31,860 [INFO] recv 13933B via direct in 1041ms
2026-09-29 01:02:31,867 [INFO] recv 13933B via direct in 16ms
2026-09-29 01:02:31,872 [INFO] [client-4] Round 8 — training locally…
2026-09-29 01:02:32,015 [INFO] [client-4] Round 8 — sending update…
2026-09-29 01:02:32,023 [INFO] recv 13933B via direct in 0ms
2026-09-29 01:02:32,057 [INFO] Round 8/20  acc=0.4594  loss=1.0698  2.3s  clients=10
2026-09-29 01:02:32,058 [INFO] Round 9 — sending model to 10 clients…
2026-09-29 01:02:32,085 [INFO] send 13933B via direct in 53ms (2.09 Mbit/s) to 102c0b17ecd705fc
2026-09-29 01:02:32,111 [INFO] [client-4] Round 8 done — loss=1.0167 acc=0.4979  4.0s
2026-09-29 01:02:32,112 [INFO] [client-4] Round 9 — receiving model…
2026-09-29 01:02:32,119 [INFO] send 13933B via direct in 57ms (1.95 Mbit/s) to 2e9a740f9adec44c
2026-09-29 01:02:32,121 [INFO] send 13933B via direct in 56ms (1.99 Mbit/s) to 05397d8a374d9156
2026-09-29 01:02:32,123 [INFO] send 13933B via direct in 55ms (2.04 Mbit/s) to 31dd3e81df93f5b1
2026-09-29 01:02:32,125 [INFO] recv 13933B via direct in 49ms
2026-09-29 01:02:32,126 [INFO] [client-4] Round 9 — training locally…
2026-09-29 01:02:32,226 [INFO] [client-4] Round 9 — sending update…
2026-09-29 01:02:32,230 [INFO] recv 13933B via direct in 49ms
2026-09-29 01:02:32,233 [INFO] [client-5] Round 9 — training locally…
2026-09-29 01:02:32,348 [INFO] [client-5] Round 9 — sending update…
2026-09-29 01:02:32,352 [INFO] recv 13933B via direct in 50ms
2026-09-29 01:02:32,356 [INFO] [client-0] Round 9 — training locally…
2026-09-29 01:02:32,435 [INFO] [client-0] Round 9 — sending update…
2026-09-29 01:02:32,437 [INFO] recv 13933B via direct in 50ms
2026-09-29 01:02:32,442 [INFO] [client-8] Round 9 — training locally…
2026-09-29 01:02:32,568 [INFO] [client-8] Round 9 — sending update…
2026-09-29 01:02:32,570 [INFO] recv 13933B via direct in 51ms
2026-09-29 01:02:32,574 [INFO] [client-7] Round 9 — training locally…
2026-09-29 01:02:32,840 [INFO] [client-7] Round 9 — sending update…
2026-09-29 01:02:32,844 [INFO] recv 13933B via direct in 51ms
2026-09-29 01:02:32,848 [INFO] [client-3] Round 9 — training locally…
2026-09-29 01:02:32,962 [INFO] [client-3] Round 9 — sending update…
2026-09-29 01:02:32,979 [INFO] send 13933B via direct in 900ms (0.12 Mbit/s) to ec4b56ce57350de7
2026-09-29 01:02:32,983 [INFO] recv 13933B via direct in 850ms
2026-09-29 01:02:32,985 [INFO] [client-9] Round 9 — training locally…
2026-09-29 01:02:33,113 [INFO] [client-9] Round 9 — sending update…
2026-09-29 01:02:33,116 [INFO] send 13933B via direct in 897ms (0.12 Mbit/s) to c355ab9f5eb2ec5e
2026-09-29 01:02:33,118 [INFO] send 13933B via direct in 899ms (0.12 Mbit/s) to 3c471a178ef57a5b
2026-09-29 01:02:33,119 [INFO] send 13933B via direct in 896ms (0.12 Mbit/s) to 044ff3176f0ab9a1
2026-09-29 01:02:33,120 [INFO] send 13933B via direct in 905ms (0.12 Mbit/s) to 8059e4f668f4ad97
2026-09-29 01:02:33,123 [INFO] recv 13933B via direct in 896ms
2026-09-29 01:02:33,126 [INFO] [client-2] Round 9 — training locally…
2026-09-29 01:02:33,219 [INFO] [client-2] Round 9 — sending update…
2026-09-29 01:02:33,230 [INFO] send 13933B via direct in 872ms (0.13 Mbit/s) to 102c0b17ecd705fc
2026-09-29 01:02:33,254 [INFO] [client-5] Round 9 done — loss=0.9770 acc=0.5543  2.5s
2026-09-29 01:02:33,255 [INFO] [client-5] Round 10 — receiving model…
2026-09-29 01:02:33,257 [INFO] send 13933B via direct in 653ms (0.17 Mbit/s) to 102c0b17ecd705fc
2026-09-29 01:02:33,283 [INFO] [client-8] Round 9 done — loss=0.7623 acc=0.7139  2.4s
2026-09-29 01:02:33,284 [INFO] [client-8] Round 10 — receiving model…
2026-09-29 01:02:33,285 [INFO] send 13933B via direct in 994ms (0.11 Mbit/s) to 102c0b17ecd705fc
2026-09-29 01:02:33,312 [INFO] [client-4] Round 9 done — loss=1.0176 acc=0.4938  1.2s
2026-09-29 01:02:33,313 [INFO] [client-4] Round 10 — receiving model…
2026-09-29 01:02:33,315 [INFO] send 13933B via direct in 349ms (0.32 Mbit/s) to 102c0b17ecd705fc
2026-09-29 01:02:33,340 [INFO] [client-3] Round 9 done — loss=1.0420 acc=0.4533  2.2s
2026-09-29 01:02:33,341 [INFO] [client-3] Round 10 — receiving model…
2026-09-29 01:02:33,346 [INFO] recv 13933B via direct in 120ms
2026-09-29 01:02:33,348 [INFO] [client-1] Round 9 — training locally…
2026-09-29 01:02:33,466 [INFO] [client-1] Round 9 — sending update…
2026-09-29 01:02:33,470 [INFO] send 13933B via direct in 1279ms (0.09 Mbit/s) to 57f9505d7c5df9f2
2026-09-29 01:02:33,471 [INFO] send 13933B via direct in 230ms (0.49 Mbit/s) to 102c0b17ecd705fc
2026-09-29 01:02:33,492 [INFO] [client-9] Round 9 done — loss=1.0116 acc=0.5158  2.3s
2026-09-29 01:02:33,493 [INFO] [client-9] Round 10 — receiving model…
2026-09-29 01:02:33,501 [INFO] send 13933B via direct in 31ms (3.60 Mbit/s) to 102c0b17ecd705fc
2026-09-29 01:02:33,520 [INFO] [client-1] Round 9 done — loss=1.0614 acc=0.4200  2.7s
2026-09-29 01:02:33,521 [INFO] [client-1] Round 10 — receiving model…
2026-09-29 01:02:34,231 [INFO] send 13933B via direct in 1009ms (0.11 Mbit/s) to 102c0b17ecd705fc
2026-09-29 01:02:34,294 [INFO] [client-2] Round 9 done — loss=0.9644 acc=0.5240  2.8s
2026-09-29 01:02:34,295 [INFO] [client-2] Round 10 — receiving model…
2026-09-29 01:02:37,873 [INFO] send 13933B via direct in 3619ms (0.03 Mbit/s) to 102c0b17ecd705fc
2026-09-29 01:02:37,964 [INFO] [client-0] Round 9 done — loss=1.0534 acc=0.4536  5.3s
2026-09-29 01:02:37,965 [INFO] [client-0] Round 10 — receiving model…
2026-09-29 01:02:38,126 [INFO] recv 13933B via direct in 3083ms
2026-09-29 01:02:38,135 [INFO] [client-6] Round 9 — training locally…
2026-09-29 01:02:38,270 [INFO] [client-6] Round 9 — sending update…
2026-09-29 01:02:38,273 [INFO] send 13933B via direct in 4240ms (0.03 Mbit/s) to a36c5c3fa3bac708
2026-09-29 01:02:38,274 [INFO] Round 9 — waiting for 10 updates…
2026-09-29 01:02:38,275 [INFO] recv 13933B via direct in 289ms
2026-09-29 01:02:38,278 [INFO] recv 13933B via direct in 288ms
2026-09-29 01:02:38,280 [INFO] recv 13933B via direct in 291ms
2026-09-29 01:02:38,282 [INFO] recv 13933B via direct in 191ms
2026-09-29 01:02:38,284 [INFO] recv 13933B via direct in 120ms
2026-09-29 01:02:38,287 [INFO] recv 13933B via direct in 6ms
2026-09-29 01:02:38,289 [INFO] recv 13933B via direct in 71ms
2026-09-29 01:02:38,291 [INFO] recv 13933B via direct in 3084ms
2026-09-29 01:02:38,300 [INFO] send 13933B via direct in 27ms (4.14 Mbit/s) to 102c0b17ecd705fc
2026-09-29 01:02:38,320 [INFO] [client-6] Round 9 done — loss=1.0129 acc=0.4938  5.4s
2026-09-29 01:02:38,322 [INFO] [client-6] Round 10 — receiving model…
2026-09-29 01:02:38,323 [INFO] recv 13933B via direct in 6ms
2026-09-29 01:02:41,979 [INFO] send 13933B via direct in 7314ms (0.02 Mbit/s) to 102c0b17ecd705fc
2026-09-29 01:02:42,033 [INFO] [client-7] Round 9 done — loss=1.0286 acc=0.4609  8.5s
2026-09-29 01:02:42,034 [INFO] [client-7] Round 10 — receiving model…
2026-09-29 01:02:42,036 [INFO] recv 13933B via direct in 7183ms
2026-09-29 01:02:42,062 [INFO] Round 9/20  acc=0.4555  loss=1.0684  8.2s  clients=10
2026-09-29 01:02:42,063 [INFO] Round 10 — sending model to 10 clients…
2026-09-29 01:02:42,098 [INFO] recv 13933B via direct in 22ms
2026-09-29 01:02:42,101 [INFO] [client-0] Round 10 — training locally…
2026-09-29 01:02:42,191 [INFO] [client-0] Round 10 — sending update…
2026-09-29 01:02:42,194 [INFO] recv 13933B via direct in 8ms
2026-09-29 01:02:42,200 [INFO] [client-8] Round 10 — training locally…
2026-09-29 01:02:42,325 [INFO] [client-8] Round 10 — sending update…
2026-09-29 01:02:42,329 [INFO] send 13933B via direct in 32ms (3.48 Mbit/s) to 31dd3e81df93f5b1
2026-09-29 01:02:42,333 [INFO] send 13933B via direct in 31ms (3.65 Mbit/s) to ec4b56ce57350de7
2026-09-29 01:02:42,335 [INFO] recv 13933B via direct in 4ms
2026-09-29 01:02:42,338 [INFO] [client-4] Round 10 — training locally…
2026-09-29 01:02:42,442 [INFO] [client-4] Round 10 — sending update…
2026-09-29 01:02:42,444 [INFO] send 13933B via direct in 260ms (0.43 Mbit/s) to 2e9a740f9adec44c
2026-09-29 01:02:42,451 [INFO] recv 13933B via direct in 233ms
2026-09-29 01:02:42,453 [INFO] [client-3] Round 10 — training locally…
2026-09-29 01:02:42,572 [INFO] [client-3] Round 10 — sending update…
2026-09-29 01:02:42,575 [INFO] recv 13933B via direct in 232ms
2026-09-29 01:02:42,579 [INFO] [client-1] Round 10 — training locally…
2026-09-29 01:02:42,683 [INFO] [client-1] Round 10 — sending update…
2026-09-29 01:02:42,687 [INFO] send 13933B via direct in 259ms (0.43 Mbit/s) to c355ab9f5eb2ec5e
2026-09-29 01:02:42,689 [INFO] send 13933B via direct in 263ms (0.42 Mbit/s) to 3c471a178ef57a5b
2026-09-29 01:02:42,691 [INFO] send 13933B via direct in 262ms (0.43 Mbit/s) to a36c5c3fa3bac708
2026-09-29 01:02:42,695 [INFO] send 13933B via direct in 269ms (0.42 Mbit/s) to 8059e4f668f4ad97
2026-09-29 01:02:42,697 [INFO] recv 13933B via direct in 242ms
2026-09-29 01:02:42,700 [INFO] [client-7] Round 10 — training locally…
2026-09-29 01:02:42,807 [INFO] [client-7] Round 10 — sending update…
2026-09-29 01:02:42,809 [INFO] recv 13933B via direct in 238ms
2026-09-29 01:02:42,813 [INFO] [client-6] Round 10 — training locally…
2026-09-29 01:02:42,935 [INFO] [client-6] Round 10 — sending update…
2026-09-29 01:02:42,939 [INFO] send 13933B via direct in 258ms (0.43 Mbit/s) to 57f9505d7c5df9f2
2026-09-29 01:02:42,945 [INFO] recv 13933B via direct in 366ms
2026-09-29 01:02:42,950 [INFO] [client-2] Round 10 — training locally…
2026-09-29 01:02:43,069 [INFO] [client-2] Round 10 — sending update…
2026-09-29 01:02:43,085 [INFO] send 13933B via direct in 880ms (0.13 Mbit/s) to 102c0b17ecd705fc
2026-09-29 01:02:43,108 [INFO] [client-0] Round 10 done — loss=1.0547 acc=0.4531  5.1s
2026-09-29 01:02:43,109 [INFO] [client-0] Round 11 — receiving model…
2026-09-29 01:02:43,118 [INFO] send 13933B via direct in 671ms (0.17 Mbit/s) to 102c0b17ecd705fc
2026-09-29 01:02:43,141 [INFO] [client-4] Round 10 done — loss=1.0176 acc=0.4907  8.0s
2026-09-29 01:02:43,142 [INFO] [client-4] Round 11 — receiving model…
2026-09-29 01:02:43,144 [INFO] send 13933B via direct in 178ms (0.63 Mbit/s) to 102c0b17ecd705fc
2026-09-29 01:02:43,165 [INFO] [client-6] Round 10 done — loss=1.0140 acc=0.4934  4.8s
2026-09-29 01:02:43,166 [INFO] [client-6] Round 11 — receiving model…
2026-09-29 01:02:43,167 [INFO] send 13933B via direct in 541ms (0.21 Mbit/s) to 102c0b17ecd705fc
2026-09-29 01:02:43,185 [INFO] [client-3] Round 10 done — loss=1.0415 acc=0.4595  8.0s
2026-09-29 01:02:43,186 [INFO] [client-3] Round 11 — receiving model…
2026-09-29 01:02:43,187 [INFO] send 13933B via direct in 1046ms (0.11 Mbit/s) to 05397d8a374d9156
2026-09-29 01:02:43,189 [INFO] recv 13933B via direct in 1023ms
2026-09-29 01:02:43,192 [INFO] [client-5] Round 10 — training locally…
2026-09-29 01:02:43,350 [INFO] [client-5] Round 10 — sending update…
2026-09-29 01:02:43,356 [INFO] send 13933B via direct in 309ms (0.36 Mbit/s) to 102c0b17ecd705fc
2026-09-29 01:02:43,393 [INFO] [client-7] Round 10 done — loss=1.0300 acc=0.4543  1.4s
2026-09-29 01:02:43,394 [INFO] [client-7] Round 11 — receiving model…
2026-09-29 01:02:43,398 [INFO] send 13933B via direct in 325ms (0.34 Mbit/s) to 102c0b17ecd705fc
2026-09-29 01:02:43,417 [INFO] [client-2] Round 10 done — loss=0.9669 acc=0.5282  7.3s
2026-09-29 01:02:43,417 [INFO] [client-2] Round 11 — receiving model…
2026-09-29 01:02:43,418 [INFO] recv 13933B via direct in 244ms
2026-09-29 01:02:43,420 [INFO] [client-9] Round 10 — training locally…
2026-09-29 01:02:43,541 [INFO] [client-9] Round 10 — sending update…
2026-09-29 01:02:43,545 [INFO] send 13933B via direct in 1326ms (0.08 Mbit/s) to 044ff3176f0ab9a1
2026-09-29 01:02:43,549 [INFO] Round 10 — waiting for 10 updates…
2026-09-29 01:02:43,550 [INFO] recv 13933B via direct in 750ms
2026-09-29 01:02:43,551 [INFO] recv 13933B via direct in 174ms
2026-09-29 01:02:43,553 [INFO] recv 13933B via direct in 173ms
2026-09-29 01:02:43,555 [INFO] recv 13933B via direct in 44ms
2026-09-29 01:02:43,557 [INFO] recv 13933B via direct in 107ms
2026-09-29 01:02:43,559 [INFO] recv 13933B via direct in 283ms
2026-09-29 01:02:43,578 [INFO] send 13933B via direct in 224ms (0.50 Mbit/s) to 102c0b17ecd705fc
2026-09-29 01:02:43,624 [INFO] [client-5] Round 10 done — loss=0.9723 acc=0.5491  8.6s
2026-09-29 01:02:43,626 [INFO] [client-5] Round 11 — receiving model…
2026-09-29 01:02:43,627 [INFO] recv 13933B via direct in 180ms
2026-09-29 01:02:44,108 [INFO] recv 13933B via direct in 1035ms
2026-09-29 01:02:44,113 [INFO] send 13933B via direct in 1421ms (0.08 Mbit/s) to 102c0b17ecd705fc
2026-09-29 01:02:44,272 [INFO] [client-1] Round 10 done — loss=1.0588 acc=0.4159  8.9s
2026-09-29 01:02:44,273 [INFO] [client-1] Round 11 — receiving model…
2026-09-29 01:02:44,549 [INFO] recv 13933B via direct in 0ms
2026-09-29 01:02:44,552 [INFO] send 13933B via direct in 1008ms (0.11 Mbit/s) to 102c0b17ecd705fc
2026-09-29 01:02:44,587 [INFO] [client-9] Round 10 done — loss=1.0159 acc=0.5228  9.3s
2026-09-29 01:02:44,589 [INFO] [client-9] Round 11 — receiving model…
2026-09-29 01:02:45,774 [INFO] recv 13933B via direct in 3325ms
2026-09-29 01:02:45,850 [INFO] Round 10/20  acc=0.4535  loss=1.0736  3.8s  clients=10
2026-09-29 01:02:45,852 [INFO] Round 11 — sending model to 10 clients…
2026-09-29 01:02:45,881 [INFO] send 13933B via direct in 3539ms (0.03 Mbit/s) to 102c0b17ecd705fc
2026-09-29 01:02:45,900 [INFO] [client-8] Round 10 done — loss=0.7639 acc=0.7139  10.8s
2026-09-29 01:02:45,901 [INFO] [client-8] Round 11 — receiving model…
2026-09-29 01:02:45,911 [INFO] send 13933B via direct in 48ms (2.33 Mbit/s) to 8059e4f668f4ad97
2026-09-29 01:02:45,913 [INFO] send 13933B via direct in 50ms (2.24 Mbit/s) to a36c5c3fa3bac708
2026-09-29 01:02:45,915 [INFO] send 13933B via direct in 49ms (2.30 Mbit/s) to 31dd3e81df93f5b1
2026-09-29 01:02:45,917 [INFO] send 13933B via direct in 48ms (2.35 Mbit/s) to c355ab9f5eb2ec5e
2026-09-29 01:02:45,918 [INFO] send 13933B via direct in 46ms (2.45 Mbit/s) to ec4b56ce57350de7
2026-09-29 01:02:45,920 [INFO] recv 13933B via direct in 46ms
2026-09-29 01:02:45,923 [INFO] [client-0] Round 11 — training locally…
2026-09-29 01:02:46,001 [INFO] [client-0] Round 11 — sending update…
2026-09-29 01:02:46,004 [INFO] recv 13933B via direct in 46ms
2026-09-29 01:02:46,009 [INFO] [client-3] Round 11 — training locally…
2026-09-29 01:02:46,124 [INFO] [client-3] Round 11 — sending update…
2026-09-29 01:02:46,127 [INFO] recv 13933B via direct in 47ms
2026-09-29 01:02:46,134 [INFO] [client-6] Round 11 — training locally…
2026-09-29 01:02:46,243 [INFO] [client-6] Round 11 — sending update…
2026-09-29 01:02:46,246 [INFO] recv 13933B via direct in 48ms
2026-09-29 01:02:46,250 [INFO] [client-2] Round 11 — training locally…
2026-09-29 01:02:46,359 [INFO] [client-2] Round 11 — sending update…
2026-09-29 01:02:46,362 [INFO] recv 13933B via direct in 39ms
2026-09-29 01:02:46,366 [INFO] [client-8] Round 11 — training locally…
2026-09-29 01:02:46,463 [INFO] [client-8] Round 11 — sending update…
2026-09-29 01:02:46,465 [INFO] send 13933B via direct in 66ms (1.69 Mbit/s) to 05397d8a374d9156
2026-09-29 01:02:46,469 [INFO] recv 13933B via direct in 11ms
2026-09-29 01:02:46,472 [INFO] [client-4] Round 11 — training locally…
2026-09-29 01:02:46,573 [INFO] [client-4] Round 11 — sending update…
2026-09-29 01:02:46,580 [INFO] recv 13933B via direct in 260ms
2026-09-29 01:02:46,582 [INFO] [client-5] Round 11 — training locally…
2026-09-29 01:02:46,689 [INFO] [client-5] Round 11 — sending update…
2026-09-29 01:02:46,691 [INFO] recv 13933B via direct in 219ms
2026-09-29 01:02:46,695 [INFO] [client-9] Round 11 — training locally…
2026-09-29 01:02:46,809 [INFO] [client-9] Round 11 — sending update…
2026-09-29 01:02:46,818 [INFO] send 13933B via direct in 602ms (0.19 Mbit/s) to 044ff3176f0ab9a1
2026-09-29 01:02:46,819 [INFO] send 13933B via direct in 604ms (0.19 Mbit/s) to 2e9a740f9adec44c
2026-09-29 01:02:46,820 [INFO] send 13933B via direct in 607ms (0.18 Mbit/s) to 57f9505d7c5df9f2
2026-09-29 01:02:46,827 [INFO] recv 13933B via direct in 709ms
2026-09-29 01:02:46,829 [INFO] [client-1] Round 11 — training locally…
2026-09-29 01:02:46,962 [INFO] [client-1] Round 11 — sending update…
2026-09-29 01:02:46,974 [INFO] send 13933B via direct in 844ms (0.13 Mbit/s) to 102c0b17ecd705fc
2026-09-29 01:02:46,990 [INFO] [client-3] Round 11 done — loss=1.0464 acc=0.4533  3.8s
2026-09-29 01:02:46,991 [INFO] [client-3] Round 12 — receiving model…
2026-09-29 01:02:46,993 [INFO] send 13933B via direct in 609ms (0.18 Mbit/s) to 102c0b17ecd705fc
2026-09-29 01:02:47,013 [INFO] [client-2] Round 11 done — loss=0.9607 acc=0.5237  3.6s
2026-09-29 01:02:47,015 [INFO] [client-2] Round 12 — receiving model…
2026-09-29 01:02:47,019 [INFO] send 13933B via direct in 967ms (0.12 Mbit/s) to 102c0b17ecd705fc
2026-09-29 01:02:47,041 [INFO] [client-0] Round 11 done — loss=1.0492 acc=0.4562  3.9s
2026-09-29 01:02:47,042 [INFO] [client-0] Round 12 — receiving model…
2026-09-29 01:02:47,045 [INFO] send 13933B via direct in 399ms (0.28 Mbit/s) to 102c0b17ecd705fc
2026-09-29 01:02:47,076 [INFO] [client-4] Round 11 done — loss=1.0185 acc=0.4945  3.9s
2026-09-29 01:02:47,077 [INFO] [client-4] Round 12 — receiving model…
2026-09-29 01:02:47,082 [INFO] send 13933B via direct in 614ms (0.18 Mbit/s) to 102c0b17ecd705fc
2026-09-29 01:02:47,102 [INFO] [client-8] Round 11 done — loss=0.7595 acc=0.7129  1.2s
2026-09-29 01:02:47,104 [INFO] [client-8] Round 12 — receiving model…
2026-09-29 01:02:47,105 [INFO] send 13933B via direct in 388ms (0.29 Mbit/s) to 102c0b17ecd705fc
2026-09-29 01:02:47,132 [INFO] [client-5] Round 11 done — loss=0.9746 acc=0.5529  3.5s
2026-09-29 01:02:47,133 [INFO] [client-5] Round 12 — receiving model…
2026-09-29 01:02:47,135 [INFO] send 13933B via direct in 117ms (0.96 Mbit/s) to 102c0b17ecd705fc
2026-09-29 01:02:47,152 [INFO] [client-1] Round 11 done — loss=1.0618 acc=0.4186  2.9s
2026-09-29 01:02:47,153 [INFO] [client-1] Round 12 — receiving model…
2026-09-29 01:02:47,155 [INFO] send 13933B via direct in 1227ms (0.09 Mbit/s) to 3c471a178ef57a5b
2026-09-29 01:02:47,157 [INFO] Round 11 — waiting for 10 updates…
2026-09-29 01:02:47,157 [INFO] recv 13933B via direct in 503ms
2026-09-29 01:02:47,159 [INFO] recv 13933B via direct in 397ms
2026-09-29 01:02:47,161 [INFO] recv 13933B via direct in 438ms
2026-09-29 01:02:47,162 [INFO] recv 13933B via direct in 228ms
2026-09-29 01:02:47,165 [INFO] recv 13933B via direct in 252ms
2026-09-29 01:02:47,166 [INFO] recv 13933B via direct in 253ms
2026-09-29 01:02:47,168 [INFO] recv 13933B via direct in 163ms
2026-09-29 01:02:47,171 [INFO] [client-7] Round 11 — training locally…
2026-09-29 01:02:47,301 [INFO] [client-7] Round 11 — sending update…
2026-09-29 01:02:47,304 [INFO] recv 13933B via direct in 181ms
2026-09-29 01:02:47,312 [INFO] send 13933B via direct in 8ms (13.19 Mbit/s) to 102c0b17ecd705fc
2026-09-29 01:02:47,331 [INFO] [client-7] Round 11 done — loss=1.0284 acc=0.4519  3.9s
2026-09-29 01:02:47,332 [INFO] [client-7] Round 12 — receiving model…
2026-09-29 01:02:47,333 [INFO] recv 13933B via direct in 3ms
2026-09-29 01:02:47,820 [INFO] send 13933B via direct in 1008ms (0.11 Mbit/s) to 102c0b17ecd705fc
2026-09-29 01:02:47,898 [INFO] [client-9] Round 11 done — loss=1.0145 acc=0.5200  3.3s
2026-09-29 01:02:47,900 [INFO] [client-9] Round 12 — receiving model…
2026-09-29 01:02:47,901 [INFO] recv 13933B via direct in 1ms
2026-09-29 01:02:47,906 [INFO] send 13933B via direct in 1656ms (0.07 Mbit/s) to 102c0b17ecd705fc
2026-09-29 01:02:47,925 [INFO] [client-6] Round 11 done — loss=1.0075 acc=0.4931  4.8s
2026-09-29 01:02:47,926 [INFO] [client-6] Round 12 — receiving model…
2026-09-29 01:02:47,927 [INFO] recv 13933B via direct in 1329ms
2026-09-29 01:02:47,950 [INFO] Round 11/20  acc=0.4614  loss=1.0655  2.1s  clients=10
2026-09-29 01:02:47,951 [INFO] Round 12 — sending model to 10 clients…
2026-09-29 01:02:47,981 [INFO] send 13933B via direct in 21ms (5.43 Mbit/s) to 31dd3e81df93f5b1
2026-09-29 01:02:47,983 [INFO] send 13933B via direct in 19ms (6.01 Mbit/s) to 05397d8a374d9156
2026-09-29 01:02:47,985 [INFO] send 13933B via direct in 26ms (4.24 Mbit/s) to 8059e4f668f4ad97
2026-09-29 01:02:47,987 [INFO] send 13933B via direct in 19ms (6.02 Mbit/s) to a36c5c3fa3bac708
2026-09-29 01:02:47,989 [INFO] recv 13933B via direct in 15ms
2026-09-29 01:02:47,991 [INFO] [client-2] Round 12 — training locally…
2026-09-29 01:02:48,095 [INFO] [client-2] Round 12 — sending update…
2026-09-29 01:02:48,097 [INFO] recv 13933B via direct in 16ms
2026-09-29 01:02:48,100 [INFO] [client-7] Round 12 — training locally…
2026-09-29 01:02:48,214 [INFO] [client-7] Round 12 — sending update…
2026-09-29 01:02:48,217 [INFO] recv 13933B via direct in 18ms
2026-09-29 01:02:48,220 [INFO] [client-0] Round 12 — training locally…
2026-09-29 01:02:48,307 [INFO] [client-0] Round 12 — sending update…
2026-09-29 01:02:48,309 [INFO] recv 13933B via direct in 19ms
2026-09-29 01:02:48,313 [INFO] [client-5] Round 12 — training locally…
2026-09-29 01:02:48,438 [INFO] [client-5] Round 12 — sending update…
2026-09-29 01:02:48,442 [INFO] send 13933B via direct in 24ms (4.58 Mbit/s) to 2e9a740f9adec44c
2026-09-29 01:02:48,443 [INFO] recv 13933B via direct in 21ms
2026-09-29 01:02:48,446 [INFO] [client-6] Round 12 — training locally…
2026-09-29 01:02:48,546 [INFO] [client-6] Round 12 — sending update…
2026-09-29 01:02:48,557 [INFO] recv 13933B via direct in 332ms
2026-09-29 01:02:48,559 [INFO] [client-4] Round 12 — training locally…
2026-09-29 01:02:48,675 [INFO] [client-4] Round 12 — sending update…
2026-09-29 01:02:48,683 [INFO] send 13933B via direct in 594ms (0.19 Mbit/s) to 3c471a178ef57a5b
2026-09-29 01:02:48,685 [INFO] recv 13933B via direct in 587ms
2026-09-29 01:02:48,687 [INFO] [client-9] Round 12 — training locally…
2026-09-29 01:02:48,793 [INFO] [client-9] Round 12 — sending update…
2026-09-29 01:02:48,797 [INFO] send 13933B via direct in 592ms (0.19 Mbit/s) to 044ff3176f0ab9a1
2026-09-29 01:02:48,807 [INFO] send 13933B via direct in 494ms (0.23 Mbit/s) to 102c0b17ecd705fc
2026-09-29 01:02:48,826 [INFO] [client-0] Round 12 done — loss=1.0487 acc=0.4601  1.8s
2026-09-29 01:02:48,827 [INFO] [client-0] Round 13 — receiving model…
2026-09-29 01:02:48,829 [INFO] send 13933B via direct in 587ms (0.19 Mbit/s) to 102c0b17ecd705fc
2026-09-29 01:02:48,847 [INFO] [client-7] Round 12 done — loss=1.0327 acc=0.4543  1.5s
2026-09-29 01:02:48,849 [INFO] [client-7] Round 13 — receiving model…
2026-09-29 01:02:48,849 [INFO] send 13933B via direct in 707ms (0.16 Mbit/s) to 102c0b17ecd705fc
2026-09-29 01:02:48,870 [INFO] [client-2] Round 12 done — loss=0.9671 acc=0.5185  1.9s
2026-09-29 01:02:48,871 [INFO] [client-2] Round 13 — receiving model…
2026-09-29 01:02:48,876 [INFO] send 13933B via direct in 433ms (0.26 Mbit/s) to 102c0b17ecd705fc
2026-09-29 01:02:48,894 [INFO] [client-5] Round 12 done — loss=0.9748 acc=0.5563  1.8s
2026-09-29 01:02:48,895 [INFO] [client-5] Round 13 — receiving model…
2026-09-29 01:02:48,896 [INFO] send 13933B via direct in 326ms (0.34 Mbit/s) to 102c0b17ecd705fc
2026-09-29 01:02:48,919 [INFO] [client-6] Round 12 done — loss=1.0173 acc=0.4983  1.0s
2026-09-29 01:02:48,920 [INFO] [client-6] Round 13 — receiving model…
2026-09-29 01:02:48,921 [INFO] send 13933B via direct in 78ms (1.42 Mbit/s) to 102c0b17ecd705fc
2026-09-29 01:02:48,937 [INFO] [client-9] Round 12 done — loss=1.0130 acc=0.5284  1.0s
2026-09-29 01:02:48,938 [INFO] [client-9] Round 13 — receiving model…
2026-09-29 01:02:48,968 [INFO] send 13933B via direct in 1006ms (0.11 Mbit/s) to ec4b56ce57350de7
2026-09-29 01:02:48,969 [INFO] recv 13933B via direct in 5ms
2026-09-29 01:02:48,972 [INFO] [client-8] Round 12 — training locally…
2026-09-29 01:02:49,091 [INFO] [client-8] Round 12 — sending update…
2026-09-29 01:02:49,095 [INFO] send 13933B via direct in 1130ms (0.10 Mbit/s) to c355ab9f5eb2ec5e
2026-09-29 01:02:49,097 [INFO] recv 13933B via direct in 127ms
2026-09-29 01:02:49,099 [INFO] [client-3] Round 12 — training locally…
2026-09-29 01:02:49,224 [INFO] [client-3] Round 12 — sending update…
2026-09-29 01:02:49,233 [INFO] send 13933B via direct in 7ms (15.26 Mbit/s) to 102c0b17ecd705fc
2026-09-29 01:02:49,250 [INFO] [client-3] Round 12 done — loss=1.0425 acc=0.4578  2.3s
2026-09-29 01:02:49,252 [INFO] [client-3] Round 13 — receiving model…
2026-09-29 01:02:50,112 [INFO] send 13933B via direct in 1018ms (0.11 Mbit/s) to 102c0b17ecd705fc
2026-09-29 01:02:50,157 [INFO] [client-8] Round 12 done — loss=0.7658 acc=0.7143  3.1s
2026-09-29 01:02:50,160 [INFO] [client-8] Round 13 — receiving model…
2026-09-29 01:02:50,965 [INFO] send 13933B via direct in 3006ms (0.04 Mbit/s) to 57f9505d7c5df9f2
2026-09-29 01:02:50,972 [INFO] Round 12 — waiting for 10 updates…
2026-09-29 01:02:50,978 [INFO] recv 13933B via direct in 254ms
2026-09-29 01:02:50,989 [INFO] recv 13933B via direct in 255ms
2026-09-29 01:02:51,001 [INFO] recv 13933B via direct in 277ms
2026-09-29 01:02:51,012 [INFO] recv 13933B via direct in 195ms
2026-09-29 01:02:51,024 [INFO] recv 13933B via direct in 188ms
2026-09-29 01:02:51,034 [INFO] recv 13933B via direct in 135ms
2026-09-29 01:02:51,042 [INFO] recv 13933B via direct in 0ms
2026-09-29 01:02:51,050 [INFO] recv 13933B via direct in 2ms
2026-09-29 01:02:51,058 [INFO] recv 13933B via direct in 11ms
2026-09-29 01:02:51,067 [INFO] [client-1] Round 12 — training locally…
2026-09-29 01:02:51,226 [INFO] [client-1] Round 12 — sending update…
2026-09-29 01:02:51,686 [INFO] send 13933B via direct in 3008ms (0.04 Mbit/s) to 102c0b17ecd705fc
2026-09-29 01:02:51,752 [INFO] [client-4] Round 12 done — loss=1.0170 acc=0.4828  4.7s
2026-09-29 01:02:51,754 [INFO] [client-4] Round 13 — receiving model…
2026-09-29 01:02:51,756 [INFO] recv 13933B via direct in 72ms
2026-09-29 01:02:52,233 [INFO] recv 13933B via direct in 0ms
2026-09-29 01:02:52,271 [INFO] Round 12/20  acc=0.4634  loss=1.0668  4.3s  clients=10
2026-09-29 01:02:52,273 [INFO] Round 13 — sending model to 10 clients…
2026-09-29 01:02:52,307 [INFO] send 13933B via direct in 1064ms (0.10 Mbit/s) to 102c0b17ecd705fc
2026-09-29 01:02:52,333 [INFO] [client-1] Round 12 done — loss=1.0584 acc=0.4323  5.2s
2026-09-29 01:02:52,336 [INFO] [client-1] Round 13 — receiving model…
2026-09-29 01:02:52,341 [INFO] send 13933B via direct in 59ms (1.89 Mbit/s) to a36c5c3fa3bac708
2026-09-29 01:02:52,344 [INFO] send 13933B via direct in 53ms (2.11 Mbit/s) to 05397d8a374d9156
2026-09-29 01:02:52,346 [INFO] send 13933B via direct in 51ms (2.19 Mbit/s) to 31dd3e81df93f5b1
2026-09-29 01:02:52,348 [INFO] recv 13933B via direct in 50ms
2026-09-29 01:02:52,351 [INFO] [client-1] Round 13 — training locally…
2026-09-29 01:02:52,467 [INFO] [client-1] Round 13 — sending update…
2026-09-29 01:02:52,470 [INFO] recv 13933B via direct in 50ms
2026-09-29 01:02:52,475 [INFO] [client-6] Round 13 — training locally…
2026-09-29 01:02:52,585 [INFO] [client-6] Round 13 — sending update…
2026-09-29 01:02:52,587 [INFO] recv 13933B via direct in 50ms
2026-09-29 01:02:52,590 [INFO] [client-9] Round 13 — training locally…
2026-09-29 01:02:52,709 [INFO] [client-9] Round 13 — sending update…
2026-09-29 01:02:52,712 [INFO] recv 13933B via direct in 51ms
2026-09-29 01:02:52,716 [INFO] [client-2] Round 13 — training locally…
2026-09-29 01:02:52,924 [INFO] [client-2] Round 13 — sending update…
2026-09-29 01:02:52,926 [INFO] recv 13933B via direct in 52ms
2026-09-29 01:02:52,930 [INFO] [client-5] Round 13 — training locally…
2026-09-29 01:02:53,030 [INFO] [client-5] Round 13 — sending update…
2026-09-29 01:02:53,034 [INFO] recv 13933B via direct in 52ms
2026-09-29 01:02:53,037 [INFO] [client-3] Round 13 — training locally…
2026-09-29 01:02:53,147 [INFO] [client-3] Round 13 — sending update…
2026-09-29 01:02:53,150 [INFO] recv 13933B via direct in 53ms
2026-09-29 01:02:53,154 [INFO] [client-0] Round 13 — training locally…
2026-09-29 01:02:53,231 [INFO] [client-0] Round 13 — sending update…
2026-09-29 01:02:53,235 [INFO] recv 13933B via direct in 54ms
2026-09-29 01:02:53,239 [INFO] [client-4] Round 13 — training locally…
2026-09-29 01:02:53,361 [INFO] [client-4] Round 13 — sending update…
2026-09-29 01:02:53,384 [INFO] send 13933B via direct in 1089ms (0.10 Mbit/s) to 57f9505d7c5df9f2
2026-09-29 01:02:53,385 [INFO] send 13933B via direct in 1076ms (0.10 Mbit/s) to 2e9a740f9adec44c
2026-09-29 01:02:53,387 [INFO] send 13933B via direct in 1082ms (0.10 Mbit/s) to 044ff3176f0ab9a1
2026-09-29 01:02:53,388 [INFO] send 13933B via direct in 1080ms (0.10 Mbit/s) to 8059e4f668f4ad97
2026-09-29 01:02:53,391 [INFO] send 13933B via direct in 1078ms (0.10 Mbit/s) to c355ab9f5eb2ec5e
2026-09-29 01:02:53,393 [INFO] send 13933B via direct in 923ms (0.12 Mbit/s) to 102c0b17ecd705fc
2026-09-29 01:02:53,412 [INFO] [client-1] Round 13 done — loss=1.0585 acc=0.4306  1.1s
2026-09-29 01:02:53,413 [INFO] [client-1] Round 14 — receiving model…
2026-09-29 01:02:53,414 [INFO] send 13933B via direct in 681ms (0.16 Mbit/s) to 102c0b17ecd705fc
2026-09-29 01:02:53,434 [INFO] [client-9] Round 13 done — loss=1.0109 acc=0.5190  4.5s
2026-09-29 01:02:53,435 [INFO] [client-9] Round 14 — receiving model…
2026-09-29 01:02:53,442 [INFO] recv 13933B via direct in 70ms
2026-09-29 01:02:53,445 [INFO] [client-7] Round 13 — training locally…
2026-09-29 01:02:53,600 [INFO] [client-7] Round 13 — sending update…
2026-09-29 01:02:53,604 [INFO] send 13933B via direct in 1148ms (0.10 Mbit/s) to 3c471a178ef57a5b
2026-09-29 01:02:53,606 [INFO] send 13933B via direct in 406ms (0.28 Mbit/s) to 102c0b17ecd705fc
2026-09-29 01:02:53,627 [INFO] [client-5] Round 13 done — loss=0.9692 acc=0.5598  4.7s
2026-09-29 01:02:53,628 [INFO] [client-5] Round 14 — receiving model…
2026-09-29 01:02:53,629 [INFO] send 13933B via direct in 291ms (0.38 Mbit/s) to 102c0b17ecd705fc
2026-09-29 01:02:53,651 [INFO] [client-3] Round 13 done — loss=1.0437 acc=0.4636  4.4s
2026-09-29 01:02:53,652 [INFO] [client-3] Round 14 — receiving model…
2026-09-29 01:02:53,654 [INFO] send 13933B via direct in 206ms (0.54 Mbit/s) to 102c0b17ecd705fc
2026-09-29 01:02:53,684 [INFO] [client-0] Round 13 done — loss=1.0528 acc=0.4536  4.9s
2026-09-29 01:02:53,685 [INFO] [client-0] Round 14 — receiving model…
2026-09-29 01:02:53,694 [INFO] send 13933B via direct in 761ms (0.15 Mbit/s) to 102c0b17ecd705fc
2026-09-29 01:02:53,726 [INFO] [client-2] Round 13 done — loss=0.9675 acc=0.5251  4.9s
2026-09-29 01:02:53,727 [INFO] [client-2] Round 14 — receiving model…
2026-09-29 01:02:53,731 [INFO] send 13933B via direct in 324ms (0.34 Mbit/s) to 102c0b17ecd705fc
2026-09-29 01:02:53,758 [INFO] [client-4] Round 13 done — loss=1.0116 acc=0.4880  2.0s
2026-09-29 01:02:53,759 [INFO] [client-4] Round 14 — receiving model…
2026-09-29 01:02:53,767 [INFO] send 13933B via direct in 163ms (0.69 Mbit/s) to 102c0b17ecd705fc
2026-09-29 01:02:53,798 [INFO] [client-7] Round 13 done — loss=1.0275 acc=0.4519  4.9s
2026-09-29 01:02:53,801 [INFO] [client-7] Round 14 — receiving model…
2026-09-29 01:02:56,770 [INFO] send 13933B via direct in 4183ms (0.03 Mbit/s) to 102c0b17ecd705fc
2026-09-29 01:02:56,833 [INFO] [client-6] Round 13 done — loss=1.0114 acc=0.4972  7.9s
2026-09-29 01:02:56,838 [INFO] [client-6] Round 14 — receiving model…
2026-09-29 01:02:57,486 [INFO] send 13933B via direct in 5191ms (0.02 Mbit/s) to ec4b56ce57350de7
2026-09-29 01:02:57,490 [INFO] Round 13 — waiting for 10 updates…
2026-09-29 01:02:57,493 [INFO] recv 13933B via direct in 27ms
2026-09-29 01:02:57,502 [INFO] recv 13933B via direct in 70ms
2026-09-29 01:02:57,513 [INFO] recv 13933B via direct in 69ms
2026-09-29 01:02:57,527 [INFO] recv 13933B via direct in 69ms
2026-09-29 01:02:57,537 [INFO] recv 13933B via direct in 69ms
2026-09-29 01:02:57,547 [INFO] recv 13933B via direct in 70ms
2026-09-29 01:02:57,553 [INFO] recv 13933B via direct in 302ms
2026-09-29 01:02:57,557 [INFO] recv 13933B via direct in 76ms
2026-09-29 01:02:57,562 [INFO] recv 13933B via direct in 3081ms
2026-09-29 01:02:57,565 [INFO] recv 13933B via direct in 4114ms
2026-09-29 01:02:57,568 [INFO] [client-8] Round 13 — training locally…
2026-09-29 01:02:57,730 [INFO] [client-8] Round 13 — sending update…
2026-09-29 01:03:00,772 [INFO] send 13933B via direct in 3038ms (0.04 Mbit/s) to 102c0b17ecd705fc
2026-09-29 01:03:00,813 [INFO] [client-8] Round 13 done — loss=0.7629 acc=0.7153  10.7s
2026-09-29 01:03:00,814 [INFO] [client-8] Round 14 — receiving model…
2026-09-29 01:03:00,815 [INFO] recv 13933B via direct in 34ms
2026-09-29 01:03:00,853 [INFO] Round 13/20  acc=0.4687  loss=1.0589  8.6s  clients=10
2026-09-29 01:03:00,854 [INFO] Round 14 — sending model to 10 clients…
2026-09-29 01:03:00,903 [INFO] send 13933B via direct in 42ms (2.64 Mbit/s) to 05397d8a374d9156
2026-09-29 01:03:00,905 [INFO] send 13933B via direct in 39ms (2.86 Mbit/s) to 3c471a178ef57a5b
2026-09-29 01:03:00,907 [INFO] send 13933B via direct in 33ms (3.40 Mbit/s) to 57f9505d7c5df9f2
2026-09-29 01:03:00,908 [INFO] send 13933B via direct in 36ms (3.12 Mbit/s) to c355ab9f5eb2ec5e
2026-09-29 01:03:00,910 [INFO] send 13933B via direct in 33ms (3.38 Mbit/s) to a36c5c3fa3bac708
2026-09-29 01:03:00,911 [INFO] recv 13933B via direct in 25ms
2026-09-29 01:03:00,914 [INFO] [client-5] Round 14 — training locally…
2026-09-29 01:03:01,106 [INFO] [client-5] Round 14 — sending update…
2026-09-29 01:03:01,110 [INFO] recv 13933B via direct in 26ms
2026-09-29 01:03:01,114 [INFO] [client-7] Round 14 — training locally…
2026-09-29 01:03:01,227 [INFO] [client-7] Round 14 — sending update…
2026-09-29 01:03:01,230 [INFO] recv 13933B via direct in 12ms
2026-09-29 01:03:01,235 [INFO] [client-3] Round 14 — training locally…
2026-09-29 01:03:01,345 [INFO] [client-3] Round 14 — sending update…
2026-09-29 01:03:01,347 [INFO] recv 13933B via direct in 14ms
2026-09-29 01:03:01,349 [INFO] [client-1] Round 14 — training locally…
2026-09-29 01:03:01,439 [INFO] [client-1] Round 14 — sending update…
2026-09-29 01:03:01,449 [INFO] recv 13933B via direct in 332ms
2026-09-29 01:03:01,451 [INFO] [client-6] Round 14 — training locally…
2026-09-29 01:03:01,558 [INFO] [client-6] Round 14 — sending update…
2026-09-29 01:03:01,564 [INFO] send 13933B via direct in 578ms (0.19 Mbit/s) to ec4b56ce57350de7
2026-09-29 01:03:01,566 [INFO] send 13933B via direct in 582ms (0.19 Mbit/s) to 8059e4f668f4ad97
2026-09-29 01:03:01,567 [INFO] recv 13933B via direct in 567ms
2026-09-29 01:03:01,569 [INFO] [client-2] Round 14 — training locally…
2026-09-29 01:03:01,700 [INFO] [client-2] Round 14 — sending update…
2026-09-29 01:03:01,709 [INFO] recv 13933B via direct in 687ms
2026-09-29 01:03:01,712 [INFO] [client-8] Round 14 — training locally…
2026-09-29 01:03:01,810 [INFO] [client-8] Round 14 — sending update…
2026-09-29 01:03:01,817 [INFO] send 13933B via direct in 480ms (0.23 Mbit/s) to 102c0b17ecd705fc
2026-09-29 01:03:01,839 [INFO] [client-7] Round 14 done — loss=1.0286 acc=0.4578  8.0s
2026-09-29 01:03:01,841 [INFO] [client-7] Round 15 — receiving model…
2026-09-29 01:03:01,843 [INFO] send 13933B via direct in 704ms (0.16 Mbit/s) to 102c0b17ecd705fc
2026-09-29 01:03:01,873 [INFO] [client-5] Round 14 done — loss=0.9756 acc=0.5570  8.2s
2026-09-29 01:03:01,874 [INFO] [client-5] Round 15 — receiving model…
2026-09-29 01:03:01,876 [INFO] send 13933B via direct in 376ms (0.30 Mbit/s) to 102c0b17ecd705fc
2026-09-29 01:03:01,899 [INFO] [client-1] Round 14 done — loss=1.0568 acc=0.4392  8.5s
2026-09-29 01:03:01,900 [INFO] [client-1] Round 15 — receiving model…
2026-09-29 01:03:01,912 [INFO] send 13933B via direct in 342ms (0.33 Mbit/s) to 102c0b17ecd705fc
2026-09-29 01:03:01,943 [INFO] [client-6] Round 14 done — loss=1.0132 acc=0.4924  5.1s
2026-09-29 01:03:01,944 [INFO] [client-6] Round 15 — receiving model…
2026-09-29 01:03:01,947 [INFO] send 13933B via direct in 1038ms (0.11 Mbit/s) to 31dd3e81df93f5b1
2026-09-29 01:03:01,950 [INFO] recv 13933B via direct in 44ms
2026-09-29 01:03:01,952 [INFO] [client-0] Round 14 — training locally…
2026-09-29 01:03:02,026 [INFO] [client-0] Round 14 — sending update…
2026-09-29 01:03:02,032 [INFO] send 13933B via direct in 328ms (0.34 Mbit/s) to 102c0b17ecd705fc
2026-09-29 01:03:02,056 [INFO] [client-2] Round 14 done — loss=0.9535 acc=0.5350  8.3s
2026-09-29 01:03:02,057 [INFO] [client-2] Round 15 — receiving model…
2026-09-29 01:03:02,057 [INFO] recv 13933B via direct in 125ms
2026-09-29 01:03:02,061 [INFO] [client-9] Round 14 — training locally…
2026-09-29 01:03:02,171 [INFO] [client-9] Round 14 — sending update…
2026-09-29 01:03:02,174 [INFO] recv 13933B via direct in 119ms
2026-09-29 01:03:02,178 [INFO] [client-4] Round 14 — training locally…
2026-09-29 01:03:02,291 [INFO] [client-4] Round 14 — sending update…
2026-09-29 01:03:02,294 [INFO] send 13933B via direct in 1173ms (0.10 Mbit/s) to 044ff3176f0ab9a1
2026-09-29 01:03:02,296 [INFO] send 13933B via direct in 1157ms (0.10 Mbit/s) to 2e9a740f9adec44c
2026-09-29 01:03:02,299 [INFO] Round 14 — waiting for 10 updates…
2026-09-29 01:03:02,301 [INFO] recv 13933B via direct in 371ms
2026-09-29 01:03:02,303 [INFO] recv 13933B via direct in 398ms
2026-09-29 01:03:02,305 [INFO] recv 13933B via direct in 338ms
2026-09-29 01:03:02,307 [INFO] recv 13933B via direct in 200ms
2026-09-29 01:03:02,309 [INFO] recv 13933B via direct in 133ms
2026-09-29 01:03:02,317 [INFO] send 13933B via direct in 143ms (0.78 Mbit/s) to 102c0b17ecd705fc
2026-09-29 01:03:02,334 [INFO] [client-9] Round 14 done — loss=1.0100 acc=0.5239  8.9s
2026-09-29 01:03:02,336 [INFO] [client-9] Round 15 — receiving model…
2026-09-29 01:03:02,338 [INFO] send 13933B via direct in 23ms (4.80 Mbit/s) to 102c0b17ecd705fc
2026-09-29 01:03:02,360 [INFO] [client-4] Round 14 done — loss=1.0134 acc=0.4880  8.6s
2026-09-29 01:03:02,361 [INFO] [client-4] Round 15 — receiving model…
2026-09-29 01:03:02,362 [INFO] recv 13933B via direct in 19ms
2026-09-29 01:03:02,365 [INFO] recv 13933B via direct in 40ms
2026-09-29 01:03:02,368 [INFO] recv 13933B via direct in 48ms
2026-09-29 01:03:02,371 [INFO] send 13933B via direct in 342ms (0.33 Mbit/s) to 102c0b17ecd705fc
2026-09-29 01:03:02,387 [INFO] [client-0] Round 14 done — loss=1.0558 acc=0.4479  8.7s
2026-09-29 01:03:02,388 [INFO] [client-0] Round 15 — receiving model…
2026-09-29 01:03:02,390 [INFO] recv 13933B via direct in 25ms
2026-09-29 01:03:02,394 [INFO] send 13933B via direct in 1047ms (0.11 Mbit/s) to 102c0b17ecd705fc
2026-09-29 01:03:02,409 [INFO] [client-3] Round 14 done — loss=1.0432 acc=0.4564  8.8s
2026-09-29 01:03:02,410 [INFO] [client-3] Round 15 — receiving model…
2026-09-29 01:03:03,843 [INFO] send 13933B via direct in 2027ms (0.06 Mbit/s) to 102c0b17ecd705fc
2026-09-29 01:03:03,913 [INFO] [client-8] Round 14 done — loss=0.7643 acc=0.7122  3.1s
2026-09-29 01:03:03,916 [INFO] [client-8] Round 15 — receiving model…
2026-09-29 01:03:03,917 [INFO] recv 13933B via direct in 5ms
2026-09-29 01:03:03,938 [INFO] Round 14/20  acc=0.4690  loss=1.0595  3.1s  clients=10
2026-09-29 01:03:03,939 [INFO] Round 15 — sending model to 10 clients…
2026-09-29 01:03:03,980 [INFO] send 13933B via direct in 37ms (3.06 Mbit/s) to 2e9a740f9adec44c
2026-09-29 01:03:03,982 [INFO] recv 13933B via direct in 24ms
2026-09-29 01:03:03,985 [INFO] [client-4] Round 15 — training locally…
2026-09-29 01:03:04,082 [INFO] [client-4] Round 15 — sending update…
2026-09-29 01:03:04,085 [INFO] send 13933B via direct in 33ms (3.38 Mbit/s) to ec4b56ce57350de7
2026-09-29 01:03:04,086 [INFO] recv 13933B via direct in 25ms
2026-09-29 01:03:04,088 [INFO] [client-8] Round 15 — training locally…
2026-09-29 01:03:04,211 [INFO] [client-8] Round 15 — sending update…
2026-09-29 01:03:04,213 [INFO] recv 13933B via direct in 7ms
2026-09-29 01:03:04,217 [INFO] [client-6] Round 15 — training locally…
2026-09-29 01:03:04,324 [INFO] [client-6] Round 15 — sending update…
2026-09-29 01:03:04,330 [INFO] send 13933B via direct in 261ms (0.43 Mbit/s) to a36c5c3fa3bac708
2026-09-29 01:03:04,331 [INFO] recv 13933B via direct in 247ms
2026-09-29 01:03:04,334 [INFO] [client-9] Round 15 — training locally…
2026-09-29 01:03:04,448 [INFO] [client-9] Round 15 — sending update…
2026-09-29 01:03:04,457 [INFO] recv 13933B via direct in 373ms
2026-09-29 01:03:04,460 [INFO] [client-2] Round 15 — training locally…
2026-09-29 01:03:04,573 [INFO] [client-2] Round 15 — sending update…
2026-09-29 01:03:04,578 [INFO] send 13933B via direct in 268ms (0.42 Mbit/s) to 8059e4f668f4ad97
2026-09-29 01:03:04,579 [INFO] send 13933B via direct in 264ms (0.42 Mbit/s) to 044ff3176f0ab9a1
2026-09-29 01:03:04,581 [INFO] send 13933B via direct in 260ms (0.43 Mbit/s) to 3c471a178ef57a5b
2026-09-29 01:03:04,582 [INFO] recv 13933B via direct in 349ms
2026-09-29 01:03:04,584 [INFO] [client-7] Round 15 — training locally…
2026-09-29 01:03:04,685 [INFO] [client-7] Round 15 — sending update…
2026-09-29 01:03:04,694 [INFO] send 13933B via direct in 498ms (0.22 Mbit/s) to 102c0b17ecd705fc
2026-09-29 01:03:04,711 [INFO] [client-4] Round 15 done — loss=1.0099 acc=0.4966  2.3s
2026-09-29 01:03:04,712 [INFO] [client-4] Round 16 — receiving model…
2026-09-29 01:03:04,721 [INFO] send 13933B via direct in 142ms (0.79 Mbit/s) to 102c0b17ecd705fc
2026-09-29 01:03:04,745 [INFO] [client-2] Round 15 done — loss=0.9635 acc=0.5330  2.7s
2026-09-29 01:03:04,746 [INFO] [client-2] Round 16 — receiving model…
2026-09-29 01:03:04,749 [ERROR] [client-6] round 15 error: stream not acknowledged: IrohError: 
2026-09-29 01:03:04,751 [INFO] [client-6] Round 16 — receiving model…
2026-09-29 01:03:04,752 [INFO] send 13933B via direct in 298ms (0.37 Mbit/s) to 102c0b17ecd705fc
2026-09-29 01:03:04,775 [INFO] [client-9] Round 15 done — loss=1.0121 acc=0.5281  2.4s
2026-09-29 01:03:04,776 [INFO] [client-9] Round 16 — receiving model…
2026-09-29 01:03:04,970 [INFO] send 13933B via direct in 1015ms (0.11 Mbit/s) to 31dd3e81df93f5b1
2026-09-29 01:03:04,975 [INFO] recv 13933B via direct in 20ms
2026-09-29 01:03:04,979 [INFO] [client-0] Round 15 — training locally…
2026-09-29 01:03:05,074 [INFO] [client-0] Round 15 — sending update…
2026-09-29 01:03:05,081 [INFO] send 13933B via direct in 1135ms (0.10 Mbit/s) to c355ab9f5eb2ec5e
2026-09-29 01:03:05,083 [INFO] send 13933B via direct in 1128ms (0.10 Mbit/s) to 05397d8a374d9156
2026-09-29 01:03:05,085 [INFO] recv 13933B via direct in 123ms
2026-09-29 01:03:05,089 [INFO] [client-3] Round 15 — training locally…
2026-09-29 01:03:05,200 [INFO] [client-3] Round 15 — sending update…
2026-09-29 01:03:05,203 [INFO] recv 13933B via direct in 111ms
2026-09-29 01:03:05,208 [INFO] [client-5] Round 15 — training locally…
2026-09-29 01:03:05,334 [INFO] [client-5] Round 15 — sending update…
2026-09-29 01:03:05,345 [INFO] send 13933B via direct in 9ms (12.22 Mbit/s) to 102c0b17ecd705fc
2026-09-29 01:03:05,360 [INFO] [client-5] Round 15 done — loss=0.9678 acc=0.5618  3.5s
2026-09-29 01:03:05,361 [INFO] [client-5] Round 16 — receiving model…
2026-09-29 01:03:05,368 [INFO] send 13933B via direct in 289ms (0.39 Mbit/s) to 102c0b17ecd705fc
2026-09-29 01:03:05,383 [INFO] [client-0] Round 15 done — loss=1.0489 acc=0.4609  3.0s
2026-09-29 01:03:05,384 [INFO] [client-0] Round 16 — receiving model…
2026-09-29 01:03:05,455 [INFO] send 13933B via direct in 245ms (0.46 Mbit/s) to 102c0b17ecd705fc
2026-09-29 01:03:05,543 [INFO] [client-3] Round 15 done — loss=1.0371 acc=0.4571  3.1s
2026-09-29 01:03:05,545 [INFO] [client-3] Round 16 — receiving model…
2026-09-29 01:03:05,548 [INFO] send 13933B via direct in 1334ms (0.08 Mbit/s) to 102c0b17ecd705fc
2026-09-29 01:03:05,580 [INFO] [client-8] Round 15 done — loss=0.7667 acc=0.7119  1.7s
2026-09-29 01:03:05,581 [INFO] [client-8] Round 16 — receiving model…
2026-09-29 01:03:05,704 [INFO] send 13933B via direct in 1017ms (0.11 Mbit/s) to 102c0b17ecd705fc
2026-09-29 01:03:05,790 [INFO] [client-7] Round 15 done — loss=1.0317 acc=0.4509  3.9s
2026-09-29 01:03:05,791 [INFO] [client-7] Round 16 — receiving model…
2026-09-29 01:03:06,985 [INFO] send 13933B via direct in 3035ms (0.04 Mbit/s) to 57f9505d7c5df9f2
2026-09-29 01:03:06,992 [INFO] Round 15 — waiting for 10 updates…
2026-09-29 01:03:06,998 [INFO] recv 13933B via direct in 390ms
2026-09-29 01:03:07,009 [INFO] recv 13933B via direct in 137ms
2026-09-29 01:03:07,022 [INFO] recv 13933B via direct in 27ms
2026-09-29 01:03:07,026 [INFO] recv 13933B via direct in 55ms
2026-09-29 01:03:07,028 [INFO] recv 13933B via direct in 18ms
2026-09-29 01:03:07,030 [INFO] recv 13933B via direct in 282ms
2026-09-29 01:03:07,033 [INFO] recv 13933B via direct in 111ms
2026-09-29 01:03:07,035 [INFO] recv 13933B via direct in 1216ms
2026-09-29 01:03:07,037 [INFO] recv 13933B via direct in 1ms
2026-09-29 01:03:07,039 [INFO] recv 13933B via direct in 32ms
2026-09-29 01:03:07,041 [INFO] [client-1] Round 15 — training locally…
2026-09-29 01:03:07,157 [INFO] [client-1] Round 15 — sending update…
2026-09-29 01:03:11,138 [INFO] send 13933B via direct in 2022ms (0.06 Mbit/s) to 102c0b17ecd705fc
2026-09-29 01:03:11,216 [INFO] [client-1] Round 15 done — loss=1.0590 acc=0.4251  7.4s
2026-09-29 01:03:11,217 [INFO] [client-1] Round 16 — receiving model…
2026-09-29 01:03:11,220 [INFO] recv 13933B via direct in 84ms
2026-09-29 01:03:11,246 [INFO] Round 15/20  acc=0.4631  loss=1.0624  5.4s  clients=10
2026-09-29 01:03:11,247 [INFO] Round 16 — sending model to 10 clients…
2026-09-29 01:03:11,281 [INFO] send 13933B via direct in 29ms (3.86 Mbit/s) to 31dd3e81df93f5b1
2026-09-29 01:03:11,283 [INFO] send 13933B via direct in 28ms (3.99 Mbit/s) to c355ab9f5eb2ec5e
2026-09-29 01:03:11,285 [INFO] send 13933B via direct in 21ms (5.22 Mbit/s) to 8059e4f668f4ad97
2026-09-29 01:03:11,286 [INFO] send 13933B via direct in 20ms (5.48 Mbit/s) to 044ff3176f0ab9a1
2026-09-29 01:03:11,288 [INFO] recv 13933B via direct in 19ms
2026-09-29 01:03:11,291 [INFO] [client-7] Round 16 — training locally…
2026-09-29 01:03:11,404 [INFO] [client-7] Round 16 — sending update…
2026-09-29 01:03:11,408 [INFO] recv 13933B via direct in 21ms
2026-09-29 01:03:11,412 [INFO] [client-0] Round 16 — training locally…
2026-09-29 01:03:11,481 [INFO] [client-0] Round 16 — sending update…
2026-09-29 01:03:11,483 [INFO] recv 13933B via direct in 21ms
2026-09-29 01:03:11,487 [INFO] [client-3] Round 16 — training locally…
2026-09-29 01:03:11,613 [INFO] [client-3] Round 16 — sending update…
2026-09-29 01:03:11,616 [INFO] recv 13933B via direct in 21ms
2026-09-29 01:03:11,620 [INFO] [client-1] Round 16 — training locally…
2026-09-29 01:03:11,726 [INFO] [client-1] Round 16 — sending update…
2026-09-29 01:03:11,729 [INFO] recv 13933B via direct in 21ms
2026-09-29 01:03:11,733 [INFO] [client-6] Round 16 — training locally…
2026-09-29 01:03:11,875 [INFO] [client-6] Round 16 — sending update…
2026-09-29 01:03:11,878 [INFO] recv 13933B via direct in 24ms
2026-09-29 01:03:11,881 [INFO] [client-2] Round 16 — training locally…
2026-09-29 01:03:12,048 [INFO] [client-2] Round 16 — sending update…
2026-09-29 01:03:12,053 [INFO] recv 13933B via direct in 12ms
2026-09-29 01:03:12,055 [INFO] [client-9] Round 16 — training locally…
2026-09-29 01:03:12,160 [INFO] [client-9] Round 16 — sending update…
2026-09-29 01:03:12,173 [INFO] send 13933B via direct in 803ms (0.14 Mbit/s) to 3c471a178ef57a5b
2026-09-29 01:03:12,176 [INFO] send 13933B via direct in 905ms (0.12 Mbit/s) to a36c5c3fa3bac708
2026-09-29 01:03:12,180 [INFO] send 13933B via direct in 909ms (0.12 Mbit/s) to 05397d8a374d9156
2026-09-29 01:03:12,183 [INFO] recv 13933B via direct in 901ms
2026-09-29 01:03:12,186 [INFO] [client-5] Round 16 — training locally…
2026-09-29 01:03:12,290 [INFO] [client-5] Round 16 — sending update…
2026-09-29 01:03:12,301 [INFO] send 13933B via direct in 243ms (0.46 Mbit/s) to 102c0b17ecd705fc
2026-09-29 01:03:12,321 [INFO] [client-2] Round 16 done — loss=0.9606 acc=0.5227  5.6s
2026-09-29 01:03:12,322 [INFO] [client-2] Round 17 — receiving model…
2026-09-29 01:03:12,323 [INFO] send 13933B via direct in 886ms (0.13 Mbit/s) to 102c0b17ecd705fc
2026-09-29 01:03:12,340 [INFO] [client-7] Round 16 done — loss=1.0308 acc=0.4457  4.6s
2026-09-29 01:03:12,341 [INFO] [client-7] Round 17 — receiving model…
2026-09-29 01:03:12,343 [INFO] send 13933B via direct in 679ms (0.16 Mbit/s) to 102c0b17ecd705fc
2026-09-29 01:03:12,364 [INFO] [client-3] Round 16 done — loss=1.0407 acc=0.4519  4.9s
2026-09-29 01:03:12,365 [INFO] [client-3] Round 17 — receiving model…
2026-09-29 01:03:12,366 [INFO] send 13933B via direct in 566ms (0.20 Mbit/s) to 102c0b17ecd705fc
2026-09-29 01:03:12,387 [INFO] [client-1] Round 16 done — loss=1.0567 acc=0.4327  1.2s
2026-09-29 01:03:12,388 [INFO] [client-1] Round 17 — receiving model…
2026-09-29 01:03:12,390 [INFO] send 13933B via direct in 1039ms (0.11 Mbit/s) to 2e9a740f9adec44c
2026-09-29 01:03:12,396 [INFO] send 13933B via direct in 233ms (0.48 Mbit/s) to 102c0b17ecd705fc
2026-09-29 01:03:12,417 [INFO] [client-9] Round 16 done — loss=1.0101 acc=0.5253  5.7s
2026-09-29 01:03:12,421 [INFO] [client-9] Round 17 — receiving model…
2026-09-29 01:03:12,423 [INFO] recv 13933B via direct in 101ms
2026-09-29 01:03:12,426 [INFO] [client-4] Round 16 — training locally…
2026-09-29 01:03:12,533 [INFO] [client-4] Round 16 — sending update…
2026-09-29 01:03:12,538 [INFO] recv 13933B via direct in 127ms
2026-09-29 01:03:12,542 [INFO] [client-8] Round 16 — training locally…
2026-09-29 01:03:12,661 [INFO] [client-8] Round 16 — sending update…
2026-09-29 01:03:12,664 [INFO] send 13933B via direct in 1277ms (0.09 Mbit/s) to ec4b56ce57350de7
2026-09-29 01:03:12,666 [ERROR] send_tensors → client-1 FAILED: ConnectionError: stream not acknowledged: IrohError: 
2026-09-29 01:03:12,667 [INFO] Round 16 — waiting for 9 updates…
2026-09-29 01:03:12,668 [INFO] recv 13933B via direct in 133ms
2026-09-29 01:03:12,670 [INFO] recv 13933B via direct in 133ms
2026-09-29 01:03:12,672 [INFO] recv 13933B via direct in 133ms
2026-09-29 01:03:12,674 [WARNING] Round 16 — discarding update from unselected/duplicate peer 57f9505d7c5df9f2
2026-09-29 01:03:12,675 [INFO] recv 13933B via direct in 214ms
2026-09-29 01:03:12,677 [INFO] recv 13933B via direct in 214ms
2026-09-29 01:03:12,679 [INFO] send 13933B via direct in 246ms (0.45 Mbit/s) to 102c0b17ecd705fc
2026-09-29 01:03:12,701 [INFO] [client-5] Round 16 done — loss=0.9740 acc=0.5546  5.4s
2026-09-29 01:03:12,702 [INFO] [client-5] Round 17 — receiving model…
2026-09-29 01:03:12,707 [INFO] recv 13933B via direct in 380ms
2026-09-29 01:03:12,785 [INFO] send 13933B via direct in 120ms (0.93 Mbit/s) to 102c0b17ecd705fc
2026-09-29 01:03:12,844 [INFO] [client-8] Round 16 done — loss=0.7679 acc=0.7095  5.3s
2026-09-29 01:03:12,847 [INFO] [client-8] Round 17 — receiving model…
2026-09-29 01:03:12,848 [INFO] recv 13933B via direct in 80ms
2026-09-29 01:03:13,587 [INFO] recv 13933B via direct in 32ms
2026-09-29 01:03:13,617 [INFO] send 13933B via direct in 1079ms (0.10 Mbit/s) to 102c0b17ecd705fc
2026-09-29 01:03:13,688 [INFO] [client-4] Round 16 done — loss=1.0119 acc=0.4938  7.0s
2026-09-29 01:03:13,690 [INFO] [client-4] Round 17 — receiving model…
2026-09-29 01:03:13,890 [INFO] recv 13933B via direct in 1ms
2026-09-29 01:03:13,896 [INFO] send 13933B via direct in 2017ms (0.06 Mbit/s) to 102c0b17ecd705fc
2026-09-29 01:03:13,956 [INFO] [client-6] Round 16 done — loss=1.0085 acc=0.4906  7.3s
2026-09-29 01:03:13,959 [INFO] [client-6] Round 17 — receiving model…
2026-09-29 01:03:15,256 [INFO] send 13933B via direct in 3768ms (0.03 Mbit/s) to 102c0b17ecd705fc
2026-09-29 01:03:15,330 [INFO] [client-0] Round 16 done — loss=1.0471 acc=0.4670  8.0s
2026-09-29 01:03:15,332 [INFO] [client-0] Round 17 — receiving model…
2026-09-29 01:03:15,333 [INFO] recv 13933B via direct in 3089ms
2026-09-29 01:03:15,358 [INFO] Round 16/20  acc=0.4757  loss=1.0532  4.1s  clients=9
2026-09-29 01:03:15,360 [INFO] Round 17 — sending model to 10 clients…
2026-09-29 01:03:15,391 [INFO] send 13933B via direct in 28ms (4.01 Mbit/s) to 05397d8a374d9156
2026-09-29 01:03:15,394 [INFO] send 13933B via direct in 20ms (5.63 Mbit/s) to 3c471a178ef57a5b
2026-09-29 01:03:15,396 [INFO] recv 13933B via direct in 20ms
2026-09-29 01:03:15,399 [INFO] [client-5] Round 17 — training locally…
2026-09-29 01:03:15,515 [INFO] [client-5] Round 17 — sending update…
2026-09-29 01:03:15,519 [INFO] recv 13933B via direct in 20ms
2026-09-29 01:03:15,521 [INFO] [client-1] Round 17 — training locally…
2026-09-29 01:03:15,631 [INFO] [client-1] Round 17 — sending update…
2026-09-29 01:03:15,635 [INFO] recv 13933B via direct in 5ms
2026-09-29 01:03:15,638 [INFO] [client-4] Round 17 — training locally…
2026-09-29 01:03:15,836 [INFO] [client-4] Round 17 — sending update…
2026-09-29 01:03:15,838 [INFO] recv 13933B via direct in 5ms
2026-09-29 01:03:15,840 [INFO] [client-0] Round 17 — training locally…
2026-09-29 01:03:15,924 [INFO] [client-0] Round 17 — sending update…
2026-09-29 01:03:15,927 [INFO] recv 13933B via direct in 20ms
2026-09-29 01:03:15,931 [INFO] [client-6] Round 17 — training locally…
2026-09-29 01:03:16,056 [INFO] [client-6] Round 17 — sending update…
2026-09-29 01:03:16,058 [INFO] recv 13933B via direct in 20ms
2026-09-29 01:03:16,062 [INFO] [client-8] Round 17 — training locally…
2026-09-29 01:03:16,208 [INFO] [client-8] Round 17 — sending update…
2026-09-29 01:03:16,210 [INFO] recv 13933B via direct in 4ms
2026-09-29 01:03:16,214 [INFO] [client-7] Round 17 — training locally…
2026-09-29 01:03:16,373 [INFO] [client-7] Round 17 — sending update…
2026-09-29 01:03:16,393 [INFO] send 13933B via direct in 1009ms (0.11 Mbit/s) to 2e9a740f9adec44c
2026-09-29 01:03:16,395 [INFO] send 13933B via direct in 1014ms (0.11 Mbit/s) to 8059e4f668f4ad97
2026-09-29 01:03:16,397 [INFO] send 13933B via direct in 1009ms (0.11 Mbit/s) to 31dd3e81df93f5b1
2026-09-29 01:03:16,397 [INFO] send 13933B via direct in 1013ms (0.11 Mbit/s) to a36c5c3fa3bac708
2026-09-29 01:03:16,399 [INFO] send 13933B via direct in 1015ms (0.11 Mbit/s) to ec4b56ce57350de7
2026-09-29 01:03:16,404 [INFO] send 13933B via direct in 768ms (0.15 Mbit/s) to 102c0b17ecd705fc
2026-09-29 01:03:16,424 [INFO] [client-1] Round 17 done — loss=1.0582 acc=0.4220  4.0s
2026-09-29 01:03:16,425 [INFO] [client-1] Round 18 — receiving model…
2026-09-29 01:03:16,427 [INFO] send 13933B via direct in 192ms (0.58 Mbit/s) to 102c0b17ecd705fc
2026-09-29 01:03:16,449 [INFO] [client-8] Round 17 done — loss=0.7642 acc=0.7088  3.6s
2026-09-29 01:03:16,449 [INFO] [client-8] Round 18 — receiving model…
2026-09-29 01:03:16,451 [INFO] send 13933B via direct in 1031ms (0.11 Mbit/s) to 044ff3176f0ab9a1
2026-09-29 01:03:16,452 [INFO] recv 13933B via direct in 21ms
2026-09-29 01:03:16,456 [INFO] [client-3] Round 17 — training locally…
2026-09-29 01:03:16,566 [INFO] [client-3] Round 17 — sending update…
2026-09-29 01:03:16,568 [INFO] recv 13933B via direct in 22ms
2026-09-29 01:03:16,571 [INFO] [client-2] Round 17 — training locally…
2026-09-29 01:03:16,666 [INFO] [client-2] Round 17 — sending update…
2026-09-29 01:03:16,670 [INFO] send 13933B via direct in 1038ms (0.11 Mbit/s) to c355ab9f5eb2ec5e
2026-09-29 01:03:16,672 [ERROR] send_tensors → client-1 FAILED: ConnectionError: stream not acknowledged: IrohError: 
2026-09-29 01:03:16,673 [INFO] Round 17 — waiting for 9 updates…
2026-09-29 01:03:16,675 [INFO] recv 13933B via direct in 47ms
2026-09-29 01:03:16,677 [WARNING] Round 17 — discarding update from unselected/duplicate peer 57f9505d7c5df9f2
2026-09-29 01:03:16,678 [INFO] recv 13933B via direct in 46ms
2026-09-29 01:03:16,681 [INFO] recv 13933B via direct in 71ms
2026-09-29 01:03:16,684 [INFO] recv 13933B via direct in 71ms
2026-09-29 01:03:16,687 [INFO] recv 13933B via direct in 288ms
2026-09-29 01:03:16,689 [INFO] [client-9] Round 17 — training locally…
2026-09-29 01:03:16,800 [INFO] [client-9] Round 17 — sending update…
2026-09-29 01:03:16,809 [INFO] send 13933B via direct in 745ms (0.15 Mbit/s) to 102c0b17ecd705fc
2026-09-29 01:03:16,830 [INFO] [client-0] Round 17 done — loss=1.0508 acc=0.4592  1.5s
2026-09-29 01:03:16,830 [INFO] [client-0] Round 18 — receiving model…
2026-09-29 01:03:16,834 [INFO] send 13933B via direct in 298ms (0.37 Mbit/s) to 102c0b17ecd705fc
2026-09-29 01:03:16,955 [INFO] [client-7] Round 17 done — loss=1.0291 acc=0.4475  4.6s
2026-09-29 01:03:16,957 [INFO] [client-7] Round 18 — receiving model…
2026-09-29 01:03:16,958 [INFO] send 13933B via direct in 626ms (0.18 Mbit/s) to 102c0b17ecd705fc
2026-09-29 01:03:16,983 [INFO] [client-6] Round 17 done — loss=1.0146 acc=0.4878  3.0s
2026-09-29 01:03:16,984 [INFO] [client-6] Round 18 — receiving model…
2026-09-29 01:03:16,986 [INFO] recv 13933B via direct in 288ms
2026-09-29 01:03:16,994 [INFO] send 13933B via direct in 1472ms (0.08 Mbit/s) to 102c0b17ecd705fc
2026-09-29 01:03:17,014 [INFO] [client-5] Round 17 done — loss=0.9707 acc=0.5570  4.3s
2026-09-29 01:03:17,015 [INFO] [client-5] Round 18 — receiving model…
2026-09-29 01:03:17,018 [INFO] recv 13933B via direct in 332ms
2026-09-29 01:03:17,022 [INFO] recv 13933B via direct in 332ms
2026-09-29 01:03:17,024 [INFO] send 13933B via direct in 213ms (0.53 Mbit/s) to 102c0b17ecd705fc
2026-09-29 01:03:17,042 [INFO] [client-9] Round 17 done — loss=1.0111 acc=0.5235  4.6s
2026-09-29 01:03:17,043 [INFO] [client-9] Round 18 — receiving model…
2026-09-29 01:03:17,045 [INFO] send 13933B via direct in 1180ms (0.09 Mbit/s) to 102c0b17ecd705fc
2026-09-29 01:03:17,063 [INFO] [client-4] Round 17 done — loss=1.0105 acc=0.4973  3.4s
2026-09-29 01:03:17,064 [INFO] [client-4] Round 18 — receiving model…
2026-09-29 01:03:17,065 [INFO] send 13933B via direct in 349ms (0.32 Mbit/s) to 102c0b17ecd705fc
2026-09-29 01:03:17,085 [INFO] [client-2] Round 17 done — loss=0.9546 acc=0.5340  4.8s
2026-09-29 01:03:17,086 [INFO] [client-2] Round 18 — receiving model…
2026-09-29 01:03:17,087 [INFO] recv 13933B via direct in 56ms
2026-09-29 01:03:17,088 [INFO] recv 13933B via direct in 76ms
2026-09-29 01:03:17,578 [INFO] recv 13933B via direct in 0ms
2026-09-29 01:03:17,627 [INFO] Round 17/20  acc=0.4639  loss=1.0618  2.3s  clients=9
2026-09-29 01:03:17,629 [INFO] Round 18 — sending model to 10 clients…
2026-09-29 01:03:17,659 [INFO] send 13933B via direct in 1079ms (0.10 Mbit/s) to 102c0b17ecd705fc
2026-09-29 01:03:17,680 [INFO] [client-3] Round 17 done — loss=1.0453 acc=0.4471  5.3s
2026-09-29 01:03:17,683 [INFO] [client-3] Round 18 — receiving model…
2026-09-29 01:03:17,693 [INFO] send 13933B via direct in 60ms (1.88 Mbit/s) to 3c471a178ef57a5b
2026-09-29 01:03:17,695 [INFO] send 13933B via direct in 49ms (2.29 Mbit/s) to 2e9a740f9adec44c
2026-09-29 01:03:17,696 [INFO] send 13933B via direct in 58ms (1.92 Mbit/s) to 044ff3176f0ab9a1
2026-09-29 01:03:17,698 [INFO] recv 13933B via direct in 46ms
2026-09-29 01:03:17,700 [INFO] [client-7] Round 18 — training locally…
2026-09-29 01:03:17,827 [INFO] [client-7] Round 18 — sending update…
2026-09-29 01:03:17,829 [INFO] recv 13933B via direct in 48ms
2026-09-29 01:03:17,831 [INFO] [client-9] Round 18 — training locally…
2026-09-29 01:03:17,935 [INFO] [client-9] Round 18 — sending update…
2026-09-29 01:03:17,937 [INFO] recv 13933B via direct in 48ms
2026-09-29 01:03:17,942 [INFO] [client-1] Round 18 — training locally…
2026-09-29 01:03:18,071 [INFO] [client-1] Round 18 — sending update…
2026-09-29 01:03:18,075 [INFO] recv 13933B via direct in 48ms
2026-09-29 01:03:18,080 [INFO] [client-4] Round 18 — training locally…
2026-09-29 01:03:18,190 [INFO] [client-4] Round 18 — sending update…
2026-09-29 01:03:18,202 [INFO] send 13933B via direct in 558ms (0.20 Mbit/s) to 57f9505d7c5df9f2
2026-09-29 01:03:18,203 [INFO] recv 13933B via direct in 547ms
2026-09-29 01:03:18,205 [INFO] [client-2] Round 18 — training locally…
2026-09-29 01:03:18,297 [INFO] [client-2] Round 18 — sending update…
2026-09-29 01:03:18,304 [INFO] recv 13933B via direct in 548ms
2026-09-29 01:03:18,307 [INFO] [client-3] Round 18 — training locally…
2026-09-29 01:03:18,474 [INFO] [client-3] Round 18 — sending update…
2026-09-29 01:03:18,477 [INFO] send 13933B via direct in 554ms (0.20 Mbit/s) to 8059e4f668f4ad97
2026-09-29 01:03:18,478 [INFO] send 13933B via direct in 549ms (0.20 Mbit/s) to ec4b56ce57350de7
2026-09-29 01:03:18,479 [INFO] send 13933B via direct in 555ms (0.20 Mbit/s) to c355ab9f5eb2ec5e
2026-09-29 01:03:18,482 [INFO] recv 13933B via direct in 510ms
2026-09-29 01:03:18,484 [INFO] [client-8] Round 18 — training locally…
2026-09-29 01:03:18,580 [INFO] [client-8] Round 18 — sending update…
2026-09-29 01:03:18,583 [INFO] send 13933B via direct in 476ms (0.23 Mbit/s) to 102c0b17ecd705fc
2026-09-29 01:03:18,619 [INFO] [client-7] Round 18 done — loss=1.0324 acc=0.4368  1.7s
2026-09-29 01:03:18,620 [INFO] [client-7] Round 19 — receiving model…
2026-09-29 01:03:18,625 [INFO] send 13933B via direct in 540ms (0.21 Mbit/s) to 102c0b17ecd705fc
2026-09-29 01:03:18,648 [INFO] [client-9] Round 18 done — loss=1.0107 acc=0.5260  1.6s
2026-09-29 01:03:18,649 [INFO] [client-9] Round 19 — receiving model…
2026-09-29 01:03:18,654 [INFO] send 13933B via direct in 509ms (0.22 Mbit/s) to 102c0b17ecd705fc
2026-09-29 01:03:18,671 [INFO] [client-1] Round 18 done — loss=1.0609 acc=0.4166  2.2s
2026-09-29 01:03:18,672 [INFO] [client-1] Round 19 — receiving model…
2026-09-29 01:03:18,675 [INFO] send 13933B via direct in 458ms (0.24 Mbit/s) to 102c0b17ecd705fc
2026-09-29 01:03:18,697 [INFO] [client-4] Round 18 done — loss=1.0130 acc=0.4911  1.6s
2026-09-29 01:03:18,698 [INFO] [client-4] Round 19 — receiving model…
2026-09-29 01:03:18,710 [INFO] send 13933B via direct in 409ms (0.27 Mbit/s) to 102c0b17ecd705fc
2026-09-29 01:03:18,727 [INFO] [client-2] Round 18 done — loss=0.9542 acc=0.5312  1.6s
2026-09-29 01:03:18,729 [INFO] [client-2] Round 19 — receiving model…
2026-09-29 01:03:18,733 [INFO] recv 13933B via direct in 58ms
2026-09-29 01:03:18,737 [INFO] [client-5] Round 18 — training locally…
2026-09-29 01:03:18,830 [INFO] [client-5] Round 18 — sending update…
2026-09-29 01:03:18,832 [INFO] recv 13933B via direct in 58ms
2026-09-29 01:03:18,836 [INFO] [client-6] Round 18 — training locally…
2026-09-29 01:03:18,939 [INFO] [client-6] Round 18 — sending update…
2026-09-29 01:03:18,944 [INFO] send 13933B via direct in 361ms (0.31 Mbit/s) to 102c0b17ecd705fc
2026-09-29 01:03:18,979 [INFO] [client-8] Round 18 done — loss=0.7643 acc=0.7071  2.5s
2026-09-29 01:03:18,980 [INFO] [client-8] Round 19 — receiving model…
2026-09-29 01:03:18,981 [INFO] send 13933B via direct in 1298ms (0.09 Mbit/s) to a36c5c3fa3bac708
2026-09-29 01:03:19,500 [INFO] send 13933B via direct in 1021ms (0.11 Mbit/s) to 102c0b17ecd705fc
2026-09-29 01:03:19,526 [INFO] [client-3] Round 18 done — loss=1.0425 acc=0.4622  1.8s
2026-09-29 01:03:19,527 [INFO] [client-3] Round 19 — receiving model…
2026-09-29 01:03:19,866 [INFO] send 13933B via direct in 1027ms (0.11 Mbit/s) to 102c0b17ecd705fc
2026-09-29 01:03:19,934 [INFO] [client-5] Round 18 done — loss=0.9698 acc=0.5539  2.9s
2026-09-29 01:03:19,935 [INFO] [client-5] Round 19 — receiving model…
2026-09-29 01:03:19,948 [INFO] send 13933B via direct in 1006ms (0.11 Mbit/s) to 102c0b17ecd705fc
2026-09-29 01:03:19,966 [INFO] [client-6] Round 18 done — loss=1.0128 acc=0.4868  3.0s
2026-09-29 01:03:19,967 [INFO] [client-6] Round 19 — receiving model…
2026-09-29 01:03:26,727 [INFO] send 13933B via direct in 9078ms (0.01 Mbit/s) to 31dd3e81df93f5b1
2026-09-29 01:03:26,733 [INFO] recv 13933B via direct in 7064ms
2026-09-29 01:03:26,746 [INFO] [client-0] Round 18 — training locally…
2026-09-29 01:03:26,880 [INFO] [client-0] Round 18 — sending update…
2026-09-29 01:03:26,883 [ERROR] send_tensors → client-5 FAILED: ConnectionError: stream not acknowledged: IrohError: 
2026-09-29 01:03:26,884 [INFO] Round 18 — waiting for 9 updates…
2026-09-29 01:03:26,884 [INFO] recv 13933B via direct in 457ms
2026-09-29 01:03:26,886 [INFO] recv 13933B via direct in 457ms
2026-09-29 01:03:26,888 [INFO] recv 13933B via direct in 454ms
2026-09-29 01:03:26,890 [INFO] recv 13933B via direct in 196ms
2026-09-29 01:03:26,893 [INFO] recv 13933B via direct in 126ms
2026-09-29 01:03:26,895 [INFO] recv 13933B via direct in 58ms
2026-09-29 01:03:26,897 [INFO] recv 13933B via direct in 3ms
2026-09-29 01:03:26,899 [INFO] recv 13933B via direct in 22ms
2026-09-29 01:03:26,901 [WARNING] Round 18 — discarding update from unselected/duplicate peer 05397d8a374d9156
2026-09-29 01:03:26,902 [INFO] recv 13933B via direct in 1ms
2026-09-29 01:03:26,942 [INFO] send 13933B via direct in 58ms (1.92 Mbit/s) to 102c0b17ecd705fc
2026-09-29 01:03:26,988 [INFO] [client-0] Round 18 done — loss=1.0483 acc=0.4518  10.2s
2026-09-29 01:03:26,989 [INFO] [client-0] Round 19 — receiving model…
2026-09-29 01:03:26,991 [INFO] recv 13933B via direct in 36ms
2026-09-29 01:03:27,023 [INFO] Round 18/20  acc=0.4653  loss=1.0648  9.4s  clients=9
2026-09-29 01:03:27,025 [INFO] Round 19 — sending model to 10 clients…
2026-09-29 01:03:27,065 [INFO] send 13933B via direct in 31ms (3.64 Mbit/s) to c355ab9f5eb2ec5e
2026-09-29 01:03:27,067 [INFO] send 13933B via direct in 30ms (3.76 Mbit/s) to 57f9505d7c5df9f2
2026-09-29 01:03:27,069 [INFO] recv 13933B via direct in 25ms
2026-09-29 01:03:27,072 [INFO] [client-4] Round 19 — training locally…
2026-09-29 01:03:27,177 [INFO] [client-4] Round 19 — sending update…
2026-09-29 01:03:27,181 [INFO] recv 13933B via direct in 25ms
2026-09-29 01:03:27,184 [INFO] [client-5] Round 19 — training locally…
2026-09-29 01:03:27,300 [INFO] [client-5] Round 19 — sending update…
2026-09-29 01:03:27,303 [INFO] recv 13933B via direct in 24ms
2026-09-29 01:03:27,307 [INFO] [client-7] Round 19 — training locally…
2026-09-29 01:03:27,404 [INFO] [client-7] Round 19 — sending update…
2026-09-29 01:03:27,408 [INFO] recv 13933B via direct in 26ms
2026-09-29 01:03:27,412 [INFO] [client-3] Round 19 — training locally…
2026-09-29 01:03:27,522 [INFO] [client-3] Round 19 — sending update…
2026-09-29 01:03:27,524 [INFO] recv 13933B via direct in 26ms
2026-09-29 01:03:27,528 [INFO] [client-1] Round 19 — training locally…
2026-09-29 01:03:27,649 [INFO] [client-1] Round 19 — sending update…
2026-09-29 01:03:27,668 [INFO] send 13933B via direct in 626ms (0.18 Mbit/s) to 2e9a740f9adec44c
2026-09-29 01:03:27,669 [INFO] send 13933B via direct in 619ms (0.18 Mbit/s) to ec4b56ce57350de7
2026-09-29 01:03:27,671 [INFO] send 13933B via direct in 626ms (0.18 Mbit/s) to 05397d8a374d9156
2026-09-29 01:03:27,672 [INFO] send 13933B via direct in 623ms (0.18 Mbit/s) to 3c471a178ef57a5b
2026-09-29 01:03:27,673 [INFO] send 13933B via direct in 621ms (0.18 Mbit/s) to a36c5c3fa3bac708
2026-09-29 01:03:27,674 [INFO] recv 13933B via direct in 616ms
2026-09-29 01:03:27,677 [INFO] [client-6] Round 19 — training locally…
2026-09-29 01:03:27,836 [INFO] [client-6] Round 19 — sending update…
2026-09-29 01:03:27,841 [INFO] recv 13933B via direct in 616ms
2026-09-29 01:03:27,844 [INFO] [client-8] Round 19 — training locally…
2026-09-29 01:03:27,943 [INFO] [client-8] Round 19 — sending update…
2026-09-29 01:03:27,953 [INFO] send 13933B via direct in 542ms (0.21 Mbit/s) to 102c0b17ecd705fc
2026-09-29 01:03:27,979 [INFO] [client-7] Round 19 done — loss=1.0274 acc=0.4533  9.4s
2026-09-29 01:03:27,980 [INFO] [client-7] Round 20 — receiving model…
2026-09-29 01:03:27,983 [INFO] send 13933B via direct in 426ms (0.26 Mbit/s) to 102c0b17ecd705fc
2026-09-29 01:03:28,006 [INFO] [client-3] Round 19 done — loss=1.0390 acc=0.4554  8.5s
2026-09-29 01:03:28,007 [INFO] [client-3] Round 20 — receiving model…
2026-09-29 01:03:28,008 [INFO] send 13933B via direct in 769ms (0.15 Mbit/s) to 102c0b17ecd705fc
2026-09-29 01:03:28,023 [INFO] [client-4] Round 19 done — loss=1.0137 acc=0.4911  9.3s
2026-09-29 01:03:28,025 [INFO] [client-4] Round 20 — receiving model…
2026-09-29 01:03:28,026 [INFO] send 13933B via direct in 647ms (0.17 Mbit/s) to 102c0b17ecd705fc
2026-09-29 01:03:28,052 [INFO] [client-5] Round 19 done — loss=0.9661 acc=0.5556  8.1s
2026-09-29 01:03:28,053 [INFO] [client-5] Round 20 — receiving model…
2026-09-29 01:03:28,064 [INFO] send 13933B via direct in 403ms (0.28 Mbit/s) to 102c0b17ecd705fc
2026-09-29 01:03:28,082 [INFO] [client-1] Round 19 done — loss=1.0592 acc=0.4214  9.4s
2026-09-29 01:03:28,083 [INFO] [client-1] Round 20 — receiving model…
2026-09-29 01:03:28,085 [INFO] send 13933B via direct in 218ms (0.51 Mbit/s) to 102c0b17ecd705fc
2026-09-29 01:03:28,102 [INFO] [client-6] Round 19 done — loss=1.0143 acc=0.4865  8.1s
2026-09-29 01:03:28,103 [INFO] [client-6] Round 20 — receiving model…
2026-09-29 01:03:28,107 [INFO] send 13933B via direct in 1076ms (0.10 Mbit/s) to 8059e4f668f4ad97
2026-09-29 01:03:28,109 [INFO] send 13933B via direct in 1069ms (0.10 Mbit/s) to 31dd3e81df93f5b1
2026-09-29 01:03:28,111 [INFO] recv 13933B via direct in 51ms
2026-09-29 01:03:28,113 [INFO] [client-2] Round 19 — training locally…
2026-09-29 01:03:28,231 [INFO] [client-2] Round 19 — sending update…
2026-09-29 01:03:28,235 [INFO] recv 13933B via direct in 52ms
2026-09-29 01:03:28,239 [INFO] [client-9] Round 19 — training locally…
2026-09-29 01:03:28,334 [INFO] [client-9] Round 19 — sending update…
2026-09-29 01:03:28,338 [INFO] recv 13933B via direct in 52ms
2026-09-29 01:03:28,341 [INFO] [client-0] Round 19 — training locally…
2026-09-29 01:03:28,424 [INFO] [client-0] Round 19 — sending update…
2026-09-29 01:03:28,427 [ERROR] send_tensors → client-9 FAILED: ConnectionError: stream not acknowledged: IrohError: 
2026-09-29 01:03:28,428 [INFO] Round 19 — waiting for 9 updates…
2026-09-29 01:03:28,429 [INFO] recv 13933B via direct in 295ms
2026-09-29 01:03:28,432 [INFO] recv 13933B via direct in 296ms
2026-09-29 01:03:28,435 [INFO] recv 13933B via direct in 325ms
2026-09-29 01:03:28,437 [INFO] recv 13933B via direct in 325ms
2026-09-29 01:03:28,439 [INFO] recv 13933B via direct in 383ms
2026-09-29 01:03:28,442 [INFO] recv 13933B via direct in 154ms
2026-09-29 01:03:28,451 [INFO] send 13933B via direct in 216ms (0.52 Mbit/s) to 102c0b17ecd705fc
2026-09-29 01:03:28,469 [INFO] [client-2] Round 19 done — loss=0.9570 acc=0.5234  9.7s
2026-09-29 01:03:28,470 [INFO] [client-2] Round 20 — receiving model…
2026-09-29 01:03:28,473 [INFO] send 13933B via direct in 114ms (0.98 Mbit/s) to 102c0b17ecd705fc
2026-09-29 01:03:28,497 [INFO] [client-9] Round 19 done — loss=1.0091 acc=0.5253  9.8s
2026-09-29 01:03:28,498 [INFO] [client-9] Round 20 — receiving model…
2026-09-29 01:03:28,501 [INFO] send 13933B via direct in 46ms (2.40 Mbit/s) to 102c0b17ecd705fc
2026-09-29 01:03:28,515 [INFO] [client-0] Round 19 done — loss=1.0498 acc=0.4592  1.5s
2026-09-29 01:03:28,516 [INFO] [client-0] Round 20 — receiving model…
2026-09-29 01:03:28,517 [INFO] recv 13933B via direct in 73ms
2026-09-29 01:03:28,520 [INFO] recv 13933B via direct in 55ms
2026-09-29 01:03:28,522 [WARNING] Round 19 — discarding update from unselected/duplicate peer 044ff3176f0ab9a1
2026-09-29 01:03:28,523 [INFO] recv 13933B via direct in 52ms
2026-09-29 01:03:28,966 [INFO] send 13933B via direct in 1018ms (0.11 Mbit/s) to 102c0b17ecd705fc
2026-09-29 01:03:28,992 [INFO] [client-8] Round 19 done — loss=0.7578 acc=0.7133  10.0s
2026-09-29 01:03:28,993 [INFO] [client-8] Round 20 — receiving model…
2026-09-29 01:03:28,995 [INFO] recv 13933B via direct in 2ms
2026-09-29 01:03:29,022 [INFO] Round 19/20  acc=0.4698  loss=1.0599  2.0s  clients=9
2026-09-29 01:03:29,023 [INFO] Round 20 — sending model to 10 clients…
2026-09-29 01:03:29,056 [INFO] recv 13933B via direct in 14ms
2026-09-29 01:03:29,059 [INFO] [client-6] Round 20 — training locally…
2026-09-29 01:03:29,165 [INFO] [client-6] Round 20 — sending update…
2026-09-29 01:03:29,169 [INFO] send 13933B via direct in 17ms (6.43 Mbit/s) to 2e9a740f9adec44c
2026-09-29 01:03:29,171 [INFO] send 13933B via direct in 16ms (6.80 Mbit/s) to 57f9505d7c5df9f2
2026-09-29 01:03:29,172 [INFO] send 13933B via direct in 16ms (6.94 Mbit/s) to 31dd3e81df93f5b1
2026-09-29 01:03:29,174 [INFO] send 13933B via direct in 21ms (5.43 Mbit/s) to 05397d8a374d9156
2026-09-29 01:03:29,176 [INFO] recv 13933B via direct in 14ms
2026-09-29 01:03:29,180 [INFO] [client-4] Round 20 — training locally…
2026-09-29 01:03:29,302 [INFO] [client-4] Round 20 — sending update…
2026-09-29 01:03:29,305 [INFO] recv 13933B via direct in 15ms
2026-09-29 01:03:29,309 [INFO] [client-5] Round 20 — training locally…
2026-09-29 01:03:29,423 [INFO] [client-5] Round 20 — sending update…
2026-09-29 01:03:29,426 [INFO] recv 13933B via direct in 15ms
2026-09-29 01:03:29,430 [INFO] [client-1] Round 20 — training locally…
2026-09-29 01:03:29,534 [INFO] [client-1] Round 20 — sending update…
2026-09-29 01:03:29,537 [INFO] recv 13933B via direct in 118ms
2026-09-29 01:03:29,541 [INFO] [client-0] Round 20 — training locally…
2026-09-29 01:03:29,625 [INFO] [client-0] Round 20 — sending update…
2026-09-29 01:03:29,631 [INFO] send 13933B via direct in 150ms (0.75 Mbit/s) to a36c5c3fa3bac708
2026-09-29 01:03:29,633 [INFO] send 13933B via direct in 277ms (0.40 Mbit/s) to ec4b56ce57350de7
2026-09-29 01:03:29,639 [INFO] recv 13933B via direct in 586ms
2026-09-29 01:03:29,641 [INFO] [client-9] Round 20 — training locally…
2026-09-29 01:03:29,746 [INFO] [client-9] Round 20 — sending update…
2026-09-29 01:03:29,752 [INFO] send 13933B via direct in 596ms (0.19 Mbit/s) to 044ff3176f0ab9a1
2026-09-29 01:03:29,755 [INFO] recv 13933B via direct in 594ms
2026-09-29 01:03:29,759 [INFO] [client-8] Round 20 — training locally…
2026-09-29 01:03:29,881 [INFO] [client-8] Round 20 — sending update…
2026-09-29 01:03:29,892 [INFO] send 13933B via direct in 716ms (0.16 Mbit/s) to 102c0b17ecd705fc
2026-09-29 01:03:29,922 [INFO] [client-6] Round 20 done — loss=1.0142 acc=0.4910  1.8s
2026-09-29 01:03:29,924 [INFO] send 13933B via direct in 352ms (0.32 Mbit/s) to 102c0b17ecd705fc
2026-09-29 01:03:29,959 [INFO] [client-1] Round 20 done — loss=1.0588 acc=0.4186  1.9s
2026-09-29 01:03:29,961 [INFO] send 13933B via direct in 586ms (0.19 Mbit/s) to 102c0b17ecd705fc
2026-09-29 01:03:30,013 [INFO] [client-4] Round 20 done — loss=1.0094 acc=0.4959  2.0s
2026-09-29 01:03:30,014 [INFO] send 13933B via direct in 465ms (0.24 Mbit/s) to 102c0b17ecd705fc
2026-09-29 01:03:30,039 [INFO] [client-5] Round 20 done — loss=0.9719 acc=0.5553  2.0s
2026-09-29 01:03:30,043 [INFO] send 13933B via direct in 292ms (0.38 Mbit/s) to 102c0b17ecd705fc
2026-09-29 01:03:30,063 [INFO] [client-9] Round 20 done — loss=1.0119 acc=0.5263  1.6s
2026-09-29 01:03:30,073 [INFO] send 13933B via direct in 1043ms (0.11 Mbit/s) to 8059e4f668f4ad97
2026-09-29 01:03:30,075 [INFO] send 13933B via direct in 1041ms (0.11 Mbit/s) to 3c471a178ef57a5b
2026-09-29 01:03:30,077 [INFO] send 13933B via direct in 1039ms (0.11 Mbit/s) to c355ab9f5eb2ec5e
2026-09-29 01:03:30,078 [INFO] Round 20 — waiting for 10 updates…
2026-09-29 01:03:30,079 [INFO] recv 13933B via direct in 459ms
2026-09-29 01:03:30,081 [INFO] recv 13933B via direct in 257ms
2026-09-29 01:03:30,084 [INFO] recv 13933B via direct in 257ms
2026-09-29 01:03:30,085 [INFO] recv 13933B via direct in 326ms
2026-09-29 01:03:30,088 [INFO] recv 13933B via direct in 180ms
2026-09-29 01:03:30,091 [INFO] recv 13933B via direct in 32ms
2026-09-29 01:03:30,093 [INFO] [client-2] Round 20 — training locally…
2026-09-29 01:03:30,225 [INFO] [client-2] Round 20 — sending update…
2026-09-29 01:03:30,228 [INFO] recv 13933B via direct in 35ms
2026-09-29 01:03:30,231 [INFO] [client-7] Round 20 — training locally…
2026-09-29 01:03:30,335 [INFO] [client-7] Round 20 — sending update…
2026-09-29 01:03:30,339 [INFO] recv 13933B via direct in 47ms
2026-09-29 01:03:30,343 [INFO] [client-3] Round 20 — training locally…
2026-09-29 01:03:30,461 [INFO] [client-3] Round 20 — sending update…
2026-09-29 01:03:30,473 [INFO] send 13933B via direct in 135ms (0.83 Mbit/s) to 102c0b17ecd705fc
2026-09-29 01:03:30,489 [INFO] [client-7] Round 20 done — loss=1.0247 acc=0.4478  2.5s
2026-09-29 01:03:30,491 [INFO] recv 13933B via direct in 8ms
2026-09-29 01:03:30,494 [INFO] send 13933B via direct in 30ms (3.70 Mbit/s) to 102c0b17ecd705fc
2026-09-29 01:03:30,517 [INFO] [client-3] Round 20 done — loss=1.0405 acc=0.4495  2.5s
2026-09-29 01:03:30,519 [INFO] recv 13933B via direct in 21ms
2026-09-29 01:03:30,773 [INFO] recv 13933B via direct in 140ms
2026-09-29 01:03:30,778 [INFO] send 13933B via direct in 1151ms (0.10 Mbit/s) to 102c0b17ecd705fc
2026-09-29 01:03:30,824 [INFO] [client-0] Round 20 done — loss=1.0529 acc=0.4631  2.3s
2026-09-29 01:03:30,913 [INFO] send 13933B via direct in 1024ms (0.11 Mbit/s) to 102c0b17ecd705fc
2026-09-29 01:03:30,985 [INFO] [client-8] Round 20 done — loss=0.7610 acc=0.7102  2.0s
2026-09-29 01:03:30,986 [INFO] recv 13933B via direct in 18ms
2026-09-29 01:03:31,280 [INFO] send 13933B via direct in 1047ms (0.11 Mbit/s) to 102c0b17ecd705fc
2026-09-29 01:03:31,367 [INFO] [client-2] Round 20 done — loss=0.9494 acc=0.5371  2.9s
2026-09-29 01:03:31,369 [INFO] recv 13933B via direct in 33ms
2026-09-29 01:03:31,394 [INFO] Round 20/20  acc=0.4704  loss=1.0568  2.4s  clients=10
2026-09-29 01:03:31,499 [INFO] CoAP server [client-0] stopped
2026-09-29 01:03:31,606 [INFO] CoAP server [client-1] stopped
2026-09-29 01:03:31,718 [INFO] CoAP server [client-2] stopped
2026-09-29 01:03:31,827 [INFO] CoAP server [client-3] stopped
2026-09-29 01:03:31,941 [INFO] CoAP server [client-4] stopped
2026-09-29 01:03:32,052 [INFO] CoAP server [client-5] stopped
2026-09-29 01:03:32,160 [INFO] CoAP server [client-6] stopped
2026-09-29 01:03:32,264 [INFO] CoAP server [client-7] stopped
2026-09-29 01:03:32,369 [INFO] CoAP server [client-8] stopped
2026-09-29 01:03:32,473 [INFO] CoAP server [client-9] stopped
2026-09-29 01:03:32,581 [INFO] CoAP server [server] stopped
2026-09-29 01:03:32,600 [INFO] Exported 20 rows → results/e11/loss_10/e7_airmlp_geographic_round_events.csv
2026-09-29 01:04:14,247 [INFO] AirMLP airmlp_geographic done: {'node_id': 'server', 'architecture': 'B', 'scenario': 'e7_airmlp_geographic', 'rounds_total': 20, 'rounds_success': 20, 'test_acc_final': 0.4703734905925302, 'test_acc_max': 0.47570907048581856, 'duration_mean_sec': 7.882188832350584, 'pct_direct': 0.0, 'pct_relay': 0.0, 'bytes_to_aggregator': 2723955}  macro-F1=0.3767  bal-acc=0.4203
2026-09-29 01:04:14,291 [INFO] E11 loss_10: {"condition": "loss_10", "netem": "loss 10%", "fl_wall_s": 292.2, "rounds_ok": 20, "rounds": 20, "round_s_median": 3.861, "round_s_max": 79.185, "test_acc_final": 0.4703734905925302, "macro_f1": 0.3766806448418971, "balanced_accuracy": 0.4203329543399243, "xfer_100kB_ok": "10/10", "xfer_100kB_ms_median": 71.4, "xfer_1000kB_ok": "10/10", "xfer_1000kB_ms_median": 320.2, "xfer_10000kB_ok": "10/10", "xfer_10000kB_ms_median": 2790.8}
