2026-10-06 18:22:08,656 [INFO] Iroh node started: 6302ef5c115d06b7  addrs=['10.77.0.1:45385']
2026-10-06 18:22:09,287 [INFO] Iroh node started: 100446accba44649  addrs=['10.77.0.1:57799']
2026-10-06 18:22:11,454 [INFO] send 100000B via direct in 2160ms (0.37 Mbit/s) to 100446accba44649
2026-10-06 18:22:11,455 [INFO] recv 100000B via direct in 1879ms
2026-10-06 18:22:13,443 [INFO] send 100000B via direct in 1984ms (0.40 Mbit/s) to 100446accba44649
2026-10-06 18:22:13,448 [INFO] recv 100000B via direct in 1861ms
2026-10-06 18:22:15,450 [INFO] send 100000B via direct in 1993ms (0.40 Mbit/s) to 100446accba44649
2026-10-06 18:22:15,454 [INFO] recv 100000B via direct in 1820ms
2026-10-06 18:22:17,445 [INFO] send 100000B via direct in 1988ms (0.40 Mbit/s) to 100446accba44649
2026-10-06 18:22:17,450 [INFO] recv 100000B via direct in 1858ms
2026-10-06 18:22:19,454 [INFO] send 100000B via direct in 2001ms (0.40 Mbit/s) to 100446accba44649
2026-10-06 18:22:19,455 [INFO] recv 100000B via direct in 1865ms
2026-10-06 18:22:21,451 [INFO] send 100000B via direct in 1995ms (0.40 Mbit/s) to 100446accba44649
2026-10-06 18:22:21,452 [INFO] recv 100000B via direct in 1857ms
2026-10-06 18:22:23,452 [INFO] send 100000B via direct in 1998ms (0.40 Mbit/s) to 100446accba44649
2026-10-06 18:22:23,453 [INFO] recv 100000B via direct in 1857ms
2026-10-06 18:22:25,457 [INFO] send 100000B via direct in 1999ms (0.40 Mbit/s) to 100446accba44649
2026-10-06 18:22:25,459 [INFO] recv 100000B via direct in 1863ms
2026-10-06 18:22:27,487 [INFO] send 100000B via direct in 2025ms (0.40 Mbit/s) to 100446accba44649
2026-10-06 18:22:27,491 [INFO] recv 100000B via direct in 1872ms
2026-10-06 18:22:29,493 [INFO] send 100000B via direct in 1994ms (0.40 Mbit/s) to 100446accba44649
2026-10-06 18:22:29,496 [INFO] recv 100000B via direct in 1833ms
2026-10-06 18:22:48,651 [INFO] send 1000000B via direct in 16980ms (0.47 Mbit/s) to 100446accba44649
2026-10-06 18:22:48,657 [INFO] recv 1000000B via direct in 16716ms
2026-10-06 18:23:05,598 [INFO] send 1000000B via direct in 16934ms (0.47 Mbit/s) to 100446accba44649
2026-10-06 18:23:05,601 [INFO] recv 1000000B via direct in 16670ms
2026-10-06 18:23:24,584 [INFO] send 1000000B via direct in 16965ms (0.47 Mbit/s) to 100446accba44649
2026-10-06 18:23:24,589 [INFO] recv 1000000B via direct in 16734ms
2026-10-06 18:23:41,516 [INFO] send 1000000B via direct in 16922ms (0.47 Mbit/s) to 100446accba44649
2026-10-06 18:23:41,517 [INFO] recv 1000000B via direct in 16700ms
2026-10-06 18:24:00,555 [INFO] send 1000000B via direct in 16943ms (0.47 Mbit/s) to 100446accba44649
2026-10-06 18:24:00,557 [INFO] recv 1000000B via direct in 16727ms
2026-10-06 18:24:17,502 [INFO] send 1000000B via direct in 16939ms (0.47 Mbit/s) to 100446accba44649
2026-10-06 18:24:17,507 [INFO] recv 1000000B via direct in 16720ms
2026-10-06 18:24:36,681 [INFO] send 1000000B via direct in 16966ms (0.47 Mbit/s) to 100446accba44649
2026-10-06 18:24:36,683 [INFO] recv 1000000B via direct in 16687ms
2026-10-06 18:24:53,601 [INFO] send 1000000B via direct in 16914ms (0.47 Mbit/s) to 100446accba44649
2026-10-06 18:24:53,608 [INFO] recv 1000000B via direct in 16711ms
2026-10-06 18:25:12,701 [INFO] send 1000000B via direct in 16936ms (0.47 Mbit/s) to 100446accba44649
2026-10-06 18:25:12,703 [INFO] recv 1000000B via direct in 16713ms
2026-10-06 18:25:31,804 [INFO] send 1000000B via direct in 16967ms (0.47 Mbit/s) to 100446accba44649
2026-10-06 18:25:31,809 [INFO] recv 1000000B via direct in 16721ms
2026-10-06 18:28:29,407 [INFO] send 10000000B via direct in 167030ms (0.48 Mbit/s) to 100446accba44649
2026-10-06 18:28:29,412 [INFO] recv 10000000B via direct in 165723ms
2026-10-06 18:31:17,793 [INFO] send 10000000B via direct in 167314ms (0.48 Mbit/s) to 100446accba44649
2026-10-06 18:31:17,796 [INFO] recv 10000000B via direct in 165783ms
2026-10-06 18:34:04,911 [INFO] send 10000000B via direct in 167112ms (0.48 Mbit/s) to 100446accba44649
2026-10-06 18:34:04,915 [INFO] recv 10000000B via direct in 165791ms
2026-10-06 18:36:52,060 [INFO] send 10000000B via direct in 167131ms (0.48 Mbit/s) to 100446accba44649
2026-10-06 18:36:52,062 [INFO] recv 10000000B via direct in 165723ms
2026-10-06 18:39:39,229 [INFO] send 10000000B via direct in 167161ms (0.48 Mbit/s) to 100446accba44649
2026-10-06 18:39:39,231 [INFO] recv 10000000B via direct in 165773ms
2026-10-06 18:42:26,311 [INFO] send 10000000B via direct in 167066ms (0.48 Mbit/s) to 100446accba44649
2026-10-06 18:42:26,312 [INFO] recv 10000000B via direct in 165772ms
2026-10-06 18:45:13,504 [INFO] send 10000000B via direct in 167188ms (0.48 Mbit/s) to 100446accba44649
2026-10-06 18:45:13,506 [INFO] recv 10000000B via direct in 165815ms
2026-10-06 18:48:00,776 [INFO] send 10000000B via direct in 167265ms (0.48 Mbit/s) to 100446accba44649
2026-10-06 18:48:00,780 [INFO] recv 10000000B via direct in 165779ms
2026-10-06 18:50:47,905 [INFO] send 10000000B via direct in 167114ms (0.48 Mbit/s) to 100446accba44649
2026-10-06 18:50:47,907 [INFO] recv 10000000B via direct in 165745ms
2026-10-06 18:53:34,987 [INFO] send 10000000B via direct in 167070ms (0.48 Mbit/s) to 100446accba44649
2026-10-06 18:53:34,992 [INFO] recv 10000000B via direct in 165785ms
2026-10-06 18:53:45,012 [WARNING] Iroh shutdown timed out — abandoning endpoint
2026-10-06 18:53:55,054 [WARNING] Iroh shutdown timed out — abandoning endpoint
2026-10-06 18:55:18,134 [INFO] === E7 AirMLP + FedAvg — geographic ===
2026-10-06 18:55:19,150 [INFO] Air quality dataset loaded: 28514 train / 3561 test | 6 features | 3 classes
2026-10-06 18:55:19,159 [INFO] Geographic partition: 10 provinces  min=2305  max=2922  mean=2851
2026-10-06 18:55:19,356 [INFO] AirMLP class weights: [1.026976466178894, 1.0868686437606812, 0.904000997543335]
2026-10-06 18:55:20,103 [INFO] Iroh node started: 7630fea74f769389  addrs=['10.77.0.1:38358']
2026-10-06 18:55:21,457 [INFO] CoAP server [server] listening on 0.0.0.0:5783
2026-10-06 18:55:21,462 [INFO] FLServer server started (mock=False)
2026-10-06 18:55:22,248 [INFO] Iroh node started: a22d2b25c114f00f  addrs=['10.77.0.1:51112']
2026-10-06 18:55:22,283 [INFO] CoAP server [client-0] listening on 0.0.0.0:5784
2026-10-06 18:55:22,287 [INFO] FLClient client-0 started (mock=False)
2026-10-06 18:55:22,291 [INFO] Registered client client-0  iroh=a22d2b25c114f00f
2026-10-06 18:55:23,098 [INFO] Iroh node started: d1100b0600b021e1  addrs=['10.77.0.1:60957']
2026-10-06 18:55:23,145 [INFO] CoAP server [client-1] listening on 0.0.0.0:5785
2026-10-06 18:55:23,149 [INFO] FLClient client-1 started (mock=False)
2026-10-06 18:55:23,156 [INFO] Registered client client-1  iroh=d1100b0600b021e1
2026-10-06 18:55:23,941 [INFO] Iroh node started: 45d1e34209a4f904  addrs=['10.77.0.1:51322']
2026-10-06 18:55:23,965 [INFO] CoAP server [client-2] listening on 0.0.0.0:5786
2026-10-06 18:55:23,968 [INFO] FLClient client-2 started (mock=False)
2026-10-06 18:55:23,972 [INFO] Registered client client-2  iroh=45d1e34209a4f904
2026-10-06 18:55:24,751 [INFO] Iroh node started: e2f30bc43f541420  addrs=['10.77.0.1:55270']
2026-10-06 18:55:24,783 [INFO] CoAP server [client-3] listening on 0.0.0.0:5787
2026-10-06 18:55:24,785 [INFO] FLClient client-3 started (mock=False)
2026-10-06 18:55:24,787 [INFO] Registered client client-3  iroh=e2f30bc43f541420
2026-10-06 18:55:25,546 [INFO] Iroh node started: b41f334dbdd5600a  addrs=['10.77.0.1:45192']
2026-10-06 18:55:25,576 [INFO] CoAP server [client-4] listening on 0.0.0.0:5788
2026-10-06 18:55:25,581 [INFO] FLClient client-4 started (mock=False)
2026-10-06 18:55:25,584 [INFO] Registered client client-4  iroh=b41f334dbdd5600a
2026-10-06 18:55:26,341 [INFO] Iroh node started: a5f83728e013205a  addrs=['10.77.0.1:35076']
2026-10-06 18:55:26,369 [INFO] CoAP server [client-5] listening on 0.0.0.0:5789
2026-10-06 18:55:26,373 [INFO] FLClient client-5 started (mock=False)
2026-10-06 18:55:26,375 [INFO] Registered client client-5  iroh=a5f83728e013205a
2026-10-06 18:55:27,150 [INFO] Iroh node started: 9960f92e8ba1f09a  addrs=['10.77.0.1:46196']
2026-10-06 18:55:27,180 [INFO] CoAP server [client-6] listening on 0.0.0.0:5790
2026-10-06 18:55:27,183 [INFO] FLClient client-6 started (mock=False)
2026-10-06 18:55:27,187 [INFO] Registered client client-6  iroh=9960f92e8ba1f09a
2026-10-06 18:55:27,944 [INFO] Iroh node started: 5d1fb36b6be87214  addrs=['10.77.0.1:44117']
2026-10-06 18:55:27,984 [INFO] CoAP server [client-7] listening on 0.0.0.0:5791
2026-10-06 18:55:27,988 [INFO] FLClient client-7 started (mock=False)
2026-10-06 18:55:27,993 [INFO] Registered client client-7  iroh=5d1fb36b6be87214
2026-10-06 18:55:28,767 [INFO] Iroh node started: b1e2f50d9fc48eb4  addrs=['10.77.0.1:46025']
2026-10-06 18:55:28,796 [INFO] CoAP server [client-8] listening on 0.0.0.0:5792
2026-10-06 18:55:28,798 [INFO] FLClient client-8 started (mock=False)
2026-10-06 18:55:28,800 [INFO] Registered client client-8  iroh=b1e2f50d9fc48eb4
2026-10-06 18:55:29,468 [INFO] Iroh node started: d350b94907b3f148  addrs=['10.77.0.1:35047']
2026-10-06 18:55:29,489 [INFO] CoAP server [client-9] listening on 0.0.0.0:5793
2026-10-06 18:55:29,491 [INFO] FLClient client-9 started (mock=False)
2026-10-06 18:55:29,494 [INFO] Registered client client-9  iroh=d350b94907b3f148
2026-10-06 18:55:29,500 [INFO] Round 1 — sending model to 10 clients…
2026-10-06 18:55:29,503 [INFO] [client-0] Round 1 — receiving model…
2026-10-06 18:55:29,506 [INFO] [client-1] Round 1 — receiving model…
2026-10-06 18:55:29,509 [INFO] [client-2] Round 1 — receiving model…
2026-10-06 18:55:29,512 [INFO] [client-3] Round 1 — receiving model…
2026-10-06 18:55:29,516 [INFO] [client-4] Round 1 — receiving model…
2026-10-06 18:55:29,518 [INFO] [client-5] Round 1 — receiving model…
2026-10-06 18:55:29,521 [INFO] [client-6] Round 1 — receiving model…
2026-10-06 18:55:29,524 [INFO] [client-7] Round 1 — receiving model…
2026-10-06 18:55:29,527 [INFO] [client-8] Round 1 — receiving model…
2026-10-06 18:55:29,530 [INFO] [client-9] Round 1 — receiving model…
2026-10-06 18:55:33,507 [INFO] recv 13933B via direct in 3173ms
2026-10-06 18:55:33,558 [INFO] [client-6] Round 1 — training locally…
2026-10-06 18:56:44,516 [INFO] [client-6] Round 1 — sending update…
2026-10-06 18:56:44,527 [INFO] send 13933B via direct in 74716ms (0.00 Mbit/s) to 9960f92e8ba1f09a
2026-10-06 18:56:44,528 [INFO] send 13933B via direct in 74714ms (0.00 Mbit/s) to d1100b0600b021e1
2026-10-06 18:56:44,529 [INFO] send 13933B via direct in 74713ms (0.00 Mbit/s) to d350b94907b3f148
2026-10-06 18:56:44,530 [INFO] send 13933B via direct in 74710ms (0.00 Mbit/s) to 45d1e34209a4f904
2026-10-06 18:56:44,531 [INFO] send 13933B via direct in 74709ms (0.00 Mbit/s) to e2f30bc43f541420
2026-10-06 18:56:44,532 [INFO] send 13933B via direct in 74709ms (0.00 Mbit/s) to 5d1fb36b6be87214
2026-10-06 18:56:44,534 [INFO] send 13933B via direct in 74708ms (0.00 Mbit/s) to b41f334dbdd5600a
2026-10-06 18:56:44,535 [INFO] send 13933B via direct in 74708ms (0.00 Mbit/s) to a22d2b25c114f00f
2026-10-06 18:56:44,536 [INFO] send 13933B via direct in 74707ms (0.00 Mbit/s) to a5f83728e013205a
2026-10-06 18:56:44,538 [INFO] send 13933B via direct in 74711ms (0.00 Mbit/s) to b1e2f50d9fc48eb4
2026-10-06 18:56:44,539 [INFO] recv 13933B via direct in 73987ms
2026-10-06 18:56:44,541 [INFO] [client-1] Round 1 — training locally…
2026-10-06 18:56:44,649 [INFO] [client-1] Round 1 — sending update…
2026-10-06 18:56:44,651 [INFO] recv 13933B via direct in 73783ms
2026-10-06 18:56:44,653 [INFO] [client-9] Round 1 — training locally…
2026-10-06 18:56:44,743 [INFO] [client-9] Round 1 — sending update…
2026-10-06 18:56:44,745 [INFO] recv 13933B via direct in 73581ms
2026-10-06 18:56:44,747 [INFO] [client-8] Round 1 — training locally…
2026-10-06 18:56:44,839 [INFO] [client-8] Round 1 — sending update…
2026-10-06 18:56:44,842 [INFO] recv 13933B via direct in 73400ms
2026-10-06 18:56:44,846 [INFO] [client-2] Round 1 — training locally…
2026-10-06 18:56:44,953 [INFO] [client-2] Round 1 — sending update…
2026-10-06 18:56:44,957 [INFO] recv 13933B via direct in 73196ms
2026-10-06 18:56:44,959 [INFO] [client-3] Round 1 — training locally…
2026-10-06 18:56:45,057 [INFO] [client-3] Round 1 — sending update…
2026-10-06 18:56:45,059 [INFO] recv 13933B via direct in 73011ms
2026-10-06 18:56:45,061 [INFO] [client-7] Round 1 — training locally…
2026-10-06 18:56:45,159 [INFO] [client-7] Round 1 — sending update…
2026-10-06 18:56:45,161 [INFO] recv 13933B via direct in 72828ms
2026-10-06 18:56:45,164 [INFO] [client-4] Round 1 — training locally…
2026-10-06 18:56:45,253 [INFO] [client-4] Round 1 — sending update…
2026-10-06 18:56:45,256 [INFO] recv 13933B via direct in 72644ms
2026-10-06 18:56:45,260 [INFO] [client-0] Round 1 — training locally…
2026-10-06 18:56:45,329 [INFO] [client-0] Round 1 — sending update…
2026-10-06 18:56:45,331 [INFO] recv 13933B via direct in 72463ms
2026-10-06 18:56:45,334 [INFO] [client-5] Round 1 — training locally…
2026-10-06 18:56:45,425 [INFO] [client-5] Round 1 — sending update…
2026-10-06 18:56:45,428 [INFO] Round 1 — waiting for 10 updates…
2026-10-06 18:56:47,682 [INFO] recv 13933B via direct in 2250ms
2026-10-06 18:56:47,987 [INFO] recv 13933B via direct in 2552ms
2026-10-06 18:56:48,280 [INFO] recv 13933B via direct in 2846ms
2026-10-06 18:56:48,707 [INFO] recv 13933B via direct in 3273ms
2026-10-06 18:56:48,794 [INFO] recv 13933B via direct in 3361ms
2026-10-06 18:56:48,836 [INFO] send 13933B via direct in 4089ms (0.03 Mbit/s) to 7630fea74f769389
2026-10-06 18:56:48,890 [INFO] [client-9] Round 1 done — loss=1.0602 acc=0.4484  79.4s
2026-10-06 18:56:48,891 [INFO] [client-9] Round 2 — receiving model…
2026-10-06 18:56:48,894 [INFO] recv 13933B via direct in 3235ms
2026-10-06 18:56:48,957 [INFO] send 13933B via direct in 4437ms (0.03 Mbit/s) to 7630fea74f769389
2026-10-06 18:56:49,036 [INFO] [client-6] Round 1 done — loss=1.0490 acc=0.4427  79.5s
2026-10-06 18:56:49,037 [INFO] [client-6] Round 2 — receiving model…
2026-10-06 18:56:49,040 [INFO] send 13933B via direct in 4389ms (0.03 Mbit/s) to 7630fea74f769389
2026-10-06 18:56:49,054 [INFO] [client-1] Round 1 done — loss=1.0760 acc=0.3870  79.5s
2026-10-06 18:56:49,055 [INFO] [client-1] Round 2 — receiving model…
2026-10-06 18:56:49,114 [INFO] recv 13933B via direct in 2175ms
2026-10-06 18:56:49,239 [INFO] send 13933B via direct in 4397ms (0.03 Mbit/s) to 7630fea74f769389
2026-10-06 18:56:49,273 [INFO] [client-8] Round 1 done — loss=0.8128 acc=0.6868  79.7s
2026-10-06 18:56:49,275 [INFO] [client-8] Round 2 — receiving model…
2026-10-06 18:56:49,331 [INFO] send 13933B via direct in 4373ms (0.03 Mbit/s) to 7630fea74f769389
2026-10-06 18:56:49,425 [INFO] [client-2] Round 1 done — loss=1.0358 acc=0.4475  79.9s
2026-10-06 18:56:49,426 [INFO] [client-2] Round 2 — receiving model…
2026-10-06 18:56:49,454 [INFO] send 13933B via direct in 4394ms (0.03 Mbit/s) to 7630fea74f769389
2026-10-06 18:56:49,488 [INFO] [client-3] Round 1 done — loss=1.0597 acc=0.4550  80.0s
2026-10-06 18:56:49,489 [INFO] [client-3] Round 2 — receiving model…
2026-10-06 18:56:49,491 [INFO] recv 13933B via direct in 1746ms
2026-10-06 18:56:49,543 [INFO] recv 13933B via direct in 1515ms
2026-10-06 18:56:49,584 [INFO] send 13933B via direct in 4422ms (0.03 Mbit/s) to 7630fea74f769389
2026-10-06 18:56:49,667 [INFO] [client-7] Round 1 done — loss=1.0496 acc=0.4299  80.1s
2026-10-06 18:56:49,668 [INFO] [client-7] Round 2 — receiving model…
2026-10-06 18:56:49,701 [INFO] recv 13933B via direct in 1332ms
2026-10-06 18:56:49,756 [INFO] Round 1/20  acc=0.3095  loss=1.1099  80.3s  clients=10
2026-10-06 18:56:49,757 [INFO] Round 2 — sending model to 10 clients…
2026-10-06 18:56:49,772 [INFO] send 13933B via direct in 4516ms (0.02 Mbit/s) to 7630fea74f769389
2026-10-06 18:56:49,792 [INFO] [client-4] Round 1 done — loss=1.0261 acc=0.4955  80.3s
2026-10-06 18:56:49,793 [INFO] [client-4] Round 2 — receiving model…
2026-10-06 18:56:49,798 [INFO] send 13933B via direct in 4468ms (0.03 Mbit/s) to 7630fea74f769389
2026-10-06 18:56:49,817 [INFO] [client-0] Round 1 done — loss=1.0698 acc=0.4527  80.3s
2026-10-06 18:56:49,819 [INFO] [client-0] Round 2 — receiving model…
2026-10-06 18:56:49,861 [INFO] send 13933B via direct in 4432ms (0.03 Mbit/s) to 7630fea74f769389
2026-10-06 18:56:49,948 [INFO] [client-5] Round 1 done — loss=1.0566 acc=0.4512  80.4s
2026-10-06 18:56:49,950 [INFO] [client-5] Round 2 — receiving model…
2026-10-06 18:56:53,420 [INFO] recv 13933B via direct in 3075ms
2026-10-06 18:56:53,441 [INFO] [client-1] Round 2 — training locally…
2026-10-06 18:56:53,575 [INFO] [client-1] Round 2 — sending update…
2026-10-06 18:56:53,579 [INFO] recv 13933B via direct in 3054ms
2026-10-06 18:56:53,581 [INFO] [client-0] Round 2 — training locally…
2026-10-06 18:56:53,651 [INFO] [client-0] Round 2 — sending update…
2026-10-06 18:56:53,656 [INFO] recv 13933B via direct in 2928ms
2026-10-06 18:56:53,658 [INFO] [client-9] Round 2 — training locally…
2026-10-06 18:56:53,744 [INFO] [client-9] Round 2 — sending update…
2026-10-06 18:56:53,747 [INFO] recv 13933B via direct in 2837ms
2026-10-06 18:56:53,750 [INFO] [client-8] Round 2 — training locally…
2026-10-06 18:56:53,848 [INFO] [client-8] Round 2 — sending update…
2026-10-06 18:56:53,852 [INFO] recv 13933B via direct in 2762ms
2026-10-06 18:56:53,855 [INFO] [client-4] Round 2 — training locally…
2026-10-06 18:56:53,949 [INFO] [client-4] Round 2 — sending update…
2026-10-06 18:56:53,965 [INFO] recv 13933B via direct in 2693ms
2026-10-06 18:56:53,967 [INFO] [client-2] Round 2 — training locally…
2026-10-06 18:56:54,072 [INFO] [client-2] Round 2 — sending update…
2026-10-06 18:56:54,076 [INFO] recv 13933B via direct in 2625ms
2026-10-06 18:56:54,079 [INFO] [client-3] Round 2 — training locally…
2026-10-06 18:56:54,199 [INFO] [client-3] Round 2 — sending update…
2026-10-06 18:56:54,203 [INFO] recv 13933B via direct in 2568ms
2026-10-06 18:56:54,206 [INFO] [client-7] Round 2 — training locally…
2026-10-06 18:56:54,331 [INFO] [client-7] Round 2 — sending update…
2026-10-06 18:56:54,335 [INFO] recv 13933B via direct in 2520ms
2026-10-06 18:56:54,339 [INFO] [client-5] Round 2 — training locally…
2026-10-06 18:56:54,427 [INFO] [client-5] Round 2 — sending update…
2026-10-06 18:56:54,431 [INFO] send 13933B via direct in 4670ms (0.02 Mbit/s) to d1100b0600b021e1
2026-10-06 18:56:54,432 [INFO] recv 13933B via direct in 2434ms
2026-10-06 18:56:54,434 [INFO] [client-6] Round 2 — training locally…
2026-10-06 18:56:54,530 [INFO] [client-6] Round 2 — sending update…
2026-10-06 18:56:54,533 [INFO] send 13933B via direct in 4772ms (0.02 Mbit/s) to a22d2b25c114f00f
2026-10-06 18:56:54,535 [INFO] send 13933B via direct in 4771ms (0.02 Mbit/s) to d350b94907b3f148
2026-10-06 18:56:54,549 [INFO] send 13933B via direct in 4786ms (0.02 Mbit/s) to b1e2f50d9fc48eb4
2026-10-06 18:56:54,606 [INFO] send 13933B via direct in 4842ms (0.02 Mbit/s) to b41f334dbdd5600a
2026-10-06 18:56:54,683 [INFO] send 13933B via direct in 4917ms (0.02 Mbit/s) to 45d1e34209a4f904
2026-10-06 18:56:54,718 [INFO] send 13933B via direct in 4951ms (0.02 Mbit/s) to e2f30bc43f541420
2026-10-06 18:56:54,775 [INFO] send 13933B via direct in 5005ms (0.02 Mbit/s) to 5d1fb36b6be87214
2026-10-06 18:56:54,821 [INFO] send 13933B via direct in 5051ms (0.02 Mbit/s) to a5f83728e013205a
2026-10-06 18:56:54,874 [INFO] send 13933B via direct in 5103ms (0.02 Mbit/s) to 9960f92e8ba1f09a
2026-10-06 18:56:54,881 [INFO] Round 2 — waiting for 10 updates…
2026-10-06 18:56:58,897 [INFO] recv 13933B via direct in 3390ms
2026-10-06 18:56:59,092 [INFO] recv 13933B via direct in 3358ms
2026-10-06 18:56:59,202 [INFO] recv 13933B via direct in 3226ms
2026-10-06 18:56:59,305 [INFO] recv 13933B via direct in 3146ms
2026-10-06 18:56:59,416 [INFO] recv 13933B via direct in 3036ms
2026-10-06 18:56:59,524 [INFO] recv 13933B via direct in 2954ms
2026-10-06 18:56:59,635 [INFO] recv 13933B via direct in 2880ms
2026-10-06 18:56:59,809 [INFO] recv 13933B via direct in 2831ms
2026-10-06 18:56:59,892 [INFO] recv 13933B via direct in 2732ms
2026-10-06 18:56:59,964 [INFO] send 13933B via direct in 6385ms (0.02 Mbit/s) to 7630fea74f769389
2026-10-06 18:57:00,053 [INFO] [client-1] Round 2 done — loss=1.0697 acc=0.4131  11.0s
2026-10-06 18:57:00,055 [INFO] [client-1] Round 3 — receiving model…
2026-10-06 18:57:00,058 [INFO] send 13933B via direct in 6402ms (0.02 Mbit/s) to 7630fea74f769389
2026-10-06 18:57:00,081 [INFO] [client-0] Round 2 done — loss=1.0651 acc=0.4484  10.3s
2026-10-06 18:57:00,082 [INFO] [client-0] Round 3 — receiving model…
2026-10-06 18:57:00,083 [INFO] recv 13933B via direct in 2427ms
2026-10-06 18:57:00,113 [INFO] Round 2/20  acc=0.4078  loss=1.0822  10.4s  clients=10
2026-10-06 18:57:00,114 [INFO] Round 3 — sending model to 10 clients…
2026-10-06 18:57:00,127 [INFO] send 13933B via direct in 6379ms (0.02 Mbit/s) to 7630fea74f769389
2026-10-06 18:57:00,144 [INFO] [client-9] Round 2 done — loss=1.0207 acc=0.5140  11.3s
2026-10-06 18:57:00,145 [INFO] [client-9] Round 3 — receiving model…
2026-10-06 18:57:00,146 [INFO] send 13933B via direct in 6275ms (0.02 Mbit/s) to 7630fea74f769389
2026-10-06 18:57:00,171 [INFO] [client-8] Round 2 done — loss=0.7762 acc=0.7253  10.9s
2026-10-06 18:57:00,172 [INFO] [client-8] Round 3 — receiving model…
2026-10-06 18:57:00,173 [INFO] send 13933B via direct in 6222ms (0.02 Mbit/s) to 7630fea74f769389
2026-10-06 18:57:00,191 [INFO] [client-4] Round 2 done — loss=1.0280 acc=0.4739  10.4s
2026-10-06 18:57:00,192 [INFO] [client-4] Round 3 — receiving model…
2026-10-06 18:57:00,194 [INFO] send 13933B via direct in 6119ms (0.02 Mbit/s) to 7630fea74f769389
2026-10-06 18:57:00,209 [INFO] [client-2] Round 2 done — loss=1.0179 acc=0.4598  10.8s
2026-10-06 18:57:00,211 [INFO] [client-2] Round 3 — receiving model…
2026-10-06 18:57:00,226 [INFO] send 13933B via direct in 6024ms (0.02 Mbit/s) to 7630fea74f769389
2026-10-06 18:57:00,244 [INFO] [client-3] Round 2 done — loss=1.0543 acc=0.4420  10.8s
2026-10-06 18:57:00,245 [INFO] [client-3] Round 3 — receiving model…
2026-10-06 18:57:00,284 [INFO] send 13933B via direct in 5950ms (0.02 Mbit/s) to 7630fea74f769389
2026-10-06 18:57:00,355 [INFO] [client-7] Round 2 done — loss=1.0372 acc=0.4392  10.7s
2026-10-06 18:57:00,356 [INFO] [client-7] Round 3 — receiving model…
2026-10-06 18:57:00,357 [INFO] send 13933B via direct in 5929ms (0.02 Mbit/s) to 7630fea74f769389
2026-10-06 18:57:00,374 [INFO] [client-5] Round 2 done — loss=1.0148 acc=0.5185  10.4s
2026-10-06 18:57:00,375 [INFO] [client-5] Round 3 — receiving model…
2026-10-06 18:57:00,376 [INFO] send 13933B via direct in 5844ms (0.02 Mbit/s) to 7630fea74f769389
2026-10-06 18:57:00,390 [INFO] [client-6] Round 2 done — loss=1.0317 acc=0.4701  11.4s
2026-10-06 18:57:00,391 [INFO] [client-6] Round 3 — receiving model…
2026-10-06 18:57:04,050 [INFO] recv 13933B via direct in 3096ms
2026-10-06 18:57:04,073 [INFO] [client-5] Round 3 — training locally…
2026-10-06 18:57:04,262 [INFO] [client-5] Round 3 — sending update…
2026-10-06 18:57:04,269 [INFO] recv 13933B via direct in 3137ms
2026-10-06 18:57:04,272 [INFO] [client-4] Round 3 — training locally…
2026-10-06 18:57:04,423 [INFO] [client-4] Round 3 — sending update…
2026-10-06 18:57:04,426 [INFO] recv 13933B via direct in 2958ms
2026-10-06 18:57:04,432 [INFO] [client-2] Round 3 — training locally…
2026-10-06 18:57:04,572 [INFO] [client-2] Round 3 — sending update…
2026-10-06 18:57:04,577 [INFO] recv 13933B via direct in 3084ms
2026-10-06 18:57:04,581 [INFO] [client-1] Round 3 — training locally…
2026-10-06 18:57:04,716 [INFO] [client-1] Round 3 — sending update…
2026-10-06 18:57:04,720 [INFO] recv 13933B via direct in 2900ms
2026-10-06 18:57:04,723 [INFO] [client-3] Round 3 — training locally…
2026-10-06 18:57:04,851 [INFO] [client-3] Round 3 — sending update…
2026-10-06 18:57:04,855 [INFO] recv 13933B via direct in 2997ms
2026-10-06 18:57:04,858 [INFO] [client-7] Round 3 — training locally…
2026-10-06 18:57:04,976 [INFO] [client-7] Round 3 — sending update…
2026-10-06 18:57:04,979 [INFO] recv 13933B via direct in 2816ms
2026-10-06 18:57:04,982 [INFO] [client-8] Round 3 — training locally…
2026-10-06 18:57:05,068 [INFO] [client-8] Round 3 — sending update…
2026-10-06 18:57:05,074 [INFO] recv 13933B via direct in 2636ms
2026-10-06 18:57:05,078 [INFO] [client-6] Round 3 — training locally…
2026-10-06 18:57:05,190 [INFO] [client-6] Round 3 — sending update…
2026-10-06 18:57:05,197 [INFO] send 13933B via direct in 5079ms (0.02 Mbit/s) to a5f83728e013205a
2026-10-06 18:57:05,200 [INFO] send 13933B via direct in 5078ms (0.02 Mbit/s) to b41f334dbdd5600a
2026-10-06 18:57:05,201 [INFO] send 13933B via direct in 5077ms (0.02 Mbit/s) to 45d1e34209a4f904
2026-10-06 18:57:05,202 [INFO] recv 13933B via direct in 2794ms
2026-10-06 18:57:05,204 [INFO] [client-0] Round 3 — training locally…
2026-10-06 18:57:05,298 [INFO] [client-0] Round 3 — sending update…
2026-10-06 18:57:05,300 [INFO] recv 13933B via direct in 2617ms
2026-10-06 18:57:05,304 [INFO] [client-9] Round 3 — training locally…
2026-10-06 18:57:05,416 [INFO] [client-9] Round 3 — sending update…
2026-10-06 18:57:05,419 [INFO] send 13933B via direct in 5076ms (0.02 Mbit/s) to d1100b0600b021e1
2026-10-06 18:57:05,423 [INFO] send 13933B via direct in 5301ms (0.02 Mbit/s) to e2f30bc43f541420
2026-10-06 18:57:05,424 [INFO] send 13933B via direct in 5300ms (0.02 Mbit/s) to 5d1fb36b6be87214
2026-10-06 18:57:05,426 [INFO] send 13933B via direct in 5300ms (0.02 Mbit/s) to b1e2f50d9fc48eb4
2026-10-06 18:57:05,427 [INFO] send 13933B via direct in 5299ms (0.02 Mbit/s) to 9960f92e8ba1f09a
2026-10-06 18:57:05,450 [INFO] send 13933B via direct in 5326ms (0.02 Mbit/s) to a22d2b25c114f00f
2026-10-06 18:57:05,500 [INFO] send 13933B via direct in 5374ms (0.02 Mbit/s) to d350b94907b3f148
2026-10-06 18:57:05,505 [INFO] Round 3 — waiting for 10 updates…
2026-10-06 18:57:09,219 [INFO] recv 13933B via direct in 3074ms
2026-10-06 18:57:09,605 [INFO] recv 13933B via direct in 3253ms
2026-10-06 18:57:09,842 [INFO] recv 13933B via direct in 3239ms
2026-10-06 18:57:09,970 [INFO] recv 13933B via direct in 3138ms
2026-10-06 18:57:10,120 [INFO] recv 13933B via direct in 3018ms
2026-10-06 18:57:10,229 [INFO] recv 13933B via direct in 2925ms
2026-10-06 18:57:10,370 [INFO] recv 13933B via direct in 2889ms
2026-10-06 18:57:10,404 [INFO] send 13933B via direct in 6138ms (0.02 Mbit/s) to 7630fea74f769389
2026-10-06 18:57:10,489 [INFO] [client-5] Round 3 done — loss=0.9965 acc=0.5405  10.1s
2026-10-06 18:57:10,490 [INFO] [client-5] Round 4 — receiving model…
2026-10-06 18:57:10,620 [INFO] recv 13933B via direct in 2743ms
2026-10-06 18:57:10,633 [INFO] send 13933B via direct in 6207ms (0.02 Mbit/s) to 7630fea74f769389
2026-10-06 18:57:10,696 [INFO] [client-4] Round 3 done — loss=1.0231 acc=0.4890  10.5s
2026-10-06 18:57:10,697 [INFO] [client-4] Round 4 — receiving model…
2026-10-06 18:57:10,782 [INFO] recv 13933B via direct in 2473ms
2026-10-06 18:57:10,807 [INFO] send 13933B via direct in 6229ms (0.02 Mbit/s) to 7630fea74f769389
2026-10-06 18:57:10,891 [INFO] [client-2] Round 3 done — loss=0.9951 acc=0.4918  10.7s
2026-10-06 18:57:10,893 [INFO] [client-2] Round 4 — receiving model…
2026-10-06 18:57:10,895 [INFO] send 13933B via direct in 6176ms (0.02 Mbit/s) to 7630fea74f769389
2026-10-06 18:57:10,920 [INFO] [client-1] Round 3 done — loss=1.0632 acc=0.4155  10.9s
2026-10-06 18:57:10,921 [INFO] [client-1] Round 4 — receiving model…
2026-10-06 18:57:10,923 [INFO] send 13933B via direct in 6070ms (0.02 Mbit/s) to 7630fea74f769389
2026-10-06 18:57:10,943 [INFO] [client-3] Round 3 done — loss=1.0488 acc=0.4478  10.7s
2026-10-06 18:57:10,944 [INFO] [client-3] Round 4 — receiving model…
2026-10-06 18:57:10,945 [INFO] recv 13933B via direct in 2210ms
2026-10-06 18:57:10,970 [INFO] Round 3/20  acc=0.4375  loss=1.0734  10.9s  clients=10
2026-10-06 18:57:10,971 [INFO] Round 4 — sending model to 10 clients…
2026-10-06 18:57:10,982 [INFO] send 13933B via direct in 6003ms (0.02 Mbit/s) to 7630fea74f769389
2026-10-06 18:57:11,001 [INFO] [client-7] Round 3 done — loss=1.0372 acc=0.4485  10.6s
2026-10-06 18:57:11,002 [INFO] [client-7] Round 4 — receiving model…
2026-10-06 18:57:11,003 [INFO] send 13933B via direct in 5909ms (0.02 Mbit/s) to 7630fea74f769389
2026-10-06 18:57:11,020 [INFO] [client-8] Round 3 done — loss=0.7743 acc=0.7163  10.8s
2026-10-06 18:57:11,021 [INFO] [client-8] Round 4 — receiving model…
2026-10-06 18:57:11,059 [INFO] send 13933B via direct in 5866ms (0.02 Mbit/s) to 7630fea74f769389
2026-10-06 18:57:11,112 [INFO] [client-6] Round 3 done — loss=1.0244 acc=0.4826  10.7s
2026-10-06 18:57:11,113 [INFO] [client-6] Round 4 — receiving model…
2026-10-06 18:57:11,115 [INFO] send 13933B via direct in 5815ms (0.02 Mbit/s) to 7630fea74f769389
2026-10-06 18:57:11,129 [INFO] [client-0] Round 3 done — loss=1.0592 acc=0.4466  11.0s
2026-10-06 18:57:11,130 [INFO] [client-0] Round 4 — receiving model…
2026-10-06 18:57:11,145 [INFO] send 13933B via direct in 5726ms (0.02 Mbit/s) to 7630fea74f769389
2026-10-06 18:57:11,167 [INFO] [client-9] Round 3 done — loss=1.0217 acc=0.5123  11.0s
2026-10-06 18:57:11,168 [INFO] [client-9] Round 4 — receiving model…
2026-10-06 18:57:14,861 [INFO] recv 13933B via direct in 3167ms
2026-10-06 18:57:14,875 [INFO] [client-1] Round 4 — training locally…
2026-10-06 18:57:15,096 [INFO] [client-1] Round 4 — sending update…
2026-10-06 18:57:15,100 [INFO] recv 13933B via direct in 3208ms
2026-10-06 18:57:15,103 [INFO] [client-4] Round 4 — training locally…
2026-10-06 18:57:15,191 [INFO] [client-4] Round 4 — sending update…
2026-10-06 18:57:15,195 [INFO] recv 13933B via direct in 3025ms
2026-10-06 18:57:15,198 [INFO] [client-7] Round 4 — training locally…
2026-10-06 18:57:15,294 [INFO] [client-7] Round 4 — sending update…
2026-10-06 18:57:15,298 [INFO] recv 13933B via direct in 3021ms
2026-10-06 18:57:15,301 [INFO] [client-8] Round 4 — training locally…
2026-10-06 18:57:15,412 [INFO] [client-8] Round 4 — sending update…
2026-10-06 18:57:15,415 [INFO] recv 13933B via direct in 2838ms
2026-10-06 18:57:15,419 [INFO] [client-0] Round 4 — training locally…
2026-10-06 18:57:15,524 [INFO] [client-0] Round 4 — sending update…
2026-10-06 18:57:15,528 [INFO] recv 13933B via direct in 2887ms
2026-10-06 18:57:15,530 [INFO] [client-5] Round 4 — training locally…
2026-10-06 18:57:15,633 [INFO] [client-5] Round 4 — sending update…
2026-10-06 18:57:15,636 [INFO] recv 13933B via direct in 2687ms
2026-10-06 18:57:15,639 [INFO] [client-6] Round 4 — training locally…
2026-10-06 18:57:15,725 [INFO] [client-6] Round 4 — sending update…
2026-10-06 18:57:15,738 [INFO] recv 13933B via direct in 2716ms
2026-10-06 18:57:15,741 [INFO] [client-9] Round 4 — training locally…
2026-10-06 18:57:15,822 [INFO] [client-9] Round 4 — sending update…
2026-10-06 18:57:15,826 [INFO] recv 13933B via direct in 2621ms
2026-10-06 18:57:15,829 [INFO] [client-2] Round 4 — training locally…
2026-10-06 18:57:15,916 [INFO] [client-2] Round 4 — sending update…
2026-10-06 18:57:15,921 [INFO] send 13933B via direct in 4947ms (0.02 Mbit/s) to d1100b0600b021e1
2026-10-06 18:57:15,923 [INFO] send 13933B via direct in 4946ms (0.02 Mbit/s) to b41f334dbdd5600a
2026-10-06 18:57:15,924 [INFO] recv 13933B via direct in 2532ms
2026-10-06 18:57:15,927 [INFO] [client-3] Round 4 — training locally…
2026-10-06 18:57:16,020 [INFO] [client-3] Round 4 — sending update…
2026-10-06 18:57:16,024 [INFO] send 13933B via direct in 5048ms (0.02 Mbit/s) to 5d1fb36b6be87214
2026-10-06 18:57:16,026 [INFO] send 13933B via direct in 5048ms (0.02 Mbit/s) to b1e2f50d9fc48eb4
2026-10-06 18:57:16,029 [INFO] send 13933B via direct in 5052ms (0.02 Mbit/s) to a22d2b25c114f00f
2026-10-06 18:57:16,134 [INFO] send 13933B via direct in 5155ms (0.02 Mbit/s) to a5f83728e013205a
2026-10-06 18:57:16,162 [INFO] send 13933B via direct in 5182ms (0.02 Mbit/s) to 9960f92e8ba1f09a
2026-10-06 18:57:16,288 [INFO] send 13933B via direct in 5305ms (0.02 Mbit/s) to d350b94907b3f148
2026-10-06 18:57:16,340 [INFO] send 13933B via direct in 5354ms (0.02 Mbit/s) to 45d1e34209a4f904
2026-10-06 18:57:16,346 [INFO] send 13933B via direct in 5356ms (0.02 Mbit/s) to e2f30bc43f541420
2026-10-06 18:57:16,352 [INFO] Round 4 — waiting for 10 updates…
2026-10-06 18:57:20,436 [INFO] recv 13933B via direct in 3480ms
2026-10-06 18:57:20,549 [INFO] recv 13933B via direct in 3410ms
2026-10-06 18:57:20,776 [INFO] recv 13933B via direct in 3370ms
2026-10-06 18:57:20,860 [INFO] recv 13933B via direct in 3245ms
2026-10-06 18:57:20,950 [INFO] recv 13933B via direct in 3089ms
2026-10-06 18:57:21,054 [INFO] recv 13933B via direct in 2990ms
2026-10-06 18:57:21,201 [INFO] recv 13933B via direct in 2917ms
2026-10-06 18:57:21,301 [INFO] recv 13933B via direct in 2790ms
2026-10-06 18:57:21,396 [INFO] recv 13933B via direct in 2687ms
2026-10-06 18:57:21,407 [INFO] send 13933B via direct in 6308ms (0.02 Mbit/s) to 7630fea74f769389
2026-10-06 18:57:21,530 [INFO] [client-1] Round 4 done — loss=1.0669 acc=0.4135  10.6s
2026-10-06 18:57:21,531 [INFO] [client-1] Round 5 — receiving model…
2026-10-06 18:57:21,533 [INFO] send 13933B via direct in 6339ms (0.02 Mbit/s) to 7630fea74f769389
2026-10-06 18:57:21,550 [INFO] [client-4] Round 4 done — loss=1.0185 acc=0.4931  10.9s
2026-10-06 18:57:21,551 [INFO] [client-4] Round 5 — receiving model…
2026-10-06 18:57:21,552 [INFO] recv 13933B via direct in 2217ms
2026-10-06 18:57:21,570 [INFO] Round 4/20  acc=0.4443  loss=1.0735  10.6s  clients=10
2026-10-06 18:57:21,571 [INFO] Round 5 — sending model to 10 clients…
2026-10-06 18:57:21,587 [INFO] send 13933B via direct in 6291ms (0.02 Mbit/s) to 7630fea74f769389
2026-10-06 18:57:21,603 [INFO] [client-7] Round 4 done — loss=1.0314 acc=0.4478  10.6s
2026-10-06 18:57:21,604 [INFO] [client-7] Round 5 — receiving model…
2026-10-06 18:57:21,617 [INFO] send 13933B via direct in 6202ms (0.02 Mbit/s) to 7630fea74f769389
2026-10-06 18:57:21,633 [INFO] [client-8] Round 4 done — loss=0.7718 acc=0.7122  10.6s
2026-10-06 18:57:21,634 [INFO] [client-8] Round 5 — receiving model…
2026-10-06 18:57:21,647 [INFO] send 13933B via direct in 6120ms (0.02 Mbit/s) to 7630fea74f769389
2026-10-06 18:57:21,661 [INFO] [client-0] Round 4 done — loss=1.0602 acc=0.4457  10.5s
2026-10-06 18:57:21,662 [INFO] [client-0] Round 5 — receiving model…
2026-10-06 18:57:21,674 [INFO] send 13933B via direct in 6038ms (0.02 Mbit/s) to 7630fea74f769389
2026-10-06 18:57:21,692 [INFO] [client-5] Round 4 done — loss=0.9900 acc=0.5409  11.2s
2026-10-06 18:57:21,694 [INFO] [client-5] Round 5 — receiving model…
2026-10-06 18:57:21,705 [INFO] send 13933B via direct in 5977ms (0.02 Mbit/s) to 7630fea74f769389
2026-10-06 18:57:21,719 [INFO] [client-6] Round 4 done — loss=1.0216 acc=0.4774  10.6s
2026-10-06 18:57:21,720 [INFO] [client-6] Round 5 — receiving model…
2026-10-06 18:57:21,741 [INFO] send 13933B via direct in 5916ms (0.02 Mbit/s) to 7630fea74f769389
2026-10-06 18:57:21,761 [INFO] [client-9] Round 4 done — loss=1.0134 acc=0.5186  10.6s
2026-10-06 18:57:21,763 [INFO] [client-9] Round 5 — receiving model…
2026-10-06 18:57:21,795 [INFO] send 13933B via direct in 5875ms (0.02 Mbit/s) to 7630fea74f769389
2026-10-06 18:57:21,854 [INFO] [client-2] Round 4 done — loss=0.9847 acc=0.5041  11.0s
2026-10-06 18:57:21,855 [INFO] [client-2] Round 5 — receiving model…
2026-10-06 18:57:21,858 [INFO] send 13933B via direct in 5834ms (0.02 Mbit/s) to 7630fea74f769389
2026-10-06 18:57:21,878 [INFO] [client-3] Round 4 done — loss=1.0457 acc=0.4536  10.9s
2026-10-06 18:57:21,879 [INFO] [client-3] Round 5 — receiving model…
2026-10-06 18:57:25,409 [INFO] recv 13933B via direct in 3063ms
2026-10-06 18:57:25,423 [INFO] [client-6] Round 5 — training locally…
2026-10-06 18:57:25,557 [INFO] [client-6] Round 5 — sending update…
2026-10-06 18:57:25,559 [INFO] recv 13933B via direct in 3036ms
2026-10-06 18:57:25,562 [INFO] [client-5] Round 5 — training locally…
2026-10-06 18:57:25,658 [INFO] [client-5] Round 5 — sending update…
2026-10-06 18:57:25,661 [INFO] recv 13933B via direct in 2956ms
2026-10-06 18:57:25,663 [INFO] [client-4] Round 5 — training locally…
2026-10-06 18:57:25,758 [INFO] [client-4] Round 5 — sending update…
2026-10-06 18:57:25,763 [INFO] recv 13933B via direct in 2877ms
2026-10-06 18:57:25,766 [INFO] [client-7] Round 5 — training locally…
2026-10-06 18:57:25,871 [INFO] [client-7] Round 5 — sending update…
2026-10-06 18:57:25,875 [INFO] recv 13933B via direct in 2804ms
2026-10-06 18:57:25,877 [INFO] [client-0] Round 5 — training locally…
2026-10-06 18:57:25,945 [INFO] [client-0] Round 5 — sending update…
2026-10-06 18:57:25,997 [INFO] recv 13933B via direct in 2745ms
2026-10-06 18:57:26,001 [INFO] [client-1] Round 5 — training locally…
2026-10-06 18:57:26,151 [INFO] [client-1] Round 5 — sending update…
2026-10-06 18:57:26,154 [INFO] recv 13933B via direct in 2724ms
2026-10-06 18:57:26,157 [INFO] [client-9] Round 5 — training locally…
2026-10-06 18:57:26,241 [INFO] [client-9] Round 5 — sending update…
2026-10-06 18:57:26,244 [INFO] recv 13933B via direct in 2632ms
2026-10-06 18:57:26,247 [INFO] [client-3] Round 5 — training locally…
2026-10-06 18:57:26,343 [INFO] [client-3] Round 5 — sending update…
2026-10-06 18:57:26,346 [INFO] recv 13933B via direct in 2552ms
2026-10-06 18:57:26,350 [INFO] [client-2] Round 5 — training locally…
2026-10-06 18:57:26,445 [INFO] [client-2] Round 5 — sending update…
2026-10-06 18:57:26,448 [INFO] recv 13933B via direct in 2473ms
2026-10-06 18:57:26,451 [INFO] [client-8] Round 5 — training locally…
2026-10-06 18:57:26,555 [INFO] [client-8] Round 5 — sending update…
2026-10-06 18:57:26,559 [INFO] send 13933B via direct in 4984ms (0.02 Mbit/s) to 9960f92e8ba1f09a
2026-10-06 18:57:26,560 [INFO] send 13933B via direct in 4983ms (0.02 Mbit/s) to a5f83728e013205a
2026-10-06 18:57:26,561 [INFO] send 13933B via direct in 4981ms (0.02 Mbit/s) to b41f334dbdd5600a
2026-10-06 18:57:26,577 [INFO] send 13933B via direct in 4999ms (0.02 Mbit/s) to 5d1fb36b6be87214
2026-10-06 18:57:26,655 [INFO] send 13933B via direct in 5074ms (0.02 Mbit/s) to a22d2b25c114f00f
2026-10-06 18:57:26,734 [INFO] send 13933B via direct in 5153ms (0.02 Mbit/s) to d1100b0600b021e1
2026-10-06 18:57:26,771 [INFO] send 13933B via direct in 5186ms (0.02 Mbit/s) to d350b94907b3f148
2026-10-06 18:57:26,816 [INFO] send 13933B via direct in 5233ms (0.02 Mbit/s) to e2f30bc43f541420
2026-10-06 18:57:26,864 [INFO] send 13933B via direct in 5281ms (0.02 Mbit/s) to 45d1e34209a4f904
2026-10-06 18:57:26,913 [INFO] send 13933B via direct in 5329ms (0.02 Mbit/s) to b1e2f50d9fc48eb4
2026-10-06 18:57:26,920 [INFO] Round 5 — waiting for 10 updates…
2026-10-06 18:57:30,920 [INFO] recv 13933B via direct in 3414ms
2026-10-06 18:57:31,211 [INFO] recv 13933B via direct in 3496ms
2026-10-06 18:57:31,323 [INFO] recv 13933B via direct in 3424ms
2026-10-06 18:57:31,432 [INFO] recv 13933B via direct in 3307ms
2026-10-06 18:57:31,532 [INFO] recv 13933B via direct in 3188ms
2026-10-06 18:57:31,626 [INFO] recv 13933B via direct in 3093ms
2026-10-06 18:57:31,735 [INFO] recv 13933B via direct in 2996ms
2026-10-06 18:57:31,826 [INFO] recv 13933B via direct in 2867ms
2026-10-06 18:57:31,936 [INFO] recv 13933B via direct in 2728ms
2026-10-06 18:57:31,962 [INFO] send 13933B via direct in 6402ms (0.02 Mbit/s) to 7630fea74f769389
2026-10-06 18:57:32,047 [INFO] [client-6] Round 5 done — loss=1.0168 acc=0.4844  10.3s
2026-10-06 18:57:32,048 [INFO] [client-6] Round 6 — receiving model…
2026-10-06 18:57:32,079 [INFO] recv 13933B via direct in 2506ms
2026-10-06 18:57:32,121 [INFO] Round 5/20  acc=0.4690  loss=1.0589  10.5s  clients=10
2026-10-06 18:57:32,123 [INFO] Round 6 — sending model to 10 clients…
2026-10-06 18:57:32,132 [INFO] send 13933B via direct in 6472ms (0.02 Mbit/s) to 7630fea74f769389
2026-10-06 18:57:32,150 [INFO] [client-5] Round 5 done — loss=0.9780 acc=0.5440  10.5s
2026-10-06 18:57:32,151 [INFO] [client-5] Round 6 — receiving model…
2026-10-06 18:57:32,153 [INFO] send 13933B via direct in 6392ms (0.02 Mbit/s) to 7630fea74f769389
2026-10-06 18:57:32,167 [INFO] [client-4] Round 5 done — loss=1.0183 acc=0.4845  10.6s
2026-10-06 18:57:32,168 [INFO] [client-4] Round 6 — receiving model…
2026-10-06 18:57:32,170 [INFO] send 13933B via direct in 6296ms (0.02 Mbit/s) to 7630fea74f769389
2026-10-06 18:57:32,191 [INFO] [client-7] Round 5 done — loss=1.0357 acc=0.4468  10.6s
2026-10-06 18:57:32,192 [INFO] [client-7] Round 6 — receiving model…
2026-10-06 18:57:32,198 [INFO] send 13933B via direct in 6251ms (0.02 Mbit/s) to 7630fea74f769389
2026-10-06 18:57:32,213 [INFO] [client-0] Round 5 done — loss=1.0530 acc=0.4501  10.6s
2026-10-06 18:57:32,214 [INFO] [client-0] Round 6 — receiving model…
2026-10-06 18:57:32,233 [INFO] send 13933B via direct in 6080ms (0.02 Mbit/s) to 7630fea74f769389
2026-10-06 18:57:32,251 [INFO] [client-1] Round 5 done — loss=1.0637 acc=0.4251  10.7s
2026-10-06 18:57:32,252 [INFO] [client-1] Round 6 — receiving model…
2026-10-06 18:57:32,263 [INFO] send 13933B via direct in 6020ms (0.02 Mbit/s) to 7630fea74f769389
2026-10-06 18:57:32,285 [INFO] [client-9] Round 5 done — loss=1.0139 acc=0.5263  10.5s
2026-10-06 18:57:32,286 [INFO] [client-9] Round 6 — receiving model…
2026-10-06 18:57:32,293 [INFO] send 13933B via direct in 5948ms (0.02 Mbit/s) to 7630fea74f769389
2026-10-06 18:57:32,309 [INFO] [client-3] Round 5 done — loss=1.0504 acc=0.4602  10.4s
2026-10-06 18:57:32,310 [INFO] [client-3] Round 6 — receiving model…
2026-10-06 18:57:32,328 [INFO] send 13933B via direct in 5881ms (0.02 Mbit/s) to 7630fea74f769389
2026-10-06 18:57:32,348 [INFO] [client-2] Round 5 done — loss=0.9759 acc=0.5079  10.5s
2026-10-06 18:57:32,349 [INFO] [client-2] Round 6 — receiving model…
2026-10-06 18:57:32,390 [INFO] send 13933B via direct in 5832ms (0.02 Mbit/s) to 7630fea74f769389
2026-10-06 18:57:32,460 [INFO] [client-8] Round 5 done — loss=0.7661 acc=0.7167  10.8s
2026-10-06 18:57:32,462 [INFO] [client-8] Round 6 — receiving model…
2026-10-06 18:57:36,029 [INFO] recv 13933B via direct in 3146ms
2026-10-06 18:57:36,037 [INFO] [client-8] Round 6 — training locally…
2026-10-06 18:57:36,183 [INFO] [client-8] Round 6 — sending update…
2026-10-06 18:57:36,186 [INFO] recv 13933B via direct in 3103ms
2026-10-06 18:57:36,188 [INFO] [client-3] Round 6 — training locally…
2026-10-06 18:57:36,280 [INFO] [client-3] Round 6 — sending update…
2026-10-06 18:57:36,285 [INFO] recv 13933B via direct in 3020ms
2026-10-06 18:57:36,288 [INFO] [client-7] Round 6 — training locally…
2026-10-06 18:57:36,373 [INFO] [client-7] Round 6 — sending update…
2026-10-06 18:57:36,377 [INFO] recv 13933B via direct in 2930ms
2026-10-06 18:57:36,380 [INFO] [client-2] Round 6 — training locally…
2026-10-06 18:57:36,481 [INFO] [client-2] Round 6 — sending update…
2026-10-06 18:57:36,486 [INFO] recv 13933B via direct in 2836ms
2026-10-06 18:57:36,489 [INFO] [client-6] Round 6 — training locally…
2026-10-06 18:57:36,581 [INFO] [client-6] Round 6 — sending update…
2026-10-06 18:57:36,585 [INFO] recv 13933B via direct in 2754ms
2026-10-06 18:57:36,588 [INFO] [client-5] Round 6 — training locally…
2026-10-06 18:57:36,681 [INFO] [client-5] Round 6 — sending update…
2026-10-06 18:57:36,685 [INFO] recv 13933B via direct in 2653ms
2026-10-06 18:57:36,689 [INFO] [client-4] Round 6 — training locally…
2026-10-06 18:57:36,787 [INFO] [client-4] Round 6 — sending update…
2026-10-06 18:57:36,791 [INFO] recv 13933B via direct in 2558ms
2026-10-06 18:57:36,793 [INFO] [client-9] Round 6 — training locally…
2026-10-06 18:57:36,886 [INFO] [client-9] Round 6 — sending update…
2026-10-06 18:57:36,904 [INFO] recv 13933B via direct in 2490ms
2026-10-06 18:57:36,907 [INFO] [client-1] Round 6 — training locally…
2026-10-06 18:57:36,996 [INFO] [client-1] Round 6 — sending update…
2026-10-06 18:57:37,023 [INFO] recv 13933B via direct in 2427ms
2026-10-06 18:57:37,026 [INFO] [client-0] Round 6 — training locally…
2026-10-06 18:57:37,115 [INFO] [client-0] Round 6 — sending update…
2026-10-06 18:57:37,119 [INFO] send 13933B via direct in 4994ms (0.02 Mbit/s) to b1e2f50d9fc48eb4
2026-10-06 18:57:37,120 [INFO] send 13933B via direct in 4993ms (0.02 Mbit/s) to e2f30bc43f541420
2026-10-06 18:57:37,121 [INFO] send 13933B via direct in 4992ms (0.02 Mbit/s) to 5d1fb36b6be87214
2026-10-06 18:57:37,156 [INFO] send 13933B via direct in 5028ms (0.02 Mbit/s) to 45d1e34209a4f904
2026-10-06 18:57:37,208 [INFO] send 13933B via direct in 5079ms (0.02 Mbit/s) to 9960f92e8ba1f09a
2026-10-06 18:57:37,270 [INFO] send 13933B via direct in 5139ms (0.02 Mbit/s) to a5f83728e013205a
2026-10-06 18:57:37,324 [INFO] send 13933B via direct in 5193ms (0.02 Mbit/s) to b41f334dbdd5600a
2026-10-06 18:57:37,371 [INFO] send 13933B via direct in 5240ms (0.02 Mbit/s) to d350b94907b3f148
2026-10-06 18:57:37,444 [INFO] send 13933B via direct in 5311ms (0.02 Mbit/s) to d1100b0600b021e1
2026-10-06 18:57:37,518 [INFO] send 13933B via direct in 5384ms (0.02 Mbit/s) to a22d2b25c114f00f
2026-10-06 18:57:37,524 [INFO] Round 6 — waiting for 10 updates…
2026-10-06 18:57:41,366 [INFO] recv 13933B via direct in 3341ms
2026-10-06 18:57:41,635 [INFO] recv 13933B via direct in 3368ms
2026-10-06 18:57:41,751 [INFO] recv 13933B via direct in 3299ms
2026-10-06 18:57:41,859 [INFO] recv 13933B via direct in 3185ms
2026-10-06 18:57:41,966 [INFO] recv 13933B via direct in 3107ms
2026-10-06 18:57:42,078 [INFO] recv 13933B via direct in 2995ms
2026-10-06 18:57:42,181 [INFO] recv 13933B via direct in 2913ms
2026-10-06 18:57:42,378 [INFO] recv 13933B via direct in 2889ms
2026-10-06 18:57:42,463 [INFO] recv 13933B via direct in 2785ms
2026-10-06 18:57:42,475 [INFO] send 13933B via direct in 6289ms (0.02 Mbit/s) to 7630fea74f769389
2026-10-06 18:57:42,544 [INFO] [client-8] Round 6 done — loss=0.7614 acc=0.7105  10.1s
2026-10-06 18:57:42,545 [INFO] [client-8] Round 7 — receiving model…
2026-10-06 18:57:42,561 [INFO] recv 13933B via direct in 2531ms
2026-10-06 18:57:42,581 [INFO] Round 6/20  acc=0.4589  loss=1.0676  10.5s  clients=10
2026-10-06 18:57:42,582 [INFO] Round 7 — sending model to 10 clients…
2026-10-06 18:57:42,594 [INFO] send 13933B via direct in 6311ms (0.02 Mbit/s) to 7630fea74f769389
2026-10-06 18:57:42,612 [INFO] [client-3] Round 6 done — loss=1.0455 acc=0.4530  10.3s
2026-10-06 18:57:42,613 [INFO] [client-3] Round 7 — receiving model…
2026-10-06 18:57:42,625 [INFO] send 13933B via direct in 6249ms (0.02 Mbit/s) to 7630fea74f769389
2026-10-06 18:57:42,640 [INFO] [client-7] Round 6 done — loss=1.0271 acc=0.4492  10.4s
2026-10-06 18:57:42,642 [INFO] [client-7] Round 7 — receiving model…
2026-10-06 18:57:42,654 [INFO] send 13933B via direct in 6170ms (0.02 Mbit/s) to 7630fea74f769389
2026-10-06 18:57:42,669 [INFO] [client-2] Round 6 done — loss=0.9650 acc=0.5196  10.3s
2026-10-06 18:57:42,670 [INFO] [client-2] Round 7 — receiving model…
2026-10-06 18:57:42,682 [INFO] send 13933B via direct in 6098ms (0.02 Mbit/s) to 7630fea74f769389
2026-10-06 18:57:42,703 [INFO] [client-6] Round 6 done — loss=1.0168 acc=0.4878  10.7s
2026-10-06 18:57:42,704 [INFO] [client-6] Round 7 — receiving model…
2026-10-06 18:57:42,715 [INFO] send 13933B via direct in 6032ms (0.02 Mbit/s) to 7630fea74f769389
2026-10-06 18:57:42,735 [INFO] [client-5] Round 6 done — loss=0.9810 acc=0.5539  10.6s
2026-10-06 18:57:42,736 [INFO] [client-5] Round 7 — receiving model…
2026-10-06 18:57:42,743 [INFO] send 13933B via direct in 5952ms (0.02 Mbit/s) to 7630fea74f769389
2026-10-06 18:57:42,767 [INFO] [client-4] Round 6 done — loss=1.0192 acc=0.4921  10.6s
2026-10-06 18:57:42,768 [INFO] [client-4] Round 7 — receiving model…
2026-10-06 18:57:42,806 [INFO] send 13933B via direct in 5917ms (0.02 Mbit/s) to 7630fea74f769389
2026-10-06 18:57:42,858 [INFO] [client-9] Round 6 done — loss=1.0112 acc=0.5263  10.6s
2026-10-06 18:57:42,860 [INFO] [client-9] Round 7 — receiving model…
2026-10-06 18:57:42,862 [INFO] send 13933B via direct in 5863ms (0.02 Mbit/s) to 7630fea74f769389
2026-10-06 18:57:42,884 [INFO] [client-1] Round 6 done — loss=1.0615 acc=0.4207  10.6s
2026-10-06 18:57:42,885 [INFO] [client-1] Round 7 — receiving model…
2026-10-06 18:57:42,886 [INFO] send 13933B via direct in 5743ms (0.02 Mbit/s) to 7630fea74f769389
2026-10-06 18:57:42,904 [INFO] [client-0] Round 6 done — loss=1.0564 acc=0.4575  10.7s
2026-10-06 18:57:42,906 [INFO] [client-0] Round 7 — receiving model…
2026-10-06 18:57:46,587 [INFO] recv 13933B via direct in 3166ms
2026-10-06 18:57:46,595 [INFO] [client-2] Round 7 — training locally…
2026-10-06 18:57:46,711 [INFO] [client-2] Round 7 — sending update…
2026-10-06 18:57:46,714 [INFO] recv 13933B via direct in 3095ms
2026-10-06 18:57:46,718 [INFO] [client-0] Round 7 — training locally…
2026-10-06 18:57:46,790 [INFO] [client-0] Round 7 — sending update…
2026-10-06 18:57:46,794 [INFO] recv 13933B via direct in 2991ms
2026-10-06 18:57:46,796 [INFO] [client-3] Round 7 — training locally…
2026-10-06 18:57:46,897 [INFO] [client-3] Round 7 — sending update…
2026-10-06 18:57:46,907 [INFO] recv 13933B via direct in 2926ms
2026-10-06 18:57:46,910 [INFO] [client-4] Round 7 — training locally…
2026-10-06 18:57:47,006 [INFO] [client-4] Round 7 — sending update…
2026-10-06 18:57:47,024 [INFO] recv 13933B via direct in 2862ms
2026-10-06 18:57:47,026 [INFO] [client-5] Round 7 — training locally…
2026-10-06 18:57:47,147 [INFO] [client-5] Round 7 — sending update…
2026-10-06 18:57:47,160 [INFO] recv 13933B via direct in 2817ms
2026-10-06 18:57:47,162 [INFO] [client-8] Round 7 — training locally…
2026-10-06 18:57:47,249 [INFO] [client-8] Round 7 — sending update…
2026-10-06 18:57:47,263 [INFO] recv 13933B via direct in 2716ms
2026-10-06 18:57:47,265 [INFO] [client-7] Round 7 — training locally…
2026-10-06 18:57:47,353 [INFO] [client-7] Round 7 — sending update…
2026-10-06 18:57:47,477 [INFO] recv 13933B via direct in 2749ms
2026-10-06 18:57:47,484 [INFO] [client-6] Round 7 — training locally…
2026-10-06 18:57:47,583 [INFO] [client-6] Round 7 — sending update…
2026-10-06 18:57:47,588 [INFO] recv 13933B via direct in 2681ms
2026-10-06 18:57:47,591 [INFO] [client-1] Round 7 — training locally…
2026-10-06 18:57:47,710 [INFO] [client-1] Round 7 — sending update…
2026-10-06 18:57:47,714 [INFO] send 13933B via direct in 5128ms (0.02 Mbit/s) to 45d1e34209a4f904
2026-10-06 18:57:47,715 [INFO] send 13933B via direct in 5126ms (0.02 Mbit/s) to e2f30bc43f541420
2026-10-06 18:57:47,717 [INFO] send 13933B via direct in 5127ms (0.02 Mbit/s) to a22d2b25c114f00f
2026-10-06 18:57:47,719 [INFO] recv 13933B via direct in 2602ms
2026-10-06 18:57:47,721 [INFO] [client-9] Round 7 — training locally…
2026-10-06 18:57:47,832 [INFO] [client-9] Round 7 — sending update…
2026-10-06 18:57:47,835 [INFO] send 13933B via direct in 5247ms (0.02 Mbit/s) to b41f334dbdd5600a
2026-10-06 18:57:47,836 [INFO] send 13933B via direct in 5246ms (0.02 Mbit/s) to a5f83728e013205a
2026-10-06 18:57:47,863 [INFO] send 13933B via direct in 5273ms (0.02 Mbit/s) to b1e2f50d9fc48eb4
2026-10-06 18:57:47,915 [INFO] send 13933B via direct in 5322ms (0.02 Mbit/s) to 5d1fb36b6be87214
2026-10-06 18:57:48,001 [INFO] send 13933B via direct in 5406ms (0.02 Mbit/s) to 9960f92e8ba1f09a
2026-10-06 18:57:48,011 [INFO] send 13933B via direct in 5416ms (0.02 Mbit/s) to d1100b0600b021e1
2026-10-06 18:57:48,078 [INFO] send 13933B via direct in 5483ms (0.02 Mbit/s) to d350b94907b3f148
2026-10-06 18:57:48,083 [INFO] Round 7 — waiting for 10 updates…
2026-10-06 18:57:52,032 [INFO] recv 13933B via direct in 3432ms
2026-10-06 18:57:52,263 [INFO] recv 13933B via direct in 3396ms
2026-10-06 18:57:52,358 [INFO] recv 13933B via direct in 3307ms
2026-10-06 18:57:52,464 [INFO] recv 13933B via direct in 3168ms
2026-10-06 18:57:52,674 [INFO] recv 13933B via direct in 3132ms
2026-10-06 18:57:52,800 [INFO] recv 13933B via direct in 3052ms
2026-10-06 18:57:52,898 [INFO] recv 13933B via direct in 2947ms
2026-10-06 18:57:52,959 [INFO] recv 13933B via direct in 2797ms
2026-10-06 18:57:53,042 [INFO] send 13933B via direct in 6327ms (0.02 Mbit/s) to 7630fea74f769389
2026-10-06 18:57:53,128 [INFO] [client-2] Round 7 done — loss=0.9669 acc=0.5203  10.5s
2026-10-06 18:57:53,129 [INFO] [client-2] Round 8 — receiving model…
2026-10-06 18:57:53,131 [INFO] recv 13933B via direct in 2600ms
2026-10-06 18:57:53,192 [INFO] send 13933B via direct in 6398ms (0.02 Mbit/s) to 7630fea74f769389
2026-10-06 18:57:53,292 [INFO] [client-0] Round 7 done — loss=1.0506 acc=0.4475  10.4s
2026-10-06 18:57:53,293 [INFO] [client-0] Round 8 — receiving model…
2026-10-06 18:57:53,296 [INFO] send 13933B via direct in 6394ms (0.02 Mbit/s) to 7630fea74f769389
2026-10-06 18:57:53,319 [INFO] [client-3] Round 7 done — loss=1.0443 acc=0.4468  10.7s
2026-10-06 18:57:53,320 [INFO] [client-3] Round 8 — receiving model…
2026-10-06 18:57:53,322 [INFO] send 13933B via direct in 6286ms (0.02 Mbit/s) to 7630fea74f769389
2026-10-06 18:57:53,340 [INFO] [client-4] Round 7 done — loss=1.0165 acc=0.4904  10.6s
2026-10-06 18:57:53,341 [INFO] [client-4] Round 8 — receiving model…
2026-10-06 18:57:53,343 [INFO] recv 13933B via direct in 2105ms
2026-10-06 18:57:53,362 [INFO] Round 7/20  acc=0.4664  loss=1.0645  10.8s  clients=10
2026-10-06 18:57:53,363 [INFO] Round 8 — sending model to 10 clients…
2026-10-06 18:57:53,372 [INFO] send 13933B via direct in 6193ms (0.02 Mbit/s) to 7630fea74f769389
2026-10-06 18:57:53,396 [INFO] [client-5] Round 7 done — loss=0.9788 acc=0.5484  10.7s
2026-10-06 18:57:53,398 [INFO] [client-5] Round 8 — receiving model…
2026-10-06 18:57:53,400 [INFO] send 13933B via direct in 6147ms (0.02 Mbit/s) to 7630fea74f769389
2026-10-06 18:57:53,421 [INFO] [client-8] Round 7 done — loss=0.7680 acc=0.7091  10.9s
2026-10-06 18:57:53,422 [INFO] [client-8] Round 8 — receiving model…
2026-10-06 18:57:53,423 [INFO] send 13933B via direct in 6044ms (0.02 Mbit/s) to 7630fea74f769389
2026-10-06 18:57:53,441 [INFO] [client-7] Round 7 done — loss=1.0316 acc=0.4505  10.8s
2026-10-06 18:57:53,442 [INFO] [client-7] Round 8 — receiving model…
2026-10-06 18:57:53,443 [INFO] send 13933B via direct in 5856ms (0.02 Mbit/s) to 7630fea74f769389
2026-10-06 18:57:53,464 [INFO] [client-6] Round 7 done — loss=1.0146 acc=0.4819  10.8s
2026-10-06 18:57:53,465 [INFO] [client-6] Round 8 — receiving model…
2026-10-06 18:57:53,473 [INFO] send 13933B via direct in 5761ms (0.02 Mbit/s) to 7630fea74f769389
2026-10-06 18:57:53,493 [INFO] [client-1] Round 7 done — loss=1.0576 acc=0.4323  10.6s
2026-10-06 18:57:53,494 [INFO] [client-1] Round 8 — receiving model…
2026-10-06 18:57:53,532 [INFO] send 13933B via direct in 5698ms (0.02 Mbit/s) to 7630fea74f769389
2026-10-06 18:57:53,602 [INFO] [client-9] Round 7 done — loss=1.0096 acc=0.5323  10.7s
2026-10-06 18:57:53,603 [INFO] [client-9] Round 8 — receiving model…
2026-10-06 18:57:57,145 [INFO] recv 13933B via direct in 3084ms
2026-10-06 18:57:57,150 [INFO] [client-0] Round 8 — training locally…
2026-10-06 18:57:57,297 [INFO] [client-0] Round 8 — sending update…
2026-10-06 18:57:57,301 [INFO] recv 13933B via direct in 3061ms
2026-10-06 18:57:57,305 [INFO] [client-3] Round 8 — training locally…
2026-10-06 18:57:57,409 [INFO] [client-3] Round 8 — sending update…
2026-10-06 18:57:57,414 [INFO] recv 13933B via direct in 2988ms
2026-10-06 18:57:57,417 [INFO] [client-5] Round 8 — training locally…
2026-10-06 18:57:57,510 [INFO] [client-5] Round 8 — sending update…
2026-10-06 18:57:57,514 [INFO] recv 13933B via direct in 2907ms
2026-10-06 18:57:57,516 [INFO] [client-2] Round 8 — training locally…
2026-10-06 18:57:57,608 [INFO] [client-2] Round 8 — sending update…
2026-10-06 18:57:57,612 [INFO] recv 13933B via direct in 2823ms
2026-10-06 18:57:57,615 [INFO] [client-4] Round 8 — training locally…
2026-10-06 18:57:57,719 [INFO] [client-4] Round 8 — sending update…
2026-10-06 18:57:57,734 [INFO] recv 13933B via direct in 2765ms
2026-10-06 18:57:57,737 [INFO] [client-1] Round 8 — training locally…
2026-10-06 18:57:57,837 [INFO] [client-1] Round 8 — sending update…
2026-10-06 18:57:57,841 [INFO] recv 13933B via direct in 2690ms
2026-10-06 18:57:57,845 [INFO] [client-8] Round 8 — training locally…
2026-10-06 18:57:57,948 [INFO] [client-8] Round 8 — sending update…
2026-10-06 18:57:57,951 [INFO] recv 13933B via direct in 2620ms
2026-10-06 18:57:57,954 [INFO] [client-6] Round 8 — training locally…
2026-10-06 18:57:58,044 [INFO] [client-6] Round 8 — sending update…
2026-10-06 18:57:58,051 [INFO] recv 13933B via direct in 2537ms
2026-10-06 18:57:58,053 [INFO] [client-9] Round 8 — training locally…
2026-10-06 18:57:58,144 [INFO] [client-9] Round 8 — sending update…
2026-10-06 18:57:58,158 [INFO] recv 13933B via direct in 2463ms
2026-10-06 18:57:58,161 [INFO] [client-7] Round 8 — training locally…
2026-10-06 18:57:58,249 [INFO] [client-7] Round 8 — sending update…
2026-10-06 18:57:58,253 [INFO] send 13933B via direct in 4887ms (0.02 Mbit/s) to a22d2b25c114f00f
2026-10-06 18:57:58,254 [INFO] send 13933B via direct in 4887ms (0.02 Mbit/s) to e2f30bc43f541420
2026-10-06 18:57:58,262 [INFO] send 13933B via direct in 4895ms (0.02 Mbit/s) to a5f83728e013205a
2026-10-06 18:57:58,316 [INFO] send 13933B via direct in 4948ms (0.02 Mbit/s) to 45d1e34209a4f904
2026-10-06 18:57:58,371 [INFO] send 13933B via direct in 5001ms (0.02 Mbit/s) to b41f334dbdd5600a
2026-10-06 18:57:58,451 [INFO] send 13933B via direct in 5079ms (0.02 Mbit/s) to d1100b0600b021e1
2026-10-06 18:57:58,501 [INFO] send 13933B via direct in 5129ms (0.02 Mbit/s) to b1e2f50d9fc48eb4
2026-10-06 18:57:58,532 [INFO] send 13933B via direct in 5161ms (0.02 Mbit/s) to 9960f92e8ba1f09a
2026-10-06 18:57:58,601 [INFO] send 13933B via direct in 5228ms (0.02 Mbit/s) to d350b94907b3f148
2026-10-06 18:57:58,650 [INFO] send 13933B via direct in 5277ms (0.02 Mbit/s) to 5d1fb36b6be87214
2026-10-06 18:57:58,654 [INFO] Round 8 — waiting for 10 updates…
2026-10-06 18:58:02,633 [INFO] recv 13933B via direct in 3410ms
2026-10-06 18:58:02,761 [INFO] recv 13933B via direct in 3351ms
2026-10-06 18:58:02,872 [INFO] recv 13933B via direct in 3224ms
2026-10-06 18:58:02,976 [INFO] recv 13933B via direct in 3142ms
2026-10-06 18:58:03,082 [INFO] recv 13933B via direct in 3060ms
2026-10-06 18:58:03,190 [INFO] recv 13933B via direct in 2949ms
2026-10-06 18:58:03,300 [INFO] recv 13933B via direct in 2871ms
2026-10-06 18:58:03,447 [INFO] recv 13933B via direct in 2938ms
2026-10-06 18:58:03,552 [INFO] recv 13933B via direct in 2677ms
2026-10-06 18:58:03,630 [INFO] recv 13933B via direct in 2572ms
2026-10-06 18:58:03,712 [INFO] Round 8/20  acc=0.4566  loss=1.0699  10.3s  clients=10
2026-10-06 18:58:03,713 [INFO] Round 9 — sending model to 10 clients…
2026-10-06 18:58:03,723 [INFO] send 13933B via direct in 6329ms (0.02 Mbit/s) to 7630fea74f769389
2026-10-06 18:58:03,744 [INFO] [client-0] Round 8 done — loss=1.0540 acc=0.4492  10.5s
2026-10-06 18:58:03,745 [INFO] [client-0] Round 9 — receiving model…
2026-10-06 18:58:03,747 [INFO] send 13933B via direct in 6335ms (0.02 Mbit/s) to 7630fea74f769389
2026-10-06 18:58:03,765 [INFO] [client-3] Round 8 done — loss=1.0418 acc=0.4605  10.4s
2026-10-06 18:58:03,766 [INFO] [client-3] Round 9 — receiving model…
2026-10-06 18:58:03,767 [INFO] send 13933B via direct in 6234ms (0.02 Mbit/s) to 7630fea74f769389
2026-10-06 18:58:03,786 [INFO] [client-5] Round 8 done — loss=0.9769 acc=0.5481  10.4s
2026-10-06 18:58:03,787 [INFO] [client-5] Round 9 — receiving model…
2026-10-06 18:58:03,788 [INFO] send 13933B via direct in 6136ms (0.02 Mbit/s) to 7630fea74f769389
2026-10-06 18:58:03,803 [INFO] [client-2] Round 8 done — loss=0.9661 acc=0.5192  10.7s
2026-10-06 18:58:03,804 [INFO] [client-2] Round 9 — receiving model…
2026-10-06 18:58:03,806 [INFO] send 13933B via direct in 6083ms (0.02 Mbit/s) to 7630fea74f769389
2026-10-06 18:58:03,827 [INFO] [client-4] Round 8 done — loss=1.0218 acc=0.4890  10.5s
2026-10-06 18:58:03,828 [INFO] [client-4] Round 9 — receiving model…
2026-10-06 18:58:03,829 [INFO] send 13933B via direct in 5966ms (0.02 Mbit/s) to 7630fea74f769389
2026-10-06 18:58:03,847 [INFO] [client-1] Round 8 done — loss=1.0597 acc=0.4234  10.4s
2026-10-06 18:58:03,848 [INFO] [client-1] Round 9 — receiving model…
2026-10-06 18:58:03,849 [INFO] send 13933B via direct in 5899ms (0.02 Mbit/s) to 7630fea74f769389
2026-10-06 18:58:03,870 [INFO] [client-8] Round 8 done — loss=0.7653 acc=0.7139  10.4s
2026-10-06 18:58:03,871 [INFO] [client-8] Round 9 — receiving model…
2026-10-06 18:58:03,872 [INFO] send 13933B via direct in 5803ms (0.02 Mbit/s) to 7630fea74f769389
2026-10-06 18:58:03,896 [INFO] [client-6] Round 8 done — loss=1.0175 acc=0.4806  10.4s
2026-10-06 18:58:03,897 [INFO] [client-6] Round 9 — receiving model…
2026-10-06 18:58:03,911 [INFO] send 13933B via direct in 5765ms (0.02 Mbit/s) to 7630fea74f769389
2026-10-06 18:58:03,935 [INFO] [client-9] Round 8 done — loss=1.0127 acc=0.5204  10.3s
2026-10-06 18:58:03,936 [INFO] [client-9] Round 9 — receiving model…
2026-10-06 18:58:03,938 [INFO] send 13933B via direct in 5686ms (0.02 Mbit/s) to 7630fea74f769389
2026-10-06 18:58:03,956 [INFO] [client-7] Round 8 done — loss=1.0311 acc=0.4481  10.5s
2026-10-06 18:58:03,957 [INFO] [client-7] Round 9 — receiving model…
2026-10-06 18:58:07,680 [INFO] recv 13933B via direct in 3184ms
2026-10-06 18:58:07,690 [INFO] [client-0] Round 9 — training locally…
2026-10-06 18:58:07,784 [INFO] [client-0] Round 9 — sending update…
2026-10-06 18:58:07,789 [INFO] recv 13933B via direct in 3093ms
2026-10-06 18:58:07,793 [INFO] [client-5] Round 9 — training locally…
2026-10-06 18:58:07,902 [INFO] [client-5] Round 9 — sending update…
2026-10-06 18:58:07,907 [INFO] recv 13933B via direct in 3030ms
2026-10-06 18:58:07,909 [INFO] [client-1] Round 9 — training locally…
2026-10-06 18:58:08,029 [INFO] [client-1] Round 9 — sending update…
2026-10-06 18:58:08,034 [INFO] recv 13933B via direct in 2977ms
2026-10-06 18:58:08,038 [INFO] [client-7] Round 9 — training locally…
2026-10-06 18:58:08,125 [INFO] [client-7] Round 9 — sending update…
2026-10-06 18:58:08,129 [INFO] recv 13933B via direct in 2870ms
2026-10-06 18:58:08,133 [INFO] [client-3] Round 9 — training locally…
2026-10-06 18:58:08,216 [INFO] [client-3] Round 9 — sending update…
2026-10-06 18:58:08,230 [INFO] recv 13933B via direct in 2790ms
2026-10-06 18:58:08,232 [INFO] [client-8] Round 9 — training locally…
2026-10-06 18:58:08,313 [INFO] [client-8] Round 9 — sending update…
2026-10-06 18:58:08,335 [INFO] recv 13933B via direct in 2713ms
2026-10-06 18:58:08,338 [INFO] [client-6] Round 9 — training locally…
2026-10-06 18:58:08,423 [INFO] [client-6] Round 9 — sending update…
2026-10-06 18:58:08,555 [INFO] recv 13933B via direct in 2750ms
2026-10-06 18:58:08,569 [INFO] [client-2] Round 9 — training locally…
2026-10-06 18:58:08,692 [INFO] [client-2] Round 9 — sending update…
2026-10-06 18:58:08,696 [INFO] send 13933B via direct in 4981ms (0.02 Mbit/s) to a22d2b25c114f00f
2026-10-06 18:58:08,698 [INFO] recv 13933B via direct in 2707ms
2026-10-06 18:58:08,700 [INFO] [client-9] Round 9 — training locally…
2026-10-06 18:58:08,781 [INFO] [client-9] Round 9 — sending update…
2026-10-06 18:58:08,784 [INFO] recv 13933B via direct in 2526ms
2026-10-06 18:58:08,786 [INFO] [client-4] Round 9 — training locally…
2026-10-06 18:58:08,877 [INFO] [client-4] Round 9 — sending update…
2026-10-06 18:58:08,883 [INFO] send 13933B via direct in 5165ms (0.02 Mbit/s) to a5f83728e013205a
2026-10-06 18:58:08,884 [INFO] send 13933B via direct in 5164ms (0.02 Mbit/s) to d1100b0600b021e1
2026-10-06 18:58:08,885 [INFO] send 13933B via direct in 5163ms (0.02 Mbit/s) to 5d1fb36b6be87214
2026-10-06 18:58:08,886 [INFO] send 13933B via direct in 5163ms (0.02 Mbit/s) to e2f30bc43f541420
2026-10-06 18:58:08,943 [INFO] send 13933B via direct in 5221ms (0.02 Mbit/s) to b1e2f50d9fc48eb4
2026-10-06 18:58:08,991 [INFO] send 13933B via direct in 5271ms (0.02 Mbit/s) to 9960f92e8ba1f09a
2026-10-06 18:58:09,074 [INFO] send 13933B via direct in 5352ms (0.02 Mbit/s) to 45d1e34209a4f904
2026-10-06 18:58:09,109 [INFO] send 13933B via direct in 5383ms (0.02 Mbit/s) to d350b94907b3f148
2026-10-06 18:58:09,115 [INFO] send 13933B via direct in 5383ms (0.02 Mbit/s) to b41f334dbdd5600a
2026-10-06 18:58:09,123 [INFO] Round 9 — waiting for 10 updates…
2026-10-06 18:58:12,946 [INFO] recv 13933B via direct in 3249ms
2026-10-06 18:58:13,303 [INFO] recv 13933B via direct in 3357ms
2026-10-06 18:58:13,395 [INFO] recv 13933B via direct in 3204ms
2026-10-06 18:58:13,596 [INFO] recv 13933B via direct in 3182ms
2026-10-06 18:58:13,701 [INFO] recv 13933B via direct in 3062ms
2026-10-06 18:58:13,809 [INFO] recv 13933B via direct in 2962ms
2026-10-06 18:58:13,927 [INFO] recv 13933B via direct in 2889ms
2026-10-06 18:58:14,064 [INFO] recv 13933B via direct in 2831ms
2026-10-06 18:58:14,079 [INFO] send 13933B via direct in 6289ms (0.02 Mbit/s) to 7630fea74f769389
2026-10-06 18:58:14,164 [INFO] [client-0] Round 9 done — loss=1.0608 acc=0.4588  10.4s
2026-10-06 18:58:14,165 [INFO] [client-0] Round 10 — receiving model…
2026-10-06 18:58:14,225 [INFO] recv 13933B via direct in 2649ms
2026-10-06 18:58:14,264 [INFO] send 13933B via direct in 6358ms (0.02 Mbit/s) to 7630fea74f769389
2026-10-06 18:58:14,356 [INFO] [client-5] Round 9 done — loss=0.9776 acc=0.5477  10.6s
2026-10-06 18:58:14,358 [INFO] [client-5] Round 10 — receiving model…
2026-10-06 18:58:14,360 [INFO] send 13933B via direct in 6327ms (0.02 Mbit/s) to 7630fea74f769389
2026-10-06 18:58:14,378 [INFO] [client-1] Round 9 done — loss=1.0594 acc=0.4193  10.5s
2026-10-06 18:58:14,380 [INFO] [client-1] Round 10 — receiving model…
2026-10-06 18:58:14,382 [INFO] send 13933B via direct in 6254ms (0.02 Mbit/s) to 7630fea74f769389
2026-10-06 18:58:14,398 [INFO] [client-7] Round 9 done — loss=1.0342 acc=0.4437  10.4s
2026-10-06 18:58:14,399 [INFO] [client-7] Round 10 — receiving model…
2026-10-06 18:58:14,401 [INFO] recv 13933B via direct in 2183ms
2026-10-06 18:58:14,423 [INFO] Round 9/20  acc=0.4726  loss=1.0620  10.7s  clients=10
2026-10-06 18:58:14,424 [INFO] Round 10 — sending model to 10 clients…
2026-10-06 18:58:14,433 [INFO] send 13933B via direct in 6214ms (0.02 Mbit/s) to 7630fea74f769389
2026-10-06 18:58:14,448 [INFO] [client-3] Round 9 done — loss=1.0434 acc=0.4540  10.7s
2026-10-06 18:58:14,449 [INFO] [client-3] Round 10 — receiving model…
2026-10-06 18:58:14,452 [INFO] send 13933B via direct in 6136ms (0.02 Mbit/s) to 7630fea74f769389
2026-10-06 18:58:14,470 [INFO] [client-8] Round 9 done — loss=0.7667 acc=0.7122  10.6s
2026-10-06 18:58:14,471 [INFO] [client-8] Round 10 — receiving model…
2026-10-06 18:58:14,474 [INFO] send 13933B via direct in 6049ms (0.02 Mbit/s) to 7630fea74f769389
2026-10-06 18:58:14,488 [INFO] [client-6] Round 9 done — loss=1.0135 acc=0.4910  10.6s
2026-10-06 18:58:14,489 [INFO] [client-6] Round 10 — receiving model…
2026-10-06 18:58:14,531 [INFO] send 13933B via direct in 5836ms (0.02 Mbit/s) to 7630fea74f769389
2026-10-06 18:58:14,598 [INFO] [client-2] Round 9 done — loss=0.9605 acc=0.5295  10.8s
2026-10-06 18:58:14,599 [INFO] [client-2] Round 10 — receiving model…
2026-10-06 18:58:14,602 [INFO] send 13933B via direct in 5818ms (0.02 Mbit/s) to 7630fea74f769389
2026-10-06 18:58:14,616 [INFO] [client-9] Round 9 done — loss=1.0129 acc=0.5200  10.7s
2026-10-06 18:58:14,617 [INFO] [client-9] Round 10 — receiving model…
2026-10-06 18:58:14,623 [INFO] send 13933B via direct in 5743ms (0.02 Mbit/s) to 7630fea74f769389
2026-10-06 18:58:14,638 [INFO] [client-4] Round 9 done — loss=1.0104 acc=0.4911  10.8s
2026-10-06 18:58:14,639 [INFO] [client-4] Round 10 — receiving model…
2026-10-06 18:58:18,400 [INFO] recv 13933B via direct in 3196ms
2026-10-06 18:58:18,406 [INFO] [client-6] Round 10 — training locally…
2026-10-06 18:58:18,564 [INFO] [client-6] Round 10 — sending update…
2026-10-06 18:58:18,567 [INFO] recv 13933B via direct in 3182ms
2026-10-06 18:58:18,570 [INFO] [client-1] Round 10 — training locally…
2026-10-06 18:58:18,665 [INFO] [client-1] Round 10 — sending update…
2026-10-06 18:58:18,669 [INFO] recv 13933B via direct in 3082ms
2026-10-06 18:58:18,673 [INFO] [client-7] Round 10 — training locally…
2026-10-06 18:58:18,770 [INFO] [client-7] Round 10 — sending update…
2026-10-06 18:58:18,773 [INFO] recv 13933B via direct in 3004ms
2026-10-06 18:58:18,775 [INFO] [client-4] Round 10 — training locally…
2026-10-06 18:58:18,897 [INFO] [client-4] Round 10 — sending update…
2026-10-06 18:58:18,902 [INFO] recv 13933B via direct in 2953ms
2026-10-06 18:58:18,906 [INFO] [client-2] Round 10 — training locally…
2026-10-06 18:58:19,006 [INFO] [client-2] Round 10 — sending update…
2026-10-06 18:58:19,009 [INFO] recv 13933B via direct in 2861ms
2026-10-06 18:58:19,013 [INFO] [client-0] Round 10 — training locally…
2026-10-06 18:58:19,096 [INFO] [client-0] Round 10 — sending update…
2026-10-06 18:58:19,124 [INFO] recv 13933B via direct in 2774ms
2026-10-06 18:58:19,127 [INFO] [client-3] Round 10 — training locally…
2026-10-06 18:58:19,241 [INFO] [client-3] Round 10 — sending update…
2026-10-06 18:58:19,244 [INFO] recv 13933B via direct in 2711ms
2026-10-06 18:58:19,248 [INFO] [client-5] Round 10 — training locally…
2026-10-06 18:58:19,339 [INFO] [client-5] Round 10 — sending update…
2026-10-06 18:58:19,342 [INFO] recv 13933B via direct in 2629ms
2026-10-06 18:58:19,346 [INFO] [client-8] Round 10 — training locally…
2026-10-06 18:58:19,442 [INFO] [client-8] Round 10 — sending update…
2026-10-06 18:58:19,444 [INFO] recv 13933B via direct in 2428ms
2026-10-06 18:58:19,446 [INFO] [client-9] Round 10 — training locally…
2026-10-06 18:58:19,538 [INFO] [client-9] Round 10 — sending update…
2026-10-06 18:58:19,541 [INFO] send 13933B via direct in 5114ms (0.02 Mbit/s) to 9960f92e8ba1f09a
2026-10-06 18:58:19,542 [INFO] send 13933B via direct in 5113ms (0.02 Mbit/s) to 5d1fb36b6be87214
2026-10-06 18:58:19,543 [INFO] send 13933B via direct in 5112ms (0.02 Mbit/s) to b41f334dbdd5600a
2026-10-06 18:58:19,544 [INFO] send 13933B via direct in 5112ms (0.02 Mbit/s) to 45d1e34209a4f904
2026-10-06 18:58:19,545 [INFO] send 13933B via direct in 5113ms (0.02 Mbit/s) to d1100b0600b021e1
2026-10-06 18:58:19,590 [INFO] send 13933B via direct in 5159ms (0.02 Mbit/s) to a22d2b25c114f00f
2026-10-06 18:58:19,694 [INFO] send 13933B via direct in 5261ms (0.02 Mbit/s) to e2f30bc43f541420
2026-10-06 18:58:19,752 [INFO] send 13933B via direct in 5316ms (0.02 Mbit/s) to a5f83728e013205a
2026-10-06 18:58:19,756 [INFO] send 13933B via direct in 5316ms (0.02 Mbit/s) to b1e2f50d9fc48eb4
2026-10-06 18:58:19,780 [INFO] send 13933B via direct in 5345ms (0.02 Mbit/s) to d350b94907b3f148
2026-10-06 18:58:19,785 [INFO] Round 10 — waiting for 10 updates…
2026-10-06 18:58:23,873 [INFO] recv 13933B via direct in 3496ms
2026-10-06 18:58:24,090 [INFO] recv 13933B via direct in 3442ms
2026-10-06 18:58:24,201 [INFO] recv 13933B via direct in 3285ms
2026-10-06 18:58:24,404 [INFO] recv 13933B via direct in 3245ms
2026-10-06 18:58:24,492 [INFO] recv 13933B via direct in 3149ms
2026-10-06 18:58:24,586 [INFO] recv 13933B via direct in 3036ms
2026-10-06 18:58:24,723 [INFO] recv 13933B via direct in 2928ms
2026-10-06 18:58:24,793 [INFO] recv 13933B via direct in 2777ms
2026-10-06 18:58:24,888 [INFO] send 13933B via direct in 6320ms (0.02 Mbit/s) to 7630fea74f769389
2026-10-06 18:58:24,969 [INFO] [client-6] Round 10 done — loss=1.0165 acc=0.4851  10.5s
2026-10-06 18:58:24,970 [INFO] [client-6] Round 11 — receiving model…
2026-10-06 18:58:25,031 [INFO] recv 13933B via direct in 2604ms
2026-10-06 18:58:25,045 [INFO] send 13933B via direct in 6376ms (0.02 Mbit/s) to 7630fea74f769389
2026-10-06 18:58:25,128 [INFO] [client-1] Round 10 done — loss=1.0595 acc=0.4258  10.7s
2026-10-06 18:58:25,129 [INFO] [client-1] Round 11 — receiving model…
2026-10-06 18:58:25,131 [INFO] send 13933B via direct in 6359ms (0.02 Mbit/s) to 7630fea74f769389
2026-10-06 18:58:25,157 [INFO] [client-7] Round 10 done — loss=1.0310 acc=0.4564  10.8s
2026-10-06 18:58:25,158 [INFO] [client-7] Round 11 — receiving model…
2026-10-06 18:58:25,160 [INFO] send 13933B via direct in 6259ms (0.02 Mbit/s) to 7630fea74f769389
2026-10-06 18:58:25,184 [INFO] [client-4] Round 10 done — loss=1.0195 acc=0.4897  10.5s
2026-10-06 18:58:25,185 [INFO] [client-4] Round 11 — receiving model…
2026-10-06 18:58:25,187 [INFO] recv 13933B via direct in 2170ms
2026-10-06 18:58:25,215 [INFO] Round 10/20  acc=0.4695  loss=1.0615  10.8s  clients=10
2026-10-06 18:58:25,217 [INFO] Round 11 — sending model to 10 clients…
2026-10-06 18:58:25,227 [INFO] send 13933B via direct in 6219ms (0.02 Mbit/s) to 7630fea74f769389
2026-10-06 18:58:25,247 [INFO] [client-2] Round 10 done — loss=0.9694 acc=0.5244  10.6s
2026-10-06 18:58:25,248 [INFO] [client-2] Round 11 — receiving model…
2026-10-06 18:58:25,250 [INFO] send 13933B via direct in 6151ms (0.02 Mbit/s) to 7630fea74f769389
2026-10-06 18:58:25,267 [INFO] [client-0] Round 10 done — loss=1.0534 acc=0.4497  11.1s
2026-10-06 18:58:25,268 [INFO] [client-0] Round 11 — receiving model…
2026-10-06 18:58:25,297 [INFO] send 13933B via direct in 6054ms (0.02 Mbit/s) to 7630fea74f769389
2026-10-06 18:58:25,328 [INFO] [client-3] Round 10 done — loss=1.0426 acc=0.4547  10.9s
2026-10-06 18:58:25,329 [INFO] [client-3] Round 11 — receiving model…
2026-10-06 18:58:25,331 [INFO] send 13933B via direct in 5990ms (0.02 Mbit/s) to 7630fea74f769389
2026-10-06 18:58:25,353 [INFO] [client-5] Round 10 done — loss=0.9774 acc=0.5536  11.0s
2026-10-06 18:58:25,354 [INFO] [client-5] Round 11 — receiving model…
2026-10-06 18:58:25,374 [INFO] send 13933B via direct in 5930ms (0.02 Mbit/s) to 7630fea74f769389
2026-10-06 18:58:25,399 [INFO] [client-8] Round 10 done — loss=0.7646 acc=0.7084  10.9s
2026-10-06 18:58:25,400 [INFO] [client-8] Round 11 — receiving model…
2026-10-06 18:58:25,416 [INFO] send 13933B via direct in 5876ms (0.02 Mbit/s) to 7630fea74f769389
2026-10-06 18:58:25,435 [INFO] [client-9] Round 10 done — loss=1.0069 acc=0.5211  10.8s
2026-10-06 18:58:25,436 [INFO] [client-9] Round 11 — receiving model…
2026-10-06 18:58:29,127 [INFO] recv 13933B via direct in 3138ms
2026-10-06 18:58:29,140 [INFO] [client-4] Round 11 — training locally…
2026-10-06 18:58:29,299 [INFO] [client-4] Round 11 — sending update…
2026-10-06 18:58:29,302 [INFO] recv 13933B via direct in 3113ms
2026-10-06 18:58:29,304 [INFO] [client-2] Round 11 — training locally…
2026-10-06 18:58:29,409 [INFO] [client-2] Round 11 — sending update…
2026-10-06 18:58:29,412 [INFO] recv 13933B via direct in 3041ms
2026-10-06 18:58:29,415 [INFO] [client-3] Round 11 — training locally…
2026-10-06 18:58:29,519 [INFO] [client-3] Round 11 — sending update…
2026-10-06 18:58:29,523 [INFO] recv 13933B via direct in 2970ms
2026-10-06 18:58:29,527 [INFO] [client-5] Round 11 — training locally…
2026-10-06 18:58:29,626 [INFO] [client-5] Round 11 — sending update…
2026-10-06 18:58:29,630 [INFO] recv 13933B via direct in 2877ms
2026-10-06 18:58:29,634 [INFO] [client-8] Round 11 — training locally…
2026-10-06 18:58:29,745 [INFO] [client-8] Round 11 — sending update…
2026-10-06 18:58:29,748 [INFO] recv 13933B via direct in 2793ms
2026-10-06 18:58:29,751 [INFO] [client-0] Round 11 — training locally…
2026-10-06 18:58:29,833 [INFO] [client-0] Round 11 — sending update…
2026-10-06 18:58:29,837 [INFO] recv 13933B via direct in 2702ms
2026-10-06 18:58:29,840 [INFO] [client-9] Round 11 — training locally…
2026-10-06 18:58:29,942 [INFO] [client-9] Round 11 — sending update…
2026-10-06 18:58:29,945 [INFO] recv 13933B via direct in 2629ms
2026-10-06 18:58:29,948 [INFO] [client-6] Round 11 — training locally…
2026-10-06 18:58:30,060 [INFO] [client-6] Round 11 — sending update…
2026-10-06 18:58:30,063 [INFO] recv 13933B via direct in 2565ms
2026-10-06 18:58:30,065 [INFO] [client-1] Round 11 — training locally…
2026-10-06 18:58:30,186 [INFO] [client-1] Round 11 — sending update…
2026-10-06 18:58:30,190 [INFO] send 13933B via direct in 4970ms (0.02 Mbit/s) to b41f334dbdd5600a
2026-10-06 18:58:30,191 [INFO] send 13933B via direct in 4969ms (0.02 Mbit/s) to 45d1e34209a4f904
2026-10-06 18:58:30,192 [INFO] recv 13933B via direct in 2509ms
2026-10-06 18:58:30,194 [INFO] [client-7] Round 11 — training locally…
2026-10-06 18:58:30,294 [INFO] [client-7] Round 11 — sending update…
2026-10-06 18:58:30,297 [INFO] send 13933B via direct in 5075ms (0.02 Mbit/s) to e2f30bc43f541420
2026-10-06 18:58:30,298 [INFO] send 13933B via direct in 5075ms (0.02 Mbit/s) to a5f83728e013205a
2026-10-06 18:58:30,338 [INFO] send 13933B via direct in 5115ms (0.02 Mbit/s) to b1e2f50d9fc48eb4
2026-10-06 18:58:30,392 [INFO] send 13933B via direct in 5167ms (0.02 Mbit/s) to a22d2b25c114f00f
2026-10-06 18:58:30,445 [INFO] send 13933B via direct in 5220ms (0.02 Mbit/s) to d350b94907b3f148
2026-10-06 18:58:30,499 [INFO] send 13933B via direct in 5271ms (0.02 Mbit/s) to 9960f92e8ba1f09a
2026-10-06 18:58:30,597 [INFO] send 13933B via direct in 5369ms (0.02 Mbit/s) to d1100b0600b021e1
2026-10-06 18:58:30,629 [INFO] send 13933B via direct in 5399ms (0.02 Mbit/s) to 5d1fb36b6be87214
2026-10-06 18:58:30,635 [INFO] Round 11 — waiting for 10 updates…
2026-10-06 18:58:34,782 [INFO] recv 13933B via direct in 3543ms
2026-10-06 18:58:34,914 [INFO] recv 13933B via direct in 3486ms
2026-10-06 18:58:35,109 [INFO] recv 13933B via direct in 3395ms
2026-10-06 18:58:35,214 [INFO] recv 13933B via direct in 3300ms
2026-10-06 18:58:35,301 [INFO] recv 13933B via direct in 3160ms
2026-10-06 18:58:35,412 [INFO] recv 13933B via direct in 3067ms
2026-10-06 18:58:35,547 [INFO] recv 13933B via direct in 2980ms
2026-10-06 18:58:35,600 [INFO] recv 13933B via direct in 2828ms
2026-10-06 18:58:35,774 [INFO] recv 13933B via direct in 2713ms
2026-10-06 18:58:35,790 [INFO] send 13933B via direct in 6487ms (0.02 Mbit/s) to 7630fea74f769389
2026-10-06 18:58:35,945 [INFO] [client-4] Round 11 done — loss=1.0103 acc=0.4900  10.8s
2026-10-06 18:58:35,946 [INFO] [client-4] Round 12 — receiving model…
2026-10-06 18:58:35,948 [INFO] send 13933B via direct in 6536ms (0.02 Mbit/s) to 7630fea74f769389
2026-10-06 18:58:35,970 [INFO] [client-2] Round 11 done — loss=0.9598 acc=0.5309  10.7s
2026-10-06 18:58:35,971 [INFO] [client-2] Round 12 — receiving model…
2026-10-06 18:58:35,972 [INFO] recv 13933B via direct in 2291ms
2026-10-06 18:58:35,999 [INFO] Round 11/20  acc=0.4611  loss=1.0653  10.8s  clients=10
2026-10-06 18:58:36,000 [INFO] Round 12 — sending model to 10 clients…
2026-10-06 18:58:36,011 [INFO] send 13933B via direct in 6489ms (0.02 Mbit/s) to 7630fea74f769389
2026-10-06 18:58:36,028 [INFO] [client-3] Round 11 done — loss=1.0387 acc=0.4591  10.7s
2026-10-06 18:58:36,030 [INFO] [client-3] Round 12 — receiving model…
2026-10-06 18:58:36,031 [INFO] send 13933B via direct in 6383ms (0.02 Mbit/s) to 7630fea74f769389
2026-10-06 18:58:36,048 [INFO] [client-5] Round 11 done — loss=0.9750 acc=0.5567  10.7s
2026-10-06 18:58:36,050 [INFO] [client-5] Round 12 — receiving model…
2026-10-06 18:58:36,051 [INFO] send 13933B via direct in 6264ms (0.02 Mbit/s) to 7630fea74f769389
2026-10-06 18:58:36,064 [INFO] [client-8] Round 11 done — loss=0.7651 acc=0.7122  10.7s
2026-10-06 18:58:36,065 [INFO] [client-8] Round 12 — receiving model…
2026-10-06 18:58:36,067 [INFO] send 13933B via direct in 6231ms (0.02 Mbit/s) to 7630fea74f769389
2026-10-06 18:58:36,088 [INFO] [client-0] Round 11 done — loss=1.0531 acc=0.4622  10.8s
2026-10-06 18:58:36,089 [INFO] [client-0] Round 12 — receiving model…
2026-10-06 18:58:36,091 [INFO] send 13933B via direct in 6146ms (0.02 Mbit/s) to 7630fea74f769389
2026-10-06 18:58:36,104 [INFO] [client-9] Round 11 done — loss=1.0119 acc=0.5211  10.7s
2026-10-06 18:58:36,105 [INFO] [client-9] Round 12 — receiving model…
2026-10-06 18:58:36,107 [INFO] send 13933B via direct in 6045ms (0.02 Mbit/s) to 7630fea74f769389
2026-10-06 18:58:36,123 [INFO] [client-6] Round 11 done — loss=1.0099 acc=0.4976  11.2s
2026-10-06 18:58:36,125 [INFO] [client-6] Round 12 — receiving model…
2026-10-06 18:58:36,194 [INFO] send 13933B via direct in 6004ms (0.02 Mbit/s) to 7630fea74f769389
2026-10-06 18:58:36,283 [INFO] [client-1] Round 11 done — loss=1.0633 acc=0.4128  11.2s
2026-10-06 18:58:36,284 [INFO] [client-1] Round 12 — receiving model…
2026-10-06 18:58:36,285 [INFO] send 13933B via direct in 5989ms (0.02 Mbit/s) to 7630fea74f769389
2026-10-06 18:58:36,307 [INFO] [client-7] Round 11 done — loss=1.0338 acc=0.4509  11.1s
2026-10-06 18:58:36,308 [INFO] [client-7] Round 12 — receiving model…
2026-10-06 18:58:39,904 [INFO] recv 13933B via direct in 3142ms
2026-10-06 18:58:39,914 [INFO] [client-1] Round 12 — training locally…
2026-10-06 18:58:40,036 [INFO] [client-1] Round 12 — sending update…
2026-10-06 18:58:40,040 [INFO] recv 13933B via direct in 3098ms
2026-10-06 18:58:40,042 [INFO] [client-9] Round 12 — training locally…
2026-10-06 18:58:40,139 [INFO] [client-9] Round 12 — sending update…
2026-10-06 18:58:40,142 [INFO] recv 13933B via direct in 2997ms
2026-10-06 18:58:40,144 [INFO] [client-6] Round 12 — training locally…
2026-10-06 18:58:40,236 [INFO] [client-6] Round 12 — sending update…
2026-10-06 18:58:40,239 [INFO] recv 13933B via direct in 2913ms
2026-10-06 18:58:40,241 [INFO] [client-0] Round 12 — training locally…
2026-10-06 18:58:40,314 [INFO] [client-0] Round 12 — sending update…
2026-10-06 18:58:40,325 [INFO] recv 13933B via direct in 2818ms
2026-10-06 18:58:40,328 [INFO] [client-4] Round 12 — training locally…
2026-10-06 18:58:40,423 [INFO] [client-4] Round 12 — sending update…
2026-10-06 18:58:40,464 [INFO] recv 13933B via direct in 2753ms
2026-10-06 18:58:40,469 [INFO] [client-7] Round 12 — training locally…
2026-10-06 18:58:40,606 [INFO] [client-7] Round 12 — sending update…
2026-10-06 18:58:40,610 [INFO] recv 13933B via direct in 2719ms
2026-10-06 18:58:40,613 [INFO] [client-2] Round 12 — training locally…
2026-10-06 18:58:40,708 [INFO] [client-2] Round 12 — sending update…
2026-10-06 18:58:40,711 [INFO] recv 13933B via direct in 2637ms
2026-10-06 18:58:40,713 [INFO] [client-8] Round 12 — training locally…
2026-10-06 18:58:40,815 [INFO] [client-8] Round 12 — sending update…
2026-10-06 18:58:40,852 [INFO] recv 13933B via direct in 2596ms
2026-10-06 18:58:40,855 [INFO] [client-5] Round 12 — training locally…
2026-10-06 18:58:40,994 [INFO] [client-5] Round 12 — sending update…
2026-10-06 18:58:40,998 [INFO] send 13933B via direct in 4995ms (0.02 Mbit/s) to d1100b0600b021e1
2026-10-06 18:58:41,000 [INFO] recv 13933B via direct in 2560ms
2026-10-06 18:58:41,002 [INFO] [client-3] Round 12 — training locally…
2026-10-06 18:58:41,132 [INFO] [client-3] Round 12 — sending update…
2026-10-06 18:58:41,134 [INFO] send 13933B via direct in 4993ms (0.02 Mbit/s) to d350b94907b3f148
2026-10-06 18:58:41,137 [INFO] send 13933B via direct in 5131ms (0.02 Mbit/s) to 9960f92e8ba1f09a
2026-10-06 18:58:41,138 [INFO] send 13933B via direct in 5131ms (0.02 Mbit/s) to a22d2b25c114f00f
2026-10-06 18:58:41,139 [INFO] send 13933B via direct in 5130ms (0.02 Mbit/s) to b41f334dbdd5600a
2026-10-06 18:58:41,208 [INFO] send 13933B via direct in 5201ms (0.02 Mbit/s) to 5d1fb36b6be87214
2026-10-06 18:58:41,242 [INFO] send 13933B via direct in 5233ms (0.02 Mbit/s) to 45d1e34209a4f904
2026-10-06 18:58:41,291 [INFO] send 13933B via direct in 5281ms (0.02 Mbit/s) to b1e2f50d9fc48eb4
2026-10-06 18:58:41,389 [INFO] send 13933B via direct in 5379ms (0.02 Mbit/s) to a5f83728e013205a
2026-10-06 18:58:41,424 [INFO] send 13933B via direct in 5410ms (0.02 Mbit/s) to e2f30bc43f541420
2026-10-06 18:58:41,425 [INFO] Round 12 — waiting for 10 updates…
2026-10-06 18:58:45,580 [INFO] recv 13933B via direct in 3532ms
2026-10-06 18:58:45,693 [INFO] recv 13933B via direct in 3460ms
2026-10-06 18:58:45,825 [INFO] recv 13933B via direct in 3344ms
2026-10-06 18:58:45,938 [INFO] recv 13933B via direct in 3276ms
2026-10-06 18:58:46,136 [INFO] recv 13933B via direct in 3224ms
2026-10-06 18:58:46,232 [INFO] recv 13933B via direct in 3131ms
2026-10-06 18:58:46,362 [INFO] recv 13933B via direct in 3022ms
2026-10-06 18:58:46,419 [INFO] recv 13933B via direct in 2875ms
2026-10-06 18:58:46,518 [INFO] recv 13933B via direct in 2687ms
2026-10-06 18:58:46,544 [INFO] send 13933B via direct in 6502ms (0.02 Mbit/s) to 7630fea74f769389
2026-10-06 18:58:46,624 [INFO] [client-1] Round 12 done — loss=1.0584 acc=0.4207  10.3s
2026-10-06 18:58:46,626 [INFO] [client-1] Round 13 — receiving model…
2026-10-06 18:58:46,640 [INFO] send 13933B via direct in 6500ms (0.02 Mbit/s) to 7630fea74f769389
2026-10-06 18:58:46,662 [INFO] [client-9] Round 12 done — loss=1.0106 acc=0.5211  10.6s
2026-10-06 18:58:46,663 [INFO] [client-9] Round 13 — receiving model…
2026-10-06 18:58:46,694 [INFO] send 13933B via direct in 6456ms (0.02 Mbit/s) to 7630fea74f769389
2026-10-06 18:58:46,757 [INFO] [client-6] Round 12 done — loss=1.0166 acc=0.4938  10.6s
2026-10-06 18:58:46,759 [INFO] [client-6] Round 13 — receiving model…
2026-10-06 18:58:46,761 [INFO] send 13933B via direct in 6443ms (0.02 Mbit/s) to 7630fea74f769389
2026-10-06 18:58:46,781 [INFO] [client-0] Round 12 done — loss=1.0537 acc=0.4397  10.7s
2026-10-06 18:58:46,782 [INFO] [client-0] Round 13 — receiving model…
2026-10-06 18:58:46,798 [INFO] recv 13933B via direct in 2163ms
2026-10-06 18:58:46,828 [INFO] Round 12/20  acc=0.4566  loss=1.0693  10.8s  clients=10
2026-10-06 18:58:46,830 [INFO] Round 13 — sending model to 10 clients…
2026-10-06 18:58:46,844 [INFO] send 13933B via direct in 6419ms (0.02 Mbit/s) to 7630fea74f769389
2026-10-06 18:58:46,865 [INFO] [client-4] Round 12 done — loss=1.0112 acc=0.4986  10.9s
2026-10-06 18:58:46,866 [INFO] [client-4] Round 13 — receiving model…
2026-10-06 18:58:46,868 [INFO] send 13933B via direct in 6235ms (0.02 Mbit/s) to 7630fea74f769389
2026-10-06 18:58:46,890 [INFO] [client-7] Round 12 done — loss=1.0300 acc=0.4488  10.6s
2026-10-06 18:58:46,891 [INFO] [client-7] Round 13 — receiving model…
2026-10-06 18:58:46,893 [INFO] send 13933B via direct in 6183ms (0.02 Mbit/s) to 7630fea74f769389
2026-10-06 18:58:46,909 [INFO] [client-2] Round 12 done — loss=0.9647 acc=0.5185  10.9s
2026-10-06 18:58:46,910 [INFO] [client-2] Round 13 — receiving model…
2026-10-06 18:58:46,912 [INFO] send 13933B via direct in 6094ms (0.02 Mbit/s) to 7630fea74f769389
2026-10-06 18:58:46,935 [INFO] [client-8] Round 12 done — loss=0.7621 acc=0.7095  10.9s
2026-10-06 18:58:46,936 [INFO] [client-8] Round 13 — receiving model…
2026-10-06 18:58:46,938 [INFO] send 13933B via direct in 5942ms (0.02 Mbit/s) to 7630fea74f769389
2026-10-06 18:58:46,960 [INFO] [client-5] Round 12 done — loss=0.9730 acc=0.5611  10.9s
2026-10-06 18:58:46,961 [INFO] [client-5] Round 13 — receiving model…
2026-10-06 18:58:47,019 [INFO] send 13933B via direct in 5881ms (0.02 Mbit/s) to 7630fea74f769389
2026-10-06 18:58:47,104 [INFO] [client-3] Round 12 done — loss=1.0455 acc=0.4464  11.1s
2026-10-06 18:58:47,105 [INFO] [client-3] Round 13 — receiving model…
2026-10-06 18:58:50,622 [INFO] recv 13933B via direct in 3107ms
2026-10-06 18:58:50,634 [INFO] [client-8] Round 13 — training locally…
2026-10-06 18:58:50,780 [INFO] [client-8] Round 13 — sending update…
2026-10-06 18:58:50,783 [INFO] recv 13933B via direct in 3071ms
2026-10-06 18:58:50,786 [INFO] [client-0] Round 13 — training locally…
2026-10-06 18:58:50,857 [INFO] [client-0] Round 13 — sending update…
2026-10-06 18:58:50,860 [INFO] recv 13933B via direct in 2964ms
2026-10-06 18:58:50,862 [INFO] [client-4] Round 13 — training locally…
2026-10-06 18:58:50,963 [INFO] [client-4] Round 13 — sending update…
2026-10-06 18:58:50,967 [INFO] recv 13933B via direct in 2888ms
2026-10-06 18:58:50,970 [INFO] [client-1] Round 13 — training locally…
2026-10-06 18:58:51,070 [INFO] [client-1] Round 13 — sending update…
2026-10-06 18:58:51,081 [INFO] recv 13933B via direct in 2820ms
2026-10-06 18:58:51,084 [INFO] [client-6] Round 13 — training locally…
2026-10-06 18:58:51,189 [INFO] [client-6] Round 13 — sending update…
2026-10-06 18:58:51,213 [INFO] recv 13933B via direct in 2772ms
2026-10-06 18:58:51,215 [INFO] [client-2] Round 13 — training locally…
2026-10-06 18:58:51,342 [INFO] [client-2] Round 13 — sending update…
2026-10-06 18:58:51,345 [INFO] recv 13933B via direct in 2721ms
2026-10-06 18:58:51,348 [INFO] [client-7] Round 13 — training locally…
2026-10-06 18:58:51,437 [INFO] [client-7] Round 13 — sending update…
2026-10-06 18:58:51,441 [INFO] recv 13933B via direct in 2618ms
2026-10-06 18:58:51,443 [INFO] [client-5] Round 13 — training locally…
2026-10-06 18:58:51,561 [INFO] [client-5] Round 13 — sending update…
2026-10-06 18:58:51,564 [INFO] recv 13933B via direct in 2559ms
2026-10-06 18:58:51,568 [INFO] [client-3] Round 13 — training locally…
2026-10-06 18:58:51,654 [INFO] [client-3] Round 13 — sending update…
2026-10-06 18:58:51,659 [INFO] send 13933B via direct in 4825ms (0.02 Mbit/s) to b1e2f50d9fc48eb4
2026-10-06 18:58:51,660 [INFO] recv 13933B via direct in 2472ms
2026-10-06 18:58:51,663 [INFO] [client-9] Round 13 — training locally…
2026-10-06 18:58:51,762 [INFO] [client-9] Round 13 — sending update…
2026-10-06 18:58:51,767 [INFO] send 13933B via direct in 4930ms (0.02 Mbit/s) to a22d2b25c114f00f
2026-10-06 18:58:51,768 [INFO] send 13933B via direct in 4928ms (0.02 Mbit/s) to b41f334dbdd5600a
2026-10-06 18:58:51,783 [INFO] send 13933B via direct in 4944ms (0.02 Mbit/s) to d1100b0600b021e1
2026-10-06 18:58:51,860 [INFO] send 13933B via direct in 5018ms (0.02 Mbit/s) to 9960f92e8ba1f09a
2026-10-06 18:58:51,921 [INFO] send 13933B via direct in 5077ms (0.02 Mbit/s) to 45d1e34209a4f904
2026-10-06 18:58:51,952 [INFO] send 13933B via direct in 5107ms (0.02 Mbit/s) to 5d1fb36b6be87214
2026-10-06 18:58:51,997 [INFO] send 13933B via direct in 5154ms (0.02 Mbit/s) to a5f83728e013205a
2026-10-06 18:58:52,047 [INFO] send 13933B via direct in 5202ms (0.02 Mbit/s) to e2f30bc43f541420
2026-10-06 18:58:52,101 [INFO] send 13933B via direct in 5256ms (0.02 Mbit/s) to d350b94907b3f148
2026-10-06 18:58:52,104 [INFO] Round 13 — waiting for 10 updates…
2026-10-06 18:58:56,089 [INFO] recv 13933B via direct in 3418ms
2026-10-06 18:58:56,300 [INFO] recv 13933B via direct in 3405ms
2026-10-06 18:58:56,396 [INFO] recv 13933B via direct in 3316ms
2026-10-06 18:58:56,495 [INFO] recv 13933B via direct in 3215ms
2026-10-06 18:58:56,604 [INFO] recv 13933B via direct in 3097ms
2026-10-06 18:58:56,693 [INFO] recv 13933B via direct in 2958ms
2026-10-06 18:58:56,800 [INFO] recv 13933B via direct in 2861ms
2026-10-06 18:58:56,977 [INFO] recv 13933B via direct in 2816ms
2026-10-06 18:58:57,081 [INFO] recv 13933B via direct in 2741ms
2026-10-06 18:58:57,148 [INFO] send 13933B via direct in 6363ms (0.02 Mbit/s) to 7630fea74f769389
2026-10-06 18:58:57,226 [INFO] [client-8] Round 13 done — loss=0.7622 acc=0.7143  10.3s
2026-10-06 18:58:57,227 [INFO] [client-8] Round 14 — receiving model…
2026-10-06 18:58:57,229 [INFO] send 13933B via direct in 6369ms (0.02 Mbit/s) to 7630fea74f769389
2026-10-06 18:58:57,246 [INFO] [client-0] Round 13 done — loss=1.0550 acc=0.4549  10.5s
2026-10-06 18:58:57,247 [INFO] [client-0] Round 14 — receiving model…
2026-10-06 18:58:57,248 [INFO] recv 13933B via direct in 2497ms
2026-10-06 18:58:57,264 [INFO] Round 13/20  acc=0.4583  loss=1.0684  10.4s  clients=10
2026-10-06 18:58:57,265 [INFO] Round 14 — sending model to 10 clients…
2026-10-06 18:58:57,275 [INFO] send 13933B via direct in 6282ms (0.02 Mbit/s) to 7630fea74f769389
2026-10-06 18:58:57,293 [INFO] [client-4] Round 13 done — loss=1.0096 acc=0.5007  10.4s
2026-10-06 18:58:57,294 [INFO] [client-4] Round 14 — receiving model…
2026-10-06 18:58:57,296 [INFO] send 13933B via direct in 6222ms (0.02 Mbit/s) to 7630fea74f769389
2026-10-06 18:58:57,314 [INFO] [client-1] Round 13 done — loss=1.0546 acc=0.4306  10.7s
2026-10-06 18:58:57,315 [INFO] [client-1] Round 14 — receiving model…
2026-10-06 18:58:57,316 [INFO] send 13933B via direct in 6124ms (0.02 Mbit/s) to 7630fea74f769389
2026-10-06 18:58:57,330 [INFO] [client-6] Round 13 done — loss=1.0108 acc=0.5042  10.6s
2026-10-06 18:58:57,331 [INFO] [client-6] Round 14 — receiving model…
2026-10-06 18:58:57,334 [INFO] send 13933B via direct in 5990ms (0.02 Mbit/s) to 7630fea74f769389
2026-10-06 18:58:57,354 [INFO] [client-2] Round 13 done — loss=0.9632 acc=0.5230  10.4s
2026-10-06 18:58:57,354 [INFO] [client-2] Round 14 — receiving model…
2026-10-06 18:58:57,364 [INFO] send 13933B via direct in 5923ms (0.02 Mbit/s) to 7630fea74f769389
2026-10-06 18:58:57,381 [INFO] [client-7] Round 13 done — loss=1.0267 acc=0.4461  10.5s
2026-10-06 18:58:57,382 [INFO] [client-7] Round 14 — receiving model…
2026-10-06 18:58:57,426 [INFO] send 13933B via direct in 5863ms (0.02 Mbit/s) to 7630fea74f769389
2026-10-06 18:58:57,490 [INFO] [client-5] Round 13 done — loss=0.9843 acc=0.5536  10.5s
2026-10-06 18:58:57,492 [INFO] [client-5] Round 14 — receiving model…
2026-10-06 18:58:57,494 [INFO] send 13933B via direct in 5836ms (0.02 Mbit/s) to 7630fea74f769389
2026-10-06 18:58:57,512 [INFO] [client-3] Round 13 done — loss=1.0449 acc=0.4560  10.4s
2026-10-06 18:58:57,513 [INFO] [client-3] Round 14 — receiving model…
2026-10-06 18:58:57,514 [INFO] send 13933B via direct in 5728ms (0.02 Mbit/s) to 7630fea74f769389
2026-10-06 18:58:57,539 [INFO] [client-9] Round 13 done — loss=1.0115 acc=0.5246  10.9s
2026-10-06 18:58:57,540 [INFO] [client-9] Round 14 — receiving model…
2026-10-06 18:59:01,186 [INFO] recv 13933B via direct in 3124ms
2026-10-06 18:59:01,190 [INFO] [client-5] Round 14 — training locally…
2026-10-06 18:59:01,308 [INFO] [client-5] Round 14 — sending update…
2026-10-06 18:59:01,311 [INFO] recv 13933B via direct in 3048ms
2026-10-06 18:59:01,313 [INFO] [client-1] Round 14 — training locally…
2026-10-06 18:59:01,397 [INFO] [client-1] Round 14 — sending update…
2026-10-06 18:59:01,401 [INFO] recv 13933B via direct in 2956ms
2026-10-06 18:59:01,403 [INFO] [client-4] Round 14 — training locally…
2026-10-06 18:59:01,509 [INFO] [client-4] Round 14 — sending update…
2026-10-06 18:59:01,513 [INFO] recv 13933B via direct in 2888ms
2026-10-06 18:59:01,515 [INFO] [client-3] Round 14 — training locally…
2026-10-06 18:59:01,620 [INFO] [client-3] Round 14 — sending update…
2026-10-06 18:59:01,627 [INFO] recv 13933B via direct in 2822ms
2026-10-06 18:59:01,629 [INFO] [client-8] Round 14 — training locally…
2026-10-06 18:59:01,726 [INFO] [client-8] Round 14 — sending update…
2026-10-06 18:59:01,756 [INFO] recv 13933B via direct in 2767ms
2026-10-06 18:59:01,759 [INFO] [client-0] Round 14 — training locally…
2026-10-06 18:59:01,853 [INFO] [client-0] Round 14 — sending update…
2026-10-06 18:59:01,864 [INFO] recv 13933B via direct in 2693ms
2026-10-06 18:59:01,867 [INFO] [client-7] Round 14 — training locally…
2026-10-06 18:59:01,957 [INFO] [client-7] Round 14 — sending update…
2026-10-06 18:59:01,969 [INFO] recv 13933B via direct in 2618ms
2026-10-06 18:59:01,971 [INFO] [client-2] Round 14 — training locally…
2026-10-06 18:59:02,057 [INFO] [client-2] Round 14 — sending update…
2026-10-06 18:59:02,170 [INFO] recv 13933B via direct in 2636ms
2026-10-06 18:59:02,179 [INFO] [client-6] Round 14 — training locally…
2026-10-06 18:59:02,350 [INFO] [client-6] Round 14 — sending update…
2026-10-06 18:59:02,355 [INFO] send 13933B via direct in 5087ms (0.02 Mbit/s) to a5f83728e013205a
2026-10-06 18:59:02,357 [INFO] send 13933B via direct in 5086ms (0.02 Mbit/s) to d1100b0600b021e1
2026-10-06 18:59:02,359 [INFO] recv 13933B via direct in 2641ms
2026-10-06 18:59:02,361 [INFO] [client-9] Round 14 — training locally…
2026-10-06 18:59:02,495 [INFO] [client-9] Round 14 — sending update…
2026-10-06 18:59:02,498 [INFO] send 13933B via direct in 5085ms (0.02 Mbit/s) to b41f334dbdd5600a
2026-10-06 18:59:02,500 [INFO] send 13933B via direct in 5230ms (0.02 Mbit/s) to e2f30bc43f541420
2026-10-06 18:59:02,501 [INFO] send 13933B via direct in 5229ms (0.02 Mbit/s) to b1e2f50d9fc48eb4
2026-10-06 18:59:02,504 [INFO] send 13933B via direct in 5231ms (0.02 Mbit/s) to a22d2b25c114f00f
2026-10-06 18:59:02,554 [INFO] send 13933B via direct in 5280ms (0.02 Mbit/s) to 5d1fb36b6be87214
2026-10-06 18:59:02,603 [INFO] send 13933B via direct in 5329ms (0.02 Mbit/s) to 45d1e34209a4f904
2026-10-06 18:59:02,680 [INFO] send 13933B via direct in 5406ms (0.02 Mbit/s) to 9960f92e8ba1f09a
2026-10-06 18:59:02,712 [INFO] send 13933B via direct in 5436ms (0.02 Mbit/s) to d350b94907b3f148
2026-10-06 18:59:02,718 [INFO] Round 14 — waiting for 10 updates…
2026-10-06 18:59:06,483 [INFO] recv 13933B via direct in 3232ms
2026-10-06 18:59:06,865 [INFO] recv 13933B via direct in 3405ms
2026-10-06 18:59:06,959 [INFO] recv 13933B via direct in 3254ms
2026-10-06 18:59:07,064 [INFO] recv 13933B via direct in 3160ms
2026-10-06 18:59:07,231 [INFO] recv 13933B via direct in 3077ms
2026-10-06 18:59:07,337 [INFO] recv 13933B via direct in 2996ms
2026-10-06 18:59:07,507 [INFO] recv 13933B via direct in 2945ms
2026-10-06 18:59:07,648 [INFO] recv 13933B via direct in 2900ms
2026-10-06 18:59:07,663 [INFO] send 13933B via direct in 6352ms (0.02 Mbit/s) to 7630fea74f769389
2026-10-06 18:59:07,729 [INFO] [client-5] Round 14 done — loss=0.9767 acc=0.5573  10.2s
2026-10-06 18:59:07,730 [INFO] [client-5] Round 15 — receiving model…
2026-10-06 18:59:07,752 [INFO] recv 13933B via direct in 2645ms
2026-10-06 18:59:07,850 [INFO] send 13933B via direct in 6448ms (0.02 Mbit/s) to 7630fea74f769389
2026-10-06 18:59:07,880 [INFO] [client-1] Round 14 done — loss=1.0561 acc=0.4241  10.6s
2026-10-06 18:59:07,883 [INFO] [client-1] Round 15 — receiving model…
2026-10-06 18:59:07,886 [INFO] send 13933B via direct in 6373ms (0.02 Mbit/s) to 7630fea74f769389
2026-10-06 18:59:07,910 [INFO] [client-4] Round 14 done — loss=1.0143 acc=0.4914  10.6s
2026-10-06 18:59:07,911 [INFO] [client-4] Round 15 — receiving model…
2026-10-06 18:59:07,913 [INFO] send 13933B via direct in 6290ms (0.02 Mbit/s) to 7630fea74f769389
2026-10-06 18:59:07,932 [INFO] [client-3] Round 14 done — loss=1.0418 acc=0.4512  10.4s
2026-10-06 18:59:07,933 [INFO] [client-3] Round 15 — receiving model…
2026-10-06 18:59:07,941 [INFO] recv 13933B via direct in 2160ms
2026-10-06 18:59:07,963 [INFO] Round 14/20  acc=0.4726  loss=1.0549  10.7s  clients=10
2026-10-06 18:59:07,964 [INFO] Round 15 — sending model to 10 clients…
2026-10-06 18:59:07,973 [INFO] send 13933B via direct in 6244ms (0.02 Mbit/s) to 7630fea74f769389
2026-10-06 18:59:07,988 [INFO] [client-8] Round 14 done — loss=0.7633 acc=0.7084  10.8s
2026-10-06 18:59:07,989 [INFO] [client-8] Round 15 — receiving model…
2026-10-06 18:59:07,999 [INFO] send 13933B via direct in 6144ms (0.02 Mbit/s) to 7630fea74f769389
2026-10-06 18:59:08,021 [INFO] [client-0] Round 14 done — loss=1.0517 acc=0.4570  10.8s
2026-10-06 18:59:08,022 [INFO] [client-0] Round 15 — receiving model…
2026-10-06 18:59:08,035 [INFO] send 13933B via direct in 6076ms (0.02 Mbit/s) to 7630fea74f769389
2026-10-06 18:59:08,054 [INFO] [client-7] Round 14 done — loss=1.0307 acc=0.4471  10.7s
2026-10-06 18:59:08,055 [INFO] [client-7] Round 15 — receiving model…
2026-10-06 18:59:08,094 [INFO] send 13933B via direct in 6034ms (0.02 Mbit/s) to 7630fea74f769389
2026-10-06 18:59:08,147 [INFO] [client-2] Round 14 done — loss=0.9562 acc=0.5278  10.8s
2026-10-06 18:59:08,149 [INFO] [client-2] Round 15 — receiving model…
2026-10-06 18:59:08,152 [INFO] send 13933B via direct in 5798ms (0.02 Mbit/s) to 7630fea74f769389
2026-10-06 18:59:08,174 [INFO] [client-6] Round 14 done — loss=1.0113 acc=0.4868  10.8s
2026-10-06 18:59:08,175 [INFO] [client-6] Round 15 — receiving model…
2026-10-06 18:59:08,181 [INFO] send 13933B via direct in 5683ms (0.02 Mbit/s) to 7630fea74f769389
2026-10-06 18:59:08,196 [INFO] [client-9] Round 14 done — loss=1.0128 acc=0.5256  10.7s
2026-10-06 18:59:08,197 [INFO] [client-9] Round 15 — receiving model…
2026-10-06 18:59:11,833 [INFO] recv 13933B via direct in 3143ms
2026-10-06 18:59:11,843 [INFO] [client-9] Round 15 — training locally…
2026-10-06 18:59:11,985 [INFO] [client-9] Round 15 — sending update…
2026-10-06 18:59:11,988 [INFO] recv 13933B via direct in 3101ms
2026-10-06 18:59:11,990 [INFO] [client-2] Round 15 — training locally…
2026-10-06 18:59:12,083 [INFO] [client-2] Round 15 — sending update…
2026-10-06 18:59:12,086 [INFO] recv 13933B via direct in 3018ms
2026-10-06 18:59:12,089 [INFO] [client-6] Round 15 — training locally…
2026-10-06 18:59:12,180 [INFO] [client-6] Round 15 — sending update…
2026-10-06 18:59:12,184 [INFO] recv 13933B via direct in 2934ms
2026-10-06 18:59:12,186 [INFO] [client-1] Round 15 — training locally…
2026-10-06 18:59:12,280 [INFO] [client-1] Round 15 — sending update…
2026-10-06 18:59:12,285 [INFO] recv 13933B via direct in 2853ms
2026-10-06 18:59:12,287 [INFO] [client-5] Round 15 — training locally…
2026-10-06 18:59:12,396 [INFO] [client-5] Round 15 — sending update…
2026-10-06 18:59:12,409 [INFO] recv 13933B via direct in 2797ms
2026-10-06 18:59:12,412 [INFO] [client-0] Round 15 — training locally…
2026-10-06 18:59:12,513 [INFO] [client-0] Round 15 — sending update…
2026-10-06 18:59:12,517 [INFO] recv 13933B via direct in 2702ms
2026-10-06 18:59:12,522 [INFO] [client-3] Round 15 — training locally…
2026-10-06 18:59:12,623 [INFO] [client-3] Round 15 — sending update…
2026-10-06 18:59:12,645 [INFO] recv 13933B via direct in 2648ms
2026-10-06 18:59:12,648 [INFO] [client-8] Round 15 — training locally…
2026-10-06 18:59:12,759 [INFO] [client-8] Round 15 — sending update…
2026-10-06 18:59:12,777 [INFO] recv 13933B via direct in 2579ms
2026-10-06 18:59:12,779 [INFO] [client-7] Round 15 — training locally…
2026-10-06 18:59:12,880 [INFO] [client-7] Round 15 — sending update…
2026-10-06 18:59:12,884 [INFO] send 13933B via direct in 4916ms (0.02 Mbit/s) to d350b94907b3f148
2026-10-06 18:59:12,885 [INFO] send 13933B via direct in 4915ms (0.02 Mbit/s) to 45d1e34209a4f904
2026-10-06 18:59:12,886 [INFO] recv 13933B via direct in 2504ms
2026-10-06 18:59:12,889 [INFO] [client-4] Round 15 — training locally…
2026-10-06 18:59:12,978 [INFO] [client-4] Round 15 — sending update…
2026-10-06 18:59:12,983 [INFO] send 13933B via direct in 5014ms (0.02 Mbit/s) to 9960f92e8ba1f09a
2026-10-06 18:59:12,984 [INFO] send 13933B via direct in 5013ms (0.02 Mbit/s) to d1100b0600b021e1
2026-10-06 18:59:13,010 [INFO] send 13933B via direct in 5040ms (0.02 Mbit/s) to a5f83728e013205a
2026-10-06 18:59:13,096 [INFO] send 13933B via direct in 5123ms (0.02 Mbit/s) to a22d2b25c114f00f
2026-10-06 18:59:13,124 [INFO] send 13933B via direct in 5152ms (0.02 Mbit/s) to e2f30bc43f541420
2026-10-06 18:59:13,203 [INFO] send 13933B via direct in 5229ms (0.02 Mbit/s) to b1e2f50d9fc48eb4
2026-10-06 18:59:13,280 [INFO] send 13933B via direct in 5303ms (0.02 Mbit/s) to 5d1fb36b6be87214
2026-10-06 18:59:13,289 [INFO] send 13933B via direct in 5314ms (0.02 Mbit/s) to b41f334dbdd5600a
2026-10-06 18:59:13,293 [INFO] Round 15 — waiting for 10 updates…
2026-10-06 18:59:17,275 [INFO] recv 13933B via direct in 3402ms
2026-10-06 18:59:17,393 [INFO] recv 13933B via direct in 3296ms
2026-10-06 18:59:17,601 [INFO] recv 13933B via direct in 3237ms
2026-10-06 18:59:17,709 [INFO] recv 13933B via direct in 3166ms
2026-10-06 18:59:17,827 [INFO] recv 13933B via direct in 3036ms
2026-10-06 18:59:17,935 [INFO] recv 13933B via direct in 2960ms
2026-10-06 18:59:18,060 [INFO] recv 13933B via direct in 2900ms
2026-10-06 18:59:18,152 [INFO] recv 13933B via direct in 2790ms
2026-10-06 18:59:18,254 [INFO] recv 13933B via direct in 2683ms
2026-10-06 18:59:18,263 [INFO] send 13933B via direct in 6276ms (0.02 Mbit/s) to 7630fea74f769389
2026-10-06 18:59:18,343 [INFO] [client-9] Round 15 done — loss=1.0124 acc=0.5190  10.1s
2026-10-06 18:59:18,344 [INFO] [client-9] Round 16 — receiving model…
2026-10-06 18:59:18,357 [INFO] send 13933B via direct in 6271ms (0.02 Mbit/s) to 7630fea74f769389
2026-10-06 18:59:18,376 [INFO] [client-2] Round 15 done — loss=0.9562 acc=0.5354  10.2s
2026-10-06 18:59:18,377 [INFO] [client-2] Round 16 — receiving model…
2026-10-06 18:59:18,440 [INFO] recv 13933B via direct in 2267ms
2026-10-06 18:59:18,542 [INFO] Round 15/20  acc=0.4569  loss=1.0684  10.6s  clients=10
2026-10-06 18:59:18,543 [INFO] Round 16 — sending model to 10 clients…
2026-10-06 18:59:18,557 [INFO] send 13933B via direct in 6373ms (0.02 Mbit/s) to 7630fea74f769389
2026-10-06 18:59:18,589 [INFO] [client-6] Round 15 done — loss=1.0096 acc=0.4944  10.4s
2026-10-06 18:59:18,590 [INFO] [client-6] Round 16 — receiving model…
2026-10-06 18:59:18,592 [INFO] send 13933B via direct in 6273ms (0.02 Mbit/s) to 7630fea74f769389
2026-10-06 18:59:18,618 [INFO] [client-1] Round 15 done — loss=1.0627 acc=0.4124  10.7s
2026-10-06 18:59:18,619 [INFO] [client-1] Round 16 — receiving model…
2026-10-06 18:59:18,620 [INFO] send 13933B via direct in 6157ms (0.02 Mbit/s) to 7630fea74f769389
2026-10-06 18:59:18,636 [INFO] [client-5] Round 15 done — loss=0.9697 acc=0.5560  10.9s
2026-10-06 18:59:18,637 [INFO] [client-5] Round 16 — receiving model…
2026-10-06 18:59:18,638 [INFO] send 13933B via direct in 6041ms (0.02 Mbit/s) to 7630fea74f769389
2026-10-06 18:59:18,653 [INFO] [client-0] Round 15 done — loss=1.0503 acc=0.4601  10.6s
2026-10-06 18:59:18,654 [INFO] [client-0] Round 16 — receiving model…
2026-10-06 18:59:18,656 [INFO] send 13933B via direct in 6031ms (0.02 Mbit/s) to 7630fea74f769389
2026-10-06 18:59:18,681 [INFO] [client-3] Round 15 done — loss=1.0405 acc=0.4602  10.7s
2026-10-06 18:59:18,682 [INFO] [client-3] Round 16 — receiving model…
2026-10-06 18:59:18,684 [INFO] send 13933B via direct in 5894ms (0.02 Mbit/s) to 7630fea74f769389
2026-10-06 18:59:18,700 [INFO] [client-8] Round 15 done — loss=0.7702 acc=0.7115  10.7s
2026-10-06 18:59:18,702 [INFO] [client-8] Round 16 — receiving model…
2026-10-06 18:59:18,703 [INFO] send 13933B via direct in 5821ms (0.02 Mbit/s) to 7630fea74f769389
2026-10-06 18:59:18,722 [INFO] [client-7] Round 15 done — loss=1.0302 acc=0.4502  10.7s
2026-10-06 18:59:18,723 [INFO] [client-7] Round 16 — receiving model…
2026-10-06 18:59:18,724 [INFO] send 13933B via direct in 5743ms (0.02 Mbit/s) to 7630fea74f769389
2026-10-06 18:59:18,741 [INFO] [client-4] Round 15 done — loss=1.0120 acc=0.4962  10.8s
2026-10-06 18:59:18,742 [INFO] [client-4] Round 16 — receiving model…
2026-10-06 18:59:22,420 [INFO] recv 13933B via direct in 3163ms
2026-10-06 18:59:22,441 [INFO] [client-5] Round 16 — training locally…
2026-10-06 18:59:22,616 [INFO] [client-5] Round 16 — sending update…
2026-10-06 18:59:22,620 [INFO] recv 13933B via direct in 3166ms
2026-10-06 18:59:22,622 [INFO] [client-1] Round 16 — training locally…
2026-10-06 18:59:22,741 [INFO] [client-1] Round 16 — sending update…
2026-10-06 18:59:22,747 [INFO] recv 13933B via direct in 3093ms
2026-10-06 18:59:22,751 [INFO] [client-2] Round 16 — training locally…
2026-10-06 18:59:22,844 [INFO] [client-2] Round 16 — sending update…
2026-10-06 18:59:22,846 [INFO] recv 13933B via direct in 2911ms
2026-10-06 18:59:22,849 [INFO] [client-8] Round 16 — training locally…
2026-10-06 18:59:22,937 [INFO] [client-8] Round 16 — sending update…
2026-10-06 18:59:22,940 [INFO] recv 13933B via direct in 2922ms
2026-10-06 18:59:22,942 [INFO] [client-6] Round 16 — training locally…
2026-10-06 18:59:23,042 [INFO] [client-6] Round 16 — sending update…
2026-10-06 18:59:23,046 [INFO] recv 13933B via direct in 2826ms
2026-10-06 18:59:23,049 [INFO] [client-0] Round 16 — training locally…
2026-10-06 18:59:23,125 [INFO] [client-0] Round 16 — sending update…
2026-10-06 18:59:23,128 [INFO] recv 13933B via direct in 2725ms
2026-10-06 18:59:23,130 [INFO] [client-7] Round 16 — training locally…
2026-10-06 18:59:23,233 [INFO] [client-7] Round 16 — sending update…
2026-10-06 18:59:23,293 [INFO] recv 13933B via direct in 2704ms
2026-10-06 18:59:23,303 [INFO] [client-9] Round 16 — training locally…
2026-10-06 18:59:23,471 [INFO] [client-9] Round 16 — sending update…
2026-10-06 18:59:23,478 [INFO] send 13933B via direct in 4930ms (0.02 Mbit/s) to a5f83728e013205a
2026-10-06 18:59:23,479 [INFO] send 13933B via direct in 4929ms (0.02 Mbit/s) to d1100b0600b021e1
2026-10-06 18:59:23,480 [INFO] recv 13933B via direct in 2708ms
2026-10-06 18:59:23,482 [INFO] [client-4] Round 16 — training locally…
2026-10-06 18:59:23,578 [INFO] [client-4] Round 16 — sending update…
2026-10-06 18:59:23,582 [INFO] recv 13933B via direct in 2530ms
2026-10-06 18:59:23,584 [INFO] [client-3] Round 16 — training locally…
2026-10-06 18:59:23,707 [INFO] [client-3] Round 16 — sending update…
2026-10-06 18:59:23,712 [INFO] send 13933B via direct in 5161ms (0.02 Mbit/s) to 45d1e34209a4f904
2026-10-06 18:59:23,713 [INFO] send 13933B via direct in 5160ms (0.02 Mbit/s) to b1e2f50d9fc48eb4
2026-10-06 18:59:23,714 [INFO] send 13933B via direct in 5160ms (0.02 Mbit/s) to 9960f92e8ba1f09a
2026-10-06 18:59:23,715 [INFO] send 13933B via direct in 5159ms (0.02 Mbit/s) to a22d2b25c114f00f
2026-10-06 18:59:23,726 [INFO] send 13933B via direct in 5173ms (0.02 Mbit/s) to 5d1fb36b6be87214
2026-10-06 18:59:23,834 [INFO] send 13933B via direct in 5276ms (0.02 Mbit/s) to d350b94907b3f148
2026-10-06 18:59:23,866 [INFO] send 13933B via direct in 5309ms (0.02 Mbit/s) to b41f334dbdd5600a
2026-10-06 18:59:23,894 [INFO] send 13933B via direct in 5337ms (0.02 Mbit/s) to e2f30bc43f541420
2026-10-06 18:59:23,897 [INFO] Round 16 — waiting for 10 updates…
2026-10-06 18:59:28,040 [INFO] recv 13933B via direct in 3511ms
2026-10-06 18:59:28,277 [INFO] recv 13933B via direct in 3539ms
2026-10-06 18:59:28,360 [INFO] recv 13933B via direct in 3381ms
2026-10-06 18:59:28,455 [INFO] recv 13933B via direct in 3230ms
2026-10-06 18:59:28,653 [INFO] recv 13933B via direct in 3196ms
2026-10-06 18:59:28,832 [INFO] recv 13933B via direct in 3150ms
2026-10-06 18:59:28,885 [INFO] recv 13933B via direct in 3005ms
2026-10-06 18:59:28,942 [INFO] recv 13933B via direct in 2849ms
2026-10-06 18:59:28,970 [INFO] send 13933B via direct in 6350ms (0.02 Mbit/s) to 7630fea74f769389
2026-10-06 18:59:29,025 [INFO] [client-5] Round 16 done — loss=0.9748 acc=0.5525  10.4s
2026-10-06 18:59:29,026 [INFO] [client-5] Round 17 — receiving model…
2026-10-06 18:59:29,177 [INFO] recv 13933B via direct in 2603ms
2026-10-06 18:59:29,197 [INFO] send 13933B via direct in 6449ms (0.02 Mbit/s) to 7630fea74f769389
2026-10-06 18:59:29,263 [INFO] [client-1] Round 16 done — loss=1.0592 acc=0.4296  10.6s
2026-10-06 18:59:29,264 [INFO] [client-1] Round 17 — receiving model…
2026-10-06 18:59:29,266 [INFO] send 13933B via direct in 6419ms (0.02 Mbit/s) to 7630fea74f769389
2026-10-06 18:59:29,281 [INFO] [client-2] Round 16 done — loss=0.9598 acc=0.5333  10.9s
2026-10-06 18:59:29,282 [INFO] [client-2] Round 17 — receiving model…
2026-10-06 18:59:29,283 [INFO] send 13933B via direct in 6326ms (0.02 Mbit/s) to 7630fea74f769389
2026-10-06 18:59:29,317 [INFO] [client-8] Round 16 done — loss=0.7669 acc=0.7129  10.6s
2026-10-06 18:59:29,318 [INFO] [client-8] Round 17 — receiving model…
2026-10-06 18:59:29,320 [INFO] send 13933B via direct in 6274ms (0.02 Mbit/s) to 7630fea74f769389
2026-10-06 18:59:29,337 [INFO] [client-6] Round 16 done — loss=1.0126 acc=0.4927  10.7s
2026-10-06 18:59:29,338 [INFO] [client-6] Round 17 — receiving model…
2026-10-06 18:59:29,339 [INFO] recv 13933B via direct in 2129ms
2026-10-06 18:59:29,367 [INFO] Round 16/20  acc=0.4558  loss=1.0707  10.8s  clients=10
2026-10-06 18:59:29,368 [INFO] Round 17 — sending model to 10 clients…
2026-10-06 18:59:29,377 [INFO] send 13933B via direct in 6250ms (0.02 Mbit/s) to 7630fea74f769389
2026-10-06 18:59:29,395 [INFO] [client-0] Round 16 done — loss=1.0558 acc=0.4510  10.7s
2026-10-06 18:59:29,396 [INFO] [client-0] Round 17 — receiving model…
2026-10-06 18:59:29,397 [INFO] send 13933B via direct in 6161ms (0.02 Mbit/s) to 7630fea74f769389
2026-10-06 18:59:29,417 [INFO] [client-7] Round 16 done — loss=1.0294 acc=0.4571  10.7s
2026-10-06 18:59:29,418 [INFO] [client-7] Round 17 — receiving model…
2026-10-06 18:59:29,420 [INFO] send 13933B via direct in 5944ms (0.02 Mbit/s) to 7630fea74f769389
2026-10-06 18:59:29,440 [INFO] [client-9] Round 16 done — loss=1.0125 acc=0.5277  11.1s
2026-10-06 18:59:29,441 [INFO] [client-9] Round 17 — receiving model…
2026-10-06 18:59:29,483 [INFO] send 13933B via direct in 5902ms (0.02 Mbit/s) to 7630fea74f769389
2026-10-06 18:59:29,560 [INFO] [client-4] Round 16 done — loss=1.0147 acc=0.4890  10.8s
2026-10-06 18:59:29,562 [INFO] [client-4] Round 17 — receiving model…
2026-10-06 18:59:29,564 [INFO] send 13933B via direct in 5854ms (0.02 Mbit/s) to 7630fea74f769389
2026-10-06 18:59:29,586 [INFO] [client-3] Round 16 done — loss=1.0415 acc=0.4533  10.9s
2026-10-06 18:59:29,587 [INFO] [client-3] Round 17 — receiving model…
2026-10-06 18:59:33,261 [INFO] recv 13933B via direct in 3157ms
2026-10-06 18:59:33,274 [INFO] [client-0] Round 17 — training locally…
2026-10-06 18:59:33,448 [INFO] [client-0] Round 17 — sending update…
2026-10-06 18:59:33,454 [INFO] recv 13933B via direct in 3154ms
2026-10-06 18:59:33,459 [INFO] [client-1] Round 17 — training locally…
2026-10-06 18:59:33,551 [INFO] [client-1] Round 17 — sending update…
2026-10-06 18:59:33,555 [INFO] recv 13933B via direct in 3073ms
2026-10-06 18:59:33,557 [INFO] [client-7] Round 17 — training locally…
2026-10-06 18:59:33,659 [INFO] [client-7] Round 17 — sending update…
2026-10-06 18:59:33,663 [INFO] recv 13933B via direct in 3000ms
2026-10-06 18:59:33,665 [INFO] [client-5] Round 17 — training locally…
2026-10-06 18:59:33,763 [INFO] [client-5] Round 17 — sending update…
2026-10-06 18:59:33,767 [INFO] recv 13933B via direct in 2900ms
2026-10-06 18:59:33,769 [INFO] [client-4] Round 17 — training locally…
2026-10-06 18:59:33,864 [INFO] [client-4] Round 17 — sending update…
2026-10-06 18:59:33,869 [INFO] recv 13933B via direct in 2819ms
2026-10-06 18:59:33,872 [INFO] [client-9] Round 17 — training locally…
2026-10-06 18:59:33,973 [INFO] [client-9] Round 17 — sending update…
2026-10-06 18:59:33,977 [INFO] recv 13933B via direct in 2727ms
2026-10-06 18:59:33,979 [INFO] [client-2] Round 17 — training locally…
2026-10-06 18:59:34,077 [INFO] [client-2] Round 17 — sending update…
2026-10-06 18:59:34,082 [INFO] recv 13933B via direct in 2650ms
2026-10-06 18:59:34,086 [INFO] [client-3] Round 17 — training locally…
2026-10-06 18:59:34,180 [INFO] [client-3] Round 17 — sending update…
2026-10-06 18:59:34,184 [INFO] recv 13933B via direct in 2553ms
2026-10-06 18:59:34,186 [INFO] [client-8] Round 17 — training locally…
2026-10-06 18:59:34,281 [INFO] [client-8] Round 17 — sending update…
2026-10-06 18:59:34,286 [INFO] send 13933B via direct in 4915ms (0.02 Mbit/s) to a22d2b25c114f00f
2026-10-06 18:59:34,288 [INFO] send 13933B via direct in 4914ms (0.02 Mbit/s) to d1100b0600b021e1
2026-10-06 18:59:34,289 [INFO] recv 13933B via direct in 2474ms
2026-10-06 18:59:34,292 [INFO] [client-6] Round 17 — training locally…
2026-10-06 18:59:34,397 [INFO] [client-6] Round 17 — sending update…
2026-10-06 18:59:34,401 [INFO] send 13933B via direct in 5029ms (0.02 Mbit/s) to 5d1fb36b6be87214
2026-10-06 18:59:34,402 [INFO] send 13933B via direct in 5028ms (0.02 Mbit/s) to a5f83728e013205a
2026-10-06 18:59:34,417 [INFO] send 13933B via direct in 5043ms (0.02 Mbit/s) to b41f334dbdd5600a
2026-10-06 18:59:34,475 [INFO] send 13933B via direct in 5100ms (0.02 Mbit/s) to d350b94907b3f148
2026-10-06 18:59:34,532 [INFO] send 13933B via direct in 5154ms (0.02 Mbit/s) to 45d1e34209a4f904
2026-10-06 18:59:34,585 [INFO] send 13933B via direct in 5206ms (0.02 Mbit/s) to e2f30bc43f541420
2026-10-06 18:59:34,684 [INFO] send 13933B via direct in 5304ms (0.02 Mbit/s) to b1e2f50d9fc48eb4
2026-10-06 18:59:34,711 [INFO] send 13933B via direct in 5333ms (0.02 Mbit/s) to 9960f92e8ba1f09a
2026-10-06 18:59:34,715 [INFO] Round 17 — waiting for 10 updates…
2026-10-06 18:59:38,837 [INFO] recv 13933B via direct in 3510ms
2026-10-06 18:59:38,951 [INFO] recv 13933B via direct in 3438ms
2026-10-06 18:59:39,160 [INFO] recv 13933B via direct in 3384ms
2026-10-06 18:59:39,266 [INFO] recv 13933B via direct in 3303ms
2026-10-06 18:59:39,374 [INFO] recv 13933B via direct in 3167ms
2026-10-06 18:59:39,472 [INFO] recv 13933B via direct in 3035ms
2026-10-06 18:59:39,643 [INFO] recv 13933B via direct in 3008ms
2026-10-06 18:59:39,758 [INFO] recv 13933B via direct in 2896ms
2026-10-06 18:59:39,788 [INFO] recv 13933B via direct in 2740ms
2026-10-06 18:59:39,825 [INFO] send 13933B via direct in 6371ms (0.02 Mbit/s) to 7630fea74f769389
2026-10-06 18:59:39,903 [INFO] [client-0] Round 17 done — loss=1.0548 acc=0.4484  10.5s
2026-10-06 18:59:39,905 [INFO] [client-0] Round 18 — receiving model…
2026-10-06 18:59:39,917 [INFO] send 13933B via direct in 6363ms (0.02 Mbit/s) to 7630fea74f769389
2026-10-06 18:59:39,937 [INFO] [client-1] Round 17 done — loss=1.0582 acc=0.4262  10.7s
2026-10-06 18:59:39,938 [INFO] [client-1] Round 18 — receiving model…
2026-10-06 18:59:39,952 [INFO] recv 13933B via direct in 2207ms
2026-10-06 18:59:39,973 [INFO] Round 17/20  acc=0.4625  loss=1.0634  10.6s  clients=10
2026-10-06 18:59:39,974 [INFO] Round 18 — sending model to 10 clients…
2026-10-06 18:59:39,986 [INFO] send 13933B via direct in 6324ms (0.02 Mbit/s) to 7630fea74f769389
2026-10-06 18:59:40,006 [INFO] [client-7] Round 17 done — loss=1.0278 acc=0.4502  10.6s
2026-10-06 18:59:40,008 [INFO] [client-7] Round 18 — receiving model…
2026-10-06 18:59:40,013 [INFO] send 13933B via direct in 6247ms (0.02 Mbit/s) to 7630fea74f769389
2026-10-06 18:59:40,032 [INFO] [client-5] Round 17 done — loss=0.9778 acc=0.5505  11.0s
2026-10-06 18:59:40,034 [INFO] [client-5] Round 18 — receiving model…
2026-10-06 18:59:40,042 [INFO] send 13933B via direct in 6175ms (0.02 Mbit/s) to 7630fea74f769389
2026-10-06 18:59:40,059 [INFO] [client-4] Round 17 done — loss=1.0109 acc=0.5010  10.5s
2026-10-06 18:59:40,330 [INFO] [client-4] Round 18 — receiving model…
2026-10-06 18:59:40,337 [INFO] send 13933B via direct in 6358ms (0.02 Mbit/s) to 7630fea74f769389
2026-10-06 18:59:40,389 [INFO] [client-9] Round 17 done — loss=1.0137 acc=0.5172  10.9s
2026-10-06 18:59:40,390 [INFO] [client-9] Round 18 — receiving model…
2026-10-06 18:59:40,391 [INFO] send 13933B via direct in 6255ms (0.02 Mbit/s) to 7630fea74f769389
2026-10-06 18:59:40,410 [INFO] [client-2] Round 17 done — loss=0.9647 acc=0.5247  11.1s
2026-10-06 18:59:40,411 [INFO] [client-2] Round 18 — receiving model…
2026-10-06 18:59:40,412 [INFO] send 13933B via direct in 6152ms (0.02 Mbit/s) to 7630fea74f769389
2026-10-06 18:59:40,436 [INFO] [client-3] Round 17 done — loss=1.0432 acc=0.4581  10.8s
2026-10-06 18:59:40,437 [INFO] [client-3] Round 18 — receiving model…
2026-10-06 18:59:40,438 [INFO] send 13933B via direct in 6050ms (0.02 Mbit/s) to 7630fea74f769389
2026-10-06 18:59:40,461 [INFO] [client-8] Round 17 done — loss=0.7610 acc=0.7122  11.1s
2026-10-06 18:59:40,462 [INFO] [client-8] Round 18 — receiving model…
2026-10-06 18:59:40,464 [INFO] send 13933B via direct in 5935ms (0.02 Mbit/s) to 7630fea74f769389
2026-10-06 18:59:40,485 [INFO] [client-6] Round 17 done — loss=1.0129 acc=0.4958  11.1s
2026-10-06 18:59:40,487 [INFO] [client-6] Round 18 — receiving model…
2026-10-06 18:59:43,968 [INFO] recv 13933B via direct in 3139ms
2026-10-06 18:59:43,980 [INFO] [client-9] Round 18 — training locally…
2026-10-06 18:59:44,118 [INFO] [client-9] Round 18 — sending update…
2026-10-06 18:59:44,122 [INFO] recv 13933B via direct in 3113ms
2026-10-06 18:59:44,126 [INFO] [client-5] Round 18 — training locally…
2026-10-06 18:59:44,222 [INFO] [client-5] Round 18 — sending update…
2026-10-06 18:59:44,226 [INFO] recv 13933B via direct in 3040ms
2026-10-06 18:59:44,228 [INFO] [client-7] Round 18 — training locally…
2026-10-06 18:59:44,321 [INFO] [client-7] Round 18 — sending update…
2026-10-06 18:59:44,325 [INFO] recv 13933B via direct in 2955ms
2026-10-06 18:59:44,328 [INFO] [client-8] Round 18 — training locally…
2026-10-06 18:59:44,421 [INFO] [client-8] Round 18 — sending update…
2026-10-06 18:59:44,424 [INFO] recv 13933B via direct in 2873ms
2026-10-06 18:59:44,426 [INFO] [client-4] Round 18 — training locally…
2026-10-06 18:59:44,538 [INFO] [client-4] Round 18 — sending update…
2026-10-06 18:59:44,542 [INFO] recv 13933B via direct in 2808ms
2026-10-06 18:59:44,546 [INFO] [client-1] Round 18 — training locally…
2026-10-06 18:59:44,651 [INFO] [client-1] Round 18 — sending update…
2026-10-06 18:59:44,656 [INFO] recv 13933B via direct in 2739ms
2026-10-06 18:59:44,659 [INFO] [client-6] Round 18 — training locally…
2026-10-06 18:59:44,776 [INFO] [client-6] Round 18 — sending update…
2026-10-06 18:59:44,781 [INFO] recv 13933B via direct in 2684ms
2026-10-06 18:59:44,784 [INFO] [client-2] Round 18 — training locally…
2026-10-06 18:59:44,895 [INFO] [client-2] Round 18 — sending update…
2026-10-06 18:59:44,899 [INFO] recv 13933B via direct in 2600ms
2026-10-06 18:59:44,903 [INFO] [client-3] Round 18 — training locally…
2026-10-06 18:59:45,001 [INFO] [client-3] Round 18 — sending update…
2026-10-06 18:59:45,004 [INFO] send 13933B via direct in 5027ms (0.02 Mbit/s) to d350b94907b3f148
2026-10-06 18:59:45,005 [INFO] send 13933B via direct in 5026ms (0.02 Mbit/s) to a5f83728e013205a
2026-10-06 18:59:45,006 [INFO] recv 13933B via direct in 2503ms
2026-10-06 18:59:45,010 [INFO] [client-0] Round 18 — training locally…
2026-10-06 18:59:45,084 [INFO] [client-0] Round 18 — sending update…
2026-10-06 18:59:45,089 [INFO] send 13933B via direct in 5109ms (0.02 Mbit/s) to 5d1fb36b6be87214
2026-10-06 18:59:45,090 [INFO] send 13933B via direct in 5109ms (0.02 Mbit/s) to b1e2f50d9fc48eb4
2026-10-06 18:59:45,141 [INFO] send 13933B via direct in 5161ms (0.02 Mbit/s) to b41f334dbdd5600a
2026-10-06 18:59:45,227 [INFO] send 13933B via direct in 5245ms (0.02 Mbit/s) to d1100b0600b021e1
2026-10-06 18:59:45,279 [INFO] send 13933B via direct in 5295ms (0.02 Mbit/s) to 9960f92e8ba1f09a
2026-10-06 18:59:45,331 [INFO] send 13933B via direct in 5346ms (0.02 Mbit/s) to 45d1e34209a4f904
2026-10-06 18:59:45,380 [INFO] send 13933B via direct in 5395ms (0.02 Mbit/s) to e2f30bc43f541420
2026-10-06 18:59:45,460 [INFO] send 13933B via direct in 5474ms (0.02 Mbit/s) to a22d2b25c114f00f
2026-10-06 18:59:45,466 [INFO] Round 18 — waiting for 10 updates…
2026-10-06 18:59:49,438 [INFO] recv 13933B via direct in 3434ms
2026-10-06 18:59:49,569 [INFO] recv 13933B via direct in 3340ms
2026-10-06 18:59:49,777 [INFO] recv 13933B via direct in 3341ms
2026-10-06 18:59:49,871 [INFO] recv 13933B via direct in 3214ms
2026-10-06 18:59:49,959 [INFO] recv 13933B via direct in 3095ms
2026-10-06 18:59:50,060 [INFO] recv 13933B via direct in 2953ms
2026-10-06 18:59:50,153 [INFO] recv 13933B via direct in 2863ms
2026-10-06 18:59:50,291 [INFO] recv 13933B via direct in 2756ms
2026-10-06 18:59:50,389 [INFO] recv 13933B via direct in 2650ms
2026-10-06 18:59:50,404 [INFO] send 13933B via direct in 6284ms (0.02 Mbit/s) to 7630fea74f769389
2026-10-06 18:59:50,538 [INFO] [client-9] Round 18 done — loss=1.0092 acc=0.5291  10.1s
2026-10-06 18:59:50,539 [INFO] [client-9] Round 19 — receiving model…
2026-10-06 18:59:50,541 [INFO] send 13933B via direct in 6316ms (0.02 Mbit/s) to 7630fea74f769389
2026-10-06 18:59:50,558 [INFO] [client-5] Round 18 done — loss=0.9690 acc=0.5573  10.5s
2026-10-06 18:59:50,559 [INFO] [client-5] Round 19 — receiving model…
2026-10-06 18:59:50,594 [INFO] recv 13933B via direct in 2300ms
2026-10-06 18:59:50,657 [INFO] Round 18/20  acc=0.4678  loss=1.0603  10.7s  clients=10
2026-10-06 18:59:50,659 [INFO] Round 19 — sending model to 10 clients…
2026-10-06 18:59:50,672 [INFO] send 13933B via direct in 6349ms (0.02 Mbit/s) to 7630fea74f769389
2026-10-06 18:59:50,699 [INFO] [client-7] Round 18 done — loss=1.0252 acc=0.4536  10.7s
2026-10-06 18:59:50,701 [INFO] [client-7] Round 19 — receiving model…
2026-10-06 18:59:50,702 [INFO] send 13933B via direct in 6249ms (0.02 Mbit/s) to 7630fea74f769389
2026-10-06 18:59:50,725 [INFO] [client-8] Round 18 done — loss=0.7658 acc=0.7129  10.3s
2026-10-06 18:59:50,726 [INFO] [client-8] Round 19 — receiving model…
2026-10-06 18:59:50,727 [INFO] send 13933B via direct in 6132ms (0.02 Mbit/s) to 7630fea74f769389
2026-10-06 18:59:50,749 [INFO] [client-4] Round 18 done — loss=1.0106 acc=0.4959  10.4s
2026-10-06 18:59:50,750 [INFO] [client-4] Round 19 — receiving model…
2026-10-06 18:59:50,752 [INFO] send 13933B via direct in 6098ms (0.02 Mbit/s) to 7630fea74f769389
2026-10-06 18:59:50,772 [INFO] [client-1] Round 18 done — loss=1.0614 acc=0.4152  10.8s
2026-10-06 18:59:50,773 [INFO] [client-1] Round 19 — receiving model…
2026-10-06 18:59:50,774 [INFO] send 13933B via direct in 5972ms (0.02 Mbit/s) to 7630fea74f769389
2026-10-06 18:59:50,793 [INFO] [client-6] Round 18 done — loss=1.0146 acc=0.4868  10.3s
2026-10-06 18:59:50,794 [INFO] [client-6] Round 19 — receiving model…
2026-10-06 18:59:50,795 [INFO] send 13933B via direct in 5897ms (0.02 Mbit/s) to 7630fea74f769389
2026-10-06 18:59:50,823 [INFO] [client-2] Round 18 done — loss=0.9546 acc=0.5364  10.4s
2026-10-06 18:59:50,824 [INFO] [client-2] Round 19 — receiving model…
2026-10-06 18:59:50,826 [INFO] send 13933B via direct in 5823ms (0.02 Mbit/s) to 7630fea74f769389
2026-10-06 18:59:50,845 [INFO] [client-3] Round 18 done — loss=1.0407 acc=0.4554  10.4s
2026-10-06 18:59:50,846 [INFO] [client-3] Round 19 — receiving model…
2026-10-06 18:59:50,881 [INFO] send 13933B via direct in 5794ms (0.02 Mbit/s) to 7630fea74f769389
2026-10-06 18:59:50,909 [INFO] [client-0] Round 18 done — loss=1.0496 acc=0.4549  11.0s
2026-10-06 18:59:50,910 [INFO] [client-0] Round 19 — receiving model…
2026-10-06 18:59:54,539 [INFO] recv 13933B via direct in 3118ms
2026-10-06 18:59:54,548 [INFO] [client-2] Round 19 — training locally…
2026-10-06 18:59:54,713 [INFO] [client-2] Round 19 — sending update…
2026-10-06 18:59:54,718 [INFO] recv 13933B via direct in 3098ms
2026-10-06 18:59:54,722 [INFO] [client-4] Round 19 — training locally…
2026-10-06 18:59:54,881 [INFO] [client-4] Round 19 — sending update…
2026-10-06 18:59:54,887 [INFO] recv 13933B via direct in 3088ms
2026-10-06 18:59:54,890 [INFO] [client-6] Round 19 — training locally…
2026-10-06 18:59:55,050 [INFO] [client-6] Round 19 — sending update…
2026-10-06 18:59:55,054 [INFO] recv 13933B via direct in 2906ms
2026-10-06 18:59:55,057 [INFO] [client-9] Round 19 — training locally…
2026-10-06 18:59:55,207 [INFO] [client-9] Round 19 — sending update…
2026-10-06 18:59:55,210 [INFO] recv 13933B via direct in 3048ms
2026-10-06 18:59:55,213 [INFO] [client-7] Round 19 — training locally…
2026-10-06 18:59:55,330 [INFO] [client-7] Round 19 — sending update…
2026-10-06 18:59:55,333 [INFO] recv 13933B via direct in 2866ms
2026-10-06 18:59:55,338 [INFO] [client-8] Round 19 — training locally…
2026-10-06 18:59:55,456 [INFO] [client-8] Round 19 — sending update…
2026-10-06 18:59:55,461 [INFO] recv 13933B via direct in 2935ms
2026-10-06 18:59:55,464 [INFO] [client-0] Round 19 — training locally…
2026-10-06 18:59:55,564 [INFO] [client-0] Round 19 — sending update…
2026-10-06 18:59:55,567 [INFO] recv 13933B via direct in 2753ms
2026-10-06 18:59:55,569 [INFO] [client-3] Round 19 — training locally…
2026-10-06 18:59:55,696 [INFO] [client-3] Round 19 — sending update…
2026-10-06 18:59:55,700 [INFO] recv 13933B via direct in 2571ms
2026-10-06 18:59:55,704 [INFO] [client-1] Round 19 — training locally…
2026-10-06 18:59:55,837 [INFO] [client-1] Round 19 — sending update…
2026-10-06 18:59:55,843 [INFO] send 13933B via direct in 5179ms (0.02 Mbit/s) to 45d1e34209a4f904
2026-10-06 18:59:55,844 [INFO] send 13933B via direct in 5178ms (0.02 Mbit/s) to b41f334dbdd5600a
2026-10-06 18:59:55,845 [INFO] send 13933B via direct in 5177ms (0.02 Mbit/s) to 9960f92e8ba1f09a
2026-10-06 18:59:55,846 [INFO] send 13933B via direct in 5177ms (0.02 Mbit/s) to d350b94907b3f148
2026-10-06 18:59:55,847 [INFO] send 13933B via direct in 5176ms (0.02 Mbit/s) to 5d1fb36b6be87214
2026-10-06 18:59:55,848 [INFO] send 13933B via direct in 5174ms (0.02 Mbit/s) to b1e2f50d9fc48eb4
2026-10-06 18:59:55,849 [INFO] recv 13933B via direct in 2754ms
2026-10-06 18:59:55,852 [INFO] [client-5] Round 19 — training locally…
2026-10-06 18:59:55,957 [INFO] [client-5] Round 19 — sending update…
2026-10-06 18:59:55,962 [INFO] send 13933B via direct in 5292ms (0.02 Mbit/s) to a22d2b25c114f00f
2026-10-06 18:59:55,963 [INFO] send 13933B via direct in 5291ms (0.02 Mbit/s) to e2f30bc43f541420
2026-10-06 18:59:55,965 [INFO] send 13933B via direct in 5291ms (0.02 Mbit/s) to d1100b0600b021e1
2026-10-06 18:59:56,053 [INFO] send 13933B via direct in 5379ms (0.02 Mbit/s) to a5f83728e013205a
2026-10-06 18:59:56,057 [INFO] Round 19 — waiting for 10 updates…
2026-10-06 18:59:59,919 [INFO] recv 13933B via direct in 3276ms
2026-10-06 19:00:00,269 [INFO] recv 13933B via direct in 3352ms
2026-10-06 19:00:00,371 [INFO] recv 13933B via direct in 3252ms
2026-10-06 19:00:00,539 [INFO] recv 13933B via direct in 3171ms
2026-10-06 19:00:00,639 [INFO] recv 13933B via direct in 3083ms
2026-10-06 19:00:00,858 [INFO] recv 13933B via direct in 3053ms
2026-10-06 19:00:00,952 [INFO] recv 13933B via direct in 2904ms
2026-10-06 19:00:01,077 [INFO] send 13933B via direct in 6360ms (0.02 Mbit/s) to 7630fea74f769389
2026-10-06 19:00:01,161 [INFO] [client-2] Round 19 done — loss=0.9587 acc=0.5230  10.3s
2026-10-06 19:00:01,162 [INFO] [client-2] Round 20 — receiving model…
2026-10-06 19:00:01,225 [INFO] recv 13933B via direct in 2765ms
2026-10-06 19:00:01,295 [INFO] send 13933B via direct in 6409ms (0.02 Mbit/s) to 7630fea74f769389
2026-10-06 19:00:01,382 [INFO] [client-4] Round 19 done — loss=1.0217 acc=0.4887  10.6s
2026-10-06 19:00:01,383 [INFO] [client-4] Round 20 — receiving model…
2026-10-06 19:00:01,385 [INFO] send 13933B via direct in 6331ms (0.02 Mbit/s) to 7630fea74f769389
2026-10-06 19:00:01,406 [INFO] [client-6] Round 19 done — loss=1.0122 acc=0.4906  10.6s
2026-10-06 19:00:01,407 [INFO] [client-6] Round 20 — receiving model…
2026-10-06 19:00:01,410 [INFO] send 13933B via direct in 6200ms (0.02 Mbit/s) to 7630fea74f769389
2026-10-06 19:00:01,429 [INFO] [client-9] Round 19 done — loss=1.0060 acc=0.5281  10.9s
2026-10-06 19:00:01,430 [INFO] [client-9] Round 20 — receiving model…
2026-10-06 19:00:01,431 [INFO] recv 13933B via direct in 2424ms
2026-10-06 19:00:01,436 [INFO] send 13933B via direct in 6103ms (0.02 Mbit/s) to 7630fea74f769389
2026-10-06 19:00:01,452 [INFO] [client-7] Round 19 done — loss=1.0293 acc=0.4499  10.8s
2026-10-06 19:00:01,453 [INFO] [client-7] Round 20 — receiving model…
2026-10-06 19:00:01,502 [INFO] recv 13933B via direct in 2141ms
2026-10-06 19:00:01,573 [INFO] Round 19/20  acc=0.4684  loss=1.0605  10.9s  clients=10
2026-10-06 19:00:01,574 [INFO] Round 20 — sending model to 10 clients…
2026-10-06 19:00:01,585 [INFO] send 13933B via direct in 6127ms (0.02 Mbit/s) to 7630fea74f769389
2026-10-06 19:00:01,600 [INFO] [client-8] Round 19 done — loss=0.7587 acc=0.7102  10.9s
2026-10-06 19:00:01,601 [INFO] [client-8] Round 20 — receiving model…
2026-10-06 19:00:01,602 [INFO] send 13933B via direct in 6019ms (0.02 Mbit/s) to 7630fea74f769389
2026-10-06 19:00:01,620 [INFO] [client-0] Round 19 done — loss=1.0495 acc=0.4540  10.7s
2026-10-06 19:00:01,621 [INFO] [client-0] Round 20 — receiving model…
2026-10-06 19:00:01,627 [INFO] send 13933B via direct in 5927ms (0.02 Mbit/s) to 7630fea74f769389
2026-10-06 19:00:01,650 [INFO] [client-3] Round 19 done — loss=1.0398 acc=0.4485  10.8s
2026-10-06 19:00:01,651 [INFO] [client-3] Round 20 — receiving model…
2026-10-06 19:00:01,674 [INFO] send 13933B via direct in 5835ms (0.02 Mbit/s) to 7630fea74f769389
2026-10-06 19:00:01,699 [INFO] [client-1] Round 19 done — loss=1.0581 acc=0.4286  10.9s
2026-10-06 19:00:01,700 [INFO] [client-1] Round 20 — receiving model…
2026-10-06 19:00:01,708 [INFO] send 13933B via direct in 5748ms (0.02 Mbit/s) to 7630fea74f769389
2026-10-06 19:00:01,722 [INFO] [client-5] Round 19 done — loss=0.9659 acc=0.5604  11.2s
2026-10-06 19:00:01,723 [INFO] [client-5] Round 20 — receiving model…
2026-10-06 19:00:05,333 [INFO] recv 13933B via direct in 3097ms
2026-10-06 19:00:05,336 [INFO] [client-7] Round 20 — training locally…
2026-10-06 19:00:05,504 [INFO] [client-7] Round 20 — sending update…
2026-10-06 19:00:05,508 [INFO] recv 13933B via direct in 3073ms
2026-10-06 19:00:05,512 [INFO] [client-6] Round 20 — training locally…
2026-10-06 19:00:05,615 [INFO] [client-6] Round 20 — sending update…
2026-10-06 19:00:05,618 [INFO] recv 13933B via direct in 2999ms
2026-10-06 19:00:05,620 [INFO] [client-4] Round 20 — training locally…
2026-10-06 19:00:05,720 [INFO] [client-4] Round 20 — sending update…
2026-10-06 19:00:05,724 [INFO] recv 13933B via direct in 2926ms
2026-10-06 19:00:05,727 [INFO] [client-2] Round 20 — training locally…
2026-10-06 19:00:05,831 [INFO] [client-2] Round 20 — sending update…
2026-10-06 19:00:05,835 [INFO] recv 13933B via direct in 2855ms
2026-10-06 19:00:05,838 [INFO] [client-0] Round 20 — training locally…
2026-10-06 19:00:05,910 [INFO] [client-0] Round 20 — sending update…
2026-10-06 19:00:05,931 [INFO] recv 13933B via direct in 2772ms
2026-10-06 19:00:05,937 [INFO] [client-1] Round 20 — training locally…
2026-10-06 19:00:06,064 [INFO] [client-1] Round 20 — sending update…
2026-10-06 19:00:06,069 [INFO] recv 13933B via direct in 2727ms
2026-10-06 19:00:06,072 [INFO] [client-8] Round 20 — training locally…
2026-10-06 19:00:06,157 [INFO] [client-8] Round 20 — sending update…
2026-10-06 19:00:06,162 [INFO] recv 13933B via direct in 2638ms
2026-10-06 19:00:06,165 [INFO] [client-9] Round 20 — training locally…
2026-10-06 19:00:06,260 [INFO] [client-9] Round 20 — sending update…
2026-10-06 19:00:06,264 [INFO] recv 13933B via direct in 2559ms
2026-10-06 19:00:06,268 [INFO] [client-3] Round 20 — training locally…
2026-10-06 19:00:06,382 [INFO] [client-3] Round 20 — sending update…
2026-10-06 19:00:06,385 [INFO] recv 13933B via direct in 2497ms
2026-10-06 19:00:06,389 [INFO] [client-5] Round 20 — training locally…
2026-10-06 19:00:06,486 [INFO] [client-5] Round 20 — sending update…
2026-10-06 19:00:06,490 [INFO] send 13933B via direct in 4911ms (0.02 Mbit/s) to 5d1fb36b6be87214
2026-10-06 19:00:06,491 [INFO] send 13933B via direct in 4910ms (0.02 Mbit/s) to 9960f92e8ba1f09a
2026-10-06 19:00:06,492 [INFO] send 13933B via direct in 4910ms (0.02 Mbit/s) to b41f334dbdd5600a
2026-10-06 19:00:06,514 [INFO] send 13933B via direct in 4934ms (0.02 Mbit/s) to 45d1e34209a4f904
2026-10-06 19:00:06,596 [INFO] send 13933B via direct in 5013ms (0.02 Mbit/s) to a22d2b25c114f00f
2026-10-06 19:00:06,675 [INFO] send 13933B via direct in 5091ms (0.02 Mbit/s) to d1100b0600b021e1
2026-10-06 19:00:06,706 [INFO] send 13933B via direct in 5122ms (0.02 Mbit/s) to b1e2f50d9fc48eb4
2026-10-06 19:00:06,756 [INFO] send 13933B via direct in 5170ms (0.02 Mbit/s) to d350b94907b3f148
2026-10-06 19:00:06,804 [INFO] send 13933B via direct in 5219ms (0.02 Mbit/s) to e2f30bc43f541420
2026-10-06 19:00:06,902 [INFO] send 13933B via direct in 5315ms (0.02 Mbit/s) to a5f83728e013205a
2026-10-06 19:00:06,907 [INFO] Round 20 — waiting for 10 updates…
2026-10-06 19:00:10,939 [INFO] recv 13933B via direct in 3472ms
2026-10-06 19:00:11,173 [INFO] recv 13933B via direct in 3498ms
2026-10-06 19:00:11,270 [INFO] recv 13933B via direct in 3372ms
2026-10-06 19:00:11,370 [INFO] recv 13933B via direct in 3229ms
2026-10-06 19:00:11,479 [INFO] recv 13933B via direct in 3155ms
2026-10-06 19:00:11,572 [INFO] recv 13933B via direct in 3058ms
2026-10-06 19:00:11,676 [INFO] recv 13933B via direct in 2923ms
2026-10-06 19:00:11,817 [INFO] recv 13933B via direct in 2875ms
2026-10-06 19:00:11,901 [INFO] recv 13933B via direct in 2737ms
2026-10-06 19:00:11,989 [INFO] send 13933B via direct in 6479ms (0.02 Mbit/s) to 7630fea74f769389
2026-10-06 19:00:12,080 [INFO] [client-7] Round 20 done — loss=1.0259 acc=0.4471  10.6s
2026-10-06 19:00:12,083 [INFO] send 13933B via direct in 6466ms (0.02 Mbit/s) to 7630fea74f769389
2026-10-06 19:00:12,112 [INFO] [client-6] Round 20 done — loss=1.0150 acc=0.4892  10.7s
2026-10-06 19:00:12,114 [INFO] recv 13933B via direct in 2508ms
2026-10-06 19:00:12,139 [INFO] Round 20/20  acc=0.4673  loss=1.0615  10.6s  clients=10
2026-10-06 19:00:12,141 [INFO] send 13933B via direct in 6391ms (0.02 Mbit/s) to 7630fea74f769389
2026-10-06 19:00:12,156 [INFO] [client-4] Round 20 done — loss=1.0150 acc=0.4845  10.8s
2026-10-06 19:00:12,159 [INFO] send 13933B via direct in 6324ms (0.02 Mbit/s) to 7630fea74f769389
2026-10-06 19:00:12,186 [INFO] [client-2] Round 20 done — loss=0.9582 acc=0.5244  11.0s
2026-10-06 19:00:12,188 [INFO] send 13933B via direct in 6274ms (0.02 Mbit/s) to 7630fea74f769389
2026-10-06 19:00:12,211 [INFO] [client-0] Round 20 done — loss=1.0491 acc=0.4609  10.6s
2026-10-06 19:00:12,214 [INFO] send 13933B via direct in 6146ms (0.02 Mbit/s) to 7630fea74f769389
2026-10-06 19:00:12,235 [INFO] [client-1] Round 20 done — loss=1.0600 acc=0.4172  10.5s
2026-10-06 19:00:12,237 [INFO] send 13933B via direct in 6076ms (0.02 Mbit/s) to 7630fea74f769389
2026-10-06 19:00:12,255 [INFO] [client-8] Round 20 done — loss=0.7652 acc=0.7091  10.7s
2026-10-06 19:00:12,285 [INFO] send 13933B via direct in 6022ms (0.02 Mbit/s) to 7630fea74f769389
2026-10-06 19:00:12,312 [INFO] [client-9] Round 20 done — loss=1.0087 acc=0.5277  10.9s
2026-10-06 19:00:12,314 [INFO] send 13933B via direct in 5929ms (0.02 Mbit/s) to 7630fea74f769389
2026-10-06 19:00:12,338 [INFO] [client-3] Round 20 done — loss=1.0458 acc=0.4578  10.7s
2026-10-06 19:00:12,356 [INFO] send 13933B via direct in 5867ms (0.02 Mbit/s) to 7630fea74f769389
2026-10-06 19:00:12,377 [INFO] [client-5] Round 20 done — loss=0.9697 acc=0.5567  10.7s
2026-10-06 19:00:22,389 [WARNING] Iroh shutdown timed out — abandoning endpoint
2026-10-06 19:00:22,402 [INFO] CoAP server [client-0] stopped
2026-10-06 19:00:29,196 [INFO] CoAP server [client-1] stopped
2026-10-06 19:00:29,768 [INFO] CoAP server [client-2] stopped
2026-10-06 19:00:33,228 [INFO] CoAP server [client-3] stopped
2026-10-06 19:00:33,342 [INFO] CoAP server [client-4] stopped
2026-10-06 19:00:35,860 [INFO] CoAP server [client-5] stopped
2026-10-06 19:00:35,971 [INFO] CoAP server [client-6] stopped
2026-10-06 19:00:36,084 [INFO] CoAP server [client-7] stopped
2026-10-06 19:00:36,200 [INFO] CoAP server [client-8] stopped
2026-10-06 19:00:36,317 [INFO] CoAP server [client-9] stopped
2026-10-06 19:00:46,335 [WARNING] Iroh shutdown timed out — abandoning endpoint
2026-10-06 19:00:46,347 [INFO] CoAP server [server] stopped
2026-10-06 19:00:46,385 [INFO] Exported 20 rows → results/e11/rate_512kbit/e7_airmlp_geographic_round_events.csv
2026-10-06 19:01:17,544 [INFO] AirMLP airmlp_geographic done: {'node_id': 'server', 'architecture': 'B', 'scenario': 'e7_airmlp_geographic', 'rounds_total': 20, 'rounds_success': 20, 'test_acc_final': 0.4672844706543106, 'test_acc_max': 0.472620050547599, 'duration_mean_sec': 14.130745960199055, 'pct_direct': 0.0, 'pct_relay': 0.0, 'bytes_to_aggregator': 2793800}  macro-F1=0.3892  bal-acc=0.4213
2026-10-06 19:01:17,564 [INFO] E11 rate_512kbit: {"condition": "rate_512kbit", "netem": "delay 10ms rate 512kbit", "fl_wall_s": 442.5, "rounds_ok": 20, "rounds": 20, "round_s_median": 10.691, "round_s_max": 80.259, "test_acc_final": 0.4672844706543106, "macro_f1": 0.3891521759500191, "balanced_accuracy": 0.4213467178893991, "xfer_100kB_ok": "10/10", "xfer_100kB_ms_median": 2002.5, "xfer_1000kB_ok": "10/10", "xfer_1000kB_ms_median": 16951.0, "xfer_10000kB_ok": "10/10", "xfer_10000kB_ms_median": 167134.1}
