2026-09-28 23:23:24,194 [INFO] Iroh node started: 319aaa96a27aa1a7  addrs=['10.77.0.1:59978']
2026-09-28 23:23:24,813 [INFO] Iroh node started: 7a33632ea7969a50  addrs=['10.77.0.1:57293']
2026-09-28 23:23:27,964 [INFO] send 100000B via direct in 3143ms (0.25 Mbit/s) to 7a33632ea7969a50
2026-09-28 23:23:27,970 [INFO] recv 100000B via direct in 2018ms
2026-09-28 23:23:33,387 [INFO] send 100000B via direct in 5412ms (0.15 Mbit/s) to 7a33632ea7969a50
2026-09-28 23:23:33,389 [INFO] recv 100000B via direct in 4417ms
2026-09-28 23:23:37,257 [INFO] send 100000B via direct in 3865ms (0.21 Mbit/s) to 7a33632ea7969a50
2026-09-28 23:23:37,264 [INFO] recv 100000B via direct in 2859ms
2026-09-28 23:23:44,686 [INFO] send 100000B via direct in 5592ms (0.14 Mbit/s) to 7a33632ea7969a50
2026-09-28 23:23:44,693 [INFO] recv 100000B via direct in 4590ms
2026-09-28 23:23:53,315 [INFO] send 100000B via direct in 8612ms (0.09 Mbit/s) to 7a33632ea7969a50
2026-09-28 23:23:53,320 [INFO] recv 100000B via direct in 7579ms
2026-09-28 23:23:56,846 [INFO] send 100000B via direct in 3518ms (0.23 Mbit/s) to 7a33632ea7969a50
2026-09-28 23:23:56,854 [INFO] recv 100000B via direct in 2519ms
2026-09-28 23:24:03,671 [INFO] send 100000B via direct in 6807ms (0.12 Mbit/s) to 7a33632ea7969a50
2026-09-28 23:24:03,676 [INFO] recv 100000B via direct in 5836ms
2026-09-28 23:24:10,351 [INFO] send 100000B via direct in 6667ms (0.12 Mbit/s) to 7a33632ea7969a50
2026-09-28 23:24:10,357 [INFO] recv 100000B via direct in 5631ms
2026-09-28 23:24:18,849 [INFO] send 100000B via direct in 6588ms (0.12 Mbit/s) to 7a33632ea7969a50
2026-09-28 23:24:18,854 [INFO] recv 100000B via direct in 5557ms
2026-09-28 23:24:24,457 [INFO] send 100000B via direct in 5595ms (0.14 Mbit/s) to 7a33632ea7969a50
2026-09-28 23:24:24,462 [INFO] recv 100000B via direct in 4531ms
2026-09-28 23:24:39,188 [INFO] send 1000000B via direct in 14712ms (0.54 Mbit/s) to 7a33632ea7969a50
2026-09-28 23:24:39,190 [INFO] recv 1000000B via direct in 13688ms
2026-09-28 23:25:04,797 [INFO] send 1000000B via direct in 24040ms (0.33 Mbit/s) to 7a33632ea7969a50
2026-09-28 23:25:04,800 [INFO] recv 1000000B via direct in 23020ms
2026-09-29 00:08:00,320 [INFO] send 1000000B via direct in 26095ms (0.31 Mbit/s) to 7a33632ea7969a50
2026-09-29 00:08:00,322 [INFO] recv 1000000B via direct in 25086ms
2026-09-29 00:08:49,807 [INFO] send 1000000B via direct in 27854ms (0.29 Mbit/s) to 7a33632ea7969a50
2026-09-29 00:08:49,813 [INFO] recv 1000000B via direct in 19359ms
2026-09-29 00:09:14,100 [INFO] send 1000000B via direct in 23789ms (0.34 Mbit/s) to 7a33632ea7969a50
2026-09-29 00:09:14,106 [INFO] recv 1000000B via direct in 26905ms
2026-09-29 00:09:39,192 [INFO] send 1000000B via direct in 24051ms (0.33 Mbit/s) to 7a33632ea7969a50
2026-09-29 00:09:39,193 [INFO] recv 1000000B via direct in 22708ms
2026-09-29 00:09:59,752 [INFO] send 1000000B via direct in 20555ms (0.39 Mbit/s) to 7a33632ea7969a50
2026-09-29 00:09:59,760 [INFO] recv 1000000B via direct in 23086ms
2026-09-29 00:10:23,120 [INFO] send 1000000B via direct in 22092ms (0.36 Mbit/s) to 7a33632ea7969a50
2026-09-29 00:10:23,122 [INFO] recv 1000000B via direct in 19625ms
2026-09-29 00:13:57,808 [WARNING] iroh accept/read error [b'fl-update/1']: IrohError: 
2026-09-29 00:17:04,039 [WARNING] iroh accept/read error [b'fl-update/1']: IrohError: 
2026-09-29 00:20:09,248 [WARNING] iroh accept/read error [b'fl-update/1']: IrohError: 
2026-09-29 00:23:18,225 [WARNING] iroh accept/read error [b'fl-update/1']: IrohError: 
2026-09-29 00:26:27,285 [WARNING] iroh accept/read error [b'fl-update/1']: IrohError: 
2026-09-29 00:29:35,950 [WARNING] iroh accept/read error [b'fl-update/1']: IrohError: 
2026-09-29 00:32:46,465 [WARNING] iroh accept/read error [b'fl-update/1']: IrohError: 
2026-09-29 00:35:57,414 [WARNING] iroh accept/read error [b'fl-update/1']: IrohError: 
2026-09-29 00:39:06,732 [WARNING] iroh accept/read error [b'fl-update/1']: IrohError: 
2026-09-29 00:42:15,146 [WARNING] iroh accept/read error [b'fl-update/1']: IrohError: 
2026-09-29 00:43:50,331 [INFO] === E7 AirMLP + FedAvg — geographic ===
2026-09-29 00:43:51,452 [INFO] Air quality dataset loaded: 28514 train / 3561 test | 6 features | 3 classes
2026-09-29 00:43:51,457 [INFO] Geographic partition: 10 provinces  min=2305  max=2922  mean=2851
2026-09-29 00:43:51,621 [INFO] AirMLP class weights: [1.026976466178894, 1.0868686437606812, 0.904000997543335]
2026-09-29 00:43:52,558 [INFO] Iroh node started: 973f43c9bbfac391  addrs=['10.77.0.1:54853']
2026-09-29 00:43:53,358 [INFO] CoAP server [server] listening on 0.0.0.0:5783
2026-09-29 00:43:53,359 [INFO] FLServer server started (mock=False)
2026-09-29 00:43:54,012 [INFO] Iroh node started: 38b2eed77c95e94c  addrs=['10.77.0.1:36764']
2026-09-29 00:43:54,031 [INFO] CoAP server [client-0] listening on 0.0.0.0:5784
2026-09-29 00:43:54,033 [INFO] FLClient client-0 started (mock=False)
2026-09-29 00:43:54,035 [INFO] Registered client client-0  iroh=38b2eed77c95e94c
2026-09-29 00:43:54,748 [INFO] Iroh node started: d0e98f98a223d760  addrs=['10.77.0.1:39061']
2026-09-29 00:43:54,768 [INFO] CoAP server [client-1] listening on 0.0.0.0:5785
2026-09-29 00:43:54,771 [INFO] FLClient client-1 started (mock=False)
2026-09-29 00:43:54,775 [INFO] Registered client client-1  iroh=d0e98f98a223d760
2026-09-29 00:43:55,516 [INFO] Iroh node started: b6054a4a11ecb120  addrs=['10.77.0.1:53739']
2026-09-29 00:43:55,561 [INFO] CoAP server [client-2] listening on 0.0.0.0:5786
2026-09-29 00:43:55,566 [INFO] FLClient client-2 started (mock=False)
2026-09-29 00:43:55,571 [INFO] Registered client client-2  iroh=b6054a4a11ecb120
2026-09-29 00:43:56,269 [INFO] Iroh node started: 59dccc0529b08326  addrs=['10.77.0.1:43112']
2026-09-29 00:43:56,309 [INFO] CoAP server [client-3] listening on 0.0.0.0:5787
2026-09-29 00:43:56,314 [INFO] FLClient client-3 started (mock=False)
2026-09-29 00:43:56,319 [INFO] Registered client client-3  iroh=59dccc0529b08326
2026-09-29 00:43:57,097 [INFO] Iroh node started: 8a8b688371b8e39a  addrs=['10.77.0.1:51349']
2026-09-29 00:43:57,137 [INFO] CoAP server [client-4] listening on 0.0.0.0:5788
2026-09-29 00:43:57,140 [INFO] FLClient client-4 started (mock=False)
2026-09-29 00:43:57,145 [INFO] Registered client client-4  iroh=8a8b688371b8e39a
2026-09-29 00:43:57,912 [INFO] Iroh node started: 39b2ac3c610d0c1d  addrs=['10.77.0.1:51533']
2026-09-29 00:43:57,922 [INFO] CoAP server [client-5] listening on 0.0.0.0:5789
2026-09-29 00:43:57,923 [INFO] FLClient client-5 started (mock=False)
2026-09-29 00:43:57,924 [INFO] Registered client client-5  iroh=39b2ac3c610d0c1d
2026-09-29 00:43:58,570 [INFO] Iroh node started: 15f4aac4033d7ca1  addrs=['10.77.0.1:51462']
2026-09-29 00:43:58,580 [INFO] CoAP server [client-6] listening on 0.0.0.0:5790
2026-09-29 00:43:58,583 [INFO] FLClient client-6 started (mock=False)
2026-09-29 00:43:58,584 [INFO] Registered client client-6  iroh=15f4aac4033d7ca1
2026-09-29 00:43:59,290 [INFO] Iroh node started: 168fa892c5551796  addrs=['10.77.0.1:45486']
2026-09-29 00:43:59,311 [INFO] CoAP server [client-7] listening on 0.0.0.0:5791
2026-09-29 00:43:59,314 [INFO] FLClient client-7 started (mock=False)
2026-09-29 00:43:59,315 [INFO] Registered client client-7  iroh=168fa892c5551796
2026-09-29 00:44:00,012 [INFO] Iroh node started: 11a4636945ef18d6  addrs=['10.77.0.1:45009']
2026-09-29 00:44:00,031 [INFO] CoAP server [client-8] listening on 0.0.0.0:5792
2026-09-29 00:44:00,032 [INFO] FLClient client-8 started (mock=False)
2026-09-29 00:44:00,033 [INFO] Registered client client-8  iroh=11a4636945ef18d6
2026-09-29 00:44:00,681 [INFO] Iroh node started: 412992bd21ee1aba  addrs=['10.77.0.1:42709']
2026-09-29 00:44:00,695 [INFO] CoAP server [client-9] listening on 0.0.0.0:5793
2026-09-29 00:44:00,696 [INFO] FLClient client-9 started (mock=False)
2026-09-29 00:44:00,698 [INFO] Registered client client-9  iroh=412992bd21ee1aba
2026-09-29 00:44:00,703 [INFO] Round 1 — sending model to 10 clients…
2026-09-29 00:44:00,704 [INFO] [client-0] Round 1 — receiving model…
2026-09-29 00:44:00,705 [INFO] [client-1] Round 1 — receiving model…
2026-09-29 00:44:00,707 [INFO] [client-2] Round 1 — receiving model…
2026-09-29 00:44:00,709 [INFO] [client-3] Round 1 — receiving model…
2026-09-29 00:44:00,712 [INFO] [client-4] Round 1 — receiving model…
2026-09-29 00:44:00,715 [INFO] [client-5] Round 1 — receiving model…
2026-09-29 00:44:00,717 [INFO] [client-6] Round 1 — receiving model…
2026-09-29 00:44:00,719 [INFO] [client-7] Round 1 — receiving model…
2026-09-29 00:44:00,720 [INFO] [client-8] Round 1 — receiving model…
2026-09-29 00:44:00,722 [INFO] [client-9] Round 1 — receiving model…
2026-09-29 00:44:02,119 [INFO] recv 13933B via direct in 523ms
2026-09-29 00:44:02,136 [INFO] [client-8] Round 1 — training locally…
2026-09-29 00:45:20,981 [INFO] [client-8] Round 1 — sending update…
2026-09-29 00:45:20,985 [WARNING] _send_bytes connect attempt 1/3 failed (TimeoutError: ) — retrying in 5s
2026-09-29 00:45:20,987 [WARNING] _send_bytes connect attempt 1/3 failed (TimeoutError: ) — retrying in 5s
2026-09-29 00:45:20,988 [WARNING] _send_bytes connect attempt 1/3 failed (TimeoutError: ) — retrying in 5s
2026-09-29 00:45:20,992 [INFO] send 13933B via direct in 76785ms (0.00 Mbit/s) to 11a4636945ef18d6
2026-09-29 00:45:20,994 [INFO] send 13933B via direct in 76780ms (0.00 Mbit/s) to 168fa892c5551796
2026-09-29 00:45:20,995 [INFO] send 13933B via direct in 76791ms (0.00 Mbit/s) to b6054a4a11ecb120
2026-09-29 00:45:20,997 [INFO] send 13933B via direct in 76793ms (0.00 Mbit/s) to 412992bd21ee1aba
2026-09-29 00:45:20,998 [INFO] send 13933B via direct in 76789ms (0.00 Mbit/s) to 59dccc0529b08326
2026-09-29 00:45:20,999 [INFO] send 13933B via direct in 76776ms (0.00 Mbit/s) to 15f4aac4033d7ca1
2026-09-29 00:45:21,001 [INFO] send 13933B via direct in 76794ms (0.00 Mbit/s) to 39b2ac3c610d0c1d
2026-09-29 00:45:21,002 [INFO] recv 13933B via direct in 76060ms
2026-09-29 00:45:21,005 [INFO] [client-7] Round 1 — training locally…
2026-09-29 00:45:21,098 [INFO] [client-7] Round 1 — sending update…
2026-09-29 00:45:21,100 [INFO] recv 13933B via direct in 76029ms
2026-09-29 00:45:21,103 [INFO] [client-3] Round 1 — training locally…
2026-09-29 00:45:21,205 [INFO] [client-3] Round 1 — sending update…
2026-09-29 00:45:21,207 [INFO] recv 13933B via direct in 75971ms
2026-09-29 00:45:21,210 [INFO] [client-2] Round 1 — training locally…
2026-09-29 00:45:21,308 [INFO] [client-2] Round 1 — sending update…
2026-09-29 00:45:21,311 [INFO] recv 13933B via direct in 75912ms
2026-09-29 00:45:21,315 [INFO] [client-9] Round 1 — training locally…
2026-09-29 00:45:21,429 [INFO] [client-9] Round 1 — sending update…
2026-09-29 00:45:21,432 [INFO] recv 13933B via direct in 76043ms
2026-09-29 00:45:21,437 [INFO] [client-5] Round 1 — training locally…
2026-09-29 00:45:21,535 [INFO] [client-5] Round 1 — sending update…
2026-09-29 00:45:21,539 [INFO] recv 13933B via direct in 75988ms
2026-09-29 00:45:21,541 [INFO] [client-6] Round 1 — training locally…
2026-09-29 00:45:21,665 [INFO] [client-6] Round 1 — sending update…
2026-09-29 00:45:21,668 [WARNING] iroh accept/read error [b'fl-model/1']: IrohError: 
2026-09-29 00:45:21,669 [WARNING] iroh accept/read error [b'fl-model/1']: IrohError: 
2026-09-29 00:45:21,670 [WARNING] iroh accept/read error [b'fl-model/1']: IrohError: 
2026-09-29 00:45:22,653 [INFO] send 13933B via direct in 1446ms (0.08 Mbit/s) to 973f43c9bbfac391
2026-09-29 00:45:22,715 [INFO] [client-3] Round 1 done — loss=1.0619 acc=0.4495  78.7s
2026-09-29 00:45:22,715 [INFO] [client-3] Round 2 — receiving model…
2026-09-29 00:45:22,938 [ERROR] [client-2] round 1 error: stream not acknowledged: IrohError: 
2026-09-29 00:45:22,943 [INFO] [client-2] Round 2 — receiving model…
2026-09-29 00:45:22,994 [INFO] send 13933B via direct in 1561ms (0.07 Mbit/s) to 973f43c9bbfac391
2026-09-29 00:45:23,026 [INFO] [client-9] Round 1 done — loss=1.0455 acc=0.4779  79.0s
2026-09-29 00:45:23,027 [INFO] [client-9] Round 2 — receiving model…
2026-09-29 00:45:23,045 [INFO] send 13933B via direct in 1506ms (0.07 Mbit/s) to 973f43c9bbfac391
2026-09-29 00:45:23,062 [INFO] [client-5] Round 1 done — loss=1.0622 acc=0.4512  79.0s
2026-09-29 00:45:23,063 [INFO] [client-5] Round 2 — receiving model…
2026-09-29 00:45:23,182 [INFO] send 13933B via direct in 2081ms (0.05 Mbit/s) to 973f43c9bbfac391
2026-09-29 00:45:23,246 [INFO] [client-7] Round 1 done — loss=1.0542 acc=0.4265  79.2s
2026-09-29 00:45:23,247 [INFO] [client-7] Round 2 — receiving model…
2026-09-29 00:45:23,249 [INFO] send 13933B via direct in 2265ms (0.05 Mbit/s) to 973f43c9bbfac391
2026-09-29 00:45:23,269 [INFO] [client-8] Round 1 done — loss=0.8068 acc=0.6848  79.2s
2026-09-29 00:45:23,270 [INFO] [client-8] Round 2 — receiving model…
2026-09-29 00:45:24,596 [INFO] send 13933B via direct in 2927ms (0.04 Mbit/s) to 973f43c9bbfac391
2026-09-29 00:45:24,663 [INFO] [client-6] Round 1 done — loss=1.0502 acc=0.4441  80.6s
2026-09-29 00:45:24,664 [INFO] [client-6] Round 2 — receiving model…
2026-09-29 00:45:27,255 [INFO] recv 13933B via direct in 509ms
2026-09-29 00:45:27,258 [INFO] [client-1] Round 1 — training locally…
2026-09-29 00:45:27,387 [INFO] [client-1] Round 1 — sending update…
2026-09-29 00:45:27,467 [INFO] send 13933B via direct in 83258ms (0.00 Mbit/s) to d0e98f98a223d760
2026-09-29 00:45:28,723 [INFO] recv 13933B via direct in 1982ms
2026-09-29 00:45:28,736 [INFO] [client-4] Round 1 — training locally…
2026-09-29 00:45:28,882 [INFO] [client-4] Round 1 — sending update…
2026-09-29 00:45:28,886 [INFO] recv 13933B via direct in 2021ms
2026-09-29 00:45:28,890 [INFO] [client-0] Round 1 — training locally…
2026-09-29 00:45:28,993 [INFO] [client-0] Round 1 — sending update…
2026-09-29 00:45:28,997 [INFO] send 13933B via direct in 84780ms (0.00 Mbit/s) to 8a8b688371b8e39a
2026-09-29 00:45:29,096 [INFO] send 13933B via direct in 84881ms (0.00 Mbit/s) to 38b2eed77c95e94c
2026-09-29 00:45:29,099 [INFO] Round 1 — waiting for 10 updates…
2026-09-29 00:45:29,103 [INFO] recv 13933B via direct in 499ms
2026-09-29 00:45:29,113 [INFO] recv 13933B via direct in 586ms
2026-09-29 00:45:29,123 [INFO] recv 13933B via direct in 542ms
2026-09-29 00:45:29,131 [INFO] recv 13933B via direct in 547ms
2026-09-29 00:45:29,142 [INFO] recv 13933B via direct in 1136ms
2026-09-29 00:45:29,154 [INFO] recv 13933B via direct in 1286ms
2026-09-29 00:45:29,160 [INFO] recv 13933B via direct in 2058ms
2026-09-29 00:45:29,171 [INFO] recv 13933B via direct in 959ms
2026-09-29 00:45:29,340 [INFO] send 13933B via direct in 1948ms (0.06 Mbit/s) to 973f43c9bbfac391
2026-09-29 00:45:29,380 [INFO] [client-1] Round 1 done — loss=1.0763 acc=0.3966  85.3s
2026-09-29 00:45:29,382 [INFO] [client-1] Round 2 — receiving model…
2026-09-29 00:45:33,557 [INFO] recv 13933B via direct in 2015ms
2026-09-29 00:45:33,675 [INFO] recv 13933B via direct in 1941ms
2026-09-29 00:45:33,729 [INFO] Round 1/20  acc=0.3134  loss=1.1093  87.7s  clients=10
2026-09-29 00:45:33,730 [INFO] Round 2 — sending model to 10 clients…
2026-09-29 00:45:33,779 [INFO] send 13933B via direct in 2934ms (0.04 Mbit/s) to 973f43c9bbfac391
2026-09-29 00:45:33,806 [INFO] [client-4] Round 1 done — loss=1.0301 acc=0.4911  87.8s
2026-09-29 00:45:33,807 [INFO] [client-4] Round 2 — receiving model…
2026-09-29 00:45:33,902 [INFO] send 13933B via direct in 2946ms (0.04 Mbit/s) to 973f43c9bbfac391
2026-09-29 00:45:33,939 [INFO] [client-0] Round 1 done — loss=1.0624 acc=0.4583  87.9s
2026-09-29 00:45:33,941 [INFO] [client-0] Round 2 — receiving model…
2026-09-29 00:45:34,948 [INFO] recv 13933B via direct in 489ms
2026-09-29 00:45:34,956 [INFO] [client-8] Round 2 — training locally…
2026-09-29 00:45:35,099 [INFO] [client-8] Round 2 — sending update…
2026-09-29 00:45:35,105 [INFO] recv 13933B via direct in 594ms
2026-09-29 00:45:35,107 [INFO] [client-3] Round 2 — training locally…
2026-09-29 00:45:35,230 [INFO] [client-3] Round 2 — sending update…
2026-09-29 00:45:35,233 [INFO] recv 13933B via direct in 634ms
2026-09-29 00:45:35,237 [INFO] [client-2] Round 2 — training locally…
2026-09-29 00:45:35,358 [INFO] [client-2] Round 2 — sending update…
2026-09-29 00:45:35,361 [INFO] recv 13933B via direct in 589ms
2026-09-29 00:45:35,364 [INFO] [client-5] Round 2 — training locally…
2026-09-29 00:45:35,511 [INFO] [client-5] Round 2 — sending update…
2026-09-29 00:45:35,513 [INFO] recv 13933B via direct in 581ms
2026-09-29 00:45:35,516 [INFO] [client-1] Round 2 — training locally…
2026-09-29 00:45:35,644 [INFO] [client-1] Round 2 — sending update…
2026-09-29 00:45:35,653 [INFO] send 13933B via direct in 1902ms (0.06 Mbit/s) to 11a4636945ef18d6
2026-09-29 00:45:35,655 [INFO] send 13933B via direct in 1908ms (0.06 Mbit/s) to 59dccc0529b08326
2026-09-29 00:45:35,657 [INFO] send 13933B via direct in 1907ms (0.06 Mbit/s) to 39b2ac3c610d0c1d
2026-09-29 00:45:35,658 [INFO] send 13933B via direct in 1901ms (0.06 Mbit/s) to b6054a4a11ecb120
2026-09-29 00:45:35,659 [INFO] send 13933B via direct in 1903ms (0.06 Mbit/s) to d0e98f98a223d760
2026-09-29 00:45:35,660 [INFO] recv 13933B via direct in 1107ms
2026-09-29 00:45:35,663 [INFO] [client-4] Round 2 — training locally…
2026-09-29 00:45:35,773 [INFO] [client-4] Round 2 — sending update…
2026-09-29 00:45:35,776 [INFO] recv 13933B via direct in 1142ms
2026-09-29 00:45:35,778 [INFO] [client-0] Round 2 — training locally…
2026-09-29 00:45:35,962 [INFO] [client-0] Round 2 — sending update…
2026-09-29 00:45:35,966 [INFO] recv 13933B via direct in 1032ms
2026-09-29 00:45:35,969 [INFO] [client-7] Round 2 — training locally…
2026-09-29 00:45:36,120 [INFO] [client-7] Round 2 — sending update…
2026-09-29 00:45:36,132 [INFO] send 13933B via direct in 2381ms (0.05 Mbit/s) to 168fa892c5551796
2026-09-29 00:45:36,443 [INFO] recv 13933B via direct in 1946ms
2026-09-29 00:45:36,463 [INFO] [client-9] Round 2 — training locally…
2026-09-29 00:45:36,632 [INFO] [client-9] Round 2 — sending update…
2026-09-29 00:45:36,643 [INFO] send 13933B via direct in 1536ms (0.07 Mbit/s) to 973f43c9bbfac391
2026-09-29 00:45:36,668 [INFO] [client-8] Round 2 done — loss=0.7786 acc=0.7222  11.4s
2026-09-29 00:45:36,669 [INFO] [client-8] Round 3 — receiving model…
2026-09-29 00:45:36,733 [INFO] send 13933B via direct in 2995ms (0.04 Mbit/s) to 412992bd21ee1aba
2026-09-29 00:45:37,177 [ERROR] [client-1] round 2 error: stream not acknowledged: IrohError: 
2026-09-29 00:45:37,179 [INFO] [client-1] Round 3 — receiving model…
2026-09-29 00:45:37,307 [INFO] send 13933B via direct in 1531ms (0.07 Mbit/s) to 973f43c9bbfac391
2026-09-29 00:45:37,341 [INFO] [client-4] Round 2 done — loss=1.0348 acc=0.4780  3.5s
2026-09-29 00:45:37,342 [INFO] [client-4] Round 3 — receiving model…
2026-09-29 00:45:37,505 [INFO] send 13933B via direct in 2268ms (0.05 Mbit/s) to 973f43c9bbfac391
2026-09-29 00:45:37,558 [INFO] [client-3] Round 2 done — loss=1.0520 acc=0.4375  12.9s
2026-09-29 00:45:37,559 [INFO] [client-3] Round 3 — receiving model…
2026-09-29 00:45:37,562 [INFO] recv 13933B via direct in 2958ms
2026-09-29 00:45:37,565 [INFO] [client-6] Round 2 — training locally…
2026-09-29 00:45:37,715 [INFO] [client-6] Round 2 — sending update…
2026-09-29 00:45:37,717 [ERROR] [client-2] round 2 error: stream not acknowledged: IrohError: 
2026-09-29 00:45:37,717 [INFO] [client-2] Round 3 — receiving model…
2026-09-29 00:45:37,719 [INFO] send 13933B via direct in 1597ms (0.07 Mbit/s) to 973f43c9bbfac391
2026-09-29 00:45:37,753 [INFO] [client-7] Round 2 done — loss=1.0383 acc=0.4361  12.5s
2026-09-29 00:45:37,754 [INFO] [client-7] Round 3 — receiving model…
2026-09-29 00:45:37,800 [INFO] send 13933B via direct in 4062ms (0.03 Mbit/s) to 15f4aac4033d7ca1
2026-09-29 00:45:37,802 [ERROR] send_tensors → client-4 FAILED: ConnectionError: stream not acknowledged: IrohError: 
2026-09-29 00:45:37,803 [ERROR] send_tensors → client-0 FAILED: ConnectionError: stream not acknowledged: IrohError: 
2026-09-29 00:45:37,804 [INFO] Round 2 — waiting for 8 updates…
2026-09-29 00:45:37,805 [INFO] recv 13933B via direct in 234ms
2026-09-29 00:45:37,810 [INFO] recv 13933B via direct in 548ms
2026-09-29 00:45:37,815 [INFO] recv 13933B via direct in 413ms
2026-09-29 00:45:37,819 [WARNING] Round 2 — discarding update from unselected/duplicate peer 8a8b688371b8e39a
2026-09-29 00:45:37,820 [INFO] recv 13933B via direct in 1151ms
2026-09-29 00:45:37,822 [INFO] recv 13933B via direct in 1218ms
2026-09-29 00:45:37,825 [INFO] recv 13933B via direct in 586ms
2026-09-29 00:45:37,828 [INFO] recv 13933B via direct in 1476ms
2026-09-29 00:45:37,988 [INFO] send 13933B via direct in 2475ms (0.05 Mbit/s) to 973f43c9bbfac391
2026-09-29 00:45:38,018 [INFO] [client-5] Round 2 done — loss=1.0179 acc=0.5076  13.0s
2026-09-29 00:45:38,019 [INFO] [client-5] Round 3 — receiving model…
2026-09-29 00:45:38,351 [INFO] recv 13933B via direct in 966ms
2026-09-29 00:45:38,581 [ERROR] [client-9] round 2 error: stream not acknowledged: IrohError: 
2026-09-29 00:45:38,583 [INFO] [client-9] Round 3 — receiving model…
2026-09-29 00:45:38,973 [INFO] recv 13933B via direct in 506ms
2026-09-29 00:45:39,017 [INFO] Round 2/20  acc=0.3404  loss=1.1150  5.3s  clients=8
2026-09-29 00:45:39,019 [INFO] Round 3 — sending model to 10 clients…
2026-09-29 00:45:39,204 [INFO] send 13933B via direct in 1485ms (0.08 Mbit/s) to 973f43c9bbfac391
2026-09-29 00:45:39,256 [INFO] [client-6] Round 2 done — loss=1.0315 acc=0.4726  12.6s
2026-09-29 00:45:39,257 [INFO] [client-6] Round 3 — receiving model…
2026-09-29 00:45:39,260 [INFO] send 13933B via direct in 3294ms (0.03 Mbit/s) to 973f43c9bbfac391
2026-09-29 00:45:39,307 [INFO] [client-0] Round 2 done — loss=1.0584 acc=0.4523  5.4s
2026-09-29 00:45:39,308 [INFO] [client-0] Round 3 — receiving model…
2026-09-29 00:45:40,292 [INFO] recv 13933B via direct in 506ms
2026-09-29 00:45:40,298 [INFO] [client-3] Round 3 — training locally…
2026-09-29 00:45:40,425 [INFO] [client-3] Round 3 — sending update…
2026-09-29 00:45:40,433 [INFO] recv 13933B via direct in 641ms
2026-09-29 00:45:40,437 [INFO] [client-8] Round 3 — training locally…
2026-09-29 00:45:40,549 [INFO] [client-8] Round 3 — sending update…
2026-09-29 00:45:40,551 [INFO] recv 13933B via direct in 691ms
2026-09-29 00:45:40,553 [INFO] [client-0] Round 3 — training locally…
2026-09-29 00:45:40,634 [INFO] [client-0] Round 3 — sending update…
2026-09-29 00:45:40,638 [INFO] recv 13933B via direct in 699ms
2026-09-29 00:45:40,642 [INFO] [client-2] Round 3 — training locally…
2026-09-29 00:45:40,750 [INFO] [client-2] Round 3 — sending update…
2026-09-29 00:45:40,752 [INFO] recv 13933B via direct in 623ms
2026-09-29 00:45:40,756 [INFO] [client-6] Round 3 — training locally…
2026-09-29 00:45:40,898 [INFO] [client-6] Round 3 — sending update…
2026-09-29 00:45:40,906 [INFO] send 13933B via direct in 1872ms (0.06 Mbit/s) to 59dccc0529b08326
2026-09-29 00:45:40,907 [INFO] send 13933B via direct in 1872ms (0.06 Mbit/s) to 38b2eed77c95e94c
2026-09-29 00:45:40,908 [INFO] send 13933B via direct in 1874ms (0.06 Mbit/s) to b6054a4a11ecb120
2026-09-29 00:45:40,909 [INFO] send 13933B via direct in 1876ms (0.06 Mbit/s) to 11a4636945ef18d6
2026-09-29 00:45:40,910 [INFO] send 13933B via direct in 1876ms (0.06 Mbit/s) to 15f4aac4033d7ca1
2026-09-29 00:45:40,911 [INFO] recv 13933B via direct in 1190ms
2026-09-29 00:45:40,913 [INFO] [client-1] Round 3 — training locally…
2026-09-29 00:45:41,012 [INFO] [client-1] Round 3 — sending update…
2026-09-29 00:45:41,031 [INFO] send 13933B via direct in 2002ms (0.06 Mbit/s) to d0e98f98a223d760
2026-09-29 00:45:41,845 [INFO] recv 13933B via direct in 1999ms
2026-09-29 00:45:41,854 [INFO] [client-9] Round 3 — training locally…
2026-09-29 00:45:42,002 [INFO] [client-9] Round 3 — sending update…
2026-09-29 00:45:42,008 [INFO] send 13933B via direct in 1578ms (0.07 Mbit/s) to 973f43c9bbfac391
2026-09-29 00:45:42,031 [INFO] [client-3] Round 3 done — loss=1.0588 acc=0.4389  4.5s
2026-09-29 00:45:42,032 [INFO] [client-3] Round 4 — receiving model…
2026-09-29 00:45:42,033 [INFO] recv 13933B via direct in 2187ms
2026-09-29 00:45:42,035 [INFO] [client-5] Round 3 — training locally…
2026-09-29 00:45:42,153 [INFO] [client-5] Round 3 — sending update…
2026-09-29 00:45:42,156 [ERROR] [client-8] round 3 error: stream not acknowledged: IrohError: 
2026-09-29 00:45:42,157 [INFO] [client-8] Round 4 — receiving model…
2026-09-29 00:45:42,159 [INFO] send 13933B via direct in 1406ms (0.08 Mbit/s) to 973f43c9bbfac391
2026-09-29 00:45:42,189 [INFO] [client-2] Round 3 done — loss=0.9982 acc=0.4887  4.5s
2026-09-29 00:45:42,190 [INFO] [client-2] Round 4 — receiving model…
2026-09-29 00:45:42,192 [INFO] send 13933B via direct in 3137ms (0.04 Mbit/s) to 412992bd21ee1aba
2026-09-29 00:45:42,193 [INFO] send 13933B via direct in 3132ms (0.04 Mbit/s) to 39b2ac3c610d0c1d
2026-09-29 00:45:42,283 [INFO] recv 13933B via direct in 2457ms
2026-09-29 00:45:42,287 [INFO] [client-7] Round 3 — training locally…
2026-09-29 00:45:42,537 [INFO] [client-7] Round 3 — sending update…
2026-09-29 00:45:42,542 [INFO] send 13933B via direct in 1638ms (0.07 Mbit/s) to 973f43c9bbfac391
2026-09-29 00:45:42,557 [INFO] [client-6] Round 3 done — loss=1.0180 acc=0.4868  3.3s
2026-09-29 00:45:42,558 [INFO] [client-6] Round 4 — receiving model…
2026-09-29 00:45:43,073 [INFO] send 13933B via direct in 2434ms (0.05 Mbit/s) to 973f43c9bbfac391
2026-09-29 00:45:43,159 [INFO] [client-0] Round 3 done — loss=1.0629 acc=0.4475  3.9s
2026-09-29 00:45:43,161 [INFO] [client-0] Round 4 — receiving model…
2026-09-29 00:45:43,163 [INFO] recv 13933B via direct in 3339ms
2026-09-29 00:45:43,165 [INFO] [client-4] Round 3 — training locally…
2026-09-29 00:45:43,276 [INFO] [client-4] Round 3 — sending update…
2026-09-29 00:45:43,398 [INFO] send 13933B via direct in 4372ms (0.03 Mbit/s) to 8a8b688371b8e39a
2026-09-29 00:45:43,400 [ERROR] send_tensors → client-7 FAILED: ConnectionError: stream not acknowledged: IrohError: 
2026-09-29 00:45:43,407 [INFO] Round 3 — waiting for 9 updates…
2026-09-29 00:45:43,410 [INFO] recv 13933B via direct in 2263ms
2026-09-29 00:45:43,416 [INFO] recv 13933B via direct in 602ms
2026-09-29 00:45:43,419 [INFO] recv 13933B via direct in 502ms
2026-09-29 00:45:43,421 [INFO] recv 13933B via direct in 522ms
2026-09-29 00:45:43,424 [INFO] recv 13933B via direct in 547ms
2026-09-29 00:45:43,425 [INFO] recv 13933B via direct in 1409ms
2026-09-29 00:45:43,427 [WARNING] Round 3 — discarding update from unselected/duplicate peer 38b2eed77c95e94c
2026-09-29 00:45:43,429 [INFO] recv 13933B via direct in 584ms
2026-09-29 00:45:43,546 [INFO] send 13933B via direct in 1541ms (0.07 Mbit/s) to 973f43c9bbfac391
2026-09-29 00:45:43,581 [INFO] [client-9] Round 3 done — loss=1.0161 acc=0.5204  5.0s
2026-09-29 00:45:43,583 [INFO] [client-9] Round 4 — receiving model…
2026-09-29 00:45:44,212 [INFO] recv 13933B via direct in 929ms
2026-09-29 00:45:44,225 [WARNING] Round 3 — discarding update from unselected/duplicate peer 168fa892c5551796
2026-09-29 00:45:44,457 [ERROR] [client-7] round 3 error: stream not acknowledged: IrohError: 
2026-09-29 00:45:44,461 [INFO] [client-7] Round 4 — receiving model…
2026-09-29 00:45:44,502 [INFO] recv 13933B via direct in 501ms
2026-09-29 00:45:44,748 [INFO] send 13933B via direct in 1469ms (0.08 Mbit/s) to 973f43c9bbfac391
2026-09-29 00:45:44,765 [INFO] [client-4] Round 3 done — loss=1.0361 acc=0.4784  7.4s
2026-09-29 00:45:44,766 [INFO] [client-4] Round 4 — receiving model…
2026-09-29 00:45:45,030 [INFO] recv 13933B via direct in 2061ms
2026-09-29 00:45:45,275 [INFO] recv 13933B via direct in 3471ms
2026-09-29 00:45:45,345 [INFO] Round 3/20  acc=0.4695  loss=1.0593  6.3s  clients=9
2026-09-29 00:45:45,346 [INFO] Round 4 — sending model to 10 clients…
2026-09-29 00:45:45,358 [INFO] send 13933B via direct in 3199ms (0.03 Mbit/s) to 973f43c9bbfac391
2026-09-29 00:45:45,389 [INFO] [client-5] Round 3 done — loss=1.0041 acc=0.5251  7.4s
2026-09-29 00:45:45,390 [INFO] [client-5] Round 4 — receiving model…
2026-09-29 00:45:45,530 [INFO] send 13933B via direct in 4514ms (0.02 Mbit/s) to 973f43c9bbfac391
2026-09-29 00:45:45,630 [INFO] [client-1] Round 3 done — loss=1.0646 acc=0.4155  8.5s
2026-09-29 00:45:45,631 [INFO] [client-1] Round 4 — receiving model…
2026-09-29 00:45:46,579 [INFO] recv 13933B via direct in 455ms
2026-09-29 00:45:46,589 [INFO] [client-5] Round 4 — training locally…
2026-09-29 00:45:46,787 [INFO] [client-5] Round 4 — sending update…
2026-09-29 00:45:46,795 [INFO] send 13933B via direct in 1442ms (0.08 Mbit/s) to 39b2ac3c610d0c1d
2026-09-29 00:45:46,797 [INFO] recv 13933B via direct in 685ms
2026-09-29 00:45:46,799 [INFO] [client-9] Round 4 — training locally…
2026-09-29 00:45:46,964 [INFO] [client-9] Round 4 — sending update…
2026-09-29 00:45:46,966 [INFO] recv 13933B via direct in 679ms
2026-09-29 00:45:46,969 [INFO] [client-3] Round 4 — training locally…
2026-09-29 00:45:47,091 [INFO] [client-3] Round 4 — sending update…
2026-09-29 00:45:47,094 [INFO] recv 13933B via direct in 745ms
2026-09-29 00:45:47,098 [INFO] [client-4] Round 4 — training locally…
2026-09-29 00:45:47,231 [INFO] [client-4] Round 4 — sending update…
2026-09-29 00:45:47,234 [INFO] recv 13933B via direct in 682ms
2026-09-29 00:45:47,238 [INFO] [client-1] Round 4 — training locally…
2026-09-29 00:45:47,369 [INFO] [client-1] Round 4 — sending update…
2026-09-29 00:45:47,378 [INFO] send 13933B via direct in 2023ms (0.06 Mbit/s) to 412992bd21ee1aba
2026-09-29 00:45:47,379 [INFO] send 13933B via direct in 2025ms (0.06 Mbit/s) to 8a8b688371b8e39a
2026-09-29 00:45:47,380 [INFO] send 13933B via direct in 2020ms (0.06 Mbit/s) to d0e98f98a223d760
2026-09-29 00:45:47,381 [INFO] send 13933B via direct in 2021ms (0.06 Mbit/s) to 38b2eed77c95e94c
2026-09-29 00:45:47,382 [INFO] recv 13933B via direct in 1284ms
2026-09-29 00:45:47,385 [INFO] [client-0] Round 4 — training locally…
2026-09-29 00:45:47,510 [INFO] [client-0] Round 4 — sending update…
2026-09-29 00:45:48,132 [INFO] recv 13933B via direct in 2043ms
2026-09-29 00:45:48,144 [INFO] [client-2] Round 4 — training locally…
2026-09-29 00:45:48,295 [INFO] [client-2] Round 4 — sending update…
2026-09-29 00:45:48,301 [INFO] recv 13933B via direct in 2194ms
2026-09-29 00:45:48,305 [INFO] [client-7] Round 4 — training locally…
2026-09-29 00:45:48,413 [INFO] [client-7] Round 4 — sending update…
2026-09-29 00:45:48,415 [INFO] recv 13933B via direct in 2112ms
2026-09-29 00:45:48,419 [INFO] [client-6] Round 4 — training locally…
2026-09-29 00:45:48,574 [INFO] [client-6] Round 4 — sending update…
2026-09-29 00:45:48,580 [INFO] send 13933B via direct in 1787ms (0.06 Mbit/s) to 973f43c9bbfac391
2026-09-29 00:45:48,601 [INFO] [client-5] Round 4 done — loss=0.9850 acc=0.5440  3.2s
2026-09-29 00:45:48,603 [INFO] [client-5] Round 5 — receiving model…
2026-09-29 00:45:48,603 [INFO] send 13933B via direct in 3229ms (0.03 Mbit/s) to b6054a4a11ecb120
2026-09-29 00:45:48,605 [INFO] send 13933B via direct in 3227ms (0.03 Mbit/s) to 168fa892c5551796
2026-09-29 00:45:48,606 [INFO] send 13933B via direct in 3226ms (0.03 Mbit/s) to 15f4aac4033d7ca1
2026-09-29 00:45:48,607 [INFO] send 13933B via direct in 1613ms (0.07 Mbit/s) to 973f43c9bbfac391
2026-09-29 00:45:48,622 [INFO] [client-9] Round 4 done — loss=1.0132 acc=0.5249  5.0s
2026-09-29 00:45:48,623 [INFO] [client-9] Round 5 — receiving model…
2026-09-29 00:45:48,624 [INFO] send 13933B via direct in 1486ms (0.08 Mbit/s) to 973f43c9bbfac391
2026-09-29 00:45:48,645 [INFO] [client-3] Round 4 done — loss=1.0447 acc=0.4595  6.6s
2026-09-29 00:45:48,647 [INFO] [client-3] Round 5 — receiving model…
2026-09-29 00:45:49,321 [INFO] send 13933B via direct in 1949ms (0.06 Mbit/s) to 973f43c9bbfac391
2026-09-29 00:45:49,347 [INFO] [client-1] Round 4 done — loss=1.0625 acc=0.4111  3.7s
2026-09-29 00:45:49,348 [INFO] [client-1] Round 5 — receiving model…
2026-09-29 00:45:49,995 [INFO] send 13933B via direct in 1417ms (0.08 Mbit/s) to 973f43c9bbfac391
2026-09-29 00:45:50,077 [INFO] [client-6] Round 4 done — loss=1.0167 acc=0.4861  7.5s
2026-09-29 00:45:50,078 [INFO] [client-6] Round 5 — receiving model…
2026-09-29 00:45:50,080 [INFO] send 13933B via direct in 2565ms (0.04 Mbit/s) to 973f43c9bbfac391
2026-09-29 00:45:50,098 [INFO] [client-0] Round 4 done — loss=1.0546 acc=0.4557  6.9s
2026-09-29 00:45:50,099 [INFO] [client-0] Round 5 — receiving model…
2026-09-29 00:45:50,328 [INFO] recv 13933B via direct in 4183ms
2026-09-29 00:45:50,333 [INFO] [client-8] Round 4 — training locally…
2026-09-29 00:45:50,477 [INFO] [client-8] Round 4 — sending update…
2026-09-29 00:45:50,565 [INFO] send 13933B via direct in 5215ms (0.02 Mbit/s) to 11a4636945ef18d6
2026-09-29 00:45:50,568 [ERROR] send_tensors → client-3 FAILED: ConnectionError: stream not acknowledged: IrohError: 
2026-09-29 00:45:50,571 [INFO] Round 4 — waiting for 9 updates…
2026-09-29 00:45:50,573 [INFO] recv 13933B via direct in 583ms
2026-09-29 00:45:50,582 [INFO] recv 13933B via direct in 559ms
2026-09-29 00:45:50,590 [INFO] recv 13933B via direct in 773ms
2026-09-29 00:45:50,595 [WARNING] Round 4 — discarding update from unselected/duplicate peer 59dccc0529b08326
2026-09-29 00:45:50,597 [INFO] recv 13933B via direct in 1000ms
2026-09-29 00:45:50,599 [INFO] recv 13933B via direct in 527ms
2026-09-29 00:45:50,603 [INFO] recv 13933B via direct in 1524ms
2026-09-29 00:45:50,777 [INFO] recv 13933B via direct in 1576ms
2026-09-29 00:45:50,928 [INFO] recv 13933B via direct in 2872ms
2026-09-29 00:45:51,028 [INFO] send 13933B via direct in 2610ms (0.04 Mbit/s) to 973f43c9bbfac391
2026-09-29 00:45:51,233 [INFO] [client-7] Round 4 done — loss=1.0362 acc=0.4365  6.8s
2026-09-29 00:45:51,234 [INFO] [client-7] Round 5 — receiving model…
2026-09-29 00:45:51,236 [INFO] send 13933B via direct in 4002ms (0.03 Mbit/s) to 973f43c9bbfac391
2026-09-29 00:45:51,281 [INFO] [client-4] Round 4 done — loss=1.0178 acc=0.4924  6.5s
2026-09-29 00:45:51,282 [INFO] [client-4] Round 5 — receiving model…
2026-09-29 00:45:51,285 [INFO] recv 13933B via direct in 2188ms
2026-09-29 00:45:51,461 [INFO] send 13933B via direct in 3162ms (0.04 Mbit/s) to 973f43c9bbfac391
2026-09-29 00:45:51,484 [INFO] [client-2] Round 4 done — loss=0.9802 acc=0.5155  9.3s
2026-09-29 00:45:51,486 [INFO] [client-2] Round 5 — receiving model…
2026-09-29 00:45:53,863 [INFO] recv 13933B via direct in 2573ms
2026-09-29 00:45:53,922 [INFO] Round 4/20  acc=0.4176  loss=1.0887  8.6s  clients=9
2026-09-29 00:45:53,924 [INFO] Round 5 — sending model to 10 clients…
2026-09-29 00:45:54,094 [INFO] send 13933B via direct in 3612ms (0.03 Mbit/s) to 973f43c9bbfac391
2026-09-29 00:45:54,184 [INFO] [client-8] Round 4 done — loss=0.7695 acc=0.7133  12.0s
2026-09-29 00:45:54,185 [INFO] [client-8] Round 5 — receiving model…
2026-09-29 00:45:55,132 [INFO] recv 13933B via direct in 446ms
2026-09-29 00:45:55,148 [INFO] [client-7] Round 5 — training locally…
2026-09-29 00:45:55,303 [INFO] [client-7] Round 5 — sending update…
2026-09-29 00:45:55,307 [INFO] recv 13933B via direct in 641ms
2026-09-29 00:45:55,310 [INFO] [client-1] Round 5 — training locally…
2026-09-29 00:45:55,432 [INFO] [client-1] Round 5 — sending update…
2026-09-29 00:45:55,435 [INFO] recv 13933B via direct in 582ms
2026-09-29 00:45:55,438 [INFO] [client-8] Round 5 — training locally…
2026-09-29 00:45:55,620 [INFO] [client-8] Round 5 — sending update…
2026-09-29 00:45:55,624 [INFO] send 13933B via direct in 1691ms (0.07 Mbit/s) to 168fa892c5551796
2026-09-29 00:45:55,625 [INFO] send 13933B via direct in 1697ms (0.07 Mbit/s) to d0e98f98a223d760
2026-09-29 00:45:55,627 [INFO] send 13933B via direct in 1695ms (0.07 Mbit/s) to 11a4636945ef18d6
2026-09-29 00:45:55,632 [INFO] recv 13933B via direct in 980ms
2026-09-29 00:45:55,636 [INFO] [client-3] Round 5 — training locally…
2026-09-29 00:45:55,794 [INFO] [client-3] Round 5 — sending update…
2026-09-29 00:45:55,803 [INFO] recv 13933B via direct in 1087ms
2026-09-29 00:45:55,808 [INFO] [client-9] Round 5 — training locally…
2026-09-29 00:45:55,914 [INFO] [client-9] Round 5 — sending update…
2026-09-29 00:45:55,917 [INFO] recv 13933B via direct in 1118ms
2026-09-29 00:45:55,921 [INFO] [client-2] Round 5 — training locally…
2026-09-29 00:45:56,034 [INFO] [client-2] Round 5 — sending update…
2026-09-29 00:45:56,041 [INFO] send 13933B via direct in 2107ms (0.05 Mbit/s) to 59dccc0529b08326
2026-09-29 00:45:56,043 [INFO] send 13933B via direct in 2108ms (0.05 Mbit/s) to b6054a4a11ecb120
2026-09-29 00:45:56,148 [INFO] recv 13933B via direct in 1441ms
2026-09-29 00:45:56,157 [INFO] [client-0] Round 5 — training locally…
2026-09-29 00:45:56,267 [INFO] [client-0] Round 5 — sending update…
2026-09-29 00:45:56,272 [INFO] recv 13933B via direct in 1588ms
2026-09-29 00:45:56,275 [INFO] [client-4] Round 5 — training locally…
2026-09-29 00:45:56,397 [INFO] [client-4] Round 5 — sending update…
2026-09-29 00:45:56,403 [INFO] send 13933B via direct in 2473ms (0.05 Mbit/s) to 38b2eed77c95e94c
2026-09-29 00:45:56,519 [INFO] send 13933B via direct in 2588ms (0.04 Mbit/s) to 8a8b688371b8e39a
2026-09-29 00:45:56,726 [INFO] recv 13933B via direct in 2082ms
2026-09-29 00:45:56,741 [INFO] [client-5] Round 5 — training locally…
2026-09-29 00:45:56,911 [INFO] [client-5] Round 5 — sending update…
2026-09-29 00:45:56,971 [INFO] send 13933B via direct in 3039ms (0.04 Mbit/s) to 39b2ac3c610d0c1d
2026-09-29 00:45:57,064 [INFO] send 13933B via direct in 1441ms (0.08 Mbit/s) to 973f43c9bbfac391
2026-09-29 00:45:57,153 [INFO] [client-8] Round 5 done — loss=0.7690 acc=0.7160  3.0s
2026-09-29 00:45:57,154 [INFO] [client-8] Round 6 — receiving model…
2026-09-29 00:45:57,157 [INFO] send 13933B via direct in 1721ms (0.06 Mbit/s) to 973f43c9bbfac391
2026-09-29 00:45:57,185 [INFO] [client-1] Round 5 done — loss=1.0619 acc=0.4272  7.8s
2026-09-29 00:45:57,186 [INFO] [client-1] Round 6 — receiving model…
2026-09-29 00:45:57,281 [INFO] send 13933B via direct in 1974ms (0.06 Mbit/s) to 973f43c9bbfac391
2026-09-29 00:45:57,374 [INFO] [client-7] Round 5 done — loss=1.0318 acc=0.4413  6.1s
2026-09-29 00:45:57,375 [INFO] [client-7] Round 6 — receiving model…
2026-09-29 00:45:57,429 [INFO] send 13933B via direct in 1630ms (0.07 Mbit/s) to 973f43c9bbfac391
2026-09-29 00:45:57,511 [INFO] [client-3] Round 5 done — loss=1.0479 acc=0.4547  8.9s
2026-09-29 00:45:57,512 [INFO] [client-3] Round 6 — receiving model…
2026-09-29 00:45:57,771 [INFO] recv 13933B via direct in 3023ms
2026-09-29 00:45:57,776 [INFO] [client-6] Round 5 — training locally…
2026-09-29 00:45:57,979 [INFO] [client-6] Round 5 — sending update…
2026-09-29 00:45:57,983 [INFO] send 13933B via direct in 1712ms (0.07 Mbit/s) to 973f43c9bbfac391
2026-09-29 00:45:58,004 [INFO] [client-0] Round 5 done — loss=1.0611 acc=0.4510  7.9s
2026-09-29 00:45:58,005 [INFO] [client-0] Round 6 — receiving model…
2026-09-29 00:45:58,037 [INFO] send 13933B via direct in 4110ms (0.03 Mbit/s) to 15f4aac4033d7ca1
2026-09-29 00:45:58,039 [INFO] send 13933B via direct in 2001ms (0.06 Mbit/s) to 973f43c9bbfac391
2026-09-29 00:45:58,080 [INFO] [client-2] Round 5 done — loss=0.9717 acc=0.5041  6.6s
2026-09-29 00:45:58,081 [INFO] [client-2] Round 6 — receiving model…
2026-09-29 00:45:58,082 [ERROR] send_tensors → client-9 FAILED: ConnectionError: stream not acknowledged: IrohError: 
2026-09-29 00:45:58,084 [INFO] Round 5 — waiting for 9 updates…
2026-09-29 00:45:58,085 [INFO] recv 13933B via direct in 517ms
2026-09-29 00:45:58,089 [INFO] recv 13933B via direct in 792ms
2026-09-29 00:45:58,093 [INFO] recv 13933B via direct in 1020ms
2026-09-29 00:45:58,095 [INFO] recv 13933B via direct in 654ms
2026-09-29 00:45:58,097 [INFO] recv 13933B via direct in 710ms
2026-09-29 00:45:58,099 [INFO] recv 13933B via direct in 1067ms
2026-09-29 00:45:58,222 [INFO] recv 13933B via direct in 536ms
2026-09-29 00:45:58,469 [INFO] send 13933B via direct in 1553ms (0.07 Mbit/s) to 973f43c9bbfac391
2026-09-29 00:45:58,543 [INFO] [client-5] Round 5 done — loss=0.9852 acc=0.5457  9.9s
2026-09-29 00:45:58,544 [INFO] [client-5] Round 6 — receiving model…
2026-09-29 00:45:58,645 [INFO] recv 13933B via direct in 1959ms
2026-09-29 00:45:58,660 [WARNING] Round 5 — discarding update from unselected/duplicate peer 412992bd21ee1aba
2026-09-29 00:45:58,937 [INFO] send 13933B via direct in 3019ms (0.04 Mbit/s) to 973f43c9bbfac391
2026-09-29 00:45:59,011 [INFO] [client-9] Round 5 done — loss=1.0114 acc=0.5176  10.4s
2026-09-29 00:45:59,012 [INFO] [client-9] Round 6 — receiving model…
2026-09-29 00:45:59,204 [INFO] recv 13933B via direct in 1994ms
2026-09-29 00:45:59,305 [INFO] recv 13933B via direct in 525ms
2026-09-29 00:45:59,353 [INFO] Round 5/20  acc=0.4622  loss=1.0618  5.4s  clients=9
2026-09-29 00:45:59,355 [INFO] Round 6 — sending model to 10 clients…
2026-09-29 00:45:59,484 [INFO] send 13933B via direct in 3078ms (0.04 Mbit/s) to 973f43c9bbfac391
2026-09-29 00:45:59,552 [INFO] [client-4] Round 5 done — loss=1.0260 acc=0.4904  8.3s
2026-09-29 00:45:59,553 [INFO] [client-4] Round 6 — receiving model…
2026-09-29 00:45:59,555 [INFO] send 13933B via direct in 1573ms (0.07 Mbit/s) to 973f43c9bbfac391
2026-09-29 00:45:59,592 [INFO] [client-6] Round 5 done — loss=1.0138 acc=0.4837  9.5s
2026-09-29 00:45:59,593 [INFO] [client-6] Round 6 — receiving model…
2026-09-29 00:46:00,595 [INFO] recv 13933B via direct in 508ms
2026-09-29 00:46:00,610 [INFO] [client-8] Round 6 — training locally…
2026-09-29 00:46:00,774 [INFO] [client-8] Round 6 — sending update…
2026-09-29 00:46:00,783 [INFO] recv 13933B via direct in 701ms
2026-09-29 00:46:00,788 [INFO] [client-9] Round 6 — training locally…
2026-09-29 00:46:00,912 [INFO] [client-9] Round 6 — sending update…
2026-09-29 00:46:00,915 [INFO] recv 13933B via direct in 675ms
2026-09-29 00:46:00,918 [INFO] [client-3] Round 6 — training locally…
2026-09-29 00:46:01,025 [INFO] [client-3] Round 6 — sending update…
2026-09-29 00:46:01,028 [INFO] recv 13933B via direct in 661ms
2026-09-29 00:46:01,030 [INFO] [client-2] Round 6 — training locally…
2026-09-29 00:46:01,140 [INFO] [client-2] Round 6 — sending update…
2026-09-29 00:46:01,143 [INFO] recv 13933B via direct in 644ms
2026-09-29 00:46:01,146 [INFO] [client-7] Round 6 — training locally…
2026-09-29 00:46:01,270 [INFO] [client-7] Round 6 — sending update…
2026-09-29 00:46:01,275 [INFO] send 13933B via direct in 1908ms (0.06 Mbit/s) to 11a4636945ef18d6
2026-09-29 00:46:01,276 [INFO] send 13933B via direct in 1910ms (0.06 Mbit/s) to 59dccc0529b08326
2026-09-29 00:46:01,277 [INFO] send 13933B via direct in 1915ms (0.06 Mbit/s) to b6054a4a11ecb120
2026-09-29 00:46:01,278 [INFO] send 13933B via direct in 1910ms (0.06 Mbit/s) to 412992bd21ee1aba
2026-09-29 00:46:01,280 [INFO] send 13933B via direct in 1916ms (0.06 Mbit/s) to 168fa892c5551796
2026-09-29 00:46:01,280 [INFO] recv 13933B via direct in 1175ms
2026-09-29 00:46:01,283 [INFO] [client-0] Round 6 — training locally…
2026-09-29 00:46:01,364 [INFO] [client-0] Round 6 — sending update…
2026-09-29 00:46:01,372 [INFO] send 13933B via direct in 2001ms (0.06 Mbit/s) to 38b2eed77c95e94c
2026-09-29 00:46:02,019 [INFO] recv 13933B via direct in 1871ms
2026-09-29 00:46:02,029 [INFO] [client-1] Round 6 — training locally…
2026-09-29 00:46:02,186 [INFO] [client-1] Round 6 — sending update…
2026-09-29 00:46:02,191 [INFO] recv 13933B via direct in 2042ms
2026-09-29 00:46:02,193 [INFO] [client-6] Round 6 — training locally…
2026-09-29 00:46:02,297 [INFO] [client-6] Round 6 — sending update…
2026-09-29 00:46:02,300 [INFO] recv 13933B via direct in 2004ms
2026-09-29 00:46:02,304 [INFO] [client-5] Round 6 — training locally…
2026-09-29 00:46:02,463 [INFO] [client-5] Round 6 — sending update…
2026-09-29 00:46:02,469 [INFO] send 13933B via direct in 3107ms (0.04 Mbit/s) to d0e98f98a223d760
2026-09-29 00:46:02,471 [INFO] send 13933B via direct in 3103ms (0.04 Mbit/s) to 15f4aac4033d7ca1
2026-09-29 00:46:02,472 [INFO] send 13933B via direct in 1692ms (0.07 Mbit/s) to 973f43c9bbfac391
2026-09-29 00:46:02,517 [INFO] [client-8] Round 6 done — loss=0.7657 acc=0.7119  5.4s
2026-09-29 00:46:02,518 [INFO] [client-8] Round 7 — receiving model…
2026-09-29 00:46:02,519 [INFO] send 13933B via direct in 3107ms (0.04 Mbit/s) to 39b2ac3c610d0c1d
2026-09-29 00:46:02,824 [INFO] send 13933B via direct in 1549ms (0.07 Mbit/s) to 973f43c9bbfac391
2026-09-29 00:46:02,922 [INFO] [client-7] Round 6 done — loss=1.0314 acc=0.4540  5.5s
2026-09-29 00:46:02,924 [INFO] [client-7] Round 7 — receiving model…
2026-09-29 00:46:03,010 [INFO] send 13933B via direct in 1865ms (0.06 Mbit/s) to 973f43c9bbfac391
2026-09-29 00:46:03,089 [INFO] [client-2] Round 6 done — loss=0.9766 acc=0.5093  5.0s
2026-09-29 00:46:03,090 [INFO] [client-2] Round 7 — receiving model…
2026-09-29 00:46:03,253 [INFO] recv 13933B via direct in 3120ms
2026-09-29 00:46:03,266 [INFO] [client-4] Round 6 — training locally…
2026-09-29 00:46:03,439 [INFO] [client-4] Round 6 — sending update…
2026-09-29 00:46:03,509 [INFO] send 13933B via direct in 4140ms (0.03 Mbit/s) to 8a8b688371b8e39a
2026-09-29 00:46:03,513 [INFO] Round 6 — waiting for 10 updates…
2026-09-29 00:46:03,516 [INFO] recv 13933B via direct in 588ms
2026-09-29 00:46:03,524 [INFO] recv 13933B via direct in 391ms
2026-09-29 00:46:03,539 [INFO] recv 13933B via direct in 911ms
2026-09-29 00:46:03,669 [INFO] recv 13933B via direct in 1989ms
2026-09-29 00:46:03,804 [INFO] recv 13933B via direct in 2004ms
2026-09-29 00:46:03,838 [INFO] recv 13933B via direct in 911ms
2026-09-29 00:46:03,886 [INFO] send 13933B via direct in 2969ms (0.04 Mbit/s) to 973f43c9bbfac391
2026-09-29 00:46:03,986 [INFO] [client-9] Round 6 done — loss=1.0132 acc=0.5133  5.0s
2026-09-29 00:46:03,987 [INFO] [client-9] Round 7 — receiving model…
2026-09-29 00:46:04,078 [INFO] send 13933B via direct in 3048ms (0.04 Mbit/s) to 973f43c9bbfac391
2026-09-29 00:46:04,116 [INFO] [client-3] Round 6 done — loss=1.0440 acc=0.4633  6.6s
2026-09-29 00:46:04,118 [INFO] [client-3] Round 7 — receiving model…
2026-09-29 00:46:04,120 [INFO] send 13933B via direct in 1931ms (0.06 Mbit/s) to 973f43c9bbfac391
2026-09-29 00:46:04,143 [INFO] [client-1] Round 6 done — loss=1.0623 acc=0.4220  7.0s
2026-09-29 00:46:04,144 [INFO] [client-1] Round 7 — receiving model…
2026-09-29 00:46:04,146 [INFO] recv 13933B via direct in 1956ms
2026-09-29 00:46:06,155 [ERROR] [client-0] round 6 error: stream not acknowledged: IrohError: 
2026-09-29 00:46:06,161 [INFO] [client-0] Round 7 — receiving model…
2026-09-29 00:46:06,281 [INFO] recv 13933B via direct in 1417ms
2026-09-29 00:46:06,497 [INFO] send 13933B via direct in 2428ms (0.05 Mbit/s) to 973f43c9bbfac391
2026-09-29 00:46:06,535 [INFO] [client-6] Round 6 done — loss=1.0229 acc=0.4733  5.2s
2026-09-29 00:46:06,536 [INFO] [client-6] Round 7 — receiving model…
2026-09-29 00:46:07,047 [INFO] recv 13933B via direct in 2028ms
2026-09-29 00:46:07,263 [INFO] send 13933B via direct in 3026ms (0.04 Mbit/s) to 973f43c9bbfac391
2026-09-29 00:46:07,354 [INFO] [client-5] Round 6 done — loss=0.9778 acc=0.5546  7.0s
2026-09-29 00:46:07,355 [INFO] [client-5] Round 7 — receiving model…
2026-09-29 00:46:08,097 [INFO] recv 13933B via direct in 2067ms
2026-09-29 00:46:08,177 [INFO] Round 6/20  acc=0.4538  loss=1.0699  7.1s  clients=10
2026-09-29 00:46:08,179 [INFO] Round 7 — sending model to 10 clients…
2026-09-29 00:46:08,398 [ERROR] [client-4] round 6 error: stream not acknowledged: IrohError: 
2026-09-29 00:46:08,403 [INFO] [client-4] Round 7 — receiving model…
2026-09-29 00:46:09,460 [INFO] recv 13933B via direct in 505ms
2026-09-29 00:46:09,474 [INFO] [client-1] Round 7 — training locally…
2026-09-29 00:46:09,782 [INFO] [client-1] Round 7 — sending update…
2026-09-29 00:46:09,788 [INFO] send 13933B via direct in 1600ms (0.07 Mbit/s) to d0e98f98a223d760
2026-09-29 00:46:09,790 [INFO] recv 13933B via direct in 818ms
2026-09-29 00:46:09,793 [INFO] [client-2] Round 7 — training locally…
2026-09-29 00:46:09,917 [INFO] [client-2] Round 7 — sending update…
2026-09-29 00:46:09,924 [INFO] recv 13933B via direct in 1023ms
2026-09-29 00:46:09,928 [INFO] [client-0] Round 7 — training locally…
2026-09-29 00:46:10,014 [INFO] [client-0] Round 7 — sending update…
2026-09-29 00:46:10,019 [INFO] recv 13933B via direct in 1096ms
2026-09-29 00:46:10,022 [INFO] [client-5] Round 7 — training locally…
2026-09-29 00:46:10,132 [INFO] [client-5] Round 7 — sending update…
2026-09-29 00:46:10,136 [INFO] recv 13933B via direct in 1084ms
2026-09-29 00:46:10,140 [INFO] [client-4] Round 7 — training locally…
2026-09-29 00:46:10,247 [INFO] [client-4] Round 7 — sending update…
2026-09-29 00:46:10,250 [INFO] recv 13933B via direct in 1082ms
2026-09-29 00:46:10,252 [INFO] [client-3] Round 7 — training locally…
2026-09-29 00:46:10,364 [INFO] [client-3] Round 7 — sending update…
2026-09-29 00:46:10,370 [INFO] send 13933B via direct in 2182ms (0.05 Mbit/s) to 8a8b688371b8e39a
2026-09-29 00:46:10,371 [INFO] send 13933B via direct in 2179ms (0.05 Mbit/s) to 39b2ac3c610d0c1d
2026-09-29 00:46:10,372 [INFO] send 13933B via direct in 2178ms (0.05 Mbit/s) to 59dccc0529b08326
2026-09-29 00:46:10,477 [INFO] recv 13933B via direct in 1463ms
2026-09-29 00:46:10,487 [INFO] [client-9] Round 7 — training locally…
2026-09-29 00:46:10,661 [INFO] [client-9] Round 7 — sending update…
2026-09-29 00:46:10,864 [INFO] recv 13933B via direct in 1931ms
2026-09-29 00:46:10,868 [INFO] [client-6] Round 7 — training locally…
2026-09-29 00:46:11,058 [INFO] [client-6] Round 7 — sending update…
2026-09-29 00:46:11,062 [INFO] recv 13933B via direct in 2114ms
2026-09-29 00:46:11,065 [INFO] [client-8] Round 7 — training locally…
2026-09-29 00:46:11,170 [INFO] [client-8] Round 7 — sending update…
2026-09-29 00:46:11,174 [INFO] recv 13933B via direct in 2026ms
2026-09-29 00:46:11,178 [INFO] [client-7] Round 7 — training locally…
2026-09-29 00:46:11,308 [INFO] [client-7] Round 7 — sending update…
2026-09-29 00:46:11,315 [INFO] send 13933B via direct in 3129ms (0.04 Mbit/s) to 15f4aac4033d7ca1
2026-09-29 00:46:11,316 [INFO] send 13933B via direct in 3126ms (0.04 Mbit/s) to 11a4636945ef18d6
2026-09-29 00:46:11,323 [INFO] send 13933B via direct in 1538ms (0.07 Mbit/s) to 973f43c9bbfac391
2026-09-29 00:46:11,343 [INFO] [client-1] Round 7 done — loss=1.0603 acc=0.4214  5.4s
2026-09-29 00:46:11,344 [INFO] [client-1] Round 8 — receiving model…
2026-09-29 00:46:11,346 [INFO] send 13933B via direct in 3159ms (0.04 Mbit/s) to 168fa892c5551796
2026-09-29 00:46:11,347 [ERROR] send_tensors → client-9 FAILED: ConnectionError: stream not acknowledged: IrohError: 
2026-09-29 00:46:11,347 [ERROR] send_tensors → client-0 FAILED: ConnectionError: stream not acknowledged: IrohError: 
2026-09-29 00:46:11,348 [ERROR] send_tensors → client-2 FAILED: ConnectionError: stream not acknowledged: IrohError: 
2026-09-29 00:46:11,349 [INFO] Round 7 — waiting for 7 updates…
2026-09-29 00:46:11,350 [INFO] recv 13933B via direct in 646ms
2026-09-29 00:46:11,410 [INFO] recv 13933B via direct in 345ms
2026-09-29 00:46:11,648 [INFO] send 13933B via direct in 1510ms (0.07 Mbit/s) to 973f43c9bbfac391
2026-09-29 00:46:11,739 [INFO] [client-5] Round 7 done — loss=0.9767 acc=0.5477  4.4s
2026-09-29 00:46:11,740 [INFO] [client-5] Round 8 — receiving model…
2026-09-29 00:46:12,298 [INFO] recv 13933B via direct in 1568ms
2026-09-29 00:46:12,311 [WARNING] Round 7 — discarding update from unselected/duplicate peer b6054a4a11ecb120
2026-09-29 00:46:12,337 [INFO] recv 13933B via direct in 1574ms
2026-09-29 00:46:12,359 [WARNING] Round 7 — discarding update from unselected/duplicate peer 38b2eed77c95e94c
2026-09-29 00:46:12,408 [INFO] recv 13933B via direct in 582ms
2026-09-29 00:46:12,516 [INFO] recv 13933B via direct in 454ms
2026-09-29 00:46:12,556 [INFO] send 13933B via direct in 2633ms (0.04 Mbit/s) to 973f43c9bbfac391
2026-09-29 00:46:12,637 [INFO] [client-2] Round 7 done — loss=0.9756 acc=0.5203  7.8s
2026-09-29 00:46:12,639 [INFO] [client-2] Round 8 — receiving model…
2026-09-29 00:46:12,642 [INFO] send 13933B via direct in 2623ms (0.04 Mbit/s) to 973f43c9bbfac391
2026-09-29 00:46:12,663 [INFO] [client-0] Round 7 done — loss=1.0577 acc=0.4583  6.5s
2026-09-29 00:46:12,664 [INFO] [client-0] Round 8 — receiving model…
2026-09-29 00:46:12,666 [INFO] recv 13933B via direct in 1232ms
2026-09-29 00:46:12,670 [WARNING] Round 7 — discarding update from unselected/duplicate peer 412992bd21ee1aba
2026-09-29 00:46:12,671 [INFO] send 13933B via direct in 1605ms (0.07 Mbit/s) to 973f43c9bbfac391
2026-09-29 00:46:12,695 [INFO] [client-6] Round 7 done — loss=1.0162 acc=0.4854  6.2s
2026-09-29 00:46:12,696 [INFO] [client-6] Round 8 — receiving model…
2026-09-29 00:46:12,727 [INFO] send 13933B via direct in 1417ms (0.08 Mbit/s) to 973f43c9bbfac391
2026-09-29 00:46:12,757 [INFO] [client-7] Round 7 done — loss=1.0331 acc=0.4543  8.1s
2026-09-29 00:46:12,759 [INFO] [client-7] Round 8 — receiving model…
2026-09-29 00:46:12,770 [INFO] send 13933B via direct in 2105ms (0.05 Mbit/s) to 973f43c9bbfac391
2026-09-29 00:46:12,792 [INFO] [client-9] Round 7 done — loss=1.0068 acc=0.5246  7.0s
2026-09-29 00:46:12,793 [INFO] [client-9] Round 8 — receiving model…
2026-09-29 00:46:13,016 [INFO] recv 13933B via direct in 1950ms
2026-09-29 00:46:13,031 [INFO] recv 13933B via direct in 1719ms
2026-09-29 00:46:13,213 [INFO] send 13933B via direct in 2847ms (0.04 Mbit/s) to 973f43c9bbfac391
2026-09-29 00:46:13,264 [INFO] [client-3] Round 7 done — loss=1.0409 acc=0.4609  7.4s
2026-09-29 00:46:13,266 [INFO] [client-3] Round 8 — receiving model…
2026-09-29 00:46:13,268 [INFO] send 13933B via direct in 3019ms (0.04 Mbit/s) to 973f43c9bbfac391
2026-09-29 00:46:13,296 [INFO] [client-4] Round 7 done — loss=1.0209 acc=0.4945  4.9s
2026-09-29 00:46:13,298 [INFO] [client-4] Round 8 — receiving model…
2026-09-29 00:46:14,038 [INFO] recv 13933B via direct in 2084ms
2026-09-29 00:46:14,069 [INFO] Round 7/20  acc=0.3844  loss=1.0988  5.9s  clients=7
2026-09-29 00:46:14,070 [INFO] Round 8 — sending model to 10 clients…
2026-09-29 00:46:14,280 [INFO] send 13933B via direct in 3104ms (0.04 Mbit/s) to 973f43c9bbfac391
2026-09-29 00:46:14,353 [INFO] [client-8] Round 7 done — loss=0.7662 acc=0.7119  10.1s
2026-09-29 00:46:14,354 [INFO] [client-8] Round 8 — receiving model…
2026-09-29 00:46:15,352 [INFO] recv 13933B via direct in 536ms
2026-09-29 00:46:15,359 [INFO] [client-1] Round 8 — training locally…
2026-09-29 00:46:15,604 [INFO] [client-1] Round 8 — sending update…
2026-09-29 00:46:15,607 [INFO] recv 13933B via direct in 532ms
2026-09-29 00:46:15,609 [INFO] [client-6] Round 8 — training locally…
2026-09-29 00:46:15,779 [INFO] [client-6] Round 8 — sending update…
2026-09-29 00:46:15,784 [INFO] send 13933B via direct in 1704ms (0.07 Mbit/s) to d0e98f98a223d760
2026-09-29 00:46:15,786 [INFO] send 13933B via direct in 1703ms (0.07 Mbit/s) to 15f4aac4033d7ca1
2026-09-29 00:46:15,787 [INFO] send 13933B via direct in 1705ms (0.07 Mbit/s) to 38b2eed77c95e94c
2026-09-29 00:46:15,788 [INFO] recv 13933B via direct in 954ms
2026-09-29 00:46:15,791 [INFO] [client-0] Round 8 — training locally…
2026-09-29 00:46:15,908 [INFO] [client-0] Round 8 — sending update…
2026-09-29 00:46:15,911 [INFO] recv 13933B via direct in 1005ms
2026-09-29 00:46:15,915 [INFO] [client-9] Round 8 — training locally…
2026-09-29 00:46:16,035 [INFO] [client-9] Round 8 — sending update…
2026-09-29 00:46:16,040 [INFO] recv 13933B via direct in 1250ms
2026-09-29 00:46:16,043 [INFO] [client-3] Round 8 — training locally…
2026-09-29 00:46:16,180 [INFO] [client-3] Round 8 — sending update…
2026-09-29 00:46:16,331 [INFO] recv 13933B via direct in 1476ms
2026-09-29 00:46:16,349 [INFO] [client-5] Round 8 — training locally…
2026-09-29 00:46:16,531 [INFO] [client-5] Round 8 — sending update…
2026-09-29 00:46:16,538 [INFO] recv 13933B via direct in 1752ms
2026-09-29 00:46:16,540 [INFO] [client-8] Round 8 — training locally…
2026-09-29 00:46:16,746 [INFO] [client-8] Round 8 — sending update…
2026-09-29 00:46:16,757 [INFO] send 13933B via direct in 2678ms (0.04 Mbit/s) to 11a4636945ef18d6
2026-09-29 00:46:16,813 [INFO] recv 13933B via direct in 1955ms
2026-09-29 00:46:16,822 [INFO] [client-4] Round 8 — training locally…
2026-09-29 00:46:17,016 [INFO] [client-4] Round 8 — sending update…
2026-09-29 00:46:17,023 [INFO] recv 13933B via direct in 2104ms
2026-09-29 00:46:17,026 [INFO] [client-2] Round 8 — training locally…
2026-09-29 00:46:17,159 [INFO] [client-2] Round 8 — sending update…
2026-09-29 00:46:17,164 [INFO] send 13933B via direct in 3081ms (0.04 Mbit/s) to 8a8b688371b8e39a
2026-09-29 00:46:17,167 [INFO] send 13933B via direct in 3090ms (0.04 Mbit/s) to b6054a4a11ecb120
2026-09-29 00:46:17,243 [ERROR] [client-1] round 8 error: stream not acknowledged: IrohError: 
2026-09-29 00:46:17,245 [INFO] [client-1] Round 9 — receiving model…
2026-09-29 00:46:17,500 [INFO] send 13933B via direct in 1588ms (0.07 Mbit/s) to 973f43c9bbfac391
2026-09-29 00:46:17,610 [INFO] [client-0] Round 8 done — loss=1.0621 acc=0.4444  4.9s
2026-09-29 00:46:17,611 [INFO] [client-0] Round 9 — receiving model…
2026-09-29 00:46:17,680 [ERROR] [client-9] round 8 error: stream not acknowledged: IrohError: 
2026-09-29 00:46:17,681 [INFO] [client-9] Round 9 — receiving model…
2026-09-29 00:46:17,699 [INFO] recv 13933B via direct in 2854ms
2026-09-29 00:46:17,704 [INFO] [client-7] Round 8 — training locally…
2026-09-29 00:46:17,829 [INFO] [client-7] Round 8 — sending update…
2026-09-29 00:46:17,924 [INFO] send 13933B via direct in 3847ms (0.03 Mbit/s) to 168fa892c5551796
2026-09-29 00:46:17,928 [ERROR] send_tensors → client-5 FAILED: ConnectionError: stream not acknowledged: IrohError: 
2026-09-29 00:46:17,932 [ERROR] send_tensors → client-9 FAILED: ConnectionError: stream not acknowledged: IrohError: 
2026-09-29 00:46:17,937 [ERROR] send_tensors → client-3 FAILED: ConnectionError: stream not acknowledged: IrohError: 
2026-09-29 00:46:17,941 [INFO] Round 8 — waiting for 7 updates…
2026-09-29 00:46:17,945 [INFO] recv 13933B via direct in 485ms
2026-09-29 00:46:17,958 [INFO] recv 13933B via direct in 533ms
2026-09-29 00:46:17,966 [INFO] recv 13933B via direct in 632ms
2026-09-29 00:46:17,974 [WARNING] Round 8 — discarding update from unselected/duplicate peer 412992bd21ee1aba
2026-09-29 00:46:17,980 [INFO] recv 13933B via direct in 665ms
2026-09-29 00:46:17,984 [WARNING] Round 8 — discarding update from unselected/duplicate peer 39b2ac3c610d0c1d
2026-09-29 00:46:17,986 [INFO] recv 13933B via direct in 958ms
2026-09-29 00:46:17,989 [WARNING] Round 8 — discarding update from unselected/duplicate peer 59dccc0529b08326
2026-09-29 00:46:18,206 [INFO] send 13933B via direct in 2021ms (0.06 Mbit/s) to 973f43c9bbfac391
2026-09-29 00:46:18,280 [INFO] [client-3] Round 8 done — loss=1.0466 acc=0.4536  5.0s
2026-09-29 00:46:18,281 [INFO] [client-3] Round 9 — receiving model…
2026-09-29 00:46:18,283 [ERROR] [client-5] round 8 error: stream not acknowledged: IrohError: 
2026-09-29 00:46:18,284 [INFO] [client-5] Round 9 — receiving model…
2026-09-29 00:46:18,517 [INFO] recv 13933B via direct in 1763ms
2026-09-29 00:46:18,795 [INFO] send 13933B via direct in 3011ms (0.04 Mbit/s) to 973f43c9bbfac391
2026-09-29 00:46:18,888 [INFO] [client-6] Round 8 done — loss=1.0125 acc=0.5010  6.2s
2026-09-29 00:46:18,888 [INFO] [client-6] Round 9 — receiving model…
2026-09-29 00:46:18,890 [INFO] recv 13933B via direct in 1056ms
2026-09-29 00:46:18,930 [INFO] recv 13933B via direct in 951ms
2026-09-29 00:46:19,059 [INFO] recv 13933B via direct in 523ms
2026-09-29 00:46:19,071 [INFO] send 13933B via direct in 2050ms (0.05 Mbit/s) to 973f43c9bbfac391
2026-09-29 00:46:19,111 [INFO] [client-4] Round 8 done — loss=1.0292 acc=0.4808  5.8s
2026-09-29 00:46:19,112 [INFO] [client-4] Round 9 — receiving model…
2026-09-29 00:46:19,151 [INFO] send 13933B via direct in 1989ms (0.06 Mbit/s) to 973f43c9bbfac391
2026-09-29 00:46:19,196 [INFO] [client-2] Round 8 done — loss=0.9801 acc=0.5093  6.6s
2026-09-29 00:46:19,198 [INFO] [client-2] Round 9 — receiving model…
2026-09-29 00:46:19,301 [INFO] send 13933B via direct in 1467ms (0.08 Mbit/s) to 973f43c9bbfac391
2026-09-29 00:46:19,397 [INFO] [client-7] Round 8 done — loss=1.0312 acc=0.4464  6.6s
2026-09-29 00:46:19,399 [INFO] [client-7] Round 9 — receiving model…
2026-09-29 00:46:19,590 [INFO] recv 13933B via direct in 1977ms
2026-09-29 00:46:19,622 [INFO] Round 8/20  acc=0.4097  loss=1.0864  5.6s  clients=7
2026-09-29 00:46:19,623 [INFO] Round 9 — sending model to 10 clients…
2026-09-29 00:46:19,868 [INFO] send 13933B via direct in 3117ms (0.04 Mbit/s) to 973f43c9bbfac391
2026-09-29 00:46:19,916 [INFO] [client-8] Round 8 done — loss=0.7602 acc=0.7167  5.6s
2026-09-29 00:46:19,917 [INFO] [client-8] Round 9 — receiving model…
2026-09-29 00:46:20,901 [INFO] recv 13933B via direct in 548ms
2026-09-29 00:46:20,920 [INFO] [client-6] Round 9 — training locally…
2026-09-29 00:46:21,101 [INFO] [client-6] Round 9 — sending update…
2026-09-29 00:46:21,107 [INFO] recv 13933B via direct in 748ms
2026-09-29 00:46:21,110 [INFO] [client-1] Round 9 — training locally…
2026-09-29 00:46:21,215 [INFO] [client-1] Round 9 — sending update…
2026-09-29 00:46:21,218 [INFO] recv 13933B via direct in 733ms
2026-09-29 00:46:21,222 [INFO] [client-3] Round 9 — training locally…
2026-09-29 00:46:21,343 [INFO] [client-3] Round 9 — sending update…
2026-09-29 00:46:21,345 [INFO] recv 13933B via direct in 742ms
2026-09-29 00:46:21,349 [INFO] [client-7] Round 9 — training locally…
2026-09-29 00:46:21,492 [INFO] [client-7] Round 9 — sending update…
2026-09-29 00:46:21,494 [INFO] recv 13933B via direct in 675ms
2026-09-29 00:46:21,497 [INFO] [client-4] Round 9 — training locally…
2026-09-29 00:46:21,599 [INFO] [client-4] Round 9 — sending update…
2026-09-29 00:46:21,609 [INFO] send 13933B via direct in 1973ms (0.06 Mbit/s) to 15f4aac4033d7ca1
2026-09-29 00:46:21,611 [INFO] send 13933B via direct in 1971ms (0.06 Mbit/s) to 8a8b688371b8e39a
2026-09-29 00:46:21,612 [INFO] send 13933B via direct in 1978ms (0.06 Mbit/s) to d0e98f98a223d760
2026-09-29 00:46:21,612 [INFO] send 13933B via direct in 1977ms (0.06 Mbit/s) to 11a4636945ef18d6
2026-09-29 00:46:21,614 [INFO] recv 13933B via direct in 1274ms
2026-09-29 00:46:21,616 [INFO] [client-8] Round 9 — training locally…
2026-09-29 00:46:21,730 [INFO] [client-8] Round 9 — sending update…
2026-09-29 00:46:21,733 [INFO] recv 13933B via direct in 1305ms
2026-09-29 00:46:21,736 [INFO] [client-2] Round 9 — training locally…
2026-09-29 00:46:21,840 [INFO] [client-2] Round 9 — sending update…
2026-09-29 00:46:21,945 [INFO] recv 13933B via direct in 1491ms
2026-09-29 00:46:21,948 [INFO] [client-5] Round 9 — training locally…
2026-09-29 00:46:22,101 [INFO] [client-5] Round 9 — sending update…
2026-09-29 00:46:22,179 [INFO] send 13933B via direct in 2552ms (0.04 Mbit/s) to 39b2ac3c610d0c1d
2026-09-29 00:46:22,398 [INFO] recv 13933B via direct in 2009ms
2026-09-29 00:46:22,410 [INFO] [client-0] Round 9 — training locally…
2026-09-29 00:46:22,641 [INFO] [client-0] Round 9 — sending update…
2026-09-29 00:46:22,648 [INFO] send 13933B via direct in 1541ms (0.07 Mbit/s) to 973f43c9bbfac391
2026-09-29 00:46:22,668 [INFO] [client-6] Round 9 done — loss=1.0091 acc=0.5003  3.8s
2026-09-29 00:46:22,669 [INFO] [client-6] Round 10 — receiving model…
2026-09-29 00:46:22,671 [INFO] send 13933B via direct in 3042ms (0.04 Mbit/s) to 38b2eed77c95e94c
2026-09-29 00:46:22,768 [INFO] send 13933B via direct in 1551ms (0.07 Mbit/s) to 973f43c9bbfac391
2026-09-29 00:46:22,787 [INFO] [client-1] Round 9 done — loss=1.0581 acc=0.4203  5.5s
2026-09-29 00:46:22,788 [INFO] [client-1] Round 10 — receiving model…
2026-09-29 00:46:23,090 [INFO] send 13933B via direct in 1592ms (0.07 Mbit/s) to 973f43c9bbfac391
2026-09-29 00:46:23,172 [INFO] [client-7] Round 9 done — loss=1.0266 acc=0.4557  3.8s
2026-09-29 00:46:23,173 [INFO] [client-7] Round 10 — receiving model…
2026-09-29 00:46:23,179 [INFO] send 13933B via direct in 1573ms (0.07 Mbit/s) to 973f43c9bbfac391
2026-09-29 00:46:23,196 [INFO] [client-4] Round 9 done — loss=1.0218 acc=0.4856  4.1s
2026-09-29 00:46:23,198 [INFO] [client-4] Round 10 — receiving model…
2026-09-29 00:46:23,200 [INFO] recv 13933B via direct in 2717ms
2026-09-29 00:46:23,203 [INFO] [client-9] Round 9 — training locally…
2026-09-29 00:46:23,334 [INFO] [client-9] Round 9 — sending update…
2026-09-29 00:46:23,338 [ERROR] [client-3] round 9 error: stream not acknowledged: IrohError: 
2026-09-29 00:46:23,339 [INFO] [client-3] Round 10 — receiving model…
2026-09-29 00:46:23,342 [INFO] send 13933B via direct in 1499ms (0.07 Mbit/s) to 973f43c9bbfac391
2026-09-29 00:46:23,365 [INFO] [client-2] Round 9 done — loss=0.9722 acc=0.5003  4.2s
2026-09-29 00:46:23,366 [INFO] [client-2] Round 10 — receiving model…
2026-09-29 00:46:23,425 [INFO] send 13933B via direct in 3795ms (0.03 Mbit/s) to 412992bd21ee1aba
2026-09-29 00:46:23,428 [ERROR] send_tensors → client-3 FAILED: ConnectionError: stream not acknowledged: IrohError: 
2026-09-29 00:46:23,431 [ERROR] send_tensors → client-2 FAILED: ConnectionError: stream not acknowledged: IrohError: 
2026-09-29 00:46:23,433 [ERROR] send_tensors → client-7 FAILED: ConnectionError: stream not acknowledged: IrohError: 
2026-09-29 00:46:23,436 [INFO] Round 9 — waiting for 7 updates…
2026-09-29 00:46:23,437 [INFO] recv 13933B via direct in 466ms
2026-09-29 00:46:23,442 [INFO] recv 13933B via direct in 712ms
2026-09-29 00:46:23,450 [INFO] recv 13933B via direct in 567ms
2026-09-29 00:46:23,458 [WARNING] Round 9 — discarding update from unselected/duplicate peer 168fa892c5551796
2026-09-29 00:46:23,461 [INFO] recv 13933B via direct in 503ms
2026-09-29 00:46:23,471 [INFO] recv 13933B via direct in 925ms
2026-09-29 00:46:23,476 [WARNING] Round 9 — discarding update from unselected/duplicate peer 59dccc0529b08326
2026-09-29 00:46:23,478 [INFO] recv 13933B via direct in 530ms
2026-09-29 00:46:23,486 [WARNING] Round 9 — discarding update from unselected/duplicate peer b6054a4a11ecb120
2026-09-29 00:46:23,490 [INFO] recv 13933B via direct in 844ms
2026-09-29 00:46:23,713 [ERROR] [client-8] round 9 error: stream not acknowledged: IrohError: 
2026-09-29 00:46:23,718 [INFO] [client-8] Round 10 — receiving model…
2026-09-29 00:46:23,942 [INFO] recv 13933B via direct in 1029ms
2026-09-29 00:46:23,967 [INFO] recv 13933B via direct in 570ms
2026-09-29 00:46:24,167 [INFO] send 13933B via direct in 2061ms (0.05 Mbit/s) to 973f43c9bbfac391
2026-09-29 00:46:24,236 [INFO] [client-5] Round 9 done — loss=0.9871 acc=0.5470  6.0s
2026-09-29 00:46:24,237 [INFO] [client-5] Round 10 — receiving model…
2026-09-29 00:46:24,239 [INFO] send 13933B via direct in 1595ms (0.07 Mbit/s) to 973f43c9bbfac391
2026-09-29 00:46:24,267 [INFO] [client-0] Round 9 done — loss=1.0569 acc=0.4475  6.7s
2026-09-29 00:46:24,268 [INFO] [client-0] Round 10 — receiving model…
2026-09-29 00:46:24,654 [INFO] recv 13933B via direct in 520ms
2026-09-29 00:46:24,691 [INFO] Round 9/20  acc=0.4240  loss=1.0854  5.1s  clients=7
2026-09-29 00:46:24,693 [INFO] Round 10 — sending model to 10 clients…
2026-09-29 00:46:24,897 [ERROR] [client-9] round 9 error: stream not acknowledged: IrohError: 
2026-09-29 00:46:24,904 [INFO] [client-9] Round 10 — receiving model…
2026-09-29 00:46:25,943 [INFO] recv 13933B via direct in 509ms
2026-09-29 00:46:25,960 [INFO] [client-5] Round 10 — training locally…
2026-09-29 00:46:26,132 [INFO] [client-5] Round 10 — sending update…
2026-09-29 00:46:26,136 [INFO] recv 13933B via direct in 633ms
2026-09-29 00:46:26,139 [INFO] [client-8] Round 10 — training locally…
2026-09-29 00:46:26,286 [INFO] [client-8] Round 10 — sending update…
2026-09-29 00:46:26,291 [INFO] send 13933B via direct in 1591ms (0.07 Mbit/s) to 39b2ac3c610d0c1d
2026-09-29 00:46:26,293 [INFO] send 13933B via direct in 1592ms (0.07 Mbit/s) to 11a4636945ef18d6
2026-09-29 00:46:26,388 [INFO] recv 13933B via direct in 994ms
2026-09-29 00:46:26,393 [INFO] [client-0] Round 10 — training locally…
2026-09-29 00:46:26,570 [INFO] [client-0] Round 10 — sending update…
2026-09-29 00:46:26,575 [INFO] recv 13933B via direct in 1092ms
2026-09-29 00:46:26,579 [INFO] [client-6] Round 10 — training locally…
2026-09-29 00:46:26,738 [INFO] [client-6] Round 10 — sending update…
2026-09-29 00:46:26,742 [INFO] recv 13933B via direct in 1133ms
2026-09-29 00:46:26,746 [INFO] [client-2] Round 10 — training locally…
2026-09-29 00:46:26,909 [INFO] [client-2] Round 10 — sending update…
2026-09-29 00:46:26,911 [INFO] recv 13933B via direct in 1161ms
2026-09-29 00:46:26,914 [INFO] [client-4] Round 10 — training locally…
2026-09-29 00:46:27,026 [INFO] [client-4] Round 10 — sending update…
2026-09-29 00:46:27,036 [INFO] send 13933B via direct in 2324ms (0.05 Mbit/s) to 15f4aac4033d7ca1
2026-09-29 00:46:27,037 [INFO] send 13933B via direct in 2326ms (0.05 Mbit/s) to b6054a4a11ecb120
2026-09-29 00:46:27,038 [INFO] send 13933B via direct in 2332ms (0.05 Mbit/s) to 8a8b688371b8e39a
2026-09-29 00:46:27,336 [INFO] recv 13933B via direct in 1870ms
2026-09-29 00:46:27,349 [INFO] [client-9] Round 10 — training locally…
2026-09-29 00:46:27,512 [INFO] [client-9] Round 10 — sending update…
2026-09-29 00:46:27,526 [INFO] recv 13933B via direct in 1976ms
2026-09-29 00:46:27,529 [INFO] [client-1] Round 10 — training locally…
2026-09-29 00:46:27,663 [INFO] [client-1] Round 10 — sending update…
2026-09-29 00:46:27,669 [INFO] send 13933B via direct in 2966ms (0.04 Mbit/s) to 412992bd21ee1aba
2026-09-29 00:46:27,671 [INFO] recv 13933B via direct in 2155ms
2026-09-29 00:46:27,674 [INFO] [client-7] Round 10 — training locally…
2026-09-29 00:46:27,803 [INFO] [client-7] Round 10 — sending update…
2026-09-29 00:46:27,810 [INFO] send 13933B via direct in 3104ms (0.04 Mbit/s) to 168fa892c5551796
2026-09-29 00:46:27,813 [INFO] send 13933B via direct in 3107ms (0.04 Mbit/s) to d0e98f98a223d760
2026-09-29 00:46:28,064 [INFO] send 13933B via direct in 1927ms (0.06 Mbit/s) to 973f43c9bbfac391
2026-09-29 00:46:28,152 [INFO] [client-5] Round 10 done — loss=0.9762 acc=0.5546  3.9s
2026-09-29 00:46:28,153 [INFO] [client-5] Round 11 — receiving model…
2026-09-29 00:46:28,158 [INFO] send 13933B via direct in 1585ms (0.07 Mbit/s) to 973f43c9bbfac391
2026-09-29 00:46:28,180 [INFO] [client-0] Round 10 done — loss=1.0596 acc=0.4497  3.9s
2026-09-29 00:46:28,181 [INFO] [client-0] Round 11 — receiving model…
2026-09-29 00:46:28,403 [INFO] recv 13933B via direct in 2935ms
2026-09-29 00:46:28,419 [INFO] [client-3] Round 10 — training locally…
2026-09-29 00:46:28,680 [INFO] [client-3] Round 10 — sending update…
2026-09-29 00:46:28,686 [INFO] send 13933B via direct in 2395ms (0.05 Mbit/s) to 973f43c9bbfac391
2026-09-29 00:46:28,706 [INFO] [client-8] Round 10 done — loss=0.7580 acc=0.7191  5.0s
2026-09-29 00:46:28,707 [INFO] [client-8] Round 11 — receiving model…
2026-09-29 00:46:28,708 [INFO] send 13933B via direct in 1774ms (0.06 Mbit/s) to 973f43c9bbfac391
2026-09-29 00:46:28,726 [INFO] [client-2] Round 10 done — loss=0.9680 acc=0.5096  5.4s
2026-09-29 00:46:28,728 [INFO] [client-2] Round 11 — receiving model…
2026-09-29 00:46:28,729 [INFO] send 13933B via direct in 1657ms (0.07 Mbit/s) to 973f43c9bbfac391
2026-09-29 00:46:28,767 [INFO] [client-4] Round 10 done — loss=1.0171 acc=0.4852  5.6s
2026-09-29 00:46:28,769 [INFO] [client-4] Round 11 — receiving model…
2026-09-29 00:46:28,770 [INFO] send 13933B via direct in 3985ms (0.03 Mbit/s) to 59dccc0529b08326
2026-09-29 00:46:28,771 [ERROR] send_tensors → client-0 FAILED: ConnectionError: stream not acknowledged: IrohError: 
2026-09-29 00:46:28,772 [INFO] Round 10 — waiting for 9 updates…
2026-09-29 00:46:28,773 [INFO] recv 13933B via direct in 780ms
2026-09-29 00:46:28,776 [INFO] recv 13933B via direct in 609ms
2026-09-29 00:46:28,782 [WARNING] Round 10 — discarding update from unselected/duplicate peer 38b2eed77c95e94c
2026-09-29 00:46:28,784 [INFO] recv 13933B via direct in 1176ms
2026-09-29 00:46:28,786 [INFO] recv 13933B via direct in 603ms
2026-09-29 00:46:28,788 [INFO] recv 13933B via direct in 522ms
2026-09-29 00:46:29,022 [INFO] recv 13933B via direct in 335ms
2026-09-29 00:46:29,273 [INFO] send 13933B via direct in 1604ms (0.07 Mbit/s) to 973f43c9bbfac391
2026-09-29 00:46:29,362 [INFO] [client-1] Round 10 done — loss=1.0581 acc=0.4245  6.6s
2026-09-29 00:46:29,364 [INFO] [client-1] Round 11 — receiving model…
2026-09-29 00:46:29,423 [INFO] recv 13933B via direct in 1906ms
2026-09-29 00:46:29,677 [INFO] send 13933B via direct in 2933ms (0.04 Mbit/s) to 973f43c9bbfac391
2026-09-29 00:46:29,768 [INFO] [client-6] Round 10 done — loss=1.0082 acc=0.4889  7.1s
2026-09-29 00:46:29,769 [INFO] [client-6] Round 11 — receiving model…
2026-09-29 00:46:30,202 [INFO] recv 13933B via direct in 1943ms
2026-09-29 00:46:30,434 [INFO] recv 13933B via direct in 1051ms
2026-09-29 00:46:30,458 [INFO] send 13933B via direct in 2940ms (0.04 Mbit/s) to 973f43c9bbfac391
2026-09-29 00:46:30,519 [INFO] [client-9] Round 10 done — loss=1.0105 acc=0.5116  5.6s
2026-09-29 00:46:30,521 [INFO] [client-9] Round 11 — receiving model…
2026-09-29 00:46:30,607 [INFO] recv 13933B via direct in 1919ms
2026-09-29 00:46:30,654 [INFO] Round 10/20  acc=0.4493  loss=1.0781  6.0s  clients=9
2026-09-29 00:46:30,657 [INFO] Round 11 — sending model to 10 clients…
2026-09-29 00:46:30,670 [INFO] send 13933B via direct in 1987ms (0.06 Mbit/s) to 973f43c9bbfac391
2026-09-29 00:46:30,701 [INFO] [client-3] Round 10 done — loss=1.0503 acc=0.4536  7.4s
2026-09-29 00:46:30,703 [INFO] [client-3] Round 11 — receiving model…
2026-09-29 00:46:30,829 [INFO] send 13933B via direct in 3023ms (0.04 Mbit/s) to 973f43c9bbfac391
2026-09-29 00:46:30,851 [INFO] [client-7] Round 10 done — loss=1.0303 acc=0.4492  7.7s
2026-09-29 00:46:30,853 [INFO] [client-7] Round 11 — receiving model…
2026-09-29 00:46:31,872 [INFO] recv 13933B via direct in 539ms
2026-09-29 00:46:31,882 [INFO] [client-9] Round 11 — training locally…
2026-09-29 00:46:32,035 [INFO] [client-9] Round 11 — sending update…
2026-09-29 00:46:32,041 [INFO] recv 13933B via direct in 688ms
2026-09-29 00:46:32,044 [INFO] [client-4] Round 11 — training locally…
2026-09-29 00:46:32,148 [INFO] [client-4] Round 11 — sending update…
2026-09-29 00:46:32,151 [INFO] recv 13933B via direct in 660ms
2026-09-29 00:46:32,154 [INFO] [client-1] Round 11 — training locally…
2026-09-29 00:46:32,277 [INFO] [client-1] Round 11 — sending update…
2026-09-29 00:46:32,281 [INFO] recv 13933B via direct in 644ms
2026-09-29 00:46:32,285 [INFO] [client-0] Round 11 — training locally…
2026-09-29 00:46:32,372 [INFO] [client-0] Round 11 — sending update…
2026-09-29 00:46:32,376 [INFO] recv 13933B via direct in 637ms
2026-09-29 00:46:32,379 [INFO] [client-7] Round 11 — training locally…
2026-09-29 00:46:32,513 [INFO] [client-7] Round 11 — sending update…
2026-09-29 00:46:32,518 [INFO] send 13933B via direct in 1854ms (0.06 Mbit/s) to 8a8b688371b8e39a
2026-09-29 00:46:32,520 [INFO] send 13933B via direct in 1853ms (0.06 Mbit/s) to 168fa892c5551796
2026-09-29 00:46:32,521 [INFO] send 13933B via direct in 1849ms (0.06 Mbit/s) to 412992bd21ee1aba
2026-09-29 00:46:32,522 [INFO] recv 13933B via direct in 1102ms
2026-09-29 00:46:32,527 [INFO] [client-6] Round 11 — training locally…
2026-09-29 00:46:32,648 [INFO] [client-6] Round 11 — sending update…
2026-09-29 00:46:32,741 [INFO] send 13933B via direct in 2068ms (0.05 Mbit/s) to 15f4aac4033d7ca1
2026-09-29 00:46:33,381 [INFO] recv 13933B via direct in 1922ms
2026-09-29 00:46:33,395 [INFO] [client-8] Round 11 — training locally…
2026-09-29 00:46:33,599 [INFO] [client-8] Round 11 — sending update…
2026-09-29 00:46:33,604 [INFO] send 13933B via direct in 2935ms (0.04 Mbit/s) to 11a4636945ef18d6
2026-09-29 00:46:33,605 [INFO] recv 13933B via direct in 2183ms
2026-09-29 00:46:33,608 [INFO] [client-2] Round 11 — training locally…
2026-09-29 00:46:33,714 [INFO] [client-2] Round 11 — sending update…
2026-09-29 00:46:33,719 [INFO] send 13933B via direct in 3049ms (0.04 Mbit/s) to b6054a4a11ecb120
2026-09-29 00:46:33,848 [INFO] send 13933B via direct in 1564ms (0.07 Mbit/s) to 973f43c9bbfac391
2026-09-29 00:46:33,939 [INFO] [client-1] Round 11 done — loss=1.0603 acc=0.4289  4.6s
2026-09-29 00:46:33,940 [INFO] [client-1] Round 12 — receiving model…
2026-09-29 00:46:34,146 [INFO] send 13933B via direct in 1495ms (0.07 Mbit/s) to 973f43c9bbfac391
2026-09-29 00:46:34,233 [INFO] [client-6] Round 11 done — loss=1.0113 acc=0.4951  4.5s
2026-09-29 00:46:34,234 [INFO] [client-6] Round 12 — receiving model…
2026-09-29 00:46:34,603 [INFO] send 13933B via direct in 2562ms (0.04 Mbit/s) to 973f43c9bbfac391
2026-09-29 00:46:34,691 [INFO] [client-9] Round 11 done — loss=1.0141 acc=0.5193  4.2s
2026-09-29 00:46:34,693 [INFO] [client-9] Round 12 — receiving model…
2026-09-29 00:46:34,829 [INFO] recv 13933B via direct in 3327ms
2026-09-29 00:46:34,843 [INFO] [client-3] Round 11 — training locally…
2026-09-29 00:46:35,029 [INFO] [client-3] Round 11 — sending update…
2026-09-29 00:46:35,037 [INFO] send 13933B via direct in 2659ms (0.04 Mbit/s) to 973f43c9bbfac391
2026-09-29 00:46:35,058 [INFO] [client-0] Round 11 done — loss=1.0543 acc=0.4544  6.9s
2026-09-29 00:46:35,059 [INFO] [client-0] Round 12 — receiving model…
2026-09-29 00:46:35,061 [INFO] recv 13933B via direct in 3637ms
2026-09-29 00:46:35,065 [INFO] [client-5] Round 11 — training locally…
2026-09-29 00:46:35,282 [INFO] [client-5] Round 11 — sending update…
2026-09-29 00:46:35,287 [INFO] send 13933B via direct in 4621ms (0.02 Mbit/s) to 59dccc0529b08326
2026-09-29 00:46:35,289 [INFO] send 13933B via direct in 1685ms (0.07 Mbit/s) to 973f43c9bbfac391
2026-09-29 00:46:35,310 [INFO] [client-8] Round 11 done — loss=0.7542 acc=0.7146  6.6s
2026-09-29 00:46:35,311 [INFO] [client-8] Round 12 — receiving model…
2026-09-29 00:46:35,312 [INFO] send 13933B via direct in 4618ms (0.02 Mbit/s) to 39b2ac3c610d0c1d
2026-09-29 00:46:35,313 [INFO] send 13933B via direct in 3136ms (0.04 Mbit/s) to 973f43c9bbfac391
2026-09-29 00:46:35,338 [INFO] [client-4] Round 11 done — loss=1.0224 acc=0.4801  6.6s
2026-09-29 00:46:35,340 [INFO] [client-4] Round 12 — receiving model…
2026-09-29 00:46:35,340 [ERROR] send_tensors → client-1 FAILED: ConnectionError: stream not acknowledged: IrohError: 
2026-09-29 00:46:35,341 [ERROR] send_tensors → client-0 FAILED: ConnectionError: stream not acknowledged: IrohError: 
2026-09-29 00:46:35,342 [INFO] Round 11 — waiting for 8 updates…
2026-09-29 00:46:35,342 [INFO] recv 13933B via direct in 592ms
2026-09-29 00:46:35,344 [WARNING] Round 11 — discarding update from unselected/duplicate peer d0e98f98a223d760
2026-09-29 00:46:35,345 [INFO] recv 13933B via direct in 567ms
2026-09-29 00:46:35,348 [INFO] recv 13933B via direct in 1572ms
2026-09-29 00:46:35,350 [INFO] recv 13933B via direct in 1602ms
2026-09-29 00:46:35,352 [WARNING] Round 11 — discarding update from unselected/duplicate peer 38b2eed77c95e94c
2026-09-29 00:46:35,353 [INFO] recv 13933B via direct in 2085ms
2026-09-29 00:46:35,355 [INFO] recv 13933B via direct in 682ms
2026-09-29 00:46:35,970 [INFO] recv 13933B via direct in 1483ms
2026-09-29 00:46:36,179 [INFO] send 13933B via direct in 2458ms (0.05 Mbit/s) to 973f43c9bbfac391
2026-09-29 00:46:36,256 [INFO] [client-2] Round 11 done — loss=0.9658 acc=0.5182  7.5s
2026-09-29 00:46:36,257 [INFO] [client-2] Round 12 — receiving model…
2026-09-29 00:46:36,333 [INFO] recv 13933B via direct in 3053ms
2026-09-29 00:46:36,592 [INFO] send 13933B via direct in 4074ms (0.03 Mbit/s) to 973f43c9bbfac391
2026-09-29 00:46:36,680 [INFO] [client-7] Round 11 done — loss=1.0306 acc=0.4512  5.8s
2026-09-29 00:46:36,682 [INFO] [client-7] Round 12 — receiving model…
2026-09-29 00:46:37,222 [INFO] recv 13933B via direct in 1501ms
2026-09-29 00:46:37,460 [ERROR] [client-3] round 11 error: stream not acknowledged: IrohError: 
2026-09-29 00:46:37,463 [INFO] [client-3] Round 12 — receiving model…
2026-09-29 00:46:40,265 [INFO] recv 13933B via direct in 2416ms
2026-09-29 00:46:40,380 [INFO] Round 11/20  acc=0.4611  loss=1.0669  7.9s  clients=8
2026-09-29 00:46:40,382 [INFO] Round 12 — sending model to 10 clients…
2026-09-29 00:46:40,538 [INFO] send 13933B via direct in 3470ms (0.03 Mbit/s) to 973f43c9bbfac391
2026-09-29 00:46:40,635 [INFO] [client-5] Round 11 done — loss=0.9723 acc=0.5543  10.7s
2026-09-29 00:46:40,637 [INFO] [client-5] Round 12 — receiving model…
2026-09-29 00:46:41,599 [INFO] recv 13933B via direct in 472ms
2026-09-29 00:46:41,605 [INFO] [client-4] Round 12 — training locally…
2026-09-29 00:46:41,781 [INFO] [client-4] Round 12 — sending update…
2026-09-29 00:46:41,790 [INFO] recv 13933B via direct in 689ms
2026-09-29 00:46:41,794 [INFO] [client-9] Round 12 — training locally…
2026-09-29 00:46:41,965 [INFO] [client-9] Round 12 — sending update…
2026-09-29 00:46:41,970 [INFO] recv 13933B via direct in 641ms
2026-09-29 00:46:41,974 [INFO] [client-0] Round 12 — training locally…
2026-09-29 00:46:42,117 [INFO] [client-0] Round 12 — sending update…
2026-09-29 00:46:42,120 [INFO] recv 13933B via direct in 628ms
2026-09-29 00:46:42,125 [INFO] [client-8] Round 12 — training locally…
2026-09-29 00:46:42,281 [INFO] [client-8] Round 12 — sending update…
2026-09-29 00:46:42,285 [INFO] recv 13933B via direct in 618ms
2026-09-29 00:46:42,288 [INFO] [client-5] Round 12 — training locally…
2026-09-29 00:46:42,400 [INFO] [client-5] Round 12 — sending update…
2026-09-29 00:46:42,405 [INFO] recv 13933B via direct in 642ms
2026-09-29 00:46:42,409 [INFO] [client-7] Round 12 — training locally…
2026-09-29 00:46:42,512 [INFO] [client-7] Round 12 — sending update…
2026-09-29 00:46:42,518 [INFO] send 13933B via direct in 2019ms (0.06 Mbit/s) to 412992bd21ee1aba
2026-09-29 00:46:42,519 [INFO] send 13933B via direct in 2015ms (0.06 Mbit/s) to 8a8b688371b8e39a
2026-09-29 00:46:42,521 [INFO] send 13933B via direct in 2014ms (0.06 Mbit/s) to 39b2ac3c610d0c1d
2026-09-29 00:46:42,522 [INFO] send 13933B via direct in 2128ms (0.05 Mbit/s) to 168fa892c5551796
2026-09-29 00:46:42,526 [INFO] send 13933B via direct in 2015ms (0.06 Mbit/s) to 38b2eed77c95e94c
2026-09-29 00:46:42,528 [INFO] send 13933B via direct in 2129ms (0.05 Mbit/s) to 15f4aac4033d7ca1
2026-09-29 00:46:42,528 [INFO] recv 13933B via direct in 1415ms
2026-09-29 00:46:42,531 [INFO] [client-6] Round 12 — training locally…
2026-09-29 00:46:42,665 [INFO] [client-6] Round 12 — sending update…
2026-09-29 00:46:42,668 [INFO] send 13933B via direct in 2137ms (0.05 Mbit/s) to d0e98f98a223d760
2026-09-29 00:46:42,670 [INFO] recv 13933B via direct in 1372ms
2026-09-29 00:46:42,673 [INFO] [client-1] Round 12 — training locally…
2026-09-29 00:46:42,801 [INFO] [client-1] Round 12 — sending update…
2026-09-29 00:46:43,263 [INFO] recv 13933B via direct in 2059ms
2026-09-29 00:46:43,271 [INFO] [client-3] Round 12 — training locally…
2026-09-29 00:46:43,411 [INFO] [client-3] Round 12 — sending update…
2026-09-29 00:46:43,520 [INFO] send 13933B via direct in 1733ms (0.06 Mbit/s) to 973f43c9bbfac391
2026-09-29 00:46:43,790 [INFO] [client-4] Round 12 done — loss=1.0181 acc=0.4952  6.7s
2026-09-29 00:46:43,792 [INFO] [client-4] Round 13 — receiving model…
2026-09-29 00:46:43,793 [ERROR] [client-9] round 12 error: stream not acknowledged: IrohError: 
2026-09-29 00:46:43,795 [INFO] [client-9] Round 13 — receiving model…
2026-09-29 00:46:43,798 [INFO] send 13933B via direct in 1676ms (0.07 Mbit/s) to 973f43c9bbfac391
2026-09-29 00:46:43,835 [INFO] [client-0] Round 12 done — loss=1.0572 acc=0.4553  7.0s
2026-09-29 00:46:43,835 [INFO] [client-0] Round 13 — receiving model…
2026-09-29 00:46:43,838 [INFO] send 13933B via direct in 1554ms (0.07 Mbit/s) to 973f43c9bbfac391
2026-09-29 00:46:43,866 [INFO] [client-8] Round 12 done — loss=0.7593 acc=0.7126  6.8s
2026-09-29 00:46:43,867 [INFO] [client-8] Round 13 — receiving model…
2026-09-29 00:46:44,008 [INFO] send 13933B via direct in 1603ms (0.07 Mbit/s) to 973f43c9bbfac391
2026-09-29 00:46:44,090 [INFO] [client-5] Round 12 done — loss=0.9751 acc=0.5580  3.5s
2026-09-29 00:46:44,092 [INFO] [client-5] Round 13 — receiving model…
2026-09-29 00:46:44,267 [INFO] send 13933B via direct in 1753ms (0.06 Mbit/s) to 973f43c9bbfac391
2026-09-29 00:46:44,307 [INFO] [client-7] Round 12 done — loss=1.0314 acc=0.4536  5.8s
2026-09-29 00:46:44,308 [INFO] [client-7] Round 13 — receiving model…
2026-09-29 00:46:44,310 [INFO] send 13933B via direct in 1506ms (0.07 Mbit/s) to 973f43c9bbfac391
2026-09-29 00:46:44,433 [INFO] [client-1] Round 12 done — loss=1.0593 acc=0.4214  8.7s
2026-09-29 00:46:44,434 [INFO] [client-1] Round 13 — receiving model…
2026-09-29 00:46:44,519 [INFO] recv 13933B via direct in 3427ms
2026-09-29 00:46:44,523 [INFO] [client-2] Round 12 — training locally…
2026-09-29 00:46:44,657 [INFO] [client-2] Round 12 — sending update…
2026-09-29 00:46:44,753 [INFO] send 13933B via direct in 4359ms (0.03 Mbit/s) to b6054a4a11ecb120
2026-09-29 00:46:44,758 [ERROR] send_tensors → client-8 FAILED: ConnectionError: stream not acknowledged: IrohError: 
2026-09-29 00:46:44,762 [ERROR] send_tensors → client-3 FAILED: ConnectionError: stream not acknowledged: IrohError: 
2026-09-29 00:46:44,767 [INFO] Round 12 — waiting for 8 updates…
2026-09-29 00:46:44,770 [INFO] recv 13933B via direct in 610ms
2026-09-29 00:46:44,777 [INFO] recv 13933B via direct in 610ms
2026-09-29 00:46:44,783 [INFO] recv 13933B via direct in 608ms
2026-09-29 00:46:44,788 [INFO] recv 13933B via direct in 773ms
2026-09-29 00:46:44,795 [WARNING] Round 12 — discarding update from unselected/duplicate peer 11a4636945ef18d6
2026-09-29 00:46:44,797 [INFO] recv 13933B via direct in 624ms
2026-09-29 00:46:44,801 [INFO] recv 13933B via direct in 680ms
2026-09-29 00:46:44,804 [INFO] recv 13933B via direct in 586ms
2026-09-29 00:46:45,077 [INFO] recv 13933B via direct in 1594ms
2026-09-29 00:46:45,288 [INFO] send 13933B via direct in 2619ms (0.04 Mbit/s) to 973f43c9bbfac391
2026-09-29 00:46:45,389 [INFO] [client-6] Round 12 done — loss=1.0131 acc=0.4962  9.4s
2026-09-29 00:46:45,390 [INFO] [client-6] Round 13 — receiving model…
2026-09-29 00:46:46,202 [INFO] recv 13933B via direct in 2008ms
2026-09-29 00:46:46,212 [WARNING] Round 12 — discarding update from unselected/duplicate peer 59dccc0529b08326
2026-09-29 00:46:46,464 [INFO] send 13933B via direct in 3050ms (0.04 Mbit/s) to 973f43c9bbfac391
2026-09-29 00:46:46,521 [INFO] [client-3] Round 12 done — loss=1.0418 acc=0.4471  7.3s
2026-09-29 00:46:46,522 [INFO] [client-3] Round 13 — receiving model…
2026-09-29 00:46:48,050 [INFO] recv 13933B via direct in 2565ms
2026-09-29 00:46:48,143 [INFO] Round 12/20  acc=0.4819  loss=1.0437  7.8s  clients=8
2026-09-29 00:46:48,144 [INFO] Round 13 — sending model to 10 clients…
2026-09-29 00:46:48,315 [ERROR] [client-2] round 12 error: stream not acknowledged: IrohError: 
2026-09-29 00:46:48,319 [INFO] [client-2] Round 13 — receiving model…
2026-09-29 00:46:49,377 [INFO] recv 13933B via direct in 501ms
2026-09-29 00:46:49,387 [INFO] [client-9] Round 13 — training locally…
2026-09-29 00:46:49,600 [INFO] [client-9] Round 13 — sending update…
2026-09-29 00:46:49,608 [INFO] send 13933B via direct in 1449ms (0.08 Mbit/s) to 412992bd21ee1aba
2026-09-29 00:46:49,609 [INFO] send 13933B via direct in 1448ms (0.08 Mbit/s) to 59dccc0529b08326
2026-09-29 00:46:49,611 [INFO] recv 13933B via direct in 719ms
2026-09-29 00:46:49,614 [INFO] [client-6] Round 13 — training locally…
2026-09-29 00:46:49,768 [INFO] [client-6] Round 13 — sending update…
2026-09-29 00:46:49,772 [INFO] recv 13933B via direct in 680ms
2026-09-29 00:46:49,775 [INFO] [client-3] Round 13 — training locally…
2026-09-29 00:46:49,912 [INFO] [client-3] Round 13 — sending update…
2026-09-29 00:46:49,915 [INFO] recv 13933B via direct in 739ms
2026-09-29 00:46:49,918 [INFO] [client-1] Round 13 — training locally…
2026-09-29 00:46:50,076 [INFO] [client-1] Round 13 — sending update…
2026-09-29 00:46:50,079 [INFO] recv 13933B via direct in 702ms
2026-09-29 00:46:50,082 [INFO] [client-7] Round 13 — training locally…
2026-09-29 00:46:50,219 [INFO] [client-7] Round 13 — sending update…
2026-09-29 00:46:50,222 [INFO] recv 13933B via direct in 741ms
2026-09-29 00:46:50,224 [INFO] [client-2] Round 13 — training locally…
2026-09-29 00:46:50,445 [INFO] [client-2] Round 13 — sending update…
2026-09-29 00:46:50,447 [INFO] recv 13933B via direct in 715ms
2026-09-29 00:46:50,451 [INFO] [client-4] Round 13 — training locally…
2026-09-29 00:46:50,609 [INFO] [client-4] Round 13 — sending update…
2026-09-29 00:46:50,624 [INFO] send 13933B via direct in 2460ms (0.05 Mbit/s) to b6054a4a11ecb120
2026-09-29 00:46:50,625 [INFO] send 13933B via direct in 2461ms (0.05 Mbit/s) to d0e98f98a223d760
2026-09-29 00:46:50,627 [INFO] send 13933B via direct in 2458ms (0.05 Mbit/s) to 15f4aac4033d7ca1
2026-09-29 00:46:50,628 [INFO] send 13933B via direct in 2455ms (0.05 Mbit/s) to 168fa892c5551796
2026-09-29 00:46:50,629 [INFO] send 13933B via direct in 2464ms (0.05 Mbit/s) to 8a8b688371b8e39a
2026-09-29 00:46:50,631 [INFO] send 13933B via direct in 2468ms (0.05 Mbit/s) to 38b2eed77c95e94c
2026-09-29 00:46:50,632 [INFO] recv 13933B via direct in 1756ms
2026-09-29 00:46:50,635 [INFO] [client-8] Round 13 — training locally…
2026-09-29 00:46:50,783 [INFO] [client-8] Round 13 — sending update…
2026-09-29 00:46:50,787 [INFO] recv 13933B via direct in 1704ms
2026-09-29 00:46:50,789 [INFO] [client-0] Round 13 — training locally…
2026-09-29 00:46:50,884 [INFO] [client-0] Round 13 — sending update…
2026-09-29 00:46:50,895 [INFO] send 13933B via direct in 2732ms (0.04 Mbit/s) to 11a4636945ef18d6
2026-09-29 00:46:51,011 [INFO] recv 13933B via direct in 2128ms
2026-09-29 00:46:51,024 [INFO] [client-5] Round 13 — training locally…
2026-09-29 00:46:51,196 [INFO] [client-5] Round 13 — sending update…
2026-09-29 00:46:51,248 [INFO] send 13933B via direct in 3093ms (0.04 Mbit/s) to 39b2ac3c610d0c1d
2026-09-29 00:46:51,250 [INFO] Round 13 — waiting for 10 updates…
2026-09-29 00:46:51,299 [INFO] recv 13933B via direct in 682ms
2026-09-29 00:46:51,356 [INFO] recv 13933B via direct in 463ms
2026-09-29 00:46:51,437 [INFO] recv 13933B via direct in 545ms
2026-09-29 00:46:51,541 [INFO] send 13933B via direct in 1935ms (0.06 Mbit/s) to 973f43c9bbfac391
2026-09-29 00:46:51,621 [INFO] [client-9] Round 13 done — loss=1.0147 acc=0.5235  7.8s
2026-09-29 00:46:51,622 [INFO] [client-9] Round 14 — receiving model…
2026-09-29 00:46:51,624 [INFO] send 13933B via direct in 1709ms (0.07 Mbit/s) to 973f43c9bbfac391
2026-09-29 00:46:51,641 [INFO] [client-3] Round 13 done — loss=1.0418 acc=0.4609  5.1s
2026-09-29 00:46:51,643 [INFO] [client-3] Round 14 — receiving model…
2026-09-29 00:46:51,671 [INFO] send 13933B via direct in 1592ms (0.07 Mbit/s) to 973f43c9bbfac391
2026-09-29 00:46:51,723 [INFO] [client-1] Round 13 done — loss=1.0627 acc=0.4269  7.3s
2026-09-29 00:46:51,725 [INFO] [client-1] Round 14 — receiving model…
2026-09-29 00:46:51,899 [INFO] recv 13933B via direct in 1283ms
2026-09-29 00:46:51,986 [INFO] recv 13933B via direct in 606ms
2026-09-29 00:46:51,994 [INFO] recv 13933B via direct in 754ms
2026-09-29 00:46:52,163 [ERROR] [client-6] round 13 error: stream not acknowledged: IrohError: 
2026-09-29 00:46:52,164 [INFO] [client-6] Round 14 — receiving model…
2026-09-29 00:46:52,227 [INFO] send 13933B via direct in 1776ms (0.06 Mbit/s) to 973f43c9bbfac391
2026-09-29 00:46:52,308 [INFO] [client-2] Round 13 done — loss=0.9640 acc=0.5189  4.0s
2026-09-29 00:46:52,309 [INFO] [client-2] Round 14 — receiving model…
2026-09-29 00:46:52,310 [ERROR] [client-4] round 13 error: stream not acknowledged: IrohError: 
2026-09-29 00:46:52,311 [INFO] [client-4] Round 14 — receiving model…
2026-09-29 00:46:52,677 [INFO] recv 13933B via direct in 1024ms
2026-09-29 00:46:52,888 [INFO] send 13933B via direct in 2100ms (0.05 Mbit/s) to 973f43c9bbfac391
2026-09-29 00:46:52,941 [INFO] [client-8] Round 13 done — loss=0.7654 acc=0.7057  9.1s
2026-09-29 00:46:52,943 [INFO] [client-8] Round 14 — receiving model…
2026-09-29 00:46:53,056 [INFO] recv 13933B via direct in 2157ms
2026-09-29 00:46:53,323 [INFO] send 13933B via direct in 3099ms (0.04 Mbit/s) to 973f43c9bbfac391
2026-09-29 00:46:53,417 [INFO] [client-7] Round 13 done — loss=1.0277 acc=0.4591  9.1s
2026-09-29 00:46:53,419 [INFO] [client-7] Round 14 — receiving model…
2026-09-29 00:46:53,729 [INFO] recv 13933B via direct in 2084ms
2026-09-29 00:46:53,986 [INFO] send 13933B via direct in 3096ms (0.04 Mbit/s) to 973f43c9bbfac391
2026-09-29 00:46:54,065 [INFO] [client-0] Round 13 done — loss=1.0449 acc=0.4718  10.2s
2026-09-29 00:46:54,066 [INFO] [client-0] Round 14 — receiving model…
2026-09-29 00:46:54,692 [INFO] recv 13933B via direct in 2684ms
2026-09-29 00:46:54,766 [INFO] Round 13/20  acc=0.4648  loss=1.0642  6.6s  clients=10
2026-09-29 00:46:54,767 [INFO] Round 14 — sending model to 10 clients…
2026-09-29 00:46:54,964 [ERROR] [client-5] round 13 error: stream not acknowledged: IrohError: 
2026-09-29 00:46:54,966 [INFO] [client-5] Round 14 — receiving model…
2026-09-29 00:46:56,020 [INFO] recv 13933B via direct in 472ms
2026-09-29 00:46:56,034 [INFO] [client-3] Round 14 — training locally…
2026-09-29 00:46:56,181 [INFO] [client-3] Round 14 — sending update…
2026-09-29 00:46:56,189 [INFO] recv 13933B via direct in 699ms
2026-09-29 00:46:56,191 [INFO] [client-5] Round 14 — training locally…
2026-09-29 00:46:56,288 [INFO] [client-5] Round 14 — sending update…
2026-09-29 00:46:56,292 [INFO] recv 13933B via direct in 619ms
2026-09-29 00:46:56,294 [INFO] [client-4] Round 14 — training locally…
2026-09-29 00:46:56,400 [INFO] [client-4] Round 14 — sending update…
2026-09-29 00:46:56,404 [INFO] recv 13933B via direct in 654ms
2026-09-29 00:46:56,408 [INFO] [client-9] Round 14 — training locally…
2026-09-29 00:46:56,513 [INFO] [client-9] Round 14 — sending update…
2026-09-29 00:46:56,515 [INFO] recv 13933B via direct in 655ms
2026-09-29 00:46:56,518 [INFO] [client-7] Round 14 — training locally…
2026-09-29 00:46:56,630 [INFO] [client-7] Round 14 — sending update…
2026-09-29 00:46:56,632 [INFO] recv 13933B via direct in 616ms
2026-09-29 00:46:56,634 [INFO] [client-6] Round 14 — training locally…
2026-09-29 00:46:56,767 [INFO] [client-6] Round 14 — sending update…
2026-09-29 00:46:56,776 [INFO] send 13933B via direct in 1995ms (0.06 Mbit/s) to 59dccc0529b08326
2026-09-29 00:46:56,778 [INFO] send 13933B via direct in 1998ms (0.06 Mbit/s) to 412992bd21ee1aba
2026-09-29 00:46:56,779 [INFO] send 13933B via direct in 1994ms (0.06 Mbit/s) to 168fa892c5551796
2026-09-29 00:46:56,781 [INFO] send 13933B via direct in 2001ms (0.06 Mbit/s) to 15f4aac4033d7ca1
2026-09-29 00:46:56,782 [INFO] send 13933B via direct in 1991ms (0.06 Mbit/s) to 11a4636945ef18d6
2026-09-29 00:46:56,783 [INFO] send 13933B via direct in 1998ms (0.06 Mbit/s) to b6054a4a11ecb120
2026-09-29 00:46:56,784 [INFO] send 13933B via direct in 1997ms (0.06 Mbit/s) to 39b2ac3c610d0c1d
2026-09-29 00:46:56,786 [INFO] send 13933B via direct in 1994ms (0.06 Mbit/s) to 8a8b688371b8e39a
2026-09-29 00:46:56,787 [INFO] recv 13933B via direct in 1292ms
2026-09-29 00:46:56,789 [INFO] [client-8] Round 14 — training locally…
2026-09-29 00:46:56,923 [INFO] [client-8] Round 14 — sending update…
2026-09-29 00:46:56,926 [INFO] recv 13933B via direct in 1242ms
2026-09-29 00:46:56,928 [INFO] [client-0] Round 14 — training locally…
2026-09-29 00:46:57,070 [INFO] [client-0] Round 14 — sending update…
2026-09-29 00:46:57,073 [INFO] recv 13933B via direct in 1224ms
2026-09-29 00:46:57,075 [INFO] [client-2] Round 14 — training locally…
2026-09-29 00:46:57,199 [INFO] [client-2] Round 14 — sending update…
2026-09-29 00:46:57,515 [INFO] recv 13933B via direct in 1962ms
2026-09-29 00:46:57,525 [INFO] [client-1] Round 14 — training locally…
2026-09-29 00:46:57,681 [INFO] [client-1] Round 14 — sending update…
2026-09-29 00:46:57,771 [ERROR] send_tensors → client-0 FAILED: ConnectionError: stream not acknowledged: IrohError: 
2026-09-29 00:46:57,776 [ERROR] send_tensors → client-1 FAILED: ConnectionError: stream not acknowledged: IrohError: 
2026-09-29 00:46:57,780 [INFO] Round 14 — waiting for 8 updates…
2026-09-29 00:46:57,886 [INFO] recv 13933B via direct in 681ms
2026-09-29 00:46:57,904 [INFO] recv 13933B via direct in 653ms
2026-09-29 00:46:57,934 [INFO] recv 13933B via direct in 542ms
2026-09-29 00:46:58,057 [INFO] recv 13933B via direct in 849ms
2026-09-29 00:46:58,123 [INFO] send 13933B via direct in 1604ms (0.07 Mbit/s) to 973f43c9bbfac391
2026-09-29 00:46:58,219 [INFO] [client-9] Round 14 done — loss=1.0108 acc=0.5246  6.6s
2026-09-29 00:46:58,220 [INFO] [client-9] Round 15 — receiving model…
2026-09-29 00:46:58,226 [INFO] send 13933B via direct in 1818ms (0.06 Mbit/s) to 973f43c9bbfac391
2026-09-29 00:46:58,254 [INFO] [client-4] Round 14 done — loss=1.0148 acc=0.4876  5.9s
2026-09-29 00:46:58,255 [INFO] [client-4] Round 15 — receiving model…
2026-09-29 00:46:58,257 [INFO] send 13933B via direct in 1590ms (0.07 Mbit/s) to 973f43c9bbfac391
2026-09-29 00:46:58,275 [INFO] [client-7] Round 14 done — loss=1.0310 acc=0.4471  4.9s
2026-09-29 00:46:58,276 [INFO] [client-7] Round 15 — receiving model…
2026-09-29 00:46:58,319 [INFO] send 13933B via direct in 2026ms (0.06 Mbit/s) to 973f43c9bbfac391
2026-09-29 00:46:58,413 [INFO] [client-5] Round 14 done — loss=0.9670 acc=0.5580  3.4s
2026-09-29 00:46:58,414 [INFO] [client-5] Round 15 — receiving model…
2026-09-29 00:46:58,429 [INFO] recv 13933B via direct in 529ms
2026-09-29 00:46:58,431 [WARNING] Round 14 — discarding update from unselected/duplicate peer 38b2eed77c95e94c
2026-09-29 00:46:58,663 [INFO] send 13933B via direct in 1589ms (0.07 Mbit/s) to 973f43c9bbfac391
2026-09-29 00:46:58,752 [INFO] [client-0] Round 14 done — loss=1.0550 acc=0.4501  4.7s
2026-09-29 00:46:58,754 [INFO] [client-0] Round 15 — receiving model…
2026-09-29 00:46:59,056 [INFO] recv 13933B via direct in 1852ms
2026-09-29 00:46:59,297 [INFO] send 13933B via direct in 3113ms (0.04 Mbit/s) to 973f43c9bbfac391
2026-09-29 00:46:59,316 [INFO] [client-3] Round 14 done — loss=1.0465 acc=0.4495  7.7s
2026-09-29 00:46:59,319 [INFO] [client-3] Round 15 — receiving model…
2026-09-29 00:46:59,349 [INFO] recv 13933B via direct in 933ms
2026-09-29 00:46:59,352 [WARNING] Round 14 — discarding update from unselected/duplicate peer d0e98f98a223d760
2026-09-29 00:46:59,580 [INFO] send 13933B via direct in 1896ms (0.06 Mbit/s) to 973f43c9bbfac391
2026-09-29 00:46:59,640 [INFO] [client-1] Round 14 done — loss=1.0601 acc=0.4203  7.9s
2026-09-29 00:46:59,643 [INFO] [client-1] Round 15 — receiving model…
2026-09-29 00:46:59,645 [INFO] recv 13933B via direct in 1961ms
2026-09-29 00:46:59,892 [INFO] send 13933B via direct in 3120ms (0.04 Mbit/s) to 973f43c9bbfac391
2026-09-29 00:47:00,007 [INFO] [client-6] Round 14 done — loss=1.0099 acc=0.4948  7.8s
2026-09-29 00:47:00,008 [INFO] [client-6] Round 15 — receiving model…
2026-09-29 00:47:00,251 [INFO] recv 13933B via direct in 2546ms
2026-09-29 00:47:00,422 [INFO] recv 13933B via direct in 2468ms
2026-09-29 00:47:00,492 [INFO] Round 14/20  acc=0.4648  loss=1.0632  5.7s  clients=8
2026-09-29 00:47:00,495 [INFO] Round 15 — sending model to 10 clients…
2026-09-29 00:47:00,510 [INFO] send 13933B via direct in 3584ms (0.03 Mbit/s) to 973f43c9bbfac391
2026-09-29 00:47:00,532 [INFO] [client-8] Round 14 done — loss=0.7644 acc=0.7139  7.6s
2026-09-29 00:47:00,533 [INFO] [client-8] Round 15 — receiving model…
2026-09-29 00:47:00,656 [INFO] send 13933B via direct in 3452ms (0.03 Mbit/s) to 973f43c9bbfac391
2026-09-29 00:47:00,678 [INFO] [client-2] Round 14 done — loss=0.9581 acc=0.5175  8.4s
2026-09-29 00:47:00,680 [INFO] [client-2] Round 15 — receiving model…
2026-09-29 00:47:01,666 [INFO] recv 13933B via direct in 458ms
2026-09-29 00:47:01,668 [INFO] [client-2] Round 15 — training locally…
2026-09-29 00:47:01,770 [INFO] [client-2] Round 15 — sending update…
2026-09-29 00:47:01,805 [INFO] recv 13933B via direct in 508ms
2026-09-29 00:47:01,809 [INFO] [client-0] Round 15 — training locally…
2026-09-29 00:47:01,920 [INFO] [client-0] Round 15 — sending update…
2026-09-29 00:47:01,925 [INFO] recv 13933B via direct in 625ms
2026-09-29 00:47:01,928 [INFO] [client-5] Round 15 — training locally…
2026-09-29 00:47:02,031 [INFO] [client-5] Round 15 — sending update…
2026-09-29 00:47:02,036 [INFO] recv 13933B via direct in 635ms
2026-09-29 00:47:02,040 [INFO] [client-7] Round 15 — training locally…
2026-09-29 00:47:02,152 [INFO] [client-7] Round 15 — sending update…
2026-09-29 00:47:02,156 [INFO] recv 13933B via direct in 979ms
2026-09-29 00:47:02,159 [INFO] [client-3] Round 15 — training locally…
2026-09-29 00:47:02,285 [INFO] [client-3] Round 15 — sending update…
2026-09-29 00:47:02,294 [INFO] recv 13933B via direct in 1092ms
2026-09-29 00:47:02,296 [INFO] [client-6] Round 15 — training locally…
2026-09-29 00:47:02,406 [INFO] [client-6] Round 15 — sending update…
2026-09-29 00:47:02,409 [INFO] recv 13933B via direct in 1008ms
2026-09-29 00:47:02,413 [INFO] [client-1] Round 15 — training locally…
2026-09-29 00:47:02,530 [INFO] [client-1] Round 15 — sending update…
2026-09-29 00:47:02,534 [INFO] recv 13933B via direct in 1002ms
2026-09-29 00:47:02,537 [INFO] [client-9] Round 15 — training locally…
2026-09-29 00:47:02,653 [INFO] [client-9] Round 15 — sending update…
2026-09-29 00:47:02,665 [INFO] send 13933B via direct in 2153ms (0.05 Mbit/s) to 59dccc0529b08326
2026-09-29 00:47:02,667 [INFO] send 13933B via direct in 2160ms (0.05 Mbit/s) to 15f4aac4033d7ca1
2026-09-29 00:47:02,668 [INFO] send 13933B via direct in 2151ms (0.05 Mbit/s) to 412992bd21ee1aba
2026-09-29 00:47:02,670 [INFO] send 13933B via direct in 2151ms (0.05 Mbit/s) to d0e98f98a223d760
2026-09-29 00:47:03,388 [INFO] recv 13933B via direct in 2040ms
2026-09-29 00:47:03,407 [INFO] [client-4] Round 15 — training locally…
2026-09-29 00:47:03,562 [INFO] [client-4] Round 15 — sending update…
2026-09-29 00:47:03,568 [INFO] recv 13933B via direct in 2237ms
2026-09-29 00:47:03,571 [INFO] [client-8] Round 15 — training locally…
2026-09-29 00:47:03,714 [INFO] [client-8] Round 15 — sending update…
2026-09-29 00:47:03,718 [INFO] send 13933B via direct in 1795ms (0.06 Mbit/s) to 973f43c9bbfac391
2026-09-29 00:47:03,754 [INFO] [client-0] Round 15 done — loss=1.0524 acc=0.4583  5.0s
2026-09-29 00:47:03,755 [INFO] [client-0] Round 16 — receiving model…
2026-09-29 00:47:03,756 [INFO] send 13933B via direct in 1682ms (0.07 Mbit/s) to 973f43c9bbfac391
2026-09-29 00:47:03,788 [INFO] [client-5] Round 15 done — loss=0.9719 acc=0.5584  5.4s
2026-09-29 00:47:03,789 [INFO] [client-5] Round 16 — receiving model…
2026-09-29 00:47:03,791 [INFO] send 13933B via direct in 3212ms (0.03 Mbit/s) to 8a8b688371b8e39a
2026-09-29 00:47:03,792 [INFO] send 13933B via direct in 3218ms (0.03 Mbit/s) to 11a4636945ef18d6
2026-09-29 00:47:03,793 [ERROR] send_tensors → client-7 FAILED: ConnectionError: stream not acknowledged: IrohError: 
2026-09-29 00:47:03,794 [ERROR] send_tensors → client-2 FAILED: ConnectionError: stream not acknowledged: IrohError: 
2026-09-29 00:47:03,795 [ERROR] send_tensors → client-0 FAILED: ConnectionError: stream not acknowledged: IrohError: 
2026-09-29 00:47:03,796 [ERROR] send_tensors → client-5 FAILED: ConnectionError: stream not acknowledged: IrohError: 
2026-09-29 00:47:03,797 [INFO] Round 15 — waiting for 6 updates…
2026-09-29 00:47:03,797 [INFO] recv 13933B via direct in 615ms
2026-09-29 00:47:03,800 [WARNING] Round 15 — discarding update from unselected/duplicate peer 38b2eed77c95e94c
2026-09-29 00:47:03,801 [INFO] recv 13933B via direct in 718ms
2026-09-29 00:47:03,803 [WARNING] Round 15 — discarding update from unselected/duplicate peer 39b2ac3c610d0c1d
2026-09-29 00:47:03,805 [INFO] recv 13933B via direct in 909ms
2026-09-29 00:47:03,807 [WARNING] Round 15 — discarding update from unselected/duplicate peer b6054a4a11ecb120
2026-09-29 00:47:03,808 [INFO] recv 13933B via direct in 585ms
2026-09-29 00:47:03,811 [INFO] send 13933B via direct in 2038ms (0.05 Mbit/s) to 973f43c9bbfac391
2026-09-29 00:47:03,832 [INFO] [client-2] Round 15 done — loss=0.9543 acc=0.5295  3.2s
2026-09-29 00:47:03,833 [INFO] [client-2] Round 16 — receiving model…
2026-09-29 00:47:03,987 [ERROR] [client-3] round 15 error: stream not acknowledged: IrohError: 
2026-09-29 00:47:03,992 [INFO] [client-3] Round 16 — receiving model…
2026-09-29 00:47:04,068 [INFO] recv 13933B via direct in 974ms
2026-09-29 00:47:04,267 [INFO] send 13933B via direct in 1856ms (0.06 Mbit/s) to 973f43c9bbfac391
2026-09-29 00:47:04,334 [INFO] [client-6] Round 15 done — loss=1.0101 acc=0.4865  4.3s
2026-09-29 00:47:04,335 [INFO] [client-6] Round 16 — receiving model…
2026-09-29 00:47:04,773 [INFO] recv 13933B via direct in 433ms
2026-09-29 00:47:04,853 [INFO] recv 13933B via direct in 2007ms
2026-09-29 00:47:04,865 [WARNING] Round 15 — discarding update from unselected/duplicate peer 168fa892c5551796
2026-09-29 00:47:04,964 [INFO] recv 13933B via direct in 1396ms
2026-09-29 00:47:05,012 [INFO] send 13933B via direct in 1445ms (0.08 Mbit/s) to 973f43c9bbfac391
2026-09-29 00:47:05,097 [INFO] [client-4] Round 15 done — loss=1.0130 acc=0.4973  6.8s
2026-09-29 00:47:05,098 [INFO] [client-4] Round 16 — receiving model…
2026-09-29 00:47:05,101 [INFO] send 13933B via direct in 2946ms (0.04 Mbit/s) to 973f43c9bbfac391
2026-09-29 00:47:05,121 [INFO] [client-7] Round 15 done — loss=1.0301 acc=0.4543  6.8s
2026-09-29 00:47:05,122 [INFO] [client-7] Round 16 — receiving model…
2026-09-29 00:47:05,123 [INFO] recv 13933B via direct in 682ms
2026-09-29 00:47:05,215 [ERROR] [client-1] round 15 error: stream not acknowledged: IrohError: 
2026-09-29 00:47:05,219 [INFO] [client-1] Round 16 — receiving model…
2026-09-29 00:47:05,363 [ERROR] [client-8] round 15 error: stream not acknowledged: IrohError: 
2026-09-29 00:47:05,367 [INFO] [client-8] Round 16 — receiving model…
2026-09-29 00:47:05,457 [INFO] recv 13933B via direct in 1888ms
2026-09-29 00:47:05,546 [INFO] Round 15/20  acc=0.4535  loss=1.0805  5.1s  clients=6
2026-09-29 00:47:05,548 [INFO] Round 16 — sending model to 10 clients…
2026-09-29 00:47:05,715 [INFO] send 13933B via direct in 3057ms (0.04 Mbit/s) to 973f43c9bbfac391
2026-09-29 00:47:05,817 [INFO] [client-9] Round 15 done — loss=1.0112 acc=0.5242  7.6s
2026-09-29 00:47:05,819 [INFO] [client-9] Round 16 — receiving model…
2026-09-29 00:47:07,220 [INFO] recv 13933B via direct in 935ms
2026-09-29 00:47:07,236 [INFO] [client-7] Round 16 — training locally…
2026-09-29 00:47:07,507 [INFO] [client-7] Round 16 — sending update…
2026-09-29 00:47:07,512 [INFO] send 13933B via direct in 1954ms (0.06 Mbit/s) to 168fa892c5551796
2026-09-29 00:47:08,320 [INFO] recv 13933B via direct in 1980ms
2026-09-29 00:47:08,323 [INFO] [client-3] Round 16 — training locally…
2026-09-29 00:47:08,436 [INFO] [client-3] Round 16 — sending update…
2026-09-29 00:47:08,447 [INFO] recv 13933B via direct in 2127ms
2026-09-29 00:47:08,451 [INFO] [client-2] Round 16 — training locally…
2026-09-29 00:47:08,590 [INFO] [client-2] Round 16 — sending update…
2026-09-29 00:47:08,593 [INFO] recv 13933B via direct in 2111ms
2026-09-29 00:47:08,595 [INFO] [client-9] Round 16 — training locally…
2026-09-29 00:47:08,706 [INFO] [client-9] Round 16 — sending update…
2026-09-29 00:47:08,709 [INFO] recv 13933B via direct in 2138ms
2026-09-29 00:47:08,711 [INFO] [client-4] Round 16 — training locally…
2026-09-29 00:47:08,823 [INFO] [client-4] Round 16 — sending update…
2026-09-29 00:47:08,827 [INFO] recv 13933B via direct in 2037ms
2026-09-29 00:47:08,829 [INFO] [client-8] Round 16 — training locally…
2026-09-29 00:47:08,956 [INFO] [client-8] Round 16 — sending update…
2026-09-29 00:47:08,964 [INFO] send 13933B via direct in 3406ms (0.03 Mbit/s) to 59dccc0529b08326
2026-09-29 00:47:08,966 [INFO] send 13933B via direct in 3408ms (0.03 Mbit/s) to b6054a4a11ecb120
2026-09-29 00:47:08,968 [INFO] send 13933B via direct in 3410ms (0.03 Mbit/s) to 412992bd21ee1aba
2026-09-29 00:47:08,969 [INFO] send 13933B via direct in 3406ms (0.03 Mbit/s) to 11a4636945ef18d6
2026-09-29 00:47:08,971 [INFO] send 13933B via direct in 3404ms (0.03 Mbit/s) to 8a8b688371b8e39a
2026-09-29 00:47:09,136 [INFO] recv 13933B via direct in 2816ms
2026-09-29 00:47:09,143 [INFO] [client-1] Round 16 — training locally…
2026-09-29 00:47:09,278 [INFO] [client-1] Round 16 — sending update…
2026-09-29 00:47:09,284 [INFO] recv 13933B via direct in 2933ms
2026-09-29 00:47:09,287 [INFO] [client-6] Round 16 — training locally…
2026-09-29 00:47:09,397 [INFO] [client-6] Round 16 — sending update…
2026-09-29 00:47:09,402 [INFO] send 13933B via direct in 3845ms (0.03 Mbit/s) to d0e98f98a223d760
2026-09-29 00:47:09,499 [INFO] send 13933B via direct in 1985ms (0.06 Mbit/s) to 973f43c9bbfac391
2026-09-29 00:47:09,577 [INFO] [client-7] Round 16 done — loss=1.0254 acc=0.4622  4.5s
2026-09-29 00:47:09,578 [INFO] [client-7] Round 17 — receiving model…
2026-09-29 00:47:09,580 [INFO] send 13933B via direct in 4026ms (0.03 Mbit/s) to 15f4aac4033d7ca1
2026-09-29 00:47:09,784 [INFO] recv 13933B via direct in 3421ms
2026-09-29 00:47:09,794 [INFO] [client-0] Round 16 — training locally…
2026-09-29 00:47:09,932 [INFO] [client-0] Round 16 — sending update…
2026-09-29 00:47:10,005 [INFO] send 13933B via direct in 1564ms (0.07 Mbit/s) to 973f43c9bbfac391
2026-09-29 00:47:10,051 [INFO] [client-3] Round 16 done — loss=1.0436 acc=0.4454  6.1s
2026-09-29 00:47:10,053 [INFO] [client-3] Round 17 — receiving model…
2026-09-29 00:47:10,056 [INFO] send 13933B via direct in 4500ms (0.02 Mbit/s) to 38b2eed77c95e94c
2026-09-29 00:47:10,058 [INFO] recv 13933B via direct in 3695ms
2026-09-29 00:47:10,062 [INFO] [client-5] Round 16 — training locally…
2026-09-29 00:47:10,158 [INFO] [client-5] Round 16 — sending update…
2026-09-29 00:47:10,207 [INFO] send 13933B via direct in 1498ms (0.07 Mbit/s) to 973f43c9bbfac391
2026-09-29 00:47:10,245 [INFO] [client-9] Round 16 done — loss=1.0080 acc=0.5225  4.4s
2026-09-29 00:47:10,246 [INFO] [client-9] Round 17 — receiving model…
2026-09-29 00:47:10,264 [INFO] send 13933B via direct in 4707ms (0.02 Mbit/s) to 39b2ac3c610d0c1d
2026-09-29 00:47:10,265 [INFO] Round 16 — waiting for 10 updates…
2026-09-29 00:47:10,267 [INFO] recv 13933B via direct in 1023ms
2026-09-29 00:47:10,269 [INFO] recv 13933B via direct in 637ms
2026-09-29 00:47:10,272 [INFO] recv 13933B via direct in 585ms
2026-09-29 00:47:10,275 [INFO] recv 13933B via direct in 520ms
2026-09-29 00:47:10,496 [INFO] send 13933B via direct in 1537ms (0.07 Mbit/s) to 973f43c9bbfac391
2026-09-29 00:47:10,580 [INFO] [client-8] Round 16 done — loss=0.7539 acc=0.7249  5.2s
2026-09-29 00:47:10,581 [INFO] [client-8] Round 17 — receiving model…
2026-09-29 00:47:10,592 [INFO] recv 13933B via direct in 1011ms
2026-09-29 00:47:10,769 [INFO] recv 13933B via direct in 564ms
2026-09-29 00:47:10,836 [INFO] send 13933B via direct in 2010ms (0.06 Mbit/s) to 973f43c9bbfac391
2026-09-29 00:47:10,911 [INFO] [client-4] Round 16 done — loss=1.0179 acc=0.4887  5.8s
2026-09-29 00:47:10,912 [INFO] [client-4] Round 17 — receiving model…
2026-09-29 00:47:10,981 [INFO] recv 13933B via direct in 923ms
2026-09-29 00:47:11,021 [INFO] send 13933B via direct in 1619ms (0.07 Mbit/s) to 973f43c9bbfac391
2026-09-29 00:47:11,123 [INFO] [client-6] Round 16 done — loss=1.0085 acc=0.4948  6.8s
2026-09-29 00:47:11,124 [INFO] [client-6] Round 17 — receiving model…
2026-09-29 00:47:11,207 [INFO] send 13933B via direct in 1925ms (0.06 Mbit/s) to 973f43c9bbfac391
2026-09-29 00:47:11,238 [INFO] [client-1] Round 16 done — loss=1.0594 acc=0.4320  6.0s
2026-09-29 00:47:11,241 [INFO] [client-1] Round 17 — receiving model…
2026-09-29 00:47:11,716 [INFO] recv 13933B via direct in 2314ms
2026-09-29 00:47:11,761 [INFO] recv 13933B via direct in 1108ms
2026-09-29 00:47:11,937 [INFO] send 13933B via direct in 3340ms (0.03 Mbit/s) to 973f43c9bbfac391
2026-09-29 00:47:12,029 [INFO] [client-2] Round 16 done — loss=0.9662 acc=0.5141  8.2s
2026-09-29 00:47:12,030 [INFO] [client-2] Round 17 — receiving model…
2026-09-29 00:47:12,031 [ERROR] [client-0] round 16 error: stream not acknowledged: IrohError: 
2026-09-29 00:47:12,032 [INFO] [client-0] Round 17 — receiving model…
2026-09-29 00:47:14,242 [INFO] recv 13933B via direct in 1544ms
2026-09-29 00:47:14,275 [INFO] Round 16/20  acc=0.4639  loss=1.0641  6.9s  clients=10
2026-09-29 00:47:14,276 [INFO] Round 17 — sending model to 10 clients…
2026-09-29 00:47:14,483 [INFO] send 13933B via direct in 2539ms (0.04 Mbit/s) to 973f43c9bbfac391
2026-09-29 00:47:14,517 [INFO] [client-5] Round 16 done — loss=0.9771 acc=0.5536  8.9s
2026-09-29 00:47:14,518 [INFO] [client-5] Round 17 — receiving model…
2026-09-29 00:47:15,435 [INFO] recv 13933B via direct in 433ms
2026-09-29 00:47:15,447 [INFO] [client-5] Round 17 — training locally…
2026-09-29 00:47:15,634 [INFO] [client-5] Round 17 — sending update…
2026-09-29 00:47:15,640 [INFO] recv 13933B via direct in 670ms
2026-09-29 00:47:15,642 [INFO] [client-1] Round 17 — training locally…
2026-09-29 00:47:15,750 [INFO] [client-1] Round 17 — sending update…
2026-09-29 00:47:15,752 [INFO] recv 13933B via direct in 629ms
2026-09-29 00:47:15,754 [INFO] [client-9] Round 17 — training locally…
2026-09-29 00:47:15,863 [INFO] [client-9] Round 17 — sending update…
2026-09-29 00:47:15,866 [INFO] recv 13933B via direct in 631ms
2026-09-29 00:47:15,870 [INFO] [client-8] Round 17 — training locally…
2026-09-29 00:47:15,986 [INFO] [client-8] Round 17 — sending update…
2026-09-29 00:47:15,990 [INFO] recv 13933B via direct in 568ms
2026-09-29 00:47:15,994 [INFO] [client-6] Round 17 — training locally…
2026-09-29 00:47:16,107 [INFO] [client-6] Round 17 — sending update…
2026-09-29 00:47:16,111 [INFO] recv 13933B via direct in 642ms
2026-09-29 00:47:16,115 [INFO] [client-3] Round 17 — training locally…
2026-09-29 00:47:16,227 [INFO] [client-3] Round 17 — sending update…
2026-09-29 00:47:16,236 [INFO] send 13933B via direct in 1949ms (0.06 Mbit/s) to 39b2ac3c610d0c1d
2026-09-29 00:47:16,237 [INFO] send 13933B via direct in 1944ms (0.06 Mbit/s) to 412992bd21ee1aba
2026-09-29 00:47:16,238 [INFO] send 13933B via direct in 1949ms (0.06 Mbit/s) to 15f4aac4033d7ca1
2026-09-29 00:47:16,241 [INFO] recv 13933B via direct in 1185ms
2026-09-29 00:47:16,244 [INFO] [client-2] Round 17 — training locally…
2026-09-29 00:47:16,351 [INFO] [client-2] Round 17 — sending update…
2026-09-29 00:47:16,354 [INFO] send 13933B via direct in 2073ms (0.05 Mbit/s) to b6054a4a11ecb120
2026-09-29 00:47:16,915 [INFO] recv 13933B via direct in 1974ms
2026-09-29 00:47:16,921 [INFO] [client-7] Round 17 — training locally…
2026-09-29 00:47:17,057 [INFO] [client-7] Round 17 — sending update…
2026-09-29 00:47:17,062 [INFO] recv 13933B via direct in 2004ms
2026-09-29 00:47:17,065 [INFO] [client-4] Round 17 — training locally…
2026-09-29 00:47:17,186 [INFO] [client-4] Round 17 — sending update…
2026-09-29 00:47:17,190 [INFO] send 13933B via direct in 1553ms (0.07 Mbit/s) to 973f43c9bbfac391
2026-09-29 00:47:17,208 [INFO] [client-5] Round 17 done — loss=0.9745 acc=0.5580  2.7s
2026-09-29 00:47:17,209 [INFO] [client-5] Round 18 — receiving model…
2026-09-29 00:47:17,210 [INFO] send 13933B via direct in 2909ms (0.04 Mbit/s) to 168fa892c5551796
2026-09-29 00:47:17,211 [INFO] recv 13933B via direct in 2117ms
2026-09-29 00:47:17,215 [INFO] [client-0] Round 17 — training locally…
2026-09-29 00:47:17,306 [INFO] [client-0] Round 17 — sending update…
2026-09-29 00:47:17,309 [INFO] send 13933B via direct in 1557ms (0.07 Mbit/s) to 973f43c9bbfac391
2026-09-29 00:47:17,330 [INFO] [client-1] Round 17 done — loss=1.0613 acc=0.4141  4.3s
2026-09-29 00:47:17,331 [INFO] [client-1] Round 18 — receiving model…
2026-09-29 00:47:17,333 [INFO] send 13933B via direct in 3021ms (0.04 Mbit/s) to 8a8b688371b8e39a
2026-09-29 00:47:17,335 [INFO] send 13933B via direct in 3055ms (0.04 Mbit/s) to 38b2eed77c95e94c
2026-09-29 00:47:17,336 [ERROR] send_tensors → client-8 FAILED: ConnectionError: stream not acknowledged: IrohError: 
2026-09-29 00:47:17,337 [ERROR] send_tensors → client-1 FAILED: ConnectionError: stream not acknowledged: IrohError: 
2026-09-29 00:47:17,338 [ERROR] send_tensors → client-3 FAILED: ConnectionError: stream not acknowledged: IrohError: 
2026-09-29 00:47:17,339 [INFO] Round 17 — waiting for 7 updates…
2026-09-29 00:47:17,341 [INFO] recv 13933B via direct in 656ms
2026-09-29 00:47:17,343 [INFO] recv 13933B via direct in 542ms
2026-09-29 00:47:17,346 [WARNING] Round 17 — discarding update from unselected/duplicate peer d0e98f98a223d760
2026-09-29 00:47:17,362 [INFO] recv 13933B via direct in 562ms
2026-09-29 00:47:17,364 [WARNING] Round 17 — discarding update from unselected/duplicate peer 11a4636945ef18d6
2026-09-29 00:47:17,585 [INFO] send 13933B via direct in 1594ms (0.07 Mbit/s) to 973f43c9bbfac391
2026-09-29 00:47:17,672 [INFO] [client-8] Round 17 done — loss=0.7631 acc=0.7146  5.3s
2026-09-29 00:47:17,673 [INFO] [client-8] Round 18 — receiving model…
2026-09-29 00:47:17,677 [INFO] recv 13933B via direct in 487ms
2026-09-29 00:47:17,904 [INFO] recv 13933B via direct in 1031ms
2026-09-29 00:47:17,918 [INFO] send 13933B via direct in 1564ms (0.07 Mbit/s) to 973f43c9bbfac391
2026-09-29 00:47:17,988 [INFO] [client-2] Round 17 done — loss=0.9532 acc=0.5234  4.2s
2026-09-29 00:47:17,989 [INFO] [client-2] Round 18 — receiving model…
2026-09-29 00:47:18,140 [INFO] send 13933B via direct in 2029ms (0.06 Mbit/s) to 973f43c9bbfac391
2026-09-29 00:47:18,240 [INFO] [client-6] Round 17 done — loss=1.0125 acc=0.4976  5.3s
2026-09-29 00:47:18,242 [INFO] [client-6] Round 18 — receiving model…
2026-09-29 00:47:18,974 [INFO] recv 13933B via direct in 981ms
2026-09-29 00:47:19,044 [INFO] recv 13933B via direct in 1983ms
2026-09-29 00:47:19,047 [WARNING] Round 17 — discarding update from unselected/duplicate peer 59dccc0529b08326
2026-09-29 00:47:19,222 [INFO] send 13933B via direct in 2032ms (0.06 Mbit/s) to 973f43c9bbfac391
2026-09-29 00:47:19,296 [INFO] [client-4] Round 17 done — loss=1.0131 acc=0.4969  6.6s
2026-09-29 00:47:19,297 [INFO] [client-4] Round 18 — receiving model…
2026-09-29 00:47:19,320 [INFO] send 13933B via direct in 3090ms (0.04 Mbit/s) to 973f43c9bbfac391
2026-09-29 00:47:19,359 [INFO] [client-3] Round 17 done — loss=1.0444 acc=0.4540  7.5s
2026-09-29 00:47:19,360 [INFO] [client-3] Round 18 — receiving model…
2026-09-29 00:47:19,448 [INFO] recv 13933B via direct in 2767ms
2026-09-29 00:47:19,707 [INFO] send 13933B via direct in 3835ms (0.03 Mbit/s) to 973f43c9bbfac391
2026-09-29 00:47:19,800 [INFO] [client-9] Round 17 done — loss=1.0016 acc=0.5270  7.8s
2026-09-29 00:47:19,801 [INFO] [client-9] Round 18 — receiving model…
2026-09-29 00:47:20,341 [INFO] recv 13933B via direct in 2543ms
2026-09-29 00:47:20,566 [INFO] send 13933B via direct in 3505ms (0.03 Mbit/s) to 973f43c9bbfac391
2026-09-29 00:47:20,663 [INFO] [client-7] Round 17 done — loss=1.0276 acc=0.4622  9.3s
2026-09-29 00:47:20,665 [INFO] [client-7] Round 18 — receiving model…
2026-09-29 00:47:21,793 [INFO] recv 13933B via direct in 3705ms
2026-09-29 00:47:21,894 [INFO] Round 17/20  acc=0.4656  loss=1.0508  7.6s  clients=7
2026-09-29 00:47:21,895 [INFO] Round 18 — sending model to 10 clients…
2026-09-29 00:47:22,056 [INFO] send 13933B via direct in 4747ms (0.02 Mbit/s) to 973f43c9bbfac391
2026-09-29 00:47:22,103 [INFO] [client-0] Round 17 done — loss=1.0555 acc=0.4523  8.3s
2026-09-29 00:47:22,104 [INFO] [client-0] Round 18 — receiving model…
2026-09-29 00:47:23,223 [INFO] recv 13933B via direct in 525ms
2026-09-29 00:47:23,236 [INFO] [client-8] Round 18 — training locally…
2026-09-29 00:47:23,405 [INFO] [client-8] Round 18 — sending update…
2026-09-29 00:47:23,409 [INFO] recv 13933B via direct in 750ms
2026-09-29 00:47:23,412 [INFO] [client-6] Round 18 — training locally…
2026-09-29 00:47:23,668 [INFO] [client-6] Round 18 — sending update…
2026-09-29 00:47:23,673 [INFO] send 13933B via direct in 1765ms (0.06 Mbit/s) to 11a4636945ef18d6
2026-09-29 00:47:23,675 [INFO] recv 13933B via direct in 1075ms
2026-09-29 00:47:23,677 [INFO] [client-2] Round 18 — training locally…
2026-09-29 00:47:23,780 [INFO] [client-2] Round 18 — sending update…
2026-09-29 00:47:23,787 [INFO] recv 13933B via direct in 1051ms
2026-09-29 00:47:23,791 [INFO] [client-4] Round 18 — training locally…
2026-09-29 00:47:23,922 [INFO] [client-4] Round 18 — sending update…
2026-09-29 00:47:23,924 [INFO] recv 13933B via direct in 1110ms
2026-09-29 00:47:23,927 [INFO] [client-9] Round 18 — training locally…
2026-09-29 00:47:24,050 [INFO] [client-9] Round 18 — sending update…
2026-09-29 00:47:24,053 [INFO] recv 13933B via direct in 1120ms
2026-09-29 00:47:24,057 [INFO] [client-7] Round 18 — training locally…
2026-09-29 00:47:24,178 [INFO] [client-7] Round 18 — sending update…
2026-09-29 00:47:24,182 [INFO] send 13933B via direct in 2026ms (0.06 Mbit/s) to b6054a4a11ecb120
2026-09-29 00:47:24,183 [INFO] send 13933B via direct in 2019ms (0.06 Mbit/s) to 8a8b688371b8e39a
2026-09-29 00:47:24,232 [INFO] recv 13933B via direct in 1562ms
2026-09-29 00:47:24,239 [INFO] [client-0] Round 18 — training locally…
2026-09-29 00:47:24,346 [INFO] [client-0] Round 18 — sending update…
2026-09-29 00:47:24,466 [INFO] send 13933B via direct in 2557ms (0.04 Mbit/s) to 38b2eed77c95e94c
2026-09-29 00:47:24,600 [INFO] recv 13933B via direct in 1961ms
2026-09-29 00:47:24,603 [INFO] [client-3] Round 18 — training locally…
2026-09-29 00:47:24,759 [INFO] [client-3] Round 18 — sending update…
2026-09-29 00:47:24,762 [INFO] recv 13933B via direct in 1912ms
2026-09-29 00:47:24,764 [INFO] [client-5] Round 18 — training locally…
2026-09-29 00:47:24,896 [INFO] [client-5] Round 18 — sending update…
2026-09-29 00:47:24,907 [INFO] send 13933B via direct in 3001ms (0.04 Mbit/s) to 59dccc0529b08326
2026-09-29 00:47:24,908 [INFO] send 13933B via direct in 2993ms (0.04 Mbit/s) to 39b2ac3c610d0c1d
2026-09-29 00:47:25,150 [INFO] send 13933B via direct in 1477ms (0.08 Mbit/s) to 973f43c9bbfac391
2026-09-29 00:47:25,185 [INFO] [client-6] Round 18 done — loss=1.0109 acc=0.4913  6.9s
2026-09-29 00:47:25,186 [INFO] [client-6] Round 19 — receiving model…
2026-09-29 00:47:25,489 [INFO] send 13933B via direct in 1564ms (0.07 Mbit/s) to 973f43c9bbfac391
2026-09-29 00:47:25,577 [INFO] [client-4] Round 18 done — loss=1.0106 acc=0.5027  6.3s
2026-09-29 00:47:25,578 [INFO] [client-4] Round 19 — receiving model…
2026-09-29 00:47:25,580 [INFO] send 13933B via direct in 2172ms (0.05 Mbit/s) to 973f43c9bbfac391
2026-09-29 00:47:25,599 [INFO] [client-8] Round 18 done — loss=0.7679 acc=0.7105  7.9s
2026-09-29 00:47:25,600 [INFO] [client-8] Round 19 — receiving model…
2026-09-29 00:47:25,852 [INFO] send 13933B via direct in 2069ms (0.05 Mbit/s) to 973f43c9bbfac391
2026-09-29 00:47:25,913 [INFO] [client-2] Round 18 done — loss=0.9536 acc=0.5302  7.9s
2026-09-29 00:47:25,914 [INFO] [client-2] Round 19 — receiving model…
2026-09-29 00:47:25,917 [INFO] send 13933B via direct in 1736ms (0.06 Mbit/s) to 973f43c9bbfac391
2026-09-29 00:47:25,938 [INFO] [client-7] Round 18 done — loss=1.0320 acc=0.4471  5.3s
2026-09-29 00:47:25,939 [INFO] [client-7] Round 19 — receiving model…
2026-09-29 00:47:26,345 [INFO] send 13933B via direct in 1993ms (0.06 Mbit/s) to 973f43c9bbfac391
2026-09-29 00:47:26,434 [INFO] [client-0] Round 18 done — loss=1.0467 acc=0.4670  4.3s
2026-09-29 00:47:26,435 [INFO] [client-0] Round 19 — receiving model…
2026-09-29 00:47:26,437 [INFO] send 13933B via direct in 1675ms (0.07 Mbit/s) to 973f43c9bbfac391
2026-09-29 00:47:26,468 [INFO] [client-3] Round 18 done — loss=1.0354 acc=0.4595  7.1s
2026-09-29 00:47:26,469 [INFO] [client-3] Round 19 — receiving model…
2026-09-29 00:47:26,471 [INFO] send 13933B via direct in 1538ms (0.07 Mbit/s) to 973f43c9bbfac391
2026-09-29 00:47:26,497 [INFO] [client-5] Round 18 done — loss=0.9616 acc=0.5704  9.3s
2026-09-29 00:47:26,498 [INFO] [client-5] Round 19 — receiving model…
2026-09-29 00:47:26,501 [INFO] recv 13933B via direct in 3757ms
2026-09-29 00:47:26,505 [INFO] [client-1] Round 18 — training locally…
2026-09-29 00:47:26,638 [INFO] [client-1] Round 18 — sending update…
2026-09-29 00:47:26,740 [INFO] send 13933B via direct in 4836ms (0.02 Mbit/s) to d0e98f98a223d760
2026-09-29 00:47:26,746 [ERROR] send_tensors → client-6 FAILED: ConnectionError: stream not acknowledged: IrohError: 
2026-09-29 00:47:26,747 [ERROR] send_tensors → client-9 FAILED: ConnectionError: stream not acknowledged: IrohError: 
2026-09-29 00:47:26,749 [ERROR] send_tensors → client-7 FAILED: ConnectionError: stream not acknowledged: IrohError: 
2026-09-29 00:47:26,750 [INFO] Round 18 — waiting for 7 updates…
2026-09-29 00:47:26,753 [INFO] recv 13933B via direct in 505ms
2026-09-29 00:47:26,762 [WARNING] Round 18 — discarding update from unselected/duplicate peer 15f4aac4033d7ca1
2026-09-29 00:47:26,767 [INFO] recv 13933B via direct in 354ms
2026-09-29 00:47:26,779 [INFO] recv 13933B via direct in 1130ms
2026-09-29 00:47:26,786 [INFO] recv 13933B via direct in 1037ms
2026-09-29 00:47:26,793 [INFO] recv 13933B via direct in 759ms
2026-09-29 00:47:26,798 [WARNING] Round 18 — discarding update from unselected/duplicate peer 168fa892c5551796
2026-09-29 00:47:26,800 [INFO] recv 13933B via direct in 1006ms
2026-09-29 00:47:26,806 [INFO] recv 13933B via direct in 531ms
2026-09-29 00:47:26,812 [INFO] recv 13933B via direct in 536ms
2026-09-29 00:47:26,820 [INFO] recv 13933B via direct in 1918ms
2026-09-29 00:47:26,826 [WARNING] Round 18 — discarding update from unselected/duplicate peer 412992bd21ee1aba
2026-09-29 00:47:27,062 [INFO] send 13933B via direct in 3006ms (0.04 Mbit/s) to 973f43c9bbfac391
2026-09-29 00:47:27,147 [INFO] [client-9] Round 18 done — loss=1.0103 acc=0.5263  7.3s
2026-09-29 00:47:27,148 [INFO] [client-9] Round 19 — receiving model…
2026-09-29 00:47:30,948 [INFO] recv 13933B via direct in 3515ms
2026-09-29 00:47:31,065 [INFO] Round 18/20  acc=0.4875  loss=1.0357  9.2s  clients=7
2026-09-29 00:47:31,067 [INFO] Round 19 — sending model to 10 clients…
2026-09-29 00:47:31,208 [INFO] send 13933B via direct in 4566ms (0.02 Mbit/s) to 973f43c9bbfac391
2026-09-29 00:47:31,300 [INFO] [client-1] Round 18 done — loss=1.0609 acc=0.4282  14.0s
2026-09-29 00:47:31,302 [INFO] [client-1] Round 19 — receiving model…
2026-09-29 00:47:32,299 [INFO] recv 13933B via direct in 551ms
2026-09-29 00:47:32,312 [INFO] [client-9] Round 19 — training locally…
2026-09-29 00:47:32,537 [INFO] [client-9] Round 19 — sending update…
2026-09-29 00:47:32,544 [INFO] send 13933B via direct in 1464ms (0.08 Mbit/s) to 412992bd21ee1aba
2026-09-29 00:47:32,548 [INFO] recv 13933B via direct in 727ms
2026-09-29 00:47:32,552 [INFO] [client-2] Round 19 — training locally…
2026-09-29 00:47:32,675 [INFO] [client-2] Round 19 — sending update…
2026-09-29 00:47:32,679 [INFO] recv 13933B via direct in 732ms
2026-09-29 00:47:32,683 [INFO] [client-3] Round 19 — training locally…
2026-09-29 00:47:32,805 [INFO] [client-3] Round 19 — sending update…
2026-09-29 00:47:32,809 [INFO] recv 13933B via direct in 735ms
2026-09-29 00:47:32,811 [INFO] [client-6] Round 19 — training locally…
2026-09-29 00:47:32,921 [INFO] [client-6] Round 19 — sending update…
2026-09-29 00:47:32,924 [INFO] recv 13933B via direct in 672ms
2026-09-29 00:47:32,928 [INFO] [client-0] Round 19 — training locally…
2026-09-29 00:47:33,009 [INFO] [client-0] Round 19 — sending update…
2026-09-29 00:47:33,015 [INFO] send 13933B via direct in 1934ms (0.06 Mbit/s) to b6054a4a11ecb120
2026-09-29 00:47:33,016 [INFO] send 13933B via direct in 1944ms (0.06 Mbit/s) to 38b2eed77c95e94c
2026-09-29 00:47:33,017 [INFO] send 13933B via direct in 1940ms (0.06 Mbit/s) to 15f4aac4033d7ca1
2026-09-29 00:47:33,018 [INFO] recv 13933B via direct in 1171ms
2026-09-29 00:47:33,020 [INFO] [client-5] Round 19 — training locally…
2026-09-29 00:47:33,140 [INFO] [client-5] Round 19 — sending update…
2026-09-29 00:47:33,340 [INFO] recv 13933B via direct in 1560ms
2026-09-29 00:47:33,346 [INFO] [client-8] Round 19 — training locally…
2026-09-29 00:47:33,495 [INFO] [client-8] Round 19 — sending update…
2026-09-29 00:47:33,589 [INFO] send 13933B via direct in 2509ms (0.04 Mbit/s) to 11a4636945ef18d6
2026-09-29 00:47:33,671 [INFO] recv 13933B via direct in 1864ms
2026-09-29 00:47:33,681 [INFO] [client-1] Round 19 — training locally…
2026-09-29 00:47:33,878 [INFO] [client-1] Round 19 — sending update…
2026-09-29 00:47:33,919 [INFO] send 13933B via direct in 2847ms (0.04 Mbit/s) to d0e98f98a223d760
2026-09-29 00:47:34,333 [INFO] recv 13933B via direct in 2509ms
2026-09-29 00:47:34,340 [INFO] [client-4] Round 19 — training locally…
2026-09-29 00:47:34,469 [INFO] [client-4] Round 19 — sending update…
2026-09-29 00:47:34,476 [INFO] recv 13933B via direct in 2683ms
2026-09-29 00:47:34,478 [INFO] [client-7] Round 19 — training locally…
2026-09-29 00:47:34,589 [INFO] [client-7] Round 19 — sending update…
2026-09-29 00:47:34,594 [INFO] send 13933B via direct in 3521ms (0.03 Mbit/s) to 8a8b688371b8e39a
2026-09-29 00:47:34,615 [INFO] send 13933B via direct in 1937ms (0.06 Mbit/s) to 973f43c9bbfac391
2026-09-29 00:47:34,641 [INFO] [client-2] Round 19 done — loss=0.9497 acc=0.5312  8.7s
2026-09-29 00:47:34,643 [INFO] [client-2] Round 20 — receiving model…
2026-09-29 00:47:34,646 [INFO] send 13933B via direct in 2105ms (0.05 Mbit/s) to 973f43c9bbfac391
2026-09-29 00:47:34,671 [INFO] [client-9] Round 19 done — loss=1.0126 acc=0.5207  7.5s
2026-09-29 00:47:34,672 [INFO] [client-9] Round 20 — receiving model…
2026-09-29 00:47:34,674 [INFO] send 13933B via direct in 3570ms (0.03 Mbit/s) to 168fa892c5551796
2026-09-29 00:47:34,675 [ERROR] send_tensors → client-5 FAILED: ConnectionError: stream not acknowledged: IrohError: 
2026-09-29 00:47:34,675 [ERROR] send_tensors → client-3 FAILED: ConnectionError: stream not acknowledged: IrohError: 
2026-09-29 00:47:34,676 [INFO] Round 19 — waiting for 8 updates…
2026-09-29 00:47:34,677 [INFO] recv 13933B via direct in 977ms
2026-09-29 00:47:34,680 [INFO] recv 13933B via direct in 1187ms
2026-09-29 00:47:34,683 [INFO] recv 13933B via direct in 593ms
2026-09-29 00:47:34,686 [WARNING] Round 19 — discarding update from unselected/duplicate peer 39b2ac3c610d0c1d
2026-09-29 00:47:34,689 [INFO] send 13933B via direct in 1545ms (0.07 Mbit/s) to 973f43c9bbfac391
2026-09-29 00:47:34,726 [INFO] [client-5] Round 19 done — loss=0.9655 acc=0.5584  8.2s
2026-09-29 00:47:34,727 [INFO] [client-5] Round 20 — receiving model…
2026-09-29 00:47:34,728 [INFO] recv 13933B via direct in 846ms
2026-09-29 00:47:34,765 [INFO] recv 13933B via direct in 529ms
2026-09-29 00:47:34,907 [INFO] send 13933B via direct in 1891ms (0.06 Mbit/s) to 973f43c9bbfac391
2026-09-29 00:47:34,944 [INFO] [client-0] Round 19 done — loss=1.0462 acc=0.4666  8.5s
2026-09-29 00:47:34,946 [INFO] [client-0] Round 20 — receiving model…
2026-09-29 00:47:35,018 [ERROR] [client-8] round 19 error: stream not acknowledged: IrohError: 
2026-09-29 00:47:35,023 [INFO] [client-8] Round 20 — receiving model…
2026-09-29 00:47:35,181 [INFO] recv 13933B via direct in 1567ms
2026-09-29 00:47:35,194 [INFO] recv 13933B via direct in 599ms
2026-09-29 00:47:35,416 [INFO] send 13933B via direct in 2492ms (0.04 Mbit/s) to 973f43c9bbfac391
2026-09-29 00:47:35,444 [INFO] [client-6] Round 19 done — loss=1.0150 acc=0.4903  10.3s
2026-09-29 00:47:35,445 [INFO] [client-6] Round 20 — receiving model…
2026-09-29 00:47:35,456 [INFO] send 13933B via direct in 1575ms (0.07 Mbit/s) to 973f43c9bbfac391
2026-09-29 00:47:35,566 [INFO] [client-1] Round 19 done — loss=1.0592 acc=0.4265  4.3s
2026-09-29 00:47:35,567 [INFO] [client-1] Round 20 — receiving model…
2026-09-29 00:47:36,066 [INFO] recv 13933B via direct in 2505ms
2026-09-29 00:47:36,080 [WARNING] Round 19 — discarding update from unselected/duplicate peer 59dccc0529b08326
2026-09-29 00:47:36,177 [INFO] recv 13933B via direct in 940ms
2026-09-29 00:47:36,308 [INFO] send 13933B via direct in 3498ms (0.03 Mbit/s) to 973f43c9bbfac391
2026-09-29 00:47:36,407 [INFO] [client-3] Round 19 done — loss=1.0379 acc=0.4550  9.9s
2026-09-29 00:47:36,408 [INFO] [client-3] Round 20 — receiving model…
2026-09-29 00:47:36,411 [INFO] send 13933B via direct in 1938ms (0.06 Mbit/s) to 973f43c9bbfac391
2026-09-29 00:47:36,430 [INFO] [client-4] Round 19 done — loss=1.0037 acc=0.4952  10.9s
2026-09-29 00:47:36,431 [INFO] [client-4] Round 20 — receiving model…
2026-09-29 00:47:36,434 [INFO] recv 13933B via direct in 1064ms
2026-09-29 00:47:36,465 [INFO] Round 19/20  acc=0.4431  loss=1.0860  5.4s  clients=8
2026-09-29 00:47:36,467 [INFO] Round 20 — sending model to 10 clients…
2026-09-29 00:47:36,697 [ERROR] [client-7] round 19 error: stream not acknowledged: IrohError: 
2026-09-29 00:47:36,702 [INFO] [client-7] Round 20 — receiving model…
2026-09-29 00:47:37,654 [INFO] recv 13933B via direct in 549ms
2026-09-29 00:47:37,665 [INFO] [client-7] Round 20 — training locally…
2026-09-29 00:47:37,862 [INFO] [client-7] Round 20 — sending update…
2026-09-29 00:47:37,869 [INFO] recv 13933B via direct in 678ms
2026-09-29 00:47:37,872 [INFO] [client-1] Round 20 — training locally…
2026-09-29 00:47:37,994 [INFO] [client-1] Round 20 — sending update…
2026-09-29 00:47:37,998 [INFO] recv 13933B via direct in 640ms
2026-09-29 00:47:38,002 [INFO] [client-4] Round 20 — training locally…
2026-09-29 00:47:38,098 [INFO] [client-4] Round 20 — sending update…
2026-09-29 00:47:38,101 [INFO] recv 13933B via direct in 633ms
2026-09-29 00:47:38,105 [INFO] [client-2] Round 20 — training locally…
2026-09-29 00:47:38,225 [INFO] [client-2] Round 20 — sending update…
2026-09-29 00:47:38,228 [INFO] recv 13933B via direct in 650ms
2026-09-29 00:47:38,230 [INFO] [client-8] Round 20 — training locally…
2026-09-29 00:47:38,332 [INFO] [client-8] Round 20 — sending update…
2026-09-29 00:47:38,335 [INFO] recv 13933B via direct in 562ms
2026-09-29 00:47:38,339 [INFO] [client-9] Round 20 — training locally…
2026-09-29 00:47:38,465 [INFO] [client-9] Round 20 — sending update…
2026-09-29 00:47:38,468 [INFO] recv 13933B via direct in 620ms
2026-09-29 00:47:38,472 [INFO] [client-3] Round 20 — training locally…
2026-09-29 00:47:38,611 [INFO] [client-3] Round 20 — sending update…
2026-09-29 00:47:38,615 [INFO] recv 13933B via direct in 580ms
2026-09-29 00:47:38,618 [INFO] [client-6] Round 20 — training locally…
2026-09-29 00:47:38,709 [INFO] [client-6] Round 20 — sending update…
2026-09-29 00:47:38,720 [INFO] send 13933B via direct in 2239ms (0.05 Mbit/s) to 168fa892c5551796
2026-09-29 00:47:38,722 [INFO] send 13933B via direct in 2238ms (0.05 Mbit/s) to d0e98f98a223d760
2026-09-29 00:47:38,723 [INFO] send 13933B via direct in 2235ms (0.05 Mbit/s) to 59dccc0529b08326
2026-09-29 00:47:38,724 [INFO] send 13933B via direct in 2233ms (0.05 Mbit/s) to 412992bd21ee1aba
2026-09-29 00:47:38,725 [INFO] send 13933B via direct in 2231ms (0.05 Mbit/s) to b6054a4a11ecb120
2026-09-29 00:47:38,726 [INFO] send 13933B via direct in 2241ms (0.05 Mbit/s) to 11a4636945ef18d6
2026-09-29 00:47:38,727 [INFO] send 13933B via direct in 2237ms (0.05 Mbit/s) to 15f4aac4033d7ca1
2026-09-29 00:47:39,668 [INFO] send 13933B via direct in 1670ms (0.07 Mbit/s) to 973f43c9bbfac391
2026-09-29 00:47:39,704 [INFO] [client-1] Round 20 done — loss=1.0555 acc=0.4241  4.1s
2026-09-29 00:47:39,726 [ERROR] [client-4] round 20 error: stream not acknowledged: IrohError: 
2026-09-29 00:47:39,812 [ERROR] [client-8] round 20 error: stream not acknowledged: IrohError: 
2026-09-29 00:47:39,922 [INFO] recv 13933B via direct in 2734ms
2026-09-29 00:47:39,933 [INFO] [client-0] Round 20 — training locally…
2026-09-29 00:47:40,161 [INFO] [client-0] Round 20 — sending update…
2026-09-29 00:47:40,163 [ERROR] [client-6] round 20 error: stream not acknowledged: IrohError: 
2026-09-29 00:47:40,168 [INFO] send 13933B via direct in 3689ms (0.03 Mbit/s) to 38b2eed77c95e94c
2026-09-29 00:47:40,174 [INFO] send 13933B via direct in 1560ms (0.07 Mbit/s) to 973f43c9bbfac391
2026-09-29 00:47:40,193 [INFO] [client-3] Round 20 done — loss=1.0456 acc=0.4530  3.8s
2026-09-29 00:47:40,224 [INFO] send 13933B via direct in 2359ms (0.05 Mbit/s) to 973f43c9bbfac391
2026-09-29 00:47:40,245 [INFO] [client-7] Round 20 done — loss=1.0258 acc=0.4574  3.5s
2026-09-29 00:47:40,360 [INFO] recv 13933B via direct in 3034ms
2026-09-29 00:47:40,368 [INFO] [client-5] Round 20 — training locally…
2026-09-29 00:47:40,544 [INFO] [client-5] Round 20 — sending update…
2026-09-29 00:47:40,589 [INFO] send 13933B via direct in 4118ms (0.03 Mbit/s) to 39b2ac3c610d0c1d
2026-09-29 00:47:40,591 [ERROR] send_tensors → client-4 FAILED: ConnectionError: stream not acknowledged: IrohError: 
2026-09-29 00:47:40,592 [INFO] Round 20 — waiting for 9 updates…
2026-09-29 00:47:40,595 [INFO] recv 13933B via direct in 651ms
2026-09-29 00:47:40,598 [INFO] recv 13933B via direct in 597ms
2026-09-29 00:47:40,601 [WARNING] Round 20 — discarding update from unselected/duplicate peer 8a8b688371b8e39a
2026-09-29 00:47:40,602 [INFO] recv 13933B via direct in 515ms
2026-09-29 00:47:40,605 [INFO] recv 13933B via direct in 495ms
2026-09-29 00:47:40,607 [INFO] recv 13933B via direct in 797ms
2026-09-29 00:47:40,609 [INFO] recv 13933B via direct in 1451ms
2026-09-29 00:47:40,612 [INFO] recv 13933B via direct in 1580ms
2026-09-29 00:47:40,707 [INFO] send 13933B via direct in 2479ms (0.05 Mbit/s) to 973f43c9bbfac391
2026-09-29 00:47:40,790 [INFO] [client-2] Round 20 done — loss=0.9612 acc=0.5247  6.1s
2026-09-29 00:47:40,856 [INFO] recv 13933B via direct in 1604ms
2026-09-29 00:47:41,077 [INFO] send 13933B via direct in 2607ms (0.04 Mbit/s) to 973f43c9bbfac391
2026-09-29 00:47:41,146 [INFO] [client-9] Round 20 done — loss=1.0055 acc=0.5291  6.5s
2026-09-29 00:47:41,784 [INFO] recv 13933B via direct in 549ms
2026-09-29 00:47:42,024 [INFO] send 13933B via direct in 1475ms (0.08 Mbit/s) to 973f43c9bbfac391
2026-09-29 00:47:42,089 [INFO] [client-5] Round 20 done — loss=0.9691 acc=0.5632  7.4s
2026-09-29 00:47:42,960 [INFO] recv 13933B via direct in 2034ms
2026-09-29 00:47:43,056 [INFO] Round 20/20  acc=0.4608  loss=1.0794  6.6s  clients=9
2026-09-29 00:47:43,169 [INFO] send 13933B via direct in 3006ms (0.04 Mbit/s) to 973f43c9bbfac391
2026-09-29 00:47:43,203 [INFO] [client-0] Round 20 done — loss=1.0585 acc=0.4583  8.3s
2026-09-29 00:47:45,872 [INFO] CoAP server [client-0] stopped
2026-09-29 00:47:45,982 [INFO] CoAP server [client-1] stopped
2026-09-29 00:47:46,093 [INFO] CoAP server [client-2] stopped
2026-09-29 00:47:46,201 [INFO] CoAP server [client-3] stopped
2026-09-29 00:47:48,073 [INFO] CoAP server [client-4] stopped
2026-09-29 00:47:48,178 [INFO] CoAP server [client-5] stopped
2026-09-29 00:47:48,287 [INFO] CoAP server [client-6] stopped
2026-09-29 00:47:48,400 [INFO] CoAP server [client-7] stopped
2026-09-29 00:47:48,512 [INFO] CoAP server [client-8] stopped
2026-09-29 00:47:48,622 [INFO] CoAP server [client-9] stopped
2026-09-29 00:47:48,735 [INFO] CoAP server [server] stopped
2026-09-29 00:47:48,751 [INFO] Exported 20 rows → results/e11/delay_250/e7_airmlp_geographic_round_events.csv
2026-09-29 00:48:29,860 [INFO] AirMLP airmlp_geographic done: {'node_id': 'server', 'architecture': 'B', 'scenario': 'e7_airmlp_geographic', 'rounds_total': 20, 'rounds_success': 20, 'test_acc_final': 0.46082561078348777, 'test_acc_max': 0.4875035102499298, 'duration_mean_sec': 10.58417804965029, 'pct_direct': 0.0, 'pct_relay': 0.0, 'bytes_to_aggregator': 2318854}  macro-F1=0.3844  bal-acc=0.4286
2026-09-29 00:48:29,946 [INFO] E11 delay_250: {"condition": "delay_250", "netem": "delay 250ms 25ms distribution normal", "fl_wall_s": 353.3, "rounds_ok": 20, "rounds": 20, "round_s_median": 6.458, "round_s_max": 87.725, "test_acc_final": 0.46082561078348777, "macro_f1": 0.384398118951186, "balanced_accuracy": 0.428649631554131, "xfer_100kB_ok": "10/10", "xfer_100kB_ms_median": 5606.8, "xfer_1000kB_ok": "8/10", "xfer_1000kB_ms_median": 23925.9, "xfer_10000kB_ok": "0/10", "xfer_10000kB_ms_median": null}
