2026-10-06 14:13:58,591 [INFO] Iroh node started: 32ac710a54a69c84  addrs=['10.77.0.1:60762']
2026-10-06 14:13:59,234 [INFO] Iroh node started: 4662d343ed5a2b30  addrs=['10.77.0.1:42579']
2026-10-06 14:14:15,462 [INFO] send 100000B via direct in 15203ms (0.05 Mbit/s) to 4662d343ed5a2b30
2026-10-06 14:14:15,466 [INFO] recv 100000B via direct in 59ms
2026-10-06 14:14:15,580 [INFO] send 100000B via direct in 110ms (7.30 Mbit/s) to 4662d343ed5a2b30
2026-10-06 14:14:15,584 [INFO] recv 100000B via direct in 83ms
2026-10-06 14:14:15,611 [INFO] send 100000B via direct in 23ms (35.36 Mbit/s) to 4662d343ed5a2b30
2026-10-06 14:14:15,614 [INFO] recv 100000B via direct in 1ms
2026-10-06 14:14:15,686 [INFO] send 100000B via direct in 70ms (11.50 Mbit/s) to 4662d343ed5a2b30
2026-10-06 14:14:15,692 [INFO] recv 100000B via direct in 50ms
2026-10-06 14:14:15,719 [INFO] send 100000B via direct in 22ms (36.93 Mbit/s) to 4662d343ed5a2b30
2026-10-06 14:14:15,721 [INFO] recv 100000B via direct in 1ms
2026-10-06 14:14:15,866 [INFO] send 100000B via direct in 142ms (5.62 Mbit/s) to 4662d343ed5a2b30
2026-10-06 14:14:15,870 [INFO] recv 100000B via direct in 141ms
2026-10-06 14:14:15,894 [INFO] send 100000B via direct in 22ms (36.15 Mbit/s) to 4662d343ed5a2b30
2026-10-06 14:14:15,896 [INFO] recv 100000B via direct in 21ms
2026-10-06 14:14:15,916 [INFO] send 100000B via direct in 17ms (46.05 Mbit/s) to 4662d343ed5a2b30
2026-10-06 14:14:15,918 [INFO] recv 100000B via direct in 15ms
2026-10-06 14:14:16,079 [INFO] send 100000B via direct in 158ms (5.06 Mbit/s) to 4662d343ed5a2b30
2026-10-06 14:14:16,084 [INFO] recv 100000B via direct in 120ms
2026-10-06 14:14:17,238 [INFO] send 100000B via direct in 1146ms (0.70 Mbit/s) to 4662d343ed5a2b30
2026-10-06 14:14:17,245 [INFO] recv 100000B via direct in 105ms
2026-10-06 14:14:17,413 [INFO] send 1000000B via direct in 151ms (53.04 Mbit/s) to 4662d343ed5a2b30
2026-10-06 14:14:17,416 [INFO] recv 1000000B via direct in 146ms
2026-10-06 14:14:17,727 [INFO] send 1000000B via direct in 305ms (26.27 Mbit/s) to 4662d343ed5a2b30
2026-10-06 14:14:17,729 [INFO] recv 1000000B via direct in 300ms
2026-10-06 14:14:18,937 [INFO] send 1000000B via direct in 1203ms (6.65 Mbit/s) to 4662d343ed5a2b30
2026-10-06 14:14:18,942 [INFO] recv 1000000B via direct in 81ms
2026-10-06 14:14:19,182 [INFO] send 1000000B via direct in 235ms (34.10 Mbit/s) to 4662d343ed5a2b30
2026-10-06 14:14:19,191 [INFO] recv 1000000B via direct in 104ms
2026-10-06 14:14:19,378 [INFO] send 1000000B via direct in 183ms (43.66 Mbit/s) to 4662d343ed5a2b30
2026-10-06 14:14:19,382 [INFO] recv 1000000B via direct in 181ms
2026-10-06 14:14:19,748 [INFO] send 1000000B via direct in 359ms (22.31 Mbit/s) to 4662d343ed5a2b30
2026-10-06 14:14:19,752 [INFO] recv 1000000B via direct in 230ms
2026-10-06 14:14:19,997 [INFO] send 1000000B via direct in 242ms (33.12 Mbit/s) to 4662d343ed5a2b30
2026-10-06 14:14:19,999 [INFO] recv 1000000B via direct in 235ms
2026-10-06 14:14:20,285 [INFO] send 1000000B via direct in 285ms (28.06 Mbit/s) to 4662d343ed5a2b30
2026-10-06 14:14:20,287 [INFO] recv 1000000B via direct in 278ms
2026-10-06 14:14:20,483 [INFO] send 1000000B via direct in 191ms (41.91 Mbit/s) to 4662d343ed5a2b30
2026-10-06 14:14:20,485 [INFO] recv 1000000B via direct in 189ms
2026-10-06 14:14:20,970 [INFO] send 1000000B via direct in 479ms (16.70 Mbit/s) to 4662d343ed5a2b30
2026-10-06 14:14:20,972 [INFO] recv 1000000B via direct in 336ms
2026-10-06 14:14:24,760 [INFO] send 10000000B via direct in 3739ms (21.40 Mbit/s) to 4662d343ed5a2b30
2026-10-06 14:14:24,762 [INFO] recv 10000000B via direct in 1557ms
2026-10-06 14:14:28,336 [INFO] send 10000000B via direct in 3565ms (22.44 Mbit/s) to 4662d343ed5a2b30
2026-10-06 14:14:28,338 [INFO] recv 10000000B via direct in 3552ms
2026-10-06 14:14:30,760 [INFO] send 10000000B via direct in 2410ms (33.19 Mbit/s) to 4662d343ed5a2b30
2026-10-06 14:14:30,762 [INFO] recv 10000000B via direct in 2412ms
2026-10-06 14:14:34,424 [INFO] send 10000000B via direct in 3654ms (21.90 Mbit/s) to 4662d343ed5a2b30
2026-10-06 14:14:34,427 [INFO] recv 10000000B via direct in 2647ms
2026-10-06 14:14:37,133 [INFO] send 10000000B via direct in 2696ms (29.68 Mbit/s) to 4662d343ed5a2b30
2026-10-06 14:14:37,135 [INFO] recv 10000000B via direct in 1443ms
2026-10-06 14:14:39,321 [INFO] send 10000000B via direct in 2175ms (36.77 Mbit/s) to 4662d343ed5a2b30
2026-10-06 14:14:39,323 [INFO] recv 10000000B via direct in 2168ms
2026-10-06 14:14:41,741 [INFO] send 10000000B via direct in 2408ms (33.22 Mbit/s) to 4662d343ed5a2b30
2026-10-06 14:14:41,743 [INFO] recv 10000000B via direct in 1057ms
2026-10-06 14:14:45,220 [INFO] send 10000000B via direct in 2532ms (31.60 Mbit/s) to 4662d343ed5a2b30
2026-10-06 14:14:45,222 [INFO] recv 10000000B via direct in 2522ms
2026-10-06 14:14:48,137 [INFO] send 10000000B via direct in 2905ms (27.54 Mbit/s) to 4662d343ed5a2b30
2026-10-06 14:14:48,139 [INFO] recv 10000000B via direct in 1423ms
2026-10-06 14:14:50,072 [INFO] send 10000000B via direct in 1924ms (41.58 Mbit/s) to 4662d343ed5a2b30
2026-10-06 14:14:50,073 [INFO] recv 10000000B via direct in 1912ms
2026-10-06 14:16:20,453 [INFO] === E7 AirMLP + FedAvg — geographic ===
2026-10-06 14:16:21,543 [INFO] Air quality dataset loaded: 28514 train / 3561 test | 6 features | 3 classes
2026-10-06 14:16:21,547 [INFO] Geographic partition: 10 provinces  min=2305  max=2922  mean=2851
2026-10-06 14:16:21,727 [INFO] AirMLP class weights: [1.026976466178894, 1.0868686437606812, 0.904000997543335]
2026-10-06 14:16:23,668 [INFO] Iroh node started: 1611cd044cc28a80  addrs=['10.77.0.1:44978']
2026-10-06 14:16:25,364 [INFO] CoAP server [server] listening on 0.0.0.0:5783
2026-10-06 14:16:25,367 [INFO] FLServer server started (mock=False)
2026-10-06 14:16:26,089 [INFO] Iroh node started: 3028465ccadad7a8  addrs=['10.77.0.1:37050']
2026-10-06 14:16:26,120 [INFO] CoAP server [client-0] listening on 0.0.0.0:5784
2026-10-06 14:16:26,122 [INFO] FLClient client-0 started (mock=False)
2026-10-06 14:16:26,126 [INFO] Registered client client-0  iroh=3028465ccadad7a8
2026-10-06 14:16:26,800 [INFO] Iroh node started: 3f95fac193002251  addrs=['10.77.0.1:49997']
2026-10-06 14:16:26,812 [INFO] CoAP server [client-1] listening on 0.0.0.0:5785
2026-10-06 14:16:26,814 [INFO] FLClient client-1 started (mock=False)
2026-10-06 14:16:26,815 [INFO] Registered client client-1  iroh=3f95fac193002251
2026-10-06 14:16:27,474 [INFO] Iroh node started: 6217cac2f0ccf2b0  addrs=['10.77.0.1:42278']
2026-10-06 14:16:27,499 [INFO] CoAP server [client-2] listening on 0.0.0.0:5786
2026-10-06 14:16:27,502 [INFO] FLClient client-2 started (mock=False)
2026-10-06 14:16:27,505 [INFO] Registered client client-2  iroh=6217cac2f0ccf2b0
2026-10-06 14:16:28,175 [INFO] Iroh node started: 8060b67001b3bcd9  addrs=['10.77.0.1:56365']
2026-10-06 14:16:28,189 [INFO] CoAP server [client-3] listening on 0.0.0.0:5787
2026-10-06 14:16:28,191 [INFO] FLClient client-3 started (mock=False)
2026-10-06 14:16:28,192 [INFO] Registered client client-3  iroh=8060b67001b3bcd9
2026-10-06 14:16:28,883 [INFO] Iroh node started: 895bf23ffe0f2096  addrs=['10.77.0.1:36630']
2026-10-06 14:16:28,927 [INFO] CoAP server [client-4] listening on 0.0.0.0:5788
2026-10-06 14:16:28,930 [INFO] FLClient client-4 started (mock=False)
2026-10-06 14:16:28,933 [INFO] Registered client client-4  iroh=895bf23ffe0f2096
2026-10-06 14:16:29,594 [INFO] Iroh node started: f0eb252241a66cf8  addrs=['10.77.0.1:54371']
2026-10-06 14:16:29,608 [INFO] CoAP server [client-5] listening on 0.0.0.0:5789
2026-10-06 14:16:29,610 [INFO] FLClient client-5 started (mock=False)
2026-10-06 14:16:29,611 [INFO] Registered client client-5  iroh=f0eb252241a66cf8
2026-10-06 14:16:30,266 [INFO] Iroh node started: 5be49aff9880cc2e  addrs=['10.77.0.1:36535']
2026-10-06 14:16:30,280 [INFO] CoAP server [client-6] listening on 0.0.0.0:5790
2026-10-06 14:16:30,282 [INFO] FLClient client-6 started (mock=False)
2026-10-06 14:16:30,282 [INFO] Registered client client-6  iroh=5be49aff9880cc2e
2026-10-06 14:16:30,940 [INFO] Iroh node started: 78f9ac8696723e69  addrs=['10.77.0.1:60098']
2026-10-06 14:16:30,953 [INFO] CoAP server [client-7] listening on 0.0.0.0:5791
2026-10-06 14:16:30,954 [INFO] FLClient client-7 started (mock=False)
2026-10-06 14:16:30,955 [INFO] Registered client client-7  iroh=78f9ac8696723e69
2026-10-06 14:16:31,624 [INFO] Iroh node started: 179e0ecc024514b9  addrs=['10.77.0.1:38610']
2026-10-06 14:16:31,638 [INFO] CoAP server [client-8] listening on 0.0.0.0:5792
2026-10-06 14:16:31,640 [INFO] FLClient client-8 started (mock=False)
2026-10-06 14:16:31,642 [INFO] Registered client client-8  iroh=179e0ecc024514b9
2026-10-06 14:16:32,368 [INFO] Iroh node started: e3f2eb0ab994b759  addrs=['10.77.0.1:48640']
2026-10-06 14:16:32,387 [INFO] CoAP server [client-9] listening on 0.0.0.0:5793
2026-10-06 14:16:32,389 [INFO] FLClient client-9 started (mock=False)
2026-10-06 14:16:32,391 [INFO] Registered client client-9  iroh=e3f2eb0ab994b759
2026-10-06 14:16:32,396 [INFO] Round 1 — sending model to 10 clients…
2026-10-06 14:16:32,399 [INFO] [client-0] Round 1 — receiving model…
2026-10-06 14:16:32,401 [INFO] [client-1] Round 1 — receiving model…
2026-10-06 14:16:32,406 [INFO] [client-2] Round 1 — receiving model…
2026-10-06 14:16:32,409 [INFO] [client-3] Round 1 — receiving model…
2026-10-06 14:16:32,411 [INFO] [client-4] Round 1 — receiving model…
2026-10-06 14:16:32,414 [INFO] [client-5] Round 1 — receiving model…
2026-10-06 14:16:32,418 [INFO] [client-6] Round 1 — receiving model…
2026-10-06 14:16:32,421 [INFO] [client-7] Round 1 — receiving model…
2026-10-06 14:16:32,423 [INFO] [client-8] Round 1 — receiving model…
2026-10-06 14:16:32,424 [INFO] [client-9] Round 1 — receiving model…
2026-10-06 14:16:32,890 [INFO] send 13933B via direct in 107ms (1.05 Mbit/s) to 6217cac2f0ccf2b0
2026-10-06 14:16:32,893 [INFO] send 13933B via direct in 62ms (1.79 Mbit/s) to 3f95fac193002251
2026-10-06 14:16:32,894 [INFO] send 13933B via direct in 57ms (1.97 Mbit/s) to 8060b67001b3bcd9
2026-10-06 14:16:32,897 [INFO] recv 13933B via direct in 37ms
2026-10-06 14:16:32,911 [INFO] [client-2] Round 1 — training locally…
2026-10-06 14:18:04,993 [INFO] [client-2] Round 1 — sending update…
2026-10-06 14:18:04,998 [INFO] send 13933B via direct in 48ms (2.34 Mbit/s) to 5be49aff9880cc2e
2026-10-06 14:18:05,000 [INFO] send 13933B via direct in 105ms (1.07 Mbit/s) to 3028465ccadad7a8
2026-10-06 14:18:05,001 [INFO] send 13933B via direct in 90ms (1.24 Mbit/s) to f0eb252241a66cf8
2026-10-06 14:18:05,003 [INFO] send 13933B via direct in 45ms (2.50 Mbit/s) to 179e0ecc024514b9
2026-10-06 14:18:05,004 [INFO] recv 13933B via direct in 35ms
2026-10-06 14:18:05,007 [INFO] [client-9] Round 1 — training locally…
2026-10-06 14:18:05,151 [INFO] [client-9] Round 1 — sending update…
2026-10-06 14:18:05,154 [INFO] recv 13933B via direct in 9ms
2026-10-06 14:18:05,159 [INFO] [client-3] Round 1 — training locally…
2026-10-06 14:18:05,279 [INFO] [client-3] Round 1 — sending update…
2026-10-06 14:18:05,281 [INFO] recv 13933B via direct in 36ms
2026-10-06 14:18:05,284 [INFO] [client-5] Round 1 — training locally…
2026-10-06 14:18:05,402 [INFO] [client-5] Round 1 — sending update…
2026-10-06 14:18:05,405 [INFO] recv 13933B via direct in 37ms
2026-10-06 14:18:05,409 [INFO] [client-0] Round 1 — training locally…
2026-10-06 14:18:05,511 [INFO] [client-0] Round 1 — sending update…
2026-10-06 14:18:05,516 [INFO] recv 13933B via direct in 14ms
2026-10-06 14:18:05,519 [INFO] [client-1] Round 1 — training locally…
2026-10-06 14:18:05,633 [INFO] [client-1] Round 1 — sending update…
2026-10-06 14:18:05,638 [INFO] recv 13933B via direct in 88951ms
2026-10-06 14:18:05,641 [INFO] [client-8] Round 1 — training locally…
2026-10-06 14:18:05,767 [INFO] [client-8] Round 1 — sending update…
2026-10-06 14:18:05,773 [INFO] send 13933B via direct in 76ms (1.46 Mbit/s) to e3f2eb0ab994b759
2026-10-06 14:18:05,777 [INFO] recv 13933B via direct in 89472ms
2026-10-06 14:18:05,781 [INFO] [client-6] Round 1 — training locally…
2026-10-06 14:18:05,913 [INFO] [client-6] Round 1 — sending update…
2026-10-06 14:18:05,929 [INFO] send 13933B via direct in 89679ms (0.00 Mbit/s) to 895bf23ffe0f2096
2026-10-06 14:18:05,932 [INFO] send 13933B via direct in 89637ms (0.00 Mbit/s) to 78f9ac8696723e69
2026-10-06 14:18:05,933 [INFO] recv 13933B via direct in 89755ms
2026-10-06 14:18:05,936 [INFO] [client-4] Round 1 — training locally…
2026-10-06 14:18:06,057 [INFO] [client-4] Round 1 — sending update…
2026-10-06 14:18:06,065 [INFO] Round 1 — waiting for 10 updates…
2026-10-06 14:18:06,071 [INFO] recv 13933B via direct in 427ms
2026-10-06 14:18:06,073 [INFO] [client-7] Round 1 — training locally…
2026-10-06 14:18:06,208 [INFO] [client-7] Round 1 — sending update…
2026-10-06 14:18:06,211 [INFO] send 13933B via direct in 913ms (0.12 Mbit/s) to 1611cd044cc28a80
2026-10-06 14:18:06,237 [INFO] [client-9] Round 1 done — loss=1.0548 acc=0.4765  90.6s
2026-10-06 14:18:06,238 [INFO] [client-9] Round 2 — receiving model…
2026-10-06 14:18:06,242 [INFO] send 13933B via direct in 788ms (0.14 Mbit/s) to 1611cd044cc28a80
2026-10-06 14:18:06,259 [INFO] [client-3] Round 1 done — loss=1.0642 acc=0.4447  90.7s
2026-10-06 14:18:06,261 [INFO] [client-3] Round 2 — receiving model…
2026-10-06 14:18:06,262 [INFO] send 13933B via direct in 665ms (0.17 Mbit/s) to 1611cd044cc28a80
2026-10-06 14:18:06,280 [INFO] [client-5] Round 1 done — loss=1.0599 acc=0.4505  90.7s
2026-10-06 14:18:06,281 [INFO] [client-5] Round 2 — receiving model…
2026-10-06 14:18:06,283 [INFO] send 13933B via direct in 555ms (0.20 Mbit/s) to 1611cd044cc28a80
2026-10-06 14:18:06,301 [INFO] [client-0] Round 1 done — loss=1.0657 acc=0.4579  90.7s
2026-10-06 14:18:06,302 [INFO] [client-0] Round 2 — receiving model…
2026-10-06 14:18:06,305 [INFO] send 13933B via direct in 1073ms (0.10 Mbit/s) to 1611cd044cc28a80
2026-10-06 14:18:06,330 [INFO] [client-2] Round 1 done — loss=1.0416 acc=0.4516  90.8s
2026-10-06 14:18:06,332 [INFO] [client-2] Round 2 — receiving model…
2026-10-06 14:18:06,335 [INFO] recv 13933B via direct in 434ms
2026-10-06 14:18:06,337 [INFO] recv 13933B via direct in 645ms
2026-10-06 14:18:06,343 [INFO] recv 13933B via direct in 532ms
2026-10-06 14:18:06,345 [INFO] recv 13933B via direct in 665ms
2026-10-06 14:18:06,347 [INFO] recv 13933B via direct in 526ms
2026-10-06 14:18:06,349 [INFO] send 13933B via direct in 417ms (0.27 Mbit/s) to 1611cd044cc28a80
2026-10-06 14:18:06,381 [INFO] [client-6] Round 1 done — loss=1.0514 acc=0.4462  90.8s
2026-10-06 14:18:06,382 [INFO] [client-6] Round 2 — receiving model…
2026-10-06 14:18:06,384 [INFO] send 13933B via direct in 699ms (0.16 Mbit/s) to 1611cd044cc28a80
2026-10-06 14:18:06,420 [INFO] [client-1] Round 1 done — loss=1.0779 acc=0.3877  90.9s
2026-10-06 14:18:06,421 [INFO] [client-1] Round 2 — receiving model…
2026-10-06 14:18:06,423 [INFO] send 13933B via direct in 564ms (0.20 Mbit/s) to 1611cd044cc28a80
2026-10-06 14:18:06,447 [INFO] [client-8] Round 1 done — loss=0.8054 acc=0.6889  90.9s
2026-10-06 14:18:06,448 [INFO] [client-8] Round 2 — receiving model…
2026-10-06 14:18:06,450 [INFO] recv 13933B via direct in 403ms
2026-10-06 14:18:06,456 [INFO] recv 13933B via direct in 409ms
2026-10-06 14:18:06,459 [INFO] recv 13933B via direct in 322ms
2026-10-06 14:18:06,463 [INFO] send 13933B via direct in 396ms (0.28 Mbit/s) to 1611cd044cc28a80
2026-10-06 14:18:06,496 [INFO] [client-4] Round 1 done — loss=1.0296 acc=0.4945  90.9s
2026-10-06 14:18:06,497 [INFO] [client-4] Round 2 — receiving model…
2026-10-06 14:18:06,498 [INFO] recv 13933B via direct in 385ms
2026-10-06 14:18:06,503 [INFO] recv 13933B via direct in 167ms
2026-10-06 14:18:06,537 [INFO] Round 1/20  acc=0.2867  loss=1.1163  91.0s  clients=10
2026-10-06 14:18:06,538 [INFO] Round 2 — sending model to 10 clients…
2026-10-06 14:18:06,539 [INFO] send 13933B via direct in 292ms (0.38 Mbit/s) to 1611cd044cc28a80
2026-10-06 14:18:06,565 [INFO] [client-7] Round 1 done — loss=1.0545 acc=0.4148  91.0s
2026-10-06 14:18:06,566 [INFO] [client-7] Round 2 — receiving model…
2026-10-06 14:18:06,598 [INFO] send 13933B via direct in 28ms (3.98 Mbit/s) to 179e0ecc024514b9
2026-10-06 14:18:06,601 [INFO] recv 13933B via direct in 15ms
2026-10-06 14:18:06,603 [INFO] [client-8] Round 2 — training locally…
2026-10-06 14:18:06,724 [INFO] [client-8] Round 2 — sending update…
2026-10-06 14:18:06,728 [INFO] recv 13933B via direct in 17ms
2026-10-06 14:18:06,731 [INFO] [client-9] Round 2 — training locally…
2026-10-06 14:18:06,858 [INFO] [client-9] Round 2 — sending update…
2026-10-06 14:18:06,860 [INFO] recv 13933B via direct in 19ms
2026-10-06 14:18:06,866 [INFO] [client-7] Round 2 — training locally…
2026-10-06 14:18:07,019 [INFO] [client-7] Round 2 — sending update…
2026-10-06 14:18:07,022 [INFO] send 13933B via direct in 155ms (0.72 Mbit/s) to e3f2eb0ab994b759
2026-10-06 14:18:07,024 [INFO] recv 13933B via direct in 146ms
2026-10-06 14:18:07,029 [INFO] [client-5] Round 2 — training locally…
2026-10-06 14:18:07,150 [INFO] [client-5] Round 2 — sending update…
2026-10-06 14:18:07,161 [INFO] send 13933B via direct in 156ms (0.72 Mbit/s) to 78f9ac8696723e69
2026-10-06 14:18:07,162 [INFO] send 13933B via direct in 160ms (0.70 Mbit/s) to 895bf23ffe0f2096
2026-10-06 14:18:07,163 [INFO] send 13933B via direct in 158ms (0.71 Mbit/s) to 3028465ccadad7a8
2026-10-06 14:18:07,164 [INFO] send 13933B via direct in 153ms (0.73 Mbit/s) to f0eb252241a66cf8
2026-10-06 14:18:07,165 [INFO] send 13933B via direct in 149ms (0.75 Mbit/s) to 5be49aff9880cc2e
2026-10-06 14:18:07,166 [INFO] recv 13933B via direct in 428ms
2026-10-06 14:18:07,169 [INFO] [client-6] Round 2 — training locally…
2026-10-06 14:18:07,283 [INFO] [client-6] Round 2 — sending update…
2026-10-06 14:18:07,287 [INFO] recv 13933B via direct in 441ms
2026-10-06 14:18:07,290 [INFO] [client-4] Round 2 — training locally…
2026-10-06 14:18:07,403 [INFO] [client-4] Round 2 — sending update…
2026-10-06 14:18:07,410 [INFO] recv 13933B via direct in 571ms
2026-10-06 14:18:07,413 [INFO] [client-0] Round 2 — training locally…
2026-10-06 14:18:07,501 [INFO] [client-0] Round 2 — sending update…
2026-10-06 14:18:07,510 [INFO] send 13933B via direct in 779ms (0.14 Mbit/s) to 1611cd044cc28a80
2026-10-06 14:18:07,528 [INFO] [client-8] Round 2 done — loss=0.7769 acc=0.7263  1.1s
2026-10-06 14:18:07,529 [INFO] [client-8] Round 3 — receiving model…
2026-10-06 14:18:07,534 [INFO] send 13933B via direct in 649ms (0.17 Mbit/s) to 1611cd044cc28a80
2026-10-06 14:18:07,556 [INFO] [client-9] Round 2 done — loss=1.0302 acc=0.5081  1.3s
2026-10-06 14:18:07,558 [INFO] [client-9] Round 3 — receiving model…
2026-10-06 14:18:07,565 [INFO] send 13933B via direct in 411ms (0.27 Mbit/s) to 1611cd044cc28a80
2026-10-06 14:18:07,587 [INFO] [client-5] Round 2 done — loss=1.0215 acc=0.5161  1.3s
2026-10-06 14:18:07,588 [INFO] [client-5] Round 3 — receiving model…
2026-10-06 14:18:07,599 [INFO] send 13933B via direct in 185ms (0.60 Mbit/s) to 1611cd044cc28a80
2026-10-06 14:18:07,624 [INFO] [client-4] Round 2 done — loss=1.0360 acc=0.4760  1.1s
2026-10-06 14:18:07,625 [INFO] [client-4] Round 3 — receiving model…
2026-10-06 14:18:07,628 [INFO] send 13933B via direct in 1053ms (0.11 Mbit/s) to 3f95fac193002251
2026-10-06 14:18:07,631 [INFO] send 13933B via direct in 1047ms (0.11 Mbit/s) to 6217cac2f0ccf2b0
2026-10-06 14:18:07,632 [INFO] recv 13933B via direct in 39ms
2026-10-06 14:18:07,635 [INFO] [client-1] Round 2 — training locally…
2026-10-06 14:18:07,754 [INFO] [client-1] Round 2 — sending update…
2026-10-06 14:18:07,759 [INFO] recv 13933B via direct in 41ms
2026-10-06 14:18:07,762 [INFO] [client-2] Round 2 — training locally…
2026-10-06 14:18:07,875 [INFO] [client-2] Round 2 — sending update…
2026-10-06 14:18:07,889 [INFO] send 13933B via direct in 131ms (0.85 Mbit/s) to 1611cd044cc28a80
2026-10-06 14:18:07,919 [INFO] [client-1] Round 2 done — loss=1.0667 acc=0.4093  1.5s
2026-10-06 14:18:07,921 [INFO] [client-1] Round 3 — receiving model…
2026-10-06 14:18:07,923 [INFO] send 13933B via direct in 45ms (2.50 Mbit/s) to 1611cd044cc28a80
2026-10-06 14:18:07,944 [INFO] [client-2] Round 2 done — loss=1.0217 acc=0.4505  1.6s
2026-10-06 14:18:07,945 [INFO] [client-2] Round 3 — receiving model…
2026-10-06 14:18:08,441 [INFO] send 13933B via direct in 1418ms (0.08 Mbit/s) to 1611cd044cc28a80
2026-10-06 14:18:08,496 [INFO] [client-7] Round 2 done — loss=1.0406 acc=0.4286  1.9s
2026-10-06 14:18:08,497 [INFO] [client-7] Round 3 — receiving model…
2026-10-06 14:18:08,511 [INFO] send 13933B via direct in 1006ms (0.11 Mbit/s) to 1611cd044cc28a80
2026-10-06 14:18:08,531 [INFO] [client-0] Round 2 done — loss=1.0633 acc=0.4514  2.2s
2026-10-06 14:18:08,532 [INFO] [client-0] Round 3 — receiving model…
2026-10-06 14:18:08,586 [INFO] send 13933B via direct in 2009ms (0.06 Mbit/s) to 8060b67001b3bcd9
2026-10-06 14:18:08,587 [INFO] Round 2 — waiting for 10 updates…
2026-10-06 14:18:08,588 [INFO] recv 13933B via direct in 486ms
2026-10-06 14:18:08,594 [INFO] recv 13933B via direct in 509ms
2026-10-06 14:18:08,597 [INFO] recv 13933B via direct in 58ms
2026-10-06 14:18:08,600 [INFO] recv 13933B via direct in 55ms
2026-10-06 14:18:08,603 [INFO] recv 13933B via direct in 10ms
2026-10-06 14:18:08,607 [INFO] recv 13933B via direct in 1ms
2026-10-06 14:18:08,610 [INFO] recv 13933B via direct in 1272ms
2026-10-06 14:18:08,613 [INFO] recv 13933B via direct in 1ms
2026-10-06 14:18:08,617 [INFO] recv 13933B via direct in 5ms
2026-10-06 14:18:08,621 [INFO] [client-3] Round 2 — training locally…
2026-10-06 14:18:08,813 [INFO] [client-3] Round 2 — sending update…
2026-10-06 14:18:08,823 [INFO] send 13933B via direct in 7ms (15.80 Mbit/s) to 1611cd044cc28a80
2026-10-06 14:18:08,849 [INFO] [client-3] Round 2 done — loss=1.0574 acc=0.4382  2.6s
2026-10-06 14:18:08,850 [INFO] [client-3] Round 3 — receiving model…
2026-10-06 14:18:08,852 [INFO] recv 13933B via direct in 1ms
2026-10-06 14:18:09,307 [INFO] send 13933B via direct in 2018ms (0.06 Mbit/s) to 1611cd044cc28a80
2026-10-06 14:18:09,344 [INFO] [client-6] Round 2 done — loss=1.0294 acc=0.4767  3.0s
2026-10-06 14:18:09,345 [INFO] [client-6] Round 3 — receiving model…
2026-10-06 14:18:09,347 [INFO] recv 13933B via direct in 43ms
2026-10-06 14:18:09,369 [INFO] Round 2/20  acc=0.4030  loss=1.0838  2.8s  clients=10
2026-10-06 14:18:09,370 [INFO] Round 3 — sending model to 10 clients…
2026-10-06 14:18:09,401 [INFO] send 13933B via direct in 26ms (4.23 Mbit/s) to 179e0ecc024514b9
2026-10-06 14:18:09,404 [INFO] send 13933B via direct in 16ms (6.78 Mbit/s) to 3028465ccadad7a8
2026-10-06 14:18:09,405 [INFO] recv 13933B via direct in 6ms
2026-10-06 14:18:09,408 [INFO] [client-8] Round 3 — training locally…
2026-10-06 14:18:09,529 [INFO] [client-8] Round 3 — sending update…
2026-10-06 14:18:09,531 [INFO] send 13933B via direct in 19ms (5.88 Mbit/s) to f0eb252241a66cf8
2026-10-06 14:18:09,534 [INFO] send 13933B via direct in 29ms (3.92 Mbit/s) to 78f9ac8696723e69
2026-10-06 14:18:09,535 [INFO] recv 13933B via direct in 7ms
2026-10-06 14:18:09,538 [INFO] [client-5] Round 3 — training locally…
2026-10-06 14:18:09,652 [INFO] [client-5] Round 3 — sending update…
2026-10-06 14:18:09,655 [INFO] recv 13933B via direct in 3ms
2026-10-06 14:18:09,659 [INFO] [client-3] Round 3 — training locally…
2026-10-06 14:18:09,774 [INFO] [client-3] Round 3 — sending update…
2026-10-06 14:18:09,778 [INFO] recv 13933B via direct in 17ms
2026-10-06 14:18:09,782 [INFO] [client-7] Round 3 — training locally…
2026-10-06 14:18:09,892 [INFO] [client-7] Round 3 — sending update…
2026-10-06 14:18:09,896 [INFO] recv 13933B via direct in 134ms
2026-10-06 14:18:09,901 [INFO] [client-0] Round 3 — training locally…
2026-10-06 14:18:09,993 [INFO] [client-0] Round 3 — sending update…
2026-10-06 14:18:10,001 [INFO] send 13933B via direct in 513ms (0.22 Mbit/s) to 8060b67001b3bcd9
2026-10-06 14:18:10,008 [INFO] send 13933B via direct in 521ms (0.21 Mbit/s) to 5be49aff9880cc2e
2026-10-06 14:18:10,010 [INFO] recv 13933B via direct in 613ms
2026-10-06 14:18:10,013 [INFO] [client-6] Round 3 — training locally…
2026-10-06 14:18:10,129 [INFO] [client-6] Round 3 — sending update…
2026-10-06 14:18:10,140 [INFO] send 13933B via direct in 242ms (0.46 Mbit/s) to 1611cd044cc28a80
2026-10-06 14:18:10,161 [INFO] [client-7] Round 3 done — loss=1.0340 acc=0.4457  1.7s
2026-10-06 14:18:10,162 [INFO] [client-7] Round 4 — receiving model…
2026-10-06 14:18:10,164 [INFO] send 13933B via direct in 482ms (0.23 Mbit/s) to 1611cd044cc28a80
2026-10-06 14:18:10,181 [INFO] [client-5] Round 3 done — loss=0.9931 acc=0.5350  2.6s
2026-10-06 14:18:10,182 [INFO] [client-5] Round 4 — receiving model…
2026-10-06 14:18:10,187 [INFO] send 13933B via direct in 189ms (0.59 Mbit/s) to 1611cd044cc28a80
2026-10-06 14:18:10,213 [INFO] [client-0] Round 3 done — loss=1.0543 acc=0.4527  1.7s
2026-10-06 14:18:10,214 [INFO] [client-0] Round 4 — receiving model…
2026-10-06 14:18:10,217 [INFO] send 13933B via direct in 86ms (1.30 Mbit/s) to 1611cd044cc28a80
2026-10-06 14:18:10,237 [INFO] [client-6] Round 3 done — loss=1.0238 acc=0.4767  0.9s
2026-10-06 14:18:10,238 [INFO] [client-6] Round 4 — receiving model…
2026-10-06 14:18:10,395 [INFO] send 13933B via direct in 1016ms (0.11 Mbit/s) to e3f2eb0ab994b759
2026-10-06 14:18:10,397 [INFO] recv 13933B via direct in 5ms
2026-10-06 14:18:10,399 [INFO] [client-9] Round 3 — training locally…
2026-10-06 14:18:10,518 [INFO] [client-9] Round 3 — sending update…
2026-10-06 14:18:10,523 [INFO] recv 13933B via direct in 126ms
2026-10-06 14:18:10,529 [INFO] [client-1] Round 3 — training locally…
2026-10-06 14:18:10,780 [INFO] [client-1] Round 3 — sending update…
2026-10-06 14:18:10,785 [INFO] send 13933B via direct in 1141ms (0.10 Mbit/s) to 6217cac2f0ccf2b0
2026-10-06 14:18:10,787 [INFO] recv 13933B via direct in 131ms
2026-10-06 14:18:10,789 [INFO] [client-2] Round 3 — training locally…
2026-10-06 14:18:10,933 [INFO] [client-2] Round 3 — sending update…
2026-10-06 14:18:10,936 [INFO] send 13933B via direct in 1146ms (0.10 Mbit/s) to 895bf23ffe0f2096
2026-10-06 14:18:10,938 [INFO] send 13933B via direct in 1140ms (0.10 Mbit/s) to 3f95fac193002251
2026-10-06 14:18:10,945 [INFO] Round 3 — waiting for 10 updates…
2026-10-06 14:18:10,947 [INFO] recv 13933B via direct in 140ms
2026-10-06 14:18:10,949 [INFO] recv 13933B via direct in 178ms
2026-10-06 14:18:10,952 [INFO] recv 13933B via direct in 175ms
2026-10-06 14:18:10,954 [INFO] recv 13933B via direct in 78ms
2026-10-06 14:18:10,956 [INFO] recv 13933B via direct in 403ms
2026-10-06 14:18:10,966 [INFO] [client-4] Round 3 — training locally…
2026-10-06 14:18:11,157 [INFO] [client-4] Round 3 — sending update…
2026-10-06 14:18:11,173 [INFO] send 13933B via direct in 1393ms (0.08 Mbit/s) to 1611cd044cc28a80
2026-10-06 14:18:11,277 [INFO] [client-3] Round 3 done — loss=1.0502 acc=0.4492  2.4s
2026-10-06 14:18:11,290 [INFO] [client-3] Round 4 — receiving model…
2026-10-06 14:18:11,302 [INFO] recv 13933B via direct in 1173ms
2026-10-06 14:18:11,321 [INFO] recv 13933B via direct in 360ms
2026-10-06 14:18:11,338 [INFO] recv 13933B via direct in 361ms
2026-10-06 14:18:11,353 [INFO] send 13933B via direct in 158ms (0.71 Mbit/s) to 1611cd044cc28a80
2026-10-06 14:18:11,508 [INFO] [client-4] Round 3 done — loss=1.0262 acc=0.4845  3.9s
2026-10-06 14:18:11,530 [INFO] [client-4] Round 4 — receiving model…
2026-10-06 14:18:11,552 [INFO] send 13933B via direct in 798ms (0.14 Mbit/s) to 1611cd044cc28a80
2026-10-06 14:18:11,835 [INFO] [client-9] Round 3 done — loss=1.0169 acc=0.5140  4.3s
2026-10-06 14:18:11,871 [INFO] [client-9] Round 4 — receiving model…
2026-10-06 14:18:11,893 [INFO] send 13933B via direct in 535ms (0.21 Mbit/s) to 1611cd044cc28a80
2026-10-06 14:18:12,076 [INFO] [client-1] Round 3 done — loss=1.0609 acc=0.4210  4.2s
2026-10-06 14:18:12,095 [INFO] [client-1] Round 4 — receiving model…
2026-10-06 14:18:12,112 [INFO] send 13933B via direct in 383ms (0.29 Mbit/s) to 1611cd044cc28a80
2026-10-06 14:18:12,226 [INFO] [client-2] Round 3 done — loss=1.0037 acc=0.4945  4.3s
2026-10-06 14:18:12,244 [INFO] [client-2] Round 4 — receiving model…
2026-10-06 14:18:12,259 [INFO] send 13933B via direct in 1788ms (0.06 Mbit/s) to 1611cd044cc28a80
2026-10-06 14:18:12,497 [INFO] [client-8] Round 3 done — loss=0.7729 acc=0.7157  5.0s
2026-10-06 14:18:12,499 [INFO] [client-8] Round 4 — receiving model…
2026-10-06 14:18:12,503 [INFO] recv 13933B via direct in 372ms
2026-10-06 14:18:12,507 [INFO] recv 13933B via direct in 154ms
2026-10-06 14:18:12,518 [INFO] recv 13933B via direct in 1332ms
2026-10-06 14:18:12,681 [INFO] Round 3/20  acc=0.4471  loss=1.0685  3.3s  clients=10
2026-10-06 14:18:12,685 [INFO] Round 4 — sending model to 10 clients…
2026-10-06 14:18:12,777 [INFO] send 13933B via direct in 75ms (1.48 Mbit/s) to 895bf23ffe0f2096
2026-10-06 14:18:12,779 [INFO] send 13933B via direct in 80ms (1.40 Mbit/s) to 6217cac2f0ccf2b0
2026-10-06 14:18:12,781 [INFO] send 13933B via direct in 68ms (1.65 Mbit/s) to f0eb252241a66cf8
2026-10-06 14:18:12,785 [INFO] recv 13933B via direct in 49ms
2026-10-06 14:18:12,788 [INFO] [client-2] Round 4 — training locally…
2026-10-06 14:18:13,010 [INFO] [client-2] Round 4 — sending update…
2026-10-06 14:18:13,014 [INFO] recv 13933B via direct in 48ms
2026-10-06 14:18:13,019 [INFO] [client-4] Round 4 — training locally…
2026-10-06 14:18:13,226 [INFO] [client-4] Round 4 — sending update…
2026-10-06 14:18:13,230 [INFO] recv 13933B via direct in 49ms
2026-10-06 14:18:13,235 [INFO] [client-5] Round 4 — training locally…
2026-10-06 14:18:13,376 [INFO] [client-5] Round 4 — sending update…
2026-10-06 14:18:13,380 [INFO] recv 13933B via direct in 50ms
2026-10-06 14:18:13,385 [INFO] [client-8] Round 4 — training locally…
2026-10-06 14:18:13,526 [INFO] [client-8] Round 4 — sending update…
2026-10-06 14:18:13,531 [INFO] recv 13933B via direct in 50ms
2026-10-06 14:18:13,534 [INFO] [client-6] Round 4 — training locally…
2026-10-06 14:18:13,702 [INFO] [client-6] Round 4 — sending update…
2026-10-06 14:18:13,716 [INFO] recv 13933B via direct in 766ms
2026-10-06 14:18:13,718 [INFO] [client-0] Round 4 — training locally…
2026-10-06 14:18:13,838 [INFO] [client-0] Round 4 — sending update…
2026-10-06 14:18:13,843 [INFO] send 13933B via direct in 1011ms (0.11 Mbit/s) to 179e0ecc024514b9
2026-10-06 14:18:13,845 [INFO] send 13933B via direct in 995ms (0.11 Mbit/s) to 5be49aff9880cc2e
2026-10-06 14:18:13,846 [INFO] send 13933B via direct in 987ms (0.11 Mbit/s) to 3028465ccadad7a8
2026-10-06 14:18:13,847 [INFO] send 13933B via direct in 1002ms (0.11 Mbit/s) to 3f95fac193002251
2026-10-06 14:18:13,858 [INFO] recv 13933B via direct in 985ms
2026-10-06 14:18:13,861 [INFO] [client-1] Round 4 — training locally…
2026-10-06 14:18:13,988 [INFO] [client-1] Round 4 — sending update…
2026-10-06 14:18:13,997 [INFO] send 13933B via direct in 1271ms (0.09 Mbit/s) to 78f9ac8696723e69
2026-10-06 14:18:13,999 [INFO] send 13933B via direct in 466ms (0.24 Mbit/s) to 1611cd044cc28a80
2026-10-06 14:18:14,108 [INFO] [client-8] Round 4 done — loss=0.7730 acc=0.7105  1.6s
2026-10-06 14:18:14,111 [INFO] [client-8] Round 5 — receiving model…
2026-10-06 14:18:14,112 [INFO] send 13933B via direct in 1295ms (0.09 Mbit/s) to 8060b67001b3bcd9
2026-10-06 14:18:14,114 [INFO] send 13933B via direct in 982ms (0.11 Mbit/s) to 1611cd044cc28a80
2026-10-06 14:18:14,133 [INFO] [client-2] Round 4 done — loss=0.9817 acc=0.5106  1.9s
2026-10-06 14:18:14,134 [INFO] [client-2] Round 5 — receiving model…
2026-10-06 14:18:14,139 [INFO] send 13933B via direct in 1418ms (0.08 Mbit/s) to e3f2eb0ab994b759
2026-10-06 14:18:14,141 [INFO] recv 13933B via direct in 144ms
2026-10-06 14:18:14,145 [INFO] [client-7] Round 4 — training locally…
2026-10-06 14:18:14,285 [INFO] [client-7] Round 4 — sending update…
2026-10-06 14:18:14,290 [INFO] Round 4 — waiting for 10 updates…
2026-10-06 14:18:14,291 [INFO] recv 13933B via direct in 288ms
2026-10-06 14:18:14,294 [INFO] recv 13933B via direct in 425ms
2026-10-06 14:18:14,297 [INFO] recv 13933B via direct in 292ms
2026-10-06 14:18:14,301 [INFO] send 13933B via direct in 433ms (0.26 Mbit/s) to 1611cd044cc28a80
2026-10-06 14:18:14,337 [INFO] [client-6] Round 4 done — loss=1.0197 acc=0.4823  4.1s
2026-10-06 14:18:14,338 [INFO] [client-6] Round 5 — receiving model…
2026-10-06 14:18:14,340 [INFO] recv 13933B via direct in 426ms
2026-10-06 14:18:14,345 [INFO] [client-3] Round 4 — training locally…
2026-10-06 14:18:14,498 [INFO] [client-3] Round 4 — sending update…
2026-10-06 14:18:14,503 [INFO] recv 13933B via direct in 150ms
2026-10-06 14:18:14,509 [INFO] [client-9] Round 4 — training locally…
2026-10-06 14:18:14,690 [INFO] [client-9] Round 4 — sending update…
2026-10-06 14:18:14,718 [INFO] recv 13933B via direct in 213ms
2026-10-06 14:18:14,725 [INFO] recv 13933B via direct in 214ms
2026-10-06 14:18:14,742 [INFO] recv 13933B via direct in 28ms
2026-10-06 14:18:14,769 [INFO] send 13933B via direct in 1511ms (0.07 Mbit/s) to 1611cd044cc28a80
2026-10-06 14:18:14,896 [INFO] [client-4] Round 4 done — loss=1.0189 acc=0.4894  3.4s
2026-10-06 14:18:14,898 [INFO] [client-4] Round 5 — receiving model…
2026-10-06 14:18:14,899 [INFO] send 13933B via direct in 452ms (0.25 Mbit/s) to 1611cd044cc28a80
2026-10-06 14:18:14,930 [INFO] [client-7] Round 4 done — loss=1.0341 acc=0.4499  4.8s
2026-10-06 14:18:14,931 [INFO] [client-7] Round 5 — receiving model…
2026-10-06 14:18:14,937 [INFO] send 13933B via direct in 431ms (0.26 Mbit/s) to 1611cd044cc28a80
2026-10-06 14:18:14,964 [INFO] [client-3] Round 4 done — loss=1.0504 acc=0.4389  3.7s
2026-10-06 14:18:14,966 [INFO] [client-3] Round 5 — receiving model…
2026-10-06 14:18:14,967 [INFO] send 13933B via direct in 1554ms (0.07 Mbit/s) to 1611cd044cc28a80
2026-10-06 14:18:14,995 [INFO] [client-5] Round 4 done — loss=0.9892 acc=0.5426  4.8s
2026-10-06 14:18:14,997 [INFO] [client-5] Round 5 — receiving model…
2026-10-06 14:18:15,000 [INFO] recv 13933B via direct in 1223ms
2026-10-06 14:18:15,008 [INFO] recv 13933B via direct in 73ms
2026-10-06 14:18:15,012 [INFO] send 13933B via direct in 1021ms (0.11 Mbit/s) to 1611cd044cc28a80
2026-10-06 14:18:15,036 [INFO] [client-1] Round 4 done — loss=1.0639 acc=0.4214  2.9s
2026-10-06 14:18:15,037 [INFO] [client-1] Round 5 — receiving model…
2026-10-06 14:18:15,038 [INFO] send 13933B via direct in 1169ms (0.10 Mbit/s) to 1611cd044cc28a80
2026-10-06 14:18:15,061 [INFO] [client-0] Round 4 done — loss=1.0614 acc=0.4501  4.8s
2026-10-06 14:18:15,062 [INFO] [client-0] Round 5 — receiving model…
2026-10-06 14:18:15,064 [INFO] recv 13933B via direct in 7ms
2026-10-06 14:18:17,707 [INFO] recv 13933B via direct in 4ms
2026-10-06 14:18:17,774 [INFO] Round 4/20  acc=0.4358  loss=1.0745  5.1s  clients=10
2026-10-06 14:18:17,775 [INFO] Round 5 — sending model to 10 clients…
2026-10-06 14:18:17,807 [INFO] send 13933B via direct in 3092ms (0.04 Mbit/s) to 1611cd044cc28a80
2026-10-06 14:18:17,825 [INFO] [client-9] Round 4 done — loss=1.0224 acc=0.5144  6.0s
2026-10-06 14:18:17,826 [INFO] [client-9] Round 5 — receiving model…
2026-10-06 14:18:17,834 [INFO] send 13933B via direct in 52ms (2.15 Mbit/s) to 3028465ccadad7a8
2026-10-06 14:18:17,835 [INFO] send 13933B via direct in 50ms (2.22 Mbit/s) to 6217cac2f0ccf2b0
2026-10-06 14:18:17,836 [INFO] send 13933B via direct in 50ms (2.26 Mbit/s) to 78f9ac8696723e69
2026-10-06 14:18:17,837 [INFO] send 13933B via direct in 48ms (2.33 Mbit/s) to 3f95fac193002251
2026-10-06 14:18:17,840 [INFO] send 13933B via direct in 44ms (2.55 Mbit/s) to e3f2eb0ab994b759
2026-10-06 14:18:17,842 [INFO] recv 13933B via direct in 45ms
2026-10-06 14:18:17,844 [INFO] [client-0] Round 5 — training locally…
2026-10-06 14:18:17,952 [INFO] [client-0] Round 5 — sending update…
2026-10-06 14:18:17,956 [INFO] recv 13933B via direct in 46ms
2026-10-06 14:18:17,961 [INFO] [client-2] Round 5 — training locally…
2026-10-06 14:18:18,115 [INFO] [client-2] Round 5 — sending update…
2026-10-06 14:18:18,120 [INFO] recv 13933B via direct in 47ms
2026-10-06 14:18:18,125 [INFO] [client-7] Round 5 — training locally…
2026-10-06 14:18:18,266 [INFO] [client-7] Round 5 — sending update…
2026-10-06 14:18:18,270 [INFO] recv 13933B via direct in 34ms
2026-10-06 14:18:18,273 [INFO] [client-5] Round 5 — training locally…
2026-10-06 14:18:18,443 [INFO] [client-5] Round 5 — sending update…
2026-10-06 14:18:18,447 [INFO] recv 13933B via direct in 47ms
2026-10-06 14:18:18,453 [INFO] [client-1] Round 5 — training locally…
2026-10-06 14:18:18,636 [INFO] [client-1] Round 5 — sending update…
2026-10-06 14:18:18,639 [INFO] recv 13933B via direct in 48ms
2026-10-06 14:18:18,645 [INFO] [client-4] Round 5 — training locally…
2026-10-06 14:18:18,825 [INFO] [client-4] Round 5 — sending update…
2026-10-06 14:18:18,832 [INFO] recv 13933B via direct in 36ms
2026-10-06 14:18:18,835 [INFO] [client-9] Round 5 — training locally…
2026-10-06 14:18:19,042 [INFO] [client-9] Round 5 — sending update…
2026-10-06 14:18:19,062 [INFO] send 13933B via direct in 1043ms (0.11 Mbit/s) to f0eb252241a66cf8
2026-10-06 14:18:19,064 [INFO] send 13933B via direct in 1046ms (0.11 Mbit/s) to 895bf23ffe0f2096
2026-10-06 14:18:19,066 [INFO] send 13933B via direct in 1045ms (0.11 Mbit/s) to 5be49aff9880cc2e
2026-10-06 14:18:19,069 [INFO] recv 13933B via direct in 1257ms
2026-10-06 14:18:19,072 [INFO] [client-6] Round 5 — training locally…
2026-10-06 14:18:19,207 [INFO] [client-6] Round 5 — sending update…
2026-10-06 14:18:19,221 [INFO] send 13933B via direct in 768ms (0.15 Mbit/s) to 1611cd044cc28a80
2026-10-06 14:18:19,247 [INFO] [client-5] Round 5 done — loss=0.9828 acc=0.5440  4.3s
2026-10-06 14:18:19,248 [INFO] [client-5] Round 6 — receiving model…
2026-10-06 14:18:19,251 [INFO] send 13933B via direct in 578ms (0.19 Mbit/s) to 1611cd044cc28a80
2026-10-06 14:18:19,280 [INFO] [client-1] Round 5 done — loss=1.0599 acc=0.4145  4.2s
2026-10-06 14:18:19,281 [INFO] [client-1] Round 6 — receiving model…
2026-10-06 14:18:19,287 [INFO] send 13933B via direct in 1426ms (0.08 Mbit/s) to 8060b67001b3bcd9
2026-10-06 14:18:19,290 [INFO] send 13933B via direct in 1262ms (0.09 Mbit/s) to 1611cd044cc28a80
2026-10-06 14:18:19,317 [INFO] [client-0] Round 5 done — loss=1.0542 acc=0.4549  4.3s
2026-10-06 14:18:19,319 [INFO] [client-0] Round 6 — receiving model…
2026-10-06 14:18:19,320 [INFO] send 13933B via direct in 1100ms (0.10 Mbit/s) to 1611cd044cc28a80
2026-10-06 14:18:19,359 [INFO] [client-2] Round 5 done — loss=0.9734 acc=0.5117  5.2s
2026-10-06 14:18:19,360 [INFO] [client-2] Round 6 — receiving model…
2026-10-06 14:18:19,365 [INFO] recv 13933B via direct in 242ms
2026-10-06 14:18:19,369 [INFO] [client-3] Round 5 — training locally…
2026-10-06 14:18:19,643 [INFO] [client-3] Round 5 — sending update…
2026-10-06 14:18:19,655 [INFO] send 13933B via direct in 536ms (0.21 Mbit/s) to 1611cd044cc28a80
2026-10-06 14:18:19,696 [INFO] [client-4] Round 5 done — loss=1.0217 acc=0.4842  4.8s
2026-10-06 14:18:19,698 [INFO] [client-4] Round 6 — receiving model…
2026-10-06 14:18:19,700 [INFO] send 13933B via direct in 318ms (0.35 Mbit/s) to 1611cd044cc28a80
2026-10-06 14:18:19,734 [INFO] [client-9] Round 5 done — loss=1.0156 acc=0.5228  1.9s
2026-10-06 14:18:19,736 [INFO] [client-9] Round 6 — receiving model…
2026-10-06 14:18:19,739 [INFO] send 13933B via direct in 444ms (0.25 Mbit/s) to 1611cd044cc28a80
2026-10-06 14:18:19,783 [INFO] [client-6] Round 5 done — loss=1.0155 acc=0.4819  5.4s
2026-10-06 14:18:19,785 [INFO] [client-6] Round 6 — receiving model…
2026-10-06 14:18:19,798 [INFO] send 13933B via direct in 1522ms (0.07 Mbit/s) to 1611cd044cc28a80
2026-10-06 14:18:19,828 [INFO] [client-7] Round 5 done — loss=1.0327 acc=0.4536  4.9s
2026-10-06 14:18:19,829 [INFO] [client-7] Round 6 — receiving model…
2026-10-06 14:18:19,831 [INFO] send 13933B via direct in 2048ms (0.05 Mbit/s) to 179e0ecc024514b9
2026-10-06 14:18:19,833 [INFO] send 13933B via direct in 184ms (0.61 Mbit/s) to 1611cd044cc28a80
2026-10-06 14:18:19,858 [INFO] [client-3] Round 5 done — loss=1.0482 acc=0.4530  4.9s
2026-10-06 14:18:19,859 [INFO] [client-3] Round 6 — receiving model…
2026-10-06 14:18:19,861 [INFO] Round 5 — waiting for 10 updates…
2026-10-06 14:18:19,862 [INFO] recv 13933B via direct in 388ms
2026-10-06 14:18:19,865 [INFO] recv 13933B via direct in 174ms
2026-10-06 14:18:19,867 [INFO] recv 13933B via direct in 204ms
2026-10-06 14:18:19,870 [INFO] recv 13933B via direct in 236ms
2026-10-06 14:18:19,872 [INFO] recv 13933B via direct in 296ms
2026-10-06 14:18:19,875 [INFO] recv 13933B via direct in 297ms
2026-10-06 14:18:19,878 [INFO] recv 13933B via direct in 536ms
2026-10-06 14:18:19,881 [INFO] recv 13933B via direct in 433ms
2026-10-06 14:18:19,883 [INFO] recv 13933B via direct in 44ms
2026-10-06 14:18:19,886 [INFO] recv 13933B via direct in 70ms
2026-10-06 14:18:19,888 [INFO] [client-8] Round 5 — training locally…
2026-10-06 14:18:20,005 [INFO] [client-8] Round 5 — sending update…
2026-10-06 14:18:20,015 [INFO] send 13933B via direct in 7ms (16.55 Mbit/s) to 1611cd044cc28a80
2026-10-06 14:18:20,037 [INFO] [client-8] Round 5 done — loss=0.7730 acc=0.7105  5.9s
2026-10-06 14:18:20,038 [INFO] [client-8] Round 6 — receiving model…
2026-10-06 14:18:20,041 [INFO] recv 13933B via direct in 27ms
2026-10-06 14:18:20,066 [INFO] Round 5/20  acc=0.4608  loss=1.0648  2.3s  clients=10
2026-10-06 14:18:20,067 [INFO] Round 6 — sending model to 10 clients…
2026-10-06 14:18:20,102 [INFO] send 13933B via direct in 30ms (3.70 Mbit/s) to 6217cac2f0ccf2b0
2026-10-06 14:18:20,104 [INFO] send 13933B via direct in 28ms (3.92 Mbit/s) to 3f95fac193002251
2026-10-06 14:18:20,105 [INFO] send 13933B via direct in 24ms (4.58 Mbit/s) to f0eb252241a66cf8
2026-10-06 14:18:20,106 [INFO] send 13933B via direct in 23ms (4.79 Mbit/s) to 895bf23ffe0f2096
2026-10-06 14:18:20,108 [INFO] recv 13933B via direct in 17ms
2026-10-06 14:18:20,110 [INFO] [client-2] Round 6 — training locally…
2026-10-06 14:18:20,232 [INFO] [client-2] Round 6 — sending update…
2026-10-06 14:18:20,237 [INFO] recv 13933B via direct in 18ms
2026-10-06 14:18:20,243 [INFO] [client-1] Round 6 — training locally…
2026-10-06 14:18:20,402 [INFO] [client-1] Round 6 — sending update…
2026-10-06 14:18:20,405 [INFO] recv 13933B via direct in 18ms
2026-10-06 14:18:20,408 [INFO] [client-9] Round 6 — training locally…
2026-10-06 14:18:20,523 [INFO] [client-9] Round 6 — sending update…
2026-10-06 14:18:20,527 [INFO] recv 13933B via direct in 18ms
2026-10-06 14:18:20,533 [INFO] [client-5] Round 6 — training locally…
2026-10-06 14:18:20,655 [INFO] [client-5] Round 6 — sending update…
2026-10-06 14:18:20,658 [INFO] recv 13933B via direct in 18ms
2026-10-06 14:18:20,662 [INFO] [client-4] Round 6 — training locally…
2026-10-06 14:18:20,799 [INFO] [client-4] Round 6 — sending update…
2026-10-06 14:18:20,808 [INFO] send 13933B via direct in 720ms (0.16 Mbit/s) to 5be49aff9880cc2e
2026-10-06 14:18:20,811 [INFO] send 13933B via direct in 729ms (0.15 Mbit/s) to e3f2eb0ab994b759
2026-10-06 14:18:20,812 [INFO] recv 13933B via direct in 719ms
2026-10-06 14:18:20,815 [INFO] [client-8] Round 6 — training locally…
2026-10-06 14:18:20,946 [INFO] [client-8] Round 6 — sending update…
2026-10-06 14:18:20,950 [INFO] send 13933B via direct in 723ms (0.15 Mbit/s) to 179e0ecc024514b9
2026-10-06 14:18:20,955 [INFO] recv 13933B via direct in 713ms
2026-10-06 14:18:20,958 [INFO] [client-6] Round 6 — training locally…
2026-10-06 14:18:21,093 [INFO] [client-6] Round 6 — sending update…
2026-10-06 14:18:21,112 [INFO] send 13933B via direct in 862ms (0.13 Mbit/s) to 1611cd044cc28a80
2026-10-06 14:18:21,146 [INFO] [client-2] Round 6 done — loss=0.9661 acc=0.5220  1.8s
2026-10-06 14:18:21,148 [INFO] [client-2] Round 7 — receiving model…
2026-10-06 14:18:21,149 [INFO] send 13933B via direct in 571ms (0.20 Mbit/s) to 1611cd044cc28a80
2026-10-06 14:18:21,184 [INFO] [client-9] Round 6 done — loss=1.0133 acc=0.5204  1.4s
2026-10-06 14:18:21,186 [INFO] [client-9] Round 7 — receiving model…
2026-10-06 14:18:21,194 [INFO] send 13933B via direct in 389ms (0.29 Mbit/s) to 1611cd044cc28a80
2026-10-06 14:18:21,215 [INFO] [client-4] Round 6 done — loss=1.0233 acc=0.4859  1.5s
2026-10-06 14:18:21,216 [INFO] [client-4] Round 7 — receiving model…
2026-10-06 14:18:21,220 [INFO] recv 13933B via direct in 116ms
2026-10-06 14:18:21,224 [INFO] [client-0] Round 6 — training locally…
2026-10-06 14:18:21,325 [INFO] [client-0] Round 6 — sending update…
2026-10-06 14:18:21,328 [INFO] send 13933B via direct in 1138ms (0.10 Mbit/s) to 3028465ccadad7a8
2026-10-06 14:18:21,333 [INFO] send 13933B via direct in 233ms (0.48 Mbit/s) to 1611cd044cc28a80
2026-10-06 14:18:21,356 [INFO] [client-6] Round 6 done — loss=1.0126 acc=0.4840  1.6s
2026-10-06 14:18:21,358 [INFO] [client-6] Round 7 — receiving model…
2026-10-06 14:18:21,359 [INFO] send 13933B via direct in 1259ms (0.09 Mbit/s) to 78f9ac8696723e69
2026-10-06 14:18:21,361 [INFO] recv 13933B via direct in 229ms
2026-10-06 14:18:21,364 [INFO] [client-7] Round 6 — training locally…
2026-10-06 14:18:21,489 [INFO] [client-7] Round 6 — sending update…
2026-10-06 14:18:21,502 [INFO] send 13933B via direct in 9ms (12.71 Mbit/s) to 1611cd044cc28a80
2026-10-06 14:18:21,530 [INFO] [client-7] Round 6 done — loss=1.0322 acc=0.4492  1.7s
2026-10-06 14:18:21,531 [INFO] [client-7] Round 7 — receiving model…
2026-10-06 14:18:21,532 [INFO] send 13933B via direct in 1097ms (0.10 Mbit/s) to 1611cd044cc28a80
2026-10-06 14:18:21,555 [INFO] [client-1] Round 6 done — loss=1.0606 acc=0.4172  2.3s
2026-10-06 14:18:21,556 [INFO] [client-1] Round 7 — receiving model…
2026-10-06 14:18:21,671 [INFO] send 13933B via direct in 1012ms (0.11 Mbit/s) to 1611cd044cc28a80
2026-10-06 14:18:21,742 [INFO] [client-5] Round 6 done — loss=0.9779 acc=0.5440  2.5s
2026-10-06 14:18:21,744 [INFO] [client-5] Round 7 — receiving model…
2026-10-06 14:18:21,961 [INFO] send 13933B via direct in 1011ms (0.11 Mbit/s) to 1611cd044cc28a80
2026-10-06 14:18:22,015 [INFO] [client-8] Round 6 done — loss=0.7622 acc=0.7163  2.0s
2026-10-06 14:18:22,016 [INFO] [client-8] Round 7 — receiving model…
2026-10-06 14:18:22,334 [INFO] send 13933B via direct in 1005ms (0.11 Mbit/s) to 1611cd044cc28a80
2026-10-06 14:18:22,416 [INFO] [client-0] Round 6 done — loss=1.0525 acc=0.4510  3.1s
2026-10-06 14:18:22,418 [INFO] [client-0] Round 7 — receiving model…
2026-10-06 14:18:23,106 [INFO] recv 13933B via direct in 1ms
2026-10-06 14:18:23,116 [INFO] [client-3] Round 6 — training locally…
2026-10-06 14:18:23,268 [INFO] [client-3] Round 6 — sending update…
2026-10-06 14:18:23,273 [INFO] send 13933B via direct in 3191ms (0.04 Mbit/s) to 8060b67001b3bcd9
2026-10-06 14:18:23,275 [INFO] Round 6 — waiting for 10 updates…
2026-10-06 14:18:23,276 [INFO] recv 13933B via direct in 296ms
2026-10-06 14:18:23,279 [INFO] recv 13933B via direct in 298ms
2026-10-06 14:18:23,281 [INFO] recv 13933B via direct in 377ms
2026-10-06 14:18:23,283 [INFO] recv 13933B via direct in 26ms
2026-10-06 14:18:23,285 [INFO] recv 13933B via direct in 8ms
2026-10-06 14:18:23,287 [INFO] recv 13933B via direct in 2ms
2026-10-06 14:18:23,289 [INFO] recv 13933B via direct in 6ms
2026-10-06 14:18:23,291 [INFO] recv 13933B via direct in 58ms
2026-10-06 14:18:23,293 [INFO] recv 13933B via direct in 88ms
2026-10-06 14:18:23,380 [INFO] send 13933B via direct in 109ms (1.03 Mbit/s) to 1611cd044cc28a80
2026-10-06 14:18:23,407 [INFO] [client-3] Round 6 done — loss=1.0445 acc=0.4481  3.5s
2026-10-06 14:18:23,408 [INFO] [client-3] Round 7 — receiving model…
2026-10-06 14:18:23,409 [INFO] recv 13933B via direct in 85ms
2026-10-06 14:18:23,435 [INFO] Round 6/20  acc=0.4386  loss=1.0748  3.4s  clients=10
2026-10-06 14:18:23,436 [INFO] Round 7 — sending model to 10 clients…
2026-10-06 14:18:23,480 [INFO] recv 13933B via direct in 23ms
2026-10-06 14:18:23,484 [INFO] [client-8] Round 7 — training locally…
2026-10-06 14:18:23,622 [INFO] [client-8] Round 7 — sending update…
2026-10-06 14:18:23,625 [INFO] send 13933B via direct in 34ms (3.32 Mbit/s) to 179e0ecc024514b9
2026-10-06 14:18:23,633 [INFO] send 13933B via direct in 184ms (0.61 Mbit/s) to 3028465ccadad7a8
2026-10-06 14:18:23,634 [INFO] send 13933B via direct in 178ms (0.63 Mbit/s) to e3f2eb0ab994b759
2026-10-06 14:18:23,635 [INFO] send 13933B via direct in 188ms (0.59 Mbit/s) to 3f95fac193002251
2026-10-06 14:18:23,636 [INFO] send 13933B via direct in 175ms (0.64 Mbit/s) to 78f9ac8696723e69
2026-10-06 14:18:23,638 [INFO] send 13933B via direct in 174ms (0.64 Mbit/s) to f0eb252241a66cf8
2026-10-06 14:18:23,639 [INFO] send 13933B via direct in 182ms (0.61 Mbit/s) to 5be49aff9880cc2e
2026-10-06 14:18:23,640 [INFO] recv 13933B via direct in 169ms
2026-10-06 14:18:23,643 [INFO] [client-0] Round 7 — training locally…
2026-10-06 14:18:23,754 [INFO] [client-0] Round 7 — sending update…
2026-10-06 14:18:23,757 [INFO] recv 13933B via direct in 173ms
2026-10-06 14:18:23,761 [INFO] [client-9] Round 7 — training locally…
2026-10-06 14:18:23,880 [INFO] [client-9] Round 7 — sending update…
2026-10-06 14:18:23,887 [INFO] recv 13933B via direct in 154ms
2026-10-06 14:18:23,892 [INFO] [client-3] Round 7 — training locally…
2026-10-06 14:18:24,063 [INFO] [client-3] Round 7 — sending update…
2026-10-06 14:18:24,066 [INFO] send 13933B via direct in 178ms (0.63 Mbit/s) to 8060b67001b3bcd9
2026-10-06 14:18:24,067 [INFO] recv 13933B via direct in 175ms
2026-10-06 14:18:24,073 [INFO] [client-1] Round 7 — training locally…
2026-10-06 14:18:24,200 [INFO] [client-1] Round 7 — sending update…
2026-10-06 14:18:24,202 [INFO] recv 13933B via direct in 156ms
2026-10-06 14:18:24,205 [INFO] [client-7] Round 7 — training locally…
2026-10-06 14:18:24,352 [INFO] [client-7] Round 7 — sending update…
2026-10-06 14:18:24,360 [INFO] recv 13933B via direct in 302ms
2026-10-06 14:18:24,363 [INFO] [client-6] Round 7 — training locally…
2026-10-06 14:18:24,505 [INFO] [client-6] Round 7 — sending update…
2026-10-06 14:18:24,507 [INFO] recv 13933B via direct in 404ms
2026-10-06 14:18:24,509 [INFO] [client-5] Round 7 — training locally…
2026-10-06 14:18:24,639 [INFO] [client-5] Round 7 — sending update…
2026-10-06 14:18:24,667 [INFO] send 13933B via direct in 1034ms (0.11 Mbit/s) to 1611cd044cc28a80
2026-10-06 14:18:24,690 [INFO] [client-8] Round 7 done — loss=0.7636 acc=0.7139  2.7s
2026-10-06 14:18:24,692 [INFO] [client-8] Round 8 — receiving model…
2026-10-06 14:18:24,696 [INFO] send 13933B via direct in 910ms (0.12 Mbit/s) to 1611cd044cc28a80
2026-10-06 14:18:24,728 [INFO] [client-0] Round 7 done — loss=1.0508 acc=0.4510  2.3s
2026-10-06 14:18:24,729 [INFO] [client-0] Round 8 — receiving model…
2026-10-06 14:18:24,732 [INFO] send 13933B via direct in 628ms (0.18 Mbit/s) to 1611cd044cc28a80
2026-10-06 14:18:24,755 [INFO] [client-3] Round 7 done — loss=1.0484 acc=0.4543  1.3s
2026-10-06 14:18:24,757 [INFO] [client-3] Round 8 — receiving model…
2026-10-06 14:18:24,761 [INFO] send 13933B via direct in 1252ms (0.09 Mbit/s) to 6217cac2f0ccf2b0
2026-10-06 14:18:24,762 [INFO] send 13933B via direct in 847ms (0.13 Mbit/s) to 1611cd044cc28a80
2026-10-06 14:18:24,786 [INFO] [client-9] Round 7 done — loss=1.0132 acc=0.5218  3.6s
2026-10-06 14:18:24,787 [INFO] [client-9] Round 8 — receiving model…
2026-10-06 14:18:24,789 [INFO] send 13933B via direct in 376ms (0.30 Mbit/s) to 1611cd044cc28a80
2026-10-06 14:18:24,812 [INFO] [client-7] Round 7 done — loss=1.0288 acc=0.4543  3.3s
2026-10-06 14:18:24,813 [INFO] [client-7] Round 8 — receiving model…
2026-10-06 14:18:24,814 [INFO] send 13933B via direct in 529ms (0.21 Mbit/s) to 1611cd044cc28a80
2026-10-06 14:18:24,848 [INFO] [client-1] Round 7 done — loss=1.0607 acc=0.4282  3.3s
2026-10-06 14:18:24,850 [INFO] [client-1] Round 8 — receiving model…
2026-10-06 14:18:24,856 [INFO] send 13933B via direct in 1315ms (0.08 Mbit/s) to 895bf23ffe0f2096
2026-10-06 14:18:24,860 [INFO] recv 13933B via direct in 129ms
2026-10-06 14:18:24,869 [INFO] [client-2] Round 7 — training locally…
2026-10-06 14:18:25,352 [INFO] [client-2] Round 7 — sending update…
2026-10-06 14:18:25,358 [INFO] Round 7 — waiting for 10 updates…
2026-10-06 14:18:25,360 [INFO] recv 13933B via direct in 1025ms
2026-10-06 14:18:25,364 [INFO] recv 13933B via direct in 336ms
2026-10-06 14:18:25,368 [INFO] recv 13933B via direct in 114ms
2026-10-06 14:18:25,372 [INFO] recv 13933B via direct in 398ms
2026-10-06 14:18:25,377 [INFO] recv 13933B via direct in 115ms
2026-10-06 14:18:25,383 [INFO] recv 13933B via direct in 110ms
2026-10-06 14:18:25,388 [INFO] recv 13933B via direct in 195ms
2026-10-06 14:18:25,392 [INFO] [client-4] Round 7 — training locally…
2026-10-06 14:18:25,719 [INFO] [client-4] Round 7 — sending update…
2026-10-06 14:18:25,723 [INFO] recv 13933B via direct in 196ms
2026-10-06 14:18:25,729 [INFO] send 13933B via direct in 217ms (0.52 Mbit/s) to 1611cd044cc28a80
2026-10-06 14:18:25,782 [INFO] [client-5] Round 7 done — loss=0.9778 acc=0.5519  4.0s
2026-10-06 14:18:25,783 [INFO] [client-5] Round 8 — receiving model…
2026-10-06 14:18:25,804 [INFO] send 13933B via direct in 446ms (0.25 Mbit/s) to 1611cd044cc28a80
2026-10-06 14:18:25,848 [INFO] [client-2] Round 7 done — loss=0.9725 acc=0.5185  4.7s
2026-10-06 14:18:25,850 [INFO] [client-2] Round 8 — receiving model…
2026-10-06 14:18:25,853 [INFO] send 13933B via direct in 81ms (1.38 Mbit/s) to 1611cd044cc28a80
2026-10-06 14:18:25,901 [INFO] [client-4] Round 7 done — loss=1.0194 acc=0.4815  4.7s
2026-10-06 14:18:25,902 [INFO] [client-4] Round 8 — receiving model…
2026-10-06 14:18:25,906 [INFO] recv 13933B via direct in 66ms
2026-10-06 14:18:25,911 [INFO] recv 13933B via direct in 117ms
2026-10-06 14:18:28,873 [INFO] send 13933B via direct in 4366ms (0.03 Mbit/s) to 1611cd044cc28a80
2026-10-06 14:18:28,913 [INFO] [client-6] Round 7 done — loss=1.0168 acc=0.4833  7.6s
2026-10-06 14:18:28,914 [INFO] [client-6] Round 8 — receiving model…
2026-10-06 14:18:28,916 [INFO] recv 13933B via direct in 3087ms
2026-10-06 14:18:28,941 [INFO] Round 7/20  acc=0.4510  loss=1.0705  5.5s  clients=10
2026-10-06 14:18:28,943 [INFO] Round 8 — sending model to 10 clients…
2026-10-06 14:18:28,974 [INFO] recv 13933B via direct in 6ms
2026-10-06 14:18:28,978 [INFO] [client-7] Round 8 — training locally…
2026-10-06 14:18:29,099 [INFO] [client-7] Round 8 — sending update…
2026-10-06 14:18:29,104 [INFO] send 13933B via direct in 29ms (3.85 Mbit/s) to 8060b67001b3bcd9
2026-10-06 14:18:29,106 [INFO] recv 13933B via direct in 16ms
2026-10-06 14:18:29,109 [INFO] [client-3] Round 8 — training locally…
2026-10-06 14:18:29,275 [INFO] [client-3] Round 8 — sending update…
2026-10-06 14:18:29,288 [INFO] send 13933B via direct in 327ms (0.34 Mbit/s) to e3f2eb0ab994b759
2026-10-06 14:18:29,292 [INFO] send 13933B via direct in 335ms (0.33 Mbit/s) to 895bf23ffe0f2096
2026-10-06 14:18:29,295 [INFO] send 13933B via direct in 326ms (0.34 Mbit/s) to 78f9ac8696723e69
2026-10-06 14:18:29,297 [INFO] send 13933B via direct in 325ms (0.34 Mbit/s) to f0eb252241a66cf8
2026-10-06 14:18:29,298 [INFO] send 13933B via direct in 329ms (0.34 Mbit/s) to 5be49aff9880cc2e
2026-10-06 14:18:29,300 [INFO] send 13933B via direct in 325ms (0.34 Mbit/s) to 6217cac2f0ccf2b0
2026-10-06 14:18:29,303 [INFO] recv 13933B via direct in 325ms
2026-10-06 14:18:29,308 [INFO] [client-9] Round 8 — training locally…
2026-10-06 14:18:29,514 [INFO] [client-9] Round 8 — sending update…
2026-10-06 14:18:29,519 [INFO] recv 13933B via direct in 326ms
2026-10-06 14:18:29,524 [INFO] [client-6] Round 8 — training locally…
2026-10-06 14:18:29,660 [INFO] [client-6] Round 8 — sending update…
2026-10-06 14:18:29,662 [INFO] recv 13933B via direct in 312ms
2026-10-06 14:18:29,666 [INFO] [client-5] Round 8 — training locally…
2026-10-06 14:18:29,798 [INFO] [client-5] Round 8 — sending update…
2026-10-06 14:18:29,801 [INFO] recv 13933B via direct in 313ms
2026-10-06 14:18:29,805 [INFO] [client-2] Round 8 — training locally…
2026-10-06 14:18:29,928 [INFO] [client-2] Round 8 — sending update…
2026-10-06 14:18:29,931 [INFO] recv 13933B via direct in 329ms
2026-10-06 14:18:29,935 [INFO] [client-4] Round 8 — training locally…
2026-10-06 14:18:30,089 [INFO] [client-4] Round 8 — sending update…
2026-10-06 14:18:30,115 [INFO] send 13933B via direct in 993ms (0.11 Mbit/s) to 1611cd044cc28a80
2026-10-06 14:18:30,145 [INFO] [client-7] Round 8 done — loss=1.0286 acc=0.4567  5.3s
2026-10-06 14:18:30,147 [INFO] [client-7] Round 9 — receiving model…
2026-10-06 14:18:30,154 [INFO] send 13933B via direct in 875ms (0.13 Mbit/s) to 1611cd044cc28a80
2026-10-06 14:18:30,184 [INFO] [client-3] Round 8 done — loss=1.0466 acc=0.4564  5.4s
2026-10-06 14:18:30,186 [INFO] [client-3] Round 9 — receiving model…
2026-10-06 14:18:30,193 [INFO] recv 13933B via direct in 91ms
2026-10-06 14:18:30,197 [INFO] [client-8] Round 8 — training locally…
2026-10-06 14:18:30,330 [INFO] [client-8] Round 8 — sending update…
2026-10-06 14:18:30,335 [INFO] recv 13933B via direct in 91ms
2026-10-06 14:18:30,338 [INFO] [client-1] Round 8 — training locally…
2026-10-06 14:18:30,456 [INFO] [client-1] Round 8 — sending update…
2026-10-06 14:18:30,459 [INFO] send 13933B via direct in 97ms (1.15 Mbit/s) to 1611cd044cc28a80
2026-10-06 14:18:30,483 [INFO] [client-4] Round 8 done — loss=1.0164 acc=0.4907  4.6s
2026-10-06 14:18:30,484 [INFO] [client-4] Round 9 — receiving model…
2026-10-06 14:18:30,486 [INFO] send 13933B via direct in 389ms (0.29 Mbit/s) to 1611cd044cc28a80
2026-10-06 14:18:30,505 [INFO] [client-5] Round 8 done — loss=0.9822 acc=0.5429  4.7s
2026-10-06 14:18:30,507 [INFO] [client-5] Round 9 — receiving model…
2026-10-06 14:18:30,508 [INFO] send 13933B via direct in 1243ms (0.09 Mbit/s) to 179e0ecc024514b9
2026-10-06 14:18:30,510 [INFO] send 13933B via direct in 1241ms (0.09 Mbit/s) to 3f95fac193002251
2026-10-06 14:18:30,520 [INFO] send 13933B via direct in 60ms (1.85 Mbit/s) to 1611cd044cc28a80
2026-10-06 14:18:30,537 [INFO] [client-1] Round 8 done — loss=1.0594 acc=0.4248  5.7s
2026-10-06 14:18:30,539 [INFO] [client-1] Round 9 — receiving model…
2026-10-06 14:18:31,019 [INFO] send 13933B via direct in 1087ms (0.10 Mbit/s) to 1611cd044cc28a80
2026-10-06 14:18:31,100 [INFO] [client-2] Round 8 done — loss=0.9630 acc=0.5271  5.3s
2026-10-06 14:18:31,101 [INFO] [client-2] Round 9 — receiving model…
2026-10-06 14:18:31,129 [INFO] send 13933B via direct in 1610ms (0.07 Mbit/s) to 1611cd044cc28a80
2026-10-06 14:18:31,167 [INFO] [client-9] Round 8 done — loss=1.0104 acc=0.5260  6.4s
2026-10-06 14:18:31,169 [INFO] [client-9] Round 9 — receiving model…
2026-10-06 14:18:31,172 [INFO] send 13933B via direct in 2214ms (0.05 Mbit/s) to 3028465ccadad7a8
2026-10-06 14:18:31,175 [INFO] send 13933B via direct in 1509ms (0.07 Mbit/s) to 1611cd044cc28a80
2026-10-06 14:18:31,202 [INFO] [client-6] Round 8 done — loss=1.0174 acc=0.4774  2.3s
2026-10-06 14:18:31,203 [INFO] [client-6] Round 9 — receiving model…
2026-10-06 14:18:31,205 [INFO] Round 8 — waiting for 10 updates…
2026-10-06 14:18:31,206 [INFO] recv 13933B via direct in 865ms
2026-10-06 14:18:31,210 [INFO] recv 13933B via direct in 860ms
2026-10-06 14:18:31,213 [INFO] recv 13933B via direct in 90ms
2026-10-06 14:18:31,215 [INFO] recv 13933B via direct in 221ms
2026-10-06 14:18:31,217 [INFO] recv 13933B via direct in 7ms
2026-10-06 14:18:31,219 [INFO] recv 13933B via direct in 60ms
2026-10-06 14:18:31,221 [INFO] recv 13933B via direct in 1031ms
2026-10-06 14:18:31,223 [INFO] recv 13933B via direct in 1074ms
2026-10-06 14:18:31,226 [INFO] [client-0] Round 8 — training locally…
2026-10-06 14:18:31,346 [INFO] [client-0] Round 8 — sending update…
2026-10-06 14:18:31,349 [INFO] recv 13933B via direct in 1078ms
2026-10-06 14:18:31,361 [INFO] send 13933B via direct in 1027ms (0.11 Mbit/s) to 1611cd044cc28a80
2026-10-06 14:18:31,385 [INFO] [client-8] Round 8 done — loss=0.7683 acc=0.7133  6.7s
2026-10-06 14:18:31,386 [INFO] [client-8] Round 9 — receiving model…
2026-10-06 14:18:31,389 [INFO] send 13933B via direct in 13ms (8.90 Mbit/s) to 1611cd044cc28a80
2026-10-06 14:18:31,415 [INFO] [client-0] Round 8 done — loss=1.0509 acc=0.4640  6.7s
2026-10-06 14:18:31,417 [INFO] [client-0] Round 9 — receiving model…
2026-10-06 14:18:31,418 [INFO] recv 13933B via direct in 7ms
2026-10-06 14:18:31,421 [INFO] recv 13933B via direct in 31ms
2026-10-06 14:18:31,449 [INFO] Round 8/20  acc=0.4645  loss=1.0643  2.5s  clients=10
2026-10-06 14:18:31,450 [INFO] Round 9 — sending model to 10 clients…
2026-10-06 14:18:31,486 [INFO] send 13933B via direct in 32ms (3.48 Mbit/s) to 78f9ac8696723e69
2026-10-06 14:18:31,488 [INFO] send 13933B via direct in 24ms (4.74 Mbit/s) to 895bf23ffe0f2096
2026-10-06 14:18:31,489 [INFO] send 13933B via direct in 20ms (5.51 Mbit/s) to 8060b67001b3bcd9
2026-10-06 14:18:31,491 [INFO] recv 13933B via direct in 18ms
2026-10-06 14:18:31,494 [INFO] [client-0] Round 9 — training locally…
2026-10-06 14:18:31,592 [INFO] [client-0] Round 9 — sending update…
2026-10-06 14:18:31,594 [INFO] recv 13933B via direct in 18ms
2026-10-06 14:18:31,600 [INFO] [client-7] Round 9 — training locally…
2026-10-06 14:18:31,725 [INFO] [client-7] Round 9 — sending update…
2026-10-06 14:18:31,727 [INFO] recv 13933B via direct in 18ms
2026-10-06 14:18:31,732 [INFO] [client-4] Round 9 — training locally…
2026-10-06 14:18:31,847 [INFO] [client-4] Round 9 — sending update…
2026-10-06 14:18:31,851 [INFO] recv 13933B via direct in 8ms
2026-10-06 14:18:31,855 [INFO] [client-3] Round 9 — training locally…
2026-10-06 14:18:31,996 [INFO] [client-3] Round 9 — sending update…
2026-10-06 14:18:32,022 [INFO] send 13933B via direct in 545ms (0.21 Mbit/s) to 3028465ccadad7a8
2026-10-06 14:18:32,024 [INFO] send 13933B via direct in 549ms (0.20 Mbit/s) to 5be49aff9880cc2e
2026-10-06 14:18:32,026 [INFO] send 13933B via direct in 537ms (0.21 Mbit/s) to 6217cac2f0ccf2b0
2026-10-06 14:18:32,027 [INFO] recv 13933B via direct in 521ms
2026-10-06 14:18:32,029 [INFO] [client-2] Round 9 — training locally…
2026-10-06 14:18:32,197 [INFO] [client-2] Round 9 — sending update…
2026-10-06 14:18:32,203 [INFO] recv 13933B via direct in 539ms
2026-10-06 14:18:32,208 [INFO] [client-6] Round 9 — training locally…
2026-10-06 14:18:32,354 [INFO] [client-6] Round 9 — sending update…
2026-10-06 14:18:32,358 [INFO] send 13933B via direct in 609ms (0.18 Mbit/s) to 1611cd044cc28a80
2026-10-06 14:18:32,392 [INFO] [client-0] Round 9 done — loss=1.0586 acc=0.4601  1.0s
2026-10-06 14:18:32,393 [INFO] [client-0] Round 10 — receiving model…
2026-10-06 14:18:32,403 [INFO] send 13933B via direct in 630ms (0.18 Mbit/s) to 1611cd044cc28a80
2026-10-06 14:18:32,429 [INFO] [client-7] Round 9 done — loss=1.0264 acc=0.4584  2.3s
2026-10-06 14:18:32,430 [INFO] [client-7] Round 10 — receiving model…
2026-10-06 14:18:32,431 [INFO] send 13933B via direct in 544ms (0.21 Mbit/s) to 1611cd044cc28a80
2026-10-06 14:18:32,449 [INFO] [client-4] Round 9 done — loss=1.0171 acc=0.4907  2.0s
2026-10-06 14:18:32,450 [INFO] [client-4] Round 10 — receiving model…
2026-10-06 14:18:32,459 [INFO] send 13933B via direct in 431ms (0.26 Mbit/s) to 1611cd044cc28a80
2026-10-06 14:18:32,483 [INFO] [client-3] Round 9 done — loss=1.0402 acc=0.4530  2.3s
2026-10-06 14:18:32,484 [INFO] [client-3] Round 10 — receiving model…
2026-10-06 14:18:32,488 [INFO] send 13933B via direct in 259ms (0.43 Mbit/s) to 1611cd044cc28a80
2026-10-06 14:18:32,510 [INFO] [client-2] Round 9 done — loss=0.9570 acc=0.5244  1.4s
2026-10-06 14:18:32,511 [INFO] [client-2] Round 10 — receiving model…
2026-10-06 14:18:32,527 [INFO] send 13933B via direct in 157ms (0.71 Mbit/s) to 1611cd044cc28a80
2026-10-06 14:18:32,549 [INFO] [client-6] Round 9 done — loss=1.0126 acc=0.4885  1.3s
2026-10-06 14:18:32,550 [INFO] [client-6] Round 10 — receiving model…
2026-10-06 14:18:32,554 [INFO] send 13933B via direct in 1093ms (0.10 Mbit/s) to 3f95fac193002251
2026-10-06 14:18:32,558 [INFO] recv 13933B via direct in 41ms
2026-10-06 14:18:32,562 [INFO] [client-8] Round 9 — training locally…
2026-10-06 14:18:32,679 [INFO] [client-8] Round 9 — sending update…
2026-10-06 14:18:32,682 [INFO] recv 13933B via direct in 41ms
2026-10-06 14:18:32,685 [INFO] [client-9] Round 9 — training locally…
2026-10-06 14:18:32,807 [INFO] [client-9] Round 9 — sending update…
2026-10-06 14:18:32,811 [INFO] recv 13933B via direct in 42ms
2026-10-06 14:18:32,815 [INFO] [client-1] Round 9 — training locally…
2026-10-06 14:18:32,961 [INFO] [client-1] Round 9 — sending update…
2026-10-06 14:18:32,966 [WARNING] transfer attempt 1/3 failed (stream not acknowledged: IrohError:  closed by peer: 0) — retrying
2026-10-06 14:18:32,977 [INFO] send 13933B via direct in 1504ms (0.07 Mbit/s) to e3f2eb0ab994b759
2026-10-06 14:18:32,979 [INFO] send 13933B via direct in 297ms (0.38 Mbit/s) to 1611cd044cc28a80
2026-10-06 14:18:33,002 [INFO] [client-8] Round 9 done — loss=0.7715 acc=0.7088  1.6s
2026-10-06 14:18:33,003 [INFO] [client-8] Round 10 — receiving model…
2026-10-06 14:18:33,005 [INFO] send 13933B via direct in 168ms (0.66 Mbit/s) to 1611cd044cc28a80
2026-10-06 14:18:33,023 [INFO] [client-9] Round 9 done — loss=1.0134 acc=0.5176  1.9s
2026-10-06 14:18:33,025 [INFO] [client-9] Round 10 — receiving model…
2026-10-06 14:18:33,527 [INFO] send 13933B via direct in 2073ms (0.05 Mbit/s) to f0eb252241a66cf8
2026-10-06 14:18:33,530 [INFO] recv 13933B via direct in 2060ms
2026-10-06 14:18:33,543 [INFO] [client-5] Round 9 — training locally…
2026-10-06 14:18:33,718 [INFO] [client-5] Round 9 — sending update…
2026-10-06 14:18:33,729 [INFO] send 13933B via direct in 7ms (15.33 Mbit/s) to 1611cd044cc28a80
2026-10-06 14:18:33,747 [INFO] [client-5] Round 9 done — loss=0.9788 acc=0.5488  3.2s
2026-10-06 14:18:33,748 [INFO] [client-5] Round 10 — receiving model…
2026-10-06 14:18:33,984 [INFO] send 13933B via direct in 1020ms (0.11 Mbit/s) to 1611cd044cc28a80
2026-10-06 14:18:34,028 [INFO] [client-1] Round 9 done — loss=1.0577 acc=0.4210  3.5s
2026-10-06 14:18:34,029 [INFO] [client-1] Round 10 — receiving model…
2026-10-06 14:18:34,030 [INFO] recv 13933B via direct in 1ms
2026-10-06 14:18:34,032 [INFO] [client-8] Round 10 — training locally…
2026-10-06 14:18:34,156 [INFO] [client-8] Round 10 — sending update…
2026-10-06 14:18:34,161 [INFO] send 13933B via direct in 2698ms (0.04 Mbit/s) to 179e0ecc024514b9 (attempt 2)
2026-10-06 14:18:34,163 [INFO] Round 9 — waiting for 10 updates…
2026-10-06 14:18:34,164 [INFO] recv 13933B via direct in 395ms
2026-10-06 14:18:34,167 [INFO] recv 13933B via direct in 396ms
2026-10-06 14:18:34,169 [INFO] recv 13933B via direct in 395ms
2026-10-06 14:18:34,172 [INFO] recv 13933B via direct in 426ms
2026-10-06 14:18:34,174 [INFO] recv 13933B via direct in 155ms
2026-10-06 14:18:34,176 [INFO] recv 13933B via direct in 120ms
2026-10-06 14:18:34,178 [INFO] recv 13933B via direct in 58ms
2026-10-06 14:18:34,180 [INFO] recv 13933B via direct in 58ms
2026-10-06 14:18:34,183 [INFO] recv 13933B via direct in 2ms
2026-10-06 14:18:34,185 [INFO] recv 13933B via direct in 1ms
2026-10-06 14:18:34,209 [INFO] Round 9/20  acc=0.4589  loss=1.0649  2.8s  clients=10
2026-10-06 14:18:34,210 [INFO] Round 10 — sending model to 10 clients…
2026-10-06 14:18:34,245 [INFO] send 13933B via direct in 85ms (1.31 Mbit/s) to 1611cd044cc28a80
2026-10-06 14:18:34,269 [INFO] [client-8] Round 10 done — loss=0.7702 acc=0.7126  1.3s
2026-10-06 14:18:34,270 [INFO] [client-8] Round 11 — receiving model…
2026-10-06 14:18:34,273 [INFO] send 13933B via direct in 31ms (3.59 Mbit/s) to f0eb252241a66cf8
2026-10-06 14:18:34,275 [INFO] send 13933B via direct in 29ms (3.83 Mbit/s) to 895bf23ffe0f2096
2026-10-06 14:18:34,276 [INFO] send 13933B via direct in 27ms (4.08 Mbit/s) to e3f2eb0ab994b759
2026-10-06 14:18:34,278 [INFO] send 13933B via direct in 26ms (4.23 Mbit/s) to 6217cac2f0ccf2b0
2026-10-06 14:18:34,281 [INFO] send 13933B via direct in 24ms (4.71 Mbit/s) to 3f95fac193002251
2026-10-06 14:18:34,283 [INFO] recv 13933B via direct in 45ms
2026-10-06 14:18:34,286 [INFO] [client-5] Round 10 — training locally…
2026-10-06 14:18:34,406 [INFO] [client-5] Round 10 — sending update…
2026-10-06 14:18:34,408 [INFO] recv 13933B via direct in 48ms
2026-10-06 14:18:34,414 [INFO] [client-4] Round 10 — training locally…
2026-10-06 14:18:34,571 [INFO] [client-4] Round 10 — sending update…
2026-10-06 14:18:34,575 [INFO] recv 13933B via direct in 50ms
2026-10-06 14:18:34,581 [INFO] [client-9] Round 10 — training locally…
2026-10-06 14:18:34,710 [INFO] [client-9] Round 10 — sending update…
2026-10-06 14:18:34,713 [INFO] recv 13933B via direct in 50ms
2026-10-06 14:18:34,718 [INFO] [client-2] Round 10 — training locally…
2026-10-06 14:18:34,835 [INFO] [client-2] Round 10 — sending update…
2026-10-06 14:18:34,840 [INFO] recv 13933B via direct in 52ms
2026-10-06 14:18:34,844 [INFO] [client-1] Round 10 — training locally…
2026-10-06 14:18:36,139 [INFO] [client-1] Round 10 — sending update…
2026-10-06 14:18:36,154 [INFO] send 13933B via direct in 738ms (0.15 Mbit/s) to 179e0ecc024514b9
2026-10-06 14:18:36,157 [INFO] recv 13933B via direct in 731ms
2026-10-06 14:18:36,160 [INFO] [client-8] Round 11 — training locally…
2026-10-06 14:18:36,349 [INFO] [client-8] Round 11 — sending update…
2026-10-06 14:18:36,360 [INFO] send 13933B via direct in 569ms (0.20 Mbit/s) to 1611cd044cc28a80
2026-10-06 14:18:36,398 [INFO] [client-5] Round 10 done — loss=0.9717 acc=0.5546  1.5s
2026-10-06 14:18:36,399 [INFO] [client-5] Round 11 — receiving model…
2026-10-06 14:18:36,400 [INFO] send 13933B via direct in 403ms (0.28 Mbit/s) to 1611cd044cc28a80
2026-10-06 14:18:36,428 [INFO] [client-4] Round 10 done — loss=1.0156 acc=0.4928  2.8s
2026-10-06 14:18:36,429 [INFO] [client-4] Round 11 — receiving model…
2026-10-06 14:18:36,430 [INFO] send 13933B via direct in 265ms (0.42 Mbit/s) to 1611cd044cc28a80
2026-10-06 14:18:36,454 [INFO] [client-9] Round 10 done — loss=1.0082 acc=0.5242  2.3s
2026-10-06 14:18:36,456 [INFO] [client-9] Round 11 — receiving model…
2026-10-06 14:18:36,460 [INFO] send 13933B via direct in 337ms (0.33 Mbit/s) to 1611cd044cc28a80
2026-10-06 14:18:36,486 [INFO] [client-2] Round 10 done — loss=0.9690 acc=0.5213  2.8s
2026-10-06 14:18:36,487 [INFO] [client-2] Round 11 — receiving model…
2026-10-06 14:18:36,501 [INFO] send 13933B via direct in 1088ms (0.10 Mbit/s) to 78f9ac8696723e69
2026-10-06 14:18:36,503 [INFO] send 13933B via direct in 360ms (0.31 Mbit/s) to 1611cd044cc28a80
2026-10-06 14:18:36,538 [INFO] [client-1] Round 10 done — loss=1.0623 acc=0.4193  1.3s
2026-10-06 14:18:36,539 [INFO] [client-1] Round 11 — receiving model…
2026-10-06 14:18:36,545 [INFO] send 13933B via direct in 1142ms (0.10 Mbit/s) to 3028465ccadad7a8
2026-10-06 14:18:36,549 [INFO] recv 13933B via direct in 52ms
2026-10-06 14:18:36,552 [INFO] [client-7] Round 10 — training locally…
2026-10-06 14:18:36,721 [INFO] [client-7] Round 10 — sending update…
2026-10-06 14:18:36,724 [INFO] send 13933B via direct in 1142ms (0.10 Mbit/s) to 8060b67001b3bcd9
2026-10-06 14:18:36,725 [INFO] send 13933B via direct in 191ms (0.58 Mbit/s) to 1611cd044cc28a80
2026-10-06 14:18:36,756 [INFO] [client-8] Round 11 done — loss=0.7668 acc=0.7081  1.3s
2026-10-06 14:18:36,757 [INFO] [client-8] Round 12 — receiving model…
2026-10-06 14:18:36,760 [INFO] recv 13933B via direct in 58ms
2026-10-06 14:18:36,764 [INFO] [client-0] Round 10 — training locally…
2026-10-06 14:18:36,850 [INFO] [client-0] Round 10 — sending update…
2026-10-06 14:18:36,853 [INFO] recv 13933B via direct in 59ms
2026-10-06 14:18:36,856 [INFO] [client-3] Round 10 — training locally…
2026-10-06 14:18:36,967 [INFO] [client-3] Round 10 — sending update…
2026-10-06 14:18:36,976 [INFO] send 13933B via direct in 253ms (0.44 Mbit/s) to 1611cd044cc28a80
2026-10-06 14:18:37,071 [INFO] [client-7] Round 10 done — loss=1.0280 acc=0.4475  3.5s
2026-10-06 14:18:37,072 [INFO] [client-7] Round 11 — receiving model…
2026-10-06 14:18:37,076 [INFO] send 13933B via direct in 106ms (1.05 Mbit/s) to 1611cd044cc28a80
2026-10-06 14:18:37,094 [INFO] [client-3] Round 10 done — loss=1.0450 acc=0.4512  3.4s
2026-10-06 14:18:37,095 [INFO] [client-3] Round 11 — receiving model…
2026-10-06 14:18:37,432 [INFO] recv 13933B via direct in 19ms
2026-10-06 14:18:37,439 [INFO] [client-6] Round 10 — training locally…
2026-10-06 14:18:37,593 [INFO] [client-6] Round 10 — sending update…
2026-10-06 14:18:37,597 [INFO] send 13933B via direct in 2191ms (0.05 Mbit/s) to 5be49aff9880cc2e
2026-10-06 14:18:37,598 [INFO] Round 10 — waiting for 10 updates…
2026-10-06 14:18:37,599 [INFO] recv 13933B via direct in 46ms
2026-10-06 14:18:37,601 [INFO] recv 13933B via direct in 317ms
2026-10-06 14:18:37,603 [INFO] recv 13933B via direct in 317ms
2026-10-06 14:18:37,606 [INFO] recv 13933B via direct in 317ms
2026-10-06 14:18:37,609 [INFO] recv 13933B via direct in 338ms
2026-10-06 14:18:37,611 [INFO] recv 13933B via direct in 346ms
2026-10-06 14:18:37,612 [INFO] recv 13933B via direct in 58ms
2026-10-06 14:18:37,614 [WARNING] Round 10 — discarding update from unselected/duplicate peer 179e0ecc024514b9
2026-10-06 14:18:37,615 [INFO] recv 13933B via direct in 104ms
2026-10-06 14:18:37,617 [INFO] recv 13933B via direct in 99ms
2026-10-06 14:18:37,877 [INFO] send 13933B via direct in 1022ms (0.11 Mbit/s) to 1611cd044cc28a80
2026-10-06 14:18:37,936 [INFO] [client-0] Round 10 done — loss=1.0483 acc=0.4518  4.4s
2026-10-06 14:18:37,937 [INFO] [client-0] Round 11 — receiving model…
2026-10-06 14:18:37,939 [INFO] recv 13933B via direct in 77ms
2026-10-06 14:18:39,628 [INFO] send 13933B via direct in 2032ms (0.05 Mbit/s) to 1611cd044cc28a80
2026-10-06 14:18:39,669 [INFO] [client-6] Round 10 done — loss=1.0115 acc=0.4934  5.9s
2026-10-06 14:18:39,670 [INFO] [client-6] Round 11 — receiving model…
2026-10-06 14:18:39,671 [INFO] recv 13933B via direct in 29ms
2026-10-06 14:18:39,697 [INFO] Round 10/20  acc=0.4622  loss=1.0645  4.3s  clients=10
2026-10-06 14:18:39,698 [INFO] Round 11 — sending model to 10 clients…
2026-10-06 14:18:39,744 [INFO] send 13933B via direct in 40ms (2.83 Mbit/s) to 3028465ccadad7a8
2026-10-06 14:18:39,747 [INFO] recv 13933B via direct in 24ms
2026-10-06 14:18:39,750 [INFO] [client-0] Round 11 — training locally…
2026-10-06 14:18:39,893 [INFO] [client-0] Round 11 — sending update…
2026-10-06 14:18:39,900 [INFO] send 13933B via direct in 39ms (2.83 Mbit/s) to 5be49aff9880cc2e
2026-10-06 14:18:39,903 [INFO] recv 13933B via direct in 25ms
2026-10-06 14:18:39,908 [INFO] [client-6] Round 11 — training locally…
2026-10-06 14:18:40,057 [INFO] [client-6] Round 11 — sending update…
2026-10-06 14:18:40,060 [INFO] recv 13933B via direct in 25ms
2026-10-06 14:18:40,066 [INFO] [client-8] Round 12 — training locally…
2026-10-06 14:18:40,198 [INFO] [client-8] Round 12 — sending update…
2026-10-06 14:18:40,201 [INFO] send 13933B via direct in 39ms (2.85 Mbit/s) to 179e0ecc024514b9
2026-10-06 14:18:40,202 [INFO] send 13933B via direct in 42ms (2.67 Mbit/s) to 8060b67001b3bcd9
2026-10-06 14:18:40,204 [INFO] recv 13933B via direct in 26ms
2026-10-06 14:18:40,207 [INFO] [client-3] Round 11 — training locally…
2026-10-06 14:18:40,357 [INFO] [client-3] Round 11 — sending update…
2026-10-06 14:18:40,360 [INFO] recv 13933B via direct in 26ms
2026-10-06 14:18:40,364 [INFO] [client-2] Round 11 — training locally…
2026-10-06 14:18:40,473 [INFO] [client-2] Round 11 — sending update…
2026-10-06 14:18:40,476 [INFO] send 13933B via direct in 186ms (0.60 Mbit/s) to 6217cac2f0ccf2b0
2026-10-06 14:18:40,477 [INFO] send 13933B via direct in 185ms (0.60 Mbit/s) to 895bf23ffe0f2096
2026-10-06 14:18:40,479 [INFO] recv 13933B via direct in 159ms
2026-10-06 14:18:40,483 [INFO] [client-4] Round 11 — training locally…
2026-10-06 14:18:40,600 [INFO] [client-4] Round 11 — sending update…
2026-10-06 14:18:40,603 [INFO] send 13933B via direct in 489ms (0.23 Mbit/s) to 3f95fac193002251
2026-10-06 14:18:40,611 [INFO] recv 13933B via direct in 740ms
2026-10-06 14:18:40,614 [INFO] [client-1] Round 11 — training locally…
2026-10-06 14:18:40,758 [INFO] [client-1] Round 11 — sending update…
2026-10-06 14:18:40,775 [INFO] send 13933B via direct in 1050ms (0.11 Mbit/s) to e3f2eb0ab994b759
2026-10-06 14:18:40,781 [INFO] recv 13933B via direct in 12ms
2026-10-06 14:18:40,784 [INFO] [client-9] Round 11 — training locally…
2026-10-06 14:18:40,906 [INFO] [client-9] Round 11 — sending update…
2026-10-06 14:18:40,909 [INFO] send 13933B via direct in 18ms (6.06 Mbit/s) to 1611cd044cc28a80
2026-10-06 14:18:40,940 [INFO] [client-1] Round 11 done — loss=1.0596 acc=0.4217  4.4s
2026-10-06 14:18:40,941 [INFO] [client-1] Round 12 — receiving model…
2026-10-06 14:18:40,947 [INFO] send 13933B via direct in 883ms (0.13 Mbit/s) to 1611cd044cc28a80
2026-10-06 14:18:40,968 [INFO] [client-6] Round 11 done — loss=1.0134 acc=0.4931  1.3s
2026-10-06 14:18:40,969 [INFO] [client-6] Round 12 — receiving model…
2026-10-06 14:18:40,971 [INFO] recv 13933B via direct in 15ms
2026-10-06 14:18:40,976 [INFO] [client-7] Round 11 — training locally…
2026-10-06 14:18:41,200 [INFO] [client-7] Round 11 — sending update…
2026-10-06 14:18:41,215 [INFO] send 13933B via direct in 584ms (0.19 Mbit/s) to 1611cd044cc28a80
2026-10-06 14:18:41,250 [INFO] [client-3] Round 11 done — loss=1.0480 acc=0.4413  4.2s
2026-10-06 14:18:41,252 [INFO] [client-3] Round 12 — receiving model…
2026-10-06 14:18:41,253 [INFO] send 13933B via direct in 469ms (0.24 Mbit/s) to 1611cd044cc28a80
2026-10-06 14:18:41,287 [INFO] [client-2] Round 11 done — loss=0.9621 acc=0.5350  4.8s
2026-10-06 14:18:41,289 [INFO] [client-2] Round 12 — receiving model…
2026-10-06 14:18:41,292 [INFO] send 13933B via direct in 1236ms (0.09 Mbit/s) to 78f9ac8696723e69
2026-10-06 14:18:41,295 [INFO] send 13933B via direct in 344ms (0.33 Mbit/s) to 1611cd044cc28a80
2026-10-06 14:18:41,332 [INFO] [client-4] Round 11 done — loss=1.0209 acc=0.4876  4.9s
2026-10-06 14:18:41,334 [INFO] [client-4] Round 12 — receiving model…
2026-10-06 14:18:41,348 [INFO] send 13933B via direct in 1145ms (0.10 Mbit/s) to 1611cd044cc28a80
2026-10-06 14:18:41,378 [INFO] [client-8] Round 12 done — loss=0.7658 acc=0.7119  4.6s
2026-10-06 14:18:41,379 [INFO] [client-8] Round 13 — receiving model…
2026-10-06 14:18:41,381 [INFO] send 13933B via direct in 142ms (0.79 Mbit/s) to 1611cd044cc28a80
2026-10-06 14:18:41,499 [INFO] [client-7] Round 11 done — loss=1.0279 acc=0.4478  4.4s
2026-10-06 14:18:41,503 [INFO] [client-7] Round 12 — receiving model…
2026-10-06 14:18:41,508 [INFO] send 13933B via direct in 1609ms (0.07 Mbit/s) to 1611cd044cc28a80
2026-10-06 14:18:41,579 [INFO] [client-0] Round 11 done — loss=1.0503 acc=0.4579  3.6s
2026-10-06 14:18:41,580 [INFO] [client-0] Round 12 — receiving model…
2026-10-06 14:18:41,583 [INFO] send 13933B via direct in 597ms (0.19 Mbit/s) to 1611cd044cc28a80
2026-10-06 14:18:41,620 [INFO] [client-9] Round 11 done — loss=1.0123 acc=0.5267  5.2s
2026-10-06 14:18:41,621 [INFO] [client-9] Round 12 — receiving model…
2026-10-06 14:18:41,782 [INFO] send 13933B via direct in 2077ms (0.05 Mbit/s) to f0eb252241a66cf8
2026-10-06 14:18:41,787 [INFO] Round 11 — waiting for 10 updates…
2026-10-06 14:18:41,791 [INFO] recv 13933B via direct in 174ms
2026-10-06 14:18:41,800 [INFO] recv 13933B via direct in 173ms
2026-10-06 14:18:41,807 [INFO] recv 13933B via direct in 174ms
2026-10-06 14:18:41,812 [INFO] recv 13933B via direct in 15ms
2026-10-06 14:18:41,815 [INFO] recv 13933B via direct in 172ms
2026-10-06 14:18:41,817 [INFO] recv 13933B via direct in 397ms
2026-10-06 14:18:41,820 [INFO] recv 13933B via direct in 397ms
2026-10-06 14:18:41,823 [INFO] recv 13933B via direct in 10ms
2026-10-06 14:18:41,827 [INFO] recv 13933B via direct in 12ms
2026-10-06 14:18:41,830 [INFO] recv 13933B via direct in 2061ms
2026-10-06 14:18:41,833 [INFO] [client-5] Round 11 — training locally…
2026-10-06 14:18:41,984 [INFO] [client-5] Round 11 — sending update…
2026-10-06 14:18:41,996 [INFO] send 13933B via direct in 7ms (15.85 Mbit/s) to 1611cd044cc28a80
2026-10-06 14:18:42,021 [INFO] [client-5] Round 11 done — loss=0.9763 acc=0.5515  5.6s
2026-10-06 14:18:42,022 [INFO] [client-5] Round 12 — receiving model…
2026-10-06 14:18:42,024 [INFO] recv 13933B via direct in 1ms
2026-10-06 14:18:42,066 [INFO] Round 11/20  acc=0.4670  loss=1.0596  2.4s  clients=10
2026-10-06 14:18:42,067 [INFO] Round 12 — sending model to 10 clients…
2026-10-06 14:18:42,110 [INFO] send 13933B via direct in 35ms (3.15 Mbit/s) to 8060b67001b3bcd9
2026-10-06 14:18:42,112 [INFO] recv 13933B via direct in 24ms
2026-10-06 14:18:42,116 [INFO] [client-3] Round 12 — training locally…
2026-10-06 14:18:42,262 [INFO] [client-3] Round 12 — sending update…
2026-10-06 14:18:42,266 [INFO] send 13933B via direct in 32ms (3.47 Mbit/s) to 3028465ccadad7a8
2026-10-06 14:18:42,268 [INFO] send 13933B via direct in 35ms (3.18 Mbit/s) to 5be49aff9880cc2e
2026-10-06 14:18:42,269 [INFO] send 13933B via direct in 34ms (3.24 Mbit/s) to e3f2eb0ab994b759
2026-10-06 14:18:42,272 [INFO] send 13933B via direct in 32ms (3.48 Mbit/s) to 6217cac2f0ccf2b0
2026-10-06 14:18:42,273 [INFO] recv 13933B via direct in 5ms
2026-10-06 14:18:42,277 [INFO] [client-4] Round 12 — training locally…
2026-10-06 14:18:42,473 [INFO] [client-4] Round 12 — sending update…
2026-10-06 14:18:42,475 [INFO] recv 13933B via direct in 25ms
2026-10-06 14:18:42,480 [INFO] [client-6] Round 12 — training locally…
2026-10-06 14:18:42,620 [INFO] [client-6] Round 12 — sending update…
2026-10-06 14:18:42,623 [INFO] recv 13933B via direct in 25ms
2026-10-06 14:18:42,625 [INFO] [client-9] Round 12 — training locally…
2026-10-06 14:18:42,764 [INFO] [client-9] Round 12 — sending update…
2026-10-06 14:18:42,768 [INFO] recv 13933B via direct in 13ms
2026-10-06 14:18:42,772 [INFO] [client-2] Round 12 — training locally…
2026-10-06 14:18:42,901 [INFO] [client-2] Round 12 — sending update…
2026-10-06 14:18:42,903 [INFO] recv 13933B via direct in 27ms
2026-10-06 14:18:42,908 [INFO] [client-0] Round 12 — training locally…
2026-10-06 14:18:43,009 [INFO] [client-0] Round 12 — sending update…
2026-10-06 14:18:43,012 [INFO] recv 13933B via direct in 9ms
2026-10-06 14:18:43,017 [INFO] [client-1] Round 12 — training locally…
2026-10-06 14:18:43,149 [INFO] [client-1] Round 12 — sending update…
2026-10-06 14:18:43,153 [INFO] send 13933B via direct in 186ms (0.60 Mbit/s) to 3f95fac193002251
2026-10-06 14:18:43,155 [INFO] send 13933B via direct in 188ms (0.60 Mbit/s) to f0eb252241a66cf8
2026-10-06 14:18:43,156 [INFO] send 13933B via direct in 199ms (0.56 Mbit/s) to 78f9ac8696723e69
2026-10-06 14:18:43,157 [INFO] recv 13933B via direct in 189ms
2026-10-06 14:18:43,160 [INFO] [client-7] Round 12 — training locally…
2026-10-06 14:18:43,295 [INFO] [client-7] Round 12 — sending update…
2026-10-06 14:18:43,305 [INFO] send 13933B via direct in 933ms (0.12 Mbit/s) to 895bf23ffe0f2096
2026-10-06 14:18:43,307 [INFO] recv 13933B via direct in 664ms
2026-10-06 14:18:43,309 [INFO] [client-5] Round 12 — training locally…
2026-10-06 14:18:43,435 [INFO] [client-5] Round 12 — sending update…
2026-10-06 14:18:43,459 [INFO] send 13933B via direct in 554ms (0.20 Mbit/s) to 1611cd044cc28a80
2026-10-06 14:18:43,490 [INFO] [client-2] Round 12 done — loss=0.9633 acc=0.5206  2.2s
2026-10-06 14:18:43,491 [INFO] [client-2] Round 13 — receiving model…
2026-10-06 14:18:43,493 [INFO] send 13933B via direct in 1388ms (0.08 Mbit/s) to 179e0ecc024514b9
2026-10-06 14:18:43,494 [INFO] send 13933B via direct in 304ms (0.37 Mbit/s) to 1611cd044cc28a80
2026-10-06 14:18:43,519 [INFO] [client-1] Round 12 done — loss=1.0589 acc=0.4293  2.6s
2026-10-06 14:18:43,521 [INFO] [client-1] Round 13 — receiving model…
2026-10-06 14:18:43,524 [INFO] send 13933B via direct in 692ms (0.16 Mbit/s) to 1611cd044cc28a80
2026-10-06 14:18:43,549 [INFO] [client-9] Round 12 done — loss=1.0076 acc=0.5274  1.9s
2026-10-06 14:18:43,550 [INFO] [client-9] Round 13 — receiving model…
2026-10-06 14:18:43,551 [INFO] Round 12 — waiting for 10 updates…
2026-10-06 14:18:43,552 [INFO] recv 13933B via direct in 303ms
2026-10-06 14:18:43,557 [INFO] recv 13933B via direct in 156ms
2026-10-06 14:18:43,560 [INFO] recv 13933B via direct in 154ms
2026-10-06 14:18:43,563 [INFO] recv 13933B via direct in 215ms
2026-10-06 14:18:43,565 [INFO] recv 13933B via direct in 216ms
2026-10-06 14:18:43,567 [INFO] [client-8] Round 13 — training locally…
2026-10-06 14:18:43,715 [INFO] [client-8] Round 13 — sending update…
2026-10-06 14:18:43,721 [INFO] send 13933B via direct in 1293ms (0.09 Mbit/s) to 1611cd044cc28a80
2026-10-06 14:18:43,755 [INFO] [client-3] Round 12 done — loss=1.0374 acc=0.4609  2.5s
2026-10-06 14:18:43,756 [INFO] [client-3] Round 13 — receiving model…
2026-10-06 14:18:43,758 [INFO] send 13933B via direct in 260ms (0.43 Mbit/s) to 1611cd044cc28a80
2026-10-06 14:18:43,801 [INFO] [client-7] Round 12 done — loss=1.0314 acc=0.4485  2.3s
2026-10-06 14:18:43,802 [INFO] [client-7] Round 13 — receiving model…
2026-10-06 14:18:43,803 [INFO] send 13933B via direct in 121ms (0.93 Mbit/s) to 1611cd044cc28a80
2026-10-06 14:18:43,842 [INFO] [client-5] Round 12 done — loss=0.9713 acc=0.5529  1.8s
2026-10-06 14:18:43,844 [INFO] [client-5] Round 13 — receiving model…
2026-10-06 14:18:43,845 [INFO] recv 13933B via direct in 105ms
2026-10-06 14:18:43,851 [INFO] recv 13933B via direct in 104ms
2026-10-06 14:18:43,867 [INFO] send 13933B via direct in 1242ms (0.09 Mbit/s) to 1611cd044cc28a80
2026-10-06 14:18:43,901 [INFO] [client-6] Round 12 done — loss=1.0093 acc=0.4962  2.9s
2026-10-06 14:18:43,902 [INFO] [client-6] Round 13 — receiving model…
2026-10-06 14:18:43,903 [INFO] recv 13933B via direct in 8ms
2026-10-06 14:18:43,906 [INFO] send 13933B via direct in 148ms (0.76 Mbit/s) to 1611cd044cc28a80
2026-10-06 14:18:43,928 [INFO] [client-8] Round 13 done — loss=0.7670 acc=0.7119  2.5s
2026-10-06 14:18:43,929 [INFO] [client-8] Round 14 — receiving model…
2026-10-06 14:18:43,930 [INFO] recv 13933B via direct in 6ms
2026-10-06 14:18:44,332 [INFO] send 13933B via direct in 1857ms (0.06 Mbit/s) to 1611cd044cc28a80
2026-10-06 14:18:44,359 [INFO] [client-4] Round 12 done — loss=1.0139 acc=0.4890  3.0s
2026-10-06 14:18:44,360 [INFO] [client-4] Round 13 — receiving model…
2026-10-06 14:18:44,362 [INFO] recv 13933B via direct in 1175ms
2026-10-06 14:18:44,475 [INFO] send 13933B via direct in 1463ms (0.08 Mbit/s) to 1611cd044cc28a80
2026-10-06 14:18:44,527 [INFO] [client-0] Round 12 done — loss=1.0512 acc=0.4622  2.9s
2026-10-06 14:18:44,530 [INFO] [client-0] Round 13 — receiving model…
2026-10-06 14:18:44,532 [INFO] recv 13933B via direct in 1168ms
2026-10-06 14:18:44,567 [INFO] Round 12/20  acc=0.4656  loss=1.0670  2.5s  clients=10
2026-10-06 14:18:44,569 [INFO] Round 13 — sending model to 10 clients…
2026-10-06 14:18:44,602 [INFO] send 13933B via direct in 24ms (4.71 Mbit/s) to 6217cac2f0ccf2b0
2026-10-06 14:18:44,604 [INFO] recv 13933B via direct in 17ms
2026-10-06 14:18:44,607 [INFO] [client-2] Round 13 — training locally…
2026-10-06 14:18:44,807 [INFO] [client-2] Round 13 — sending update…
2026-10-06 14:18:44,810 [INFO] send 13933B via direct in 22ms (5.09 Mbit/s) to 3028465ccadad7a8
2026-10-06 14:18:44,811 [INFO] send 13933B via direct in 26ms (4.29 Mbit/s) to 3f95fac193002251
2026-10-06 14:18:44,813 [INFO] send 13933B via direct in 31ms (3.65 Mbit/s) to 5be49aff9880cc2e
2026-10-06 14:18:44,814 [INFO] recv 13933B via direct in 17ms
2026-10-06 14:18:44,818 [INFO] [client-1] Round 13 — training locally…
2026-10-06 14:18:44,931 [INFO] [client-1] Round 13 — sending update…
2026-10-06 14:18:44,934 [INFO] recv 13933B via direct in 5ms
2026-10-06 14:18:44,937 [INFO] [client-0] Round 13 — training locally…
2026-10-06 14:18:45,059 [INFO] [client-0] Round 13 — sending update…
2026-10-06 14:18:45,061 [INFO] recv 13933B via direct in 2ms
2026-10-06 14:18:45,064 [INFO] [client-3] Round 13 — training locally…
2026-10-06 14:18:45,212 [INFO] [client-3] Round 13 — sending update…
2026-10-06 14:18:45,215 [INFO] recv 13933B via direct in 19ms
2026-10-06 14:18:45,219 [INFO] [client-6] Round 13 — training locally…
2026-10-06 14:18:45,368 [INFO] [client-6] Round 13 — sending update…
2026-10-06 14:18:45,384 [INFO] send 13933B via direct in 797ms (0.14 Mbit/s) to e3f2eb0ab994b759
2026-10-06 14:18:45,386 [INFO] recv 13933B via direct in 791ms
2026-10-06 14:18:45,388 [INFO] [client-9] Round 13 — training locally…
2026-10-06 14:18:45,514 [INFO] [client-9] Round 13 — sending update…
2026-10-06 14:18:45,517 [INFO] recv 13933B via direct in 781ms
2026-10-06 14:18:45,521 [INFO] [client-8] Round 14 — training locally…
2026-10-06 14:18:45,658 [INFO] [client-8] Round 14 — sending update…
2026-10-06 14:18:45,663 [INFO] send 13933B via direct in 791ms (0.14 Mbit/s) to 8060b67001b3bcd9
2026-10-06 14:18:45,667 [INFO] send 13933B via direct in 795ms (0.14 Mbit/s) to 179e0ecc024514b9
2026-10-06 14:18:45,671 [INFO] send 13933B via direct in 857ms (0.13 Mbit/s) to 1611cd044cc28a80
2026-10-06 14:18:45,691 [INFO] [client-2] Round 13 done — loss=0.9620 acc=0.5165  2.2s
2026-10-06 14:18:45,693 [INFO] [client-2] Round 14 — receiving model…
2026-10-06 14:18:45,708 [INFO] send 13933B via direct in 773ms (0.14 Mbit/s) to 1611cd044cc28a80
2026-10-06 14:18:45,728 [INFO] [client-1] Round 13 done — loss=1.0619 acc=0.4141  2.2s
2026-10-06 14:18:45,729 [INFO] [client-1] Round 14 — receiving model…
2026-10-06 14:18:45,730 [INFO] send 13933B via direct in 492ms (0.23 Mbit/s) to 1611cd044cc28a80
2026-10-06 14:18:45,751 [INFO] [client-3] Round 13 done — loss=1.0413 acc=0.4650  2.0s
2026-10-06 14:18:45,753 [INFO] [client-3] Round 14 — receiving model…
2026-10-06 14:18:45,755 [INFO] send 13933B via direct in 335ms (0.33 Mbit/s) to 1611cd044cc28a80
2026-10-06 14:18:45,774 [INFO] [client-6] Round 13 done — loss=1.0095 acc=0.5069  1.9s
2026-10-06 14:18:45,775 [INFO] [client-6] Round 14 — receiving model…
2026-10-06 14:18:45,777 [INFO] send 13933B via direct in 1127ms (0.10 Mbit/s) to f0eb252241a66cf8
2026-10-06 14:18:45,782 [INFO] recv 13933B via direct in 108ms
2026-10-06 14:18:45,787 [INFO] [client-7] Round 13 — training locally…
2026-10-06 14:18:45,908 [INFO] [client-7] Round 13 — sending update…
2026-10-06 14:18:45,910 [INFO] recv 13933B via direct in 108ms
2026-10-06 14:18:45,915 [INFO] [client-4] Round 13 — training locally…
2026-10-06 14:18:46,042 [INFO] [client-4] Round 13 — sending update…
2026-10-06 14:18:46,046 [INFO] send 13933B via direct in 118ms (0.94 Mbit/s) to 1611cd044cc28a80
2026-10-06 14:18:46,068 [INFO] [client-8] Round 14 done — loss=0.7567 acc=0.7143  2.1s
2026-10-06 14:18:46,069 [INFO] [client-8] Round 15 — receiving model…
2026-10-06 14:18:46,070 [INFO] send 13933B via direct in 1206ms (0.09 Mbit/s) to 895bf23ffe0f2096
2026-10-06 14:18:46,071 [INFO] send 13933B via direct in 1208ms (0.09 Mbit/s) to 78f9ac8696723e69
2026-10-06 14:18:46,073 [INFO] send 13933B via direct in 264ms (0.42 Mbit/s) to 1611cd044cc28a80
2026-10-06 14:18:46,091 [INFO] [client-9] Round 13 done — loss=1.0065 acc=0.5249  2.5s
2026-10-06 14:18:46,092 [INFO] [client-9] Round 14 — receiving model…
2026-10-06 14:18:46,095 [INFO] Round 13 — waiting for 10 updates…
2026-10-06 14:18:46,096 [INFO] recv 13933B via direct in 330ms
2026-10-06 14:18:46,099 [INFO] recv 13933B via direct in 327ms
2026-10-06 14:18:46,101 [INFO] recv 13933B via direct in 328ms
2026-10-06 14:18:46,103 [INFO] recv 13933B via direct in 322ms
2026-10-06 14:18:46,105 [INFO] recv 13933B via direct in 108ms
2026-10-06 14:18:46,107 [INFO] recv 13933B via direct in 110ms
2026-10-06 14:18:46,109 [INFO] recv 13933B via direct in 112ms
2026-10-06 14:18:46,111 [INFO] [client-5] Round 13 — training locally…
2026-10-06 14:18:46,224 [INFO] [client-5] Round 13 — sending update…
2026-10-06 14:18:46,257 [INFO] send 13933B via direct in 1196ms (0.09 Mbit/s) to 1611cd044cc28a80
2026-10-06 14:18:46,300 [INFO] [client-0] Round 13 done — loss=1.0515 acc=0.4635  1.8s
2026-10-06 14:18:46,302 [INFO] [client-0] Round 14 — receiving model…
2026-10-06 14:18:46,303 [INFO] recv 13933B via direct in 31ms
2026-10-06 14:18:46,937 [INFO] send 13933B via direct in 1019ms (0.11 Mbit/s) to 1611cd044cc28a80
2026-10-06 14:18:47,009 [INFO] [client-7] Round 13 done — loss=1.0308 acc=0.4468  3.2s
2026-10-06 14:18:47,011 [INFO] [client-7] Round 14 — receiving model…
2026-10-06 14:18:47,013 [INFO] recv 13933B via direct in 85ms
2026-10-06 14:18:47,053 [INFO] recv 13933B via direct in 1ms
2026-10-06 14:18:47,056 [INFO] send 13933B via direct in 1011ms (0.11 Mbit/s) to 1611cd044cc28a80
2026-10-06 14:18:47,092 [INFO] [client-4] Round 13 done — loss=1.0137 acc=0.4952  2.7s
2026-10-06 14:18:47,093 [INFO] [client-4] Round 14 — receiving model…
2026-10-06 14:18:47,255 [INFO] recv 13933B via direct in 1ms
2026-10-06 14:18:47,308 [INFO] Round 13/20  acc=0.4605  loss=1.0700  2.7s  clients=10
2026-10-06 14:18:47,310 [INFO] Round 14 — sending model to 10 clients…
2026-10-06 14:18:47,323 [WARNING] transfer attempt 1/3 failed (stream not acknowledged: IrohError:  closed by peer: 0) — retrying
2026-10-06 14:18:47,338 [INFO] recv 13933B via direct in 12ms
2026-10-06 14:18:47,341 [INFO] [client-8] Round 15 — training locally…
2026-10-06 14:18:47,462 [INFO] [client-8] Round 15 — sending update…
2026-10-06 14:18:47,465 [INFO] recv 13933B via direct in 12ms
2026-10-06 14:18:47,469 [INFO] [client-9] Round 14 — training locally…
2026-10-06 14:18:47,584 [INFO] [client-9] Round 14 — sending update…
2026-10-06 14:18:47,587 [INFO] recv 13933B via direct in 12ms
2026-10-06 14:18:47,591 [INFO] [client-2] Round 14 — training locally…
2026-10-06 14:18:47,708 [INFO] [client-2] Round 14 — sending update…
2026-10-06 14:18:47,718 [INFO] send 13933B via direct in 398ms (0.28 Mbit/s) to 179e0ecc024514b9
2026-10-06 14:18:47,720 [INFO] send 13933B via direct in 389ms (0.29 Mbit/s) to 3f95fac193002251
2026-10-06 14:18:47,722 [INFO] send 13933B via direct in 388ms (0.29 Mbit/s) to f0eb252241a66cf8
2026-10-06 14:18:47,723 [INFO] send 13933B via direct in 391ms (0.29 Mbit/s) to 6217cac2f0ccf2b0
2026-10-06 14:18:47,726 [INFO] recv 13933B via direct in 388ms
2026-10-06 14:18:47,729 [INFO] [client-1] Round 14 — training locally…
2026-10-06 14:18:47,854 [INFO] [client-1] Round 14 — sending update…
2026-10-06 14:18:47,857 [INFO] send 13933B via direct in 393ms (0.28 Mbit/s) to 78f9ac8696723e69
2026-10-06 14:18:47,858 [INFO] send 13933B via direct in 396ms (0.28 Mbit/s) to e3f2eb0ab994b759
2026-10-06 14:18:47,859 [INFO] recv 13933B via direct in 388ms
2026-10-06 14:18:47,862 [INFO] [client-7] Round 14 — training locally…
2026-10-06 14:18:47,984 [INFO] [client-7] Round 14 — sending update…
2026-10-06 14:18:47,993 [INFO] send 13933B via direct in 524ms (0.21 Mbit/s) to 1611cd044cc28a80
2026-10-06 14:18:48,016 [INFO] [client-8] Round 15 done — loss=0.7637 acc=0.7112  1.9s
2026-10-06 14:18:48,017 [INFO] [client-8] Round 16 — receiving model…
2026-10-06 14:18:48,018 [INFO] send 13933B via direct in 402ms (0.28 Mbit/s) to 1611cd044cc28a80
2026-10-06 14:18:48,039 [INFO] [client-9] Round 14 done — loss=1.0093 acc=0.5291  1.9s
2026-10-06 14:18:48,040 [INFO] [client-9] Round 15 — receiving model…
2026-10-06 14:18:48,046 [INFO] send 13933B via direct in 185ms (0.60 Mbit/s) to 1611cd044cc28a80
2026-10-06 14:18:48,073 [INFO] [client-1] Round 14 done — loss=1.0627 acc=0.4141  2.3s
2026-10-06 14:18:48,075 [INFO] [client-1] Round 15 — receiving model…
2026-10-06 14:18:48,242 [INFO] send 13933B via direct in 251ms (0.44 Mbit/s) to 1611cd044cc28a80
2026-10-06 14:18:48,329 [INFO] [client-7] Round 14 done — loss=1.0296 acc=0.4468  1.3s
2026-10-06 14:18:48,331 [INFO] [client-7] Round 15 — receiving model…
2026-10-06 14:18:48,352 [INFO] send 13933B via direct in 1038ms (0.11 Mbit/s) to 5be49aff9880cc2e
2026-10-06 14:18:48,353 [INFO] recv 13933B via direct in 15ms
2026-10-06 14:18:48,356 [INFO] [client-6] Round 14 — training locally…
2026-10-06 14:18:48,500 [INFO] [client-6] Round 14 — sending update…
2026-10-06 14:18:48,503 [INFO] send 13933B via direct in 1033ms (0.11 Mbit/s) to 895bf23ffe0f2096
2026-10-06 14:18:48,505 [INFO] send 13933B via direct in 1031ms (0.11 Mbit/s) to 8060b67001b3bcd9
2026-10-06 14:18:48,506 [INFO] recv 13933B via direct in 15ms
2026-10-06 14:18:48,509 [INFO] [client-4] Round 14 — training locally…
2026-10-06 14:18:48,657 [INFO] [client-4] Round 14 — sending update…
2026-10-06 14:18:48,660 [INFO] recv 13933B via direct in 15ms
2026-10-06 14:18:48,664 [INFO] [client-3] Round 14 — training locally…
2026-10-06 14:18:48,776 [INFO] [client-3] Round 14 — sending update…
2026-10-06 14:18:48,779 [INFO] send 13933B via direct in 2125ms (0.05 Mbit/s) to 1611cd044cc28a80 (attempt 2)
2026-10-06 14:18:48,811 [INFO] [client-5] Round 13 done — loss=0.9651 acc=0.5598  5.0s
2026-10-06 14:18:48,812 [INFO] [client-5] Round 14 — receiving model…
2026-10-06 14:18:48,814 [INFO] recv 13933B via direct in 131ms
2026-10-06 14:18:48,819 [INFO] [client-5] Round 14 — training locally…
2026-10-06 14:18:49,011 [INFO] [client-5] Round 14 — sending update…
2026-10-06 14:18:49,035 [INFO] send 13933B via direct in 1324ms (0.08 Mbit/s) to 1611cd044cc28a80
2026-10-06 14:18:49,056 [INFO] [client-2] Round 14 done — loss=0.9616 acc=0.5261  3.4s
2026-10-06 14:18:49,057 [INFO] [client-2] Round 15 — receiving model…
2026-10-06 14:18:49,060 [INFO] send 13933B via direct in 256ms (0.44 Mbit/s) to 1611cd044cc28a80
2026-10-06 14:18:49,091 [INFO] [client-3] Round 14 done — loss=1.0434 acc=0.4547  3.3s
2026-10-06 14:18:49,093 [INFO] [client-3] Round 15 — receiving model…
2026-10-06 14:18:49,098 [INFO] send 13933B via direct in 593ms (0.19 Mbit/s) to 1611cd044cc28a80
2026-10-06 14:18:49,127 [INFO] [client-6] Round 14 done — loss=1.0143 acc=0.4955  3.4s
2026-10-06 14:18:49,128 [INFO] [client-6] Round 15 — receiving model…
2026-10-06 14:18:49,129 [INFO] send 13933B via direct in 436ms (0.26 Mbit/s) to 1611cd044cc28a80
2026-10-06 14:18:49,160 [INFO] [client-4] Round 14 done — loss=1.0142 acc=0.4976  2.1s
2026-10-06 14:18:49,161 [INFO] [client-4] Round 15 — receiving model…
2026-10-06 14:18:49,382 [INFO] recv 13933B via direct in 1041ms
2026-10-06 14:18:49,396 [INFO] [client-0] Round 14 — training locally…
2026-10-06 14:18:49,543 [INFO] [client-0] Round 14 — sending update…
2026-10-06 14:18:49,547 [INFO] send 13933B via direct in 2063ms (0.05 Mbit/s) to 3028465ccadad7a8
2026-10-06 14:18:49,548 [INFO] Round 14 — waiting for 10 updates…
2026-10-06 14:18:49,549 [INFO] recv 13933B via direct in 279ms
2026-10-06 14:18:49,554 [INFO] recv 13933B via direct in 274ms
2026-10-06 14:18:49,557 [INFO] recv 13933B via direct in 88ms
2026-10-06 14:18:49,561 [INFO] recv 13933B via direct in 195ms
2026-10-06 14:18:49,564 [INFO] recv 13933B via direct in 5ms
2026-10-06 14:18:49,567 [INFO] recv 13933B via direct in 16ms
2026-10-06 14:18:49,569 [INFO] recv 13933B via direct in 40ms
2026-10-06 14:18:49,572 [INFO] recv 13933B via direct in 40ms
2026-10-06 14:18:49,574 [INFO] recv 13933B via direct in 71ms
2026-10-06 14:18:49,580 [INFO] recv 13933B via direct in 3ms
2026-10-06 14:18:49,602 [INFO] Round 14/20  acc=0.4676  loss=1.0604  2.3s  clients=10
2026-10-06 14:18:49,603 [INFO] Round 15 — sending model to 10 clients…
2026-10-06 14:18:49,630 [INFO] send 13933B via direct in 72ms (1.56 Mbit/s) to 1611cd044cc28a80
2026-10-06 14:18:49,659 [INFO] [client-0] Round 14 done — loss=1.0497 acc=0.4562  3.4s
2026-10-06 14:18:49,660 [INFO] [client-0] Round 15 — receiving model…
2026-10-06 14:18:49,668 [INFO] send 13933B via direct in 59ms (1.88 Mbit/s) to 179e0ecc024514b9
2026-10-06 14:18:49,674 [INFO] recv 13933B via direct in 52ms
2026-10-06 14:18:49,676 [INFO] [client-8] Round 16 — training locally…
2026-10-06 14:18:49,797 [INFO] [client-8] Round 16 — sending update…
2026-10-06 14:18:49,800 [INFO] recv 13933B via direct in 52ms
2026-10-06 14:18:49,804 [INFO] [client-4] Round 15 — training locally…
2026-10-06 14:18:49,966 [INFO] [client-4] Round 15 — sending update…
2026-10-06 14:18:49,970 [INFO] recv 13933B via direct in 53ms
2026-10-06 14:18:49,975 [INFO] [client-6] Round 15 — training locally…
2026-10-06 14:18:50,109 [INFO] [client-6] Round 15 — sending update…
2026-10-06 14:18:50,114 [INFO] recv 13933B via direct in 53ms
2026-10-06 14:18:50,117 [INFO] [client-7] Round 15 — training locally…
2026-10-06 14:18:50,248 [INFO] [client-7] Round 15 — sending update…
2026-10-06 14:18:50,251 [INFO] recv 13933B via direct in 10ms
2026-10-06 14:18:50,256 [INFO] [client-0] Round 15 — training locally…
2026-10-06 14:18:50,353 [INFO] [client-0] Round 15 — sending update…
2026-10-06 14:18:50,366 [INFO] send 13933B via direct in 643ms (0.17 Mbit/s) to 895bf23ffe0f2096
2026-10-06 14:18:50,370 [INFO] send 13933B via direct in 639ms (0.17 Mbit/s) to f0eb252241a66cf8
2026-10-06 14:18:50,371 [INFO] send 13933B via direct in 637ms (0.18 Mbit/s) to 5be49aff9880cc2e
2026-10-06 14:18:50,373 [INFO] send 13933B via direct in 635ms (0.18 Mbit/s) to 3028465ccadad7a8
2026-10-06 14:18:50,374 [INFO] send 13933B via direct in 645ms (0.17 Mbit/s) to 3f95fac193002251
2026-10-06 14:18:50,375 [INFO] send 13933B via direct in 636ms (0.18 Mbit/s) to 78f9ac8696723e69
2026-10-06 14:18:50,377 [INFO] recv 13933B via direct in 739ms
2026-10-06 14:18:50,380 [INFO] [client-1] Round 15 — training locally…
2026-10-06 14:18:50,510 [INFO] [client-1] Round 15 — sending update…
2026-10-06 14:18:50,522 [INFO] send 13933B via direct in 716ms (0.16 Mbit/s) to 1611cd044cc28a80
2026-10-06 14:18:50,548 [INFO] [client-8] Round 16 done — loss=0.7671 acc=0.7109  2.5s
2026-10-06 14:18:50,550 [INFO] [client-8] Round 17 — receiving model…
2026-10-06 14:18:50,553 [INFO] send 13933B via direct in 552ms (0.20 Mbit/s) to 1611cd044cc28a80
2026-10-06 14:18:50,572 [INFO] [client-4] Round 15 done — loss=1.0178 acc=0.4914  1.4s
2026-10-06 14:18:50,573 [INFO] [client-4] Round 16 — receiving model…
2026-10-06 14:18:50,575 [INFO] send 13933B via direct in 1504ms (0.07 Mbit/s) to 1611cd044cc28a80
2026-10-06 14:18:50,595 [INFO] [client-5] Round 14 done — loss=0.9749 acc=0.5505  1.8s
2026-10-06 14:18:50,596 [INFO] [client-5] Round 15 — receiving model…
2026-10-06 14:18:50,597 [INFO] recv 13933B via direct in 53ms
2026-10-06 14:18:50,600 [INFO] [client-5] Round 15 — training locally…
2026-10-06 14:18:50,712 [INFO] [client-5] Round 15 — sending update…
2026-10-06 14:18:50,725 [INFO] send 13933B via direct in 361ms (0.31 Mbit/s) to 1611cd044cc28a80
2026-10-06 14:18:50,749 [INFO] [client-0] Round 15 done — loss=1.0532 acc=0.4488  1.1s
2026-10-06 14:18:50,750 [INFO] [client-0] Round 16 — receiving model…
2026-10-06 14:18:50,751 [INFO] send 13933B via direct in 466ms (0.24 Mbit/s) to 1611cd044cc28a80
2026-10-06 14:18:50,782 [INFO] [client-7] Round 15 done — loss=1.0315 acc=0.4437  2.5s
2026-10-06 14:18:50,783 [INFO] [client-7] Round 16 — receiving model…
2026-10-06 14:18:50,797 [INFO] send 13933B via direct in 280ms (0.40 Mbit/s) to 1611cd044cc28a80
2026-10-06 14:18:50,822 [INFO] [client-1] Round 15 done — loss=1.0552 acc=0.4200  2.7s
2026-10-06 14:18:50,823 [INFO] [client-1] Round 16 — receiving model…
2026-10-06 14:18:50,828 [INFO] send 13933B via direct in 110ms (1.02 Mbit/s) to 1611cd044cc28a80
2026-10-06 14:18:50,848 [INFO] [client-5] Round 15 done — loss=0.9706 acc=0.5567  0.3s
2026-10-06 14:18:50,849 [INFO] [client-5] Round 16 — receiving model…
2026-10-06 14:18:50,851 [INFO] send 13933B via direct in 1216ms (0.09 Mbit/s) to e3f2eb0ab994b759
2026-10-06 14:18:50,853 [INFO] send 13933B via direct in 1212ms (0.09 Mbit/s) to 8060b67001b3bcd9
2026-10-06 14:18:50,856 [INFO] recv 13933B via direct in 103ms
2026-10-06 14:18:50,858 [INFO] [client-9] Round 15 — training locally…
2026-10-06 14:18:50,978 [INFO] [client-9] Round 15 — sending update…
2026-10-06 14:18:50,980 [INFO] recv 13933B via direct in 103ms
2026-10-06 14:18:50,984 [INFO] [client-3] Round 15 — training locally…
2026-10-06 14:18:51,116 [INFO] [client-3] Round 15 — sending update…
2026-10-06 14:18:51,131 [INFO] send 13933B via direct in 1015ms (0.11 Mbit/s) to 1611cd044cc28a80
2026-10-06 14:18:51,163 [INFO] [client-6] Round 15 done — loss=1.0135 acc=0.4955  2.0s
2026-10-06 14:18:51,164 [INFO] [client-6] Round 16 — receiving model…
2026-10-06 14:18:51,168 [INFO] send 13933B via direct in 48ms (2.31 Mbit/s) to 1611cd044cc28a80
2026-10-06 14:18:51,197 [INFO] [client-3] Round 15 done — loss=1.0447 acc=0.4499  2.1s
2026-10-06 14:18:51,198 [INFO] [client-3] Round 16 — receiving model…
2026-10-06 14:18:51,200 [INFO] send 13933B via direct in 188ms (0.59 Mbit/s) to 1611cd044cc28a80
2026-10-06 14:18:51,224 [INFO] [client-9] Round 15 done — loss=1.0115 acc=0.5186  3.2s
2026-10-06 14:18:51,225 [INFO] [client-9] Round 16 — receiving model…
2026-10-06 14:18:51,816 [INFO] send 13933B via direct in 2209ms (0.05 Mbit/s) to 6217cac2f0ccf2b0
2026-10-06 14:18:51,819 [INFO] Round 15 — waiting for 10 updates…
2026-10-06 14:18:51,820 [INFO] recv 13933B via direct in 300ms
2026-10-06 14:18:51,824 [INFO] recv 13933B via direct in 195ms
2026-10-06 14:18:51,832 [INFO] recv 13933B via direct in 196ms
2026-10-06 14:18:51,841 [INFO] recv 13933B via direct in 349ms
2026-10-06 14:18:51,856 [INFO] recv 13933B via direct in 209ms
2026-10-06 14:18:51,861 [INFO] recv 13933B via direct in 108ms
2026-10-06 14:18:51,864 [INFO] recv 13933B via direct in 60ms
2026-10-06 14:18:51,869 [WARNING] Round 15 — discarding update from unselected/duplicate peer f0eb252241a66cf8
2026-10-06 14:18:51,871 [INFO] recv 13933B via direct in 47ms
2026-10-06 14:18:51,876 [INFO] recv 13933B via direct in 48ms
2026-10-06 14:18:51,887 [INFO] recv 13933B via direct in 72ms
2026-10-06 14:18:51,894 [INFO] recv 13933B via direct in 1091ms
2026-10-06 14:18:51,900 [INFO] [client-2] Round 15 — training locally…
2026-10-06 14:18:52,072 [INFO] [client-2] Round 15 — sending update…
2026-10-06 14:18:52,086 [INFO] send 13933B via direct in 9ms (11.88 Mbit/s) to 1611cd044cc28a80
2026-10-06 14:18:52,113 [INFO] [client-2] Round 15 done — loss=0.9568 acc=0.5323  3.1s
2026-10-06 14:18:52,114 [INFO] [client-2] Round 16 — receiving model…
2026-10-06 14:18:52,116 [INFO] recv 13933B via direct in 1ms
2026-10-06 14:18:52,150 [INFO] Round 15/20  acc=0.4650  loss=1.0587  2.5s  clients=10
2026-10-06 14:18:52,152 [INFO] Round 16 — sending model to 10 clients…
2026-10-06 14:18:52,193 [INFO] send 13933B via direct in 36ms (3.14 Mbit/s) to 179e0ecc024514b9
2026-10-06 14:18:52,196 [INFO] recv 13933B via direct in 22ms
2026-10-06 14:18:52,199 [INFO] [client-4] Round 16 — training locally…
2026-10-06 14:18:52,331 [INFO] [client-4] Round 16 — sending update…
2026-10-06 14:18:52,334 [INFO] send 13933B via direct in 35ms (3.23 Mbit/s) to 895bf23ffe0f2096
2026-10-06 14:18:52,335 [INFO] send 13933B via direct in 28ms (3.93 Mbit/s) to 8060b67001b3bcd9
2026-10-06 14:18:52,337 [INFO] recv 13933B via direct in 23ms
2026-10-06 14:18:52,339 [INFO] [client-8] Round 17 — training locally…
2026-10-06 14:18:52,464 [INFO] [client-8] Round 17 — sending update…
2026-10-06 14:18:52,469 [INFO] recv 13933B via direct in 24ms
2026-10-06 14:18:52,475 [INFO] [client-3] Round 16 — training locally…
2026-10-06 14:18:52,603 [INFO] [client-3] Round 16 — sending update…
2026-10-06 14:18:52,608 [INFO] recv 13933B via direct in 6ms
2026-10-06 14:18:52,611 [INFO] [client-7] Round 16 — training locally…
2026-10-06 14:18:52,723 [INFO] [client-7] Round 16 — sending update…
2026-10-06 14:18:52,726 [INFO] send 13933B via direct in 30ms (3.69 Mbit/s) to 5be49aff9880cc2e
2026-10-06 14:18:52,732 [INFO] send 13933B via direct in 170ms (0.66 Mbit/s) to 6217cac2f0ccf2b0
2026-10-06 14:18:52,733 [INFO] recv 13933B via direct in 149ms
2026-10-06 14:18:52,736 [INFO] [client-6] Round 16 — training locally…
2026-10-06 14:18:52,883 [INFO] [client-6] Round 16 — sending update…
2026-10-06 14:18:52,892 [INFO] send 13933B via direct in 561ms (0.20 Mbit/s) to 3f95fac193002251
2026-10-06 14:18:52,894 [INFO] send 13933B via direct in 569ms (0.20 Mbit/s) to 78f9ac8696723e69
2026-10-06 14:18:52,895 [INFO] send 13933B via direct in 567ms (0.20 Mbit/s) to f0eb252241a66cf8
2026-10-06 14:18:52,896 [INFO] recv 13933B via direct in 538ms
2026-10-06 14:18:52,899 [INFO] [client-2] Round 16 — training locally…
2026-10-06 14:18:53,093 [INFO] [client-2] Round 16 — sending update…
2026-10-06 14:18:53,108 [INFO] recv 13933B via direct in 543ms
2026-10-06 14:18:53,111 [INFO] [client-1] Round 16 — training locally…
2026-10-06 14:18:53,252 [INFO] [client-1] Round 16 — sending update…
2026-10-06 14:18:53,257 [INFO] recv 13933B via direct in 565ms
2026-10-06 14:18:53,262 [INFO] [client-5] Round 16 — training locally…
2026-10-06 14:18:53,402 [INFO] [client-5] Round 16 — sending update…
2026-10-06 14:18:53,404 [INFO] send 13933B via direct in 728ms (0.15 Mbit/s) to e3f2eb0ab994b759
2026-10-06 14:18:53,406 [INFO] recv 13933B via direct in 722ms
2026-10-06 14:18:53,408 [INFO] [client-9] Round 16 — training locally…
2026-10-06 14:18:53,535 [INFO] [client-9] Round 16 — sending update…
2026-10-06 14:18:53,553 [INFO] send 13933B via direct in 1205ms (0.09 Mbit/s) to 1611cd044cc28a80
2026-10-06 14:18:53,577 [INFO] [client-4] Round 16 done — loss=1.0150 acc=0.4900  3.0s
2026-10-06 14:18:53,578 [INFO] [client-4] Round 17 — receiving model…
2026-10-06 14:18:53,580 [INFO] send 13933B via direct in 1077ms (0.10 Mbit/s) to 1611cd044cc28a80
2026-10-06 14:18:53,607 [INFO] [client-8] Round 17 done — loss=0.7592 acc=0.7095  3.1s
2026-10-06 14:18:53,608 [INFO] [client-8] Round 18 — receiving model…
2026-10-06 14:18:53,613 [INFO] send 13933B via direct in 941ms (0.12 Mbit/s) to 1611cd044cc28a80
2026-10-06 14:18:53,641 [INFO] [client-3] Round 16 done — loss=1.0427 acc=0.4512  2.4s
2026-10-06 14:18:53,642 [INFO] [client-3] Round 17 — receiving model…
2026-10-06 14:18:53,643 [INFO] send 13933B via direct in 823ms (0.14 Mbit/s) to 1611cd044cc28a80
2026-10-06 14:18:53,665 [INFO] [client-7] Round 16 done — loss=1.0297 acc=0.4557  2.9s
2026-10-06 14:18:53,666 [INFO] [client-7] Round 17 — receiving model…
2026-10-06 14:18:53,673 [INFO] send 13933B via direct in 784ms (0.14 Mbit/s) to 1611cd044cc28a80
2026-10-06 14:18:53,695 [INFO] [client-6] Round 16 done — loss=1.0128 acc=0.4965  2.5s
2026-10-06 14:18:53,697 [INFO] [client-6] Round 17 — receiving model…
2026-10-06 14:18:53,699 [INFO] send 13933B via direct in 574ms (0.19 Mbit/s) to 1611cd044cc28a80
2026-10-06 14:18:53,724 [INFO] [client-2] Round 16 done — loss=0.9591 acc=0.5326  1.6s
2026-10-06 14:18:53,725 [INFO] [client-2] Round 17 — receiving model…
2026-10-06 14:18:53,728 [INFO] send 13933B via direct in 1518ms (0.07 Mbit/s) to 3028465ccadad7a8
2026-10-06 14:18:53,731 [INFO] Round 16 — waiting for 10 updates…
2026-10-06 14:18:53,732 [INFO] recv 13933B via direct in 847ms
2026-10-06 14:18:53,735 [INFO] recv 13933B via direct in 726ms
2026-10-06 14:18:53,737 [INFO] recv 13933B via direct in 756ms
2026-10-06 14:18:53,740 [INFO] recv 13933B via direct in 779ms
2026-10-06 14:18:53,742 [INFO] recv 13933B via direct in 292ms
2026-10-06 14:18:53,744 [INFO] recv 13933B via direct in 184ms
2026-10-06 14:18:53,748 [INFO] send 13933B via direct in 327ms (0.34 Mbit/s) to 1611cd044cc28a80
2026-10-06 14:18:53,770 [INFO] [client-5] Round 16 done — loss=0.9721 acc=0.5573  2.9s
2026-10-06 14:18:53,771 [INFO] [client-5] Round 17 — receiving model…
2026-10-06 14:18:53,772 [INFO] recv 13933B via direct in 182ms
2026-10-06 14:18:53,775 [INFO] [client-0] Round 16 — training locally…
2026-10-06 14:18:53,873 [INFO] [client-0] Round 16 — sending update…
2026-10-06 14:18:53,877 [INFO] send 13933B via direct in 194ms (0.57 Mbit/s) to 1611cd044cc28a80
2026-10-06 14:18:53,903 [INFO] [client-9] Round 16 done — loss=1.0076 acc=0.5249  2.7s
2026-10-06 14:18:53,904 [INFO] [client-9] Round 17 — receiving model…
2026-10-06 14:18:53,906 [INFO] recv 13933B via direct in 194ms
2026-10-06 14:18:53,910 [INFO] recv 13933B via direct in 166ms
2026-10-06 14:18:53,918 [INFO] recv 13933B via direct in 4ms
2026-10-06 14:18:53,922 [INFO] send 13933B via direct in 46ms (2.44 Mbit/s) to 1611cd044cc28a80
2026-10-06 14:18:53,947 [INFO] [client-0] Round 16 done — loss=1.0453 acc=0.4670  3.2s
2026-10-06 14:18:53,948 [INFO] [client-0] Round 17 — receiving model…
2026-10-06 14:18:55,310 [INFO] send 13933B via direct in 2050ms (0.05 Mbit/s) to 1611cd044cc28a80
2026-10-06 14:18:55,368 [INFO] [client-1] Round 16 done — loss=1.0598 acc=0.4238  4.5s
2026-10-06 14:18:55,369 [INFO] [client-1] Round 17 — receiving model…
2026-10-06 14:18:55,370 [INFO] recv 13933B via direct in 37ms
2026-10-06 14:18:55,409 [INFO] Round 16/20  acc=0.4628  loss=1.0670  3.3s  clients=10
2026-10-06 14:18:55,411 [INFO] Round 17 — sending model to 10 clients…
2026-10-06 14:18:55,448 [INFO] send 13933B via direct in 35ms (3.21 Mbit/s) to 6217cac2f0ccf2b0
2026-10-06 14:18:55,450 [INFO] recv 13933B via direct in 20ms
2026-10-06 14:18:55,453 [INFO] [client-2] Round 17 — training locally…
2026-10-06 14:18:55,570 [INFO] [client-2] Round 17 — sending update…
2026-10-06 14:18:55,573 [INFO] send 13933B via direct in 34ms (3.26 Mbit/s) to 179e0ecc024514b9
2026-10-06 14:18:55,574 [INFO] send 13933B via direct in 31ms (3.60 Mbit/s) to 5be49aff9880cc2e
2026-10-06 14:18:55,575 [INFO] recv 13933B via direct in 20ms
2026-10-06 14:18:55,578 [INFO] [client-6] Round 17 — training locally…
2026-10-06 14:18:55,697 [INFO] [client-6] Round 17 — sending update…
2026-10-06 14:18:55,700 [INFO] recv 13933B via direct in 9ms
2026-10-06 14:18:55,703 [INFO] [client-4] Round 17 — training locally…
2026-10-06 14:18:55,837 [INFO] [client-4] Round 17 — sending update…
2026-10-06 14:18:55,841 [INFO] send 13933B via direct in 25ms (4.47 Mbit/s) to 8060b67001b3bcd9
2026-10-06 14:18:55,843 [INFO] recv 13933B via direct in 21ms
2026-10-06 14:18:55,845 [INFO] [client-8] Round 18 — training locally…
2026-10-06 14:18:55,978 [INFO] [client-8] Round 18 — sending update…
2026-10-06 14:18:55,984 [INFO] recv 13933B via direct in 145ms
2026-10-06 14:18:55,989 [INFO] [client-9] Round 17 — training locally…
2026-10-06 14:18:56,121 [INFO] [client-9] Round 17 — sending update…
2026-10-06 14:18:56,136 [INFO] recv 13933B via direct in 130ms
2026-10-06 14:18:56,141 [INFO] [client-3] Round 17 — training locally…
2026-10-06 14:18:56,337 [INFO] [client-3] Round 17 — sending update…
2026-10-06 14:18:56,345 [INFO] send 13933B via direct in 560ms (0.20 Mbit/s) to 895bf23ffe0f2096
2026-10-06 14:18:56,347 [INFO] send 13933B via direct in 563ms (0.20 Mbit/s) to e3f2eb0ab994b759
2026-10-06 14:18:56,353 [INFO] recv 13933B via direct in 913ms
2026-10-06 14:18:56,356 [INFO] [client-5] Round 17 — training locally…
2026-10-06 14:18:56,471 [INFO] [client-5] Round 17 — sending update…
2026-10-06 14:18:56,474 [INFO] recv 13933B via direct in 914ms
2026-10-06 14:18:56,478 [INFO] [client-1] Round 17 — training locally…
2026-10-06 14:18:56,590 [INFO] [client-1] Round 17 — sending update…
2026-10-06 14:18:56,593 [INFO] send 13933B via direct in 568ms (0.20 Mbit/s) to 3f95fac193002251
2026-10-06 14:18:56,595 [INFO] send 13933B via direct in 557ms (0.20 Mbit/s) to 3028465ccadad7a8
2026-10-06 14:18:56,596 [INFO] send 13933B via direct in 562ms (0.20 Mbit/s) to f0eb252241a66cf8
2026-10-06 14:18:56,597 [INFO] recv 13933B via direct in 898ms
2026-10-06 14:18:56,601 [INFO] [client-0] Round 17 — training locally…
2026-10-06 14:18:56,699 [INFO] [client-0] Round 17 — sending update…
2026-10-06 14:18:56,719 [INFO] send 13933B via direct in 1137ms (0.10 Mbit/s) to 1611cd044cc28a80
2026-10-06 14:18:56,746 [INFO] [client-2] Round 17 done — loss=0.9609 acc=0.5196  3.0s
2026-10-06 14:18:56,748 [INFO] [client-2] Round 18 — receiving model…
2026-10-06 14:18:56,755 [INFO] send 13933B via direct in 618ms (0.18 Mbit/s) to 1611cd044cc28a80
2026-10-06 14:18:56,778 [INFO] [client-9] Round 17 done — loss=1.0122 acc=0.5186  2.9s
2026-10-06 14:18:56,779 [INFO] [client-9] Round 18 — receiving model…
2026-10-06 14:18:56,782 [INFO] send 13933B via direct in 52ms (2.16 Mbit/s) to 1611cd044cc28a80
2026-10-06 14:18:56,884 [INFO] [client-0] Round 17 done — loss=1.0486 acc=0.4566  2.9s
2026-10-06 14:18:56,885 [INFO] [client-0] Round 18 — receiving model…
2026-10-06 14:18:56,887 [INFO] recv 13933B via direct in 72ms
2026-10-06 14:18:56,891 [INFO] [client-7] Round 17 — training locally…
2026-10-06 14:18:57,004 [INFO] [client-7] Round 17 — sending update…
2026-10-06 14:18:57,008 [INFO] send 13933B via direct in 413ms (0.27 Mbit/s) to 1611cd044cc28a80
2026-10-06 14:18:57,033 [INFO] [client-5] Round 17 done — loss=0.9726 acc=0.5488  3.3s
2026-10-06 14:18:57,034 [INFO] [client-5] Round 18 — receiving model…
2026-10-06 14:18:57,035 [INFO] send 13933B via direct in 1188ms (0.09 Mbit/s) to 1611cd044cc28a80
2026-10-06 14:18:57,061 [INFO] [client-6] Round 17 done — loss=1.0090 acc=0.4927  3.4s
2026-10-06 14:18:57,062 [INFO] [client-6] Round 18 — receiving model…
2026-10-06 14:18:57,069 [INFO] send 13933B via direct in 415ms (0.27 Mbit/s) to 1611cd044cc28a80
2026-10-06 14:18:57,090 [INFO] [client-1] Round 17 done — loss=1.0598 acc=0.4152  1.7s
2026-10-06 14:18:57,091 [INFO] [client-1] Round 18 — receiving model…
2026-10-06 14:18:57,092 [INFO] send 13933B via direct in 1585ms (0.07 Mbit/s) to 78f9ac8696723e69
2026-10-06 14:18:57,093 [INFO] Round 17 — waiting for 10 updates…
2026-10-06 14:18:57,093 [INFO] recv 13933B via direct in 732ms
2026-10-06 14:18:57,097 [INFO] recv 13933B via direct in 403ms
2026-10-06 14:18:57,099 [INFO] recv 13933B via direct in 72ms
2026-10-06 14:18:57,101 [INFO] recv 13933B via direct in 73ms
2026-10-06 14:18:57,103 [INFO] recv 13933B via direct in 168ms
2026-10-06 14:18:57,105 [INFO] recv 13933B via direct in 73ms
2026-10-06 14:18:57,110 [INFO] send 13933B via direct in 1269ms (0.09 Mbit/s) to 1611cd044cc28a80
2026-10-06 14:18:57,128 [INFO] [client-4] Round 17 done — loss=1.0118 acc=0.5062  3.5s
2026-10-06 14:18:57,129 [INFO] [client-4] Round 18 — receiving model…
2026-10-06 14:18:57,130 [INFO] recv 13933B via direct in 102ms
2026-10-06 14:18:57,384 [INFO] send 13933B via direct in 375ms (0.30 Mbit/s) to 1611cd044cc28a80
2026-10-06 14:18:57,446 [INFO] [client-7] Round 17 done — loss=1.0268 acc=0.4571  3.8s
2026-10-06 14:18:57,447 [INFO] [client-7] Round 18 — receiving model…
2026-10-06 14:18:57,448 [INFO] recv 13933B via direct in 288ms
2026-10-06 14:18:57,739 [INFO] recv 13933B via direct in 1139ms
2026-10-06 14:18:57,745 [INFO] send 13933B via direct in 1404ms (0.08 Mbit/s) to 1611cd044cc28a80
2026-10-06 14:18:57,796 [INFO] [client-3] Round 17 done — loss=1.0385 acc=0.4574  4.2s
2026-10-06 14:18:57,797 [INFO] [client-3] Round 18 — receiving model…
2026-10-06 14:19:03,528 [INFO] send 13933B via direct in 7546ms (0.01 Mbit/s) to 1611cd044cc28a80
2026-10-06 14:19:03,576 [INFO] [client-8] Round 18 done — loss=0.7625 acc=0.7084  10.0s
2026-10-06 14:19:03,577 [INFO] [client-8] Round 19 — receiving model…
2026-10-06 14:19:03,579 [INFO] recv 13933B via direct in 7178ms
2026-10-06 14:19:03,604 [INFO] Round 17/20  acc=0.4687  loss=1.0611  8.2s  clients=10
2026-10-06 14:19:03,605 [INFO] Round 18 — sending model to 10 clients…
2026-10-06 14:19:03,634 [INFO] send 13933B via direct in 26ms (4.37 Mbit/s) to 895bf23ffe0f2096
2026-10-06 14:19:03,636 [INFO] send 13933B via direct in 16ms (7.15 Mbit/s) to 3028465ccadad7a8
2026-10-06 14:19:03,638 [INFO] recv 13933B via direct in 11ms
2026-10-06 14:19:03,640 [INFO] [client-4] Round 18 — training locally…
2026-10-06 14:19:03,766 [INFO] [client-4] Round 18 — sending update…
2026-10-06 14:19:03,770 [INFO] recv 13933B via direct in 11ms
2026-10-06 14:19:03,775 [INFO] [client-1] Round 18 — training locally…
2026-10-06 14:19:03,889 [INFO] [client-1] Round 18 — sending update…
2026-10-06 14:19:03,891 [INFO] recv 13933B via direct in 11ms
2026-10-06 14:19:03,896 [INFO] [client-3] Round 18 — training locally…
2026-10-06 14:19:04,006 [INFO] [client-3] Round 18 — sending update…
2026-10-06 14:19:04,009 [INFO] recv 13933B via direct in 11ms
2026-10-06 14:19:04,013 [INFO] [client-0] Round 18 — training locally…
2026-10-06 14:19:04,107 [INFO] [client-0] Round 18 — sending update…
2026-10-06 14:19:04,110 [INFO] send 13933B via direct in 24ms (4.58 Mbit/s) to 3f95fac193002251
2026-10-06 14:19:04,119 [INFO] send 13933B via direct in 20ms (5.54 Mbit/s) to 8060b67001b3bcd9
2026-10-06 14:19:04,120 [INFO] send 13933B via direct in 494ms (0.23 Mbit/s) to e3f2eb0ab994b759
2026-10-06 14:19:04,122 [INFO] recv 13933B via direct in 488ms
2026-10-06 14:19:04,124 [INFO] [client-9] Round 18 — training locally…
2026-10-06 14:19:04,234 [INFO] [client-9] Round 18 — sending update…
2026-10-06 14:19:04,248 [INFO] send 13933B via direct in 11ms (10.04 Mbit/s) to 1611cd044cc28a80
2026-10-06 14:19:04,267 [INFO] [client-9] Round 18 done — loss=1.0106 acc=0.5263  7.5s
2026-10-06 14:19:04,268 [INFO] [client-9] Round 19 — receiving model…
2026-10-06 14:19:04,270 [INFO] send 13933B via direct in 479ms (0.23 Mbit/s) to 1611cd044cc28a80
2026-10-06 14:19:04,295 [INFO] [client-4] Round 18 done — loss=1.0080 acc=0.4993  7.2s
2026-10-06 14:19:04,296 [INFO] [client-4] Round 19 — receiving model…
2026-10-06 14:19:04,298 [INFO] send 13933B via direct in 357ms (0.31 Mbit/s) to 1611cd044cc28a80
2026-10-06 14:19:04,320 [INFO] [client-1] Round 18 done — loss=1.0564 acc=0.4265  7.2s
2026-10-06 14:19:04,321 [INFO] [client-1] Round 19 — receiving model…
2026-10-06 14:19:04,323 [INFO] send 13933B via direct in 260ms (0.43 Mbit/s) to 1611cd044cc28a80
2026-10-06 14:19:04,343 [INFO] [client-3] Round 18 done — loss=1.0439 acc=0.4547  6.5s
2026-10-06 14:19:04,345 [INFO] [client-3] Round 19 — receiving model…
2026-10-06 14:19:04,347 [INFO] send 13933B via direct in 214ms (0.52 Mbit/s) to 1611cd044cc28a80
2026-10-06 14:19:04,370 [INFO] [client-0] Round 18 done — loss=1.0522 acc=0.4562  7.5s
2026-10-06 14:19:04,371 [INFO] [client-0] Round 19 — receiving model…
2026-10-06 14:19:04,643 [INFO] send 13933B via direct in 1022ms (0.11 Mbit/s) to 6217cac2f0ccf2b0
2026-10-06 14:19:04,646 [INFO] send 13933B via direct in 1028ms (0.11 Mbit/s) to f0eb252241a66cf8
2026-10-06 14:19:04,648 [INFO] recv 13933B via direct in 6ms
2026-10-06 14:19:04,651 [INFO] [client-2] Round 18 — training locally…
2026-10-06 14:19:04,821 [INFO] [client-2] Round 18 — sending update…
2026-10-06 14:19:04,825 [INFO] recv 13933B via direct in 3ms
2026-10-06 14:19:04,830 [INFO] [client-5] Round 18 — training locally…
2026-10-06 14:19:04,953 [INFO] [client-5] Round 18 — sending update…
2026-10-06 14:19:04,958 [INFO] send 13933B via direct in 1213ms (0.09 Mbit/s) to 78f9ac8696723e69
2026-10-06 14:19:04,964 [INFO] recv 13933B via direct in 327ms
2026-10-06 14:19:04,967 [INFO] [client-7] Round 18 — training locally…
2026-10-06 14:19:05,120 [INFO] [client-7] Round 18 — sending update…
2026-10-06 14:19:05,130 [INFO] send 13933B via direct in 303ms (0.37 Mbit/s) to 1611cd044cc28a80
2026-10-06 14:19:05,149 [INFO] [client-2] Round 18 done — loss=0.9535 acc=0.5271  8.4s
2026-10-06 14:19:05,150 [INFO] [client-2] Round 19 — receiving model…
2026-10-06 14:19:05,152 [INFO] send 13933B via direct in 173ms (0.65 Mbit/s) to 1611cd044cc28a80
2026-10-06 14:19:05,172 [INFO] [client-5] Round 18 done — loss=0.9651 acc=0.5666  8.1s
2026-10-06 14:19:05,174 [INFO] [client-5] Round 19 — receiving model…
2026-10-06 14:19:05,178 [INFO] send 13933B via direct in 55ms (2.04 Mbit/s) to 1611cd044cc28a80
2026-10-06 14:19:05,197 [INFO] [client-7] Round 18 done — loss=1.0284 acc=0.4348  7.8s
2026-10-06 14:19:05,198 [INFO] [client-7] Round 19 — receiving model…
2026-10-06 14:19:06,619 [INFO] send 13933B via direct in 3009ms (0.04 Mbit/s) to 179e0ecc024514b9
2026-10-06 14:19:06,621 [INFO] recv 13933B via direct in 3ms
2026-10-06 14:19:06,624 [INFO] [client-8] Round 19 — training locally…
2026-10-06 14:19:06,782 [INFO] [client-8] Round 19 — sending update…
2026-10-06 14:19:06,788 [INFO] send 13933B via direct in 3167ms (0.04 Mbit/s) to 5be49aff9880cc2e
2026-10-06 14:19:06,789 [INFO] Round 18 — waiting for 10 updates…
2026-10-06 14:19:06,790 [INFO] recv 13933B via direct in 130ms
2026-10-06 14:19:06,793 [INFO] recv 13933B via direct in 131ms
2026-10-06 14:19:06,796 [INFO] recv 13933B via direct in 133ms
2026-10-06 14:19:06,798 [INFO] recv 13933B via direct in 10ms
2026-10-06 14:19:06,799 [INFO] recv 13933B via direct in 56ms
2026-10-06 14:19:06,802 [INFO] recv 13933B via direct in 191ms
2026-10-06 14:19:06,804 [INFO] recv 13933B via direct in 211ms
2026-10-06 14:19:06,807 [INFO] recv 13933B via direct in 49ms
2026-10-06 14:19:06,810 [INFO] recv 13933B via direct in 1ms
2026-10-06 14:19:06,812 [INFO] [client-6] Round 18 — training locally…
2026-10-06 14:19:06,930 [INFO] [client-6] Round 18 — sending update…
2026-10-06 14:19:06,943 [INFO] send 13933B via direct in 8ms (13.25 Mbit/s) to 1611cd044cc28a80
2026-10-06 14:19:06,966 [INFO] [client-6] Round 18 done — loss=1.0091 acc=0.4979  9.9s
2026-10-06 14:19:06,967 [INFO] [client-6] Round 19 — receiving model…
2026-10-06 14:19:06,968 [INFO] recv 13933B via direct in 133ms
2026-10-06 14:19:06,971 [INFO] recv 13933B via direct in 27ms
2026-10-06 14:19:06,995 [INFO] Round 18/20  acc=0.4603  loss=1.0721  3.4s  clients=10
2026-10-06 14:19:06,996 [INFO] Round 19 — sending model to 10 clients…
2026-10-06 14:19:07,011 [INFO] send 13933B via direct in 213ms (0.52 Mbit/s) to 1611cd044cc28a80
2026-10-06 14:19:07,037 [INFO] [client-8] Round 19 done — loss=0.7757 acc=0.7091  3.5s
2026-10-06 14:19:07,039 [INFO] [client-8] Round 20 — receiving model…
2026-10-06 14:19:07,062 [INFO] recv 13933B via direct in 20ms
2026-10-06 14:19:07,065 [INFO] [client-8] Round 20 — training locally…
2026-10-06 14:19:07,183 [INFO] [client-8] Round 20 — sending update…
2026-10-06 14:19:07,185 [INFO] recv 13933B via direct in 20ms
2026-10-06 14:19:07,189 [INFO] [client-6] Round 19 — training locally…
2026-10-06 14:19:07,351 [INFO] [client-6] Round 19 — sending update…
2026-10-06 14:19:07,355 [INFO] recv 13933B via direct in 21ms
2026-10-06 14:19:07,357 [INFO] [client-2] Round 19 — training locally…
2026-10-06 14:19:07,693 [INFO] [client-2] Round 19 — sending update…
2026-10-06 14:19:07,699 [INFO] recv 13933B via direct in 20ms
2026-10-06 14:19:07,704 [INFO] [client-5] Round 19 — training locally…
2026-10-06 14:19:07,831 [INFO] [client-5] Round 19 — sending update…
2026-10-06 14:19:07,833 [INFO] recv 13933B via direct in 21ms
2026-10-06 14:19:07,837 [INFO] [client-9] Round 19 — training locally…
2026-10-06 14:19:07,984 [INFO] [client-9] Round 19 — sending update…
2026-10-06 14:19:08,001 [INFO] recv 13933B via direct in 6ms
2026-10-06 14:19:08,006 [INFO] [client-7] Round 19 — training locally…
2026-10-06 14:19:08,186 [INFO] [client-7] Round 19 — sending update…
2026-10-06 14:19:08,194 [INFO] send 13933B via direct in 997ms (0.11 Mbit/s) to 179e0ecc024514b9
2026-10-06 14:19:08,196 [INFO] send 13933B via direct in 996ms (0.11 Mbit/s) to 5be49aff9880cc2e
2026-10-06 14:19:08,201 [INFO] send 13933B via direct in 995ms (0.11 Mbit/s) to 895bf23ffe0f2096
2026-10-06 14:19:08,202 [INFO] send 13933B via direct in 994ms (0.11 Mbit/s) to f0eb252241a66cf8
2026-10-06 14:19:08,209 [INFO] send 13933B via direct in 993ms (0.11 Mbit/s) to e3f2eb0ab994b759
2026-10-06 14:19:08,211 [INFO] send 13933B via direct in 990ms (0.11 Mbit/s) to 78f9ac8696723e69
2026-10-06 14:19:08,212 [INFO] send 13933B via direct in 997ms (0.11 Mbit/s) to 6217cac2f0ccf2b0
2026-10-06 14:19:08,218 [INFO] send 13933B via direct in 1195ms (0.09 Mbit/s) to 3028465ccadad7a8
2026-10-06 14:19:08,219 [INFO] recv 13933B via direct in 1167ms
2026-10-06 14:19:08,222 [INFO] [client-4] Round 19 — training locally…
2026-10-06 14:19:08,371 [INFO] [client-4] Round 19 — sending update…
2026-10-06 14:19:08,377 [INFO] send 13933B via direct in 521ms (0.21 Mbit/s) to 1611cd044cc28a80
2026-10-06 14:19:09,483 [INFO] [client-2] Round 19 done — loss=0.9510 acc=0.5371  3.2s
2026-10-06 14:19:09,484 [INFO] [client-2] Round 20 — receiving model…
2026-10-06 14:19:09,493 [INFO] send 13933B via direct in 379ms (0.29 Mbit/s) to 1611cd044cc28a80
2026-10-06 14:19:09,519 [INFO] [client-9] Round 19 done — loss=1.0146 acc=0.5176  4.2s
2026-10-06 14:19:09,520 [INFO] [client-9] Round 20 — receiving model…
2026-10-06 14:19:09,522 [INFO] send 13933B via direct in 214ms (0.52 Mbit/s) to 1611cd044cc28a80
2026-10-06 14:19:09,553 [INFO] [client-7] Round 19 done — loss=1.0276 acc=0.4540  3.3s
2026-10-06 14:19:09,554 [INFO] [client-7] Round 20 — receiving model…
2026-10-06 14:19:09,555 [INFO] recv 13933B via direct in 173ms
2026-10-06 14:19:09,559 [INFO] [client-0] Round 19 — training locally…
2026-10-06 14:19:09,707 [INFO] [client-0] Round 19 — sending update…
2026-10-06 14:19:09,711 [INFO] send 13933B via direct in 1218ms (0.09 Mbit/s) to 1611cd044cc28a80
2026-10-06 14:19:09,737 [INFO] [client-8] Round 20 done — loss=0.7641 acc=0.7133  1.6s
2026-10-06 14:19:09,738 [INFO] send 13933B via direct in 1394ms (0.08 Mbit/s) to 3f95fac193002251
2026-10-06 14:19:09,741 [INFO] recv 13933B via direct in 201ms
2026-10-06 14:19:09,745 [INFO] [client-1] Round 19 — training locally…
2026-10-06 14:19:09,879 [INFO] [client-1] Round 19 — sending update…
2026-10-06 14:19:09,889 [INFO] send 13933B via direct in 1449ms (0.08 Mbit/s) to 1611cd044cc28a80
2026-10-06 14:19:09,916 [INFO] [client-6] Round 19 done — loss=1.0093 acc=0.4948  1.9s
2026-10-06 14:19:09,917 [INFO] [client-6] Round 20 — receiving model…
2026-10-06 14:19:09,919 [INFO] send 13933B via direct in 178ms (0.63 Mbit/s) to 1611cd044cc28a80
2026-10-06 14:19:09,944 [INFO] [client-0] Round 19 done — loss=1.0536 acc=0.4510  4.5s
2026-10-06 14:19:09,945 [INFO] [client-0] Round 20 — receiving model…
2026-10-06 14:19:10,317 [INFO] send 13933B via direct in 1400ms (0.08 Mbit/s) to 1611cd044cc28a80
2026-10-06 14:19:10,370 [INFO] [client-5] Round 19 done — loss=0.9635 acc=0.5611  4.1s
2026-10-06 14:19:10,371 [INFO] [client-5] Round 20 — receiving model…
2026-10-06 14:19:10,474 [INFO] send 13933B via direct in 1014ms (0.11 Mbit/s) to 1611cd044cc28a80
2026-10-06 14:19:10,535 [INFO] [client-4] Round 19 done — loss=1.0160 acc=0.4931  5.2s
2026-10-06 14:19:10,536 [INFO] [client-4] Round 20 — receiving model…
2026-10-06 14:19:10,925 [INFO] send 13933B via direct in 1038ms (0.11 Mbit/s) to 1611cd044cc28a80
2026-10-06 14:19:11,012 [INFO] [client-1] Round 19 done — loss=1.0578 acc=0.4227  5.6s
2026-10-06 14:19:11,013 [INFO] [client-1] Round 20 — receiving model…
2026-10-06 14:19:12,376 [INFO] send 13933B via direct in 4288ms (0.03 Mbit/s) to 8060b67001b3bcd9
2026-10-06 14:19:12,378 [INFO] Round 19 — waiting for 10 updates…
2026-10-06 14:19:12,379 [INFO] recv 13933B via direct in 375ms
2026-10-06 14:19:12,384 [INFO] recv 13933B via direct in 212ms
2026-10-06 14:19:12,387 [INFO] recv 13933B via direct in 202ms
2026-10-06 14:19:12,391 [INFO] recv 13933B via direct in 256ms
2026-10-06 14:19:12,394 [INFO] recv 13933B via direct in 400ms
2026-10-06 14:19:12,399 [INFO] recv 13933B via direct in 63ms
2026-10-06 14:19:12,403 [INFO] recv 13933B via direct in 1041ms
2026-10-06 14:19:12,407 [INFO] recv 13933B via direct in 6ms
2026-10-06 14:19:12,414 [INFO] recv 13933B via direct in 31ms
2026-10-06 14:19:12,418 [INFO] recv 13933B via direct in 3084ms
2026-10-06 14:19:12,423 [INFO] [client-3] Round 19 — training locally…
2026-10-06 14:19:12,589 [INFO] [client-3] Round 19 — sending update…
2026-10-06 14:19:12,602 [INFO] send 13933B via direct in 9ms (12.95 Mbit/s) to 1611cd044cc28a80
2026-10-06 14:19:12,637 [INFO] [client-3] Round 19 done — loss=1.0459 acc=0.4454  7.2s
2026-10-06 14:19:12,638 [INFO] [client-3] Round 20 — receiving model…
2026-10-06 14:19:12,639 [INFO] recv 13933B via direct in 5ms
2026-10-06 14:19:12,673 [INFO] Round 19/20  acc=0.4645  loss=1.0632  4.6s  clients=10
2026-10-06 14:19:12,674 [INFO] Round 20 — sending model to 10 clients…
2026-10-06 14:19:12,712 [INFO] send 13933B via direct in 29ms (3.92 Mbit/s) to 179e0ecc024514b9
2026-10-06 14:19:12,715 [INFO] send 13933B via direct in 27ms (4.09 Mbit/s) to 78f9ac8696723e69
2026-10-06 14:19:12,716 [INFO] send 13933B via direct in 27ms (4.17 Mbit/s) to 3f95fac193002251
2026-10-06 14:19:12,718 [INFO] send 13933B via direct in 26ms (4.28 Mbit/s) to 895bf23ffe0f2096
2026-10-06 14:19:12,719 [INFO] send 13933B via direct in 36ms (3.14 Mbit/s) to f0eb252241a66cf8
2026-10-06 14:19:12,721 [INFO] send 13933B via direct in 28ms (3.94 Mbit/s) to 8060b67001b3bcd9
2026-10-06 14:19:12,723 [INFO] recv 13933B via direct in 5ms
2026-10-06 14:19:12,727 [INFO] [client-1] Round 20 — training locally…
2026-10-06 14:19:12,866 [INFO] [client-1] Round 20 — sending update…
2026-10-06 14:19:12,869 [INFO] recv 13933B via direct in 7ms
2026-10-06 14:19:12,873 [INFO] [client-4] Round 20 — training locally…
2026-10-06 14:19:12,997 [INFO] [client-4] Round 20 — sending update…
2026-10-06 14:19:12,999 [INFO] recv 13933B via direct in 26ms
2026-10-06 14:19:13,004 [INFO] [client-5] Round 20 — training locally…
2026-10-06 14:19:13,125 [INFO] [client-5] Round 20 — sending update…
2026-10-06 14:19:13,129 [INFO] recv 13933B via direct in 15ms
2026-10-06 14:19:13,135 [INFO] [client-7] Round 20 — training locally…
2026-10-06 14:19:13,249 [INFO] [client-7] Round 20 — sending update…
2026-10-06 14:19:13,254 [INFO] recv 13933B via direct in 9ms
2026-10-06 14:19:13,257 [INFO] [client-3] Round 20 — training locally…
2026-10-06 14:19:13,408 [INFO] [client-3] Round 20 — sending update…
2026-10-06 14:19:13,424 [INFO] recv 13933B via direct in 542ms
2026-10-06 14:19:13,427 [INFO] [client-6] Round 20 — training locally…
2026-10-06 14:19:13,545 [INFO] [client-6] Round 20 — sending update…
2026-10-06 14:19:13,548 [INFO] send 13933B via direct in 724ms (0.15 Mbit/s) to 5be49aff9880cc2e
2026-10-06 14:19:13,549 [INFO] send 13933B via direct in 734ms (0.15 Mbit/s) to e3f2eb0ab994b759
2026-10-06 14:19:13,556 [INFO] recv 13933B via direct in 724ms
2026-10-06 14:19:13,559 [INFO] [client-9] Round 20 — training locally…
2026-10-06 14:19:13,670 [INFO] [client-9] Round 20 — sending update…
2026-10-06 14:19:13,682 [INFO] send 13933B via direct in 805ms (0.14 Mbit/s) to 1611cd044cc28a80
2026-10-06 14:19:13,704 [INFO] [client-1] Round 20 done — loss=1.0581 acc=0.4299  2.7s
2026-10-06 14:19:13,711 [INFO] send 13933B via direct in 682ms (0.16 Mbit/s) to 1611cd044cc28a80
2026-10-06 14:19:13,730 [INFO] [client-4] Round 20 done — loss=1.0107 acc=0.4969  3.2s
2026-10-06 14:19:13,738 [INFO] send 13933B via direct in 163ms (0.68 Mbit/s) to 1611cd044cc28a80
2026-10-06 14:19:13,769 [INFO] [client-6] Round 20 done — loss=1.0155 acc=0.4969  3.9s
2026-10-06 14:19:13,772 [INFO] send 13933B via direct in 1053ms (0.11 Mbit/s) to 6217cac2f0ccf2b0
2026-10-06 14:19:13,773 [INFO] send 13933B via direct in 481ms (0.23 Mbit/s) to 1611cd044cc28a80
2026-10-06 14:19:13,801 [INFO] [client-7] Round 20 done — loss=1.0286 acc=0.4471  4.2s
2026-10-06 14:19:13,804 [INFO] send 13933B via direct in 360ms (0.31 Mbit/s) to 1611cd044cc28a80
2026-10-06 14:19:13,823 [INFO] [client-3] Round 20 done — loss=1.0386 acc=0.4609  1.2s
2026-10-06 14:19:13,828 [INFO] send 13933B via direct in 131ms (0.85 Mbit/s) to 1611cd044cc28a80
2026-10-06 14:19:13,857 [INFO] [client-9] Round 20 done — loss=1.0093 acc=0.5200  4.3s
2026-10-06 14:19:13,859 [INFO] send 13933B via direct in 1146ms (0.10 Mbit/s) to 3028465ccadad7a8
2026-10-06 14:19:13,861 [INFO] recv 13933B via direct in 93ms
2026-10-06 14:19:13,864 [INFO] [client-2] Round 20 — training locally…
2026-10-06 14:19:13,995 [INFO] [client-2] Round 20 — sending update…
2026-10-06 14:19:13,997 [INFO] Round 20 — waiting for 10 updates…
2026-10-06 14:19:13,998 [INFO] recv 13933B via direct in 270ms
2026-10-06 14:19:14,001 [INFO] recv 13933B via direct in 293ms
2026-10-06 14:19:14,004 [INFO] recv 13933B via direct in 286ms
2026-10-06 14:19:14,006 [INFO] recv 13933B via direct in 98ms
2026-10-06 14:19:14,008 [INFO] recv 13933B via direct in 98ms
2026-10-06 14:19:14,011 [INFO] recv 13933B via direct in 121ms
2026-10-06 14:19:14,013 [INFO] recv 13933B via direct in 128ms
2026-10-06 14:19:14,015 [INFO] [client-0] Round 20 — training locally…
2026-10-06 14:19:14,110 [INFO] [client-0] Round 20 — sending update…
2026-10-06 14:19:14,120 [INFO] send 13933B via direct in 122ms (0.91 Mbit/s) to 1611cd044cc28a80
2026-10-06 14:19:14,138 [INFO] [client-2] Round 20 done — loss=0.9514 acc=0.5278  4.7s
2026-10-06 14:19:14,140 [INFO] recv 13933B via direct in 7ms
2026-10-06 14:19:14,144 [INFO] send 13933B via direct in 32ms (3.55 Mbit/s) to 1611cd044cc28a80
2026-10-06 14:19:14,170 [INFO] [client-0] Round 20 done — loss=1.0514 acc=0.4648  4.2s
2026-10-06 14:19:14,172 [INFO] recv 13933B via direct in 25ms
2026-10-06 14:19:14,457 [INFO] send 13933B via direct in 1324ms (0.08 Mbit/s) to 1611cd044cc28a80
2026-10-06 14:19:14,553 [INFO] [client-5] Round 20 done — loss=0.9742 acc=0.5608  4.2s
2026-10-06 14:19:14,555 [INFO] recv 13933B via direct in 1041ms
2026-10-06 14:34:47,773 [WARNING] Round 20 — no update from ['client-8']
2026-10-06 14:34:47,869 [INFO] Round 20/20  acc=0.4836  loss=1.0345  901.5s  clients=9
2026-10-06 14:34:47,977 [INFO] CoAP server [client-0] stopped
2026-10-06 14:34:48,084 [INFO] CoAP server [client-1] stopped
2026-10-06 14:34:48,189 [INFO] CoAP server [client-2] stopped
2026-10-06 14:34:48,302 [INFO] CoAP server [client-3] stopped
2026-10-06 14:34:48,420 [INFO] CoAP server [client-4] stopped
2026-10-06 14:34:48,537 [INFO] CoAP server [client-5] stopped
2026-10-06 14:34:48,650 [INFO] CoAP server [client-6] stopped
2026-10-06 14:34:48,766 [INFO] CoAP server [client-7] stopped
2026-10-06 14:34:48,882 [INFO] CoAP server [client-8] stopped
2026-10-06 14:34:49,001 [INFO] CoAP server [client-9] stopped
2026-10-06 14:34:49,118 [INFO] CoAP server [server] stopped
2026-10-06 14:34:49,155 [INFO] Exported 20 rows → results/e11/loss_10/e7_airmlp_geographic_round_events.csv
2026-10-06 14:35:20,265 [INFO] AirMLP airmlp_geographic done: {'node_id': 'server', 'architecture': 'B', 'scenario': 'e7_airmlp_geographic', 'rounds_total': 20, 'rounds_success': 20, 'test_acc_final': 0.4835720303285594, 'test_acc_max': 0.4835720303285594, 'duration_mean_sec': 52.81717888944986, 'pct_direct': 0.0, 'pct_relay': 0.0, 'bytes_to_aggregator': 2779831}  macro-F1=0.3908  bal-acc=0.4160
2026-10-06 14:35:20,327 [INFO] E11 loss_10: {"condition": "loss_10", "netem": "loss 10%", "fl_wall_s": 1186.3, "rounds_ok": 20, "rounds": 20, "round_s_median": 3.284, "round_s_max": 901.518, "test_acc_final": 0.4835720303285594, "macro_f1": 0.3907559720737102, "balanced_accuracy": 0.41602658903962864, "xfer_100kB_ok": "10/10", "xfer_100kB_ms_median": 100.0, "xfer_1000kB_ok": "10/10", "xfer_1000kB_ms_median": 267.5, "xfer_10000kB_ok": "10/10", "xfer_10000kB_ms_median": 2624.9}
