2026-10-06 19:10:44,533 [INFO] Iroh node started: 961250280785a8a3  addrs=['10.77.0.1:56112']
2026-10-06 19:10:45,150 [INFO] Iroh node started: e0f664dad9c5ce7f  addrs=['10.77.0.1:35968']
2026-10-06 19:10:48,539 [INFO] send 100000B via direct in 3384ms (0.24 Mbit/s) to e0f664dad9c5ce7f
2026-10-06 19:10:48,541 [INFO] recv 100000B via direct in 1971ms
2026-10-06 19:10:50,037 [INFO] send 100000B via direct in 1494ms (0.54 Mbit/s) to e0f664dad9c5ce7f
2026-10-06 19:10:50,039 [INFO] recv 100000B via direct in 1131ms
2026-10-06 19:10:52,407 [INFO] send 100000B via direct in 2366ms (0.34 Mbit/s) to e0f664dad9c5ce7f
2026-10-06 19:10:52,409 [INFO] recv 100000B via direct in 2017ms
2026-10-06 19:10:54,985 [INFO] send 100000B via direct in 2573ms (0.31 Mbit/s) to e0f664dad9c5ce7f
2026-10-06 19:10:55,004 [INFO] recv 100000B via direct in 2172ms
2026-10-06 19:10:56,536 [INFO] send 100000B via direct in 1530ms (0.52 Mbit/s) to e0f664dad9c5ce7f
2026-10-06 19:10:56,538 [INFO] recv 100000B via direct in 1147ms
2026-10-06 19:10:58,233 [INFO] send 100000B via direct in 1692ms (0.47 Mbit/s) to e0f664dad9c5ce7f
2026-10-06 19:10:58,236 [INFO] recv 100000B via direct in 1362ms
2026-10-06 19:10:59,927 [INFO] send 100000B via direct in 1690ms (0.47 Mbit/s) to e0f664dad9c5ce7f
2026-10-06 19:10:59,929 [INFO] recv 100000B via direct in 1328ms
2026-10-06 19:11:03,647 [INFO] send 100000B via direct in 3716ms (0.22 Mbit/s) to e0f664dad9c5ce7f
2026-10-06 19:11:03,648 [INFO] recv 100000B via direct in 2364ms
2026-10-06 19:11:05,130 [INFO] send 100000B via direct in 1480ms (0.54 Mbit/s) to e0f664dad9c5ce7f
2026-10-06 19:11:05,131 [INFO] recv 100000B via direct in 1118ms
2026-10-06 19:11:07,872 [INFO] send 100000B via direct in 2738ms (0.29 Mbit/s) to e0f664dad9c5ce7f
2026-10-06 19:11:07,874 [INFO] recv 100000B via direct in 1414ms
2026-10-06 19:11:35,580 [INFO] send 1000000B via direct in 27700ms (0.29 Mbit/s) to e0f664dad9c5ce7f
2026-10-06 19:11:35,582 [INFO] recv 1000000B via direct in 26332ms
2026-10-06 19:11:57,101 [INFO] send 1000000B via direct in 21515ms (0.37 Mbit/s) to e0f664dad9c5ce7f
2026-10-06 19:11:57,103 [INFO] recv 1000000B via direct in 19110ms
2026-10-06 19:12:26,911 [INFO] send 1000000B via direct in 29806ms (0.27 Mbit/s) to e0f664dad9c5ce7f
2026-10-06 19:12:26,913 [INFO] recv 1000000B via direct in 29426ms
2026-10-06 19:12:58,820 [INFO] send 1000000B via direct in 31904ms (0.25 Mbit/s) to e0f664dad9c5ce7f
2026-10-06 19:12:58,822 [INFO] recv 1000000B via direct in 30572ms
2026-10-06 19:13:23,931 [INFO] send 1000000B via direct in 25104ms (0.32 Mbit/s) to e0f664dad9c5ce7f
2026-10-06 19:13:23,935 [INFO] recv 1000000B via direct in 24689ms
2026-10-06 19:13:44,629 [INFO] send 1000000B via direct in 20688ms (0.39 Mbit/s) to e0f664dad9c5ce7f
2026-10-06 19:13:44,630 [INFO] recv 1000000B via direct in 20241ms
2026-10-06 19:14:01,395 [INFO] send 1000000B via direct in 16763ms (0.48 Mbit/s) to e0f664dad9c5ce7f
2026-10-06 19:14:01,396 [INFO] recv 1000000B via direct in 16338ms
2026-10-06 19:14:29,708 [INFO] send 1000000B via direct in 28308ms (0.28 Mbit/s) to e0f664dad9c5ce7f
2026-10-06 19:14:29,712 [INFO] recv 1000000B via direct in 27951ms
2026-10-06 19:14:51,078 [INFO] send 1000000B via direct in 21361ms (0.37 Mbit/s) to e0f664dad9c5ce7f
2026-10-06 19:14:51,080 [INFO] recv 1000000B via direct in 20976ms
2026-10-06 19:15:18,320 [INFO] send 1000000B via direct in 27236ms (0.29 Mbit/s) to e0f664dad9c5ce7f
2026-10-06 19:15:18,323 [INFO] recv 1000000B via direct in 25910ms
2026-10-06 19:18:21,065 [WARNING] iroh accept/read error [b'fl-update/1']: IrohError: 
2026-10-06 19:21:21,027 [WARNING] iroh accept/read error [b'fl-update/1']: IrohError: 
2026-10-06 19:24:20,011 [WARNING] iroh accept/read error [b'fl-update/1']: IrohError: 
2026-10-06 19:27:20,486 [WARNING] iroh accept/read error [b'fl-update/1']: IrohError: 
2026-10-06 19:30:20,073 [WARNING] iroh accept/read error [b'fl-update/1']: IrohError: 
2026-10-06 19:33:19,625 [WARNING] iroh accept/read error [b'fl-update/1']: IrohError: 
2026-10-06 19:36:20,247 [WARNING] iroh accept/read error [b'fl-update/1']: IrohError: 
2026-10-06 19:39:20,609 [WARNING] iroh accept/read error [b'fl-update/1']: IrohError: 
2026-10-06 19:42:20,010 [WARNING] iroh accept/read error [b'fl-update/1']: IrohError: 
2026-10-06 19:45:19,744 [WARNING] iroh accept/read error [b'fl-update/1']: IrohError: 
2026-10-06 19:46:05,484 [INFO] === E7 AirMLP + FedAvg — geographic ===
2026-10-06 19:46:06,077 [INFO] Air quality dataset loaded: 28514 train / 3561 test | 6 features | 3 classes
2026-10-06 19:46:06,082 [INFO] Geographic partition: 10 provinces  min=2305  max=2922  mean=2851
2026-10-06 19:46:06,234 [INFO] AirMLP class weights: [1.026976466178894, 1.0868686437606812, 0.904000997543335]
2026-10-06 19:46:06,967 [INFO] Iroh node started: a355b1fc851e3830  addrs=['10.77.0.1:51629']
2026-10-06 19:46:07,493 [INFO] CoAP server [server] listening on 0.0.0.0:5783
2026-10-06 19:46:07,495 [INFO] FLServer server started (mock=False)
2026-10-06 19:46:08,156 [INFO] Iroh node started: adeed0b773eb8da1  addrs=['10.77.0.1:50669']
2026-10-06 19:46:08,163 [INFO] CoAP server [client-0] listening on 0.0.0.0:5784
2026-10-06 19:46:08,164 [INFO] FLClient client-0 started (mock=False)
2026-10-06 19:46:08,165 [INFO] Registered client client-0  iroh=adeed0b773eb8da1
2026-10-06 19:46:08,812 [INFO] Iroh node started: d3089b448ecd5c4c  addrs=['10.77.0.1:39005']
2026-10-06 19:46:08,821 [INFO] CoAP server [client-1] listening on 0.0.0.0:5785
2026-10-06 19:46:08,822 [INFO] FLClient client-1 started (mock=False)
2026-10-06 19:46:08,823 [INFO] Registered client client-1  iroh=d3089b448ecd5c4c
2026-10-06 19:46:09,474 [INFO] Iroh node started: a511325c7ff6f41a  addrs=['10.77.0.1:58587']
2026-10-06 19:46:09,490 [INFO] CoAP server [client-2] listening on 0.0.0.0:5786
2026-10-06 19:46:09,492 [INFO] FLClient client-2 started (mock=False)
2026-10-06 19:46:09,493 [INFO] Registered client client-2  iroh=a511325c7ff6f41a
2026-10-06 19:46:10,163 [INFO] Iroh node started: 55a3347154afdc3f  addrs=['10.77.0.1:51351']
2026-10-06 19:46:10,173 [INFO] CoAP server [client-3] listening on 0.0.0.0:5787
2026-10-06 19:46:10,174 [INFO] FLClient client-3 started (mock=False)
2026-10-06 19:46:10,175 [INFO] Registered client client-3  iroh=55a3347154afdc3f
2026-10-06 19:46:10,832 [INFO] Iroh node started: ecc44b7a00420397  addrs=['10.77.0.1:43001']
2026-10-06 19:46:10,840 [INFO] CoAP server [client-4] listening on 0.0.0.0:5788
2026-10-06 19:46:10,841 [INFO] FLClient client-4 started (mock=False)
2026-10-06 19:46:10,842 [INFO] Registered client client-4  iroh=ecc44b7a00420397
2026-10-06 19:46:11,494 [INFO] Iroh node started: 19be4b7ff33e3e24  addrs=['10.77.0.1:55881']
2026-10-06 19:46:11,510 [INFO] CoAP server [client-5] listening on 0.0.0.0:5789
2026-10-06 19:46:11,512 [INFO] FLClient client-5 started (mock=False)
2026-10-06 19:46:11,513 [INFO] Registered client client-5  iroh=19be4b7ff33e3e24
2026-10-06 19:46:12,182 [INFO] Iroh node started: eb5db15743c5c9e5  addrs=['10.77.0.1:40791']
2026-10-06 19:46:12,199 [INFO] CoAP server [client-6] listening on 0.0.0.0:5790
2026-10-06 19:46:12,202 [INFO] FLClient client-6 started (mock=False)
2026-10-06 19:46:12,204 [INFO] Registered client client-6  iroh=eb5db15743c5c9e5
2026-10-06 19:46:12,855 [INFO] Iroh node started: 6d6805f14f6b7588  addrs=['10.77.0.1:46797']
2026-10-06 19:46:12,866 [INFO] CoAP server [client-7] listening on 0.0.0.0:5791
2026-10-06 19:46:12,867 [INFO] FLClient client-7 started (mock=False)
2026-10-06 19:46:12,868 [INFO] Registered client client-7  iroh=6d6805f14f6b7588
2026-10-06 19:46:13,534 [INFO] Iroh node started: ef1b25d891165faa  addrs=['10.77.0.1:39586']
2026-10-06 19:46:13,548 [INFO] CoAP server [client-8] listening on 0.0.0.0:5792
2026-10-06 19:46:13,550 [INFO] FLClient client-8 started (mock=False)
2026-10-06 19:46:13,551 [INFO] Registered client client-8  iroh=ef1b25d891165faa
2026-10-06 19:46:14,219 [INFO] Iroh node started: 904e8215f9e626b4  addrs=['10.77.0.1:50819']
2026-10-06 19:46:14,234 [INFO] CoAP server [client-9] listening on 0.0.0.0:5793
2026-10-06 19:46:14,235 [INFO] FLClient client-9 started (mock=False)
2026-10-06 19:46:14,236 [INFO] Registered client client-9  iroh=904e8215f9e626b4
2026-10-06 19:46:14,239 [INFO] Round 1 — sending model to 10 clients…
2026-10-06 19:46:14,240 [INFO] [client-0] Round 1 — receiving model…
2026-10-06 19:46:14,241 [INFO] [client-1] Round 1 — receiving model…
2026-10-06 19:46:14,242 [INFO] [client-2] Round 1 — receiving model…
2026-10-06 19:46:14,243 [INFO] [client-3] Round 1 — receiving model…
2026-10-06 19:46:14,245 [INFO] [client-4] Round 1 — receiving model…
2026-10-06 19:46:14,246 [INFO] [client-5] Round 1 — receiving model…
2026-10-06 19:46:14,247 [INFO] [client-6] Round 1 — receiving model…
2026-10-06 19:46:14,247 [INFO] [client-7] Round 1 — receiving model…
2026-10-06 19:46:14,249 [INFO] [client-8] Round 1 — receiving model…
2026-10-06 19:46:14,250 [INFO] [client-9] Round 1 — receiving model…
2026-10-06 19:46:15,758 [INFO] recv 13933B via direct in 889ms
2026-10-06 19:46:15,783 [INFO] [client-1] Round 1 — training locally…
2026-10-06 19:46:58,927 [INFO] [client-1] Round 1 — sending update…
2026-10-06 19:46:58,933 [WARNING] _send_bytes connect attempt 1/3 failed (TimeoutError: ) — retrying in 5s
2026-10-06 19:46:58,935 [WARNING] _send_bytes connect attempt 1/3 failed (TimeoutError: ) — retrying in 5s
2026-10-06 19:46:58,949 [INFO] send 13933B via direct in 44586ms (0.00 Mbit/s) to d3089b448ecd5c4c
2026-10-06 19:46:58,950 [INFO] send 13933B via direct in 44583ms (0.00 Mbit/s) to ecc44b7a00420397
2026-10-06 19:46:58,951 [INFO] send 13933B via direct in 44581ms (0.00 Mbit/s) to 6d6805f14f6b7588
2026-10-06 19:46:58,952 [INFO] send 13933B via direct in 44573ms (0.00 Mbit/s) to eb5db15743c5c9e5
2026-10-06 19:46:58,953 [INFO] send 13933B via direct in 44592ms (0.00 Mbit/s) to a511325c7ff6f41a
2026-10-06 19:46:58,956 [INFO] send 13933B via direct in 44590ms (0.00 Mbit/s) to adeed0b773eb8da1
2026-10-06 19:46:58,957 [INFO] send 13933B via direct in 44574ms (0.00 Mbit/s) to 19be4b7ff33e3e24
2026-10-06 19:46:58,959 [INFO] send 13933B via direct in 44592ms (0.00 Mbit/s) to 904e8215f9e626b4
2026-10-06 19:46:58,962 [INFO] recv 13933B via direct in 43974ms
2026-10-06 19:46:58,966 [INFO] [client-0] Round 1 — training locally…
2026-10-06 19:46:59,151 [INFO] [client-0] Round 1 — sending update…
2026-10-06 19:46:59,155 [INFO] recv 13933B via direct in 43881ms
2026-10-06 19:46:59,160 [INFO] [client-4] Round 1 — training locally…
2026-10-06 19:46:59,353 [INFO] [client-4] Round 1 — sending update…
2026-10-06 19:46:59,358 [INFO] recv 13933B via direct in 43778ms
2026-10-06 19:46:59,364 [INFO] [client-7] Round 1 — training locally…
2026-10-06 19:46:59,544 [INFO] [client-7] Round 1 — sending update…
2026-10-06 19:46:59,546 [INFO] recv 13933B via direct in 43685ms
2026-10-06 19:46:59,550 [INFO] [client-6] Round 1 — training locally…
2026-10-06 19:46:59,756 [INFO] [client-6] Round 1 — sending update…
2026-10-06 19:46:59,761 [INFO] recv 13933B via direct in 43602ms
2026-10-06 19:46:59,764 [INFO] [client-5] Round 1 — training locally…
2026-10-06 19:47:00,049 [INFO] [client-5] Round 1 — sending update…
2026-10-06 19:47:00,053 [INFO] recv 13933B via direct in 44286ms
2026-10-06 19:47:00,060 [INFO] [client-2] Round 1 — training locally…
2026-10-06 19:47:00,348 [INFO] [client-2] Round 1 — sending update…
2026-10-06 19:47:00,352 [INFO] recv 13933B via direct in 44183ms
2026-10-06 19:47:00,355 [INFO] [client-9] Round 1 — training locally…
2026-10-06 19:47:00,685 [INFO] [client-9] Round 1 — sending update…
2026-10-06 19:47:00,694 [WARNING] iroh accept/read error [b'fl-model/1']: IrohError: 
2026-10-06 19:47:00,825 [WARNING] iroh accept/read error [b'fl-model/1']: IrohError: 
2026-10-06 19:47:01,736 [INFO] send 13933B via direct in 2804ms (0.04 Mbit/s) to a355b1fc851e3830
2026-10-06 19:47:01,815 [INFO] [client-1] Round 1 done — loss=1.0796 acc=0.3819  47.6s
2026-10-06 19:47:01,817 [INFO] [client-1] Round 2 — receiving model…
2026-10-06 19:47:01,952 [INFO] send 13933B via direct in 2798ms (0.04 Mbit/s) to a355b1fc851e3830
2026-10-06 19:47:01,995 [INFO] [client-0] Round 1 done — loss=1.0608 acc=0.4588  47.8s
2026-10-06 19:47:01,996 [INFO] [client-0] Round 2 — receiving model…
2026-10-06 19:47:01,999 [INFO] send 13933B via direct in 2452ms (0.05 Mbit/s) to a355b1fc851e3830
2026-10-06 19:47:02,086 [INFO] [client-7] Round 1 done — loss=1.0538 acc=0.4131  47.8s
2026-10-06 19:47:02,089 [INFO] [client-7] Round 2 — receiving model…
2026-10-06 19:47:02,093 [INFO] send 13933B via direct in 2238ms (0.05 Mbit/s) to a355b1fc851e3830
2026-10-06 19:47:02,163 [INFO] [client-6] Round 1 done — loss=1.0469 acc=0.4413  47.9s
2026-10-06 19:47:02,164 [INFO] [client-6] Round 2 — receiving model…
2026-10-06 19:47:02,167 [INFO] send 13933B via direct in 1478ms (0.08 Mbit/s) to a355b1fc851e3830
2026-10-06 19:47:02,217 [INFO] [client-9] Round 1 done — loss=1.0492 acc=0.4652  48.0s
2026-10-06 19:47:02,219 [INFO] [client-9] Round 2 — receiving model…
2026-10-06 19:47:02,399 [INFO] send 13933B via direct in 2345ms (0.05 Mbit/s) to a355b1fc851e3830
2026-10-06 19:47:02,465 [INFO] [client-5] Round 1 done — loss=1.0521 acc=0.4674  48.2s
2026-10-06 19:47:02,467 [INFO] [client-5] Round 2 — receiving model…
2026-10-06 19:47:02,470 [INFO] send 13933B via direct in 3112ms (0.04 Mbit/s) to a355b1fc851e3830
2026-10-06 19:47:02,532 [INFO] [client-4] Round 1 done — loss=1.0316 acc=0.4883  48.3s
2026-10-06 19:47:02,533 [INFO] [client-4] Round 2 — receiving model…
2026-10-06 19:47:03,419 [INFO] send 13933B via direct in 3067ms (0.04 Mbit/s) to a355b1fc851e3830
2026-10-06 19:47:03,489 [INFO] [client-2] Round 1 done — loss=1.0487 acc=0.4416  49.2s
2026-10-06 19:47:03,491 [INFO] [client-2] Round 2 — receiving model…
2026-10-06 19:47:05,517 [INFO] recv 13933B via direct in 379ms
2026-10-06 19:47:05,521 [INFO] [client-3] Round 1 — training locally…
2026-10-06 19:47:05,769 [INFO] [client-3] Round 1 — sending update…
2026-10-06 19:47:05,775 [INFO] send 13933B via direct in 51424ms (0.00 Mbit/s) to 55a3347154afdc3f
2026-10-06 19:47:05,776 [INFO] send 13933B via direct in 51410ms (0.00 Mbit/s) to ef1b25d891165faa
2026-10-06 19:47:05,777 [INFO] recv 13933B via direct in 499ms
2026-10-06 19:47:05,779 [INFO] [client-8] Round 1 — training locally…
2026-10-06 19:47:05,992 [INFO] [client-8] Round 1 — sending update…
2026-10-06 19:47:05,997 [INFO] Round 1 — waiting for 10 updates…
2026-10-06 19:47:05,998 [INFO] recv 13933B via direct in 685ms
2026-10-06 19:47:06,002 [INFO] recv 13933B via direct in 992ms
2026-10-06 19:47:06,005 [INFO] recv 13933B via direct in 992ms
2026-10-06 19:47:06,007 [INFO] recv 13933B via direct in 1019ms
2026-10-06 19:47:06,010 [INFO] recv 13933B via direct in 467ms
2026-10-06 19:47:06,013 [INFO] recv 13933B via direct in 671ms
2026-10-06 19:47:06,016 [INFO] recv 13933B via direct in 1518ms
2026-10-06 19:47:06,021 [INFO] recv 13933B via direct in 2506ms
2026-10-06 19:47:06,736 [INFO] recv 13933B via direct in 445ms
2026-10-06 19:47:06,817 [INFO] send 13933B via direct in 819ms (0.14 Mbit/s) to a355b1fc851e3830
2026-10-06 19:47:06,880 [INFO] [client-8] Round 1 done — loss=0.8025 acc=0.6902  52.6s
2026-10-06 19:47:06,882 [INFO] [client-8] Round 2 — receiving model…
2026-10-06 19:47:07,052 [INFO] recv 13933B via direct in 1007ms
2026-10-06 19:47:07,106 [INFO] Round 1/20  acc=0.3036  loss=1.1136  52.9s  clients=10
2026-10-06 19:47:07,108 [INFO] Round 2 — sending model to 10 clients…
2026-10-06 19:47:07,126 [INFO] send 13933B via direct in 1354ms (0.08 Mbit/s) to a355b1fc851e3830
2026-10-06 19:47:07,162 [INFO] [client-3] Round 1 done — loss=1.0569 acc=0.4447  52.9s
2026-10-06 19:47:07,164 [INFO] [client-3] Round 2 — receiving model…
2026-10-06 19:47:08,171 [INFO] recv 13933B via direct in 620ms
2026-10-06 19:47:08,176 [INFO] [client-9] Round 2 — training locally…
2026-10-06 19:47:08,556 [INFO] [client-9] Round 2 — sending update…
2026-10-06 19:47:08,572 [INFO] send 13933B via direct in 1448ms (0.08 Mbit/s) to 904e8215f9e626b4
2026-10-06 19:47:08,574 [INFO] send 13933B via direct in 1437ms (0.08 Mbit/s) to ef1b25d891165faa
2026-10-06 19:47:08,577 [INFO] recv 13933B via direct in 653ms
2026-10-06 19:47:08,580 [INFO] [client-8] Round 2 — training locally…
2026-10-06 19:47:08,860 [INFO] [client-8] Round 2 — sending update…
2026-10-06 19:47:08,869 [INFO] recv 13933B via direct in 1493ms
2026-10-06 19:47:08,872 [INFO] [client-5] Round 2 — training locally…
2026-10-06 19:47:09,079 [INFO] [client-5] Round 2 — sending update…
2026-10-06 19:47:09,082 [INFO] recv 13933B via direct in 1131ms
2026-10-06 19:47:09,088 [INFO] [client-7] Round 2 — training locally…
2026-10-06 19:47:09,386 [INFO] [client-7] Round 2 — sending update…
2026-10-06 19:47:09,394 [INFO] recv 13933B via direct in 1050ms
2026-10-06 19:47:09,398 [INFO] [client-3] Round 2 — training locally…
2026-10-06 19:47:09,653 [INFO] [client-3] Round 2 — sending update…
2026-10-06 19:47:09,675 [INFO] send 13933B via direct in 2549ms (0.04 Mbit/s) to 19be4b7ff33e3e24
2026-10-06 19:47:09,676 [INFO] send 13933B via direct in 2545ms (0.04 Mbit/s) to 6d6805f14f6b7588
2026-10-06 19:47:09,680 [INFO] send 13933B via direct in 2542ms (0.04 Mbit/s) to 55a3347154afdc3f
2026-10-06 19:47:09,682 [INFO] send 13933B via direct in 2549ms (0.04 Mbit/s) to adeed0b773eb8da1
2026-10-06 19:47:09,684 [INFO] send 13933B via direct in 2547ms (0.04 Mbit/s) to eb5db15743c5c9e5
2026-10-06 19:47:09,686 [INFO] send 13933B via direct in 2552ms (0.04 Mbit/s) to d3089b448ecd5c4c
2026-10-06 19:47:09,690 [INFO] recv 13933B via direct in 802ms
2026-10-06 19:47:09,696 [INFO] [client-0] Round 2 — training locally…
2026-10-06 19:47:09,880 [INFO] [client-0] Round 2 — sending update…
2026-10-06 19:47:09,884 [INFO] recv 13933B via direct in 1118ms
2026-10-06 19:47:09,889 [INFO] [client-1] Round 2 — training locally…
2026-10-06 19:47:10,097 [INFO] [client-1] Round 2 — sending update…
2026-10-06 19:47:10,101 [INFO] recv 13933B via direct in 824ms
2026-10-06 19:47:10,104 [INFO] [client-6] Round 2 — training locally…
2026-10-06 19:47:10,332 [INFO] [client-6] Round 2 — sending update…
2026-10-06 19:47:10,348 [INFO] send 13933B via direct in 3223ms (0.03 Mbit/s) to a511325c7ff6f41a
2026-10-06 19:47:10,351 [INFO] recv 13933B via direct in 1776ms
2026-10-06 19:47:10,354 [INFO] [client-2] Round 2 — training locally…
2026-10-06 19:47:10,552 [INFO] [client-2] Round 2 — sending update…
2026-10-06 19:47:10,561 [INFO] send 13933B via direct in 1695ms (0.07 Mbit/s) to a355b1fc851e3830
2026-10-06 19:47:10,599 [INFO] [client-8] Round 2 done — loss=0.7778 acc=0.7232  3.7s
2026-10-06 19:47:10,600 [INFO] [client-8] Round 3 — receiving model…
2026-10-06 19:47:11,092 [INFO] recv 13933B via direct in 753ms
2026-10-06 19:47:11,096 [INFO] [client-4] Round 2 — training locally…
2026-10-06 19:47:11,324 [INFO] [client-4] Round 2 — sending update…
2026-10-06 19:47:11,333 [INFO] send 13933B via direct in 1935ms (0.06 Mbit/s) to a355b1fc851e3830
2026-10-06 19:47:11,369 [INFO] [client-7] Round 2 done — loss=1.0335 acc=0.4536  9.3s
2026-10-06 19:47:11,370 [INFO] [client-7] Round 3 — receiving model…
2026-10-06 19:47:11,372 [INFO] send 13933B via direct in 4206ms (0.03 Mbit/s) to ecc44b7a00420397
2026-10-06 19:47:11,375 [INFO] Round 2 — waiting for 10 updates…
2026-10-06 19:47:11,377 [INFO] recv 13933B via direct in 688ms
2026-10-06 19:47:11,380 [INFO] recv 13933B via direct in 671ms
2026-10-06 19:47:11,383 [INFO] recv 13933B via direct in 992ms
2026-10-06 19:47:11,386 [INFO] recv 13933B via direct in 774ms
2026-10-06 19:47:11,394 [INFO] recv 13933B via direct in 1670ms
2026-10-06 19:47:11,398 [INFO] send 13933B via direct in 1741ms (0.06 Mbit/s) to a355b1fc851e3830
2026-10-06 19:47:11,431 [INFO] [client-3] Round 2 done — loss=1.0583 acc=0.4392  4.3s
2026-10-06 19:47:11,432 [INFO] [client-3] Round 3 — receiving model…
2026-10-06 19:47:11,433 [INFO] send 13933B via direct in 1515ms (0.07 Mbit/s) to a355b1fc851e3830
2026-10-06 19:47:11,462 [INFO] [client-0] Round 2 done — loss=1.0624 acc=0.4436  9.5s
2026-10-06 19:47:11,463 [INFO] [client-0] Round 3 — receiving model…
2026-10-06 19:47:11,466 [INFO] send 13933B via direct in 2906ms (0.04 Mbit/s) to a355b1fc851e3830
2026-10-06 19:47:11,497 [INFO] [client-9] Round 2 done — loss=1.0258 acc=0.5116  9.3s
2026-10-06 19:47:11,498 [INFO] [client-9] Round 3 — receiving model…
2026-10-06 19:47:11,621 [INFO] recv 13933B via direct in 802ms
2026-10-06 19:47:11,701 [INFO] recv 13933B via direct in 1000ms
2026-10-06 19:47:11,726 [INFO] send 13933B via direct in 2644ms (0.04 Mbit/s) to a355b1fc851e3830
2026-10-06 19:47:11,768 [INFO] [client-5] Round 2 done — loss=1.0112 acc=0.5220  9.3s
2026-10-06 19:47:11,770 [INFO] [client-5] Round 3 — receiving model…
2026-10-06 19:47:11,944 [INFO] send 13933B via direct in 1844ms (0.06 Mbit/s) to a355b1fc851e3830
2026-10-06 19:47:11,982 [INFO] [client-1] Round 2 done — loss=1.0702 acc=0.3966  10.2s
2026-10-06 19:47:11,984 [INFO] [client-1] Round 3 — receiving model…
2026-10-06 19:47:12,111 [INFO] recv 13933B via direct in 717ms
2026-10-06 19:47:12,194 [INFO] recv 13933B via direct in 332ms
2026-10-06 19:47:12,207 [INFO] send 13933B via direct in 1652ms (0.07 Mbit/s) to a355b1fc851e3830
2026-10-06 19:47:12,247 [INFO] [client-2] Round 2 done — loss=1.0226 acc=0.4598  8.8s
2026-10-06 19:47:12,251 [INFO] [client-2] Round 3 — receiving model…
2026-10-06 19:47:12,267 [INFO] send 13933B via direct in 1932ms (0.06 Mbit/s) to a355b1fc851e3830
2026-10-06 19:47:12,298 [INFO] [client-6] Round 2 done — loss=1.0291 acc=0.4760  10.1s
2026-10-06 19:47:12,300 [INFO] [client-6] Round 3 — receiving model…
2026-10-06 19:47:12,302 [INFO] recv 13933B via direct in 531ms
2026-10-06 19:47:12,339 [INFO] Round 2/20  acc=0.4122  loss=1.0821  5.2s  clients=10
2026-10-06 19:47:12,341 [INFO] Round 3 — sending model to 10 clients…
2026-10-06 19:47:12,374 [INFO] send 13933B via direct in 1048ms (0.11 Mbit/s) to a355b1fc851e3830
2026-10-06 19:47:12,411 [INFO] [client-4] Round 2 done — loss=1.0298 acc=0.4821  9.9s
2026-10-06 19:47:12,413 [INFO] [client-4] Round 3 — receiving model…
2026-10-06 19:47:13,780 [INFO] recv 13933B via direct in 1104ms
2026-10-06 19:47:13,785 [INFO] [client-3] Round 3 — training locally…
2026-10-06 19:47:14,020 [INFO] [client-3] Round 3 — sending update…
2026-10-06 19:47:14,031 [INFO] recv 13933B via direct in 1281ms
2026-10-06 19:47:14,034 [INFO] [client-7] Round 3 — training locally…
2026-10-06 19:47:14,245 [INFO] [client-7] Round 3 — sending update…
2026-10-06 19:47:14,249 [INFO] recv 13933B via direct in 1188ms
2026-10-06 19:47:14,252 [INFO] [client-8] Round 3 — training locally…
2026-10-06 19:47:14,528 [INFO] [client-8] Round 3 — sending update…
2026-10-06 19:47:14,531 [INFO] recv 13933B via direct in 1087ms
2026-10-06 19:47:14,536 [INFO] [client-1] Round 3 — training locally…
2026-10-06 19:47:14,755 [INFO] [client-1] Round 3 — sending update…
2026-10-06 19:47:14,778 [INFO] send 13933B via direct in 2418ms (0.05 Mbit/s) to 55a3347154afdc3f
2026-10-06 19:47:14,781 [INFO] send 13933B via direct in 2416ms (0.05 Mbit/s) to ef1b25d891165faa
2026-10-06 19:47:14,782 [INFO] send 13933B via direct in 2415ms (0.05 Mbit/s) to d3089b448ecd5c4c
2026-10-06 19:47:14,783 [INFO] send 13933B via direct in 2412ms (0.05 Mbit/s) to ecc44b7a00420397
2026-10-06 19:47:14,785 [INFO] send 13933B via direct in 2411ms (0.05 Mbit/s) to adeed0b773eb8da1
2026-10-06 19:47:14,786 [INFO] send 13933B via direct in 2409ms (0.05 Mbit/s) to 19be4b7ff33e3e24
2026-10-06 19:47:14,795 [INFO] send 13933B via direct in 2417ms (0.05 Mbit/s) to 6d6805f14f6b7588
2026-10-06 19:47:14,797 [INFO] recv 13933B via direct in 1733ms
2026-10-06 19:47:14,800 [INFO] [client-4] Round 3 — training locally…
2026-10-06 19:47:15,093 [INFO] [client-4] Round 3 — sending update…
2026-10-06 19:47:15,097 [INFO] recv 13933B via direct in 1548ms
2026-10-06 19:47:15,102 [INFO] [client-0] Round 3 — training locally…
2026-10-06 19:47:15,459 [INFO] [client-0] Round 3 — sending update…
2026-10-06 19:47:15,464 [INFO] recv 13933B via direct in 1456ms
2026-10-06 19:47:15,470 [INFO] [client-5] Round 3 — training locally…
2026-10-06 19:47:15,651 [INFO] [client-5] Round 3 — sending update…
2026-10-06 19:47:15,666 [INFO] recv 13933B via direct in 870ms
2026-10-06 19:47:15,671 [INFO] [client-9] Round 3 — training locally…
2026-10-06 19:47:15,868 [INFO] [client-9] Round 3 — sending update…
2026-10-06 19:47:15,875 [INFO] send 13933B via direct in 1848ms (0.06 Mbit/s) to a355b1fc851e3830
2026-10-06 19:47:15,901 [INFO] [client-3] Round 3 done — loss=1.0488 acc=0.4440  4.5s
2026-10-06 19:47:15,902 [INFO] [client-3] Round 4 — receiving model…
2026-10-06 19:47:15,903 [INFO] send 13933B via direct in 1624ms (0.07 Mbit/s) to a355b1fc851e3830
2026-10-06 19:47:15,934 [INFO] [client-7] Round 3 done — loss=1.0330 acc=0.4485  4.6s
2026-10-06 19:47:15,935 [INFO] [client-7] Round 4 — receiving model…
2026-10-06 19:47:15,937 [INFO] send 13933B via direct in 3522ms (0.03 Mbit/s) to 904e8215f9e626b4
2026-10-06 19:47:15,942 [INFO] recv 13933B via direct in 3300ms
2026-10-06 19:47:15,945 [INFO] [client-2] Round 3 — training locally…
2026-10-06 19:47:16,191 [INFO] [client-2] Round 3 — sending update…
2026-10-06 19:47:16,203 [INFO] send 13933B via direct in 1665ms (0.07 Mbit/s) to a355b1fc851e3830
2026-10-06 19:47:16,234 [INFO] [client-8] Round 3 done — loss=0.7645 acc=0.7194  5.6s
2026-10-06 19:47:16,236 [INFO] [client-8] Round 4 — receiving model…
2026-10-06 19:47:16,240 [INFO] send 13933B via direct in 3852ms (0.03 Mbit/s) to a511325c7ff6f41a
2026-10-06 19:47:16,278 [INFO] send 13933B via direct in 1517ms (0.07 Mbit/s) to a355b1fc851e3830
2026-10-06 19:47:16,320 [INFO] [client-1] Round 3 done — loss=1.0635 acc=0.4111  4.3s
2026-10-06 19:47:16,322 [INFO] [client-1] Round 4 — receiving model…
2026-10-06 19:47:16,423 [INFO] recv 13933B via direct in 3294ms
2026-10-06 19:47:16,425 [INFO] [client-6] Round 3 — training locally…
2026-10-06 19:47:16,740 [INFO] [client-6] Round 3 — sending update…
2026-10-06 19:47:16,752 [INFO] send 13933B via direct in 4394ms (0.03 Mbit/s) to eb5db15743c5c9e5
2026-10-06 19:47:16,754 [INFO] Round 3 — waiting for 10 updates…
2026-10-06 19:47:16,756 [INFO] recv 13933B via direct in 897ms
2026-10-06 19:47:16,761 [INFO] recv 13933B via direct in 897ms
2026-10-06 19:47:16,765 [INFO] recv 13933B via direct in 9ms
2026-10-06 19:47:16,769 [INFO] recv 13933B via direct in 546ms
2026-10-06 19:47:16,776 [INFO] recv 13933B via direct in 877ms
2026-10-06 19:47:16,798 [INFO] recv 13933B via direct in 601ms
2026-10-06 19:47:16,827 [INFO] recv 13933B via direct in 630ms
2026-10-06 19:47:16,875 [INFO] send 13933B via direct in 1778ms (0.06 Mbit/s) to a355b1fc851e3830
2026-10-06 19:47:16,906 [INFO] [client-4] Round 3 done — loss=1.0273 acc=0.4832  4.5s
2026-10-06 19:47:16,908 [INFO] [client-4] Round 4 — receiving model…
2026-10-06 19:47:17,017 [INFO] send 13933B via direct in 1551ms (0.07 Mbit/s) to a355b1fc851e3830
2026-10-06 19:47:17,053 [INFO] [client-0] Round 3 done — loss=1.0587 acc=0.4523  5.6s
2026-10-06 19:47:17,055 [INFO] [client-0] Round 4 — receiving model…
2026-10-06 19:47:17,059 [INFO] send 13933B via direct in 1363ms (0.08 Mbit/s) to a355b1fc851e3830
2026-10-06 19:47:17,104 [INFO] [client-5] Round 3 done — loss=0.9947 acc=0.5388  5.3s
2026-10-06 19:47:17,107 [INFO] [client-5] Round 4 — receiving model…
2026-10-06 19:47:17,148 [INFO] recv 13933B via direct in 824ms
2026-10-06 19:47:17,244 [INFO] recv 13933B via direct in 495ms
2026-10-06 19:47:17,268 [INFO] send 13933B via direct in 1397ms (0.08 Mbit/s) to a355b1fc851e3830
2026-10-06 19:47:17,300 [INFO] [client-9] Round 3 done — loss=1.0195 acc=0.5183  5.8s
2026-10-06 19:47:17,301 [INFO] [client-9] Round 4 — receiving model…
2026-10-06 19:47:17,338 [INFO] send 13933B via direct in 1144ms (0.10 Mbit/s) to a355b1fc851e3830
2026-10-06 19:47:17,375 [INFO] [client-2] Round 3 done — loss=0.9981 acc=0.4880  5.1s
2026-10-06 19:47:17,376 [INFO] [client-2] Round 4 — receiving model…
2026-10-06 19:47:17,639 [INFO] recv 13933B via direct in 456ms
2026-10-06 19:47:17,716 [INFO] Round 3/20  acc=0.4409  loss=1.0686  5.4s  clients=10
2026-10-06 19:47:17,718 [INFO] Round 4 — sending model to 10 clients…
2026-10-06 19:47:17,750 [INFO] send 13933B via direct in 1003ms (0.11 Mbit/s) to a355b1fc851e3830
2026-10-06 19:47:17,832 [INFO] [client-6] Round 3 done — loss=1.0218 acc=0.4854  5.5s
2026-10-06 19:47:17,833 [INFO] [client-6] Round 4 — receiving model…
2026-10-06 19:47:19,086 [INFO] recv 13933B via direct in 1042ms
2026-10-06 19:47:19,092 [INFO] [client-0] Round 4 — training locally…
2026-10-06 19:47:19,301 [INFO] [client-0] Round 4 — sending update…
2026-10-06 19:47:19,308 [INFO] recv 13933B via direct in 1161ms
2026-10-06 19:47:19,312 [INFO] [client-9] Round 4 — training locally…
2026-10-06 19:47:19,677 [INFO] [client-9] Round 4 — sending update…
2026-10-06 19:47:19,683 [INFO] recv 13933B via direct in 1079ms
2026-10-06 19:47:19,687 [INFO] [client-5] Round 4 — training locally…
2026-10-06 19:47:20,005 [INFO] [client-5] Round 4 — sending update…
2026-10-06 19:47:20,033 [INFO] send 13933B via direct in 2295ms (0.05 Mbit/s) to adeed0b773eb8da1
2026-10-06 19:47:20,035 [INFO] send 13933B via direct in 2287ms (0.05 Mbit/s) to 904e8215f9e626b4
2026-10-06 19:47:20,037 [INFO] send 13933B via direct in 2285ms (0.05 Mbit/s) to 19be4b7ff33e3e24
2026-10-06 19:47:20,038 [INFO] send 13933B via direct in 2285ms (0.05 Mbit/s) to ecc44b7a00420397
2026-10-06 19:47:20,041 [INFO] send 13933B via direct in 2283ms (0.05 Mbit/s) to eb5db15743c5c9e5
2026-10-06 19:47:20,043 [INFO] send 13933B via direct in 2274ms (0.05 Mbit/s) to 6d6805f14f6b7588
2026-10-06 19:47:20,045 [INFO] send 13933B via direct in 2273ms (0.05 Mbit/s) to d3089b448ecd5c4c
2026-10-06 19:47:20,047 [INFO] recv 13933B via direct in 1713ms
2026-10-06 19:47:20,051 [INFO] [client-4] Round 4 — training locally…
2026-10-06 19:47:20,449 [INFO] [client-4] Round 4 — sending update…
2026-10-06 19:47:20,453 [INFO] recv 13933B via direct in 1624ms
2026-10-06 19:47:20,461 [INFO] [client-6] Round 4 — training locally…
2026-10-06 19:47:20,806 [INFO] [client-6] Round 4 — sending update…
2026-10-06 19:47:20,817 [INFO] recv 13933B via direct in 1357ms
2026-10-06 19:47:20,822 [INFO] [client-7] Round 4 — training locally…
2026-10-06 19:47:21,248 [INFO] [client-7] Round 4 — sending update…
2026-10-06 19:47:21,253 [INFO] recv 13933B via direct in 1265ms
2026-10-06 19:47:21,263 [INFO] [client-1] Round 4 — training locally…
2026-10-06 19:47:21,600 [INFO] [client-1] Round 4 — sending update…
2026-10-06 19:47:21,625 [INFO] send 13933B via direct in 2302ms (0.05 Mbit/s) to a355b1fc851e3830
2026-10-06 19:47:21,808 [INFO] [client-0] Round 4 done — loss=1.0529 acc=0.4562  4.8s
2026-10-06 19:47:21,809 [INFO] [client-0] Round 5 — receiving model…
2026-10-06 19:47:21,811 [INFO] send 13933B via direct in 3869ms (0.03 Mbit/s) to a511325c7ff6f41a
2026-10-06 19:47:21,813 [INFO] send 13933B via direct in 3864ms (0.03 Mbit/s) to 55a3347154afdc3f
2026-10-06 19:47:21,816 [INFO] recv 13933B via direct in 1594ms
2026-10-06 19:47:21,820 [INFO] [client-2] Round 4 — training locally…
2026-10-06 19:47:22,052 [INFO] [client-2] Round 4 — sending update…
2026-10-06 19:47:22,057 [INFO] recv 13933B via direct in 1594ms
2026-10-06 19:47:22,064 [INFO] [client-3] Round 4 — training locally…
2026-10-06 19:47:22,294 [INFO] [client-3] Round 4 — sending update…
2026-10-06 19:47:22,390 [INFO] recv 13933B via direct in 778ms
2026-10-06 19:47:22,393 [INFO] [client-8] Round 4 — training locally…
2026-10-06 19:47:22,652 [INFO] [client-8] Round 4 — sending update…
2026-10-06 19:47:22,660 [INFO] send 13933B via direct in 2975ms (0.04 Mbit/s) to a355b1fc851e3830
2026-10-06 19:47:22,689 [INFO] [client-9] Round 4 done — loss=1.0147 acc=0.5225  5.4s
2026-10-06 19:47:22,691 [INFO] [client-9] Round 5 — receiving model…
2026-10-06 19:47:22,692 [INFO] send 13933B via direct in 2642ms (0.04 Mbit/s) to a355b1fc851e3830
2026-10-06 19:47:22,729 [INFO] [client-5] Round 4 done — loss=0.9875 acc=0.5426  5.6s
2026-10-06 19:47:22,730 [INFO] [client-5] Round 5 — receiving model…
2026-10-06 19:47:22,733 [INFO] send 13933B via direct in 4930ms (0.02 Mbit/s) to ef1b25d891165faa
2026-10-06 19:47:22,734 [INFO] Round 4 — waiting for 10 updates…
2026-10-06 19:47:22,735 [INFO] recv 13933B via direct in 1792ms
2026-10-06 19:47:22,739 [INFO] recv 13933B via direct in 718ms
2026-10-06 19:47:22,741 [INFO] recv 13933B via direct in 749ms
2026-10-06 19:47:22,883 [INFO] recv 13933B via direct in 1271ms
2026-10-06 19:47:23,063 [INFO] recv 13933B via direct in 761ms
2026-10-06 19:47:23,226 [INFO] send 13933B via direct in 2774ms (0.04 Mbit/s) to a355b1fc851e3830
2026-10-06 19:47:23,268 [INFO] [client-4] Round 4 done — loss=1.0218 acc=0.4880  6.4s
2026-10-06 19:47:23,269 [INFO] [client-4] Round 5 — receiving model…
2026-10-06 19:47:23,294 [INFO] recv 13933B via direct in 991ms
2026-10-06 19:47:23,339 [INFO] send 13933B via direct in 1735ms (0.06 Mbit/s) to a355b1fc851e3830
2026-10-06 19:47:23,371 [INFO] [client-1] Round 4 done — loss=1.0646 acc=0.4227  7.0s
2026-10-06 19:47:23,372 [INFO] [client-1] Round 5 — receiving model…
2026-10-06 19:47:23,385 [INFO] recv 13933B via direct in 639ms
2026-10-06 19:47:23,478 [INFO] send 13933B via direct in 2663ms (0.04 Mbit/s) to a355b1fc851e3830
2026-10-06 19:47:23,528 [INFO] [client-6] Round 4 done — loss=1.0163 acc=0.4962  5.7s
2026-10-06 19:47:23,530 [INFO] [client-6] Round 5 — receiving model…
2026-10-06 19:47:23,566 [INFO] recv 13933B via direct in 909ms
2026-10-06 19:47:23,595 [INFO] send 13933B via direct in 1538ms (0.07 Mbit/s) to a355b1fc851e3830
2026-10-06 19:47:23,647 [INFO] [client-2] Round 4 done — loss=0.9819 acc=0.5165  6.3s
2026-10-06 19:47:23,649 [INFO] [client-2] Round 5 — receiving model…
2026-10-06 19:47:23,664 [INFO] send 13933B via direct in 2412ms (0.05 Mbit/s) to a355b1fc851e3830
2026-10-06 19:47:23,697 [INFO] [client-7] Round 4 done — loss=1.0303 acc=0.4591  7.8s
2026-10-06 19:47:23,698 [INFO] [client-7] Round 5 — receiving model…
2026-10-06 19:47:24,062 [INFO] recv 13933B via direct in 687ms
2026-10-06 19:47:24,149 [INFO] send 13933B via direct in 1493ms (0.07 Mbit/s) to a355b1fc851e3830
2026-10-06 19:47:24,191 [INFO] [client-8] Round 4 done — loss=0.7693 acc=0.7133  8.0s
2026-10-06 19:47:24,192 [INFO] [client-8] Round 5 — receiving model…
2026-10-06 19:47:25,495 [INFO] recv 13933B via direct in 2474ms
2026-10-06 19:47:25,553 [INFO] Round 4/20  acc=0.4510  loss=1.0667  7.8s  clients=10
2026-10-06 19:47:25,555 [INFO] Round 5 — sending model to 10 clients…
2026-10-06 19:47:25,575 [INFO] send 13933B via direct in 3277ms (0.03 Mbit/s) to a355b1fc851e3830
2026-10-06 19:47:25,604 [INFO] [client-3] Round 4 done — loss=1.0483 acc=0.4478  9.7s
2026-10-06 19:47:25,605 [INFO] [client-3] Round 5 — receiving model…
2026-10-06 19:47:26,793 [INFO] recv 13933B via direct in 876ms
2026-10-06 19:47:26,797 [INFO] [client-9] Round 5 — training locally…
2026-10-06 19:47:27,000 [INFO] [client-9] Round 5 — sending update…
2026-10-06 19:47:27,006 [INFO] recv 13933B via direct in 802ms
2026-10-06 19:47:27,010 [INFO] [client-0] Round 5 — training locally…
2026-10-06 19:47:27,336 [INFO] [client-0] Round 5 — sending update…
2026-10-06 19:47:27,357 [INFO] send 13933B via direct in 1782ms (0.06 Mbit/s) to 904e8215f9e626b4
2026-10-06 19:47:27,359 [INFO] send 13933B via direct in 1778ms (0.06 Mbit/s) to adeed0b773eb8da1
2026-10-06 19:47:27,361 [INFO] send 13933B via direct in 1773ms (0.06 Mbit/s) to 6d6805f14f6b7588
2026-10-06 19:47:27,362 [INFO] send 13933B via direct in 1773ms (0.06 Mbit/s) to 19be4b7ff33e3e24
2026-10-06 19:47:27,367 [INFO] recv 13933B via direct in 1048ms
2026-10-06 19:47:27,373 [INFO] [client-7] Round 5 — training locally…
2026-10-06 19:47:27,626 [INFO] [client-7] Round 5 — sending update…
2026-10-06 19:47:27,628 [INFO] recv 13933B via direct in 946ms
2026-10-06 19:47:27,632 [INFO] [client-5] Round 5 — training locally…
2026-10-06 19:47:27,903 [INFO] [client-5] Round 5 — sending update…
2026-10-06 19:47:27,908 [INFO] recv 13933B via direct in 1348ms
2026-10-06 19:47:27,911 [INFO] [client-3] Round 5 — training locally…
2026-10-06 19:47:28,082 [INFO] [client-3] Round 5 — sending update…
2026-10-06 19:47:28,094 [INFO] send 13933B via direct in 2525ms (0.04 Mbit/s) to 55a3347154afdc3f
2026-10-06 19:47:28,095 [INFO] recv 13933B via direct in 1988ms
2026-10-06 19:47:28,098 [INFO] [client-8] Round 5 — training locally…
2026-10-06 19:47:28,310 [INFO] [client-8] Round 5 — sending update…
2026-10-06 19:47:28,314 [INFO] send 13933B via direct in 2525ms (0.04 Mbit/s) to ef1b25d891165faa
2026-10-06 19:47:28,319 [INFO] recv 13933B via direct in 970ms
2026-10-06 19:47:28,322 [INFO] [client-6] Round 5 — training locally…
2026-10-06 19:47:28,529 [INFO] [client-6] Round 5 — sending update…
2026-10-06 19:47:28,532 [INFO] send 13933B via direct in 2747ms (0.04 Mbit/s) to eb5db15743c5c9e5
2026-10-06 19:47:28,533 [INFO] send 13933B via direct in 2744ms (0.04 Mbit/s) to a511325c7ff6f41a
2026-10-06 19:47:28,534 [INFO] recv 13933B via direct in 228ms
2026-10-06 19:47:28,537 [INFO] [client-2] Round 5 — training locally…
2026-10-06 19:47:28,723 [INFO] [client-2] Round 5 — sending update…
2026-10-06 19:47:28,727 [INFO] send 13933B via direct in 2755ms (0.04 Mbit/s) to d3089b448ecd5c4c
2026-10-06 19:47:28,729 [INFO] recv 13933B via direct in 973ms
2026-10-06 19:47:28,733 [INFO] [client-1] Round 5 — training locally…
2026-10-06 19:47:28,966 [INFO] [client-1] Round 5 — sending update…
2026-10-06 19:47:28,979 [INFO] send 13933B via direct in 1971ms (0.06 Mbit/s) to a355b1fc851e3830
2026-10-06 19:47:29,010 [INFO] [client-9] Round 5 done — loss=1.0214 acc=0.5147  6.3s
2026-10-06 19:47:29,011 [INFO] [client-9] Round 6 — receiving model…
2026-10-06 19:47:29,020 [INFO] recv 13933B via direct in 3154ms
2026-10-06 19:47:29,023 [INFO] [client-4] Round 5 — training locally…
2026-10-06 19:47:29,219 [INFO] [client-4] Round 5 — sending update…
2026-10-06 19:47:29,399 [INFO] send 13933B via direct in 3839ms (0.03 Mbit/s) to ecc44b7a00420397
2026-10-06 19:47:29,402 [INFO] Round 5 — waiting for 10 updates…
2026-10-06 19:47:29,404 [INFO] recv 13933B via direct in 886ms
2026-10-06 19:47:29,722 [INFO] recv 13933B via direct in 743ms
2026-10-06 19:47:29,766 [INFO] recv 13933B via direct in 786ms
2026-10-06 19:47:29,806 [INFO] recv 13933B via direct in 581ms
2026-10-06 19:47:29,943 [INFO] send 13933B via direct in 2315ms (0.05 Mbit/s) to a355b1fc851e3830
2026-10-06 19:47:30,005 [INFO] [client-7] Round 5 done — loss=1.0324 acc=0.4368  6.3s
2026-10-06 19:47:30,006 [INFO] [client-7] Round 6 — receiving model…
2026-10-06 19:47:30,027 [INFO] send 13933B via direct in 1496ms (0.07 Mbit/s) to a355b1fc851e3830
2026-10-06 19:47:30,063 [INFO] [client-6] Round 5 done — loss=1.0198 acc=0.4941  6.5s
2026-10-06 19:47:30,064 [INFO] [client-6] Round 6 — receiving model…
2026-10-06 19:47:30,066 [INFO] send 13933B via direct in 1340ms (0.08 Mbit/s) to a355b1fc851e3830
2026-10-06 19:47:30,093 [INFO] [client-2] Round 5 done — loss=0.9762 acc=0.5127  6.4s
2026-10-06 19:47:30,094 [INFO] [client-2] Round 6 — receiving model…
2026-10-06 19:47:30,105 [INFO] recv 13933B via direct in 520ms
2026-10-06 19:47:30,275 [INFO] send 13933B via direct in 1306ms (0.09 Mbit/s) to a355b1fc851e3830
2026-10-06 19:47:30,330 [INFO] [client-1] Round 5 done — loss=1.0619 acc=0.4279  7.0s
2026-10-06 19:47:30,331 [INFO] [client-1] Round 6 — receiving model…
2026-10-06 19:47:30,373 [INFO] recv 13933B via direct in 512ms
2026-10-06 19:47:30,431 [INFO] recv 13933B via direct in 321ms
2026-10-06 19:47:30,465 [INFO] send 13933B via direct in 2378ms (0.05 Mbit/s) to a355b1fc851e3830
2026-10-06 19:47:30,497 [INFO] [client-3] Round 5 done — loss=1.0450 acc=0.4423  4.9s
2026-10-06 19:47:30,498 [INFO] [client-3] Round 6 — receiving model…
2026-10-06 19:47:30,514 [INFO] send 13933B via direct in 2608ms (0.04 Mbit/s) to a355b1fc851e3830
2026-10-06 19:47:30,549 [INFO] [client-5] Round 5 done — loss=0.9796 acc=0.5515  7.8s
2026-10-06 19:47:30,550 [INFO] [client-5] Round 6 — receiving model…
2026-10-06 19:47:31,294 [INFO] recv 13933B via direct in 441ms
2026-10-06 19:47:31,345 [INFO] send 13933B via direct in 2122ms (0.05 Mbit/s) to a355b1fc851e3830
2026-10-06 19:47:31,403 [INFO] [client-4] Round 5 done — loss=1.0204 acc=0.4887  8.1s
2026-10-06 19:47:31,406 [INFO] [client-4] Round 6 — receiving model…
2026-10-06 19:47:33,328 [INFO] recv 13933B via direct in 500ms
2026-10-06 19:47:33,402 [INFO] send 13933B via direct in 6059ms (0.02 Mbit/s) to a355b1fc851e3830
2026-10-06 19:47:33,453 [INFO] [client-0] Round 5 done — loss=1.0596 acc=0.4510  11.6s
2026-10-06 19:47:33,454 [INFO] [client-0] Round 6 — receiving model…
2026-10-06 19:47:37,288 [INFO] recv 13933B via direct in 8312ms
2026-10-06 19:47:37,325 [INFO] Round 5/20  acc=0.4504  loss=1.0691  11.8s  clients=10
2026-10-06 19:47:37,326 [INFO] Round 6 — sending model to 10 clients…
2026-10-06 19:47:37,366 [INFO] send 13933B via direct in 9053ms (0.01 Mbit/s) to a355b1fc851e3830
2026-10-06 19:47:37,385 [INFO] [client-8] Round 5 done — loss=0.7624 acc=0.7122  13.2s
2026-10-06 19:47:37,388 [INFO] [client-8] Round 6 — receiving model…
2026-10-06 19:47:38,612 [INFO] recv 13933B via direct in 971ms
2026-10-06 19:47:38,620 [INFO] [client-3] Round 6 — training locally…
2026-10-06 19:47:38,882 [INFO] [client-3] Round 6 — sending update…
2026-10-06 19:47:38,889 [INFO] recv 13933B via direct in 1155ms
2026-10-06 19:47:38,893 [INFO] [client-5] Round 6 — training locally…
2026-10-06 19:47:39,065 [INFO] [client-5] Round 6 — sending update…
2026-10-06 19:47:39,068 [INFO] recv 13933B via direct in 1063ms
2026-10-06 19:47:39,072 [INFO] [client-1] Round 6 — training locally…
2026-10-06 19:47:39,272 [INFO] [client-1] Round 6 — sending update…
2026-10-06 19:47:39,277 [INFO] recv 13933B via direct in 982ms
2026-10-06 19:47:39,282 [INFO] [client-2] Round 6 — training locally…
2026-10-06 19:47:39,530 [INFO] [client-2] Round 6 — sending update…
2026-10-06 19:47:39,553 [INFO] send 13933B via direct in 2207ms (0.05 Mbit/s) to 55a3347154afdc3f
2026-10-06 19:47:39,554 [INFO] send 13933B via direct in 2204ms (0.05 Mbit/s) to d3089b448ecd5c4c
2026-10-06 19:47:39,555 [INFO] send 13933B via direct in 2204ms (0.05 Mbit/s) to a511325c7ff6f41a
2026-10-06 19:47:39,557 [INFO] send 13933B via direct in 2206ms (0.05 Mbit/s) to 19be4b7ff33e3e24
2026-10-06 19:47:39,559 [INFO] send 13933B via direct in 2200ms (0.05 Mbit/s) to 904e8215f9e626b4
2026-10-06 19:47:39,560 [INFO] send 13933B via direct in 2198ms (0.05 Mbit/s) to eb5db15743c5c9e5
2026-10-06 19:47:39,563 [INFO] send 13933B via direct in 2208ms (0.05 Mbit/s) to 6d6805f14f6b7588
2026-10-06 19:47:39,565 [INFO] recv 13933B via direct in 1368ms
2026-10-06 19:47:39,568 [INFO] [client-9] Round 6 — training locally…
2026-10-06 19:47:39,743 [INFO] [client-9] Round 6 — sending update…
2026-10-06 19:47:39,745 [INFO] recv 13933B via direct in 1270ms
2026-10-06 19:47:39,749 [INFO] [client-6] Round 6 — training locally…
2026-10-06 19:47:39,906 [INFO] [client-6] Round 6 — sending update…
2026-10-06 19:47:39,911 [INFO] recv 13933B via direct in 1533ms
2026-10-06 19:47:39,915 [INFO] [client-7] Round 6 — training locally…
2026-10-06 19:47:40,130 [INFO] [client-7] Round 6 — sending update…
2026-10-06 19:47:40,176 [INFO] recv 13933B via direct in 633ms
2026-10-06 19:47:40,180 [INFO] [client-0] Round 6 — training locally…
2026-10-06 19:47:40,364 [INFO] [client-0] Round 6 — sending update…
2026-10-06 19:47:40,400 [INFO] send 13933B via direct in 3061ms (0.04 Mbit/s) to adeed0b773eb8da1
2026-10-06 19:47:40,438 [INFO] send 13933B via direct in 1369ms (0.08 Mbit/s) to a355b1fc851e3830
2026-10-06 19:47:40,490 [INFO] [client-5] Round 6 done — loss=0.9909 acc=0.5381  9.9s
2026-10-06 19:47:40,492 [INFO] [client-5] Round 7 — receiving model…
2026-10-06 19:47:41,135 [INFO] send 13933B via direct in 1601ms (0.07 Mbit/s) to a355b1fc851e3830
2026-10-06 19:47:41,200 [INFO] [client-2] Round 6 done — loss=0.9663 acc=0.5185  11.1s
2026-10-06 19:47:41,202 [INFO] [client-2] Round 7 — receiving model…
2026-10-06 19:47:41,369 [INFO] send 13933B via direct in 1624ms (0.07 Mbit/s) to a355b1fc851e3830
2026-10-06 19:47:41,430 [INFO] [client-9] Round 6 done — loss=1.0174 acc=0.5088  12.4s
2026-10-06 19:47:41,432 [INFO] [client-9] Round 7 — receiving model…
2026-10-06 19:47:41,564 [INFO] send 13933B via direct in 2679ms (0.04 Mbit/s) to a355b1fc851e3830
2026-10-06 19:47:41,599 [INFO] [client-3] Round 6 done — loss=1.0509 acc=0.4451  11.1s
2026-10-06 19:47:41,600 [INFO] [client-3] Round 7 — receiving model…
2026-10-06 19:47:41,640 [INFO] recv 13933B via direct in 2103ms
2026-10-06 19:47:41,643 [INFO] [client-4] Round 6 — training locally…
2026-10-06 19:47:41,875 [INFO] [client-4] Round 6 — sending update…
2026-10-06 19:47:41,887 [INFO] send 13933B via direct in 2606ms (0.04 Mbit/s) to a355b1fc851e3830
2026-10-06 19:47:41,909 [INFO] [client-1] Round 6 done — loss=1.0639 acc=0.4193  11.6s
2026-10-06 19:47:41,910 [INFO] [client-1] Round 7 — receiving model…
2026-10-06 19:47:41,911 [INFO] send 13933B via direct in 1972ms (0.06 Mbit/s) to a355b1fc851e3830
2026-10-06 19:47:41,941 [INFO] [client-6] Round 6 done — loss=1.0187 acc=0.4726  11.9s
2026-10-06 19:47:41,943 [INFO] [client-6] Round 7 — receiving model…
2026-10-06 19:47:41,944 [INFO] send 13933B via direct in 4548ms (0.02 Mbit/s) to ecc44b7a00420397
2026-10-06 19:47:42,095 [INFO] send 13933B via direct in 1726ms (0.06 Mbit/s) to a355b1fc851e3830
2026-10-06 19:47:42,128 [INFO] [client-0] Round 6 done — loss=1.0551 acc=0.4453  8.7s
2026-10-06 19:47:42,130 [INFO] [client-0] Round 7 — receiving model…
2026-10-06 19:47:42,221 [INFO] recv 13933B via direct in 337ms
2026-10-06 19:47:42,224 [INFO] [client-8] Round 6 — training locally…
2026-10-06 19:47:42,475 [INFO] [client-8] Round 6 — sending update…
2026-10-06 19:47:42,480 [INFO] send 13933B via direct in 5146ms (0.02 Mbit/s) to ef1b25d891165faa
2026-10-06 19:47:42,482 [INFO] Round 6 — waiting for 10 updates…
2026-10-06 19:47:42,483 [INFO] recv 13933B via direct in 831ms
2026-10-06 19:47:42,487 [INFO] recv 13933B via direct in 735ms
2026-10-06 19:47:42,490 [INFO] recv 13933B via direct in 688ms
2026-10-06 19:47:42,493 [INFO] recv 13933B via direct in 940ms
2026-10-06 19:47:42,496 [INFO] recv 13933B via direct in 770ms
2026-10-06 19:47:42,500 [INFO] recv 13933B via direct in 1108ms
2026-10-06 19:47:42,503 [INFO] recv 13933B via direct in 913ms
2026-10-06 19:47:42,508 [INFO] recv 13933B via direct in 624ms
2026-10-06 19:47:42,562 [INFO] send 13933B via direct in 2430ms (0.05 Mbit/s) to a355b1fc851e3830
2026-10-06 19:47:42,608 [INFO] [client-7] Round 6 done — loss=1.0298 acc=0.4433  12.6s
2026-10-06 19:47:42,610 [INFO] [client-7] Round 7 — receiving model…
2026-10-06 19:47:42,961 [INFO] recv 13933B via direct in 268ms
2026-10-06 19:47:43,019 [INFO] send 13933B via direct in 540ms (0.21 Mbit/s) to a355b1fc851e3830
2026-10-06 19:47:43,069 [INFO] [client-8] Round 6 done — loss=0.7622 acc=0.7119  5.7s
2026-10-06 19:47:43,070 [INFO] [client-8] Round 7 — receiving model…
2026-10-06 19:47:43,640 [INFO] recv 13933B via direct in 439ms
2026-10-06 19:47:43,698 [INFO] Round 6/20  acc=0.4473  loss=1.0709  6.4s  clients=10
2026-10-06 19:47:43,700 [INFO] Round 7 — sending model to 10 clients…
2026-10-06 19:47:43,721 [INFO] send 13933B via direct in 1840ms (0.06 Mbit/s) to a355b1fc851e3830
2026-10-06 19:47:43,759 [INFO] [client-4] Round 6 done — loss=1.0186 acc=0.4952  12.4s
2026-10-06 19:47:43,760 [INFO] [client-4] Round 7 — receiving model…
2026-10-06 19:47:44,992 [INFO] recv 13933B via direct in 973ms
2026-10-06 19:47:44,996 [INFO] [client-1] Round 7 — training locally…
2026-10-06 19:47:45,284 [INFO] [client-1] Round 7 — sending update…
2026-10-06 19:47:45,298 [INFO] recv 13933B via direct in 1110ms
2026-10-06 19:47:45,301 [INFO] [client-4] Round 7 — training locally…
2026-10-06 19:47:45,606 [INFO] [client-4] Round 7 — sending update…
2026-10-06 19:47:45,611 [INFO] recv 13933B via direct in 1008ms
2026-10-06 19:47:45,617 [INFO] [client-3] Round 7 — training locally…
2026-10-06 19:47:45,846 [INFO] [client-3] Round 7 — sending update…
2026-10-06 19:47:45,850 [INFO] recv 13933B via direct in 916ms
2026-10-06 19:47:45,855 [INFO] [client-2] Round 7 — training locally…
2026-10-06 19:47:46,031 [INFO] [client-2] Round 7 — sending update…
2026-10-06 19:47:46,035 [INFO] recv 13933B via direct in 820ms
2026-10-06 19:47:46,040 [INFO] [client-6] Round 7 — training locally…
2026-10-06 19:47:46,238 [INFO] [client-6] Round 7 — sending update…
2026-10-06 19:47:46,261 [INFO] send 13933B via direct in 2538ms (0.04 Mbit/s) to d3089b448ecd5c4c
2026-10-06 19:47:46,263 [INFO] send 13933B via direct in 2529ms (0.04 Mbit/s) to ecc44b7a00420397
2026-10-06 19:47:46,265 [INFO] send 13933B via direct in 2529ms (0.04 Mbit/s) to 55a3347154afdc3f
2026-10-06 19:47:46,266 [INFO] send 13933B via direct in 2528ms (0.04 Mbit/s) to a511325c7ff6f41a
2026-10-06 19:47:46,267 [INFO] send 13933B via direct in 2528ms (0.04 Mbit/s) to eb5db15743c5c9e5
2026-10-06 19:47:46,268 [INFO] send 13933B via direct in 2527ms (0.04 Mbit/s) to 6d6805f14f6b7588
2026-10-06 19:47:46,270 [INFO] send 13933B via direct in 2526ms (0.04 Mbit/s) to 19be4b7ff33e3e24
2026-10-06 19:47:46,271 [INFO] recv 13933B via direct in 1692ms
2026-10-06 19:47:46,274 [INFO] [client-7] Round 7 — training locally…
2026-10-06 19:47:46,471 [INFO] [client-7] Round 7 — sending update…
2026-10-06 19:47:46,474 [INFO] recv 13933B via direct in 1600ms
2026-10-06 19:47:46,477 [INFO] [client-5] Round 7 — training locally…
2026-10-06 19:47:46,640 [INFO] [client-5] Round 7 — sending update…
2026-10-06 19:47:46,987 [INFO] recv 13933B via direct in 741ms
2026-10-06 19:47:46,993 [INFO] [client-9] Round 7 — training locally…
2026-10-06 19:47:47,184 [INFO] [client-9] Round 7 — sending update…
2026-10-06 19:47:47,244 [INFO] send 13933B via direct in 1395ms (0.08 Mbit/s) to a355b1fc851e3830
2026-10-06 19:47:47,290 [INFO] [client-3] Round 7 done — loss=1.0439 acc=0.4485  5.7s
2026-10-06 19:47:47,292 [INFO] [client-3] Round 8 — receiving model…
2026-10-06 19:47:47,293 [INFO] send 13933B via direct in 3584ms (0.03 Mbit/s) to 904e8215f9e626b4
2026-10-06 19:47:47,322 [INFO] send 13933B via direct in 2031ms (0.06 Mbit/s) to a355b1fc851e3830
2026-10-06 19:47:47,343 [INFO] [client-1] Round 7 done — loss=1.0580 acc=0.4224  5.4s
2026-10-06 19:47:47,344 [INFO] [client-1] Round 8 — receiving model…
2026-10-06 19:47:47,426 [INFO] send 13933B via direct in 1815ms (0.06 Mbit/s) to a355b1fc851e3830
2026-10-06 19:47:47,471 [INFO] [client-4] Round 7 done — loss=1.0155 acc=0.4966  3.7s
2026-10-06 19:47:47,473 [INFO] [client-4] Round 8 — receiving model…
2026-10-06 19:47:47,522 [INFO] send 13933B via direct in 1488ms (0.08 Mbit/s) to a355b1fc851e3830
2026-10-06 19:47:47,557 [INFO] [client-2] Round 7 done — loss=0.9663 acc=0.5134  6.4s
2026-10-06 19:47:47,558 [INFO] [client-2] Round 8 — receiving model…
2026-10-06 19:47:47,949 [INFO] recv 13933B via direct in 1705ms
2026-10-06 19:47:47,952 [INFO] [client-8] Round 7 — training locally…
2026-10-06 19:47:48,152 [INFO] [client-8] Round 7 — sending update…
2026-10-06 19:47:48,160 [INFO] send 13933B via direct in 1685ms (0.07 Mbit/s) to a355b1fc851e3830
2026-10-06 19:47:48,193 [INFO] [client-7] Round 7 done — loss=1.0286 acc=0.4550  5.6s
2026-10-06 19:47:48,194 [INFO] [client-7] Round 8 — receiving model…
2026-10-06 19:47:48,196 [INFO] send 13933B via direct in 1516ms (0.07 Mbit/s) to a355b1fc851e3830
2026-10-06 19:47:48,217 [INFO] [client-5] Round 7 done — loss=0.9796 acc=0.5498  7.7s
2026-10-06 19:47:48,219 [INFO] [client-5] Round 8 — receiving model…
2026-10-06 19:47:48,221 [INFO] send 13933B via direct in 4447ms (0.03 Mbit/s) to ef1b25d891165faa
2026-10-06 19:47:48,598 [INFO] send 13933B via direct in 1411ms (0.08 Mbit/s) to a355b1fc851e3830
2026-10-06 19:47:48,658 [INFO] [client-9] Round 7 done — loss=1.0117 acc=0.5228  7.2s
2026-10-06 19:47:48,660 [INFO] [client-9] Round 8 — receiving model…
2026-10-06 19:47:48,663 [INFO] send 13933B via direct in 2422ms (0.05 Mbit/s) to a355b1fc851e3830
2026-10-06 19:47:48,698 [INFO] [client-6] Round 7 done — loss=1.0155 acc=0.4851  6.8s
2026-10-06 19:47:48,700 [INFO] [client-6] Round 8 — receiving model…
2026-10-06 19:47:48,701 [INFO] recv 13933B via direct in 503ms
2026-10-06 19:47:48,704 [INFO] [client-0] Round 7 — training locally…
2026-10-06 19:47:48,860 [INFO] [client-0] Round 7 — sending update…
2026-10-06 19:47:48,865 [INFO] send 13933B via direct in 5157ms (0.02 Mbit/s) to adeed0b773eb8da1
2026-10-06 19:47:48,866 [INFO] Round 7 — waiting for 10 updates…
2026-10-06 19:47:48,867 [INFO] recv 13933B via direct in 721ms
2026-10-06 19:47:48,871 [INFO] recv 13933B via direct in 946ms
2026-10-06 19:47:48,874 [INFO] recv 13933B via direct in 946ms
2026-10-06 19:47:48,877 [INFO] recv 13933B via direct in 590ms
2026-10-06 19:47:48,880 [INFO] recv 13933B via direct in 533ms
2026-10-06 19:47:48,883 [INFO] recv 13933B via direct in 427ms
2026-10-06 19:47:48,886 [INFO] recv 13933B via direct in 679ms
2026-10-06 19:47:48,891 [INFO] recv 13933B via direct in 580ms
2026-10-06 19:47:48,894 [INFO] recv 13933B via direct in 350ms
2026-10-06 19:47:48,931 [INFO] send 13933B via direct in 775ms (0.14 Mbit/s) to a355b1fc851e3830
2026-10-06 19:47:48,973 [INFO] [client-8] Round 7 done — loss=0.7710 acc=0.7095  5.9s
2026-10-06 19:47:48,975 [INFO] [client-8] Round 8 — receiving model…
2026-10-06 19:47:50,571 [INFO] recv 13933B via direct in 244ms
2026-10-06 19:47:50,617 [INFO] Round 7/20  acc=0.4695  loss=1.0610  6.9s  clients=10
2026-10-06 19:47:50,620 [INFO] Round 8 — sending model to 10 clients…
2026-10-06 19:47:50,638 [INFO] send 13933B via direct in 1774ms (0.06 Mbit/s) to a355b1fc851e3830
2026-10-06 19:47:50,669 [INFO] [client-0] Round 7 done — loss=1.0564 acc=0.4566  8.5s
2026-10-06 19:47:50,670 [INFO] [client-0] Round 8 — receiving model…
2026-10-06 19:47:51,547 [INFO] recv 13933B via direct in 638ms
2026-10-06 19:47:51,551 [INFO] [client-4] Round 8 — training locally…
2026-10-06 19:47:51,832 [INFO] [client-4] Round 8 — sending update…
2026-10-06 19:47:51,839 [INFO] send 13933B via direct in 1208ms (0.09 Mbit/s) to ecc44b7a00420397
2026-10-06 19:47:51,841 [INFO] send 13933B via direct in 1207ms (0.09 Mbit/s) to 6d6805f14f6b7588
2026-10-06 19:47:51,842 [INFO] recv 13933B via direct in 837ms
2026-10-06 19:47:51,845 [INFO] [client-7] Round 8 — training locally…
2026-10-06 19:47:52,076 [INFO] [client-7] Round 8 — sending update…
2026-10-06 19:47:52,079 [INFO] recv 13933B via direct in 559ms
2026-10-06 19:47:52,085 [INFO] [client-3] Round 8 — training locally…
2026-10-06 19:47:52,254 [INFO] [client-3] Round 8 — sending update…
2026-10-06 19:47:52,272 [INFO] send 13933B via direct in 1624ms (0.07 Mbit/s) to 55a3347154afdc3f
2026-10-06 19:47:52,333 [INFO] recv 13933B via direct in 1147ms
2026-10-06 19:47:52,338 [INFO] [client-1] Round 8 — training locally…
2026-10-06 19:47:52,577 [INFO] [client-1] Round 8 — sending update…
2026-10-06 19:47:52,880 [INFO] send 13933B via direct in 2245ms (0.05 Mbit/s) to d3089b448ecd5c4c
2026-10-06 19:47:53,061 [INFO] recv 13933B via direct in 1966ms
2026-10-06 19:47:53,064 [INFO] [client-8] Round 8 — training locally…
2026-10-06 19:47:53,285 [INFO] [client-8] Round 8 — sending update…
2026-10-06 19:47:53,291 [INFO] recv 13933B via direct in 1030ms
2026-10-06 19:47:53,294 [INFO] [client-2] Round 8 — training locally…
2026-10-06 19:47:53,514 [INFO] [client-2] Round 8 — sending update…
2026-10-06 19:47:53,527 [INFO] send 13933B via direct in 2887ms (0.04 Mbit/s) to ef1b25d891165faa
2026-10-06 19:47:53,529 [INFO] recv 13933B via direct in 1265ms
2026-10-06 19:47:53,533 [INFO] [client-5] Round 8 — training locally…
2026-10-06 19:47:53,735 [INFO] [client-5] Round 8 — sending update…
2026-10-06 19:47:53,740 [INFO] recv 13933B via direct in 1265ms
2026-10-06 19:47:53,744 [INFO] [client-6] Round 8 — training locally…
2026-10-06 19:47:53,930 [INFO] [client-6] Round 8 — sending update…
2026-10-06 19:47:53,945 [INFO] send 13933B via direct in 3311ms (0.03 Mbit/s) to a511325c7ff6f41a
2026-10-06 19:47:53,947 [INFO] send 13933B via direct in 3310ms (0.03 Mbit/s) to 19be4b7ff33e3e24
2026-10-06 19:47:53,950 [INFO] send 13933B via direct in 2103ms (0.05 Mbit/s) to a355b1fc851e3830
2026-10-06 19:47:53,981 [INFO] [client-4] Round 8 done — loss=1.0200 acc=0.4876  6.5s
2026-10-06 19:47:53,982 [INFO] [client-4] Round 9 — receiving model…
2026-10-06 19:47:53,984 [INFO] send 13933B via direct in 3317ms (0.03 Mbit/s) to adeed0b773eb8da1
2026-10-06 19:47:53,985 [INFO] send 13933B via direct in 3306ms (0.03 Mbit/s) to eb5db15743c5c9e5
2026-10-06 19:47:53,988 [INFO] recv 13933B via direct in 1681ms
2026-10-06 19:47:53,994 [INFO] [client-0] Round 8 — training locally…
2026-10-06 19:47:54,130 [INFO] [client-0] Round 8 — sending update…
2026-10-06 19:47:54,132 [INFO] recv 13933B via direct in 1681ms
2026-10-06 19:47:54,134 [INFO] [client-9] Round 8 — training locally…
2026-10-06 19:47:54,301 [INFO] [client-9] Round 8 — sending update…
2026-10-06 19:47:54,307 [INFO] send 13933B via direct in 3670ms (0.03 Mbit/s) to 904e8215f9e626b4
2026-10-06 19:47:54,309 [INFO] send 13933B via direct in 1726ms (0.06 Mbit/s) to a355b1fc851e3830
2026-10-06 19:47:54,335 [INFO] [client-1] Round 8 done — loss=1.0598 acc=0.4166  7.0s
2026-10-06 19:47:54,336 [INFO] [client-1] Round 9 — receiving model…
2026-10-06 19:47:54,337 [INFO] Round 8 — waiting for 10 updates…
2026-10-06 19:47:54,338 [INFO] recv 13933B via direct in 1159ms
2026-10-06 19:47:54,341 [INFO] recv 13933B via direct in 371ms
2026-10-06 19:47:54,535 [INFO] recv 13933B via direct in 595ms
2026-10-06 19:47:54,565 [INFO] recv 13933B via direct in 260ms
2026-10-06 19:47:54,799 [INFO] send 13933B via direct in 1509ms (0.07 Mbit/s) to a355b1fc851e3830
2026-10-06 19:47:54,849 [INFO] [client-8] Round 8 done — loss=0.7681 acc=0.7112  5.9s
2026-10-06 19:47:54,851 [INFO] [client-8] Round 9 — receiving model…
2026-10-06 19:47:54,856 [INFO] send 13933B via direct in 1337ms (0.08 Mbit/s) to a355b1fc851e3830
2026-10-06 19:47:54,891 [INFO] [client-2] Round 8 done — loss=0.9620 acc=0.5234  7.3s
2026-10-06 19:47:54,893 [INFO] [client-2] Round 9 — receiving model…
2026-10-06 19:47:55,042 [INFO] recv 13933B via direct in 2016ms
2026-10-06 19:47:55,065 [INFO] recv 13933B via direct in 720ms
2026-10-06 19:47:55,177 [INFO] send 13933B via direct in 3097ms (0.04 Mbit/s) to a355b1fc851e3830
2026-10-06 19:47:55,198 [INFO] [client-7] Round 8 done — loss=1.0310 acc=0.4526  7.0s
2026-10-06 19:47:55,199 [INFO] [client-7] Round 9 — receiving model…
2026-10-06 19:47:55,201 [INFO] send 13933B via direct in 2943ms (0.04 Mbit/s) to a355b1fc851e3830
2026-10-06 19:47:55,233 [INFO] [client-3] Round 8 done — loss=1.0441 acc=0.4574  7.9s
2026-10-06 19:47:55,234 [INFO] [client-3] Round 9 — receiving model…
2026-10-06 19:47:55,365 [INFO] recv 13933B via direct in 638ms
2026-10-06 19:47:55,507 [INFO] send 13933B via direct in 1375ms (0.08 Mbit/s) to a355b1fc851e3830
2026-10-06 19:47:55,561 [INFO] [client-0] Round 8 done — loss=1.0531 acc=0.4575  4.9s
2026-10-06 19:47:55,562 [INFO] [client-0] Round 9 — receiving model…
2026-10-06 19:47:55,646 [INFO] recv 13933B via direct in 788ms
2026-10-06 19:47:55,694 [INFO] send 13933B via direct in 1389ms (0.08 Mbit/s) to a355b1fc851e3830
2026-10-06 19:47:55,736 [INFO] [client-9] Round 8 done — loss=1.0132 acc=0.5242  7.1s
2026-10-06 19:47:55,738 [INFO] [client-9] Round 9 — receiving model…
2026-10-06 19:47:55,818 [INFO] recv 13933B via direct in 1358ms
2026-10-06 19:47:55,890 [INFO] send 13933B via direct in 1956ms (0.06 Mbit/s) to a355b1fc851e3830
2026-10-06 19:47:55,926 [INFO] [client-6] Round 8 done — loss=1.0163 acc=0.4851  7.2s
2026-10-06 19:47:55,927 [INFO] [client-6] Round 9 — receiving model…
2026-10-06 19:47:59,307 [INFO] recv 13933B via direct in 2109ms
2026-10-06 19:47:59,349 [INFO] Round 8/20  acc=0.4563  loss=1.0669  8.7s  clients=10
2026-10-06 19:47:59,351 [INFO] Round 9 — sending model to 10 clients…
2026-10-06 19:47:59,387 [INFO] send 13933B via direct in 5649ms (0.02 Mbit/s) to a355b1fc851e3830
2026-10-06 19:47:59,418 [INFO] [client-5] Round 8 done — loss=0.9781 acc=0.5546  11.2s
2026-10-06 19:47:59,420 [INFO] [client-5] Round 9 — receiving model…
2026-10-06 19:48:00,951 [INFO] recv 13933B via direct in 1233ms
2026-10-06 19:48:00,954 [INFO] [client-7] Round 9 — training locally…
2026-10-06 19:48:01,159 [INFO] [client-7] Round 9 — sending update…
2026-10-06 19:48:01,164 [INFO] recv 13933B via direct in 1342ms
2026-10-06 19:48:01,169 [INFO] [client-9] Round 9 — training locally…
2026-10-06 19:48:01,327 [INFO] [client-9] Round 9 — sending update…
2026-10-06 19:48:01,332 [INFO] recv 13933B via direct in 1251ms
2026-10-06 19:48:01,335 [INFO] [client-3] Round 9 — training locally…
2026-10-06 19:48:01,564 [INFO] [client-3] Round 9 — sending update…
2026-10-06 19:48:01,575 [INFO] send 13933B via direct in 2216ms (0.05 Mbit/s) to 6d6805f14f6b7588
2026-10-06 19:48:01,577 [INFO] send 13933B via direct in 2215ms (0.05 Mbit/s) to 904e8215f9e626b4
2026-10-06 19:48:01,579 [INFO] send 13933B via direct in 2214ms (0.05 Mbit/s) to 55a3347154afdc3f
2026-10-06 19:48:01,581 [INFO] send 13933B via direct in 2212ms (0.05 Mbit/s) to ef1b25d891165faa
2026-10-06 19:48:01,583 [INFO] send 13933B via direct in 2211ms (0.05 Mbit/s) to eb5db15743c5c9e5
2026-10-06 19:48:01,585 [INFO] send 13933B via direct in 2209ms (0.05 Mbit/s) to ecc44b7a00420397
2026-10-06 19:48:01,586 [INFO] recv 13933B via direct in 1551ms
2026-10-06 19:48:01,590 [INFO] [client-8] Round 9 — training locally…
2026-10-06 19:48:01,855 [INFO] [client-8] Round 9 — sending update…
2026-10-06 19:48:01,859 [INFO] recv 13933B via direct in 1460ms
2026-10-06 19:48:01,864 [INFO] [client-6] Round 9 — training locally…
2026-10-06 19:48:02,081 [INFO] [client-6] Round 9 — sending update…
2026-10-06 19:48:02,084 [INFO] send 13933B via direct in 2205ms (0.05 Mbit/s) to d3089b448ecd5c4c
2026-10-06 19:48:02,085 [INFO] recv 13933B via direct in 1364ms
2026-10-06 19:48:02,091 [INFO] [client-4] Round 9 — training locally…
2026-10-06 19:48:02,272 [INFO] [client-4] Round 9 — sending update…
2026-10-06 19:48:02,274 [INFO] recv 13933B via direct in 1269ms
2026-10-06 19:48:02,277 [INFO] [client-0] Round 9 — training locally…
2026-10-06 19:48:02,414 [INFO] [client-0] Round 9 — sending update…
2026-10-06 19:48:02,417 [INFO] recv 13933B via direct in 1176ms
2026-10-06 19:48:02,421 [INFO] [client-1] Round 9 — training locally…
2026-10-06 19:48:02,637 [INFO] [client-1] Round 9 — sending update…
2026-10-06 19:48:02,656 [INFO] send 13933B via direct in 3293ms (0.03 Mbit/s) to a511325c7ff6f41a
2026-10-06 19:48:02,662 [INFO] send 13933B via direct in 3276ms (0.03 Mbit/s) to 19be4b7ff33e3e24
2026-10-06 19:48:02,665 [INFO] recv 13933B via direct in 2972ms
2026-10-06 19:48:02,667 [INFO] [client-2] Round 9 — training locally…
2026-10-06 19:48:02,862 [INFO] [client-2] Round 9 — sending update…
2026-10-06 19:48:02,864 [INFO] recv 13933B via direct in 1089ms
2026-10-06 19:48:02,869 [INFO] [client-5] Round 9 — training locally…
2026-10-06 19:48:03,013 [INFO] [client-5] Round 9 — sending update…
2026-10-06 19:48:03,526 [INFO] send 13933B via direct in 4161ms (0.03 Mbit/s) to adeed0b773eb8da1
2026-10-06 19:48:03,528 [INFO] Round 9 — waiting for 10 updates…
2026-10-06 19:48:03,544 [INFO] recv 13933B via direct in 896ms
2026-10-06 19:48:03,599 [INFO] recv 13933B via direct in 581ms
2026-10-06 19:48:03,905 [INFO] send 13933B via direct in 1821ms (0.06 Mbit/s) to a355b1fc851e3830
2026-10-06 19:48:03,964 [INFO] [client-6] Round 9 done — loss=1.0124 acc=0.4910  8.0s
2026-10-06 19:48:03,966 [INFO] [client-6] Round 10 — receiving model…
2026-10-06 19:48:03,997 [INFO] send 13933B via direct in 1581ms (0.07 Mbit/s) to a355b1fc851e3830
2026-10-06 19:48:04,033 [INFO] [client-0] Round 9 done — loss=1.0499 acc=0.4523  8.5s
2026-10-06 19:48:04,034 [INFO] [client-0] Round 10 — receiving model…
2026-10-06 19:48:04,380 [INFO] recv 13933B via direct in 1207ms
2026-10-06 19:48:04,472 [INFO] recv 13933B via direct in 1226ms
2026-10-06 19:48:04,524 [INFO] recv 13933B via direct in 720ms
2026-10-06 19:48:04,621 [INFO] recv 13933B via direct in 652ms
2026-10-06 19:48:04,624 [INFO] send 13933B via direct in 3462ms (0.03 Mbit/s) to a355b1fc851e3830
2026-10-06 19:48:04,660 [INFO] [client-7] Round 9 done — loss=1.0306 acc=0.4505  9.5s
2026-10-06 19:48:04,662 [INFO] [client-7] Round 10 — receiving model…
2026-10-06 19:48:04,665 [INFO] recv 13933B via direct in 2018ms
2026-10-06 19:48:04,690 [INFO] recv 13933B via direct in 1316ms
2026-10-06 19:48:04,703 [INFO] send 13933B via direct in 3373ms (0.03 Mbit/s) to a355b1fc851e3830
2026-10-06 19:48:04,754 [INFO] [client-9] Round 9 done — loss=1.0148 acc=0.5165  9.0s
2026-10-06 19:48:04,755 [INFO] [client-9] Round 10 — receiving model…
2026-10-06 19:48:04,758 [INFO] send 13933B via direct in 1893ms (0.06 Mbit/s) to a355b1fc851e3830
2026-10-06 19:48:04,795 [INFO] [client-2] Round 9 done — loss=0.9718 acc=0.5206  9.9s
2026-10-06 19:48:04,796 [INFO] [client-2] Round 10 — receiving model…
2026-10-06 19:48:04,798 [INFO] recv 13933B via direct in 615ms
2026-10-06 19:48:04,805 [INFO] send 13933B via direct in 1788ms (0.06 Mbit/s) to a355b1fc851e3830
2026-10-06 19:48:04,845 [INFO] [client-5] Round 9 done — loss=0.9688 acc=0.5567  5.4s
2026-10-06 19:48:04,847 [INFO] [client-5] Round 10 — receiving model…
2026-10-06 19:48:04,849 [INFO] send 13933B via direct in 2991ms (0.04 Mbit/s) to a355b1fc851e3830
2026-10-06 19:48:04,879 [INFO] [client-8] Round 9 done — loss=0.7680 acc=0.7112  10.0s
2026-10-06 19:48:04,880 [INFO] [client-8] Round 10 — receiving model…
2026-10-06 19:48:04,881 [INFO] send 13933B via direct in 2206ms (0.05 Mbit/s) to a355b1fc851e3830
2026-10-06 19:48:04,910 [INFO] [client-1] Round 9 done — loss=1.0592 acc=0.4190  10.6s
2026-10-06 19:48:04,911 [INFO] [client-1] Round 10 — receiving model…
2026-10-06 19:48:04,913 [INFO] send 13933B via direct in 3346ms (0.03 Mbit/s) to a355b1fc851e3830
2026-10-06 19:48:04,941 [INFO] [client-3] Round 9 done — loss=1.0493 acc=0.4492  9.7s
2026-10-06 19:48:04,942 [INFO] [client-3] Round 10 — receiving model…
2026-10-06 19:48:05,006 [INFO] recv 13933B via direct in 2351ms
2026-10-06 19:48:05,057 [INFO] Round 9/20  acc=0.4631  loss=1.0617  5.7s  clients=10
2026-10-06 19:48:05,059 [INFO] Round 10 — sending model to 10 clients…
2026-10-06 19:48:05,076 [INFO] send 13933B via direct in 2802ms (0.04 Mbit/s) to a355b1fc851e3830
2026-10-06 19:48:05,100 [INFO] [client-4] Round 9 done — loss=1.0183 acc=0.4897  11.1s
2026-10-06 19:48:05,101 [INFO] [client-4] Round 10 — receiving model…
2026-10-06 19:48:06,175 [INFO] recv 13933B via direct in 806ms
2026-10-06 19:48:06,179 [INFO] [client-2] Round 10 — training locally…
2026-10-06 19:48:06,382 [INFO] [client-2] Round 10 — sending update…
2026-10-06 19:48:06,392 [INFO] recv 13933B via direct in 939ms
2026-10-06 19:48:06,396 [INFO] [client-6] Round 10 — training locally…
2026-10-06 19:48:06,641 [INFO] [client-6] Round 10 — sending update…
2026-10-06 19:48:06,643 [INFO] recv 13933B via direct in 844ms
2026-10-06 19:48:06,647 [INFO] [client-3] Round 10 — training locally…
2026-10-06 19:48:06,810 [INFO] [client-3] Round 10 — sending update…
2026-10-06 19:48:06,813 [INFO] recv 13933B via direct in 755ms
2026-10-06 19:48:06,818 [INFO] [client-4] Round 10 — training locally…
2026-10-06 19:48:06,990 [INFO] [client-4] Round 10 — sending update…
2026-10-06 19:48:07,012 [INFO] send 13933B via direct in 1930ms (0.06 Mbit/s) to a511325c7ff6f41a
2026-10-06 19:48:07,014 [INFO] send 13933B via direct in 1928ms (0.06 Mbit/s) to eb5db15743c5c9e5
2026-10-06 19:48:07,016 [INFO] send 13933B via direct in 1926ms (0.06 Mbit/s) to 55a3347154afdc3f
2026-10-06 19:48:07,017 [INFO] send 13933B via direct in 1925ms (0.06 Mbit/s) to ecc44b7a00420397
2026-10-06 19:48:07,019 [INFO] send 13933B via direct in 1921ms (0.06 Mbit/s) to 19be4b7ff33e3e24
2026-10-06 19:48:07,021 [INFO] recv 13933B via direct in 1225ms
2026-10-06 19:48:07,023 [INFO] [client-9] Round 10 — training locally…
2026-10-06 19:48:07,199 [INFO] [client-9] Round 10 — sending update…
2026-10-06 19:48:07,203 [INFO] recv 13933B via direct in 1122ms
2026-10-06 19:48:07,207 [INFO] [client-5] Round 10 — training locally…
2026-10-06 19:48:07,409 [INFO] [client-5] Round 10 — sending update…
2026-10-06 19:48:07,414 [INFO] recv 13933B via direct in 1272ms
2026-10-06 19:48:07,417 [INFO] [client-7] Round 10 — training locally…
2026-10-06 19:48:07,645 [INFO] [client-7] Round 10 — sending update…
2026-10-06 19:48:07,650 [INFO] send 13933B via direct in 2339ms (0.05 Mbit/s) to 6d6805f14f6b7588
2026-10-06 19:48:07,652 [INFO] send 13933B via direct in 2575ms (0.04 Mbit/s) to 904e8215f9e626b4
2026-10-06 19:48:07,895 [INFO] recv 13933B via direct in 899ms
2026-10-06 19:48:07,900 [INFO] [client-1] Round 10 — training locally…
2026-10-06 19:48:08,091 [INFO] [client-1] Round 10 — sending update…
2026-10-06 19:48:08,096 [INFO] recv 13933B via direct in 446ms
2026-10-06 19:48:08,100 [INFO] [client-8] Round 10 — training locally…
2026-10-06 19:48:08,290 [INFO] [client-8] Round 10 — sending update…
2026-10-06 19:48:08,297 [INFO] send 13933B via direct in 3222ms (0.03 Mbit/s) to d3089b448ecd5c4c
2026-10-06 19:48:08,299 [INFO] send 13933B via direct in 3232ms (0.03 Mbit/s) to ef1b25d891165faa
2026-10-06 19:48:08,300 [INFO] send 13933B via direct in 1652ms (0.07 Mbit/s) to a355b1fc851e3830
2026-10-06 19:48:08,332 [INFO] [client-6] Round 10 done — loss=1.0158 acc=0.4934  4.4s
2026-10-06 19:48:08,334 [INFO] [client-6] Round 11 — receiving model…
2026-10-06 19:48:08,341 [INFO] send 13933B via direct in 1344ms (0.08 Mbit/s) to a355b1fc851e3830
2026-10-06 19:48:08,365 [INFO] [client-4] Round 10 done — loss=1.0195 acc=0.4873  3.3s
2026-10-06 19:48:08,366 [INFO] [client-4] Round 11 — receiving model…
2026-10-06 19:48:08,368 [INFO] send 13933B via direct in 1981ms (0.06 Mbit/s) to a355b1fc851e3830
2026-10-06 19:48:08,397 [INFO] [client-2] Round 10 done — loss=0.9635 acc=0.5227  3.6s
2026-10-06 19:48:08,399 [INFO] [client-2] Round 11 — receiving model…
2026-10-06 19:48:08,986 [INFO] send 13933B via direct in 892ms (0.13 Mbit/s) to a355b1fc851e3830
2026-10-06 19:48:09,018 [INFO] [client-1] Round 10 done — loss=1.0590 acc=0.4210  4.1s
2026-10-06 19:48:09,021 [INFO] [client-1] Round 11 — receiving model…
2026-10-06 19:48:09,332 [INFO] send 13933B via direct in 1039ms (0.11 Mbit/s) to a355b1fc851e3830
2026-10-06 19:48:09,383 [INFO] [client-8] Round 10 done — loss=0.7605 acc=0.7095  4.5s
2026-10-06 19:48:09,384 [INFO] [client-8] Round 11 — receiving model…
2026-10-06 19:48:09,618 [INFO] recv 13933B via direct in 728ms
2026-10-06 19:48:09,622 [INFO] [client-0] Round 10 — training locally…
2026-10-06 19:48:10,063 [INFO] [client-0] Round 10 — sending update…
2026-10-06 19:48:10,073 [INFO] send 13933B via direct in 2867ms (0.04 Mbit/s) to a355b1fc851e3830
2026-10-06 19:48:10,187 [INFO] [client-9] Round 10 done — loss=1.0069 acc=0.5256  5.4s
2026-10-06 19:48:10,188 [INFO] [client-9] Round 11 — receiving model…
2026-10-06 19:48:10,191 [INFO] send 13933B via direct in 2423ms (0.05 Mbit/s) to a355b1fc851e3830
2026-10-06 19:48:10,279 [INFO] [client-7] Round 10 done — loss=1.0283 acc=0.4564  5.6s
2026-10-06 19:48:10,281 [INFO] [client-7] Round 11 — receiving model…
2026-10-06 19:48:10,282 [INFO] send 13933B via direct in 5003ms (0.02 Mbit/s) to adeed0b773eb8da1
2026-10-06 19:48:10,284 [INFO] send 13933B via direct in 2660ms (0.04 Mbit/s) to a355b1fc851e3830
2026-10-06 19:48:10,337 [INFO] [client-5] Round 10 done — loss=0.9807 acc=0.5498  5.5s
2026-10-06 19:48:10,338 [INFO] [client-5] Round 11 — receiving model…
2026-10-06 19:48:10,340 [INFO] send 13933B via direct in 3259ms (0.03 Mbit/s) to a355b1fc851e3830
2026-10-06 19:48:10,388 [INFO] [client-3] Round 10 done — loss=1.0455 acc=0.4536  5.4s
2026-10-06 19:48:10,390 [INFO] [client-3] Round 11 — receiving model…
2026-10-06 19:48:10,392 [INFO] Round 10 — waiting for 10 updates…
2026-10-06 19:48:10,393 [INFO] recv 13933B via direct in 446ms
2026-10-06 19:48:10,396 [INFO] recv 13933B via direct in 514ms
2026-10-06 19:48:10,400 [INFO] recv 13933B via direct in 1277ms
2026-10-06 19:48:10,404 [INFO] recv 13933B via direct in 385ms
2026-10-06 19:48:10,413 [INFO] recv 13933B via direct in 434ms
2026-10-06 19:48:10,417 [INFO] recv 13933B via direct in 1367ms
2026-10-06 19:48:10,420 [INFO] recv 13933B via direct in 408ms
2026-10-06 19:48:10,423 [INFO] recv 13933B via direct in 1172ms
2026-10-06 19:48:10,433 [INFO] recv 13933B via direct in 359ms
2026-10-06 19:48:11,014 [INFO] recv 13933B via direct in 584ms
2026-10-06 19:48:11,067 [INFO] Round 10/20  acc=0.4589  loss=1.0636  6.0s  clients=10
2026-10-06 19:48:11,069 [INFO] Round 11 — sending model to 10 clients…
2026-10-06 19:48:11,106 [INFO] send 13933B via direct in 1038ms (0.11 Mbit/s) to a355b1fc851e3830
2026-10-06 19:48:11,315 [INFO] [client-0] Round 10 done — loss=1.0546 acc=0.4540  7.3s
2026-10-06 19:48:11,317 [INFO] [client-0] Round 11 — receiving model…
2026-10-06 19:48:12,357 [INFO] recv 13933B via direct in 996ms
2026-10-06 19:48:12,364 [INFO] [client-9] Round 11 — training locally…
2026-10-06 19:48:12,631 [INFO] [client-9] Round 11 — sending update…
2026-10-06 19:48:12,647 [INFO] recv 13933B via direct in 1198ms
2026-10-06 19:48:12,651 [INFO] [client-4] Round 11 — training locally…
2026-10-06 19:48:12,891 [INFO] [client-4] Round 11 — sending update…
2026-10-06 19:48:12,895 [INFO] recv 13933B via direct in 1264ms
2026-10-06 19:48:12,897 [INFO] [client-2] Round 11 — training locally…
2026-10-06 19:48:13,080 [INFO] [client-2] Round 11 — sending update…
2026-10-06 19:48:13,085 [INFO] recv 13933B via direct in 1244ms
2026-10-06 19:48:13,090 [INFO] [client-7] Round 11 — training locally…
2026-10-06 19:48:13,328 [INFO] [client-7] Round 11 — sending update…
2026-10-06 19:48:13,332 [INFO] recv 13933B via direct in 1222ms
2026-10-06 19:48:13,337 [INFO] [client-5] Round 11 — training locally…
2026-10-06 19:48:13,980 [INFO] [client-5] Round 11 — sending update…
2026-10-06 19:48:13,985 [INFO] recv 13933B via direct in 1168ms
2026-10-06 19:48:13,996 [INFO] [client-3] Round 11 — training locally…
2026-10-06 19:48:14,384 [INFO] [client-3] Round 11 — sending update…
2026-10-06 19:48:14,412 [INFO] send 13933B via direct in 3319ms (0.03 Mbit/s) to 904e8215f9e626b4
2026-10-06 19:48:14,414 [INFO] send 13933B via direct in 3316ms (0.03 Mbit/s) to a511325c7ff6f41a
2026-10-06 19:48:14,417 [INFO] send 13933B via direct in 3309ms (0.03 Mbit/s) to 6d6805f14f6b7588
2026-10-06 19:48:14,421 [INFO] send 13933B via direct in 3308ms (0.03 Mbit/s) to 19be4b7ff33e3e24
2026-10-06 19:48:14,425 [INFO] send 13933B via direct in 3306ms (0.03 Mbit/s) to ecc44b7a00420397
2026-10-06 19:48:14,428 [INFO] send 13933B via direct in 3303ms (0.03 Mbit/s) to 55a3347154afdc3f
2026-10-06 19:48:14,430 [INFO] send 13933B via direct in 3307ms (0.03 Mbit/s) to adeed0b773eb8da1
2026-10-06 19:48:14,433 [INFO] send 13933B via direct in 3326ms (0.03 Mbit/s) to eb5db15743c5c9e5
2026-10-06 19:48:14,435 [INFO] send 13933B via direct in 3304ms (0.03 Mbit/s) to d3089b448ecd5c4c
2026-10-06 19:48:14,437 [INFO] send 13933B via direct in 3318ms (0.03 Mbit/s) to ef1b25d891165faa
2026-10-06 19:48:14,443 [INFO] Round 11 — waiting for 10 updates…
2026-10-06 19:48:14,448 [INFO] recv 13933B via direct in 1765ms
2026-10-06 19:48:14,452 [INFO] [client-1] Round 11 — training locally…
2026-10-06 19:48:14,920 [INFO] [client-1] Round 11 — sending update…
2026-10-06 19:48:14,926 [INFO] recv 13933B via direct in 2973ms
2026-10-06 19:48:14,932 [INFO] [client-0] Round 11 — training locally…
2026-10-06 19:48:15,234 [INFO] [client-0] Round 11 — sending update…
2026-10-06 19:48:15,241 [INFO] recv 13933B via direct in 49ms
2026-10-06 19:48:15,246 [INFO] [client-6] Round 11 — training locally…
2026-10-06 19:48:15,478 [INFO] [client-6] Round 11 — sending update…
2026-10-06 19:48:15,483 [INFO] recv 13933B via direct in 49ms
2026-10-06 19:48:15,491 [INFO] [client-8] Round 11 — training locally…
2026-10-06 19:48:15,843 [INFO] [client-8] Round 11 — sending update…
2026-10-06 19:48:15,858 [INFO] send 13933B via direct in 3214ms (0.03 Mbit/s) to a355b1fc851e3830
2026-10-06 19:48:15,901 [INFO] [client-9] Round 11 done — loss=1.0176 acc=0.5179  5.7s
2026-10-06 19:48:15,903 [INFO] [client-9] Round 12 — receiving model…
2026-10-06 19:48:15,905 [INFO] send 13933B via direct in 2763ms (0.04 Mbit/s) to a355b1fc851e3830
2026-10-06 19:48:15,971 [INFO] [client-2] Round 11 done — loss=0.9671 acc=0.5237  7.6s
2026-10-06 19:48:15,972 [INFO] [client-2] Round 12 — receiving model…
2026-10-06 19:48:15,990 [INFO] send 13933B via direct in 2960ms (0.04 Mbit/s) to a355b1fc851e3830
2026-10-06 19:48:16,063 [INFO] [client-4] Round 11 done — loss=1.0147 acc=0.4959  7.7s
2026-10-06 19:48:16,064 [INFO] [client-4] Round 12 — receiving model…
2026-10-06 19:48:16,065 [INFO] send 13933B via direct in 2525ms (0.04 Mbit/s) to a355b1fc851e3830
2026-10-06 19:48:16,127 [INFO] [client-7] Round 11 done — loss=1.0311 acc=0.4564  5.8s
2026-10-06 19:48:16,128 [INFO] [client-7] Round 12 — receiving model…
2026-10-06 19:48:16,130 [INFO] recv 13933B via direct in 1577ms
2026-10-06 19:48:16,136 [INFO] recv 13933B via direct in 1577ms
2026-10-06 19:48:16,141 [INFO] recv 13933B via direct in 1585ms
2026-10-06 19:48:16,145 [INFO] recv 13933B via direct in 747ms
2026-10-06 19:48:16,467 [INFO] recv 13933B via direct in 1225ms
2026-10-06 19:48:16,631 [INFO] recv 13933B via direct in 771ms
2026-10-06 19:48:16,679 [INFO] recv 13933B via direct in 820ms
2026-10-06 19:48:16,692 [INFO] send 13933B via direct in 2300ms (0.05 Mbit/s) to a355b1fc851e3830
2026-10-06 19:48:16,746 [INFO] [client-3] Round 11 done — loss=1.0425 acc=0.4564  6.4s
2026-10-06 19:48:16,748 [INFO] [client-3] Round 12 — receiving model…
2026-10-06 19:48:16,757 [INFO] send 13933B via direct in 1515ms (0.07 Mbit/s) to a355b1fc851e3830
2026-10-06 19:48:16,803 [INFO] [client-0] Round 11 done — loss=1.0495 acc=0.4575  5.5s
2026-10-06 19:48:16,805 [INFO] [client-0] Round 12 — receiving model…
2026-10-06 19:48:16,808 [INFO] send 13933B via direct in 1269ms (0.09 Mbit/s) to a355b1fc851e3830
2026-10-06 19:48:16,874 [INFO] [client-6] Round 11 done — loss=1.0137 acc=0.4872  8.5s
2026-10-06 19:48:16,876 [INFO] [client-6] Round 12 — receiving model…
2026-10-06 19:48:16,966 [INFO] recv 13933B via direct in 641ms
2026-10-06 19:48:17,065 [INFO] send 13933B via direct in 1217ms (0.09 Mbit/s) to a355b1fc851e3830
2026-10-06 19:48:17,113 [INFO] [client-8] Round 11 done — loss=0.7664 acc=0.7133  7.7s
2026-10-06 19:48:17,115 [INFO] [client-8] Round 12 — receiving model…
2026-10-06 19:48:17,120 [INFO] recv 13933B via direct in 237ms
2026-10-06 19:48:17,196 [INFO] send 13933B via direct in 3212ms (0.03 Mbit/s) to a355b1fc851e3830
2026-10-06 19:48:17,240 [INFO] [client-5] Round 11 done — loss=0.9742 acc=0.5553  6.9s
2026-10-06 19:48:17,242 [INFO] [client-5] Round 12 — receiving model…
2026-10-06 19:48:19,755 [INFO] recv 13933B via direct in 1347ms
2026-10-06 19:48:19,816 [INFO] Round 11/20  acc=0.4605  loss=1.0707  8.7s  clients=10
2026-10-06 19:48:19,818 [INFO] Round 12 — sending model to 10 clients…
2026-10-06 19:48:19,851 [INFO] send 13933B via direct in 4926ms (0.02 Mbit/s) to a355b1fc851e3830
2026-10-06 19:48:19,900 [INFO] [client-1] Round 11 done — loss=1.0608 acc=0.4279  10.9s
2026-10-06 19:48:19,902 [INFO] [client-1] Round 12 — receiving model…
2026-10-06 19:48:20,994 [INFO] recv 13933B via direct in 776ms
2026-10-06 19:48:20,997 [INFO] [client-2] Round 12 — training locally…
2026-10-06 19:48:21,275 [INFO] [client-2] Round 12 — sending update…
2026-10-06 19:48:21,279 [INFO] recv 13933B via direct in 968ms
2026-10-06 19:48:21,282 [INFO] [client-6] Round 12 — training locally…
2026-10-06 19:48:21,619 [INFO] [client-6] Round 12 — sending update…
2026-10-06 19:48:21,623 [INFO] recv 13933B via direct in 761ms
2026-10-06 19:48:21,627 [INFO] [client-8] Round 12 — training locally…
2026-10-06 19:48:21,942 [INFO] [client-8] Round 12 — sending update…
2026-10-06 19:48:21,965 [INFO] send 13933B via direct in 2118ms (0.05 Mbit/s) to a511325c7ff6f41a
2026-10-06 19:48:21,967 [INFO] send 13933B via direct in 2116ms (0.05 Mbit/s) to eb5db15743c5c9e5
2026-10-06 19:48:21,969 [INFO] send 13933B via direct in 2107ms (0.05 Mbit/s) to ef1b25d891165faa
2026-10-06 19:48:21,971 [INFO] send 13933B via direct in 2103ms (0.05 Mbit/s) to 19be4b7ff33e3e24
2026-10-06 19:48:21,974 [INFO] send 13933B via direct in 2111ms (0.05 Mbit/s) to 55a3347154afdc3f
2026-10-06 19:48:21,976 [INFO] recv 13933B via direct in 1252ms
2026-10-06 19:48:21,979 [INFO] [client-5] Round 12 — training locally…
2026-10-06 19:48:22,215 [INFO] [client-5] Round 12 — sending update…
2026-10-06 19:48:22,219 [INFO] recv 13933B via direct in 1543ms
2026-10-06 19:48:22,223 [INFO] [client-3] Round 12 — training locally…
2026-10-06 19:48:22,588 [INFO] [client-3] Round 12 — sending update…
2026-10-06 19:48:22,605 [INFO] recv 13933B via direct in 643ms
2026-10-06 19:48:22,609 [INFO] [client-4] Round 12 — training locally…
2026-10-06 19:48:22,985 [INFO] [client-4] Round 12 — sending update…
2026-10-06 19:48:22,989 [INFO] send 13933B via direct in 2768ms (0.04 Mbit/s) to ecc44b7a00420397
2026-10-06 19:48:22,996 [INFO] send 13933B via direct in 3146ms (0.04 Mbit/s) to d3089b448ecd5c4c
2026-10-06 19:48:22,998 [INFO] send 13933B via direct in 1716ms (0.07 Mbit/s) to a355b1fc851e3830
2026-10-06 19:48:23,033 [INFO] [client-2] Round 12 done — loss=0.9693 acc=0.5103  7.1s
2026-10-06 19:48:23,034 [INFO] [client-2] Round 13 — receiving model…
2026-10-06 19:48:23,036 [INFO] recv 13933B via direct in 1039ms
2026-10-06 19:48:23,041 [INFO] [client-1] Round 12 — training locally…
2026-10-06 19:48:23,293 [INFO] [client-1] Round 12 — sending update…
2026-10-06 19:48:23,341 [INFO] send 13933B via direct in 1394ms (0.08 Mbit/s) to a355b1fc851e3830
2026-10-06 19:48:23,383 [INFO] [client-8] Round 12 done — loss=0.7686 acc=0.7126  6.3s
2026-10-06 19:48:23,384 [INFO] [client-8] Round 13 — receiving model…
2026-10-06 19:48:23,387 [INFO] send 13933B via direct in 1168ms (0.10 Mbit/s) to a355b1fc851e3830
2026-10-06 19:48:23,422 [INFO] [client-5] Round 12 done — loss=0.9700 acc=0.5532  6.2s
2026-10-06 19:48:23,425 [INFO] [client-5] Round 13 — receiving model…
2026-10-06 19:48:23,426 [INFO] recv 13933B via direct in 2767ms
2026-10-06 19:48:23,431 [INFO] [client-7] Round 12 — training locally…
2026-10-06 19:48:23,633 [INFO] [client-7] Round 12 — sending update…
2026-10-06 19:48:23,692 [INFO] send 13933B via direct in 3844ms (0.03 Mbit/s) to 6d6805f14f6b7588
2026-10-06 19:48:23,752 [INFO] recv 13933B via direct in 1797ms
2026-10-06 19:48:23,757 [INFO] [client-0] Round 12 — training locally…
2026-10-06 19:48:23,945 [INFO] [client-0] Round 12 — sending update…
2026-10-06 19:48:23,951 [INFO] send 13933B via direct in 4120ms (0.03 Mbit/s) to adeed0b773eb8da1
2026-10-06 19:48:24,009 [INFO] send 13933B via direct in 2386ms (0.05 Mbit/s) to a355b1fc851e3830
2026-10-06 19:48:24,054 [INFO] [client-6] Round 12 done — loss=1.0120 acc=0.4917  7.2s
2026-10-06 19:48:24,056 [INFO] [client-6] Round 13 — receiving model…
2026-10-06 19:48:24,435 [INFO] send 13933B via direct in 1447ms (0.08 Mbit/s) to a355b1fc851e3830
2026-10-06 19:48:24,473 [INFO] [client-4] Round 12 done — loss=1.0164 acc=0.4918  8.4s
2026-10-06 19:48:24,475 [INFO] [client-4] Round 13 — receiving model…
2026-10-06 19:48:24,498 [INFO] send 13933B via direct in 1905ms (0.06 Mbit/s) to a355b1fc851e3830
2026-10-06 19:48:24,521 [INFO] [client-3] Round 12 done — loss=1.0428 acc=0.4567  7.8s
2026-10-06 19:48:24,522 [INFO] [client-3] Round 13 — receiving model…
2026-10-06 19:48:24,542 [INFO] recv 13933B via direct in 592ms
2026-10-06 19:48:24,545 [INFO] [client-9] Round 12 — training locally…
2026-10-06 19:48:24,753 [INFO] [client-9] Round 12 — sending update…
2026-10-06 19:48:24,763 [INFO] send 13933B via direct in 4921ms (0.02 Mbit/s) to 904e8215f9e626b4
2026-10-06 19:48:24,765 [INFO] Round 12 — waiting for 10 updates…
2026-10-06 19:48:24,767 [INFO] recv 13933B via direct in 1039ms
2026-10-06 19:48:24,770 [INFO] recv 13933B via direct in 312ms
2026-10-06 19:48:24,773 [INFO] recv 13933B via direct in 710ms
2026-10-06 19:48:24,776 [INFO] recv 13933B via direct in 652ms
2026-10-06 19:48:24,780 [INFO] recv 13933B via direct in 712ms
2026-10-06 19:48:24,783 [INFO] recv 13933B via direct in 1110ms
2026-10-06 19:48:24,939 [INFO] recv 13933B via direct in 862ms
2026-10-06 19:48:25,046 [INFO] send 13933B via direct in 1410ms (0.08 Mbit/s) to a355b1fc851e3830
2026-10-06 19:48:25,098 [INFO] [client-7] Round 12 done — loss=1.0264 acc=0.4574  9.0s
2026-10-06 19:48:25,100 [INFO] [client-7] Round 13 — receiving model…
2026-10-06 19:48:25,186 [INFO] recv 13933B via direct in 368ms
2026-10-06 19:48:25,272 [INFO] send 13933B via direct in 1975ms (0.06 Mbit/s) to a355b1fc851e3830
2026-10-06 19:48:25,319 [INFO] [client-1] Round 12 done — loss=1.0594 acc=0.4217  5.4s
2026-10-06 19:48:25,321 [INFO] [client-1] Round 13 — receiving model…
2026-10-06 19:48:25,365 [INFO] recv 13933B via direct in 262ms
2026-10-06 19:48:25,456 [INFO] send 13933B via direct in 699ms (0.16 Mbit/s) to a355b1fc851e3830
2026-10-06 19:48:25,500 [INFO] [client-9] Round 12 done — loss=1.0181 acc=0.5176  9.6s
2026-10-06 19:48:25,501 [INFO] [client-9] Round 13 — receiving model…
2026-10-06 19:48:25,929 [INFO] recv 13933B via direct in 425ms
2026-10-06 19:48:25,971 [INFO] Round 12/20  acc=0.4718  loss=1.0614  6.2s  clients=10
2026-10-06 19:48:25,972 [INFO] Round 13 — sending model to 10 clients…
2026-10-06 19:48:26,012 [INFO] send 13933B via direct in 2064ms (0.05 Mbit/s) to a355b1fc851e3830
2026-10-06 19:48:26,048 [INFO] [client-0] Round 12 done — loss=1.0538 acc=0.4557  9.2s
2026-10-06 19:48:26,049 [INFO] [client-0] Round 13 — receiving model…
2026-10-06 19:48:27,644 [INFO] recv 13933B via direct in 962ms
2026-10-06 19:48:27,652 [INFO] [client-1] Round 13 — training locally…
2026-10-06 19:48:27,914 [INFO] [client-1] Round 13 — sending update…
2026-10-06 19:48:27,918 [INFO] recv 13933B via direct in 1155ms
2026-10-06 19:48:27,923 [INFO] [client-3] Round 13 — training locally…
2026-10-06 19:48:28,109 [INFO] [client-3] Round 13 — sending update…
2026-10-06 19:48:28,112 [INFO] recv 13933B via direct in 958ms
2026-10-06 19:48:28,117 [INFO] [client-7] Round 13 — training locally…
2026-10-06 19:48:28,304 [INFO] [client-7] Round 13 — sending update…
2026-10-06 19:48:28,309 [INFO] recv 13933B via direct in 867ms
2026-10-06 19:48:28,312 [INFO] [client-0] Round 13 — training locally…
2026-10-06 19:48:28,459 [INFO] [client-0] Round 13 — sending update…
2026-10-06 19:48:28,466 [INFO] send 13933B via direct in 2476ms (0.05 Mbit/s) to d3089b448ecd5c4c
2026-10-06 19:48:28,468 [INFO] send 13933B via direct in 2475ms (0.05 Mbit/s) to 55a3347154afdc3f
2026-10-06 19:48:28,470 [INFO] send 13933B via direct in 2474ms (0.05 Mbit/s) to 6d6805f14f6b7588
2026-10-06 19:48:28,472 [INFO] send 13933B via direct in 2473ms (0.05 Mbit/s) to adeed0b773eb8da1
2026-10-06 19:48:28,475 [INFO] send 13933B via direct in 2489ms (0.04 Mbit/s) to ecc44b7a00420397
2026-10-06 19:48:28,476 [INFO] send 13933B via direct in 2481ms (0.05 Mbit/s) to eb5db15743c5c9e5
2026-10-06 19:48:28,477 [INFO] recv 13933B via direct in 2169ms
2026-10-06 19:48:28,480 [INFO] [client-4] Round 13 — training locally…
2026-10-06 19:48:28,694 [INFO] [client-4] Round 13 — sending update…
2026-10-06 19:48:28,700 [INFO] recv 13933B via direct in 1601ms
2026-10-06 19:48:28,704 [INFO] [client-9] Round 13 — training locally…
2026-10-06 19:48:28,927 [INFO] [client-9] Round 13 — sending update…
2026-10-06 19:48:28,932 [INFO] recv 13933B via direct in 1930ms
2026-10-06 19:48:28,940 [INFO] [client-6] Round 13 — training locally…
2026-10-06 19:48:29,137 [INFO] [client-6] Round 13 — sending update…
2026-10-06 19:48:29,152 [INFO] send 13933B via direct in 3152ms (0.04 Mbit/s) to 904e8215f9e626b4
2026-10-06 19:48:29,154 [INFO] send 13933B via direct in 3163ms (0.04 Mbit/s) to ef1b25d891165faa
2026-10-06 19:48:29,155 [INFO] send 13933B via direct in 3160ms (0.04 Mbit/s) to a511325c7ff6f41a
2026-10-06 19:48:29,157 [INFO] recv 13933B via direct in 1636ms
2026-10-06 19:48:29,161 [INFO] [client-8] Round 13 — training locally…
2026-10-06 19:48:29,341 [INFO] [client-8] Round 13 — sending update…
2026-10-06 19:48:29,344 [INFO] recv 13933B via direct in 1616ms
2026-10-06 19:48:29,348 [INFO] [client-2] Round 13 — training locally…
2026-10-06 19:48:29,549 [INFO] [client-2] Round 13 — sending update…
2026-10-06 19:48:29,597 [INFO] recv 13933B via direct in 3019ms
2026-10-06 19:48:29,601 [INFO] [client-5] Round 13 — training locally…
2026-10-06 19:48:29,836 [INFO] [client-5] Round 13 — sending update…
2026-10-06 19:48:29,847 [INFO] send 13933B via direct in 3855ms (0.03 Mbit/s) to 19be4b7ff33e3e24
2026-10-06 19:48:29,849 [INFO] Round 13 — waiting for 10 updates…
2026-10-06 19:48:29,851 [INFO] recv 13933B via direct in 696ms
2026-10-06 19:48:29,854 [INFO] recv 13933B via direct in 705ms
2026-10-06 19:48:29,948 [INFO] recv 13933B via direct in 805ms
2026-10-06 19:48:30,055 [INFO] send 13933B via direct in 1357ms (0.08 Mbit/s) to a355b1fc851e3830
2026-10-06 19:48:30,092 [INFO] [client-4] Round 13 done — loss=1.0112 acc=0.4873  5.6s
2026-10-06 19:48:30,094 [INFO] [client-4] Round 14 — receiving model…
2026-10-06 19:48:30,096 [INFO] send 13933B via direct in 1984ms (0.06 Mbit/s) to a355b1fc851e3830
2026-10-06 19:48:30,135 [INFO] [client-3] Round 13 done — loss=1.0463 acc=0.4598  5.6s
2026-10-06 19:48:30,136 [INFO] [client-3] Round 14 — receiving model…
2026-10-06 19:48:30,254 [INFO] send 13933B via direct in 1791ms (0.06 Mbit/s) to a355b1fc851e3830
2026-10-06 19:48:30,306 [INFO] [client-0] Round 13 done — loss=1.0496 acc=0.4592  4.3s
2026-10-06 19:48:30,307 [INFO] [client-0] Round 14 — receiving model…
2026-10-06 19:48:30,640 [INFO] recv 13933B via direct in 328ms
2026-10-06 19:48:30,662 [INFO] recv 13933B via direct in 1108ms
2026-10-06 19:48:30,667 [INFO] recv 13933B via direct in 1525ms
2026-10-06 19:48:30,797 [INFO] send 13933B via direct in 1245ms (0.09 Mbit/s) to a355b1fc851e3830
2026-10-06 19:48:30,843 [INFO] [client-2] Round 13 done — loss=0.9583 acc=0.5258  7.8s
2026-10-06 19:48:30,846 [INFO] [client-2] Round 14 — receiving model…
2026-10-06 19:48:30,850 [INFO] send 13933B via direct in 1918ms (0.06 Mbit/s) to a355b1fc851e3830
2026-10-06 19:48:30,882 [INFO] [client-9] Round 13 done — loss=1.0097 acc=0.5267  5.4s
2026-10-06 19:48:30,883 [INFO] [client-9] Round 14 — receiving model…
2026-10-06 19:48:30,884 [INFO] send 13933B via direct in 2541ms (0.04 Mbit/s) to a355b1fc851e3830
2026-10-06 19:48:30,912 [INFO] [client-7] Round 13 done — loss=1.0266 acc=0.4584  5.8s
2026-10-06 19:48:30,913 [INFO] [client-7] Round 14 — receiving model…
2026-10-06 19:48:30,914 [INFO] recv 13933B via direct in 1009ms
2026-10-06 19:48:30,924 [INFO] send 13933B via direct in 1783ms (0.06 Mbit/s) to a355b1fc851e3830
2026-10-06 19:48:30,953 [INFO] [client-6] Round 13 done — loss=1.0115 acc=0.4944  6.9s
2026-10-06 19:48:30,954 [INFO] [client-6] Round 14 — receiving model…
2026-10-06 19:48:31,007 [INFO] recv 13933B via direct in 293ms
2026-10-06 19:48:31,066 [INFO] send 13933B via direct in 1722ms (0.06 Mbit/s) to a355b1fc851e3830
2026-10-06 19:48:31,132 [INFO] [client-8] Round 13 done — loss=0.7689 acc=0.7115  7.7s
2026-10-06 19:48:31,134 [INFO] [client-8] Round 14 — receiving model…
2026-10-06 19:48:32,175 [INFO] recv 13933B via direct in 441ms
2026-10-06 19:48:32,397 [INFO] send 13933B via direct in 4480ms (0.02 Mbit/s) to a355b1fc851e3830
2026-10-06 19:48:32,455 [INFO] [client-1] Round 13 done — loss=1.0582 acc=0.4320  7.1s
2026-10-06 19:48:32,456 [INFO] [client-1] Round 14 — receiving model…
2026-10-06 19:48:33,929 [INFO] recv 13933B via direct in 829ms
2026-10-06 19:48:34,025 [INFO] Round 13/20  acc=0.4631  loss=1.0675  8.1s  clients=10
2026-10-06 19:48:34,027 [INFO] Round 14 — sending model to 10 clients…
2026-10-06 19:48:34,041 [INFO] send 13933B via direct in 4202ms (0.03 Mbit/s) to a355b1fc851e3830
2026-10-06 19:48:34,071 [INFO] [client-5] Round 13 done — loss=0.9709 acc=0.5546  10.6s
2026-10-06 19:48:34,072 [INFO] [client-5] Round 14 — receiving model…
2026-10-06 19:48:35,420 [INFO] recv 13933B via direct in 1079ms
2026-10-06 19:48:35,424 [INFO] [client-9] Round 14 — training locally…
2026-10-06 19:48:35,642 [INFO] [client-9] Round 14 — sending update…
2026-10-06 19:48:35,647 [INFO] recv 13933B via direct in 1134ms
2026-10-06 19:48:35,652 [INFO] [client-0] Round 14 — training locally…
2026-10-06 19:48:35,802 [INFO] [client-0] Round 14 — sending update…
2026-10-06 19:48:35,806 [INFO] recv 13933B via direct in 1039ms
2026-10-06 19:48:35,810 [INFO] [client-6] Round 14 — training locally…
2026-10-06 19:48:35,979 [INFO] [client-6] Round 14 — sending update…
2026-10-06 19:48:35,984 [INFO] send 13933B via direct in 1952ms (0.06 Mbit/s) to 904e8215f9e626b4
2026-10-06 19:48:35,986 [INFO] send 13933B via direct in 1950ms (0.06 Mbit/s) to adeed0b773eb8da1
2026-10-06 19:48:35,987 [INFO] recv 13933B via direct in 1282ms
2026-10-06 19:48:35,992 [INFO] [client-4] Round 14 — training locally…
2026-10-06 19:48:36,165 [INFO] [client-4] Round 14 — sending update…
2026-10-06 19:48:36,170 [INFO] recv 13933B via direct in 1191ms
2026-10-06 19:48:36,174 [INFO] [client-8] Round 14 — training locally…
2026-10-06 19:48:36,370 [INFO] [client-8] Round 14 — sending update…
2026-10-06 19:48:36,373 [INFO] recv 13933B via direct in 1016ms
2026-10-06 19:48:36,377 [INFO] [client-1] Round 14 — training locally…
2026-10-06 19:48:36,558 [INFO] [client-1] Round 14 — sending update…
2026-10-06 19:48:36,579 [INFO] send 13933B via direct in 2529ms (0.04 Mbit/s) to eb5db15743c5c9e5
2026-10-06 19:48:36,581 [INFO] send 13933B via direct in 2527ms (0.04 Mbit/s) to ecc44b7a00420397
2026-10-06 19:48:36,582 [INFO] send 13933B via direct in 2526ms (0.04 Mbit/s) to ef1b25d891165faa
2026-10-06 19:48:36,584 [INFO] send 13933B via direct in 2524ms (0.04 Mbit/s) to d3089b448ecd5c4c
2026-10-06 19:48:36,586 [INFO] send 13933B via direct in 2534ms (0.04 Mbit/s) to 19be4b7ff33e3e24
2026-10-06 19:48:36,589 [INFO] send 13933B via direct in 2525ms (0.04 Mbit/s) to 6d6805f14f6b7588
2026-10-06 19:48:36,591 [INFO] recv 13933B via direct in 2134ms
2026-10-06 19:48:36,594 [INFO] [client-5] Round 14 — training locally…
2026-10-06 19:48:36,781 [INFO] [client-5] Round 14 — sending update…
2026-10-06 19:48:36,784 [INFO] recv 13933B via direct in 1512ms
2026-10-06 19:48:36,790 [INFO] [client-7] Round 14 — training locally…
2026-10-06 19:48:36,973 [INFO] [client-7] Round 14 — sending update…
2026-10-06 19:48:36,977 [INFO] recv 13933B via direct in 604ms
2026-10-06 19:48:36,982 [INFO] [client-2] Round 14 — training locally…
2026-10-06 19:48:37,230 [INFO] [client-2] Round 14 — sending update…
2026-10-06 19:48:37,236 [INFO] send 13933B via direct in 3194ms (0.03 Mbit/s) to a511325c7ff6f41a
2026-10-06 19:48:37,631 [INFO] send 13933B via direct in 1825ms (0.06 Mbit/s) to a355b1fc851e3830
2026-10-06 19:48:37,699 [INFO] [client-0] Round 14 done — loss=1.0572 acc=0.4475  7.4s
2026-10-06 19:48:37,700 [INFO] [client-0] Round 15 — receiving model…
2026-10-06 19:48:37,761 [INFO] send 13933B via direct in 1592ms (0.07 Mbit/s) to a355b1fc851e3830
2026-10-06 19:48:37,795 [INFO] [client-4] Round 14 done — loss=1.0113 acc=0.4918  7.7s
2026-10-06 19:48:37,796 [INFO] [client-4] Round 15 — receiving model…
2026-10-06 19:48:37,847 [INFO] recv 13933B via direct in 1280ms
2026-10-06 19:48:37,851 [INFO] [client-3] Round 14 — training locally…
2026-10-06 19:48:38,076 [INFO] [client-3] Round 14 — sending update…
2026-10-06 19:48:38,212 [INFO] send 13933B via direct in 4178ms (0.03 Mbit/s) to 55a3347154afdc3f
2026-10-06 19:48:38,214 [INFO] Round 14 — waiting for 10 updates…
2026-10-06 19:48:38,217 [INFO] recv 13933B via direct in 740ms
2026-10-06 19:48:38,224 [INFO] recv 13933B via direct in 148ms
2026-10-06 19:48:38,228 [INFO] recv 13933B via direct in 1515ms
2026-10-06 19:48:38,232 [INFO] recv 13933B via direct in 872ms
2026-10-06 19:48:38,236 [INFO] recv 13933B via direct in 893ms
2026-10-06 19:48:38,240 [INFO] send 13933B via direct in 2259ms (0.05 Mbit/s) to a355b1fc851e3830
2026-10-06 19:48:38,273 [INFO] [client-6] Round 14 done — loss=1.0102 acc=0.4917  7.3s
2026-10-06 19:48:38,274 [INFO] [client-6] Round 15 — receiving model…
2026-10-06 19:48:38,277 [INFO] recv 13933B via direct in 573ms
2026-10-06 19:48:38,355 [INFO] send 13933B via direct in 1982ms (0.06 Mbit/s) to a355b1fc851e3830
2026-10-06 19:48:38,440 [INFO] [client-8] Round 14 done — loss=0.7670 acc=0.7133  7.3s
2026-10-06 19:48:38,441 [INFO] [client-8] Round 15 — receiving model…
2026-10-06 19:48:38,444 [INFO] send 13933B via direct in 1883ms (0.06 Mbit/s) to a355b1fc851e3830
2026-10-06 19:48:38,484 [INFO] [client-1] Round 14 done — loss=1.0586 acc=0.4245  6.0s
2026-10-06 19:48:38,490 [INFO] [client-1] Round 15 — receiving model…
2026-10-06 19:48:38,492 [INFO] send 13933B via direct in 1467ms (0.08 Mbit/s) to a355b1fc851e3830
2026-10-06 19:48:38,517 [INFO] [client-7] Round 14 done — loss=1.0249 acc=0.4516  7.6s
2026-10-06 19:48:38,518 [INFO] [client-7] Round 15 — receiving model…
2026-10-06 19:48:38,520 [INFO] recv 13933B via direct in 363ms
2026-10-06 19:48:38,524 [INFO] recv 13933B via direct in 442ms
2026-10-06 19:48:38,530 [INFO] send 13933B via direct in 2885ms (0.04 Mbit/s) to a355b1fc851e3830
2026-10-06 19:48:38,561 [INFO] [client-9] Round 14 done — loss=1.0126 acc=0.5225  7.7s
2026-10-06 19:48:38,563 [INFO] [client-9] Round 15 — receiving model…
2026-10-06 19:48:38,566 [INFO] send 13933B via direct in 1333ms (0.08 Mbit/s) to a355b1fc851e3830
2026-10-06 19:48:38,596 [INFO] [client-2] Round 14 done — loss=0.9569 acc=0.5234  7.7s
2026-10-06 19:48:38,597 [INFO] [client-2] Round 15 — receiving model…
2026-10-06 19:48:39,706 [INFO] recv 13933B via direct in 422ms
2026-10-06 19:48:39,833 [INFO] send 13933B via direct in 3049ms (0.04 Mbit/s) to a355b1fc851e3830
2026-10-06 19:48:39,882 [INFO] [client-5] Round 14 done — loss=0.9684 acc=0.5570  5.8s
2026-10-06 19:48:39,884 [INFO] [client-5] Round 15 — receiving model…
2026-10-06 19:48:39,968 [INFO] recv 13933B via direct in 228ms
2026-10-06 19:48:40,022 [INFO] Round 14/20  acc=0.4704  loss=1.0597  6.0s  clients=10
2026-10-06 19:48:40,024 [INFO] Round 15 — sending model to 10 clients…
2026-10-06 19:48:40,038 [INFO] send 13933B via direct in 1958ms (0.06 Mbit/s) to a355b1fc851e3830
2026-10-06 19:48:40,063 [INFO] [client-3] Round 14 done — loss=1.0472 acc=0.4423  9.9s
2026-10-06 19:48:40,064 [INFO] [client-3] Round 15 — receiving model…
2026-10-06 19:48:41,166 [INFO] recv 13933B via direct in 770ms
2026-10-06 19:48:41,172 [INFO] [client-6] Round 15 — training locally…
2026-10-06 19:48:41,439 [INFO] [client-6] Round 15 — sending update…
2026-10-06 19:48:41,446 [INFO] recv 13933B via direct in 955ms
2026-10-06 19:48:41,450 [INFO] [client-3] Round 15 — training locally…
2026-10-06 19:48:41,648 [INFO] [client-3] Round 15 — sending update…
2026-10-06 19:48:41,652 [INFO] recv 13933B via direct in 861ms
2026-10-06 19:48:41,658 [INFO] [client-0] Round 15 — training locally…
2026-10-06 19:48:41,838 [INFO] [client-0] Round 15 — sending update…
2026-10-06 19:48:41,842 [INFO] recv 13933B via direct in 722ms
2026-10-06 19:48:41,847 [INFO] [client-1] Round 15 — training locally…
2026-10-06 19:48:42,042 [INFO] [client-1] Round 15 — sending update…
2026-10-06 19:48:42,056 [INFO] send 13933B via direct in 2017ms (0.06 Mbit/s) to eb5db15743c5c9e5
2026-10-06 19:48:42,063 [INFO] send 13933B via direct in 2017ms (0.06 Mbit/s) to 55a3347154afdc3f
2026-10-06 19:48:42,065 [INFO] send 13933B via direct in 2017ms (0.06 Mbit/s) to adeed0b773eb8da1
2026-10-06 19:48:42,067 [INFO] send 13933B via direct in 2015ms (0.06 Mbit/s) to d3089b448ecd5c4c
2026-10-06 19:48:42,069 [INFO] send 13933B via direct in 2015ms (0.06 Mbit/s) to 904e8215f9e626b4
2026-10-06 19:48:42,071 [INFO] send 13933B via direct in 2013ms (0.06 Mbit/s) to 19be4b7ff33e3e24
2026-10-06 19:48:42,073 [INFO] recv 13933B via direct in 1234ms
2026-10-06 19:48:42,076 [INFO] [client-9] Round 15 — training locally…
2026-10-06 19:48:42,323 [INFO] [client-9] Round 15 — sending update…
2026-10-06 19:48:42,327 [INFO] recv 13933B via direct in 1143ms
2026-10-06 19:48:42,331 [INFO] [client-5] Round 15 — training locally…
2026-10-06 19:48:42,581 [INFO] [client-5] Round 15 — sending update…
2026-10-06 19:48:42,589 [INFO] recv 13933B via direct in 541ms
2026-10-06 19:48:42,595 [INFO] [client-8] Round 15 — training locally…
2026-10-06 19:48:42,840 [INFO] [client-8] Round 15 — sending update…
2026-10-06 19:48:42,853 [INFO] send 13933B via direct in 2820ms (0.04 Mbit/s) to ef1b25d891165faa
2026-10-06 19:48:42,856 [INFO] recv 13933B via direct in 802ms
2026-10-06 19:48:42,860 [INFO] [client-2] Round 15 — training locally…
2026-10-06 19:48:43,187 [INFO] [client-2] Round 15 — sending update…
2026-10-06 19:48:43,192 [INFO] recv 13933B via direct in 264ms
2026-10-06 19:48:43,197 [INFO] [client-7] Round 15 — training locally…
2026-10-06 19:48:43,492 [INFO] [client-7] Round 15 — sending update…
2026-10-06 19:48:43,497 [INFO] recv 13933B via direct in 799ms
2026-10-06 19:48:43,507 [INFO] [client-4] Round 15 — training locally…
2026-10-06 19:48:43,755 [INFO] [client-4] Round 15 — sending update…
2026-10-06 19:48:43,787 [INFO] send 13933B via direct in 3728ms (0.03 Mbit/s) to a511325c7ff6f41a
2026-10-06 19:48:43,790 [INFO] send 13933B via direct in 3730ms (0.03 Mbit/s) to ecc44b7a00420397
2026-10-06 19:48:43,791 [INFO] send 13933B via direct in 3735ms (0.03 Mbit/s) to 6d6805f14f6b7588
2026-10-06 19:48:43,793 [INFO] send 13933B via direct in 2111ms (0.05 Mbit/s) to a355b1fc851e3830
2026-10-06 19:48:43,823 [INFO] [client-3] Round 15 done — loss=1.0408 acc=0.4519  3.8s
2026-10-06 19:48:43,824 [INFO] [client-3] Round 16 — receiving model…
2026-10-06 19:48:43,826 [INFO] send 13933B via direct in 1724ms (0.06 Mbit/s) to a355b1fc851e3830
2026-10-06 19:48:43,873 [INFO] [client-1] Round 15 done — loss=1.0574 acc=0.4245  5.4s
2026-10-06 19:48:43,874 [INFO] [client-1] Round 16 — receiving model…
2026-10-06 19:48:43,875 [INFO] Round 15 — waiting for 10 updates…
2026-10-06 19:48:43,876 [INFO] recv 13933B via direct in 1181ms
2026-10-06 19:48:43,881 [INFO] recv 13933B via direct in 1032ms
2026-10-06 19:48:44,893 [INFO] recv 13933B via direct in 1130ms
2026-10-06 19:48:44,912 [INFO] recv 13933B via direct in 1149ms
2026-10-06 19:48:44,954 [INFO] recv 13933B via direct in 1190ms
2026-10-06 19:48:44,985 [INFO] recv 13933B via direct in 1217ms
2026-10-06 19:48:45,017 [INFO] recv 13933B via direct in 1249ms
2026-10-06 19:48:45,097 [INFO] send 13933B via direct in 2509ms (0.04 Mbit/s) to a355b1fc851e3830
2026-10-06 19:48:45,163 [INFO] [client-5] Round 15 done — loss=0.9713 acc=0.5560  5.3s
2026-10-06 19:48:45,165 [INFO] [client-5] Round 16 — receiving model…
2026-10-06 19:48:45,167 [INFO] send 13933B via direct in 2250ms (0.05 Mbit/s) to a355b1fc851e3830
2026-10-06 19:48:45,209 [INFO] [client-8] Round 15 done — loss=0.7647 acc=0.7112  6.8s
2026-10-06 19:48:45,211 [INFO] [client-8] Round 16 — receiving model…
2026-10-06 19:48:45,215 [INFO] send 13933B via direct in 3772ms (0.03 Mbit/s) to a355b1fc851e3830
2026-10-06 19:48:45,251 [INFO] [client-6] Round 15 done — loss=1.0094 acc=0.4958  7.0s
2026-10-06 19:48:45,253 [INFO] [client-6] Round 16 — receiving model…
2026-10-06 19:48:45,254 [INFO] send 13933B via direct in 2023ms (0.06 Mbit/s) to a355b1fc851e3830
2026-10-06 19:48:45,284 [INFO] [client-2] Round 15 done — loss=0.9573 acc=0.5309  6.7s
2026-10-06 19:48:45,286 [INFO] [client-2] Round 16 — receiving model…
2026-10-06 19:48:45,289 [INFO] send 13933B via direct in 3373ms (0.03 Mbit/s) to a355b1fc851e3830
2026-10-06 19:48:45,315 [INFO] [client-0] Round 15 done — loss=1.0476 acc=0.4670  7.6s
2026-10-06 19:48:45,317 [INFO] [client-0] Round 16 — receiving model…
2026-10-06 19:48:45,323 [INFO] recv 13933B via direct in 675ms
2026-10-06 19:48:45,327 [INFO] recv 13933B via direct in 1558ms
2026-10-06 19:48:45,330 [INFO] send 13933B via direct in 1563ms (0.07 Mbit/s) to a355b1fc851e3830
2026-10-06 19:48:45,363 [INFO] [client-4] Round 15 done — loss=1.0138 acc=0.4935  7.6s
2026-10-06 19:48:45,364 [INFO] [client-4] Round 16 — receiving model…
2026-10-06 19:48:45,367 [INFO] send 13933B via direct in 3040ms (0.04 Mbit/s) to a355b1fc851e3830
2026-10-06 19:48:45,397 [INFO] [client-9] Round 15 done — loss=1.0110 acc=0.5235  6.8s
2026-10-06 19:48:45,398 [INFO] [client-9] Round 16 — receiving model…
2026-10-06 19:48:45,401 [INFO] recv 13933B via direct in 1519ms
2026-10-06 19:48:45,433 [INFO] Round 15/20  acc=0.4628  loss=1.0695  5.4s  clients=10
2026-10-06 19:48:45,434 [INFO] Round 16 — sending model to 10 clients…
2026-10-06 19:48:45,473 [INFO] send 13933B via direct in 1978ms (0.06 Mbit/s) to a355b1fc851e3830
2026-10-06 19:48:45,508 [INFO] [client-7] Round 15 done — loss=1.0298 acc=0.4505  7.0s
2026-10-06 19:48:45,510 [INFO] [client-7] Round 16 — receiving model…
2026-10-06 19:48:46,813 [INFO] recv 13933B via direct in 990ms
2026-10-06 19:48:46,821 [INFO] [client-8] Round 16 — training locally…
2026-10-06 19:48:47,055 [INFO] [client-8] Round 16 — sending update…
2026-10-06 19:48:47,060 [INFO] recv 13933B via direct in 1135ms
2026-10-06 19:48:47,063 [INFO] [client-1] Round 16 — training locally…
2026-10-06 19:48:47,280 [INFO] [client-1] Round 16 — sending update…
2026-10-06 19:48:47,284 [INFO] recv 13933B via direct in 1009ms
2026-10-06 19:48:47,289 [INFO] [client-9] Round 16 — training locally…
2026-10-06 19:48:47,473 [INFO] [client-9] Round 16 — sending update…
2026-10-06 19:48:47,484 [INFO] send 13933B via direct in 2040ms (0.05 Mbit/s) to ef1b25d891165faa
2026-10-06 19:48:47,487 [INFO] send 13933B via direct in 2038ms (0.05 Mbit/s) to 904e8215f9e626b4
2026-10-06 19:48:47,489 [INFO] send 13933B via direct in 2040ms (0.05 Mbit/s) to d3089b448ecd5c4c
2026-10-06 19:48:47,490 [INFO] send 13933B via direct in 2036ms (0.05 Mbit/s) to 19be4b7ff33e3e24
2026-10-06 19:48:47,492 [INFO] recv 13933B via direct in 1233ms
2026-10-06 19:48:47,496 [INFO] [client-5] Round 16 — training locally…
2026-10-06 19:48:47,715 [INFO] [client-5] Round 16 — sending update…
2026-10-06 19:48:47,720 [INFO] recv 13933B via direct in 1475ms
2026-10-06 19:48:47,723 [INFO] [client-2] Round 16 — training locally…
2026-10-06 19:48:47,897 [INFO] [client-2] Round 16 — sending update…
2026-10-06 19:48:47,907 [INFO] send 13933B via direct in 2462ms (0.05 Mbit/s) to a511325c7ff6f41a
2026-10-06 19:48:47,909 [INFO] recv 13933B via direct in 848ms
2026-10-06 19:48:47,912 [INFO] [client-6] Round 16 — training locally…
2026-10-06 19:48:48,072 [INFO] [client-6] Round 16 — sending update…
2026-10-06 19:48:48,082 [INFO] send 13933B via direct in 2642ms (0.04 Mbit/s) to eb5db15743c5c9e5
2026-10-06 19:48:48,084 [INFO] recv 13933B via direct in 601ms
2026-10-06 19:48:48,088 [INFO] [client-4] Round 16 — training locally…
2026-10-06 19:48:48,251 [INFO] [client-4] Round 16 — sending update…
2026-10-06 19:48:48,260 [INFO] send 13933B via direct in 2818ms (0.04 Mbit/s) to ecc44b7a00420397
2026-10-06 19:48:48,352 [INFO] recv 13933B via direct in 1919ms
2026-10-06 19:48:48,359 [INFO] [client-3] Round 16 — training locally…
2026-10-06 19:48:48,608 [INFO] [client-3] Round 16 — sending update…
2026-10-06 19:48:48,626 [INFO] send 13933B via direct in 3167ms (0.04 Mbit/s) to 55a3347154afdc3f
2026-10-06 19:48:48,683 [INFO] send 13933B via direct in 965ms (0.12 Mbit/s) to a355b1fc851e3830
2026-10-06 19:48:48,733 [INFO] [client-5] Round 16 done — loss=0.9687 acc=0.5615  3.6s
2026-10-06 19:48:48,735 [INFO] [client-5] Round 17 — receiving model…
2026-10-06 19:48:48,973 [INFO] send 13933B via direct in 1690ms (0.07 Mbit/s) to a355b1fc851e3830
2026-10-06 19:48:49,013 [INFO] [client-1] Round 16 done — loss=1.0591 acc=0.4258  5.1s
2026-10-06 19:48:49,015 [INFO] [client-1] Round 17 — receiving model…
2026-10-06 19:48:49,403 [INFO] send 13933B via direct in 2346ms (0.05 Mbit/s) to a355b1fc851e3830
2026-10-06 19:48:49,450 [INFO] [client-8] Round 16 done — loss=0.7563 acc=0.7139  4.2s
2026-10-06 19:48:49,452 [INFO] [client-8] Round 17 — receiving model…
2026-10-06 19:48:49,457 [INFO] send 13933B via direct in 1380ms (0.08 Mbit/s) to a355b1fc851e3830
2026-10-06 19:48:49,488 [INFO] [client-6] Round 16 done — loss=1.0114 acc=0.4889  4.2s
2026-10-06 19:48:49,489 [INFO] [client-6] Round 17 — receiving model…
2026-10-06 19:48:49,490 [INFO] send 13933B via direct in 1201ms (0.09 Mbit/s) to a355b1fc851e3830
2026-10-06 19:48:49,518 [INFO] [client-4] Round 16 done — loss=1.0167 acc=0.4911  4.2s
2026-10-06 19:48:49,520 [INFO] [client-4] Round 17 — receiving model…
2026-10-06 19:48:49,577 [INFO] recv 13933B via direct in 3424ms
2026-10-06 19:48:49,581 [INFO] [client-0] Round 16 — training locally…
2026-10-06 19:48:49,787 [INFO] [client-0] Round 16 — sending update…
2026-10-06 19:48:49,791 [INFO] send 13933B via direct in 4348ms (0.03 Mbit/s) to adeed0b773eb8da1
2026-10-06 19:48:49,792 [INFO] send 13933B via direct in 1180ms (0.09 Mbit/s) to a355b1fc851e3830
2026-10-06 19:48:49,827 [INFO] [client-3] Round 16 done — loss=1.0450 acc=0.4488  6.0s
2026-10-06 19:48:49,828 [INFO] [client-3] Round 17 — receiving model…
2026-10-06 19:48:49,916 [INFO] send 13933B via direct in 2439ms (0.05 Mbit/s) to a355b1fc851e3830
2026-10-06 19:48:49,973 [INFO] [client-9] Round 16 done — loss=1.0078 acc=0.5249  4.6s
2026-10-06 19:48:49,974 [INFO] [client-9] Round 17 — receiving model…
2026-10-06 19:48:50,083 [INFO] send 13933B via direct in 2182ms (0.05 Mbit/s) to a355b1fc851e3830
2026-10-06 19:48:50,147 [INFO] [client-2] Round 16 done — loss=0.9538 acc=0.5244  4.9s
2026-10-06 19:48:50,149 [INFO] [client-2] Round 17 — receiving model…
2026-10-06 19:48:50,426 [INFO] send 13933B via direct in 637ms (0.18 Mbit/s) to a355b1fc851e3830
2026-10-06 19:48:50,464 [INFO] [client-0] Round 16 done — loss=1.0558 acc=0.4518  5.1s
2026-10-06 19:48:50,465 [INFO] [client-0] Round 17 — receiving model…
2026-10-06 19:48:51,188 [INFO] recv 13933B via direct in 4847ms
2026-10-06 19:48:51,191 [INFO] [client-7] Round 16 — training locally…
2026-10-06 19:48:51,398 [INFO] [client-7] Round 16 — sending update…
2026-10-06 19:48:51,403 [INFO] send 13933B via direct in 5957ms (0.02 Mbit/s) to 6d6805f14f6b7588
2026-10-06 19:48:51,405 [INFO] Round 16 — waiting for 10 updates…
2026-10-06 19:48:51,407 [INFO] recv 13933B via direct in 715ms
2026-10-06 19:48:51,411 [INFO] recv 13933B via direct in 366ms
2026-10-06 19:48:51,414 [INFO] recv 13933B via direct in 561ms
2026-10-06 19:48:51,417 [INFO] recv 13933B via direct in 681ms
2026-10-06 19:48:51,421 [INFO] recv 13933B via direct in 667ms
2026-10-06 19:48:51,423 [INFO] recv 13933B via direct in 668ms
2026-10-06 19:48:51,426 [INFO] recv 13933B via direct in 387ms
2026-10-06 19:48:51,429 [INFO] recv 13933B via direct in 532ms
2026-10-06 19:48:51,431 [INFO] recv 13933B via direct in 185ms
2026-10-06 19:48:51,944 [INFO] recv 13933B via direct in 265ms
2026-10-06 19:48:52,009 [INFO] Round 16/20  acc=0.4667  loss=1.0608  6.6s  clients=10
2026-10-06 19:48:52,011 [INFO] Round 17 — sending model to 10 clients…
2026-10-06 19:48:52,030 [INFO] send 13933B via direct in 627ms (0.18 Mbit/s) to a355b1fc851e3830
2026-10-06 19:48:52,062 [INFO] [client-7] Round 16 done — loss=1.0268 acc=0.4526  6.6s
2026-10-06 19:48:52,063 [INFO] [client-7] Round 17 — receiving model…
2026-10-06 19:48:53,233 [INFO] recv 13933B via direct in 754ms
2026-10-06 19:48:53,241 [INFO] [client-3] Round 17 — training locally…
2026-10-06 19:48:53,540 [INFO] [client-3] Round 17 — sending update…
2026-10-06 19:48:53,548 [INFO] recv 13933B via direct in 893ms
2026-10-06 19:48:53,552 [INFO] [client-8] Round 17 — training locally…
2026-10-06 19:48:53,735 [INFO] [client-8] Round 17 — sending update…
2026-10-06 19:48:53,739 [INFO] recv 13933B via direct in 801ms
2026-10-06 19:48:53,743 [INFO] [client-6] Round 17 — training locally…
2026-10-06 19:48:53,918 [INFO] [client-6] Round 17 — sending update…
2026-10-06 19:48:53,923 [INFO] recv 13933B via direct in 710ms
2026-10-06 19:48:53,925 [INFO] [client-4] Round 17 — training locally…
2026-10-06 19:48:54,084 [INFO] [client-4] Round 17 — sending update…
2026-10-06 19:48:54,108 [INFO] send 13933B via direct in 2071ms (0.05 Mbit/s) to 55a3347154afdc3f
2026-10-06 19:48:54,110 [INFO] send 13933B via direct in 2067ms (0.05 Mbit/s) to ef1b25d891165faa
2026-10-06 19:48:54,111 [INFO] send 13933B via direct in 2066ms (0.05 Mbit/s) to eb5db15743c5c9e5
2026-10-06 19:48:54,113 [INFO] send 13933B via direct in 2066ms (0.05 Mbit/s) to ecc44b7a00420397
2026-10-06 19:48:54,115 [INFO] send 13933B via direct in 2076ms (0.05 Mbit/s) to adeed0b773eb8da1
2026-10-06 19:48:54,116 [INFO] send 13933B via direct in 2081ms (0.05 Mbit/s) to d3089b448ecd5c4c
2026-10-06 19:48:54,118 [INFO] recv 13933B via direct in 1711ms
2026-10-06 19:48:54,120 [INFO] [client-0] Round 17 — training locally…
2026-10-06 19:48:54,255 [INFO] [client-0] Round 17 — sending update…
2026-10-06 19:48:54,258 [INFO] recv 13933B via direct in 1796ms
2026-10-06 19:48:54,261 [INFO] [client-1] Round 17 — training locally…
2026-10-06 19:48:54,430 [INFO] [client-1] Round 17 — sending update…
2026-10-06 19:48:55,024 [INFO] send 13933B via direct in 1481ms (0.08 Mbit/s) to a355b1fc851e3830
2026-10-06 19:48:55,097 [INFO] [client-3] Round 17 done — loss=1.0430 acc=0.4560  5.3s
2026-10-06 19:48:55,099 [INFO] [client-3] Round 18 — receiving model…
2026-10-06 19:48:55,131 [INFO] send 13933B via direct in 1392ms (0.08 Mbit/s) to a355b1fc851e3830
2026-10-06 19:48:55,153 [INFO] [client-8] Round 17 done — loss=0.7598 acc=0.7109  5.7s
2026-10-06 19:48:55,154 [INFO] [client-8] Round 18 — receiving model…
2026-10-06 19:48:55,228 [INFO] recv 13933B via direct in 1132ms
2026-10-06 19:48:55,241 [INFO] [client-5] Round 17 — training locally…
2026-10-06 19:48:55,493 [INFO] [client-5] Round 17 — sending update…
2026-10-06 19:48:55,504 [INFO] send 13933B via direct in 3470ms (0.03 Mbit/s) to 19be4b7ff33e3e24
2026-10-06 19:48:56,142 [INFO] send 13933B via direct in 2054ms (0.05 Mbit/s) to a355b1fc851e3830
2026-10-06 19:48:56,193 [INFO] [client-4] Round 17 done — loss=1.0100 acc=0.4918  6.7s
2026-10-06 19:48:56,194 [INFO] [client-4] Round 18 — receiving model…
2026-10-06 19:48:56,197 [INFO] send 13933B via direct in 2275ms (0.05 Mbit/s) to a355b1fc851e3830
2026-10-06 19:48:56,234 [INFO] [client-6] Round 17 done — loss=1.0128 acc=0.4934  6.7s
2026-10-06 19:48:56,236 [INFO] [client-6] Round 18 — receiving model…
2026-10-06 19:48:56,421 [INFO] recv 13933B via direct in 2330ms
2026-10-06 19:48:56,434 [INFO] [client-7] Round 17 — training locally…
2026-10-06 19:48:56,677 [INFO] [client-7] Round 17 — sending update…
2026-10-06 19:48:56,689 [INFO] send 13933B via direct in 4659ms (0.02 Mbit/s) to 6d6805f14f6b7588
2026-10-06 19:48:56,691 [INFO] send 13933B via direct in 4662ms (0.02 Mbit/s) to a511325c7ff6f41a
2026-10-06 19:48:56,692 [INFO] recv 13933B via direct in 2592ms
2026-10-06 19:48:56,695 [INFO] [client-2] Round 17 — training locally…
2026-10-06 19:48:56,853 [INFO] [client-2] Round 17 — sending update…
2026-10-06 19:48:56,857 [INFO] send 13933B via direct in 2425ms (0.05 Mbit/s) to a355b1fc851e3830
2026-10-06 19:48:56,878 [INFO] [client-1] Round 17 done — loss=1.0581 acc=0.4227  7.9s
2026-10-06 19:48:56,879 [INFO] [client-1] Round 18 — receiving model…
2026-10-06 19:48:57,342 [INFO] send 13933B via direct in 3084ms (0.04 Mbit/s) to a355b1fc851e3830
2026-10-06 19:48:57,393 [INFO] [client-0] Round 17 done — loss=1.0562 acc=0.4475  6.9s
2026-10-06 19:48:57,395 [INFO] [client-0] Round 18 — receiving model…
2026-10-06 19:48:57,556 [INFO] send 13933B via direct in 874ms (0.13 Mbit/s) to a355b1fc851e3830
2026-10-06 19:48:57,600 [INFO] [client-7] Round 17 done — loss=1.0263 acc=0.4495  5.5s
2026-10-06 19:48:57,602 [INFO] [client-7] Round 18 — receiving model…
2026-10-06 19:48:58,946 [INFO] send 13933B via direct in 2090ms (0.05 Mbit/s) to a355b1fc851e3830
2026-10-06 19:48:58,991 [INFO] [client-2] Round 17 done — loss=0.9491 acc=0.5333  8.8s
2026-10-06 19:48:58,993 [INFO] [client-2] Round 18 — receiving model…
2026-10-06 19:48:59,214 [INFO] send 13933B via direct in 3717ms (0.03 Mbit/s) to a355b1fc851e3830
2026-10-06 19:48:59,379 [INFO] [client-5] Round 17 done — loss=0.9685 acc=0.5491  10.6s
2026-10-06 19:48:59,381 [INFO] [client-5] Round 18 — receiving model…
2026-10-06 19:49:00,651 [INFO] recv 13933B via direct in 593ms
2026-10-06 19:49:00,654 [INFO] [client-9] Round 17 — training locally…
2026-10-06 19:49:00,881 [INFO] [client-9] Round 17 — sending update…
2026-10-06 19:49:00,886 [INFO] send 13933B via direct in 8863ms (0.01 Mbit/s) to 904e8215f9e626b4
2026-10-06 19:49:00,887 [INFO] Round 17 — waiting for 10 updates…
2026-10-06 19:49:00,889 [INFO] recv 13933B via direct in 817ms
2026-10-06 19:49:00,891 [INFO] recv 13933B via direct in 564ms
2026-10-06 19:49:00,895 [INFO] recv 13933B via direct in 559ms
2026-10-06 19:49:00,898 [INFO] recv 13933B via direct in 590ms
2026-10-06 19:49:00,901 [INFO] recv 13933B via direct in 1583ms
2026-10-06 19:49:00,905 [INFO] recv 13933B via direct in 386ms
2026-10-06 19:49:00,909 [INFO] recv 13933B via direct in 525ms
2026-10-06 19:49:00,911 [INFO] recv 13933B via direct in 733ms
2026-10-06 19:49:00,913 [INFO] recv 13933B via direct in 2242ms
2026-10-06 19:49:02,580 [INFO] recv 13933B via direct in 284ms
2026-10-06 19:49:02,627 [INFO] Round 17/20  acc=0.4673  loss=1.0609  10.6s  clients=10
2026-10-06 19:49:02,629 [INFO] Round 18 — sending model to 10 clients…
2026-10-06 19:49:02,676 [INFO] send 13933B via direct in 1793ms (0.06 Mbit/s) to a355b1fc851e3830
2026-10-06 19:49:02,711 [INFO] [client-9] Round 17 done — loss=1.0070 acc=0.5274  12.7s
2026-10-06 19:49:02,712 [INFO] [client-9] Round 18 — receiving model…
2026-10-06 19:49:03,979 [INFO] recv 13933B via direct in 1048ms
2026-10-06 19:49:03,981 [INFO] [client-5] Round 18 — training locally…
2026-10-06 19:49:04,221 [INFO] [client-5] Round 18 — sending update…
2026-10-06 19:49:04,226 [INFO] recv 13933B via direct in 1201ms
2026-10-06 19:49:04,230 [INFO] [client-3] Round 18 — training locally…
2026-10-06 19:49:04,445 [INFO] [client-3] Round 18 — sending update…
2026-10-06 19:49:04,449 [INFO] recv 13933B via direct in 1107ms
2026-10-06 19:49:04,453 [INFO] [client-4] Round 18 — training locally…
2026-10-06 19:49:04,637 [INFO] [client-4] Round 18 — sending update…
2026-10-06 19:49:04,642 [INFO] recv 13933B via direct in 1017ms
2026-10-06 19:49:04,645 [INFO] [client-8] Round 18 — training locally…
2026-10-06 19:49:04,796 [INFO] [client-8] Round 18 — sending update…
2026-10-06 19:49:04,814 [INFO] send 13933B via direct in 2169ms (0.05 Mbit/s) to 19be4b7ff33e3e24
2026-10-06 19:49:04,815 [INFO] send 13933B via direct in 2167ms (0.05 Mbit/s) to 55a3347154afdc3f
2026-10-06 19:49:04,817 [INFO] send 13933B via direct in 2165ms (0.05 Mbit/s) to ecc44b7a00420397
2026-10-06 19:49:04,818 [INFO] send 13933B via direct in 2163ms (0.05 Mbit/s) to ef1b25d891165faa
2026-10-06 19:49:04,820 [INFO] send 13933B via direct in 2162ms (0.05 Mbit/s) to d3089b448ecd5c4c
2026-10-06 19:49:04,821 [INFO] send 13933B via direct in 2160ms (0.05 Mbit/s) to 904e8215f9e626b4
2026-10-06 19:49:04,823 [INFO] send 13933B via direct in 2160ms (0.05 Mbit/s) to a511325c7ff6f41a
2026-10-06 19:49:04,826 [INFO] recv 13933B via direct in 1505ms
2026-10-06 19:49:04,831 [INFO] [client-1] Round 18 — training locally…
2026-10-06 19:49:04,984 [INFO] [client-1] Round 18 — sending update…
2026-10-06 19:49:04,988 [INFO] recv 13933B via direct in 1297ms
2026-10-06 19:49:04,992 [INFO] [client-9] Round 18 — training locally…
2026-10-06 19:49:05,191 [INFO] [client-9] Round 18 — sending update…
2026-10-06 19:49:05,194 [INFO] recv 13933B via direct in 1204ms
2026-10-06 19:49:05,200 [INFO] [client-2] Round 18 — training locally…
2026-10-06 19:49:05,376 [INFO] [client-2] Round 18 — sending update…
2026-10-06 19:49:05,382 [INFO] recv 13933B via direct in 1432ms
2026-10-06 19:49:05,386 [INFO] [client-6] Round 18 — training locally…
2026-10-06 19:49:05,562 [INFO] [client-6] Round 18 — sending update…
2026-10-06 19:49:05,578 [INFO] send 13933B via direct in 2739ms (0.04 Mbit/s) to eb5db15743c5c9e5
2026-10-06 19:49:05,583 [INFO] send 13933B via direct in 2948ms (0.04 Mbit/s) to adeed0b773eb8da1
2026-10-06 19:49:05,586 [INFO] recv 13933B via direct in 776ms
2026-10-06 19:49:05,589 [INFO] [client-0] Round 18 — training locally…
2026-10-06 19:49:05,756 [INFO] [client-0] Round 18 — sending update…
2026-10-06 19:49:05,761 [INFO] send 13933B via direct in 1537ms (0.07 Mbit/s) to a355b1fc851e3830
2026-10-06 19:49:05,788 [INFO] [client-5] Round 18 done — loss=0.9723 acc=0.5560  6.4s
2026-10-06 19:49:05,789 [INFO] [client-5] Round 19 — receiving model…
2026-10-06 19:49:06,327 [INFO] recv 13933B via direct in 1524ms
2026-10-06 19:49:06,331 [INFO] [client-7] Round 18 — training locally…
2026-10-06 19:49:06,559 [INFO] [client-7] Round 18 — sending update…
2026-10-06 19:49:06,699 [INFO] send 13933B via direct in 4054ms (0.03 Mbit/s) to 6d6805f14f6b7588
2026-10-06 19:49:06,702 [INFO] Round 18 — waiting for 10 updates…
2026-10-06 19:49:06,704 [INFO] recv 13933B via direct in 202ms
2026-10-06 19:49:06,707 [INFO] recv 13933B via direct in 1182ms
2026-10-06 19:49:06,710 [INFO] recv 13933B via direct in 1008ms
2026-10-06 19:49:06,714 [INFO] recv 13933B via direct in 1026ms
2026-10-06 19:49:06,719 [INFO] recv 13933B via direct in 1053ms
2026-10-06 19:49:06,721 [INFO] recv 13933B via direct in 925ms
2026-10-06 19:49:06,780 [INFO] send 13933B via direct in 2332ms (0.05 Mbit/s) to a355b1fc851e3830
2026-10-06 19:49:06,823 [INFO] [client-3] Round 18 done — loss=1.0444 acc=0.4571  11.7s
2026-10-06 19:49:06,825 [INFO] [client-3] Round 19 — receiving model…
2026-10-06 19:49:06,827 [INFO] send 13933B via direct in 2186ms (0.05 Mbit/s) to a355b1fc851e3830
2026-10-06 19:49:06,855 [INFO] [client-4] Round 18 done — loss=1.0074 acc=0.4945  10.7s
2026-10-06 19:49:06,856 [INFO] [client-4] Round 19 — receiving model…
2026-10-06 19:49:06,858 [INFO] send 13933B via direct in 2027ms (0.06 Mbit/s) to a355b1fc851e3830
2026-10-06 19:49:06,892 [INFO] [client-8] Round 18 done — loss=0.7680 acc=0.7095  11.7s
2026-10-06 19:49:06,894 [INFO] [client-8] Round 19 — receiving model…
2026-10-06 19:49:06,897 [INFO] send 13933B via direct in 1909ms (0.06 Mbit/s) to a355b1fc851e3830
2026-10-06 19:49:06,924 [INFO] [client-1] Round 18 done — loss=1.0617 acc=0.4231  10.0s
2026-10-06 19:49:06,926 [INFO] [client-1] Round 19 — receiving model…
2026-10-06 19:49:06,927 [INFO] send 13933B via direct in 1703ms (0.07 Mbit/s) to a355b1fc851e3830
2026-10-06 19:49:06,955 [INFO] [client-9] Round 18 done — loss=1.0094 acc=0.5249  4.2s
2026-10-06 19:49:06,956 [INFO] [client-9] Round 19 — receiving model…
2026-10-06 19:49:07,013 [INFO] recv 13933B via direct in 748ms
2026-10-06 19:49:07,143 [INFO] send 13933B via direct in 1764ms (0.06 Mbit/s) to a355b1fc851e3830
2026-10-06 19:49:07,175 [INFO] [client-2] Round 18 done — loss=0.9622 acc=0.5206  8.2s
2026-10-06 19:49:07,177 [INFO] [client-2] Round 19 — receiving model…
2026-10-06 19:49:07,377 [INFO] recv 13933B via direct in 319ms
2026-10-06 19:49:07,470 [INFO] send 13933B via direct in 1711ms (0.07 Mbit/s) to a355b1fc851e3830
2026-10-06 19:49:07,500 [INFO] [client-0] Round 18 done — loss=1.0479 acc=0.4696  10.1s
2026-10-06 19:49:07,501 [INFO] [client-0] Round 19 — receiving model…
2026-10-06 19:49:07,576 [INFO] recv 13933B via direct in 552ms
2026-10-06 19:49:07,702 [INFO] send 13933B via direct in 1139ms (0.10 Mbit/s) to a355b1fc851e3830
2026-10-06 19:49:07,735 [INFO] [client-7] Round 18 done — loss=1.0252 acc=0.4619  10.1s
2026-10-06 19:49:07,736 [INFO] [client-7] Round 19 — receiving model…
2026-10-06 19:49:07,834 [INFO] recv 13933B via direct in 436ms
2026-10-06 19:49:07,892 [INFO] Round 18/20  acc=0.4631  loss=1.0677  5.3s  clients=10
2026-10-06 19:49:07,894 [INFO] Round 19 — sending model to 10 clients…
2026-10-06 19:49:07,928 [INFO] send 13933B via direct in 2362ms (0.05 Mbit/s) to a355b1fc851e3830
2026-10-06 19:49:07,950 [INFO] [client-6] Round 18 done — loss=1.0157 acc=0.4927  11.7s
2026-10-06 19:49:07,952 [INFO] [client-6] Round 19 — receiving model…
2026-10-06 19:49:09,264 [INFO] recv 13933B via direct in 1063ms
2026-10-06 19:49:09,267 [INFO] [client-1] Round 19 — training locally…
2026-10-06 19:49:09,460 [INFO] [client-1] Round 19 — sending update…
2026-10-06 19:49:09,466 [INFO] recv 13933B via direct in 1161ms
2026-10-06 19:49:09,471 [INFO] [client-9] Round 19 — training locally…
2026-10-06 19:49:09,646 [INFO] [client-9] Round 19 — sending update…
2026-10-06 19:49:09,649 [INFO] recv 13933B via direct in 955ms
2026-10-06 19:49:09,654 [INFO] [client-7] Round 19 — training locally…
2026-10-06 19:49:09,863 [INFO] [client-7] Round 19 — sending update…
2026-10-06 19:49:09,878 [INFO] send 13933B via direct in 1969ms (0.06 Mbit/s) to d3089b448ecd5c4c
2026-10-06 19:49:09,880 [INFO] send 13933B via direct in 1967ms (0.06 Mbit/s) to 904e8215f9e626b4
2026-10-06 19:49:09,882 [INFO] send 13933B via direct in 1962ms (0.06 Mbit/s) to 6d6805f14f6b7588
2026-10-06 19:49:09,884 [INFO] send 13933B via direct in 1960ms (0.06 Mbit/s) to adeed0b773eb8da1
2026-10-06 19:49:09,885 [INFO] send 13933B via direct in 1960ms (0.06 Mbit/s) to 55a3347154afdc3f
2026-10-06 19:49:09,886 [INFO] recv 13933B via direct in 1280ms
2026-10-06 19:49:09,889 [INFO] [client-6] Round 19 — training locally…
2026-10-06 19:49:10,076 [INFO] [client-6] Round 19 — sending update…
2026-10-06 19:49:10,080 [INFO] send 13933B via direct in 1961ms (0.06 Mbit/s) to eb5db15743c5c9e5
2026-10-06 19:49:10,081 [INFO] recv 13933B via direct in 1156ms
2026-10-06 19:49:10,086 [INFO] [client-0] Round 19 — training locally…
2026-10-06 19:49:10,224 [INFO] [client-0] Round 19 — sending update…
2026-10-06 19:49:10,227 [INFO] recv 13933B via direct in 976ms
2026-10-06 19:49:10,233 [INFO] [client-3] Round 19 — training locally…
2026-10-06 19:49:10,408 [INFO] [client-3] Round 19 — sending update…
2026-10-06 19:49:10,421 [INFO] send 13933B via direct in 2508ms (0.04 Mbit/s) to ecc44b7a00420397
2026-10-06 19:49:10,423 [INFO] send 13933B via direct in 2505ms (0.04 Mbit/s) to ef1b25d891165faa
2026-10-06 19:49:10,424 [INFO] recv 13933B via direct in 2007ms
2026-10-06 19:49:10,427 [INFO] [client-4] Round 19 — training locally…
2026-10-06 19:49:10,584 [INFO] [client-4] Round 19 — sending update…
2026-10-06 19:49:10,590 [INFO] recv 13933B via direct in 1735ms
2026-10-06 19:49:10,592 [INFO] [client-8] Round 19 — training locally…
2026-10-06 19:49:10,757 [INFO] [client-8] Round 19 — sending update…
2026-10-06 19:49:11,244 [INFO] send 13933B via direct in 1378ms (0.08 Mbit/s) to a355b1fc851e3830
2026-10-06 19:49:11,288 [INFO] [client-7] Round 19 done — loss=1.0277 acc=0.4464  3.6s
2026-10-06 19:49:11,290 [INFO] [client-7] Round 20 — receiving model…
2026-10-06 19:49:11,339 [INFO] send 13933B via direct in 1261ms (0.09 Mbit/s) to a355b1fc851e3830
2026-10-06 19:49:11,376 [INFO] [client-6] Round 19 done — loss=1.0122 acc=0.4924  3.4s
2026-10-06 19:49:11,377 [INFO] [client-6] Round 20 — receiving model…
2026-10-06 19:49:11,603 [INFO] send 13933B via direct in 1376ms (0.08 Mbit/s) to a355b1fc851e3830
2026-10-06 19:49:11,644 [INFO] [client-0] Round 19 done — loss=1.0529 acc=0.4605  4.1s
2026-10-06 19:49:11,645 [INFO] [client-0] Round 20 — receiving model…
2026-10-06 19:49:11,761 [INFO] send 13933B via direct in 2112ms (0.05 Mbit/s) to a355b1fc851e3830
2026-10-06 19:49:11,797 [INFO] [client-9] Round 19 done — loss=1.0104 acc=0.5235  4.8s
2026-10-06 19:49:11,799 [INFO] [client-9] Round 20 — receiving model…
2026-10-06 19:49:12,088 [INFO] send 13933B via direct in 2623ms (0.04 Mbit/s) to a355b1fc851e3830
2026-10-06 19:49:12,120 [INFO] [client-1] Round 19 done — loss=1.0567 acc=0.4289  5.2s
2026-10-06 19:49:12,122 [INFO] [client-1] Round 20 — receiving model…
2026-10-06 19:49:12,458 [INFO] recv 13933B via direct in 656ms
2026-10-06 19:49:12,461 [INFO] [client-5] Round 19 — training locally…
2026-10-06 19:49:12,649 [INFO] [client-5] Round 19 — sending update…
2026-10-06 19:49:12,657 [INFO] send 13933B via direct in 2066ms (0.05 Mbit/s) to a355b1fc851e3830
2026-10-06 19:49:12,685 [INFO] [client-4] Round 19 done — loss=1.0135 acc=0.4921  5.8s
2026-10-06 19:49:12,686 [INFO] [client-4] Round 20 — receiving model…
2026-10-06 19:49:12,687 [INFO] send 13933B via direct in 4753ms (0.02 Mbit/s) to 19be4b7ff33e3e24
2026-10-06 19:49:12,689 [INFO] send 13933B via direct in 2244ms (0.05 Mbit/s) to a355b1fc851e3830
2026-10-06 19:49:12,711 [INFO] [client-3] Round 19 done — loss=1.0439 acc=0.4595  5.9s
2026-10-06 19:49:12,713 [INFO] [client-3] Round 20 — receiving model…
2026-10-06 19:49:12,716 [INFO] send 13933B via direct in 1955ms (0.06 Mbit/s) to a355b1fc851e3830
2026-10-06 19:49:12,747 [INFO] [client-8] Round 19 done — loss=0.7588 acc=0.7143  5.9s
2026-10-06 19:49:12,748 [INFO] [client-8] Round 20 — receiving model…
2026-10-06 19:49:12,781 [INFO] recv 13933B via direct in 3972ms
2026-10-06 19:49:12,785 [INFO] [client-2] Round 19 — training locally…
2026-10-06 19:49:12,977 [INFO] [client-2] Round 19 — sending update…
2026-10-06 19:49:12,985 [INFO] send 13933B via direct in 5071ms (0.02 Mbit/s) to a511325c7ff6f41a
2026-10-06 19:49:12,986 [INFO] Round 19 — waiting for 10 updates…
2026-10-06 19:49:12,988 [INFO] recv 13933B via direct in 653ms
2026-10-06 19:49:12,993 [INFO] recv 13933B via direct in 406ms
2026-10-06 19:49:12,996 [INFO] recv 13933B via direct in 654ms
2026-10-06 19:49:12,999 [INFO] recv 13933B via direct in 373ms
2026-10-06 19:49:13,002 [INFO] recv 13933B via direct in 656ms
2026-10-06 19:49:13,005 [INFO] recv 13933B via direct in 396ms
2026-10-06 19:49:13,007 [INFO] recv 13933B via direct in 1277ms
2026-10-06 19:49:13,010 [INFO] recv 13933B via direct in 672ms
2026-10-06 19:49:13,297 [INFO] recv 13933B via direct in 314ms
2026-10-06 19:49:13,371 [INFO] send 13933B via direct in 715ms (0.16 Mbit/s) to a355b1fc851e3830
2026-10-06 19:49:13,447 [INFO] [client-5] Round 19 done — loss=0.9733 acc=0.5470  7.7s
2026-10-06 19:49:13,448 [INFO] [client-5] Round 20 — receiving model…
2026-10-06 19:49:16,943 [INFO] recv 13933B via direct in 479ms
2026-10-06 19:49:17,005 [INFO] Round 19/20  acc=0.4670  loss=1.0608  9.1s  clients=10
2026-10-06 19:49:17,007 [INFO] Round 20 — sending model to 10 clients…
2026-10-06 19:49:17,022 [INFO] send 13933B via direct in 4042ms (0.03 Mbit/s) to a355b1fc851e3830
2026-10-06 19:49:17,064 [INFO] [client-2] Round 19 done — loss=0.9542 acc=0.5299  9.9s
2026-10-06 19:49:17,065 [INFO] [client-2] Round 20 — receiving model…
2026-10-06 19:49:18,050 [INFO] recv 13933B via direct in 776ms
2026-10-06 19:49:18,054 [INFO] [client-0] Round 20 — training locally…
2026-10-06 19:49:18,265 [INFO] [client-0] Round 20 — sending update…
2026-10-06 19:49:18,272 [INFO] recv 13933B via direct in 893ms
2026-10-06 19:49:18,275 [INFO] [client-8] Round 20 — training locally…
2026-10-06 19:49:18,484 [INFO] [client-8] Round 20 — sending update…
2026-10-06 19:49:18,488 [INFO] recv 13933B via direct in 800ms
2026-10-06 19:49:18,493 [INFO] [client-1] Round 20 — training locally…
2026-10-06 19:49:18,667 [INFO] [client-1] Round 20 — sending update…
2026-10-06 19:49:18,671 [INFO] recv 13933B via direct in 699ms
2026-10-06 19:49:18,675 [INFO] [client-6] Round 20 — training locally…
2026-10-06 19:49:18,847 [INFO] [client-6] Round 20 — sending update…
2026-10-06 19:49:18,868 [INFO] send 13933B via direct in 1841ms (0.06 Mbit/s) to adeed0b773eb8da1
2026-10-06 19:49:18,870 [INFO] send 13933B via direct in 1840ms (0.06 Mbit/s) to ef1b25d891165faa
2026-10-06 19:49:18,872 [INFO] send 13933B via direct in 1839ms (0.06 Mbit/s) to d3089b448ecd5c4c
2026-10-06 19:49:18,874 [INFO] send 13933B via direct in 1839ms (0.06 Mbit/s) to eb5db15743c5c9e5
2026-10-06 19:49:18,876 [INFO] send 13933B via direct in 1838ms (0.06 Mbit/s) to 904e8215f9e626b4
2026-10-06 19:49:18,877 [INFO] recv 13933B via direct in 1179ms
2026-10-06 19:49:18,879 [INFO] [client-9] Round 20 — training locally…
2026-10-06 19:49:19,039 [INFO] [client-9] Round 20 — sending update…
2026-10-06 19:49:19,457 [INFO] recv 13933B via direct in 1690ms
2026-10-06 19:49:19,461 [INFO] [client-2] Round 20 — training locally…
2026-10-06 19:49:19,694 [INFO] [client-2] Round 20 — sending update…
2026-10-06 19:49:19,702 [INFO] send 13933B via direct in 2683ms (0.04 Mbit/s) to a511325c7ff6f41a
2026-10-06 19:49:19,704 [INFO] recv 13933B via direct in 658ms
2026-10-06 19:49:19,707 [INFO] [client-7] Round 20 — training locally…
2026-10-06 19:49:19,927 [INFO] [client-7] Round 20 — sending update…
2026-10-06 19:49:19,941 [INFO] send 13933B via direct in 2912ms (0.04 Mbit/s) to 6d6805f14f6b7588
2026-10-06 19:49:19,972 [INFO] send 13933B via direct in 1122ms (0.10 Mbit/s) to a355b1fc851e3830
2026-10-06 19:49:20,016 [INFO] [client-6] Round 20 done — loss=1.0083 acc=0.4934  8.6s
2026-10-06 19:49:20,019 [INFO] recv 13933B via direct in 2219ms
2026-10-06 19:49:20,026 [INFO] [client-5] Round 20 — training locally…
2026-10-06 19:49:20,319 [INFO] [client-5] Round 20 — sending update…
2026-10-06 19:49:20,326 [INFO] send 13933B via direct in 3306ms (0.03 Mbit/s) to 19be4b7ff33e3e24
2026-10-06 19:49:20,523 [INFO] send 13933B via direct in 2253ms (0.05 Mbit/s) to a355b1fc851e3830
2026-10-06 19:49:20,563 [INFO] [client-0] Round 20 done — loss=1.0487 acc=0.4644  8.9s
2026-10-06 19:49:20,566 [INFO] send 13933B via direct in 2078ms (0.05 Mbit/s) to a355b1fc851e3830
2026-10-06 19:49:20,601 [INFO] [client-8] Round 20 done — loss=0.7562 acc=0.7143  7.9s
2026-10-06 19:49:20,633 [INFO] send 13933B via direct in 1962ms (0.06 Mbit/s) to a355b1fc851e3830
2026-10-06 19:49:20,664 [INFO] [client-1] Round 20 done — loss=1.0586 acc=0.4166  8.5s
2026-10-06 19:49:20,671 [INFO] send 13933B via direct in 969ms (0.12 Mbit/s) to a355b1fc851e3830
2026-10-06 19:49:20,706 [INFO] [client-2] Round 20 done — loss=0.9549 acc=0.5268  3.6s
2026-10-06 19:49:21,339 [INFO] send 13933B via direct in 1017ms (0.11 Mbit/s) to a355b1fc851e3830
2026-10-06 19:49:21,384 [INFO] [client-5] Round 20 done — loss=0.9650 acc=0.5601  7.9s
2026-10-06 19:49:21,387 [INFO] send 13933B via direct in 2344ms (0.05 Mbit/s) to a355b1fc851e3830
2026-10-06 19:49:21,430 [INFO] [client-9] Round 20 done — loss=1.0121 acc=0.5249  9.6s
2026-10-06 19:49:21,441 [INFO] recv 13933B via direct in 718ms
2026-10-06 19:49:21,448 [INFO] [client-3] Round 20 — training locally…
2026-10-06 19:49:21,676 [INFO] [client-3] Round 20 — sending update…
2026-10-06 19:49:21,684 [INFO] send 13933B via direct in 4664ms (0.02 Mbit/s) to 55a3347154afdc3f
2026-10-06 19:49:21,686 [INFO] recv 13933B via direct in 916ms
2026-10-06 19:49:21,689 [INFO] [client-4] Round 20 — training locally…
2026-10-06 19:49:21,858 [INFO] [client-4] Round 20 — sending update…
2026-10-06 19:49:21,862 [INFO] send 13933B via direct in 4663ms (0.02 Mbit/s) to ecc44b7a00420397
2026-10-06 19:49:21,863 [INFO] Round 20 — waiting for 10 updates…
2026-10-06 19:49:21,864 [INFO] recv 13933B via direct in 233ms
2026-10-06 19:49:21,869 [INFO] recv 13933B via direct in 1489ms
2026-10-06 19:49:21,871 [INFO] recv 13933B via direct in 1345ms
2026-10-06 19:49:21,873 [INFO] recv 13933B via direct in 155ms
2026-10-06 19:49:21,876 [INFO] recv 13933B via direct in 175ms
2026-10-06 19:49:21,879 [INFO] recv 13933B via direct in 454ms
2026-10-06 19:49:21,883 [INFO] recv 13933B via direct in 704ms
2026-10-06 19:49:22,291 [INFO] recv 13933B via direct in 294ms
2026-10-06 19:49:22,383 [INFO] send 13933B via direct in 705ms (0.16 Mbit/s) to a355b1fc851e3830
2026-10-06 19:49:22,433 [INFO] [client-3] Round 20 done — loss=1.0432 acc=0.4516  9.7s
2026-10-06 19:49:22,581 [INFO] recv 13933B via direct in 901ms
2026-10-06 19:49:22,690 [INFO] recv 13933B via direct in 485ms
2026-10-06 19:49:22,752 [INFO] Round 20/20  acc=0.4659  loss=1.0608  5.7s  clients=10
2026-10-06 19:49:22,755 [INFO] send 13933B via direct in 2824ms (0.04 Mbit/s) to a355b1fc851e3830
2026-10-06 19:49:22,799 [INFO] [client-7] Round 20 done — loss=1.0315 acc=0.4519  11.5s
2026-10-06 19:49:22,801 [INFO] send 13933B via direct in 939ms (0.12 Mbit/s) to a355b1fc851e3830
2026-10-06 19:49:22,830 [INFO] [client-4] Round 20 done — loss=1.0118 acc=0.4942  10.1s
2026-10-06 19:49:23,796 [INFO] CoAP server [client-0] stopped
2026-10-06 19:49:23,902 [INFO] CoAP server [client-1] stopped
2026-10-06 19:49:24,013 [INFO] CoAP server [client-2] stopped
2026-10-06 19:49:25,673 [INFO] CoAP server [client-3] stopped
2026-10-06 19:49:25,780 [INFO] CoAP server [client-4] stopped
2026-10-06 19:49:25,890 [INFO] CoAP server [client-5] stopped
2026-10-06 19:49:26,003 [INFO] CoAP server [client-6] stopped
2026-10-06 19:49:26,112 [INFO] CoAP server [client-7] stopped
2026-10-06 19:49:26,219 [INFO] CoAP server [client-8] stopped
2026-10-06 19:49:26,326 [INFO] CoAP server [client-9] stopped
2026-10-06 19:49:26,433 [INFO] CoAP server [server] stopped
2026-10-06 19:49:26,446 [INFO] Exported 20 rows → results/e11/harsh_rural/e7_airmlp_geographic_round_events.csv
2026-10-06 19:49:49,464 [INFO] AirMLP airmlp_geographic done: {'node_id': 'server', 'architecture': 'B', 'scenario': 'e7_airmlp_geographic', 'rounds_total': 20, 'rounds_success': 20, 'test_acc_final': 0.4658803706823926, 'test_acc_max': 0.4717775905644482, 'duration_mean_sec': 9.423810829550712, 'pct_direct': 0.0, 'pct_relay': 0.0, 'bytes_to_aggregator': 2793800}  macro-F1=0.3850  bal-acc=0.4176
2026-10-06 19:49:49,488 [INFO] E11 harsh_rural: {"condition": "harsh_rural", "netem": "delay 75ms 25ms loss 10% rate 1mbit", "fl_wall_s": 268.2, "rounds_ok": 20, "rounds": 20, "round_s_median": 6.473, "round_s_max": 52.869, "test_acc_final": 0.4658803706823926, "macro_f1": 0.38499712633694516, "balanced_accuracy": 0.41755496333694236, "xfer_100kB_ok": "10/10", "xfer_100kB_ms_median": 2033.7, "xfer_1000kB_ok": "10/10", "xfer_1000kB_ms_median": 26179.4, "xfer_10000kB_ok": "0/10", "xfer_10000kB_ms_median": null}
