2026-09-29 07:48:37,861 [INFO] Iroh node started: af4f4078d874ddd5  addrs=['10.77.0.1:40427']
2026-09-29 07:48:38,493 [INFO] Iroh node started: bd3ce8a87bdb81e1  addrs=['10.77.0.1:53431']
2026-09-29 07:48:39,127 [INFO] send 100000B via direct in 626ms (1.28 Mbit/s) to bd3ce8a87bdb81e1
2026-09-29 07:48:39,132 [INFO] recv 100000B via direct in 476ms
2026-09-29 07:48:39,745 [INFO] send 100000B via direct in 602ms (1.33 Mbit/s) to bd3ce8a87bdb81e1
2026-09-29 07:48:39,751 [INFO] recv 100000B via direct in 474ms
2026-09-29 07:48:40,375 [INFO] send 100000B via direct in 612ms (1.31 Mbit/s) to bd3ce8a87bdb81e1
2026-09-29 07:48:40,380 [INFO] recv 100000B via direct in 493ms
2026-09-29 07:48:40,998 [INFO] send 100000B via direct in 612ms (1.31 Mbit/s) to bd3ce8a87bdb81e1
2026-09-29 07:48:41,033 [INFO] recv 100000B via direct in 454ms
2026-09-29 07:48:41,649 [INFO] send 100000B via direct in 609ms (1.31 Mbit/s) to bd3ce8a87bdb81e1
2026-09-29 07:48:41,652 [INFO] recv 100000B via direct in 483ms
2026-09-29 07:48:42,202 [INFO] send 100000B via direct in 547ms (1.46 Mbit/s) to bd3ce8a87bdb81e1
2026-09-29 07:48:42,204 [INFO] recv 100000B via direct in 479ms
2026-09-29 07:48:42,753 [INFO] send 100000B via direct in 547ms (1.46 Mbit/s) to bd3ce8a87bdb81e1
2026-09-29 07:48:42,757 [INFO] recv 100000B via direct in 490ms
2026-09-29 07:48:43,324 [INFO] send 100000B via direct in 562ms (1.42 Mbit/s) to bd3ce8a87bdb81e1
2026-09-29 07:48:43,326 [INFO] recv 100000B via direct in 480ms
2026-09-29 07:48:43,881 [INFO] send 100000B via direct in 550ms (1.46 Mbit/s) to bd3ce8a87bdb81e1
2026-09-29 07:48:43,885 [INFO] recv 100000B via direct in 483ms
2026-09-29 07:48:44,456 [INFO] send 100000B via direct in 565ms (1.42 Mbit/s) to bd3ce8a87bdb81e1
2026-09-29 07:48:44,458 [INFO] recv 100000B via direct in 481ms
2026-09-29 07:48:48,974 [INFO] send 1000000B via direct in 4507ms (1.78 Mbit/s) to bd3ce8a87bdb81e1
2026-09-29 07:48:48,977 [INFO] recv 1000000B via direct in 4297ms
2026-09-29 07:48:54,425 [INFO] send 1000000B via direct in 4514ms (1.77 Mbit/s) to bd3ce8a87bdb81e1
2026-09-29 07:48:54,427 [INFO] recv 1000000B via direct in 4295ms
2026-09-29 07:48:58,921 [INFO] send 1000000B via direct in 4488ms (1.78 Mbit/s) to bd3ce8a87bdb81e1
2026-09-29 07:48:58,925 [INFO] recv 1000000B via direct in 4304ms
2026-09-29 07:49:03,443 [INFO] send 1000000B via direct in 4513ms (1.77 Mbit/s) to bd3ce8a87bdb81e1
2026-09-29 07:49:03,446 [INFO] recv 1000000B via direct in 4298ms
2026-09-29 07:49:07,987 [INFO] send 1000000B via direct in 4534ms (1.76 Mbit/s) to bd3ce8a87bdb81e1
2026-09-29 07:49:07,989 [INFO] recv 1000000B via direct in 4297ms
2026-09-29 07:49:12,501 [INFO] send 1000000B via direct in 4505ms (1.78 Mbit/s) to bd3ce8a87bdb81e1
2026-09-29 07:49:12,506 [INFO] recv 1000000B via direct in 4308ms
2026-09-29 07:49:17,024 [INFO] send 1000000B via direct in 4505ms (1.78 Mbit/s) to bd3ce8a87bdb81e1
2026-09-29 07:49:17,027 [INFO] recv 1000000B via direct in 4300ms
2026-09-29 07:49:21,550 [INFO] send 1000000B via direct in 4514ms (1.77 Mbit/s) to bd3ce8a87bdb81e1
2026-09-29 07:49:21,554 [INFO] recv 1000000B via direct in 4301ms
2026-09-29 07:49:26,911 [INFO] send 1000000B via direct in 4506ms (1.78 Mbit/s) to bd3ce8a87bdb81e1
2026-09-29 07:49:26,916 [INFO] recv 1000000B via direct in 4305ms
2026-09-29 07:49:31,423 [INFO] send 1000000B via direct in 4497ms (1.78 Mbit/s) to bd3ce8a87bdb81e1
2026-09-29 07:49:31,455 [INFO] recv 1000000B via direct in 4298ms
2026-09-29 07:50:16,348 [INFO] send 10000000B via direct in 43964ms (1.82 Mbit/s) to bd3ce8a87bdb81e1
2026-09-29 07:50:16,354 [INFO] recv 10000000B via direct in 42523ms
2026-09-29 07:51:01,122 [INFO] send 10000000B via direct in 43923ms (1.82 Mbit/s) to bd3ce8a87bdb81e1
2026-09-29 07:51:01,123 [INFO] recv 10000000B via direct in 42495ms
2026-09-29 07:51:46,604 [INFO] send 10000000B via direct in 43785ms (1.83 Mbit/s) to bd3ce8a87bdb81e1
2026-09-29 07:51:46,606 [INFO] recv 10000000B via direct in 42494ms
2026-09-29 07:52:31,426 [INFO] send 10000000B via direct in 43862ms (1.82 Mbit/s) to bd3ce8a87bdb81e1
2026-09-29 07:52:31,427 [INFO] recv 10000000B via direct in 42514ms
2026-09-29 07:53:17,192 [INFO] send 10000000B via direct in 43987ms (1.82 Mbit/s) to bd3ce8a87bdb81e1
2026-09-29 07:53:17,194 [INFO] recv 10000000B via direct in 42567ms
2026-09-29 07:54:01,909 [INFO] send 10000000B via direct in 43839ms (1.82 Mbit/s) to bd3ce8a87bdb81e1
2026-09-29 07:54:01,911 [INFO] recv 10000000B via direct in 42500ms
2026-09-29 07:54:46,987 [INFO] send 10000000B via direct in 44190ms (1.81 Mbit/s) to bd3ce8a87bdb81e1
2026-09-29 07:54:46,993 [INFO] recv 10000000B via direct in 42608ms
2026-09-29 07:55:32,655 [INFO] send 10000000B via direct in 43940ms (1.82 Mbit/s) to bd3ce8a87bdb81e1
2026-09-29 07:55:32,657 [INFO] recv 10000000B via direct in 42542ms
2026-09-29 07:56:17,429 [INFO] send 10000000B via direct in 43896ms (1.82 Mbit/s) to bd3ce8a87bdb81e1
2026-09-29 07:56:17,431 [INFO] recv 10000000B via direct in 42497ms
2026-09-29 07:57:02,155 [INFO] send 10000000B via direct in 43832ms (1.83 Mbit/s) to bd3ce8a87bdb81e1
2026-09-29 07:57:02,157 [INFO] recv 10000000B via direct in 42497ms
2026-09-29 07:58:09,837 [INFO] === E7 AirMLP + FedAvg — geographic ===
2026-09-29 07:58:10,606 [INFO] Air quality dataset loaded: 28514 train / 3561 test | 6 features | 3 classes
2026-09-29 07:58:10,612 [INFO] Geographic partition: 10 provinces  min=2305  max=2922  mean=2851
2026-09-29 07:58:10,781 [INFO] AirMLP class weights: [1.026976466178894, 1.0868686437606812, 0.904000997543335]
2026-09-29 07:58:11,486 [INFO] Iroh node started: 0220ec4e2c8256ee  addrs=['10.77.0.1:48964']
2026-09-29 07:58:13,770 [INFO] CoAP server [server] listening on 0.0.0.0:5783
2026-09-29 07:58:13,775 [INFO] FLServer server started (mock=False)
2026-09-29 07:58:14,562 [INFO] Iroh node started: 38c2bf098350daa0  addrs=['10.77.0.1:43137']
2026-09-29 07:58:14,605 [INFO] CoAP server [client-0] listening on 0.0.0.0:5784
2026-09-29 07:58:14,610 [INFO] FLClient client-0 started (mock=False)
2026-09-29 07:58:14,615 [INFO] Registered client client-0  iroh=38c2bf098350daa0
2026-09-29 07:58:15,407 [INFO] Iroh node started: 036b1b4b140bb74f  addrs=['10.77.0.1:55119']
2026-09-29 07:58:15,455 [INFO] CoAP server [client-1] listening on 0.0.0.0:5785
2026-09-29 07:58:15,456 [INFO] FLClient client-1 started (mock=False)
2026-09-29 07:58:15,459 [INFO] Registered client client-1  iroh=036b1b4b140bb74f
2026-09-29 07:58:16,125 [INFO] Iroh node started: eb78e61c5797b964  addrs=['10.77.0.1:42092']
2026-09-29 07:58:16,165 [INFO] CoAP server [client-2] listening on 0.0.0.0:5786
2026-09-29 07:58:16,169 [INFO] FLClient client-2 started (mock=False)
2026-09-29 07:58:16,174 [INFO] Registered client client-2  iroh=eb78e61c5797b964
2026-09-29 07:58:16,966 [INFO] Iroh node started: 5b2565cbdf3ab25a  addrs=['10.77.0.1:58911']
2026-09-29 07:58:17,017 [INFO] CoAP server [client-3] listening on 0.0.0.0:5787
2026-09-29 07:58:17,023 [INFO] FLClient client-3 started (mock=False)
2026-09-29 07:58:17,027 [INFO] Registered client client-3  iroh=5b2565cbdf3ab25a
2026-09-29 07:58:17,764 [INFO] Iroh node started: 74c1e6be1ef45f1d  addrs=['10.77.0.1:34449']
2026-09-29 07:58:17,820 [INFO] CoAP server [client-4] listening on 0.0.0.0:5788
2026-09-29 07:58:17,823 [INFO] FLClient client-4 started (mock=False)
2026-09-29 07:58:17,827 [INFO] Registered client client-4  iroh=74c1e6be1ef45f1d
2026-09-29 07:58:18,493 [INFO] Iroh node started: 42724f4f7d4ccb28  addrs=['10.77.0.1:35237']
2026-09-29 07:58:18,512 [INFO] CoAP server [client-5] listening on 0.0.0.0:5789
2026-09-29 07:58:18,513 [INFO] FLClient client-5 started (mock=False)
2026-09-29 07:58:18,514 [INFO] Registered client client-5  iroh=42724f4f7d4ccb28
2026-09-29 07:58:19,193 [INFO] Iroh node started: ab2234c13229e5d9  addrs=['10.77.0.1:33106']
2026-09-29 07:58:19,234 [INFO] CoAP server [client-6] listening on 0.0.0.0:5790
2026-09-29 07:58:19,236 [INFO] FLClient client-6 started (mock=False)
2026-09-29 07:58:19,239 [INFO] Registered client client-6  iroh=ab2234c13229e5d9
2026-09-29 07:58:19,988 [INFO] Iroh node started: 4350fdf90266c46e  addrs=['10.77.0.1:33455']
2026-09-29 07:58:20,031 [INFO] CoAP server [client-7] listening on 0.0.0.0:5791
2026-09-29 07:58:20,036 [INFO] FLClient client-7 started (mock=False)
2026-09-29 07:58:20,042 [INFO] Registered client client-7  iroh=4350fdf90266c46e
2026-09-29 07:58:20,824 [INFO] Iroh node started: 806e2409b3a9c352  addrs=['10.77.0.1:39953']
2026-09-29 07:58:20,892 [INFO] CoAP server [client-8] listening on 0.0.0.0:5792
2026-09-29 07:58:20,896 [INFO] FLClient client-8 started (mock=False)
2026-09-29 07:58:20,901 [INFO] Registered client client-8  iroh=806e2409b3a9c352
2026-09-29 07:58:21,650 [INFO] Iroh node started: 84c2221a49ef495c  addrs=['10.77.0.1:34471']
2026-09-29 07:58:21,662 [INFO] CoAP server [client-9] listening on 0.0.0.0:5793
2026-09-29 07:58:21,664 [INFO] FLClient client-9 started (mock=False)
2026-09-29 07:58:21,665 [INFO] Registered client client-9  iroh=84c2221a49ef495c
2026-09-29 07:58:21,669 [INFO] Round 1 — sending model to 10 clients…
2026-09-29 07:58:21,671 [INFO] [client-0] Round 1 — receiving model…
2026-09-29 07:58:21,672 [INFO] [client-1] Round 1 — receiving model…
2026-09-29 07:58:21,673 [INFO] [client-2] Round 1 — receiving model…
2026-09-29 07:58:21,674 [INFO] [client-3] Round 1 — receiving model…
2026-09-29 07:58:21,676 [INFO] [client-4] Round 1 — receiving model…
2026-09-29 07:58:21,676 [INFO] [client-5] Round 1 — receiving model…
2026-09-29 07:58:21,677 [INFO] [client-6] Round 1 — receiving model…
2026-09-29 07:58:21,679 [INFO] [client-7] Round 1 — receiving model…
2026-09-29 07:58:21,680 [INFO] [client-8] Round 1 — receiving model…
2026-09-29 07:58:21,681 [INFO] [client-9] Round 1 — receiving model…
2026-09-29 07:58:22,560 [INFO] recv 13933B via direct in 648ms
2026-09-29 07:58:22,593 [INFO] [client-2] Round 1 — training locally…
2026-09-29 07:58:59,600 [INFO] [client-2] Round 1 — sending update…
2026-09-29 07:58:59,611 [INFO] send 13933B via direct in 36860ms (0.00 Mbit/s) to eb78e61c5797b964
2026-09-29 07:58:59,613 [INFO] send 13933B via direct in 36858ms (0.00 Mbit/s) to 38c2bf098350daa0
2026-09-29 07:58:59,615 [INFO] send 13933B via direct in 36854ms (0.00 Mbit/s) to ab2234c13229e5d9
2026-09-29 07:58:59,617 [INFO] send 13933B via direct in 36854ms (0.00 Mbit/s) to 4350fdf90266c46e
2026-09-29 07:58:59,619 [INFO] send 13933B via direct in 36857ms (0.00 Mbit/s) to 42724f4f7d4ccb28
2026-09-29 07:58:59,621 [INFO] send 13933B via direct in 36856ms (0.00 Mbit/s) to 806e2409b3a9c352
2026-09-29 07:58:59,623 [INFO] send 13933B via direct in 36855ms (0.00 Mbit/s) to 74c1e6be1ef45f1d
2026-09-29 07:58:59,624 [INFO] send 13933B via direct in 36855ms (0.00 Mbit/s) to 84c2221a49ef495c
2026-09-29 07:58:59,625 [INFO] recv 13933B via direct in 36667ms
2026-09-29 07:58:59,628 [INFO] [client-0] Round 1 — training locally…
2026-09-29 07:58:59,756 [INFO] [client-0] Round 1 — sending update…
2026-09-29 07:58:59,760 [INFO] recv 13933B via direct in 36616ms
2026-09-29 07:58:59,765 [INFO] [client-5] Round 1 — training locally…
2026-09-29 07:58:59,899 [INFO] [client-5] Round 1 — sending update…
2026-09-29 07:58:59,901 [INFO] recv 13933B via direct in 36564ms
2026-09-29 07:58:59,904 [INFO] [client-8] Round 1 — training locally…
2026-09-29 07:59:00,016 [INFO] [client-8] Round 1 — sending update…
2026-09-29 07:59:00,019 [INFO] recv 13933B via direct in 36512ms
2026-09-29 07:59:00,021 [INFO] [client-4] Round 1 — training locally…
2026-09-29 07:59:00,161 [INFO] [client-4] Round 1 — sending update…
2026-09-29 07:59:00,164 [INFO] recv 13933B via direct in 36460ms
2026-09-29 07:59:00,167 [INFO] [client-9] Round 1 — training locally…
2026-09-29 07:59:00,273 [INFO] [client-9] Round 1 — sending update…
2026-09-29 07:59:00,275 [INFO] recv 13933B via direct in 36411ms
2026-09-29 07:59:00,278 [INFO] [client-6] Round 1 — training locally…
2026-09-29 07:59:00,395 [INFO] [client-6] Round 1 — sending update…
2026-09-29 07:59:00,398 [INFO] recv 13933B via direct in 36360ms
2026-09-29 07:59:00,401 [INFO] [client-7] Round 1 — training locally…
2026-09-29 07:59:00,512 [INFO] [client-7] Round 1 — sending update…
2026-09-29 07:59:00,515 [INFO] recv 13933B via direct in 36351ms
2026-09-29 07:59:00,518 [INFO] [client-3] Round 1 — training locally…
2026-09-29 07:59:00,631 [INFO] [client-3] Round 1 — sending update…
2026-09-29 07:59:00,633 [INFO] recv 13933B via direct in 36340ms
2026-09-29 07:59:00,636 [INFO] [client-1] Round 1 — training locally…
2026-09-29 07:59:00,779 [INFO] [client-1] Round 1 — sending update…
2026-09-29 07:59:00,782 [INFO] send 13933B via direct in 36853ms (0.00 Mbit/s) to 5b2565cbdf3ab25a
2026-09-29 07:59:00,783 [INFO] send 13933B via direct in 36853ms (0.00 Mbit/s) to 036b1b4b140bb74f
2026-09-29 07:59:00,787 [INFO] Round 1 — waiting for 10 updates…
2026-09-29 07:59:01,349 [INFO] recv 13933B via direct in 556ms
2026-09-29 07:59:01,366 [INFO] recv 13933B via direct in 575ms
2026-09-29 07:59:01,391 [INFO] recv 13933B via direct in 597ms
2026-09-29 07:59:01,414 [INFO] recv 13933B via direct in 624ms
2026-09-29 07:59:01,442 [INFO] recv 13933B via direct in 651ms
2026-09-29 07:59:01,462 [INFO] recv 13933B via direct in 670ms
2026-09-29 07:59:01,524 [INFO] recv 13933B via direct in 723ms
2026-09-29 07:59:01,538 [INFO] recv 13933B via direct in 724ms
2026-09-29 07:59:01,589 [INFO] send 13933B via direct in 1964ms (0.06 Mbit/s) to 0220ec4e2c8256ee
2026-09-29 07:59:01,682 [INFO] [client-2] Round 1 done — loss=1.0416 acc=0.4516  39.0s
2026-09-29 07:59:01,683 [INFO] [client-2] Round 2 — receiving model…
2026-09-29 07:59:01,685 [INFO] send 13933B via direct in 1810ms (0.06 Mbit/s) to 0220ec4e2c8256ee
2026-09-29 07:59:01,741 [INFO] [client-0] Round 1 done — loss=1.0608 acc=0.4588  39.1s
2026-09-29 07:59:01,743 [INFO] [client-0] Round 2 — receiving model…
2026-09-29 07:59:01,744 [INFO] send 13933B via direct in 1669ms (0.07 Mbit/s) to 0220ec4e2c8256ee
2026-09-29 07:59:01,790 [INFO] [client-5] Round 1 done — loss=1.0602 acc=0.4478  39.1s
2026-09-29 07:59:01,793 [INFO] [client-5] Round 2 — receiving model…
2026-09-29 07:59:01,795 [INFO] send 13933B via direct in 1553ms (0.07 Mbit/s) to 0220ec4e2c8256ee
2026-09-29 07:59:01,833 [INFO] [client-8] Round 1 done — loss=0.8065 acc=0.6803  39.2s
2026-09-29 07:59:01,835 [INFO] [client-8] Round 2 — receiving model…
2026-09-29 07:59:01,836 [INFO] send 13933B via direct in 1413ms (0.08 Mbit/s) to 0220ec4e2c8256ee
2026-09-29 07:59:01,866 [INFO] [client-4] Round 1 done — loss=1.0297 acc=0.4935  39.2s
2026-09-29 07:59:01,867 [INFO] [client-4] Round 2 — receiving model…
2026-09-29 07:59:01,869 [INFO] send 13933B via direct in 1302ms (0.09 Mbit/s) to 0220ec4e2c8256ee
2026-09-29 07:59:01,893 [INFO] [client-9] Round 1 done — loss=1.0538 acc=0.4698  39.2s
2026-09-29 07:59:01,895 [INFO] [client-9] Round 2 — receiving model…
2026-09-29 07:59:01,896 [INFO] send 13933B via direct in 1181ms (0.09 Mbit/s) to 0220ec4e2c8256ee
2026-09-29 07:59:01,930 [INFO] [client-6] Round 1 done — loss=1.0486 acc=0.4514  39.3s
2026-09-29 07:59:01,931 [INFO] [client-6] Round 2 — receiving model…
2026-09-29 07:59:01,932 [INFO] recv 13933B via direct in 784ms
2026-09-29 07:59:01,936 [INFO] send 13933B via direct in 1065ms (0.10 Mbit/s) to 0220ec4e2c8256ee
2026-09-29 07:59:01,970 [INFO] [client-7] Round 1 done — loss=1.0523 acc=0.4227  39.3s
2026-09-29 07:59:01,972 [INFO] [client-7] Round 2 — receiving model…
2026-09-29 07:59:01,973 [INFO] send 13933B via direct in 948ms (0.12 Mbit/s) to 0220ec4e2c8256ee
2026-09-29 07:59:01,992 [INFO] [client-3] Round 1 done — loss=1.0629 acc=0.4495  39.3s
2026-09-29 07:59:01,993 [INFO] [client-3] Round 2 — receiving model…
2026-09-29 07:59:01,994 [INFO] send 13933B via direct in 805ms (0.14 Mbit/s) to 0220ec4e2c8256ee
2026-09-29 07:59:02,017 [INFO] [client-1] Round 1 done — loss=1.0797 acc=0.3959  39.3s
2026-09-29 07:59:02,018 [INFO] [client-1] Round 2 — receiving model…
2026-09-29 07:59:02,019 [INFO] recv 13933B via direct in 310ms
2026-09-29 07:59:02,045 [INFO] Round 1/20  acc=0.3038  loss=1.1119  39.4s  clients=10
2026-09-29 07:59:02,046 [INFO] Round 2 — sending model to 10 clients…
2026-09-29 07:59:02,858 [INFO] recv 13933B via direct in 685ms
2026-09-29 07:59:02,885 [INFO] [client-5] Round 2 — training locally…
2026-09-29 07:59:03,130 [INFO] [client-5] Round 2 — sending update…
2026-09-29 07:59:03,143 [INFO] recv 13933B via direct in 898ms
2026-09-29 07:59:03,146 [INFO] [client-4] Round 2 — training locally…
2026-09-29 07:59:03,321 [INFO] [client-4] Round 2 — sending update…
2026-09-29 07:59:03,324 [INFO] recv 13933B via direct in 951ms
2026-09-29 07:59:03,328 [INFO] [client-3] Round 2 — training locally…
2026-09-29 07:59:03,485 [INFO] [client-3] Round 2 — sending update…
2026-09-29 07:59:03,487 [INFO] recv 13933B via direct in 848ms
2026-09-29 07:59:03,490 [INFO] [client-6] Round 2 — training locally…
2026-09-29 07:59:03,616 [INFO] [client-6] Round 2 — sending update…
2026-09-29 07:59:03,619 [INFO] recv 13933B via direct in 798ms
2026-09-29 07:59:03,623 [INFO] [client-7] Round 2 — training locally…
2026-09-29 07:59:03,777 [INFO] [client-7] Round 2 — sending update…
2026-09-29 07:59:03,782 [INFO] recv 13933B via direct in 705ms
2026-09-29 07:59:03,788 [INFO] [client-0] Round 2 — training locally…
2026-09-29 07:59:03,885 [INFO] [client-0] Round 2 — sending update…
2026-09-29 07:59:03,887 [INFO] recv 13933B via direct in 654ms
2026-09-29 07:59:03,891 [INFO] [client-1] Round 2 — training locally…
2026-09-29 07:59:04,083 [INFO] [client-1] Round 2 — sending update…
2026-09-29 07:59:04,088 [INFO] recv 13933B via direct in 603ms
2026-09-29 07:59:04,093 [INFO] [client-9] Round 2 — training locally…
2026-09-29 07:59:04,225 [INFO] [client-9] Round 2 — sending update…
2026-09-29 07:59:04,227 [INFO] recv 13933B via direct in 554ms
2026-09-29 07:59:04,230 [INFO] [client-2] Round 2 — training locally…
2026-09-29 07:59:04,353 [INFO] [client-2] Round 2 — sending update…
2026-09-29 07:59:04,356 [INFO] recv 13933B via direct in 503ms
2026-09-29 07:59:04,359 [INFO] [client-8] Round 2 — training locally…
2026-09-29 07:59:04,472 [INFO] [client-8] Round 2 — sending update…
2026-09-29 07:59:04,483 [INFO] send 13933B via direct in 2307ms (0.05 Mbit/s) to 42724f4f7d4ccb28
2026-09-29 07:59:04,501 [INFO] send 13933B via direct in 2429ms (0.05 Mbit/s) to 5b2565cbdf3ab25a
2026-09-29 07:59:04,502 [INFO] send 13933B via direct in 2429ms (0.05 Mbit/s) to 74c1e6be1ef45f1d
2026-09-29 07:59:04,504 [INFO] send 13933B via direct in 2428ms (0.05 Mbit/s) to ab2234c13229e5d9
2026-09-29 07:59:04,505 [INFO] send 13933B via direct in 2427ms (0.05 Mbit/s) to 4350fdf90266c46e
2026-09-29 07:59:04,506 [INFO] send 13933B via direct in 2427ms (0.05 Mbit/s) to 38c2bf098350daa0
2026-09-29 07:59:04,507 [INFO] send 13933B via direct in 2426ms (0.05 Mbit/s) to 036b1b4b140bb74f
2026-09-29 07:59:04,508 [INFO] send 13933B via direct in 2424ms (0.05 Mbit/s) to eb78e61c5797b964
2026-09-29 07:59:04,510 [INFO] send 13933B via direct in 2423ms (0.05 Mbit/s) to 806e2409b3a9c352
2026-09-29 07:59:04,511 [INFO] send 13933B via direct in 2425ms (0.05 Mbit/s) to 84c2221a49ef495c
2026-09-29 07:59:04,512 [INFO] Round 2 — waiting for 10 updates…
2026-09-29 07:59:05,032 [INFO] recv 13933B via direct in 542ms
2026-09-29 07:59:05,069 [INFO] recv 13933B via direct in 584ms
2026-09-29 07:59:05,091 [INFO] recv 13933B via direct in 606ms
2026-09-29 07:59:05,103 [INFO] recv 13933B via direct in 618ms
2026-09-29 07:59:05,120 [INFO] recv 13933B via direct in 633ms
2026-09-29 07:59:05,154 [INFO] recv 13933B via direct in 668ms
2026-09-29 07:59:05,173 [INFO] recv 13933B via direct in 689ms
2026-09-29 07:59:05,184 [INFO] send 13933B via direct in 828ms (0.13 Mbit/s) to 0220ec4e2c8256ee
2026-09-29 07:59:05,273 [INFO] [client-2] Round 2 done — loss=1.0236 acc=0.4584  3.6s
2026-09-29 07:59:05,274 [INFO] [client-2] Round 3 — receiving model…
2026-09-29 07:59:05,282 [INFO] send 13933B via direct in 2144ms (0.05 Mbit/s) to 0220ec4e2c8256ee
2026-09-29 07:59:05,309 [INFO] [client-5] Round 2 done — loss=1.0222 acc=0.5144  3.5s
2026-09-29 07:59:05,310 [INFO] [client-5] Round 3 — receiving model…
2026-09-29 07:59:05,311 [INFO] send 13933B via direct in 1953ms (0.06 Mbit/s) to 0220ec4e2c8256ee
2026-09-29 07:59:05,338 [INFO] [client-4] Round 2 done — loss=1.0304 acc=0.4763  3.5s
2026-09-29 07:59:05,339 [INFO] [client-4] Round 3 — receiving model…
2026-09-29 07:59:05,341 [INFO] send 13933B via direct in 1790ms (0.06 Mbit/s) to 0220ec4e2c8256ee
2026-09-29 07:59:05,367 [INFO] [client-3] Round 2 done — loss=1.0578 acc=0.4368  3.4s
2026-09-29 07:59:05,369 [INFO] [client-3] Round 3 — receiving model…
2026-09-29 07:59:05,370 [INFO] send 13933B via direct in 1659ms (0.07 Mbit/s) to 0220ec4e2c8256ee
2026-09-29 07:59:05,395 [INFO] [client-6] Round 2 done — loss=1.0323 acc=0.4701  3.5s
2026-09-29 07:59:05,396 [INFO] [client-6] Round 3 — receiving model…
2026-09-29 07:59:05,398 [INFO] send 13933B via direct in 1497ms (0.07 Mbit/s) to 0220ec4e2c8256ee
2026-09-29 07:59:05,422 [INFO] [client-7] Round 2 done — loss=1.0383 acc=0.4420  3.5s
2026-09-29 07:59:05,424 [INFO] [client-7] Round 3 — receiving model…
2026-09-29 07:59:05,425 [INFO] send 13933B via direct in 1391ms (0.08 Mbit/s) to 0220ec4e2c8256ee
2026-09-29 07:59:05,449 [INFO] [client-0] Round 2 done — loss=1.0604 acc=0.4497  3.7s
2026-09-29 07:59:05,450 [INFO] [client-0] Round 3 — receiving model…
2026-09-29 07:59:05,600 [INFO] send 13933B via direct in 1191ms (0.09 Mbit/s) to 0220ec4e2c8256ee
2026-09-29 07:59:05,679 [INFO] [client-1] Round 2 done — loss=1.0661 acc=0.4200  3.7s
2026-09-29 07:59:05,681 [INFO] [client-1] Round 3 — receiving model…
2026-09-29 07:59:05,682 [INFO] send 13933B via direct in 1052ms (0.11 Mbit/s) to 0220ec4e2c8256ee
2026-09-29 07:59:05,716 [INFO] [client-9] Round 2 done — loss=1.0290 acc=0.5067  3.8s
2026-09-29 07:59:05,717 [INFO] [client-9] Round 3 — receiving model…
2026-09-29 07:59:05,719 [INFO] send 13933B via direct in 804ms (0.14 Mbit/s) to 0220ec4e2c8256ee
2026-09-29 07:59:05,740 [INFO] [client-8] Round 2 done — loss=0.7753 acc=0.7236  3.9s
2026-09-29 07:59:05,742 [INFO] [client-8] Round 3 — receiving model…
2026-09-29 07:59:05,744 [INFO] recv 13933B via direct in 796ms
2026-09-29 07:59:05,746 [INFO] recv 13933B via direct in 797ms
2026-09-29 07:59:05,749 [INFO] recv 13933B via direct in 309ms
2026-09-29 07:59:05,785 [INFO] Round 2/20  acc=0.4069  loss=1.0826  3.7s  clients=10
2026-09-29 07:59:05,787 [INFO] Round 3 — sending model to 10 clients…
2026-09-29 07:59:06,551 [INFO] recv 13933B via direct in 635ms
2026-09-29 07:59:06,564 [INFO] [client-9] Round 3 — training locally…
2026-09-29 07:59:06,799 [INFO] [client-9] Round 3 — sending update…
2026-09-29 07:59:06,810 [INFO] recv 13933B via direct in 841ms
2026-09-29 07:59:06,813 [INFO] [client-0] Round 3 — training locally…
2026-09-29 07:59:06,904 [INFO] [client-0] Round 3 — sending update…
2026-09-29 07:59:06,909 [INFO] recv 13933B via direct in 795ms
2026-09-29 07:59:06,912 [INFO] [client-7] Round 3 — training locally…
2026-09-29 07:59:07,035 [INFO] [client-7] Round 3 — sending update…
2026-09-29 07:59:07,038 [INFO] recv 13933B via direct in 749ms
2026-09-29 07:59:07,044 [INFO] [client-8] Round 3 — training locally…
2026-09-29 07:59:07,170 [INFO] [client-8] Round 3 — sending update…
2026-09-29 07:59:07,173 [INFO] recv 13933B via direct in 701ms
2026-09-29 07:59:07,175 [INFO] [client-3] Round 3 — training locally…
2026-09-29 07:59:07,318 [INFO] [client-3] Round 3 — sending update…
2026-09-29 07:59:07,321 [INFO] recv 13933B via direct in 652ms
2026-09-29 07:59:07,323 [INFO] [client-5] Round 3 — training locally…
2026-09-29 07:59:07,433 [INFO] [client-5] Round 3 — sending update…
2026-09-29 07:59:07,436 [INFO] recv 13933B via direct in 606ms
2026-09-29 07:59:07,438 [INFO] [client-6] Round 3 — training locally…
2026-09-29 07:59:07,555 [INFO] [client-6] Round 3 — sending update…
2026-09-29 07:59:07,558 [INFO] recv 13933B via direct in 558ms
2026-09-29 07:59:07,562 [INFO] [client-2] Round 3 — training locally…
2026-09-29 07:59:07,702 [INFO] [client-2] Round 3 — sending update…
2026-09-29 07:59:07,728 [INFO] send 13933B via direct in 1920ms (0.06 Mbit/s) to 84c2221a49ef495c
2026-09-29 07:59:07,729 [INFO] send 13933B via direct in 1919ms (0.06 Mbit/s) to 38c2bf098350daa0
2026-09-29 07:59:07,731 [INFO] send 13933B via direct in 1918ms (0.06 Mbit/s) to 4350fdf90266c46e
2026-09-29 07:59:07,732 [INFO] send 13933B via direct in 1917ms (0.06 Mbit/s) to 806e2409b3a9c352
2026-09-29 07:59:07,733 [INFO] send 13933B via direct in 1912ms (0.06 Mbit/s) to 74c1e6be1ef45f1d
2026-09-29 07:59:07,735 [INFO] send 13933B via direct in 1916ms (0.06 Mbit/s) to 5b2565cbdf3ab25a
2026-09-29 07:59:07,736 [INFO] send 13933B via direct in 1915ms (0.06 Mbit/s) to 42724f4f7d4ccb28
2026-09-29 07:59:07,737 [INFO] recv 13933B via direct in 1416ms
2026-09-29 07:59:07,740 [INFO] [client-1] Round 3 — training locally…
2026-09-29 07:59:07,884 [INFO] [client-1] Round 3 — sending update…
2026-09-29 07:59:07,888 [INFO] recv 13933B via direct in 1370ms
2026-09-29 07:59:07,893 [INFO] [client-4] Round 3 — training locally…
2026-09-29 07:59:08,035 [INFO] [client-4] Round 3 — sending update…
2026-09-29 07:59:08,039 [INFO] send 13933B via direct in 1914ms (0.06 Mbit/s) to ab2234c13229e5d9
2026-09-29 07:59:08,041 [INFO] send 13933B via direct in 1913ms (0.06 Mbit/s) to eb78e61c5797b964
2026-09-29 07:59:08,042 [INFO] send 13933B via direct in 1913ms (0.06 Mbit/s) to 036b1b4b140bb74f
2026-09-29 07:59:08,043 [INFO] Round 3 — waiting for 10 updates…
2026-09-29 07:59:08,158 [INFO] recv 13933B via direct in 445ms
2026-09-29 07:59:08,216 [INFO] recv 13933B via direct in 502ms
2026-09-29 07:59:08,234 [INFO] recv 13933B via direct in 521ms
2026-09-29 07:59:08,260 [INFO] recv 13933B via direct in 547ms
2026-09-29 07:59:08,282 [INFO] recv 13933B via direct in 568ms
2026-09-29 07:59:08,302 [INFO] recv 13933B via direct in 588ms
2026-09-29 07:59:08,323 [INFO] recv 13933B via direct in 609ms
2026-09-29 07:59:08,333 [INFO] send 13933B via direct in 1530ms (0.07 Mbit/s) to 0220ec4e2c8256ee
2026-09-29 07:59:08,406 [INFO] [client-9] Round 3 done — loss=1.0195 acc=0.5183  2.7s
2026-09-29 07:59:08,407 [INFO] [client-9] Round 4 — receiving model…
2026-09-29 07:59:08,413 [INFO] send 13933B via direct in 1502ms (0.07 Mbit/s) to 0220ec4e2c8256ee
2026-09-29 07:59:08,449 [INFO] [client-0] Round 3 done — loss=1.0611 acc=0.4475  3.0s
2026-09-29 07:59:08,450 [INFO] [client-0] Round 4 — receiving model…
2026-09-29 07:59:08,452 [INFO] send 13933B via direct in 1373ms (0.08 Mbit/s) to 0220ec4e2c8256ee
2026-09-29 07:59:08,478 [INFO] [client-7] Round 3 done — loss=1.0315 acc=0.4402  3.1s
2026-09-29 07:59:08,479 [INFO] [client-7] Round 4 — receiving model…
2026-09-29 07:59:08,480 [INFO] send 13933B via direct in 1238ms (0.09 Mbit/s) to 0220ec4e2c8256ee
2026-09-29 07:59:08,500 [INFO] [client-8] Round 3 done — loss=0.7670 acc=0.7181  2.8s
2026-09-29 07:59:08,502 [INFO] [client-8] Round 4 — receiving model…
2026-09-29 07:59:08,503 [INFO] send 13933B via direct in 1090ms (0.10 Mbit/s) to 0220ec4e2c8256ee
2026-09-29 07:59:08,538 [INFO] [client-3] Round 3 done — loss=1.0516 acc=0.4447  3.2s
2026-09-29 07:59:08,539 [INFO] [client-3] Round 4 — receiving model…
2026-09-29 07:59:08,540 [INFO] send 13933B via direct in 976ms (0.11 Mbit/s) to 0220ec4e2c8256ee
2026-09-29 07:59:08,569 [INFO] [client-5] Round 3 done — loss=0.9999 acc=0.5285  3.3s
2026-09-29 07:59:08,570 [INFO] [client-5] Round 4 — receiving model…
2026-09-29 07:59:08,572 [INFO] send 13933B via direct in 855ms (0.13 Mbit/s) to 0220ec4e2c8256ee
2026-09-29 07:59:08,605 [INFO] [client-6] Round 3 done — loss=1.0130 acc=0.4934  3.2s
2026-09-29 07:59:08,606 [INFO] [client-6] Round 4 — receiving model…
2026-09-29 07:59:08,612 [INFO] send 13933B via direct in 904ms (0.12 Mbit/s) to 0220ec4e2c8256ee
2026-09-29 07:59:08,640 [INFO] [client-2] Round 3 done — loss=0.9837 acc=0.5058  3.4s
2026-09-29 07:59:08,641 [INFO] [client-2] Round 4 — receiving model…
2026-09-29 07:59:08,643 [INFO] send 13933B via direct in 721ms (0.16 Mbit/s) to 0220ec4e2c8256ee
2026-09-29 07:59:08,677 [INFO] [client-1] Round 3 done — loss=1.0658 acc=0.4272  3.0s
2026-09-29 07:59:08,678 [INFO] [client-1] Round 4 — receiving model…
2026-09-29 07:59:08,680 [INFO] send 13933B via direct in 570ms (0.20 Mbit/s) to 0220ec4e2c8256ee
2026-09-29 07:59:08,705 [INFO] [client-4] Round 3 done — loss=1.0293 acc=0.4883  3.4s
2026-09-29 07:59:08,706 [INFO] [client-4] Round 4 — receiving model…
2026-09-29 07:59:08,707 [INFO] recv 13933B via direct in 478ms
2026-09-29 07:59:08,709 [INFO] recv 13933B via direct in 201ms
2026-09-29 07:59:08,714 [INFO] recv 13933B via direct in 268ms
2026-09-29 07:59:08,746 [INFO] Round 3/20  acc=0.4395  loss=1.0740  3.0s  clients=10
2026-09-29 07:59:08,748 [INFO] Round 4 — sending model to 10 clients…
2026-09-29 07:59:09,564 [INFO] recv 13933B via direct in 644ms
2026-09-29 07:59:09,585 [INFO] [client-1] Round 4 — training locally…
2026-09-29 07:59:09,772 [INFO] [client-1] Round 4 — sending update…
2026-09-29 07:59:09,781 [INFO] recv 13933B via direct in 840ms
2026-09-29 07:59:09,783 [INFO] [client-5] Round 4 — training locally…
2026-09-29 07:59:09,895 [INFO] [client-5] Round 4 — sending update…
2026-09-29 07:59:09,899 [INFO] recv 13933B via direct in 828ms
2026-09-29 07:59:09,903 [INFO] [client-2] Round 4 — training locally…
2026-09-29 07:59:10,026 [INFO] [client-2] Round 4 — sending update…
2026-09-29 07:59:10,029 [INFO] recv 13933B via direct in 860ms
2026-09-29 07:59:10,032 [INFO] [client-9] Round 4 — training locally…
2026-09-29 07:59:10,150 [INFO] [client-9] Round 4 — sending update…
2026-09-29 07:59:10,152 [INFO] recv 13933B via direct in 777ms
2026-09-29 07:59:10,156 [INFO] [client-8] Round 4 — training locally…
2026-09-29 07:59:10,277 [INFO] [client-8] Round 4 — sending update…
2026-09-29 07:59:10,280 [INFO] recv 13933B via direct in 767ms
2026-09-29 07:59:10,284 [INFO] [client-7] Round 4 — training locally…
2026-09-29 07:59:10,406 [INFO] [client-7] Round 4 — sending update…
2026-09-29 07:59:10,411 [INFO] recv 13933B via direct in 757ms
2026-09-29 07:59:10,415 [INFO] [client-0] Round 4 — training locally…
2026-09-29 07:59:10,520 [INFO] [client-0] Round 4 — sending update…
2026-09-29 07:59:10,540 [INFO] send 13933B via direct in 1775ms (0.06 Mbit/s) to 036b1b4b140bb74f
2026-09-29 07:59:10,542 [INFO] send 13933B via direct in 1773ms (0.06 Mbit/s) to 84c2221a49ef495c
2026-09-29 07:59:10,543 [INFO] send 13933B via direct in 1771ms (0.06 Mbit/s) to 42724f4f7d4ccb28
2026-09-29 07:59:10,545 [INFO] send 13933B via direct in 1770ms (0.06 Mbit/s) to eb78e61c5797b964
2026-09-29 07:59:10,546 [INFO] send 13933B via direct in 1768ms (0.06 Mbit/s) to 806e2409b3a9c352
2026-09-29 07:59:10,548 [INFO] send 13933B via direct in 1766ms (0.06 Mbit/s) to 4350fdf90266c46e
2026-09-29 07:59:10,550 [INFO] send 13933B via direct in 1765ms (0.06 Mbit/s) to 38c2bf098350daa0
2026-09-29 07:59:10,551 [INFO] send 13933B via direct in 1764ms (0.06 Mbit/s) to 74c1e6be1ef45f1d
2026-09-29 07:59:10,554 [INFO] send 13933B via direct in 1764ms (0.06 Mbit/s) to ab2234c13229e5d9
2026-09-29 07:59:10,557 [INFO] send 13933B via direct in 1763ms (0.06 Mbit/s) to 5b2565cbdf3ab25a
2026-09-29 07:59:10,559 [INFO] recv 13933B via direct in 1496ms
2026-09-29 07:59:10,564 [INFO] [client-4] Round 4 — training locally…
2026-09-29 07:59:10,722 [INFO] [client-4] Round 4 — sending update…
2026-09-29 07:59:10,726 [INFO] recv 13933B via direct in 1485ms
2026-09-29 07:59:10,731 [INFO] [client-6] Round 4 — training locally…
2026-09-29 07:59:10,861 [INFO] [client-6] Round 4 — sending update…
2026-09-29 07:59:10,865 [INFO] recv 13933B via direct in 1475ms
2026-09-29 07:59:10,871 [INFO] [client-3] Round 4 — training locally…
2026-09-29 07:59:11,009 [INFO] [client-3] Round 4 — sending update…
2026-09-29 07:59:11,011 [INFO] Round 4 — waiting for 10 updates…
2026-09-29 07:59:11,024 [INFO] recv 13933B via direct in 494ms
2026-09-29 07:59:11,028 [INFO] recv 13933B via direct in 494ms
2026-09-29 07:59:11,031 [INFO] recv 13933B via direct in 494ms
2026-09-29 07:59:11,033 [INFO] recv 13933B via direct in 495ms
2026-09-29 07:59:11,037 [INFO] recv 13933B via direct in 494ms
2026-09-29 07:59:11,042 [INFO] send 13933B via direct in 1264ms (0.09 Mbit/s) to 0220ec4e2c8256ee
2026-09-29 07:59:11,066 [INFO] [client-1] Round 4 done — loss=1.0672 acc=0.4128  2.4s
2026-09-29 07:59:11,068 [INFO] [client-1] Round 5 — receiving model…
2026-09-29 07:59:11,069 [INFO] send 13933B via direct in 1141ms (0.10 Mbit/s) to 0220ec4e2c8256ee
2026-09-29 07:59:11,170 [INFO] [client-5] Round 4 done — loss=0.9873 acc=0.5381  2.6s
2026-09-29 07:59:11,172 [INFO] [client-5] Round 5 — receiving model…
2026-09-29 07:59:11,173 [INFO] send 13933B via direct in 1011ms (0.11 Mbit/s) to 0220ec4e2c8256ee
2026-09-29 07:59:11,195 [INFO] [client-2] Round 4 done — loss=0.9897 acc=0.5055  2.6s
2026-09-29 07:59:11,196 [INFO] [client-2] Round 5 — receiving model…
2026-09-29 07:59:11,198 [INFO] recv 13933B via direct in 506ms
2026-09-29 07:59:11,201 [INFO] send 13933B via direct in 1046ms (0.11 Mbit/s) to 0220ec4e2c8256ee
2026-09-29 07:59:11,225 [INFO] [client-9] Round 4 done — loss=1.0103 acc=0.5165  2.8s
2026-09-29 07:59:11,226 [INFO] [client-9] Round 5 — receiving model…
2026-09-29 07:59:11,227 [INFO] send 13933B via direct in 918ms (0.12 Mbit/s) to 0220ec4e2c8256ee
2026-09-29 07:59:11,249 [INFO] [client-8] Round 4 done — loss=0.7737 acc=0.7098  2.7s
2026-09-29 07:59:11,250 [INFO] [client-8] Round 5 — receiving model…
2026-09-29 07:59:11,251 [INFO] send 13933B via direct in 790ms (0.14 Mbit/s) to 0220ec4e2c8256ee
2026-09-29 07:59:11,270 [INFO] [client-7] Round 4 done — loss=1.0342 acc=0.4433  2.8s
2026-09-29 07:59:11,272 [INFO] [client-7] Round 5 — receiving model…
2026-09-29 07:59:11,319 [INFO] recv 13933B via direct in 305ms
2026-09-29 07:59:11,341 [INFO] recv 13933B via direct in 298ms
2026-09-29 07:59:11,373 [INFO] recv 13933B via direct in 173ms
2026-09-29 07:59:11,433 [INFO] send 13933B via direct in 908ms (0.12 Mbit/s) to 0220ec4e2c8256ee
2026-09-29 07:59:11,509 [INFO] [client-0] Round 4 done — loss=1.0520 acc=0.4531  3.1s
2026-09-29 07:59:11,510 [INFO] [client-0] Round 5 — receiving model…
2026-09-29 07:59:11,513 [INFO] send 13933B via direct in 786ms (0.14 Mbit/s) to 0220ec4e2c8256ee
2026-09-29 07:59:11,536 [INFO] [client-4] Round 4 done — loss=1.0242 acc=0.4797  2.8s
2026-09-29 07:59:11,538 [INFO] [client-4] Round 5 — receiving model…
2026-09-29 07:59:11,539 [INFO] send 13933B via direct in 647ms (0.17 Mbit/s) to 0220ec4e2c8256ee
2026-09-29 07:59:11,558 [INFO] [client-6] Round 4 done — loss=1.0199 acc=0.4760  3.0s
2026-09-29 07:59:11,559 [INFO] [client-6] Round 5 — receiving model…
2026-09-29 07:59:11,561 [INFO] send 13933B via direct in 501ms (0.22 Mbit/s) to 0220ec4e2c8256ee
2026-09-29 07:59:11,582 [INFO] [client-3] Round 4 done — loss=1.0467 acc=0.4499  3.0s
2026-09-29 07:59:11,612 [INFO] [client-3] Round 5 — receiving model…
2026-09-29 07:59:11,614 [INFO] recv 13933B via direct in 211ms
2026-09-29 07:59:11,680 [INFO] Round 4/20  acc=0.4619  loss=1.0638  2.9s  clients=10
2026-09-29 07:59:11,682 [INFO] Round 5 — sending model to 10 clients…
2026-09-29 07:59:12,503 [INFO] recv 13933B via direct in 651ms
2026-09-29 07:59:12,526 [INFO] [client-9] Round 5 — training locally…
2026-09-29 07:59:12,789 [INFO] [client-9] Round 5 — sending update…
2026-09-29 07:59:12,800 [INFO] send 13933B via direct in 1108ms (0.10 Mbit/s) to 84c2221a49ef495c
2026-09-29 07:59:12,801 [INFO] send 13933B via direct in 1106ms (0.10 Mbit/s) to 5b2565cbdf3ab25a
2026-09-29 07:59:12,803 [INFO] recv 13933B via direct in 908ms
2026-09-29 07:59:12,806 [INFO] [client-6] Round 5 — training locally…
2026-09-29 07:59:13,172 [INFO] [client-6] Round 5 — sending update…
2026-09-29 07:59:13,176 [INFO] recv 13933B via direct in 899ms
2026-09-29 07:59:13,182 [INFO] [client-0] Round 5 — training locally…
2026-09-29 07:59:13,332 [INFO] [client-0] Round 5 — sending update…
2026-09-29 07:59:13,335 [INFO] recv 13933B via direct in 942ms
2026-09-29 07:59:13,338 [INFO] [client-3] Round 5 — training locally…
2026-09-29 07:59:13,475 [INFO] [client-3] Round 5 — sending update…
2026-09-29 07:59:13,478 [INFO] recv 13933B via direct in 848ms
2026-09-29 07:59:13,481 [INFO] [client-5] Round 5 — training locally…
2026-09-29 07:59:13,628 [INFO] [client-5] Round 5 — sending update…
2026-09-29 07:59:13,630 [INFO] recv 13933B via direct in 836ms
2026-09-29 07:59:13,633 [INFO] [client-7] Round 5 — training locally…
2026-09-29 07:59:13,748 [INFO] [client-7] Round 5 — sending update…
2026-09-29 07:59:13,751 [INFO] recv 13933B via direct in 828ms
2026-09-29 07:59:13,754 [INFO] [client-1] Round 5 — training locally…
2026-09-29 07:59:13,867 [INFO] [client-1] Round 5 — sending update…
2026-09-29 07:59:13,869 [INFO] recv 13933B via direct in 818ms
2026-09-29 07:59:13,872 [INFO] [client-2] Round 5 — training locally…
2026-09-29 07:59:13,995 [INFO] [client-2] Round 5 — sending update…
2026-09-29 07:59:13,999 [INFO] recv 13933B via direct in 807ms
2026-09-29 07:59:14,002 [INFO] [client-4] Round 5 — training locally…
2026-09-29 07:59:14,116 [INFO] [client-4] Round 5 — sending update…
2026-09-29 07:59:14,120 [INFO] recv 13933B via direct in 939ms
2026-09-29 07:59:14,124 [INFO] [client-8] Round 5 — training locally…
2026-09-29 07:59:14,240 [INFO] [client-8] Round 5 — sending update…
2026-09-29 07:59:14,264 [INFO] send 13933B via direct in 2556ms (0.04 Mbit/s) to 806e2409b3a9c352
2026-09-29 07:59:14,265 [INFO] send 13933B via direct in 2555ms (0.04 Mbit/s) to ab2234c13229e5d9
2026-09-29 07:59:14,266 [INFO] send 13933B via direct in 2552ms (0.04 Mbit/s) to 42724f4f7d4ccb28
2026-09-29 07:59:14,267 [INFO] send 13933B via direct in 2554ms (0.04 Mbit/s) to 38c2bf098350daa0
2026-09-29 07:59:14,269 [INFO] send 13933B via direct in 2552ms (0.04 Mbit/s) to 4350fdf90266c46e
2026-09-29 07:59:14,270 [INFO] send 13933B via direct in 2551ms (0.04 Mbit/s) to 036b1b4b140bb74f
2026-09-29 07:59:14,271 [INFO] send 13933B via direct in 2551ms (0.04 Mbit/s) to eb78e61c5797b964
2026-09-29 07:59:14,274 [INFO] send 13933B via direct in 2549ms (0.04 Mbit/s) to 74c1e6be1ef45f1d
2026-09-29 07:59:14,275 [INFO] Round 5 — waiting for 10 updates…
2026-09-29 07:59:14,812 [INFO] recv 13933B via direct in 561ms
2026-09-29 07:59:14,834 [INFO] recv 13933B via direct in 581ms
2026-09-29 07:59:14,854 [INFO] recv 13933B via direct in 602ms
2026-09-29 07:59:14,875 [INFO] recv 13933B via direct in 622ms
2026-09-29 07:59:14,894 [INFO] recv 13933B via direct in 643ms
2026-09-29 07:59:14,921 [INFO] recv 13933B via direct in 666ms
2026-09-29 07:59:14,940 [INFO] recv 13933B via direct in 689ms
2026-09-29 07:59:14,956 [INFO] recv 13933B via direct in 706ms
2026-09-29 07:59:14,977 [INFO] recv 13933B via direct in 727ms
2026-09-29 07:59:15,001 [INFO] send 13933B via direct in 2201ms (0.05 Mbit/s) to 0220ec4e2c8256ee
2026-09-29 07:59:15,099 [INFO] [client-9] Round 5 done — loss=1.0200 acc=0.5154  3.9s
2026-09-29 07:59:15,103 [INFO] [client-9] Round 6 — receiving model…
2026-09-29 07:59:15,104 [INFO] send 13933B via direct in 1817ms (0.06 Mbit/s) to 0220ec4e2c8256ee
2026-09-29 07:59:15,138 [INFO] [client-6] Round 5 done — loss=1.0181 acc=0.4840  3.6s
2026-09-29 07:59:15,140 [INFO] [client-6] Round 6 — receiving model…
2026-09-29 07:59:15,142 [INFO] send 13933B via direct in 1660ms (0.07 Mbit/s) to 0220ec4e2c8256ee
2026-09-29 07:59:15,203 [INFO] [client-0] Round 5 done — loss=1.0575 acc=0.4536  3.7s
2026-09-29 07:59:15,204 [INFO] [client-0] Round 6 — receiving model…
2026-09-29 07:59:15,206 [INFO] send 13933B via direct in 1520ms (0.07 Mbit/s) to 0220ec4e2c8256ee
2026-09-29 07:59:15,233 [INFO] [client-3] Round 5 done — loss=1.0512 acc=0.4530  3.6s
2026-09-29 07:59:15,234 [INFO] [client-3] Round 6 — receiving model…
2026-09-29 07:59:15,235 [INFO] send 13933B via direct in 1369ms (0.08 Mbit/s) to 0220ec4e2c8256ee
2026-09-29 07:59:15,259 [INFO] [client-5] Round 5 done — loss=0.9772 acc=0.5501  4.1s
2026-09-29 07:59:15,260 [INFO] [client-5] Round 6 — receiving model…
2026-09-29 07:59:15,263 [INFO] send 13933B via direct in 1142ms (0.10 Mbit/s) to 0220ec4e2c8256ee
2026-09-29 07:59:15,285 [INFO] [client-4] Round 5 done — loss=1.0184 acc=0.4976  3.7s
2026-09-29 07:59:15,286 [INFO] [client-4] Round 6 — receiving model…
2026-09-29 07:59:15,287 [INFO] send 13933B via direct in 1511ms (0.07 Mbit/s) to 0220ec4e2c8256ee
2026-09-29 07:59:15,315 [INFO] [client-7] Round 5 done — loss=1.0330 acc=0.4440  4.0s
2026-09-29 07:59:15,317 [INFO] [client-7] Round 6 — receiving model…
2026-09-29 07:59:15,318 [INFO] send 13933B via direct in 1393ms (0.08 Mbit/s) to 0220ec4e2c8256ee
2026-09-29 07:59:15,345 [INFO] [client-1] Round 5 done — loss=1.0616 acc=0.4231  4.3s
2026-09-29 07:59:15,346 [INFO] [client-1] Round 6 — receiving model…
2026-09-29 07:59:15,347 [INFO] send 13933B via direct in 1264ms (0.09 Mbit/s) to 0220ec4e2c8256ee
2026-09-29 07:59:15,370 [INFO] [client-2] Round 5 done — loss=0.9788 acc=0.5144  4.2s
2026-09-29 07:59:15,371 [INFO] [client-2] Round 6 — receiving model…
2026-09-29 07:59:15,373 [INFO] send 13933B via direct in 1020ms (0.11 Mbit/s) to 0220ec4e2c8256ee
2026-09-29 07:59:15,395 [INFO] [client-8] Round 5 done — loss=0.7668 acc=0.7150  4.1s
2026-09-29 07:59:15,396 [INFO] [client-8] Round 6 — receiving model…
2026-09-29 07:59:15,397 [INFO] recv 13933B via direct in 519ms
2026-09-29 07:59:15,422 [INFO] Round 5/20  acc=0.4555  loss=1.0696  3.7s  clients=10
2026-09-29 07:59:15,423 [INFO] Round 6 — sending model to 10 clients…
2026-09-29 07:59:16,233 [INFO] recv 13933B via direct in 681ms
2026-09-29 07:59:16,249 [INFO] [client-8] Round 6 — training locally…
2026-09-29 07:59:16,488 [INFO] [client-8] Round 6 — sending update…
2026-09-29 07:59:16,497 [INFO] recv 13933B via direct in 931ms
2026-09-29 07:59:16,500 [INFO] [client-6] Round 6 — training locally…
2026-09-29 07:59:16,662 [INFO] [client-6] Round 6 — sending update…
2026-09-29 07:59:16,665 [INFO] recv 13933B via direct in 874ms
2026-09-29 07:59:16,671 [INFO] [client-9] Round 6 — training locally…
2026-09-29 07:59:16,805 [INFO] [client-9] Round 6 — sending update…
2026-09-29 07:59:16,808 [INFO] recv 13933B via direct in 834ms
2026-09-29 07:59:16,813 [INFO] [client-5] Round 6 — training locally…
2026-09-29 07:59:16,948 [INFO] [client-5] Round 6 — sending update…
2026-09-29 07:59:16,951 [INFO] recv 13933B via direct in 782ms
2026-09-29 07:59:16,956 [INFO] [client-4] Round 6 — training locally…
2026-09-29 07:59:17,077 [INFO] [client-4] Round 6 — sending update…
2026-09-29 07:59:17,080 [INFO] recv 13933B via direct in 692ms
2026-09-29 07:59:17,082 [INFO] [client-3] Round 6 — training locally…
2026-09-29 07:59:17,199 [INFO] [client-3] Round 6 — sending update…
2026-09-29 07:59:17,203 [INFO] recv 13933B via direct in 645ms
2026-09-29 07:59:17,207 [INFO] [client-2] Round 6 — training locally…
2026-09-29 07:59:17,349 [INFO] [client-2] Round 6 — sending update…
2026-09-29 07:59:17,354 [INFO] recv 13933B via direct in 595ms
2026-09-29 07:59:17,356 [INFO] [client-0] Round 6 — training locally…
2026-09-29 07:59:17,528 [INFO] [client-0] Round 6 — sending update…
2026-09-29 07:59:17,531 [INFO] recv 13933B via direct in 542ms
2026-09-29 07:59:17,536 [INFO] [client-1] Round 6 — training locally…
2026-09-29 07:59:17,665 [INFO] [client-1] Round 6 — sending update…
2026-09-29 07:59:17,689 [INFO] recv 13933B via direct in 1527ms
2026-09-29 07:59:17,692 [INFO] [client-7] Round 6 — training locally…
2026-09-29 07:59:17,808 [INFO] [client-7] Round 6 — sending update…
2026-09-29 07:59:17,813 [INFO] send 13933B via direct in 2244ms (0.05 Mbit/s) to 806e2409b3a9c352
2026-09-29 07:59:17,815 [INFO] send 13933B via direct in 2242ms (0.05 Mbit/s) to 84c2221a49ef495c
2026-09-29 07:59:17,816 [INFO] send 13933B via direct in 2241ms (0.05 Mbit/s) to 74c1e6be1ef45f1d
2026-09-29 07:59:17,817 [INFO] send 13933B via direct in 2240ms (0.05 Mbit/s) to 5b2565cbdf3ab25a
2026-09-29 07:59:17,819 [INFO] send 13933B via direct in 2238ms (0.05 Mbit/s) to eb78e61c5797b964
2026-09-29 07:59:17,820 [INFO] send 13933B via direct in 2238ms (0.05 Mbit/s) to 38c2bf098350daa0
2026-09-29 07:59:17,821 [INFO] send 13933B via direct in 2237ms (0.05 Mbit/s) to 036b1b4b140bb74f
2026-09-29 07:59:17,823 [INFO] send 13933B via direct in 2237ms (0.05 Mbit/s) to 4350fdf90266c46e
2026-09-29 07:59:17,824 [INFO] send 13933B via direct in 2242ms (0.05 Mbit/s) to ab2234c13229e5d9
2026-09-29 07:59:17,825 [INFO] send 13933B via direct in 2241ms (0.05 Mbit/s) to 42724f4f7d4ccb28
2026-09-29 07:59:17,826 [INFO] Round 6 — waiting for 10 updates…
2026-09-29 07:59:18,196 [INFO] recv 13933B via direct in 518ms
2026-09-29 07:59:18,215 [INFO] recv 13933B via direct in 538ms
2026-09-29 07:59:18,245 [INFO] recv 13933B via direct in 569ms
2026-09-29 07:59:18,266 [INFO] recv 13933B via direct in 590ms
2026-09-29 07:59:18,286 [INFO] recv 13933B via direct in 609ms
2026-09-29 07:59:18,322 [INFO] recv 13933B via direct in 644ms
2026-09-29 07:59:18,344 [INFO] recv 13933B via direct in 666ms
2026-09-29 07:59:18,352 [INFO] send 13933B via direct in 1861ms (0.06 Mbit/s) to 0220ec4e2c8256ee
2026-09-29 07:59:18,428 [INFO] [client-8] Round 6 done — loss=0.7578 acc=0.7126  3.0s
2026-09-29 07:59:18,429 [INFO] [client-8] Round 7 — receiving model…
2026-09-29 07:59:18,430 [INFO] send 13933B via direct in 1686ms (0.07 Mbit/s) to 0220ec4e2c8256ee
2026-09-29 07:59:18,452 [INFO] [client-6] Round 6 done — loss=1.0154 acc=0.4875  3.3s
2026-09-29 07:59:18,453 [INFO] [client-6] Round 7 — receiving model…
2026-09-29 07:59:18,459 [INFO] send 13933B via direct in 1647ms (0.07 Mbit/s) to 0220ec4e2c8256ee
2026-09-29 07:59:18,484 [INFO] [client-9] Round 6 done — loss=1.0049 acc=0.5225  3.4s
2026-09-29 07:59:18,485 [INFO] [client-9] Round 7 — receiving model…
2026-09-29 07:59:18,487 [INFO] send 13933B via direct in 1504ms (0.07 Mbit/s) to 0220ec4e2c8256ee
2026-09-29 07:59:18,514 [INFO] [client-5] Round 6 done — loss=0.9829 acc=0.5481  3.3s
2026-09-29 07:59:18,515 [INFO] [client-5] Round 7 — receiving model…
2026-09-29 07:59:18,516 [INFO] send 13933B via direct in 1376ms (0.08 Mbit/s) to 0220ec4e2c8256ee
2026-09-29 07:59:18,548 [INFO] [client-4] Round 6 done — loss=1.0236 acc=0.4890  3.3s
2026-09-29 07:59:18,549 [INFO] [client-4] Round 7 — receiving model…
2026-09-29 07:59:18,551 [INFO] send 13933B via direct in 1253ms (0.09 Mbit/s) to 0220ec4e2c8256ee
2026-09-29 07:59:18,568 [INFO] [client-3] Round 6 done — loss=1.0493 acc=0.4526  3.3s
2026-09-29 07:59:18,570 [INFO] [client-3] Round 7 — receiving model…
2026-09-29 07:59:18,571 [INFO] send 13933B via direct in 1104ms (0.10 Mbit/s) to 0220ec4e2c8256ee
2026-09-29 07:59:18,594 [INFO] [client-2] Round 6 done — loss=0.9779 acc=0.5158  3.2s
2026-09-29 07:59:18,595 [INFO] [client-2] Round 7 — receiving model…
2026-09-29 07:59:18,597 [INFO] recv 13933B via direct in 781ms
2026-09-29 07:59:18,601 [INFO] recv 13933B via direct in 345ms
2026-09-29 07:59:18,604 [INFO] send 13933B via direct in 1070ms (0.10 Mbit/s) to 0220ec4e2c8256ee
2026-09-29 07:59:18,622 [INFO] [client-0] Round 6 done — loss=1.0557 acc=0.4457  3.4s
2026-09-29 07:59:18,624 [INFO] [client-0] Round 7 — receiving model…
2026-09-29 07:59:18,625 [INFO] send 13933B via direct in 933ms (0.12 Mbit/s) to 0220ec4e2c8256ee
2026-09-29 07:59:19,481 [INFO] [client-1] Round 6 done — loss=1.0621 acc=0.4227  3.3s
2026-09-29 07:59:19,482 [INFO] [client-1] Round 7 — receiving model…
2026-09-29 07:59:19,483 [INFO] send 13933B via direct in 790ms (0.14 Mbit/s) to 0220ec4e2c8256ee
2026-09-29 07:59:19,504 [INFO] [client-7] Round 6 done — loss=1.0303 acc=0.4560  3.4s
2026-09-29 07:59:19,506 [INFO] [client-7] Round 7 — receiving model…
2026-09-29 07:59:19,507 [INFO] recv 13933B via direct in 252ms
2026-09-29 07:59:19,535 [INFO] Round 6/20  acc=0.4541  loss=1.0693  3.3s  clients=10
2026-09-29 07:59:19,536 [INFO] Round 7 — sending model to 10 clients…
2026-09-29 07:59:20,344 [INFO] recv 13933B via direct in 680ms
2026-09-29 07:59:20,355 [INFO] [client-9] Round 7 — training locally…
2026-09-29 07:59:20,583 [INFO] [client-9] Round 7 — sending update…
2026-09-29 07:59:20,594 [INFO] recv 13933B via direct in 863ms
2026-09-29 07:59:20,597 [INFO] [client-1] Round 7 — training locally…
2026-09-29 07:59:20,743 [INFO] [client-1] Round 7 — sending update…
2026-09-29 07:59:20,746 [INFO] recv 13933B via direct in 916ms
2026-09-29 07:59:20,750 [INFO] [client-5] Round 7 — training locally…
2026-09-29 07:59:20,875 [INFO] [client-5] Round 7 — sending update…
2026-09-29 07:59:20,878 [INFO] recv 13933B via direct in 813ms
2026-09-29 07:59:20,881 [INFO] [client-8] Round 7 — training locally…
2026-09-29 07:59:21,006 [INFO] [client-8] Round 7 — sending update…
2026-09-29 07:59:21,010 [INFO] recv 13933B via direct in 762ms
2026-09-29 07:59:21,014 [INFO] [client-0] Round 7 — training locally…
2026-09-29 07:59:21,112 [INFO] [client-0] Round 7 — sending update…
2026-09-29 07:59:21,117 [INFO] recv 13933B via direct in 712ms
2026-09-29 07:59:21,121 [INFO] [client-4] Round 7 — training locally…
2026-09-29 07:59:21,241 [INFO] [client-4] Round 7 — sending update…
2026-09-29 07:59:21,245 [INFO] recv 13933B via direct in 620ms
2026-09-29 07:59:21,252 [INFO] [client-2] Round 7 — training locally…
2026-09-29 07:59:21,407 [INFO] [client-2] Round 7 — sending update…
2026-09-29 07:59:21,409 [INFO] recv 13933B via direct in 568ms
2026-09-29 07:59:21,412 [INFO] [client-7] Round 7 — training locally…
2026-09-29 07:59:21,536 [INFO] [client-7] Round 7 — sending update…
2026-09-29 07:59:21,539 [INFO] recv 13933B via direct in 518ms
2026-09-29 07:59:21,544 [INFO] [client-6] Round 7 — training locally…
2026-09-29 07:59:21,681 [INFO] [client-6] Round 7 — sending update…
2026-09-29 07:59:21,707 [INFO] send 13933B via direct in 2149ms (0.05 Mbit/s) to 84c2221a49ef495c
2026-09-29 07:59:21,709 [INFO] send 13933B via direct in 2148ms (0.05 Mbit/s) to 42724f4f7d4ccb28
2026-09-29 07:59:21,710 [INFO] send 13933B via direct in 2148ms (0.05 Mbit/s) to 036b1b4b140bb74f
2026-09-29 07:59:21,711 [INFO] send 13933B via direct in 2147ms (0.05 Mbit/s) to 806e2409b3a9c352
2026-09-29 07:59:21,713 [INFO] send 13933B via direct in 2147ms (0.05 Mbit/s) to 38c2bf098350daa0
2026-09-29 07:59:21,714 [INFO] send 13933B via direct in 2147ms (0.05 Mbit/s) to 74c1e6be1ef45f1d
2026-09-29 07:59:21,715 [INFO] send 13933B via direct in 2146ms (0.05 Mbit/s) to eb78e61c5797b964
2026-09-29 07:59:21,716 [INFO] send 13933B via direct in 2146ms (0.05 Mbit/s) to 4350fdf90266c46e
2026-09-29 07:59:21,718 [INFO] send 13933B via direct in 2146ms (0.05 Mbit/s) to ab2234c13229e5d9
2026-09-29 07:59:21,719 [INFO] send 13933B via direct in 2145ms (0.05 Mbit/s) to 5b2565cbdf3ab25a
2026-09-29 07:59:21,722 [INFO] Round 7 — waiting for 10 updates…
2026-09-29 07:59:21,724 [INFO] recv 13933B via direct in 1567ms
2026-09-29 07:59:21,727 [INFO] [client-3] Round 7 — training locally…
2026-09-29 07:59:21,897 [INFO] [client-3] Round 7 — sending update…
2026-09-29 07:59:22,194 [INFO] recv 13933B via direct in 500ms
2026-09-29 07:59:22,215 [INFO] recv 13933B via direct in 521ms
2026-09-29 07:59:22,272 [INFO] recv 13933B via direct in 571ms
2026-09-29 07:59:22,281 [INFO] recv 13933B via direct in 589ms
2026-09-29 07:59:22,297 [INFO] recv 13933B via direct in 600ms
2026-09-29 07:59:22,313 [INFO] recv 13933B via direct in 620ms
2026-09-29 07:59:22,335 [INFO] recv 13933B via direct in 641ms
2026-09-29 07:59:22,360 [INFO] recv 13933B via direct in 660ms
2026-09-29 07:59:22,386 [INFO] send 13933B via direct in 1799ms (0.06 Mbit/s) to 0220ec4e2c8256ee
2026-09-29 07:59:22,435 [INFO] [client-9] Round 7 done — loss=1.0111 acc=0.5246  3.1s
2026-09-29 07:59:22,437 [INFO] [client-9] Round 8 — receiving model…
2026-09-29 07:59:22,438 [INFO] send 13933B via direct in 1640ms (0.07 Mbit/s) to 0220ec4e2c8256ee
2026-09-29 07:59:22,463 [INFO] [client-1] Round 7 done — loss=1.0612 acc=0.4111  3.0s
2026-09-29 07:59:22,464 [INFO] [client-1] Round 8 — receiving model…
2026-09-29 07:59:22,466 [INFO] send 13933B via direct in 1508ms (0.07 Mbit/s) to 0220ec4e2c8256ee
2026-09-29 07:59:22,485 [INFO] [client-5] Round 7 done — loss=0.9746 acc=0.5532  3.1s
2026-09-29 07:59:22,486 [INFO] [client-5] Round 8 — receiving model…
2026-09-29 07:59:22,491 [INFO] send 13933B via direct in 1479ms (0.08 Mbit/s) to 0220ec4e2c8256ee
2026-09-29 07:59:22,517 [INFO] [client-8] Round 7 done — loss=0.7651 acc=0.7109  3.3s
2026-09-29 07:59:22,518 [INFO] [client-8] Round 8 — receiving model…
2026-09-29 07:59:22,520 [INFO] send 13933B via direct in 1373ms (0.08 Mbit/s) to 0220ec4e2c8256ee
2026-09-29 07:59:22,542 [INFO] [client-0] Round 7 done — loss=1.0576 acc=0.4579  3.1s
2026-09-29 07:59:22,544 [INFO] [client-0] Round 8 — receiving model…
2026-09-29 07:59:22,545 [INFO] send 13933B via direct in 1244ms (0.09 Mbit/s) to 0220ec4e2c8256ee
2026-09-29 07:59:22,563 [INFO] [client-4] Round 7 done — loss=1.0166 acc=0.4935  3.2s
2026-09-29 07:59:22,564 [INFO] [client-4] Round 8 — receiving model…
2026-09-29 07:59:22,566 [INFO] send 13933B via direct in 1081ms (0.10 Mbit/s) to 0220ec4e2c8256ee
2026-09-29 07:59:22,590 [INFO] [client-2] Round 7 done — loss=0.9706 acc=0.5117  3.2s
2026-09-29 07:59:22,592 [INFO] [client-2] Round 8 — receiving model…
2026-09-29 07:59:22,593 [INFO] send 13933B via direct in 951ms (0.12 Mbit/s) to 0220ec4e2c8256ee
2026-09-29 07:59:22,614 [INFO] [client-7] Round 7 done — loss=1.0289 acc=0.4433  3.1s
2026-09-29 07:59:22,615 [INFO] [client-7] Round 8 — receiving model…
2026-09-29 07:59:22,617 [INFO] send 13933B via direct in 806ms (0.14 Mbit/s) to 0220ec4e2c8256ee
2026-09-29 07:59:22,639 [INFO] [client-6] Round 7 done — loss=1.0163 acc=0.4927  3.4s
2026-09-29 07:59:22,640 [INFO] [client-6] Round 8 — receiving model…
2026-09-29 07:59:22,642 [INFO] recv 13933B via direct in 369ms
2026-09-29 07:59:22,646 [INFO] send 13933B via direct in 744ms (0.15 Mbit/s) to 0220ec4e2c8256ee
2026-09-29 07:59:22,671 [INFO] [client-3] Round 7 done — loss=1.0405 acc=0.4519  3.3s
2026-09-29 07:59:22,672 [INFO] [client-3] Round 8 — receiving model…
2026-09-29 07:59:22,673 [INFO] recv 13933B via direct in 260ms
2026-09-29 07:59:22,711 [INFO] Round 7/20  acc=0.4594  loss=1.0658  3.2s  clients=10
2026-09-29 07:59:22,712 [INFO] Round 8 — sending model to 10 clients…
2026-09-29 07:59:23,507 [INFO] recv 13933B via direct in 663ms
2026-09-29 07:59:23,518 [INFO] [client-9] Round 8 — training locally…
2026-09-29 07:59:23,713 [INFO] [client-9] Round 8 — sending update…
2026-09-29 07:59:23,722 [INFO] recv 13933B via direct in 834ms
2026-09-29 07:59:23,725 [INFO] [client-4] Round 8 — training locally…
2026-09-29 07:59:23,860 [INFO] [client-4] Round 8 — sending update…
2026-09-29 07:59:23,865 [INFO] recv 13933B via direct in 781ms
2026-09-29 07:59:23,867 [INFO] [client-3] Round 8 — training locally…
2026-09-29 07:59:23,995 [INFO] [client-3] Round 8 — sending update…
2026-09-29 07:59:23,998 [INFO] recv 13933B via direct in 735ms
2026-09-29 07:59:24,001 [INFO] [client-5] Round 8 — training locally…
2026-09-29 07:59:24,120 [INFO] [client-5] Round 8 — sending update…
2026-09-29 07:59:24,124 [INFO] recv 13933B via direct in 683ms
2026-09-29 07:59:24,126 [INFO] [client-8] Round 8 — training locally…
2026-09-29 07:59:24,267 [INFO] [client-8] Round 8 — sending update…
2026-09-29 07:59:24,271 [INFO] recv 13933B via direct in 673ms
2026-09-29 07:59:24,274 [INFO] [client-0] Round 8 — training locally…
2026-09-29 07:59:24,369 [INFO] [client-0] Round 8 — sending update…
2026-09-29 07:59:24,373 [INFO] recv 13933B via direct in 622ms
2026-09-29 07:59:24,376 [INFO] [client-2] Round 8 — training locally…
2026-09-29 07:59:24,500 [INFO] [client-2] Round 8 — sending update…
2026-09-29 07:59:24,521 [INFO] send 13933B via direct in 1790ms (0.06 Mbit/s) to 84c2221a49ef495c
2026-09-29 07:59:24,523 [INFO] send 13933B via direct in 1788ms (0.06 Mbit/s) to 74c1e6be1ef45f1d
2026-09-29 07:59:24,524 [INFO] send 13933B via direct in 1780ms (0.06 Mbit/s) to eb78e61c5797b964
2026-09-29 07:59:24,525 [INFO] send 13933B via direct in 1779ms (0.06 Mbit/s) to ab2234c13229e5d9
2026-09-29 07:59:24,526 [INFO] send 13933B via direct in 1779ms (0.06 Mbit/s) to 036b1b4b140bb74f
2026-09-29 07:59:24,527 [INFO] send 13933B via direct in 1778ms (0.06 Mbit/s) to 4350fdf90266c46e
2026-09-29 07:59:24,529 [INFO] send 13933B via direct in 1786ms (0.06 Mbit/s) to 5b2565cbdf3ab25a
2026-09-29 07:59:24,529 [INFO] send 13933B via direct in 1784ms (0.06 Mbit/s) to 42724f4f7d4ccb28
2026-09-29 07:59:24,530 [INFO] send 13933B via direct in 1782ms (0.06 Mbit/s) to 806e2409b3a9c352
2026-09-29 07:59:24,532 [INFO] send 13933B via direct in 1781ms (0.06 Mbit/s) to 38c2bf098350daa0
2026-09-29 07:59:24,533 [INFO] recv 13933B via direct in 1307ms
2026-09-29 07:59:24,535 [INFO] [client-1] Round 8 — training locally…
2026-09-29 07:59:24,646 [INFO] [client-1] Round 8 — sending update…
2026-09-29 07:59:24,650 [INFO] recv 13933B via direct in 1358ms
2026-09-29 07:59:24,654 [INFO] [client-6] Round 8 — training locally…
2026-09-29 07:59:24,763 [INFO] [client-6] Round 8 — sending update…
2026-09-29 07:59:24,766 [INFO] recv 13933B via direct in 1255ms
2026-09-29 07:59:24,770 [INFO] [client-7] Round 8 — training locally…
2026-09-29 07:59:24,903 [INFO] [client-7] Round 8 — sending update…
2026-09-29 07:59:24,905 [INFO] Round 8 — waiting for 10 updates…
2026-09-29 07:59:24,912 [INFO] recv 13933B via direct in 404ms
2026-09-29 07:59:24,915 [INFO] recv 13933B via direct in 404ms
2026-09-29 07:59:24,918 [INFO] recv 13933B via direct in 408ms
2026-09-29 07:59:24,938 [INFO] recv 13933B via direct in 430ms
2026-09-29 07:59:24,972 [INFO] recv 13933B via direct in 464ms
2026-09-29 07:59:25,003 [INFO] recv 13933B via direct in 495ms
2026-09-29 07:59:25,009 [INFO] send 13933B via direct in 636ms (0.18 Mbit/s) to 0220ec4e2c8256ee
2026-09-29 07:59:25,035 [INFO] [client-0] Round 8 done — loss=1.0554 acc=0.4570  2.5s
2026-09-29 07:59:25,037 [INFO] [client-0] Round 9 — receiving model…
2026-09-29 07:59:25,038 [INFO] send 13933B via direct in 1321ms (0.08 Mbit/s) to 0220ec4e2c8256ee
2026-09-29 07:59:25,067 [INFO] [client-9] Round 8 done — loss=1.0134 acc=0.5263  2.6s
2026-09-29 07:59:25,068 [INFO] [client-9] Round 9 — receiving model…
2026-09-29 07:59:25,071 [INFO] send 13933B via direct in 1206ms (0.09 Mbit/s) to 0220ec4e2c8256ee
2026-09-29 07:59:25,095 [INFO] [client-4] Round 8 done — loss=1.0127 acc=0.4945  2.5s
2026-09-29 07:59:25,097 [INFO] [client-4] Round 9 — receiving model…
2026-09-29 07:59:25,105 [INFO] send 13933B via direct in 1106ms (0.10 Mbit/s) to 0220ec4e2c8256ee
2026-09-29 07:59:25,122 [INFO] [client-3] Round 8 done — loss=1.0424 acc=0.4530  2.5s
2026-09-29 07:59:25,124 [INFO] [client-3] Round 9 — receiving model…
2026-09-29 07:59:25,126 [INFO] send 13933B via direct in 1003ms (0.11 Mbit/s) to 0220ec4e2c8256ee
2026-09-29 07:59:25,151 [INFO] [client-5] Round 8 done — loss=0.9824 acc=0.5453  2.7s
2026-09-29 07:59:25,152 [INFO] [client-5] Round 9 — receiving model…
2026-09-29 07:59:25,163 [INFO] send 13933B via direct in 892ms (0.13 Mbit/s) to 0220ec4e2c8256ee
2026-09-29 07:59:25,195 [INFO] [client-8] Round 8 done — loss=0.7725 acc=0.7095  2.7s
2026-09-29 07:59:25,197 [INFO] [client-8] Round 9 — receiving model…
2026-09-29 07:59:25,242 [INFO] recv 13933B via direct in 334ms
2026-09-29 07:59:25,278 [INFO] recv 13933B via direct in 208ms
2026-09-29 07:59:25,360 [INFO] recv 13933B via direct in 230ms
2026-09-29 07:59:25,397 [INFO] send 13933B via direct in 880ms (0.13 Mbit/s) to 0220ec4e2c8256ee
2026-09-29 07:59:25,484 [INFO] [client-2] Round 8 done — loss=0.9666 acc=0.5216  2.9s
2026-09-29 07:59:25,485 [INFO] [client-2] Round 9 — receiving model…
2026-09-29 07:59:25,487 [INFO] send 13933B via direct in 736ms (0.15 Mbit/s) to 0220ec4e2c8256ee
2026-09-29 07:59:25,517 [INFO] [client-1] Round 8 done — loss=1.0583 acc=0.4289  3.1s
2026-09-29 07:59:25,518 [INFO] [client-1] Round 9 — receiving model…
2026-09-29 07:59:25,520 [INFO] send 13933B via direct in 628ms (0.18 Mbit/s) to 0220ec4e2c8256ee
2026-09-29 07:59:25,552 [INFO] [client-6] Round 8 done — loss=1.0117 acc=0.4993  2.9s
2026-09-29 07:59:25,553 [INFO] [client-6] Round 9 — receiving model…
2026-09-29 07:59:25,557 [INFO] send 13933B via direct in 650ms (0.17 Mbit/s) to 0220ec4e2c8256ee
2026-09-29 07:59:25,595 [INFO] [client-7] Round 8 done — loss=1.0315 acc=0.4492  3.0s
2026-09-29 07:59:25,596 [INFO] [client-7] Round 9 — receiving model…
2026-09-29 07:59:25,598 [INFO] recv 13933B via direct in 330ms
2026-09-29 07:59:25,630 [INFO] Round 8/20  acc=0.4485  loss=1.0722  2.9s  clients=10
2026-09-29 07:59:25,632 [INFO] Round 9 — sending model to 10 clients…
2026-09-29 07:59:26,449 [INFO] recv 13933B via direct in 686ms
2026-09-29 07:59:26,462 [INFO] [client-2] Round 9 — training locally…
2026-09-29 07:59:26,673 [INFO] [client-2] Round 9 — sending update…
2026-09-29 07:59:26,681 [INFO] recv 13933B via direct in 853ms
2026-09-29 07:59:26,686 [INFO] [client-8] Round 9 — training locally…
2026-09-29 07:59:26,851 [INFO] [client-8] Round 9 — sending update…
2026-09-29 07:59:26,854 [INFO] recv 13933B via direct in 906ms
2026-09-29 07:59:26,857 [INFO] [client-6] Round 9 — training locally…
2026-09-29 07:59:27,012 [INFO] [client-6] Round 9 — sending update…
2026-09-29 07:59:27,015 [INFO] recv 13933B via direct in 803ms
2026-09-29 07:59:27,020 [INFO] [client-7] Round 9 — training locally…
2026-09-29 07:59:27,187 [INFO] [client-7] Round 9 — sending update…
2026-09-29 07:59:27,192 [INFO] recv 13933B via direct in 752ms
2026-09-29 07:59:27,197 [INFO] [client-0] Round 9 — training locally…
2026-09-29 07:59:27,356 [INFO] [client-0] Round 9 — sending update…
2026-09-29 07:59:27,359 [INFO] recv 13933B via direct in 700ms
2026-09-29 07:59:27,362 [INFO] [client-5] Round 9 — training locally…
2026-09-29 07:59:27,521 [INFO] [client-5] Round 9 — sending update…
2026-09-29 07:59:27,524 [INFO] recv 13933B via direct in 690ms
2026-09-29 07:59:27,526 [INFO] [client-3] Round 9 — training locally…
2026-09-29 07:59:27,639 [INFO] [client-3] Round 9 — sending update…
2026-09-29 07:59:27,701 [INFO] recv 13933B via direct in 638ms
2026-09-29 07:59:27,706 [INFO] [client-1] Round 9 — training locally…
2026-09-29 07:59:27,927 [INFO] [client-1] Round 9 — sending update…
2026-09-29 07:59:27,955 [INFO] send 13933B via direct in 2299ms (0.05 Mbit/s) to eb78e61c5797b964
2026-09-29 07:59:27,958 [INFO] send 13933B via direct in 2297ms (0.05 Mbit/s) to ab2234c13229e5d9
2026-09-29 07:59:27,959 [INFO] send 13933B via direct in 2294ms (0.05 Mbit/s) to 38c2bf098350daa0
2026-09-29 07:59:27,961 [INFO] send 13933B via direct in 2294ms (0.05 Mbit/s) to 42724f4f7d4ccb28
2026-09-29 07:59:27,962 [INFO] send 13933B via direct in 2294ms (0.05 Mbit/s) to 5b2565cbdf3ab25a
2026-09-29 07:59:27,964 [INFO] send 13933B via direct in 2293ms (0.05 Mbit/s) to 036b1b4b140bb74f
2026-09-29 07:59:27,966 [INFO] send 13933B via direct in 2293ms (0.05 Mbit/s) to 84c2221a49ef495c
2026-09-29 07:59:27,967 [INFO] send 13933B via direct in 2293ms (0.05 Mbit/s) to 74c1e6be1ef45f1d
2026-09-29 07:59:27,969 [INFO] send 13933B via direct in 2295ms (0.05 Mbit/s) to 806e2409b3a9c352
2026-09-29 07:59:27,972 [INFO] send 13933B via direct in 2294ms (0.05 Mbit/s) to 4350fdf90266c46e
2026-09-29 07:59:27,974 [INFO] recv 13933B via direct in 1844ms
2026-09-29 07:59:27,978 [INFO] [client-9] Round 9 — training locally…
2026-09-29 07:59:28,125 [INFO] [client-9] Round 9 — sending update…
2026-09-29 07:59:28,129 [INFO] recv 13933B via direct in 1794ms
2026-09-29 07:59:28,133 [INFO] [client-4] Round 9 — training locally…
2026-09-29 07:59:28,289 [INFO] [client-4] Round 9 — sending update…
2026-09-29 07:59:28,293 [INFO] Round 9 — waiting for 10 updates…
2026-09-29 07:59:28,399 [INFO] recv 13933B via direct in 458ms
2026-09-29 07:59:28,420 [INFO] recv 13933B via direct in 478ms
2026-09-29 07:59:28,451 [INFO] recv 13933B via direct in 510ms
2026-09-29 07:59:28,477 [INFO] recv 13933B via direct in 536ms
2026-09-29 07:59:28,498 [INFO] recv 13933B via direct in 557ms
2026-09-29 07:59:28,519 [INFO] recv 13933B via direct in 578ms
2026-09-29 07:59:28,546 [INFO] recv 13933B via direct in 604ms
2026-09-29 07:59:28,563 [INFO] send 13933B via direct in 1880ms (0.06 Mbit/s) to 0220ec4e2c8256ee
2026-09-29 07:59:28,651 [INFO] [client-2] Round 9 done — loss=0.9685 acc=0.5106  3.2s
2026-09-29 07:59:28,652 [INFO] [client-2] Round 10 — receiving model…
2026-09-29 07:59:28,655 [INFO] send 13933B via direct in 1703ms (0.07 Mbit/s) to 0220ec4e2c8256ee
2026-09-29 07:59:28,682 [INFO] [client-8] Round 9 done — loss=0.7621 acc=0.7126  3.5s
2026-09-29 07:59:28,683 [INFO] [client-8] Round 10 — receiving model…
2026-09-29 07:59:28,689 [INFO] send 13933B via direct in 1671ms (0.07 Mbit/s) to 0220ec4e2c8256ee
2026-09-29 07:59:28,722 [INFO] [client-6] Round 9 done — loss=1.0195 acc=0.4875  3.2s
2026-09-29 07:59:28,723 [INFO] [client-6] Round 10 — receiving model…
2026-09-29 07:59:28,725 [INFO] send 13933B via direct in 1494ms (0.07 Mbit/s) to 0220ec4e2c8256ee
2026-09-29 07:59:28,746 [INFO] [client-7] Round 9 done — loss=1.0306 acc=0.4523  3.1s
2026-09-29 07:59:28,748 [INFO] [client-7] Round 10 — receiving model…
2026-09-29 07:59:28,750 [INFO] send 13933B via direct in 1327ms (0.08 Mbit/s) to 0220ec4e2c8256ee
2026-09-29 07:59:28,774 [INFO] [client-0] Round 9 done — loss=1.0546 acc=0.4570  3.7s
2026-09-29 07:59:28,775 [INFO] [client-0] Round 10 — receiving model…
2026-09-29 07:59:28,776 [INFO] send 13933B via direct in 1163ms (0.10 Mbit/s) to 0220ec4e2c8256ee
2026-09-29 07:59:28,797 [INFO] [client-5] Round 9 done — loss=0.9778 acc=0.5539  3.6s
2026-09-29 07:59:28,798 [INFO] [client-5] Round 10 — receiving model…
2026-09-29 07:59:28,800 [INFO] recv 13933B via direct in 367ms
2026-09-29 07:59:28,804 [INFO] send 13933B via direct in 1100ms (0.10 Mbit/s) to 0220ec4e2c8256ee
2026-09-29 07:59:28,841 [INFO] [client-3] Round 9 done — loss=1.0452 acc=0.4574  3.7s
2026-09-29 07:59:28,843 [INFO] [client-3] Round 10 — receiving model…
2026-09-29 07:59:28,846 [INFO] send 13933B via direct in 873ms (0.13 Mbit/s) to 0220ec4e2c8256ee
2026-09-29 07:59:28,870 [INFO] [client-1] Round 9 done — loss=1.0559 acc=0.4313  3.4s
2026-09-29 07:59:28,871 [INFO] [client-1] Round 10 — receiving model…
2026-09-29 07:59:28,874 [INFO] recv 13933B via direct in 159ms
2026-09-29 07:59:28,879 [INFO] recv 13933B via direct in 158ms
2026-09-29 07:59:28,915 [INFO] Round 9/20  acc=0.4723  loss=1.0570  3.3s  clients=10
2026-09-29 07:59:28,918 [INFO] Round 10 — sending model to 10 clients…
2026-09-29 07:59:28,929 [INFO] send 13933B via direct in 745ms (0.15 Mbit/s) to 0220ec4e2c8256ee
2026-09-29 07:59:28,956 [INFO] [client-9] Round 9 done — loss=1.0140 acc=0.5204  3.9s
2026-09-29 07:59:28,957 [INFO] [client-9] Round 10 — receiving model…
2026-09-29 07:59:28,958 [INFO] send 13933B via direct in 582ms (0.19 Mbit/s) to 0220ec4e2c8256ee
2026-09-29 07:59:28,983 [INFO] [client-4] Round 9 done — loss=1.0113 acc=0.4900  3.9s
2026-09-29 07:59:28,984 [INFO] [client-4] Round 10 — receiving model…
2026-09-29 07:59:29,690 [INFO] recv 13933B via direct in 618ms
2026-09-29 07:59:29,701 [INFO] [client-8] Round 10 — training locally…
2026-09-29 07:59:29,838 [INFO] [client-8] Round 10 — sending update…
2026-09-29 07:59:29,846 [INFO] recv 13933B via direct in 753ms
2026-09-29 07:59:29,849 [INFO] [client-4] Round 10 — training locally…
2026-09-29 07:59:29,968 [INFO] [client-4] Round 10 — sending update…
2026-09-29 07:59:29,971 [INFO] recv 13933B via direct in 702ms
2026-09-29 07:59:29,973 [INFO] [client-9] Round 10 — training locally…
2026-09-29 07:59:30,101 [INFO] [client-9] Round 10 — sending update…
2026-09-29 07:59:30,104 [INFO] recv 13933B via direct in 651ms
2026-09-29 07:59:30,108 [INFO] [client-3] Round 10 — training locally…
2026-09-29 07:59:30,281 [INFO] [client-3] Round 10 — sending update…
2026-09-29 07:59:30,288 [INFO] recv 13933B via direct in 604ms
2026-09-29 07:59:30,292 [INFO] [client-2] Round 10 — training locally…
2026-09-29 07:59:30,443 [INFO] [client-2] Round 10 — sending update…
2026-09-29 07:59:30,462 [INFO] send 13933B via direct in 1527ms (0.07 Mbit/s) to 806e2409b3a9c352
2026-09-29 07:59:30,464 [INFO] send 13933B via direct in 1525ms (0.07 Mbit/s) to 84c2221a49ef495c
2026-09-29 07:59:30,465 [INFO] send 13933B via direct in 1525ms (0.07 Mbit/s) to 5b2565cbdf3ab25a
2026-09-29 07:59:30,467 [INFO] send 13933B via direct in 1524ms (0.07 Mbit/s) to eb78e61c5797b964
2026-09-29 07:59:30,468 [INFO] send 13933B via direct in 1523ms (0.07 Mbit/s) to 4350fdf90266c46e
2026-09-29 07:59:30,469 [INFO] send 13933B via direct in 1523ms (0.07 Mbit/s) to 036b1b4b140bb74f
2026-09-29 07:59:30,471 [INFO] send 13933B via direct in 1523ms (0.07 Mbit/s) to 38c2bf098350daa0
2026-09-29 07:59:30,471 [INFO] send 13933B via direct in 1523ms (0.07 Mbit/s) to 42724f4f7d4ccb28
2026-09-29 07:59:30,473 [INFO] send 13933B via direct in 1522ms (0.07 Mbit/s) to ab2234c13229e5d9
2026-09-29 07:59:30,475 [INFO] send 13933B via direct in 1526ms (0.07 Mbit/s) to 74c1e6be1ef45f1d
2026-09-29 07:59:30,476 [INFO] recv 13933B via direct in 1165ms
2026-09-29 07:59:30,478 [INFO] [client-7] Round 10 — training locally…
2026-09-29 07:59:30,590 [INFO] [client-7] Round 10 — sending update…
2026-09-29 07:59:30,593 [INFO] recv 13933B via direct in 1119ms
2026-09-29 07:59:30,595 [INFO] [client-1] Round 10 — training locally…
2026-09-29 07:59:30,728 [INFO] [client-1] Round 10 — sending update…
2026-09-29 07:59:30,731 [INFO] recv 13933B via direct in 1073ms
2026-09-29 07:59:30,735 [INFO] [client-0] Round 10 — training locally…
2026-09-29 07:59:30,837 [INFO] [client-0] Round 10 — sending update…
2026-09-29 07:59:30,840 [INFO] recv 13933B via direct in 1022ms
2026-09-29 07:59:30,843 [INFO] [client-5] Round 10 — training locally…
2026-09-29 07:59:30,984 [INFO] [client-5] Round 10 — sending update…
2026-09-29 07:59:30,987 [INFO] recv 13933B via direct in 974ms
2026-09-29 07:59:30,991 [INFO] [client-6] Round 10 — training locally…
2026-09-29 07:59:31,121 [INFO] [client-6] Round 10 — sending update…
2026-09-29 07:59:31,124 [INFO] Round 10 — waiting for 10 updates…
2026-09-29 07:59:31,141 [INFO] send 13933B via direct in 1284ms (0.09 Mbit/s) to 0220ec4e2c8256ee
2026-09-29 07:59:31,172 [INFO] [client-8] Round 10 done — loss=0.7676 acc=0.7136  2.5s
2026-09-29 07:59:31,174 [INFO] [client-8] Round 11 — receiving model…
2026-09-29 07:59:31,175 [INFO] send 13933B via direct in 1157ms (0.10 Mbit/s) to 0220ec4e2c8256ee
2026-09-29 07:59:31,201 [INFO] [client-4] Round 10 done — loss=1.0128 acc=0.4894  2.2s
2026-09-29 07:59:31,202 [INFO] [client-4] Round 11 — receiving model…
2026-09-29 07:59:31,204 [INFO] send 13933B via direct in 1024ms (0.11 Mbit/s) to 0220ec4e2c8256ee
2026-09-29 07:59:31,227 [INFO] [client-9] Round 10 done — loss=1.0089 acc=0.5225  2.3s
2026-09-29 07:59:31,229 [INFO] [client-9] Round 11 — receiving model…
2026-09-29 07:59:31,230 [INFO] send 13933B via direct in 841ms (0.13 Mbit/s) to 0220ec4e2c8256ee
2026-09-29 07:59:31,252 [INFO] [client-3] Round 10 done — loss=1.0465 acc=0.4536  2.4s
2026-09-29 07:59:31,253 [INFO] [client-3] Round 11 — receiving model…
2026-09-29 07:59:31,257 [INFO] recv 13933B via direct in 803ms
2026-09-29 07:59:31,262 [INFO] recv 13933B via direct in 803ms
2026-09-29 07:59:31,264 [INFO] recv 13933B via direct in 801ms
2026-09-29 07:59:31,267 [INFO] recv 13933B via direct in 802ms
2026-09-29 07:59:31,477 [INFO] recv 13933B via direct in 345ms
2026-09-29 07:59:31,550 [INFO] recv 13933B via direct in 417ms
2026-09-29 07:59:31,569 [INFO] recv 13933B via direct in 438ms
2026-09-29 07:59:31,592 [INFO] recv 13933B via direct in 460ms
2026-09-29 07:59:31,602 [INFO] recv 13933B via direct in 472ms
2026-09-29 07:59:31,612 [INFO] send 13933B via direct in 1018ms (0.11 Mbit/s) to 0220ec4e2c8256ee
2026-09-29 07:59:31,709 [INFO] [client-7] Round 10 done — loss=1.0300 acc=0.4471  3.0s
2026-09-29 07:59:31,710 [INFO] [client-7] Round 11 — receiving model…
2026-09-29 07:59:31,716 [INFO] send 13933B via direct in 1266ms (0.09 Mbit/s) to 0220ec4e2c8256ee
2026-09-29 07:59:31,755 [INFO] [client-2] Round 10 done — loss=0.9642 acc=0.5244  3.1s
2026-09-29 07:59:31,756 [INFO] [client-2] Round 11 — receiving model…
2026-09-29 07:59:31,758 [INFO] send 13933B via direct in 726ms (0.15 Mbit/s) to 0220ec4e2c8256ee
2026-09-29 07:59:31,789 [INFO] [client-5] Round 10 done — loss=0.9781 acc=0.5584  3.0s
2026-09-29 07:59:31,790 [INFO] [client-5] Round 11 — receiving model…
2026-09-29 07:59:31,791 [INFO] send 13933B via direct in 982ms (0.11 Mbit/s) to 0220ec4e2c8256ee
2026-09-29 07:59:31,820 [INFO] [client-1] Round 10 done — loss=1.0569 acc=0.4238  2.9s
2026-09-29 07:59:31,822 [INFO] [client-1] Round 11 — receiving model…
2026-09-29 07:59:31,824 [INFO] send 13933B via direct in 873ms (0.13 Mbit/s) to 0220ec4e2c8256ee
2026-09-29 07:59:31,854 [INFO] [client-0] Round 10 done — loss=1.0506 acc=0.4588  3.1s
2026-09-29 07:59:31,856 [INFO] [client-0] Round 11 — receiving model…
2026-09-29 07:59:31,857 [INFO] send 13933B via direct in 590ms (0.19 Mbit/s) to 0220ec4e2c8256ee
2026-09-29 07:59:31,885 [INFO] [client-6] Round 10 done — loss=1.0169 acc=0.4840  3.2s
2026-09-29 07:59:31,886 [INFO] [client-6] Round 11 — receiving model…
2026-09-29 07:59:31,888 [INFO] recv 13933B via direct in 221ms
2026-09-29 07:59:31,923 [INFO] Round 10/20  acc=0.4681  loss=1.0616  3.0s  clients=10
2026-09-29 07:59:31,925 [INFO] Round 11 — sending model to 10 clients…
2026-09-29 07:59:32,706 [INFO] recv 13933B via direct in 651ms
2026-09-29 07:59:32,721 [INFO] [client-8] Round 11 — training locally…
2026-09-29 07:59:32,981 [INFO] [client-8] Round 11 — sending update…
2026-09-29 07:59:32,993 [INFO] recv 13933B via direct in 882ms
2026-09-29 07:59:32,996 [INFO] [client-7] Round 11 — training locally…
2026-09-29 07:59:33,121 [INFO] [client-7] Round 11 — sending update…
2026-09-29 07:59:33,123 [INFO] recv 13933B via direct in 835ms
2026-09-29 07:59:33,126 [INFO] [client-4] Round 11 — training locally…
2026-09-29 07:59:33,242 [INFO] [client-4] Round 11 — sending update…
2026-09-29 07:59:33,246 [INFO] recv 13933B via direct in 789ms
2026-09-29 07:59:33,249 [INFO] [client-1] Round 11 — training locally…
2026-09-29 07:59:33,364 [INFO] [client-1] Round 11 — sending update…
2026-09-29 07:59:33,367 [INFO] recv 13933B via direct in 743ms
2026-09-29 07:59:33,370 [INFO] [client-6] Round 11 — training locally…
2026-09-29 07:59:33,483 [INFO] [client-6] Round 11 — sending update…
2026-09-29 07:59:33,487 [INFO] recv 13933B via direct in 697ms
2026-09-29 07:59:33,490 [INFO] [client-9] Round 11 — training locally…
2026-09-29 07:59:33,593 [INFO] [client-9] Round 11 — sending update…
2026-09-29 07:59:33,598 [INFO] recv 13933B via direct in 646ms
2026-09-29 07:59:33,602 [INFO] [client-2] Round 11 — training locally…
2026-09-29 07:59:33,718 [INFO] [client-2] Round 11 — sending update…
2026-09-29 07:59:33,721 [INFO] recv 13933B via direct in 593ms
2026-09-29 07:59:33,724 [INFO] [client-5] Round 11 — training locally…
2026-09-29 07:59:33,845 [INFO] [client-5] Round 11 — sending update…
2026-09-29 07:59:33,850 [INFO] recv 13933B via direct in 543ms
2026-09-29 07:59:33,852 [INFO] [client-3] Round 11 — training locally…
2026-09-29 07:59:33,984 [INFO] [client-3] Round 11 — sending update…
2026-09-29 07:59:34,015 [INFO] send 13933B via direct in 2062ms (0.05 Mbit/s) to 806e2409b3a9c352
2026-09-29 07:59:34,016 [INFO] send 13933B via direct in 2060ms (0.05 Mbit/s) to 4350fdf90266c46e
2026-09-29 07:59:34,018 [INFO] send 13933B via direct in 2055ms (0.05 Mbit/s) to 84c2221a49ef495c
2026-09-29 07:59:34,019 [INFO] send 13933B via direct in 2054ms (0.05 Mbit/s) to 5b2565cbdf3ab25a
2026-09-29 07:59:34,020 [INFO] send 13933B via direct in 2054ms (0.05 Mbit/s) to 38c2bf098350daa0
2026-09-29 07:59:34,022 [INFO] send 13933B via direct in 2057ms (0.05 Mbit/s) to 74c1e6be1ef45f1d
2026-09-29 07:59:34,023 [INFO] send 13933B via direct in 2056ms (0.05 Mbit/s) to 036b1b4b140bb74f
2026-09-29 07:59:34,025 [INFO] send 13933B via direct in 2056ms (0.05 Mbit/s) to ab2234c13229e5d9
2026-09-29 07:59:34,027 [INFO] send 13933B via direct in 2055ms (0.05 Mbit/s) to eb78e61c5797b964
2026-09-29 07:59:34,028 [INFO] send 13933B via direct in 2054ms (0.05 Mbit/s) to 42724f4f7d4ccb28
2026-09-29 07:59:34,029 [INFO] recv 13933B via direct in 1499ms
2026-09-29 07:59:34,033 [INFO] [client-0] Round 11 — training locally…
2026-09-29 07:59:34,158 [INFO] [client-0] Round 11 — sending update…
2026-09-29 07:59:34,162 [INFO] Round 11 — waiting for 10 updates…
2026-09-29 07:59:34,515 [INFO] recv 13933B via direct in 517ms
2026-09-29 07:59:34,533 [INFO] recv 13933B via direct in 536ms
2026-09-29 07:59:34,555 [INFO] recv 13933B via direct in 557ms
2026-09-29 07:59:34,580 [INFO] recv 13933B via direct in 584ms
2026-09-29 07:59:34,601 [INFO] recv 13933B via direct in 603ms
2026-09-29 07:59:34,638 [INFO] recv 13933B via direct in 638ms
2026-09-29 07:59:34,654 [INFO] recv 13933B via direct in 658ms
2026-09-29 07:59:34,677 [INFO] send 13933B via direct in 1685ms (0.07 Mbit/s) to 0220ec4e2c8256ee
2026-09-29 07:59:34,939 [INFO] [client-8] Round 11 done — loss=0.7636 acc=0.7153  3.8s
2026-09-29 07:59:34,941 [INFO] [client-8] Round 12 — receiving model…
2026-09-29 07:59:34,942 [INFO] recv 13933B via direct in 673ms
2026-09-29 07:59:34,946 [INFO] send 13933B via direct in 1549ms (0.07 Mbit/s) to 0220ec4e2c8256ee
2026-09-29 07:59:34,977 [INFO] [client-7] Round 11 done — loss=1.0288 acc=0.4584  3.3s
2026-09-29 07:59:34,978 [INFO] [client-7] Round 12 — receiving model…
2026-09-29 07:59:34,979 [INFO] send 13933B via direct in 1427ms (0.08 Mbit/s) to 0220ec4e2c8256ee
2026-09-29 07:59:35,010 [INFO] [client-4] Round 11 done — loss=1.0123 acc=0.5000  3.8s
2026-09-29 07:59:35,011 [INFO] [client-4] Round 12 — receiving model…
2026-09-29 07:59:35,016 [INFO] send 13933B via direct in 1646ms (0.07 Mbit/s) to 0220ec4e2c8256ee
2026-09-29 07:59:35,051 [INFO] [client-1] Round 11 done — loss=1.0599 acc=0.4279  3.2s
2026-09-29 07:59:35,052 [INFO] [client-1] Round 12 — receiving model…
2026-09-29 07:59:35,054 [INFO] send 13933B via direct in 1526ms (0.07 Mbit/s) to 0220ec4e2c8256ee
2026-09-29 07:59:35,098 [INFO] [client-6] Round 11 done — loss=1.0124 acc=0.4892  3.2s
2026-09-29 07:59:35,100 [INFO] [client-6] Round 12 — receiving model…
2026-09-29 07:59:35,101 [INFO] send 13933B via direct in 1416ms (0.08 Mbit/s) to 0220ec4e2c8256ee
2026-09-29 07:59:35,156 [INFO] [client-9] Round 11 done — loss=1.0076 acc=0.5242  3.9s
2026-09-29 07:59:35,157 [INFO] [client-9] Round 12 — receiving model…
2026-09-29 07:59:35,159 [INFO] send 13933B via direct in 1293ms (0.09 Mbit/s) to 0220ec4e2c8256ee
2026-09-29 07:59:35,216 [INFO] [client-2] Round 11 done — loss=0.9594 acc=0.5312  3.5s
2026-09-29 07:59:35,217 [INFO] [client-2] Round 12 — receiving model…
2026-09-29 07:59:35,219 [INFO] send 13933B via direct in 1165ms (0.10 Mbit/s) to 0220ec4e2c8256ee
2026-09-29 07:59:35,262 [INFO] [client-5] Round 11 done — loss=0.9723 acc=0.5501  3.5s
2026-09-29 07:59:35,263 [INFO] [client-5] Round 12 — receiving model…
2026-09-29 07:59:35,265 [INFO] send 13933B via direct in 1027ms (0.11 Mbit/s) to 0220ec4e2c8256ee
2026-09-29 07:59:35,296 [INFO] [client-3] Round 11 done — loss=1.0469 acc=0.4595  4.0s
2026-09-29 07:59:35,298 [INFO] [client-3] Round 12 — receiving model…
2026-09-29 07:59:35,299 [INFO] send 13933B via direct in 852ms (0.13 Mbit/s) to 0220ec4e2c8256ee
2026-09-29 07:59:35,329 [INFO] [client-0] Round 11 done — loss=1.0501 acc=0.4583  3.5s
2026-09-29 07:59:35,330 [INFO] [client-0] Round 12 — receiving model…
2026-09-29 07:59:35,332 [INFO] recv 13933B via direct in 573ms
2026-09-29 07:59:35,338 [INFO] recv 13933B via direct in 324ms
2026-09-29 07:59:35,383 [INFO] Round 11/20  acc=0.4656  loss=1.0616  3.5s  clients=10
2026-09-29 07:59:35,384 [INFO] Round 12 — sending model to 10 clients…
2026-09-29 07:59:36,185 [INFO] recv 13933B via direct in 674ms
2026-09-29 07:59:36,199 [INFO] [client-1] Round 12 — training locally…
2026-09-29 07:59:36,434 [INFO] [client-1] Round 12 — sending update…
2026-09-29 07:59:36,445 [INFO] recv 13933B via direct in 866ms
2026-09-29 07:59:36,449 [INFO] [client-5] Round 12 — training locally…
2026-09-29 07:59:36,603 [INFO] [client-5] Round 12 — sending update…
2026-09-29 07:59:36,606 [INFO] recv 13933B via direct in 920ms
2026-09-29 07:59:36,610 [INFO] [client-8] Round 12 — training locally…
2026-09-29 07:59:36,773 [INFO] [client-8] Round 12 — sending update…
2026-09-29 07:59:36,775 [INFO] recv 13933B via direct in 814ms
2026-09-29 07:59:36,778 [INFO] [client-9] Round 12 — training locally…
2026-09-29 07:59:36,949 [INFO] [client-9] Round 12 — sending update…
2026-09-29 07:59:36,953 [INFO] recv 13933B via direct in 724ms
2026-09-29 07:59:36,958 [INFO] [client-3] Round 12 — training locally…
2026-09-29 07:59:37,100 [INFO] [client-3] Round 12 — sending update…
2026-09-29 07:59:37,104 [INFO] recv 13933B via direct in 677ms
2026-09-29 07:59:37,107 [INFO] [client-6] Round 12 — training locally…
2026-09-29 07:59:37,215 [INFO] [client-6] Round 12 — sending update…
2026-09-29 07:59:37,218 [INFO] recv 13933B via direct in 624ms
2026-09-29 07:59:37,220 [INFO] [client-4] Round 12 — training locally…
2026-09-29 07:59:37,343 [INFO] [client-4] Round 12 — sending update…
2026-09-29 07:59:37,348 [INFO] recv 13933B via direct in 577ms
2026-09-29 07:59:37,356 [INFO] [client-0] Round 12 — training locally…
2026-09-29 07:59:37,518 [INFO] [client-0] Round 12 — sending update…
2026-09-29 07:59:37,521 [INFO] recv 13933B via direct in 525ms
2026-09-29 07:59:37,524 [INFO] [client-2] Round 12 — training locally…
2026-09-29 07:59:37,651 [INFO] [client-2] Round 12 — sending update…
2026-09-29 07:59:37,677 [INFO] send 13933B via direct in 2271ms (0.05 Mbit/s) to 036b1b4b140bb74f
2026-09-29 07:59:37,679 [INFO] send 13933B via direct in 2270ms (0.05 Mbit/s) to 806e2409b3a9c352
2026-09-29 07:59:37,681 [INFO] send 13933B via direct in 2269ms (0.05 Mbit/s) to 84c2221a49ef495c
2026-09-29 07:59:37,682 [INFO] send 13933B via direct in 2269ms (0.05 Mbit/s) to 5b2565cbdf3ab25a
2026-09-29 07:59:37,683 [INFO] send 13933B via direct in 2268ms (0.05 Mbit/s) to ab2234c13229e5d9
2026-09-29 07:59:37,684 [INFO] send 13933B via direct in 2268ms (0.05 Mbit/s) to 74c1e6be1ef45f1d
2026-09-29 07:59:37,685 [INFO] send 13933B via direct in 2268ms (0.05 Mbit/s) to 38c2bf098350daa0
2026-09-29 07:59:37,688 [INFO] send 13933B via direct in 2269ms (0.05 Mbit/s) to 42724f4f7d4ccb28
2026-09-29 07:59:37,689 [INFO] send 13933B via direct in 2267ms (0.05 Mbit/s) to eb78e61c5797b964
2026-09-29 07:59:37,690 [INFO] send 13933B via direct in 2264ms (0.05 Mbit/s) to 4350fdf90266c46e
2026-09-29 07:59:37,691 [INFO] recv 13933B via direct in 1698ms
2026-09-29 07:59:37,694 [INFO] [client-7] Round 12 — training locally…
2026-09-29 07:59:37,828 [INFO] [client-7] Round 12 — sending update…
2026-09-29 07:59:37,830 [INFO] Round 12 — waiting for 10 updates…
2026-09-29 07:59:38,174 [INFO] recv 13933B via direct in 510ms
2026-09-29 07:59:38,195 [INFO] recv 13933B via direct in 531ms
2026-09-29 07:59:38,209 [INFO] recv 13933B via direct in 546ms
2026-09-29 07:59:38,229 [INFO] recv 13933B via direct in 566ms
2026-09-29 07:59:38,281 [INFO] recv 13933B via direct in 616ms
2026-09-29 07:59:38,289 [INFO] recv 13933B via direct in 619ms
2026-09-29 07:59:38,302 [INFO] recv 13933B via direct in 640ms
2026-09-29 07:59:38,338 [INFO] recv 13933B via direct in 674ms
2026-09-29 07:59:38,354 [INFO] send 13933B via direct in 832ms (0.13 Mbit/s) to 0220ec4e2c8256ee
2026-09-29 07:59:38,409 [INFO] [client-0] Round 12 done — loss=1.0497 acc=0.4666  3.1s
2026-09-29 07:59:38,410 [INFO] [client-0] Round 13 — receiving model…
2026-09-29 07:59:38,412 [INFO] send 13933B via direct in 1914ms (0.06 Mbit/s) to 0220ec4e2c8256ee
2026-09-29 07:59:38,440 [INFO] [client-1] Round 12 done — loss=1.0585 acc=0.4234  3.4s
2026-09-29 07:59:38,441 [INFO] [client-1] Round 13 — receiving model…
2026-09-29 07:59:38,442 [INFO] send 13933B via direct in 1747ms (0.06 Mbit/s) to 0220ec4e2c8256ee
2026-09-29 07:59:38,469 [INFO] [client-5] Round 12 done — loss=0.9750 acc=0.5553  3.2s
2026-09-29 07:59:38,470 [INFO] [client-5] Round 13 — receiving model…
2026-09-29 07:59:38,472 [INFO] send 13933B via direct in 1578ms (0.07 Mbit/s) to 0220ec4e2c8256ee
2026-09-29 07:59:38,495 [INFO] [client-8] Round 12 done — loss=0.7687 acc=0.7081  3.6s
2026-09-29 07:59:38,496 [INFO] [client-8] Round 13 — receiving model…
2026-09-29 07:59:38,502 [INFO] send 13933B via direct in 1546ms (0.07 Mbit/s) to 0220ec4e2c8256ee
2026-09-29 07:59:38,537 [INFO] [client-9] Round 12 done — loss=1.0121 acc=0.5165  3.4s
2026-09-29 07:59:38,538 [INFO] [client-9] Round 13 — receiving model…
2026-09-29 07:59:38,540 [INFO] send 13933B via direct in 1395ms (0.08 Mbit/s) to 0220ec4e2c8256ee
2026-09-29 07:59:38,570 [INFO] [client-3] Round 12 done — loss=1.0442 acc=0.4488  3.3s
2026-09-29 07:59:38,572 [INFO] [client-3] Round 13 — receiving model…
2026-09-29 07:59:38,574 [INFO] send 13933B via direct in 1282ms (0.09 Mbit/s) to 0220ec4e2c8256ee
2026-09-29 07:59:38,604 [INFO] [client-6] Round 12 done — loss=1.0173 acc=0.4872  3.5s
2026-09-29 07:59:38,606 [INFO] [client-6] Round 13 — receiving model…
2026-09-29 07:59:38,607 [INFO] send 13933B via direct in 1153ms (0.10 Mbit/s) to 0220ec4e2c8256ee
2026-09-29 07:59:38,642 [INFO] [client-4] Round 12 done — loss=1.0102 acc=0.4966  3.6s
2026-09-29 07:59:38,643 [INFO] [client-4] Round 13 — receiving model…
2026-09-29 07:59:38,645 [INFO] send 13933B via direct in 847ms (0.13 Mbit/s) to 0220ec4e2c8256ee
2026-09-29 07:59:38,675 [INFO] [client-2] Round 12 done — loss=0.9697 acc=0.5258  3.5s
2026-09-29 07:59:38,676 [INFO] [client-2] Round 13 — receiving model…
2026-09-29 07:59:38,678 [INFO] recv 13933B via direct in 386ms
2026-09-29 07:59:38,683 [INFO] recv 13933B via direct in 291ms
2026-09-29 07:59:38,710 [INFO] Round 12/20  acc=0.4656  loss=1.0606  3.3s  clients=10
2026-09-29 07:59:38,711 [INFO] Round 13 — sending model to 10 clients…
2026-09-29 07:59:38,722 [INFO] send 13933B via direct in 848ms (0.13 Mbit/s) to 0220ec4e2c8256ee
2026-09-29 07:59:38,744 [INFO] [client-7] Round 12 done — loss=1.0308 acc=0.4464  3.8s
2026-09-29 07:59:38,746 [INFO] [client-7] Round 13 — receiving model…
2026-09-29 07:59:39,489 [INFO] recv 13933B via direct in 649ms
2026-09-29 07:59:39,501 [INFO] [client-5] Round 13 — training locally…
2026-09-29 07:59:39,802 [INFO] [client-5] Round 13 — sending update…
2026-09-29 07:59:39,813 [INFO] send 13933B via direct in 1092ms (0.10 Mbit/s) to 42724f4f7d4ccb28
2026-09-29 07:59:39,814 [INFO] send 13933B via direct in 1090ms (0.10 Mbit/s) to eb78e61c5797b964
2026-09-29 07:59:39,817 [INFO] send 13933B via direct in 1091ms (0.10 Mbit/s) to ab2234c13229e5d9
2026-09-29 07:59:39,819 [INFO] recv 13933B via direct in 918ms
2026-09-29 07:59:39,821 [INFO] [client-6] Round 13 — training locally…
2026-09-29 07:59:39,955 [INFO] [client-6] Round 13 — sending update…
2026-09-29 07:59:39,957 [INFO] recv 13933B via direct in 866ms
2026-09-29 07:59:39,961 [INFO] [client-2] Round 13 — training locally…
2026-09-29 07:59:40,136 [INFO] [client-2] Round 13 — sending update…
2026-09-29 07:59:40,140 [INFO] recv 13933B via direct in 821ms
2026-09-29 07:59:40,145 [INFO] [client-9] Round 13 — training locally…
2026-09-29 07:59:40,317 [INFO] [client-9] Round 13 — sending update…
2026-09-29 07:59:40,321 [INFO] recv 13933B via direct in 776ms
2026-09-29 07:59:40,324 [INFO] [client-1] Round 13 — training locally…
2026-09-29 07:59:40,479 [INFO] [client-1] Round 13 — sending update…
2026-09-29 07:59:40,482 [INFO] recv 13933B via direct in 725ms
2026-09-29 07:59:40,486 [INFO] [client-4] Round 13 — training locally…
2026-09-29 07:59:40,638 [INFO] [client-4] Round 13 — sending update…
2026-09-29 07:59:40,641 [INFO] recv 13933B via direct in 680ms
2026-09-29 07:59:40,643 [INFO] [client-8] Round 13 — training locally…
2026-09-29 07:59:40,855 [INFO] [client-8] Round 13 — sending update…
2026-09-29 07:59:40,858 [INFO] recv 13933B via direct in 628ms
2026-09-29 07:59:40,861 [INFO] [client-0] Round 13 — training locally…
2026-09-29 07:59:40,960 [INFO] [client-0] Round 13 — sending update…
2026-09-29 07:59:40,964 [INFO] recv 13933B via direct in 576ms
2026-09-29 07:59:40,966 [INFO] [client-7] Round 13 — training locally…
2026-09-29 07:59:41,095 [INFO] [client-7] Round 13 — sending update…
2026-09-29 07:59:41,098 [INFO] recv 13933B via direct in 531ms
2026-09-29 07:59:41,101 [INFO] [client-3] Round 13 — training locally…
2026-09-29 07:59:41,216 [INFO] [client-3] Round 13 — sending update…
2026-09-29 07:59:41,218 [INFO] send 13933B via direct in 1096ms (0.10 Mbit/s) to 84c2221a49ef495c
2026-09-29 07:59:41,241 [INFO] send 13933B via direct in 2504ms (0.04 Mbit/s) to 036b1b4b140bb74f
2026-09-29 07:59:41,243 [INFO] send 13933B via direct in 2503ms (0.04 Mbit/s) to 74c1e6be1ef45f1d
2026-09-29 07:59:41,244 [INFO] send 13933B via direct in 2503ms (0.04 Mbit/s) to 806e2409b3a9c352
2026-09-29 07:59:41,246 [INFO] send 13933B via direct in 2503ms (0.04 Mbit/s) to 38c2bf098350daa0
2026-09-29 07:59:41,247 [INFO] send 13933B via direct in 2502ms (0.04 Mbit/s) to 4350fdf90266c46e
2026-09-29 07:59:41,248 [INFO] send 13933B via direct in 2502ms (0.04 Mbit/s) to 5b2565cbdf3ab25a
2026-09-29 07:59:41,249 [INFO] Round 13 — waiting for 10 updates…
2026-09-29 07:59:41,780 [INFO] recv 13933B via direct in 552ms
2026-09-29 07:59:41,804 [INFO] recv 13933B via direct in 575ms
2026-09-29 07:59:41,840 [INFO] recv 13933B via direct in 602ms
2026-09-29 07:59:41,850 [INFO] recv 13933B via direct in 624ms
2026-09-29 07:59:41,859 [INFO] recv 13933B via direct in 633ms
2026-09-29 07:59:41,882 [INFO] recv 13933B via direct in 656ms
2026-09-29 07:59:41,904 [INFO] recv 13933B via direct in 677ms
2026-09-29 07:59:41,937 [INFO] recv 13933B via direct in 710ms
2026-09-29 07:59:41,959 [INFO] recv 13933B via direct in 731ms
2026-09-29 07:59:41,988 [INFO] send 13933B via direct in 881ms (0.13 Mbit/s) to 0220ec4e2c8256ee
2026-09-29 07:59:42,086 [INFO] [client-7] Round 13 done — loss=1.0297 acc=0.4406  3.3s
2026-09-29 07:59:42,088 [INFO] [client-7] Round 14 — receiving model…
2026-09-29 07:59:42,089 [INFO] send 13933B via direct in 2176ms (0.05 Mbit/s) to 0220ec4e2c8256ee
2026-09-29 07:59:42,119 [INFO] [client-5] Round 13 done — loss=0.9657 acc=0.5587  3.6s
2026-09-29 07:59:42,120 [INFO] [client-5] Round 14 — receiving model…
2026-09-29 07:59:42,122 [INFO] send 13933B via direct in 1841ms (0.06 Mbit/s) to 0220ec4e2c8256ee
2026-09-29 07:59:42,161 [INFO] [client-2] Round 13 done — loss=0.9581 acc=0.5254  3.5s
2026-09-29 07:59:42,163 [INFO] [client-2] Round 14 — receiving model…
2026-09-29 07:59:42,164 [INFO] send 13933B via direct in 2024ms (0.06 Mbit/s) to 0220ec4e2c8256ee
2026-09-29 07:59:42,206 [INFO] [client-6] Round 13 done — loss=1.0119 acc=0.4927  3.6s
2026-09-29 07:59:42,207 [INFO] [client-6] Round 14 — receiving model…
2026-09-29 07:59:42,209 [INFO] send 13933B via direct in 1663ms (0.07 Mbit/s) to 0220ec4e2c8256ee
2026-09-29 07:59:42,250 [INFO] [client-9] Round 13 done — loss=1.0048 acc=0.5309  3.7s
2026-09-29 07:59:42,251 [INFO] [client-9] Round 14 — receiving model…
2026-09-29 07:59:42,253 [INFO] send 13933B via direct in 1503ms (0.07 Mbit/s) to 0220ec4e2c8256ee
2026-09-29 07:59:42,279 [INFO] [client-1] Round 13 done — loss=1.0576 acc=0.4341  3.8s
2026-09-29 07:59:42,280 [INFO] [client-1] Round 14 — receiving model…
2026-09-29 07:59:42,281 [INFO] send 13933B via direct in 1345ms (0.08 Mbit/s) to 0220ec4e2c8256ee
2026-09-29 07:59:42,305 [INFO] [client-4] Round 13 done — loss=1.0108 acc=0.4907  3.7s
2026-09-29 07:59:42,306 [INFO] [client-4] Round 14 — receiving model…
2026-09-29 07:59:42,309 [INFO] send 13933B via direct in 1450ms (0.08 Mbit/s) to 0220ec4e2c8256ee
2026-09-29 07:59:42,330 [INFO] [client-8] Round 13 done — loss=0.7643 acc=0.7133  3.8s
2026-09-29 07:59:42,331 [INFO] [client-8] Round 14 — receiving model…
2026-09-29 07:59:42,332 [INFO] send 13933B via direct in 1344ms (0.08 Mbit/s) to 0220ec4e2c8256ee
2026-09-29 07:59:42,358 [INFO] [client-0] Round 13 done — loss=1.0546 acc=0.4531  3.9s
2026-09-29 07:59:42,359 [INFO] [client-0] Round 14 — receiving model…
2026-09-29 07:59:42,361 [INFO] send 13933B via direct in 1090ms (0.10 Mbit/s) to 0220ec4e2c8256ee
2026-09-29 07:59:42,384 [INFO] [client-3] Round 13 done — loss=1.0460 acc=0.4560  3.8s
2026-09-29 07:59:42,385 [INFO] [client-3] Round 14 — receiving model…
2026-09-29 07:59:42,386 [INFO] recv 13933B via direct in 586ms
2026-09-29 07:59:42,408 [INFO] Round 13/20  acc=0.4693  loss=1.0589  3.7s  clients=10
2026-09-29 07:59:42,409 [INFO] Round 14 — sending model to 10 clients…
2026-09-29 07:59:43,195 [INFO] recv 13933B via direct in 654ms
2026-09-29 07:59:43,214 [INFO] [client-0] Round 14 — training locally…
2026-09-29 07:59:43,393 [INFO] [client-0] Round 14 — sending update…
2026-09-29 07:59:43,402 [INFO] recv 13933B via direct in 798ms
2026-09-29 07:59:43,405 [INFO] [client-4] Round 14 — training locally…
2026-09-29 07:59:43,570 [INFO] [client-4] Round 14 — sending update…
2026-09-29 07:59:43,574 [INFO] recv 13933B via direct in 850ms
2026-09-29 07:59:43,578 [INFO] [client-2] Round 14 — training locally…
2026-09-29 07:59:43,717 [INFO] [client-2] Round 14 — sending update…
2026-09-29 07:59:43,720 [INFO] recv 13933B via direct in 704ms
2026-09-29 07:59:43,723 [INFO] [client-7] Round 14 — training locally…
2026-09-29 07:59:43,878 [INFO] [client-7] Round 14 — sending update…
2026-09-29 07:59:43,883 [INFO] recv 13933B via direct in 656ms
2026-09-29 07:59:43,887 [INFO] [client-8] Round 14 — training locally…
2026-09-29 07:59:44,033 [INFO] [client-8] Round 14 — sending update…
2026-09-29 07:59:44,036 [INFO] recv 13933B via direct in 608ms
2026-09-29 07:59:44,039 [INFO] [client-9] Round 14 — training locally…
2026-09-29 07:59:44,168 [INFO] [client-9] Round 14 — sending update…
2026-09-29 07:59:44,172 [INFO] recv 13933B via direct in 563ms
2026-09-29 07:59:44,178 [INFO] [client-3] Round 14 — training locally…
2026-09-29 07:59:44,305 [INFO] [client-3] Round 14 — sending update…
2026-09-29 07:59:44,328 [INFO] send 13933B via direct in 1897ms (0.06 Mbit/s) to 38c2bf098350daa0
2026-09-29 07:59:44,330 [INFO] send 13933B via direct in 1894ms (0.06 Mbit/s) to eb78e61c5797b964
2026-09-29 07:59:44,331 [INFO] send 13933B via direct in 1893ms (0.06 Mbit/s) to 74c1e6be1ef45f1d
2026-09-29 07:59:44,332 [INFO] send 13933B via direct in 1892ms (0.06 Mbit/s) to 4350fdf90266c46e
2026-09-29 07:59:44,334 [INFO] send 13933B via direct in 1890ms (0.06 Mbit/s) to 5b2565cbdf3ab25a
2026-09-29 07:59:44,335 [INFO] send 13933B via direct in 1890ms (0.06 Mbit/s) to 42724f4f7d4ccb28
2026-09-29 07:59:44,337 [INFO] send 13933B via direct in 1890ms (0.06 Mbit/s) to ab2234c13229e5d9
2026-09-29 07:59:44,338 [INFO] send 13933B via direct in 1889ms (0.06 Mbit/s) to 036b1b4b140bb74f
2026-09-29 07:59:44,340 [INFO] send 13933B via direct in 1891ms (0.06 Mbit/s) to 806e2409b3a9c352
2026-09-29 07:59:44,341 [INFO] send 13933B via direct in 1891ms (0.06 Mbit/s) to 84c2221a49ef495c
2026-09-29 07:59:44,343 [INFO] recv 13933B via direct in 1432ms
2026-09-29 07:59:44,345 [INFO] [client-5] Round 14 — training locally…
2026-09-29 07:59:44,531 [INFO] [client-5] Round 14 — sending update…
2026-09-29 07:59:44,534 [INFO] recv 13933B via direct in 1385ms
2026-09-29 07:59:44,538 [INFO] [client-6] Round 14 — training locally…
2026-09-29 07:59:44,669 [INFO] [client-6] Round 14 — sending update…
2026-09-29 07:59:44,671 [INFO] recv 13933B via direct in 1341ms
2026-09-29 07:59:44,674 [INFO] [client-1] Round 14 — training locally…
2026-09-29 07:59:44,788 [INFO] [client-1] Round 14 — sending update…
2026-09-29 07:59:44,791 [INFO] Round 14 — waiting for 10 updates…
2026-09-29 07:59:44,803 [INFO] recv 13933B via direct in 487ms
2026-09-29 07:59:44,805 [INFO] recv 13933B via direct in 487ms
2026-09-29 07:59:44,807 [INFO] recv 13933B via direct in 487ms
2026-09-29 07:59:44,809 [INFO] recv 13933B via direct in 487ms
2026-09-29 07:59:44,811 [INFO] recv 13933B via direct in 487ms
2026-09-29 07:59:44,814 [INFO] recv 13933B via direct in 488ms
2026-09-29 07:59:44,818 [INFO] send 13933B via direct in 646ms (0.17 Mbit/s) to 0220ec4e2c8256ee
2026-09-29 07:59:44,840 [INFO] [client-9] Round 14 done — loss=1.0091 acc=0.5270  2.6s
2026-09-29 07:59:44,841 [INFO] [client-9] Round 15 — receiving model…
2026-09-29 07:59:44,843 [INFO] send 13933B via direct in 1422ms (0.08 Mbit/s) to 0220ec4e2c8256ee
2026-09-29 07:59:44,869 [INFO] [client-0] Round 14 done — loss=1.0505 acc=0.4661  2.5s
2026-09-29 07:59:44,891 [INFO] [client-0] Round 15 — receiving model…
2026-09-29 07:59:44,893 [INFO] send 13933B via direct in 1244ms (0.09 Mbit/s) to 0220ec4e2c8256ee
2026-09-29 07:59:44,927 [INFO] [client-4] Round 14 done — loss=1.0138 acc=0.4942  2.6s
2026-09-29 07:59:44,929 [INFO] [client-4] Round 15 — receiving model…
2026-09-29 07:59:44,930 [INFO] send 13933B via direct in 1097ms (0.10 Mbit/s) to 0220ec4e2c8256ee
2026-09-29 07:59:44,957 [INFO] [client-2] Round 14 done — loss=0.9634 acc=0.5337  2.8s
2026-09-29 07:59:44,959 [INFO] [client-2] Round 15 — receiving model…
2026-09-29 07:59:44,960 [INFO] send 13933B via direct in 936ms (0.12 Mbit/s) to 0220ec4e2c8256ee
2026-09-29 07:59:44,986 [INFO] [client-7] Round 14 done — loss=1.0279 acc=0.4420  2.9s
2026-09-29 07:59:44,987 [INFO] [client-7] Round 15 — receiving model…
2026-09-29 07:59:44,998 [INFO] send 13933B via direct in 954ms (0.12 Mbit/s) to 0220ec4e2c8256ee
2026-09-29 07:59:45,020 [INFO] [client-8] Round 14 done — loss=0.7537 acc=0.7126  2.7s
2026-09-29 07:59:45,022 [INFO] [client-8] Round 15 — receiving model…
2026-09-29 07:59:45,048 [INFO] recv 13933B via direct in 254ms
2026-09-29 07:59:45,064 [INFO] recv 13933B via direct in 74ms
2026-09-29 07:59:45,183 [INFO] send 13933B via direct in 875ms (0.13 Mbit/s) to 0220ec4e2c8256ee
2026-09-29 07:59:45,252 [INFO] [client-3] Round 14 done — loss=1.0414 acc=0.4530  2.9s
2026-09-29 07:59:45,254 [INFO] [client-3] Round 15 — receiving model…
2026-09-29 07:59:45,258 [INFO] send 13933B via direct in 722ms (0.15 Mbit/s) to 0220ec4e2c8256ee
2026-09-29 07:59:45,294 [INFO] [client-5] Round 14 done — loss=0.9742 acc=0.5556  3.2s
2026-09-29 07:59:45,296 [INFO] [client-5] Round 15 — receiving model…
2026-09-29 07:59:45,298 [INFO] recv 13933B via direct in 234ms
2026-09-29 07:59:45,301 [INFO] recv 13933B via direct in 231ms
2026-09-29 07:59:45,336 [INFO] Round 14/20  acc=0.4687  loss=1.0620  2.9s  clients=10
2026-09-29 07:59:45,337 [INFO] Round 15 — sending model to 10 clients…
2026-09-29 07:59:45,350 [INFO] send 13933B via direct in 511ms (0.22 Mbit/s) to 0220ec4e2c8256ee
2026-09-29 07:59:45,376 [INFO] [client-1] Round 14 done — loss=1.0608 acc=0.4176  3.1s
2026-09-29 07:59:45,377 [INFO] [client-1] Round 15 — receiving model…
2026-09-29 07:59:45,378 [INFO] send 13933B via direct in 631ms (0.18 Mbit/s) to 0220ec4e2c8256ee
2026-09-29 07:59:45,408 [INFO] [client-6] Round 14 done — loss=1.0124 acc=0.4910  3.2s
2026-09-29 07:59:45,409 [INFO] [client-6] Round 15 — receiving model…
2026-09-29 07:59:46,119 [INFO] recv 13933B via direct in 654ms
2026-09-29 07:59:46,124 [INFO] [client-1] Round 15 — training locally…
2026-09-29 07:59:46,308 [INFO] [client-1] Round 15 — sending update…
2026-09-29 07:59:46,316 [INFO] recv 13933B via direct in 785ms
2026-09-29 07:59:46,319 [INFO] [client-0] Round 15 — training locally…
2026-09-29 07:59:46,419 [INFO] [client-0] Round 15 — sending update…
2026-09-29 07:59:46,421 [INFO] recv 13933B via direct in 837ms
2026-09-29 07:59:46,425 [INFO] [client-3] Round 15 — training locally…
2026-09-29 07:59:46,591 [INFO] [client-3] Round 15 — sending update…
2026-09-29 07:59:46,595 [INFO] recv 13933B via direct in 694ms
2026-09-29 07:59:46,598 [INFO] [client-7] Round 15 — training locally…
2026-09-29 07:59:46,789 [INFO] [client-7] Round 15 — sending update…
2026-09-29 07:59:46,793 [INFO] recv 13933B via direct in 649ms
2026-09-29 07:59:46,797 [INFO] [client-9] Round 15 — training locally…
2026-09-29 07:59:46,922 [INFO] [client-9] Round 15 — sending update…
2026-09-29 07:59:46,925 [INFO] recv 13933B via direct in 599ms
2026-09-29 07:59:46,929 [INFO] [client-2] Round 15 — training locally…
2026-09-29 07:59:47,052 [INFO] [client-2] Round 15 — sending update…
2026-09-29 07:59:47,055 [INFO] recv 13933B via direct in 555ms
2026-09-29 07:59:47,058 [INFO] [client-8] Round 15 — training locally…
2026-09-29 07:59:47,185 [INFO] [client-8] Round 15 — sending update…
2026-09-29 07:59:47,209 [INFO] send 13933B via direct in 1852ms (0.06 Mbit/s) to 036b1b4b140bb74f
2026-09-29 07:59:47,210 [INFO] send 13933B via direct in 1850ms (0.06 Mbit/s) to 5b2565cbdf3ab25a
2026-09-29 07:59:47,212 [INFO] send 13933B via direct in 1850ms (0.06 Mbit/s) to 38c2bf098350daa0
2026-09-29 07:59:47,212 [INFO] send 13933B via direct in 1849ms (0.06 Mbit/s) to 4350fdf90266c46e
2026-09-29 07:59:47,213 [INFO] send 13933B via direct in 1846ms (0.06 Mbit/s) to 806e2409b3a9c352
2026-09-29 07:59:47,214 [INFO] send 13933B via direct in 1845ms (0.06 Mbit/s) to 42724f4f7d4ccb28
2026-09-29 07:59:47,216 [INFO] send 13933B via direct in 1845ms (0.06 Mbit/s) to 74c1e6be1ef45f1d
2026-09-29 07:59:47,217 [INFO] send 13933B via direct in 1848ms (0.06 Mbit/s) to 84c2221a49ef495c
2026-09-29 07:59:47,218 [INFO] send 13933B via direct in 1847ms (0.06 Mbit/s) to eb78e61c5797b964
2026-09-29 07:59:47,220 [INFO] send 13933B via direct in 1844ms (0.06 Mbit/s) to ab2234c13229e5d9
2026-09-29 07:59:47,221 [INFO] recv 13933B via direct in 1390ms
2026-09-29 07:59:47,223 [INFO] [client-5] Round 15 — training locally…
2026-09-29 07:59:47,353 [INFO] [client-5] Round 15 — sending update…
2026-09-29 07:59:47,355 [INFO] recv 13933B via direct in 1345ms
2026-09-29 07:59:47,360 [INFO] [client-4] Round 15 — training locally…
2026-09-29 07:59:47,488 [INFO] [client-4] Round 15 — sending update…
2026-09-29 07:59:47,491 [INFO] recv 13933B via direct in 1293ms
2026-09-29 07:59:47,493 [INFO] [client-6] Round 15 — training locally…
2026-09-29 07:59:47,632 [INFO] [client-6] Round 15 — sending update…
2026-09-29 07:59:47,636 [INFO] Round 15 — waiting for 10 updates…
2026-09-29 07:59:47,646 [INFO] recv 13933B via direct in 450ms
2026-09-29 07:59:47,649 [INFO] recv 13933B via direct in 450ms
2026-09-29 07:59:47,651 [INFO] recv 13933B via direct in 450ms
2026-09-29 07:59:47,654 [INFO] recv 13933B via direct in 451ms
2026-09-29 07:59:47,659 [INFO] recv 13933B via direct in 464ms
2026-09-29 07:59:47,682 [INFO] recv 13933B via direct in 486ms
2026-09-29 07:59:47,695 [INFO] send 13933B via direct in 1384ms (0.08 Mbit/s) to 0220ec4e2c8256ee
2026-09-29 07:59:47,726 [INFO] [client-1] Round 15 done — loss=1.0594 acc=0.4238  2.3s
2026-09-29 07:59:47,728 [INFO] [client-1] Round 16 — receiving model…
2026-09-29 07:59:47,730 [INFO] send 13933B via direct in 1274ms (0.09 Mbit/s) to 0220ec4e2c8256ee
2026-09-29 07:59:47,760 [INFO] [client-0] Round 15 done — loss=1.0524 acc=0.4592  2.9s
2026-09-29 07:59:47,761 [INFO] [client-0] Round 16 — receiving model…
2026-09-29 07:59:47,763 [INFO] send 13933B via direct in 1168ms (0.10 Mbit/s) to 0220ec4e2c8256ee
2026-09-29 07:59:47,783 [INFO] [client-3] Round 15 done — loss=1.0431 acc=0.4540  2.5s
2026-09-29 07:59:47,784 [INFO] [client-3] Round 16 — receiving model…
2026-09-29 07:59:47,785 [INFO] send 13933B via direct in 970ms (0.12 Mbit/s) to 0220ec4e2c8256ee
2026-09-29 07:59:47,813 [INFO] [client-7] Round 15 done — loss=1.0315 acc=0.4368  2.8s
2026-09-29 07:59:47,814 [INFO] [client-7] Round 16 — receiving model…
2026-09-29 07:59:47,817 [INFO] send 13933B via direct in 891ms (0.13 Mbit/s) to 0220ec4e2c8256ee
2026-09-29 07:59:47,841 [INFO] [client-9] Round 15 done — loss=1.0123 acc=0.5204  3.0s
2026-09-29 07:59:47,843 [INFO] [client-9] Round 16 — receiving model…
2026-09-29 07:59:47,846 [INFO] send 13933B via direct in 790ms (0.14 Mbit/s) to 0220ec4e2c8256ee
2026-09-29 07:59:47,874 [INFO] [client-2] Round 15 done — loss=0.9615 acc=0.5189  2.9s
2026-09-29 07:59:47,875 [INFO] [client-2] Round 16 — receiving model…
2026-09-29 07:59:47,972 [INFO] recv 13933B via direct in 330ms
2026-09-29 07:59:48,016 [INFO] recv 13933B via direct in 251ms
2026-09-29 07:59:48,059 [INFO] recv 13933B via direct in 236ms
2026-09-29 07:59:48,150 [INFO] send 13933B via direct in 947ms (0.12 Mbit/s) to 0220ec4e2c8256ee
2026-09-29 07:59:48,353 [INFO] [client-8] Round 15 done — loss=0.7683 acc=0.7133  3.3s
2026-09-29 07:59:48,368 [INFO] [client-8] Round 16 — receiving model…
2026-09-29 07:59:48,371 [INFO] send 13933B via direct in 781ms (0.14 Mbit/s) to 0220ec4e2c8256ee
2026-09-29 07:59:48,445 [INFO] [client-5] Round 15 done — loss=0.9781 acc=0.5553  3.1s
2026-09-29 07:59:48,446 [INFO] [client-5] Round 16 — receiving model…
2026-09-29 07:59:48,447 [INFO] send 13933B via direct in 647ms (0.17 Mbit/s) to 0220ec4e2c8256ee
2026-09-29 07:59:48,479 [INFO] [client-4] Round 15 done — loss=1.0113 acc=0.4990  3.5s
2026-09-29 07:59:48,480 [INFO] [client-4] Round 16 — receiving model…
2026-09-29 07:59:48,482 [INFO] send 13933B via direct in 506ms (0.22 Mbit/s) to 0220ec4e2c8256ee
2026-09-29 07:59:48,510 [INFO] [client-6] Round 15 done — loss=1.0130 acc=0.4951  3.1s
2026-09-29 07:59:48,511 [INFO] [client-6] Round 16 — receiving model…
2026-09-29 07:59:48,511 [INFO] recv 13933B via direct in 199ms
2026-09-29 07:59:48,540 [INFO] Round 15/20  acc=0.4732  loss=1.0537  3.2s  clients=10
2026-09-29 07:59:48,541 [INFO] Round 16 — sending model to 10 clients…
2026-09-29 07:59:49,373 [INFO] recv 13933B via direct in 702ms
2026-09-29 07:59:49,388 [INFO] [client-8] Round 16 — training locally…
2026-09-29 07:59:49,629 [INFO] [client-8] Round 16 — sending update…
2026-09-29 07:59:49,639 [INFO] recv 13933B via direct in 902ms
2026-09-29 07:59:49,643 [INFO] [client-3] Round 16 — training locally…
2026-09-29 07:59:49,790 [INFO] [client-3] Round 16 — sending update…
2026-09-29 07:59:49,795 [INFO] recv 13933B via direct in 954ms
2026-09-29 07:59:49,800 [INFO] [client-1] Round 16 — training locally…
2026-09-29 07:59:49,952 [INFO] [client-1] Round 16 — sending update…
2026-09-29 07:59:49,956 [INFO] recv 13933B via direct in 852ms
2026-09-29 07:59:49,958 [INFO] [client-5] Round 16 — training locally…
2026-09-29 07:59:50,108 [INFO] [client-5] Round 16 — sending update…
2026-09-29 07:59:50,112 [INFO] recv 13933B via direct in 800ms
2026-09-29 07:59:50,117 [INFO] [client-2] Round 16 — training locally…
2026-09-29 07:59:50,259 [INFO] [client-2] Round 16 — sending update…
2026-09-29 07:59:50,262 [INFO] recv 13933B via direct in 749ms
2026-09-29 07:59:50,266 [INFO] [client-6] Round 16 — training locally…
2026-09-29 07:59:50,427 [INFO] [client-6] Round 16 — sending update…
2026-09-29 07:59:50,431 [INFO] recv 13933B via direct in 697ms
2026-09-29 07:59:50,434 [INFO] [client-4] Round 16 — training locally…
2026-09-29 07:59:50,591 [INFO] [client-4] Round 16 — sending update…
2026-09-29 07:59:50,595 [INFO] recv 13933B via direct in 606ms
2026-09-29 07:59:50,598 [INFO] [client-9] Round 16 — training locally…
2026-09-29 07:59:50,716 [INFO] [client-9] Round 16 — sending update…
2026-09-29 07:59:50,719 [INFO] recv 13933B via direct in 556ms
2026-09-29 07:59:50,722 [INFO] [client-0] Round 16 — training locally…
2026-09-29 07:59:50,838 [INFO] [client-0] Round 16 — sending update…
2026-09-29 07:59:50,840 [INFO] recv 13933B via direct in 538ms
2026-09-29 07:59:50,843 [INFO] [client-7] Round 16 — training locally…
2026-09-29 07:59:50,952 [INFO] [client-7] Round 16 — sending update…
2026-09-29 07:59:50,979 [INFO] send 13933B via direct in 2414ms (0.05 Mbit/s) to 806e2409b3a9c352
2026-09-29 07:59:50,981 [INFO] send 13933B via direct in 2412ms (0.05 Mbit/s) to 036b1b4b140bb74f
2026-09-29 07:59:50,983 [INFO] send 13933B via direct in 2411ms (0.05 Mbit/s) to 42724f4f7d4ccb28
2026-09-29 07:59:50,984 [INFO] send 13933B via direct in 2411ms (0.05 Mbit/s) to eb78e61c5797b964
2026-09-29 07:59:50,985 [INFO] send 13933B via direct in 2410ms (0.05 Mbit/s) to ab2234c13229e5d9
2026-09-29 07:59:50,986 [INFO] send 13933B via direct in 2410ms (0.05 Mbit/s) to 74c1e6be1ef45f1d
2026-09-29 07:59:50,986 [INFO] send 13933B via direct in 2409ms (0.05 Mbit/s) to 84c2221a49ef495c
2026-09-29 07:59:50,987 [INFO] send 13933B via direct in 2409ms (0.05 Mbit/s) to 38c2bf098350daa0
2026-09-29 07:59:50,988 [INFO] send 13933B via direct in 2408ms (0.05 Mbit/s) to 4350fdf90266c46e
2026-09-29 07:59:50,989 [INFO] send 13933B via direct in 2411ms (0.05 Mbit/s) to 5b2565cbdf3ab25a
2026-09-29 07:59:50,990 [INFO] Round 16 — waiting for 10 updates…
2026-09-29 07:59:51,536 [INFO] recv 13933B via direct in 571ms
2026-09-29 07:59:51,553 [INFO] recv 13933B via direct in 589ms
2026-09-29 07:59:51,561 [INFO] recv 13933B via direct in 598ms
2026-09-29 07:59:51,599 [INFO] recv 13933B via direct in 634ms
2026-09-29 07:59:51,619 [INFO] recv 13933B via direct in 655ms
2026-09-29 07:59:51,643 [INFO] recv 13933B via direct in 677ms
2026-09-29 07:59:51,660 [INFO] recv 13933B via direct in 695ms
2026-09-29 07:59:51,681 [INFO] recv 13933B via direct in 715ms
2026-09-29 07:59:51,714 [INFO] send 13933B via direct in 1915ms (0.06 Mbit/s) to 0220ec4e2c8256ee
2026-09-29 07:59:52,602 [INFO] [client-3] Round 16 done — loss=1.0435 acc=0.4543  4.0s
2026-09-29 07:59:52,603 [INFO] [client-3] Round 17 — receiving model…
2026-09-29 07:59:52,604 [INFO] send 13933B via direct in 2078ms (0.05 Mbit/s) to 0220ec4e2c8256ee
2026-09-29 07:59:52,635 [INFO] [client-8] Round 16 done — loss=0.7581 acc=0.7119  3.5s
2026-09-29 07:59:52,636 [INFO] [client-8] Round 17 — receiving model…
2026-09-29 07:59:52,638 [INFO] send 13933B via direct in 1756ms (0.06 Mbit/s) to 0220ec4e2c8256ee
2026-09-29 07:59:52,684 [INFO] [client-1] Round 16 done — loss=1.0590 acc=0.4269  4.2s
2026-09-29 07:59:52,685 [INFO] [client-1] Round 17 — receiving model…
2026-09-29 07:59:52,691 [INFO] recv 13933B via direct in 749ms
2026-09-29 07:59:52,696 [INFO] send 13933B via direct in 1790ms (0.06 Mbit/s) to 0220ec4e2c8256ee
2026-09-29 07:59:52,733 [INFO] [client-5] Round 16 done — loss=0.9696 acc=0.5598  3.5s
2026-09-29 07:59:52,735 [INFO] [client-5] Round 17 — receiving model…
2026-09-29 07:59:52,736 [INFO] send 13933B via direct in 1640ms (0.07 Mbit/s) to 0220ec4e2c8256ee
2026-09-29 07:59:52,782 [INFO] [client-2] Round 16 done — loss=0.9589 acc=0.5206  4.1s
2026-09-29 07:59:52,783 [INFO] [client-2] Round 17 — receiving model…
2026-09-29 07:59:52,785 [INFO] send 13933B via direct in 1471ms (0.08 Mbit/s) to 0220ec4e2c8256ee
2026-09-29 07:59:52,817 [INFO] [client-6] Round 16 done — loss=1.0124 acc=0.4851  3.5s
2026-09-29 07:59:52,818 [INFO] [client-6] Round 17 — receiving model…
2026-09-29 07:59:52,819 [INFO] send 13933B via direct in 1309ms (0.09 Mbit/s) to 0220ec4e2c8256ee
2026-09-29 07:59:52,841 [INFO] [client-4] Round 16 done — loss=1.0078 acc=0.4966  3.6s
2026-09-29 07:59:52,842 [INFO] [client-4] Round 17 — receiving model…
2026-09-29 07:59:52,843 [INFO] send 13933B via direct in 1185ms (0.09 Mbit/s) to 0220ec4e2c8256ee
2026-09-29 07:59:52,865 [INFO] [client-9] Round 16 done — loss=1.0129 acc=0.5249  4.2s
2026-09-29 07:59:52,866 [INFO] [client-9] Round 17 — receiving model…
2026-09-29 07:59:52,867 [INFO] send 13933B via direct in 1064ms (0.11 Mbit/s) to 0220ec4e2c8256ee
2026-09-29 07:59:52,901 [INFO] [client-0] Round 16 done — loss=1.0497 acc=0.4640  4.4s
2026-09-29 07:59:52,902 [INFO] [client-0] Round 17 — receiving model…
2026-09-29 07:59:52,903 [INFO] send 13933B via direct in 950ms (0.12 Mbit/s) to 0220ec4e2c8256ee
2026-09-29 07:59:52,927 [INFO] [client-7] Round 16 done — loss=1.0307 acc=0.4385  4.3s
2026-09-29 07:59:52,928 [INFO] [client-7] Round 17 — receiving model…
2026-09-29 07:59:52,930 [INFO] recv 13933B via direct in 464ms
2026-09-29 07:59:52,961 [INFO] Round 16/20  acc=0.4639  loss=1.0594  3.6s  clients=10
2026-09-29 07:59:52,962 [INFO] Round 17 — sending model to 10 clients…
2026-09-29 07:59:53,759 [INFO] recv 13933B via direct in 669ms
2026-09-29 07:59:53,766 [INFO] [client-4] Round 17 — training locally…
2026-09-29 07:59:53,964 [INFO] [client-4] Round 17 — sending update…
2026-09-29 07:59:53,976 [INFO] recv 13933B via direct in 817ms
2026-09-29 07:59:53,979 [INFO] [client-9] Round 17 — training locally…
2026-09-29 07:59:54,149 [INFO] [client-9] Round 17 — sending update…
2026-09-29 07:59:54,153 [INFO] recv 13933B via direct in 804ms
2026-09-29 07:59:54,157 [INFO] [client-6] Round 17 — training locally…
2026-09-29 07:59:54,313 [INFO] [client-6] Round 17 — sending update…
2026-09-29 07:59:54,316 [INFO] recv 13933B via direct in 870ms
2026-09-29 07:59:54,320 [INFO] [client-7] Round 17 — training locally…
2026-09-29 07:59:54,473 [INFO] [client-7] Round 17 — sending update…
2026-09-29 07:59:54,477 [INFO] recv 13933B via direct in 797ms
2026-09-29 07:59:54,480 [INFO] [client-5] Round 17 — training locally…
2026-09-29 07:59:54,616 [INFO] [client-5] Round 17 — sending update…
2026-09-29 07:59:54,620 [INFO] recv 13933B via direct in 706ms
2026-09-29 07:59:54,623 [INFO] [client-8] Round 17 — training locally…
2026-09-29 07:59:54,749 [INFO] [client-8] Round 17 — sending update…
2026-09-29 07:59:54,751 [INFO] recv 13933B via direct in 695ms
2026-09-29 07:59:54,755 [INFO] [client-2] Round 17 — training locally…
2026-09-29 07:59:54,891 [INFO] [client-2] Round 17 — sending update…
2026-09-29 07:59:54,898 [INFO] recv 13933B via direct in 524ms
2026-09-29 07:59:54,904 [INFO] [client-0] Round 17 — training locally…
2026-09-29 07:59:55,083 [INFO] [client-0] Round 17 — sending update…
2026-09-29 07:59:55,109 [INFO] send 13933B via direct in 2126ms (0.05 Mbit/s) to 74c1e6be1ef45f1d
2026-09-29 07:59:55,111 [INFO] send 13933B via direct in 2125ms (0.05 Mbit/s) to 4350fdf90266c46e
2026-09-29 07:59:55,112 [INFO] send 13933B via direct in 2124ms (0.05 Mbit/s) to 84c2221a49ef495c
2026-09-29 07:59:55,113 [INFO] send 13933B via direct in 2124ms (0.05 Mbit/s) to ab2234c13229e5d9
2026-09-29 07:59:55,115 [INFO] send 13933B via direct in 2123ms (0.05 Mbit/s) to 42724f4f7d4ccb28
2026-09-29 07:59:55,116 [INFO] send 13933B via direct in 2123ms (0.05 Mbit/s) to 806e2409b3a9c352
2026-09-29 07:59:55,117 [INFO] send 13933B via direct in 2122ms (0.05 Mbit/s) to eb78e61c5797b964
2026-09-29 07:59:55,119 [INFO] send 13933B via direct in 2122ms (0.05 Mbit/s) to 38c2bf098350daa0
2026-09-29 07:59:55,121 [INFO] send 13933B via direct in 2122ms (0.05 Mbit/s) to 036b1b4b140bb74f
2026-09-29 07:59:55,122 [INFO] send 13933B via direct in 2122ms (0.05 Mbit/s) to 5b2565cbdf3ab25a
2026-09-29 07:59:55,126 [INFO] Round 17 — waiting for 10 updates…
2026-09-29 07:59:55,128 [INFO] recv 13933B via direct in 1600ms
2026-09-29 07:59:55,130 [INFO] [client-1] Round 17 — training locally…
2026-09-29 07:59:55,255 [INFO] [client-1] Round 17 — sending update…
2026-09-29 07:59:55,258 [INFO] recv 13933B via direct in 1547ms
2026-09-29 07:59:55,260 [INFO] [client-3] Round 17 — training locally…
2026-09-29 07:59:55,374 [INFO] [client-3] Round 17 — sending update…
2026-09-29 07:59:55,550 [INFO] recv 13933B via direct in 454ms
2026-09-29 07:59:55,571 [INFO] recv 13933B via direct in 474ms
2026-09-29 07:59:55,608 [INFO] recv 13933B via direct in 512ms
2026-09-29 07:59:55,630 [INFO] recv 13933B via direct in 533ms
2026-09-29 07:59:55,653 [INFO] recv 13933B via direct in 555ms
2026-09-29 07:59:55,681 [INFO] recv 13933B via direct in 581ms
2026-09-29 07:59:55,698 [INFO] recv 13933B via direct in 600ms
2026-09-29 07:59:55,708 [INFO] send 13933B via direct in 1739ms (0.06 Mbit/s) to 0220ec4e2c8256ee
2026-09-29 07:59:55,784 [INFO] [client-4] Round 17 done — loss=1.0104 acc=0.4959  2.9s
2026-09-29 07:59:55,786 [INFO] [client-4] Round 18 — receiving model…
2026-09-29 07:59:55,787 [INFO] send 13933B via direct in 1554ms (0.07 Mbit/s) to 0220ec4e2c8256ee
2026-09-29 07:59:55,809 [INFO] [client-9] Round 17 done — loss=1.0119 acc=0.5176  2.9s
2026-09-29 07:59:55,810 [INFO] [client-9] Round 18 — receiving model…
2026-09-29 07:59:55,815 [INFO] send 13933B via direct in 1497ms (0.07 Mbit/s) to 0220ec4e2c8256ee
2026-09-29 07:59:55,837 [INFO] [client-6] Round 17 done — loss=1.0167 acc=0.4809  3.0s
2026-09-29 07:59:55,838 [INFO] [client-6] Round 18 — receiving model…
2026-09-29 07:59:55,839 [INFO] send 13933B via direct in 1337ms (0.08 Mbit/s) to 0220ec4e2c8256ee
2026-09-29 07:59:55,875 [INFO] [client-7] Round 17 done — loss=1.0267 acc=0.4523  2.9s
2026-09-29 07:59:55,876 [INFO] [client-7] Round 18 — receiving model…
2026-09-29 07:59:55,878 [INFO] send 13933B via direct in 1194ms (0.09 Mbit/s) to 0220ec4e2c8256ee
2026-09-29 07:59:55,915 [INFO] [client-5] Round 17 done — loss=0.9689 acc=0.5625  3.2s
2026-09-29 07:59:55,916 [INFO] [client-5] Round 18 — receiving model…
2026-09-29 07:59:55,918 [INFO] recv 13933B via direct in 339ms
2026-09-29 07:59:55,927 [INFO] send 13933B via direct in 1173ms (0.10 Mbit/s) to 0220ec4e2c8256ee
2026-09-29 07:59:55,961 [INFO] [client-8] Round 17 done — loss=0.7621 acc=0.7095  3.3s
2026-09-29 07:59:55,963 [INFO] [client-8] Round 18 — receiving model…
2026-09-29 07:59:55,964 [INFO] send 13933B via direct in 1027ms (0.11 Mbit/s) to 0220ec4e2c8256ee
2026-09-29 07:59:55,994 [INFO] [client-2] Round 17 done — loss=0.9521 acc=0.5306  3.2s
2026-09-29 07:59:55,995 [INFO] [client-2] Round 18 — receiving model…
2026-09-29 07:59:55,996 [INFO] send 13933B via direct in 837ms (0.13 Mbit/s) to 0220ec4e2c8256ee
2026-09-29 07:59:56,022 [INFO] [client-0] Round 17 done — loss=1.0448 acc=0.4688  3.1s
2026-09-29 07:59:56,023 [INFO] [client-0] Round 18 — receiving model…
2026-09-29 07:59:56,025 [INFO] recv 13933B via direct in 114ms
2026-09-29 07:59:56,028 [INFO] send 13933B via direct in 767ms (0.15 Mbit/s) to 0220ec4e2c8256ee
2026-09-29 07:59:56,069 [INFO] [client-1] Round 17 done — loss=1.0566 acc=0.4255  3.4s
2026-09-29 07:59:56,071 [INFO] [client-1] Round 18 — receiving model…
2026-09-29 07:59:56,072 [INFO] send 13933B via direct in 647ms (0.17 Mbit/s) to 0220ec4e2c8256ee
2026-09-29 07:59:56,098 [INFO] [client-3] Round 17 done — loss=1.0384 acc=0.4636  3.5s
2026-09-29 07:59:56,099 [INFO] [client-3] Round 18 — receiving model…
2026-09-29 07:59:56,101 [INFO] recv 13933B via direct in 214ms
2026-09-29 07:59:56,142 [INFO] Round 17/20  acc=0.4625  loss=1.0644  3.2s  clients=10
2026-09-29 07:59:56,144 [INFO] Round 18 — sending model to 10 clients…
2026-09-29 07:59:56,947 [INFO] recv 13933B via direct in 667ms
2026-09-29 07:59:56,960 [INFO] [client-4] Round 18 — training locally…
2026-09-29 07:59:57,190 [INFO] [client-4] Round 18 — sending update…
2026-09-29 07:59:57,200 [INFO] recv 13933B via direct in 875ms
2026-09-29 07:59:57,203 [INFO] [client-1] Round 18 — training locally…
2026-09-29 07:59:57,391 [INFO] [client-1] Round 18 — sending update…
2026-09-29 07:59:57,393 [INFO] recv 13933B via direct in 863ms
2026-09-29 07:59:57,398 [INFO] [client-9] Round 18 — training locally…
2026-09-29 07:59:57,516 [INFO] [client-9] Round 18 — sending update…
2026-09-29 07:59:57,519 [INFO] recv 13933B via direct in 853ms
2026-09-29 07:59:57,521 [INFO] [client-0] Round 18 — training locally…
2026-09-29 07:59:57,613 [INFO] [client-0] Round 18 — sending update…
2026-09-29 07:59:57,617 [INFO] recv 13933B via direct in 801ms
2026-09-29 07:59:57,621 [INFO] [client-8] Round 18 — training locally…
2026-09-29 07:59:57,732 [INFO] [client-8] Round 18 — sending update…
2026-09-29 07:59:57,735 [INFO] recv 13933B via direct in 749ms
2026-09-29 07:59:57,737 [INFO] [client-3] Round 18 — training locally…
2026-09-29 07:59:57,860 [INFO] [client-3] Round 18 — sending update…
2026-09-29 07:59:57,862 [INFO] recv 13933B via direct in 740ms
2026-09-29 07:59:57,866 [INFO] [client-6] Round 18 — training locally…
2026-09-29 07:59:58,002 [INFO] [client-6] Round 18 — sending update…
2026-09-29 07:59:58,007 [INFO] recv 13933B via direct in 730ms
2026-09-29 07:59:58,011 [INFO] [client-7] Round 18 — training locally…
2026-09-29 07:59:58,133 [INFO] [client-7] Round 18 — sending update…
2026-09-29 07:59:58,160 [INFO] send 13933B via direct in 1991ms (0.06 Mbit/s) to 74c1e6be1ef45f1d
2026-09-29 07:59:58,162 [INFO] send 13933B via direct in 1987ms (0.06 Mbit/s) to 84c2221a49ef495c
2026-09-29 07:59:58,163 [INFO] send 13933B via direct in 1987ms (0.06 Mbit/s) to 38c2bf098350daa0
2026-09-29 07:59:58,165 [INFO] send 13933B via direct in 1986ms (0.06 Mbit/s) to 806e2409b3a9c352
2026-09-29 07:59:58,166 [INFO] send 13933B via direct in 1985ms (0.06 Mbit/s) to 5b2565cbdf3ab25a
2026-09-29 07:59:58,168 [INFO] send 13933B via direct in 1985ms (0.06 Mbit/s) to ab2234c13229e5d9
2026-09-29 07:59:58,169 [INFO] send 13933B via direct in 1984ms (0.06 Mbit/s) to 4350fdf90266c46e
2026-09-29 07:59:58,171 [INFO] send 13933B via direct in 1984ms (0.06 Mbit/s) to 42724f4f7d4ccb28
2026-09-29 07:59:58,172 [INFO] send 13933B via direct in 1983ms (0.06 Mbit/s) to eb78e61c5797b964
2026-09-29 07:59:58,174 [INFO] send 13933B via direct in 1989ms (0.06 Mbit/s) to 036b1b4b140bb74f
2026-09-29 07:59:58,175 [INFO] recv 13933B via direct in 1666ms
2026-09-29 07:59:58,178 [INFO] [client-5] Round 18 — training locally…
2026-09-29 07:59:58,313 [INFO] [client-5] Round 18 — sending update…
2026-09-29 07:59:58,317 [INFO] recv 13933B via direct in 1615ms
2026-09-29 07:59:58,320 [INFO] [client-2] Round 18 — training locally…
2026-09-29 07:59:58,452 [INFO] [client-2] Round 18 — sending update…
2026-09-29 07:59:58,455 [INFO] Round 18 — waiting for 10 updates…
2026-09-29 07:59:58,602 [INFO] recv 13933B via direct in 456ms
2026-09-29 07:59:58,619 [INFO] recv 13933B via direct in 472ms
2026-09-29 07:59:58,636 [INFO] recv 13933B via direct in 492ms
2026-09-29 07:59:58,676 [INFO] recv 13933B via direct in 531ms
2026-09-29 07:59:58,703 [INFO] recv 13933B via direct in 558ms
2026-09-29 07:59:58,722 [INFO] recv 13933B via direct in 577ms
2026-09-29 07:59:58,748 [INFO] recv 13933B via direct in 604ms
2026-09-29 07:59:58,758 [INFO] send 13933B via direct in 751ms (0.15 Mbit/s) to 0220ec4e2c8256ee
2026-09-29 07:59:58,921 [INFO] [client-6] Round 18 done — loss=1.0126 acc=0.4868  3.1s
2026-09-29 07:59:58,922 [INFO] [client-6] Round 19 — receiving model…
2026-09-29 07:59:58,923 [INFO] send 13933B via direct in 1564ms (0.07 Mbit/s) to 0220ec4e2c8256ee
2026-09-29 07:59:58,952 [INFO] [client-4] Round 18 done — loss=1.0144 acc=0.4900  3.2s
2026-09-29 07:59:58,954 [INFO] [client-4] Round 19 — receiving model…
2026-09-29 07:59:58,956 [INFO] send 13933B via direct in 1364ms (0.08 Mbit/s) to 0220ec4e2c8256ee
2026-09-29 07:59:58,976 [INFO] [client-1] Round 18 done — loss=1.0572 acc=0.4207  2.9s
2026-09-29 07:59:58,977 [INFO] [client-1] Round 19 — receiving model…
2026-09-29 07:59:58,981 [INFO] send 13933B via direct in 1460ms (0.08 Mbit/s) to 0220ec4e2c8256ee
2026-09-29 07:59:59,016 [INFO] [client-9] Round 18 done — loss=1.0080 acc=0.5232  3.2s
2026-09-29 07:59:59,017 [INFO] [client-9] Round 19 — receiving model…
2026-09-29 07:59:59,018 [INFO] send 13933B via direct in 1362ms (0.08 Mbit/s) to 0220ec4e2c8256ee
2026-09-29 07:59:59,040 [INFO] [client-0] Round 18 done — loss=1.0503 acc=0.4670  3.0s
2026-09-29 07:59:59,041 [INFO] [client-0] Round 19 — receiving model…
2026-09-29 07:59:59,042 [INFO] send 13933B via direct in 1245ms (0.09 Mbit/s) to 0220ec4e2c8256ee
2026-09-29 07:59:59,059 [INFO] [client-8] Round 18 done — loss=0.7584 acc=0.7112  3.1s
2026-09-29 07:59:59,060 [INFO] [client-8] Round 19 — receiving model…
2026-09-29 07:59:59,061 [INFO] send 13933B via direct in 1117ms (0.10 Mbit/s) to 0220ec4e2c8256ee
2026-09-29 07:59:59,084 [INFO] [client-3] Round 18 done — loss=1.0391 acc=0.4584  3.0s
2026-09-29 07:59:59,085 [INFO] [client-3] Round 19 — receiving model…
2026-09-29 07:59:59,086 [INFO] send 13933B via direct in 843ms (0.13 Mbit/s) to 0220ec4e2c8256ee
2026-09-29 07:59:59,113 [INFO] [client-7] Round 18 done — loss=1.0258 acc=0.4495  3.2s
2026-09-29 07:59:59,114 [INFO] [client-7] Round 19 — receiving model…
2026-09-29 07:59:59,116 [INFO] recv 13933B via direct in 458ms
2026-09-29 07:59:59,119 [INFO] send 13933B via direct in 800ms (0.14 Mbit/s) to 0220ec4e2c8256ee
2026-09-29 07:59:59,148 [INFO] [client-5] Round 18 done — loss=0.9750 acc=0.5577  3.2s
2026-09-29 07:59:59,149 [INFO] [client-5] Round 19 — receiving model…
2026-09-29 07:59:59,150 [INFO] send 13933B via direct in 661ms (0.17 Mbit/s) to 0220ec4e2c8256ee
2026-09-29 07:59:59,178 [INFO] [client-2] Round 18 done — loss=0.9514 acc=0.5268  3.2s
2026-09-29 07:59:59,179 [INFO] [client-2] Round 19 — receiving model…
2026-09-29 07:59:59,180 [INFO] recv 13933B via direct in 137ms
2026-09-29 07:59:59,184 [INFO] recv 13933B via direct in 140ms
2026-09-29 07:59:59,209 [INFO] Round 18/20  acc=0.4684  loss=1.0592  3.1s  clients=10
2026-09-29 07:59:59,210 [INFO] Round 19 — sending model to 10 clients…
2026-09-29 08:00:00,020 [INFO] recv 13933B via direct in 681ms
2026-09-29 08:00:00,043 [INFO] [client-3] Round 19 — training locally…
2026-09-29 08:00:00,257 [INFO] [client-3] Round 19 — sending update…
2026-09-29 08:00:00,266 [INFO] recv 13933B via direct in 859ms
2026-09-29 08:00:00,269 [INFO] [client-9] Round 19 — training locally…
2026-09-29 08:00:00,422 [INFO] [client-9] Round 19 — sending update…
2026-09-29 08:00:00,424 [INFO] recv 13933B via direct in 911ms
2026-09-29 08:00:00,427 [INFO] [client-6] Round 19 — training locally…
2026-09-29 08:00:00,590 [INFO] [client-6] Round 19 — sending update…
2026-09-29 08:00:00,592 [INFO] recv 13933B via direct in 806ms
2026-09-29 08:00:00,596 [INFO] [client-7] Round 19 — training locally…
2026-09-29 08:00:00,751 [INFO] [client-7] Round 19 — sending update…
2026-09-29 08:00:00,754 [INFO] recv 13933B via direct in 750ms
2026-09-29 08:00:00,758 [INFO] [client-1] Round 19 — training locally…
2026-09-29 08:00:00,928 [INFO] [client-1] Round 19 — sending update…
2026-09-29 08:00:00,931 [INFO] recv 13933B via direct in 709ms
2026-09-29 08:00:00,934 [INFO] [client-2] Round 19 — training locally…
2026-09-29 08:00:01,094 [INFO] [client-2] Round 19 — sending update…
2026-09-29 08:00:01,098 [INFO] recv 13933B via direct in 659ms
2026-09-29 08:00:01,103 [INFO] [client-8] Round 19 — training locally…
2026-09-29 08:00:01,226 [INFO] [client-8] Round 19 — sending update…
2026-09-29 08:00:01,230 [INFO] recv 13933B via direct in 603ms
2026-09-29 08:00:01,234 [INFO] [client-0] Round 19 — training locally…
2026-09-29 08:00:01,329 [INFO] [client-0] Round 19 — sending update…
2026-09-29 08:00:01,331 [INFO] recv 13933B via direct in 515ms
2026-09-29 08:00:01,333 [INFO] [client-4] Round 19 — training locally…
2026-09-29 08:00:01,447 [INFO] [client-4] Round 19 — sending update…
2026-09-29 08:00:01,498 [INFO] send 13933B via direct in 2269ms (0.05 Mbit/s) to 5b2565cbdf3ab25a
2026-09-29 08:00:01,500 [INFO] send 13933B via direct in 2267ms (0.05 Mbit/s) to ab2234c13229e5d9
2026-09-29 08:00:01,501 [INFO] send 13933B via direct in 2265ms (0.05 Mbit/s) to 4350fdf90266c46e
2026-09-29 08:00:01,502 [INFO] send 13933B via direct in 2265ms (0.05 Mbit/s) to 036b1b4b140bb74f
2026-09-29 08:00:01,503 [INFO] send 13933B via direct in 2264ms (0.05 Mbit/s) to eb78e61c5797b964
2026-09-29 08:00:01,504 [INFO] send 13933B via direct in 2263ms (0.05 Mbit/s) to 806e2409b3a9c352
2026-09-29 08:00:01,505 [INFO] send 13933B via direct in 2262ms (0.05 Mbit/s) to 74c1e6be1ef45f1d
2026-09-29 08:00:01,506 [INFO] send 13933B via direct in 2261ms (0.05 Mbit/s) to 42724f4f7d4ccb28
2026-09-29 08:00:01,507 [INFO] send 13933B via direct in 2266ms (0.05 Mbit/s) to 84c2221a49ef495c
2026-09-29 08:00:01,508 [INFO] send 13933B via direct in 2262ms (0.05 Mbit/s) to 38c2bf098350daa0
2026-09-29 08:00:01,509 [INFO] recv 13933B via direct in 1688ms
2026-09-29 08:00:01,511 [INFO] [client-5] Round 19 — training locally…
2026-09-29 08:00:01,631 [INFO] [client-5] Round 19 — sending update…
2026-09-29 08:00:01,635 [INFO] Round 19 — waiting for 10 updates…
2026-09-29 08:00:01,988 [INFO] recv 13933B via direct in 501ms
2026-09-29 08:00:02,003 [INFO] recv 13933B via direct in 518ms
2026-09-29 08:00:02,044 [INFO] recv 13933B via direct in 559ms
2026-09-29 08:00:02,071 [INFO] recv 13933B via direct in 586ms
2026-09-29 08:00:02,092 [INFO] recv 13933B via direct in 606ms
2026-09-29 08:00:02,113 [INFO] recv 13933B via direct in 627ms
2026-09-29 08:00:02,141 [INFO] send 13933B via direct in 807ms (0.14 Mbit/s) to 0220ec4e2c8256ee
2026-09-29 08:00:02,222 [INFO] [client-0] Round 19 done — loss=1.0458 acc=0.4601  3.2s
2026-09-29 08:00:02,223 [INFO] [client-0] Round 20 — receiving model…
2026-09-29 08:00:02,226 [INFO] recv 13933B via direct in 654ms
2026-09-29 08:00:02,234 [INFO] send 13933B via direct in 1967ms (0.06 Mbit/s) to 0220ec4e2c8256ee
2026-09-29 08:00:02,265 [INFO] [client-3] Round 19 done — loss=1.0446 acc=0.4636  3.2s
2026-09-29 08:00:02,266 [INFO] [client-3] Round 20 — receiving model…
2026-09-29 08:00:02,267 [INFO] send 13933B via direct in 1802ms (0.06 Mbit/s) to 0220ec4e2c8256ee
2026-09-29 08:00:02,302 [INFO] [client-9] Round 19 done — loss=1.0107 acc=0.5228  3.3s
2026-09-29 08:00:02,303 [INFO] [client-9] Round 20 — receiving model…
2026-09-29 08:00:02,308 [INFO] recv 13933B via direct in 748ms
2026-09-29 08:00:02,312 [INFO] recv 13933B via direct in 594ms
2026-09-29 08:00:02,317 [INFO] send 13933B via direct in 1723ms (0.06 Mbit/s) to 0220ec4e2c8256ee
2026-09-29 08:00:02,348 [INFO] [client-6] Round 19 done — loss=1.0125 acc=0.4896  3.4s
2026-09-29 08:00:02,351 [INFO] [client-6] Round 20 — receiving model…
2026-09-29 08:00:02,352 [INFO] send 13933B via direct in 1562ms (0.07 Mbit/s) to 0220ec4e2c8256ee
2026-09-29 08:00:02,394 [INFO] [client-7] Round 19 done — loss=1.0275 acc=0.4588  3.3s
2026-09-29 08:00:02,396 [INFO] [client-7] Round 20 — receiving model…
2026-09-29 08:00:02,398 [INFO] send 13933B via direct in 1385ms (0.08 Mbit/s) to 0220ec4e2c8256ee
2026-09-29 08:00:02,425 [INFO] [client-1] Round 19 done — loss=1.0589 acc=0.4299  3.4s
2026-09-29 08:00:02,426 [INFO] [client-1] Round 20 — receiving model…
2026-09-29 08:00:02,427 [INFO] send 13933B via direct in 1218ms (0.09 Mbit/s) to 0220ec4e2c8256ee
2026-09-29 08:00:02,451 [INFO] [client-2] Round 19 done — loss=0.9570 acc=0.5172  3.3s
2026-09-29 08:00:02,452 [INFO] [client-2] Round 20 — receiving model…
2026-09-29 08:00:02,454 [INFO] send 13933B via direct in 1087ms (0.10 Mbit/s) to 0220ec4e2c8256ee
2026-09-29 08:00:02,481 [INFO] [client-8] Round 19 done — loss=0.7649 acc=0.7133  3.4s
2026-09-29 08:00:02,482 [INFO] [client-8] Round 20 — receiving model…
2026-09-29 08:00:02,483 [INFO] send 13933B via direct in 866ms (0.13 Mbit/s) to 0220ec4e2c8256ee
2026-09-29 08:00:02,500 [INFO] [client-4] Round 19 done — loss=1.0100 acc=0.4979  3.5s
2026-09-29 08:00:02,501 [INFO] [client-4] Round 20 — receiving model…
2026-09-29 08:00:02,503 [INFO] recv 13933B via direct in 91ms
2026-09-29 08:00:02,534 [INFO] Round 19/20  acc=0.4695  loss=1.0597  3.3s  clients=10
2026-09-29 08:00:02,535 [INFO] Round 20 — sending model to 10 clients…
2026-09-29 08:00:02,546 [INFO] send 13933B via direct in 869ms (0.13 Mbit/s) to 0220ec4e2c8256ee
2026-09-29 08:00:02,572 [INFO] [client-5] Round 19 done — loss=0.9663 acc=0.5618  3.4s
2026-09-29 08:00:02,573 [INFO] [client-5] Round 20 — receiving model…
2026-09-29 08:00:03,346 [INFO] recv 13933B via direct in 684ms
2026-09-29 08:00:03,352 [INFO] [client-8] Round 20 — training locally…
2026-09-29 08:00:03,560 [INFO] [client-8] Round 20 — sending update…
2026-09-29 08:00:03,568 [INFO] recv 13933B via direct in 841ms
2026-09-29 08:00:03,571 [INFO] [client-4] Round 20 — training locally…
2026-09-29 08:00:03,737 [INFO] [client-4] Round 20 — sending update…
2026-09-29 08:00:03,741 [INFO] recv 13933B via direct in 855ms
2026-09-29 08:00:03,743 [INFO] [client-3] Round 20 — training locally…
2026-09-29 08:00:03,919 [INFO] [client-3] Round 20 — sending update…
2026-09-29 08:00:03,923 [INFO] recv 13933B via direct in 748ms
2026-09-29 08:00:03,926 [INFO] [client-6] Round 20 — training locally…
2026-09-29 08:00:04,089 [INFO] [client-6] Round 20 — sending update…
2026-09-29 08:00:04,094 [INFO] recv 13933B via direct in 706ms
2026-09-29 08:00:04,099 [INFO] [client-2] Round 20 — training locally…
2026-09-29 08:00:04,241 [INFO] [client-2] Round 20 — sending update…
2026-09-29 08:00:04,244 [INFO] recv 13933B via direct in 656ms
2026-09-29 08:00:04,248 [INFO] [client-1] Round 20 — training locally…
2026-09-29 08:00:04,359 [INFO] [client-1] Round 20 — sending update…
2026-09-29 08:00:04,363 [INFO] recv 13933B via direct in 614ms
2026-09-29 08:00:04,366 [INFO] [client-0] Round 20 — training locally…
2026-09-29 08:00:04,458 [INFO] [client-0] Round 20 — sending update…
2026-09-29 08:00:04,462 [INFO] recv 13933B via direct in 563ms
2026-09-29 08:00:04,465 [INFO] [client-9] Round 20 — training locally…
2026-09-29 08:00:04,619 [INFO] [client-9] Round 20 — sending update…
2026-09-29 08:00:04,643 [INFO] send 13933B via direct in 2087ms (0.05 Mbit/s) to 806e2409b3a9c352
2026-09-29 08:00:04,645 [INFO] send 13933B via direct in 2086ms (0.05 Mbit/s) to 5b2565cbdf3ab25a
2026-09-29 08:00:04,646 [INFO] send 13933B via direct in 2084ms (0.05 Mbit/s) to eb78e61c5797b964
2026-09-29 08:00:04,648 [INFO] send 13933B via direct in 2084ms (0.05 Mbit/s) to 036b1b4b140bb74f
2026-09-29 08:00:04,649 [INFO] send 13933B via direct in 2084ms (0.05 Mbit/s) to 38c2bf098350daa0
2026-09-29 08:00:04,651 [INFO] send 13933B via direct in 2083ms (0.05 Mbit/s) to 84c2221a49ef495c
2026-09-29 08:00:04,652 [INFO] send 13933B via direct in 2083ms (0.05 Mbit/s) to 42724f4f7d4ccb28
2026-09-29 08:00:04,654 [INFO] send 13933B via direct in 2082ms (0.05 Mbit/s) to 4350fdf90266c46e
2026-09-29 08:00:04,658 [INFO] recv 13933B via direct in 1562ms
2026-09-29 08:00:04,661 [INFO] [client-7] Round 20 — training locally…
2026-09-29 08:00:04,818 [INFO] [client-7] Round 20 — sending update…
2026-09-29 08:00:04,821 [INFO] recv 13933B via direct in 1572ms
2026-09-29 08:00:04,827 [INFO] [client-5] Round 20 — training locally…
2026-09-29 08:00:04,971 [INFO] [client-5] Round 20 — sending update…
2026-09-29 08:00:04,975 [INFO] send 13933B via direct in 2085ms (0.05 Mbit/s) to 74c1e6be1ef45f1d
2026-09-29 08:00:04,977 [INFO] send 13933B via direct in 2085ms (0.05 Mbit/s) to ab2234c13229e5d9
2026-09-29 08:00:04,978 [INFO] Round 20 — waiting for 10 updates…
2026-09-29 08:00:05,062 [INFO] recv 13933B via direct in 432ms
2026-09-29 08:00:05,084 [INFO] recv 13933B via direct in 454ms
2026-09-29 08:00:05,134 [INFO] recv 13933B via direct in 503ms
2026-09-29 08:00:05,168 [INFO] recv 13933B via direct in 538ms
2026-09-29 08:00:05,180 [INFO] recv 13933B via direct in 550ms
2026-09-29 08:00:05,198 [INFO] recv 13933B via direct in 569ms
2026-09-29 08:00:05,225 [INFO] recv 13933B via direct in 595ms
2026-09-29 08:00:05,245 [INFO] send 13933B via direct in 1681ms (0.07 Mbit/s) to 0220ec4e2c8256ee
2026-09-29 08:00:05,332 [INFO] [client-8] Round 20 done — loss=0.7607 acc=0.7136  2.8s
2026-09-29 08:00:05,333 [INFO] send 13933B via direct in 1504ms (0.07 Mbit/s) to 0220ec4e2c8256ee
2026-09-29 08:00:05,360 [INFO] [client-4] Round 20 done — loss=1.0120 acc=0.4948  2.9s
2026-09-29 08:00:05,363 [INFO] send 13933B via direct in 1322ms (0.08 Mbit/s) to 0220ec4e2c8256ee
2026-09-29 08:00:05,394 [INFO] [client-3] Round 20 done — loss=1.0399 acc=0.4512  3.1s
2026-09-29 08:00:05,397 [INFO] send 13933B via direct in 1303ms (0.09 Mbit/s) to 0220ec4e2c8256ee
2026-09-29 08:00:05,429 [INFO] [client-6] Round 20 done — loss=1.0117 acc=0.4969  3.1s
2026-09-29 08:00:05,431 [INFO] send 13933B via direct in 1152ms (0.10 Mbit/s) to 0220ec4e2c8256ee
2026-09-29 08:00:05,454 [INFO] [client-2] Round 20 done — loss=0.9517 acc=0.5306  3.0s
2026-09-29 08:00:05,455 [INFO] send 13933B via direct in 1033ms (0.11 Mbit/s) to 0220ec4e2c8256ee
2026-09-29 08:00:05,479 [INFO] [client-1] Round 20 done — loss=1.0572 acc=0.4289  3.1s
2026-09-29 08:00:05,489 [INFO] send 13933B via direct in 936ms (0.12 Mbit/s) to 0220ec4e2c8256ee
2026-09-29 08:00:05,519 [INFO] [client-0] Round 20 done — loss=1.0526 acc=0.4609  3.3s
2026-09-29 08:00:05,523 [INFO] recv 13933B via direct in 364ms
2026-09-29 08:00:05,528 [INFO] send 13933B via direct in 901ms (0.12 Mbit/s) to 0220ec4e2c8256ee
2026-09-29 08:00:05,557 [INFO] [client-9] Round 20 done — loss=1.0075 acc=0.5267  3.3s
2026-09-29 08:00:05,559 [INFO] recv 13933B via direct in 127ms
2026-09-29 08:00:05,562 [INFO] send 13933B via direct in 706ms (0.16 Mbit/s) to 0220ec4e2c8256ee
2026-09-29 08:00:05,596 [INFO] [client-7] Round 20 done — loss=1.0279 acc=0.4499  3.2s
2026-09-29 08:00:05,598 [INFO] send 13933B via direct in 553ms (0.20 Mbit/s) to 0220ec4e2c8256ee
2026-09-29 08:00:05,634 [INFO] [client-5] Round 20 done — loss=0.9705 acc=0.5580  3.1s
2026-09-29 08:00:05,635 [INFO] recv 13933B via direct in 132ms
2026-09-29 08:00:05,669 [INFO] Round 20/20  acc=0.4707  loss=1.0603  3.1s  clients=10
2026-09-29 08:00:08,135 [INFO] CoAP server [client-0] stopped
2026-09-29 08:00:08,245 [INFO] CoAP server [client-1] stopped
2026-09-29 08:00:08,355 [INFO] CoAP server [client-2] stopped
2026-09-29 08:00:08,546 [INFO] CoAP server [client-3] stopped
2026-09-29 08:00:08,653 [INFO] CoAP server [client-4] stopped
2026-09-29 08:00:09,382 [INFO] CoAP server [client-5] stopped
2026-09-29 08:00:09,493 [INFO] CoAP server [client-6] stopped
2026-09-29 08:00:09,606 [INFO] CoAP server [client-7] stopped
2026-09-29 08:00:09,719 [INFO] CoAP server [client-8] stopped
2026-09-29 08:00:09,830 [INFO] CoAP server [client-9] stopped
2026-09-29 08:00:09,936 [INFO] CoAP server [server] stopped
2026-09-29 08:00:10,011 [INFO] Exported 20 rows → results/e11/rate_2mbit/e7_airmlp_geographic_round_events.csv
2026-09-29 08:00:27,678 [INFO] AirMLP airmlp_geographic done: {'node_id': 'server', 'architecture': 'B', 'scenario': 'e7_airmlp_geographic', 'rounds_total': 20, 'rounds_success': 20, 'test_acc_final': 0.4706543105869138, 'test_acc_max': 0.47318169053636616, 'duration_mean_sec': 5.0679571441483855, 'pct_direct': 0.0, 'pct_relay': 0.0, 'bytes_to_aggregator': 2793800}  macro-F1=0.4015  bal-acc=0.4243
2026-09-29 08:00:27,698 [INFO] E11 rate_2mbit: {"condition": "rate_2mbit", "netem": "delay 10ms rate 2mbit", "fl_wall_s": 173.4, "rounds_ok": 20, "rounds": 20, "round_s_median": 3.242, "round_s_max": 39.381, "test_acc_final": 0.4706543105869138, "macro_f1": 0.40149265017216756, "balanced_accuracy": 0.4242585767271431, "xfer_100kB_ok": "10/10", "xfer_100kB_ms_median": 593.6, "xfer_1000kB_ok": "10/10", "xfer_1000kB_ms_median": 4522.5, "xfer_10000kB_ok": "10/10", "xfer_10000kB_ms_median": 43912.9}
