2026-09-28 22:25:27,491 [INFO] Iroh node started: 78bbf20a740f786f  addrs=['10.77.0.1:54331']
2026-09-28 22:25:28,112 [INFO] Iroh node started: c46362ad6c504bf4  addrs=['10.77.0.1:40091']
2026-09-28 22:25:28,297 [INFO] send 100000B via direct in 173ms (4.62 Mbit/s) to c46362ad6c504bf4
2026-09-28 22:25:28,300 [INFO] recv 100000B via direct in 10ms
2026-09-28 22:25:28,330 [INFO] send 100000B via direct in 27ms (29.59 Mbit/s) to c46362ad6c504bf4
2026-09-28 22:25:28,331 [INFO] recv 100000B via direct in 1ms
2026-09-28 22:25:28,347 [INFO] send 100000B via direct in 14ms (58.41 Mbit/s) to c46362ad6c504bf4
2026-09-28 22:25:28,350 [INFO] recv 100000B via direct in 1ms
2026-09-28 22:25:28,366 [INFO] send 100000B via direct in 13ms (59.64 Mbit/s) to c46362ad6c504bf4
2026-09-28 22:25:28,380 [INFO] recv 100000B via direct in 1ms
2026-09-28 22:25:28,411 [INFO] send 100000B via direct in 27ms (29.98 Mbit/s) to c46362ad6c504bf4
2026-09-28 22:25:28,414 [INFO] recv 100000B via direct in 2ms
2026-09-28 22:25:28,434 [INFO] send 100000B via direct in 18ms (44.46 Mbit/s) to c46362ad6c504bf4
2026-09-28 22:25:28,437 [INFO] recv 100000B via direct in 1ms
2026-09-28 22:25:28,454 [INFO] send 100000B via direct in 15ms (54.64 Mbit/s) to c46362ad6c504bf4
2026-09-28 22:25:28,457 [INFO] recv 100000B via direct in 14ms
2026-09-28 22:25:28,477 [INFO] send 100000B via direct in 17ms (46.19 Mbit/s) to c46362ad6c504bf4
2026-09-28 22:25:28,480 [INFO] recv 100000B via direct in 4ms
2026-09-28 22:25:28,498 [INFO] send 100000B via direct in 15ms (54.14 Mbit/s) to c46362ad6c504bf4
2026-09-28 22:25:28,499 [INFO] recv 100000B via direct in 13ms
2026-09-28 22:25:28,516 [INFO] send 100000B via direct in 15ms (53.42 Mbit/s) to c46362ad6c504bf4
2026-09-28 22:25:28,518 [INFO] recv 100000B via direct in 14ms
2026-09-28 22:25:28,650 [INFO] send 1000000B via direct in 128ms (62.44 Mbit/s) to c46362ad6c504bf4
2026-09-28 22:25:28,652 [INFO] recv 1000000B via direct in 7ms
2026-09-28 22:25:28,768 [INFO] send 1000000B via direct in 113ms (70.71 Mbit/s) to c46362ad6c504bf4
2026-09-28 22:25:28,770 [INFO] recv 1000000B via direct in 3ms
2026-09-28 22:25:28,892 [INFO] send 1000000B via direct in 118ms (67.81 Mbit/s) to c46362ad6c504bf4
2026-09-28 22:25:28,899 [INFO] recv 1000000B via direct in 4ms
2026-09-28 22:25:29,021 [INFO] send 1000000B via direct in 119ms (67.42 Mbit/s) to c46362ad6c504bf4
2026-09-28 22:25:29,023 [INFO] recv 1000000B via direct in 117ms
2026-09-28 22:25:29,143 [INFO] send 1000000B via direct in 118ms (67.60 Mbit/s) to c46362ad6c504bf4
2026-09-28 22:25:29,145 [INFO] recv 1000000B via direct in 4ms
2026-09-28 22:25:29,265 [INFO] send 1000000B via direct in 117ms (68.11 Mbit/s) to c46362ad6c504bf4
2026-09-28 22:25:29,267 [INFO] recv 1000000B via direct in 5ms
2026-09-28 22:25:29,386 [INFO] send 1000000B via direct in 117ms (68.44 Mbit/s) to c46362ad6c504bf4
2026-09-28 22:25:29,388 [INFO] recv 1000000B via direct in 4ms
2026-09-28 22:25:29,506 [INFO] send 1000000B via direct in 115ms (69.45 Mbit/s) to c46362ad6c504bf4
2026-09-28 22:25:29,508 [INFO] recv 1000000B via direct in 4ms
2026-09-28 22:25:29,622 [INFO] send 1000000B via direct in 112ms (71.32 Mbit/s) to c46362ad6c504bf4
2026-09-28 22:25:29,624 [INFO] recv 1000000B via direct in 4ms
2026-09-28 22:25:29,749 [INFO] send 1000000B via direct in 122ms (65.46 Mbit/s) to c46362ad6c504bf4
2026-09-28 22:25:29,750 [INFO] recv 1000000B via direct in 120ms
2026-09-28 22:25:31,052 [INFO] send 10000000B via direct in 1272ms (62.90 Mbit/s) to c46362ad6c504bf4
2026-09-28 22:25:31,061 [INFO] recv 10000000B via direct in 53ms
2026-09-28 22:25:32,279 [INFO] send 10000000B via direct in 1208ms (66.24 Mbit/s) to c46362ad6c504bf4
2026-09-28 22:25:32,281 [INFO] recv 10000000B via direct in 49ms
2026-09-28 22:25:33,509 [INFO] send 10000000B via direct in 1227ms (65.18 Mbit/s) to c46362ad6c504bf4
2026-09-28 22:25:33,512 [INFO] recv 10000000B via direct in 54ms
2026-09-28 22:25:34,701 [INFO] send 10000000B via direct in 1182ms (67.66 Mbit/s) to c46362ad6c504bf4
2026-09-28 22:25:34,703 [INFO] recv 10000000B via direct in 36ms
2026-09-28 22:25:35,948 [INFO] send 10000000B via direct in 1236ms (64.72 Mbit/s) to c46362ad6c504bf4
2026-09-28 22:25:35,949 [INFO] recv 10000000B via direct in 38ms
2026-09-28 22:25:37,190 [INFO] send 10000000B via direct in 1233ms (64.90 Mbit/s) to c46362ad6c504bf4
2026-09-28 22:25:37,192 [INFO] recv 10000000B via direct in 1231ms
2026-09-28 22:25:38,396 [INFO] send 10000000B via direct in 1195ms (66.94 Mbit/s) to c46362ad6c504bf4
2026-09-28 22:25:38,399 [INFO] recv 10000000B via direct in 52ms
2026-09-28 22:25:39,613 [INFO] send 10000000B via direct in 1206ms (66.33 Mbit/s) to c46362ad6c504bf4
2026-09-28 22:25:39,616 [INFO] recv 10000000B via direct in 48ms
2026-09-28 22:25:40,793 [INFO] send 10000000B via direct in 1168ms (68.52 Mbit/s) to c46362ad6c504bf4
2026-09-28 22:25:40,794 [INFO] recv 10000000B via direct in 1160ms
2026-09-28 22:25:42,062 [INFO] send 10000000B via direct in 1261ms (63.46 Mbit/s) to c46362ad6c504bf4
2026-09-28 22:25:42,064 [INFO] recv 10000000B via direct in 36ms
2026-09-28 22:28:55,136 [INFO] === E7 AirMLP + FedAvg — geographic ===
2026-09-28 22:28:56,447 [INFO] Air quality dataset loaded: 28514 train / 3561 test | 6 features | 3 classes
2026-09-28 22:28:56,453 [INFO] Geographic partition: 10 provinces  min=2305  max=2922  mean=2851
2026-09-28 22:28:56,663 [INFO] AirMLP class weights: [1.026976466178894, 1.0868686437606812, 0.904000997543335]
2026-09-28 22:28:57,633 [INFO] Iroh node started: 0181e1b515fb3726  addrs=['10.77.0.1:56716']
2026-09-28 22:28:58,395 [INFO] CoAP server [server] listening on 0.0.0.0:5783
2026-09-28 22:28:58,396 [INFO] FLServer server started (mock=False)
2026-09-28 22:28:59,075 [INFO] Iroh node started: 65c3512f069d1cf3  addrs=['10.77.0.1:43047']
2026-09-28 22:28:59,090 [INFO] CoAP server [client-0] listening on 0.0.0.0:5784
2026-09-28 22:28:59,091 [INFO] FLClient client-0 started (mock=False)
2026-09-28 22:28:59,093 [INFO] Registered client client-0  iroh=65c3512f069d1cf3
2026-09-28 22:28:59,832 [INFO] Iroh node started: e873365b1613572d  addrs=['10.77.0.1:51839']
2026-09-28 22:28:59,863 [INFO] CoAP server [client-1] listening on 0.0.0.0:5785
2026-09-28 22:28:59,866 [INFO] FLClient client-1 started (mock=False)
2026-09-28 22:28:59,868 [INFO] Registered client client-1  iroh=e873365b1613572d
2026-09-28 22:29:00,642 [INFO] Iroh node started: cb851d12dad8d1aa  addrs=['10.77.0.1:40770']
2026-09-28 22:29:00,657 [INFO] CoAP server [client-2] listening on 0.0.0.0:5786
2026-09-28 22:29:00,658 [INFO] FLClient client-2 started (mock=False)
2026-09-28 22:29:00,659 [INFO] Registered client client-2  iroh=cb851d12dad8d1aa
2026-09-28 22:29:01,319 [INFO] Iroh node started: 7ac54b4ec562f6fc  addrs=['10.77.0.1:35717']
2026-09-28 22:29:01,331 [INFO] CoAP server [client-3] listening on 0.0.0.0:5787
2026-09-28 22:29:01,333 [INFO] FLClient client-3 started (mock=False)
2026-09-28 22:29:01,335 [INFO] Registered client client-3  iroh=7ac54b4ec562f6fc
2026-09-28 22:29:02,012 [INFO] Iroh node started: 5cc77ad352ab6e31  addrs=['10.77.0.1:47399']
2026-09-28 22:29:02,034 [INFO] CoAP server [client-4] listening on 0.0.0.0:5788
2026-09-28 22:29:02,036 [INFO] FLClient client-4 started (mock=False)
2026-09-28 22:29:02,038 [INFO] Registered client client-4  iroh=5cc77ad352ab6e31
2026-09-28 22:29:02,706 [INFO] Iroh node started: cdcef3e84b643dd2  addrs=['10.77.0.1:35921']
2026-09-28 22:29:02,719 [INFO] CoAP server [client-5] listening on 0.0.0.0:5789
2026-09-28 22:29:02,720 [INFO] FLClient client-5 started (mock=False)
2026-09-28 22:29:02,722 [INFO] Registered client client-5  iroh=cdcef3e84b643dd2
2026-09-28 22:29:03,381 [INFO] Iroh node started: 9b024aae874ca35c  addrs=['10.77.0.1:59587']
2026-09-28 22:29:03,390 [INFO] CoAP server [client-6] listening on 0.0.0.0:5790
2026-09-28 22:29:03,392 [INFO] FLClient client-6 started (mock=False)
2026-09-28 22:29:03,393 [INFO] Registered client client-6  iroh=9b024aae874ca35c
2026-09-28 22:29:04,076 [INFO] Iroh node started: 2f70dbb788c6cc2c  addrs=['10.77.0.1:45577']
2026-09-28 22:29:04,114 [INFO] CoAP server [client-7] listening on 0.0.0.0:5791
2026-09-28 22:29:04,118 [INFO] FLClient client-7 started (mock=False)
2026-09-28 22:29:04,122 [INFO] Registered client client-7  iroh=2f70dbb788c6cc2c
2026-09-28 22:29:04,902 [INFO] Iroh node started: ffab758b283ad09e  addrs=['10.77.0.1:51953']
2026-09-28 22:29:04,926 [INFO] CoAP server [client-8] listening on 0.0.0.0:5792
2026-09-28 22:29:04,927 [INFO] FLClient client-8 started (mock=False)
2026-09-28 22:29:04,928 [INFO] Registered client client-8  iroh=ffab758b283ad09e
2026-09-28 22:29:06,578 [INFO] Iroh node started: e7ba5ba6f6642c6b  addrs=['10.77.0.1:52695']
2026-09-28 22:29:06,617 [INFO] CoAP server [client-9] listening on 0.0.0.0:5793
2026-09-28 22:29:06,623 [INFO] FLClient client-9 started (mock=False)
2026-09-28 22:29:06,630 [INFO] Registered client client-9  iroh=e7ba5ba6f6642c6b
2026-09-28 22:29:06,640 [INFO] Round 1 — sending model to 10 clients…
2026-09-28 22:29:06,643 [INFO] [client-0] Round 1 — receiving model…
2026-09-28 22:29:06,646 [INFO] [client-1] Round 1 — receiving model…
2026-09-28 22:29:06,651 [INFO] [client-2] Round 1 — receiving model…
2026-09-28 22:29:06,654 [INFO] [client-3] Round 1 — receiving model…
2026-09-28 22:29:06,658 [INFO] [client-4] Round 1 — receiving model…
2026-09-28 22:29:06,661 [INFO] [client-5] Round 1 — receiving model…
2026-09-28 22:29:06,666 [INFO] [client-6] Round 1 — receiving model…
2026-09-28 22:29:06,671 [INFO] [client-7] Round 1 — receiving model…
2026-09-28 22:29:06,676 [INFO] [client-8] Round 1 — receiving model…
2026-09-28 22:29:06,680 [INFO] [client-9] Round 1 — receiving model…
2026-09-28 22:29:06,969 [INFO] recv 13933B via direct in 11ms
2026-09-28 22:29:06,982 [INFO] [client-2] Round 1 — training locally…
2026-09-28 22:29:07,392 [INFO] [client-2] Round 1 — sending update…
2026-09-28 22:29:07,394 [INFO] recv 13933B via direct in 26ms
2026-09-28 22:29:07,398 [INFO] [client-0] Round 1 — training locally…
2026-09-28 22:29:07,489 [INFO] [client-0] Round 1 — sending update…
2026-09-28 22:29:07,492 [INFO] recv 13933B via direct in 26ms
2026-09-28 22:29:07,496 [INFO] [client-7] Round 1 — training locally…
2026-09-28 22:29:07,596 [INFO] [client-7] Round 1 — sending update…
2026-09-28 22:29:07,599 [INFO] send 13933B via direct in 33ms (3.35 Mbit/s) to cb851d12dad8d1aa
2026-09-28 22:29:07,603 [INFO] send 13933B via direct in 35ms (3.15 Mbit/s) to e873365b1613572d
2026-09-28 22:29:07,605 [INFO] send 13933B via direct in 35ms (3.15 Mbit/s) to 65c3512f069d1cf3
2026-09-28 22:29:07,608 [INFO] send 13933B via direct in 38ms (2.97 Mbit/s) to 2f70dbb788c6cc2c
2026-09-28 22:29:07,610 [INFO] recv 13933B via direct in 453ms
2026-09-28 22:29:07,613 [INFO] [client-1] Round 1 — training locally…
2026-09-28 22:29:07,733 [INFO] [client-1] Round 1 — sending update…
2026-09-28 22:29:07,735 [INFO] recv 13933B via direct in 439ms
2026-09-28 22:29:07,739 [INFO] [client-3] Round 1 — training locally…
2026-09-28 22:29:07,836 [INFO] [client-3] Round 1 — sending update…
2026-09-28 22:29:07,840 [INFO] recv 13933B via direct in 430ms
2026-09-28 22:29:07,845 [INFO] [client-5] Round 1 — training locally…
2026-09-28 22:29:07,953 [INFO] [client-5] Round 1 — sending update…
2026-09-28 22:29:07,955 [INFO] send 13933B via direct in 666ms (0.17 Mbit/s) to 7ac54b4ec562f6fc
2026-09-28 22:29:07,956 [INFO] send 13933B via direct in 674ms (0.17 Mbit/s) to ffab758b283ad09e
2026-09-28 22:29:07,958 [INFO] send 13933B via direct in 668ms (0.17 Mbit/s) to 5cc77ad352ab6e31
2026-09-28 22:29:07,959 [INFO] send 13933B via direct in 666ms (0.17 Mbit/s) to e7ba5ba6f6642c6b
2026-09-28 22:29:07,960 [INFO] recv 13933B via direct in 660ms
2026-09-28 22:29:07,963 [INFO] [client-8] Round 1 — training locally…
2026-09-28 22:29:08,067 [INFO] [client-8] Round 1 — sending update…
2026-09-28 22:29:08,078 [INFO] recv 13933B via direct in 640ms
2026-09-28 22:29:08,081 [INFO] [client-4] Round 1 — training locally…
2026-09-28 22:29:08,409 [INFO] [client-4] Round 1 — sending update…
2026-09-28 22:29:08,412 [INFO] send 13933B via direct in 666ms (0.17 Mbit/s) to cdcef3e84b643dd2
2026-09-28 22:29:08,417 [INFO] recv 13933B via direct in 641ms
2026-09-28 22:29:08,421 [INFO] [client-9] Round 1 — training locally…
2026-09-28 22:29:08,571 [INFO] [client-9] Round 1 — sending update…
2026-09-28 22:29:08,574 [INFO] send 13933B via direct in 669ms (0.17 Mbit/s) to 9b024aae874ca35c
2026-09-28 22:29:08,575 [INFO] recv 13933B via direct in 643ms
2026-09-28 22:29:08,578 [INFO] [client-6] Round 1 — training locally…
2026-09-28 22:29:08,756 [INFO] [client-6] Round 1 — sending update…
2026-09-28 22:29:08,760 [INFO] Round 1 — waiting for 10 updates…
2026-09-28 22:29:08,782 [INFO] send 13933B via direct in 1380ms (0.08 Mbit/s) to 0181e1b515fb3726
2026-09-28 22:29:08,807 [INFO] [client-2] Round 1 done — loss=1.0416 acc=0.4516  2.2s
2026-09-28 22:29:08,808 [INFO] [client-2] Round 2 — receiving model…
2026-09-28 22:29:08,810 [INFO] send 13933B via direct in 1282ms (0.09 Mbit/s) to 0181e1b515fb3726
2026-09-28 22:29:08,828 [INFO] [client-0] Round 1 done — loss=1.0608 acc=0.4588  2.2s
2026-09-28 22:29:08,830 [INFO] [client-0] Round 2 — receiving model…
2026-09-28 22:29:08,833 [INFO] send 13933B via direct in 1175ms (0.10 Mbit/s) to 0181e1b515fb3726
2026-09-28 22:29:08,865 [INFO] [client-7] Round 1 done — loss=1.0520 acc=0.4279  2.2s
2026-09-28 22:29:08,866 [INFO] [client-7] Round 2 — receiving model…
2026-09-28 22:29:08,874 [INFO] recv 13933B via direct in 1200ms
2026-09-28 22:29:08,878 [INFO] recv 13933B via direct in 1258ms
2026-09-28 22:29:08,881 [INFO] recv 13933B via direct in 1259ms
2026-09-28 22:29:08,885 [INFO] send 13933B via direct in 459ms (0.24 Mbit/s) to 0181e1b515fb3726
2026-09-28 22:29:08,911 [INFO] [client-4] Round 1 done — loss=1.0285 acc=0.4931  2.3s
2026-09-28 22:29:08,912 [INFO] [client-4] Round 2 — receiving model…
2026-09-28 22:29:08,914 [INFO] send 13933B via direct in 1136ms (0.10 Mbit/s) to 0181e1b515fb3726
2026-09-28 22:29:08,935 [INFO] [client-1] Round 1 done — loss=1.0824 acc=0.3925  2.3s
2026-09-28 22:29:08,936 [INFO] [client-1] Round 2 — receiving model…
2026-09-28 22:29:08,938 [INFO] send 13933B via direct in 1033ms (0.11 Mbit/s) to 0181e1b515fb3726
2026-09-28 22:29:08,962 [INFO] [client-3] Round 1 done — loss=1.0636 acc=0.4468  2.3s
2026-09-28 22:29:08,963 [INFO] [client-3] Round 2 — receiving model…
2026-09-28 22:29:08,964 [INFO] send 13933B via direct in 917ms (0.12 Mbit/s) to 0181e1b515fb3726
2026-09-28 22:29:08,989 [INFO] [client-5] Round 1 done — loss=1.0592 acc=0.4485  2.3s
2026-09-28 22:29:08,990 [INFO] [client-5] Round 2 — receiving model…
2026-09-28 22:29:08,991 [INFO] send 13933B via direct in 802ms (0.14 Mbit/s) to 0181e1b515fb3726
2026-09-28 22:29:09,034 [INFO] [client-8] Round 1 done — loss=0.8105 acc=0.6868  2.4s
2026-09-28 22:29:09,035 [INFO] [client-8] Round 2 — receiving model…
2026-09-28 22:29:09,038 [INFO] recv 13933B via direct in 113ms
2026-09-28 22:29:09,041 [INFO] recv 13933B via direct in 114ms
2026-09-28 22:29:09,045 [INFO] recv 13933B via direct in 121ms
2026-09-28 22:29:09,049 [INFO] recv 13933B via direct in 120ms
2026-09-28 22:29:09,052 [INFO] recv 13933B via direct in 144ms
2026-09-28 22:29:09,055 [INFO] recv 13933B via direct in 262ms
2026-09-28 22:29:09,058 [INFO] recv 13933B via direct in 261ms
2026-09-28 22:29:09,082 [INFO] Round 1/20  acc=0.3069  loss=1.1108  2.4s  clients=10
2026-09-28 22:29:09,084 [INFO] Round 2 — sending model to 10 clients…
2026-09-28 22:29:09,103 [INFO] send 13933B via direct in 479ms (0.23 Mbit/s) to 0181e1b515fb3726
2026-09-28 22:29:09,133 [INFO] [client-9] Round 1 done — loss=1.0519 acc=0.4603  2.5s
2026-09-28 22:29:09,134 [INFO] [client-9] Round 2 — receiving model…
2026-09-28 22:29:09,135 [INFO] send 13933B via direct in 293ms (0.38 Mbit/s) to 0181e1b515fb3726
2026-09-28 22:29:09,173 [INFO] [client-6] Round 1 done — loss=1.0513 acc=0.4535  2.5s
2026-09-28 22:29:09,175 [INFO] [client-6] Round 2 — receiving model…
2026-09-28 22:29:09,214 [INFO] send 13933B via direct in 115ms (0.97 Mbit/s) to e7ba5ba6f6642c6b
2026-09-28 22:29:09,215 [INFO] send 13933B via direct in 114ms (0.98 Mbit/s) to 5cc77ad352ab6e31
2026-09-28 22:29:09,218 [INFO] send 13933B via direct in 113ms (0.99 Mbit/s) to cb851d12dad8d1aa
2026-09-28 22:29:09,222 [INFO] send 13933B via direct in 112ms (1.00 Mbit/s) to 9b024aae874ca35c
2026-09-28 22:29:09,224 [INFO] send 13933B via direct in 111ms (1.01 Mbit/s) to 65c3512f069d1cf3
2026-09-28 22:29:09,226 [INFO] send 13933B via direct in 110ms (1.02 Mbit/s) to cdcef3e84b643dd2
2026-09-28 22:29:09,229 [INFO] send 13933B via direct in 109ms (1.03 Mbit/s) to ffab758b283ad09e
2026-09-28 22:29:09,235 [INFO] recv 13933B via direct in 32ms
2026-09-28 22:29:09,239 [INFO] [client-3] Round 2 — training locally…
2026-09-28 22:29:09,610 [INFO] [client-3] Round 2 — sending update…
2026-09-28 22:29:09,613 [INFO] recv 13933B via direct in 31ms
2026-09-28 22:29:09,617 [INFO] [client-1] Round 2 — training locally…
2026-09-28 22:29:09,778 [INFO] [client-1] Round 2 — sending update…
2026-09-28 22:29:09,782 [INFO] recv 13933B via direct in 32ms
2026-09-28 22:29:09,788 [INFO] [client-7] Round 2 — training locally…
2026-09-28 22:29:09,976 [INFO] [client-7] Round 2 — sending update…
2026-09-28 22:29:09,979 [INFO] recv 13933B via direct in 32ms
2026-09-28 22:29:09,985 [INFO] [client-9] Round 2 — training locally…
2026-09-28 22:29:10,144 [INFO] [client-9] Round 2 — sending update…
2026-09-28 22:29:10,146 [INFO] recv 13933B via direct in 37ms
2026-09-28 22:29:10,151 [INFO] [client-4] Round 2 — training locally…
2026-09-28 22:29:10,311 [INFO] [client-4] Round 2 — sending update…
2026-09-28 22:29:10,315 [INFO] recv 13933B via direct in 40ms
2026-09-28 22:29:10,318 [INFO] [client-2] Round 2 — training locally…
2026-09-28 22:29:10,723 [INFO] [client-2] Round 2 — sending update…
2026-09-28 22:29:10,727 [INFO] recv 13933B via direct in 44ms
2026-09-28 22:29:10,733 [INFO] [client-6] Round 2 — training locally…
2026-09-28 22:29:10,931 [INFO] [client-6] Round 2 — sending update…
2026-09-28 22:29:10,935 [INFO] recv 13933B via direct in 47ms
2026-09-28 22:29:10,940 [INFO] [client-0] Round 2 — training locally…
2026-09-28 22:29:11,149 [INFO] [client-0] Round 2 — sending update…
2026-09-28 22:29:11,153 [INFO] recv 13933B via direct in 49ms
2026-09-28 22:29:11,157 [INFO] [client-5] Round 2 — training locally…
2026-09-28 22:29:11,305 [INFO] [client-5] Round 2 — sending update…
2026-09-28 22:29:11,309 [INFO] recv 13933B via direct in 50ms
2026-09-28 22:29:11,313 [INFO] [client-8] Round 2 — training locally…
2026-09-28 22:29:11,468 [INFO] [client-8] Round 2 — sending update…
2026-09-28 22:29:11,488 [INFO] send 13933B via direct in 2382ms (0.05 Mbit/s) to e873365b1613572d
2026-09-28 22:29:11,494 [INFO] send 13933B via direct in 2381ms (0.05 Mbit/s) to 2f70dbb788c6cc2c
2026-09-28 22:29:11,496 [INFO] send 13933B via direct in 2385ms (0.05 Mbit/s) to 7ac54b4ec562f6fc
2026-09-28 22:29:11,498 [INFO] Round 2 — waiting for 10 updates…
2026-09-28 22:29:11,500 [INFO] send 13933B via direct in 1886ms (0.06 Mbit/s) to 0181e1b515fb3726
2026-09-28 22:29:11,519 [INFO] [client-3] Round 2 done — loss=1.0544 acc=0.4399  2.6s
2026-09-28 22:29:11,520 [INFO] [client-3] Round 3 — receiving model…
2026-09-28 22:29:11,528 [INFO] recv 13933B via direct in 48ms
2026-09-28 22:29:11,531 [INFO] recv 13933B via direct in 48ms
2026-09-28 22:29:11,533 [INFO] recv 13933B via direct in 48ms
2026-09-28 22:29:11,535 [INFO] recv 13933B via direct in 48ms
2026-09-28 22:29:11,537 [INFO] recv 13933B via direct in 48ms
2026-09-28 22:29:11,540 [INFO] recv 13933B via direct in 48ms
2026-09-28 22:29:11,542 [INFO] recv 13933B via direct in 49ms
2026-09-28 22:29:11,545 [INFO] send 13933B via direct in 1744ms (0.06 Mbit/s) to 0181e1b515fb3726
2026-09-28 22:29:11,563 [INFO] [client-1] Round 2 done — loss=1.0677 acc=0.3970  2.6s
2026-09-28 22:29:11,564 [INFO] [client-1] Round 3 — receiving model…
2026-09-28 22:29:11,565 [INFO] send 13933B via direct in 1547ms (0.07 Mbit/s) to 0181e1b515fb3726
2026-09-28 22:29:11,583 [INFO] [client-7] Round 2 done — loss=1.0334 acc=0.4530  2.7s
2026-09-28 22:29:11,585 [INFO] [client-7] Round 3 — receiving model…
2026-09-28 22:29:11,586 [INFO] send 13933B via direct in 1380ms (0.08 Mbit/s) to 0181e1b515fb3726
2026-09-28 22:29:11,604 [INFO] [client-9] Round 2 done — loss=1.0284 acc=0.5091  2.5s
2026-09-28 22:29:11,605 [INFO] [client-9] Round 3 — receiving model…
2026-09-28 22:29:11,606 [INFO] send 13933B via direct in 1212ms (0.09 Mbit/s) to 0181e1b515fb3726
2026-09-28 22:29:11,623 [INFO] [client-4] Round 2 done — loss=1.0311 acc=0.4808  2.7s
2026-09-28 22:29:11,624 [INFO] [client-4] Round 3 — receiving model…
2026-09-28 22:29:11,626 [INFO] send 13933B via direct in 800ms (0.14 Mbit/s) to 0181e1b515fb3726
2026-09-28 22:29:11,649 [INFO] [client-2] Round 2 done — loss=1.0231 acc=0.4633  2.8s
2026-09-28 22:29:11,650 [INFO] [client-2] Round 3 — receiving model…
2026-09-28 22:29:11,651 [INFO] send 13933B via direct in 592ms (0.19 Mbit/s) to 0181e1b515fb3726
2026-09-28 22:29:11,674 [INFO] [client-6] Round 2 done — loss=1.0261 acc=0.4837  2.5s
2026-09-28 22:29:11,675 [INFO] [client-6] Round 3 — receiving model…
2026-09-28 22:29:11,677 [INFO] recv 13933B via direct in 43ms
2026-09-28 22:29:11,680 [INFO] recv 13933B via direct in 41ms
2026-09-28 22:29:11,683 [INFO] recv 13933B via direct in 37ms
2026-09-28 22:29:11,706 [INFO] Round 2/20  acc=0.3830  loss=1.0906  2.6s  clients=10
2026-09-28 22:29:11,707 [INFO] Round 3 — sending model to 10 clients…
2026-09-28 22:29:11,720 [INFO] send 13933B via direct in 387ms (0.29 Mbit/s) to 0181e1b515fb3726
2026-09-28 22:29:11,741 [INFO] [client-0] Round 2 done — loss=1.0608 acc=0.4536  2.9s
2026-09-28 22:29:11,743 [INFO] [client-0] Round 3 — receiving model…
2026-09-28 22:29:11,744 [INFO] send 13933B via direct in 231ms (0.48 Mbit/s) to 0181e1b515fb3726
2026-09-28 22:29:11,861 [INFO] [client-5] Round 2 done — loss=1.0181 acc=0.5089  2.9s
2026-09-28 22:29:11,862 [INFO] [client-5] Round 3 — receiving model…
2026-09-28 22:29:11,864 [INFO] send 13933B via direct in 69ms (1.63 Mbit/s) to 0181e1b515fb3726
2026-09-28 22:29:11,886 [INFO] [client-8] Round 2 done — loss=0.7759 acc=0.7236  2.9s
2026-09-28 22:29:11,888 [INFO] [client-8] Round 3 — receiving model…
2026-09-28 22:29:11,916 [INFO] send 13933B via direct in 203ms (0.55 Mbit/s) to 2f70dbb788c6cc2c
2026-09-28 22:29:11,917 [INFO] send 13933B via direct in 202ms (0.55 Mbit/s) to 5cc77ad352ab6e31
2026-09-28 22:29:11,918 [INFO] send 13933B via direct in 201ms (0.56 Mbit/s) to e7ba5ba6f6642c6b
2026-09-28 22:29:11,919 [INFO] send 13933B via direct in 199ms (0.56 Mbit/s) to cb851d12dad8d1aa
2026-09-28 22:29:11,920 [INFO] send 13933B via direct in 198ms (0.56 Mbit/s) to 7ac54b4ec562f6fc
2026-09-28 22:29:11,922 [INFO] recv 13933B via direct in 22ms
2026-09-28 22:29:11,924 [INFO] [client-7] Round 3 — training locally…
2026-09-28 22:29:12,056 [INFO] [client-7] Round 3 — sending update…
2026-09-28 22:29:12,059 [INFO] recv 13933B via direct in 22ms
2026-09-28 22:29:12,062 [INFO] [client-4] Round 3 — training locally…
2026-09-28 22:29:12,188 [INFO] [client-4] Round 3 — sending update…
2026-09-28 22:29:12,190 [INFO] recv 13933B via direct in 23ms
2026-09-28 22:29:12,196 [INFO] [client-9] Round 3 — training locally…
2026-09-28 22:29:12,337 [INFO] [client-9] Round 3 — sending update…
2026-09-28 22:29:12,341 [INFO] send 13933B via direct in 196ms (0.57 Mbit/s) to 9b024aae874ca35c
2026-09-28 22:29:12,343 [INFO] send 13933B via direct in 195ms (0.57 Mbit/s) to e873365b1613572d
2026-09-28 22:29:12,345 [INFO] send 13933B via direct in 195ms (0.57 Mbit/s) to ffab758b283ad09e
2026-09-28 22:29:12,347 [INFO] send 13933B via direct in 197ms (0.57 Mbit/s) to cdcef3e84b643dd2
2026-09-28 22:29:12,348 [INFO] send 13933B via direct in 197ms (0.57 Mbit/s) to 65c3512f069d1cf3
2026-09-28 22:29:12,351 [INFO] recv 13933B via direct in 24ms
2026-09-28 22:29:12,353 [INFO] [client-2] Round 3 — training locally…
2026-09-28 22:29:12,495 [INFO] [client-2] Round 3 — sending update…
2026-09-28 22:29:12,497 [INFO] recv 13933B via direct in 25ms
2026-09-28 22:29:12,501 [INFO] [client-3] Round 3 — training locally…
2026-09-28 22:29:12,725 [INFO] [client-3] Round 3 — sending update…
2026-09-28 22:29:12,727 [INFO] recv 13933B via direct in 25ms
2026-09-28 22:29:12,732 [INFO] [client-5] Round 3 — training locally…
2026-09-28 22:29:12,888 [INFO] [client-5] Round 3 — sending update…
2026-09-28 22:29:12,892 [INFO] recv 13933B via direct in 28ms
2026-09-28 22:29:12,897 [INFO] [client-0] Round 3 — training locally…
2026-09-28 22:29:13,017 [INFO] [client-0] Round 3 — sending update…
2026-09-28 22:29:13,021 [INFO] recv 13933B via direct in 30ms
2026-09-28 22:29:13,025 [INFO] [client-6] Round 3 — training locally…
2026-09-28 22:29:13,181 [INFO] [client-6] Round 3 — sending update…
2026-09-28 22:29:13,184 [INFO] Round 3 — waiting for 10 updates…
2026-09-28 22:29:13,185 [INFO] recv 13933B via direct in 31ms
2026-09-28 22:29:13,189 [INFO] [client-1] Round 3 — training locally…
2026-09-28 22:29:13,402 [INFO] [client-1] Round 3 — sending update…
2026-09-28 22:29:13,405 [INFO] recv 13933B via direct in 450ms
2026-09-28 22:29:13,410 [INFO] [client-8] Round 3 — training locally…
2026-09-28 22:29:13,567 [INFO] [client-8] Round 3 — sending update…
2026-09-28 22:29:13,606 [INFO] recv 13933B via direct in 579ms
2026-09-28 22:29:13,609 [INFO] recv 13933B via direct in 417ms
2026-09-28 22:29:13,612 [INFO] send 13933B via direct in 196ms (0.57 Mbit/s) to 0181e1b515fb3726
2026-09-28 22:29:13,635 [INFO] [client-1] Round 3 done — loss=1.0654 acc=0.4234  2.1s
2026-09-28 22:29:13,636 [INFO] [client-1] Round 4 — receiving model…
2026-09-28 22:29:13,637 [INFO] recv 13933B via direct in 416ms
2026-09-28 22:29:13,644 [INFO] recv 13933B via direct in 23ms
2026-09-28 22:29:13,647 [INFO] recv 13933B via direct in 24ms
2026-09-28 22:29:13,649 [INFO] recv 13933B via direct in 24ms
2026-09-28 22:29:13,655 [INFO] recv 13933B via direct in 25ms
2026-09-28 22:29:13,658 [INFO] recv 13933B via direct in 57ms
2026-09-28 22:29:13,660 [INFO] recv 13933B via direct in 24ms
2026-09-28 22:29:13,663 [INFO] recv 13933B via direct in 49ms
2026-09-28 22:29:13,685 [INFO] Round 3/20  acc=0.4440  loss=1.0702  2.0s  clients=10
2026-09-28 22:29:13,687 [INFO] Round 4 — sending model to 10 clients…
2026-09-28 22:29:13,689 [INFO] send 13933B via direct in 1586ms (0.07 Mbit/s) to 0181e1b515fb3726
2026-09-28 22:29:13,724 [INFO] [client-7] Round 3 done — loss=1.0361 acc=0.4454  2.1s
2026-09-28 22:29:13,726 [INFO] [client-7] Round 4 — receiving model…
2026-09-28 22:29:13,727 [INFO] send 13933B via direct in 1454ms (0.08 Mbit/s) to 0181e1b515fb3726
2026-09-28 22:29:13,758 [INFO] [client-4] Round 3 done — loss=1.0230 acc=0.4842  2.1s
2026-09-28 22:29:13,759 [INFO] [client-4] Round 4 — receiving model…
2026-09-28 22:29:13,776 [INFO] send 13933B via direct in 1313ms (0.09 Mbit/s) to 0181e1b515fb3726
2026-09-28 22:29:13,811 [INFO] [client-9] Round 3 done — loss=1.0179 acc=0.5228  2.2s
2026-09-28 22:29:13,811 [INFO] [client-9] Round 4 — receiving model…
2026-09-28 22:29:13,813 [INFO] send 13933B via direct in 1156ms (0.10 Mbit/s) to 0181e1b515fb3726
2026-09-28 22:29:13,843 [INFO] [client-2] Round 3 done — loss=0.9935 acc=0.4945  2.2s
2026-09-28 22:29:13,844 [INFO] [client-2] Round 4 — receiving model…
2026-09-28 22:29:13,845 [INFO] send 13933B via direct in 926ms (0.12 Mbit/s) to 0181e1b515fb3726
2026-09-28 22:29:13,880 [INFO] [client-3] Round 3 done — loss=1.0490 acc=0.4530  2.4s
2026-09-28 22:29:13,881 [INFO] [client-3] Round 4 — receiving model…
2026-09-28 22:29:13,882 [INFO] send 13933B via direct in 763ms (0.15 Mbit/s) to 0181e1b515fb3726
2026-09-28 22:29:13,911 [INFO] [client-5] Round 3 done — loss=1.0016 acc=0.5340  2.0s
2026-09-28 22:29:13,912 [INFO] [client-5] Round 4 — receiving model…
2026-09-28 22:29:13,913 [INFO] send 13933B via direct in 634ms (0.18 Mbit/s) to 0181e1b515fb3726
2026-09-28 22:29:13,967 [INFO] [client-0] Round 3 done — loss=1.0579 acc=0.4562  2.2s
2026-09-28 22:29:13,968 [INFO] [client-0] Round 4 — receiving model…
2026-09-28 22:29:13,970 [INFO] send 13933B via direct in 471ms (0.24 Mbit/s) to 0181e1b515fb3726
2026-09-28 22:29:14,004 [INFO] [client-6] Round 3 done — loss=1.0195 acc=0.4851  2.3s
2026-09-28 22:29:14,005 [INFO] [client-6] Round 4 — receiving model…
2026-09-28 22:29:14,006 [INFO] send 13933B via direct in 84ms (1.33 Mbit/s) to 0181e1b515fb3726
2026-09-28 22:29:14,031 [INFO] [client-8] Round 3 done — loss=0.7703 acc=0.7229  2.1s
2026-09-28 22:29:14,032 [INFO] [client-8] Round 4 — receiving model…
2026-09-28 22:29:14,061 [INFO] recv 13933B via direct in 22ms
2026-09-28 22:29:14,064 [INFO] [client-8] Round 4 — training locally…
2026-09-28 22:29:14,210 [INFO] [client-8] Round 4 — sending update…
2026-09-28 22:29:14,216 [INFO] recv 13933B via direct in 22ms
2026-09-28 22:29:14,219 [INFO] [client-3] Round 4 — training locally…
2026-09-28 22:29:14,373 [INFO] [client-3] Round 4 — sending update…
2026-09-28 22:29:14,375 [INFO] recv 13933B via direct in 22ms
2026-09-28 22:29:14,378 [INFO] [client-6] Round 4 — training locally…
2026-09-28 22:29:14,529 [INFO] [client-6] Round 4 — sending update…
2026-09-28 22:29:14,543 [INFO] send 13933B via direct in 299ms (0.37 Mbit/s) to 7ac54b4ec562f6fc
2026-09-28 22:29:14,555 [INFO] send 13933B via direct in 448ms (0.25 Mbit/s) to 5cc77ad352ab6e31
2026-09-28 22:29:14,557 [INFO] send 13933B via direct in 447ms (0.25 Mbit/s) to cb851d12dad8d1aa
2026-09-28 22:29:14,559 [INFO] send 13933B via direct in 297ms (0.38 Mbit/s) to 9b024aae874ca35c
2026-09-28 22:29:14,561 [INFO] send 13933B via direct in 301ms (0.37 Mbit/s) to ffab758b283ad09e
2026-09-28 22:29:14,563 [INFO] recv 13933B via direct in 179ms
2026-09-28 22:29:14,566 [INFO] [client-4] Round 4 — training locally…
2026-09-28 22:29:14,784 [INFO] [client-4] Round 4 — sending update…
2026-09-28 22:29:14,788 [INFO] send 13933B via direct in 770ms (0.15 Mbit/s) to 65c3512f069d1cf3
2026-09-28 22:29:14,789 [INFO] send 13933B via direct in 769ms (0.15 Mbit/s) to e7ba5ba6f6642c6b
2026-09-28 22:29:14,790 [INFO] send 13933B via direct in 768ms (0.15 Mbit/s) to 2f70dbb788c6cc2c
2026-09-28 22:29:14,792 [INFO] send 13933B via direct in 767ms (0.15 Mbit/s) to cdcef3e84b643dd2
2026-09-28 22:29:14,792 [INFO] recv 13933B via direct in 495ms
2026-09-28 22:29:14,794 [INFO] [client-2] Round 4 — training locally…
2026-09-28 22:29:14,955 [INFO] [client-2] Round 4 — sending update…
2026-09-28 22:29:14,958 [INFO] send 13933B via direct in 766ms (0.15 Mbit/s) to e873365b1613572d
2026-09-28 22:29:14,962 [INFO] recv 13933B via direct in 502ms
2026-09-28 22:29:14,964 [INFO] [client-0] Round 4 — training locally…
2026-09-28 22:29:15,098 [INFO] [client-0] Round 4 — sending update…
2026-09-28 22:29:15,108 [INFO] Round 4 — waiting for 10 updates…
2026-09-28 22:29:15,109 [INFO] recv 13933B via direct in 516ms
2026-09-28 22:29:15,111 [INFO] [client-7] Round 4 — training locally…
2026-09-28 22:29:15,274 [INFO] [client-7] Round 4 — sending update…
2026-09-28 22:29:15,277 [INFO] recv 13933B via direct in 517ms
2026-09-28 22:29:15,281 [INFO] [client-9] Round 4 — training locally…
2026-09-28 22:29:15,420 [INFO] [client-9] Round 4 — sending update…
2026-09-28 22:29:15,422 [INFO] recv 13933B via direct in 517ms
2026-09-28 22:29:15,427 [INFO] [client-5] Round 4 — training locally…
2026-09-28 22:29:15,567 [INFO] [client-5] Round 4 — sending update…
2026-09-28 22:29:15,570 [INFO] recv 13933B via direct in 518ms
2026-09-28 22:29:15,573 [INFO] [client-1] Round 4 — training locally…
2026-09-28 22:29:15,746 [INFO] [client-1] Round 4 — sending update…
2026-09-28 22:29:15,768 [INFO] send 13933B via direct in 1545ms (0.07 Mbit/s) to 0181e1b515fb3726
2026-09-28 22:29:15,785 [INFO] [client-8] Round 4 done — loss=0.7712 acc=0.7136  1.8s
2026-09-28 22:29:15,786 [INFO] [client-8] Round 5 — receiving model…
2026-09-28 22:29:15,788 [INFO] send 13933B via direct in 1386ms (0.08 Mbit/s) to 0181e1b515fb3726
2026-09-28 22:29:15,816 [INFO] [client-3] Round 4 done — loss=1.0484 acc=0.4512  1.9s
2026-09-28 22:29:15,816 [INFO] [client-3] Round 5 — receiving model…
2026-09-28 22:29:15,826 [INFO] recv 13933B via direct in 1230ms
2026-09-28 22:29:15,829 [INFO] recv 13933B via direct in 1259ms
2026-09-28 22:29:15,832 [INFO] recv 13933B via direct in 1257ms
2026-09-28 22:29:15,835 [INFO] send 13933B via direct in 1290ms (0.09 Mbit/s) to 0181e1b515fb3726
2026-09-28 22:29:15,859 [INFO] [client-6] Round 4 done — loss=1.0194 acc=0.4792  1.9s
2026-09-28 22:29:15,859 [INFO] [client-6] Round 5 — receiving model…
2026-09-28 22:29:15,861 [INFO] send 13933B via direct in 545ms (0.20 Mbit/s) to 0181e1b515fb3726
2026-09-28 22:29:15,884 [INFO] [client-7] Round 4 done — loss=1.0304 acc=0.4530  2.2s
2026-09-28 22:29:15,885 [INFO] [client-7] Round 5 — receiving model…
2026-09-28 22:29:15,886 [INFO] send 13933B via direct in 1035ms (0.11 Mbit/s) to 0181e1b515fb3726
2026-09-28 22:29:15,917 [INFO] [client-4] Round 4 done — loss=1.0178 acc=0.4948  2.2s
2026-09-28 22:29:15,918 [INFO] [client-4] Round 5 — receiving model…
2026-09-28 22:29:15,919 [INFO] send 13933B via direct in 865ms (0.13 Mbit/s) to 0181e1b515fb3726
2026-09-28 22:29:15,941 [INFO] [client-2] Round 4 done — loss=0.9834 acc=0.5106  2.1s
2026-09-28 22:29:15,942 [INFO] [client-2] Round 5 — receiving model…
2026-09-28 22:29:15,943 [INFO] send 13933B via direct in 722ms (0.15 Mbit/s) to 0181e1b515fb3726
2026-09-28 22:29:15,964 [INFO] [client-0] Round 4 done — loss=1.0599 acc=0.4492  2.0s
2026-09-28 22:29:15,965 [INFO] [client-0] Round 5 — receiving model…
2026-09-28 22:29:15,966 [INFO] send 13933B via direct in 403ms (0.28 Mbit/s) to 0181e1b515fb3726
2026-09-28 22:29:15,990 [INFO] [client-9] Round 4 done — loss=1.0132 acc=0.5214  2.2s
2026-09-28 22:29:15,991 [INFO] [client-9] Round 5 — receiving model…
2026-09-28 22:29:15,993 [INFO] send 13933B via direct in 256ms (0.44 Mbit/s) to 0181e1b515fb3726
2026-09-28 22:29:16,018 [INFO] [client-5] Round 4 done — loss=0.9848 acc=0.5440  2.1s
2026-09-28 22:29:16,020 [INFO] [client-5] Round 5 — receiving model…
2026-09-28 22:29:16,022 [INFO] recv 13933B via direct in 81ms
2026-09-28 22:29:16,025 [INFO] recv 13933B via direct in 81ms
2026-09-28 22:29:16,027 [INFO] recv 13933B via direct in 81ms
2026-09-28 22:29:16,031 [INFO] recv 13933B via direct in 205ms
2026-09-28 22:29:16,034 [INFO] recv 13933B via direct in 232ms
2026-09-28 22:29:16,036 [INFO] recv 13933B via direct in 232ms
2026-09-28 22:29:16,039 [INFO] send 13933B via direct in 281ms (0.40 Mbit/s) to 0181e1b515fb3726
2026-09-28 22:29:16,063 [INFO] [client-1] Round 4 done — loss=1.0625 acc=0.4128  2.4s
2026-09-28 22:29:16,064 [INFO] [client-1] Round 5 — receiving model…
2026-09-28 22:29:16,065 [INFO] recv 13933B via direct in 262ms
2026-09-28 22:29:16,094 [INFO] Round 4/20  acc=0.4386  loss=1.0717  2.4s  clients=10
2026-09-28 22:29:16,095 [INFO] Round 5 — sending model to 10 clients…
2026-09-28 22:29:16,132 [INFO] send 13933B via direct in 30ms (3.67 Mbit/s) to 65c3512f069d1cf3
2026-09-28 22:29:16,132 [INFO] send 13933B via direct in 30ms (3.77 Mbit/s) to 7ac54b4ec562f6fc
2026-09-28 22:29:16,135 [INFO] recv 13933B via direct in 20ms
2026-09-28 22:29:16,137 [INFO] [client-0] Round 5 — training locally…
2026-09-28 22:29:16,245 [INFO] [client-0] Round 5 — sending update…
2026-09-28 22:29:16,248 [INFO] send 13933B via direct in 32ms (3.50 Mbit/s) to 2f70dbb788c6cc2c
2026-09-28 22:29:16,249 [INFO] recv 13933B via direct in 22ms
2026-09-28 22:29:16,251 [INFO] [client-7] Round 5 — training locally…
2026-09-28 22:29:16,409 [INFO] [client-7] Round 5 — sending update…
2026-09-28 22:29:16,411 [INFO] recv 13933B via direct in 22ms
2026-09-28 22:29:16,416 [INFO] [client-9] Round 5 — training locally…
2026-09-28 22:29:16,548 [INFO] [client-9] Round 5 — sending update…
2026-09-28 22:29:16,551 [INFO] recv 13933B via direct in 22ms
2026-09-28 22:29:16,556 [INFO] [client-3] Round 5 — training locally…
2026-09-28 22:29:16,744 [INFO] [client-3] Round 5 — sending update…
2026-09-28 22:29:16,747 [INFO] send 13933B via direct in 30ms (3.71 Mbit/s) to e7ba5ba6f6642c6b
2026-09-28 22:29:16,750 [INFO] send 13933B via direct in 30ms (3.75 Mbit/s) to cdcef3e84b643dd2
2026-09-28 22:29:16,752 [INFO] send 13933B via direct in 33ms (3.34 Mbit/s) to cb851d12dad8d1aa
2026-09-28 22:29:16,753 [INFO] send 13933B via direct in 33ms (3.38 Mbit/s) to ffab758b283ad09e
2026-09-28 22:29:16,755 [INFO] send 13933B via direct in 32ms (3.49 Mbit/s) to 9b024aae874ca35c
2026-09-28 22:29:16,756 [INFO] send 13933B via direct in 29ms (3.81 Mbit/s) to 5cc77ad352ab6e31
2026-09-28 22:29:16,758 [INFO] recv 13933B via direct in 12ms
2026-09-28 22:29:16,761 [INFO] [client-5] Round 5 — training locally…
2026-09-28 22:29:16,941 [INFO] [client-5] Round 5 — sending update…
2026-09-28 22:29:16,943 [INFO] recv 13933B via direct in 26ms
2026-09-28 22:29:16,948 [INFO] [client-2] Round 5 — training locally…
2026-09-28 22:29:17,055 [INFO] [client-2] Round 5 — sending update…
2026-09-28 22:29:17,059 [INFO] recv 13933B via direct in 27ms
2026-09-28 22:29:17,062 [INFO] [client-8] Round 5 — training locally…
2026-09-28 22:29:17,187 [INFO] [client-8] Round 5 — sending update…
2026-09-28 22:29:17,190 [INFO] recv 13933B via direct in 15ms
2026-09-28 22:29:17,194 [INFO] [client-6] Round 5 — training locally…
2026-09-28 22:29:17,314 [INFO] [client-6] Round 5 — sending update…
2026-09-28 22:29:17,316 [INFO] recv 13933B via direct in 8ms
2026-09-28 22:29:17,321 [INFO] [client-4] Round 5 — training locally…
2026-09-28 22:29:17,420 [INFO] [client-4] Round 5 — sending update…
2026-09-28 22:29:17,425 [INFO] send 13933B via direct in 643ms (0.17 Mbit/s) to e873365b1613572d
2026-09-28 22:29:17,433 [INFO] Round 5 — waiting for 10 updates…
2026-09-28 22:29:17,441 [INFO] recv 13933B via direct in 1296ms
2026-09-28 22:29:17,444 [INFO] [client-1] Round 5 — training locally…
2026-09-28 22:29:17,548 [INFO] [client-1] Round 5 — sending update…
2026-09-28 22:29:17,560 [INFO] send 13933B via direct in 1308ms (0.09 Mbit/s) to 0181e1b515fb3726
2026-09-28 22:29:17,577 [INFO] [client-0] Round 5 done — loss=1.0535 acc=0.4570  1.6s
2026-09-28 22:29:17,579 [INFO] [client-0] Round 6 — receiving model…
2026-09-28 22:29:17,580 [INFO] send 13933B via direct in 1144ms (0.10 Mbit/s) to 0181e1b515fb3726
2026-09-28 22:29:17,601 [INFO] [client-7] Round 5 done — loss=1.0296 acc=0.4584  1.7s
2026-09-28 22:29:17,602 [INFO] [client-7] Round 6 — receiving model…
2026-09-28 22:29:17,603 [INFO] send 13933B via direct in 1006ms (0.11 Mbit/s) to 0181e1b515fb3726
2026-09-28 22:29:17,623 [INFO] [client-9] Round 5 done — loss=1.0137 acc=0.5176  1.6s
2026-09-28 22:29:17,624 [INFO] [client-9] Round 6 — receiving model…
2026-09-28 22:29:17,626 [INFO] send 13933B via direct in 810ms (0.14 Mbit/s) to 0181e1b515fb3726
2026-09-28 22:29:17,643 [INFO] [client-3] Round 5 done — loss=1.0498 acc=0.4464  1.8s
2026-09-28 22:29:17,644 [INFO] [client-3] Round 6 — receiving model…
2026-09-28 22:29:17,652 [INFO] recv 13933B via direct in 135ms
2026-09-28 22:29:17,654 [INFO] recv 13933B via direct in 179ms
2026-09-28 22:29:17,657 [INFO] recv 13933B via direct in 201ms
2026-09-28 22:29:17,659 [INFO] recv 13933B via direct in 221ms
2026-09-28 22:29:17,663 [INFO] recv 13933B via direct in 220ms
2026-09-28 22:29:17,665 [INFO] recv 13933B via direct in 220ms
2026-09-28 22:29:17,667 [INFO] recv 13933B via direct in 220ms
2026-09-28 22:29:17,670 [INFO] send 13933B via direct in 708ms (0.16 Mbit/s) to 0181e1b515fb3726
2026-09-28 22:29:17,699 [INFO] [client-5] Round 5 done — loss=0.9863 acc=0.5436  1.7s
2026-09-28 22:29:17,701 [INFO] [client-5] Round 6 — receiving model…
2026-09-28 22:29:17,703 [INFO] send 13933B via direct in 593ms (0.19 Mbit/s) to 0181e1b515fb3726
2026-09-28 22:29:17,737 [INFO] [client-2] Round 5 done — loss=0.9779 acc=0.5124  1.8s
2026-09-28 22:29:17,739 [INFO] [client-2] Round 6 — receiving model…
2026-09-28 22:29:17,740 [INFO] send 13933B via direct in 462ms (0.24 Mbit/s) to 0181e1b515fb3726
2026-09-28 22:29:17,761 [INFO] [client-8] Round 5 done — loss=0.7697 acc=0.7139  2.0s
2026-09-28 22:29:17,762 [INFO] [client-8] Round 6 — receiving model…
2026-09-28 22:29:17,764 [INFO] send 13933B via direct in 335ms (0.33 Mbit/s) to 0181e1b515fb3726
2026-09-28 22:29:17,788 [INFO] [client-6] Round 5 done — loss=1.0163 acc=0.4847  1.9s
2026-09-28 22:29:17,789 [INFO] [client-6] Round 6 — receiving model…
2026-09-28 22:29:17,790 [INFO] send 13933B via direct in 229ms (0.49 Mbit/s) to 0181e1b515fb3726
2026-09-28 22:29:17,807 [INFO] [client-4] Round 5 done — loss=1.0190 acc=0.5014  1.9s
2026-09-28 22:29:17,808 [INFO] [client-4] Round 6 — receiving model…
2026-09-28 22:29:17,809 [INFO] recv 13933B via direct in 217ms
2026-09-28 22:29:17,811 [INFO] recv 13933B via direct in 221ms
2026-09-28 22:29:17,813 [INFO] recv 13933B via direct in 253ms
2026-09-28 22:29:17,832 [INFO] Round 5/20  acc=0.4499  loss=1.0699  1.7s  clients=10
2026-09-28 22:29:17,833 [INFO] Round 6 — sending model to 10 clients…
2026-09-28 22:29:17,835 [INFO] send 13933B via direct in 262ms (0.43 Mbit/s) to 0181e1b515fb3726
2026-09-28 22:29:17,853 [INFO] [client-1] Round 5 done — loss=1.0607 acc=0.4238  1.8s
2026-09-28 22:29:17,854 [INFO] [client-1] Round 6 — receiving model…
2026-09-28 22:29:17,895 [INFO] send 13933B via direct in 35ms (3.20 Mbit/s) to cb851d12dad8d1aa
2026-09-28 22:29:17,897 [INFO] send 13933B via direct in 35ms (3.18 Mbit/s) to 7ac54b4ec562f6fc
2026-09-28 22:29:17,898 [INFO] recv 13933B via direct in 23ms
2026-09-28 22:29:17,901 [INFO] [client-2] Round 6 — training locally…
2026-09-28 22:29:18,014 [INFO] [client-2] Round 6 — sending update…
2026-09-28 22:29:18,016 [INFO] recv 13933B via direct in 24ms
2026-09-28 22:29:18,019 [INFO] [client-6] Round 6 — training locally…
2026-09-28 22:29:18,125 [INFO] [client-6] Round 6 — sending update…
2026-09-28 22:29:18,133 [INFO] send 13933B via direct in 33ms (3.37 Mbit/s) to 9b024aae874ca35c
2026-09-28 22:29:18,136 [INFO] recv 13933B via direct in 25ms
2026-09-28 22:29:18,139 [INFO] [client-3] Round 6 — training locally…
2026-09-28 22:29:18,244 [INFO] [client-3] Round 6 — sending update…
2026-09-28 22:29:18,247 [INFO] recv 13933B via direct in 12ms
2026-09-28 22:29:18,252 [INFO] [client-4] Round 6 — training locally…
2026-09-28 22:29:18,368 [INFO] [client-4] Round 6 — sending update…
2026-09-28 22:29:18,370 [INFO] recv 13933B via direct in 26ms
2026-09-28 22:29:18,375 [INFO] [client-5] Round 6 — training locally…
2026-09-28 22:29:18,496 [INFO] [client-5] Round 6 — sending update…
2026-09-28 22:29:18,498 [INFO] recv 13933B via direct in 28ms
2026-09-28 22:29:18,501 [INFO] [client-0] Round 6 — training locally…
2026-09-28 22:29:18,598 [INFO] [client-0] Round 6 — sending update…
2026-09-28 22:29:18,602 [INFO] send 13933B via direct in 267ms (0.42 Mbit/s) to 5cc77ad352ab6e31
2026-09-28 22:29:18,605 [INFO] recv 13933B via direct in 254ms
2026-09-28 22:29:18,609 [INFO] [client-8] Round 6 — training locally…
2026-09-28 22:29:18,985 [INFO] [client-8] Round 6 — sending update…
2026-09-28 22:29:18,988 [INFO] recv 13933B via direct in 240ms
2026-09-28 22:29:18,993 [INFO] [client-1] Round 6 — training locally…
2026-09-28 22:29:19,139 [INFO] [client-1] Round 6 — sending update…
2026-09-28 22:29:19,147 [INFO] send 13933B via direct in 270ms (0.41 Mbit/s) to ffab758b283ad09e
2026-09-28 22:29:19,149 [INFO] send 13933B via direct in 265ms (0.42 Mbit/s) to e873365b1613572d
2026-09-28 22:29:19,150 [INFO] send 13933B via direct in 270ms (0.41 Mbit/s) to cdcef3e84b643dd2
2026-09-28 22:29:19,151 [INFO] send 13933B via direct in 271ms (0.41 Mbit/s) to 65c3512f069d1cf3
2026-09-28 22:29:19,153 [INFO] send 13933B via direct in 271ms (0.41 Mbit/s) to 2f70dbb788c6cc2c
2026-09-28 22:29:19,155 [INFO] send 13933B via direct in 270ms (0.41 Mbit/s) to e7ba5ba6f6642c6b
2026-09-28 22:29:19,159 [INFO] Round 6 — waiting for 10 updates…
2026-09-28 22:29:19,161 [INFO] recv 13933B via direct in 720ms
2026-09-28 22:29:19,164 [INFO] [client-7] Round 6 — training locally…
2026-09-28 22:29:19,283 [INFO] [client-7] Round 6 — sending update…
2026-09-28 22:29:19,294 [INFO] recv 13933B via direct in 721ms
2026-09-28 22:29:19,296 [INFO] [client-9] Round 6 — training locally…
2026-09-28 22:29:19,423 [INFO] [client-9] Round 6 — sending update…
2026-09-28 22:29:19,439 [INFO] send 13933B via direct in 1417ms (0.08 Mbit/s) to 0181e1b515fb3726
2026-09-28 22:29:19,457 [INFO] [client-2] Round 6 done — loss=0.9674 acc=0.5213  1.7s
2026-09-28 22:29:19,459 [INFO] [client-2] Round 7 — receiving model…
2026-09-28 22:29:19,467 [INFO] send 13933B via direct in 1308ms (0.09 Mbit/s) to 0181e1b515fb3726
2026-09-28 22:29:19,495 [INFO] [client-6] Round 6 done — loss=1.0159 acc=0.4889  1.7s
2026-09-28 22:29:19,497 [INFO] [client-6] Round 7 — receiving model…
2026-09-28 22:29:19,502 [INFO] send 13933B via direct in 861ms (0.13 Mbit/s) to 0181e1b515fb3726
2026-09-28 22:29:19,526 [INFO] [client-0] Round 6 done — loss=1.0556 acc=0.4631  1.9s
2026-09-28 22:29:19,527 [INFO] [client-0] Round 7 — receiving model…
2026-09-28 22:29:19,529 [INFO] recv 13933B via direct in 859ms
2026-09-28 22:29:19,533 [INFO] send 13933B via direct in 477ms (0.23 Mbit/s) to 0181e1b515fb3726
2026-09-28 22:29:19,564 [INFO] [client-8] Round 6 done — loss=0.7645 acc=0.7133  1.8s
2026-09-28 22:29:19,565 [INFO] [client-8] Round 7 — receiving model…
2026-09-28 22:29:19,567 [INFO] send 13933B via direct in 324ms (0.34 Mbit/s) to 0181e1b515fb3726
2026-09-28 22:29:19,588 [INFO] [client-1] Round 6 done — loss=1.0591 acc=0.4128  1.7s
2026-09-28 22:29:19,589 [INFO] [client-1] Round 7 — receiving model…
2026-09-28 22:29:19,590 [INFO] recv 13933B via direct in 317ms
2026-09-28 22:29:19,594 [INFO] send 13933B via direct in 1253ms (0.09 Mbit/s) to 0181e1b515fb3726
2026-09-28 22:29:19,620 [INFO] [client-3] Round 6 done — loss=1.0477 acc=0.4571  2.0s
2026-09-28 22:29:19,621 [INFO] [client-3] Round 7 — receiving model…
2026-09-28 22:29:19,622 [INFO] send 13933B via direct in 1130ms (0.10 Mbit/s) to 0181e1b515fb3726
2026-09-28 22:29:19,646 [INFO] [client-4] Round 6 done — loss=1.0194 acc=0.4921  1.8s
2026-09-28 22:29:19,648 [INFO] [client-4] Round 7 — receiving model…
2026-09-28 22:29:19,650 [INFO] send 13933B via direct in 1003ms (0.11 Mbit/s) to 0181e1b515fb3726
2026-09-28 22:29:19,669 [INFO] [client-5] Round 6 done — loss=0.9786 acc=0.5457  2.0s
2026-09-28 22:29:19,670 [INFO] [client-5] Round 7 — receiving model…
2026-09-28 22:29:19,671 [INFO] recv 13933B via direct in 342ms
2026-09-28 22:29:19,674 [INFO] recv 13933B via direct in 342ms
2026-09-28 22:29:19,677 [INFO] recv 13933B via direct in 344ms
2026-09-28 22:29:19,680 [INFO] recv 13933B via direct in 373ms
2026-09-28 22:29:19,682 [INFO] recv 13933B via direct in 280ms
2026-09-28 22:29:19,685 [INFO] send 13933B via direct in 165ms (0.68 Mbit/s) to 0181e1b515fb3726
2026-09-28 22:29:19,704 [INFO] [client-9] Round 6 done — loss=1.0150 acc=0.5211  2.1s
2026-09-28 22:29:19,706 [INFO] [client-9] Round 7 — receiving model…
2026-09-28 22:29:19,707 [INFO] send 13933B via direct in 307ms (0.36 Mbit/s) to 0181e1b515fb3726
2026-09-28 22:29:19,731 [INFO] [client-7] Round 6 done — loss=1.0322 acc=0.4389  2.1s
2026-09-28 22:29:19,732 [INFO] [client-7] Round 7 — receiving model…
2026-09-28 22:29:19,734 [INFO] recv 13933B via direct in 300ms
2026-09-28 22:29:19,738 [INFO] recv 13933B via direct in 243ms
2026-09-28 22:29:19,742 [INFO] recv 13933B via direct in 294ms
2026-09-28 22:29:19,764 [INFO] Round 6/20  acc=0.4429  loss=1.0753  1.9s  clients=10
2026-09-28 22:29:19,766 [INFO] Round 7 — sending model to 10 clients…
2026-09-28 22:29:19,808 [INFO] send 13933B via direct in 36ms (3.11 Mbit/s) to 9b024aae874ca35c
2026-09-28 22:29:19,811 [INFO] recv 13933B via direct in 24ms
2026-09-28 22:29:19,813 [INFO] [client-6] Round 7 — training locally…
2026-09-28 22:29:19,919 [INFO] [client-6] Round 7 — sending update…
2026-09-28 22:29:19,923 [INFO] recv 13933B via direct in 23ms
2026-09-28 22:29:19,926 [INFO] [client-2] Round 7 — training locally…
2026-09-28 22:29:20,047 [INFO] [client-2] Round 7 — sending update…
2026-09-28 22:29:20,051 [INFO] send 13933B via direct in 31ms (3.64 Mbit/s) to 5cc77ad352ab6e31
2026-09-28 22:29:20,053 [INFO] send 13933B via direct in 35ms (3.24 Mbit/s) to cb851d12dad8d1aa
2026-09-28 22:29:20,054 [INFO] recv 13933B via direct in 24ms
2026-09-28 22:29:20,057 [INFO] [client-4] Round 7 — training locally…
2026-09-28 22:29:20,171 [INFO] [client-4] Round 7 — sending update…
2026-09-28 22:29:20,174 [INFO] recv 13933B via direct in 24ms
2026-09-28 22:29:20,180 [INFO] [client-8] Round 7 — training locally…
2026-09-28 22:29:20,306 [INFO] [client-8] Round 7 — sending update…
2026-09-28 22:29:20,309 [INFO] send 13933B via direct in 35ms (3.19 Mbit/s) to cdcef3e84b643dd2
2026-09-28 22:29:20,310 [INFO] send 13933B via direct in 32ms (3.55 Mbit/s) to 7ac54b4ec562f6fc
2026-09-28 22:29:20,311 [INFO] send 13933B via direct in 31ms (3.62 Mbit/s) to 2f70dbb788c6cc2c
2026-09-28 22:29:20,312 [INFO] send 13933B via direct in 30ms (3.77 Mbit/s) to ffab758b283ad09e
2026-09-28 22:29:20,315 [INFO] recv 13933B via direct in 27ms
2026-09-28 22:29:20,317 [INFO] [client-3] Round 7 — training locally…
2026-09-28 22:29:20,454 [INFO] [client-3] Round 7 — sending update…
2026-09-28 22:29:20,458 [INFO] send 13933B via direct in 271ms (0.41 Mbit/s) to e873365b1613572d
2026-09-28 22:29:20,460 [INFO] recv 13933B via direct in 11ms
2026-09-28 22:29:20,464 [INFO] [client-7] Round 7 — training locally…
2026-09-28 22:29:20,576 [INFO] [client-7] Round 7 — sending update…
2026-09-28 22:29:20,578 [INFO] recv 13933B via direct in 268ms
2026-09-28 22:29:20,582 [INFO] [client-5] Round 7 — training locally…
2026-09-28 22:29:20,710 [INFO] [client-5] Round 7 — sending update…
2026-09-28 22:29:20,713 [INFO] recv 13933B via direct in 251ms
2026-09-28 22:29:20,717 [INFO] [client-1] Round 7 — training locally…
2026-09-28 22:29:20,836 [INFO] [client-1] Round 7 — sending update…
2026-09-28 22:29:20,840 [INFO] recv 13933B via direct in 268ms
2026-09-28 22:29:20,845 [INFO] [client-9] Round 7 — training locally…
2026-09-28 22:29:20,949 [INFO] [client-9] Round 7 — sending update…
2026-09-28 22:29:20,956 [INFO] send 13933B via direct in 528ms (0.21 Mbit/s) to 65c3512f069d1cf3
2026-09-28 22:29:20,957 [INFO] send 13933B via direct in 278ms (0.40 Mbit/s) to e7ba5ba6f6642c6b
2026-09-28 22:29:20,964 [INFO] recv 13933B via direct in 514ms
2026-09-28 22:29:20,967 [INFO] [client-0] Round 7 — training locally…
2026-09-28 22:29:21,092 [INFO] [client-0] Round 7 — sending update…
2026-09-28 22:29:21,097 [INFO] Round 7 — waiting for 10 updates…
2026-09-28 22:29:21,121 [INFO] send 13933B via direct in 1193ms (0.09 Mbit/s) to 0181e1b515fb3726
2026-09-28 22:29:21,161 [INFO] [client-6] Round 7 done — loss=1.0104 acc=0.4861  1.7s
2026-09-28 22:29:21,163 [INFO] [client-6] Round 8 — receiving model…
2026-09-28 22:29:21,173 [INFO] recv 13933B via direct in 707ms
2026-09-28 22:29:21,178 [INFO] recv 13933B via direct in 705ms
2026-09-28 22:29:21,181 [INFO] recv 13933B via direct in 214ms
2026-09-28 22:29:21,184 [INFO] recv 13933B via direct in 210ms
2026-09-28 22:29:21,187 [INFO] send 13933B via direct in 1119ms (0.10 Mbit/s) to 0181e1b515fb3726
2026-09-28 22:29:21,203 [INFO] [client-2] Round 7 done — loss=0.9664 acc=0.5127  1.7s
2026-09-28 22:29:21,204 [INFO] [client-2] Round 8 — receiving model…
2026-09-28 22:29:21,205 [INFO] send 13933B via direct in 995ms (0.11 Mbit/s) to 0181e1b515fb3726
2026-09-28 22:29:21,230 [INFO] [client-4] Round 7 done — loss=1.0188 acc=0.4887  1.6s
2026-09-28 22:29:21,231 [INFO] [client-4] Round 8 — receiving model…
2026-09-28 22:29:21,232 [INFO] send 13933B via direct in 861ms (0.13 Mbit/s) to 0181e1b515fb3726
2026-09-28 22:29:21,251 [INFO] [client-8] Round 7 done — loss=0.7674 acc=0.7115  1.7s
2026-09-28 22:29:21,253 [INFO] [client-8] Round 8 — receiving model…
2026-09-28 22:29:21,254 [INFO] send 13933B via direct in 713ms (0.16 Mbit/s) to 0181e1b515fb3726
2026-09-28 22:29:21,274 [INFO] [client-3] Round 7 done — loss=1.0412 acc=0.4619  1.7s
2026-09-28 22:29:21,275 [INFO] [client-3] Round 8 — receiving model…
2026-09-28 22:29:21,277 [INFO] send 13933B via direct in 592ms (0.19 Mbit/s) to 0181e1b515fb3726
2026-09-28 22:29:21,299 [INFO] [client-7] Round 7 done — loss=1.0286 acc=0.4540  1.6s
2026-09-28 22:29:21,300 [INFO] [client-7] Round 8 — receiving model…
2026-09-28 22:29:21,302 [INFO] send 13933B via direct in 459ms (0.24 Mbit/s) to 0181e1b515fb3726
2026-09-28 22:29:21,319 [INFO] [client-5] Round 7 done — loss=0.9802 acc=0.5467  1.6s
2026-09-28 22:29:21,321 [INFO] [client-5] Round 8 — receiving model…
2026-09-28 22:29:21,322 [INFO] send 13933B via direct in 332ms (0.34 Mbit/s) to 0181e1b515fb3726
2026-09-28 22:29:21,345 [INFO] [client-1] Round 7 done — loss=1.0594 acc=0.4227  1.8s
2026-09-28 22:29:21,346 [INFO] [client-1] Round 8 — receiving model…
2026-09-28 22:29:21,347 [INFO] send 13933B via direct in 220ms (0.51 Mbit/s) to 0181e1b515fb3726
2026-09-28 22:29:21,368 [INFO] [client-9] Round 7 done — loss=1.0185 acc=0.5147  1.7s
2026-09-28 22:29:21,369 [INFO] [client-9] Round 8 — receiving model…
2026-09-28 22:29:21,372 [INFO] recv 13933B via direct in 76ms
2026-09-28 22:29:21,375 [INFO] recv 13933B via direct in 75ms
2026-09-28 22:29:21,376 [INFO] recv 13933B via direct in 76ms
2026-09-28 22:29:21,378 [INFO] recv 13933B via direct in 76ms
2026-09-28 22:29:21,380 [INFO] recv 13933B via direct in 82ms
2026-09-28 22:29:21,383 [INFO] recv 13933B via direct in 254ms
2026-09-28 22:29:21,403 [INFO] Round 7/20  acc=0.4664  loss=1.0625  1.6s  clients=10
2026-09-28 22:29:21,405 [INFO] Round 8 — sending model to 10 clients…
2026-09-28 22:29:21,417 [INFO] send 13933B via direct in 285ms (0.39 Mbit/s) to 0181e1b515fb3726
2026-09-28 22:29:21,442 [INFO] [client-0] Round 7 done — loss=1.0528 acc=0.4570  1.9s
2026-09-28 22:29:21,443 [INFO] [client-0] Round 8 — receiving model…
2026-09-28 22:29:21,473 [INFO] send 13933B via direct in 55ms (2.02 Mbit/s) to 65c3512f069d1cf3
2026-09-28 22:29:21,475 [INFO] send 13933B via direct in 55ms (2.04 Mbit/s) to cdcef3e84b643dd2
2026-09-28 22:29:21,477 [INFO] send 13933B via direct in 54ms (2.07 Mbit/s) to 7ac54b4ec562f6fc
2026-09-28 22:29:21,478 [INFO] send 13933B via direct in 60ms (1.87 Mbit/s) to 2f70dbb788c6cc2c
2026-09-28 22:29:21,480 [INFO] send 13933B via direct in 58ms (1.94 Mbit/s) to cb851d12dad8d1aa
2026-09-28 22:29:21,481 [INFO] send 13933B via direct in 59ms (1.91 Mbit/s) to ffab758b283ad09e
2026-09-28 22:29:21,485 [INFO] recv 13933B via direct in 25ms
2026-09-28 22:29:21,488 [INFO] [client-6] Round 8 — training locally…
2026-09-28 22:29:21,606 [INFO] [client-6] Round 8 — sending update…
2026-09-28 22:29:21,608 [INFO] recv 13933B via direct in 25ms
2026-09-28 22:29:21,613 [INFO] [client-1] Round 8 — training locally…
2026-09-28 22:29:21,739 [INFO] [client-1] Round 8 — sending update…
2026-09-28 22:29:21,743 [INFO] recv 13933B via direct in 25ms
2026-09-28 22:29:21,748 [INFO] [client-4] Round 8 — training locally…
2026-09-28 22:29:21,851 [INFO] [client-4] Round 8 — sending update…
2026-09-28 22:29:21,853 [INFO] recv 13933B via direct in 25ms
2026-09-28 22:29:21,858 [INFO] [client-9] Round 8 — training locally…
2026-09-28 22:29:21,967 [INFO] [client-9] Round 8 — sending update…
2026-09-28 22:29:21,970 [INFO] recv 13933B via direct in 25ms
2026-09-28 22:29:21,975 [INFO] [client-7] Round 8 — training locally…
2026-09-28 22:29:22,080 [INFO] [client-7] Round 8 — sending update…
2026-09-28 22:29:22,084 [INFO] recv 13933B via direct in 25ms
2026-09-28 22:29:22,088 [INFO] [client-8] Round 8 — training locally…
2026-09-28 22:29:22,202 [INFO] [client-8] Round 8 — sending update…
2026-09-28 22:29:22,205 [INFO] recv 13933B via direct in 25ms
2026-09-28 22:29:22,209 [INFO] [client-2] Round 8 — training locally…
2026-09-28 22:29:22,306 [INFO] [client-2] Round 8 — sending update…
2026-09-28 22:29:22,310 [INFO] recv 13933B via direct in 27ms
2026-09-28 22:29:22,314 [INFO] [client-0] Round 8 — training locally…
2026-09-28 22:29:22,472 [INFO] [client-0] Round 8 — sending update…
2026-09-28 22:29:22,475 [INFO] recv 13933B via direct in 28ms
2026-09-28 22:29:22,479 [INFO] [client-5] Round 8 — training locally…
2026-09-28 22:29:22,603 [INFO] [client-5] Round 8 — sending update…
2026-09-28 22:29:22,608 [INFO] recv 13933B via direct in 34ms
2026-09-28 22:29:22,611 [INFO] [client-3] Round 8 — training locally…
2026-09-28 22:29:22,720 [INFO] [client-3] Round 8 — sending update…
2026-09-28 22:29:22,743 [INFO] send 13933B via direct in 1316ms (0.08 Mbit/s) to 9b024aae874ca35c
2026-09-28 22:29:22,745 [INFO] send 13933B via direct in 1315ms (0.08 Mbit/s) to e873365b1613572d
2026-09-28 22:29:22,746 [INFO] send 13933B via direct in 1314ms (0.09 Mbit/s) to e7ba5ba6f6642c6b
2026-09-28 22:29:22,750 [INFO] send 13933B via direct in 1314ms (0.09 Mbit/s) to 5cc77ad352ab6e31
2026-09-28 22:29:22,755 [INFO] Round 8 — waiting for 10 updates…
2026-09-28 22:29:22,761 [INFO] recv 13933B via direct in 32ms
2026-09-28 22:29:22,763 [INFO] recv 13933B via direct in 32ms
2026-09-28 22:29:22,766 [INFO] recv 13933B via direct in 32ms
2026-09-28 22:29:22,769 [INFO] recv 13933B via direct in 32ms
2026-09-28 22:29:22,772 [INFO] recv 13933B via direct in 32ms
2026-09-28 22:29:22,775 [INFO] recv 13933B via direct in 32ms
2026-09-28 22:29:22,778 [INFO] recv 13933B via direct in 32ms
2026-09-28 22:29:22,780 [INFO] recv 13933B via direct in 33ms
2026-09-28 22:29:22,783 [INFO] recv 13933B via direct in 18ms
2026-09-28 22:29:22,787 [INFO] recv 13933B via direct in 23ms
2026-09-28 22:29:22,813 [INFO] Round 8/20  acc=0.4580  loss=1.0700  1.4s  clients=10
2026-09-28 22:29:22,815 [INFO] Round 9 — sending model to 10 clients…
2026-09-28 22:29:22,831 [INFO] send 13933B via direct in 1175ms (0.10 Mbit/s) to 0181e1b515fb3726
2026-09-28 22:29:22,853 [INFO] [client-6] Round 8 done — loss=1.0146 acc=0.4948  1.7s
2026-09-28 22:29:22,855 [INFO] [client-6] Round 9 — receiving model…
2026-09-28 22:29:22,856 [INFO] send 13933B via direct in 1041ms (0.11 Mbit/s) to 0181e1b515fb3726
2026-09-28 22:29:22,874 [INFO] [client-1] Round 8 done — loss=1.0554 acc=0.4303  1.5s
2026-09-28 22:29:22,875 [INFO] [client-1] Round 9 — receiving model…
2026-09-28 22:29:22,876 [INFO] send 13933B via direct in 930ms (0.12 Mbit/s) to 0181e1b515fb3726
2026-09-28 22:29:22,894 [INFO] [client-4] Round 8 done — loss=1.0231 acc=0.4900  1.7s
2026-09-28 22:29:22,895 [INFO] [client-4] Round 9 — receiving model…
2026-09-28 22:29:22,896 [INFO] send 13933B via direct in 814ms (0.14 Mbit/s) to 0181e1b515fb3726
2026-09-28 22:29:22,919 [INFO] [client-9] Round 8 done — loss=1.0126 acc=0.5274  1.5s
2026-09-28 22:29:22,920 [INFO] [client-9] Round 9 — receiving model…
2026-09-28 22:29:22,922 [INFO] send 13933B via direct in 703ms (0.16 Mbit/s) to 0181e1b515fb3726
2026-09-28 22:29:22,946 [INFO] [client-7] Round 8 done — loss=1.0323 acc=0.4392  1.6s
2026-09-28 22:29:22,947 [INFO] [client-7] Round 9 — receiving model…
2026-09-28 22:29:22,948 [INFO] send 13933B via direct in 581ms (0.19 Mbit/s) to 0181e1b515fb3726
2026-09-28 22:29:22,965 [INFO] [client-8] Round 8 done — loss=0.7675 acc=0.7102  1.7s
2026-09-28 22:29:22,967 [INFO] [client-8] Round 9 — receiving model…
2026-09-28 22:29:22,968 [INFO] send 13933B via direct in 477ms (0.23 Mbit/s) to 0181e1b515fb3726
2026-09-28 22:29:22,989 [INFO] [client-2] Round 8 done — loss=0.9668 acc=0.5144  1.8s
2026-09-28 22:29:22,990 [INFO] [client-2] Round 9 — receiving model…
2026-09-28 22:29:22,992 [INFO] send 13933B via direct in 312ms (0.36 Mbit/s) to 0181e1b515fb3726
2026-09-28 22:29:23,018 [INFO] [client-0] Round 8 done — loss=1.0520 acc=0.4583  1.6s
2026-09-28 22:29:23,019 [INFO] [client-0] Round 9 — receiving model…
2026-09-28 22:29:23,022 [INFO] send 13933B via direct in 181ms (0.62 Mbit/s) to 0181e1b515fb3726
2026-09-28 22:29:23,046 [INFO] [client-5] Round 8 done — loss=0.9775 acc=0.5515  1.7s
2026-09-28 22:29:23,047 [INFO] [client-5] Round 9 — receiving model…
2026-09-28 22:29:23,050 [INFO] send 13933B via direct in 199ms (0.56 Mbit/s) to 0181e1b515fb3726
2026-09-28 22:29:23,067 [INFO] [client-3] Round 8 done — loss=1.0464 acc=0.4492  1.8s
2026-09-28 22:29:23,068 [INFO] [client-3] Round 9 — receiving model…
2026-09-28 22:29:23,095 [INFO] send 13933B via direct in 267ms (0.42 Mbit/s) to cb851d12dad8d1aa
2026-09-28 22:29:23,097 [INFO] send 13933B via direct in 267ms (0.42 Mbit/s) to 2f70dbb788c6cc2c
2026-09-28 22:29:23,099 [INFO] send 13933B via direct in 265ms (0.42 Mbit/s) to e7ba5ba6f6642c6b
2026-09-28 22:29:23,100 [INFO] send 13933B via direct in 270ms (0.41 Mbit/s) to cdcef3e84b643dd2
2026-09-28 22:29:23,101 [INFO] send 13933B via direct in 273ms (0.41 Mbit/s) to 7ac54b4ec562f6fc
2026-09-28 22:29:23,103 [INFO] recv 13933B via direct in 44ms
2026-09-28 22:29:23,105 [INFO] [client-8] Round 9 — training locally…
2026-09-28 22:29:23,236 [INFO] [client-8] Round 9 — sending update…
2026-09-28 22:29:23,240 [INFO] recv 13933B via direct in 44ms
2026-09-28 22:29:23,247 [INFO] [client-0] Round 9 — training locally…
2026-09-28 22:29:23,398 [INFO] [client-0] Round 9 — sending update…
2026-09-28 22:29:23,401 [INFO] recv 13933B via direct in 44ms
2026-09-28 22:29:23,406 [INFO] [client-1] Round 9 — training locally…
2026-09-28 22:29:23,531 [INFO] [client-1] Round 9 — sending update…
2026-09-28 22:29:23,533 [INFO] recv 13933B via direct in 44ms
2026-09-28 22:29:23,537 [INFO] [client-3] Round 9 — training locally…
2026-09-28 22:29:23,661 [INFO] [client-3] Round 9 — sending update…
2026-09-28 22:29:23,665 [INFO] send 13933B via direct in 264ms (0.42 Mbit/s) to 9b024aae874ca35c
2026-09-28 22:29:23,666 [INFO] recv 13933B via direct in 44ms
2026-09-28 22:29:23,669 [INFO] [client-5] Round 9 — training locally…
2026-09-28 22:29:23,807 [INFO] [client-5] Round 9 — sending update…
2026-09-28 22:29:23,809 [INFO] recv 13933B via direct in 44ms
2026-09-28 22:29:23,814 [INFO] [client-2] Round 9 — training locally…
2026-09-28 22:29:23,968 [INFO] [client-2] Round 9 — sending update…
2026-09-28 22:29:23,972 [INFO] send 13933B via direct in 264ms (0.42 Mbit/s) to 5cc77ad352ab6e31
2026-09-28 22:29:23,974 [INFO] recv 13933B via direct in 44ms
2026-09-28 22:29:23,976 [INFO] [client-7] Round 9 — training locally…
2026-09-28 22:29:24,119 [INFO] [client-7] Round 9 — sending update…
2026-09-28 22:29:24,122 [INFO] recv 13933B via direct in 44ms
2026-09-28 22:29:24,127 [INFO] [client-9] Round 9 — training locally…
2026-09-28 22:29:24,274 [INFO] [client-9] Round 9 — sending update…
2026-09-28 22:29:24,280 [INFO] recv 13933B via direct in 45ms
2026-09-28 22:29:24,284 [INFO] [client-6] Round 9 — training locally…
2026-09-28 22:29:24,484 [INFO] [client-6] Round 9 — sending update…
2026-09-28 22:29:24,487 [INFO] recv 13933B via direct in 45ms
2026-09-28 22:29:24,490 [INFO] [client-4] Round 9 — training locally…
2026-09-28 22:29:24,630 [INFO] [client-4] Round 9 — sending update…
2026-09-28 22:29:24,652 [INFO] send 13933B via direct in 1462ms (0.08 Mbit/s) to ffab758b283ad09e
2026-09-28 22:29:24,659 [INFO] send 13933B via direct in 1461ms (0.08 Mbit/s) to 65c3512f069d1cf3
2026-09-28 22:29:24,660 [INFO] send 13933B via direct in 1460ms (0.08 Mbit/s) to e873365b1613572d
2026-09-28 22:29:24,663 [INFO] Round 9 — waiting for 10 updates…
2026-09-28 22:29:24,672 [INFO] recv 13933B via direct in 35ms
2026-09-28 22:29:24,675 [INFO] recv 13933B via direct in 35ms
2026-09-28 22:29:24,679 [INFO] recv 13933B via direct in 35ms
2026-09-28 22:29:24,681 [INFO] recv 13933B via direct in 36ms
2026-09-28 22:29:24,684 [INFO] recv 13933B via direct in 36ms
2026-09-28 22:29:24,686 [INFO] recv 13933B via direct in 36ms
2026-09-28 22:29:24,688 [INFO] recv 13933B via direct in 36ms
2026-09-28 22:29:24,691 [INFO] send 13933B via direct in 38ms (2.94 Mbit/s) to 0181e1b515fb3726
2026-09-28 22:29:24,715 [INFO] [client-4] Round 9 done — loss=1.0102 acc=0.4894  1.8s
2026-09-28 22:29:24,716 [INFO] [client-4] Round 10 — receiving model…
2026-09-28 22:29:24,717 [INFO] recv 13933B via direct in 17ms
2026-09-28 22:29:24,719 [INFO] recv 13933B via direct in 17ms
2026-09-28 22:29:24,725 [INFO] recv 13933B via direct in 54ms
2026-09-28 22:29:24,749 [INFO] Round 9/20  acc=0.4645  loss=1.0623  1.9s  clients=10
2026-09-28 22:29:24,751 [INFO] Round 10 — sending model to 10 clients…
2026-09-28 22:29:24,752 [INFO] send 13933B via direct in 1482ms (0.08 Mbit/s) to 0181e1b515fb3726
2026-09-28 22:29:24,778 [INFO] [client-8] Round 9 done — loss=0.7636 acc=0.7139  1.8s
2026-09-28 22:29:24,779 [INFO] [client-8] Round 10 — receiving model…
2026-09-28 22:29:24,780 [INFO] send 13933B via direct in 1321ms (0.08 Mbit/s) to 0181e1b515fb3726
2026-09-28 22:29:24,811 [INFO] [client-0] Round 9 done — loss=1.0529 acc=0.4549  1.8s
2026-09-28 22:29:24,812 [INFO] [client-0] Round 10 — receiving model…
2026-09-28 22:29:24,814 [INFO] send 13933B via direct in 1189ms (0.09 Mbit/s) to 0181e1b515fb3726
2026-09-28 22:29:24,837 [INFO] [client-1] Round 9 done — loss=1.0593 acc=0.4275  2.0s
2026-09-28 22:29:24,839 [INFO] [client-1] Round 10 — receiving model…
2026-09-28 22:29:24,840 [INFO] send 13933B via direct in 1058ms (0.11 Mbit/s) to 0181e1b515fb3726
2026-09-28 22:29:24,866 [INFO] [client-3] Round 9 done — loss=1.0408 acc=0.4516  1.8s
2026-09-28 22:29:24,868 [INFO] [client-3] Round 10 — receiving model…
2026-09-28 22:29:24,869 [INFO] send 13933B via direct in 913ms (0.12 Mbit/s) to 0181e1b515fb3726
2026-09-28 22:29:24,898 [INFO] [client-5] Round 9 done — loss=0.9743 acc=0.5505  1.9s
2026-09-28 22:29:24,899 [INFO] [client-5] Round 10 — receiving model…
2026-09-28 22:29:24,901 [INFO] send 13933B via direct in 752ms (0.15 Mbit/s) to 0181e1b515fb3726
2026-09-28 22:29:24,939 [INFO] [client-2] Round 9 done — loss=0.9644 acc=0.5299  1.9s
2026-09-28 22:29:24,942 [INFO] [client-2] Round 10 — receiving model…
2026-09-28 22:29:24,955 [INFO] send 13933B via direct in 602ms (0.19 Mbit/s) to 0181e1b515fb3726
2026-09-28 22:29:25,072 [INFO] [client-7] Round 9 done — loss=1.0309 acc=0.4502  2.1s
2026-09-28 22:29:25,074 [INFO] [client-7] Round 10 — receiving model…
2026-09-28 22:29:25,075 [INFO] send 13933B via direct in 447ms (0.25 Mbit/s) to 0181e1b515fb3726
2026-09-28 22:29:25,100 [INFO] [client-9] Round 9 done — loss=1.0138 acc=0.5246  2.2s
2026-09-28 22:29:25,101 [INFO] [client-9] Round 10 — receiving model…
2026-09-28 22:29:25,102 [INFO] send 13933B via direct in 237ms (0.47 Mbit/s) to 0181e1b515fb3726
2026-09-28 22:29:25,129 [INFO] [client-6] Round 9 done — loss=1.0111 acc=0.4990  2.3s
2026-09-28 22:29:25,130 [INFO] [client-6] Round 10 — receiving model…
2026-09-28 22:29:25,157 [INFO] send 13933B via direct in 209ms (0.54 Mbit/s) to 5cc77ad352ab6e31
2026-09-28 22:29:25,159 [INFO] send 13933B via direct in 205ms (0.55 Mbit/s) to 2f70dbb788c6cc2c
2026-09-28 22:29:25,161 [INFO] send 13933B via direct in 210ms (0.53 Mbit/s) to e7ba5ba6f6642c6b
2026-09-28 22:29:25,163 [INFO] recv 13933B via direct in 22ms
2026-09-28 22:29:25,166 [INFO] [client-9] Round 10 — training locally…
2026-09-28 22:29:25,312 [INFO] [client-9] Round 10 — sending update…
2026-09-28 22:29:25,316 [INFO] recv 13933B via direct in 22ms
2026-09-28 22:29:25,321 [INFO] [client-4] Round 10 — training locally…
2026-09-28 22:29:25,494 [INFO] [client-4] Round 10 — sending update…
2026-09-28 22:29:25,497 [INFO] recv 13933B via direct in 22ms
2026-09-28 22:29:25,502 [INFO] [client-6] Round 10 — training locally…
2026-09-28 22:29:25,714 [INFO] [client-6] Round 10 — sending update…
2026-09-28 22:29:25,717 [INFO] send 13933B via direct in 205ms (0.55 Mbit/s) to cb851d12dad8d1aa
2026-09-28 22:29:25,720 [INFO] send 13933B via direct in 205ms (0.55 Mbit/s) to 7ac54b4ec562f6fc
2026-09-28 22:29:25,722 [INFO] send 13933B via direct in 207ms (0.54 Mbit/s) to 9b024aae874ca35c
2026-09-28 22:29:25,723 [INFO] send 13933B via direct in 204ms (0.55 Mbit/s) to e873365b1613572d
2026-09-28 22:29:25,724 [INFO] send 13933B via direct in 203ms (0.55 Mbit/s) to cdcef3e84b643dd2
2026-09-28 22:29:25,726 [INFO] send 13933B via direct in 203ms (0.55 Mbit/s) to 65c3512f069d1cf3
2026-09-28 22:29:25,727 [INFO] recv 13933B via direct in 22ms
2026-09-28 22:29:25,730 [INFO] [client-7] Round 10 — training locally…
2026-09-28 22:29:25,893 [INFO] [client-7] Round 10 — sending update…
2026-09-28 22:29:25,896 [INFO] recv 13933B via direct in 22ms
2026-09-28 22:29:25,899 [INFO] [client-2] Round 10 — training locally…
2026-09-28 22:29:26,046 [INFO] [client-2] Round 10 — sending update…
2026-09-28 22:29:26,049 [INFO] send 13933B via direct in 202ms (0.55 Mbit/s) to ffab758b283ad09e
2026-09-28 22:29:26,051 [INFO] recv 13933B via direct in 23ms
2026-09-28 22:29:26,054 [INFO] [client-3] Round 10 — training locally…
2026-09-28 22:29:26,199 [INFO] [client-3] Round 10 — sending update…
2026-09-28 22:29:26,202 [INFO] recv 13933B via direct in 23ms
2026-09-28 22:29:26,207 [INFO] [client-1] Round 10 — training locally…
2026-09-28 22:29:26,341 [INFO] [client-1] Round 10 — sending update…
2026-09-28 22:29:26,345 [INFO] recv 13933B via direct in 23ms
2026-09-28 22:29:26,350 [INFO] [client-0] Round 10 — training locally…
2026-09-28 22:29:26,424 [INFO] [client-0] Round 10 — sending update…
2026-09-28 22:29:26,426 [INFO] recv 13933B via direct in 24ms
2026-09-28 22:29:26,429 [INFO] [client-5] Round 10 — training locally…
2026-09-28 22:29:26,547 [INFO] [client-5] Round 10 — sending update…
2026-09-28 22:29:26,551 [INFO] Round 10 — waiting for 10 updates…
2026-09-28 22:29:26,554 [INFO] recv 13933B via direct in 30ms
2026-09-28 22:29:26,558 [INFO] [client-8] Round 10 — training locally…
2026-09-28 22:29:26,658 [INFO] [client-8] Round 10 — sending update…
2026-09-28 22:29:26,690 [INFO] send 13933B via direct in 791ms (0.14 Mbit/s) to 0181e1b515fb3726
2026-09-28 22:29:26,710 [INFO] [client-7] Round 10 done — loss=1.0322 acc=0.4351  1.6s
2026-09-28 22:29:26,712 [INFO] [client-7] Round 11 — receiving model…
2026-09-28 22:29:26,715 [INFO] send 13933B via direct in 1191ms (0.09 Mbit/s) to 0181e1b515fb3726
2026-09-28 22:29:26,739 [INFO] [client-4] Round 10 done — loss=1.0156 acc=0.4924  2.0s
2026-09-28 22:29:26,741 [INFO] [client-4] Round 11 — receiving model…
2026-09-28 22:29:26,742 [INFO] send 13933B via direct in 970ms (0.12 Mbit/s) to 0181e1b515fb3726
2026-09-28 22:29:26,766 [INFO] [client-6] Round 10 done — loss=1.0155 acc=0.4788  1.6s
2026-09-28 22:29:26,768 [INFO] [client-6] Round 11 — receiving model…
2026-09-28 22:29:26,769 [INFO] recv 13933B via direct in 133ms
2026-09-28 22:29:26,771 [INFO] recv 13933B via direct in 134ms
2026-09-28 22:29:26,773 [INFO] send 13933B via direct in 486ms (0.23 Mbit/s) to 0181e1b515fb3726
2026-09-28 22:29:26,792 [INFO] [client-3] Round 10 done — loss=1.0408 acc=0.4557  1.9s
2026-09-28 22:29:26,793 [INFO] [client-3] Round 11 — receiving model…
2026-09-28 22:29:26,795 [INFO] send 13933B via direct in 640ms (0.17 Mbit/s) to 0181e1b515fb3726
2026-09-28 22:29:26,812 [INFO] [client-2] Round 10 done — loss=0.9577 acc=0.5261  1.9s
2026-09-28 22:29:26,813 [INFO] [client-2] Round 11 — receiving model…
2026-09-28 22:29:26,814 [INFO] send 13933B via direct in 28ms (4.03 Mbit/s) to 0181e1b515fb3726
2026-09-28 22:29:26,840 [INFO] [client-8] Round 10 done — loss=0.7681 acc=0.7084  2.1s
2026-09-28 22:29:26,841 [INFO] [client-8] Round 11 — receiving model…
2026-09-28 22:29:26,842 [INFO] recv 13933B via direct in 133ms
2026-09-28 22:29:26,846 [INFO] recv 13933B via direct in 26ms
2026-09-28 22:29:26,849 [INFO] recv 13933B via direct in 26ms
2026-09-28 22:29:26,852 [INFO] recv 13933B via direct in 26ms
2026-09-28 22:29:26,854 [INFO] send 13933B via direct in 345ms (0.32 Mbit/s) to 0181e1b515fb3726
2026-09-28 22:29:26,877 [INFO] [client-1] Round 10 done — loss=1.0588 acc=0.4203  2.0s
2026-09-28 22:29:26,878 [INFO] [client-1] Round 11 — receiving model…
2026-09-28 22:29:26,880 [INFO] send 13933B via direct in 264ms (0.42 Mbit/s) to 0181e1b515fb3726
2026-09-28 22:29:26,899 [INFO] [client-0] Round 10 done — loss=1.0539 acc=0.4549  2.1s
2026-09-28 22:29:26,900 [INFO] [client-0] Round 11 — receiving model…
2026-09-28 22:29:26,902 [INFO] send 13933B via direct in 140ms (0.80 Mbit/s) to 0181e1b515fb3726
2026-09-28 22:29:26,920 [INFO] [client-5] Round 10 done — loss=0.9744 acc=0.5549  2.0s
2026-09-28 22:29:26,922 [INFO] [client-5] Round 11 — receiving model…
2026-09-28 22:29:26,924 [INFO] recv 13933B via direct in 23ms
2026-09-28 22:29:26,928 [INFO] recv 13933B via direct in 22ms
2026-09-28 22:29:26,931 [INFO] recv 13933B via direct in 119ms
2026-09-28 22:29:26,933 [INFO] send 13933B via direct in 1608ms (0.07 Mbit/s) to 0181e1b515fb3726
2026-09-28 22:29:26,950 [INFO] [client-9] Round 10 done — loss=1.0140 acc=0.5221  1.8s
2026-09-28 22:29:26,951 [INFO] [client-9] Round 11 — receiving model…
2026-09-28 22:29:26,953 [INFO] recv 13933B via direct in 240ms
2026-09-28 22:29:26,974 [INFO] Round 10/20  acc=0.4653  loss=1.0636  2.2s  clients=10
2026-09-28 22:29:26,976 [INFO] Round 11 — sending model to 10 clients…
2026-09-28 22:29:27,013 [INFO] send 13933B via direct in 28ms (4.02 Mbit/s) to e873365b1613572d
2026-09-28 22:29:27,015 [INFO] send 13933B via direct in 33ms (3.37 Mbit/s) to cb851d12dad8d1aa
2026-09-28 22:29:27,017 [INFO] send 13933B via direct in 30ms (3.76 Mbit/s) to 65c3512f069d1cf3
2026-09-28 22:29:27,019 [INFO] send 13933B via direct in 28ms (3.99 Mbit/s) to 7ac54b4ec562f6fc
2026-09-28 22:29:27,020 [INFO] send 13933B via direct in 32ms (3.47 Mbit/s) to 5cc77ad352ab6e31
2026-09-28 22:29:27,021 [INFO] send 13933B via direct in 31ms (3.56 Mbit/s) to ffab758b283ad09e
2026-09-28 22:29:27,022 [INFO] send 13933B via direct in 30ms (3.69 Mbit/s) to cdcef3e84b643dd2
2026-09-28 22:29:27,024 [INFO] recv 13933B via direct in 21ms
2026-09-28 22:29:27,026 [INFO] [client-2] Round 11 — training locally…
2026-09-28 22:29:27,128 [INFO] [client-2] Round 11 — sending update…
2026-09-28 22:29:27,131 [INFO] recv 13933B via direct in 21ms
2026-09-28 22:29:27,135 [INFO] [client-4] Round 11 — training locally…
2026-09-28 22:29:27,242 [INFO] [client-4] Round 11 — sending update…
2026-09-28 22:29:27,246 [INFO] recv 13933B via direct in 10ms
2026-09-28 22:29:27,250 [INFO] [client-1] Round 11 — training locally…
2026-09-28 22:29:27,378 [INFO] [client-1] Round 11 — sending update…
2026-09-28 22:29:27,380 [INFO] recv 13933B via direct in 23ms
2026-09-28 22:29:27,383 [INFO] [client-8] Round 11 — training locally…
2026-09-28 22:29:27,489 [INFO] [client-8] Round 11 — sending update…
2026-09-28 22:29:27,493 [INFO] recv 13933B via direct in 24ms
2026-09-28 22:29:27,495 [INFO] [client-5] Round 11 — training locally…
2026-09-28 22:29:27,613 [INFO] [client-5] Round 11 — sending update…
2026-09-28 22:29:27,616 [INFO] recv 13933B via direct in 25ms
2026-09-28 22:29:27,619 [INFO] [client-0] Round 11 — training locally…
2026-09-28 22:29:27,710 [INFO] [client-0] Round 11 — sending update…
2026-09-28 22:29:27,715 [INFO] recv 13933B via direct in 14ms
2026-09-28 22:29:27,719 [INFO] [client-3] Round 11 — training locally…
2026-09-28 22:29:27,895 [INFO] [client-3] Round 11 — sending update…
2026-09-28 22:29:27,899 [INFO] send 13933B via direct in 29ms (3.84 Mbit/s) to e7ba5ba6f6642c6b
2026-09-28 22:29:27,900 [INFO] send 13933B via direct in 32ms (3.50 Mbit/s) to 2f70dbb788c6cc2c
2026-09-28 22:29:27,901 [INFO] send 13933B via direct in 30ms (3.69 Mbit/s) to 9b024aae874ca35c
2026-09-28 22:29:27,903 [INFO] recv 13933B via direct in 12ms
2026-09-28 22:29:27,905 [INFO] [client-9] Round 11 — training locally…
2026-09-28 22:29:28,026 [INFO] [client-9] Round 11 — sending update…
2026-09-28 22:29:28,029 [INFO] Round 11 — waiting for 10 updates…
2026-09-28 22:29:28,039 [INFO] recv 13933B via direct in 482ms
2026-09-28 22:29:28,041 [INFO] [client-6] Round 11 — training locally…
2026-09-28 22:29:28,159 [INFO] [client-6] Round 11 — sending update…
2026-09-28 22:29:28,163 [INFO] recv 13933B via direct in 486ms
2026-09-28 22:29:28,168 [INFO] [client-7] Round 11 — training locally…
2026-09-28 22:29:28,293 [INFO] [client-7] Round 11 — sending update…
2026-09-28 22:29:28,322 [INFO] recv 13933B via direct in 414ms
2026-09-28 22:29:28,324 [INFO] recv 13933B via direct in 288ms
2026-09-28 22:29:28,327 [INFO] recv 13933B via direct in 288ms
2026-09-28 22:29:28,330 [INFO] send 13933B via direct in 290ms (0.39 Mbit/s) to 0181e1b515fb3726
2026-09-28 22:29:28,356 [INFO] [client-9] Round 11 done — loss=1.0102 acc=0.5204  1.4s
2026-09-28 22:29:28,357 [INFO] [client-9] Round 12 — receiving model…
2026-09-28 22:29:28,360 [INFO] recv 13933B via direct in 287ms
2026-09-28 22:29:28,364 [INFO] recv 13933B via direct in 288ms
2026-09-28 22:29:28,367 [INFO] recv 13933B via direct in 280ms
2026-09-28 22:29:28,370 [INFO] send 13933B via direct in 157ms (0.71 Mbit/s) to 0181e1b515fb3726
2026-09-28 22:29:28,401 [INFO] [client-6] Round 11 done — loss=1.0132 acc=0.4896  1.6s
2026-09-28 22:29:28,403 [INFO] [client-6] Round 12 — receiving model…
2026-09-28 22:29:28,404 [INFO] send 13933B via direct in 25ms (4.56 Mbit/s) to 0181e1b515fb3726
2026-09-28 22:29:28,429 [INFO] [client-7] Round 11 done — loss=1.0335 acc=0.4499  1.7s
2026-09-28 22:29:28,430 [INFO] [client-7] Round 12 — receiving model…
2026-09-28 22:29:28,433 [INFO] recv 13933B via direct in 281ms
2026-09-28 22:29:28,438 [INFO] recv 13933B via direct in 50ms
2026-09-28 22:29:28,442 [INFO] send 13933B via direct in 1302ms (0.09 Mbit/s) to 0181e1b515fb3726
2026-09-28 22:29:28,465 [INFO] [client-2] Round 11 done — loss=0.9571 acc=0.5234  1.7s
2026-09-28 22:29:28,466 [INFO] [client-2] Round 12 — receiving model…
2026-09-28 22:29:28,468 [INFO] send 13933B via direct in 1187ms (0.09 Mbit/s) to 0181e1b515fb3726
2026-09-28 22:29:28,493 [INFO] [client-4] Round 11 done — loss=1.0132 acc=0.4914  1.8s
2026-09-28 22:29:28,495 [INFO] [client-4] Round 12 — receiving model…
2026-09-28 22:29:28,496 [INFO] send 13933B via direct in 1052ms (0.11 Mbit/s) to 0181e1b515fb3726
2026-09-28 22:29:28,519 [INFO] [client-1] Round 11 done — loss=1.0593 acc=0.4238  1.6s
2026-09-28 22:29:28,520 [INFO] [client-1] Round 12 — receiving model…
2026-09-28 22:29:28,521 [INFO] recv 13933B via direct in 121ms
2026-09-28 22:29:28,524 [INFO] recv 13933B via direct in 122ms
2026-09-28 22:29:28,547 [INFO] Round 11/20  acc=0.4667  loss=1.0602  1.6s  clients=10
2026-09-28 22:29:28,548 [INFO] Round 12 — sending model to 10 clients…
2026-09-28 22:29:28,549 [INFO] send 13933B via direct in 945ms (0.12 Mbit/s) to 0181e1b515fb3726
2026-09-28 22:29:28,577 [INFO] [client-8] Round 11 done — loss=0.7707 acc=0.7109  1.7s
2026-09-28 22:29:28,578 [INFO] [client-8] Round 12 — receiving model…
2026-09-28 22:29:28,580 [INFO] send 13933B via direct in 821ms (0.14 Mbit/s) to 0181e1b515fb3726
2026-09-28 22:29:28,599 [INFO] [client-5] Round 11 done — loss=0.9704 acc=0.5587  1.7s
2026-09-28 22:29:28,600 [INFO] [client-5] Round 12 — receiving model…
2026-09-28 22:29:28,601 [INFO] send 13933B via direct in 723ms (0.15 Mbit/s) to 0181e1b515fb3726
2026-09-28 22:29:28,626 [INFO] [client-0] Round 11 done — loss=1.0536 acc=0.4609  1.7s
2026-09-28 22:29:28,627 [INFO] [client-0] Round 12 — receiving model…
2026-09-28 22:29:28,628 [INFO] send 13933B via direct in 540ms (0.21 Mbit/s) to 0181e1b515fb3726
2026-09-28 22:29:28,643 [INFO] [client-3] Round 11 done — loss=1.0394 acc=0.4622  1.8s
2026-09-28 22:29:28,644 [INFO] [client-3] Round 12 — receiving model…
2026-09-28 22:29:28,683 [INFO] send 13933B via direct in 34ms (3.30 Mbit/s) to 5cc77ad352ab6e31
2026-09-28 22:29:28,685 [INFO] send 13933B via direct in 34ms (3.33 Mbit/s) to e873365b1613572d
2026-09-28 22:29:28,687 [INFO] recv 13933B via direct in 21ms
2026-09-28 22:29:28,689 [INFO] [client-4] Round 12 — training locally…
2026-09-28 22:29:28,806 [INFO] [client-4] Round 12 — sending update…
2026-09-28 22:29:28,810 [INFO] recv 13933B via direct in 21ms
2026-09-28 22:29:28,815 [INFO] [client-1] Round 12 — training locally…
2026-09-28 22:29:28,934 [INFO] [client-1] Round 12 — sending update…
2026-09-28 22:29:28,938 [INFO] recv 13933B via direct in 21ms
2026-09-28 22:29:28,943 [INFO] [client-7] Round 12 — training locally…
2026-09-28 22:29:29,063 [INFO] [client-7] Round 12 — sending update…
2026-09-28 22:29:29,066 [INFO] send 13933B via direct in 32ms (3.49 Mbit/s) to 2f70dbb788c6cc2c
2026-09-28 22:29:29,069 [INFO] send 13933B via direct in 28ms (4.04 Mbit/s) to 9b024aae874ca35c
2026-09-28 22:29:29,070 [INFO] recv 13933B via direct in 22ms
2026-09-28 22:29:29,073 [INFO] [client-3] Round 12 — training locally…
2026-09-28 22:29:29,188 [INFO] [client-3] Round 12 — sending update…
2026-09-28 22:29:29,191 [INFO] send 13933B via direct in 30ms (3.75 Mbit/s) to 7ac54b4ec562f6fc
2026-09-28 22:29:29,193 [INFO] send 13933B via direct in 29ms (3.89 Mbit/s) to ffab758b283ad09e
2026-09-28 22:29:29,195 [INFO] send 13933B via direct in 27ms (4.13 Mbit/s) to 65c3512f069d1cf3
2026-09-28 22:29:29,197 [INFO] send 13933B via direct in 27ms (4.20 Mbit/s) to cb851d12dad8d1aa
2026-09-28 22:29:29,199 [INFO] send 13933B via direct in 28ms (3.97 Mbit/s) to e7ba5ba6f6642c6b
2026-09-28 22:29:29,200 [INFO] send 13933B via direct in 29ms (3.90 Mbit/s) to cdcef3e84b643dd2
2026-09-28 22:29:29,202 [INFO] recv 13933B via direct in 23ms
2026-09-28 22:29:29,204 [INFO] [client-6] Round 12 — training locally…
2026-09-28 22:29:29,335 [INFO] [client-6] Round 12 — sending update…
2026-09-28 22:29:29,338 [INFO] recv 13933B via direct in 10ms
2026-09-28 22:29:29,342 [INFO] [client-0] Round 12 — training locally…
2026-09-28 22:29:29,440 [INFO] [client-0] Round 12 — sending update…
2026-09-28 22:29:29,442 [INFO] recv 13933B via direct in 10ms
2026-09-28 22:29:29,447 [INFO] [client-2] Round 12 — training locally…
2026-09-28 22:29:29,571 [INFO] [client-2] Round 12 — sending update…
2026-09-28 22:29:29,574 [INFO] recv 13933B via direct in 25ms
2026-09-28 22:29:29,580 [INFO] [client-8] Round 12 — training locally…
2026-09-28 22:29:29,726 [INFO] [client-8] Round 12 — sending update…
2026-09-28 22:29:29,729 [INFO] Round 12 — waiting for 10 updates…
2026-09-28 22:29:29,731 [INFO] recv 13933B via direct in 394ms
2026-09-28 22:29:29,735 [INFO] [client-9] Round 12 — training locally…
2026-09-28 22:29:29,893 [INFO] [client-9] Round 12 — sending update…
2026-09-28 22:29:29,906 [INFO] recv 13933B via direct in 521ms
2026-09-28 22:29:29,909 [INFO] [client-5] Round 12 — training locally…
2026-09-28 22:29:30,134 [INFO] [client-5] Round 12 — sending update…
2026-09-28 22:29:30,159 [INFO] send 13933B via direct in 967ms (0.12 Mbit/s) to 0181e1b515fb3726
2026-09-28 22:29:30,190 [INFO] [client-3] Round 12 done — loss=1.0409 acc=0.4581  1.5s
2026-09-28 22:29:30,192 [INFO] [client-3] Round 13 — receiving model…
2026-09-28 22:29:30,197 [INFO] recv 13933B via direct in 429ms
2026-09-28 22:29:30,201 [INFO] recv 13933B via direct in 429ms
2026-09-28 22:29:30,207 [INFO] recv 13933B via direct in 430ms
2026-09-28 22:29:30,212 [INFO] recv 13933B via direct in 291ms
2026-09-28 22:29:30,215 [INFO] recv 13933B via direct in 288ms
2026-09-28 22:29:30,217 [INFO] recv 13933B via direct in 289ms
2026-09-28 22:29:30,221 [INFO] send 13933B via direct in 1396ms (0.08 Mbit/s) to 0181e1b515fb3726
2026-09-28 22:29:30,248 [INFO] [client-4] Round 12 done — loss=1.0132 acc=0.4876  1.8s
2026-09-28 22:29:30,249 [INFO] [client-4] Round 13 — receiving model…
2026-09-28 22:29:30,250 [INFO] send 13933B via direct in 1268ms (0.09 Mbit/s) to 0181e1b515fb3726
2026-09-28 22:29:30,277 [INFO] [client-1] Round 12 done — loss=1.0562 acc=0.4299  1.8s
2026-09-28 22:29:30,278 [INFO] [client-1] Round 13 — receiving model…
2026-09-28 22:29:30,280 [INFO] send 13933B via direct in 1140ms (0.10 Mbit/s) to 0181e1b515fb3726
2026-09-28 22:29:30,308 [INFO] [client-7] Round 12 done — loss=1.0314 acc=0.4533  1.9s
2026-09-28 22:29:30,309 [INFO] [client-7] Round 13 — receiving model…
2026-09-28 22:29:30,310 [INFO] send 13933B via direct in 868ms (0.13 Mbit/s) to 0181e1b515fb3726
2026-09-28 22:29:30,335 [INFO] [client-6] Round 12 done — loss=1.0141 acc=0.4830  1.9s
2026-09-28 22:29:30,337 [INFO] [client-6] Round 13 — receiving model…
2026-09-28 22:29:30,338 [INFO] send 13933B via direct in 764ms (0.15 Mbit/s) to 0181e1b515fb3726
2026-09-28 22:29:30,368 [INFO] [client-0] Round 12 done — loss=1.0505 acc=0.4627  1.7s
2026-09-28 22:29:30,369 [INFO] [client-0] Round 13 — receiving model…
2026-09-28 22:29:30,370 [INFO] send 13933B via direct in 632ms (0.18 Mbit/s) to 0181e1b515fb3726
2026-09-28 22:29:30,398 [INFO] [client-2] Round 12 done — loss=0.9700 acc=0.5203  1.9s
2026-09-28 22:29:30,400 [INFO] [client-2] Round 13 — receiving model…
2026-09-28 22:29:30,401 [INFO] send 13933B via direct in 478ms (0.23 Mbit/s) to 0181e1b515fb3726
2026-09-28 22:29:30,425 [INFO] [client-8] Round 12 done — loss=0.7616 acc=0.7098  1.8s
2026-09-28 22:29:30,427 [INFO] [client-8] Round 13 — receiving model…
2026-09-28 22:29:30,428 [INFO] recv 13933B via direct in 59ms
2026-09-28 22:29:30,431 [INFO] recv 13933B via direct in 62ms
2026-09-28 22:29:30,434 [INFO] send 13933B via direct in 311ms (0.36 Mbit/s) to 0181e1b515fb3726
2026-09-28 22:29:30,457 [INFO] [client-9] Round 12 done — loss=1.0181 acc=0.5137  2.1s
2026-09-28 22:29:30,459 [INFO] [client-9] Round 13 — receiving model…
2026-09-28 22:29:30,460 [INFO] send 13933B via direct in 69ms (1.61 Mbit/s) to 0181e1b515fb3726
2026-09-28 22:29:30,488 [INFO] [client-5] Round 12 done — loss=0.9655 acc=0.5573  1.9s
2026-09-28 22:29:30,489 [INFO] [client-5] Round 13 — receiving model…
2026-09-28 22:29:30,491 [INFO] recv 13933B via direct in 59ms
2026-09-28 22:29:30,493 [INFO] recv 13933B via direct in 59ms
2026-09-28 22:29:30,524 [INFO] Round 12/20  acc=0.4583  loss=1.0716  2.0s  clients=10
2026-09-28 22:29:30,525 [INFO] Round 13 — sending model to 10 clients…
2026-09-28 22:29:30,567 [INFO] send 13933B via direct in 36ms (3.09 Mbit/s) to e7ba5ba6f6642c6b
2026-09-28 22:29:30,570 [INFO] recv 13933B via direct in 26ms
2026-09-28 22:29:30,573 [INFO] [client-9] Round 13 — training locally…
2026-09-28 22:29:30,699 [INFO] [client-9] Round 13 — sending update…
2026-09-28 22:29:30,703 [INFO] send 13933B via direct in 36ms (3.07 Mbit/s) to 7ac54b4ec562f6fc
2026-09-28 22:29:30,705 [INFO] send 13933B via direct in 38ms (2.96 Mbit/s) to cdcef3e84b643dd2
2026-09-28 22:29:30,708 [INFO] recv 13933B via direct in 26ms
2026-09-28 22:29:30,711 [INFO] [client-3] Round 13 — training locally…
2026-09-28 22:29:30,849 [INFO] [client-3] Round 13 — sending update…
2026-09-28 22:29:30,854 [INFO] recv 13933B via direct in 27ms
2026-09-28 22:29:30,858 [INFO] [client-5] Round 13 — training locally…
2026-09-28 22:29:30,998 [INFO] [client-5] Round 13 — sending update…
2026-09-28 22:29:31,001 [INFO] recv 13933B via direct in 12ms
2026-09-28 22:29:31,005 [INFO] [client-7] Round 13 — training locally…
2026-09-28 22:29:31,118 [INFO] [client-7] Round 13 — sending update…
2026-09-28 22:29:31,121 [INFO] send 13933B via direct in 35ms (3.21 Mbit/s) to e873365b1613572d
2026-09-28 22:29:31,122 [INFO] send 13933B via direct in 36ms (3.07 Mbit/s) to 9b024aae874ca35c
2026-09-28 22:29:31,124 [INFO] send 13933B via direct in 32ms (3.55 Mbit/s) to 65c3512f069d1cf3
2026-09-28 22:29:31,126 [INFO] send 13933B via direct in 32ms (3.52 Mbit/s) to ffab758b283ad09e
2026-09-28 22:29:31,127 [INFO] recv 13933B via direct in 25ms
2026-09-28 22:29:31,130 [INFO] [client-1] Round 13 — training locally…
2026-09-28 22:29:31,253 [INFO] [client-1] Round 13 — sending update…
2026-09-28 22:29:31,257 [INFO] send 13933B via direct in 34ms (3.31 Mbit/s) to cb851d12dad8d1aa
2026-09-28 22:29:31,258 [INFO] recv 13933B via direct in 30ms
2026-09-28 22:29:31,262 [INFO] [client-6] Round 13 — training locally…
2026-09-28 22:29:31,405 [INFO] [client-6] Round 13 — sending update…
2026-09-28 22:29:31,409 [INFO] recv 13933B via direct in 14ms
2026-09-28 22:29:31,413 [INFO] [client-4] Round 13 — training locally…
2026-09-28 22:29:31,535 [INFO] [client-4] Round 13 — sending update…
2026-09-28 22:29:31,540 [INFO] recv 13933B via direct in 8ms
2026-09-28 22:29:31,544 [INFO] [client-0] Round 13 — training locally…
2026-09-28 22:29:31,628 [INFO] [client-0] Round 13 — sending update…
2026-09-28 22:29:31,632 [INFO] send 13933B via direct in 34ms (3.31 Mbit/s) to 5cc77ad352ab6e31
2026-09-28 22:29:31,633 [INFO] send 13933B via direct in 33ms (3.37 Mbit/s) to 2f70dbb788c6cc2c
2026-09-28 22:29:31,634 [INFO] recv 13933B via direct in 142ms
2026-09-28 22:29:31,637 [INFO] [client-8] Round 13 — training locally…
2026-09-28 22:29:31,760 [INFO] [client-8] Round 13 — sending update…
2026-09-28 22:29:31,764 [INFO] recv 13933B via direct in 152ms
2026-09-28 22:29:31,768 [INFO] [client-2] Round 13 — training locally…
2026-09-28 22:29:31,890 [INFO] [client-2] Round 13 — sending update…
2026-09-28 22:29:31,896 [INFO] Round 13 — waiting for 10 updates…
2026-09-28 22:29:31,919 [INFO] send 13933B via direct in 917ms (0.12 Mbit/s) to 0181e1b515fb3726
2026-09-28 22:29:31,946 [INFO] [client-5] Round 13 done — loss=0.9671 acc=0.5598  1.5s
2026-09-28 22:29:31,947 [INFO] [client-5] Round 14 — receiving model…
2026-09-28 22:29:31,949 [INFO] send 13933B via direct in 797ms (0.14 Mbit/s) to 0181e1b515fb3726
2026-09-28 22:29:31,967 [INFO] [client-7] Round 13 done — loss=1.0262 acc=0.4519  1.7s
2026-09-28 22:29:31,968 [INFO] [client-7] Round 14 — receiving model…
2026-09-28 22:29:31,976 [INFO] recv 13933B via direct in 284ms
2026-09-28 22:29:31,978 [INFO] recv 13933B via direct in 155ms
2026-09-28 22:29:31,981 [INFO] recv 13933B via direct in 55ms
2026-09-28 22:29:31,983 [INFO] recv 13933B via direct in 75ms
2026-09-28 22:29:31,986 [INFO] recv 13933B via direct in 70ms
2026-09-28 22:29:31,988 [INFO] recv 13933B via direct in 70ms
2026-09-28 22:29:31,990 [INFO] recv 13933B via direct in 70ms
2026-09-28 22:29:31,993 [INFO] send 13933B via direct in 1270ms (0.09 Mbit/s) to 0181e1b515fb3726
2026-09-28 22:29:32,013 [INFO] [client-9] Round 13 done — loss=1.0086 acc=0.5260  1.6s
2026-09-28 22:29:32,014 [INFO] [client-9] Round 14 — receiving model…
2026-09-28 22:29:32,015 [INFO] send 13933B via direct in 1120ms (0.10 Mbit/s) to 0181e1b515fb3726
2026-09-28 22:29:32,032 [INFO] [client-3] Round 13 done — loss=1.0416 acc=0.4481  1.8s
2026-09-28 22:29:32,033 [INFO] [client-3] Round 14 — receiving model…
2026-09-28 22:29:32,035 [INFO] send 13933B via direct in 717ms (0.16 Mbit/s) to 0181e1b515fb3726
2026-09-28 22:29:32,054 [INFO] [client-1] Round 13 done — loss=1.0539 acc=0.4231  1.8s
2026-09-28 22:29:32,055 [INFO] [client-1] Round 14 — receiving model…
2026-09-28 22:29:32,056 [INFO] send 13933B via direct in 565ms (0.20 Mbit/s) to 0181e1b515fb3726
2026-09-28 22:29:32,076 [INFO] [client-6] Round 13 done — loss=1.0144 acc=0.4927  1.7s
2026-09-28 22:29:32,078 [INFO] [client-6] Round 14 — receiving model…
2026-09-28 22:29:32,079 [INFO] send 13933B via direct in 434ms (0.26 Mbit/s) to 0181e1b515fb3726
2026-09-28 22:29:32,097 [INFO] [client-4] Round 13 done — loss=1.0166 acc=0.4986  1.8s
2026-09-28 22:29:32,098 [INFO] [client-4] Round 14 — receiving model…
2026-09-28 22:29:32,100 [INFO] send 13933B via direct in 343ms (0.33 Mbit/s) to 0181e1b515fb3726
2026-09-28 22:29:32,131 [INFO] [client-0] Round 13 done — loss=1.0571 acc=0.4501  1.8s
2026-09-28 22:29:32,133 [INFO] [client-0] Round 14 — receiving model…
2026-09-28 22:29:32,134 [INFO] send 13933B via direct in 211ms (0.53 Mbit/s) to 0181e1b515fb3726
2026-09-28 22:29:32,179 [INFO] [client-8] Round 13 done — loss=0.7623 acc=0.7150  1.8s
2026-09-28 22:29:32,180 [INFO] [client-8] Round 14 — receiving model…
2026-09-28 22:29:32,185 [INFO] send 13933B via direct in 82ms (1.36 Mbit/s) to 0181e1b515fb3726
2026-09-28 22:29:32,282 [INFO] [client-2] Round 13 done — loss=0.9662 acc=0.5251  1.9s
2026-09-28 22:29:32,283 [INFO] [client-2] Round 14 — receiving model…
2026-09-28 22:29:32,285 [INFO] recv 13933B via direct in 67ms
2026-09-28 22:29:32,289 [INFO] recv 13933B via direct in 64ms
2026-09-28 22:29:32,298 [INFO] recv 13933B via direct in 63ms
2026-09-28 22:29:32,350 [INFO] Round 13/20  acc=0.4659  loss=1.0589  1.8s  clients=10
2026-09-28 22:29:32,351 [INFO] Round 14 — sending model to 10 clients…
2026-09-28 22:29:32,396 [INFO] send 13933B via direct in 38ms (2.92 Mbit/s) to 9b024aae874ca35c
2026-09-28 22:29:32,398 [INFO] send 13933B via direct in 34ms (3.33 Mbit/s) to 7ac54b4ec562f6fc
2026-09-28 22:29:32,400 [INFO] send 13933B via direct in 29ms (3.91 Mbit/s) to cdcef3e84b643dd2
2026-09-28 22:29:32,402 [INFO] send 13933B via direct in 32ms (3.50 Mbit/s) to ffab758b283ad09e
2026-09-28 22:29:32,403 [INFO] send 13933B via direct in 31ms (3.64 Mbit/s) to e873365b1613572d
2026-09-28 22:29:32,405 [INFO] send 13933B via direct in 30ms (3.73 Mbit/s) to cb851d12dad8d1aa
2026-09-28 22:29:32,406 [INFO] recv 13933B via direct in 25ms
2026-09-28 22:29:32,408 [INFO] [client-9] Round 14 — training locally…
2026-09-28 22:29:32,523 [INFO] [client-9] Round 14 — sending update…
2026-09-28 22:29:32,526 [INFO] send 13933B via direct in 37ms (3.04 Mbit/s) to e7ba5ba6f6642c6b
2026-09-28 22:29:32,528 [INFO] send 13933B via direct in 28ms (4.06 Mbit/s) to 2f70dbb788c6cc2c
2026-09-28 22:29:32,530 [INFO] recv 13933B via direct in 25ms
2026-09-28 22:29:32,533 [INFO] [client-3] Round 14 — training locally…
2026-09-28 22:29:32,682 [INFO] [client-3] Round 14 — sending update…
2026-09-28 22:29:32,686 [INFO] recv 13933B via direct in 25ms
2026-09-28 22:29:32,690 [INFO] [client-6] Round 14 — training locally…
2026-09-28 22:29:32,798 [INFO] [client-6] Round 14 — sending update…
2026-09-28 22:29:32,801 [INFO] recv 13933B via direct in 9ms
2026-09-28 22:29:32,806 [INFO] [client-5] Round 14 — training locally…
2026-09-28 22:29:32,913 [INFO] [client-5] Round 14 — sending update…
2026-09-28 22:29:32,917 [INFO] send 13933B via direct in 44ms (2.51 Mbit/s) to 5cc77ad352ab6e31
2026-09-28 22:29:32,918 [INFO] send 13933B via direct in 32ms (3.51 Mbit/s) to 65c3512f069d1cf3
2026-09-28 22:29:32,920 [INFO] recv 13933B via direct in 26ms
2026-09-28 22:29:32,923 [INFO] [client-8] Round 14 — training locally…
2026-09-28 22:29:33,058 [INFO] [client-8] Round 14 — sending update…
2026-09-28 22:29:33,060 [INFO] recv 13933B via direct in 28ms
2026-09-28 22:29:33,064 [INFO] [client-1] Round 14 — training locally…
2026-09-28 22:29:33,187 [INFO] [client-1] Round 14 — sending update…
2026-09-28 22:29:33,192 [INFO] recv 13933B via direct in 35ms
2026-09-28 22:29:33,197 [INFO] [client-2] Round 14 — training locally…
2026-09-28 22:29:33,302 [INFO] [client-2] Round 14 — sending update…
2026-09-28 22:29:33,304 [INFO] Round 14 — waiting for 10 updates…
2026-09-28 22:29:33,306 [INFO] recv 13933B via direct in 157ms
2026-09-28 22:29:33,310 [INFO] [client-4] Round 14 — training locally…
2026-09-28 22:29:33,425 [INFO] [client-4] Round 14 — sending update…
2026-09-28 22:29:33,428 [INFO] recv 13933B via direct in 137ms
2026-09-28 22:29:33,432 [INFO] [client-7] Round 14 — training locally…
2026-09-28 22:29:33,529 [INFO] [client-7] Round 14 — sending update…
2026-09-28 22:29:33,531 [INFO] recv 13933B via direct in 140ms
2026-09-28 22:29:33,534 [INFO] [client-0] Round 14 — training locally…
2026-09-28 22:29:33,621 [INFO] [client-0] Round 14 — sending update…
2026-09-28 22:29:33,651 [INFO] send 13933B via direct in 221ms (0.51 Mbit/s) to 0181e1b515fb3726
2026-09-28 22:29:33,671 [INFO] [client-4] Round 14 done — loss=1.0105 acc=0.4986  1.6s
2026-09-28 22:29:33,673 [INFO] [client-4] Round 15 — receiving model…
2026-09-28 22:29:33,674 [INFO] recv 13933B via direct in 342ms
2026-09-28 22:29:33,677 [INFO] recv 13933B via direct in 341ms
2026-09-28 22:29:33,679 [INFO] recv 13933B via direct in 219ms
2026-09-28 22:29:33,681 [INFO] send 13933B via direct in 117ms (0.95 Mbit/s) to 0181e1b515fb3726
2026-09-28 22:29:33,702 [INFO] [client-7] Round 14 done — loss=1.0315 acc=0.4591  1.7s
2026-09-28 22:29:33,703 [INFO] [client-7] Round 15 — receiving model…
2026-09-28 22:29:33,705 [INFO] send 13933B via direct in 25ms (4.44 Mbit/s) to 0181e1b515fb3726
2026-09-28 22:29:33,722 [INFO] [client-0] Round 14 done — loss=1.0549 acc=0.4514  1.6s
2026-09-28 22:29:33,723 [INFO] [client-0] Round 15 — receiving model…
2026-09-28 22:29:33,726 [INFO] recv 13933B via direct in 23ms
2026-09-28 22:29:33,729 [INFO] recv 13933B via direct in 19ms
2026-09-28 22:29:33,730 [INFO] recv 13933B via direct in 17ms
2026-09-28 22:29:33,734 [INFO] recv 13933B via direct in 15ms
2026-09-28 22:29:33,737 [INFO] recv 13933B via direct in 67ms
2026-09-28 22:29:33,739 [INFO] recv 13933B via direct in 67ms
2026-09-28 22:29:33,742 [INFO] recv 13933B via direct in 85ms
2026-09-28 22:29:33,760 [INFO] Round 14/20  acc=0.4664  loss=1.0613  1.4s  clients=10
2026-09-28 22:29:33,762 [INFO] Round 15 — sending model to 10 clients…
2026-09-28 22:29:33,775 [INFO] send 13933B via direct in 1208ms (0.09 Mbit/s) to 0181e1b515fb3726
2026-09-28 22:29:33,795 [INFO] [client-9] Round 14 done — loss=1.0115 acc=0.5218  1.8s
2026-09-28 22:29:33,796 [INFO] [client-9] Round 15 — receiving model…
2026-09-28 22:29:33,798 [INFO] send 13933B via direct in 1048ms (0.11 Mbit/s) to 0181e1b515fb3726
2026-09-28 22:29:33,824 [INFO] [client-3] Round 14 done — loss=1.0428 acc=0.4584  1.8s
2026-09-28 22:29:33,825 [INFO] [client-3] Round 15 — receiving model…
2026-09-28 22:29:33,827 [INFO] send 13933B via direct in 933ms (0.12 Mbit/s) to 0181e1b515fb3726
2026-09-28 22:29:33,846 [INFO] [client-6] Round 14 done — loss=1.0134 acc=0.4913  1.8s
2026-09-28 22:29:33,847 [INFO] [client-6] Round 15 — receiving model…
2026-09-28 22:29:33,848 [INFO] send 13933B via direct in 818ms (0.14 Mbit/s) to 0181e1b515fb3726
2026-09-28 22:29:33,869 [INFO] [client-5] Round 14 done — loss=0.9692 acc=0.5556  1.9s
2026-09-28 22:29:33,870 [INFO] [client-5] Round 15 — receiving model…
2026-09-28 22:29:33,871 [INFO] send 13933B via direct in 673ms (0.17 Mbit/s) to 0181e1b515fb3726
2026-09-28 22:29:33,892 [INFO] [client-8] Round 14 done — loss=0.7629 acc=0.7122  1.7s
2026-09-28 22:29:33,893 [INFO] [client-8] Round 15 — receiving model…
2026-09-28 22:29:33,894 [INFO] send 13933B via direct in 543ms (0.21 Mbit/s) to 0181e1b515fb3726
2026-09-28 22:29:33,912 [INFO] [client-1] Round 14 done — loss=1.0585 acc=0.4279  1.9s
2026-09-28 22:29:33,913 [INFO] [client-1] Round 15 — receiving model…
2026-09-28 22:29:33,915 [INFO] send 13933B via direct in 431ms (0.26 Mbit/s) to 0181e1b515fb3726
2026-09-28 22:29:33,935 [INFO] [client-2] Round 14 done — loss=0.9644 acc=0.5175  1.7s
2026-09-28 22:29:33,936 [INFO] [client-2] Round 15 — receiving model…
2026-09-28 22:29:33,965 [INFO] send 13933B via direct in 190ms (0.59 Mbit/s) to 65c3512f069d1cf3
2026-09-28 22:29:33,967 [INFO] send 13933B via direct in 189ms (0.59 Mbit/s) to 7ac54b4ec562f6fc
2026-09-28 22:29:33,968 [INFO] send 13933B via direct in 188ms (0.59 Mbit/s) to 2f70dbb788c6cc2c
2026-09-28 22:29:33,970 [INFO] send 13933B via direct in 188ms (0.60 Mbit/s) to cb851d12dad8d1aa
2026-09-28 22:29:33,973 [INFO] recv 13933B via direct in 23ms
2026-09-28 22:29:33,975 [INFO] [client-1] Round 15 — training locally…
2026-09-28 22:29:34,087 [INFO] [client-1] Round 15 — sending update…
2026-09-28 22:29:34,091 [INFO] recv 13933B via direct in 22ms
2026-09-28 22:29:34,095 [INFO] [client-6] Round 15 — training locally…
2026-09-28 22:29:34,290 [INFO] [client-6] Round 15 — sending update…
2026-09-28 22:29:34,293 [INFO] recv 13933B via direct in 22ms
2026-09-28 22:29:34,298 [INFO] [client-4] Round 15 — training locally…
2026-09-28 22:29:34,426 [INFO] [client-4] Round 15 — sending update…
2026-09-28 22:29:34,430 [INFO] recv 13933B via direct in 22ms
2026-09-28 22:29:34,436 [INFO] [client-8] Round 15 — training locally…
2026-09-28 22:29:34,633 [INFO] [client-8] Round 15 — sending update…
2026-09-28 22:29:34,637 [INFO] recv 13933B via direct in 22ms
2026-09-28 22:29:34,640 [INFO] [client-5] Round 15 — training locally…
2026-09-28 22:29:34,779 [INFO] [client-5] Round 15 — sending update…
2026-09-28 22:29:34,783 [INFO] recv 13933B via direct in 23ms
2026-09-28 22:29:34,787 [INFO] [client-9] Round 15 — training locally…
2026-09-28 22:29:34,913 [INFO] [client-9] Round 15 — sending update…
2026-09-28 22:29:34,916 [INFO] recv 13933B via direct in 25ms
2026-09-28 22:29:34,920 [INFO] [client-0] Round 15 — training locally…
2026-09-28 22:29:35,017 [INFO] [client-0] Round 15 — sending update…
2026-09-28 22:29:35,020 [INFO] recv 13933B via direct in 26ms
2026-09-28 22:29:35,023 [INFO] [client-3] Round 15 — training locally…
2026-09-28 22:29:35,175 [INFO] [client-3] Round 15 — sending update…
2026-09-28 22:29:35,178 [INFO] recv 13933B via direct in 28ms
2026-09-28 22:29:35,181 [INFO] [client-7] Round 15 — training locally…
2026-09-28 22:29:35,325 [INFO] [client-7] Round 15 — sending update…
2026-09-28 22:29:35,328 [INFO] recv 13933B via direct in 30ms
2026-09-28 22:29:35,332 [INFO] [client-2] Round 15 — training locally…
2026-09-28 22:29:35,446 [INFO] [client-2] Round 15 — sending update…
2026-09-28 22:29:35,469 [INFO] send 13933B via direct in 1564ms (0.07 Mbit/s) to e873365b1613572d
2026-09-28 22:29:35,473 [INFO] send 13933B via direct in 1563ms (0.07 Mbit/s) to 9b024aae874ca35c
2026-09-28 22:29:35,475 [INFO] send 13933B via direct in 1562ms (0.07 Mbit/s) to 5cc77ad352ab6e31
2026-09-28 22:29:35,477 [INFO] send 13933B via direct in 1560ms (0.07 Mbit/s) to ffab758b283ad09e
2026-09-28 22:29:35,479 [INFO] send 13933B via direct in 1559ms (0.07 Mbit/s) to cdcef3e84b643dd2
2026-09-28 22:29:35,480 [INFO] send 13933B via direct in 1558ms (0.07 Mbit/s) to e7ba5ba6f6642c6b
2026-09-28 22:29:35,482 [INFO] Round 15 — waiting for 10 updates…
2026-09-28 22:29:35,489 [INFO] recv 13933B via direct in 36ms
2026-09-28 22:29:35,491 [INFO] recv 13933B via direct in 36ms
2026-09-28 22:29:35,496 [INFO] recv 13933B via direct in 36ms
2026-09-28 22:29:35,498 [INFO] recv 13933B via direct in 36ms
2026-09-28 22:29:35,501 [INFO] recv 13933B via direct in 37ms
2026-09-28 22:29:35,504 [INFO] recv 13933B via direct in 37ms
2026-09-28 22:29:35,506 [INFO] recv 13933B via direct in 37ms
2026-09-28 22:29:35,508 [INFO] recv 13933B via direct in 37ms
2026-09-28 22:29:35,512 [INFO] recv 13933B via direct in 17ms
2026-09-28 22:29:35,517 [INFO] recv 13933B via direct in 30ms
2026-09-28 22:29:35,552 [INFO] Round 15/20  acc=0.4622  loss=1.0662  1.8s  clients=10
2026-09-28 22:29:35,553 [INFO] Round 16 — sending model to 10 clients…
2026-09-28 22:29:35,554 [INFO] send 13933B via direct in 1425ms (0.08 Mbit/s) to 0181e1b515fb3726
2026-09-28 22:29:35,584 [INFO] [client-1] Round 15 done — loss=1.0591 acc=0.4238  1.7s
2026-09-28 22:29:35,586 [INFO] [client-1] Round 16 — receiving model…
2026-09-28 22:29:35,587 [INFO] send 13933B via direct in 1222ms (0.09 Mbit/s) to 0181e1b515fb3726
2026-09-28 22:29:35,609 [INFO] [client-6] Round 15 done — loss=1.0131 acc=0.4889  1.8s
2026-09-28 22:29:35,610 [INFO] [client-6] Round 16 — receiving model…
2026-09-28 22:29:35,611 [INFO] send 13933B via direct in 1086ms (0.10 Mbit/s) to 0181e1b515fb3726
2026-09-28 22:29:35,632 [INFO] [client-4] Round 15 done — loss=1.0095 acc=0.4873  2.0s
2026-09-28 22:29:35,633 [INFO] [client-4] Round 16 — receiving model…
2026-09-28 22:29:35,634 [INFO] send 13933B via direct in 880ms (0.13 Mbit/s) to 0181e1b515fb3726
2026-09-28 22:29:35,656 [INFO] [client-8] Round 15 done — loss=0.7629 acc=0.7115  1.8s
2026-09-28 22:29:35,658 [INFO] [client-8] Round 16 — receiving model…
2026-09-28 22:29:35,659 [INFO] send 13933B via direct in 733ms (0.15 Mbit/s) to 0181e1b515fb3726
2026-09-28 22:29:35,680 [INFO] [client-5] Round 15 done — loss=0.9730 acc=0.5573  1.8s
2026-09-28 22:29:35,681 [INFO] [client-5] Round 16 — receiving model…
2026-09-28 22:29:35,682 [INFO] send 13933B via direct in 600ms (0.19 Mbit/s) to 0181e1b515fb3726
2026-09-28 22:29:35,703 [INFO] [client-9] Round 15 done — loss=1.0081 acc=0.5242  1.9s
2026-09-28 22:29:35,704 [INFO] [client-9] Round 16 — receiving model…
2026-09-28 22:29:35,706 [INFO] send 13933B via direct in 497ms (0.23 Mbit/s) to 0181e1b515fb3726
2026-09-28 22:29:35,728 [INFO] [client-0] Round 15 done — loss=1.0504 acc=0.4609  2.0s
2026-09-28 22:29:35,730 [INFO] [client-0] Round 16 — receiving model…
2026-09-28 22:29:35,749 [INFO] send 13933B via direct in 339ms (0.33 Mbit/s) to 0181e1b515fb3726
2026-09-28 22:29:35,775 [INFO] [client-3] Round 15 done — loss=1.0403 acc=0.4560  1.9s
2026-09-28 22:29:35,776 [INFO] [client-3] Round 16 — receiving model…
2026-09-28 22:29:35,777 [INFO] send 13933B via direct in 189ms (0.59 Mbit/s) to 0181e1b515fb3726
2026-09-28 22:29:35,801 [INFO] [client-7] Round 15 done — loss=1.0291 acc=0.4457  2.1s
2026-09-28 22:29:35,802 [INFO] [client-7] Round 16 — receiving model…
2026-09-28 22:29:35,804 [INFO] send 13933B via direct in 67ms (1.67 Mbit/s) to 0181e1b515fb3726
2026-09-28 22:29:35,825 [INFO] [client-2] Round 15 done — loss=0.9603 acc=0.5199  1.9s
2026-09-28 22:29:35,826 [INFO] [client-2] Round 16 — receiving model…
2026-09-28 22:29:35,855 [INFO] send 13933B via direct in 119ms (0.94 Mbit/s) to cb851d12dad8d1aa
2026-09-28 22:29:35,857 [INFO] send 13933B via direct in 116ms (0.96 Mbit/s) to e7ba5ba6f6642c6b
2026-09-28 22:29:35,859 [INFO] send 13933B via direct in 114ms (0.98 Mbit/s) to 2f70dbb788c6cc2c
2026-09-28 22:29:35,861 [INFO] send 13933B via direct in 112ms (1.00 Mbit/s) to ffab758b283ad09e
2026-09-28 22:29:35,863 [INFO] send 13933B via direct in 110ms (1.01 Mbit/s) to 65c3512f069d1cf3
2026-09-28 22:29:35,864 [INFO] send 13933B via direct in 110ms (1.02 Mbit/s) to 5cc77ad352ab6e31
2026-09-28 22:29:35,866 [INFO] send 13933B via direct in 109ms (1.03 Mbit/s) to 7ac54b4ec562f6fc
2026-09-28 22:29:35,868 [INFO] send 13933B via direct in 109ms (1.03 Mbit/s) to e873365b1613572d
2026-09-28 22:29:35,869 [INFO] send 13933B via direct in 107ms (1.04 Mbit/s) to 9b024aae874ca35c
2026-09-28 22:29:35,871 [INFO] recv 13933B via direct in 26ms
2026-09-28 22:29:35,874 [INFO] [client-5] Round 16 — training locally…
2026-09-28 22:29:35,985 [INFO] [client-5] Round 16 — sending update…
2026-09-28 22:29:35,988 [INFO] recv 13933B via direct in 27ms
2026-09-28 22:29:35,992 [INFO] [client-2] Round 16 — training locally…
2026-09-28 22:29:36,105 [INFO] [client-2] Round 16 — sending update…
2026-09-28 22:29:36,108 [INFO] recv 13933B via direct in 31ms
2026-09-28 22:29:36,112 [INFO] [client-9] Round 16 — training locally…
2026-09-28 22:29:36,215 [INFO] [client-9] Round 16 — sending update…
2026-09-28 22:29:36,217 [INFO] recv 13933B via direct in 33ms
2026-09-28 22:29:36,221 [INFO] [client-8] Round 16 — training locally…
2026-09-28 22:29:36,332 [INFO] [client-8] Round 16 — sending update…
2026-09-28 22:29:36,334 [INFO] recv 13933B via direct in 33ms
2026-09-28 22:29:36,338 [INFO] [client-7] Round 16 — training locally…
2026-09-28 22:29:36,464 [INFO] [client-7] Round 16 — sending update…
2026-09-28 22:29:36,467 [INFO] recv 13933B via direct in 34ms
2026-09-28 22:29:36,473 [INFO] [client-0] Round 16 — training locally…
2026-09-28 22:29:36,556 [INFO] [client-0] Round 16 — sending update…
2026-09-28 22:29:36,558 [INFO] recv 13933B via direct in 35ms
2026-09-28 22:29:36,562 [INFO] [client-4] Round 16 — training locally…
2026-09-28 22:29:36,679 [INFO] [client-4] Round 16 — sending update…
2026-09-28 22:29:36,682 [INFO] recv 13933B via direct in 36ms
2026-09-28 22:29:36,685 [INFO] [client-3] Round 16 — training locally…
2026-09-28 22:29:36,869 [INFO] [client-3] Round 16 — sending update…
2026-09-28 22:29:36,873 [INFO] recv 13933B via direct in 37ms
2026-09-28 22:29:36,879 [INFO] [client-1] Round 16 — training locally…
2026-09-28 22:29:36,996 [INFO] [client-1] Round 16 — sending update…
2026-09-28 22:29:37,000 [INFO] recv 13933B via direct in 37ms
2026-09-28 22:29:37,004 [INFO] [client-6] Round 16 — training locally…
2026-09-28 22:29:37,119 [INFO] [client-6] Round 16 — sending update…
2026-09-28 22:29:37,139 [INFO] send 13933B via direct in 1268ms (0.09 Mbit/s) to cdcef3e84b643dd2
2026-09-28 22:29:37,143 [INFO] Round 16 — waiting for 10 updates…
2026-09-28 22:29:37,153 [INFO] recv 13933B via direct in 28ms
2026-09-28 22:29:37,156 [INFO] recv 13933B via direct in 28ms
2026-09-28 22:29:37,158 [INFO] recv 13933B via direct in 28ms
2026-09-28 22:29:37,162 [INFO] recv 13933B via direct in 28ms
2026-09-28 22:29:37,164 [INFO] recv 13933B via direct in 28ms
2026-09-28 22:29:37,166 [INFO] recv 13933B via direct in 29ms
2026-09-28 22:29:37,168 [INFO] recv 13933B via direct in 28ms
2026-09-28 22:29:37,171 [INFO] recv 13933B via direct in 15ms
2026-09-28 22:29:37,174 [INFO] recv 13933B via direct in 12ms
2026-09-28 22:29:37,178 [INFO] send 13933B via direct in 1183ms (0.09 Mbit/s) to 0181e1b515fb3726
2026-09-28 22:29:37,198 [INFO] [client-5] Round 16 done — loss=0.9751 acc=0.5567  1.5s
2026-09-28 22:29:37,199 [INFO] [client-5] Round 17 — receiving model…
2026-09-28 22:29:37,200 [INFO] send 13933B via direct in 1063ms (0.11 Mbit/s) to 0181e1b515fb3726
2026-09-28 22:29:37,224 [INFO] [client-2] Round 16 done — loss=0.9594 acc=0.5268  1.4s
2026-09-28 22:29:37,225 [INFO] [client-2] Round 17 — receiving model…
2026-09-28 22:29:37,226 [INFO] recv 13933B via direct in 23ms
2026-09-28 22:29:37,261 [INFO] Round 16/20  acc=0.4653  loss=1.0627  1.7s  clients=10
2026-09-28 22:29:37,262 [INFO] Round 17 — sending model to 10 clients…
2026-09-28 22:29:37,264 [INFO] send 13933B via direct in 954ms (0.12 Mbit/s) to 0181e1b515fb3726
2026-09-28 22:29:37,296 [INFO] [client-9] Round 16 done — loss=1.0066 acc=0.5235  1.6s
2026-09-28 22:29:37,297 [INFO] [client-9] Round 17 — receiving model…
2026-09-28 22:29:37,314 [INFO] send 13933B via direct in 840ms (0.13 Mbit/s) to 0181e1b515fb3726
2026-09-28 22:29:37,343 [INFO] [client-8] Round 16 done — loss=0.7603 acc=0.7136  1.7s
2026-09-28 22:29:37,344 [INFO] [client-8] Round 17 — receiving model…
2026-09-28 22:29:37,346 [INFO] send 13933B via direct in 710ms (0.16 Mbit/s) to 0181e1b515fb3726
2026-09-28 22:29:37,372 [INFO] [client-7] Round 16 done — loss=1.0257 acc=0.4516  1.6s
2026-09-28 22:29:37,373 [INFO] [client-7] Round 17 — receiving model…
2026-09-28 22:29:37,374 [INFO] send 13933B via direct in 619ms (0.18 Mbit/s) to 0181e1b515fb3726
2026-09-28 22:29:37,396 [INFO] [client-0] Round 16 done — loss=1.0502 acc=0.4644  1.7s
2026-09-28 22:29:37,397 [INFO] [client-0] Round 17 — receiving model…
2026-09-28 22:29:37,398 [INFO] send 13933B via direct in 496ms (0.23 Mbit/s) to 0181e1b515fb3726
2026-09-28 22:29:37,443 [INFO] [client-4] Round 16 done — loss=1.0075 acc=0.4945  1.8s
2026-09-28 22:29:37,445 [INFO] [client-4] Round 17 — receiving model…
2026-09-28 22:29:37,448 [INFO] send 13933B via direct in 306ms (0.37 Mbit/s) to 0181e1b515fb3726
2026-09-28 22:29:37,475 [INFO] [client-3] Round 16 done — loss=1.0440 acc=0.4571  1.7s
2026-09-28 22:29:37,477 [INFO] [client-3] Round 17 — receiving model…
2026-09-28 22:29:37,480 [INFO] send 13933B via direct in 315ms (0.35 Mbit/s) to 0181e1b515fb3726
2026-09-28 22:29:37,604 [INFO] [client-1] Round 16 done — loss=1.0578 acc=0.4282  2.0s
2026-09-28 22:29:37,605 [INFO] [client-1] Round 17 — receiving model…
2026-09-28 22:29:37,608 [INFO] send 13933B via direct in 224ms (0.50 Mbit/s) to 0181e1b515fb3726
2026-09-28 22:29:37,631 [INFO] [client-6] Round 16 done — loss=1.0135 acc=0.5052  2.0s
2026-09-28 22:29:37,632 [INFO] [client-6] Round 17 — receiving model…
2026-09-28 22:29:37,663 [INFO] recv 13933B via direct in 179ms
2026-09-28 22:29:37,666 [INFO] [client-6] Round 17 — training locally…
2026-09-28 22:29:37,777 [INFO] [client-6] Round 17 — sending update…
2026-09-28 22:29:37,779 [INFO] recv 13933B via direct in 180ms
2026-09-28 22:29:37,784 [INFO] [client-8] Round 17 — training locally…
2026-09-28 22:29:37,901 [INFO] [client-8] Round 17 — sending update…
2026-09-28 22:29:37,903 [INFO] recv 13933B via direct in 180ms
2026-09-28 22:29:37,907 [INFO] [client-1] Round 17 — training locally…
2026-09-28 22:29:38,056 [INFO] [client-1] Round 17 — sending update…
2026-09-28 22:29:38,060 [INFO] recv 13933B via direct in 180ms
2026-09-28 22:29:38,064 [INFO] [client-3] Round 17 — training locally…
2026-09-28 22:29:38,188 [INFO] [client-3] Round 17 — sending update…
2026-09-28 22:29:38,192 [INFO] send 13933B via direct in 356ms (0.31 Mbit/s) to e873365b1613572d
2026-09-28 22:29:38,193 [INFO] send 13933B via direct in 354ms (0.32 Mbit/s) to 7ac54b4ec562f6fc
2026-09-28 22:29:38,194 [INFO] recv 13933B via direct in 180ms
2026-09-28 22:29:38,196 [INFO] [client-5] Round 17 — training locally…
2026-09-28 22:29:38,330 [INFO] [client-5] Round 17 — sending update…
2026-09-28 22:29:38,332 [INFO] send 13933B via direct in 353ms (0.32 Mbit/s) to cdcef3e84b643dd2
2026-09-28 22:29:38,333 [INFO] send 13933B via direct in 353ms (0.32 Mbit/s) to 65c3512f069d1cf3
2026-09-28 22:29:38,335 [INFO] send 13933B via direct in 352ms (0.32 Mbit/s) to 5cc77ad352ab6e31
2026-09-28 22:29:38,337 [INFO] send 13933B via direct in 351ms (0.32 Mbit/s) to cb851d12dad8d1aa
2026-09-28 22:29:38,339 [INFO] send 13933B via direct in 350ms (0.32 Mbit/s) to e7ba5ba6f6642c6b
2026-09-28 22:29:38,340 [INFO] send 13933B via direct in 348ms (0.32 Mbit/s) to 2f70dbb788c6cc2c
2026-09-28 22:29:38,342 [INFO] recv 13933B via direct in 54ms
2026-09-28 22:29:38,344 [INFO] [client-2] Round 17 — training locally…
2026-09-28 22:29:38,469 [INFO] [client-2] Round 17 — sending update…
2026-09-28 22:29:38,472 [INFO] recv 13933B via direct in 55ms
2026-09-28 22:29:38,476 [INFO] [client-9] Round 17 — training locally…
2026-09-28 22:29:38,570 [INFO] [client-9] Round 17 — sending update…
2026-09-28 22:29:38,572 [INFO] recv 13933B via direct in 56ms
2026-09-28 22:29:38,577 [INFO] [client-0] Round 17 — training locally…
2026-09-28 22:29:38,662 [INFO] [client-0] Round 17 — sending update…
2026-09-28 22:29:38,666 [INFO] recv 13933B via direct in 56ms
2026-09-28 22:29:38,668 [INFO] [client-4] Round 17 — training locally…
2026-09-28 22:29:40,146 [INFO] [client-4] Round 17 — sending update…
2026-09-28 22:29:40,149 [INFO] recv 13933B via direct in 584ms
2026-09-28 22:29:40,153 [INFO] [client-7] Round 17 — training locally…
2026-09-28 22:29:40,288 [INFO] [client-7] Round 17 — sending update…
2026-09-28 22:29:40,302 [INFO] send 13933B via direct in 1037ms (0.11 Mbit/s) to 9b024aae874ca35c
2026-09-28 22:29:40,303 [INFO] send 13933B via direct in 1035ms (0.11 Mbit/s) to ffab758b283ad09e
2026-09-28 22:29:40,307 [INFO] Round 17 — waiting for 10 updates…
2026-09-28 22:29:40,323 [INFO] send 13933B via direct in 480ms (0.23 Mbit/s) to 0181e1b515fb3726
2026-09-28 22:29:40,346 [INFO] [client-2] Round 17 done — loss=0.9638 acc=0.5261  1.8s
2026-09-28 22:29:40,348 [INFO] [client-2] Round 18 — receiving model…
2026-09-28 22:29:40,349 [INFO] send 13933B via direct in 380ms (0.29 Mbit/s) to 0181e1b515fb3726
2026-09-28 22:29:40,381 [INFO] [client-9] Round 17 done — loss=1.0125 acc=0.5204  1.7s
2026-09-28 22:29:40,382 [INFO] [client-9] Round 18 — receiving model…
2026-09-28 22:29:40,384 [INFO] recv 13933B via direct in 479ms
2026-09-28 22:29:40,387 [INFO] recv 13933B via direct in 479ms
2026-09-28 22:29:40,392 [INFO] recv 13933B via direct in 479ms
2026-09-28 22:29:40,394 [INFO] send 13933B via direct in 287ms (0.39 Mbit/s) to 0181e1b515fb3726
2026-09-28 22:29:40,433 [INFO] [client-0] Round 17 done — loss=1.0446 acc=0.4661  1.7s
2026-09-28 22:29:40,434 [INFO] [client-0] Round 18 — receiving model…
2026-09-28 22:29:40,437 [INFO] send 13933B via direct in 173ms (0.65 Mbit/s) to 0181e1b515fb3726
2026-09-28 22:29:40,475 [INFO] [client-4] Round 17 done — loss=1.0067 acc=0.4973  1.7s
2026-09-28 22:29:40,478 [INFO] [client-4] Round 18 — receiving model…
2026-09-28 22:29:40,480 [INFO] send 13933B via direct in 31ms (3.63 Mbit/s) to 0181e1b515fb3726
2026-09-28 22:29:40,511 [INFO] [client-7] Round 17 done — loss=1.0287 acc=0.4485  1.8s
2026-09-28 22:29:40,512 [INFO] [client-7] Round 18 — receiving model…
2026-09-28 22:29:40,514 [INFO] recv 13933B via direct in 286ms
2026-09-28 22:29:40,517 [INFO] recv 13933B via direct in 22ms
2026-09-28 22:29:40,523 [INFO] recv 13933B via direct in 79ms
2026-09-28 22:29:40,526 [INFO] recv 13933B via direct in 131ms
2026-09-28 22:29:40,528 [INFO] recv 13933B via direct in 206ms
2026-09-28 22:29:40,530 [INFO] recv 13933B via direct in 206ms
2026-09-28 22:29:40,532 [INFO] recv 13933B via direct in 213ms
2026-09-28 22:29:40,559 [INFO] Round 17/20  acc=0.4673  loss=1.0617  1.9s  clients=10
2026-09-28 22:29:40,560 [INFO] Round 18 — sending model to 10 clients…
2026-09-28 22:29:40,561 [INFO] send 13933B via direct in 1374ms (0.08 Mbit/s) to 0181e1b515fb3726
2026-09-28 22:29:40,582 [INFO] [client-6] Round 17 done — loss=1.0112 acc=0.4938  1.6s
2026-09-28 22:29:40,583 [INFO] [client-6] Round 18 — receiving model…
2026-09-28 22:29:40,585 [INFO] send 13933B via direct in 1251ms (0.09 Mbit/s) to 0181e1b515fb3726
2026-09-28 22:29:40,621 [INFO] [client-8] Round 17 done — loss=0.7701 acc=0.7098  1.9s
2026-09-28 22:29:40,622 [INFO] [client-8] Round 18 — receiving model…
2026-09-28 22:29:40,623 [INFO] send 13933B via direct in 1094ms (0.10 Mbit/s) to 0181e1b515fb3726
2026-09-28 22:29:40,646 [INFO] [client-1] Round 17 done — loss=1.0599 acc=0.4279  1.7s
2026-09-28 22:29:40,647 [INFO] [client-1] Round 18 — receiving model…
2026-09-28 22:29:40,648 [INFO] send 13933B via direct in 963ms (0.12 Mbit/s) to 0181e1b515fb3726
2026-09-28 22:29:40,666 [INFO] [client-3] Round 17 done — loss=1.0417 acc=0.4526  1.8s
2026-09-28 22:29:40,667 [INFO] [client-3] Round 18 — receiving model…
2026-09-28 22:29:40,669 [INFO] send 13933B via direct in 822ms (0.14 Mbit/s) to 0181e1b515fb3726
2026-09-28 22:29:40,691 [INFO] [client-5] Round 17 done — loss=0.9677 acc=0.5522  2.1s
2026-09-28 22:29:40,692 [INFO] [client-5] Round 18 — receiving model…
2026-09-28 22:29:40,733 [INFO] send 13933B via direct in 27ms (4.12 Mbit/s) to ffab758b283ad09e
2026-09-28 22:29:40,736 [INFO] recv 13933B via direct in 21ms
2026-09-28 22:29:40,738 [INFO] [client-8] Round 18 — training locally…
2026-09-28 22:29:40,847 [INFO] [client-8] Round 18 — sending update…
2026-09-28 22:29:40,850 [INFO] send 13933B via direct in 30ms (3.73 Mbit/s) to 2f70dbb788c6cc2c
2026-09-28 22:29:40,853 [INFO] recv 13933B via direct in 22ms
2026-09-28 22:29:40,855 [INFO] [client-7] Round 18 — training locally…
2026-09-28 22:29:40,969 [INFO] [client-7] Round 18 — sending update…
2026-09-28 22:29:40,974 [INFO] recv 13933B via direct in 23ms
2026-09-28 22:29:40,978 [INFO] [client-1] Round 18 — training locally…
2026-09-28 22:29:41,141 [INFO] [client-1] Round 18 — sending update…
2026-09-28 22:29:41,144 [INFO] send 13933B via direct in 28ms (4.00 Mbit/s) to e873365b1613572d
2026-09-28 22:29:41,146 [INFO] send 13933B via direct in 37ms (3.01 Mbit/s) to cdcef3e84b643dd2
2026-09-28 22:29:41,148 [INFO] recv 13933B via direct in 24ms
2026-09-28 22:29:41,151 [INFO] [client-5] Round 18 — training locally…
2026-09-28 22:29:41,288 [INFO] [client-5] Round 18 — sending update…
2026-09-28 22:29:41,291 [INFO] send 13933B via direct in 30ms (3.75 Mbit/s) to e7ba5ba6f6642c6b
2026-09-28 22:29:41,293 [INFO] recv 13933B via direct in 11ms
2026-09-28 22:29:41,296 [INFO] [client-9] Round 18 — training locally…
2026-09-28 22:29:41,405 [INFO] [client-9] Round 18 — sending update…
2026-09-28 22:29:41,410 [INFO] recv 13933B via direct in 12ms
2026-09-28 22:29:41,414 [INFO] [client-6] Round 18 — training locally…
2026-09-28 22:29:41,542 [INFO] [client-6] Round 18 — sending update…
2026-09-28 22:29:41,545 [INFO] recv 13933B via direct in 6ms
2026-09-28 22:29:41,549 [INFO] [client-2] Round 18 — training locally…
2026-09-28 22:29:41,660 [INFO] [client-2] Round 18 — sending update…
2026-09-28 22:29:41,663 [INFO] send 13933B via direct in 145ms (0.77 Mbit/s) to 9b024aae874ca35c
2026-09-28 22:29:41,667 [INFO] send 13933B via direct in 155ms (0.72 Mbit/s) to 5cc77ad352ab6e31
2026-09-28 22:29:41,669 [INFO] send 13933B via direct in 145ms (0.77 Mbit/s) to 65c3512f069d1cf3
2026-09-28 22:29:41,670 [INFO] recv 13933B via direct in 141ms
2026-09-28 22:29:41,673 [INFO] [client-3] Round 18 — training locally…
2026-09-28 22:29:41,802 [INFO] [client-3] Round 18 — sending update…
2026-09-28 22:29:41,805 [INFO] recv 13933B via direct in 122ms
2026-09-28 22:29:41,808 [INFO] [client-0] Round 18 — training locally…
2026-09-28 22:29:41,899 [INFO] [client-0] Round 18 — sending update…
2026-09-28 22:29:41,902 [INFO] send 13933B via direct in 143ms (0.78 Mbit/s) to cb851d12dad8d1aa
2026-09-28 22:29:41,903 [INFO] send 13933B via direct in 150ms (0.75 Mbit/s) to 7ac54b4ec562f6fc
2026-09-28 22:29:41,908 [INFO] recv 13933B via direct in 436ms
2026-09-28 22:29:41,910 [INFO] [client-4] Round 18 — training locally…
2026-09-28 22:29:42,053 [INFO] [client-4] Round 18 — sending update…
2026-09-28 22:29:42,059 [INFO] Round 18 — waiting for 10 updates…
2026-09-28 22:29:42,079 [INFO] send 13933B via direct in 1227ms (0.09 Mbit/s) to 0181e1b515fb3726
2026-09-28 22:29:42,099 [INFO] [client-8] Round 18 done — loss=0.7628 acc=0.7146  1.5s
2026-09-28 22:29:42,100 [INFO] [client-8] Round 19 — receiving model…
2026-09-28 22:29:42,109 [INFO] recv 13933B via direct in 436ms
2026-09-28 22:29:42,112 [INFO] recv 13933B via direct in 299ms
2026-09-28 22:29:42,114 [INFO] recv 13933B via direct in 197ms
2026-09-28 22:29:42,116 [INFO] recv 13933B via direct in 46ms
2026-09-28 22:29:42,121 [INFO] send 13933B via direct in 1134ms (0.10 Mbit/s) to 0181e1b515fb3726
2026-09-28 22:29:42,141 [INFO] [client-7] Round 18 done — loss=1.0263 acc=0.4468  1.6s
2026-09-28 22:29:42,142 [INFO] [client-7] Round 19 — receiving model…
2026-09-28 22:29:42,144 [INFO] send 13933B via direct in 964ms (0.12 Mbit/s) to 0181e1b515fb3726
2026-09-28 22:29:42,170 [INFO] [client-1] Round 18 done — loss=1.0593 acc=0.4220  1.5s
2026-09-28 22:29:42,171 [INFO] [client-1] Round 19 — receiving model…
2026-09-28 22:29:42,172 [INFO] send 13933B via direct in 817ms (0.14 Mbit/s) to 0181e1b515fb3726
2026-09-28 22:29:42,192 [INFO] [client-5] Round 18 done — loss=0.9693 acc=0.5556  1.5s
2026-09-28 22:29:42,193 [INFO] [client-5] Round 19 — receiving model…
2026-09-28 22:29:42,195 [INFO] recv 13933B via direct in 46ms
2026-09-28 22:29:42,199 [INFO] recv 13933B via direct in 46ms
2026-09-28 22:29:42,203 [INFO] recv 13933B via direct in 43ms
2026-09-28 22:29:42,206 [INFO] send 13933B via direct in 699ms (0.16 Mbit/s) to 0181e1b515fb3726
2026-09-28 22:29:42,236 [INFO] [client-9] Round 18 done — loss=1.0151 acc=0.5207  1.9s
2026-09-28 22:29:42,237 [INFO] [client-9] Round 19 — receiving model…
2026-09-28 22:29:42,239 [INFO] send 13933B via direct in 564ms (0.20 Mbit/s) to 0181e1b515fb3726
2026-09-28 22:29:42,277 [INFO] [client-6] Round 18 done — loss=1.0118 acc=0.4965  1.7s
2026-09-28 22:29:42,278 [INFO] [client-6] Round 19 — receiving model…
2026-09-28 22:29:42,280 [INFO] send 13933B via direct in 448ms (0.25 Mbit/s) to 0181e1b515fb3726
2026-09-28 22:29:42,309 [INFO] [client-2] Round 18 done — loss=0.9573 acc=0.5306  2.0s
2026-09-28 22:29:42,311 [INFO] [client-2] Round 19 — receiving model…
2026-09-28 22:29:42,312 [INFO] send 13933B via direct in 308ms (0.36 Mbit/s) to 0181e1b515fb3726
2026-09-28 22:29:42,338 [INFO] [client-3] Round 18 done — loss=1.0394 acc=0.4547  1.7s
2026-09-28 22:29:42,339 [INFO] [client-3] Round 19 — receiving model…
2026-09-28 22:29:42,340 [INFO] send 13933B via direct in 211ms (0.53 Mbit/s) to 0181e1b515fb3726
2026-09-28 22:29:42,359 [INFO] [client-0] Round 18 done — loss=1.0472 acc=0.4661  1.9s
2026-09-28 22:29:42,360 [INFO] [client-0] Round 19 — receiving model…
2026-09-28 22:29:42,361 [INFO] send 13933B via direct in 56ms (2.00 Mbit/s) to 0181e1b515fb3726
2026-09-28 22:29:42,384 [INFO] [client-4] Round 18 done — loss=1.0063 acc=0.4890  1.9s
2026-09-28 22:29:42,386 [INFO] [client-4] Round 19 — receiving model…
2026-09-28 22:29:42,386 [INFO] recv 13933B via direct in 45ms
2026-09-28 22:29:42,389 [INFO] recv 13933B via direct in 40ms
2026-09-28 22:29:42,391 [INFO] recv 13933B via direct in 44ms
2026-09-28 22:29:42,420 [INFO] Round 18/20  acc=0.4650  loss=1.0597  1.9s  clients=10
2026-09-28 22:29:42,421 [INFO] Round 19 — sending model to 10 clients…
2026-09-28 22:29:42,462 [INFO] send 13933B via direct in 34ms (3.27 Mbit/s) to cdcef3e84b643dd2
2026-09-28 22:29:42,465 [INFO] recv 13933B via direct in 23ms
2026-09-28 22:29:42,468 [INFO] [client-5] Round 19 — training locally…
2026-09-28 22:29:42,596 [INFO] [client-5] Round 19 — sending update…
2026-09-28 22:29:42,602 [INFO] send 13933B via direct in 34ms (3.30 Mbit/s) to 5cc77ad352ab6e31
2026-09-28 22:29:42,603 [INFO] send 13933B via direct in 32ms (3.50 Mbit/s) to 9b024aae874ca35c
2026-09-28 22:29:42,606 [INFO] send 13933B via direct in 36ms (3.12 Mbit/s) to e873365b1613572d
2026-09-28 22:29:42,607 [INFO] recv 13933B via direct in 23ms
2026-09-28 22:29:42,610 [INFO] [client-4] Round 19 — training locally…
2026-09-28 22:29:42,799 [INFO] [client-4] Round 19 — sending update…
2026-09-28 22:29:42,802 [INFO] recv 13933B via direct in 23ms
2026-09-28 22:29:42,806 [INFO] [client-6] Round 19 — training locally…
2026-09-28 22:29:42,940 [INFO] [client-6] Round 19 — sending update…
2026-09-28 22:29:42,942 [INFO] recv 13933B via direct in 24ms
2026-09-28 22:29:42,946 [INFO] [client-1] Round 19 — training locally…
2026-09-28 22:29:43,062 [INFO] [client-1] Round 19 — sending update…
2026-09-28 22:29:43,066 [INFO] send 13933B via direct in 33ms (3.43 Mbit/s) to cb851d12dad8d1aa
2026-09-28 22:29:43,068 [INFO] send 13933B via direct in 31ms (3.65 Mbit/s) to 7ac54b4ec562f6fc
2026-09-28 22:29:43,069 [INFO] send 13933B via direct in 34ms (3.28 Mbit/s) to 2f70dbb788c6cc2c
2026-09-28 22:29:43,071 [INFO] send 13933B via direct in 30ms (3.71 Mbit/s) to 65c3512f069d1cf3
2026-09-28 22:29:43,072 [INFO] send 13933B via direct in 33ms (3.43 Mbit/s) to e7ba5ba6f6642c6b
2026-09-28 22:29:43,074 [INFO] recv 13933B via direct in 24ms
2026-09-28 22:29:43,076 [INFO] [client-2] Round 19 — training locally…
2026-09-28 22:29:43,217 [INFO] [client-2] Round 19 — sending update…
2026-09-28 22:29:43,222 [INFO] recv 13933B via direct in 9ms
2026-09-28 22:29:43,226 [INFO] [client-3] Round 19 — training locally…
2026-09-28 22:29:43,360 [INFO] [client-3] Round 19 — sending update…
2026-09-28 22:29:43,363 [INFO] recv 13933B via direct in 26ms
2026-09-28 22:29:43,368 [INFO] [client-7] Round 19 — training locally…
2026-09-28 22:29:43,486 [INFO] [client-7] Round 19 — sending update…
2026-09-28 22:29:43,489 [INFO] recv 13933B via direct in 27ms
2026-09-28 22:29:43,495 [INFO] [client-9] Round 19 — training locally…
2026-09-28 22:29:43,604 [INFO] [client-9] Round 19 — sending update…
2026-09-28 22:29:43,608 [INFO] send 13933B via direct in 166ms (0.67 Mbit/s) to ffab758b283ad09e
2026-09-28 22:29:43,610 [INFO] recv 13933B via direct in 150ms
2026-09-28 22:29:43,613 [INFO] [client-0] Round 19 — training locally…
2026-09-28 22:29:43,712 [INFO] [client-0] Round 19 — sending update…
2026-09-28 22:29:43,719 [INFO] Round 19 — waiting for 10 updates…
2026-09-28 22:29:43,733 [INFO] recv 13933B via direct in 1152ms
2026-09-28 22:29:43,736 [INFO] [client-8] Round 19 — training locally…
2026-09-28 22:29:43,842 [INFO] [client-8] Round 19 — sending update…
2026-09-28 22:29:43,852 [INFO] send 13933B via direct in 1248ms (0.09 Mbit/s) to 0181e1b515fb3726
2026-09-28 22:29:43,873 [INFO] [client-5] Round 19 done — loss=0.9647 acc=0.5663  1.7s
2026-09-28 22:29:43,874 [INFO] [client-5] Round 20 — receiving model…
2026-09-28 22:29:43,879 [INFO] send 13933B via direct in 1049ms (0.11 Mbit/s) to 0181e1b515fb3726
2026-09-28 22:29:43,902 [INFO] [client-4] Round 19 done — loss=1.0203 acc=0.4852  1.5s
2026-09-28 22:29:43,903 [INFO] [client-4] Round 20 — receiving model…
2026-09-28 22:29:43,906 [INFO] send 13933B via direct in 909ms (0.12 Mbit/s) to 0181e1b515fb3726
2026-09-28 22:29:43,935 [INFO] [client-6] Round 19 done — loss=1.0130 acc=0.4872  1.7s
2026-09-28 22:29:43,936 [INFO] [client-6] Round 20 — receiving model…
2026-09-28 22:29:43,939 [INFO] send 13933B via direct in 631ms (0.18 Mbit/s) to 0181e1b515fb3726
2026-09-28 22:29:43,960 [INFO] [client-2] Round 19 done — loss=0.9543 acc=0.5312  1.6s
2026-09-28 22:29:43,962 [INFO] [client-2] Round 20 — receiving model…
2026-09-28 22:29:43,968 [INFO] recv 13933B via direct in 266ms
2026-09-28 22:29:43,970 [INFO] recv 13933B via direct in 295ms
2026-09-28 22:29:43,974 [INFO] recv 13933B via direct in 327ms
2026-09-28 22:29:43,976 [INFO] recv 13933B via direct in 222ms
2026-09-28 22:29:43,978 [INFO] send 13933B via direct in 900ms (0.12 Mbit/s) to 0181e1b515fb3726
2026-09-28 22:29:43,997 [INFO] [client-1] Round 19 done — loss=1.0609 acc=0.4200  1.8s
2026-09-28 22:29:43,999 [INFO] [client-1] Round 20 — receiving model…
2026-09-28 22:29:44,000 [INFO] send 13933B via direct in 476ms (0.23 Mbit/s) to 0181e1b515fb3726
2026-09-28 22:29:44,024 [INFO] [client-7] Round 19 done — loss=1.0277 acc=0.4629  1.9s
2026-09-28 22:29:44,025 [INFO] [client-7] Round 20 — receiving model…
2026-09-28 22:29:44,026 [INFO] recv 13933B via direct in 240ms
2026-09-28 22:29:44,029 [INFO] recv 13933B via direct in 240ms
2026-09-28 22:29:44,031 [INFO] recv 13933B via direct in 240ms
2026-09-28 22:29:44,034 [INFO] send 13933B via direct in 603ms (0.19 Mbit/s) to 0181e1b515fb3726
2026-09-28 22:29:44,056 [INFO] [client-3] Round 19 done — loss=1.0396 acc=0.4605  1.7s
2026-09-28 22:29:44,057 [INFO] [client-3] Round 20 — receiving model…
2026-09-28 22:29:44,059 [INFO] send 13933B via direct in 360ms (0.31 Mbit/s) to 0181e1b515fb3726
2026-09-28 22:29:44,092 [INFO] [client-9] Round 19 done — loss=1.0081 acc=0.5277  1.9s
2026-09-28 22:29:44,093 [INFO] [client-9] Round 20 — receiving model…
2026-09-28 22:29:44,095 [INFO] send 13933B via direct in 252ms (0.44 Mbit/s) to 0181e1b515fb3726
2026-09-28 22:29:44,140 [INFO] [client-0] Round 19 done — loss=1.0474 acc=0.4653  1.8s
2026-09-28 22:29:44,141 [INFO] [client-0] Round 20 — receiving model…
2026-09-28 22:29:44,143 [INFO] recv 13933B via direct in 240ms
2026-09-28 22:29:44,147 [INFO] send 13933B via direct in 129ms (0.87 Mbit/s) to 0181e1b515fb3726
2026-09-28 22:29:44,170 [INFO] [client-8] Round 19 done — loss=0.7667 acc=0.7091  2.1s
2026-09-28 22:29:44,172 [INFO] [client-8] Round 20 — receiving model…
2026-09-28 22:29:44,173 [INFO] recv 13933B via direct in 127ms
2026-09-28 22:29:44,177 [INFO] recv 13933B via direct in 320ms
2026-09-28 22:29:44,201 [INFO] Round 19/20  acc=0.4695  loss=1.0645  1.8s  clients=10
2026-09-28 22:29:44,202 [INFO] Round 20 — sending model to 10 clients…
2026-09-28 22:29:44,240 [INFO] recv 13933B via direct in 21ms
2026-09-28 22:29:44,243 [INFO] [client-6] Round 20 — training locally…
2026-09-28 22:29:44,382 [INFO] [client-6] Round 20 — sending update…
2026-09-28 22:29:44,385 [INFO] recv 13933B via direct in 22ms
2026-09-28 22:29:44,390 [INFO] [client-3] Round 20 — training locally…
2026-09-28 22:29:44,497 [INFO] [client-3] Round 20 — sending update…
2026-09-28 22:29:44,500 [INFO] send 13933B via direct in 34ms (3.31 Mbit/s) to 9b024aae874ca35c
2026-09-28 22:29:44,506 [INFO] send 13933B via direct in 33ms (3.43 Mbit/s) to 7ac54b4ec562f6fc
2026-09-28 22:29:44,509 [INFO] send 13933B via direct in 294ms (0.38 Mbit/s) to e873365b1613572d
2026-09-28 22:29:44,511 [INFO] recv 13933B via direct in 23ms
2026-09-28 22:29:44,514 [INFO] [client-1] Round 20 — training locally…
2026-09-28 22:29:44,633 [INFO] [client-1] Round 20 — sending update…
2026-09-28 22:29:44,636 [INFO] send 13933B via direct in 294ms (0.38 Mbit/s) to cb851d12dad8d1aa
2026-09-28 22:29:44,638 [INFO] recv 13933B via direct in 286ms
2026-09-28 22:29:44,641 [INFO] [client-2] Round 20 — training locally…
2026-09-28 22:29:44,778 [INFO] [client-2] Round 20 — sending update…
2026-09-28 22:29:44,780 [INFO] recv 13933B via direct in 287ms
2026-09-28 22:29:44,784 [INFO] [client-8] Round 20 — training locally…
2026-09-28 22:29:44,956 [INFO] [client-8] Round 20 — sending update…
2026-09-28 22:29:44,958 [INFO] recv 13933B via direct in 287ms
2026-09-28 22:29:44,962 [INFO] [client-4] Round 20 — training locally…
2026-09-28 22:29:45,077 [INFO] [client-4] Round 20 — sending update…
2026-09-28 22:29:45,084 [INFO] send 13933B via direct in 297ms (0.38 Mbit/s) to ffab758b283ad09e
2026-09-28 22:29:45,086 [INFO] send 13933B via direct in 293ms (0.38 Mbit/s) to e7ba5ba6f6642c6b
2026-09-28 22:29:45,087 [INFO] send 13933B via direct in 295ms (0.38 Mbit/s) to 65c3512f069d1cf3
2026-09-28 22:29:45,089 [INFO] send 13933B via direct in 294ms (0.38 Mbit/s) to 2f70dbb788c6cc2c
2026-09-28 22:29:45,091 [INFO] send 13933B via direct in 293ms (0.38 Mbit/s) to cdcef3e84b643dd2
2026-09-28 22:29:45,092 [INFO] send 13933B via direct in 293ms (0.38 Mbit/s) to 5cc77ad352ab6e31
2026-09-28 22:29:45,095 [INFO] recv 13933B via direct in 279ms
2026-09-28 22:29:45,097 [INFO] [client-0] Round 20 — training locally…
2026-09-28 22:29:45,183 [INFO] [client-0] Round 20 — sending update…
2026-09-28 22:29:45,187 [INFO] recv 13933B via direct in 279ms
2026-09-28 22:29:45,191 [INFO] [client-9] Round 20 — training locally…
2026-09-28 22:29:45,319 [INFO] [client-9] Round 20 — sending update…
2026-09-28 22:29:45,324 [INFO] recv 13933B via direct in 279ms
2026-09-28 22:29:45,328 [INFO] [client-7] Round 20 — training locally…
2026-09-28 22:29:45,429 [INFO] [client-7] Round 20 — sending update…
2026-09-28 22:29:45,432 [INFO] Round 20 — waiting for 10 updates…
2026-09-28 22:29:45,434 [INFO] recv 13933B via direct in 401ms
2026-09-28 22:29:45,436 [INFO] [client-5] Round 20 — training locally…
2026-09-28 22:29:45,537 [INFO] [client-5] Round 20 — sending update…
2026-09-28 22:29:45,558 [INFO] send 13933B via direct in 1163ms (0.10 Mbit/s) to 0181e1b515fb3726
2026-09-28 22:29:45,581 [INFO] [client-6] Round 20 done — loss=1.0147 acc=0.4847  1.6s
2026-09-28 22:29:45,583 [INFO] send 13933B via direct in 1049ms (0.11 Mbit/s) to 0181e1b515fb3726
2026-09-28 22:29:45,603 [INFO] [client-3] Round 20 done — loss=1.0457 acc=0.4461  1.5s
2026-09-28 22:29:45,608 [INFO] recv 13933B via direct in 1047ms
2026-09-28 22:29:45,613 [INFO] send 13933B via direct in 972ms (0.11 Mbit/s) to 0181e1b515fb3726
2026-09-28 22:29:45,640 [INFO] [client-1] Round 20 done — loss=1.0569 acc=0.4313  1.6s
2026-09-28 22:29:45,643 [INFO] send 13933B via direct in 828ms (0.13 Mbit/s) to 0181e1b515fb3726
2026-09-28 22:29:45,666 [INFO] [client-2] Round 20 done — loss=0.9573 acc=0.5288  1.7s
2026-09-28 22:29:45,667 [INFO] send 13933B via direct in 650ms (0.17 Mbit/s) to 0181e1b515fb3726
2026-09-28 22:29:45,689 [INFO] [client-8] Round 20 done — loss=0.7616 acc=0.7091  1.5s
2026-09-28 22:29:45,691 [INFO] send 13933B via direct in 529ms (0.21 Mbit/s) to 0181e1b515fb3726
2026-09-28 22:29:45,717 [INFO] [client-4] Round 20 done — loss=1.0095 acc=0.4993  1.8s
2026-09-28 22:29:45,720 [INFO] recv 13933B via direct in 1047ms
2026-09-28 22:29:45,724 [INFO] recv 13933B via direct in 518ms
2026-09-28 22:29:45,727 [INFO] send 13933B via direct in 73ms (1.52 Mbit/s) to 0181e1b515fb3726
2026-09-28 22:29:45,743 [INFO] [client-5] Round 20 done — loss=0.9717 acc=0.5573  1.9s
2026-09-28 22:29:45,746 [INFO] recv 13933B via direct in 547ms
2026-09-28 22:29:45,749 [INFO] recv 13933B via direct in 531ms
2026-09-28 22:29:45,753 [INFO] recv 13933B via direct in 285ms
2026-09-28 22:29:45,755 [INFO] recv 13933B via direct in 173ms
2026-09-28 22:29:45,758 [INFO] recv 13933B via direct in 174ms
2026-09-28 22:29:45,760 [INFO] send 13933B via direct in 558ms (0.20 Mbit/s) to 0181e1b515fb3726
2026-09-28 22:29:45,780 [INFO] [client-0] Round 20 done — loss=1.0529 acc=0.4614  1.6s
2026-09-28 22:29:45,781 [INFO] recv 13933B via direct in 173ms
2026-09-28 22:29:45,785 [INFO] send 13933B via direct in 422ms (0.26 Mbit/s) to 0181e1b515fb3726
2026-09-28 22:29:45,809 [INFO] [client-9] Round 20 done — loss=1.0086 acc=0.5249  1.7s
2026-09-28 22:29:45,810 [INFO] send 13933B via direct in 314ms (0.36 Mbit/s) to 0181e1b515fb3726
2026-09-28 22:29:45,831 [INFO] [client-7] Round 20 done — loss=1.0280 acc=0.4488  1.8s
2026-09-28 22:29:45,836 [INFO] recv 13933B via direct in 200ms
2026-09-28 22:29:45,870 [INFO] Round 20/20  acc=0.4701  loss=1.0609  1.7s  clients=10
2026-09-28 22:29:45,992 [INFO] CoAP server [client-0] stopped
2026-09-28 22:29:46,101 [INFO] CoAP server [client-1] stopped
2026-09-28 22:29:46,212 [INFO] CoAP server [client-2] stopped
2026-09-28 22:29:46,322 [INFO] CoAP server [client-3] stopped
2026-09-28 22:29:46,436 [INFO] CoAP server [client-4] stopped
2026-09-28 22:29:46,548 [INFO] CoAP server [client-5] stopped
2026-09-28 22:29:46,653 [INFO] CoAP server [client-6] stopped
2026-09-28 22:29:46,759 [INFO] CoAP server [client-7] stopped
2026-09-28 22:29:46,864 [INFO] CoAP server [client-8] stopped
2026-09-28 22:29:46,972 [INFO] CoAP server [client-9] stopped
2026-09-28 22:29:47,076 [INFO] CoAP server [server] stopped
2026-09-28 22:29:47,089 [INFO] Exported 20 rows → results/e11/baseline/e7_airmlp_geographic_round_events.csv
2026-09-28 22:30:35,462 [INFO] AirMLP airmlp_geographic done: {'node_id': 'server', 'architecture': 'B', 'scenario': 'e7_airmlp_geographic', 'rounds_total': 20, 'rounds_success': 20, 'test_acc_final': 0.4700926705981466, 'test_acc_max': 0.4700926705981466, 'duration_mean_sec': 1.891859608149025, 'pct_direct': 0.0, 'pct_relay': 0.0, 'bytes_to_aggregator': 2793800}  macro-F1=0.3879  bal-acc=0.4200
2026-09-28 22:30:35,512 [INFO] E11 baseline: {"condition": "baseline", "netem": "none", "fl_wall_s": 283.5, "rounds_ok": 20, "rounds": 20, "round_s_median": 1.842, "round_s_max": 2.623, "test_acc_final": 0.4700926705981466, "macro_f1": 0.3878739341441401, "balanced_accuracy": 0.42004504274943305, "xfer_100kB_ok": "10/10", "xfer_100kB_ms_median": 23.5, "xfer_1000kB_ok": "10/10", "xfer_1000kB_ms_median": 122.2, "xfer_10000kB_ok": "10/10", "xfer_10000kB_ms_median": 1224.7}
