2026-10-06 00:48:30,474 [INFO] Iroh node started: caea2dd2b038ac1f  addrs=['10.77.0.1:42120']
2026-10-06 00:48:31,109 [INFO] Iroh node started: 359f7f3c4524a165  addrs=['10.77.0.1:35157']
2026-10-06 00:48:32,473 [INFO] send 100000B via direct in 1354ms (0.59 Mbit/s) to 359f7f3c4524a165
2026-10-06 00:48:32,495 [INFO] recv 100000B via direct in 758ms
2026-10-06 00:48:33,671 [INFO] send 100000B via direct in 1149ms (0.70 Mbit/s) to 359f7f3c4524a165
2026-10-06 00:48:33,673 [INFO] recv 100000B via direct in 748ms
2026-10-06 00:48:34,708 [INFO] send 100000B via direct in 1032ms (0.78 Mbit/s) to 359f7f3c4524a165
2026-10-06 00:48:34,711 [INFO] recv 100000B via direct in 628ms
2026-10-06 00:48:35,792 [INFO] send 100000B via direct in 1077ms (0.74 Mbit/s) to 359f7f3c4524a165
2026-10-06 00:48:35,798 [INFO] recv 100000B via direct in 696ms
2026-10-06 00:48:36,919 [INFO] send 100000B via direct in 1115ms (0.72 Mbit/s) to 359f7f3c4524a165
2026-10-06 00:48:36,922 [INFO] recv 100000B via direct in 669ms
2026-10-06 00:48:37,951 [INFO] send 100000B via direct in 1024ms (0.78 Mbit/s) to 359f7f3c4524a165
2026-10-06 00:48:37,952 [INFO] recv 100000B via direct in 619ms
2026-10-06 00:48:39,049 [INFO] send 100000B via direct in 1095ms (0.73 Mbit/s) to 359f7f3c4524a165
2026-10-06 00:48:39,052 [INFO] recv 100000B via direct in 679ms
2026-10-06 00:48:40,222 [INFO] send 100000B via direct in 1167ms (0.69 Mbit/s) to 359f7f3c4524a165
2026-10-06 00:48:40,224 [INFO] recv 100000B via direct in 736ms
2026-10-06 00:48:41,303 [INFO] send 100000B via direct in 1071ms (0.75 Mbit/s) to 359f7f3c4524a165
2026-10-06 00:48:41,307 [INFO] recv 100000B via direct in 688ms
2026-10-06 00:48:42,428 [INFO] send 100000B via direct in 1110ms (0.72 Mbit/s) to 359f7f3c4524a165
2026-10-06 00:48:42,432 [INFO] recv 100000B via direct in 731ms
2026-10-06 00:48:44,370 [INFO] send 1000000B via direct in 1920ms (4.17 Mbit/s) to 359f7f3c4524a165
2026-10-06 00:48:44,372 [INFO] recv 1000000B via direct in 1474ms
2026-10-06 00:48:46,344 [INFO] send 1000000B via direct in 1966ms (4.07 Mbit/s) to 359f7f3c4524a165
2026-10-06 00:48:46,347 [INFO] recv 1000000B via direct in 1508ms
2026-10-06 00:48:48,296 [INFO] send 1000000B via direct in 1942ms (4.12 Mbit/s) to 359f7f3c4524a165
2026-10-06 00:48:48,301 [INFO] recv 1000000B via direct in 1444ms
2026-10-06 00:48:50,356 [INFO] send 1000000B via direct in 2047ms (3.91 Mbit/s) to 359f7f3c4524a165
2026-10-06 00:48:50,359 [INFO] recv 1000000B via direct in 1580ms
2026-10-06 00:48:52,402 [INFO] send 1000000B via direct in 2038ms (3.93 Mbit/s) to 359f7f3c4524a165
2026-10-06 00:48:52,407 [INFO] recv 1000000B via direct in 1580ms
2026-10-06 00:48:54,420 [INFO] send 1000000B via direct in 2005ms (3.99 Mbit/s) to 359f7f3c4524a165
2026-10-06 00:48:54,425 [INFO] recv 1000000B via direct in 1514ms
2026-10-06 00:48:56,495 [INFO] send 1000000B via direct in 2062ms (3.88 Mbit/s) to 359f7f3c4524a165
2026-10-06 00:48:56,499 [INFO] recv 1000000B via direct in 1614ms
2026-10-06 00:48:58,487 [INFO] send 1000000B via direct in 1980ms (4.04 Mbit/s) to 359f7f3c4524a165
2026-10-06 00:48:58,491 [INFO] recv 1000000B via direct in 1496ms
2026-10-06 00:49:00,443 [INFO] send 1000000B via direct in 1947ms (4.11 Mbit/s) to 359f7f3c4524a165
2026-10-06 00:49:00,445 [INFO] recv 1000000B via direct in 1466ms
2026-10-06 00:49:02,447 [INFO] send 1000000B via direct in 1998ms (4.00 Mbit/s) to 359f7f3c4524a165
2026-10-06 00:49:02,452 [INFO] recv 1000000B via direct in 1555ms
2026-10-06 00:49:07,567 [INFO] send 10000000B via direct in 5081ms (15.75 Mbit/s) to 359f7f3c4524a165
2026-10-06 00:49:07,568 [INFO] recv 10000000B via direct in 3541ms
2026-10-06 00:49:12,745 [INFO] send 10000000B via direct in 5174ms (15.46 Mbit/s) to 359f7f3c4524a165
2026-10-06 00:49:12,749 [INFO] recv 10000000B via direct in 3665ms
2026-10-06 00:49:17,733 [INFO] send 10000000B via direct in 4979ms (16.07 Mbit/s) to 359f7f3c4524a165
2026-10-06 00:49:17,738 [INFO] recv 10000000B via direct in 3536ms
2026-10-06 00:49:22,848 [INFO] send 10000000B via direct in 5099ms (15.69 Mbit/s) to 359f7f3c4524a165
2026-10-06 00:49:22,851 [INFO] recv 10000000B via direct in 3571ms
2026-10-06 03:12:36,542 [INFO] send 10000000B via direct in 6577ms (12.16 Mbit/s) to 359f7f3c4524a165
2026-10-06 03:12:36,607 [INFO] recv 10000000B via direct in 4992ms
2026-10-06 03:12:44,769 [INFO] send 10000000B via direct in 8090ms (9.89 Mbit/s) to 359f7f3c4524a165
2026-10-06 03:12:44,780 [INFO] recv 10000000B via direct in 3544ms
2026-10-06 03:12:54,502 [INFO] send 10000000B via direct in 9708ms (8.24 Mbit/s) to 359f7f3c4524a165
2026-10-06 03:12:54,505 [INFO] recv 10000000B via direct in 3553ms
2026-10-06 06:52:31,840 [INFO] send 10000000B via direct in 8666ms (9.23 Mbit/s) to 359f7f3c4524a165
2026-10-06 06:52:31,911 [INFO] recv 10000000B via direct in 3804ms
2026-10-06 07:29:59,833 [INFO] send 10000000B via direct in 9243ms (8.66 Mbit/s) to 359f7f3c4524a165
2026-10-06 07:29:59,835 [INFO] recv 10000000B via direct in 3552ms
2026-10-06 07:30:07,116 [INFO] send 10000000B via direct in 7272ms (11.00 Mbit/s) to 359f7f3c4524a165
2026-10-06 07:30:07,117 [INFO] recv 10000000B via direct in 3559ms
2026-10-06 07:30:58,123 [INFO] === E7 AirMLP + FedAvg — geographic ===
2026-10-06 07:30:58,798 [INFO] Air quality dataset loaded: 28514 train / 3561 test | 6 features | 3 classes
2026-10-06 07:30:58,802 [INFO] Geographic partition: 10 provinces  min=2305  max=2922  mean=2851
2026-10-06 07:30:58,948 [INFO] AirMLP class weights: [1.026976466178894, 1.0868686437606812, 0.904000997543335]
2026-10-06 07:30:59,658 [INFO] Iroh node started: beebfef1ede5718b  addrs=['10.77.0.1:52800']
2026-10-06 07:31:00,485 [INFO] CoAP server [server] listening on 0.0.0.0:5783
2026-10-06 07:31:00,486 [INFO] FLServer server started (mock=False)
2026-10-06 07:31:01,140 [INFO] Iroh node started: 62d8081c715ca75a  addrs=['10.77.0.1:56155']
2026-10-06 07:31:01,174 [INFO] CoAP server [client-0] listening on 0.0.0.0:5784
2026-10-06 07:31:01,178 [INFO] FLClient client-0 started (mock=False)
2026-10-06 07:31:01,181 [INFO] Registered client client-0  iroh=62d8081c715ca75a
2026-10-06 07:31:01,850 [INFO] Iroh node started: 567b5c733d43ed48  addrs=['10.77.0.1:41441']
2026-10-06 07:31:01,894 [INFO] CoAP server [client-1] listening on 0.0.0.0:5785
2026-10-06 07:31:01,896 [INFO] FLClient client-1 started (mock=False)
2026-10-06 07:31:01,900 [INFO] Registered client client-1  iroh=567b5c733d43ed48
2026-10-06 07:31:02,587 [INFO] Iroh node started: da54f7b26411867a  addrs=['10.77.0.1:45551']
2026-10-06 07:31:02,621 [INFO] CoAP server [client-2] listening on 0.0.0.0:5786
2026-10-06 07:31:02,625 [INFO] FLClient client-2 started (mock=False)
2026-10-06 07:31:02,628 [INFO] Registered client client-2  iroh=da54f7b26411867a
2026-10-06 07:31:03,329 [INFO] Iroh node started: d152900159825a96  addrs=['10.77.0.1:38976']
2026-10-06 07:31:03,335 [INFO] CoAP server [client-3] listening on 0.0.0.0:5787
2026-10-06 07:31:03,336 [INFO] FLClient client-3 started (mock=False)
2026-10-06 07:31:03,337 [INFO] Registered client client-3  iroh=d152900159825a96
2026-10-06 07:31:03,985 [INFO] Iroh node started: 3a5e2809f14308c3  addrs=['10.77.0.1:45219']
2026-10-06 07:31:03,996 [INFO] CoAP server [client-4] listening on 0.0.0.0:5788
2026-10-06 07:31:03,997 [INFO] FLClient client-4 started (mock=False)
2026-10-06 07:31:03,997 [INFO] Registered client client-4  iroh=3a5e2809f14308c3
2026-10-06 07:31:04,670 [INFO] Iroh node started: 33db2b8b29ca8366  addrs=['10.77.0.1:39475']
2026-10-06 07:31:04,688 [INFO] CoAP server [client-5] listening on 0.0.0.0:5789
2026-10-06 07:31:04,693 [INFO] FLClient client-5 started (mock=False)
2026-10-06 07:31:04,697 [INFO] Registered client client-5  iroh=33db2b8b29ca8366
2026-10-06 07:31:05,396 [INFO] Iroh node started: 19fdb333580335ef  addrs=['10.77.0.1:48929']
2026-10-06 07:31:05,404 [INFO] CoAP server [client-6] listening on 0.0.0.0:5790
2026-10-06 07:31:05,405 [INFO] FLClient client-6 started (mock=False)
2026-10-06 07:31:05,406 [INFO] Registered client client-6  iroh=19fdb333580335ef
2026-10-06 07:31:06,056 [INFO] Iroh node started: 35059a0f20faa7b2  addrs=['10.77.0.1:52754']
2026-10-06 07:31:06,075 [INFO] CoAP server [client-7] listening on 0.0.0.0:5791
2026-10-06 07:31:06,077 [INFO] FLClient client-7 started (mock=False)
2026-10-06 07:31:06,078 [INFO] Registered client client-7  iroh=35059a0f20faa7b2
2026-10-06 07:31:06,759 [INFO] Iroh node started: e514d1ee87f63dcb  addrs=['10.77.0.1:60670']
2026-10-06 07:31:06,790 [INFO] CoAP server [client-8] listening on 0.0.0.0:5792
2026-10-06 07:31:06,792 [INFO] FLClient client-8 started (mock=False)
2026-10-06 07:31:06,795 [INFO] Registered client client-8  iroh=e514d1ee87f63dcb
2026-10-06 07:31:07,479 [INFO] Iroh node started: b4a8670b45d4be5f  addrs=['10.77.0.1:47331']
2026-10-06 07:31:07,489 [INFO] CoAP server [client-9] listening on 0.0.0.0:5793
2026-10-06 07:31:07,490 [INFO] FLClient client-9 started (mock=False)
2026-10-06 07:31:07,491 [INFO] Registered client client-9  iroh=b4a8670b45d4be5f
2026-10-06 07:31:07,494 [INFO] Round 1 — sending model to 10 clients…
2026-10-06 07:31:07,495 [INFO] [client-0] Round 1 — receiving model…
2026-10-06 07:31:07,496 [INFO] [client-1] Round 1 — receiving model…
2026-10-06 07:31:07,497 [INFO] [client-2] Round 1 — receiving model…
2026-10-06 07:31:07,499 [INFO] [client-3] Round 1 — receiving model…
2026-10-06 07:31:07,500 [INFO] [client-4] Round 1 — receiving model…
2026-10-06 07:31:07,501 [INFO] [client-5] Round 1 — receiving model…
2026-10-06 07:31:07,502 [INFO] [client-6] Round 1 — receiving model…
2026-10-06 07:31:07,503 [INFO] [client-7] Round 1 — receiving model…
2026-10-06 07:31:07,504 [INFO] [client-8] Round 1 — receiving model…
2026-10-06 07:31:07,505 [INFO] [client-9] Round 1 — receiving model…
2026-10-06 07:31:08,152 [INFO] recv 13933B via direct in 265ms
2026-10-06 07:31:08,194 [INFO] [client-8] Round 1 — training locally…
2026-10-06 07:32:03,982 [INFO] [client-8] Round 1 — sending update…
2026-10-06 07:32:03,994 [INFO] send 13933B via direct in 55209ms (0.00 Mbit/s) to e514d1ee87f63dcb
2026-10-06 07:32:03,995 [INFO] send 13933B via direct in 55206ms (0.00 Mbit/s) to d152900159825a96
2026-10-06 07:32:03,996 [INFO] send 13933B via direct in 55209ms (0.00 Mbit/s) to b4a8670b45d4be5f
2026-10-06 07:32:03,997 [INFO] send 13933B via direct in 55204ms (0.00 Mbit/s) to 62d8081c715ca75a
2026-10-06 07:32:03,998 [INFO] send 13933B via direct in 55203ms (0.00 Mbit/s) to da54f7b26411867a
2026-10-06 07:32:03,998 [INFO] send 13933B via direct in 55206ms (0.00 Mbit/s) to 567b5c733d43ed48
2026-10-06 07:32:03,999 [INFO] send 13933B via direct in 55200ms (0.00 Mbit/s) to 35059a0f20faa7b2
2026-10-06 07:32:04,000 [INFO] send 13933B via direct in 55203ms (0.00 Mbit/s) to 3a5e2809f14308c3
2026-10-06 07:32:04,002 [INFO] send 13933B via direct in 55207ms (0.00 Mbit/s) to 33db2b8b29ca8366
2026-10-06 07:32:04,003 [INFO] recv 13933B via direct in 54879ms
2026-10-06 07:32:04,005 [INFO] [client-9] Round 1 — training locally…
2026-10-06 07:32:04,098 [INFO] [client-9] Round 1 — sending update…
2026-10-06 07:32:04,100 [INFO] recv 13933B via direct in 54851ms
2026-10-06 07:32:04,103 [INFO] [client-5] Round 1 — training locally…
2026-10-06 07:32:04,211 [INFO] [client-5] Round 1 — sending update…
2026-10-06 07:32:04,214 [INFO] recv 13933B via direct in 54847ms
2026-10-06 07:32:04,216 [INFO] [client-3] Round 1 — training locally…
2026-10-06 07:32:04,299 [INFO] [client-3] Round 1 — sending update…
2026-10-06 07:32:04,303 [INFO] recv 13933B via direct in 54846ms
2026-10-06 07:32:04,305 [INFO] [client-1] Round 1 — training locally…
2026-10-06 07:32:04,400 [INFO] [client-1] Round 1 — sending update…
2026-10-06 07:32:04,402 [INFO] recv 13933B via direct in 54847ms
2026-10-06 07:32:04,406 [INFO] [client-0] Round 1 — training locally…
2026-10-06 07:32:04,494 [INFO] [client-0] Round 1 — sending update…
2026-10-06 07:32:04,497 [INFO] recv 13933B via direct in 54844ms
2026-10-06 07:32:04,501 [INFO] [client-2] Round 1 — training locally…
2026-10-06 07:32:04,601 [INFO] [client-2] Round 1 — sending update…
2026-10-06 07:32:04,604 [INFO] recv 13933B via direct in 54844ms
2026-10-06 07:32:04,607 [INFO] [client-4] Round 1 — training locally…
2026-10-06 07:32:04,757 [INFO] [client-4] Round 1 — sending update…
2026-10-06 07:32:04,759 [INFO] recv 13933B via direct in 54835ms
2026-10-06 07:32:04,762 [INFO] [client-6] Round 1 — training locally…
2026-10-06 07:32:04,889 [INFO] [client-6] Round 1 — sending update…
2026-10-06 07:32:04,891 [INFO] recv 13933B via direct in 54825ms
2026-10-06 07:32:04,894 [INFO] [client-7] Round 1 — training locally…
2026-10-06 07:32:05,043 [INFO] [client-7] Round 1 — sending update…
2026-10-06 07:32:05,047 [INFO] send 13933B via direct in 55202ms (0.00 Mbit/s) to 19fdb333580335ef
2026-10-06 07:32:05,051 [INFO] Round 1 — waiting for 10 updates…
2026-10-06 07:32:05,400 [INFO] recv 13933B via direct in 345ms
2026-10-06 07:32:05,412 [INFO] recv 13933B via direct in 358ms
2026-10-06 07:32:05,443 [INFO] recv 13933B via direct in 383ms
2026-10-06 07:32:05,447 [INFO] recv 13933B via direct in 384ms
2026-10-06 07:32:05,451 [INFO] recv 13933B via direct in 386ms
2026-10-06 07:32:05,455 [INFO] recv 13933B via direct in 386ms
2026-10-06 07:32:05,459 [INFO] recv 13933B via direct in 387ms
2026-10-06 07:32:05,463 [INFO] recv 13933B via direct in 337ms
2026-10-06 07:32:05,469 [INFO] recv 13933B via direct in 228ms
2026-10-06 07:32:05,520 [INFO] send 13933B via direct in 1417ms (0.08 Mbit/s) to beebfef1ede5718b
2026-10-06 07:32:05,592 [INFO] [client-9] Round 1 done — loss=1.0548 acc=0.4765  56.9s
2026-10-06 07:32:05,593 [INFO] [client-9] Round 2 — receiving model…
2026-10-06 07:32:05,596 [INFO] send 13933B via direct in 1609ms (0.07 Mbit/s) to beebfef1ede5718b
2026-10-06 07:32:05,615 [INFO] [client-8] Round 1 done — loss=0.8068 acc=0.6848  56.9s
2026-10-06 07:32:05,616 [INFO] [client-8] Round 2 — receiving model…
2026-10-06 07:32:05,617 [INFO] send 13933B via direct in 1381ms (0.08 Mbit/s) to beebfef1ede5718b
2026-10-06 07:32:05,636 [INFO] [client-5] Round 1 done — loss=1.0614 acc=0.4485  56.9s
2026-10-06 07:32:05,637 [INFO] [client-5] Round 2 — receiving model…
2026-10-06 07:32:05,639 [INFO] send 13933B via direct in 1292ms (0.09 Mbit/s) to beebfef1ede5718b
2026-10-06 07:32:05,660 [INFO] [client-3] Round 1 done — loss=1.0601 acc=0.4454  57.0s
2026-10-06 07:32:05,661 [INFO] [client-3] Round 2 — receiving model…
2026-10-06 07:32:05,662 [INFO] send 13933B via direct in 1193ms (0.09 Mbit/s) to beebfef1ede5718b
2026-10-06 07:32:05,681 [INFO] [client-1] Round 1 done — loss=1.0801 acc=0.3953  57.0s
2026-10-06 07:32:05,682 [INFO] [client-1] Round 2 — receiving model…
2026-10-06 07:32:05,683 [INFO] send 13933B via direct in 1099ms (0.10 Mbit/s) to beebfef1ede5718b
2026-10-06 07:32:05,705 [INFO] [client-0] Round 1 done — loss=1.0623 acc=0.4510  57.0s
2026-10-06 07:32:05,706 [INFO] [client-0] Round 2 — receiving model…
2026-10-06 07:32:05,708 [INFO] send 13933B via direct in 992ms (0.11 Mbit/s) to beebfef1ede5718b
2026-10-06 07:32:05,738 [INFO] [client-2] Round 1 done — loss=1.0387 acc=0.4447  57.0s
2026-10-06 07:32:05,739 [INFO] [client-2] Round 2 — receiving model…
2026-10-06 07:32:05,740 [INFO] send 13933B via direct in 837ms (0.13 Mbit/s) to beebfef1ede5718b
2026-10-06 07:32:05,762 [INFO] [client-4] Round 1 done — loss=1.0343 acc=0.4907  57.1s
2026-10-06 07:32:05,763 [INFO] [client-4] Round 2 — receiving model…
2026-10-06 07:32:05,764 [INFO] send 13933B via direct in 705ms (0.16 Mbit/s) to beebfef1ede5718b
2026-10-06 07:32:05,785 [INFO] [client-6] Round 1 done — loss=1.0503 acc=0.4472  57.1s
2026-10-06 07:32:05,787 [INFO] [client-6] Round 2 — receiving model…
2026-10-06 07:32:05,789 [INFO] send 13933B via direct in 742ms (0.15 Mbit/s) to beebfef1ede5718b
2026-10-06 07:32:05,810 [INFO] [client-7] Round 1 done — loss=1.0545 acc=0.4148  57.1s
2026-10-06 07:32:05,811 [INFO] [client-7] Round 2 — receiving model…
2026-10-06 07:32:05,812 [INFO] recv 13933B via direct in 401ms
2026-10-06 07:32:05,835 [INFO] Round 1/20  acc=0.3109  loss=1.1102  57.1s  clients=10
2026-10-06 07:32:05,836 [INFO] Round 2 — sending model to 10 clients…
2026-10-06 07:32:06,397 [INFO] recv 13933B via direct in 246ms
2026-10-06 07:32:06,412 [INFO] [client-6] Round 2 — training locally…
2026-10-06 07:32:06,583 [INFO] [client-6] Round 2 — sending update…
2026-10-06 07:32:06,594 [INFO] send 13933B via direct in 748ms (0.15 Mbit/s) to 19fdb333580335ef
2026-10-06 07:32:06,595 [INFO] send 13933B via direct in 746ms (0.15 Mbit/s) to da54f7b26411867a
2026-10-06 07:32:06,597 [INFO] send 13933B via direct in 745ms (0.15 Mbit/s) to 35059a0f20faa7b2
2026-10-06 07:32:06,598 [INFO] send 13933B via direct in 741ms (0.15 Mbit/s) to 62d8081c715ca75a
2026-10-06 07:32:06,599 [INFO] send 13933B via direct in 746ms (0.15 Mbit/s) to e514d1ee87f63dcb
2026-10-06 07:32:06,601 [INFO] recv 13933B via direct in 424ms
2026-10-06 07:32:06,604 [INFO] [client-2] Round 2 — training locally…
2026-10-06 07:32:06,701 [INFO] [client-2] Round 2 — sending update…
2026-10-06 07:32:06,705 [INFO] recv 13933B via direct in 398ms
2026-10-06 07:32:06,707 [INFO] [client-7] Round 2 — training locally…
2026-10-06 07:32:06,803 [INFO] [client-7] Round 2 — sending update…
2026-10-06 07:32:06,805 [INFO] recv 13933B via direct in 367ms
2026-10-06 07:32:06,807 [INFO] [client-8] Round 2 — training locally…
2026-10-06 07:32:06,910 [INFO] [client-8] Round 2 — sending update…
2026-10-06 07:32:06,912 [INFO] recv 13933B via direct in 367ms
2026-10-06 07:32:06,916 [INFO] [client-3] Round 2 — training locally…
2026-10-06 07:32:07,037 [INFO] [client-3] Round 2 — sending update…
2026-10-06 07:32:07,040 [INFO] recv 13933B via direct in 368ms
2026-10-06 07:32:07,042 [INFO] [client-1] Round 2 — training locally…
2026-10-06 07:32:07,143 [INFO] [client-1] Round 2 — sending update…
2026-10-06 07:32:07,145 [INFO] recv 13933B via direct in 366ms
2026-10-06 07:32:07,149 [INFO] [client-9] Round 2 — training locally…
2026-10-06 07:32:07,255 [INFO] [client-9] Round 2 — sending update…
2026-10-06 07:32:07,258 [INFO] recv 13933B via direct in 362ms
2026-10-06 07:32:07,261 [INFO] [client-0] Round 2 — training locally…
2026-10-06 07:32:07,338 [INFO] [client-0] Round 2 — sending update…
2026-10-06 07:32:07,341 [INFO] recv 13933B via direct in 362ms
2026-10-06 07:32:07,345 [INFO] [client-5] Round 2 — training locally…
2026-10-06 07:32:07,456 [INFO] [client-5] Round 2 — sending update…
2026-10-06 07:32:07,460 [INFO] recv 13933B via direct in 360ms
2026-10-06 07:32:07,463 [INFO] [client-4] Round 2 — training locally…
2026-10-06 07:32:07,589 [INFO] [client-4] Round 2 — sending update…
2026-10-06 07:32:07,596 [INFO] send 13933B via direct in 1748ms (0.06 Mbit/s) to d152900159825a96
2026-10-06 07:32:07,597 [INFO] send 13933B via direct in 1748ms (0.06 Mbit/s) to 567b5c733d43ed48
2026-10-06 07:32:07,614 [INFO] send 13933B via direct in 1747ms (0.06 Mbit/s) to 3a5e2809f14308c3
2026-10-06 07:32:07,616 [INFO] send 13933B via direct in 1747ms (0.06 Mbit/s) to b4a8670b45d4be5f
2026-10-06 07:32:07,617 [INFO] send 13933B via direct in 1746ms (0.06 Mbit/s) to 33db2b8b29ca8366
2026-10-06 07:32:07,619 [INFO] Round 2 — waiting for 10 updates…
2026-10-06 07:32:07,967 [INFO] recv 13933B via direct in 368ms
2026-10-06 07:32:08,003 [INFO] recv 13933B via direct in 399ms
2026-10-06 07:32:08,011 [INFO] recv 13933B via direct in 399ms
2026-10-06 07:32:08,016 [INFO] recv 13933B via direct in 401ms
2026-10-06 07:32:08,021 [INFO] recv 13933B via direct in 402ms
2026-10-06 07:32:08,027 [INFO] recv 13933B via direct in 402ms
2026-10-06 07:32:08,032 [INFO] recv 13933B via direct in 379ms
2026-10-06 07:32:08,036 [INFO] recv 13933B via direct in 345ms
2026-10-06 07:32:08,046 [INFO] recv 13933B via direct in 238ms
2026-10-06 07:32:08,104 [INFO] send 13933B via direct in 1182ms (0.09 Mbit/s) to beebfef1ede5718b
2026-10-06 07:32:08,189 [INFO] [client-8] Round 2 done — loss=0.7741 acc=0.7249  2.6s
2026-10-06 07:32:08,191 [INFO] [client-8] Round 3 — receiving model…
2026-10-06 07:32:08,193 [INFO] send 13933B via direct in 1511ms (0.07 Mbit/s) to beebfef1ede5718b
2026-10-06 07:32:08,213 [INFO] [client-6] Round 2 done — loss=1.0288 acc=0.4757  2.4s
2026-10-06 07:32:08,214 [INFO] [client-6] Round 3 — receiving model…
2026-10-06 07:32:08,215 [INFO] send 13933B via direct in 1396ms (0.08 Mbit/s) to beebfef1ede5718b
2026-10-06 07:32:08,234 [INFO] [client-2] Round 2 done — loss=1.0159 acc=0.4639  2.5s
2026-10-06 07:32:08,235 [INFO] [client-2] Round 3 — receiving model…
2026-10-06 07:32:08,236 [INFO] send 13933B via direct in 1296ms (0.09 Mbit/s) to beebfef1ede5718b
2026-10-06 07:32:08,252 [INFO] [client-7] Round 2 done — loss=1.0373 acc=0.4444  2.4s
2026-10-06 07:32:08,253 [INFO] [client-7] Round 3 — receiving model…
2026-10-06 07:32:08,254 [INFO] send 13933B via direct in 956ms (0.12 Mbit/s) to beebfef1ede5718b
2026-10-06 07:32:08,281 [INFO] [client-1] Round 2 done — loss=1.0683 acc=0.3922  2.6s
2026-10-06 07:32:08,282 [INFO] [client-1] Round 3 — receiving model…
2026-10-06 07:32:08,283 [INFO] send 13933B via direct in 1064ms (0.11 Mbit/s) to beebfef1ede5718b
2026-10-06 07:32:08,305 [INFO] [client-3] Round 2 done — loss=1.0592 acc=0.4299  2.6s
2026-10-06 07:32:08,306 [INFO] [client-3] Round 3 — receiving model…
2026-10-06 07:32:08,310 [INFO] send 13933B via direct in 1050ms (0.11 Mbit/s) to beebfef1ede5718b
2026-10-06 07:32:08,333 [INFO] [client-9] Round 2 done — loss=1.0235 acc=0.5109  2.7s
2026-10-06 07:32:08,334 [INFO] [client-9] Round 3 — receiving model…
2026-10-06 07:32:08,335 [INFO] send 13933B via direct in 967ms (0.12 Mbit/s) to beebfef1ede5718b
2026-10-06 07:32:08,359 [INFO] [client-0] Round 2 done — loss=1.0606 acc=0.4514  2.7s
2026-10-06 07:32:08,360 [INFO] [client-0] Round 3 — receiving model…
2026-10-06 07:32:08,361 [INFO] send 13933B via direct in 849ms (0.13 Mbit/s) to beebfef1ede5718b
2026-10-06 07:32:08,379 [INFO] [client-5] Round 2 done — loss=1.0170 acc=0.5130  2.7s
2026-10-06 07:32:08,380 [INFO] [client-5] Round 3 — receiving model…
2026-10-06 07:32:08,381 [INFO] send 13933B via direct in 718ms (0.16 Mbit/s) to beebfef1ede5718b
2026-10-06 07:32:08,400 [INFO] [client-4] Round 2 done — loss=1.0325 acc=0.4825  2.6s
2026-10-06 07:32:08,401 [INFO] [client-4] Round 3 — receiving model…
2026-10-06 07:32:08,402 [INFO] recv 13933B via direct in 385ms
2026-10-06 07:32:08,428 [INFO] Round 2/20  acc=0.4007  loss=1.0856  2.6s  clients=10
2026-10-06 07:32:08,429 [INFO] Round 3 — sending model to 10 clients…
2026-10-06 07:32:09,023 [INFO] recv 13933B via direct in 246ms
2026-10-06 07:32:09,039 [INFO] [client-5] Round 3 — training locally…
2026-10-06 07:32:09,205 [INFO] [client-5] Round 3 — sending update…
2026-10-06 07:32:09,217 [INFO] send 13933B via direct in 778ms (0.14 Mbit/s) to 33db2b8b29ca8366
2026-10-06 07:32:09,219 [INFO] send 13933B via direct in 777ms (0.14 Mbit/s) to e514d1ee87f63dcb
2026-10-06 07:32:09,220 [INFO] send 13933B via direct in 775ms (0.14 Mbit/s) to da54f7b26411867a
2026-10-06 07:32:09,222 [INFO] send 13933B via direct in 775ms (0.14 Mbit/s) to 19fdb333580335ef
2026-10-06 07:32:09,223 [INFO] send 13933B via direct in 777ms (0.14 Mbit/s) to 567b5c733d43ed48
2026-10-06 07:32:09,224 [INFO] send 13933B via direct in 777ms (0.14 Mbit/s) to 3a5e2809f14308c3
2026-10-06 07:32:09,226 [INFO] send 13933B via direct in 775ms (0.14 Mbit/s) to b4a8670b45d4be5f
2026-10-06 07:32:09,227 [INFO] send 13933B via direct in 774ms (0.14 Mbit/s) to 62d8081c715ca75a
2026-10-06 07:32:09,229 [INFO] send 13933B via direct in 775ms (0.14 Mbit/s) to 35059a0f20faa7b2
2026-10-06 07:32:09,230 [INFO] recv 13933B via direct in 418ms
2026-10-06 07:32:09,233 [INFO] [client-8] Round 3 — training locally…
2026-10-06 07:32:09,340 [INFO] [client-8] Round 3 — sending update…
2026-10-06 07:32:09,344 [INFO] recv 13933B via direct in 406ms
2026-10-06 07:32:09,349 [INFO] [client-1] Round 3 — training locally…
2026-10-06 07:32:09,454 [INFO] [client-1] Round 3 — sending update…
2026-10-06 07:32:09,456 [INFO] recv 13933B via direct in 406ms
2026-10-06 07:32:09,460 [INFO] [client-4] Round 3 — training locally…
2026-10-06 07:32:09,560 [INFO] [client-4] Round 3 — sending update…
2026-10-06 07:32:09,563 [INFO] recv 13933B via direct in 407ms
2026-10-06 07:32:09,566 [INFO] [client-2] Round 3 — training locally…
2026-10-06 07:32:09,668 [INFO] [client-2] Round 3 — sending update…
2026-10-06 07:32:09,672 [INFO] recv 13933B via direct in 407ms
2026-10-06 07:32:09,674 [INFO] [client-6] Round 3 — training locally…
2026-10-06 07:32:09,771 [INFO] [client-6] Round 3 — sending update…
2026-10-06 07:32:09,773 [INFO] recv 13933B via direct in 407ms
2026-10-06 07:32:09,775 [INFO] [client-7] Round 3 — training locally…
2026-10-06 07:32:09,876 [INFO] [client-7] Round 3 — sending update…
2026-10-06 07:32:09,878 [INFO] recv 13933B via direct in 390ms
2026-10-06 07:32:09,880 [INFO] [client-3] Round 3 — training locally…
2026-10-06 07:32:10,015 [INFO] [client-3] Round 3 — sending update…
2026-10-06 07:32:10,019 [INFO] recv 13933B via direct in 390ms
2026-10-06 07:32:10,024 [INFO] [client-9] Round 3 — training locally…
2026-10-06 07:32:10,127 [INFO] [client-9] Round 3 — sending update…
2026-10-06 07:32:10,131 [INFO] recv 13933B via direct in 390ms
2026-10-06 07:32:10,134 [INFO] [client-0] Round 3 — training locally…
2026-10-06 07:32:10,226 [INFO] [client-0] Round 3 — sending update…
2026-10-06 07:32:10,231 [INFO] send 13933B via direct in 774ms (0.14 Mbit/s) to d152900159825a96
2026-10-06 07:32:10,233 [INFO] Round 3 — waiting for 10 updates…
2026-10-06 07:32:10,597 [INFO] recv 13933B via direct in 355ms
2026-10-06 07:32:10,609 [INFO] recv 13933B via direct in 357ms
2026-10-06 07:32:10,612 [INFO] recv 13933B via direct in 358ms
2026-10-06 07:32:10,618 [INFO] recv 13933B via direct in 382ms
2026-10-06 07:32:10,623 [INFO] recv 13933B via direct in 382ms
2026-10-06 07:32:10,628 [INFO] recv 13933B via direct in 382ms
2026-10-06 07:32:10,634 [INFO] recv 13933B via direct in 397ms
2026-10-06 07:32:10,639 [INFO] recv 13933B via direct in 238ms
2026-10-06 07:32:10,709 [INFO] send 13933B via direct in 1499ms (0.07 Mbit/s) to beebfef1ede5718b
2026-10-06 07:32:10,751 [INFO] [client-5] Round 3 done — loss=0.9961 acc=0.5388  2.4s
2026-10-06 07:32:10,753 [INFO] [client-5] Round 4 — receiving model…
2026-10-06 07:32:10,755 [INFO] send 13933B via direct in 1363ms (0.08 Mbit/s) to beebfef1ede5718b
2026-10-06 07:32:10,781 [INFO] [client-8] Round 3 done — loss=0.7725 acc=0.7163  2.6s
2026-10-06 07:32:10,782 [INFO] [client-8] Round 4 — receiving model…
2026-10-06 07:32:10,783 [INFO] send 13933B via direct in 1252ms (0.09 Mbit/s) to beebfef1ede5718b
2026-10-06 07:32:10,803 [INFO] [client-1] Round 3 done — loss=1.0609 acc=0.4145  2.5s
2026-10-06 07:32:10,804 [INFO] [client-1] Round 4 — receiving model…
2026-10-06 07:32:10,808 [INFO] send 13933B via direct in 1243ms (0.09 Mbit/s) to beebfef1ede5718b
2026-10-06 07:32:10,829 [INFO] [client-4] Round 3 done — loss=1.0244 acc=0.4876  2.4s
2026-10-06 07:32:10,830 [INFO] [client-4] Round 4 — receiving model…
2026-10-06 07:32:10,831 [INFO] send 13933B via direct in 1135ms (0.10 Mbit/s) to beebfef1ede5718b
2026-10-06 07:32:10,848 [INFO] [client-2] Round 3 done — loss=0.9923 acc=0.4815  2.6s
2026-10-06 07:32:10,849 [INFO] [client-2] Round 4 — receiving model…
2026-10-06 07:32:10,850 [INFO] send 13933B via direct in 1033ms (0.11 Mbit/s) to beebfef1ede5718b
2026-10-06 07:32:10,869 [INFO] [client-6] Round 3 done — loss=1.0207 acc=0.4715  2.7s
2026-10-06 07:32:10,870 [INFO] [client-6] Round 4 — receiving model…
2026-10-06 07:32:10,871 [INFO] send 13933B via direct in 928ms (0.12 Mbit/s) to beebfef1ede5718b
2026-10-06 07:32:10,885 [INFO] [client-7] Round 3 done — loss=1.0335 acc=0.4382  2.6s
2026-10-06 07:32:10,887 [INFO] [client-7] Round 4 — receiving model…
2026-10-06 07:32:10,888 [INFO] send 13933B via direct in 788ms (0.14 Mbit/s) to beebfef1ede5718b
2026-10-06 07:32:10,905 [INFO] [client-3] Round 3 done — loss=1.0553 acc=0.4451  2.6s
2026-10-06 07:32:10,906 [INFO] [client-3] Round 4 — receiving model…
2026-10-06 07:32:10,907 [INFO] recv 13933B via direct in 335ms
2026-10-06 07:32:10,913 [INFO] send 13933B via direct in 782ms (0.14 Mbit/s) to beebfef1ede5718b
2026-10-06 07:32:10,929 [INFO] [client-9] Round 3 done — loss=1.0191 acc=0.5228  2.6s
2026-10-06 07:32:10,930 [INFO] [client-9] Round 4 — receiving model…
2026-10-06 07:32:10,931 [INFO] recv 13933B via direct in 296ms
2026-10-06 07:32:10,956 [INFO] Round 3/20  acc=0.4378  loss=1.0716  2.5s  clients=10
2026-10-06 07:32:10,957 [INFO] Round 4 — sending model to 10 clients…
2026-10-06 07:32:10,967 [INFO] send 13933B via direct in 737ms (0.15 Mbit/s) to beebfef1ede5718b
2026-10-06 07:32:10,983 [INFO] [client-0] Round 3 done — loss=1.0538 acc=0.4605  2.6s
2026-10-06 07:32:10,984 [INFO] [client-0] Round 4 — receiving model…
2026-10-06 07:32:11,594 [INFO] recv 13933B via direct in 272ms
2026-10-06 07:32:11,609 [INFO] [client-3] Round 4 — training locally…
2026-10-06 07:32:11,795 [INFO] [client-3] Round 4 — sending update…
2026-10-06 07:32:11,807 [INFO] send 13933B via direct in 839ms (0.13 Mbit/s) to d152900159825a96
2026-10-06 07:32:11,808 [INFO] send 13933B via direct in 837ms (0.13 Mbit/s) to 567b5c733d43ed48
2026-10-06 07:32:11,809 [INFO] send 13933B via direct in 837ms (0.13 Mbit/s) to e514d1ee87f63dcb
2026-10-06 07:32:11,811 [INFO] send 13933B via direct in 837ms (0.13 Mbit/s) to da54f7b26411867a
2026-10-06 07:32:11,812 [INFO] send 13933B via direct in 836ms (0.13 Mbit/s) to 35059a0f20faa7b2
2026-10-06 07:32:11,813 [INFO] send 13933B via direct in 835ms (0.13 Mbit/s) to b4a8670b45d4be5f
2026-10-06 07:32:11,813 [INFO] send 13933B via direct in 836ms (0.13 Mbit/s) to 3a5e2809f14308c3
2026-10-06 07:32:11,815 [INFO] send 13933B via direct in 835ms (0.13 Mbit/s) to 62d8081c715ca75a
2026-10-06 07:32:11,816 [INFO] send 13933B via direct in 838ms (0.13 Mbit/s) to 19fdb333580335ef
2026-10-06 07:32:11,817 [INFO] send 13933B via direct in 836ms (0.13 Mbit/s) to 33db2b8b29ca8366
2026-10-06 07:32:11,818 [INFO] recv 13933B via direct in 438ms
2026-10-06 07:32:11,820 [INFO] [client-8] Round 4 — training locally…
2026-10-06 07:32:11,921 [INFO] [client-8] Round 4 — sending update…
2026-10-06 07:32:11,924 [INFO] recv 13933B via direct in 437ms
2026-10-06 07:32:11,927 [INFO] [client-2] Round 4 — training locally…
2026-10-06 07:32:12,026 [INFO] [client-2] Round 4 — sending update…
2026-10-06 07:32:12,030 [INFO] recv 13933B via direct in 436ms
2026-10-06 07:32:12,034 [INFO] [client-5] Round 4 — training locally…
2026-10-06 07:32:12,136 [INFO] [client-5] Round 4 — sending update…
2026-10-06 07:32:12,140 [INFO] recv 13933B via direct in 436ms
2026-10-06 07:32:12,144 [INFO] [client-7] Round 4 — training locally…
2026-10-06 07:32:12,234 [INFO] [client-7] Round 4 — sending update…
2026-10-06 07:32:12,236 [INFO] recv 13933B via direct in 437ms
2026-10-06 07:32:12,239 [INFO] [client-9] Round 4 — training locally…
2026-10-06 07:32:12,345 [INFO] [client-9] Round 4 — sending update…
2026-10-06 07:32:12,348 [INFO] recv 13933B via direct in 432ms
2026-10-06 07:32:12,354 [INFO] [client-4] Round 4 — training locally…
2026-10-06 07:32:12,497 [INFO] [client-4] Round 4 — sending update…
2026-10-06 07:32:12,501 [INFO] recv 13933B via direct in 431ms
2026-10-06 07:32:12,505 [INFO] [client-0] Round 4 — training locally…
2026-10-06 07:32:12,585 [INFO] [client-0] Round 4 — sending update…
2026-10-06 07:32:12,589 [INFO] recv 13933B via direct in 477ms
2026-10-06 07:32:12,591 [INFO] [client-6] Round 4 — training locally…
2026-10-06 07:32:12,702 [INFO] [client-6] Round 4 — sending update…
2026-10-06 07:32:12,705 [INFO] recv 13933B via direct in 443ms
2026-10-06 07:32:12,707 [INFO] [client-1] Round 4 — training locally…
2026-10-06 07:32:12,813 [INFO] [client-1] Round 4 — sending update…
2026-10-06 07:32:12,816 [INFO] Round 4 — waiting for 10 updates…
2026-10-06 07:32:13,195 [INFO] recv 13933B via direct in 374ms
2026-10-06 07:32:13,210 [INFO] recv 13933B via direct in 388ms
2026-10-06 07:32:13,213 [INFO] recv 13933B via direct in 388ms
2026-10-06 07:32:13,217 [INFO] recv 13933B via direct in 388ms
2026-10-06 07:32:13,220 [INFO] recv 13933B via direct in 389ms
2026-10-06 07:32:13,224 [INFO] recv 13933B via direct in 389ms
2026-10-06 07:32:13,227 [INFO] recv 13933B via direct in 250ms
2026-10-06 07:32:13,229 [INFO] recv 13933B via direct in 357ms
2026-10-06 07:32:13,277 [INFO] recv 13933B via direct in 240ms
2026-10-06 07:32:13,328 [INFO] send 13933B via direct in 1524ms (0.07 Mbit/s) to beebfef1ede5718b
2026-10-06 07:32:13,455 [INFO] [client-3] Round 4 done — loss=1.0544 acc=0.4416  2.5s
2026-10-06 07:32:13,459 [INFO] [client-3] Round 5 — receiving model…
2026-10-06 07:32:13,460 [INFO] send 13933B via direct in 1399ms (0.08 Mbit/s) to beebfef1ede5718b
2026-10-06 07:32:13,478 [INFO] [client-8] Round 4 done — loss=0.7701 acc=0.7115  2.7s
2026-10-06 07:32:13,479 [INFO] [client-8] Round 5 — receiving model…
2026-10-06 07:32:13,480 [INFO] send 13933B via direct in 1187ms (0.09 Mbit/s) to beebfef1ede5718b
2026-10-06 07:32:13,500 [INFO] [client-5] Round 4 done — loss=0.9904 acc=0.5457  2.7s
2026-10-06 07:32:13,501 [INFO] [client-5] Round 5 — receiving model…
2026-10-06 07:32:13,506 [INFO] send 13933B via direct in 1451ms (0.08 Mbit/s) to beebfef1ede5718b
2026-10-06 07:32:13,523 [INFO] [client-2] Round 4 done — loss=0.9881 acc=0.5038  2.7s
2026-10-06 07:32:13,525 [INFO] [client-2] Round 5 — receiving model…
2026-10-06 07:32:13,526 [INFO] send 13933B via direct in 1267ms (0.09 Mbit/s) to beebfef1ede5718b
2026-10-06 07:32:13,551 [INFO] [client-7] Round 4 done — loss=1.0322 acc=0.4505  2.7s
2026-10-06 07:32:13,552 [INFO] [client-7] Round 5 — receiving model…
2026-10-06 07:32:13,553 [INFO] send 13933B via direct in 1155ms (0.10 Mbit/s) to beebfef1ede5718b
2026-10-06 07:32:13,572 [INFO] [client-9] Round 4 done — loss=1.0146 acc=0.5183  2.6s
2026-10-06 07:32:13,573 [INFO] [client-9] Round 5 — receiving model…
2026-10-06 07:32:13,574 [INFO] send 13933B via direct in 915ms (0.12 Mbit/s) to beebfef1ede5718b
2026-10-06 07:32:13,592 [INFO] [client-0] Round 4 done — loss=1.0527 acc=0.4488  2.6s
2026-10-06 07:32:13,593 [INFO] [client-0] Round 5 — receiving model…
2026-10-06 07:32:13,594 [INFO] send 13933B via direct in 1004ms (0.11 Mbit/s) to beebfef1ede5718b
2026-10-06 07:32:13,613 [INFO] [client-4] Round 4 done — loss=1.0193 acc=0.4887  2.8s
2026-10-06 07:32:13,614 [INFO] [client-4] Round 5 — receiving model…
2026-10-06 07:32:13,615 [INFO] send 13933B via direct in 800ms (0.14 Mbit/s) to beebfef1ede5718b
2026-10-06 07:32:13,631 [INFO] [client-6] Round 4 done — loss=1.0197 acc=0.4760  2.8s
2026-10-06 07:32:13,632 [INFO] [client-6] Round 5 — receiving model…
2026-10-06 07:32:13,633 [INFO] recv 13933B via direct in 348ms
2026-10-06 07:32:13,654 [INFO] Round 4/20  acc=0.4605  loss=1.0616  2.7s  clients=10
2026-10-06 07:32:13,655 [INFO] Round 5 — sending model to 10 clients…
2026-10-06 07:32:13,665 [INFO] send 13933B via direct in 818ms (0.14 Mbit/s) to beebfef1ede5718b
2026-10-06 07:32:13,681 [INFO] [client-1] Round 4 done — loss=1.0621 acc=0.4131  2.9s
2026-10-06 07:32:13,682 [INFO] [client-1] Round 5 — receiving model…
2026-10-06 07:32:14,217 [INFO] recv 13933B via direct in 270ms
2026-10-06 07:32:14,224 [INFO] [client-1] Round 5 — training locally…
2026-10-06 07:32:14,362 [INFO] [client-1] Round 5 — sending update…
2026-10-06 07:32:14,370 [INFO] send 13933B via direct in 708ms (0.16 Mbit/s) to 567b5c733d43ed48
2026-10-06 07:32:14,372 [INFO] send 13933B via direct in 706ms (0.16 Mbit/s) to 35059a0f20faa7b2
2026-10-06 07:32:14,373 [INFO] recv 13933B via direct in 348ms
2026-10-06 07:32:14,376 [INFO] [client-7] Round 5 — training locally…
2026-10-06 07:32:14,473 [INFO] [client-7] Round 5 — sending update…
2026-10-06 07:32:14,477 [INFO] recv 13933B via direct in 377ms
2026-10-06 07:32:14,481 [INFO] [client-2] Round 5 — training locally…
2026-10-06 07:32:14,585 [INFO] [client-2] Round 5 — sending update…
2026-10-06 07:32:14,588 [INFO] recv 13933B via direct in 347ms
2026-10-06 07:32:14,591 [INFO] [client-9] Round 5 — training locally…
2026-10-06 07:32:14,725 [INFO] [client-9] Round 5 — sending update…
2026-10-06 07:32:14,727 [INFO] recv 13933B via direct in 347ms
2026-10-06 07:32:14,731 [INFO] [client-3] Round 5 — training locally…
2026-10-06 07:32:14,860 [INFO] [client-3] Round 5 — sending update…
2026-10-06 07:32:14,862 [INFO] recv 13933B via direct in 338ms
2026-10-06 07:32:14,867 [INFO] [client-8] Round 5 — training locally…
2026-10-06 07:32:14,982 [INFO] [client-8] Round 5 — sending update…
2026-10-06 07:32:14,985 [INFO] recv 13933B via direct in 322ms
2026-10-06 07:32:14,987 [INFO] [client-6] Round 5 — training locally…
2026-10-06 07:32:15,078 [INFO] [client-6] Round 5 — sending update…
2026-10-06 07:32:15,081 [INFO] recv 13933B via direct in 321ms
2026-10-06 07:32:15,084 [INFO] [client-0] Round 5 — training locally…
2026-10-06 07:32:15,155 [INFO] [client-0] Round 5 — sending update…
2026-10-06 07:32:15,157 [INFO] recv 13933B via direct in 320ms
2026-10-06 07:32:15,159 [INFO] [client-4] Round 5 — training locally…
2026-10-06 07:32:15,264 [INFO] [client-4] Round 5 — sending update…
2026-10-06 07:32:15,268 [INFO] recv 13933B via direct in 319ms
2026-10-06 07:32:15,272 [INFO] [client-5] Round 5 — training locally…
2026-10-06 07:32:15,368 [INFO] [client-5] Round 5 — sending update…
2026-10-06 07:32:15,370 [INFO] send 13933B via direct in 707ms (0.16 Mbit/s) to da54f7b26411867a
2026-10-06 07:32:15,387 [INFO] send 13933B via direct in 1712ms (0.07 Mbit/s) to e514d1ee87f63dcb
2026-10-06 07:32:15,388 [INFO] send 13933B via direct in 1714ms (0.07 Mbit/s) to b4a8670b45d4be5f
2026-10-06 07:32:15,389 [INFO] send 13933B via direct in 1712ms (0.07 Mbit/s) to 19fdb333580335ef
2026-10-06 07:32:15,390 [INFO] send 13933B via direct in 1711ms (0.07 Mbit/s) to 62d8081c715ca75a
2026-10-06 07:32:15,391 [INFO] send 13933B via direct in 1710ms (0.07 Mbit/s) to 33db2b8b29ca8366
2026-10-06 07:32:15,392 [INFO] send 13933B via direct in 1714ms (0.07 Mbit/s) to d152900159825a96
2026-10-06 07:32:15,393 [INFO] send 13933B via direct in 1711ms (0.07 Mbit/s) to 3a5e2809f14308c3
2026-10-06 07:32:15,394 [INFO] Round 5 — waiting for 10 updates…
2026-10-06 07:32:15,691 [INFO] recv 13933B via direct in 314ms
2026-10-06 07:32:15,709 [INFO] recv 13933B via direct in 333ms
2026-10-06 07:32:15,723 [INFO] recv 13933B via direct in 347ms
2026-10-06 07:32:15,741 [INFO] recv 13933B via direct in 364ms
2026-10-06 07:32:15,753 [INFO] recv 13933B via direct in 376ms
2026-10-06 07:32:15,765 [INFO] recv 13933B via direct in 377ms
2026-10-06 07:32:15,776 [INFO] recv 13933B via direct in 344ms
2026-10-06 07:32:15,780 [INFO] recv 13933B via direct in 261ms
2026-10-06 07:32:15,788 [INFO] send 13933B via direct in 1424ms (0.08 Mbit/s) to beebfef1ede5718b
2026-10-06 07:32:15,829 [INFO] [client-1] Round 5 done — loss=1.0607 acc=0.4190  2.1s
2026-10-06 07:32:15,830 [INFO] [client-1] Round 6 — receiving model…
2026-10-06 07:32:15,831 [INFO] send 13933B via direct in 1355ms (0.08 Mbit/s) to beebfef1ede5718b
2026-10-06 07:32:15,853 [INFO] [client-7] Round 5 done — loss=1.0315 acc=0.4540  2.3s
2026-10-06 07:32:15,854 [INFO] [client-7] Round 6 — receiving model…
2026-10-06 07:32:15,856 [INFO] send 13933B via direct in 1268ms (0.09 Mbit/s) to beebfef1ede5718b
2026-10-06 07:32:15,875 [INFO] [client-2] Round 5 done — loss=0.9761 acc=0.5096  2.3s
2026-10-06 07:32:15,876 [INFO] [client-2] Round 6 — receiving model…
2026-10-06 07:32:15,877 [INFO] send 13933B via direct in 1129ms (0.10 Mbit/s) to beebfef1ede5718b
2026-10-06 07:32:15,892 [INFO] [client-9] Round 5 done — loss=1.0118 acc=0.5242  2.3s
2026-10-06 07:32:15,894 [INFO] [client-9] Round 6 — receiving model…
2026-10-06 07:32:15,897 [INFO] send 13933B via direct in 1033ms (0.11 Mbit/s) to beebfef1ede5718b
2026-10-06 07:32:15,917 [INFO] [client-3] Round 5 done — loss=1.0482 acc=0.4488  2.5s
2026-10-06 07:32:15,918 [INFO] [client-3] Round 6 — receiving model…
2026-10-06 07:32:15,920 [INFO] send 13933B via direct in 911ms (0.12 Mbit/s) to beebfef1ede5718b
2026-10-06 07:32:15,944 [INFO] [client-8] Round 5 done — loss=0.7663 acc=0.7119  2.5s
2026-10-06 07:32:15,945 [INFO] [client-8] Round 6 — receiving model…
2026-10-06 07:32:15,946 [INFO] send 13933B via direct in 815ms (0.14 Mbit/s) to beebfef1ede5718b
2026-10-06 07:32:15,965 [INFO] [client-6] Round 5 done — loss=1.0153 acc=0.4944  2.3s
2026-10-06 07:32:15,966 [INFO] [client-6] Round 6 — receiving model…
2026-10-06 07:32:15,967 [INFO] send 13933B via direct in 740ms (0.15 Mbit/s) to beebfef1ede5718b
2026-10-06 07:32:15,987 [INFO] [client-0] Round 5 done — loss=1.0539 acc=0.4588  2.4s
2026-10-06 07:32:15,988 [INFO] [client-0] Round 6 — receiving model…
2026-10-06 07:32:15,990 [INFO] recv 13933B via direct in 274ms
2026-10-06 07:32:16,007 [INFO] recv 13933B via direct in 269ms
2026-10-06 07:32:16,029 [INFO] Round 5/20  acc=0.4625  loss=1.0636  2.4s  clients=10
2026-10-06 07:32:16,030 [INFO] Round 6 — sending model to 10 clients…
2026-10-06 07:32:16,031 [INFO] send 13933B via direct in 740ms (0.15 Mbit/s) to beebfef1ede5718b
2026-10-06 07:32:16,048 [INFO] [client-4] Round 5 done — loss=1.0181 acc=0.4979  2.4s
2026-10-06 07:32:16,049 [INFO] [client-4] Round 6 — receiving model…
2026-10-06 07:32:16,127 [INFO] send 13933B via direct in 754ms (0.15 Mbit/s) to beebfef1ede5718b
2026-10-06 07:32:16,201 [INFO] [client-5] Round 5 done — loss=0.9772 acc=0.5525  2.7s
2026-10-06 07:32:16,203 [INFO] [client-5] Round 6 — receiving model…
2026-10-06 07:32:16,677 [INFO] recv 13933B via direct in 275ms
2026-10-06 07:32:16,682 [INFO] [client-4] Round 6 — training locally…
2026-10-06 07:32:16,784 [INFO] [client-4] Round 6 — sending update…
2026-10-06 07:32:16,787 [INFO] recv 13933B via direct in 254ms
2026-10-06 07:32:16,788 [INFO] [client-7] Round 6 — training locally…
2026-10-06 07:32:16,877 [INFO] [client-7] Round 6 — sending update…
2026-10-06 07:32:16,879 [INFO] recv 13933B via direct in 252ms
2026-10-06 07:32:16,882 [INFO] [client-5] Round 6 — training locally…
2026-10-06 07:32:16,975 [INFO] [client-5] Round 6 — sending update…
2026-10-06 07:32:16,981 [INFO] recv 13933B via direct in 255ms
2026-10-06 07:32:16,983 [INFO] [client-3] Round 6 — training locally…
2026-10-06 07:32:17,091 [INFO] [client-3] Round 6 — sending update…
2026-10-06 07:32:17,092 [INFO] recv 13933B via direct in 253ms
2026-10-06 07:32:17,096 [INFO] [client-6] Round 6 — training locally…
2026-10-06 07:32:17,183 [INFO] [client-6] Round 6 — sending update…
2026-10-06 07:32:17,186 [INFO] recv 13933B via direct in 254ms
2026-10-06 07:32:17,190 [INFO] [client-8] Round 6 — training locally…
2026-10-06 07:32:17,269 [INFO] [client-8] Round 6 — sending update…
2026-10-06 07:32:17,271 [INFO] recv 13933B via direct in 254ms
2026-10-06 07:32:17,272 [INFO] [client-0] Round 6 — training locally…
2026-10-06 07:32:17,345 [INFO] [client-0] Round 6 — sending update…
2026-10-06 07:32:17,347 [INFO] recv 13933B via direct in 232ms
2026-10-06 07:32:17,350 [INFO] [client-2] Round 6 — training locally…
2026-10-06 07:32:17,437 [INFO] [client-2] Round 6 — sending update…
2026-10-06 07:32:17,444 [INFO] send 13933B via direct in 929ms (0.12 Mbit/s) to 3a5e2809f14308c3
2026-10-06 07:32:17,445 [INFO] send 13933B via direct in 928ms (0.12 Mbit/s) to 35059a0f20faa7b2
2026-10-06 07:32:17,446 [INFO] send 13933B via direct in 927ms (0.12 Mbit/s) to 33db2b8b29ca8366
2026-10-06 07:32:17,448 [INFO] send 13933B via direct in 1385ms (0.08 Mbit/s) to d152900159825a96
2026-10-06 07:32:17,449 [INFO] send 13933B via direct in 1383ms (0.08 Mbit/s) to 62d8081c715ca75a
2026-10-06 07:32:17,450 [INFO] send 13933B via direct in 1382ms (0.08 Mbit/s) to 567b5c733d43ed48
2026-10-06 07:32:17,451 [INFO] send 13933B via direct in 1382ms (0.08 Mbit/s) to b4a8670b45d4be5f
2026-10-06 07:32:17,453 [INFO] send 13933B via direct in 1385ms (0.08 Mbit/s) to e514d1ee87f63dcb
2026-10-06 07:32:17,460 [INFO] recv 13933B via direct in 994ms
2026-10-06 07:32:17,462 [INFO] [client-1] Round 6 — training locally…
2026-10-06 07:32:17,617 [INFO] [client-1] Round 6 — sending update…
2026-10-06 07:32:17,619 [INFO] recv 13933B via direct in 993ms
2026-10-06 07:32:17,621 [INFO] [client-9] Round 6 — training locally…
2026-10-06 07:32:17,706 [INFO] [client-9] Round 6 — sending update…
2026-10-06 07:32:17,708 [INFO] send 13933B via direct in 1383ms (0.08 Mbit/s) to da54f7b26411867a
2026-10-06 07:32:17,709 [INFO] send 13933B via direct in 1386ms (0.08 Mbit/s) to 19fdb333580335ef
2026-10-06 07:32:17,711 [INFO] Round 6 — waiting for 10 updates…
2026-10-06 07:32:17,784 [INFO] recv 13933B via direct in 335ms
2026-10-06 07:32:17,824 [INFO] recv 13933B via direct in 370ms
2026-10-06 07:32:17,832 [INFO] recv 13933B via direct in 373ms
2026-10-06 07:32:17,836 [INFO] recv 13933B via direct in 109ms
2026-10-06 07:32:17,840 [INFO] recv 13933B via direct in 110ms
2026-10-06 07:32:17,909 [WARNING] transfer attempt 1/3 failed (stream not acknowledged: IrohError:  closed by peer: 0) — retrying
2026-10-06 07:32:17,946 [WARNING] transfer attempt 1/3 failed (stream not acknowledged: IrohError:  closed by peer: 0) — retrying
2026-10-06 07:32:17,952 [WARNING] transfer attempt 1/3 failed (stream not acknowledged: IrohError:  closed by peer: 0) — retrying
2026-10-06 07:32:17,967 [INFO] send 13933B via direct in 873ms (0.13 Mbit/s) to beebfef1ede5718b
2026-10-06 07:32:18,014 [INFO] [client-3] Round 6 done — loss=1.0449 acc=0.4533  2.1s
2026-10-06 07:32:18,015 [INFO] [client-3] Round 7 — receiving model…
2026-10-06 07:32:18,016 [INFO] send 13933B via direct in 780ms (0.14 Mbit/s) to beebfef1ede5718b
2026-10-06 07:32:18,031 [INFO] [client-6] Round 6 done — loss=1.0164 acc=0.4872  2.1s
2026-10-06 07:32:18,032 [INFO] [client-6] Round 7 — receiving model…
2026-10-06 07:32:18,077 [INFO] recv 13933B via direct in 363ms
2026-10-06 07:32:18,091 [INFO] recv 13933B via direct in 377ms
2026-10-06 07:32:18,097 [INFO] recv 13933B via direct in 310ms
2026-10-06 07:32:18,205 [INFO] send 13933B via direct in 933ms (0.12 Mbit/s) to beebfef1ede5718b
2026-10-06 07:32:18,273 [INFO] [client-8] Round 6 done — loss=0.7700 acc=0.7095  2.3s
2026-10-06 07:32:18,275 [INFO] [client-8] Round 7 — receiving model…
2026-10-06 07:32:18,277 [INFO] send 13933B via direct in 929ms (0.12 Mbit/s) to beebfef1ede5718b
2026-10-06 07:32:18,291 [INFO] [client-0] Round 6 done — loss=1.0544 acc=0.4579  2.3s
2026-10-06 07:32:18,292 [INFO] [client-0] Round 7 — receiving model…
2026-10-06 07:32:18,293 [INFO] send 13933B via direct in 837ms (0.13 Mbit/s) to beebfef1ede5718b
2026-10-06 07:32:18,305 [INFO] [client-2] Round 6 done — loss=0.9746 acc=0.5216  2.4s
2026-10-06 07:32:18,306 [INFO] [client-2] Round 7 — receiving model…
2026-10-06 07:32:18,307 [INFO] recv 13933B via direct in 310ms
2026-10-06 07:32:18,341 [INFO] send 13933B via direct in 722ms (0.15 Mbit/s) to beebfef1ede5718b
2026-10-06 07:32:18,407 [INFO] [client-1] Round 6 done — loss=1.0616 acc=0.4207  2.6s
2026-10-06 07:32:18,410 [INFO] [client-1] Round 7 — receiving model…
2026-10-06 07:32:18,411 [INFO] recv 13933B via direct in 265ms
2026-10-06 07:32:18,435 [INFO] Round 6/20  acc=0.4527  loss=1.0692  2.4s  clients=10
2026-10-06 07:32:18,437 [INFO] Round 7 — sending model to 10 clients…
2026-10-06 07:32:18,450 [INFO] send 13933B via direct in 742ms (0.15 Mbit/s) to beebfef1ede5718b
2026-10-06 07:32:18,473 [INFO] [client-9] Round 6 done — loss=1.0152 acc=0.5176  2.6s
2026-10-06 07:32:18,474 [INFO] [client-9] Round 7 — receiving model…
2026-10-06 07:32:19,068 [INFO] recv 13933B via direct in 302ms
2026-10-06 07:32:19,070 [INFO] [client-1] Round 7 — training locally…
2026-10-06 07:32:19,179 [INFO] [client-1] Round 7 — sending update…
2026-10-06 07:32:19,189 [INFO] send 13933B via direct in 745ms (0.15 Mbit/s) to 567b5c733d43ed48
2026-10-06 07:32:19,191 [INFO] recv 13933B via direct in 368ms
2026-10-06 07:32:19,193 [INFO] [client-2] Round 7 — training locally…
2026-10-06 07:32:19,279 [INFO] [client-2] Round 7 — sending update…
2026-10-06 07:32:19,282 [INFO] recv 13933B via direct in 368ms
2026-10-06 07:32:19,286 [INFO] [client-6] Round 7 — training locally…
2026-10-06 07:32:19,388 [INFO] [client-6] Round 7 — sending update…
2026-10-06 07:32:19,391 [INFO] recv 13933B via direct in 367ms
2026-10-06 07:32:19,393 [INFO] [client-8] Round 7 — training locally…
2026-10-06 07:32:19,512 [INFO] [client-8] Round 7 — sending update…
2026-10-06 07:32:19,514 [INFO] recv 13933B via direct in 373ms
2026-10-06 07:32:19,517 [INFO] [client-0] Round 7 — training locally…
2026-10-06 07:32:19,603 [INFO] [client-0] Round 7 — sending update…
2026-10-06 07:32:19,606 [INFO] recv 13933B via direct in 394ms
2026-10-06 07:32:19,609 [INFO] [client-9] Round 7 — training locally…
2026-10-06 07:32:19,706 [INFO] [client-9] Round 7 — sending update…
2026-10-06 07:32:19,709 [INFO] recv 13933B via direct in 374ms
2026-10-06 07:32:19,712 [INFO] [client-3] Round 7 — training locally…
2026-10-06 07:32:19,791 [INFO] [client-3] Round 7 — sending update…
2026-10-06 07:32:19,795 [INFO] send 13933B via direct in 746ms (0.15 Mbit/s) to 19fdb333580335ef
2026-10-06 07:32:19,796 [INFO] send 13933B via direct in 750ms (0.15 Mbit/s) to 3a5e2809f14308c3
2026-10-06 07:32:19,801 [INFO] send 13933B via direct in 749ms (0.15 Mbit/s) to 35059a0f20faa7b2
2026-10-06 07:32:19,802 [INFO] send 13933B via direct in 748ms (0.15 Mbit/s) to 62d8081c715ca75a
2026-10-06 07:32:19,803 [INFO] send 13933B via direct in 748ms (0.15 Mbit/s) to 33db2b8b29ca8366
2026-10-06 07:32:19,812 [INFO] send 13933B via direct in 1352ms (0.08 Mbit/s) to da54f7b26411867a
2026-10-06 07:32:19,813 [INFO] send 13933B via direct in 1357ms (0.08 Mbit/s) to b4a8670b45d4be5f
2026-10-06 07:32:19,814 [INFO] send 13933B via direct in 1351ms (0.08 Mbit/s) to e514d1ee87f63dcb
2026-10-06 07:32:19,815 [INFO] send 13933B via direct in 3013ms (0.04 Mbit/s) to beebfef1ede5718b (attempt 2)
2026-10-06 07:32:19,833 [INFO] [client-4] Round 6 done — loss=1.0222 acc=0.4948  3.8s
2026-10-06 07:32:19,834 [INFO] [client-4] Round 7 — receiving model…
2026-10-06 07:32:19,834 [INFO] recv 13933B via direct in 391ms
2026-10-06 07:32:19,836 [INFO] [client-4] Round 7 — training locally…
2026-10-06 07:32:19,932 [INFO] [client-4] Round 7 — sending update…
2026-10-06 07:32:19,935 [INFO] send 13933B via direct in 1353ms (0.08 Mbit/s) to d152900159825a96
2026-10-06 07:32:19,937 [INFO] Round 7 — waiting for 10 updates…
2026-10-06 07:32:19,942 [INFO] recv 13933B via direct in 140ms
2026-10-06 07:32:20,128 [INFO] recv 13933B via direct in 327ms
2026-10-06 07:32:20,183 [INFO] recv 13933B via direct in 382ms
2026-10-06 07:32:20,189 [INFO] recv 13933B via direct in 383ms
2026-10-06 07:32:20,194 [INFO] recv 13933B via direct in 383ms
2026-10-06 07:32:20,201 [INFO] recv 13933B via direct in 400ms
2026-10-06 07:32:20,204 [INFO] recv 13933B via direct in 261ms
2026-10-06 07:32:20,256 [INFO] send 13933B via direct in 3276ms (0.03 Mbit/s) to beebfef1ede5718b (attempt 2)
2026-10-06 07:32:20,341 [INFO] [client-5] Round 6 done — loss=0.9797 acc=0.5429  4.1s
2026-10-06 07:32:20,341 [INFO] [client-5] Round 7 — receiving model…
2026-10-06 07:32:20,342 [INFO] recv 13933B via direct in 374ms
2026-10-06 07:32:20,346 [INFO] [client-5] Round 7 — training locally…
2026-10-06 07:32:20,434 [INFO] [client-5] Round 7 — sending update…
2026-10-06 07:32:20,439 [INFO] send 13933B via direct in 3558ms (0.03 Mbit/s) to beebfef1ede5718b (attempt 2)
2026-10-06 07:32:20,458 [INFO] [client-7] Round 6 done — loss=1.0289 acc=0.4475  4.6s
2026-10-06 07:32:20,459 [INFO] [client-7] Round 7 — receiving model…
2026-10-06 07:32:20,460 [INFO] recv 13933B via direct in 391ms
2026-10-06 07:32:20,463 [INFO] [client-7] Round 7 — training locally…
2026-10-06 07:32:20,540 [INFO] [client-7] Round 7 — sending update…
2026-10-06 07:32:20,542 [INFO] send 13933B via direct in 1254ms (0.09 Mbit/s) to beebfef1ede5718b
2026-10-06 07:32:20,560 [INFO] [client-1] Round 7 done — loss=1.0624 acc=0.4159  2.1s
2026-10-06 07:32:20,561 [INFO] [client-1] Round 8 — receiving model…
2026-10-06 07:32:20,562 [INFO] send 13933B via direct in 1155ms (0.10 Mbit/s) to beebfef1ede5718b
2026-10-06 07:32:20,578 [INFO] [client-2] Round 7 done — loss=0.9768 acc=0.5199  2.3s
2026-10-06 07:32:20,579 [INFO] [client-2] Round 8 — receiving model…
2026-10-06 07:32:20,580 [INFO] send 13933B via direct in 1047ms (0.11 Mbit/s) to beebfef1ede5718b
2026-10-06 07:32:20,596 [INFO] [client-6] Round 7 done — loss=1.0165 acc=0.4913  2.6s
2026-10-06 07:32:20,597 [INFO] [client-6] Round 8 — receiving model…
2026-10-06 07:32:20,598 [INFO] send 13933B via direct in 923ms (0.12 Mbit/s) to beebfef1ede5718b
2026-10-06 07:32:20,615 [INFO] [client-8] Round 7 done — loss=0.7690 acc=0.7129  2.3s
2026-10-06 07:32:20,616 [INFO] [client-8] Round 8 — receiving model…
2026-10-06 07:32:20,618 [INFO] send 13933B via direct in 832ms (0.13 Mbit/s) to beebfef1ede5718b
2026-10-06 07:32:20,634 [INFO] [client-0] Round 7 done — loss=1.0538 acc=0.4566  2.3s
2026-10-06 07:32:20,635 [INFO] [client-0] Round 8 — receiving model…
2026-10-06 07:32:20,637 [INFO] send 13933B via direct in 729ms (0.15 Mbit/s) to beebfef1ede5718b
2026-10-06 07:32:20,649 [INFO] [client-9] Round 7 done — loss=1.0156 acc=0.5197  2.2s
2026-10-06 07:32:20,651 [INFO] [client-9] Round 8 — receiving model…
2026-10-06 07:32:20,652 [INFO] recv 13933B via direct in 482ms
2026-10-06 07:32:20,654 [INFO] recv 13933B via direct in 358ms
2026-10-06 07:32:20,657 [INFO] recv 13933B via direct in 275ms
2026-10-06 07:32:20,674 [INFO] Round 7/20  acc=0.4636  loss=1.0619  2.2s  clients=10
2026-10-06 07:32:20,675 [INFO] Round 8 — sending model to 10 clients…
2026-10-06 07:32:20,684 [INFO] send 13933B via direct in 864ms (0.13 Mbit/s) to beebfef1ede5718b
2026-10-06 07:32:20,699 [INFO] [client-3] Round 7 done — loss=1.0506 acc=0.4499  2.7s
2026-10-06 07:32:20,699 [INFO] [client-3] Round 8 — receiving model…
2026-10-06 07:32:20,704 [INFO] send 13933B via direct in 766ms (0.15 Mbit/s) to beebfef1ede5718b
2026-10-06 07:32:20,718 [INFO] [client-4] Round 7 done — loss=1.0204 acc=0.4890  0.9s
2026-10-06 07:32:20,719 [INFO] [client-4] Round 8 — receiving model…
2026-10-06 07:32:21,201 [INFO] send 13933B via direct in 765ms (0.15 Mbit/s) to beebfef1ede5718b
2026-10-06 07:32:21,225 [INFO] [client-5] Round 7 done — loss=0.9767 acc=0.5522  0.9s
2026-10-06 07:32:21,226 [INFO] [client-5] Round 8 — receiving model…
2026-10-06 07:32:21,228 [INFO] send 13933B via direct in 686ms (0.16 Mbit/s) to beebfef1ede5718b
2026-10-06 07:32:21,248 [INFO] [client-7] Round 7 done — loss=1.0308 acc=0.4433  0.8s
2026-10-06 07:32:21,249 [INFO] [client-7] Round 8 — receiving model…
2026-10-06 07:32:21,279 [INFO] recv 13933B via direct in 276ms
2026-10-06 07:32:21,283 [INFO] [client-6] Round 8 — training locally…
2026-10-06 07:32:21,365 [INFO] [client-6] Round 8 — sending update…
2026-10-06 07:32:21,373 [INFO] recv 13933B via direct in 307ms
2026-10-06 07:32:21,375 [INFO] [client-4] Round 8 — training locally…
2026-10-06 07:32:21,468 [INFO] [client-4] Round 8 — sending update…
2026-10-06 07:32:21,470 [INFO] recv 13933B via direct in 299ms
2026-10-06 07:32:21,472 [INFO] [client-2] Round 8 — training locally…
2026-10-06 07:32:21,555 [INFO] [client-2] Round 8 — sending update…
2026-10-06 07:32:21,557 [INFO] recv 13933B via direct in 298ms
2026-10-06 07:32:21,559 [INFO] [client-0] Round 8 — training locally…
2026-10-06 07:32:21,628 [INFO] [client-0] Round 8 — sending update…
2026-10-06 07:32:21,631 [INFO] recv 13933B via direct in 298ms
2026-10-06 07:32:21,633 [INFO] [client-7] Round 8 — training locally…
2026-10-06 07:32:21,719 [INFO] [client-7] Round 8 — sending update…
2026-10-06 07:32:21,721 [INFO] recv 13933B via direct in 297ms
2026-10-06 07:32:21,723 [INFO] [client-1] Round 8 — training locally…
2026-10-06 07:32:21,814 [INFO] [client-1] Round 8 — sending update…
2026-10-06 07:32:21,816 [INFO] recv 13933B via direct in 310ms
2026-10-06 07:32:21,820 [INFO] [client-9] Round 8 — training locally…
2026-10-06 07:32:21,908 [INFO] [client-9] Round 8 — sending update…
2026-10-06 07:32:21,910 [INFO] recv 13933B via direct in 330ms
2026-10-06 07:32:21,911 [INFO] [client-3] Round 8 — training locally…
2026-10-06 07:32:22,014 [INFO] [client-3] Round 8 — sending update…
2026-10-06 07:32:22,017 [INFO] recv 13933B via direct in 315ms
2026-10-06 07:32:22,020 [INFO] [client-5] Round 8 — training locally…
2026-10-06 07:32:22,106 [INFO] [client-5] Round 8 — sending update…
2026-10-06 07:32:22,109 [INFO] recv 13933B via direct in 314ms
2026-10-06 07:32:22,112 [INFO] [client-8] Round 8 — training locally…
2026-10-06 07:32:22,201 [INFO] [client-8] Round 8 — sending update…
2026-10-06 07:32:22,223 [INFO] send 13933B via direct in 1530ms (0.07 Mbit/s) to 19fdb333580335ef
2026-10-06 07:32:22,224 [INFO] send 13933B via direct in 1530ms (0.07 Mbit/s) to d152900159825a96
2026-10-06 07:32:22,225 [INFO] send 13933B via direct in 1529ms (0.07 Mbit/s) to 33db2b8b29ca8366
2026-10-06 07:32:22,226 [INFO] send 13933B via direct in 1529ms (0.07 Mbit/s) to e514d1ee87f63dcb
2026-10-06 07:32:22,227 [INFO] send 13933B via direct in 1526ms (0.07 Mbit/s) to da54f7b26411867a
2026-10-06 07:32:22,228 [INFO] send 13933B via direct in 1526ms (0.07 Mbit/s) to 62d8081c715ca75a
2026-10-06 07:32:22,229 [INFO] send 13933B via direct in 1525ms (0.07 Mbit/s) to 35059a0f20faa7b2
2026-10-06 07:32:22,230 [INFO] send 13933B via direct in 1527ms (0.07 Mbit/s) to b4a8670b45d4be5f
2026-10-06 07:32:22,231 [INFO] send 13933B via direct in 1526ms (0.07 Mbit/s) to 3a5e2809f14308c3
2026-10-06 07:32:22,232 [INFO] send 13933B via direct in 1525ms (0.07 Mbit/s) to 567b5c733d43ed48
2026-10-06 07:32:22,233 [INFO] Round 8 — waiting for 10 updates…
2026-10-06 07:32:22,234 [INFO] recv 13933B via direct in 219ms
2026-10-06 07:32:22,237 [INFO] recv 13933B via direct in 255ms
2026-10-06 07:32:22,239 [INFO] recv 13933B via direct in 245ms
2026-10-06 07:32:22,589 [INFO] recv 13933B via direct in 378ms
2026-10-06 07:32:22,596 [INFO] recv 13933B via direct in 378ms
2026-10-06 07:32:22,599 [WARNING] Round 8 — discarding update from unselected/duplicate peer 3a5e2809f14308c3
2026-10-06 07:32:22,604 [INFO] recv 13933B via direct in 393ms
2026-10-06 07:32:22,607 [INFO] recv 13933B via direct in 393ms
2026-10-06 07:32:22,610 [INFO] recv 13933B via direct in 393ms
2026-10-06 07:32:22,612 [WARNING] Round 8 — discarding update from unselected/duplicate peer 35059a0f20faa7b2
2026-10-06 07:32:22,614 [INFO] recv 13933B via direct in 393ms
2026-10-06 07:32:22,618 [INFO] recv 13933B via direct in 393ms
2026-10-06 07:32:22,621 [INFO] recv 13933B via direct in 227ms
2026-10-06 07:32:22,704 [INFO] send 13933B via direct in 1333ms (0.08 Mbit/s) to beebfef1ede5718b
2026-10-06 07:32:22,737 [INFO] [client-6] Round 8 done — loss=1.0148 acc=0.4931  2.1s
2026-10-06 07:32:22,738 [INFO] [client-6] Round 9 — receiving model…
2026-10-06 07:32:22,739 [INFO] send 13933B via direct in 1231ms (0.09 Mbit/s) to beebfef1ede5718b
2026-10-06 07:32:22,754 [INFO] [client-4] Round 8 done — loss=1.0197 acc=0.4979  2.0s
2026-10-06 07:32:22,755 [INFO] [client-4] Round 9 — receiving model…
2026-10-06 07:32:22,758 [INFO] recv 13933B via direct in 249ms
2026-10-06 07:32:22,760 [WARNING] Round 8 — discarding update from unselected/duplicate peer 33db2b8b29ca8366
2026-10-06 07:32:22,761 [INFO] send 13933B via direct in 1200ms (0.09 Mbit/s) to beebfef1ede5718b
2026-10-06 07:32:22,775 [INFO] [client-2] Round 8 done — loss=0.9695 acc=0.5227  2.2s
2026-10-06 07:32:22,776 [INFO] [client-2] Round 9 — receiving model…
2026-10-06 07:32:22,778 [INFO] send 13933B via direct in 1127ms (0.10 Mbit/s) to beebfef1ede5718b
2026-10-06 07:32:22,797 [INFO] [client-0] Round 8 done — loss=1.0533 acc=0.4562  2.2s
2026-10-06 07:32:22,797 [INFO] [client-0] Round 9 — receiving model…
2026-10-06 07:32:22,799 [INFO] send 13933B via direct in 1037ms (0.11 Mbit/s) to beebfef1ede5718b
2026-10-06 07:32:22,813 [INFO] [client-7] Round 8 done — loss=1.0295 acc=0.4423  1.6s
2026-10-06 07:32:22,814 [INFO] [client-7] Round 9 — receiving model…
2026-10-06 07:32:22,816 [INFO] send 13933B via direct in 942ms (0.12 Mbit/s) to beebfef1ede5718b
2026-10-06 07:32:22,833 [INFO] [client-1] Round 8 done — loss=1.0618 acc=0.4176  2.3s
2026-10-06 07:32:22,834 [INFO] [client-1] Round 9 — receiving model…
2026-10-06 07:32:22,835 [INFO] send 13933B via direct in 849ms (0.13 Mbit/s) to beebfef1ede5718b
2026-10-06 07:32:22,855 [INFO] [client-9] Round 8 done — loss=1.0176 acc=0.5263  2.2s
2026-10-06 07:32:22,856 [INFO] [client-9] Round 9 — receiving model…
2026-10-06 07:32:22,856 [INFO] send 13933B via direct in 741ms (0.15 Mbit/s) to beebfef1ede5718b
2026-10-06 07:32:22,871 [INFO] [client-3] Round 8 done — loss=1.0403 acc=0.4567  2.2s
2026-10-06 07:32:22,871 [INFO] [client-3] Round 9 — receiving model…
2026-10-06 07:32:22,874 [INFO] send 13933B via direct in 764ms (0.15 Mbit/s) to beebfef1ede5718b
2026-10-06 07:32:22,891 [INFO] [client-5] Round 8 done — loss=0.9790 acc=0.5477  1.7s
2026-10-06 07:32:22,892 [INFO] [client-5] Round 9 — receiving model…
2026-10-06 07:32:22,893 [INFO] recv 13933B via direct in 303ms
2026-10-06 07:32:22,912 [INFO] Round 8/20  acc=0.4563  loss=1.0702  2.2s  clients=10
2026-10-06 07:32:22,914 [INFO] Round 9 — sending model to 10 clients…
2026-10-06 07:32:22,925 [INFO] send 13933B via direct in 721ms (0.15 Mbit/s) to beebfef1ede5718b
2026-10-06 07:32:22,945 [INFO] [client-8] Round 8 done — loss=0.7635 acc=0.7126  2.3s
2026-10-06 07:32:22,946 [INFO] [client-8] Round 9 — receiving model…
2026-10-06 07:32:23,560 [INFO] recv 13933B via direct in 305ms
2026-10-06 07:32:23,570 [INFO] [client-6] Round 9 — training locally…
2026-10-06 07:32:23,924 [INFO] [client-6] Round 9 — sending update…
2026-10-06 07:32:23,937 [INFO] send 13933B via direct in 1014ms (0.11 Mbit/s) to 19fdb333580335ef
2026-10-06 07:32:23,938 [INFO] send 13933B via direct in 1012ms (0.11 Mbit/s) to b4a8670b45d4be5f
2026-10-06 07:32:23,940 [INFO] send 13933B via direct in 1012ms (0.11 Mbit/s) to 3a5e2809f14308c3
2026-10-06 07:32:23,940 [INFO] send 13933B via direct in 1010ms (0.11 Mbit/s) to 33db2b8b29ca8366
2026-10-06 07:32:23,942 [INFO] send 13933B via direct in 1011ms (0.11 Mbit/s) to 35059a0f20faa7b2
2026-10-06 07:32:23,943 [INFO] send 13933B via direct in 1010ms (0.11 Mbit/s) to e514d1ee87f63dcb
2026-10-06 07:32:23,944 [INFO] send 13933B via direct in 1009ms (0.11 Mbit/s) to da54f7b26411867a
2026-10-06 07:32:23,945 [INFO] send 13933B via direct in 1007ms (0.11 Mbit/s) to 567b5c733d43ed48
2026-10-06 07:32:23,947 [INFO] send 13933B via direct in 1008ms (0.11 Mbit/s) to 62d8081c715ca75a
2026-10-06 07:32:23,948 [INFO] send 13933B via direct in 1008ms (0.11 Mbit/s) to d152900159825a96
2026-10-06 07:32:23,949 [INFO] recv 13933B via direct in 644ms
2026-10-06 07:32:23,951 [INFO] [client-9] Round 9 — training locally…
2026-10-06 07:32:24,065 [INFO] [client-9] Round 9 — sending update…
2026-10-06 07:32:24,068 [INFO] recv 13933B via direct in 634ms
2026-10-06 07:32:24,070 [INFO] [client-4] Round 9 — training locally…
2026-10-06 07:32:24,264 [INFO] [client-4] Round 9 — sending update…
2026-10-06 07:32:24,267 [INFO] recv 13933B via direct in 633ms
2026-10-06 07:32:24,271 [INFO] [client-5] Round 9 — training locally…
2026-10-06 07:32:24,445 [INFO] [client-5] Round 9 — sending update…
2026-10-06 07:32:24,448 [INFO] recv 13933B via direct in 633ms
2026-10-06 07:32:24,452 [INFO] [client-7] Round 9 — training locally…
2026-10-06 07:32:24,909 [INFO] [client-7] Round 9 — sending update…
2026-10-06 07:32:24,913 [INFO] recv 13933B via direct in 631ms
2026-10-06 07:32:24,917 [INFO] [client-8] Round 9 — training locally…
2026-10-06 07:32:25,020 [INFO] [client-8] Round 9 — sending update…
2026-10-06 07:32:25,023 [INFO] recv 13933B via direct in 618ms
2026-10-06 07:32:25,027 [INFO] [client-2] Round 9 — training locally…
2026-10-06 07:32:25,148 [INFO] [client-2] Round 9 — sending update…
2026-10-06 07:32:25,150 [INFO] recv 13933B via direct in 618ms
2026-10-06 07:32:25,153 [INFO] [client-0] Round 9 — training locally…
2026-10-06 07:32:25,242 [INFO] [client-0] Round 9 — sending update…
2026-10-06 07:32:25,246 [INFO] recv 13933B via direct in 618ms
2026-10-06 07:32:25,248 [INFO] [client-3] Round 9 — training locally…
2026-10-06 07:32:25,355 [INFO] [client-3] Round 9 — sending update…
2026-10-06 07:32:25,357 [INFO] recv 13933B via direct in 617ms
2026-10-06 07:32:25,359 [INFO] [client-1] Round 9 — training locally…
2026-10-06 07:32:25,456 [INFO] [client-1] Round 9 — sending update…
2026-10-06 07:32:25,458 [INFO] Round 9 — waiting for 10 updates…
2026-10-06 07:32:25,823 [INFO] recv 13933B via direct in 358ms
2026-10-06 07:32:25,828 [INFO] recv 13933B via direct in 358ms
2026-10-06 07:32:25,831 [INFO] recv 13933B via direct in 359ms
2026-10-06 07:32:25,834 [INFO] recv 13933B via direct in 360ms
2026-10-06 07:32:25,838 [INFO] recv 13933B via direct in 360ms
2026-10-06 07:32:25,842 [INFO] recv 13933B via direct in 380ms
2026-10-06 07:32:25,846 [INFO] recv 13933B via direct in 355ms
2026-10-06 07:32:25,856 [INFO] recv 13933B via direct in 249ms
2026-10-06 07:32:25,935 [INFO] send 13933B via direct in 2006ms (0.06 Mbit/s) to beebfef1ede5718b
2026-10-06 07:32:26,000 [INFO] [client-6] Round 9 done — loss=1.0142 acc=0.4865  3.3s
2026-10-06 07:32:26,001 [INFO] [client-6] Round 10 — receiving model…
2026-10-06 07:32:26,005 [INFO] send 13933B via direct in 1935ms (0.06 Mbit/s) to beebfef1ede5718b
2026-10-06 07:32:26,023 [INFO] [client-9] Round 9 done — loss=1.0149 acc=0.5270  3.2s
2026-10-06 07:32:26,024 [INFO] [client-9] Round 10 — receiving model…
2026-10-06 07:32:26,025 [INFO] send 13933B via direct in 1736ms (0.06 Mbit/s) to beebfef1ede5718b
2026-10-06 07:32:26,042 [INFO] [client-4] Round 9 done — loss=1.0157 acc=0.4955  3.3s
2026-10-06 07:32:26,043 [INFO] [client-4] Round 10 — receiving model…
2026-10-06 07:32:26,044 [INFO] send 13933B via direct in 1555ms (0.07 Mbit/s) to beebfef1ede5718b
2026-10-06 07:32:26,059 [INFO] [client-5] Round 9 done — loss=0.9733 acc=0.5573  3.2s
2026-10-06 07:32:26,060 [INFO] [client-5] Round 10 — receiving model…
2026-10-06 07:32:26,061 [INFO] send 13933B via direct in 1091ms (0.10 Mbit/s) to beebfef1ede5718b
2026-10-06 07:32:26,079 [INFO] [client-7] Round 9 done — loss=1.0298 acc=0.4478  3.3s
2026-10-06 07:32:26,080 [INFO] [client-7] Round 10 — receiving model…
2026-10-06 07:32:26,081 [INFO] send 13933B via direct in 981ms (0.11 Mbit/s) to beebfef1ede5718b
2026-10-06 07:32:26,102 [INFO] [client-8] Round 9 done — loss=0.7665 acc=0.7102  3.2s
2026-10-06 07:32:26,103 [INFO] [client-8] Round 10 — receiving model…
2026-10-06 07:32:26,104 [INFO] send 13933B via direct in 853ms (0.13 Mbit/s) to beebfef1ede5718b
2026-10-06 07:32:26,122 [INFO] [client-2] Round 9 done — loss=0.9621 acc=0.5199  3.3s
2026-10-06 07:32:26,123 [INFO] [client-2] Round 10 — receiving model…
2026-10-06 07:32:26,123 [INFO] send 13933B via direct in 759ms (0.15 Mbit/s) to beebfef1ede5718b
2026-10-06 07:32:26,138 [INFO] [client-0] Round 9 done — loss=1.0578 acc=0.4605  3.3s
2026-10-06 07:32:26,139 [INFO] [client-0] Round 10 — receiving model…
2026-10-06 07:32:26,141 [INFO] recv 13933B via direct in 283ms
2026-10-06 07:32:26,143 [INFO] send 13933B via direct in 784ms (0.14 Mbit/s) to beebfef1ede5718b
2026-10-06 07:32:26,161 [INFO] [client-3] Round 9 done — loss=1.0447 acc=0.4519  3.3s
2026-10-06 07:32:26,162 [INFO] [client-3] Round 10 — receiving model…
2026-10-06 07:32:26,164 [INFO] send 13933B via direct in 685ms (0.16 Mbit/s) to beebfef1ede5718b
2026-10-06 07:32:26,183 [INFO] [client-1] Round 9 done — loss=1.0611 acc=0.4148  3.3s
2026-10-06 07:32:26,184 [INFO] [client-1] Round 10 — receiving model…
2026-10-06 07:32:26,185 [INFO] recv 13933B via direct in 349ms
2026-10-06 07:32:26,203 [INFO] Round 9/20  acc=0.4726  loss=1.0566  3.3s  clients=10
2026-10-06 07:32:26,204 [INFO] Round 10 — sending model to 10 clients…
2026-10-06 07:32:26,772 [INFO] recv 13933B via direct in 252ms
2026-10-06 07:32:26,779 [INFO] [client-7] Round 10 — training locally…
2026-10-06 07:32:26,945 [INFO] [client-7] Round 10 — sending update…
2026-10-06 07:32:26,949 [INFO] recv 13933B via direct in 255ms
2026-10-06 07:32:26,952 [INFO] [client-8] Round 10 — training locally…
2026-10-06 07:32:27,057 [INFO] [client-8] Round 10 — sending update…
2026-10-06 07:32:27,066 [INFO] send 13933B via direct in 854ms (0.13 Mbit/s) to 35059a0f20faa7b2
2026-10-06 07:32:27,068 [INFO] send 13933B via direct in 852ms (0.13 Mbit/s) to b4a8670b45d4be5f
2026-10-06 07:32:27,069 [INFO] send 13933B via direct in 852ms (0.13 Mbit/s) to 19fdb333580335ef
2026-10-06 07:32:27,070 [INFO] send 13933B via direct in 852ms (0.13 Mbit/s) to 3a5e2809f14308c3
2026-10-06 07:32:27,071 [INFO] send 13933B via direct in 851ms (0.13 Mbit/s) to 567b5c733d43ed48
2026-10-06 07:32:27,071 [INFO] send 13933B via direct in 851ms (0.13 Mbit/s) to d152900159825a96
2026-10-06 07:32:27,073 [INFO] send 13933B via direct in 851ms (0.13 Mbit/s) to da54f7b26411867a
2026-10-06 07:32:27,074 [INFO] send 13933B via direct in 851ms (0.13 Mbit/s) to 33db2b8b29ca8366
2026-10-06 07:32:27,075 [INFO] send 13933B via direct in 856ms (0.13 Mbit/s) to 62d8081c715ca75a
2026-10-06 07:32:27,077 [INFO] recv 13933B via direct in 492ms
2026-10-06 07:32:27,079 [INFO] [client-4] Round 10 — training locally…
2026-10-06 07:32:27,159 [INFO] [client-4] Round 10 — sending update…
2026-10-06 07:32:27,161 [INFO] recv 13933B via direct in 492ms
2026-10-06 07:32:27,163 [INFO] [client-1] Round 10 — training locally…
2026-10-06 07:32:27,264 [INFO] [client-1] Round 10 — sending update…
2026-10-06 07:32:27,267 [INFO] recv 13933B via direct in 484ms
2026-10-06 07:32:27,269 [INFO] [client-3] Round 10 — training locally…
2026-10-06 07:32:27,358 [INFO] [client-3] Round 10 — sending update…
2026-10-06 07:32:27,360 [INFO] recv 13933B via direct in 483ms
2026-10-06 07:32:27,362 [INFO] [client-2] Round 10 — training locally…
2026-10-06 07:32:27,451 [INFO] [client-2] Round 10 — sending update…
2026-10-06 07:32:27,453 [INFO] recv 13933B via direct in 481ms
2026-10-06 07:32:27,456 [INFO] [client-5] Round 10 — training locally…
2026-10-06 07:32:27,551 [INFO] [client-5] Round 10 — sending update…
2026-10-06 07:32:27,553 [INFO] recv 13933B via direct in 502ms
2026-10-06 07:32:27,555 [INFO] [client-9] Round 10 — training locally…
2026-10-06 07:32:27,663 [INFO] [client-9] Round 10 — sending update…
2026-10-06 07:32:27,666 [INFO] recv 13933B via direct in 498ms
2026-10-06 07:32:27,669 [INFO] [client-6] Round 10 — training locally…
2026-10-06 07:32:27,756 [INFO] [client-6] Round 10 — sending update…
2026-10-06 07:32:27,758 [INFO] recv 13933B via direct in 507ms
2026-10-06 07:32:27,760 [INFO] [client-0] Round 10 — training locally…
2026-10-06 07:32:27,853 [INFO] [client-0] Round 10 — sending update…
2026-10-06 07:32:27,855 [INFO] send 13933B via direct in 853ms (0.13 Mbit/s) to e514d1ee87f63dcb
2026-10-06 07:32:27,857 [INFO] Round 10 — waiting for 10 updates…
2026-10-06 07:32:28,200 [INFO] recv 13933B via direct in 340ms
2026-10-06 07:32:28,203 [INFO] recv 13933B via direct in 340ms
2026-10-06 07:32:28,225 [INFO] recv 13933B via direct in 361ms
2026-10-06 07:32:28,233 [INFO] recv 13933B via direct in 369ms
2026-10-06 07:32:28,235 [INFO] recv 13933B via direct in 370ms
2026-10-06 07:32:28,239 [INFO] recv 13933B via direct in 379ms
2026-10-06 07:32:28,242 [INFO] recv 13933B via direct in 334ms
2026-10-06 07:32:28,246 [INFO] recv 13933B via direct in 213ms
2026-10-06 07:32:28,324 [INFO] send 13933B via direct in 1372ms (0.08 Mbit/s) to beebfef1ede5718b
2026-10-06 07:32:28,408 [INFO] [client-7] Round 10 done — loss=1.0313 acc=0.4485  2.3s
2026-10-06 07:32:28,409 [INFO] [client-7] Round 11 — receiving model…
2026-10-06 07:32:28,410 [INFO] send 13933B via direct in 963ms (0.12 Mbit/s) to beebfef1ede5718b
2026-10-06 07:32:28,426 [INFO] [client-3] Round 10 done — loss=1.0439 acc=0.4526  2.3s
2026-10-06 07:32:28,427 [INFO] [client-3] Round 11 — receiving model…
2026-10-06 07:32:28,430 [INFO] send 13933B via direct in 1368ms (0.08 Mbit/s) to beebfef1ede5718b
2026-10-06 07:32:28,450 [INFO] [client-8] Round 10 done — loss=0.7670 acc=0.7095  2.3s
2026-10-06 07:32:28,450 [INFO] [client-8] Round 11 — receiving model…
2026-10-06 07:32:28,451 [INFO] send 13933B via direct in 1267ms (0.09 Mbit/s) to beebfef1ede5718b
2026-10-06 07:32:28,466 [INFO] [client-4] Round 10 done — loss=1.0145 acc=0.4976  2.4s
2026-10-06 07:32:28,467 [INFO] [client-4] Round 11 — receiving model…
2026-10-06 07:32:28,468 [INFO] send 13933B via direct in 1161ms (0.10 Mbit/s) to beebfef1ede5718b
2026-10-06 07:32:28,482 [INFO] [client-1] Round 10 done — loss=1.0600 acc=0.4159  2.3s
2026-10-06 07:32:28,482 [INFO] [client-1] Round 11 — receiving model…
2026-10-06 07:32:28,483 [INFO] send 13933B via direct in 975ms (0.11 Mbit/s) to beebfef1ede5718b
2026-10-06 07:32:28,499 [INFO] [client-2] Round 10 done — loss=0.9698 acc=0.5182  2.4s
2026-10-06 07:32:28,500 [INFO] [client-2] Round 11 — receiving model…
2026-10-06 07:32:28,500 [INFO] send 13933B via direct in 875ms (0.13 Mbit/s) to beebfef1ede5718b
2026-10-06 07:32:28,517 [INFO] [client-5] Round 10 done — loss=0.9693 acc=0.5539  2.5s
2026-10-06 07:32:28,518 [INFO] [client-5] Round 11 — receiving model…
2026-10-06 07:32:28,519 [INFO] send 13933B via direct in 763ms (0.15 Mbit/s) to beebfef1ede5718b
2026-10-06 07:32:28,535 [INFO] [client-9] Round 10 done — loss=1.0091 acc=0.5263  2.5s
2026-10-06 07:32:28,535 [INFO] [client-9] Round 11 — receiving model…
2026-10-06 07:32:28,537 [INFO] recv 13933B via direct in 321ms
2026-10-06 07:32:28,540 [INFO] recv 13933B via direct in 337ms
2026-10-06 07:32:28,562 [INFO] Round 10/20  acc=0.4662  loss=1.0618  2.4s  clients=10
2026-10-06 07:32:28,563 [INFO] Round 11 — sending model to 10 clients…
2026-10-06 07:32:28,573 [INFO] send 13933B via direct in 782ms (0.14 Mbit/s) to beebfef1ede5718b
2026-10-06 07:32:28,586 [INFO] [client-6] Round 10 done — loss=1.0123 acc=0.4892  2.6s
2026-10-06 07:32:28,587 [INFO] [client-6] Round 11 — receiving model…
2026-10-06 07:32:28,588 [INFO] send 13933B via direct in 733ms (0.15 Mbit/s) to beebfef1ede5718b
2026-10-06 07:32:28,602 [INFO] [client-0] Round 10 done — loss=1.0479 acc=0.4622  2.5s
2026-10-06 07:32:28,603 [INFO] [client-0] Round 11 — receiving model…
2026-10-06 07:32:29,090 [INFO] recv 13933B via direct in 236ms
2026-10-06 07:32:29,094 [INFO] [client-4] Round 11 — training locally…
2026-10-06 07:32:29,240 [INFO] [client-4] Round 11 — sending update…
2026-10-06 07:32:29,247 [INFO] send 13933B via direct in 678ms (0.16 Mbit/s) to 3a5e2809f14308c3
2026-10-06 07:32:29,249 [INFO] recv 13933B via direct in 314ms
2026-10-06 07:32:29,251 [INFO] [client-2] Round 11 — training locally…
2026-10-06 07:32:29,349 [INFO] [client-2] Round 11 — sending update…
2026-10-06 07:32:29,352 [INFO] recv 13933B via direct in 311ms
2026-10-06 07:32:29,355 [INFO] [client-0] Round 11 — training locally…
2026-10-06 07:32:29,435 [INFO] [client-0] Round 11 — sending update…
2026-10-06 07:32:29,437 [INFO] recv 13933B via direct in 309ms
2026-10-06 07:32:29,438 [INFO] [client-6] Round 11 — training locally…
2026-10-06 07:32:29,589 [INFO] [client-6] Round 11 — sending update…
2026-10-06 07:32:29,592 [INFO] recv 13933B via direct in 309ms
2026-10-06 07:32:29,594 [INFO] [client-8] Round 11 — training locally…
2026-10-06 07:32:29,745 [INFO] [client-8] Round 11 — sending update…
2026-10-06 07:32:29,747 [INFO] recv 13933B via direct in 302ms
2026-10-06 07:32:29,750 [INFO] [client-3] Round 11 — training locally…
2026-10-06 07:32:29,875 [INFO] [client-3] Round 11 — sending update…
2026-10-06 07:32:29,878 [INFO] recv 13933B via direct in 303ms
2026-10-06 07:32:29,881 [INFO] [client-7] Round 11 — training locally…
2026-10-06 07:32:29,969 [INFO] [client-7] Round 11 — sending update…
2026-10-06 07:32:29,972 [INFO] recv 13933B via direct in 349ms
2026-10-06 07:32:29,976 [INFO] [client-9] Round 11 — training locally…
2026-10-06 07:32:30,058 [INFO] [client-9] Round 11 — sending update…
2026-10-06 07:32:30,061 [INFO] recv 13933B via direct in 350ms
2026-10-06 07:32:30,065 [INFO] [client-5] Round 11 — training locally…
2026-10-06 07:32:30,157 [INFO] [client-5] Round 11 — sending update…
2026-10-06 07:32:30,161 [INFO] recv 13933B via direct in 349ms
2026-10-06 07:32:30,163 [INFO] [client-1] Round 11 — training locally…
2026-10-06 07:32:30,251 [INFO] [client-1] Round 11 — sending update…
2026-10-06 07:32:30,269 [INFO] send 13933B via direct in 1685ms (0.07 Mbit/s) to da54f7b26411867a
2026-10-06 07:32:30,271 [INFO] send 13933B via direct in 1686ms (0.07 Mbit/s) to b4a8670b45d4be5f
2026-10-06 07:32:30,272 [INFO] send 13933B via direct in 1689ms (0.07 Mbit/s) to 33db2b8b29ca8366
2026-10-06 07:32:30,272 [INFO] send 13933B via direct in 1688ms (0.07 Mbit/s) to 567b5c733d43ed48
2026-10-06 07:32:30,273 [INFO] send 13933B via direct in 1686ms (0.07 Mbit/s) to 62d8081c715ca75a
2026-10-06 07:32:30,274 [INFO] send 13933B via direct in 1686ms (0.07 Mbit/s) to 19fdb333580335ef
2026-10-06 07:32:30,275 [INFO] send 13933B via direct in 1685ms (0.07 Mbit/s) to e514d1ee87f63dcb
2026-10-06 07:32:30,276 [INFO] send 13933B via direct in 1685ms (0.07 Mbit/s) to d152900159825a96
2026-10-06 07:32:30,277 [INFO] send 13933B via direct in 1685ms (0.07 Mbit/s) to 35059a0f20faa7b2
2026-10-06 07:32:30,280 [INFO] Round 11 — waiting for 10 updates…
2026-10-06 07:32:30,615 [INFO] recv 13933B via direct in 354ms
2026-10-06 07:32:30,645 [INFO] recv 13933B via direct in 375ms
2026-10-06 07:32:30,652 [INFO] recv 13933B via direct in 376ms
2026-10-06 07:32:30,658 [INFO] recv 13933B via direct in 377ms
2026-10-06 07:32:30,661 [INFO] recv 13933B via direct in 377ms
2026-10-06 07:32:30,665 [INFO] recv 13933B via direct in 380ms
2026-10-06 07:32:30,668 [INFO] recv 13933B via direct in 317ms
2026-10-06 07:32:30,673 [INFO] recv 13933B via direct in 259ms
2026-10-06 07:32:30,698 [INFO] send 13933B via direct in 1455ms (0.08 Mbit/s) to beebfef1ede5718b
2026-10-06 07:32:30,816 [INFO] [client-4] Round 11 done — loss=1.0113 acc=0.4859  2.3s
2026-10-06 07:32:30,817 [INFO] [client-4] Round 12 — receiving model…
2026-10-06 07:32:30,821 [INFO] send 13933B via direct in 1467ms (0.08 Mbit/s) to beebfef1ede5718b
2026-10-06 07:32:30,840 [INFO] [client-2] Round 11 done — loss=0.9583 acc=0.5330  2.3s
2026-10-06 07:32:30,841 [INFO] [client-2] Round 12 — receiving model…
2026-10-06 07:32:30,842 [INFO] send 13933B via direct in 1382ms (0.08 Mbit/s) to beebfef1ede5718b
2026-10-06 07:32:30,861 [INFO] [client-0] Round 11 done — loss=1.0494 acc=0.4653  2.3s
2026-10-06 07:32:30,862 [INFO] [client-0] Round 12 — receiving model…
2026-10-06 07:32:30,863 [INFO] send 13933B via direct in 1228ms (0.09 Mbit/s) to beebfef1ede5718b
2026-10-06 07:32:30,878 [INFO] [client-6] Round 11 done — loss=1.0100 acc=0.4938  2.3s
2026-10-06 07:32:30,879 [INFO] [client-6] Round 12 — receiving model…
2026-10-06 07:32:30,880 [INFO] send 13933B via direct in 1072ms (0.10 Mbit/s) to beebfef1ede5718b
2026-10-06 07:32:30,896 [INFO] [client-8] Round 11 done — loss=0.7610 acc=0.7109  2.4s
2026-10-06 07:32:30,897 [INFO] [client-8] Round 12 — receiving model…
2026-10-06 07:32:30,898 [INFO] send 13933B via direct in 942ms (0.12 Mbit/s) to beebfef1ede5718b
2026-10-06 07:32:30,913 [INFO] [client-3] Round 11 done — loss=1.0403 acc=0.4622  2.5s
2026-10-06 07:32:30,913 [INFO] [client-3] Round 12 — receiving model…
2026-10-06 07:32:30,914 [INFO] send 13933B via direct in 848ms (0.13 Mbit/s) to beebfef1ede5718b
2026-10-06 07:32:30,938 [INFO] [client-7] Round 11 done — loss=1.0302 acc=0.4547  2.5s
2026-10-06 07:32:30,939 [INFO] [client-7] Round 12 — receiving model…
2026-10-06 07:32:30,939 [INFO] send 13933B via direct in 759ms (0.15 Mbit/s) to beebfef1ede5718b
2026-10-06 07:32:30,959 [INFO] [client-9] Round 11 done — loss=1.0139 acc=0.5232  2.4s
2026-10-06 07:32:30,960 [INFO] [client-9] Round 12 — receiving model…
2026-10-06 07:32:30,961 [INFO] recv 13933B via direct in 328ms
2026-10-06 07:32:30,966 [INFO] send 13933B via direct in 805ms (0.14 Mbit/s) to beebfef1ede5718b
2026-10-06 07:32:30,985 [INFO] [client-5] Round 11 done — loss=0.9754 acc=0.5563  2.5s
2026-10-06 07:32:30,986 [INFO] [client-5] Round 12 — receiving model…
2026-10-06 07:32:30,987 [INFO] recv 13933B via direct in 332ms
2026-10-06 07:32:31,006 [INFO] Round 11/20  acc=0.4662  loss=1.0617  2.4s  clients=10
2026-10-06 07:32:31,007 [INFO] Round 12 — sending model to 10 clients…
2026-10-06 07:32:31,030 [INFO] send 13933B via direct in 777ms (0.14 Mbit/s) to beebfef1ede5718b
2026-10-06 07:32:31,055 [INFO] [client-1] Round 11 done — loss=1.0598 acc=0.4238  2.6s
2026-10-06 07:32:31,058 [INFO] [client-1] Round 12 — receiving model…
2026-10-06 07:32:31,557 [INFO] recv 13933B via direct in 241ms
2026-10-06 07:32:31,568 [INFO] [client-1] Round 12 — training locally…
2026-10-06 07:32:31,761 [INFO] [client-1] Round 12 — sending update…
2026-10-06 07:32:31,773 [INFO] send 13933B via direct in 759ms (0.15 Mbit/s) to 567b5c733d43ed48
2026-10-06 07:32:31,775 [INFO] recv 13933B via direct in 387ms
2026-10-06 07:32:31,778 [INFO] [client-7] Round 12 — training locally…
2026-10-06 07:32:31,913 [INFO] [client-7] Round 12 — sending update…
2026-10-06 07:32:31,916 [INFO] recv 13933B via direct in 386ms
2026-10-06 07:32:31,918 [INFO] [client-4] Round 12 — training locally…
2026-10-06 07:32:32,001 [INFO] [client-4] Round 12 — sending update…
2026-10-06 07:32:32,004 [INFO] recv 13933B via direct in 377ms
2026-10-06 07:32:32,006 [INFO] [client-3] Round 12 — training locally…
2026-10-06 07:32:32,096 [INFO] [client-3] Round 12 — sending update…
2026-10-06 07:32:32,098 [INFO] recv 13933B via direct in 377ms
2026-10-06 07:32:32,100 [INFO] [client-2] Round 12 — training locally…
2026-10-06 07:32:32,194 [INFO] [client-2] Round 12 — sending update…
2026-10-06 07:32:32,196 [INFO] recv 13933B via direct in 364ms
2026-10-06 07:32:32,198 [INFO] [client-9] Round 12 — training locally…
2026-10-06 07:32:32,298 [INFO] [client-9] Round 12 — sending update…
2026-10-06 07:32:32,301 [INFO] recv 13933B via direct in 363ms
2026-10-06 07:32:32,304 [INFO] [client-6] Round 12 — training locally…
2026-10-06 07:32:32,395 [INFO] [client-6] Round 12 — sending update…
2026-10-06 07:32:32,399 [INFO] recv 13933B via direct in 361ms
2026-10-06 07:32:32,403 [INFO] [client-5] Round 12 — training locally…
2026-10-06 07:32:32,520 [INFO] [client-5] Round 12 — sending update…
2026-10-06 07:32:32,524 [INFO] recv 13933B via direct in 358ms
2026-10-06 07:32:32,526 [INFO] [client-8] Round 12 — training locally…
2026-10-06 07:32:32,649 [INFO] [client-8] Round 12 — sending update…
2026-10-06 07:32:32,653 [INFO] send 13933B via direct in 763ms (0.15 Mbit/s) to 35059a0f20faa7b2
2026-10-06 07:32:32,654 [INFO] recv 13933B via direct in 359ms
2026-10-06 07:32:32,657 [INFO] [client-0] Round 12 — training locally…
2026-10-06 07:32:32,752 [INFO] [client-0] Round 12 — sending update…
2026-10-06 07:32:32,774 [INFO] send 13933B via direct in 1749ms (0.06 Mbit/s) to 3a5e2809f14308c3
2026-10-06 07:32:32,776 [INFO] send 13933B via direct in 1749ms (0.06 Mbit/s) to d152900159825a96
2026-10-06 07:32:32,778 [INFO] send 13933B via direct in 1749ms (0.06 Mbit/s) to da54f7b26411867a
2026-10-06 07:32:32,779 [INFO] send 13933B via direct in 1748ms (0.06 Mbit/s) to b4a8670b45d4be5f
2026-10-06 07:32:32,780 [INFO] send 13933B via direct in 1746ms (0.06 Mbit/s) to e514d1ee87f63dcb
2026-10-06 07:32:32,781 [INFO] send 13933B via direct in 1746ms (0.06 Mbit/s) to 62d8081c715ca75a
2026-10-06 07:32:32,782 [INFO] send 13933B via direct in 1747ms (0.06 Mbit/s) to 19fdb333580335ef
2026-10-06 07:32:32,783 [INFO] send 13933B via direct in 1747ms (0.06 Mbit/s) to 33db2b8b29ca8366
2026-10-06 07:32:32,784 [INFO] Round 12 — waiting for 10 updates…
2026-10-06 07:32:33,118 [INFO] recv 13933B via direct in 352ms
2026-10-06 07:32:33,124 [INFO] recv 13933B via direct in 353ms
2026-10-06 07:32:33,129 [INFO] recv 13933B via direct in 355ms
2026-10-06 07:32:33,132 [INFO] recv 13933B via direct in 355ms
2026-10-06 07:32:33,148 [INFO] recv 13933B via direct in 384ms
2026-10-06 07:32:33,151 [INFO] recv 13933B via direct in 384ms
2026-10-06 07:32:33,154 [INFO] recv 13933B via direct in 385ms
2026-10-06 07:32:33,156 [INFO] recv 13933B via direct in 286ms
2026-10-06 07:32:33,229 [INFO] send 13933B via direct in 1465ms (0.08 Mbit/s) to beebfef1ede5718b
2026-10-06 07:32:33,252 [INFO] [client-1] Round 12 done — loss=1.0591 acc=0.4272  2.2s
2026-10-06 07:32:33,253 [INFO] [client-1] Round 13 — receiving model…
2026-10-06 07:32:33,254 [INFO] send 13933B via direct in 1314ms (0.09 Mbit/s) to beebfef1ede5718b
2026-10-06 07:32:33,277 [INFO] [client-7] Round 12 done — loss=1.0329 acc=0.4574  2.3s
2026-10-06 07:32:33,278 [INFO] [client-7] Round 13 — receiving model…
2026-10-06 07:32:33,281 [INFO] send 13933B via direct in 1276ms (0.09 Mbit/s) to beebfef1ede5718b
2026-10-06 07:32:33,298 [INFO] [client-4] Round 12 done — loss=1.0127 acc=0.5031  2.5s
2026-10-06 07:32:33,299 [INFO] [client-4] Round 13 — receiving model…
2026-10-06 07:32:33,300 [INFO] send 13933B via direct in 1182ms (0.09 Mbit/s) to beebfef1ede5718b
2026-10-06 07:32:33,320 [INFO] [client-3] Round 12 done — loss=1.0404 acc=0.4615  2.4s
2026-10-06 07:32:33,321 [INFO] [client-3] Round 13 — receiving model…
2026-10-06 07:32:33,322 [INFO] send 13933B via direct in 1083ms (0.10 Mbit/s) to beebfef1ede5718b
2026-10-06 07:32:33,344 [INFO] [client-2] Round 12 done — loss=0.9641 acc=0.5227  2.5s
2026-10-06 07:32:33,345 [INFO] [client-2] Round 13 — receiving model…
2026-10-06 07:32:33,346 [INFO] send 13933B via direct in 979ms (0.11 Mbit/s) to beebfef1ede5718b
2026-10-06 07:32:33,365 [INFO] [client-9] Round 12 done — loss=1.0090 acc=0.5228  2.4s
2026-10-06 07:32:33,366 [INFO] [client-9] Round 13 — receiving model…
2026-10-06 07:32:33,367 [INFO] send 13933B via direct in 881ms (0.13 Mbit/s) to beebfef1ede5718b
2026-10-06 07:32:33,393 [INFO] [client-6] Round 12 done — loss=1.0116 acc=0.4976  2.5s
2026-10-06 07:32:33,394 [INFO] [client-6] Round 13 — receiving model…
2026-10-06 07:32:33,395 [INFO] send 13933B via direct in 757ms (0.15 Mbit/s) to beebfef1ede5718b
2026-10-06 07:32:33,416 [INFO] [client-5] Round 12 done — loss=0.9790 acc=0.5553  2.4s
2026-10-06 07:32:33,417 [INFO] [client-5] Round 13 — receiving model…
2026-10-06 07:32:33,418 [INFO] recv 13933B via direct in 254ms
2026-10-06 07:32:33,422 [INFO] recv 13933B via direct in 316ms
2026-10-06 07:32:33,448 [INFO] Round 12/20  acc=0.4642  loss=1.0649  2.4s  clients=10
2026-10-06 07:32:33,449 [INFO] Round 13 — sending model to 10 clients…
2026-10-06 07:32:33,458 [INFO] send 13933B via direct in 770ms (0.15 Mbit/s) to beebfef1ede5718b
2026-10-06 07:32:33,479 [INFO] [client-8] Round 12 done — loss=0.7608 acc=0.7112  2.6s
2026-10-06 07:32:33,480 [INFO] [client-8] Round 13 — receiving model…
2026-10-06 07:32:33,481 [INFO] send 13933B via direct in 725ms (0.15 Mbit/s) to beebfef1ede5718b
2026-10-06 07:32:33,495 [INFO] [client-0] Round 12 done — loss=1.0536 acc=0.4592  2.6s
2026-10-06 07:32:33,496 [INFO] [client-0] Round 13 — receiving model…
2026-10-06 07:32:33,998 [INFO] recv 13933B via direct in 255ms
2026-10-06 07:32:34,002 [INFO] [client-7] Round 13 — training locally…
2026-10-06 07:32:34,123 [INFO] [client-7] Round 13 — sending update…
2026-10-06 07:32:34,131 [INFO] send 13933B via direct in 678ms (0.16 Mbit/s) to 35059a0f20faa7b2
2026-10-06 07:32:34,133 [INFO] recv 13933B via direct in 346ms
2026-10-06 07:32:34,135 [INFO] [client-0] Round 13 — training locally…
2026-10-06 07:32:34,215 [INFO] [client-0] Round 13 — sending update…
2026-10-06 07:32:34,218 [INFO] recv 13933B via direct in 326ms
2026-10-06 07:32:34,223 [INFO] [client-9] Round 13 — training locally…
2026-10-06 07:32:34,356 [INFO] [client-9] Round 13 — sending update…
2026-10-06 07:32:34,358 [INFO] recv 13933B via direct in 309ms
2026-10-06 07:32:34,362 [INFO] [client-5] Round 13 — training locally…
2026-10-06 07:32:34,494 [INFO] [client-5] Round 13 — sending update…
2026-10-06 07:32:34,496 [INFO] recv 13933B via direct in 302ms
2026-10-06 07:32:34,498 [INFO] [client-2] Round 13 — training locally…
2026-10-06 07:32:34,607 [INFO] [client-2] Round 13 — sending update…
2026-10-06 07:32:34,609 [INFO] recv 13933B via direct in 302ms
2026-10-06 07:32:34,613 [INFO] [client-3] Round 13 — training locally…
2026-10-06 07:32:34,731 [INFO] [client-3] Round 13 — sending update…
2026-10-06 07:32:34,734 [INFO] recv 13933B via direct in 290ms
2026-10-06 07:32:34,737 [INFO] [client-6] Round 13 — training locally…
2026-10-06 07:32:34,850 [INFO] [client-6] Round 13 — sending update…
2026-10-06 07:32:34,852 [INFO] recv 13933B via direct in 290ms
2026-10-06 07:32:34,855 [INFO] [client-1] Round 13 — training locally…
2026-10-06 07:32:34,955 [INFO] [client-1] Round 13 — sending update…
2026-10-06 07:32:34,957 [INFO] recv 13933B via direct in 290ms
2026-10-06 07:32:34,959 [INFO] [client-4] Round 13 — training locally…
2026-10-06 07:32:35,114 [INFO] [client-4] Round 13 — sending update…
2026-10-06 07:32:35,116 [INFO] recv 13933B via direct in 290ms
2026-10-06 07:32:35,118 [INFO] [client-8] Round 13 — training locally…
2026-10-06 07:32:35,243 [INFO] [client-8] Round 13 — sending update…
2026-10-06 07:32:35,268 [INFO] send 13933B via direct in 1799ms (0.06 Mbit/s) to b4a8670b45d4be5f
2026-10-06 07:32:35,270 [INFO] send 13933B via direct in 1799ms (0.06 Mbit/s) to 33db2b8b29ca8366
2026-10-06 07:32:35,271 [INFO] send 13933B via direct in 1801ms (0.06 Mbit/s) to 62d8081c715ca75a
2026-10-06 07:32:35,272 [INFO] send 13933B via direct in 1799ms (0.06 Mbit/s) to da54f7b26411867a
2026-10-06 07:32:35,273 [INFO] send 13933B via direct in 1798ms (0.06 Mbit/s) to d152900159825a96
2026-10-06 07:32:35,274 [INFO] send 13933B via direct in 1798ms (0.06 Mbit/s) to 19fdb333580335ef
2026-10-06 07:32:35,275 [INFO] send 13933B via direct in 1797ms (0.06 Mbit/s) to 567b5c733d43ed48
2026-10-06 07:32:35,276 [INFO] send 13933B via direct in 1797ms (0.06 Mbit/s) to 3a5e2809f14308c3
2026-10-06 07:32:35,277 [INFO] send 13933B via direct in 1797ms (0.06 Mbit/s) to e514d1ee87f63dcb
2026-10-06 07:32:35,279 [INFO] Round 13 — waiting for 10 updates…
2026-10-06 07:32:35,651 [INFO] recv 13933B via direct in 392ms
2026-10-06 07:32:35,721 [INFO] recv 13933B via direct in 393ms
2026-10-06 08:48:37,234 [INFO] recv 13933B via direct in 394ms
2026-10-06 08:48:37,298 [INFO] recv 13933B via direct in 395ms
2026-10-06 08:48:37,420 [INFO] send 13933B via direct in 1578ms (0.07 Mbit/s) to beebfef1ede5718b
2026-10-06 08:48:38,639 [INFO] [client-9] Round 13 done — loss=1.0089 acc=0.5249  3.8s
2026-10-06 08:48:38,644 [INFO] [client-9] Round 14 — receiving model…
2026-10-06 08:48:38,646 [INFO] send 13933B via direct in 1441ms (0.08 Mbit/s) to beebfef1ede5718b
2026-10-06 08:48:39,459 [INFO] [client-5] Round 13 done — loss=0.9743 acc=0.5470  4.6s
2026-10-06 08:48:39,460 [INFO] [client-5] Round 14 — receiving model…
2026-10-06 08:48:39,474 [INFO] send 13933B via direct in 1809ms (0.06 Mbit/s) to beebfef1ede5718b
2026-10-06 08:48:39,773 [INFO] [client-7] Round 13 done — loss=1.0294 acc=0.4530  5.1s
2026-10-06 08:48:39,775 [INFO] [client-7] Round 14 — receiving model…
2026-10-06 08:48:39,777 [INFO] send 13933B via direct in 1719ms (0.07 Mbit/s) to beebfef1ede5718b
2026-10-06 08:48:39,943 [INFO] [client-0] Round 13 done — loss=1.0548 acc=0.4523  5.0s
2026-10-06 08:48:39,944 [INFO] [client-0] Round 14 — receiving model…
2026-10-06 08:48:39,945 [INFO] send 13933B via direct in 1328ms (0.08 Mbit/s) to beebfef1ede5718b
2026-10-06 08:48:40,017 [INFO] [client-2] Round 13 done — loss=0.9599 acc=0.5316  5.2s
2026-10-06 08:48:40,018 [INFO] [client-2] Round 14 — receiving model…
2026-10-06 08:48:40,021 [INFO] send 13933B via direct in 1203ms (0.09 Mbit/s) to beebfef1ede5718b
2026-10-06 08:48:40,125 [INFO] [client-3] Round 13 done — loss=1.0417 acc=0.4533  5.4s
2026-10-06 08:48:40,126 [INFO] [client-3] Round 14 — receiving model…
2026-10-06 08:48:40,128 [INFO] send 13933B via direct in 1085ms (0.10 Mbit/s) to beebfef1ede5718b
2026-10-06 08:48:40,253 [INFO] [client-6] Round 13 done — loss=1.0104 acc=0.4969  5.4s
2026-10-06 08:48:40,254 [INFO] [client-6] Round 14 — receiving model…
2026-10-06 08:48:40,255 [INFO] send 13933B via direct in 980ms (0.11 Mbit/s) to beebfef1ede5718b
2026-10-06 08:48:40,348 [INFO] [client-1] Round 13 done — loss=1.0584 acc=0.4255  5.7s
2026-10-06 08:48:40,349 [INFO] [client-1] Round 14 — receiving model…
2026-10-06 08:48:40,351 [INFO] send 13933B via direct in 821ms (0.14 Mbit/s) to beebfef1ede5718b
2026-10-06 08:48:40,439 [INFO] [client-4] Round 13 done — loss=1.0165 acc=0.4986  5.7s
2026-10-06 08:48:40,441 [INFO] [client-4] Round 14 — receiving model…
2026-10-06 08:48:40,443 [INFO] recv 13933B via direct in 703ms
2026-10-06 08:48:40,446 [INFO] recv 13933B via direct in 705ms
2026-10-06 08:48:40,449 [INFO] recv 13933B via direct in 651ms
2026-10-06 08:48:40,455 [INFO] recv 13933B via direct in 704ms
2026-10-06 08:48:40,458 [INFO] recv 13933B via direct in 471ms
2026-10-06 08:48:40,462 [INFO] recv 13933B via direct in 3350ms
2026-10-06 08:48:40,528 [INFO] Round 13/20  acc=0.4645  loss=1.0655  5.6s  clients=10
2026-10-06 08:48:40,530 [INFO] Round 14 — sending model to 10 clients…
2026-10-06 08:48:40,552 [INFO] send 13933B via direct in 3765ms (0.03 Mbit/s) to beebfef1ede5718b
2026-10-06 08:48:40,608 [INFO] [client-8] Round 13 done — loss=0.7604 acc=0.7102  5.7s
2026-10-06 08:48:40,609 [INFO] [client-8] Round 14 — receiving model…
2026-10-06 08:48:41,056 [INFO] recv 13933B via direct in 199ms
2026-10-06 08:48:41,059 [INFO] [client-5] Round 14 — training locally…
2026-10-06 08:48:41,229 [INFO] [client-5] Round 14 — sending update…
2026-10-06 08:48:41,238 [INFO] send 13933B via direct in 699ms (0.16 Mbit/s) to 33db2b8b29ca8366
2026-10-06 08:48:41,242 [INFO] recv 13933B via direct in 369ms
2026-10-06 08:48:41,250 [INFO] [client-1] Round 14 — training locally…
2026-10-06 08:48:41,993 [INFO] [client-1] Round 14 — sending update…
2026-10-06 08:48:41,996 [INFO] recv 13933B via direct in 343ms
2026-10-06 08:48:41,999 [INFO] [client-3] Round 14 — training locally…
2026-10-06 08:48:44,845 [INFO] [client-3] Round 14 — sending update…
2026-10-06 09:20:54,331 [INFO] recv 13933B via direct in 343ms
2026-10-06 09:20:54,517 [INFO] [client-6] Round 14 — training locally…
2026-10-06 09:20:58,969 [INFO] [client-6] Round 14 — sending update…
2026-10-06 09:20:58,976 [INFO] recv 13933B via direct in 338ms
2026-10-06 09:20:58,979 [INFO] [client-2] Round 14 — training locally…
2026-10-06 09:20:59,800 [INFO] [client-2] Round 14 — sending update…
2026-10-06 09:20:59,803 [INFO] recv 13933B via direct in 338ms
2026-10-06 09:20:59,806 [INFO] [client-4] Round 14 — training locally…
2026-10-06 09:20:59,965 [INFO] [client-4] Round 14 — sending update…
2026-10-06 09:20:59,968 [INFO] recv 13933B via direct in 327ms
2026-10-06 09:20:59,973 [INFO] [client-0] Round 14 — training locally…
2026-10-06 09:21:00,542 [INFO] [client-0] Round 14 — sending update…
2026-10-06 09:21:00,544 [INFO] recv 13933B via direct in 327ms
2026-10-06 09:21:00,547 [INFO] [client-8] Round 14 — training locally…
2026-10-06 09:21:00,692 [INFO] [client-8] Round 14 — sending update…
2026-10-06 09:21:00,696 [INFO] recv 13933B via direct in 326ms
2026-10-06 09:21:00,701 [INFO] [client-9] Round 14 — training locally…
2026-10-06 09:21:01,501 [INFO] [client-9] Round 14 — sending update…
2026-10-06 09:21:01,506 [INFO] recv 13933B via direct in 325ms
2026-10-06 09:21:01,512 [INFO] [client-7] Round 14 — training locally…
2026-10-06 09:21:01,650 [INFO] [client-7] Round 14 — sending update…
2026-10-06 09:21:01,677 [INFO] send 13933B via direct in 13680ms (0.01 Mbit/s) to 567b5c733d43ed48
2026-10-06 09:21:01,678 [INFO] send 13933B via direct in 13678ms (0.01 Mbit/s) to d152900159825a96
2026-10-06 09:21:01,679 [INFO] send 13933B via direct in 13677ms (0.01 Mbit/s) to 19fdb333580335ef
2026-10-06 09:21:01,681 [INFO] send 13933B via direct in 13676ms (0.01 Mbit/s) to da54f7b26411867a
2026-10-06 09:21:01,681 [INFO] send 13933B via direct in 13674ms (0.01 Mbit/s) to 3a5e2809f14308c3
2026-10-06 09:21:01,682 [INFO] send 13933B via direct in 13673ms (0.01 Mbit/s) to 62d8081c715ca75a
2026-10-06 09:21:01,683 [INFO] send 13933B via direct in 13672ms (0.01 Mbit/s) to e514d1ee87f63dcb
2026-10-06 09:21:01,684 [INFO] send 13933B via direct in 13671ms (0.01 Mbit/s) to b4a8670b45d4be5f
2026-10-06 09:21:01,684 [INFO] send 13933B via direct in 13670ms (0.01 Mbit/s) to 35059a0f20faa7b2
2026-10-06 09:21:01,685 [INFO] Round 14 — waiting for 10 updates…
2026-10-06 09:21:01,992 [INFO] recv 13933B via direct in 331ms
2026-10-06 09:21:01,999 [INFO] recv 13933B via direct in 339ms
2026-10-06 09:21:02,008 [INFO] recv 13933B via direct in 348ms
2026-10-06 09:21:02,011 [INFO] recv 13933B via direct in 348ms
2026-10-06 09:21:02,021 [INFO] recv 13933B via direct in 360ms
2026-10-06 09:21:02,023 [INFO] recv 13933B via direct in 360ms
2026-10-06 09:21:02,046 [INFO] recv 13933B via direct in 384ms
2026-10-06 09:21:02,483 [INFO] recv 13933B via direct in 384ms
2026-10-06 09:21:02,514 [INFO] send 13933B via direct in 13064ms (0.01 Mbit/s) to beebfef1ede5718b
2026-10-06 09:21:02,591 [INFO] [client-1] Round 14 done — loss=1.0565 acc=0.4293  14.8s
2026-10-06 09:21:02,592 [INFO] [client-1] Round 15 — receiving model…
2026-10-06 09:21:02,594 [INFO] send 13933B via direct in 13828ms (0.01 Mbit/s) to beebfef1ede5718b
2026-10-06 09:21:02,632 [INFO] [client-5] Round 14 done — loss=0.9761 acc=0.5604  15.7s
2026-10-06 09:21:02,634 [INFO] [client-5] Round 15 — receiving model…
2026-10-06 09:21:02,635 [INFO] send 13933B via direct in 8381ms (0.01 Mbit/s) to beebfef1ede5718b
2026-10-06 09:21:02,661 [INFO] [client-3] Round 14 done — loss=1.0441 acc=0.4564  15.1s
2026-10-06 09:21:02,662 [INFO] [client-3] Round 15 — receiving model…
2026-10-06 09:21:02,664 [INFO] send 13933B via direct in 3526ms (0.03 Mbit/s) to beebfef1ede5718b
2026-10-06 09:21:02,700 [INFO] [client-6] Round 14 done — loss=1.0098 acc=0.4990  15.0s
2026-10-06 09:21:02,701 [INFO] [client-6] Round 15 — receiving model…
2026-10-06 09:21:02,703 [INFO] send 13933B via direct in 2698ms (0.04 Mbit/s) to beebfef1ede5718b
2026-10-06 09:21:02,732 [INFO] [client-2] Round 14 done — loss=0.9622 acc=0.5203  15.3s
2026-10-06 09:21:02,733 [INFO] [client-2] Round 15 — receiving model…
2026-10-06 09:21:02,735 [INFO] send 13933B via direct in 2533ms (0.04 Mbit/s) to beebfef1ede5718b
2026-10-06 09:21:02,761 [INFO] [client-4] Round 14 done — loss=1.0088 acc=0.4935  14.9s
2026-10-06 09:21:02,762 [INFO] [client-4] Round 15 — receiving model…
2026-10-06 09:21:02,763 [INFO] send 13933B via direct in 1958ms (0.06 Mbit/s) to beebfef1ede5718b
2026-10-06 09:21:02,805 [INFO] [client-0] Round 14 done — loss=1.0548 acc=0.4553  15.4s
2026-10-06 09:21:02,807 [INFO] [client-0] Round 15 — receiving model…
2026-10-06 09:21:02,808 [INFO] send 13933B via direct in 1807ms (0.06 Mbit/s) to beebfef1ede5718b
2026-10-06 09:21:02,839 [INFO] [client-8] Round 14 done — loss=0.7607 acc=0.7102  14.8s
2026-10-06 09:21:02,840 [INFO] [client-8] Round 15 — receiving model…
2026-10-06 09:21:02,841 [INFO] send 13933B via direct in 999ms (0.11 Mbit/s) to beebfef1ede5718b
2026-10-06 09:21:02,867 [INFO] [client-9] Round 14 done — loss=1.0133 acc=0.5239  16.8s
2026-10-06 09:21:02,868 [INFO] [client-9] Round 15 — receiving model…
2026-10-06 09:21:02,870 [INFO] send 13933B via direct in 851ms (0.13 Mbit/s) to beebfef1ede5718b
2026-10-06 09:21:02,893 [INFO] [client-7] Round 14 done — loss=1.0314 acc=0.4499  15.7s
2026-10-06 09:21:02,894 [INFO] [client-7] Round 15 — receiving model…
2026-10-06 09:21:02,896 [INFO] recv 13933B via direct in 639ms
2026-10-06 09:21:02,898 [INFO] recv 13933B via direct in 514ms
2026-10-06 09:21:02,922 [INFO] Round 14/20  acc=0.4707  loss=1.0574  15.0s  clients=10
2026-10-06 09:21:04,110 [INFO] Round 15 — sending model to 10 clients…
2026-10-06 09:21:35,235 [INFO] recv 13933B via direct in 218ms
2026-10-06 09:21:35,238 [INFO] [client-5] Round 15 — training locally…
2026-10-06 09:21:35,476 [INFO] [client-5] Round 15 — sending update…
2026-10-06 09:21:35,661 [INFO] send 13933B via direct in 993ms (0.11 Mbit/s) to 33db2b8b29ca8366
2026-10-06 09:21:35,662 [INFO] send 13933B via direct in 977ms (0.11 Mbit/s) to d152900159825a96
2026-10-06 09:21:35,664 [INFO] send 13933B via direct in 963ms (0.12 Mbit/s) to 35059a0f20faa7b2
2026-10-06 09:21:35,665 [INFO] send 13933B via direct in 961ms (0.12 Mbit/s) to 3a5e2809f14308c3
2026-10-06 09:21:35,667 [INFO] send 13933B via direct in 957ms (0.12 Mbit/s) to da54f7b26411867a
2026-10-06 09:21:35,668 [INFO] send 13933B via direct in 956ms (0.12 Mbit/s) to 62d8081c715ca75a
2026-10-06 09:21:35,670 [INFO] send 13933B via direct in 975ms (0.11 Mbit/s) to 19fdb333580335ef
2026-10-06 09:21:35,672 [INFO] send 13933B via direct in 972ms (0.11 Mbit/s) to 567b5c733d43ed48
2026-10-06 09:21:35,673 [INFO] send 13933B via direct in 958ms (0.12 Mbit/s) to b4a8670b45d4be5f
2026-10-06 09:21:35,674 [INFO] send 13933B via direct in 967ms (0.12 Mbit/s) to e514d1ee87f63dcb
2026-10-06 09:21:35,675 [INFO] recv 13933B via direct in 607ms
2026-10-06 09:21:35,677 [INFO] [client-3] Round 15 — training locally…
2026-10-06 09:21:35,854 [INFO] [client-3] Round 15 — sending update…
2026-10-06 09:21:35,857 [INFO] recv 13933B via direct in 591ms
2026-10-06 09:21:35,862 [INFO] [client-6] Round 15 — training locally…
2026-10-06 09:21:36,025 [INFO] [client-6] Round 15 — sending update…
2026-10-06 09:21:36,027 [INFO] recv 13933B via direct in 591ms
2026-10-06 09:21:36,032 [INFO] [client-1] Round 15 — training locally…
2026-10-06 09:21:36,161 [INFO] [client-1] Round 15 — sending update…
2026-10-06 09:21:36,276 [INFO] recv 13933B via direct in 589ms
2026-10-06 09:21:36,282 [INFO] [client-8] Round 15 — training locally…
2026-10-06 09:21:36,391 [INFO] [client-8] Round 15 — sending update…
2026-10-06 09:21:36,395 [INFO] recv 13933B via direct in 588ms
2026-10-06 09:21:36,398 [INFO] [client-7] Round 15 — training locally…
2026-10-06 09:21:36,541 [INFO] [client-7] Round 15 — sending update…
2026-10-06 09:21:36,544 [INFO] recv 13933B via direct in 588ms
2026-10-06 09:21:36,548 [INFO] [client-4] Round 15 — training locally…
2026-10-06 09:21:36,732 [INFO] [client-4] Round 15 — sending update…
2026-10-06 09:21:36,735 [INFO] recv 13933B via direct in 585ms
2026-10-06 09:21:36,739 [INFO] [client-9] Round 15 — training locally…
2026-10-06 09:21:36,940 [INFO] [client-9] Round 15 — sending update…
2026-10-06 09:21:37,075 [INFO] recv 13933B via direct in 584ms
2026-10-06 09:21:37,080 [INFO] [client-2] Round 15 — training locally…
2026-10-06 09:21:37,236 [INFO] [client-2] Round 15 — sending update…
2026-10-06 09:21:37,241 [INFO] recv 13933B via direct in 584ms
2026-10-06 09:21:37,244 [INFO] [client-0] Round 15 — training locally…
2026-10-06 09:21:37,409 [INFO] [client-0] Round 15 — sending update…
2026-10-06 09:21:37,413 [INFO] Round 15 — waiting for 10 updates…
2026-10-06 09:21:37,733 [INFO] recv 13933B via direct in 316ms
2026-10-06 09:21:37,760 [INFO] recv 13933B via direct in 342ms
2026-10-06 09:21:37,762 [INFO] recv 13933B via direct in 341ms
2026-10-06 09:21:37,780 [INFO] recv 13933B via direct in 362ms
2026-10-06 09:21:37,782 [INFO] recv 13933B via direct in 362ms
2026-10-06 09:21:37,800 [INFO] recv 13933B via direct in 382ms
2026-10-06 09:21:37,802 [INFO] recv 13933B via direct in 382ms
2026-10-06 09:21:37,804 [INFO] recv 13933B via direct in 382ms
2026-10-06 09:21:37,998 [INFO] send 13933B via direct in 2341ms (0.05 Mbit/s) to beebfef1ede5718b
2026-10-06 09:21:38,022 [INFO] [client-5] Round 15 done — loss=0.9713 acc=0.5570  33.5s
2026-10-06 09:21:38,023 [INFO] [client-5] Round 16 — receiving model…
2026-10-06 09:21:38,024 [INFO] send 13933B via direct in 2135ms (0.05 Mbit/s) to beebfef1ede5718b
2026-10-06 09:21:38,041 [INFO] [client-3] Round 15 done — loss=1.0380 acc=0.4540  33.5s
2026-10-06 09:21:38,042 [INFO] [client-3] Round 16 — receiving model…
2026-10-06 09:21:38,043 [INFO] send 13933B via direct in 1964ms (0.06 Mbit/s) to beebfef1ede5718b
2026-10-06 09:21:38,062 [INFO] [client-6] Round 15 done — loss=1.0144 acc=0.4938  33.5s
2026-10-06 09:21:38,063 [INFO] [client-6] Round 16 — receiving model…
2026-10-06 09:21:38,064 [INFO] send 13933B via direct in 1717ms (0.07 Mbit/s) to beebfef1ede5718b
2026-10-06 09:21:38,081 [INFO] [client-1] Round 15 done — loss=1.0565 acc=0.4323  33.6s
2026-10-06 09:21:38,083 [INFO] [client-1] Round 16 — receiving model…
2026-10-06 09:21:38,084 [INFO] send 13933B via direct in 1259ms (0.09 Mbit/s) to beebfef1ede5718b
2026-10-06 09:21:38,104 [INFO] [client-4] Round 15 done — loss=1.0174 acc=0.4983  33.4s
2026-10-06 09:21:38,105 [INFO] [client-4] Round 16 — receiving model…
2026-10-06 09:21:38,107 [INFO] send 13933B via direct in 1450ms (0.08 Mbit/s) to beebfef1ede5718b
2026-10-06 09:21:38,128 [INFO] [client-7] Round 15 done — loss=1.0292 acc=0.4413  33.3s
2026-10-06 09:21:38,130 [INFO] [client-7] Round 16 — receiving model…
2026-10-06 09:21:38,131 [INFO] send 13933B via direct in 1600ms (0.07 Mbit/s) to beebfef1ede5718b
2026-10-06 09:21:38,157 [INFO] [client-8] Round 15 done — loss=0.7665 acc=0.7088  33.4s
2026-10-06 09:21:38,158 [INFO] [client-8] Round 16 — receiving model…
2026-10-06 09:21:38,159 [INFO] send 13933B via direct in 921ms (0.12 Mbit/s) to beebfef1ede5718b
2026-10-06 09:21:38,181 [INFO] [client-9] Round 15 done — loss=1.0128 acc=0.5204  33.4s
2026-10-06 09:21:38,182 [INFO] [client-9] Round 16 — receiving model…
2026-10-06 09:21:38,183 [INFO] send 13933B via direct in 755ms (0.15 Mbit/s) to beebfef1ede5718b
2026-10-06 09:21:38,199 [INFO] [client-2] Round 15 done — loss=0.9653 acc=0.5216  33.6s
2026-10-06 09:21:38,200 [INFO] [client-2] Round 16 — receiving model…
2026-10-06 09:21:38,201 [INFO] recv 13933B via direct in 439ms
2026-10-06 09:21:38,203 [INFO] recv 13933B via direct in 264ms
2026-10-06 09:21:38,269 [INFO] Round 15/20  acc=0.4634  loss=1.0667  32.3s  clients=10
2026-10-06 09:21:38,270 [INFO] Round 16 — sending model to 10 clients…
2026-10-06 09:21:38,539 [INFO] send 13933B via direct in 791ms (0.14 Mbit/s) to beebfef1ede5718b
2026-10-06 09:21:38,574 [INFO] [client-0] Round 15 done — loss=1.0492 acc=0.4531  33.9s
2026-10-06 09:21:38,576 [INFO] [client-0] Round 16 — receiving model…
2026-10-06 09:21:39,033 [INFO] recv 13933B via direct in 262ms
2026-10-06 09:21:39,035 [INFO] [client-8] Round 16 — training locally…
2026-10-06 09:21:39,196 [INFO] [client-8] Round 16 — sending update…
2026-10-06 09:21:39,198 [INFO] recv 13933B via direct in 196ms
2026-10-06 09:21:39,204 [INFO] [client-2] Round 16 — training locally…
2026-10-06 09:21:39,368 [INFO] [client-2] Round 16 — sending update…
2026-10-06 09:21:39,502 [INFO] send 13933B via direct in 992ms (0.11 Mbit/s) to e514d1ee87f63dcb
2026-10-06 09:21:39,503 [INFO] send 13933B via direct in 990ms (0.11 Mbit/s) to da54f7b26411867a
2026-10-06 09:21:39,505 [INFO] send 13933B via direct in 986ms (0.11 Mbit/s) to 3a5e2809f14308c3
2026-10-06 09:21:39,506 [INFO] send 13933B via direct in 989ms (0.11 Mbit/s) to d152900159825a96
2026-10-06 09:21:39,507 [INFO] send 13933B via direct in 988ms (0.11 Mbit/s) to 567b5c733d43ed48
2026-10-06 09:21:39,508 [INFO] send 13933B via direct in 977ms (0.11 Mbit/s) to 35059a0f20faa7b2
2026-10-06 09:21:39,509 [INFO] send 13933B via direct in 974ms (0.11 Mbit/s) to 19fdb333580335ef
2026-10-06 09:21:39,509 [INFO] send 13933B via direct in 971ms (0.12 Mbit/s) to 62d8081c715ca75a
2026-10-06 09:21:39,511 [INFO] send 13933B via direct in 962ms (0.12 Mbit/s) to 33db2b8b29ca8366
2026-10-06 09:21:39,511 [INFO] send 13933B via direct in 958ms (0.12 Mbit/s) to b4a8670b45d4be5f
2026-10-06 09:21:39,513 [INFO] recv 13933B via direct in 659ms
2026-10-06 09:21:39,516 [INFO] [client-3] Round 16 — training locally…
2026-10-06 09:21:39,638 [INFO] [client-3] Round 16 — sending update…
2026-10-06 09:21:39,719 [INFO] recv 13933B via direct in 632ms
2026-10-06 09:21:39,723 [INFO] [client-1] Round 16 — training locally…
2026-10-06 09:21:39,871 [INFO] [client-1] Round 16 — sending update…
2026-10-06 09:21:39,874 [INFO] recv 13933B via direct in 633ms
2026-10-06 09:21:39,876 [INFO] [client-4] Round 16 — training locally…
2026-10-06 09:21:40,022 [INFO] [client-4] Round 16 — sending update…
2026-10-06 09:21:40,024 [INFO] recv 13933B via direct in 617ms
2026-10-06 09:21:40,027 [INFO] [client-7] Round 16 — training locally…
2026-10-06 09:21:40,157 [INFO] [client-7] Round 16 — sending update…
2026-10-06 09:21:40,160 [INFO] recv 13933B via direct in 617ms
2026-10-06 09:21:40,163 [INFO] [client-6] Round 16 — training locally…
2026-10-06 09:21:40,293 [INFO] [client-6] Round 16 — sending update…
2026-10-06 09:21:40,297 [INFO] recv 13933B via direct in 606ms
2026-10-06 09:21:40,301 [INFO] [client-0] Round 16 — training locally…
2026-10-06 09:21:40,388 [INFO] [client-0] Round 16 — sending update…
2026-10-06 09:21:40,391 [INFO] recv 13933B via direct in 606ms
2026-10-06 09:21:40,393 [INFO] [client-5] Round 16 — training locally…
2026-10-06 09:21:40,510 [INFO] [client-5] Round 16 — sending update…
2026-10-06 09:21:40,513 [INFO] recv 13933B via direct in 606ms
2026-10-06 09:21:40,520 [INFO] [client-9] Round 16 — training locally…
2026-10-06 09:21:40,622 [INFO] [client-9] Round 16 — sending update…
2026-10-06 09:21:40,625 [INFO] Round 16 — waiting for 10 updates…
2026-10-06 09:21:40,643 [INFO] send 13933B via direct in 1432ms (0.08 Mbit/s) to beebfef1ede5718b
2026-10-06 09:21:40,666 [INFO] [client-8] Round 16 done — loss=0.7574 acc=0.7150  2.5s
2026-10-06 09:21:40,667 [INFO] [client-8] Round 17 — receiving model…
2026-10-06 09:21:40,670 [INFO] recv 13933B via direct in 41ms
2026-10-06 09:21:40,982 [INFO] recv 13933B via direct in 352ms
2026-10-06 09:21:40,984 [INFO] recv 13933B via direct in 273ms
2026-10-06 09:21:40,985 [INFO] recv 13933B via direct in 352ms
2026-10-06 09:21:40,994 [INFO] recv 13933B via direct in 364ms
2026-10-06 09:21:40,999 [INFO] recv 13933B via direct in 368ms
2026-10-06 09:21:41,002 [INFO] recv 13933B via direct in 368ms
2026-10-06 09:21:41,004 [INFO] recv 13933B via direct in 330ms
2026-10-06 09:21:41,057 [INFO] recv 13933B via direct in 236ms
2026-10-06 09:21:41,085 [INFO] send 13933B via direct in 1594ms (0.07 Mbit/s) to beebfef1ede5718b
2026-10-06 09:21:41,106 [INFO] [client-2] Round 16 done — loss=0.9592 acc=0.5216  2.9s
2026-10-06 09:21:41,108 [INFO] [client-2] Round 17 — receiving model…
2026-10-06 09:21:41,109 [INFO] send 13933B via direct in 695ms (0.16 Mbit/s) to beebfef1ede5718b
2026-10-06 09:21:41,125 [INFO] [client-0] Round 16 done — loss=1.0550 acc=0.4497  2.5s
2026-10-06 09:21:41,126 [INFO] [client-0] Round 17 — receiving model…
2026-10-06 09:21:41,127 [INFO] send 13933B via direct in 1367ms (0.08 Mbit/s) to beebfef1ede5718b
2026-10-06 09:21:41,144 [INFO] [client-3] Round 16 done — loss=1.0386 acc=0.4578  3.1s
2026-10-06 09:21:41,145 [INFO] [client-3] Round 17 — receiving model…
2026-10-06 09:21:41,147 [INFO] send 13933B via direct in 1272ms (0.09 Mbit/s) to beebfef1ede5718b
2026-10-06 09:21:41,165 [INFO] [client-1] Round 16 done — loss=1.0587 acc=0.4272  3.1s
2026-10-06 09:21:41,166 [INFO] [client-1] Round 17 — receiving model…
2026-10-06 09:21:41,167 [INFO] send 13933B via direct in 1122ms (0.10 Mbit/s) to beebfef1ede5718b
2026-10-06 09:21:41,184 [INFO] [client-4] Round 16 done — loss=1.0165 acc=0.4839  3.1s
2026-10-06 09:21:41,185 [INFO] [client-4] Round 17 — receiving model…
2026-10-06 09:21:41,186 [INFO] send 13933B via direct in 987ms (0.11 Mbit/s) to beebfef1ede5718b
2026-10-06 09:21:41,206 [INFO] [client-7] Round 16 done — loss=1.0265 acc=0.4499  3.1s
2026-10-06 09:21:41,487 [INFO] [client-7] Round 17 — receiving model…
2026-10-06 09:21:41,489 [INFO] send 13933B via direct in 850ms (0.13 Mbit/s) to beebfef1ede5718b
2026-10-06 09:21:41,521 [INFO] [client-6] Round 16 done — loss=1.0163 acc=0.4826  3.5s
2026-10-06 09:21:41,522 [INFO] [client-6] Round 17 — receiving model…
2026-10-06 09:21:41,524 [INFO] send 13933B via direct in 1010ms (0.11 Mbit/s) to beebfef1ede5718b
2026-10-06 09:21:41,546 [INFO] [client-5] Round 16 done — loss=0.9755 acc=0.5608  3.5s
2026-10-06 09:21:41,547 [INFO] [client-5] Round 17 — receiving model…
2026-10-06 09:21:41,549 [INFO] send 13933B via direct in 898ms (0.12 Mbit/s) to beebfef1ede5718b
2026-10-06 09:21:41,564 [INFO] [client-9] Round 16 done — loss=1.0083 acc=0.5242  3.4s
2026-10-06 09:21:41,565 [INFO] [client-9] Round 17 — receiving model…
2026-10-06 09:21:41,566 [INFO] recv 13933B via direct in 535ms
2026-10-06 09:21:41,591 [INFO] Round 16/20  acc=0.4676  loss=1.0593  3.3s  clients=10
2026-10-06 09:21:41,592 [INFO] Round 17 — sending model to 10 clients…
2026-10-06 09:21:42,222 [INFO] recv 13933B via direct in 245ms
2026-10-06 09:21:42,224 [INFO] [client-5] Round 17 — training locally…
2026-10-06 09:21:42,332 [INFO] [client-5] Round 17 — sending update…
2026-10-06 09:21:42,335 [INFO] recv 13933B via direct in 237ms
2026-10-06 09:21:42,338 [INFO] [client-6] Round 17 — training locally…
2026-10-06 09:21:42,469 [INFO] [client-6] Round 17 — sending update…
2026-10-06 09:21:42,472 [INFO] recv 13933B via direct in 237ms
2026-10-06 09:21:42,474 [INFO] [client-0] Round 17 — training locally…
2026-10-06 09:21:42,571 [INFO] [client-0] Round 17 — sending update…
2026-10-06 09:21:42,580 [INFO] recv 13933B via direct in 252ms
2026-10-06 09:21:42,583 [INFO] [client-9] Round 17 — training locally…
2026-10-06 09:21:42,727 [INFO] [client-9] Round 17 — sending update…
2026-10-06 09:21:42,737 [INFO] send 13933B via direct in 979ms (0.11 Mbit/s) to 62d8081c715ca75a
2026-10-06 09:21:42,739 [INFO] send 13933B via direct in 980ms (0.11 Mbit/s) to 33db2b8b29ca8366
2026-10-06 09:21:42,740 [INFO] send 13933B via direct in 978ms (0.11 Mbit/s) to 567b5c733d43ed48
2026-10-06 09:21:42,741 [INFO] send 13933B via direct in 978ms (0.11 Mbit/s) to 35059a0f20faa7b2
2026-10-06 09:21:42,742 [INFO] send 13933B via direct in 977ms (0.11 Mbit/s) to e514d1ee87f63dcb
2026-10-06 09:21:42,743 [INFO] send 13933B via direct in 977ms (0.11 Mbit/s) to d152900159825a96
2026-10-06 09:21:42,744 [INFO] send 13933B via direct in 984ms (0.11 Mbit/s) to da54f7b26411867a
2026-10-06 09:21:42,745 [INFO] send 13933B via direct in 981ms (0.11 Mbit/s) to 3a5e2809f14308c3
2026-10-06 09:21:42,747 [INFO] send 13933B via direct in 980ms (0.11 Mbit/s) to 19fdb333580335ef
2026-10-06 09:21:42,748 [INFO] send 13933B via direct in 983ms (0.11 Mbit/s) to b4a8670b45d4be5f
2026-10-06 09:21:42,750 [INFO] recv 13933B via direct in 744ms
2026-10-06 09:21:42,753 [INFO] [client-1] Round 17 — training locally…
2026-10-06 09:21:42,897 [INFO] [client-1] Round 17 — sending update…
2026-10-06 09:21:42,901 [INFO] recv 13933B via direct in 744ms
2026-10-06 09:21:42,903 [INFO] [client-7] Round 17 — training locally…
2026-10-06 09:21:44,908 [INFO] [client-7] Round 17 — sending update…
2026-10-06 09:21:44,911 [INFO] recv 13933B via direct in 744ms
2026-10-06 09:21:44,914 [INFO] [client-8] Round 17 — training locally…
2026-10-06 09:21:45,025 [INFO] [client-8] Round 17 — sending update…
2026-10-06 09:21:45,027 [INFO] recv 13933B via direct in 744ms
2026-10-06 09:21:45,030 [INFO] [client-3] Round 17 — training locally…
2026-10-06 09:21:45,149 [INFO] [client-3] Round 17 — sending update…
2026-10-06 09:21:45,151 [INFO] recv 13933B via direct in 757ms
2026-10-06 09:21:45,164 [INFO] [client-2] Round 17 — training locally…
2026-10-06 09:21:45,335 [INFO] [client-2] Round 17 — sending update…
2026-10-06 09:21:45,339 [INFO] recv 13933B via direct in 747ms
2026-10-06 09:21:45,343 [INFO] [client-4] Round 17 — training locally…
2026-10-06 09:21:45,450 [INFO] [client-4] Round 17 — sending update…
2026-10-06 09:21:45,452 [INFO] Round 17 — waiting for 10 updates…
2026-10-06 09:21:45,467 [INFO] send 13933B via direct in 1257ms (0.09 Mbit/s) to beebfef1ede5718b
2026-10-06 09:21:45,488 [INFO] [client-5] Round 17 done — loss=0.9659 acc=0.5573  2.1s
2026-10-06 09:21:45,489 [INFO] [client-5] Round 18 — receiving model…
2026-10-06 09:21:45,493 [INFO] recv 13933B via direct in 881ms
2026-10-06 09:21:45,495 [INFO] recv 13933B via direct in 38ms
2026-10-06 09:21:45,597 [WARNING] transfer attempt 1/3 failed (stream not acknowledged: IrohError:  closed by peer: 0) — retrying
2026-10-06 09:21:45,802 [INFO] recv 13933B via direct in 348ms
2026-10-06 09:21:45,928 [INFO] recv 13933B via direct in 348ms
2026-10-06 09:21:45,934 [INFO] send 13933B via direct in 1491ms (0.07 Mbit/s) to beebfef1ede5718b
2026-10-06 09:21:45,974 [INFO] [client-0] Round 17 done — loss=1.0447 acc=0.4648  3.0s
2026-10-06 09:21:45,974 [INFO] [client-0] Round 18 — receiving model…
2026-10-06 09:21:45,976 [INFO] send 13933B via direct in 1336ms (0.08 Mbit/s) to beebfef1ede5718b
2026-10-06 09:21:46,023 [INFO] [client-9] Round 17 done — loss=1.0092 acc=0.5200  2.6s
2026-10-06 09:21:46,025 [INFO] [client-9] Round 18 — receiving model…
2026-10-06 09:21:46,027 [INFO] recv 13933B via direct in 478ms
2026-10-06 09:21:46,030 [INFO] recv 13933B via direct in 478ms
2026-10-06 09:21:46,035 [INFO] recv 13933B via direct in 478ms
2026-10-06 09:21:46,042 [INFO] recv 13933B via direct in 442ms
2026-10-06 09:21:46,044 [INFO] send 13933B via direct in 1271ms (0.09 Mbit/s) to beebfef1ede5718b
2026-10-06 09:21:46,065 [INFO] [client-1] Round 17 done — loss=1.0620 acc=0.4258  3.0s
2026-10-06 09:21:46,066 [INFO] [client-1] Round 18 — receiving model…
2026-10-06 09:21:46,067 [INFO] send 13933B via direct in 1124ms (0.10 Mbit/s) to beebfef1ede5718b
2026-10-06 09:21:46,093 [INFO] [client-7] Round 17 done — loss=1.0276 acc=0.4509  2.7s
2026-10-06 09:21:46,094 [INFO] [client-7] Round 18 — receiving model…
2026-10-06 09:21:46,095 [INFO] send 13933B via direct in 1007ms (0.11 Mbit/s) to beebfef1ede5718b
2026-10-06 09:21:46,123 [INFO] [client-8] Round 17 done — loss=0.7620 acc=0.7126  3.6s
2026-10-06 09:21:46,124 [INFO] [client-8] Round 18 — receiving model…
2026-10-06 09:21:46,125 [INFO] send 13933B via direct in 884ms (0.13 Mbit/s) to beebfef1ede5718b
2026-10-06 09:21:46,154 [INFO] [client-3] Round 17 done — loss=1.0359 acc=0.4646  3.1s
2026-10-06 09:21:46,155 [INFO] [client-3] Round 18 — receiving model…
2026-10-06 09:21:46,157 [INFO] recv 13933B via direct in 320ms
2026-10-06 09:21:46,162 [INFO] recv 13933B via direct in 276ms
2026-10-06 09:21:46,198 [INFO] Round 17/20  acc=0.4667  loss=1.0578  2.7s  clients=10
2026-10-06 09:21:46,199 [INFO] Round 18 — sending model to 10 clients…
2026-10-06 09:21:46,216 [INFO] send 13933B via direct in 861ms (0.13 Mbit/s) to beebfef1ede5718b
2026-10-06 09:21:46,248 [INFO] [client-2] Round 17 done — loss=0.9518 acc=0.5299  3.3s
2026-10-06 09:21:46,249 [INFO] [client-2] Round 18 — receiving model…
2026-10-06 09:21:46,250 [INFO] send 13933B via direct in 749ms (0.15 Mbit/s) to beebfef1ede5718b
2026-10-06 09:21:46,277 [INFO] [client-4] Round 17 done — loss=1.0099 acc=0.4959  3.2s
2026-10-06 09:21:46,278 [INFO] [client-4] Round 18 — receiving model…
2026-10-06 09:21:46,726 [INFO] recv 13933B via direct in 205ms
2026-10-06 09:21:46,730 [INFO] [client-8] Round 18 — training locally…
2026-10-06 09:21:46,868 [INFO] [client-8] Round 18 — sending update…
2026-10-06 09:21:46,879 [INFO] send 13933B via direct in 669ms (0.17 Mbit/s) to e514d1ee87f63dcb
2026-10-06 09:21:46,880 [INFO] recv 13933B via direct in 326ms
2026-10-06 09:21:46,883 [INFO] [client-4] Round 18 — training locally…
2026-10-06 09:21:47,003 [INFO] [client-4] Round 18 — sending update…
2026-10-06 09:21:47,005 [INFO] recv 13933B via direct in 297ms
2026-10-06 09:21:47,008 [INFO] [client-9] Round 18 — training locally…
2026-10-06 09:21:47,126 [INFO] [client-9] Round 18 — sending update…
2026-10-06 09:21:47,128 [INFO] recv 13933B via direct in 297ms
2026-10-06 09:21:47,131 [INFO] [client-2] Round 18 — training locally…
2026-10-06 09:21:47,281 [INFO] [client-2] Round 18 — sending update…
2026-10-06 09:21:47,889 [INFO] recv 13933B via direct in 346ms
2026-10-06 09:21:47,900 [INFO] [client-5] Round 18 — training locally…
2026-10-06 09:21:48,196 [INFO] [client-5] Round 18 — sending update…
2026-10-06 09:21:48,217 [INFO] recv 13933B via direct in 296ms
2026-10-06 09:21:48,220 [INFO] [client-3] Round 18 — training locally…
2026-10-06 09:21:48,848 [INFO] [client-3] Round 18 — sending update…
2026-10-06 09:21:48,855 [INFO] recv 13933B via direct in 283ms
2026-10-06 09:21:48,869 [INFO] [client-1] Round 18 — training locally…
2026-10-06 09:21:49,436 [INFO] [client-1] Round 18 — sending update…
2026-10-06 09:21:49,439 [INFO] recv 13933B via direct in 283ms
2026-10-06 09:21:49,443 [INFO] [client-0] Round 18 — training locally…
2026-10-06 09:21:50,133 [INFO] [client-0] Round 18 — sending update…
2026-10-06 09:21:50,137 [INFO] recv 13933B via direct in 283ms
2026-10-06 09:21:50,141 [INFO] [client-7] Round 18 — training locally…
2026-10-06 09:21:50,665 [INFO] [client-7] Round 18 — sending update…
2026-10-06 09:21:50,695 [INFO] send 13933B via direct in 4464ms (0.03 Mbit/s) to 3a5e2809f14308c3
2026-10-06 09:21:50,697 [INFO] send 13933B via direct in 4462ms (0.03 Mbit/s) to da54f7b26411867a
2026-10-06 09:21:50,698 [INFO] send 13933B via direct in 4463ms (0.03 Mbit/s) to b4a8670b45d4be5f
2026-10-06 09:21:50,699 [INFO] send 13933B via direct in 4468ms (0.03 Mbit/s) to 33db2b8b29ca8366
2026-10-06 09:21:50,700 [INFO] send 13933B via direct in 4459ms (0.03 Mbit/s) to 62d8081c715ca75a
2026-10-06 09:21:50,701 [INFO] send 13933B via direct in 4459ms (0.03 Mbit/s) to 35059a0f20faa7b2
2026-10-06 09:21:50,702 [INFO] send 13933B via direct in 4463ms (0.03 Mbit/s) to 19fdb333580335ef
2026-10-06 09:21:50,702 [INFO] send 13933B via direct in 4463ms (0.03 Mbit/s) to d152900159825a96
2026-10-06 09:21:50,703 [INFO] send 13933B via direct in 6342ms (0.02 Mbit/s) to beebfef1ede5718b (attempt 2)
2026-10-06 09:21:50,865 [INFO] [client-6] Round 17 done — loss=1.0117 acc=0.4854  7.5s
2026-10-06 09:21:50,866 [INFO] [client-6] Round 18 — receiving model…
2026-10-06 09:21:50,867 [INFO] recv 13933B via direct in 297ms
2026-10-06 09:21:50,871 [INFO] [client-6] Round 18 — training locally…
2026-10-06 09:21:51,101 [INFO] [client-6] Round 18 — sending update…
2026-10-06 09:21:51,104 [INFO] send 13933B via direct in 4459ms (0.03 Mbit/s) to 567b5c733d43ed48
2026-10-06 09:21:51,106 [INFO] Round 18 — waiting for 10 updates…
2026-10-06 09:21:51,110 [INFO] recv 13933B via direct in 430ms
2026-10-06 09:21:51,117 [INFO] recv 13933B via direct in 438ms
2026-10-06 09:21:51,120 [INFO] recv 13933B via direct in 437ms
2026-10-06 09:21:51,122 [INFO] recv 13933B via direct in 437ms
2026-10-06 09:21:51,124 [INFO] recv 13933B via direct in 438ms
2026-10-06 09:21:51,126 [INFO] recv 13933B via direct in 438ms
2026-10-06 09:21:51,128 [INFO] recv 13933B via direct in 438ms
2026-10-06 09:21:51,131 [INFO] recv 13933B via direct in 438ms
2026-10-06 09:21:51,134 [INFO] recv 13933B via direct in 439ms
2026-10-06 09:21:51,140 [INFO] send 13933B via direct in 4269ms (0.03 Mbit/s) to beebfef1ede5718b
2026-10-06 09:21:51,160 [INFO] [client-8] Round 18 done — loss=0.7591 acc=0.7112  5.0s
2026-10-06 09:21:51,161 [INFO] [client-8] Round 19 — receiving model…
2026-10-06 09:21:51,218 [INFO] send 13933B via direct in 4213ms (0.03 Mbit/s) to beebfef1ede5718b
2026-10-06 09:21:51,241 [INFO] [client-4] Round 18 done — loss=1.0081 acc=0.5062  5.0s
2026-10-06 09:21:51,242 [INFO] [client-4] Round 19 — receiving model…
2026-10-06 09:21:51,243 [WARNING] transfer attempt 1/3 failed (stream not acknowledged: IrohError:  closed by peer: 0) — retrying
2026-10-06 09:21:51,244 [WARNING] transfer attempt 1/3 failed (stream not acknowledged: IrohError:  closed by peer: 0) — retrying
2026-10-06 09:21:51,244 [WARNING] transfer attempt 1/3 failed (stream not acknowledged: IrohError:  closed by peer: 0) — retrying
2026-10-06 09:21:51,245 [WARNING] transfer attempt 1/3 failed (stream not acknowledged: IrohError:  closed by peer: 0) — retrying
2026-10-06 09:21:51,246 [WARNING] transfer attempt 1/3 failed (stream not acknowledged: IrohError:  closed by peer: 0) — retrying
2026-10-06 09:21:51,263 [WARNING] transfer attempt 1/3 failed (stream not acknowledged: IrohError:  closed by peer: 0) — retrying
2026-10-06 09:21:51,462 [INFO] recv 13933B via direct in 355ms
2026-10-06 09:21:51,499 [INFO] Round 18/20  acc=0.4650  loss=1.0612  5.3s  clients=10
2026-10-06 09:21:51,502 [INFO] Round 19 — sending model to 10 clients…
2026-10-06 09:21:51,580 [INFO] send 13933B via direct in 911ms (0.12 Mbit/s) to beebfef1ede5718b
2026-10-06 09:21:51,606 [INFO] [client-7] Round 18 done — loss=1.0299 acc=0.4475  5.5s
2026-10-06 09:21:51,607 [INFO] [client-7] Round 19 — receiving model…
2026-10-06 09:21:51,834 [INFO] send 13933B via direct in 730ms (0.15 Mbit/s) to beebfef1ede5718b
2026-10-06 09:21:51,868 [INFO] [client-6] Round 18 done — loss=1.0098 acc=0.4948  1.0s
2026-10-06 09:21:51,869 [INFO] [client-6] Round 19 — receiving model…
2026-10-06 09:21:52,111 [INFO] recv 13933B via direct in 239ms
2026-10-06 09:21:52,297 [INFO] [client-8] Round 19 — training locally…
2026-10-06 09:21:52,464 [INFO] [client-8] Round 19 — sending update…
2026-10-06 09:21:52,477 [INFO] send 13933B via direct in 966ms (0.12 Mbit/s) to e514d1ee87f63dcb
2026-10-06 09:21:52,478 [INFO] send 13933B via direct in 964ms (0.12 Mbit/s) to d152900159825a96
2026-10-06 09:21:52,479 [INFO] send 13933B via direct in 958ms (0.12 Mbit/s) to 567b5c733d43ed48
2026-10-06 09:21:52,480 [INFO] send 13933B via direct in 957ms (0.12 Mbit/s) to 33db2b8b29ca8366
2026-10-06 09:21:52,481 [INFO] send 13933B via direct in 957ms (0.12 Mbit/s) to b4a8670b45d4be5f
2026-10-06 09:21:52,482 [INFO] recv 13933B via direct in 600ms
2026-10-06 09:21:52,485 [INFO] [client-6] Round 19 — training locally…
2026-10-06 09:21:52,606 [INFO] [client-6] Round 19 — sending update…
2026-10-06 09:21:52,609 [INFO] recv 13933B via direct in 601ms
2026-10-06 09:21:52,615 [INFO] [client-4] Round 19 — training locally…
2026-10-06 09:21:52,749 [INFO] [client-4] Round 19 — sending update…
2026-10-06 09:21:52,753 [INFO] recv 13933B via direct in 601ms
2026-10-06 09:21:52,757 [INFO] [client-7] Round 19 — training locally…
2026-10-06 09:21:52,895 [INFO] [client-7] Round 19 — sending update…
2026-10-06 09:21:52,898 [INFO] send 13933B via direct in 962ms (0.12 Mbit/s) to 19fdb333580335ef
2026-10-06 09:21:52,900 [INFO] send 13933B via direct in 961ms (0.12 Mbit/s) to 3a5e2809f14308c3
2026-10-06 09:21:52,901 [INFO] send 13933B via direct in 960ms (0.12 Mbit/s) to 35059a0f20faa7b2
2026-10-06 09:21:52,902 [INFO] send 13933B via direct in 956ms (0.12 Mbit/s) to da54f7b26411867a
2026-10-06 09:21:52,904 [INFO] send 13933B via direct in 956ms (0.12 Mbit/s) to 62d8081c715ca75a
2026-10-06 09:21:52,906 [INFO] Round 19 — waiting for 10 updates…
2026-10-06 09:21:52,907 [INFO] recv 13933B via direct in 247ms
2026-10-06 09:21:53,267 [INFO] recv 13933B via direct in 357ms
2026-10-06 09:21:53,270 [INFO] recv 13933B via direct in 357ms
2026-10-06 09:21:53,303 [INFO] recv 13933B via direct in 391ms
2026-10-06 09:21:53,306 [INFO] recv 13933B via direct in 391ms
2026-10-06 09:21:53,307 [INFO] recv 13933B via direct in 391ms
2026-10-06 09:21:53,309 [INFO] recv 13933B via direct in 392ms
2026-10-06 09:21:53,310 [INFO] recv 13933B via direct in 392ms
2026-10-06 09:21:53,312 [INFO] recv 13933B via direct in 336ms
2026-10-06 09:21:53,314 [WARNING] Round 19 — discarding update from unselected/duplicate peer 19fdb333580335ef
2026-10-06 09:21:53,340 [INFO] recv 13933B via direct in 245ms
2026-10-06 09:21:53,386 [INFO] send 13933B via direct in 919ms (0.12 Mbit/s) to beebfef1ede5718b
2026-10-06 09:21:53,448 [INFO] [client-8] Round 19 done — loss=0.7707 acc=0.7102  2.3s
2026-10-06 09:21:53,450 [INFO] [client-8] Round 20 — receiving model…
2026-10-06 09:21:53,452 [INFO] send 13933B via direct in 6258ms (0.02 Mbit/s) to beebfef1ede5718b (attempt 2)
2026-10-06 09:21:53,479 [INFO] [client-9] Round 18 done — loss=1.0080 acc=0.5260  7.5s
2026-10-06 09:21:53,479 [INFO] [client-9] Round 19 — receiving model…
2026-10-06 09:21:53,480 [INFO] recv 13933B via direct in 588ms
2026-10-06 09:21:53,484 [INFO] [client-9] Round 19 — training locally…
2026-10-06 09:21:55,289 [INFO] [client-9] Round 19 — sending update…
2026-10-06 09:21:55,331 [INFO] send 13933B via direct in 5499ms (0.02 Mbit/s) to beebfef1ede5718b (attempt 2)
2026-10-06 09:21:55,374 [INFO] [client-2] Round 18 done — loss=0.9585 acc=0.5333  9.1s
2026-10-06 09:21:55,375 [INFO] [client-2] Round 19 — receiving model…
2026-10-06 09:21:55,376 [INFO] recv 13933B via direct in 585ms
2026-10-06 09:21:55,379 [INFO] [client-2] Round 19 — training locally…
2026-10-06 09:21:55,527 [INFO] [client-2] Round 19 — sending update…
2026-10-06 09:21:55,538 [INFO] send 13933B via direct in 7316ms (0.02 Mbit/s) to beebfef1ede5718b (attempt 2)
2026-10-06 09:21:55,557 [INFO] [client-5] Round 18 done — loss=0.9667 acc=0.5611  10.1s
2026-10-06 09:21:55,558 [INFO] [client-5] Round 19 — receiving model…
2026-10-06 09:21:55,559 [INFO] recv 13933B via direct in 592ms
2026-10-06 09:21:55,563 [INFO] [client-5] Round 19 — training locally…
2026-10-06 09:21:55,716 [INFO] [client-5] Round 19 — sending update…
2026-10-06 09:21:55,719 [INFO] send 13933B via direct in 6679ms (0.02 Mbit/s) to beebfef1ede5718b (attempt 2)
2026-10-06 09:21:55,744 [INFO] [client-3] Round 18 done — loss=1.0427 acc=0.4615  9.6s
2026-10-06 09:21:55,745 [INFO] [client-3] Round 19 — receiving model…
2026-10-06 09:21:55,746 [INFO] recv 13933B via direct in 600ms
2026-10-06 09:21:55,749 [INFO] [client-3] Round 19 — training locally…
2026-10-06 09:21:55,916 [INFO] [client-3] Round 19 — sending update…
2026-10-06 09:21:55,920 [INFO] send 13933B via direct in 6094ms (0.02 Mbit/s) to beebfef1ede5718b (attempt 2)
2026-10-06 09:21:55,942 [INFO] [client-1] Round 18 done — loss=1.0582 acc=0.4241  9.9s
2026-10-06 09:21:55,944 [INFO] [client-1] Round 19 — receiving model…
2026-10-06 09:21:55,944 [INFO] recv 13933B via direct in 602ms
2026-10-06 09:21:55,947 [INFO] [client-1] Round 19 — training locally…
2026-10-06 09:21:56,292 [INFO] [client-1] Round 19 — sending update…
2026-10-06 09:21:56,296 [INFO] send 13933B via direct in 5397ms (0.02 Mbit/s) to beebfef1ede5718b (attempt 2)
2026-10-06 09:21:56,350 [INFO] [client-0] Round 18 done — loss=1.0511 acc=0.4648  10.4s
2026-10-06 09:21:56,351 [INFO] [client-0] Round 19 — receiving model…
2026-10-06 09:21:56,352 [INFO] recv 13933B via direct in 585ms
2026-10-06 09:21:56,356 [INFO] [client-0] Round 19 — training locally…
2026-10-06 09:21:56,558 [INFO] [client-0] Round 19 — sending update…
2026-10-06 09:21:56,562 [INFO] send 13933B via direct in 2925ms (0.04 Mbit/s) to beebfef1ede5718b
2026-10-06 09:21:56,587 [INFO] [client-6] Round 19 done — loss=1.0101 acc=0.4976  4.7s
2026-10-06 09:21:56,589 [INFO] [client-6] Round 20 — receiving model…
2026-10-06 09:21:56,590 [INFO] send 13933B via direct in 2782ms (0.04 Mbit/s) to beebfef1ede5718b
2026-10-06 09:21:56,632 [INFO] [client-4] Round 19 done — loss=1.0092 acc=0.4948  5.4s
2026-10-06 09:21:56,633 [INFO] [client-4] Round 20 — receiving model…
2026-10-06 09:21:56,634 [INFO] send 13933B via direct in 2636ms (0.04 Mbit/s) to beebfef1ede5718b
2026-10-06 09:21:56,726 [INFO] [client-7] Round 19 done — loss=1.0291 acc=0.4399  5.1s
2026-10-06 09:21:56,727 [INFO] [client-7] Round 20 — receiving model…
2026-10-06 09:21:56,731 [INFO] recv 13933B via direct in 2268ms
2026-10-06 09:21:56,770 [INFO] Round 19/20  acc=0.4662  loss=1.0627  5.3s  clients=10
2026-10-06 09:21:56,772 [INFO] Round 20 — sending model to 10 clients…
2026-10-06 09:21:56,839 [INFO] send 13933B via direct in 1509ms (0.07 Mbit/s) to beebfef1ede5718b
2026-10-06 09:21:56,858 [INFO] [client-9] Round 19 done — loss=1.0060 acc=0.5256  3.4s
2026-10-06 09:21:56,859 [INFO] [client-9] Round 20 — receiving model…
2026-10-06 09:21:57,203 [INFO] send 13933B via direct in 1283ms (0.09 Mbit/s) to beebfef1ede5718b
2026-10-06 09:21:57,253 [INFO] [client-3] Round 19 done — loss=1.0440 acc=0.4584  1.5s
2026-10-06 09:21:57,254 [INFO] [client-3] Round 20 — receiving model…
2026-10-06 09:21:57,280 [INFO] send 13933B via direct in 1748ms (0.06 Mbit/s) to beebfef1ede5718b
2026-10-06 09:21:57,305 [INFO] [client-2] Round 19 done — loss=0.9581 acc=0.5285  1.9s
2026-10-06 09:21:57,306 [INFO] [client-2] Round 20 — receiving model…
2026-10-06 09:21:57,309 [INFO] send 13933B via direct in 1590ms (0.07 Mbit/s) to beebfef1ede5718b
2026-10-06 09:21:57,328 [INFO] [client-5] Round 19 done — loss=0.9713 acc=0.5663  1.8s
2026-10-06 09:21:57,330 [INFO] [client-5] Round 20 — receiving model…
2026-10-06 09:21:57,331 [INFO] send 13933B via direct in 1012ms (0.11 Mbit/s) to beebfef1ede5718b
2026-10-06 09:21:57,354 [INFO] [client-1] Round 19 done — loss=1.0546 acc=0.4231  1.4s
2026-10-06 09:21:57,355 [INFO] [client-1] Round 20 — receiving model…
2026-10-06 09:21:57,357 [INFO] send 13933B via direct in 747ms (0.15 Mbit/s) to beebfef1ede5718b
2026-10-06 09:21:57,392 [INFO] [client-0] Round 19 done — loss=1.0489 acc=0.4614  1.0s
2026-10-06 09:21:57,393 [INFO] [client-0] Round 20 — receiving model…
2026-10-06 09:21:57,397 [INFO] recv 13933B via direct in 303ms
2026-10-06 09:21:57,400 [INFO] [client-9] Round 20 — training locally…
2026-10-06 09:21:57,561 [INFO] [client-9] Round 20 — sending update…
2026-10-06 09:21:57,564 [INFO] recv 13933B via direct in 290ms
2026-10-06 09:21:57,567 [INFO] [client-5] Round 20 — training locally…
2026-10-06 09:21:57,733 [INFO] [client-5] Round 20 — sending update…
2026-10-06 09:21:57,737 [INFO] recv 13933B via direct in 265ms
2026-10-06 09:21:57,822 [INFO] [client-0] Round 20 — training locally…
2026-10-06 09:21:57,940 [INFO] [client-0] Round 20 — sending update…
2026-10-06 09:21:57,956 [INFO] send 13933B via direct in 1171ms (0.10 Mbit/s) to b4a8670b45d4be5f
2026-10-06 09:21:57,958 [INFO] send 13933B via direct in 1170ms (0.10 Mbit/s) to 33db2b8b29ca8366
2026-10-06 09:21:57,959 [INFO] send 13933B via direct in 1169ms (0.10 Mbit/s) to 62d8081c715ca75a
2026-10-06 09:21:57,960 [INFO] send 13933B via direct in 1163ms (0.10 Mbit/s) to 3a5e2809f14308c3
2026-10-06 09:21:57,961 [INFO] send 13933B via direct in 1162ms (0.10 Mbit/s) to 35059a0f20faa7b2
2026-10-06 09:21:57,962 [INFO] send 13933B via direct in 1168ms (0.10 Mbit/s) to 567b5c733d43ed48
2026-10-06 09:21:57,963 [INFO] send 13933B via direct in 1167ms (0.10 Mbit/s) to d152900159825a96
2026-10-06 09:21:57,964 [INFO] send 13933B via direct in 1166ms (0.10 Mbit/s) to 19fdb333580335ef
2026-10-06 09:21:57,964 [INFO] send 13933B via direct in 1165ms (0.10 Mbit/s) to da54f7b26411867a
2026-10-06 09:21:57,966 [INFO] recv 13933B via direct in 797ms
2026-10-06 09:21:57,969 [INFO] [client-6] Round 20 — training locally…
2026-10-06 09:21:58,094 [INFO] [client-6] Round 20 — sending update…
2026-10-06 09:21:58,098 [INFO] recv 13933B via direct in 788ms
2026-10-06 09:21:58,103 [INFO] [client-4] Round 20 — training locally…
2026-10-06 09:21:58,256 [INFO] [client-4] Round 20 — sending update…
2026-10-06 09:21:58,260 [INFO] recv 13933B via direct in 788ms
2026-10-06 09:21:58,262 [INFO] [client-2] Round 20 — training locally…
2026-10-06 09:21:58,447 [INFO] [client-2] Round 20 — sending update…
2026-10-06 09:21:58,451 [INFO] recv 13933B via direct in 789ms
2026-10-06 09:21:58,456 [INFO] [client-7] Round 20 — training locally…
2026-10-06 09:21:58,671 [INFO] [client-7] Round 20 — sending update…
2026-10-06 09:21:58,674 [INFO] recv 13933B via direct in 807ms
2026-10-06 09:21:58,679 [INFO] [client-8] Round 20 — training locally…
2026-10-06 09:21:58,871 [INFO] [client-8] Round 20 — sending update…
2026-10-06 09:21:58,874 [INFO] recv 13933B via direct in 808ms
2026-10-06 09:21:58,877 [INFO] [client-1] Round 20 — training locally…
2026-10-06 09:21:59,043 [INFO] [client-1] Round 20 — sending update…
2026-10-06 09:21:59,046 [INFO] recv 13933B via direct in 802ms
2026-10-06 09:21:59,048 [INFO] [client-3] Round 20 — training locally…
2026-10-06 09:21:59,240 [INFO] [client-3] Round 20 — sending update…
2026-10-06 09:21:59,243 [INFO] send 13933B via direct in 1169ms (0.10 Mbit/s) to e514d1ee87f63dcb
2026-10-06 09:21:59,246 [INFO] Round 20 — waiting for 10 updates…
2026-10-06 09:21:59,247 [INFO] recv 13933B via direct in 22ms
2026-10-06 09:21:59,249 [INFO] recv 13933B via direct in 313ms
2026-10-06 09:21:59,251 [INFO] recv 13933B via direct in 389ms
2026-10-06 09:21:59,252 [INFO] recv 13933B via direct in 398ms
2026-10-06 09:21:59,254 [INFO] recv 13933B via direct in 387ms
2026-10-06 09:21:59,255 [INFO] recv 13933B via direct in 276ms
2026-10-06 09:21:59,271 [INFO] send 13933B via direct in 1682ms (0.07 Mbit/s) to beebfef1ede5718b
2026-10-06 09:21:59,299 [INFO] [client-9] Round 20 done — loss=1.0115 acc=0.5204  2.4s
2026-10-06 09:21:59,307 [INFO] recv 13933B via direct in 1347ms
2026-10-06 09:21:59,310 [WARNING] Round 20 — discarding update from unselected/duplicate peer b4a8670b45d4be5f
2026-10-06 09:21:59,566 [INFO] recv 13933B via direct in 306ms
2026-10-06 09:21:59,571 [WARNING] Round 20 — discarding update from unselected/duplicate peer 33db2b8b29ca8366
2026-10-06 09:21:59,612 [INFO] recv 13933B via direct in 352ms
2026-10-06 09:21:59,615 [WARNING] Round 20 — discarding update from unselected/duplicate peer 62d8081c715ca75a
2026-10-06 09:21:59,617 [INFO] recv 13933B via direct in 353ms
2026-10-06 09:21:59,621 [INFO] recv 13933B via direct in 362ms
2026-10-06 09:21:59,628 [INFO] recv 13933B via direct in 368ms
2026-10-06 09:21:59,631 [WARNING] Round 20 — discarding update from unselected/duplicate peer da54f7b26411867a
2026-10-06 09:21:59,635 [INFO] recv 13933B via direct in 375ms
2026-10-06 09:21:59,650 [INFO] recv 13933B via direct in 375ms
2026-10-06 09:21:59,838 [INFO] Round 20/20  acc=0.4684  loss=1.0595  3.1s  clients=10
2026-10-06 09:21:59,846 [INFO] send 13933B via direct in 2105ms (0.05 Mbit/s) to beebfef1ede5718b
2026-10-06 09:21:59,873 [INFO] [client-5] Round 20 done — loss=0.9675 acc=0.5632  2.5s
2026-10-06 09:21:59,876 [INFO] send 13933B via direct in 1898ms (0.06 Mbit/s) to beebfef1ede5718b
2026-10-06 09:22:00,044 [INFO] [client-0] Round 20 done — loss=1.0534 acc=0.4549  2.7s
2026-10-06 09:22:00,046 [INFO] send 13933B via direct in 1744ms (0.06 Mbit/s) to beebfef1ede5718b
2026-10-06 09:22:00,079 [INFO] [client-6] Round 20 done — loss=1.0109 acc=0.5031  3.5s
2026-10-06 09:22:00,080 [INFO] send 13933B via direct in 1584ms (0.07 Mbit/s) to beebfef1ede5718b
2026-10-06 09:22:00,106 [INFO] [client-4] Round 20 done — loss=1.0135 acc=0.4935  3.5s
2026-10-06 09:22:00,108 [INFO] send 13933B via direct in 1392ms (0.08 Mbit/s) to beebfef1ede5718b
2026-10-06 09:22:00,129 [INFO] [client-2] Round 20 done — loss=0.9537 acc=0.5234  2.8s
2026-10-06 09:22:00,131 [INFO] send 13933B via direct in 1170ms (0.10 Mbit/s) to beebfef1ede5718b
2026-10-06 09:22:00,162 [INFO] [client-7] Round 20 done — loss=1.0313 acc=0.4516  3.4s
2026-10-06 09:22:00,361 [INFO] send 13933B via direct in 971ms (0.12 Mbit/s) to beebfef1ede5718b
2026-10-06 09:22:00,396 [INFO] [client-8] Round 20 done — loss=0.7644 acc=0.7102  6.9s
2026-10-06 09:22:00,398 [INFO] send 13933B via direct in 799ms (0.14 Mbit/s) to beebfef1ede5718b
2026-10-06 09:22:00,427 [INFO] [client-1] Round 20 done — loss=1.0547 acc=0.4245  3.1s
2026-10-06 09:22:00,430 [INFO] send 13933B via direct in 1187ms (0.09 Mbit/s) to beebfef1ede5718b
2026-10-06 09:22:00,477 [INFO] [client-3] Round 20 done — loss=1.0440 acc=0.4485  3.2s
2026-10-06 09:22:01,343 [INFO] CoAP server [client-0] stopped
2026-10-06 09:22:01,800 [INFO] CoAP server [client-1] stopped
2026-10-06 09:22:01,913 [INFO] CoAP server [client-2] stopped
2026-10-06 09:22:02,019 [INFO] CoAP server [client-3] stopped
2026-10-06 09:22:02,123 [INFO] CoAP server [client-4] stopped
2026-10-06 09:22:02,227 [INFO] CoAP server [client-5] stopped
2026-10-06 09:22:02,333 [INFO] CoAP server [client-6] stopped
2026-10-06 09:22:02,437 [INFO] CoAP server [client-7] stopped
2026-10-06 09:22:02,541 [INFO] CoAP server [client-8] stopped
2026-10-06 09:22:02,645 [INFO] CoAP server [client-9] stopped
2026-10-06 09:22:02,750 [INFO] CoAP server [server] stopped
2026-10-06 09:22:02,862 [INFO] Exported 20 rows → results/e11/jitter_100_30/e7_airmlp_geographic_round_events.csv
2026-10-06 09:23:05,611 [INFO] AirMLP airmlp_geographic done: {'node_id': 'server', 'architecture': 'B', 'scenario': 'e7_airmlp_geographic', 'rounds_total': 20, 'rounds_success': 20, 'test_acc_final': 0.468407750631845, 'test_acc_max': 0.472620050547599, 'duration_mean_sec': 7.864128620099836, 'pct_direct': 0.0, 'pct_relay': 0.0, 'bytes_to_aggregator': 2793800}  macro-F1=0.3806  bal-acc=0.4198
2026-10-06 09:23:05,626 [INFO] E11 jitter_100_30: {"condition": "jitter_100_30", "netem": "delay 100ms 30ms rate 1gbit", "fl_wall_s": 282.9, "rounds_ok": 20, "rounds": 20, "round_s_median": 2.719, "round_s_max": 57.14, "test_acc_final": 0.468407750631845, "macro_f1": 0.38060367044973265, "balanced_accuracy": 0.4198194478989277, "xfer_100kB_ok": "10/10", "xfer_100kB_ms_median": 1111.0, "xfer_1000kB_ok": "10/10", "xfer_1000kB_ms_median": 1999.8, "xfer_10000kB_ok": "10/10", "xfer_10000kB_ms_median": 6995.6}
