2026-09-29 01:04:26,868 [INFO] Iroh node started: 9c8d46dce68a713d  addrs=['10.77.0.1:60581']
2026-09-29 01:04:27,495 [INFO] Iroh node started: ea3c0352de664390  addrs=['10.77.0.1:40134']
2026-09-29 01:04:28,883 [INFO] send 100000B via direct in 1376ms (0.58 Mbit/s) to ea3c0352de664390
2026-09-29 01:04:28,887 [INFO] recv 100000B via direct in 251ms
2026-09-29 01:05:06,965 [INFO] send 100000B via direct in 81ms (9.83 Mbit/s) to ea3c0352de664390
2026-09-29 01:05:06,970 [INFO] recv 100000B via direct in 75ms
2026-09-29 01:05:14,349 [INFO] send 100000B via direct in 7375ms (0.11 Mbit/s) to ea3c0352de664390
2026-09-29 01:05:14,351 [INFO] recv 100000B via direct in 4369ms
2026-09-29 01:05:53,723 [INFO] send 100000B via direct in 37409ms (0.02 Mbit/s) to ea3c0352de664390
2026-09-29 01:05:53,725 [INFO] recv 100000B via direct in 30406ms
2026-09-29 01:05:57,068 [INFO] send 100000B via direct in 3340ms (0.24 Mbit/s) to ea3c0352de664390
2026-09-29 01:05:57,072 [INFO] recv 100000B via direct in 2328ms
2026-09-29 01:05:57,238 [INFO] send 100000B via direct in 157ms (5.09 Mbit/s) to ea3c0352de664390
2026-09-29 01:05:57,243 [INFO] recv 100000B via direct in 151ms
2026-09-29 01:05:57,315 [INFO] send 100000B via direct in 68ms (11.73 Mbit/s) to ea3c0352de664390
2026-09-29 01:05:57,317 [INFO] recv 100000B via direct in 29ms
2026-09-29 01:05:57,455 [INFO] send 100000B via direct in 132ms (6.08 Mbit/s) to ea3c0352de664390
2026-09-29 01:05:57,461 [INFO] recv 100000B via direct in 121ms
2026-09-29 01:06:06,527 [INFO] send 100000B via direct in 7099ms (0.11 Mbit/s) to ea3c0352de664390
2026-09-29 01:06:06,532 [INFO] recv 100000B via direct in 4089ms
2026-09-29 01:06:07,410 [INFO] send 1000000B via direct in 853ms (9.38 Mbit/s) to ea3c0352de664390
2026-09-29 01:06:07,417 [INFO] recv 1000000B via direct in 731ms
2026-09-29 01:06:08,455 [INFO] send 1000000B via direct in 1031ms (7.76 Mbit/s) to ea3c0352de664390
2026-09-29 01:06:08,457 [INFO] recv 1000000B via direct in 899ms
2026-09-29 01:06:10,026 [INFO] send 1000000B via direct in 1561ms (5.12 Mbit/s) to ea3c0352de664390
2026-09-29 01:06:10,033 [INFO] recv 1000000B via direct in 441ms
2026-09-29 01:06:11,473 [INFO] send 1000000B via direct in 1433ms (5.58 Mbit/s) to ea3c0352de664390
2026-09-29 01:06:11,476 [INFO] recv 1000000B via direct in 424ms
2026-09-29 01:06:15,030 [INFO] send 1000000B via direct in 3543ms (2.26 Mbit/s) to ea3c0352de664390
2026-09-29 01:06:15,037 [INFO] recv 1000000B via direct in 2412ms
2026-09-29 01:06:17,315 [INFO] send 1000000B via direct in 2269ms (3.53 Mbit/s) to ea3c0352de664390
2026-09-29 01:06:17,320 [INFO] recv 1000000B via direct in 1263ms
2026-09-29 01:06:17,867 [INFO] send 1000000B via direct in 544ms (14.71 Mbit/s) to ea3c0352de664390
2026-09-29 01:06:17,868 [INFO] recv 1000000B via direct in 537ms
2026-09-29 01:06:19,417 [INFO] send 1000000B via direct in 1539ms (5.20 Mbit/s) to ea3c0352de664390
2026-09-29 01:06:19,420 [INFO] recv 1000000B via direct in 396ms
2026-09-29 01:06:20,402 [INFO] send 1000000B via direct in 975ms (8.21 Mbit/s) to ea3c0352de664390
2026-09-29 01:06:20,408 [INFO] recv 1000000B via direct in 843ms
2026-09-29 01:06:22,611 [INFO] send 1000000B via direct in 2199ms (3.64 Mbit/s) to ea3c0352de664390
2026-09-29 01:06:22,615 [INFO] recv 1000000B via direct in 1050ms
2026-09-29 01:06:32,691 [INFO] send 10000000B via direct in 10039ms (7.97 Mbit/s) to ea3c0352de664390
2026-09-29 01:06:32,693 [INFO] recv 10000000B via direct in 8924ms
2026-09-29 01:06:44,189 [INFO] send 10000000B via direct in 9526ms (8.40 Mbit/s) to ea3c0352de664390
2026-09-29 01:06:44,191 [INFO] recv 10000000B via direct in 8406ms
2026-09-29 01:06:54,903 [INFO] send 10000000B via direct in 10703ms (7.47 Mbit/s) to ea3c0352de664390
2026-09-29 01:06:54,906 [INFO] recv 10000000B via direct in 9598ms
2026-09-29 01:07:04,347 [INFO] send 10000000B via direct in 9434ms (8.48 Mbit/s) to ea3c0352de664390
2026-09-29 01:07:04,349 [INFO] recv 10000000B via direct in 7308ms
2026-09-29 01:07:23,184 [INFO] send 10000000B via direct in 16851ms (4.75 Mbit/s) to ea3c0352de664390
2026-09-29 01:07:23,186 [INFO] recv 10000000B via direct in 14733ms
2026-09-29 01:07:37,796 [INFO] send 10000000B via direct in 14592ms (5.48 Mbit/s) to ea3c0352de664390
2026-09-29 01:07:37,798 [INFO] recv 10000000B via direct in 11444ms
2026-09-29 01:07:48,174 [INFO] send 10000000B via direct in 7304ms (10.95 Mbit/s) to ea3c0352de664390
2026-09-29 01:07:48,176 [INFO] recv 10000000B via direct in 7291ms
2026-09-29 01:08:01,323 [INFO] send 10000000B via direct in 13140ms (6.09 Mbit/s) to ea3c0352de664390
2026-09-29 01:08:01,326 [INFO] recv 10000000B via direct in 13135ms
2026-09-29 01:08:13,508 [INFO] send 10000000B via direct in 12173ms (6.57 Mbit/s) to ea3c0352de664390
2026-09-29 01:08:13,509 [INFO] recv 10000000B via direct in 11110ms
2026-09-29 01:08:27,983 [INFO] send 10000000B via direct in 11615ms (6.89 Mbit/s) to ea3c0352de664390
2026-09-29 01:08:27,989 [INFO] recv 10000000B via direct in 9529ms
2026-09-29 03:09:38,749 [INFO] === E7 AirMLP + FedAvg — geographic ===
2026-09-29 03:09:44,417 [INFO] Air quality dataset loaded: 28514 train / 3561 test | 6 features | 3 classes
2026-09-29 03:09:44,444 [INFO] Geographic partition: 10 provinces  min=2305  max=2922  mean=2851
2026-09-29 03:09:45,596 [INFO] AirMLP class weights: [1.026976466178894, 1.0868686437606812, 0.904000997543335]
2026-09-29 03:09:46,380 [INFO] Iroh node started: a743958a535e1182  addrs=['10.77.0.1:34314']
2026-09-29 03:09:47,695 [INFO] CoAP server [server] listening on 0.0.0.0:5783
2026-09-29 03:09:47,696 [INFO] FLServer server started (mock=False)
2026-09-29 03:09:48,355 [INFO] Iroh node started: 893a63936ac6578e  addrs=['10.77.0.1:52882']
2026-09-29 03:09:48,427 [INFO] CoAP server [client-0] listening on 0.0.0.0:5784
2026-09-29 03:09:48,433 [INFO] FLClient client-0 started (mock=False)
2026-09-29 03:09:48,440 [INFO] Registered client client-0  iroh=893a63936ac6578e
2026-09-29 03:09:49,193 [INFO] Iroh node started: ae668fc39a5878dc  addrs=['10.77.0.1:52202']
2026-09-29 03:09:49,292 [INFO] CoAP server [client-1] listening on 0.0.0.0:5785
2026-09-29 03:09:49,293 [INFO] FLClient client-1 started (mock=False)
2026-09-29 03:09:49,294 [INFO] Registered client client-1  iroh=ae668fc39a5878dc
2026-09-29 03:09:50,036 [INFO] Iroh node started: ff2e43362e43021e  addrs=['10.77.0.1:58410']
2026-09-29 03:09:50,063 [INFO] CoAP server [client-2] listening on 0.0.0.0:5786
2026-09-29 03:09:50,068 [INFO] FLClient client-2 started (mock=False)
2026-09-29 03:09:50,073 [INFO] Registered client client-2  iroh=ff2e43362e43021e
2026-09-29 03:09:50,824 [INFO] Iroh node started: 651191476bb7806e  addrs=['10.77.0.1:52707']
2026-09-29 03:09:50,862 [INFO] CoAP server [client-3] listening on 0.0.0.0:5787
2026-09-29 03:09:50,865 [INFO] FLClient client-3 started (mock=False)
2026-09-29 03:09:50,869 [INFO] Registered client client-3  iroh=651191476bb7806e
2026-09-29 03:09:51,651 [INFO] Iroh node started: 8dc56e4e8363c23a  addrs=['10.77.0.1:36360']
2026-09-29 03:09:51,688 [INFO] CoAP server [client-4] listening on 0.0.0.0:5788
2026-09-29 03:09:51,690 [INFO] FLClient client-4 started (mock=False)
2026-09-29 03:09:51,691 [INFO] Registered client client-4  iroh=8dc56e4e8363c23a
2026-09-29 03:09:52,944 [INFO] Iroh node started: ac91872160a1271b  addrs=['10.77.0.1:45954']
2026-09-29 03:09:52,985 [INFO] CoAP server [client-5] listening on 0.0.0.0:5789
2026-09-29 03:09:52,987 [INFO] FLClient client-5 started (mock=False)
2026-09-29 03:09:52,990 [INFO] Registered client client-5  iroh=ac91872160a1271b
2026-09-29 03:09:53,775 [INFO] Iroh node started: 1745e2eb52fe97e1  addrs=['10.77.0.1:42483']
2026-09-29 03:09:53,788 [INFO] CoAP server [client-6] listening on 0.0.0.0:5790
2026-09-29 03:09:53,791 [INFO] FLClient client-6 started (mock=False)
2026-09-29 03:09:53,793 [INFO] Registered client client-6  iroh=1745e2eb52fe97e1
2026-09-29 03:09:54,561 [INFO] Iroh node started: 913917140bfae6d0  addrs=['10.77.0.1:56319']
2026-09-29 03:09:54,602 [INFO] CoAP server [client-7] listening on 0.0.0.0:5791
2026-09-29 03:09:54,826 [INFO] FLClient client-7 started (mock=False)
2026-09-29 03:09:54,842 [INFO] Registered client client-7  iroh=913917140bfae6d0
2026-09-29 03:09:56,917 [INFO] Iroh node started: b1c19feb43e9a176  addrs=['10.77.0.1:48099']
2026-09-29 03:09:56,929 [INFO] CoAP server [client-8] listening on 0.0.0.0:5792
2026-09-29 03:09:56,930 [INFO] FLClient client-8 started (mock=False)
2026-09-29 03:09:56,931 [INFO] Registered client client-8  iroh=b1c19feb43e9a176
2026-09-29 03:09:57,873 [INFO] Iroh node started: 9db0bd07d2645f13  addrs=['10.77.0.1:56960']
2026-09-29 03:09:57,913 [INFO] CoAP server [client-9] listening on 0.0.0.0:5793
2026-09-29 03:09:57,916 [INFO] FLClient client-9 started (mock=False)
2026-09-29 03:09:57,919 [INFO] Registered client client-9  iroh=9db0bd07d2645f13
2026-09-29 03:09:57,989 [INFO] Round 1 — sending model to 10 clients…
2026-09-29 03:09:57,993 [INFO] [client-0] Round 1 — receiving model…
2026-09-29 03:09:57,998 [INFO] [client-1] Round 1 — receiving model…
2026-09-29 03:09:58,002 [INFO] [client-2] Round 1 — receiving model…
2026-09-29 03:09:58,005 [INFO] [client-3] Round 1 — receiving model…
2026-09-29 03:09:58,010 [INFO] [client-4] Round 1 — receiving model…
2026-09-29 03:09:58,013 [INFO] [client-5] Round 1 — receiving model…
2026-09-29 03:09:58,017 [INFO] [client-6] Round 1 — receiving model…
2026-09-29 03:09:58,021 [INFO] [client-7] Round 1 — receiving model…
2026-09-29 03:09:58,024 [INFO] [client-8] Round 1 — receiving model…
2026-09-29 03:09:58,027 [INFO] [client-9] Round 1 — receiving model…
2026-09-29 03:09:58,408 [INFO] recv 13933B via direct in 1ms
2026-09-29 03:09:58,428 [INFO] [client-0] Round 1 — training locally…
2026-09-29 07:38:28,161 [INFO] [client-0] Round 1 — sending update…
2026-09-29 07:38:28,172 [WARNING] _send_bytes connect attempt 1/3 failed (TimeoutError: ) — retrying in 5s
2026-09-29 07:38:28,174 [WARNING] _send_bytes connect attempt 1/3 failed (TimeoutError: ) — retrying in 5s
2026-09-29 07:38:28,176 [WARNING] _send_bytes connect attempt 1/3 failed (TimeoutError: ) — retrying in 5s
2026-09-29 07:38:28,177 [WARNING] _send_bytes connect attempt 1/3 failed (TimeoutError: ) — retrying in 5s
2026-09-29 07:38:28,179 [WARNING] _send_bytes connect attempt 1/3 failed (TimeoutError: ) — retrying in 5s
2026-09-29 07:38:28,180 [WARNING] _send_bytes connect attempt 1/3 failed (TimeoutError: ) — retrying in 5s
2026-09-29 07:38:28,184 [WARNING] iroh accept/read error [b'fl-model/1']: IrohError: 
2026-09-29 07:38:28,187 [WARNING] iroh accept/read error [b'fl-model/1']: IrohError: 
2026-09-29 07:38:28,188 [WARNING] iroh accept/read error [b'fl-model/1']: IrohError: 
2026-09-29 07:38:28,189 [WARNING] iroh accept/read error [b'fl-model/1']: IrohError: 
2026-09-29 07:38:28,190 [WARNING] iroh accept/read error [b'fl-model/1']: IrohError: 
2026-09-29 07:38:28,192 [INFO] send 13933B via direct in 94535ms (0.00 Mbit/s) to 893a63936ac6578e
2026-09-29 07:38:28,193 [INFO] send 13933B via direct in 94532ms (0.00 Mbit/s) to 1745e2eb52fe97e1
2026-09-29 07:38:28,197 [INFO] send 13933B via direct in 94537ms (0.00 Mbit/s) to ae668fc39a5878dc
2026-09-29 07:38:28,198 [INFO] send 13933B via direct in 94538ms (0.00 Mbit/s) to ff2e43362e43021e
2026-09-29 07:38:28,200 [INFO] recv 13933B via direct in 94519ms
2026-09-29 07:38:28,204 [INFO] [client-6] Round 1 — training locally…
2026-09-29 07:38:28,433 [INFO] [client-6] Round 1 — sending update…
2026-09-29 07:38:28,436 [INFO] recv 13933B via direct in 94523ms
2026-09-29 07:38:28,439 [INFO] [client-1] Round 1 — training locally…
2026-09-29 07:38:28,578 [INFO] [client-1] Round 1 — sending update…
2026-09-29 07:38:28,583 [WARNING] iroh accept/read error [b'fl-model/1']: IrohError: 
2026-09-29 07:38:28,589 [INFO] send 13933B via direct in 415ms (0.27 Mbit/s) to a743958a535e1182
2026-09-29 07:38:28,626 [INFO] [client-0] Round 1 done — loss=1.0589 acc=0.4583  95.4s
2026-09-29 07:38:28,627 [INFO] [client-0] Round 2 — receiving model…
2026-09-29 07:38:28,628 [INFO] recv 13933B via direct in 398ms
2026-09-29 07:38:28,631 [INFO] [client-2] Round 1 — training locally…
2026-09-29 07:38:28,773 [INFO] [client-2] Round 1 — sending update…
2026-09-29 07:38:28,786 [INFO] send 13933B via direct in 8ms (13.89 Mbit/s) to a743958a535e1182
2026-09-29 07:38:28,811 [INFO] [client-2] Round 1 done — loss=1.0400 acc=0.4523  95.6s
2026-09-29 07:38:28,811 [INFO] [client-2] Round 2 — receiving model…
2026-09-29 07:38:29,444 [INFO] send 13933B via direct in 863ms (0.13 Mbit/s) to a743958a535e1182
2026-09-29 07:38:29,636 [INFO] [client-1] Round 1 done — loss=1.0825 acc=0.3795  96.4s
2026-09-29 07:38:29,662 [INFO] [client-1] Round 2 — receiving model…
2026-09-29 07:38:29,667 [INFO] send 13933B via direct in 1229ms (0.09 Mbit/s) to a743958a535e1182
2026-09-29 07:38:30,321 [INFO] [client-6] Round 1 done — loss=1.0517 acc=0.4458  97.0s
2026-09-29 07:38:30,336 [INFO] [client-6] Round 2 — receiving model…
2026-09-29 07:38:33,207 [INFO] recv 13933B via direct in 16ms
2026-09-29 07:38:33,236 [INFO] [client-9] Round 1 — training locally…
2026-09-29 07:38:35,073 [INFO] [client-9] Round 1 — sending update…
2026-09-29 07:38:35,077 [INFO] send 13933B via direct in 99558ms (0.00 Mbit/s) to 9db0bd07d2645f13
2026-09-29 07:38:35,080 [INFO] send 13933B via direct in 99570ms (0.00 Mbit/s) to 913917140bfae6d0
2026-09-29 07:38:35,098 [INFO] recv 13933B via direct in 1879ms
2026-09-29 07:38:35,101 [INFO] [client-7] Round 1 — training locally…
2026-09-29 07:38:35,868 [INFO] [client-7] Round 1 — sending update…
2026-09-29 07:38:35,873 [INFO] send 13933B via direct in 101447ms (0.00 Mbit/s) to ac91872160a1271b
2026-09-29 07:38:35,878 [INFO] send 13933B via direct in 102235ms (0.00 Mbit/s) to 651191476bb7806e
2026-09-29 07:38:35,880 [INFO] send 13933B via direct in 102233ms (0.00 Mbit/s) to 8dc56e4e8363c23a
2026-09-29 07:38:35,883 [INFO] recv 13933B via direct in 792ms
2026-09-29 07:38:35,887 [INFO] [client-5] Round 1 — training locally…
2026-09-29 07:38:36,572 [INFO] [client-5] Round 1 — sending update…
2026-09-29 07:38:36,580 [INFO] recv 13933B via direct in 796ms
2026-09-29 07:38:36,586 [INFO] [client-3] Round 1 — training locally…
2026-09-29 07:38:37,166 [INFO] [client-3] Round 1 — sending update…
2026-09-29 07:38:37,175 [INFO] recv 13933B via direct in 798ms
2026-09-29 07:38:37,183 [INFO] [client-4] Round 1 — training locally…
2026-09-29 07:38:37,669 [INFO] [client-4] Round 1 — sending update…
2026-09-29 07:38:37,678 [INFO] send 13933B via direct in 103531ms (0.00 Mbit/s) to b1c19feb43e9a176
2026-09-29 07:38:37,683 [INFO] Round 1 — waiting for 10 updates…
2026-09-29 07:38:37,684 [INFO] recv 13933B via direct in 442ms
2026-09-29 07:38:37,686 [INFO] recv 13933B via direct in 3ms
2026-09-29 07:38:37,689 [INFO] recv 13933B via direct in 664ms
2026-09-29 07:38:37,692 [INFO] recv 13933B via direct in 1083ms
2026-09-29 07:38:37,698 [INFO] send 13933B via direct in 2620ms (0.04 Mbit/s) to a743958a535e1182
2026-09-29 07:38:37,740 [INFO] [client-9] Round 1 done — loss=1.0556 acc=0.4680  104.5s
2026-09-29 07:38:37,741 [INFO] [client-9] Round 2 — receiving model…
2026-09-29 07:38:37,743 [INFO] recv 13933B via direct in 522ms
2026-09-29 07:38:37,747 [INFO] [client-8] Round 1 — training locally…
2026-09-29 07:38:38,189 [INFO] [client-8] Round 1 — sending update…
2026-09-29 07:38:38,197 [INFO] send 13933B via direct in 1021ms (0.11 Mbit/s) to a743958a535e1182
2026-09-29 07:38:38,261 [INFO] [client-3] Round 1 done — loss=1.0638 acc=0.4437  105.0s
2026-09-29 07:38:38,265 [INFO] [client-3] Round 2 — receiving model…
2026-09-29 07:38:38,269 [INFO] recv 13933B via direct in 1018ms
2026-09-29 07:38:38,274 [INFO] send 13933B via direct in 523ms (0.21 Mbit/s) to a743958a535e1182
2026-09-29 07:38:38,362 [INFO] [client-4] Round 1 done — loss=1.0304 acc=0.4852  105.1s
2026-09-29 07:38:38,363 [INFO] [client-4] Round 2 — receiving model…
2026-09-29 07:38:38,365 [INFO] recv 13933B via direct in 513ms
2026-09-29 07:38:38,369 [INFO] recv 13933B via direct in 496ms
2026-09-29 07:38:38,383 [INFO] send 13933B via direct in 191ms (0.59 Mbit/s) to a743958a535e1182
2026-09-29 07:38:38,411 [INFO] [client-8] Round 1 done — loss=0.8128 acc=0.6806  105.1s
2026-09-29 07:38:38,416 [INFO] [client-8] Round 2 — receiving model…
2026-09-29 07:38:38,418 [INFO] recv 13933B via direct in 8ms
2026-09-29 07:38:39,635 [INFO] send 13933B via direct in 3054ms (0.04 Mbit/s) to a743958a535e1182
2026-09-29 07:38:39,679 [INFO] [client-5] Round 1 done — loss=1.0555 acc=0.4574  106.4s
2026-09-29 07:38:39,682 [INFO] [client-5] Round 2 — receiving model…
2026-09-29 07:38:39,683 [INFO] recv 13933B via direct in 32ms
2026-09-29 07:38:39,878 [INFO] recv 13933B via direct in 0ms
2026-09-29 07:38:39,926 [INFO] Round 1/20  acc=0.3196  loss=1.1071  106.7s  clients=10
2026-09-29 07:38:39,928 [INFO] Round 2 — sending model to 10 clients…
2026-09-29 07:38:39,966 [ERROR] [client-7] round 1 error: stream not acknowledged: IrohError: 
2026-09-29 07:38:39,968 [INFO] [client-7] Round 2 — receiving model…
2026-09-29 07:38:39,970 [INFO] send 13933B via direct in 17ms (6.54 Mbit/s) to 651191476bb7806e
2026-09-29 07:38:39,972 [INFO] send 13933B via direct in 33ms (3.40 Mbit/s) to 9db0bd07d2645f13
2026-09-29 07:38:39,974 [INFO] recv 13933B via direct in 18ms
2026-09-29 07:38:39,977 [INFO] [client-9] Round 2 — training locally…
2026-09-29 07:38:40,434 [INFO] [client-9] Round 2 — sending update…
2026-09-29 07:38:40,438 [INFO] recv 13933B via direct in 19ms
2026-09-29 07:38:40,441 [INFO] [client-0] Round 2 — training locally…
2026-09-29 07:38:40,672 [INFO] [client-0] Round 2 — sending update…
2026-09-29 07:38:40,676 [INFO] recv 13933B via direct in 20ms
2026-09-29 07:38:40,681 [INFO] [client-3] Round 2 — training locally…
2026-09-29 07:38:40,804 [INFO] [client-3] Round 2 — sending update…
2026-09-29 07:38:40,811 [INFO] send 13933B via direct in 871ms (0.13 Mbit/s) to 893a63936ac6578e
2026-09-29 07:38:40,817 [INFO] send 13933B via direct in 142ms (0.79 Mbit/s) to a743958a535e1182
2026-09-29 07:38:40,840 [INFO] [client-0] Round 2 done — loss=1.0600 acc=0.4575  12.2s
2026-09-29 07:38:40,841 [INFO] [client-0] Round 3 — receiving model…
2026-09-29 07:38:40,853 [INFO] send 13933B via direct in 47ms (2.38 Mbit/s) to a743958a535e1182
2026-09-29 07:38:40,870 [INFO] [client-3] Round 2 done — loss=1.0618 acc=0.4351  2.6s
2026-09-29 07:38:40,871 [INFO] [client-3] Round 3 — receiving model…
2026-09-29 07:38:40,977 [INFO] send 13933B via direct in 1032ms (0.11 Mbit/s) to b1c19feb43e9a176
2026-09-29 07:38:40,980 [INFO] send 13933B via direct in 1025ms (0.11 Mbit/s) to ac91872160a1271b
2026-09-29 07:38:40,983 [INFO] recv 13933B via direct in 8ms
2026-09-29 07:38:40,991 [INFO] [client-8] Round 2 — training locally…
2026-09-29 07:38:41,249 [INFO] [client-8] Round 2 — sending update…
2026-09-29 07:38:41,258 [INFO] recv 13933B via direct in 8ms
2026-09-29 07:38:41,261 [INFO] [client-5] Round 2 — training locally…
2026-09-29 07:38:41,427 [INFO] [client-5] Round 2 — sending update…
2026-09-29 07:38:41,440 [INFO] send 13933B via direct in 1499ms (0.07 Mbit/s) to 913917140bfae6d0
2026-09-29 07:38:41,442 [INFO] send 13933B via direct in 1494ms (0.07 Mbit/s) to ff2e43362e43021e
2026-09-29 07:38:41,444 [INFO] recv 13933B via direct in 1482ms
2026-09-29 07:38:41,448 [INFO] [client-7] Round 2 — training locally…
2026-09-29 07:38:41,599 [INFO] [client-7] Round 2 — sending update…
2026-09-29 07:38:41,604 [INFO] recv 13933B via direct in 484ms
2026-09-29 07:38:41,609 [INFO] [client-2] Round 2 — training locally…
2026-09-29 07:38:41,850 [INFO] [client-2] Round 2 — sending update…
2026-09-29 07:38:41,864 [INFO] send 13933B via direct in 602ms (0.19 Mbit/s) to a743958a535e1182
2026-09-29 07:38:41,912 [INFO] [client-8] Round 2 done — loss=0.7785 acc=0.7239  3.5s
2026-09-29 07:38:41,913 [INFO] [client-8] Round 3 — receiving model…
2026-09-29 07:38:41,917 [INFO] send 13933B via direct in 1916ms (0.06 Mbit/s) to 1745e2eb52fe97e1
2026-09-29 07:38:41,919 [INFO] recv 13933B via direct in 894ms
2026-09-29 07:38:41,923 [INFO] [client-6] Round 2 — training locally…
2026-09-29 07:38:42,131 [INFO] [client-6] Round 2 — sending update…
2026-09-29 07:38:42,145 [INFO] send 13933B via direct in 536ms (0.21 Mbit/s) to a743958a535e1182
2026-09-29 07:38:42,178 [INFO] [client-7] Round 2 done — loss=1.0375 acc=0.4512  2.2s
2026-09-29 07:38:42,179 [INFO] [client-7] Round 3 — receiving model…
2026-09-29 07:38:42,181 [INFO] send 13933B via direct in 1703ms (0.07 Mbit/s) to a743958a535e1182
2026-09-29 07:38:42,207 [INFO] [client-9] Round 2 done — loss=1.0311 acc=0.5039  4.5s
2026-09-29 07:38:42,208 [INFO] [client-9] Round 3 — receiving model…
2026-09-29 07:38:42,213 [INFO] send 13933B via direct in 356ms (0.31 Mbit/s) to a743958a535e1182
2026-09-29 07:38:42,255 [INFO] [client-2] Round 2 done — loss=1.0196 acc=0.4722  13.4s
2026-09-29 07:38:42,256 [INFO] [client-2] Round 3 — receiving model…
2026-09-29 07:38:42,440 [ERROR] [client-5] round 2 error: stream not acknowledged: IrohError: 
2026-09-29 07:38:42,441 [INFO] [client-5] Round 3 — receiving model…
2026-09-29 07:38:42,950 [INFO] send 13933B via direct in 3015ms (0.04 Mbit/s) to 8dc56e4e8363c23a
2026-09-29 07:38:42,960 [INFO] recv 13933B via direct in 16ms
2026-09-29 07:38:42,973 [INFO] [client-4] Round 2 — training locally…
2026-09-29 07:38:43,168 [INFO] [client-4] Round 2 — sending update…
2026-09-29 07:38:43,173 [INFO] send 13933B via direct in 3234ms (0.03 Mbit/s) to ae668fc39a5878dc
2026-09-29 07:38:43,174 [INFO] recv 13933B via direct in 223ms
2026-09-29 07:38:43,177 [INFO] [client-1] Round 2 — training locally…
2026-09-29 07:38:43,447 [INFO] [client-1] Round 2 — sending update…
2026-09-29 07:38:43,450 [INFO] Round 2 — waiting for 10 updates…
2026-09-29 07:38:43,451 [INFO] recv 13933B via direct in 9ms
2026-09-29 07:38:43,456 [INFO] recv 13933B via direct in 40ms
2026-09-29 07:38:43,460 [INFO] recv 13933B via direct in 481ms
2026-09-29 07:38:43,463 [INFO] recv 13933B via direct in 280ms
2026-09-29 07:38:43,466 [INFO] recv 13933B via direct in 288ms
2026-09-29 07:38:43,470 [INFO] recv 13933B via direct in 292ms
2026-09-29 07:38:43,472 [INFO] recv 13933B via direct in 1ms
2026-09-29 07:38:43,484 [INFO] send 13933B via direct in 34ms (3.26 Mbit/s) to a743958a535e1182
2026-09-29 07:38:43,534 [INFO] [client-1] Round 2 done — loss=1.0668 acc=0.4152  13.9s
2026-09-29 07:38:43,536 [INFO] [client-1] Round 3 — receiving model…
2026-09-29 07:38:43,539 [INFO] recv 13933B via direct in 7ms
2026-09-29 07:38:44,142 [INFO] recv 13933B via direct in 967ms
2026-09-29 07:38:44,155 [INFO] send 13933B via direct in 2007ms (0.06 Mbit/s) to a743958a535e1182
2026-09-29 07:38:44,206 [INFO] [client-6] Round 2 done — loss=1.0321 acc=0.4733  13.9s
2026-09-29 07:38:44,207 [INFO] [client-6] Round 3 — receiving model…
2026-09-29 07:38:44,216 [INFO] send 13933B via direct in 1044ms (0.11 Mbit/s) to a743958a535e1182
2026-09-29 07:38:44,245 [INFO] [client-4] Round 2 done — loss=1.0245 acc=0.4832  5.9s
2026-09-29 07:38:44,247 [INFO] [client-4] Round 3 — receiving model…
2026-09-29 07:38:44,249 [INFO] recv 13933B via direct in 6ms
2026-09-29 07:38:44,291 [INFO] Round 2/20  acc=0.3929  loss=1.0864  4.4s  clients=10
2026-09-29 07:38:44,292 [INFO] Round 3 — sending model to 10 clients…
2026-09-29 07:38:44,323 [INFO] send 13933B via direct in 18ms (6.09 Mbit/s) to 913917140bfae6d0
2026-09-29 07:38:44,325 [INFO] recv 13933B via direct in 10ms
2026-09-29 07:38:44,328 [INFO] [client-2] Round 3 — training locally…
2026-09-29 07:38:44,512 [INFO] [client-2] Round 3 — sending update…
2026-09-29 07:38:44,515 [INFO] recv 13933B via direct in 10ms
2026-09-29 07:38:44,519 [INFO] [client-7] Round 3 — training locally…
2026-09-29 07:38:44,730 [INFO] [client-7] Round 3 — sending update…
2026-09-29 07:38:44,734 [INFO] recv 13933B via direct in 12ms
2026-09-29 07:38:44,737 [INFO] [client-9] Round 3 — training locally…
2026-09-29 07:38:44,992 [INFO] [client-9] Round 3 — sending update…
2026-09-29 07:38:44,996 [INFO] send 13933B via direct in 16ms (7.08 Mbit/s) to 9db0bd07d2645f13
2026-09-29 07:38:44,999 [INFO] send 13933B via direct in 15ms (7.44 Mbit/s) to 1745e2eb52fe97e1
2026-09-29 07:38:45,000 [INFO] recv 13933B via direct in 414ms
2026-09-29 07:38:45,004 [INFO] [client-6] Round 3 — training locally…
2026-09-29 07:38:45,198 [INFO] [client-6] Round 3 — sending update…
2026-09-29 07:38:45,210 [INFO] send 13933B via direct in 214ms (0.52 Mbit/s) to a743958a535e1182
2026-09-29 07:38:45,251 [INFO] [client-9] Round 3 done — loss=1.0212 acc=0.5232  3.0s
2026-09-29 07:38:45,252 [INFO] [client-9] Round 4 — receiving model…
2026-09-29 07:38:45,315 [INFO] recv 13933B via direct in 12ms
2026-09-29 07:38:45,318 [INFO] [client-8] Round 3 — training locally…
2026-09-29 07:38:45,618 [INFO] [client-8] Round 3 — sending update…
2026-09-29 07:38:45,627 [INFO] recv 13933B via direct in 2ms
2026-09-29 07:38:45,630 [INFO] [client-3] Round 3 — training locally…
2026-09-29 07:38:45,818 [INFO] [client-3] Round 3 — sending update…
2026-09-29 07:38:45,826 [INFO] send 13933B via direct in 1324ms (0.08 Mbit/s) to 651191476bb7806e
2026-09-29 07:38:45,837 [INFO] send 13933B via direct in 1527ms (0.07 Mbit/s) to b1c19feb43e9a176
2026-09-29 07:38:45,843 [INFO] recv 13933B via direct in 19ms
2026-09-29 07:38:45,846 [INFO] [client-4] Round 3 — training locally…
2026-09-29 07:38:46,022 [INFO] [client-4] Round 3 — sending update…
2026-09-29 07:38:46,027 [INFO] send 13933B via direct in 1719ms (0.07 Mbit/s) to 8dc56e4e8363c23a
2026-09-29 07:38:46,028 [INFO] send 13933B via direct in 404ms (0.28 Mbit/s) to a743958a535e1182
2026-09-29 07:38:46,051 [INFO] [client-8] Round 3 done — loss=0.7760 acc=0.7153  4.1s
2026-09-29 07:38:46,052 [INFO] [client-8] Round 4 — receiving model…
2026-09-29 07:38:46,058 [INFO] send 13933B via direct in 33ms (3.40 Mbit/s) to a743958a535e1182
2026-09-29 07:38:46,084 [INFO] [client-4] Round 3 done — loss=1.0245 acc=0.4897  1.8s
2026-09-29 07:38:46,085 [INFO] [client-4] Round 4 — receiving model…
2026-09-29 07:38:46,321 [INFO] recv 13933B via direct in 3ms
2026-09-29 07:38:46,327 [INFO] [client-5] Round 3 — training locally…
2026-09-29 07:38:46,489 [INFO] [client-5] Round 3 — sending update…
2026-09-29 07:38:46,493 [INFO] send 13933B via direct in 2015ms (0.06 Mbit/s) to ac91872160a1271b
2026-09-29 07:38:46,528 [INFO] send 13933B via direct in 707ms (0.16 Mbit/s) to a743958a535e1182
2026-09-29 07:38:46,562 [INFO] [client-3] Round 3 done — loss=1.0495 acc=0.4533  5.7s
2026-09-29 07:38:46,564 [INFO] [client-3] Round 4 — receiving model…
2026-09-29 07:38:46,853 [INFO] send 13933B via direct in 2548ms (0.04 Mbit/s) to ae668fc39a5878dc
2026-09-29 07:38:46,854 [INFO] recv 13933B via direct in 1030ms
2026-09-29 07:38:46,857 [INFO] [client-1] Round 3 — training locally…
2026-09-29 07:38:47,097 [INFO] [client-1] Round 3 — sending update…
2026-09-29 07:38:47,101 [INFO] send 13933B via direct in 2586ms (0.04 Mbit/s) to a743958a535e1182
2026-09-29 07:38:47,122 [INFO] [client-2] Round 3 done — loss=0.9915 acc=0.4986  4.9s
2026-09-29 07:38:47,123 [INFO] [client-2] Round 4 — receiving model…
2026-09-29 07:38:47,133 [INFO] send 13933B via direct in 33ms (3.39 Mbit/s) to a743958a535e1182
2026-09-29 07:38:47,169 [INFO] [client-1] Round 3 done — loss=1.0646 acc=0.4018  3.6s
2026-09-29 07:38:47,171 [INFO] [client-1] Round 4 — receiving model…
2026-09-29 07:38:47,240 [INFO] send 13933B via direct in 2037ms (0.05 Mbit/s) to a743958a535e1182
2026-09-29 07:38:47,296 [INFO] [client-6] Round 3 done — loss=1.0245 acc=0.4851  3.1s
2026-09-29 07:38:47,297 [INFO] [client-6] Round 4 — receiving model…
2026-09-29 07:38:47,311 [INFO] send 13933B via direct in 3013ms (0.04 Mbit/s) to 893a63936ac6578e
2026-09-29 07:38:47,313 [ERROR] send_tensors → client-2 FAILED: ConnectionError: stream not acknowledged: IrohError: 
2026-09-29 07:38:47,314 [INFO] Round 3 — waiting for 9 updates…
2026-09-29 07:38:47,315 [INFO] recv 13933B via direct in 7ms
2026-09-29 07:38:47,319 [INFO] recv 13933B via direct in 8ms
2026-09-29 07:38:47,322 [INFO] recv 13933B via direct in 3ms
2026-09-29 07:38:47,324 [INFO] recv 13933B via direct in 688ms
2026-09-29 07:38:47,327 [INFO] recv 13933B via direct in 1278ms
2026-09-29 07:38:47,329 [WARNING] Round 3 — discarding update from unselected/duplicate peer ff2e43362e43021e
2026-09-29 07:38:47,330 [INFO] recv 13933B via direct in 5ms
2026-09-29 07:38:47,332 [INFO] recv 13933B via direct in 31ms
2026-09-29 07:38:47,334 [INFO] recv 13933B via direct in 2ms
2026-09-29 07:38:47,337 [INFO] [client-0] Round 3 — training locally…
2026-09-29 07:38:47,520 [INFO] [client-0] Round 3 — sending update…
2026-09-29 07:38:47,526 [INFO] send 13933B via direct in 1032ms (0.11 Mbit/s) to a743958a535e1182
2026-09-29 07:38:47,550 [INFO] [client-5] Round 3 done — loss=0.9970 acc=0.5436  5.1s
2026-09-29 07:38:47,551 [INFO] [client-5] Round 4 — receiving model…
2026-09-29 07:38:47,553 [INFO] recv 13933B via direct in 0ms
2026-09-29 07:38:50,624 [INFO] send 13933B via direct in 3095ms (0.04 Mbit/s) to a743958a535e1182
2026-09-29 07:38:50,687 [INFO] [client-0] Round 3 done — loss=1.0583 acc=0.4479  9.8s
2026-09-29 07:38:50,688 [INFO] [client-0] Round 4 — receiving model…
2026-09-29 07:38:50,689 [INFO] recv 13933B via direct in 94ms
2026-09-29 07:38:52,796 [INFO] send 13933B via direct in 7061ms (0.02 Mbit/s) to a743958a535e1182
2026-09-29 07:38:52,869 [INFO] [client-7] Round 3 done — loss=1.0323 acc=0.4430  9.7s
2026-09-29 07:38:52,870 [INFO] [client-7] Round 4 — receiving model…
2026-09-29 07:38:52,872 [INFO] recv 13933B via direct in 59ms
2026-09-29 07:38:52,942 [INFO] Round 3/20  acc=0.4114  loss=1.0851  7.6s  clients=9
2026-09-29 07:38:52,945 [INFO] Round 4 — sending model to 10 clients…
2026-09-29 07:38:52,994 [INFO] send 13933B via direct in 37ms (2.98 Mbit/s) to 9db0bd07d2645f13
2026-09-29 07:38:52,998 [INFO] recv 13933B via direct in 26ms
2026-09-29 07:38:53,000 [INFO] [client-4] Round 4 — training locally…
2026-09-29 07:38:53,178 [INFO] [client-4] Round 4 — sending update…
2026-09-29 07:38:53,181 [INFO] recv 13933B via direct in 27ms
2026-09-29 07:38:53,183 [INFO] [client-2] Round 4 — training locally…
2026-09-29 07:38:53,323 [INFO] [client-2] Round 4 — sending update…
2026-09-29 07:38:53,326 [INFO] recv 13933B via direct in 27ms
2026-09-29 07:38:53,328 [INFO] [client-9] Round 4 — training locally…
2026-09-29 07:38:53,464 [INFO] [client-9] Round 4 — sending update…
2026-09-29 07:38:53,469 [INFO] recv 13933B via direct in 194ms
2026-09-29 07:38:53,472 [INFO] [client-6] Round 4 — training locally…
2026-09-29 07:38:53,635 [INFO] [client-6] Round 4 — sending update…
2026-09-29 07:38:53,645 [INFO] send 13933B via direct in 519ms (0.22 Mbit/s) to 8dc56e4e8363c23a
2026-09-29 07:38:53,647 [INFO] recv 13933B via direct in 498ms
2026-09-29 07:38:53,650 [INFO] [client-0] Round 4 — training locally…
2026-09-29 07:38:53,736 [INFO] [client-0] Round 4 — sending update…
2026-09-29 07:38:53,741 [INFO] send 13933B via direct in 518ms (0.22 Mbit/s) to ff2e43362e43021e
2026-09-29 07:38:53,742 [INFO] send 13933B via direct in 506ms (0.22 Mbit/s) to 1745e2eb52fe97e1
2026-09-29 07:38:53,747 [INFO] send 13933B via direct in 517ms (0.22 Mbit/s) to ac91872160a1271b
2026-09-29 07:38:53,748 [INFO] recv 13933B via direct in 652ms
2026-09-29 07:38:53,751 [INFO] [client-8] Round 4 — training locally…
2026-09-29 07:38:53,865 [INFO] [client-8] Round 4 — sending update…
2026-09-29 07:38:53,869 [INFO] send 13933B via direct in 513ms (0.22 Mbit/s) to 893a63936ac6578e
2026-09-29 07:38:53,874 [INFO] recv 13933B via direct in 666ms
2026-09-29 07:38:53,878 [INFO] [client-5] Round 4 — training locally…
2026-09-29 07:38:53,988 [INFO] [client-5] Round 4 — sending update…
2026-09-29 07:38:53,992 [INFO] send 13933B via direct in 679ms (0.16 Mbit/s) to b1c19feb43e9a176
2026-09-29 07:38:53,997 [INFO] send 13933B via direct in 695ms (0.16 Mbit/s) to a743958a535e1182
2026-09-29 07:38:54,024 [INFO] [client-4] Round 4 done — loss=1.0240 acc=0.4794  6.9s
2026-09-29 07:38:54,026 [INFO] [client-4] Round 5 — receiving model…
2026-09-29 07:38:54,035 [INFO] send 13933B via direct in 566ms (0.20 Mbit/s) to a743958a535e1182
2026-09-29 07:38:54,053 [INFO] [client-9] Round 4 done — loss=1.0203 acc=0.5162  7.8s
2026-09-29 07:38:54,055 [INFO] [client-9] Round 5 — receiving model…
2026-09-29 07:38:54,056 [INFO] send 13933B via direct in 394ms (0.28 Mbit/s) to a743958a535e1182
2026-09-29 07:38:54,202 [INFO] [client-6] Round 4 done — loss=1.0208 acc=0.4788  5.9s
2026-09-29 07:38:54,203 [INFO] [client-6] Round 5 — receiving model…
2026-09-29 07:38:54,205 [INFO] send 13933B via direct in 166ms (0.67 Mbit/s) to a743958a535e1182
2026-09-29 07:38:54,260 [INFO] [client-8] Round 4 done — loss=0.7600 acc=0.7225  7.2s
2026-09-29 07:38:54,262 [INFO] [client-8] Round 5 — receiving model…
2026-09-29 07:38:54,265 [INFO] send 13933B via direct in 273ms (0.41 Mbit/s) to a743958a535e1182
2026-09-29 07:38:54,303 [INFO] [client-5] Round 4 done — loss=0.9981 acc=0.5333  5.8s
2026-09-29 07:38:54,306 [INFO] [client-5] Round 5 — receiving model…
2026-09-29 07:38:54,311 [INFO] send 13933B via direct in 1350ms (0.08 Mbit/s) to 913917140bfae6d0
2026-09-29 07:38:54,313 [INFO] recv 13933B via direct in 1323ms
2026-09-29 07:38:54,316 [INFO] [client-7] Round 4 — training locally…
2026-09-29 07:38:54,826 [INFO] [client-7] Round 4 — sending update…
2026-09-29 07:38:54,843 [INFO] send 13933B via direct in 10ms (11.17 Mbit/s) to a743958a535e1182
2026-09-29 07:38:54,887 [INFO] [client-7] Round 4 done — loss=1.0288 acc=0.4451  2.0s
2026-09-29 07:38:54,888 [INFO] [client-7] Round 5 — receiving model…
2026-09-29 07:38:54,976 [INFO] send 13933B via direct in 2010ms (0.06 Mbit/s) to 651191476bb7806e
2026-09-29 07:38:54,978 [INFO] recv 13933B via direct in 3ms
2026-09-29 07:38:54,981 [INFO] [client-3] Round 4 — training locally…
2026-09-29 07:38:55,352 [INFO] [client-3] Round 4 — sending update…
2026-09-29 07:38:55,359 [INFO] send 13933B via direct in 1617ms (0.07 Mbit/s) to a743958a535e1182
2026-09-29 07:38:55,404 [INFO] [client-0] Round 4 done — loss=1.0552 acc=0.4453  3.7s
2026-09-29 07:38:55,406 [INFO] [client-0] Round 5 — receiving model…
2026-09-29 07:38:55,415 [INFO] send 13933B via direct in 60ms (1.88 Mbit/s) to a743958a535e1182
2026-09-29 07:38:55,439 [INFO] [client-3] Round 4 done — loss=1.0517 acc=0.4413  7.9s
2026-09-29 07:38:55,441 [INFO] [client-3] Round 5 — receiving model…
2026-09-29 07:38:55,978 [INFO] recv 13933B via direct in 4ms
2026-09-29 07:38:55,981 [INFO] [client-1] Round 4 — training locally…
2026-09-29 07:38:56,225 [INFO] [client-1] Round 4 — sending update…
2026-09-29 07:38:56,229 [INFO] send 13933B via direct in 3012ms (0.04 Mbit/s) to ae668fc39a5878dc
2026-09-29 07:38:56,232 [INFO] Round 4 — waiting for 10 updates…
2026-09-29 07:38:56,233 [INFO] recv 13933B via direct in 528ms
2026-09-29 07:38:56,235 [INFO] recv 13933B via direct in 386ms
2026-09-29 07:38:56,238 [INFO] recv 13933B via direct in 293ms
2026-09-29 07:38:56,240 [INFO] recv 13933B via direct in 266ms
2026-09-29 07:38:56,242 [INFO] recv 13933B via direct in 234ms
2026-09-29 07:38:56,244 [INFO] recv 13933B via direct in 3ms
2026-09-29 07:38:56,246 [INFO] recv 13933B via direct in 1362ms
2026-09-29 07:38:56,249 [INFO] recv 13933B via direct in 5ms
2026-09-29 07:38:56,255 [INFO] send 13933B via direct in 27ms (4.13 Mbit/s) to a743958a535e1182
2026-09-29 07:38:56,277 [INFO] [client-1] Round 4 done — loss=1.0615 acc=0.4166  8.1s
2026-09-29 07:38:56,278 [INFO] [client-1] Round 5 — receiving model…
2026-09-29 07:38:56,280 [INFO] recv 13933B via direct in 25ms
2026-09-29 07:38:56,335 [INFO] recv 13933B via direct in 1ms
2026-09-29 07:38:56,388 [INFO] Round 4/20  acc=0.4252  loss=1.0746  3.4s  clients=10
2026-09-29 07:38:56,390 [INFO] Round 5 — sending model to 10 clients…
2026-09-29 07:38:56,411 [INFO] send 13933B via direct in 3080ms (0.04 Mbit/s) to a743958a535e1182
2026-09-29 07:38:56,435 [INFO] [client-2] Round 4 done — loss=0.9980 acc=0.4911  8.3s
2026-09-29 07:38:56,436 [INFO] [client-2] Round 5 — receiving model…
2026-09-29 07:38:56,441 [INFO] send 13933B via direct in 40ms (2.81 Mbit/s) to b1c19feb43e9a176
2026-09-29 07:38:56,450 [INFO] recv 13933B via direct in 35ms
2026-09-29 07:38:56,453 [INFO] [client-8] Round 5 — training locally…
2026-09-29 07:38:56,612 [INFO] [client-8] Round 5 — sending update…
2026-09-29 07:38:56,615 [INFO] send 13933B via direct in 46ms (2.43 Mbit/s) to 893a63936ac6578e
2026-09-29 07:38:56,618 [INFO] recv 13933B via direct in 11ms
2026-09-29 07:38:56,622 [INFO] [client-0] Round 5 — training locally…
2026-09-29 07:38:56,741 [INFO] [client-0] Round 5 — sending update…
2026-09-29 07:38:56,753 [INFO] send 13933B via direct in 10ms (11.14 Mbit/s) to a743958a535e1182
2026-09-29 07:38:56,777 [INFO] [client-0] Round 5 done — loss=1.0576 acc=0.4505  1.4s
2026-09-29 07:38:56,779 [INFO] [client-0] Round 6 — receiving model…
2026-09-29 07:38:57,435 [INFO] send 13933B via direct in 1019ms (0.11 Mbit/s) to 1745e2eb52fe97e1
2026-09-29 07:38:57,438 [INFO] recv 13933B via direct in 13ms
2026-09-29 07:38:57,443 [INFO] [client-6] Round 5 — training locally…
2026-09-29 07:38:57,976 [INFO] [client-6] Round 5 — sending update…
2026-09-29 07:38:57,995 [INFO] send 13933B via direct in 1587ms (0.07 Mbit/s) to 8dc56e4e8363c23a
2026-09-29 07:38:57,997 [INFO] send 13933B via direct in 1586ms (0.07 Mbit/s) to ac91872160a1271b
2026-09-29 07:38:57,999 [INFO] send 13933B via direct in 1591ms (0.07 Mbit/s) to ae668fc39a5878dc
2026-09-29 07:38:58,000 [INFO] send 13933B via direct in 1590ms (0.07 Mbit/s) to 9db0bd07d2645f13
2026-09-29 07:38:58,002 [INFO] send 13933B via direct in 1375ms (0.08 Mbit/s) to a743958a535e1182
2026-09-29 07:38:58,064 [INFO] [client-8] Round 5 done — loss=0.7730 acc=0.7102  3.8s
2026-09-29 07:38:58,065 [INFO] [client-8] Round 6 — receiving model…
2026-09-29 07:38:58,066 [INFO] recv 13933B via direct in 580ms
2026-09-29 07:38:58,071 [INFO] [client-4] Round 5 — training locally…
2026-09-29 07:38:58,338 [INFO] [client-4] Round 5 — sending update…
2026-09-29 07:38:58,341 [INFO] send 13933B via direct in 1582ms (0.07 Mbit/s) to ff2e43362e43021e
2026-09-29 07:38:58,344 [INFO] recv 13933B via direct in 560ms
2026-09-29 07:38:58,348 [INFO] [client-9] Round 5 — training locally…
2026-09-29 07:38:58,483 [INFO] [client-9] Round 5 — sending update…
2026-09-29 07:38:58,485 [INFO] recv 13933B via direct in 560ms
2026-09-29 07:38:58,489 [INFO] [client-1] Round 5 — training locally…
2026-09-29 07:38:58,630 [INFO] [client-1] Round 5 — sending update…
2026-09-29 07:38:58,633 [INFO] recv 13933B via direct in 1587ms
2026-09-29 07:38:58,637 [INFO] [client-5] Round 5 — training locally…
2026-09-29 07:38:58,763 [INFO] [client-5] Round 5 — sending update…
2026-09-29 07:38:58,767 [INFO] recv 13933B via direct in 561ms
2026-09-29 07:38:58,770 [INFO] [client-2] Round 5 — training locally…
2026-09-29 07:38:58,896 [INFO] [client-2] Round 5 — sending update…
2026-09-29 07:38:58,923 [INFO] send 13933B via direct in 2497ms (0.04 Mbit/s) to 913917140bfae6d0
2026-09-29 07:38:58,925 [INFO] recv 13933B via direct in 918ms
2026-09-29 07:38:58,927 [INFO] [client-7] Round 5 — training locally…
2026-09-29 07:38:59,056 [INFO] [client-7] Round 5 — sending update…
2026-09-29 07:38:59,066 [INFO] send 13933B via direct in 720ms (0.16 Mbit/s) to a743958a535e1182
2026-09-29 07:38:59,088 [INFO] [client-4] Round 5 done — loss=1.0260 acc=0.4835  5.1s
2026-09-29 07:38:59,089 [INFO] [client-4] Round 6 — receiving model…
2026-09-29 07:38:59,097 [INFO] send 13933B via direct in 192ms (0.58 Mbit/s) to a743958a535e1182
2026-09-29 07:38:59,122 [INFO] [client-2] Round 5 done — loss=0.9816 acc=0.5072  2.7s
2026-09-29 07:38:59,123 [INFO] [client-2] Round 6 — receiving model…
2026-09-29 07:38:59,125 [INFO] send 13933B via direct in 1111ms (0.10 Mbit/s) to a743958a535e1182
2026-09-29 07:38:59,145 [INFO] [client-6] Round 5 done — loss=1.0182 acc=0.4826  4.9s
2026-09-29 07:38:59,146 [INFO] [client-6] Round 6 — receiving model…
2026-09-29 07:38:59,151 [INFO] send 13933B via direct in 93ms (1.21 Mbit/s) to a743958a535e1182
2026-09-29 07:38:59,169 [INFO] [client-7] Round 5 done — loss=1.0293 acc=0.4468  4.3s
2026-09-29 07:38:59,171 [INFO] [client-7] Round 6 — receiving model…
2026-09-29 07:38:59,605 [INFO] send 13933B via direct in 1118ms (0.10 Mbit/s) to a743958a535e1182
2026-09-29 07:38:59,668 [INFO] [client-9] Round 5 done — loss=1.0147 acc=0.5270  5.6s
2026-09-29 07:38:59,670 [INFO] [client-9] Round 6 — receiving model…
2026-09-29 07:38:59,679 [INFO] send 13933B via direct in 1045ms (0.11 Mbit/s) to a743958a535e1182
2026-09-29 07:38:59,713 [INFO] [client-1] Round 5 done — loss=1.0618 acc=0.4269  3.4s
2026-09-29 07:38:59,714 [INFO] [client-1] Round 6 — receiving model…
2026-09-29 07:38:59,773 [INFO] send 13933B via direct in 1006ms (0.11 Mbit/s) to a743958a535e1182
2026-09-29 07:38:59,853 [INFO] [client-5] Round 5 done — loss=0.9826 acc=0.5450  5.5s
2026-09-29 07:38:59,854 [INFO] [client-5] Round 6 — receiving model…
2026-09-29 07:39:01,451 [INFO] send 13933B via direct in 5048ms (0.02 Mbit/s) to 651191476bb7806e
2026-09-29 07:39:01,454 [INFO] Round 5 — waiting for 10 updates…
2026-09-29 07:39:01,457 [INFO] recv 13933B via direct in 0ms
2026-09-29 07:39:01,461 [INFO] recv 13933B via direct in 778ms
2026-09-29 07:39:01,464 [INFO] recv 13933B via direct in 165ms
2026-09-29 07:39:01,469 [INFO] recv 13933B via direct in 65ms
2026-09-29 07:39:01,474 [INFO] recv 13933B via direct in 88ms
2026-09-29 07:39:01,478 [INFO] recv 13933B via direct in 57ms
2026-09-29 07:39:01,481 [INFO] recv 13933B via direct in 3ms
2026-09-29 07:39:01,485 [INFO] recv 13933B via direct in 6ms
2026-09-29 07:39:01,489 [INFO] recv 13933B via direct in 85ms
2026-09-29 07:39:01,493 [INFO] recv 13933B via direct in 33ms
2026-09-29 07:39:01,498 [INFO] [client-3] Round 5 — training locally…
2026-09-29 07:39:01,721 [INFO] [client-3] Round 5 — sending update…
2026-09-29 07:39:02,751 [INFO] send 13933B via direct in 1022ms (0.11 Mbit/s) to a743958a535e1182
2026-09-29 07:39:02,817 [INFO] [client-3] Round 5 done — loss=1.0465 acc=0.4536  7.4s
2026-09-29 07:39:02,826 [INFO] [client-3] Round 6 — receiving model…
2026-09-29 07:39:02,829 [INFO] recv 13933B via direct in 13ms
2026-09-29 07:39:02,967 [INFO] Round 5/20  acc=0.4594  loss=1.0638  6.6s  clients=10
2026-09-29 07:39:02,968 [INFO] Round 6 — sending model to 10 clients…
2026-09-29 07:39:03,050 [INFO] recv 13933B via direct in 37ms
2026-09-29 07:39:03,054 [INFO] [client-9] Round 6 — training locally…
2026-09-29 07:39:03,607 [INFO] [client-9] Round 6 — sending update…
2026-09-29 07:39:03,619 [INFO] recv 13933B via direct in 40ms
2026-09-29 07:39:03,623 [INFO] [client-3] Round 6 — training locally…
2026-09-29 07:39:04,069 [INFO] [client-3] Round 6 — sending update…
2026-09-29 07:39:04,076 [INFO] send 13933B via direct in 58ms (1.92 Mbit/s) to 651191476bb7806e
2026-09-29 07:39:04,084 [INFO] recv 13933B via direct in 43ms
2026-09-29 07:39:04,091 [INFO] [client-6] Round 6 — training locally…
2026-09-29 07:39:04,670 [INFO] [client-6] Round 6 — sending update…
2026-09-29 07:39:04,680 [INFO] send 13933B via direct in 636ms (0.18 Mbit/s) to 1745e2eb52fe97e1
2026-09-29 07:39:04,686 [INFO] send 13933B via direct in 1080ms (0.10 Mbit/s) to 913917140bfae6d0
2026-09-29 07:39:04,688 [INFO] send 13933B via direct in 1096ms (0.10 Mbit/s) to 893a63936ac6578e
2026-09-29 07:39:04,692 [INFO] send 13933B via direct in 1087ms (0.10 Mbit/s) to b1c19feb43e9a176
2026-09-29 07:39:04,694 [INFO] send 13933B via direct in 1108ms (0.10 Mbit/s) to ae668fc39a5878dc
2026-09-29 07:39:04,697 [INFO] recv 13933B via direct in 1073ms
2026-09-29 07:39:04,701 [INFO] [client-4] Round 6 — training locally…
2026-09-29 07:39:05,097 [INFO] [client-4] Round 6 — sending update…
2026-09-29 07:39:05,106 [INFO] recv 13933B via direct in 1041ms
2026-09-29 07:39:05,111 [INFO] [client-7] Round 6 — training locally…
2026-09-29 07:39:05,440 [INFO] [client-7] Round 6 — sending update…
2026-09-29 07:39:05,457 [INFO] send 13933B via direct in 1097ms (0.10 Mbit/s) to 8dc56e4e8363c23a
2026-09-29 07:39:05,462 [INFO] recv 13933B via direct in 1676ms
2026-09-29 07:39:05,467 [INFO] [client-0] Round 6 — training locally…
2026-09-29 07:39:05,730 [INFO] [client-0] Round 6 — sending update…
2026-09-29 07:39:05,734 [INFO] recv 13933B via direct in 1678ms
2026-09-29 07:39:05,742 [INFO] [client-1] Round 6 — training locally…
2026-09-29 07:39:06,194 [INFO] [client-1] Round 6 — sending update…
2026-09-29 07:39:06,202 [INFO] recv 13933B via direct in 1648ms
2026-09-29 07:39:06,209 [INFO] [client-8] Round 6 — training locally…
2026-09-29 07:39:06,710 [INFO] [client-8] Round 6 — sending update…
2026-09-29 07:39:06,737 [INFO] send 13933B via direct in 3738ms (0.03 Mbit/s) to ff2e43362e43021e
2026-09-29 07:39:06,741 [INFO] send 13933B via direct in 3723ms (0.03 Mbit/s) to ac91872160a1271b
2026-09-29 07:39:06,747 [ERROR] send_tensors → client-9 FAILED: ConnectionError: stream not acknowledged: IrohError: 
2026-09-29 07:39:06,749 [INFO] Round 6 — waiting for 9 updates…
2026-09-29 07:39:06,759 [INFO] recv 13933B via direct in 2050ms
2026-09-29 07:39:06,763 [INFO] [client-2] Round 6 — training locally…
2026-09-29 07:39:07,147 [INFO] [client-2] Round 6 — sending update…
2026-09-29 07:39:07,154 [INFO] recv 13933B via direct in 2059ms
2026-09-29 07:39:07,158 [INFO] [client-5] Round 6 — training locally…
2026-09-29 07:39:07,440 [INFO] [client-5] Round 6 — sending update…
2026-09-29 07:39:07,451 [INFO] recv 13933B via direct in 2060ms
2026-09-29 07:39:07,455 [INFO] recv 13933B via direct in 2050ms
2026-09-29 07:39:07,458 [WARNING] Round 6 — discarding update from unselected/duplicate peer 9db0bd07d2645f13
2026-09-29 07:39:07,461 [INFO] send 13933B via direct in 3142ms (0.04 Mbit/s) to a743958a535e1182
2026-09-29 07:39:07,504 [INFO] [client-9] Round 6 done — loss=1.0100 acc=0.5232  7.8s
2026-09-29 07:39:07,505 [INFO] [client-9] Round 7 — receiving model…
2026-09-29 07:39:07,507 [INFO] send 13933B via direct in 2682ms (0.04 Mbit/s) to a743958a535e1182
2026-09-29 07:39:07,553 [INFO] [client-3] Round 6 done — loss=1.0451 acc=0.4602  4.7s
2026-09-29 07:39:07,554 [INFO] [client-3] Round 7 — receiving model…
2026-09-29 07:39:07,561 [INFO] send 13933B via direct in 2455ms (0.05 Mbit/s) to a743958a535e1182
2026-09-29 07:39:07,609 [INFO] [client-4] Round 6 done — loss=1.0183 acc=0.4894  8.5s
2026-09-29 07:39:07,611 [INFO] [client-4] Round 7 — receiving model…
2026-09-29 07:39:07,613 [INFO] recv 13933B via direct in 789ms
2026-09-29 07:39:07,618 [INFO] send 13933B via direct in 1357ms (0.08 Mbit/s) to a743958a535e1182
2026-09-29 07:39:07,666 [INFO] [client-1] Round 6 done — loss=1.0608 acc=0.4207  8.0s
2026-09-29 07:39:07,668 [INFO] [client-1] Round 7 — receiving model…
2026-09-29 07:39:07,671 [INFO] recv 13933B via direct in 838ms
2026-09-29 07:39:07,677 [INFO] send 13933B via direct in 1826ms (0.06 Mbit/s) to a743958a535e1182
2026-09-29 07:39:07,720 [INFO] [client-0] Round 6 done — loss=1.0523 acc=0.4627  10.9s
2026-09-29 07:39:07,722 [INFO] [client-0] Round 7 — receiving model…
2026-09-29 07:39:07,731 [INFO] recv 13933B via direct in 970ms
2026-09-29 07:39:07,742 [INFO] recv 13933B via direct in 13ms
2026-09-29 07:39:07,745 [INFO] send 13933B via direct in 1026ms (0.11 Mbit/s) to a743958a535e1182
2026-09-29 07:39:07,801 [INFO] [client-8] Round 6 done — loss=0.7685 acc=0.7105  9.7s
2026-09-29 07:39:07,803 [INFO] [client-8] Round 7 — receiving model…
2026-09-29 07:39:07,807 [INFO] recv 13933B via direct in 14ms
2026-09-29 07:39:07,811 [INFO] send 13933B via direct in 3133ms (0.04 Mbit/s) to a743958a535e1182
2026-09-29 07:39:07,869 [INFO] [client-6] Round 6 done — loss=1.0172 acc=0.4868  8.7s
2026-09-29 07:39:07,870 [INFO] [client-6] Round 7 — receiving model…
2026-09-29 07:39:08,481 [INFO] send 13933B via direct in 1037ms (0.11 Mbit/s) to a743958a535e1182
2026-09-29 07:39:08,525 [INFO] [client-5] Round 6 done — loss=0.9824 acc=0.5525  8.7s
2026-09-29 07:39:08,527 [INFO] [client-5] Round 7 — receiving model…
2026-09-29 07:39:08,531 [INFO] recv 13933B via direct in 78ms
2026-09-29 07:39:09,162 [INFO] send 13933B via direct in 2008ms (0.06 Mbit/s) to a743958a535e1182
2026-09-29 07:39:09,207 [INFO] [client-2] Round 6 done — loss=0.9683 acc=0.5271  10.1s
2026-09-29 07:39:09,208 [INFO] [client-2] Round 7 — receiving model…
2026-09-29 07:39:09,210 [INFO] recv 13933B via direct in 49ms
2026-09-29 07:39:15,512 [INFO] send 13933B via direct in 10064ms (0.01 Mbit/s) to a743958a535e1182
2026-09-29 07:39:15,597 [INFO] [client-7] Round 6 done — loss=1.0291 acc=0.4536  16.4s
2026-09-29 07:39:15,599 [INFO] [client-7] Round 7 — receiving model…
2026-09-29 07:39:15,600 [INFO] recv 13933B via direct in 65ms
2026-09-29 07:39:15,630 [INFO] Round 6/20  acc=0.4608  loss=1.0637  12.7s  clients=9
2026-09-29 07:39:15,632 [INFO] Round 7 — sending model to 10 clients…
2026-09-29 07:39:15,669 [INFO] send 13933B via direct in 33ms (3.41 Mbit/s) to 893a63936ac6578e
2026-09-29 07:39:15,670 [INFO] recv 13933B via direct in 19ms
2026-09-29 07:39:15,674 [INFO] [client-0] Round 7 — training locally…
2026-09-29 07:39:15,880 [INFO] [client-0] Round 7 — sending update…
2026-09-29 07:39:15,884 [INFO] recv 13933B via direct in 20ms
2026-09-29 07:39:15,889 [INFO] [client-7] Round 7 — training locally…
2026-09-29 07:39:16,248 [INFO] [client-7] Round 7 — sending update…
2026-09-29 07:39:16,251 [INFO] send 13933B via direct in 32ms (3.47 Mbit/s) to 913917140bfae6d0
2026-09-29 07:39:16,257 [INFO] send 13933B via direct in 27ms (4.14 Mbit/s) to ac91872160a1271b
2026-09-29 07:39:16,258 [INFO] send 13933B via direct in 23ms (4.89 Mbit/s) to ff2e43362e43021e
2026-09-29 07:39:16,261 [INFO] recv 13933B via direct in 9ms
2026-09-29 07:39:16,263 [INFO] [client-8] Round 7 — training locally…
2026-09-29 07:39:16,416 [INFO] [client-8] Round 7 — sending update…
2026-09-29 07:39:16,421 [INFO] recv 13933B via direct in 604ms
2026-09-29 07:39:16,424 [INFO] [client-5] Round 7 — training locally…
2026-09-29 07:39:16,617 [INFO] [client-5] Round 7 — sending update…
2026-09-29 07:39:16,621 [INFO] recv 13933B via direct in 587ms
2026-09-29 07:39:16,625 [INFO] [client-2] Round 7 — training locally…
2026-09-29 07:39:16,903 [INFO] [client-2] Round 7 — sending update…
2026-09-29 07:39:16,914 [INFO] send 13933B via direct in 617ms (0.18 Mbit/s) to b1c19feb43e9a176
2026-09-29 07:39:16,927 [INFO] send 13933B via direct in 1272ms (0.09 Mbit/s) to 8dc56e4e8363c23a
2026-09-29 07:39:16,930 [INFO] send 13933B via direct in 1043ms (0.11 Mbit/s) to a743958a535e1182
2026-09-29 07:39:16,954 [INFO] [client-0] Round 7 done — loss=1.0555 acc=0.4470  9.2s
2026-09-29 07:39:16,955 [INFO] [client-0] Round 8 — receiving model…
2026-09-29 07:39:16,957 [INFO] recv 13933B via direct in 1267ms
2026-09-29 07:39:16,960 [INFO] [client-4] Round 7 — training locally…
2026-09-29 07:39:17,110 [INFO] [client-4] Round 7 — sending update…
2026-09-29 07:39:17,116 [INFO] send 13933B via direct in 1318ms (0.08 Mbit/s) to 1745e2eb52fe97e1
2026-09-29 07:39:17,119 [INFO] send 13933B via direct in 864ms (0.13 Mbit/s) to a743958a535e1182
2026-09-29 07:39:17,144 [INFO] [client-7] Round 7 done — loss=1.0316 acc=0.4451  1.5s
2026-09-29 07:39:17,145 [INFO] [client-7] Round 8 — receiving model…
2026-09-29 07:39:17,146 [INFO] send 13933B via direct in 1477ms (0.08 Mbit/s) to 9db0bd07d2645f13
2026-09-29 07:39:17,148 [INFO] send 13933B via direct in 209ms (0.54 Mbit/s) to a743958a535e1182
2026-09-29 07:39:17,171 [INFO] [client-2] Round 7 done — loss=0.9774 acc=0.5045  8.0s
2026-09-29 07:39:17,172 [INFO] [client-2] Round 8 — receiving model…
2026-09-29 07:39:17,174 [INFO] recv 13933B via direct in 198ms
2026-09-29 07:39:17,178 [INFO] [client-9] Round 7 — training locally…
2026-09-29 07:39:17,328 [INFO] [client-9] Round 7 — sending update…
2026-09-29 07:39:17,332 [INFO] recv 13933B via direct in 200ms
2026-09-29 07:39:17,335 [INFO] [client-6] Round 7 — training locally…
2026-09-29 07:39:17,460 [INFO] [client-6] Round 7 — sending update…
2026-09-29 07:39:17,690 [INFO] recv 13933B via direct in 39ms
2026-09-29 07:39:17,696 [INFO] [client-3] Round 7 — training locally…
2026-09-29 07:39:17,909 [INFO] [client-3] Round 7 — sending update…
2026-09-29 07:39:17,915 [INFO] send 13933B via direct in 2269ms (0.05 Mbit/s) to 651191476bb7806e
2026-09-29 07:39:17,916 [INFO] send 13933B via direct in 2279ms (0.05 Mbit/s) to ae668fc39a5878dc
2026-09-29 07:39:17,918 [INFO] recv 13933B via direct in 2266ms
2026-09-29 07:39:17,920 [INFO] [client-1] Round 7 — training locally…
2026-09-29 07:39:18,110 [INFO] [client-1] Round 7 — sending update…
2026-09-29 07:39:18,114 [INFO] Round 7 — waiting for 10 updates…
2026-09-29 07:39:18,115 [INFO] recv 13933B via direct in 669ms
2026-09-29 07:39:18,119 [INFO] recv 13933B via direct in 201ms
2026-09-29 07:39:18,123 [INFO] recv 13933B via direct in 1045ms
2026-09-29 07:39:18,134 [INFO] send 13933B via direct in 1508ms (0.07 Mbit/s) to a743958a535e1182
2026-09-29 07:39:18,192 [INFO] [client-5] Round 7 done — loss=0.9835 acc=0.5484  9.7s
2026-09-29 07:39:18,194 [INFO] [client-5] Round 8 — receiving model…
2026-09-29 07:39:18,197 [INFO] recv 13933B via direct in 1280ms
2026-09-29 07:39:18,202 [INFO] recv 13933B via direct in 73ms
2026-09-29 07:39:18,207 [ERROR] [client-1] round 7 error: stream not acknowledged: IrohError: 
2026-09-29 07:39:18,209 [INFO] [client-1] Round 8 — receiving model…
2026-09-29 07:39:18,217 [INFO] send 13933B via direct in 304ms (0.37 Mbit/s) to a743958a535e1182
2026-09-29 07:39:18,277 [INFO] [client-3] Round 7 done — loss=1.0483 acc=0.4457  10.7s
2026-09-29 07:39:18,280 [INFO] [client-3] Round 8 — receiving model…
2026-09-29 07:39:18,281 [INFO] recv 13933B via direct in 91ms
2026-09-29 07:39:18,400 [INFO] send 13933B via direct in 1067ms (0.10 Mbit/s) to a743958a535e1182
2026-09-29 07:39:18,461 [INFO] [client-9] Round 7 done — loss=1.0113 acc=0.5162  11.0s
2026-09-29 07:39:18,463 [INFO] [client-9] Round 8 — receiving model…
2026-09-29 07:39:18,471 [INFO] recv 13933B via direct in 58ms
2026-09-29 07:39:18,562 [INFO] send 13933B via direct in 1097ms (0.10 Mbit/s) to a743958a535e1182
2026-09-29 07:39:18,611 [INFO] [client-6] Round 7 done — loss=1.0154 acc=0.4983  10.7s
2026-09-29 07:39:18,613 [INFO] [client-6] Round 8 — receiving model…
2026-09-29 07:39:18,616 [INFO] recv 13933B via direct in 85ms
2026-09-29 07:39:22,233 [INFO] send 13933B via direct in 5120ms (0.02 Mbit/s) to a743958a535e1182
2026-09-29 07:39:22,269 [INFO] [client-4] Round 7 done — loss=1.0147 acc=0.4962  14.7s
2026-09-29 07:39:22,270 [INFO] [client-4] Round 8 — receiving model…
2026-09-29 07:39:22,272 [INFO] recv 13933B via direct in 4104ms
2026-09-29 07:39:26,486 [INFO] send 13933B via direct in 9017ms (0.01 Mbit/s) to a743958a535e1182
2026-09-29 07:39:26,511 [INFO] [client-8] Round 7 done — loss=0.7578 acc=0.7112  17.7s
2026-09-29 07:39:26,512 [INFO] [client-8] Round 8 — receiving model…
2026-09-29 07:39:26,514 [INFO] recv 13933B via direct in 7998ms
2026-09-29 07:39:26,580 [INFO] Round 7/20  acc=0.4597  loss=1.0667  9.9s  clients=10
2026-09-29 07:39:26,581 [INFO] Round 8 — sending model to 10 clients…
2026-09-29 07:39:26,639 [INFO] send 13933B via direct in 48ms (2.35 Mbit/s) to 8dc56e4e8363c23a
2026-09-29 07:39:26,641 [INFO] recv 13933B via direct in 28ms
2026-09-29 07:39:26,645 [INFO] [client-1] Round 8 — training locally…
2026-09-29 07:39:26,921 [INFO] [client-1] Round 8 — sending update…
2026-09-29 07:39:26,926 [INFO] send 13933B via direct in 32ms (3.51 Mbit/s) to ff2e43362e43021e
2026-09-29 07:39:26,927 [INFO] recv 13933B via direct in 28ms
2026-09-29 07:39:26,931 [INFO] [client-4] Round 8 — training locally…
2026-09-29 07:39:27,093 [INFO] [client-4] Round 8 — sending update…
2026-09-29 07:39:27,106 [INFO] recv 13933B via direct in 469ms
2026-09-29 07:39:27,109 [INFO] [client-2] Round 8 — training locally…
2026-09-29 07:39:27,257 [INFO] [client-2] Round 8 — sending update…
2026-09-29 07:39:27,261 [INFO] send 13933B via direct in 502ms (0.22 Mbit/s) to ac91872160a1271b
2026-09-29 07:39:27,263 [INFO] send 13933B via direct in 498ms (0.22 Mbit/s) to 913917140bfae6d0
2026-09-29 07:39:27,265 [INFO] recv 13933B via direct in 490ms
2026-09-29 07:39:27,269 [INFO] [client-7] Round 8 — training locally…
2026-09-29 07:39:27,426 [INFO] [client-7] Round 8 — sending update…
2026-09-29 07:39:27,429 [INFO] recv 13933B via direct in 491ms
2026-09-29 07:39:27,432 [INFO] [client-5] Round 8 — training locally…
2026-09-29 07:39:27,580 [INFO] [client-5] Round 8 — sending update…
2026-09-29 07:39:27,592 [INFO] send 13933B via direct in 664ms (0.17 Mbit/s) to a743958a535e1182
2026-09-29 07:39:27,626 [INFO] [client-1] Round 8 done — loss=1.0582 acc=0.4207  8.4s
2026-09-29 07:39:27,627 [INFO] [client-1] Round 9 — receiving model…
2026-09-29 07:39:27,700 [INFO] send 13933B via direct in 116ms (0.97 Mbit/s) to a743958a535e1182
2026-09-29 07:39:27,729 [INFO] [client-5] Round 8 done — loss=0.9707 acc=0.5508  8.5s
2026-09-29 07:39:27,730 [INFO] [client-5] Round 9 — receiving model…
2026-09-29 07:39:27,735 [INFO] send 13933B via direct in 1132ms (0.10 Mbit/s) to 1745e2eb52fe97e1
2026-09-29 07:39:27,737 [INFO] send 13933B via direct in 1128ms (0.10 Mbit/s) to b1c19feb43e9a176
2026-09-29 07:39:27,738 [INFO] send 13933B via direct in 1138ms (0.10 Mbit/s) to 651191476bb7806e
2026-09-29 07:39:27,740 [INFO] recv 13933B via direct in 98ms
2026-09-29 07:39:27,744 [INFO] [client-6] Round 8 — training locally…
2026-09-29 07:39:27,875 [INFO] [client-6] Round 8 — sending update…
2026-09-29 07:39:27,879 [INFO] recv 13933B via direct in 43ms
2026-09-29 07:39:27,883 [INFO] [client-8] Round 8 — training locally…
2026-09-29 07:39:28,044 [INFO] [client-8] Round 8 — sending update…
2026-09-29 07:39:28,049 [INFO] recv 13933B via direct in 99ms
2026-09-29 07:39:28,053 [INFO] [client-3] Round 8 — training locally…
2026-09-29 07:39:28,164 [INFO] [client-3] Round 8 — sending update…
2026-09-29 07:39:28,169 [INFO] send 13933B via direct in 1070ms (0.10 Mbit/s) to a743958a535e1182
2026-09-29 07:39:28,189 [INFO] [client-4] Round 8 done — loss=1.0142 acc=0.4952  4.9s
2026-09-29 07:39:28,190 [INFO] [client-4] Round 9 — receiving model…
2026-09-29 07:39:28,194 [INFO] send 13933B via direct in 314ms (0.36 Mbit/s) to a743958a535e1182
2026-09-29 07:39:28,214 [INFO] [client-6] Round 8 done — loss=1.0147 acc=0.4948  8.6s
2026-09-29 07:39:28,215 [INFO] [client-6] Round 9 — receiving model…
2026-09-29 07:39:28,615 [INFO] recv 13933B via direct in 8ms
2026-09-29 07:39:28,792 [INFO] [client-0] Round 8 — training locally…
2026-09-29 07:39:29,031 [INFO] [client-0] Round 8 — sending update…
2026-09-29 07:39:29,036 [INFO] send 13933B via direct in 2445ms (0.05 Mbit/s) to 893a63936ac6578e
2026-09-29 07:39:29,084 [INFO] send 13933B via direct in 1036ms (0.11 Mbit/s) to a743958a535e1182
2026-09-29 07:39:29,115 [INFO] [client-8] Round 8 done — loss=0.7637 acc=0.7129  2.6s
2026-09-29 07:39:29,116 [INFO] [client-8] Round 9 — receiving model…
2026-09-29 07:39:29,440 [INFO] send 13933B via direct in 2012ms (0.06 Mbit/s) to a743958a535e1182
2026-09-29 07:39:29,497 [INFO] [client-7] Round 8 done — loss=1.0316 acc=0.4530  11.3s
2026-09-29 07:39:29,499 [INFO] [client-7] Round 9 — receiving model…
2026-09-29 07:39:29,627 [INFO] send 13933B via direct in 3039ms (0.04 Mbit/s) to 9db0bd07d2645f13
2026-09-29 07:39:29,631 [INFO] recv 13933B via direct in 32ms
2026-09-29 07:39:29,642 [INFO] [client-9] Round 8 — training locally…
2026-09-29 07:39:29,804 [INFO] [client-9] Round 8 — sending update…
2026-09-29 07:39:29,807 [ERROR] send_tensors → client-1 FAILED: ConnectionError: stream not acknowledged: IrohError: 
2026-09-29 07:39:29,808 [INFO] Round 8 — waiting for 9 updates…
2026-09-29 07:39:29,809 [INFO] recv 13933B via direct in 529ms
2026-09-29 07:39:29,811 [WARNING] Round 8 — discarding update from unselected/duplicate peer ae668fc39a5878dc
2026-09-29 07:39:29,813 [INFO] recv 13933B via direct in 109ms
2026-09-29 07:39:29,815 [INFO] recv 13933B via direct in 583ms
2026-09-29 07:39:29,818 [INFO] recv 13933B via direct in 26ms
2026-09-29 07:39:29,820 [INFO] recv 13933B via direct in 28ms
2026-09-29 07:39:29,823 [INFO] recv 13933B via direct in 1ms
2026-09-29 07:39:29,833 [INFO] send 13933B via direct in 26ms (4.30 Mbit/s) to a743958a535e1182
2026-09-29 07:39:29,855 [INFO] [client-9] Round 8 done — loss=1.0141 acc=0.5218  10.3s
2026-09-29 07:39:29,856 [INFO] [client-9] Round 9 — receiving model…
2026-09-29 07:39:29,858 [INFO] recv 13933B via direct in 7ms
2026-09-29 07:39:30,127 [INFO] send 13933B via direct in 1092ms (0.10 Mbit/s) to a743958a535e1182
2026-09-29 07:39:30,170 [INFO] [client-0] Round 8 done — loss=1.0525 acc=0.4566  12.2s
2026-09-29 07:39:30,176 [INFO] [client-0] Round 9 — receiving model…
2026-09-29 07:39:30,180 [INFO] recv 13933B via direct in 63ms
2026-09-29 07:39:30,387 [INFO] send 13933B via direct in 3123ms (0.04 Mbit/s) to a743958a535e1182
2026-09-29 07:39:30,462 [INFO] [client-2] Round 8 done — loss=0.9715 acc=0.5155  12.2s
2026-09-29 07:39:30,463 [INFO] [client-2] Round 9 — receiving model…
2026-09-29 07:39:30,465 [INFO] recv 13933B via direct in 34ms
2026-09-29 07:40:17,104 [INFO] send 13933B via direct in 47973ms (0.00 Mbit/s) to a743958a535e1182
2026-09-29 07:40:17,168 [INFO] [client-3] Round 8 done — loss=1.0408 acc=0.4591  56.9s
2026-09-29 07:40:17,170 [INFO] [client-3] Round 9 — receiving model…
2026-09-29 07:40:17,171 [INFO] recv 13933B via direct in 41258ms
2026-09-29 07:40:17,198 [INFO] Round 8/20  acc=0.4667  loss=1.0588  49.7s  clients=9
2026-09-29 07:40:17,199 [INFO] Round 9 — sending model to 10 clients…
2026-09-29 07:40:17,236 [INFO] send 13933B via direct in 31ms (3.64 Mbit/s) to 651191476bb7806e
2026-09-29 07:40:17,238 [INFO] recv 13933B via direct in 19ms
2026-09-29 07:40:17,243 [INFO] [client-3] Round 9 — training locally…
2026-09-29 07:40:17,368 [INFO] [client-3] Round 9 — sending update…
2026-09-29 07:40:17,372 [INFO] send 13933B via direct in 23ms (4.84 Mbit/s) to 8dc56e4e8363c23a
2026-09-29 07:40:17,374 [INFO] send 13933B via direct in 23ms (4.93 Mbit/s) to 893a63936ac6578e
2026-09-29 07:40:17,375 [INFO] send 13933B via direct in 33ms (3.41 Mbit/s) to 913917140bfae6d0
2026-09-29 07:40:17,376 [INFO] recv 13933B via direct in 7ms
2026-09-29 07:40:17,380 [INFO] [client-4] Round 9 — training locally…
2026-09-29 07:40:17,491 [INFO] [client-4] Round 9 — sending update…
2026-09-29 07:40:17,495 [INFO] recv 13933B via direct in 5ms
2026-09-29 07:40:17,499 [INFO] [client-0] Round 9 — training locally…
2026-09-29 07:40:17,594 [INFO] [client-0] Round 9 — sending update…
2026-09-29 07:40:17,600 [INFO] recv 13933B via direct in 156ms
2026-09-29 07:40:17,603 [INFO] [client-7] Round 9 — training locally…
2026-09-29 07:40:17,710 [INFO] [client-7] Round 9 — sending update…
2026-09-29 07:40:17,718 [INFO] send 13933B via direct in 384ms (0.29 Mbit/s) to 9db0bd07d2645f13
2026-09-29 07:40:17,721 [INFO] recv 13933B via direct in 384ms
2026-09-29 07:40:17,723 [INFO] [client-5] Round 9 — training locally…
2026-09-29 07:40:17,834 [INFO] [client-5] Round 9 — sending update…
2026-09-29 07:40:17,838 [INFO] send 13933B via direct in 392ms (0.28 Mbit/s) to ff2e43362e43021e
2026-09-29 07:40:17,841 [INFO] send 13933B via direct in 390ms (0.29 Mbit/s) to ac91872160a1271b
2026-09-29 07:40:17,843 [INFO] recv 13933B via direct in 487ms
2026-09-29 07:40:17,845 [INFO] [client-9] Round 9 — training locally…
2026-09-29 07:40:17,947 [INFO] [client-9] Round 9 — sending update…
2026-09-29 07:40:17,959 [INFO] send 13933B via direct in 462ms (0.24 Mbit/s) to a743958a535e1182
2026-09-29 07:40:17,979 [INFO] [client-4] Round 9 done — loss=1.0245 acc=0.4904  48.8s
2026-09-29 07:40:17,980 [INFO] [client-4] Round 10 — receiving model…
2026-09-29 07:40:17,983 [INFO] send 13933B via direct in 34ms (3.33 Mbit/s) to a743958a535e1182
2026-09-29 07:40:18,008 [INFO] [client-9] Round 9 done — loss=1.0126 acc=0.5200  47.2s
2026-09-29 07:40:18,009 [INFO] [client-9] Round 10 — receiving model…
2026-09-29 07:40:18,142 [INFO] send 13933B via direct in 428ms (0.26 Mbit/s) to a743958a535e1182
2026-09-29 07:40:18,186 [INFO] [client-7] Round 9 done — loss=1.0309 acc=0.4396  47.7s
2026-09-29 07:40:18,187 [INFO] [client-7] Round 10 — receiving model…
2026-09-29 07:40:18,214 [INFO] send 13933B via direct in 376ms (0.30 Mbit/s) to a743958a535e1182
2026-09-29 07:40:18,260 [INFO] [client-5] Round 9 done — loss=0.9776 acc=0.5543  49.6s
2026-09-29 07:40:18,262 [INFO] [client-5] Round 10 — receiving model…
2026-09-29 07:40:18,279 [INFO] send 13933B via direct in 1073ms (0.10 Mbit/s) to ae668fc39a5878dc
2026-09-29 07:40:18,280 [INFO] recv 13933B via direct in 1062ms
2026-09-29 07:40:18,283 [INFO] [client-1] Round 9 — training locally…
2026-09-29 07:40:18,405 [INFO] [client-1] Round 9 — sending update…
2026-09-29 07:40:18,414 [INFO] recv 13933B via mixed in 384ms
2026-09-29 07:40:18,418 [INFO] [client-2] Round 9 — training locally…
2026-09-29 07:40:18,588 [INFO] [client-2] Round 9 — sending update…
2026-09-29 07:40:18,597 [INFO] send 13933B via direct in 1222ms (0.09 Mbit/s) to a743958a535e1182
2026-09-29 07:40:18,627 [INFO] [client-3] Round 9 done — loss=1.0386 acc=0.4536  1.5s
2026-09-29 07:40:18,629 [INFO] [client-3] Round 10 — receiving model…
2026-09-29 07:40:18,635 [INFO] send 13933B via direct in 221ms (0.51 Mbit/s) to a743958a535e1182
2026-09-29 07:40:18,665 [INFO] [client-1] Round 9 done — loss=1.0620 acc=0.4251  50.1s
2026-09-29 07:40:18,667 [INFO] [client-1] Round 10 — receiving model…
2026-09-29 07:40:18,671 [INFO] send 13933B via direct in 1074ms (0.10 Mbit/s) to a743958a535e1182
2026-09-29 07:40:18,704 [INFO] [client-0] Round 9 done — loss=1.0525 acc=0.4588  47.6s
2026-09-29 07:40:18,705 [INFO] [client-0] Round 10 — receiving model…
2026-09-29 07:40:20,207 [INFO] send 13933B via direct in 3005ms (0.04 Mbit/s) to 1745e2eb52fe97e1
2026-09-29 07:40:20,209 [INFO] recv 13933B via direct in 1ms
2026-09-29 07:40:20,212 [INFO] [client-6] Round 9 — training locally…
2026-09-29 07:40:20,394 [INFO] [client-6] Round 9 — sending update…
2026-09-29 07:40:23,412 [INFO] send 13933B via direct in 3008ms (0.04 Mbit/s) to a743958a535e1182
2026-09-29 07:40:23,497 [INFO] [client-6] Round 9 done — loss=1.0160 acc=0.4899  54.3s
2026-09-29 07:40:23,498 [INFO] [client-6] Round 10 — receiving model…
2026-09-29 07:40:24,356 [INFO] send 13933B via direct in 7140ms (0.02 Mbit/s) to b1c19feb43e9a176
2026-09-29 07:40:24,361 [INFO] Round 9 — waiting for 10 updates…
2026-09-29 07:40:24,365 [INFO] recv 13933B via direct in 243ms
2026-09-29 07:40:24,378 [INFO] recv 13933B via direct in 25ms
2026-09-29 07:40:24,389 [INFO] recv 13933B via direct in 298ms
2026-09-29 07:40:24,398 [INFO] recv 13933B via direct in 258ms
2026-09-29 07:40:24,408 [INFO] recv 13933B via direct in 187ms
2026-09-29 07:40:24,414 [INFO] recv 13933B via direct in 76ms
2026-09-29 07:40:24,426 [INFO] recv 13933B via direct in 39ms
2026-09-29 07:40:24,440 [INFO] recv 13933B via direct in 5ms
2026-09-29 07:40:24,448 [INFO] recv 13933B via direct in 3955ms
2026-09-29 07:40:24,457 [INFO] [client-8] Round 9 — training locally…
2026-09-29 07:40:24,639 [INFO] [client-8] Round 9 — sending update…
2026-09-29 07:40:24,649 [INFO] send 13933B via direct in 6057ms (0.02 Mbit/s) to a743958a535e1182
2026-09-29 07:40:24,669 [INFO] [client-2] Round 9 done — loss=0.9721 acc=0.5213  53.3s
2026-09-29 07:40:24,670 [INFO] [client-2] Round 10 — receiving model…
2026-09-29 07:40:24,673 [INFO] recv 13933B via direct in 23ms
2026-09-29 07:40:25,762 [INFO] recv 13933B via direct in 116ms
2026-09-29 07:40:25,836 [INFO] Round 9/20  acc=0.4507  loss=1.0727  8.6s  clients=10
2026-09-29 07:40:25,837 [INFO] Round 10 — sending model to 10 clients…
2026-09-29 07:40:25,851 [INFO] send 13933B via direct in 1119ms (0.10 Mbit/s) to a743958a535e1182
2026-09-29 07:40:25,872 [INFO] [client-8] Round 9 done — loss=0.7615 acc=0.7143  55.8s
2026-09-29 07:40:25,874 [INFO] [client-8] Round 10 — receiving model…
2026-09-29 07:40:25,889 [INFO] recv 13933B via direct in 13ms
2026-09-29 07:40:25,892 [INFO] [client-8] Round 10 — training locally…
2026-09-29 07:40:26,037 [INFO] [client-8] Round 10 — sending update…
2026-09-29 07:40:26,041 [INFO] recv 13933B via direct in 13ms
2026-09-29 07:40:26,045 [INFO] [client-0] Round 10 — training locally…
2026-09-29 07:40:26,140 [INFO] [client-0] Round 10 — sending update…
2026-09-29 07:40:26,148 [INFO] send 13933B via direct in 304ms (0.37 Mbit/s) to b1c19feb43e9a176
2026-09-29 07:40:26,150 [INFO] send 13933B via direct in 303ms (0.37 Mbit/s) to 893a63936ac6578e
2026-09-29 07:40:26,152 [INFO] send 13933B via direct in 298ms (0.38 Mbit/s) to ae668fc39a5878dc
2026-09-29 07:40:26,154 [INFO] recv 13933B via direct in 271ms
2026-09-29 07:40:26,156 [INFO] [client-1] Round 10 — training locally…
2026-09-29 07:40:26,268 [INFO] [client-1] Round 10 — sending update…
2026-09-29 07:40:26,275 [INFO] send 13933B via direct in 232ms (0.48 Mbit/s) to a743958a535e1182
2026-09-29 07:40:26,295 [INFO] [client-8] Round 10 done — loss=0.7628 acc=0.7102  0.4s
2026-09-29 07:40:26,296 [INFO] [client-8] Round 11 — receiving model…
2026-09-29 07:40:26,300 [INFO] send 13933B via direct in 428ms (0.26 Mbit/s) to 913917140bfae6d0
2026-09-29 07:40:26,305 [INFO] recv 13933B via direct in 421ms
2026-09-29 07:40:26,307 [INFO] [client-7] Round 10 — training locally…
2026-09-29 07:40:26,412 [INFO] [client-7] Round 10 — sending update…
2026-09-29 07:40:26,416 [INFO] send 13933B via direct in 156ms (0.72 Mbit/s) to a743958a535e1182
2026-09-29 07:40:26,445 [INFO] [client-0] Round 10 done — loss=1.0541 acc=0.4614  7.7s
2026-09-29 07:40:26,446 [INFO] [client-0] Round 11 — receiving model…
2026-09-29 07:40:26,454 [INFO] send 13933B via direct in 178ms (0.63 Mbit/s) to a743958a535e1182
2026-09-29 07:40:26,472 [INFO] [client-1] Round 10 done — loss=1.0616 acc=0.4313  7.8s
2026-09-29 07:40:26,473 [INFO] [client-1] Round 11 — receiving model…
2026-09-29 07:40:26,477 [INFO] send 13933B via direct in 62ms (1.80 Mbit/s) to a743958a535e1182
2026-09-29 07:40:26,500 [INFO] [client-7] Round 10 done — loss=1.0253 acc=0.4475  8.3s
2026-09-29 07:40:26,502 [INFO] [client-7] Round 11 — receiving model…
2026-09-29 07:40:26,881 [INFO] recv 13933B via direct in 24ms
2026-09-29 07:40:26,885 [INFO] [client-6] Round 10 — training locally…
2026-09-29 07:40:27,036 [INFO] [client-6] Round 10 — sending update…
2026-09-29 07:40:27,041 [INFO] send 13933B via direct in 1195ms (0.09 Mbit/s) to 1745e2eb52fe97e1
2026-09-29 07:40:27,941 [INFO] recv 13933B via direct in 2064ms
2026-09-29 07:40:27,952 [INFO] [client-5] Round 10 — training locally…
2026-09-29 07:40:28,145 [INFO] [client-5] Round 10 — sending update…
2026-09-29 07:40:28,151 [INFO] send 13933B via direct in 2306ms (0.05 Mbit/s) to ac91872160a1271b
2026-09-29 07:40:28,153 [INFO] send 13933B via direct in 1110ms (0.10 Mbit/s) to a743958a535e1182
2026-09-29 07:40:28,173 [INFO] [client-6] Round 10 done — loss=1.0125 acc=0.4889  4.7s
2026-09-29 07:40:28,175 [INFO] [client-6] Round 11 — receiving model…
2026-09-29 07:40:28,898 [INFO] send 13933B via direct in 3040ms (0.04 Mbit/s) to 9db0bd07d2645f13
2026-09-29 07:40:28,901 [INFO] recv 13933B via direct in 19ms
2026-09-29 07:40:28,905 [INFO] [client-9] Round 10 — training locally…
2026-09-29 07:40:29,045 [INFO] [client-9] Round 10 — sending update…
2026-09-29 07:40:29,048 [INFO] send 13933B via direct in 3054ms (0.04 Mbit/s) to 651191476bb7806e
2026-09-29 07:40:29,049 [INFO] recv 13933B via direct in 48ms
2026-09-29 07:40:29,051 [INFO] [client-3] Round 10 — training locally…
2026-09-29 07:40:29,169 [INFO] [client-3] Round 10 — sending update…
2026-09-29 07:40:29,172 [INFO] send 13933B via direct in 3198ms (0.03 Mbit/s) to 8dc56e4e8363c23a
2026-09-29 07:40:29,173 [INFO] recv 13933B via direct in 175ms
2026-09-29 07:40:29,176 [INFO] [client-4] Round 10 — training locally…
2026-09-29 07:40:29,306 [INFO] [client-4] Round 10 — sending update…
2026-09-29 07:40:29,319 [INFO] send 13933B via direct in 1170ms (0.10 Mbit/s) to a743958a535e1182
2026-09-29 07:40:29,345 [INFO] [client-5] Round 10 done — loss=0.9726 acc=0.5546  11.1s
2026-09-29 07:40:29,346 [INFO] [client-5] Round 11 — receiving model…
2026-09-29 07:40:29,347 [INFO] send 13933B via direct in 271ms (0.41 Mbit/s) to a743958a535e1182
2026-09-29 07:40:29,367 [INFO] [client-9] Round 10 done — loss=1.0085 acc=0.5284  11.4s
2026-09-29 07:40:29,368 [INFO] [client-9] Round 11 — receiving model…
2026-09-29 07:40:30,178 [INFO] send 13933B via direct in 1007ms (0.11 Mbit/s) to a743958a535e1182
2026-09-29 07:40:30,236 [INFO] [client-3] Round 10 done — loss=1.0472 acc=0.4447  11.6s
2026-09-29 07:40:30,237 [INFO] [client-3] Round 11 — receiving model…
2026-09-29 07:40:31,334 [INFO] send 13933B via direct in 2023ms (0.06 Mbit/s) to a743958a535e1182
2026-09-29 07:40:31,403 [INFO] [client-4] Round 10 done — loss=1.0225 acc=0.4866  13.4s
2026-09-29 07:40:31,404 [INFO] [client-4] Round 11 — receiving model…
2026-09-29 07:40:33,823 [INFO] send 13933B via direct in 7016ms (0.02 Mbit/s) to ff2e43362e43021e
2026-09-29 07:40:33,831 [INFO] Round 10 — waiting for 10 updates…
2026-09-29 07:40:33,837 [INFO] recv 13933B via direct in 154ms
2026-09-29 07:40:33,850 [INFO] recv 13933B via direct in 294ms
2026-09-29 07:40:33,862 [INFO] recv 13933B via direct in 174ms
2026-09-29 07:40:33,878 [INFO] recv 13933B via direct in 27ms
2026-09-29 07:40:33,887 [INFO] recv 13933B via direct in 1ms
2026-09-29 07:40:33,897 [INFO] recv 13933B via direct in 146ms
2026-09-29 07:40:33,905 [INFO] recv 13933B via direct in 195ms
2026-09-29 07:40:33,911 [INFO] recv 13933B via direct in 65ms
2026-09-29 07:40:33,919 [INFO] recv 13933B via direct in 17ms
2026-09-29 07:40:33,928 [INFO] recv 13933B via direct in 3989ms
2026-09-29 07:40:33,942 [INFO] [client-2] Round 10 — training locally…
2026-09-29 07:40:34,107 [INFO] [client-2] Round 10 — sending update…
2026-09-29 07:40:35,117 [INFO] recv 13933B via direct in 1ms
2026-09-29 07:40:35,199 [INFO] Round 10/20  acc=0.4608  loss=1.0682  8.4s  clients=10
2026-09-29 07:40:35,200 [INFO] Round 11 — sending model to 10 clients…
2026-09-29 07:40:35,235 [INFO] send 13933B via direct in 1109ms (0.10 Mbit/s) to a743958a535e1182
2026-09-29 07:40:35,378 [INFO] [client-2] Round 10 done — loss=0.9671 acc=0.5172  9.8s
2026-09-29 07:40:35,380 [INFO] [client-2] Round 11 — receiving model…
2026-09-29 07:40:35,388 [INFO] send 13933B via direct in 183ms (0.61 Mbit/s) to ff2e43362e43021e
2026-09-29 07:40:35,390 [INFO] send 13933B via direct in 173ms (0.65 Mbit/s) to ac91872160a1271b
2026-09-29 07:40:35,392 [INFO] recv 13933B via direct in 168ms
2026-09-29 07:40:35,394 [INFO] [client-2] Round 11 — training locally…
2026-09-29 07:40:35,507 [INFO] [client-2] Round 11 — sending update…
2026-09-29 07:40:35,511 [INFO] recv 13933B via direct in 168ms
2026-09-29 07:40:35,515 [INFO] [client-6] Round 11 — training locally…
2026-09-29 07:40:35,623 [INFO] [client-6] Round 11 — sending update…
2026-09-29 07:40:35,625 [INFO] recv 13933B via direct in 170ms
2026-09-29 07:40:35,630 [INFO] [client-9] Round 11 — training locally…
2026-09-29 07:40:35,743 [INFO] [client-9] Round 11 — sending update…
2026-09-29 07:40:35,745 [INFO] recv 13933B via direct in 171ms
2026-09-29 07:40:35,748 [INFO] [client-5] Round 11 — training locally…
2026-09-29 07:40:35,862 [INFO] [client-5] Round 11 — sending update…
2026-09-29 07:40:35,869 [INFO] recv 13933B via direct in 126ms
2026-09-29 07:40:35,871 [INFO] [client-0] Round 11 — training locally…
2026-09-29 07:40:35,981 [INFO] [client-0] Round 11 — sending update…
2026-09-29 07:40:35,992 [INFO] send 13933B via direct in 654ms (0.17 Mbit/s) to 1745e2eb52fe97e1
2026-09-29 07:40:35,994 [INFO] send 13933B via direct in 654ms (0.17 Mbit/s) to 9db0bd07d2645f13
2026-09-29 07:40:35,995 [INFO] send 13933B via direct in 659ms (0.17 Mbit/s) to 8dc56e4e8363c23a
2026-09-29 07:40:35,997 [INFO] recv 13933B via direct in 647ms
2026-09-29 07:40:35,999 [INFO] [client-4] Round 11 — training locally…
2026-09-29 07:40:36,106 [INFO] [client-4] Round 11 — sending update…
2026-09-29 07:40:36,115 [INFO] send 13933B via direct in 368ms (0.30 Mbit/s) to a743958a535e1182
2026-09-29 07:40:36,144 [INFO] [client-9] Round 11 done — loss=1.0104 acc=0.5253  5.8s
2026-09-29 07:40:36,146 [INFO] [client-9] Round 12 — receiving model…
2026-09-29 07:40:36,147 [INFO] send 13933B via direct in 604ms (0.19 Mbit/s) to a743958a535e1182
2026-09-29 07:40:36,170 [INFO] [client-2] Round 11 done — loss=0.9649 acc=0.5258  0.8s
2026-09-29 07:40:36,171 [INFO] [client-2] Round 12 — receiving model…
2026-09-29 07:40:36,223 [INFO] send 13933B via direct in 1007ms (0.11 Mbit/s) to 651191476bb7806e
2026-09-29 07:40:36,225 [INFO] recv 13933B via direct in 4ms
2026-09-29 07:40:36,228 [INFO] [client-3] Round 11 — training locally…
2026-09-29 07:40:36,415 [INFO] [client-3] Round 11 — sending update…
2026-09-29 07:40:36,419 [INFO] send 13933B via direct in 239ms (0.47 Mbit/s) to a743958a535e1182
2026-09-29 07:40:36,461 [INFO] [client-0] Round 11 done — loss=1.0557 acc=0.4453  9.1s
2026-09-29 07:40:36,462 [INFO] [client-0] Round 12 — receiving model…
2026-09-29 07:40:36,471 [INFO] send 13933B via mixed in 647ms (0.17 Mbit/s) to 893a63936ac6578e
2026-09-29 07:40:36,474 [INFO] send 13933B via direct in 1247ms (0.09 Mbit/s) to 913917140bfae6d0
2026-09-29 07:40:36,476 [INFO] recv 13933B via direct in 244ms
2026-09-29 07:40:36,478 [INFO] [client-7] Round 11 — training locally…
2026-09-29 07:40:36,666 [INFO] [client-7] Round 11 — sending update…
2026-09-29 07:40:36,672 [INFO] send 13933B via direct in 253ms (0.44 Mbit/s) to a743958a535e1182
2026-09-29 07:40:36,701 [INFO] [client-3] Round 11 done — loss=1.0458 acc=0.4564  5.5s
2026-09-29 07:40:36,702 [INFO] [client-3] Round 12 — receiving model…
2026-09-29 07:40:36,712 [INFO] send 13933B via direct in 42ms (2.64 Mbit/s) to a743958a535e1182
2026-09-29 07:40:36,733 [INFO] [client-7] Round 11 done — loss=1.0310 acc=0.4533  9.3s
2026-09-29 07:40:36,734 [INFO] [client-7] Round 12 — receiving model…
2026-09-29 07:40:36,880 [INFO] send 13933B via direct in 1015ms (0.11 Mbit/s) to a743958a535e1182
2026-09-29 07:40:36,923 [INFO] [client-5] Round 11 done — loss=0.9761 acc=0.5491  6.6s
2026-09-29 07:40:36,924 [INFO] [client-5] Round 12 — receiving model…
2026-09-29 07:40:37,163 [INFO] send 13933B via direct in 1050ms (0.11 Mbit/s) to a743958a535e1182
2026-09-29 07:40:37,210 [INFO] [client-4] Round 11 done — loss=1.0188 acc=0.4887  4.9s
2026-09-29 07:40:37,211 [INFO] [client-4] Round 12 — receiving model…
2026-09-29 07:40:39,108 [INFO] send 13933B via direct in 3478ms (0.03 Mbit/s) to a743958a535e1182
2026-09-29 07:40:39,179 [INFO] [client-6] Round 11 done — loss=1.0129 acc=0.4861  10.1s
2026-09-29 07:40:39,181 [INFO] [client-6] Round 12 — receiving model…
2026-09-29 07:40:40,305 [INFO] send 13933B via direct in 5092ms (0.02 Mbit/s) to b1c19feb43e9a176
2026-09-29 07:40:40,312 [INFO] recv 13933B via direct in 53ms
2026-09-29 07:40:40,328 [INFO] [client-8] Round 11 — training locally…
2026-09-29 07:40:40,529 [INFO] [client-8] Round 11 — sending update…
2026-09-29 07:40:40,539 [INFO] send 13933B via direct in 7ms (16.66 Mbit/s) to a743958a535e1182
2026-09-29 07:40:40,566 [INFO] [client-8] Round 11 done — loss=0.7692 acc=0.7136  13.3s
2026-09-29 07:40:40,568 [INFO] [client-8] Round 12 — receiving model…
2026-09-29 07:40:42,401 [INFO] recv 13933B via direct in 7180ms
2026-09-29 07:40:42,411 [INFO] [client-1] Round 11 — training locally…
2026-09-29 07:40:42,568 [INFO] [client-1] Round 11 — sending update…
2026-09-29 07:40:42,572 [INFO] send 13933B via direct in 7190ms (0.02 Mbit/s) to ae668fc39a5878dc
2026-09-29 07:40:42,574 [INFO] Round 11 — waiting for 10 updates…
2026-09-29 07:40:42,575 [INFO] recv 13933B via direct in 247ms
2026-09-29 07:40:42,578 [INFO] recv 13933B via direct in 246ms
2026-09-29 07:40:42,581 [INFO] recv 13933B via direct in 206ms
2026-09-29 07:40:42,584 [INFO] recv 13933B via direct in 7ms
2026-09-29 07:40:42,586 [INFO] recv 13933B via mixed in 113ms
2026-09-29 07:40:42,588 [INFO] recv 13933B via direct in 0ms
2026-09-29 07:40:42,590 [INFO] recv 13933B via direct in 4ms
2026-09-29 07:40:42,593 [INFO] recv 13933B via direct in 3235ms
2026-09-29 07:40:42,595 [INFO] recv 13933B via direct in 1ms
2026-09-29 07:40:42,631 [INFO] recv 13933B via direct in 32ms
2026-09-29 07:40:42,673 [INFO] Round 11/20  acc=0.4698  loss=1.0636  7.5s  clients=10
2026-09-29 07:40:42,674 [INFO] Round 12 — sending model to 10 clients…
2026-09-29 07:40:42,676 [INFO] send 13933B via direct in 59ms (1.89 Mbit/s) to a743958a535e1182
2026-09-29 07:40:42,702 [INFO] [client-1] Round 11 done — loss=1.0605 acc=0.4183  15.3s
2026-09-29 07:40:42,703 [INFO] [client-1] Round 12 — receiving model…
2026-09-29 07:40:42,742 [INFO] recv 13933B via direct in 21ms
2026-09-29 07:40:42,745 [INFO] [client-0] Round 12 — training locally…
2026-09-29 07:40:42,839 [INFO] [client-0] Round 12 — sending update…
2026-09-29 07:40:42,842 [INFO] recv 13933B via direct in 21ms
2026-09-29 07:40:42,846 [INFO] [client-3] Round 12 — training locally…
2026-09-29 07:40:42,975 [INFO] [client-3] Round 12 — sending update…
2026-09-29 07:40:42,978 [INFO] send 13933B via direct in 37ms (3.03 Mbit/s) to 893a63936ac6578e
2026-09-29 07:40:42,980 [INFO] send 13933B via direct in 26ms (4.28 Mbit/s) to 651191476bb7806e
2026-09-29 07:40:42,982 [INFO] recv 13933B via direct in 6ms
2026-09-29 07:40:42,985 [INFO] [client-2] Round 12 — training locally…
2026-09-29 07:40:43,102 [INFO] [client-2] Round 12 — sending update…
2026-09-29 07:40:43,106 [INFO] send 13933B via direct in 260ms (0.43 Mbit/s) to ff2e43362e43021e
2026-09-29 07:40:43,116 [INFO] send 13933B via direct in 275ms (0.41 Mbit/s) to 913917140bfae6d0
2026-09-29 07:40:43,118 [INFO] send 13933B via direct in 270ms (0.41 Mbit/s) to 8dc56e4e8363c23a
2026-09-29 07:40:43,120 [INFO] recv 13933B via direct in 389ms
2026-09-29 07:40:43,123 [INFO] [client-7] Round 12 — training locally…
2026-09-29 07:40:43,244 [INFO] [client-7] Round 12 — sending update…
2026-09-29 07:40:43,260 [INFO] recv 13933B via direct in 400ms
2026-09-29 07:40:43,263 [INFO] [client-4] Round 12 — training locally…
2026-09-29 07:40:43,390 [INFO] [client-4] Round 12 — sending update…
2026-09-29 07:40:43,395 [INFO] send 13933B via direct in 409ms (0.27 Mbit/s) to a743958a535e1182
2026-09-29 07:40:43,421 [INFO] [client-0] Round 12 done — loss=1.0489 acc=0.4549  7.0s
2026-09-29 07:40:43,422 [INFO] [client-0] Round 13 — receiving model…
2026-09-29 07:40:43,428 [INFO] send 13933B via direct in 273ms (0.41 Mbit/s) to a743958a535e1182
2026-09-29 07:40:43,461 [INFO] [client-3] Round 12 done — loss=1.0424 acc=0.4584  6.8s
2026-09-29 07:40:43,462 [INFO] [client-3] Round 13 — receiving model…
2026-09-29 07:40:43,466 [INFO] send 13933B via direct in 358ms (0.31 Mbit/s) to a743958a535e1182
2026-09-29 07:40:43,507 [INFO] [client-2] Round 12 done — loss=0.9615 acc=0.5203  7.3s
2026-09-29 07:40:43,509 [INFO] [client-2] Round 13 — receiving model…
2026-09-29 07:40:43,776 [INFO] send 13933B via direct in 524ms (0.21 Mbit/s) to a743958a535e1182
2026-09-29 07:40:43,805 [INFO] [client-7] Round 12 done — loss=1.0337 acc=0.4495  7.1s
2026-09-29 07:40:43,807 [INFO] [client-7] Round 13 — receiving model…
2026-09-29 07:40:43,809 [INFO] send 13933B via direct in 1062ms (0.11 Mbit/s) to b1c19feb43e9a176
2026-09-29 07:40:43,811 [INFO] send 13933B via direct in 1052ms (0.11 Mbit/s) to 1745e2eb52fe97e1
2026-09-29 07:40:43,812 [INFO] recv 13933B via direct in 33ms
2026-09-29 07:40:43,814 [INFO] [client-8] Round 12 — training locally…
2026-09-29 07:40:43,992 [INFO] [client-8] Round 12 — sending update…
2026-09-29 07:40:43,994 [INFO] recv 13933B via direct in 1031ms
2026-09-29 07:40:44,000 [INFO] [client-6] Round 12 — training locally…
2026-09-29 07:40:44,169 [INFO] [client-6] Round 12 — sending update…
2026-09-29 07:40:44,174 [INFO] recv 13933B via direct in 41ms
2026-09-29 07:40:44,177 [INFO] [client-5] Round 12 — training locally…
2026-09-29 07:40:44,314 [INFO] [client-5] Round 12 — sending update…
2026-09-29 07:40:44,322 [INFO] send 13933B via direct in 1603ms (0.07 Mbit/s) to 9db0bd07d2645f13
2026-09-29 07:40:44,324 [INFO] send 13933B via direct in 1604ms (0.07 Mbit/s) to ac91872160a1271b
2026-09-29 07:40:44,326 [INFO] recv 13933B via direct in 1602ms
2026-09-29 07:40:44,328 [INFO] [client-9] Round 12 — training locally…
2026-09-29 07:40:44,445 [INFO] [client-9] Round 12 — sending update…
2026-09-29 07:40:44,451 [INFO] send 13933B via direct in 456ms (0.25 Mbit/s) to a743958a535e1182
2026-09-29 07:40:44,480 [INFO] [client-8] Round 12 done — loss=0.7617 acc=0.7109  3.9s
2026-09-29 07:40:44,481 [INFO] [client-8] Round 13 — receiving model…
2026-09-29 07:40:45,423 [INFO] send 13933B via direct in 1100ms (0.10 Mbit/s) to a743958a535e1182
2026-09-29 07:40:45,486 [INFO] [client-5] Round 12 done — loss=0.9708 acc=0.5525  8.6s
2026-09-29 07:40:45,487 [INFO] [client-5] Round 13 — receiving model…
2026-09-29 07:40:45,587 [INFO] send 13933B via direct in 1135ms (0.10 Mbit/s) to a743958a535e1182
2026-09-29 07:40:45,673 [INFO] [client-9] Round 12 done — loss=1.0120 acc=0.5204  9.5s
2026-09-29 07:40:45,674 [INFO] [client-9] Round 13 — receiving model…
2026-09-29 07:40:45,732 [INFO] send 13933B via direct in 3014ms (0.04 Mbit/s) to ae668fc39a5878dc
2026-09-29 07:40:45,735 [INFO] Round 12 — waiting for 10 updates…
2026-09-29 07:40:45,737 [INFO] recv 13933B via direct in 481ms
2026-09-29 07:40:45,745 [INFO] recv 13933B via direct in 356ms
2026-09-29 07:40:45,749 [INFO] recv 13933B via direct in 391ms
2026-09-29 07:40:45,753 [INFO] recv 13933B via direct in 292ms
2026-09-29 07:40:45,757 [INFO] recv 13933B via direct in 131ms
2026-09-29 07:40:45,761 [INFO] recv 13933B via direct in 79ms
2026-09-29 07:40:45,765 [INFO] recv 13933B via direct in 95ms
2026-09-29 07:40:45,775 [INFO] recv 13933B via direct in 2ms
2026-09-29 07:40:45,778 [INFO] [client-1] Round 12 — training locally…
2026-09-29 07:40:45,984 [INFO] [client-1] Round 12 — sending update…
2026-09-29 07:40:46,212 [INFO] send 13933B via direct in 220ms (0.51 Mbit/s) to a743958a535e1182
2026-09-29 07:40:46,272 [INFO] [client-1] Round 12 done — loss=1.0640 acc=0.4176  3.6s
2026-09-29 07:40:46,273 [INFO] [client-1] Round 13 — receiving model…
2026-09-29 07:40:46,275 [INFO] recv 13933B via direct in 213ms
2026-09-29 07:40:46,890 [INFO] recv 13933B via direct in 3421ms
2026-09-29 07:40:46,896 [INFO] send 13933B via direct in 3502ms (0.03 Mbit/s) to a743958a535e1182
2026-09-29 07:40:46,937 [INFO] [client-4] Round 12 done — loss=1.0180 acc=0.4904  9.7s
2026-09-29 07:40:46,938 [INFO] [client-4] Round 13 — receiving model…
2026-09-29 07:40:51,279 [INFO] recv 13933B via direct in 87ms
2026-09-29 07:40:51,336 [INFO] Round 12/20  acc=0.4628  loss=1.0627  8.7s  clients=10
2026-09-29 07:40:51,337 [INFO] Round 13 — sending model to 10 clients…
2026-09-29 07:40:51,355 [INFO] send 13933B via direct in 7101ms (0.02 Mbit/s) to a743958a535e1182
2026-09-29 07:40:51,371 [INFO] [client-6] Round 12 done — loss=1.0102 acc=0.4979  12.2s
2026-09-29 07:40:51,373 [INFO] [client-6] Round 13 — receiving model…
2026-09-29 07:40:51,400 [INFO] send 13933B via direct in 47ms (2.36 Mbit/s) to 1745e2eb52fe97e1
2026-09-29 07:40:51,403 [INFO] send 13933B via direct in 50ms (2.22 Mbit/s) to ac91872160a1271b
2026-09-29 07:40:51,405 [INFO] send 13933B via direct in 49ms (2.27 Mbit/s) to 651191476bb7806e
2026-09-29 07:40:51,407 [INFO] recv 13933B via direct in 22ms
2026-09-29 07:40:51,410 [INFO] [client-8] Round 13 — training locally…
2026-09-29 07:40:51,549 [INFO] [client-8] Round 13 — sending update…
2026-09-29 07:40:51,556 [INFO] recv 13933B via direct in 22ms
2026-09-29 07:40:51,561 [INFO] [client-0] Round 13 — training locally…
2026-09-29 07:40:51,739 [INFO] [client-0] Round 13 — sending update…
2026-09-29 07:40:51,745 [INFO] recv 13933B via direct in 22ms
2026-09-29 07:40:51,752 [INFO] [client-5] Round 13 — training locally…
2026-09-29 07:40:51,973 [INFO] [client-5] Round 13 — sending update…
2026-09-29 07:40:51,980 [INFO] recv 13933B via direct in 24ms
2026-09-29 07:40:51,986 [INFO] [client-3] Round 13 — training locally…
2026-09-29 07:40:52,165 [INFO] [client-3] Round 13 — sending update…
2026-09-29 07:40:52,169 [INFO] recv 13933B via direct in 24ms
2026-09-29 07:40:52,174 [INFO] [client-6] Round 13 — training locally…
2026-09-29 07:40:52,284 [INFO] [client-6] Round 13 — sending update…
2026-09-29 07:40:52,288 [INFO] send 13933B via direct in 54ms (2.05 Mbit/s) to ae668fc39a5878dc
2026-09-29 07:40:52,296 [INFO] recv 13933B via direct in 602ms
2026-09-29 07:40:52,299 [INFO] [client-1] Round 13 — training locally…
2026-09-29 07:40:52,420 [INFO] [client-1] Round 13 — sending update…
2026-09-29 07:40:52,424 [INFO] send 13933B via direct in 949ms (0.12 Mbit/s) to b1c19feb43e9a176
2026-09-29 07:40:52,426 [INFO] send 13933B via direct in 946ms (0.12 Mbit/s) to ff2e43362e43021e
2026-09-29 07:40:52,428 [INFO] send 13933B via direct in 948ms (0.12 Mbit/s) to 913917140bfae6d0
2026-09-29 07:40:52,433 [INFO] send 13933B via direct in 944ms (0.12 Mbit/s) to 893a63936ac6578e
2026-09-29 07:40:52,434 [INFO] recv 13933B via direct in 915ms
2026-09-29 07:40:52,437 [INFO] [client-2] Round 13 — training locally…
2026-09-29 07:40:52,560 [INFO] [client-2] Round 13 — sending update…
2026-09-29 07:40:52,563 [INFO] recv 13933B via direct in 915ms
2026-09-29 07:40:52,567 [INFO] [client-7] Round 13 — training locally…
2026-09-29 07:40:52,691 [INFO] [client-7] Round 13 — sending update…
2026-09-29 07:40:52,715 [INFO] send 13933B via direct in 539ms (0.21 Mbit/s) to a743958a535e1182
2026-09-29 07:40:52,760 [INFO] [client-3] Round 13 done — loss=1.0421 acc=0.4495  9.3s
2026-09-29 07:40:52,761 [INFO] [client-3] Round 14 — receiving model…
2026-09-29 07:40:52,763 [INFO] send 13933B via direct in 963ms (0.12 Mbit/s) to a743958a535e1182
2026-09-29 07:40:52,800 [INFO] [client-0] Round 13 done — loss=1.0530 acc=0.4579  9.4s
2026-09-29 07:40:52,801 [INFO] [client-0] Round 14 — receiving model…
2026-09-29 07:40:52,803 [INFO] send 13933B via direct in 1152ms (0.10 Mbit/s) to a743958a535e1182
2026-09-29 07:40:52,844 [INFO] [client-8] Round 13 done — loss=0.7664 acc=0.7126  8.4s
2026-09-29 07:40:52,845 [INFO] [client-8] Round 14 — receiving model…
2026-09-29 07:40:52,849 [INFO] send 13933B via direct in 1361ms (0.08 Mbit/s) to 8dc56e4e8363c23a
2026-09-29 07:40:52,852 [INFO] send 13933B via direct in 427ms (0.26 Mbit/s) to a743958a535e1182
2026-09-29 07:40:52,871 [INFO] [client-1] Round 13 done — loss=1.0594 acc=0.4131  6.6s
2026-09-29 07:40:52,872 [INFO] [client-1] Round 14 — receiving model…
2026-09-29 07:40:52,874 [INFO] recv 13933B via direct in 417ms
2026-09-29 07:40:52,879 [INFO] [client-4] Round 13 — training locally…
2026-09-29 07:40:53,020 [INFO] [client-4] Round 13 — sending update…
2026-09-29 07:40:53,029 [INFO] send 13933B via direct in 461ms (0.24 Mbit/s) to a743958a535e1182
2026-09-29 07:40:53,061 [INFO] [client-2] Round 13 done — loss=0.9539 acc=0.5350  9.6s
2026-09-29 07:40:53,062 [INFO] [client-2] Round 14 — receiving model…
2026-09-29 07:40:53,070 [INFO] send 13933B via direct in 1091ms (0.10 Mbit/s) to a743958a535e1182
2026-09-29 07:40:53,094 [INFO] [client-5] Round 13 done — loss=0.9690 acc=0.5584  7.6s
2026-09-29 07:40:53,095 [INFO] [client-5] Round 14 — receiving model…
2026-09-29 07:40:53,098 [INFO] send 13933B via direct in 74ms (1.50 Mbit/s) to a743958a535e1182
2026-09-29 07:40:53,125 [INFO] [client-4] Round 13 done — loss=1.0098 acc=0.5024  6.2s
2026-09-29 07:40:53,126 [INFO] [client-4] Round 14 — receiving model…
2026-09-29 07:40:53,221 [ERROR] [client-7] round 13 error: stream not acknowledged: IrohError: 
2026-09-29 07:40:53,224 [INFO] [client-7] Round 14 — receiving model…
2026-09-29 07:40:53,308 [INFO] send 13933B via direct in 1020ms (0.11 Mbit/s) to a743958a535e1182
2026-09-29 07:40:53,358 [INFO] [client-6] Round 13 done — loss=1.0102 acc=0.4899  2.0s
2026-09-29 07:40:53,359 [INFO] [client-6] Round 14 — receiving model…
2026-09-29 07:40:56,799 [INFO] recv 13933B via direct in 4363ms
2026-09-29 07:40:56,801 [INFO] [client-9] Round 13 — training locally…
2026-09-29 07:40:57,020 [INFO] [client-9] Round 13 — sending update…
2026-09-29 07:40:57,024 [INFO] send 13933B via direct in 5670ms (0.02 Mbit/s) to 9db0bd07d2645f13
2026-09-29 07:40:57,025 [INFO] Round 13 — waiting for 10 updates…
2026-09-29 07:40:57,026 [INFO] recv 13933B via direct in 418ms
2026-09-29 07:40:57,029 [INFO] recv 13933B via direct in 418ms
2026-09-29 07:40:57,031 [INFO] recv 13933B via direct in 423ms
2026-09-29 07:40:57,035 [INFO] recv 13933B via direct in 155ms
2026-09-29 07:40:57,038 [INFO] recv 13933B via direct in 165ms
2026-09-29 07:40:57,040 [INFO] recv 13933B via direct in 163ms
2026-09-29 07:40:57,042 [INFO] recv 13933B via direct in 44ms
2026-09-29 07:40:57,045 [INFO] recv 13933B via direct in 33ms
2026-09-29 07:40:57,048 [INFO] recv 13933B via direct in 2ms
2026-09-29 07:40:58,060 [INFO] send 13933B via direct in 1038ms (0.11 Mbit/s) to a743958a535e1182
2026-09-29 07:40:58,222 [INFO] [client-9] Round 13 done — loss=1.0104 acc=0.5221  12.5s
2026-09-29 07:40:58,251 [INFO] [client-9] Round 14 — receiving model…
2026-09-29 07:40:58,299 [INFO] recv 13933B via direct in 269ms
2026-09-29 07:40:58,419 [INFO] Round 13/20  acc=0.4704  loss=1.0625  7.1s  clients=10
2026-09-29 07:40:58,432 [INFO] Round 14 — sending model to 10 clients…
2026-09-29 07:40:58,472 [INFO] send 13933B via direct in 18ms (6.26 Mbit/s) to 1745e2eb52fe97e1
2026-09-29 07:40:58,493 [INFO] send 13933B via direct in 26ms (4.24 Mbit/s) to 651191476bb7806e
2026-09-29 07:40:58,511 [INFO] recv 13933B via direct in 10ms
2026-09-29 07:40:58,534 [INFO] [client-3] Round 14 — training locally…
2026-09-29 07:40:58,813 [INFO] [client-3] Round 14 — sending update…
2026-09-29 07:40:58,818 [INFO] recv 13933B via direct in 49ms
2026-09-29 07:40:58,823 [INFO] [client-6] Round 14 — training locally…
2026-09-29 07:40:58,960 [INFO] [client-6] Round 14 — sending update…
2026-09-29 07:40:58,970 [INFO] send 13933B via direct in 514ms (0.22 Mbit/s) to 913917140bfae6d0
2026-09-29 07:40:58,972 [INFO] recv 13933B via direct in 504ms
2026-09-29 07:40:58,975 [INFO] [client-7] Round 14 — training locally…
2026-09-29 07:40:59,121 [INFO] [client-7] Round 14 — sending update…
2026-09-29 07:40:59,126 [INFO] send 13933B via direct in 308ms (0.36 Mbit/s) to a743958a535e1182
2026-09-29 07:40:59,153 [INFO] [client-3] Round 14 done — loss=1.0452 acc=0.4584  6.4s
2026-09-29 07:40:59,154 [INFO] [client-3] Round 15 — receiving model…
2026-09-29 07:40:59,160 [INFO] send 13933B via direct in 35ms (3.21 Mbit/s) to a743958a535e1182
2026-09-29 07:40:59,183 [INFO] [client-7] Round 14 done — loss=1.0316 acc=0.4495  6.0s
2026-09-29 07:40:59,184 [INFO] [client-7] Round 15 — receiving model…
2026-09-29 07:40:59,457 [INFO] send 13933B via direct in 1009ms (0.11 Mbit/s) to 893a63936ac6578e
2026-09-29 07:40:59,458 [INFO] recv 13933B via direct in 5ms
2026-09-29 07:40:59,468 [INFO] [client-0] Round 14 — training locally…
2026-09-29 07:40:59,654 [INFO] [client-0] Round 14 — sending update…
2026-09-29 07:40:59,667 [INFO] recv 13933B via direct in 1205ms
2026-09-29 07:40:59,671 [INFO] [client-8] Round 14 — training locally…
2026-09-29 07:40:59,777 [INFO] [client-8] Round 14 — sending update…
2026-09-29 07:40:59,784 [INFO] send 13933B via direct in 11ms (10.19 Mbit/s) to a743958a535e1182
2026-09-29 07:40:59,806 [INFO] [client-0] Round 14 done — loss=1.0483 acc=0.4679  7.0s
2026-09-29 07:40:59,807 [INFO] [client-0] Round 15 — receiving model…
2026-09-29 07:40:59,809 [INFO] send 13933B via direct in 1322ms (0.08 Mbit/s) to 9db0bd07d2645f13
2026-09-29 07:40:59,811 [INFO] send 13933B via direct in 1335ms (0.08 Mbit/s) to b1c19feb43e9a176
2026-09-29 07:40:59,812 [INFO] recv 13933B via direct in 122ms
2026-09-29 07:40:59,817 [INFO] [client-9] Round 14 — training locally…
2026-09-29 07:40:59,958 [INFO] [client-9] Round 14 — sending update…
2026-09-29 07:40:59,973 [INFO] send 13933B via direct in 12ms (9.37 Mbit/s) to a743958a535e1182
2026-09-29 07:40:59,995 [INFO] [client-9] Round 14 done — loss=1.0123 acc=0.5260  1.7s
2026-09-29 07:40:59,996 [INFO] [client-9] Round 15 — receiving model…
2026-09-29 07:40:59,999 [INFO] send 13933B via direct in 1034ms (0.11 Mbit/s) to a743958a535e1182
2026-09-29 07:41:00,033 [INFO] [client-6] Round 14 done — loss=1.0141 acc=0.4941  6.7s
2026-09-29 07:41:00,034 [INFO] [client-6] Round 15 — receiving model…
2026-09-29 07:41:00,511 [INFO] send 13933B via direct in 2050ms (0.05 Mbit/s) to ac91872160a1271b
2026-09-29 07:41:00,517 [INFO] recv 13933B via direct in 32ms
2026-09-29 07:41:00,528 [INFO] [client-5] Round 14 — training locally…
2026-09-29 07:41:00,690 [INFO] [client-5] Round 14 — sending update…
2026-09-29 07:41:00,732 [INFO] send 13933B via direct in 38ms (2.90 Mbit/s) to a743958a535e1182
2026-09-29 07:41:00,786 [INFO] [client-5] Round 14 done — loss=0.9745 acc=0.5580  7.7s
2026-09-29 07:41:00,788 [INFO] [client-5] Round 15 — receiving model…
2026-09-29 07:41:00,794 [INFO] send 13933B via direct in 1014ms (0.11 Mbit/s) to a743958a535e1182
2026-09-29 07:41:00,813 [INFO] [client-8] Round 14 done — loss=0.7588 acc=0.7153  8.0s
2026-09-29 07:41:00,814 [INFO] [client-8] Round 15 — receiving model…
2026-09-29 07:41:01,490 [INFO] send 13933B via direct in 3026ms (0.04 Mbit/s) to 8dc56e4e8363c23a
2026-09-29 07:41:01,493 [INFO] recv 13933B via direct in 9ms
2026-09-29 07:41:01,502 [INFO] [client-4] Round 14 — training locally…
2026-09-29 07:41:01,653 [INFO] [client-4] Round 14 — sending update…
2026-09-29 07:41:01,658 [INFO] send 13933B via direct in 3201ms (0.03 Mbit/s) to ae668fc39a5878dc
2026-09-29 07:41:01,660 [INFO] recv 13933B via direct in 200ms
2026-09-29 07:41:01,664 [INFO] [client-1] Round 14 — training locally…
2026-09-29 07:41:01,899 [INFO] [client-1] Round 14 — sending update…
2026-09-29 07:41:01,908 [INFO] send 13933B via direct in 3458ms (0.03 Mbit/s) to ff2e43362e43021e
2026-09-29 07:41:01,911 [INFO] Round 14 — waiting for 10 updates…
2026-09-29 07:41:01,912 [INFO] recv 13933B via direct in 159ms
2026-09-29 07:41:01,915 [INFO] recv 13933B via direct in 4ms
2026-09-29 07:41:01,919 [INFO] recv 13933B via direct in 144ms
2026-09-29 07:41:01,924 [INFO] recv 13933B via direct in 4ms
2026-09-29 07:41:01,927 [INFO] recv 13933B via direct in 26ms
2026-09-29 07:41:01,930 [INFO] recv 13933B via direct in 32ms
2026-09-29 07:41:01,936 [INFO] recv 13933B via direct in 26ms
2026-09-29 07:41:01,939 [INFO] recv 13933B via direct in 454ms
2026-09-29 07:41:01,942 [INFO] [client-2] Round 14 — training locally…
2026-09-29 07:41:02,261 [INFO] [client-2] Round 14 — sending update…
2026-09-29 07:41:02,296 [INFO] recv 13933B via direct in 28ms
2026-09-29 07:41:02,302 [INFO] send 13933B via direct in 39ms (2.88 Mbit/s) to a743958a535e1182
2026-09-29 07:41:02,359 [INFO] [client-2] Round 14 done — loss=0.9572 acc=0.5261  9.3s
2026-09-29 07:41:02,360 [INFO] [client-2] Round 15 — receiving model…
2026-09-29 07:41:02,701 [INFO] send 13933B via direct in 1039ms (0.11 Mbit/s) to a743958a535e1182
2026-09-29 07:41:02,766 [INFO] [client-4] Round 14 done — loss=1.0187 acc=0.4959  9.6s
2026-09-29 07:41:02,767 [INFO] [client-4] Round 15 — receiving model…
2026-09-29 07:41:02,769 [INFO] recv 13933B via direct in 36ms
2026-09-29 07:41:02,927 [INFO] recv 13933B via direct in 1ms
2026-09-29 07:41:02,991 [INFO] Round 14/20  acc=0.4681  loss=1.0632  4.6s  clients=10
2026-09-29 07:41:02,992 [INFO] Round 15 — sending model to 10 clients…
2026-09-29 07:41:03,005 [ERROR] [client-1] round 14 error: stream not acknowledged: IrohError: 
2026-09-29 07:41:03,007 [INFO] [client-1] Round 15 — receiving model…
2026-09-29 07:41:03,027 [INFO] send 13933B via direct in 29ms (3.82 Mbit/s) to 893a63936ac6578e
2026-09-29 07:41:03,030 [INFO] recv 13933B via direct in 20ms
2026-09-29 07:41:03,033 [INFO] [client-0] Round 15 — training locally…
2026-09-29 07:41:03,160 [INFO] [client-0] Round 15 — sending update…
2026-09-29 07:41:03,165 [INFO] recv 13933B via direct in 20ms
2026-09-29 07:41:03,172 [INFO] [client-3] Round 15 — training locally…
2026-09-29 07:41:03,344 [INFO] [client-3] Round 15 — sending update…
2026-09-29 07:41:03,350 [INFO] recv 13933B via direct in 20ms
2026-09-29 07:41:03,352 [INFO] [client-4] Round 15 — training locally…
2026-09-29 07:41:03,527 [INFO] [client-4] Round 15 — sending update…
2026-09-29 07:41:03,534 [INFO] send 13933B via direct in 530ms (0.21 Mbit/s) to 651191476bb7806e
2026-09-29 07:41:03,536 [INFO] send 13933B via direct in 529ms (0.21 Mbit/s) to 8dc56e4e8363c23a
2026-09-29 07:41:03,541 [INFO] send 13933B via direct in 373ms (0.30 Mbit/s) to a743958a535e1182
2026-09-29 07:41:03,562 [INFO] [client-0] Round 15 done — loss=1.0506 acc=0.4510  3.8s
2026-09-29 07:41:03,563 [INFO] [client-0] Round 16 — receiving model…
2026-09-29 07:41:03,565 [INFO] send 13933B via direct in 35ms (3.16 Mbit/s) to a743958a535e1182
2026-09-29 07:41:03,583 [INFO] [client-4] Round 15 done — loss=1.0127 acc=0.4938  0.8s
2026-09-29 07:41:03,584 [INFO] [client-4] Round 16 — receiving model…
2026-09-29 07:41:04,017 [INFO] recv 13933B via direct in 8ms
2026-09-29 07:41:04,021 [INFO] [client-6] Round 15 — training locally…
2026-09-29 07:41:04,287 [INFO] [client-6] Round 15 — sending update…
2026-09-29 07:41:04,291 [INFO] send 13933B via direct in 1017ms (0.11 Mbit/s) to 1745e2eb52fe97e1
2026-09-29 07:41:04,299 [INFO] send 13933B via direct in 1296ms (0.09 Mbit/s) to b1c19feb43e9a176
2026-09-29 07:41:04,300 [INFO] send 13933B via direct in 1295ms (0.09 Mbit/s) to 913917140bfae6d0
2026-09-29 07:41:04,302 [INFO] send 13933B via direct in 1297ms (0.09 Mbit/s) to ff2e43362e43021e
2026-09-29 07:41:04,303 [INFO] recv 13933B via direct in 290ms
2026-09-29 07:41:04,306 [INFO] [client-8] Round 15 — training locally…
2026-09-29 07:41:04,555 [INFO] [client-8] Round 15 — sending update…
2026-09-29 07:41:04,557 [INFO] recv 13933B via direct in 291ms
2026-09-29 07:41:04,562 [INFO] [client-7] Round 15 — training locally…
2026-09-29 07:41:05,825 [INFO] [client-7] Round 15 — sending update…
2026-09-29 07:41:05,829 [INFO] recv 13933B via direct in 294ms
2026-09-29 07:41:05,833 [INFO] [client-2] Round 15 — training locally…
2026-09-29 07:41:06,074 [INFO] [client-2] Round 15 — sending update…
2026-09-29 07:41:06,077 [INFO] send 13933B via direct in 506ms (0.22 Mbit/s) to a743958a535e1182
2026-09-29 07:41:06,112 [INFO] [client-6] Round 15 done — loss=1.0088 acc=0.4990  5.0s
2026-09-29 07:41:06,113 [INFO] [client-6] Round 16 — receiving model…
2026-09-29 07:41:06,126 [INFO] recv 13933B via direct in 2068ms
2026-09-29 07:41:06,129 [INFO] [client-1] Round 15 — training locally…
2026-09-29 07:41:06,328 [INFO] [client-1] Round 15 — sending update…
2026-09-29 07:41:06,337 [INFO] send 13933B via direct in 536ms (0.21 Mbit/s) to a743958a535e1182
2026-09-29 07:41:06,376 [INFO] [client-8] Round 15 done — loss=0.7579 acc=0.7105  4.5s
2026-09-29 07:41:06,378 [INFO] [client-8] Round 16 — receiving model…
2026-09-29 07:41:06,383 [INFO] send 13933B via direct in 303ms (0.37 Mbit/s) to a743958a535e1182
2026-09-29 07:41:06,418 [INFO] [client-2] Round 15 done — loss=0.9593 acc=0.5398  3.0s
2026-09-29 07:41:06,421 [INFO] [client-2] Round 16 — receiving model…
2026-09-29 07:41:06,428 [INFO] send 13933B via direct in 2345ms (0.05 Mbit/s) to ae668fc39a5878dc
2026-09-29 07:41:06,430 [INFO] send 13933B via direct in 554ms (0.20 Mbit/s) to a743958a535e1182
2026-09-29 07:41:06,465 [INFO] [client-7] Round 15 done — loss=1.0265 acc=0.4609  6.2s
2026-09-29 07:41:06,467 [INFO] [client-7] Round 16 — receiving model…
2026-09-29 07:41:06,473 [INFO] send 13933B via direct in 140ms (0.80 Mbit/s) to a743958a535e1182
2026-09-29 07:41:06,494 [INFO] [client-1] Round 15 done — loss=1.0595 acc=0.4286  2.5s
2026-09-29 07:41:06,495 [INFO] [client-1] Round 16 — receiving model…
2026-09-29 07:41:07,135 [INFO] send 13933B via direct in 3106ms (0.04 Mbit/s) to ac91872160a1271b
2026-09-29 07:41:07,139 [INFO] recv 13933B via direct in 2090ms
2026-09-29 07:41:07,146 [INFO] [client-5] Round 15 — training locally…
2026-09-29 07:41:07,386 [INFO] [client-5] Round 15 — sending update…
2026-09-29 07:41:07,515 [INFO] send 13933B via direct in 121ms (0.93 Mbit/s) to a743958a535e1182
2026-09-29 07:41:07,618 [INFO] [client-5] Round 15 done — loss=0.9692 acc=0.5601  5.8s
2026-09-29 07:41:07,620 [INFO] [client-5] Round 16 — receiving model…
2026-09-29 07:41:09,550 [INFO] send 13933B via direct in 5169ms (0.02 Mbit/s) to a743958a535e1182
2026-09-29 07:41:09,588 [INFO] [client-3] Round 15 done — loss=1.0417 acc=0.4560  9.4s
2026-09-29 07:41:09,589 [INFO] [client-3] Round 16 — receiving model…
2026-09-29 07:41:11,048 [INFO] send 13933B via direct in 7008ms (0.02 Mbit/s) to 9db0bd07d2645f13
2026-09-29 07:41:11,056 [INFO] recv 13933B via direct in 5997ms
2026-09-29 07:41:11,066 [INFO] [client-9] Round 15 — training locally…
2026-09-29 07:41:11,211 [INFO] [client-9] Round 15 — sending update…
2026-09-29 07:41:11,214 [INFO] Round 15 — waiting for 10 updates…
2026-09-29 07:41:11,215 [INFO] recv 13933B via direct in 10ms
2026-09-29 07:41:11,219 [INFO] recv 13933B via direct in 48ms
2026-09-29 07:41:11,221 [INFO] recv 13933B via direct in 749ms
2026-09-29 07:41:11,224 [INFO] recv 13933B via direct in 302ms
2026-09-29 07:41:11,226 [INFO] recv 13933B via direct in 266ms
2026-09-29 07:41:11,228 [INFO] recv 13933B via direct in 300ms
2026-09-29 07:41:11,231 [INFO] recv 13933B via direct in 90ms
2026-09-29 07:41:11,233 [INFO] recv 13933B via direct in 115ms
2026-09-29 07:41:11,235 [INFO] recv 13933B via direct in 3082ms
2026-09-29 07:41:11,270 [INFO] send 13933B via direct in 55ms (2.04 Mbit/s) to a743958a535e1182
2026-09-29 07:41:11,348 [INFO] [client-9] Round 15 done — loss=1.0146 acc=0.5179  10.3s
2026-09-29 07:41:11,349 [INFO] [client-9] Round 16 — receiving model…
2026-09-29 07:41:11,351 [INFO] recv 13933B via direct in 30ms
2026-09-29 07:41:11,377 [INFO] Round 15/20  acc=0.4634  loss=1.0664  7.4s  clients=10
2026-09-29 07:41:11,378 [INFO] Round 16 — sending model to 10 clients…
2026-09-29 07:41:11,405 [INFO] send 13933B via direct in 21ms (5.30 Mbit/s) to 8dc56e4e8363c23a
2026-09-29 07:41:11,406 [INFO] recv 13933B via direct in 13ms
2026-09-29 07:41:11,409 [INFO] [client-4] Round 16 — training locally…
2026-09-29 07:41:11,535 [INFO] [client-4] Round 16 — sending update…
2026-09-29 07:41:11,550 [INFO] send 13933B via direct in 160ms (0.70 Mbit/s) to 893a63936ac6578e
2026-09-29 07:41:11,551 [INFO] recv 13933B via direct in 149ms
2026-09-29 07:41:11,554 [INFO] [client-0] Round 16 — training locally…
2026-09-29 07:41:11,640 [INFO] [client-0] Round 16 — sending update…
2026-09-29 07:41:11,648 [INFO] send 13933B via direct in 6ms (17.73 Mbit/s) to a743958a535e1182
2026-09-29 07:41:11,672 [INFO] [client-0] Round 16 done — loss=1.0516 acc=0.4540  7.1s
2026-09-29 07:41:11,674 [INFO] [client-0] Round 17 — receiving model…
2026-09-29 07:41:11,676 [INFO] send 13933B via direct in 293ms (0.38 Mbit/s) to ff2e43362e43021e
2026-09-29 07:41:11,678 [INFO] recv 13933B via direct in 284ms
2026-09-29 07:41:11,683 [INFO] [client-2] Round 16 — training locally…
2026-09-29 07:41:11,870 [INFO] [client-2] Round 16 — sending update…
2026-09-29 07:41:11,916 [INFO] send 13933B via direct in 42ms (2.67 Mbit/s) to a743958a535e1182
2026-09-29 07:41:11,981 [INFO] [client-2] Round 16 done — loss=0.9631 acc=0.5264  5.6s
2026-09-29 07:41:11,982 [INFO] [client-2] Round 17 — receiving model…
2026-09-29 07:41:12,002 [INFO] recv 13933B via direct in 611ms
2026-09-29 07:41:12,006 [INFO] [client-9] Round 16 — training locally…
2026-09-29 07:41:12,138 [INFO] [client-9] Round 16 — sending update…
2026-09-29 07:41:12,143 [INFO] send 13933B via direct in 762ms (0.15 Mbit/s) to 9db0bd07d2645f13
2026-09-29 07:41:12,426 [INFO] send 13933B via direct in 1040ms (0.11 Mbit/s) to 1745e2eb52fe97e1
2026-09-29 07:41:12,430 [INFO] recv 13933B via direct in 21ms
2026-09-29 07:41:12,437 [INFO] [client-6] Round 16 — training locally…
2026-09-29 07:41:12,578 [INFO] [client-6] Round 16 — sending update…
2026-09-29 07:41:12,580 [INFO] send 13933B via direct in 1035ms (0.11 Mbit/s) to b1c19feb43e9a176
2026-09-29 07:41:12,583 [INFO] send 13933B via direct in 1037ms (0.11 Mbit/s) to ac91872160a1271b
2026-09-29 07:41:12,585 [INFO] recv 13933B via direct in 17ms
2026-09-29 07:41:12,589 [INFO] [client-8] Round 16 — training locally…
2026-09-29 07:41:12,695 [INFO] [client-8] Round 16 — sending update…
2026-09-29 07:41:12,698 [INFO] recv 13933B via direct in 12ms
2026-09-29 07:41:12,703 [INFO] [client-5] Round 16 — training locally…
2026-09-29 07:41:12,809 [INFO] [client-5] Round 16 — sending update…
2026-09-29 07:41:12,821 [INFO] send 13933B via direct in 1423ms (0.08 Mbit/s) to 651191476bb7806e
2026-09-29 07:41:12,824 [INFO] recv 13933B via direct in 401ms
2026-09-29 07:41:12,827 [INFO] [client-3] Round 16 — training locally…
2026-09-29 07:41:12,930 [INFO] [client-3] Round 16 — sending update…
2026-09-29 07:41:12,937 [INFO] send 13933B via direct in 236ms (0.47 Mbit/s) to a743958a535e1182
2026-09-29 07:41:12,961 [INFO] [client-8] Round 16 done — loss=0.7593 acc=0.7095  6.6s
2026-09-29 07:41:12,962 [INFO] [client-8] Round 17 — receiving model…
2026-09-29 07:41:12,964 [INFO] send 13933B via direct in 356ms (0.31 Mbit/s) to a743958a535e1182
2026-09-29 07:41:12,988 [INFO] [client-6] Round 16 done — loss=1.0120 acc=0.4903  6.9s
2026-09-29 07:41:12,990 [INFO] [client-6] Round 17 — receiving model…
2026-09-29 07:41:13,236 [INFO] send 13933B via direct in 422ms (0.26 Mbit/s) to a743958a535e1182
2026-09-29 07:41:13,306 [INFO] [client-5] Round 16 done — loss=0.9705 acc=0.5556  5.7s
2026-09-29 07:41:13,307 [INFO] [client-5] Round 17 — receiving model…
2026-09-29 07:41:13,405 [INFO] send 13933B via direct in 2016ms (0.06 Mbit/s) to ae668fc39a5878dc
2026-09-29 07:41:13,410 [INFO] recv 13933B via direct in 2ms
2026-09-29 07:41:13,418 [INFO] [client-1] Round 16 — training locally…
2026-09-29 07:41:13,574 [INFO] [client-1] Round 16 — sending update…
2026-09-29 07:41:13,579 [INFO] send 13933B via direct in 644ms (0.17 Mbit/s) to a743958a535e1182
2026-09-29 07:41:13,601 [INFO] [client-3] Round 16 done — loss=1.0442 acc=0.4478  4.0s
2026-09-29 07:41:13,602 [INFO] [client-3] Round 17 — receiving model…
2026-09-29 07:41:13,614 [INFO] send 13933B via direct in 38ms (2.96 Mbit/s) to a743958a535e1182
2026-09-29 07:41:13,630 [INFO] [client-1] Round 16 done — loss=1.0574 acc=0.4282  7.1s
2026-09-29 07:41:13,631 [INFO] [client-1] Round 17 — receiving model…
2026-09-29 07:41:13,856 [INFO] send 13933B via direct in 2318ms (0.05 Mbit/s) to a743958a535e1182
2026-09-29 07:41:13,958 [INFO] [client-4] Round 16 done — loss=1.0159 acc=0.4911  9.3s
2026-09-29 07:41:13,959 [INFO] [client-4] Round 17 — receiving model…
2026-09-29 07:41:14,401 [INFO] recv 13933B via direct in 3ms
2026-09-29 07:41:14,404 [INFO] [client-7] Round 16 — training locally…
2026-09-29 07:41:14,610 [INFO] [client-7] Round 16 — sending update…
2026-09-29 07:41:14,612 [INFO] send 13933B via direct in 3014ms (0.04 Mbit/s) to 913917140bfae6d0
2026-09-29 07:41:14,613 [INFO] Round 16 — waiting for 10 updates…
2026-09-29 07:41:14,615 [INFO] recv 13933B via direct in 1ms
2026-09-29 07:41:14,619 [INFO] recv 13933B via direct in 36ms
2026-09-29 07:41:14,622 [INFO] recv 13933B via direct in 120ms
2026-09-29 07:41:14,624 [INFO] recv 13933B via direct in 144ms
2026-09-29 07:41:14,627 [INFO] recv 13933B via direct in 300ms
2026-09-29 07:41:14,629 [INFO] recv 13933B via direct in 437ms
2026-09-29 07:41:14,633 [INFO] recv 13933B via direct in 9ms
2026-09-29 07:41:14,636 [INFO] recv 13933B via direct in 1034ms
2026-09-29 07:41:14,642 [INFO] recv 13933B via direct in 2ms
2026-09-29 07:41:14,671 [INFO] send 13933B via direct in 58ms (1.92 Mbit/s) to a743958a535e1182
2026-09-29 07:41:14,721 [INFO] [client-7] Round 16 done — loss=1.0278 acc=0.4523  8.3s
2026-09-29 07:41:14,722 [INFO] [client-7] Round 17 — receiving model…
2026-09-29 07:41:18,160 [INFO] recv 13933B via direct in 1ms
2026-09-29 07:41:18,216 [INFO] Round 16/20  acc=0.4704  loss=1.0614  6.8s  clients=10
2026-09-29 07:41:18,217 [INFO] Round 17 — sending model to 10 clients…
2026-09-29 07:41:18,233 [INFO] send 13933B via direct in 6087ms (0.02 Mbit/s) to a743958a535e1182
2026-09-29 07:41:18,257 [INFO] [client-9] Round 16 done — loss=1.0112 acc=0.5176  6.9s
2026-09-29 07:41:18,258 [INFO] [client-9] Round 17 — receiving model…
2026-09-29 07:41:18,264 [INFO] send 13933B via direct in 44ms (2.53 Mbit/s) to ac91872160a1271b
2026-09-29 07:41:18,267 [INFO] recv 13933B via direct in 35ms
2026-09-29 07:41:18,270 [INFO] [client-5] Round 17 — training locally…
2026-09-29 07:41:18,467 [INFO] [client-5] Round 17 — sending update…
2026-09-29 07:41:18,472 [INFO] recv 13933B via direct in 37ms
2026-09-29 07:41:18,476 [INFO] [client-1] Round 17 — training locally…
2026-09-29 07:41:18,637 [INFO] [client-1] Round 17 — sending update…
2026-09-29 07:41:18,644 [INFO] send 13933B via direct in 415ms (0.27 Mbit/s) to ae668fc39a5878dc
2026-09-29 07:41:18,647 [INFO] send 13933B via direct in 412ms (0.27 Mbit/s) to 1745e2eb52fe97e1
2026-09-29 07:41:18,650 [INFO] recv 13933B via direct in 383ms
2026-09-29 07:41:18,652 [INFO] [client-6] Round 17 — training locally…
2026-09-29 07:41:18,761 [INFO] [client-6] Round 17 — sending update…
2026-09-29 07:41:18,768 [INFO] send 13933B via direct in 295ms (0.38 Mbit/s) to a743958a535e1182
2026-09-29 07:41:18,796 [INFO] [client-5] Round 17 done — loss=0.9736 acc=0.5598  5.5s
2026-09-29 07:41:18,797 [INFO] [client-5] Round 18 — receiving model…
2026-09-29 07:41:18,804 [INFO] send 13933B via direct in 165ms (0.68 Mbit/s) to a743958a535e1182
2026-09-29 07:41:18,829 [INFO] [client-1] Round 17 done — loss=1.0591 acc=0.4241  5.2s
2026-09-29 07:41:18,830 [INFO] [client-1] Round 18 — receiving model…
2026-09-29 07:41:18,888 [INFO] send 13933B via direct in 123ms (0.91 Mbit/s) to a743958a535e1182
2026-09-29 07:41:18,963 [INFO] [client-6] Round 17 done — loss=1.0059 acc=0.5003  6.0s
2026-09-29 07:41:18,965 [INFO] [client-6] Round 18 — receiving model…
2026-09-29 07:41:19,264 [INFO] recv 13933B via direct in 16ms
2026-09-29 07:41:19,269 [INFO] [client-0] Round 17 — training locally…
2026-09-29 07:41:19,493 [INFO] [client-0] Round 17 — sending update…
2026-09-29 07:41:19,496 [INFO] send 13933B via direct in 1038ms (0.11 Mbit/s) to 893a63936ac6578e
2026-09-29 07:41:19,499 [INFO] send 13933B via direct in 1040ms (0.11 Mbit/s) to b1c19feb43e9a176
2026-09-29 07:41:19,500 [INFO] recv 13933B via direct in 19ms
2026-09-29 07:41:19,503 [INFO] [client-8] Round 17 — training locally…
2026-09-29 07:41:19,662 [INFO] [client-8] Round 17 — sending update…
2026-09-29 07:41:19,667 [INFO] send 13933B via direct in 1275ms (0.09 Mbit/s) to 9db0bd07d2645f13
2026-09-29 07:41:19,672 [INFO] recv 13933B via direct in 253ms
2026-09-29 07:41:19,675 [INFO] [client-9] Round 17 — training locally…
2026-09-29 07:41:19,826 [INFO] [client-9] Round 17 — sending update…
2026-09-29 07:41:19,830 [INFO] send 13933B via direct in 1444ms (0.08 Mbit/s) to 8dc56e4e8363c23a
2026-09-29 07:41:19,836 [INFO] send 13933B via direct in 1442ms (0.08 Mbit/s) to 651191476bb7806e
2026-09-29 07:41:19,837 [INFO] recv 13933B via direct in 407ms
2026-09-29 07:41:19,840 [INFO] [client-4] Round 17 — training locally…
2026-09-29 07:41:19,961 [INFO] [client-4] Round 17 — sending update…
2026-09-29 07:41:19,966 [INFO] recv 13933B via direct in 409ms
2026-09-29 07:41:19,972 [INFO] [client-3] Round 17 — training locally…
2026-09-29 07:41:20,116 [INFO] [client-3] Round 17 — sending update…
2026-09-29 07:41:20,126 [INFO] send 13933B via direct in 456ms (0.24 Mbit/s) to a743958a535e1182
2026-09-29 07:41:20,150 [INFO] [client-8] Round 17 done — loss=0.7645 acc=0.7129  7.2s
2026-09-29 07:41:20,152 [INFO] [client-8] Round 18 — receiving model…
2026-09-29 07:41:20,178 [INFO] send 13933B via direct in 349ms (0.32 Mbit/s) to a743958a535e1182
2026-09-29 07:41:20,206 [INFO] [client-9] Round 17 done — loss=1.0105 acc=0.5242  1.9s
2026-09-29 07:41:20,208 [INFO] [client-9] Round 18 — receiving model…
2026-09-29 07:41:20,336 [INFO] send 13933B via direct in 365ms (0.31 Mbit/s) to a743958a535e1182
2026-09-29 07:41:20,397 [INFO] [client-4] Round 17 done — loss=1.0170 acc=0.4976  6.4s
2026-09-29 07:41:20,398 [INFO] [client-4] Round 18 — receiving model…
2026-09-29 07:41:20,530 [INFO] send 13933B via direct in 1033ms (0.11 Mbit/s) to a743958a535e1182
2026-09-29 07:41:20,571 [INFO] [client-0] Round 17 done — loss=1.0513 acc=0.4549  8.9s
2026-09-29 07:41:20,573 [INFO] [client-0] Round 18 — receiving model…
2026-09-29 07:41:21,258 [INFO] send 13933B via direct in 3027ms (0.04 Mbit/s) to 913917140bfae6d0
2026-09-29 07:41:21,264 [INFO] recv 13933B via direct in 1988ms
2026-09-29 07:41:21,275 [INFO] [client-7] Round 17 — training locally…
2026-09-29 07:41:21,452 [INFO] [client-7] Round 17 — sending update…
2026-09-29 07:41:21,457 [INFO] send 13933B via direct in 3231ms (0.03 Mbit/s) to ff2e43362e43021e
2026-09-29 07:41:21,459 [INFO] recv 13933B via direct in 205ms
2026-09-29 07:41:21,462 [INFO] [client-2] Round 17 — training locally…
2026-09-29 07:41:21,586 [INFO] [client-2] Round 17 — sending update…
2026-09-29 07:41:21,589 [INFO] Round 17 — waiting for 10 updates…
2026-09-29 07:41:21,591 [INFO] recv 13933B via direct in 126ms
2026-09-29 07:41:21,593 [INFO] recv 13933B via direct in 118ms
2026-09-29 07:41:21,596 [INFO] recv 13933B via direct in 89ms
2026-09-29 07:41:21,598 [INFO] recv 13933B via direct in 322ms
2026-09-29 07:41:21,601 [INFO] recv 13933B via direct in 190ms
2026-09-29 07:41:21,603 [INFO] recv 13933B via direct in 207ms
2026-09-29 07:41:21,606 [INFO] recv 13933B via direct in 28ms
2026-09-29 07:41:21,616 [INFO] send 13933B via direct in 27ms (4.15 Mbit/s) to a743958a535e1182
2026-09-29 07:41:21,636 [INFO] [client-2] Round 17 done — loss=0.9633 acc=0.5110  9.7s
2026-09-29 07:41:21,637 [INFO] [client-2] Round 18 — receiving model…
2026-09-29 07:41:21,639 [INFO] recv 13933B via direct in 6ms
2026-09-29 07:41:23,132 [INFO] send 13933B via direct in 3010ms (0.04 Mbit/s) to a743958a535e1182
2026-09-29 07:41:23,306 [INFO] [client-3] Round 17 done — loss=1.0448 acc=0.4481  9.7s
2026-09-29 07:41:23,308 [INFO] [client-3] Round 18 — receiving model…
2026-09-29 07:41:23,311 [INFO] recv 13933B via direct in 5ms
2026-09-29 07:41:23,460 [INFO] send 13933B via direct in 2005ms (0.06 Mbit/s) to a743958a535e1182
2026-09-29 07:41:23,490 [INFO] [client-7] Round 17 done — loss=1.0291 acc=0.4420  8.8s
2026-09-29 07:41:23,491 [INFO] [client-7] Round 18 — receiving model…
2026-09-29 07:41:23,494 [INFO] recv 13933B via direct in 36ms
2026-09-29 07:41:23,521 [INFO] Round 17/20  acc=0.4707  loss=1.0607  5.3s  clients=10
2026-09-29 07:41:23,522 [INFO] Round 18 — sending model to 10 clients…
2026-09-29 07:41:23,554 [INFO] send 13933B via direct in 23ms (4.92 Mbit/s) to ac91872160a1271b
2026-09-29 07:41:23,556 [INFO] recv 13933B via direct in 16ms
2026-09-29 07:41:23,559 [INFO] [client-3] Round 18 — training locally…
2026-09-29 07:41:23,683 [INFO] [client-3] Round 18 — sending update…
2026-09-29 07:41:23,687 [INFO] send 13933B via direct in 20ms (5.47 Mbit/s) to 893a63936ac6578e
2026-09-29 07:41:23,689 [INFO] recv 13933B via direct in 16ms
2026-09-29 07:41:23,691 [INFO] [client-5] Round 18 — training locally…
2026-09-29 07:41:23,803 [INFO] [client-5] Round 18 — sending update…
2026-09-29 07:41:23,808 [INFO] recv 13933B via direct in 18ms
2026-09-29 07:41:23,811 [INFO] [client-0] Round 18 — training locally…
2026-09-29 07:41:23,904 [INFO] [client-0] Round 18 — sending update…
2026-09-29 07:41:23,911 [INFO] send 13933B via direct in 270ms (0.41 Mbit/s) to ae668fc39a5878dc
2026-09-29 07:41:23,912 [INFO] recv 13933B via direct in 257ms
2026-09-29 07:41:23,915 [INFO] [client-1] Round 18 — training locally…
2026-09-29 07:41:24,042 [INFO] [client-1] Round 18 — sending update…
2026-09-29 07:41:24,044 [INFO] send 13933B via direct in 379ms (0.29 Mbit/s) to 1745e2eb52fe97e1
2026-09-29 07:41:24,046 [INFO] send 13933B via direct in 279ms (0.40 Mbit/s) to 651191476bb7806e
2026-09-29 07:41:24,047 [INFO] send 13933B via direct in 379ms (0.30 Mbit/s) to 913917140bfae6d0
2026-09-29 07:41:24,051 [INFO] recv 13933B via direct in 371ms
2026-09-29 07:41:24,054 [INFO] [client-7] Round 18 — training locally…
2026-09-29 07:41:24,185 [INFO] [client-7] Round 18 — sending update…
2026-09-29 07:41:24,194 [INFO] recv 13933B via direct in 372ms
2026-09-29 07:41:24,196 [INFO] [client-6] Round 18 — training locally…
2026-09-29 07:41:24,307 [INFO] [client-6] Round 18 — sending update…
2026-09-29 07:41:24,316 [INFO] send 13933B via direct in 507ms (0.22 Mbit/s) to a743958a535e1182
2026-09-29 07:41:24,336 [INFO] [client-5] Round 18 done — loss=0.9662 acc=0.5532  5.5s
2026-09-29 07:41:24,337 [INFO] [client-5] Round 19 — receiving model…
2026-09-29 07:41:24,341 [INFO] send 13933B via direct in 152ms (0.74 Mbit/s) to a743958a535e1182
2026-09-29 07:41:24,381 [INFO] [client-7] Round 18 done — loss=1.0300 acc=0.4444  0.9s
2026-09-29 07:41:24,386 [INFO] [client-7] Round 19 — receiving model…
2026-09-29 07:41:24,391 [INFO] send 13933B via direct in 346ms (0.32 Mbit/s) to a743958a535e1182
2026-09-29 07:41:24,422 [INFO] [client-1] Round 18 done — loss=1.0571 acc=0.4289  5.6s
2026-09-29 07:41:24,423 [INFO] [client-1] Round 19 — receiving model…
2026-09-29 07:41:24,569 [INFO] recv 13933B via direct in 32ms
2026-09-29 07:41:24,572 [INFO] [client-9] Round 18 — training locally…
2026-09-29 07:41:24,729 [INFO] [client-9] Round 18 — sending update…
2026-09-29 07:41:24,736 [INFO] send 13933B via direct in 1201ms (0.09 Mbit/s) to 9db0bd07d2645f13
2026-09-29 07:41:24,739 [INFO] send 13933B via direct in 1052ms (0.11 Mbit/s) to a743958a535e1182
2026-09-29 07:41:24,757 [INFO] [client-3] Round 18 done — loss=1.0442 acc=0.4468  1.4s
2026-09-29 07:41:24,758 [INFO] [client-3] Round 19 — receiving model…
2026-09-29 07:41:25,230 [INFO] send 13933B via direct in 1320ms (0.08 Mbit/s) to a743958a535e1182
2026-09-29 07:41:25,338 [INFO] [client-0] Round 18 done — loss=1.0534 acc=0.4566  4.8s
2026-09-29 07:41:25,339 [INFO] [client-0] Round 19 — receiving model…
2026-09-29 07:41:25,349 [INFO] send 13933B via direct in 1040ms (0.11 Mbit/s) to a743958a535e1182
2026-09-29 07:41:25,425 [INFO] [client-6] Round 18 done — loss=1.0075 acc=0.4986  6.5s
2026-09-29 07:41:25,427 [INFO] [client-6] Round 19 — receiving model…
2026-09-29 07:41:25,971 [INFO] send 13933B via direct in 1236ms (0.09 Mbit/s) to a743958a535e1182
2026-09-29 07:41:26,029 [INFO] [client-9] Round 18 done — loss=1.0170 acc=0.5218  5.8s
2026-09-29 07:41:26,031 [INFO] [client-9] Round 19 — receiving model…
2026-09-29 07:41:26,545 [INFO] send 13933B via direct in 3007ms (0.04 Mbit/s) to ff2e43362e43021e
2026-09-29 07:41:26,547 [INFO] recv 13933B via direct in 6ms
2026-09-29 07:41:26,556 [INFO] [client-2] Round 18 — training locally…
2026-09-29 07:41:26,732 [INFO] [client-2] Round 18 — sending update…
2026-09-29 07:41:26,735 [INFO] send 13933B via direct in 3209ms (0.03 Mbit/s) to 8dc56e4e8363c23a
2026-09-29 07:41:26,737 [INFO] recv 13933B via direct in 207ms
2026-09-29 07:41:26,739 [INFO] [client-4] Round 18 — training locally…
2026-09-29 07:41:26,890 [INFO] [client-4] Round 18 — sending update…
2026-09-29 07:41:26,897 [INFO] send 13933B via direct in 3360ms (0.03 Mbit/s) to b1c19feb43e9a176
2026-09-29 07:41:26,898 [INFO] Round 18 — waiting for 10 updates…
2026-09-29 07:41:26,899 [INFO] recv 13933B via direct in 426ms
2026-09-29 07:41:26,903 [INFO] recv 13933B via direct in 27ms
2026-09-29 07:41:26,906 [INFO] recv 13933B via direct in 81ms
2026-09-29 07:41:26,909 [INFO] recv 13933B via direct in 28ms
2026-09-29 07:41:26,911 [INFO] recv 13933B via direct in 1180ms
2026-09-29 07:41:26,914 [INFO] recv 13933B via direct in 86ms
2026-09-29 07:41:26,917 [INFO] recv 13933B via direct in 223ms
2026-09-29 07:41:26,922 [INFO] recv 13933B via direct in 354ms
2026-09-29 07:41:26,925 [INFO] [client-8] Round 18 — training locally…
2026-09-29 07:41:27,051 [INFO] [client-8] Round 18 — sending update…
2026-09-29 07:41:27,813 [INFO] send 13933B via direct in 1072ms (0.10 Mbit/s) to a743958a535e1182
2026-09-29 07:41:27,876 [INFO] [client-2] Round 18 done — loss=0.9574 acc=0.5295  6.2s
2026-09-29 07:41:27,877 [INFO] [client-2] Round 19 — receiving model…
2026-09-29 07:41:27,879 [INFO] recv 13933B via direct in 65ms
2026-09-29 07:41:28,071 [INFO] recv 13933B via direct in 4ms
2026-09-29 07:41:28,077 [INFO] send 13933B via direct in 1021ms (0.11 Mbit/s) to a743958a535e1182
2026-09-29 07:41:28,118 [INFO] [client-8] Round 18 done — loss=0.7577 acc=0.7126  8.0s
2026-09-29 07:41:28,119 [INFO] [client-8] Round 19 — receiving model…
2026-09-29 07:41:28,929 [INFO] recv 13933B via direct in 8ms
2026-09-29 07:41:28,989 [INFO] Round 18/20  acc=0.4723  loss=1.0587  5.5s  clients=10
2026-09-29 07:41:28,991 [INFO] Round 19 — sending model to 10 clients…
2026-09-29 07:41:29,006 [INFO] send 13933B via direct in 2034ms (0.05 Mbit/s) to a743958a535e1182
2026-09-29 07:41:29,034 [INFO] [client-4] Round 18 done — loss=1.0103 acc=0.4921  8.6s
2026-09-29 07:41:29,035 [INFO] [client-4] Round 19 — receiving model…
2026-09-29 07:41:29,060 [INFO] send 13933B via direct in 65ms (1.73 Mbit/s) to 651191476bb7806e
2026-09-29 07:41:29,062 [INFO] send 13933B via direct in 59ms (1.89 Mbit/s) to 913917140bfae6d0
2026-09-29 07:41:29,064 [INFO] send 13933B via direct in 55ms (2.04 Mbit/s) to 893a63936ac6578e
2026-09-29 07:41:29,067 [INFO] recv 13933B via direct in 23ms
2026-09-29 07:41:29,069 [INFO] [client-5] Round 19 — training locally…
2026-09-29 07:41:29,213 [INFO] [client-5] Round 19 — sending update…
2026-09-29 07:41:29,217 [INFO] recv 13933B via direct in 23ms
2026-09-29 07:41:29,220 [INFO] [client-3] Round 19 — training locally…
2026-09-29 07:41:29,393 [INFO] [client-3] Round 19 — sending update…
2026-09-29 07:41:29,397 [INFO] recv 13933B via direct in 24ms
2026-09-29 07:41:29,402 [INFO] [client-2] Round 19 — training locally…
2026-09-29 07:41:29,729 [INFO] [client-2] Round 19 — sending update…
2026-09-29 07:41:29,733 [INFO] recv 13933B via direct in 25ms
2026-09-29 07:41:29,737 [INFO] [client-7] Round 19 — training locally…
2026-09-29 07:41:30,036 [INFO] [client-7] Round 19 — sending update…
2026-09-29 07:41:30,042 [INFO] recv 13933B via direct in 27ms
2026-09-29 07:41:30,047 [INFO] [client-4] Round 19 — training locally…
2026-09-29 07:41:30,287 [INFO] [client-4] Round 19 — sending update…
2026-09-29 07:41:30,293 [INFO] recv 13933B via direct in 27ms
2026-09-29 07:41:30,297 [INFO] [client-0] Round 19 — training locally…
2026-09-29 07:41:30,475 [INFO] [client-0] Round 19 — sending update…
2026-09-29 07:41:30,479 [INFO] recv 13933B via direct in 27ms
2026-09-29 07:41:30,483 [INFO] [client-1] Round 19 — training locally…
2026-09-29 07:41:30,758 [INFO] [client-1] Round 19 — sending update…
2026-09-29 07:41:30,780 [INFO] send 13933B via direct in 1756ms (0.06 Mbit/s) to ae668fc39a5878dc
2026-09-29 07:41:30,781 [INFO] send 13933B via direct in 1766ms (0.06 Mbit/s) to 9db0bd07d2645f13
2026-09-29 07:41:30,782 [INFO] send 13933B via direct in 1763ms (0.06 Mbit/s) to 1745e2eb52fe97e1
2026-09-29 07:41:30,784 [INFO] send 13933B via direct in 1760ms (0.06 Mbit/s) to b1c19feb43e9a176
2026-09-29 07:41:30,786 [INFO] recv 13933B via direct in 1727ms
2026-09-29 07:41:30,789 [INFO] [client-9] Round 19 — training locally…
2026-09-29 07:41:30,937 [INFO] [client-9] Round 19 — sending update…
2026-09-29 07:41:30,941 [ERROR] send_tensors → client-5 FAILED: ConnectionError: stream not acknowledged: IrohError: 
2026-09-29 07:41:30,942 [ERROR] send_tensors → client-2 FAILED: ConnectionError: stream not acknowledged: IrohError: 
2026-09-29 07:41:30,943 [ERROR] send_tensors → client-4 FAILED: ConnectionError: stream not acknowledged: IrohError: 
2026-09-29 07:41:30,944 [INFO] Round 19 — waiting for 7 updates…
2026-09-29 07:41:30,949 [INFO] recv 13933B via direct in 1745ms
2026-09-29 07:41:30,953 [INFO] [client-8] Round 19 — training locally…
2026-09-29 07:41:31,133 [INFO] [client-8] Round 19 — sending update…
2026-09-29 07:41:31,136 [INFO] recv 13933B via direct in 1748ms
2026-09-29 07:41:31,142 [INFO] [client-6] Round 19 — training locally…
2026-09-29 07:41:31,355 [INFO] [client-6] Round 19 — sending update…
2026-09-29 07:41:31,359 [INFO] send 13933B via direct in 1213ms (0.09 Mbit/s) to a743958a535e1182
2026-09-29 07:41:31,410 [INFO] [client-2] Round 19 done — loss=0.9567 acc=0.5299  3.5s
2026-09-29 07:41:31,411 [INFO] [client-2] Round 20 — receiving model…
2026-09-29 07:41:31,414 [INFO] send 13933B via direct in 1729ms (0.06 Mbit/s) to a743958a535e1182
2026-09-29 07:41:31,465 [INFO] [client-5] Round 19 done — loss=0.9630 acc=0.5622  7.1s
2026-09-29 07:41:31,467 [INFO] [client-5] Round 20 — receiving model…
2026-09-29 07:41:31,469 [INFO] send 13933B via direct in 654ms (0.17 Mbit/s) to a743958a535e1182
2026-09-29 07:41:31,520 [INFO] [client-4] Round 19 done — loss=1.0156 acc=0.4955  2.5s
2026-09-29 07:41:31,521 [INFO] [client-4] Round 20 — receiving model…
2026-09-29 07:41:31,524 [INFO] send 13933B via direct in 469ms (0.24 Mbit/s) to a743958a535e1182
2026-09-29 07:41:31,561 [INFO] [client-0] Round 19 done — loss=1.0530 acc=0.4579  6.2s
2026-09-29 07:41:31,562 [INFO] [client-0] Round 20 — receiving model…
2026-09-29 07:41:31,566 [INFO] send 13933B via direct in 909ms (0.12 Mbit/s) to a743958a535e1182
2026-09-29 07:41:31,604 [INFO] [client-7] Round 19 done — loss=1.0266 acc=0.4591  7.2s
2026-09-29 07:41:31,605 [INFO] [client-7] Round 20 — receiving model…
2026-09-29 07:41:31,610 [INFO] recv 13933B via direct in 649ms
2026-09-29 07:41:31,614 [WARNING] Round 19 — discarding update from unselected/duplicate peer ff2e43362e43021e
2026-09-29 07:41:31,618 [INFO] recv 13933B via direct in 759ms
2026-09-29 07:41:31,620 [INFO] recv 13933B via direct in 759ms
2026-09-29 07:41:31,622 [WARNING] Round 19 — discarding update from unselected/duplicate peer ac91872160a1271b
2026-09-29 07:41:31,623 [INFO] recv 13933B via direct in 799ms
2026-09-29 07:41:31,626 [WARNING] Round 19 — discarding update from unselected/duplicate peer 8dc56e4e8363c23a
2026-09-29 07:41:31,627 [INFO] recv 13933B via direct in 799ms
2026-09-29 07:41:31,632 [INFO] send 13933B via direct in 495ms (0.23 Mbit/s) to a743958a535e1182
2026-09-29 07:41:31,671 [INFO] [client-8] Round 19 done — loss=0.7641 acc=0.7126  3.6s
2026-09-29 07:41:31,673 [INFO] [client-8] Round 20 — receiving model…
2026-09-29 07:41:31,675 [INFO] recv 13933B via direct in 67ms
2026-09-29 07:41:31,797 [INFO] recv 13933B via direct in 1032ms
2026-09-29 07:41:31,824 [INFO] send 13933B via direct in 2427ms (0.05 Mbit/s) to a743958a535e1182
2026-09-29 07:41:31,864 [INFO] [client-3] Round 19 done — loss=1.0411 acc=0.4536  7.1s
2026-09-29 07:41:31,866 [INFO] [client-3] Round 20 — receiving model…
2026-09-29 07:41:31,976 [INFO] recv 13933B via direct in 31ms
2026-09-29 07:41:32,003 [INFO] send 13933B via direct in 1062ms (0.11 Mbit/s) to a743958a535e1182
2026-09-29 07:41:32,052 [INFO] [client-9] Round 19 done — loss=1.0074 acc=0.5270  6.0s
2026-09-29 07:41:32,053 [INFO] [client-9] Round 20 — receiving model…
2026-09-29 07:41:33,846 [INFO] send 13933B via direct in 3085ms (0.04 Mbit/s) to a743958a535e1182
2026-09-29 07:41:33,917 [INFO] [client-1] Round 19 done — loss=1.0579 acc=0.4251  9.5s
2026-09-29 07:41:33,918 [INFO] [client-1] Round 20 — receiving model…
2026-09-29 07:41:33,920 [INFO] recv 13933B via direct in 57ms
2026-09-29 07:41:34,757 [INFO] recv 13933B via direct in 3147ms
2026-09-29 07:41:34,814 [INFO] Round 19/20  acc=0.3625  loss=1.1150  5.8s  clients=7
2026-09-29 07:41:34,816 [INFO] Round 20 — sending model to 10 clients…
2026-09-29 07:41:34,861 [INFO] send 13933B via direct in 3481ms (0.03 Mbit/s) to a743958a535e1182
2026-09-29 07:41:34,900 [INFO] [client-6] Round 19 done — loss=1.0082 acc=0.4958  9.5s
2026-09-29 07:41:34,902 [INFO] [client-6] Round 20 — receiving model…
2026-09-29 07:41:34,913 [INFO] send 13933B via direct in 91ms (1.23 Mbit/s) to 8dc56e4e8363c23a
2026-09-29 07:41:34,915 [INFO] send 13933B via direct in 90ms (1.23 Mbit/s) to 1745e2eb52fe97e1
2026-09-29 07:41:34,917 [INFO] send 13933B via direct in 89ms (1.25 Mbit/s) to ae668fc39a5878dc
2026-09-29 07:41:34,918 [INFO] send 13933B via direct in 88ms (1.27 Mbit/s) to ff2e43362e43021e
2026-09-29 07:41:34,923 [INFO] recv 13933B via direct in 76ms
2026-09-29 07:41:34,926 [INFO] [client-4] Round 20 — training locally…
2026-09-29 07:41:35,124 [INFO] [client-4] Round 20 — sending update…
2026-09-29 07:41:35,128 [INFO] recv 13933B via direct in 78ms
2026-09-29 07:41:35,134 [INFO] [client-6] Round 20 — training locally…
2026-09-29 07:41:35,296 [INFO] [client-6] Round 20 — sending update…
2026-09-29 07:41:35,298 [INFO] recv 13933B via direct in 79ms
2026-09-29 07:41:35,306 [INFO] [client-1] Round 20 — training locally…
2026-09-29 07:41:35,567 [INFO] [client-1] Round 20 — sending update…
2026-09-29 07:41:35,576 [INFO] recv 13933B via direct in 80ms
2026-09-29 07:41:35,580 [INFO] [client-2] Round 20 — training locally…
2026-09-29 07:41:35,776 [INFO] [client-2] Round 20 — sending update…
2026-09-29 07:41:35,782 [INFO] recv 13933B via direct in 15ms
2026-09-29 07:41:35,787 [INFO] [client-9] Round 20 — training locally…
2026-09-29 07:41:35,993 [INFO] [client-9] Round 20 — sending update…
2026-09-29 07:41:35,996 [INFO] recv 13933B via direct in 81ms
2026-09-29 07:41:36,001 [INFO] [client-3] Round 20 — training locally…
2026-09-29 07:41:36,252 [INFO] [client-3] Round 20 — sending update…
2026-09-29 07:41:36,263 [INFO] recv 13933B via direct in 875ms
2026-09-29 07:41:36,266 [INFO] [client-7] Round 20 — training locally…
2026-09-29 07:41:36,568 [INFO] [client-7] Round 20 — sending update…
2026-09-29 07:41:36,576 [INFO] send 13933B via direct in 1425ms (0.08 Mbit/s) to 651191476bb7806e
2026-09-29 07:41:36,580 [INFO] send 13933B via direct in 1419ms (0.08 Mbit/s) to 913917140bfae6d0
2026-09-29 07:41:36,587 [INFO] send 13933B via direct in 1422ms (0.08 Mbit/s) to 9db0bd07d2645f13
2026-09-29 07:41:36,598 [INFO] send 13933B via direct in 813ms (0.14 Mbit/s) to a743958a535e1182
2026-09-29 07:41:36,633 [INFO] [client-2] Round 20 done — loss=0.9543 acc=0.5244  5.2s
2026-09-29 07:41:36,639 [INFO] send 13933B via direct in 343ms (0.33 Mbit/s) to a743958a535e1182
2026-09-29 07:41:36,679 [INFO] [client-3] Round 20 done — loss=1.0466 acc=0.4351  4.8s
2026-09-29 07:41:36,682 [INFO] send 13933B via direct in 65ms (1.72 Mbit/s) to a743958a535e1182
2026-09-29 07:41:36,714 [INFO] [client-7] Round 20 done — loss=1.0260 acc=0.4530  5.1s
2026-09-29 07:41:36,716 [INFO] send 13933B via direct in 1062ms (0.11 Mbit/s) to a743958a535e1182
2026-09-29 07:41:36,772 [INFO] [client-1] Round 20 done — loss=1.0583 acc=0.4172  2.9s
2026-09-29 07:41:36,871 [INFO] send 13933B via direct in 2042ms (0.05 Mbit/s) to 893a63936ac6578e
2026-09-29 07:41:36,874 [INFO] recv 13933B via direct in 2030ms
2026-09-29 07:41:36,880 [INFO] [client-0] Round 20 — training locally…
2026-09-29 07:41:37,072 [INFO] [client-0] Round 20 — sending update…
2026-09-29 07:41:37,084 [INFO] send 13933B via direct in 2241ms (0.05 Mbit/s) to ac91872160a1271b
2026-09-29 07:41:37,089 [INFO] recv 13933B via direct in 235ms
2026-09-29 07:41:37,092 [INFO] [client-5] Round 20 — training locally…
2026-09-29 07:41:37,351 [INFO] [client-5] Round 20 — sending update…
2026-09-29 07:41:37,355 [INFO] send 13933B via direct in 1094ms (0.10 Mbit/s) to a743958a535e1182
2026-09-29 07:41:37,383 [INFO] [client-9] Round 20 done — loss=1.0086 acc=0.5183  5.3s
2026-09-29 07:41:37,391 [INFO] send 13933B via direct in 312ms (0.36 Mbit/s) to a743958a535e1182
2026-09-29 07:41:37,414 [INFO] [client-0] Round 20 done — loss=1.0610 acc=0.4375  5.9s
2026-09-29 07:41:37,418 [INFO] send 13933B via direct in 63ms (1.78 Mbit/s) to a743958a535e1182
2026-09-29 07:41:37,439 [INFO] [client-5] Round 20 done — loss=0.9791 acc=0.5474  6.0s
2026-09-29 07:41:37,441 [INFO] send 13933B via direct in 2119ms (0.05 Mbit/s) to a743958a535e1182
2026-09-29 07:41:37,462 [INFO] [client-6] Round 20 done — loss=1.0063 acc=0.5021  2.6s
2026-09-29 07:41:40,313 [INFO] send 13933B via direct in 4210ms (0.03 Mbit/s) to a743958a535e1182
2026-09-29 07:41:40,349 [INFO] [client-4] Round 20 done — loss=1.0147 acc=0.4870  7.9s
2026-09-29 07:41:42,820 [INFO] recv 13933B via direct in 5ms
2026-09-29 07:41:42,834 [INFO] [client-8] Round 20 — training locally…
2026-09-29 07:41:43,082 [INFO] [client-8] Round 20 — sending update…
2026-09-29 07:41:43,085 [INFO] send 13933B via direct in 7012ms (0.02 Mbit/s) to b1c19feb43e9a176
2026-09-29 07:41:43,087 [INFO] Round 20 — waiting for 10 updates…
2026-09-29 07:41:43,088 [INFO] recv 13933B via direct in 376ms
2026-09-29 07:41:43,091 [INFO] recv 13933B via direct in 98ms
2026-09-29 07:41:43,095 [INFO] recv 13933B via direct in 90ms
2026-09-29 07:41:43,098 [INFO] recv 13933B via direct in 182ms
2026-09-29 07:41:43,102 [INFO] recv 13933B via direct in 309ms
2026-09-29 07:41:43,104 [INFO] recv 13933B via direct in 33ms
2026-09-29 07:41:43,106 [INFO] recv 13933B via direct in 1161ms
2026-09-29 07:41:43,110 [INFO] recv 13933B via direct in 77ms
2026-09-29 07:41:43,113 [INFO] recv 13933B via direct in 3081ms
2026-09-29 07:41:49,095 [INFO] send 13933B via direct in 6009ms (0.02 Mbit/s) to a743958a535e1182
2026-09-29 07:41:49,142 [INFO] [client-8] Round 20 done — loss=0.7471 acc=0.7287  16.5s
2026-09-29 07:41:49,145 [INFO] recv 13933B via direct in 4ms
2026-09-29 07:41:49,180 [INFO] Round 20/20  acc=0.4664  loss=1.0589  13.4s  clients=10
2026-09-29 07:41:49,300 [INFO] CoAP server [client-0] stopped
2026-09-29 07:41:49,424 [INFO] CoAP server [client-1] stopped
2026-09-29 07:41:49,547 [INFO] CoAP server [client-2] stopped
2026-09-29 07:41:49,664 [INFO] CoAP server [client-3] stopped
2026-09-29 07:41:49,773 [INFO] CoAP server [client-4] stopped
2026-09-29 07:41:49,897 [INFO] CoAP server [client-5] stopped
2026-09-29 07:41:50,023 [INFO] CoAP server [client-6] stopped
2026-09-29 07:41:50,140 [INFO] CoAP server [client-7] stopped
2026-09-29 07:41:50,261 [INFO] CoAP server [client-8] stopped
2026-09-29 07:41:50,378 [INFO] CoAP server [client-9] stopped
2026-09-29 07:41:50,495 [INFO] CoAP server [server] stopped
2026-09-29 07:41:50,535 [INFO] Exported 20 rows → results/e11/loss_20/e7_airmlp_geographic_round_events.csv
2026-09-29 07:43:11,368 [INFO] AirMLP airmlp_geographic done: {'node_id': 'server', 'architecture': 'B', 'scenario': 'e7_airmlp_geographic', 'rounds_total': 20, 'rounds_success': 20, 'test_acc_final': 0.4664420106711598, 'test_acc_max': 0.47233923055321536, 'duration_mean_sec': 14.499650797199866, 'pct_direct': 0.0, 'pct_relay': 0.0, 'bytes_to_aggregator': 2709986}  macro-F1=0.3831  bal-acc=0.4184
2026-09-29 07:43:11,409 [INFO] E11 loss_20: {"condition": "loss_20", "netem": "loss 20%", "fl_wall_s": 457.9, "rounds_ok": 20, "rounds": 20, "round_s_median": 7.412, "round_s_max": 106.745, "test_acc_final": 0.4664420106711598, "macro_f1": 0.38312365176609814, "balanced_accuracy": 0.4184341217506189, "xfer_100kB_ok": "9/10", "xfer_100kB_ms_median": 1389.3, "xfer_1000kB_ok": "10/10", "xfer_1000kB_ms_median": 1497.5, "xfer_10000kB_ok": "10/10", "xfer_10000kB_ms_median": 11183.1}
