10:49:55 [INFO] E7 configs to run: ['prophet_fedgam_geographic', 'prophet_fedgam_iid', 'prophet_fedavg_geographic', 'prophet_fedavg_iid']
10:49:55 [INFO] E7 replication over 5 master seeds: [505, 1009, 2017, 3023, 4099]
10:49:55 [INFO] === E7 replicate master=505 (dir=results/e7_local_prophet/seeds/seed505) ===
10:49:56 [INFO] === E7 ProphetWrapper + FEDGAM — geographic (max_train_years=None) ===
10:49:56 [INFO] ICA thresholds loaded: Q1=7.50 Q2=13.00 μg/m³
10:49:56 [INFO] Provinces loaded: ['Avila', 'Burgos', 'León', 'Palencia', 'Ponferrada', 'Salamanca', 'Segovia', 'Soria', 'Valladolid', 'Zamora']
10:49:56 [INFO] ProphetWrapper FEDGAM round 1/10
10:50:15 [ERROR] Importing plotly failed. Interactive plots will not work.
10:50:16 [INFO] Chain [1] start processing
10:50:17 [INFO] Chain [1] done processing
10:50:17 [INFO] ProphetWrapper fitted on 2305 rows — sin_year_1=-0.002 cos_year_1=0.043
10:50:17 [INFO] Chain [1] start processing
10:50:17 [INFO] Chain [1] done processing
10:50:17 [INFO] ProphetWrapper fitted on 2922 rows — sin_year_1=0.006 cos_year_1=0.036
10:50:17 [INFO] Chain [1] start processing
10:50:17 [INFO] Chain [1] done processing
10:50:17 [INFO] ProphetWrapper fitted on 2922 rows — sin_year_1=-0.026 cos_year_1=0.039
10:50:18 [INFO] Chain [1] start processing
10:50:18 [INFO] Chain [1] done processing
10:50:18 [INFO] ProphetWrapper fitted on 2922 rows — sin_year_1=-0.019 cos_year_1=0.067
10:50:18 [INFO] Chain [1] start processing
10:50:18 [INFO] Chain [1] done processing
10:50:18 [INFO] ProphetWrapper fitted on 2922 rows — sin_year_1=-0.018 cos_year_1=0.028
10:50:18 [INFO] Chain [1] start processing
10:50:18 [INFO] Chain [1] done processing
10:50:18 [INFO] ProphetWrapper fitted on 2922 rows — sin_year_1=-0.003 cos_year_1=0.031
10:50:19 [INFO] Chain [1] start processing
10:50:19 [INFO] Chain [1] done processing
10:50:19 [INFO] ProphetWrapper fitted on 2911 rows — sin_year_1=-0.019 cos_year_1=0.070
10:50:19 [INFO] Chain [1] start processing
10:50:19 [INFO] Chain [1] done processing
10:50:19 [INFO] ProphetWrapper fitted on 2912 rows — sin_year_1=-0.010 cos_year_1=0.026
10:50:19 [INFO] Chain [1] start processing
10:50:20 [INFO] Chain [1] done processing
10:50:20 [INFO] ProphetWrapper fitted on 2922 rows — sin_year_1=-0.023 cos_year_1=0.069
10:50:20 [INFO] Chain [1] start processing
10:50:20 [INFO] Chain [1] done processing
10:50:20 [INFO] ProphetWrapper fitted on 2854 rows — sin_year_1=-0.015 cos_year_1=0.059
10:50:40 [INFO] Round 1 — test accuracy: 0.564  macro-F1: 0.493  (3561 samples)
10:50:40 [INFO] ProphetWrapper FEDGAM round 2/10
10:50:41 [INFO] Chain [1] start processing
10:50:41 [INFO] Chain [1] done processing
10:50:41 [INFO] ProphetWrapper fitted on 2305 rows — sin_year_1=-0.001 cos_year_1=0.043
10:50:41 [INFO] Chain [1] start processing
10:50:41 [INFO] Chain [1] done processing
10:50:41 [INFO] ProphetWrapper fitted on 2922 rows — sin_year_1=0.006 cos_year_1=0.036
10:50:41 [INFO] Chain [1] start processing
10:50:41 [INFO] Chain [1] done processing
10:50:41 [INFO] ProphetWrapper fitted on 2922 rows — sin_year_1=-0.026 cos_year_1=0.039
10:50:41 [INFO] Chain [1] start processing
10:50:42 [INFO] Chain [1] done processing
10:50:42 [INFO] ProphetWrapper fitted on 2922 rows — sin_year_1=-0.019 cos_year_1=0.067
10:50:42 [INFO] Chain [1] start processing
10:50:42 [INFO] Chain [1] done processing
10:50:42 [INFO] ProphetWrapper fitted on 2922 rows — sin_year_1=-0.018 cos_year_1=0.028
10:50:42 [INFO] Chain [1] start processing
10:50:42 [INFO] Chain [1] done processing
10:50:42 [INFO] ProphetWrapper fitted on 2922 rows — sin_year_1=-0.002 cos_year_1=0.032
10:50:42 [INFO] Chain [1] start processing
10:50:42 [INFO] Chain [1] done processing
10:50:42 [INFO] ProphetWrapper fitted on 2911 rows — sin_year_1=-0.019 cos_year_1=0.070
10:50:43 [INFO] Chain [1] start processing
10:50:43 [INFO] Chain [1] done processing
10:50:43 [INFO] ProphetWrapper fitted on 2912 rows — sin_year_1=-0.010 cos_year_1=0.026
10:50:43 [INFO] Chain [1] start processing
10:50:43 [INFO] Chain [1] done processing
10:50:43 [INFO] ProphetWrapper fitted on 2922 rows — sin_year_1=-0.023 cos_year_1=0.069
10:50:43 [INFO] Chain [1] start processing
10:50:43 [INFO] Chain [1] done processing
10:50:43 [INFO] ProphetWrapper fitted on 2854 rows — sin_year_1=-0.016 cos_year_1=0.059
10:50:44 [INFO] Round 2 — test accuracy: 0.564  macro-F1: 0.493  (3561 samples)
10:50:44 [INFO] ProphetWrapper FEDGAM round 3/10
10:50:44 [INFO] Chain [1] start processing
10:50:44 [INFO] Chain [1] done processing
10:50:44 [INFO] ProphetWrapper fitted on 2305 rows — sin_year_1=-0.001 cos_year_1=0.043
10:50:44 [INFO] Chain [1] start processing
10:50:45 [INFO] Chain [1] done processing
10:50:45 [INFO] ProphetWrapper fitted on 2922 rows — sin_year_1=0.006 cos_year_1=0.036
10:50:45 [INFO] Chain [1] start processing
10:50:45 [INFO] Chain [1] done processing
10:50:45 [INFO] ProphetWrapper fitted on 2922 rows — sin_year_1=-0.026 cos_year_1=0.039
10:50:45 [INFO] Chain [1] start processing
10:50:45 [INFO] Chain [1] done processing
10:50:45 [INFO] ProphetWrapper fitted on 2922 rows — sin_year_1=-0.019 cos_year_1=0.067
10:50:45 [INFO] Chain [1] start processing
10:50:45 [INFO] Chain [1] done processing
10:50:45 [INFO] ProphetWrapper fitted on 2922 rows — sin_year_1=-0.018 cos_year_1=0.028
10:50:46 [INFO] Chain [1] start processing
10:50:46 [INFO] Chain [1] done processing
10:50:46 [INFO] ProphetWrapper fitted on 2922 rows — sin_year_1=-0.002 cos_year_1=0.032
10:50:46 [INFO] Chain [1] start processing
10:50:46 [INFO] Chain [1] done processing
10:50:46 [INFO] ProphetWrapper fitted on 2911 rows — sin_year_1=-0.019 cos_year_1=0.070
10:50:46 [INFO] Chain [1] start processing
10:50:46 [INFO] Chain [1] done processing
10:50:46 [INFO] ProphetWrapper fitted on 2912 rows — sin_year_1=-0.010 cos_year_1=0.026
10:50:47 [INFO] Chain [1] start processing
10:50:49 [INFO] Chain [1] done processing
10:50:49 [INFO] ProphetWrapper fitted on 2922 rows — sin_year_1=-0.023 cos_year_1=0.069
10:50:49 [INFO] Chain [1] start processing
10:50:49 [INFO] Chain [1] done processing
10:50:49 [INFO] ProphetWrapper fitted on 2854 rows — sin_year_1=-0.015 cos_year_1=0.059
10:50:50 [INFO] Round 3 — test accuracy: 0.565  macro-F1: 0.496  (3561 samples)
10:50:50 [INFO] ProphetWrapper FEDGAM round 4/10
10:50:50 [INFO] Chain [1] start processing
10:50:50 [INFO] Chain [1] done processing
10:50:50 [INFO] ProphetWrapper fitted on 2305 rows — sin_year_1=-0.001 cos_year_1=0.043
10:50:50 [INFO] Chain [1] start processing
10:50:51 [INFO] Chain [1] done processing
10:50:51 [INFO] ProphetWrapper fitted on 2922 rows — sin_year_1=0.006 cos_year_1=0.036
10:50:51 [INFO] Chain [1] start processing
10:50:51 [INFO] Chain [1] done processing
10:50:51 [INFO] ProphetWrapper fitted on 2922 rows — sin_year_1=-0.026 cos_year_1=0.039
10:50:51 [INFO] Chain [1] start processing
10:50:51 [INFO] Chain [1] done processing
10:50:51 [INFO] ProphetWrapper fitted on 2922 rows — sin_year_1=-0.019 cos_year_1=0.067
10:50:51 [INFO] Chain [1] start processing
10:50:52 [INFO] Chain [1] done processing
10:50:52 [INFO] ProphetWrapper fitted on 2922 rows — sin_year_1=-0.018 cos_year_1=0.028
10:50:52 [INFO] Chain [1] start processing
10:50:52 [INFO] Chain [1] done processing
10:50:52 [INFO] ProphetWrapper fitted on 2922 rows — sin_year_1=-0.002 cos_year_1=0.032
10:50:52 [INFO] Chain [1] start processing
10:50:52 [INFO] Chain [1] done processing
10:50:52 [INFO] ProphetWrapper fitted on 2911 rows — sin_year_1=-0.019 cos_year_1=0.070
10:50:52 [INFO] Chain [1] start processing
10:50:52 [INFO] Chain [1] done processing
10:50:52 [INFO] ProphetWrapper fitted on 2912 rows — sin_year_1=-0.010 cos_year_1=0.026
10:50:53 [INFO] Chain [1] start processing
10:50:53 [INFO] Chain [1] done processing
10:50:53 [INFO] ProphetWrapper fitted on 2922 rows — sin_year_1=-0.023 cos_year_1=0.069
10:50:53 [INFO] Chain [1] start processing
10:50:53 [INFO] Chain [1] done processing
10:50:53 [INFO] ProphetWrapper fitted on 2854 rows — sin_year_1=-0.015 cos_year_1=0.059
10:50:54 [INFO] Round 4 — test accuracy: 0.567  macro-F1: 0.498  (3561 samples)
10:50:54 [INFO] ProphetWrapper FEDGAM round 5/10
10:50:54 [INFO] Chain [1] start processing
10:50:54 [INFO] Chain [1] done processing
10:50:54 [INFO] ProphetWrapper fitted on 2305 rows — sin_year_1=-0.001 cos_year_1=0.043
10:50:54 [INFO] Chain [1] start processing
10:50:54 [INFO] Chain [1] done processing
10:50:54 [INFO] ProphetWrapper fitted on 2922 rows — sin_year_1=0.006 cos_year_1=0.036
10:50:54 [INFO] Chain [1] start processing
10:50:54 [INFO] Chain [1] done processing
10:50:55 [INFO] ProphetWrapper fitted on 2922 rows — sin_year_1=-0.026 cos_year_1=0.039
10:50:55 [INFO] Chain [1] start processing
10:50:55 [INFO] Chain [1] done processing
10:50:55 [INFO] ProphetWrapper fitted on 2922 rows — sin_year_1=-0.019 cos_year_1=0.067
10:50:55 [INFO] Chain [1] start processing
10:50:55 [INFO] Chain [1] done processing
10:50:55 [INFO] ProphetWrapper fitted on 2922 rows — sin_year_1=-0.018 cos_year_1=0.028
10:50:55 [INFO] Chain [1] start processing
10:50:56 [INFO] Chain [1] done processing
10:50:56 [INFO] ProphetWrapper fitted on 2922 rows — sin_year_1=-0.003 cos_year_1=0.032
10:50:56 [INFO] Chain [1] start processing
10:50:56 [INFO] Chain [1] done processing
10:50:56 [INFO] ProphetWrapper fitted on 2911 rows — sin_year_1=-0.019 cos_year_1=0.070
10:50:56 [INFO] Chain [1] start processing
10:50:56 [INFO] Chain [1] done processing
10:50:56 [INFO] ProphetWrapper fitted on 2912 rows — sin_year_1=-0.010 cos_year_1=0.026
10:50:56 [INFO] Chain [1] start processing
10:50:56 [INFO] Chain [1] done processing
10:50:56 [INFO] ProphetWrapper fitted on 2922 rows — sin_year_1=-0.023 cos_year_1=0.069
10:50:57 [INFO] Chain [1] start processing
10:50:57 [INFO] Chain [1] done processing
10:50:57 [INFO] ProphetWrapper fitted on 2854 rows — sin_year_1=-0.015 cos_year_1=0.059
10:50:57 [INFO] Round 5 — test accuracy: 0.568  macro-F1: 0.497  (3561 samples)
10:50:57 [INFO] ProphetWrapper FEDGAM round 6/10
10:50:57 [INFO] Chain [1] start processing
10:50:58 [INFO] Chain [1] done processing
10:50:58 [INFO] ProphetWrapper fitted on 2305 rows — sin_year_1=-0.001 cos_year_1=0.043
10:50:58 [INFO] Chain [1] start processing
10:50:58 [INFO] Chain [1] done processing
10:50:58 [INFO] ProphetWrapper fitted on 2922 rows — sin_year_1=0.006 cos_year_1=0.036
10:50:58 [INFO] Chain [1] start processing
10:50:58 [INFO] Chain [1] done processing
10:50:58 [INFO] ProphetWrapper fitted on 2922 rows — sin_year_1=-0.026 cos_year_1=0.039
10:50:58 [INFO] Chain [1] start processing
10:50:59 [INFO] Chain [1] done processing
10:50:59 [INFO] ProphetWrapper fitted on 2922 rows — sin_year_1=-0.019 cos_year_1=0.067
10:50:59 [INFO] Chain [1] start processing
10:50:59 [INFO] Chain [1] done processing
10:50:59 [INFO] ProphetWrapper fitted on 2922 rows — sin_year_1=-0.018 cos_year_1=0.028
10:50:59 [INFO] Chain [1] start processing
10:50:59 [INFO] Chain [1] done processing
10:50:59 [INFO] ProphetWrapper fitted on 2922 rows — sin_year_1=-0.003 cos_year_1=0.032
10:51:00 [INFO] Chain [1] start processing
10:51:00 [INFO] Chain [1] done processing
10:51:00 [INFO] ProphetWrapper fitted on 2911 rows — sin_year_1=-0.019 cos_year_1=0.070
10:51:00 [INFO] Chain [1] start processing
10:51:00 [INFO] Chain [1] done processing
10:51:00 [INFO] ProphetWrapper fitted on 2912 rows — sin_year_1=-0.010 cos_year_1=0.026
10:51:00 [INFO] Chain [1] start processing
10:51:01 [INFO] Chain [1] done processing
10:51:01 [INFO] ProphetWrapper fitted on 2922 rows — sin_year_1=-0.023 cos_year_1=0.069
10:51:01 [INFO] Chain [1] start processing
10:51:01 [INFO] Chain [1] done processing
10:51:01 [INFO] ProphetWrapper fitted on 2854 rows — sin_year_1=-0.015 cos_year_1=0.059
10:51:01 [INFO] Round 6 — test accuracy: 0.568  macro-F1: 0.497  (3561 samples)
10:51:01 [INFO] ProphetWrapper FEDGAM round 7/10
10:51:02 [INFO] Chain [1] start processing
10:51:02 [INFO] Chain [1] done processing
10:51:02 [INFO] ProphetWrapper fitted on 2305 rows — sin_year_1=-0.002 cos_year_1=0.043
10:51:02 [INFO] Chain [1] start processing
10:51:02 [INFO] Chain [1] done processing
10:51:02 [INFO] ProphetWrapper fitted on 2922 rows — sin_year_1=0.006 cos_year_1=0.036
10:51:02 [INFO] Chain [1] start processing
10:51:02 [INFO] Chain [1] done processing
10:51:02 [INFO] ProphetWrapper fitted on 2922 rows — sin_year_1=-0.026 cos_year_1=0.039
10:51:02 [INFO] Chain [1] start processing
10:51:03 [INFO] Chain [1] done processing
10:51:03 [INFO] ProphetWrapper fitted on 2922 rows — sin_year_1=-0.019 cos_year_1=0.067
10:51:03 [INFO] Chain [1] start processing
10:51:03 [INFO] Chain [1] done processing
10:51:03 [INFO] ProphetWrapper fitted on 2922 rows — sin_year_1=-0.018 cos_year_1=0.028
10:51:03 [INFO] Chain [1] start processing
10:51:03 [INFO] Chain [1] done processing
10:51:03 [INFO] ProphetWrapper fitted on 2922 rows — sin_year_1=-0.003 cos_year_1=0.032
10:51:03 [INFO] Chain [1] start processing
10:51:03 [INFO] Chain [1] done processing
10:51:03 [INFO] ProphetWrapper fitted on 2911 rows — sin_year_1=-0.019 cos_year_1=0.070
10:51:04 [INFO] Chain [1] start processing
10:51:04 [INFO] Chain [1] done processing
10:51:04 [INFO] ProphetWrapper fitted on 2912 rows — sin_year_1=-0.010 cos_year_1=0.026
10:51:04 [INFO] Chain [1] start processing
10:51:04 [INFO] Chain [1] done processing
10:51:04 [INFO] ProphetWrapper fitted on 2922 rows — sin_year_1=-0.023 cos_year_1=0.069
10:51:04 [INFO] Chain [1] start processing
10:51:04 [INFO] Chain [1] done processing
10:51:04 [INFO] ProphetWrapper fitted on 2854 rows — sin_year_1=-0.015 cos_year_1=0.059
10:51:05 [INFO] Round 7 — test accuracy: 0.568  macro-F1: 0.498  (3561 samples)
10:51:05 [INFO] ProphetWrapper FEDGAM round 8/10
10:51:05 [INFO] Chain [1] start processing
10:51:05 [INFO] Chain [1] done processing
10:51:05 [INFO] ProphetWrapper fitted on 2305 rows — sin_year_1=-0.001 cos_year_1=0.043
10:51:05 [INFO] Chain [1] start processing
10:51:06 [INFO] Chain [1] done processing
10:51:06 [INFO] ProphetWrapper fitted on 2922 rows — sin_year_1=0.006 cos_year_1=0.036
10:51:06 [INFO] Chain [1] start processing
10:51:06 [INFO] Chain [1] done processing
10:51:06 [INFO] ProphetWrapper fitted on 2922 rows — sin_year_1=-0.026 cos_year_1=0.039
10:51:06 [INFO] Chain [1] start processing
10:51:06 [INFO] Chain [1] done processing
10:51:06 [INFO] ProphetWrapper fitted on 2922 rows — sin_year_1=-0.019 cos_year_1=0.067
10:51:06 [INFO] Chain [1] start processing
10:51:06 [INFO] Chain [1] done processing
10:51:06 [INFO] ProphetWrapper fitted on 2922 rows — sin_year_1=-0.018 cos_year_1=0.028
10:51:07 [INFO] Chain [1] start processing
10:51:07 [INFO] Chain [1] done processing
10:51:07 [INFO] ProphetWrapper fitted on 2922 rows — sin_year_1=-0.002 cos_year_1=0.032
10:51:07 [INFO] Chain [1] start processing
10:51:07 [INFO] Chain [1] done processing
10:51:07 [INFO] ProphetWrapper fitted on 2911 rows — sin_year_1=-0.019 cos_year_1=0.070
10:51:07 [INFO] Chain [1] start processing
10:51:07 [INFO] Chain [1] done processing
10:51:07 [INFO] ProphetWrapper fitted on 2912 rows — sin_year_1=-0.010 cos_year_1=0.026
10:51:08 [INFO] Chain [1] start processing
10:51:08 [INFO] Chain [1] done processing
10:51:08 [INFO] ProphetWrapper fitted on 2922 rows — sin_year_1=-0.023 cos_year_1=0.069
10:51:08 [INFO] Chain [1] start processing
10:51:08 [INFO] Chain [1] done processing
10:51:08 [INFO] ProphetWrapper fitted on 2854 rows — sin_year_1=-0.015 cos_year_1=0.059
10:51:09 [INFO] Round 8 — test accuracy: 0.566  macro-F1: 0.497  (3561 samples)
10:51:09 [INFO] ProphetWrapper FEDGAM round 9/10
10:51:09 [INFO] Chain [1] start processing
10:51:09 [INFO] Chain [1] done processing
10:51:09 [INFO] ProphetWrapper fitted on 2305 rows — sin_year_1=-0.001 cos_year_1=0.043
10:51:09 [INFO] Chain [1] start processing
10:51:09 [INFO] Chain [1] done processing
10:51:09 [INFO] ProphetWrapper fitted on 2922 rows — sin_year_1=0.006 cos_year_1=0.036
10:51:09 [INFO] Chain [1] start processing
10:51:10 [INFO] Chain [1] done processing
10:51:10 [INFO] ProphetWrapper fitted on 2922 rows — sin_year_1=-0.026 cos_year_1=0.039
10:51:10 [INFO] Chain [1] start processing
10:51:10 [INFO] Chain [1] done processing
10:51:10 [INFO] ProphetWrapper fitted on 2922 rows — sin_year_1=-0.019 cos_year_1=0.067
10:51:10 [INFO] Chain [1] start processing
10:51:10 [INFO] Chain [1] done processing
10:51:10 [INFO] ProphetWrapper fitted on 2922 rows — sin_year_1=-0.018 cos_year_1=0.028
10:51:10 [INFO] Chain [1] start processing
10:51:11 [INFO] Chain [1] done processing
10:51:11 [INFO] ProphetWrapper fitted on 2922 rows — sin_year_1=-0.002 cos_year_1=0.032
10:51:11 [INFO] Chain [1] start processing
10:51:11 [INFO] Chain [1] done processing
10:51:11 [INFO] ProphetWrapper fitted on 2911 rows — sin_year_1=-0.019 cos_year_1=0.070
10:51:11 [INFO] Chain [1] start processing
10:51:11 [INFO] Chain [1] done processing
10:51:11 [INFO] ProphetWrapper fitted on 2912 rows — sin_year_1=-0.010 cos_year_1=0.026
10:51:11 [INFO] Chain [1] start processing
10:51:11 [INFO] Chain [1] done processing
10:51:11 [INFO] ProphetWrapper fitted on 2922 rows — sin_year_1=-0.023 cos_year_1=0.069
10:51:12 [INFO] Chain [1] start processing
10:51:12 [INFO] Chain [1] done processing
10:51:12 [INFO] ProphetWrapper fitted on 2854 rows — sin_year_1=-0.015 cos_year_1=0.059
10:51:12 [INFO] Round 9 — test accuracy: 0.569  macro-F1: 0.500  (3561 samples)
10:51:12 [INFO] ProphetWrapper FEDGAM round 10/10
10:51:13 [INFO] Chain [1] start processing
10:51:13 [INFO] Chain [1] done processing
10:51:13 [INFO] ProphetWrapper fitted on 2305 rows — sin_year_1=-0.001 cos_year_1=0.043
10:51:13 [INFO] Chain [1] start processing
10:51:13 [INFO] Chain [1] done processing
10:51:13 [INFO] ProphetWrapper fitted on 2922 rows — sin_year_1=0.006 cos_year_1=0.036
10:51:13 [INFO] Chain [1] start processing
10:51:13 [INFO] Chain [1] done processing
10:51:13 [INFO] ProphetWrapper fitted on 2922 rows — sin_year_1=-0.026 cos_year_1=0.039
10:51:14 [INFO] Chain [1] start processing
10:51:14 [INFO] Chain [1] done processing
10:51:14 [INFO] ProphetWrapper fitted on 2922 rows — sin_year_1=-0.019 cos_year_1=0.067
10:51:14 [INFO] Chain [1] start processing
10:51:14 [INFO] Chain [1] done processing
10:51:14 [INFO] ProphetWrapper fitted on 2922 rows — sin_year_1=-0.018 cos_year_1=0.028
10:51:14 [INFO] Chain [1] start processing
10:51:14 [INFO] Chain [1] done processing
10:51:14 [INFO] ProphetWrapper fitted on 2922 rows — sin_year_1=-0.003 cos_year_1=0.032
10:51:15 [INFO] Chain [1] start processing
10:51:15 [INFO] Chain [1] done processing
10:51:15 [INFO] ProphetWrapper fitted on 2911 rows — sin_year_1=-0.019 cos_year_1=0.070
10:51:15 [INFO] Chain [1] start processing
10:51:15 [INFO] Chain [1] done processing
10:51:15 [INFO] ProphetWrapper fitted on 2912 rows — sin_year_1=-0.010 cos_year_1=0.026
10:51:15 [INFO] Chain [1] start processing
10:51:15 [INFO] Chain [1] done processing
10:51:15 [INFO] ProphetWrapper fitted on 2922 rows — sin_year_1=-0.023 cos_year_1=0.069
10:51:16 [INFO] Chain [1] start processing
10:51:16 [INFO] Chain [1] done processing
10:51:16 [INFO] ProphetWrapper fitted on 2854 rows — sin_year_1=-0.015 cos_year_1=0.059
10:51:17 [INFO] Round 10 — test accuracy: 0.568  macro-F1: 0.498  (3561 samples)
10:51:17 [INFO] ProphetWrapper FEDGAM prophet_fedgam_geographic done. Final acc=0.568  Saved: results/e7_local_prophet/seeds/seed505/e7_prophet_fedgam_geographic_fl_metrics.csv
10:51:17 [INFO] === E7 ProphetWrapper + FEDGAM — iid (max_train_years=None) ===
10:51:17 [INFO] ICA thresholds loaded: Q1=7.50 Q2=13.00 μg/m³
10:51:17 [INFO] Provinces loaded: ['Avila', 'Burgos', 'León', 'Palencia', 'Ponferrada', 'Salamanca', 'Segovia', 'Soria', 'Valladolid', 'Zamora']
10:51:17 [INFO] ProphetWrapper FEDGAM round 1/10
10:51:17 [INFO] Chain [1] start processing
10:51:18 [INFO] Chain [1] done processing
10:51:18 [INFO] ProphetWrapper fitted on 2851 rows — sin_year_1=-0.013 cos_year_1=0.030
10:51:18 [INFO] Chain [1] start processing
10:51:18 [INFO] Chain [1] done processing
10:51:18 [INFO] ProphetWrapper fitted on 2851 rows — sin_year_1=-0.019 cos_year_1=0.045
10:51:18 [INFO] Chain [1] start processing
10:51:19 [INFO] Chain [1] done processing
10:51:19 [INFO] ProphetWrapper fitted on 2851 rows — sin_year_1=-0.012 cos_year_1=0.038
10:51:19 [INFO] Chain [1] start processing
10:51:19 [INFO] Chain [1] done processing
10:51:19 [INFO] ProphetWrapper fitted on 2851 rows — sin_year_1=-0.015 cos_year_1=0.048
10:51:19 [INFO] Chain [1] start processing
10:51:19 [INFO] Chain [1] done processing
10:51:19 [INFO] ProphetWrapper fitted on 2851 rows — sin_year_1=-0.008 cos_year_1=0.046
10:51:19 [INFO] Chain [1] start processing
10:51:20 [INFO] Chain [1] done processing
10:51:20 [INFO] ProphetWrapper fitted on 2851 rows — sin_year_1=-0.016 cos_year_1=0.044
10:51:20 [INFO] Chain [1] start processing
10:51:20 [INFO] Chain [1] done processing
10:51:20 [INFO] ProphetWrapper fitted on 2851 rows — sin_year_1=-0.014 cos_year_1=0.039
10:51:20 [INFO] Chain [1] start processing
10:51:20 [INFO] Chain [1] done processing
10:51:20 [INFO] ProphetWrapper fitted on 2851 rows — sin_year_1=-0.011 cos_year_1=0.039
10:51:21 [INFO] Chain [1] start processing
10:51:21 [INFO] Chain [1] done processing
10:51:21 [INFO] ProphetWrapper fitted on 2851 rows — sin_year_1=-0.014 cos_year_1=0.040
10:51:21 [INFO] Chain [1] start processing
10:51:21 [INFO] Chain [1] done processing
10:51:21 [INFO] ProphetWrapper fitted on 2855 rows — sin_year_1=-0.009 cos_year_1=0.040
10:51:24 [INFO] Round 1 — test accuracy: 0.578  macro-F1: 0.361  (3580 samples)
10:51:24 [INFO] ProphetWrapper FEDGAM round 2/10
10:51:24 [INFO] Chain [1] start processing
10:51:25 [INFO] Chain [1] done processing
10:51:25 [INFO] ProphetWrapper fitted on 2851 rows — sin_year_1=-0.013 cos_year_1=0.030
10:51:25 [INFO] Chain [1] start processing
10:51:25 [INFO] Chain [1] done processing
10:51:25 [INFO] ProphetWrapper fitted on 2851 rows — sin_year_1=-0.019 cos_year_1=0.045
10:51:25 [INFO] Chain [1] start processing
10:51:25 [INFO] Chain [1] done processing
10:51:25 [INFO] ProphetWrapper fitted on 2851 rows — sin_year_1=-0.012 cos_year_1=0.038
10:51:25 [INFO] Chain [1] start processing
10:51:25 [INFO] Chain [1] done processing
10:51:25 [INFO] ProphetWrapper fitted on 2851 rows — sin_year_1=-0.015 cos_year_1=0.048
10:51:26 [INFO] Chain [1] start processing
10:51:26 [INFO] Chain [1] done processing
10:51:26 [INFO] ProphetWrapper fitted on 2851 rows — sin_year_1=-0.008 cos_year_1=0.046
10:51:26 [INFO] Chain [1] start processing
10:51:26 [INFO] Chain [1] done processing
10:51:26 [INFO] ProphetWrapper fitted on 2851 rows — sin_year_1=-0.016 cos_year_1=0.044
10:51:26 [INFO] Chain [1] start processing
10:51:27 [INFO] Chain [1] done processing
10:51:27 [INFO] ProphetWrapper fitted on 2851 rows — sin_year_1=-0.014 cos_year_1=0.039
10:51:27 [INFO] Chain [1] start processing
10:51:27 [INFO] Chain [1] done processing
10:51:27 [INFO] ProphetWrapper fitted on 2851 rows — sin_year_1=-0.011 cos_year_1=0.039
10:51:27 [INFO] Chain [1] start processing
10:51:27 [INFO] Chain [1] done processing
10:51:27 [INFO] ProphetWrapper fitted on 2851 rows — sin_year_1=-0.014 cos_year_1=0.040
10:51:27 [INFO] Chain [1] start processing
10:51:28 [INFO] Chain [1] done processing
10:51:28 [INFO] ProphetWrapper fitted on 2855 rows — sin_year_1=-0.009 cos_year_1=0.040
10:51:28 [INFO] Round 2 — test accuracy: 0.577  macro-F1: 0.363  (3580 samples)
10:51:28 [INFO] ProphetWrapper FEDGAM round 3/10
10:51:28 [INFO] Chain [1] start processing
10:51:29 [INFO] Chain [1] done processing
10:51:29 [INFO] ProphetWrapper fitted on 2851 rows — sin_year_1=-0.013 cos_year_1=0.030
10:51:29 [INFO] Chain [1] start processing
10:51:29 [INFO] Chain [1] done processing
10:51:29 [INFO] ProphetWrapper fitted on 2851 rows — sin_year_1=-0.019 cos_year_1=0.045
10:51:29 [INFO] Chain [1] start processing
10:51:29 [INFO] Chain [1] done processing
10:51:29 [INFO] ProphetWrapper fitted on 2851 rows — sin_year_1=-0.012 cos_year_1=0.038
10:51:29 [INFO] Chain [1] start processing
10:51:30 [INFO] Chain [1] done processing
10:51:30 [INFO] ProphetWrapper fitted on 2851 rows — sin_year_1=-0.015 cos_year_1=0.048
10:51:30 [INFO] Chain [1] start processing
10:51:30 [INFO] Chain [1] done processing
10:51:30 [INFO] ProphetWrapper fitted on 2851 rows — sin_year_1=-0.008 cos_year_1=0.046
10:51:30 [INFO] Chain [1] start processing
10:51:30 [INFO] Chain [1] done processing
10:51:30 [INFO] ProphetWrapper fitted on 2851 rows — sin_year_1=-0.016 cos_year_1=0.044
10:51:30 [INFO] Chain [1] start processing
10:51:31 [INFO] Chain [1] done processing
10:51:31 [INFO] ProphetWrapper fitted on 2851 rows — sin_year_1=-0.014 cos_year_1=0.039
10:51:31 [INFO] Chain [1] start processing
10:51:31 [INFO] Chain [1] done processing
10:51:31 [INFO] ProphetWrapper fitted on 2851 rows — sin_year_1=-0.011 cos_year_1=0.039
10:51:31 [INFO] Chain [1] start processing
10:51:31 [INFO] Chain [1] done processing
10:51:31 [INFO] ProphetWrapper fitted on 2851 rows — sin_year_1=-0.014 cos_year_1=0.040
10:51:31 [INFO] Chain [1] start processing
10:51:31 [INFO] Chain [1] done processing
10:51:31 [INFO] ProphetWrapper fitted on 2855 rows — sin_year_1=-0.009 cos_year_1=0.040
10:51:32 [INFO] Round 3 — test accuracy: 0.577  macro-F1: 0.362  (3580 samples)
10:51:32 [INFO] ProphetWrapper FEDGAM round 4/10
10:51:32 [INFO] Chain [1] start processing
10:51:32 [INFO] Chain [1] done processing
10:51:32 [INFO] ProphetWrapper fitted on 2851 rows — sin_year_1=-0.013 cos_year_1=0.030
10:51:32 [INFO] Chain [1] start processing
10:51:33 [INFO] Chain [1] done processing
10:51:33 [INFO] ProphetWrapper fitted on 2851 rows — sin_year_1=-0.019 cos_year_1=0.045
10:51:33 [INFO] Chain [1] start processing
10:51:33 [INFO] Chain [1] done processing
10:51:33 [INFO] ProphetWrapper fitted on 2851 rows — sin_year_1=-0.012 cos_year_1=0.038
10:51:33 [INFO] Chain [1] start processing
10:51:33 [INFO] Chain [1] done processing
10:51:33 [INFO] ProphetWrapper fitted on 2851 rows — sin_year_1=-0.015 cos_year_1=0.048
10:51:33 [INFO] Chain [1] start processing
10:51:33 [INFO] Chain [1] done processing
10:51:33 [INFO] ProphetWrapper fitted on 2851 rows — sin_year_1=-0.008 cos_year_1=0.046
10:51:34 [INFO] Chain [1] start processing
10:51:34 [INFO] Chain [1] done processing
10:51:34 [INFO] ProphetWrapper fitted on 2851 rows — sin_year_1=-0.016 cos_year_1=0.044
10:51:34 [INFO] Chain [1] start processing
10:51:34 [INFO] Chain [1] done processing
10:51:34 [INFO] ProphetWrapper fitted on 2851 rows — sin_year_1=-0.014 cos_year_1=0.039
10:51:34 [INFO] Chain [1] start processing
10:51:34 [INFO] Chain [1] done processing
10:51:34 [INFO] ProphetWrapper fitted on 2851 rows — sin_year_1=-0.011 cos_year_1=0.039
10:51:34 [INFO] Chain [1] start processing
10:51:34 [INFO] Chain [1] done processing
10:51:34 [INFO] ProphetWrapper fitted on 2851 rows — sin_year_1=-0.014 cos_year_1=0.040
10:51:35 [INFO] Chain [1] start processing
10:51:35 [INFO] Chain [1] done processing
10:51:35 [INFO] ProphetWrapper fitted on 2855 rows — sin_year_1=-0.009 cos_year_1=0.040
10:51:35 [INFO] Round 4 — test accuracy: 0.577  macro-F1: 0.360  (3580 samples)
10:51:35 [INFO] ProphetWrapper FEDGAM round 5/10
10:51:36 [INFO] Chain [1] start processing
10:51:36 [INFO] Chain [1] done processing
10:51:36 [INFO] ProphetWrapper fitted on 2851 rows — sin_year_1=-0.013 cos_year_1=0.030
10:51:36 [INFO] Chain [1] start processing
10:51:36 [INFO] Chain [1] done processing
10:51:36 [INFO] ProphetWrapper fitted on 2851 rows — sin_year_1=-0.019 cos_year_1=0.045
10:51:36 [INFO] Chain [1] start processing
10:51:36 [INFO] Chain [1] done processing
10:51:36 [INFO] ProphetWrapper fitted on 2851 rows — sin_year_1=-0.012 cos_year_1=0.038
10:51:37 [INFO] Chain [1] start processing
10:51:37 [INFO] Chain [1] done processing
10:51:37 [INFO] ProphetWrapper fitted on 2851 rows — sin_year_1=-0.015 cos_year_1=0.048
10:51:37 [INFO] Chain [1] start processing
10:51:37 [INFO] Chain [1] done processing
10:51:37 [INFO] ProphetWrapper fitted on 2851 rows — sin_year_1=-0.008 cos_year_1=0.046
10:51:37 [INFO] Chain [1] start processing
10:51:38 [INFO] Chain [1] done processing
10:51:38 [INFO] ProphetWrapper fitted on 2851 rows — sin_year_1=-0.016 cos_year_1=0.044
10:51:38 [INFO] Chain [1] start processing
10:51:38 [INFO] Chain [1] done processing
10:51:38 [INFO] ProphetWrapper fitted on 2851 rows — sin_year_1=-0.014 cos_year_1=0.039
10:51:38 [INFO] Chain [1] start processing
10:51:38 [INFO] Chain [1] done processing
10:51:38 [INFO] ProphetWrapper fitted on 2851 rows — sin_year_1=-0.011 cos_year_1=0.039
10:51:38 [INFO] Chain [1] start processing
10:51:38 [INFO] Chain [1] done processing
10:51:38 [INFO] ProphetWrapper fitted on 2851 rows — sin_year_1=-0.014 cos_year_1=0.040
10:51:39 [INFO] Chain [1] start processing
10:51:39 [INFO] Chain [1] done processing
10:51:39 [INFO] ProphetWrapper fitted on 2855 rows — sin_year_1=-0.009 cos_year_1=0.040
10:51:40 [INFO] Round 5 — test accuracy: 0.575  macro-F1: 0.361  (3580 samples)
10:51:40 [INFO] ProphetWrapper FEDGAM round 6/10
10:51:40 [INFO] Chain [1] start processing
10:51:40 [INFO] Chain [1] done processing
10:51:40 [INFO] ProphetWrapper fitted on 2851 rows — sin_year_1=-0.013 cos_year_1=0.030
10:51:40 [INFO] Chain [1] start processing
10:51:40 [INFO] Chain [1] done processing
10:51:40 [INFO] ProphetWrapper fitted on 2851 rows — sin_year_1=-0.019 cos_year_1=0.045
10:51:40 [INFO] Chain [1] start processing
10:51:40 [INFO] Chain [1] done processing
10:51:40 [INFO] ProphetWrapper fitted on 2851 rows — sin_year_1=-0.012 cos_year_1=0.038
10:51:40 [INFO] Chain [1] start processing
10:51:41 [INFO] Chain [1] done processing
10:51:41 [INFO] ProphetWrapper fitted on 2851 rows — sin_year_1=-0.015 cos_year_1=0.048
10:51:41 [INFO] Chain [1] start processing
10:51:41 [INFO] Chain [1] done processing
10:51:41 [INFO] ProphetWrapper fitted on 2851 rows — sin_year_1=-0.008 cos_year_1=0.046
10:51:41 [INFO] Chain [1] start processing
10:51:41 [INFO] Chain [1] done processing
10:51:41 [INFO] ProphetWrapper fitted on 2851 rows — sin_year_1=-0.016 cos_year_1=0.044
10:51:41 [INFO] Chain [1] start processing
10:51:42 [INFO] Chain [1] done processing
10:51:42 [INFO] ProphetWrapper fitted on 2851 rows — sin_year_1=-0.014 cos_year_1=0.039
10:51:42 [INFO] Chain [1] start processing
10:51:42 [INFO] Chain [1] done processing
10:51:42 [INFO] ProphetWrapper fitted on 2851 rows — sin_year_1=-0.011 cos_year_1=0.039
10:51:42 [INFO] Chain [1] start processing
10:51:42 [INFO] Chain [1] done processing
10:51:42 [INFO] ProphetWrapper fitted on 2851 rows — sin_year_1=-0.014 cos_year_1=0.040
10:51:42 [INFO] Chain [1] start processing
10:51:43 [INFO] Chain [1] done processing
10:51:43 [INFO] ProphetWrapper fitted on 2855 rows — sin_year_1=-0.009 cos_year_1=0.040
10:51:43 [INFO] Round 6 — test accuracy: 0.576  macro-F1: 0.360  (3580 samples)
10:51:43 [INFO] ProphetWrapper FEDGAM round 7/10
10:51:43 [INFO] Chain [1] start processing
10:51:44 [INFO] Chain [1] done processing
10:51:44 [INFO] ProphetWrapper fitted on 2851 rows — sin_year_1=-0.013 cos_year_1=0.030
10:51:44 [INFO] Chain [1] start processing
10:51:44 [INFO] Chain [1] done processing
10:51:44 [INFO] ProphetWrapper fitted on 2851 rows — sin_year_1=-0.019 cos_year_1=0.045
10:51:44 [INFO] Chain [1] start processing
10:51:44 [INFO] Chain [1] done processing
10:51:44 [INFO] ProphetWrapper fitted on 2851 rows — sin_year_1=-0.012 cos_year_1=0.038
10:51:44 [INFO] Chain [1] start processing
10:51:45 [INFO] Chain [1] done processing
10:51:45 [INFO] ProphetWrapper fitted on 2851 rows — sin_year_1=-0.015 cos_year_1=0.048
10:51:45 [INFO] Chain [1] start processing
10:51:45 [INFO] Chain [1] done processing
10:51:45 [INFO] ProphetWrapper fitted on 2851 rows — sin_year_1=-0.008 cos_year_1=0.046
10:51:45 [INFO] Chain [1] start processing
10:51:45 [INFO] Chain [1] done processing
10:51:45 [INFO] ProphetWrapper fitted on 2851 rows — sin_year_1=-0.016 cos_year_1=0.044
10:51:45 [INFO] Chain [1] start processing
10:51:45 [INFO] Chain [1] done processing
10:51:45 [INFO] ProphetWrapper fitted on 2851 rows — sin_year_1=-0.014 cos_year_1=0.039
10:51:46 [INFO] Chain [1] start processing
10:51:46 [INFO] Chain [1] done processing
10:51:46 [INFO] ProphetWrapper fitted on 2851 rows — sin_year_1=-0.011 cos_year_1=0.039
10:51:46 [INFO] Chain [1] start processing
10:51:46 [INFO] Chain [1] done processing
10:51:46 [INFO] ProphetWrapper fitted on 2851 rows — sin_year_1=-0.014 cos_year_1=0.040
10:51:46 [INFO] Chain [1] start processing
10:51:46 [INFO] Chain [1] done processing
10:51:46 [INFO] ProphetWrapper fitted on 2855 rows — sin_year_1=-0.009 cos_year_1=0.040
10:51:47 [INFO] Round 7 — test accuracy: 0.575  macro-F1: 0.359  (3580 samples)
10:51:47 [INFO] ProphetWrapper FEDGAM round 8/10
10:51:47 [INFO] Chain [1] start processing
10:51:47 [INFO] Chain [1] done processing
10:51:47 [INFO] ProphetWrapper fitted on 2851 rows — sin_year_1=-0.013 cos_year_1=0.030
10:51:48 [INFO] Chain [1] start processing
10:51:48 [INFO] Chain [1] done processing
10:51:48 [INFO] ProphetWrapper fitted on 2851 rows — sin_year_1=-0.019 cos_year_1=0.045
10:51:48 [INFO] Chain [1] start processing
10:51:48 [INFO] Chain [1] done processing
10:51:48 [INFO] ProphetWrapper fitted on 2851 rows — sin_year_1=-0.012 cos_year_1=0.038
10:51:48 [INFO] Chain [1] start processing
10:51:48 [INFO] Chain [1] done processing
10:51:48 [INFO] ProphetWrapper fitted on 2851 rows — sin_year_1=-0.015 cos_year_1=0.048
10:51:48 [INFO] Chain [1] start processing
10:51:49 [INFO] Chain [1] done processing
10:51:49 [INFO] ProphetWrapper fitted on 2851 rows — sin_year_1=-0.008 cos_year_1=0.046
10:51:49 [INFO] Chain [1] start processing
10:51:49 [INFO] Chain [1] done processing
10:51:49 [INFO] ProphetWrapper fitted on 2851 rows — sin_year_1=-0.016 cos_year_1=0.044
10:51:49 [INFO] Chain [1] start processing
10:51:49 [INFO] Chain [1] done processing
10:51:49 [INFO] ProphetWrapper fitted on 2851 rows — sin_year_1=-0.014 cos_year_1=0.039
10:51:49 [INFO] Chain [1] start processing
10:51:49 [INFO] Chain [1] done processing
10:51:49 [INFO] ProphetWrapper fitted on 2851 rows — sin_year_1=-0.011 cos_year_1=0.039
10:51:50 [INFO] Chain [1] start processing
10:51:50 [INFO] Chain [1] done processing
10:51:50 [INFO] ProphetWrapper fitted on 2851 rows — sin_year_1=-0.014 cos_year_1=0.040
10:51:50 [INFO] Chain [1] start processing
10:51:50 [INFO] Chain [1] done processing
10:51:50 [INFO] ProphetWrapper fitted on 2855 rows — sin_year_1=-0.009 cos_year_1=0.040
10:51:51 [INFO] Round 8 — test accuracy: 0.577  macro-F1: 0.361  (3580 samples)
10:51:51 [INFO] ProphetWrapper FEDGAM round 9/10
10:51:51 [INFO] Chain [1] start processing
10:51:51 [INFO] Chain [1] done processing
10:51:51 [INFO] ProphetWrapper fitted on 2851 rows — sin_year_1=-0.013 cos_year_1=0.030
10:51:51 [INFO] Chain [1] start processing
10:51:51 [INFO] Chain [1] done processing
10:51:51 [INFO] ProphetWrapper fitted on 2851 rows — sin_year_1=-0.019 cos_year_1=0.045
10:51:52 [INFO] Chain [1] start processing
10:51:52 [INFO] Chain [1] done processing
10:51:52 [INFO] ProphetWrapper fitted on 2851 rows — sin_year_1=-0.012 cos_year_1=0.038
10:51:52 [INFO] Chain [1] start processing
10:51:52 [INFO] Chain [1] done processing
10:51:52 [INFO] ProphetWrapper fitted on 2851 rows — sin_year_1=-0.015 cos_year_1=0.048
10:51:52 [INFO] Chain [1] start processing
10:51:52 [INFO] Chain [1] done processing
10:51:52 [INFO] ProphetWrapper fitted on 2851 rows — sin_year_1=-0.008 cos_year_1=0.046
10:51:52 [INFO] Chain [1] start processing
10:51:53 [INFO] Chain [1] done processing
10:51:53 [INFO] ProphetWrapper fitted on 2851 rows — sin_year_1=-0.016 cos_year_1=0.044
10:51:53 [INFO] Chain [1] start processing
10:51:53 [INFO] Chain [1] done processing
10:51:53 [INFO] ProphetWrapper fitted on 2851 rows — sin_year_1=-0.014 cos_year_1=0.039
10:51:53 [INFO] Chain [1] start processing
10:51:53 [INFO] Chain [1] done processing
10:51:53 [INFO] ProphetWrapper fitted on 2851 rows — sin_year_1=-0.011 cos_year_1=0.039
10:51:54 [INFO] Chain [1] start processing
10:51:54 [INFO] Chain [1] done processing
10:51:54 [INFO] ProphetWrapper fitted on 2851 rows — sin_year_1=-0.014 cos_year_1=0.040
10:51:54 [INFO] Chain [1] start processing
10:51:54 [INFO] Chain [1] done processing
10:51:54 [INFO] ProphetWrapper fitted on 2855 rows — sin_year_1=-0.009 cos_year_1=0.040
10:51:55 [INFO] Round 9 — test accuracy: 0.575  macro-F1: 0.363  (3580 samples)
10:51:55 [INFO] ProphetWrapper FEDGAM round 10/10
10:51:55 [INFO] Chain [1] start processing
10:51:55 [INFO] Chain [1] done processing
10:51:55 [INFO] ProphetWrapper fitted on 2851 rows — sin_year_1=-0.013 cos_year_1=0.030
10:51:55 [INFO] Chain [1] start processing
10:51:55 [INFO] Chain [1] done processing
10:51:55 [INFO] ProphetWrapper fitted on 2851 rows — sin_year_1=-0.019 cos_year_1=0.045
10:51:56 [INFO] Chain [1] start processing
10:51:56 [INFO] Chain [1] done processing
10:51:56 [INFO] ProphetWrapper fitted on 2851 rows — sin_year_1=-0.012 cos_year_1=0.038
10:51:56 [INFO] Chain [1] start processing
10:51:58 [INFO] Chain [1] done processing
10:51:58 [INFO] ProphetWrapper fitted on 2851 rows — sin_year_1=-0.015 cos_year_1=0.048
10:51:59 [INFO] Chain [1] start processing
10:51:59 [INFO] Chain [1] done processing
10:51:59 [INFO] ProphetWrapper fitted on 2851 rows — sin_year_1=-0.008 cos_year_1=0.046
10:51:59 [INFO] Chain [1] start processing
10:51:59 [INFO] Chain [1] done processing
10:51:59 [INFO] ProphetWrapper fitted on 2851 rows — sin_year_1=-0.016 cos_year_1=0.044
10:51:59 [INFO] Chain [1] start processing
10:51:59 [INFO] Chain [1] done processing
10:51:59 [INFO] ProphetWrapper fitted on 2851 rows — sin_year_1=-0.014 cos_year_1=0.039
10:51:59 [INFO] Chain [1] start processing
10:52:00 [INFO] Chain [1] done processing
10:52:00 [INFO] ProphetWrapper fitted on 2851 rows — sin_year_1=-0.011 cos_year_1=0.039
10:52:00 [INFO] Chain [1] start processing
10:52:00 [INFO] Chain [1] done processing
10:52:00 [INFO] ProphetWrapper fitted on 2851 rows — sin_year_1=-0.014 cos_year_1=0.040
10:52:00 [INFO] Chain [1] start processing
10:52:00 [INFO] Chain [1] done processing
10:52:00 [INFO] ProphetWrapper fitted on 2855 rows — sin_year_1=-0.009 cos_year_1=0.040
10:52:01 [INFO] Round 10 — test accuracy: 0.576  macro-F1: 0.364  (3580 samples)
10:52:01 [INFO] ProphetWrapper FEDGAM prophet_fedgam_iid done. Final acc=0.576  Saved: results/e7_local_prophet/seeds/seed505/e7_prophet_fedgam_iid_fl_metrics.csv
10:52:01 [INFO] === E7 ProphetWrapper + FEDAVG — geographic (max_train_years=None) ===
10:52:01 [INFO] ICA thresholds loaded: Q1=7.50 Q2=13.00 μg/m³
10:52:01 [INFO] Provinces loaded: ['Avila', 'Burgos', 'León', 'Palencia', 'Ponferrada', 'Salamanca', 'Segovia', 'Soria', 'Valladolid', 'Zamora']
10:52:01 [INFO] ProphetWrapper FEDAVG round 1/10
10:52:02 [INFO] Chain [1] start processing
10:52:02 [INFO] Chain [1] done processing
10:52:02 [INFO] ProphetWrapper fitted on 2305 rows — sin_year_1=-0.002 cos_year_1=0.043
10:52:02 [INFO] Chain [1] start processing
10:52:02 [INFO] Chain [1] done processing
10:52:02 [INFO] ProphetWrapper fitted on 2922 rows — sin_year_1=0.006 cos_year_1=0.036
10:52:02 [INFO] Chain [1] start processing
10:52:02 [INFO] Chain [1] done processing
10:52:02 [INFO] ProphetWrapper fitted on 2922 rows — sin_year_1=-0.026 cos_year_1=0.039
10:52:03 [INFO] Chain [1] start processing
10:52:03 [INFO] Chain [1] done processing
10:52:03 [INFO] ProphetWrapper fitted on 2922 rows — sin_year_1=-0.019 cos_year_1=0.067
10:52:03 [INFO] Chain [1] start processing
10:52:03 [INFO] Chain [1] done processing
10:52:03 [INFO] ProphetWrapper fitted on 2922 rows — sin_year_1=-0.018 cos_year_1=0.028
10:52:03 [INFO] Chain [1] start processing
10:52:03 [INFO] Chain [1] done processing
10:52:03 [INFO] ProphetWrapper fitted on 2922 rows — sin_year_1=-0.003 cos_year_1=0.031
10:52:04 [INFO] Chain [1] start processing
10:52:04 [INFO] Chain [1] done processing
10:52:04 [INFO] ProphetWrapper fitted on 2911 rows — sin_year_1=-0.019 cos_year_1=0.070
10:52:04 [INFO] Chain [1] start processing
10:52:04 [INFO] Chain [1] done processing
10:52:04 [INFO] ProphetWrapper fitted on 2912 rows — sin_year_1=-0.010 cos_year_1=0.026
10:52:04 [INFO] Chain [1] start processing
10:52:05 [INFO] Chain [1] done processing
10:52:05 [INFO] ProphetWrapper fitted on 2922 rows — sin_year_1=-0.023 cos_year_1=0.069
10:52:05 [INFO] Chain [1] start processing
10:52:05 [INFO] Chain [1] done processing
10:52:05 [INFO] ProphetWrapper fitted on 2854 rows — sin_year_1=-0.015 cos_year_1=0.059
10:52:06 [INFO] Round 1 — test accuracy: 0.564  macro-F1: 0.493  (3561 samples)
10:52:06 [INFO] ProphetWrapper FEDAVG round 2/10
10:52:06 [INFO] Chain [1] start processing
10:52:06 [INFO] Chain [1] done processing
10:52:06 [INFO] ProphetWrapper fitted on 2305 rows — sin_year_1=-0.002 cos_year_1=0.043
10:52:06 [INFO] Chain [1] start processing
10:52:07 [INFO] Chain [1] done processing
10:52:07 [INFO] ProphetWrapper fitted on 2922 rows — sin_year_1=0.006 cos_year_1=0.036
10:52:07 [INFO] Chain [1] start processing
10:52:07 [INFO] Chain [1] done processing
10:52:07 [INFO] ProphetWrapper fitted on 2922 rows — sin_year_1=-0.026 cos_year_1=0.039
10:52:07 [INFO] Chain [1] start processing
10:52:07 [INFO] Chain [1] done processing
10:52:07 [INFO] ProphetWrapper fitted on 2922 rows — sin_year_1=-0.019 cos_year_1=0.068
10:52:07 [INFO] Chain [1] start processing
10:52:08 [INFO] Chain [1] done processing
10:52:08 [INFO] ProphetWrapper fitted on 2922 rows — sin_year_1=-0.018 cos_year_1=0.028
10:52:08 [INFO] Chain [1] start processing
10:52:08 [INFO] Chain [1] done processing
10:52:08 [INFO] ProphetWrapper fitted on 2922 rows — sin_year_1=-0.002 cos_year_1=0.032
10:52:08 [INFO] Chain [1] start processing
10:52:08 [INFO] Chain [1] done processing
10:52:08 [INFO] ProphetWrapper fitted on 2911 rows — sin_year_1=-0.019 cos_year_1=0.070
10:52:09 [INFO] Chain [1] start processing
10:52:09 [INFO] Chain [1] done processing
10:52:09 [INFO] ProphetWrapper fitted on 2912 rows — sin_year_1=-0.010 cos_year_1=0.026
10:52:09 [INFO] Chain [1] start processing
10:52:09 [INFO] Chain [1] done processing
10:52:09 [INFO] ProphetWrapper fitted on 2922 rows — sin_year_1=-0.023 cos_year_1=0.069
10:52:09 [INFO] Chain [1] start processing
10:52:09 [INFO] Chain [1] done processing
10:52:09 [INFO] ProphetWrapper fitted on 2854 rows — sin_year_1=-0.015 cos_year_1=0.059
10:52:10 [INFO] Round 2 — test accuracy: 0.566  macro-F1: 0.497  (3561 samples)
10:52:10 [INFO] ProphetWrapper FEDAVG round 3/10
10:52:10 [INFO] Chain [1] start processing
10:52:10 [INFO] Chain [1] done processing
10:52:10 [INFO] ProphetWrapper fitted on 2305 rows — sin_year_1=-0.002 cos_year_1=0.043
10:52:10 [INFO] Chain [1] start processing
10:52:11 [INFO] Chain [1] done processing
10:52:11 [INFO] ProphetWrapper fitted on 2922 rows — sin_year_1=0.006 cos_year_1=0.036
10:52:11 [INFO] Chain [1] start processing
10:52:11 [INFO] Chain [1] done processing
10:52:11 [INFO] ProphetWrapper fitted on 2922 rows — sin_year_1=-0.026 cos_year_1=0.039
10:52:11 [INFO] Chain [1] start processing
10:52:11 [INFO] Chain [1] done processing
10:52:11 [INFO] ProphetWrapper fitted on 2922 rows — sin_year_1=-0.019 cos_year_1=0.068
10:52:11 [INFO] Chain [1] start processing
10:52:12 [INFO] Chain [1] done processing
10:52:12 [INFO] ProphetWrapper fitted on 2922 rows — sin_year_1=-0.018 cos_year_1=0.028
10:52:12 [INFO] Chain [1] start processing
10:52:12 [INFO] Chain [1] done processing
10:52:12 [INFO] ProphetWrapper fitted on 2922 rows — sin_year_1=-0.002 cos_year_1=0.031
10:52:12 [INFO] Chain [1] start processing
10:52:12 [INFO] Chain [1] done processing
10:52:12 [INFO] ProphetWrapper fitted on 2911 rows — sin_year_1=-0.019 cos_year_1=0.070
10:52:12 [INFO] Chain [1] start processing
10:52:12 [INFO] Chain [1] done processing
10:52:12 [INFO] ProphetWrapper fitted on 2912 rows — sin_year_1=-0.010 cos_year_1=0.026
10:52:13 [INFO] Chain [1] start processing
10:52:13 [INFO] Chain [1] done processing
10:52:13 [INFO] ProphetWrapper fitted on 2922 rows — sin_year_1=-0.023 cos_year_1=0.069
10:52:13 [INFO] Chain [1] start processing
10:52:13 [INFO] Chain [1] done processing
10:52:13 [INFO] ProphetWrapper fitted on 2854 rows — sin_year_1=-0.015 cos_year_1=0.059
10:52:14 [INFO] Round 3 — test accuracy: 0.565  macro-F1: 0.494  (3561 samples)
10:52:14 [INFO] ProphetWrapper FEDAVG round 4/10
10:52:14 [INFO] Chain [1] start processing
10:52:14 [INFO] Chain [1] done processing
10:52:14 [INFO] ProphetWrapper fitted on 2305 rows — sin_year_1=-0.002 cos_year_1=0.043
10:52:14 [INFO] Chain [1] start processing
10:52:14 [INFO] Chain [1] done processing
10:52:14 [INFO] ProphetWrapper fitted on 2922 rows — sin_year_1=0.006 cos_year_1=0.036
10:52:14 [INFO] Chain [1] start processing
10:52:15 [INFO] Chain [1] done processing
10:52:15 [INFO] ProphetWrapper fitted on 2922 rows — sin_year_1=-0.026 cos_year_1=0.039
10:52:15 [INFO] Chain [1] start processing
10:52:15 [INFO] Chain [1] done processing
10:52:15 [INFO] ProphetWrapper fitted on 2922 rows — sin_year_1=-0.019 cos_year_1=0.068
10:52:15 [INFO] Chain [1] start processing
10:52:15 [INFO] Chain [1] done processing
10:52:15 [INFO] ProphetWrapper fitted on 2922 rows — sin_year_1=-0.018 cos_year_1=0.028
10:52:15 [INFO] Chain [1] start processing
10:52:16 [INFO] Chain [1] done processing
10:52:16 [INFO] ProphetWrapper fitted on 2922 rows — sin_year_1=-0.002 cos_year_1=0.031
10:52:16 [INFO] Chain [1] start processing
10:52:16 [INFO] Chain [1] done processing
10:52:16 [INFO] ProphetWrapper fitted on 2911 rows — sin_year_1=-0.019 cos_year_1=0.070
10:52:16 [INFO] Chain [1] start processing
10:52:16 [INFO] Chain [1] done processing
10:52:16 [INFO] ProphetWrapper fitted on 2912 rows — sin_year_1=-0.010 cos_year_1=0.026
10:52:16 [INFO] Chain [1] start processing
10:52:17 [INFO] Chain [1] done processing
10:52:17 [INFO] ProphetWrapper fitted on 2922 rows — sin_year_1=-0.023 cos_year_1=0.069
10:52:17 [INFO] Chain [1] start processing
10:52:17 [INFO] Chain [1] done processing
10:52:17 [INFO] ProphetWrapper fitted on 2854 rows — sin_year_1=-0.016 cos_year_1=0.059
10:52:18 [INFO] Round 4 — test accuracy: 0.566  macro-F1: 0.496  (3561 samples)
10:52:18 [INFO] ProphetWrapper FEDAVG round 5/10
10:52:18 [INFO] Chain [1] start processing
10:52:18 [INFO] Chain [1] done processing
10:52:18 [INFO] ProphetWrapper fitted on 2305 rows — sin_year_1=-0.002 cos_year_1=0.043
10:52:18 [INFO] Chain [1] start processing
10:52:18 [INFO] Chain [1] done processing
10:52:18 [INFO] ProphetWrapper fitted on 2922 rows — sin_year_1=0.006 cos_year_1=0.036
10:52:18 [INFO] Chain [1] start processing
10:52:18 [INFO] Chain [1] done processing
10:52:18 [INFO] ProphetWrapper fitted on 2922 rows — sin_year_1=-0.026 cos_year_1=0.039
10:52:19 [INFO] Chain [1] start processing
10:52:19 [INFO] Chain [1] done processing
10:52:19 [INFO] ProphetWrapper fitted on 2922 rows — sin_year_1=-0.019 cos_year_1=0.068
10:52:19 [INFO] Chain [1] start processing
10:52:19 [INFO] Chain [1] done processing
10:52:19 [INFO] ProphetWrapper fitted on 2922 rows — sin_year_1=-0.018 cos_year_1=0.028
10:52:19 [INFO] Chain [1] start processing
10:52:20 [INFO] Chain [1] done processing
10:52:20 [INFO] ProphetWrapper fitted on 2922 rows — sin_year_1=-0.002 cos_year_1=0.032
10:52:20 [INFO] Chain [1] start processing
10:52:20 [INFO] Chain [1] done processing
10:52:20 [INFO] ProphetWrapper fitted on 2911 rows — sin_year_1=-0.019 cos_year_1=0.070
10:52:20 [INFO] Chain [1] start processing
10:52:20 [INFO] Chain [1] done processing
10:52:20 [INFO] ProphetWrapper fitted on 2912 rows — sin_year_1=-0.010 cos_year_1=0.026
10:52:21 [INFO] Chain [1] start processing
10:52:21 [INFO] Chain [1] done processing
10:52:21 [INFO] ProphetWrapper fitted on 2922 rows — sin_year_1=-0.023 cos_year_1=0.069
10:52:21 [INFO] Chain [1] start processing
10:52:21 [INFO] Chain [1] done processing
10:52:21 [INFO] ProphetWrapper fitted on 2854 rows — sin_year_1=-0.015 cos_year_1=0.059
10:52:22 [INFO] Round 5 — test accuracy: 0.565  macro-F1: 0.495  (3561 samples)
10:52:22 [INFO] ProphetWrapper FEDAVG round 6/10
10:52:22 [INFO] Chain [1] start processing
10:52:22 [INFO] Chain [1] done processing
10:52:22 [INFO] ProphetWrapper fitted on 2305 rows — sin_year_1=-0.002 cos_year_1=0.043
10:52:22 [INFO] Chain [1] start processing
10:52:22 [INFO] Chain [1] done processing
10:52:22 [INFO] ProphetWrapper fitted on 2922 rows — sin_year_1=0.006 cos_year_1=0.036
10:52:22 [INFO] Chain [1] start processing
10:52:23 [INFO] Chain [1] done processing
10:52:23 [INFO] ProphetWrapper fitted on 2922 rows — sin_year_1=-0.026 cos_year_1=0.039
10:52:23 [INFO] Chain [1] start processing
10:52:23 [INFO] Chain [1] done processing
10:52:23 [INFO] ProphetWrapper fitted on 2922 rows — sin_year_1=-0.019 cos_year_1=0.068
10:52:23 [INFO] Chain [1] start processing
10:52:23 [INFO] Chain [1] done processing
10:52:23 [INFO] ProphetWrapper fitted on 2922 rows — sin_year_1=-0.018 cos_year_1=0.028
10:52:23 [INFO] Chain [1] start processing
10:52:24 [INFO] Chain [1] done processing
10:52:24 [INFO] ProphetWrapper fitted on 2922 rows — sin_year_1=-0.003 cos_year_1=0.031
10:52:24 [INFO] Chain [1] start processing
10:52:24 [INFO] Chain [1] done processing
10:52:24 [INFO] ProphetWrapper fitted on 2911 rows — sin_year_1=-0.019 cos_year_1=0.070
10:52:24 [INFO] Chain [1] start processing
10:52:24 [INFO] Chain [1] done processing
10:52:24 [INFO] ProphetWrapper fitted on 2912 rows — sin_year_1=-0.010 cos_year_1=0.026
10:52:24 [INFO] Chain [1] start processing
10:52:24 [INFO] Chain [1] done processing
10:52:24 [INFO] ProphetWrapper fitted on 2922 rows — sin_year_1=-0.023 cos_year_1=0.069
10:52:25 [INFO] Chain [1] start processing
10:52:25 [INFO] Chain [1] done processing
10:52:25 [INFO] ProphetWrapper fitted on 2854 rows — sin_year_1=-0.015 cos_year_1=0.059
10:52:25 [INFO] Round 6 — test accuracy: 0.566  macro-F1: 0.496  (3561 samples)
10:52:25 [INFO] ProphetWrapper FEDAVG round 7/10
10:52:26 [INFO] Chain [1] start processing
10:52:26 [INFO] Chain [1] done processing
10:52:26 [INFO] ProphetWrapper fitted on 2305 rows — sin_year_1=-0.002 cos_year_1=0.043
10:52:26 [INFO] Chain [1] start processing
10:52:26 [INFO] Chain [1] done processing
10:52:26 [INFO] ProphetWrapper fitted on 2922 rows — sin_year_1=0.006 cos_year_1=0.036
10:52:26 [INFO] Chain [1] start processing
10:52:26 [INFO] Chain [1] done processing
10:52:26 [INFO] ProphetWrapper fitted on 2922 rows — sin_year_1=-0.026 cos_year_1=0.039
10:52:26 [INFO] Chain [1] start processing
10:52:27 [INFO] Chain [1] done processing
10:52:27 [INFO] ProphetWrapper fitted on 2922 rows — sin_year_1=-0.019 cos_year_1=0.068
10:52:27 [INFO] Chain [1] start processing
10:52:27 [INFO] Chain [1] done processing
10:52:27 [INFO] ProphetWrapper fitted on 2922 rows — sin_year_1=-0.018 cos_year_1=0.028
10:52:27 [INFO] Chain [1] start processing
10:52:27 [INFO] Chain [1] done processing
10:52:27 [INFO] ProphetWrapper fitted on 2922 rows — sin_year_1=-0.003 cos_year_1=0.031
10:52:27 [INFO] Chain [1] start processing
10:52:28 [INFO] Chain [1] done processing
10:52:28 [INFO] ProphetWrapper fitted on 2911 rows — sin_year_1=-0.019 cos_year_1=0.070
10:52:28 [INFO] Chain [1] start processing
10:52:28 [INFO] Chain [1] done processing
10:52:28 [INFO] ProphetWrapper fitted on 2912 rows — sin_year_1=-0.010 cos_year_1=0.026
10:52:28 [INFO] Chain [1] start processing
10:52:28 [INFO] Chain [1] done processing
10:52:28 [INFO] ProphetWrapper fitted on 2922 rows — sin_year_1=-0.023 cos_year_1=0.069
10:52:28 [INFO] Chain [1] start processing
10:52:29 [INFO] Chain [1] done processing
10:52:29 [INFO] ProphetWrapper fitted on 2854 rows — sin_year_1=-0.016 cos_year_1=0.059
10:52:29 [INFO] Round 7 — test accuracy: 0.564  macro-F1: 0.493  (3561 samples)
10:52:29 [INFO] ProphetWrapper FEDAVG round 8/10
10:52:29 [INFO] Chain [1] start processing
10:52:29 [INFO] Chain [1] done processing
10:52:29 [INFO] ProphetWrapper fitted on 2305 rows — sin_year_1=-0.002 cos_year_1=0.043
10:52:30 [INFO] Chain [1] start processing
10:52:30 [INFO] Chain [1] done processing
10:52:30 [INFO] ProphetWrapper fitted on 2922 rows — sin_year_1=0.006 cos_year_1=0.036
10:52:30 [INFO] Chain [1] start processing
10:52:30 [INFO] Chain [1] done processing
10:52:30 [INFO] ProphetWrapper fitted on 2922 rows — sin_year_1=-0.026 cos_year_1=0.039
10:52:30 [INFO] Chain [1] start processing
10:52:30 [INFO] Chain [1] done processing
10:52:30 [INFO] ProphetWrapper fitted on 2922 rows — sin_year_1=-0.019 cos_year_1=0.068
10:52:33 [INFO] Chain [1] start processing
10:52:33 [INFO] Chain [1] done processing
10:52:33 [INFO] ProphetWrapper fitted on 2922 rows — sin_year_1=-0.018 cos_year_1=0.028
10:52:34 [INFO] Chain [1] start processing
10:52:34 [INFO] Chain [1] done processing
10:52:34 [INFO] ProphetWrapper fitted on 2922 rows — sin_year_1=-0.002 cos_year_1=0.032
10:52:34 [INFO] Chain [1] start processing
10:52:34 [INFO] Chain [1] done processing
10:52:34 [INFO] ProphetWrapper fitted on 2911 rows — sin_year_1=-0.019 cos_year_1=0.070
10:52:34 [INFO] Chain [1] start processing
10:52:34 [INFO] Chain [1] done processing
10:52:34 [INFO] ProphetWrapper fitted on 2912 rows — sin_year_1=-0.010 cos_year_1=0.026
10:52:35 [INFO] Chain [1] start processing
10:52:35 [INFO] Chain [1] done processing
10:52:35 [INFO] ProphetWrapper fitted on 2922 rows — sin_year_1=-0.023 cos_year_1=0.069
10:52:35 [INFO] Chain [1] start processing
10:52:35 [INFO] Chain [1] done processing
10:52:35 [INFO] ProphetWrapper fitted on 2854 rows — sin_year_1=-0.015 cos_year_1=0.059
10:52:36 [INFO] Round 8 — test accuracy: 0.566  macro-F1: 0.497  (3561 samples)
10:52:36 [INFO] ProphetWrapper FEDAVG round 9/10
10:52:36 [INFO] Chain [1] start processing
10:52:36 [INFO] Chain [1] done processing
10:52:36 [INFO] ProphetWrapper fitted on 2305 rows — sin_year_1=-0.002 cos_year_1=0.043
10:52:36 [INFO] Chain [1] start processing
10:52:37 [INFO] Chain [1] done processing
10:52:37 [INFO] ProphetWrapper fitted on 2922 rows — sin_year_1=0.006 cos_year_1=0.036
10:52:37 [INFO] Chain [1] start processing
10:52:37 [INFO] Chain [1] done processing
10:52:37 [INFO] ProphetWrapper fitted on 2922 rows — sin_year_1=-0.026 cos_year_1=0.039
10:52:37 [INFO] Chain [1] start processing
10:52:37 [INFO] Chain [1] done processing
10:52:37 [INFO] ProphetWrapper fitted on 2922 rows — sin_year_1=-0.019 cos_year_1=0.068
10:52:37 [INFO] Chain [1] start processing
10:52:38 [INFO] Chain [1] done processing
10:52:38 [INFO] ProphetWrapper fitted on 2922 rows — sin_year_1=-0.018 cos_year_1=0.028
10:52:38 [INFO] Chain [1] start processing
10:52:38 [INFO] Chain [1] done processing
10:52:38 [INFO] ProphetWrapper fitted on 2922 rows — sin_year_1=-0.002 cos_year_1=0.032
10:52:38 [INFO] Chain [1] start processing
10:52:38 [INFO] Chain [1] done processing
10:52:38 [INFO] ProphetWrapper fitted on 2911 rows — sin_year_1=-0.019 cos_year_1=0.070
10:52:39 [INFO] Chain [1] start processing
10:52:39 [INFO] Chain [1] done processing
10:52:39 [INFO] ProphetWrapper fitted on 2912 rows — sin_year_1=-0.010 cos_year_1=0.026
10:52:39 [INFO] Chain [1] start processing
10:52:39 [INFO] Chain [1] done processing
10:52:39 [INFO] ProphetWrapper fitted on 2922 rows — sin_year_1=-0.023 cos_year_1=0.069
10:52:39 [INFO] Chain [1] start processing
10:52:39 [INFO] Chain [1] done processing
10:52:39 [INFO] ProphetWrapper fitted on 2854 rows — sin_year_1=-0.015 cos_year_1=0.059
10:52:40 [INFO] Round 9 — test accuracy: 0.565  macro-F1: 0.494  (3561 samples)
10:52:40 [INFO] ProphetWrapper FEDAVG round 10/10
10:52:40 [INFO] Chain [1] start processing
10:52:40 [INFO] Chain [1] done processing
10:52:40 [INFO] ProphetWrapper fitted on 2305 rows — sin_year_1=-0.002 cos_year_1=0.043
10:52:41 [INFO] Chain [1] start processing
10:52:41 [INFO] Chain [1] done processing
10:52:41 [INFO] ProphetWrapper fitted on 2922 rows — sin_year_1=0.006 cos_year_1=0.036
10:52:41 [INFO] Chain [1] start processing
10:52:41 [INFO] Chain [1] done processing
10:52:41 [INFO] ProphetWrapper fitted on 2922 rows — sin_year_1=-0.026 cos_year_1=0.039
10:52:41 [INFO] Chain [1] start processing
10:52:41 [INFO] Chain [1] done processing
10:52:41 [INFO] ProphetWrapper fitted on 2922 rows — sin_year_1=-0.019 cos_year_1=0.068
10:52:42 [INFO] Chain [1] start processing
10:52:42 [INFO] Chain [1] done processing
10:52:42 [INFO] ProphetWrapper fitted on 2922 rows — sin_year_1=-0.018 cos_year_1=0.028
10:52:42 [INFO] Chain [1] start processing
10:52:42 [INFO] Chain [1] done processing
10:52:42 [INFO] ProphetWrapper fitted on 2922 rows — sin_year_1=-0.002 cos_year_1=0.032
10:52:42 [INFO] Chain [1] start processing
10:52:42 [INFO] Chain [1] done processing
10:52:42 [INFO] ProphetWrapper fitted on 2911 rows — sin_year_1=-0.019 cos_year_1=0.070
10:52:43 [INFO] Chain [1] start processing
10:52:43 [INFO] Chain [1] done processing
10:52:43 [INFO] ProphetWrapper fitted on 2912 rows — sin_year_1=-0.010 cos_year_1=0.026
10:52:43 [INFO] Chain [1] start processing
10:52:43 [INFO] Chain [1] done processing
10:52:43 [INFO] ProphetWrapper fitted on 2922 rows — sin_year_1=-0.023 cos_year_1=0.069
10:52:43 [INFO] Chain [1] start processing
10:52:44 [INFO] Chain [1] done processing
10:52:44 [INFO] ProphetWrapper fitted on 2854 rows — sin_year_1=-0.015 cos_year_1=0.059
10:52:44 [INFO] Round 10 — test accuracy: 0.566  macro-F1: 0.496  (3561 samples)
10:52:44 [INFO] ProphetWrapper FEDAVG prophet_fedavg_geographic done. Final acc=0.566  Saved: results/e7_local_prophet/seeds/seed505/e7_prophet_fedavg_geographic_fl_metrics.csv
10:52:44 [INFO] === E7 ProphetWrapper + FEDAVG — iid (max_train_years=None) ===
10:52:44 [INFO] ICA thresholds loaded: Q1=7.50 Q2=13.00 μg/m³
10:52:45 [INFO] Provinces loaded: ['Avila', 'Burgos', 'León', 'Palencia', 'Ponferrada', 'Salamanca', 'Segovia', 'Soria', 'Valladolid', 'Zamora']
10:52:45 [INFO] ProphetWrapper FEDAVG round 1/10
10:52:45 [INFO] Chain [1] start processing
10:52:45 [INFO] Chain [1] done processing
10:52:45 [INFO] ProphetWrapper fitted on 2851 rows — sin_year_1=-0.013 cos_year_1=0.030
10:52:45 [INFO] Chain [1] start processing
10:52:45 [INFO] Chain [1] done processing
10:52:45 [INFO] ProphetWrapper fitted on 2851 rows — sin_year_1=-0.019 cos_year_1=0.045
10:52:46 [INFO] Chain [1] start processing
10:52:46 [INFO] Chain [1] done processing
10:52:46 [INFO] ProphetWrapper fitted on 2851 rows — sin_year_1=-0.012 cos_year_1=0.038
10:52:46 [INFO] Chain [1] start processing
10:52:46 [INFO] Chain [1] done processing
10:52:46 [INFO] ProphetWrapper fitted on 2851 rows — sin_year_1=-0.015 cos_year_1=0.048
10:52:46 [INFO] Chain [1] start processing
10:52:46 [INFO] Chain [1] done processing
10:52:46 [INFO] ProphetWrapper fitted on 2851 rows — sin_year_1=-0.008 cos_year_1=0.046
10:52:46 [INFO] Chain [1] start processing
10:52:47 [INFO] Chain [1] done processing
10:52:47 [INFO] ProphetWrapper fitted on 2851 rows — sin_year_1=-0.016 cos_year_1=0.044
10:52:47 [INFO] Chain [1] start processing
10:52:47 [INFO] Chain [1] done processing
10:52:47 [INFO] ProphetWrapper fitted on 2851 rows — sin_year_1=-0.014 cos_year_1=0.039
10:52:47 [INFO] Chain [1] start processing
10:52:47 [INFO] Chain [1] done processing
10:52:47 [INFO] ProphetWrapper fitted on 2851 rows — sin_year_1=-0.011 cos_year_1=0.039
10:52:47 [INFO] Chain [1] start processing
10:52:48 [INFO] Chain [1] done processing
10:52:48 [INFO] ProphetWrapper fitted on 2851 rows — sin_year_1=-0.014 cos_year_1=0.040
10:52:48 [INFO] Chain [1] start processing
10:52:48 [INFO] Chain [1] done processing
10:52:48 [INFO] ProphetWrapper fitted on 2855 rows — sin_year_1=-0.009 cos_year_1=0.040
10:52:49 [INFO] Round 1 — test accuracy: 0.578  macro-F1: 0.361  (3580 samples)
10:52:49 [INFO] ProphetWrapper FEDAVG round 2/10
10:52:49 [INFO] Chain [1] start processing
10:52:49 [INFO] Chain [1] done processing
10:52:49 [INFO] ProphetWrapper fitted on 2851 rows — sin_year_1=-0.013 cos_year_1=0.030
10:52:49 [INFO] Chain [1] start processing
10:52:49 [INFO] Chain [1] done processing
10:52:49 [INFO] ProphetWrapper fitted on 2851 rows — sin_year_1=-0.019 cos_year_1=0.045
10:52:49 [INFO] Chain [1] start processing
10:52:50 [INFO] Chain [1] done processing
10:52:50 [INFO] ProphetWrapper fitted on 2851 rows — sin_year_1=-0.012 cos_year_1=0.038
10:52:50 [INFO] Chain [1] start processing
10:52:50 [INFO] Chain [1] done processing
10:52:50 [INFO] ProphetWrapper fitted on 2851 rows — sin_year_1=-0.015 cos_year_1=0.048
10:52:50 [INFO] Chain [1] start processing
10:52:50 [INFO] Chain [1] done processing
10:52:50 [INFO] ProphetWrapper fitted on 2851 rows — sin_year_1=-0.008 cos_year_1=0.046
10:52:51 [INFO] Chain [1] start processing
10:52:51 [INFO] Chain [1] done processing
10:52:51 [INFO] ProphetWrapper fitted on 2851 rows — sin_year_1=-0.016 cos_year_1=0.044
10:52:51 [INFO] Chain [1] start processing
10:52:51 [INFO] Chain [1] done processing
10:52:51 [INFO] ProphetWrapper fitted on 2851 rows — sin_year_1=-0.014 cos_year_1=0.039
10:52:51 [INFO] Chain [1] start processing
10:52:51 [INFO] Chain [1] done processing
10:52:51 [INFO] ProphetWrapper fitted on 2851 rows — sin_year_1=-0.011 cos_year_1=0.039
10:52:51 [INFO] Chain [1] start processing
10:52:52 [INFO] Chain [1] done processing
10:52:52 [INFO] ProphetWrapper fitted on 2851 rows — sin_year_1=-0.014 cos_year_1=0.040
10:52:52 [INFO] Chain [1] start processing
10:52:52 [INFO] Chain [1] done processing
10:52:52 [INFO] ProphetWrapper fitted on 2855 rows — sin_year_1=-0.009 cos_year_1=0.039
10:52:53 [INFO] Round 2 — test accuracy: 0.577  macro-F1: 0.360  (3580 samples)
10:52:53 [INFO] ProphetWrapper FEDAVG round 3/10
10:52:53 [INFO] Chain [1] start processing
10:52:53 [INFO] Chain [1] done processing
10:52:53 [INFO] ProphetWrapper fitted on 2851 rows — sin_year_1=-0.013 cos_year_1=0.030
10:52:53 [INFO] Chain [1] start processing
10:52:53 [INFO] Chain [1] done processing
10:52:53 [INFO] ProphetWrapper fitted on 2851 rows — sin_year_1=-0.019 cos_year_1=0.045
10:52:53 [INFO] Chain [1] start processing
10:52:54 [INFO] Chain [1] done processing
10:52:54 [INFO] ProphetWrapper fitted on 2851 rows — sin_year_1=-0.012 cos_year_1=0.038
10:52:54 [INFO] Chain [1] start processing
10:52:54 [INFO] Chain [1] done processing
10:52:54 [INFO] ProphetWrapper fitted on 2851 rows — sin_year_1=-0.015 cos_year_1=0.048
10:52:54 [INFO] Chain [1] start processing
10:52:54 [INFO] Chain [1] done processing
10:52:54 [INFO] ProphetWrapper fitted on 2851 rows — sin_year_1=-0.008 cos_year_1=0.046
10:52:54 [INFO] Chain [1] start processing
10:52:54 [INFO] Chain [1] done processing
10:52:54 [INFO] ProphetWrapper fitted on 2851 rows — sin_year_1=-0.016 cos_year_1=0.044
10:52:55 [INFO] Chain [1] start processing
10:52:55 [INFO] Chain [1] done processing
10:52:55 [INFO] ProphetWrapper fitted on 2851 rows — sin_year_1=-0.014 cos_year_1=0.039
10:52:55 [INFO] Chain [1] start processing
10:52:55 [INFO] Chain [1] done processing
10:52:55 [INFO] ProphetWrapper fitted on 2851 rows — sin_year_1=-0.011 cos_year_1=0.039
10:52:55 [INFO] Chain [1] start processing
10:52:55 [INFO] Chain [1] done processing
10:52:55 [INFO] ProphetWrapper fitted on 2851 rows — sin_year_1=-0.014 cos_year_1=0.040
10:52:56 [INFO] Chain [1] start processing
10:52:56 [INFO] Chain [1] done processing
10:52:56 [INFO] ProphetWrapper fitted on 2855 rows — sin_year_1=-0.009 cos_year_1=0.039
10:52:56 [INFO] Round 3 — test accuracy: 0.574  macro-F1: 0.361  (3580 samples)
10:52:56 [INFO] ProphetWrapper FEDAVG round 4/10
10:52:56 [INFO] Chain [1] start processing
10:52:57 [INFO] Chain [1] done processing
10:52:57 [INFO] ProphetWrapper fitted on 2851 rows — sin_year_1=-0.013 cos_year_1=0.030
10:52:57 [INFO] Chain [1] start processing
10:52:57 [INFO] Chain [1] done processing
10:52:57 [INFO] ProphetWrapper fitted on 2851 rows — sin_year_1=-0.019 cos_year_1=0.045
10:52:57 [INFO] Chain [1] start processing
10:52:57 [INFO] Chain [1] done processing
10:52:57 [INFO] ProphetWrapper fitted on 2851 rows — sin_year_1=-0.012 cos_year_1=0.038
10:52:58 [INFO] Chain [1] start processing
10:52:58 [INFO] Chain [1] done processing
10:52:58 [INFO] ProphetWrapper fitted on 2851 rows — sin_year_1=-0.015 cos_year_1=0.048
10:52:58 [INFO] Chain [1] start processing
10:52:58 [INFO] Chain [1] done processing
10:52:58 [INFO] ProphetWrapper fitted on 2851 rows — sin_year_1=-0.008 cos_year_1=0.046
10:52:58 [INFO] Chain [1] start processing
10:52:58 [INFO] Chain [1] done processing
10:52:58 [INFO] ProphetWrapper fitted on 2851 rows — sin_year_1=-0.016 cos_year_1=0.044
10:52:59 [INFO] Chain [1] start processing
10:52:59 [INFO] Chain [1] done processing
10:52:59 [INFO] ProphetWrapper fitted on 2851 rows — sin_year_1=-0.014 cos_year_1=0.039
10:52:59 [INFO] Chain [1] start processing
10:52:59 [INFO] Chain [1] done processing
10:52:59 [INFO] ProphetWrapper fitted on 2851 rows — sin_year_1=-0.011 cos_year_1=0.039
10:52:59 [INFO] Chain [1] start processing
10:52:59 [INFO] Chain [1] done processing
10:52:59 [INFO] ProphetWrapper fitted on 2851 rows — sin_year_1=-0.014 cos_year_1=0.040
10:53:00 [INFO] Chain [1] start processing
10:53:00 [INFO] Chain [1] done processing
10:53:00 [INFO] ProphetWrapper fitted on 2855 rows — sin_year_1=-0.009 cos_year_1=0.039
10:53:01 [INFO] Round 4 — test accuracy: 0.575  macro-F1: 0.361  (3580 samples)
10:53:01 [INFO] ProphetWrapper FEDAVG round 5/10
10:53:01 [INFO] Chain [1] start processing
10:53:01 [INFO] Chain [1] done processing
10:53:01 [INFO] ProphetWrapper fitted on 2851 rows — sin_year_1=-0.013 cos_year_1=0.030
10:53:01 [INFO] Chain [1] start processing
10:53:01 [INFO] Chain [1] done processing
10:53:01 [INFO] ProphetWrapper fitted on 2851 rows — sin_year_1=-0.019 cos_year_1=0.045
10:53:01 [INFO] Chain [1] start processing
10:53:01 [INFO] Chain [1] done processing
10:53:01 [INFO] ProphetWrapper fitted on 2851 rows — sin_year_1=-0.012 cos_year_1=0.038
10:53:02 [INFO] Chain [1] start processing
10:53:02 [INFO] Chain [1] done processing
10:53:02 [INFO] ProphetWrapper fitted on 2851 rows — sin_year_1=-0.015 cos_year_1=0.048
10:53:02 [INFO] Chain [1] start processing
10:53:02 [INFO] Chain [1] done processing
10:53:02 [INFO] ProphetWrapper fitted on 2851 rows — sin_year_1=-0.008 cos_year_1=0.046
10:53:02 [INFO] Chain [1] start processing
10:53:02 [INFO] Chain [1] done processing
10:53:02 [INFO] ProphetWrapper fitted on 2851 rows — sin_year_1=-0.016 cos_year_1=0.044
10:53:03 [INFO] Chain [1] start processing
10:53:03 [INFO] Chain [1] done processing
10:53:03 [INFO] ProphetWrapper fitted on 2851 rows — sin_year_1=-0.014 cos_year_1=0.039
10:53:03 [INFO] Chain [1] start processing
10:53:03 [INFO] Chain [1] done processing
10:53:03 [INFO] ProphetWrapper fitted on 2851 rows — sin_year_1=-0.011 cos_year_1=0.039
10:53:03 [INFO] Chain [1] start processing
10:53:03 [INFO] Chain [1] done processing
10:53:03 [INFO] ProphetWrapper fitted on 2851 rows — sin_year_1=-0.014 cos_year_1=0.040
10:53:04 [INFO] Chain [1] start processing
10:53:04 [INFO] Chain [1] done processing
10:53:04 [INFO] ProphetWrapper fitted on 2855 rows — sin_year_1=-0.009 cos_year_1=0.039
10:53:04 [INFO] Round 5 — test accuracy: 0.573  macro-F1: 0.361  (3580 samples)
10:53:04 [INFO] ProphetWrapper FEDAVG round 6/10
10:53:05 [INFO] Chain [1] start processing
10:53:05 [INFO] Chain [1] done processing
10:53:05 [INFO] ProphetWrapper fitted on 2851 rows — sin_year_1=-0.013 cos_year_1=0.030
10:53:05 [INFO] Chain [1] start processing
10:53:05 [INFO] Chain [1] done processing
10:53:05 [INFO] ProphetWrapper fitted on 2851 rows — sin_year_1=-0.019 cos_year_1=0.045
10:53:05 [INFO] Chain [1] start processing
10:53:08 [INFO] Chain [1] done processing
10:53:08 [INFO] ProphetWrapper fitted on 2851 rows — sin_year_1=-0.012 cos_year_1=0.038
10:53:08 [INFO] Chain [1] start processing
10:53:08 [INFO] Chain [1] done processing
10:53:08 [INFO] ProphetWrapper fitted on 2851 rows — sin_year_1=-0.015 cos_year_1=0.048
10:53:08 [INFO] Chain [1] start processing
10:53:08 [INFO] Chain [1] done processing
10:53:08 [INFO] ProphetWrapper fitted on 2851 rows — sin_year_1=-0.008 cos_year_1=0.046
10:53:09 [INFO] Chain [1] start processing
10:53:09 [INFO] Chain [1] done processing
10:53:09 [INFO] ProphetWrapper fitted on 2851 rows — sin_year_1=-0.016 cos_year_1=0.044
10:53:09 [INFO] Chain [1] start processing
10:53:09 [INFO] Chain [1] done processing
10:53:09 [INFO] ProphetWrapper fitted on 2851 rows — sin_year_1=-0.014 cos_year_1=0.039
10:53:09 [INFO] Chain [1] start processing
10:53:09 [INFO] Chain [1] done processing
10:53:10 [INFO] ProphetWrapper fitted on 2851 rows — sin_year_1=-0.011 cos_year_1=0.039
10:53:10 [INFO] Chain [1] start processing
10:53:10 [INFO] Chain [1] done processing
10:53:10 [INFO] ProphetWrapper fitted on 2851 rows — sin_year_1=-0.014 cos_year_1=0.040
10:53:10 [INFO] Chain [1] start processing
10:53:10 [INFO] Chain [1] done processing
10:53:10 [INFO] ProphetWrapper fitted on 2855 rows — sin_year_1=-0.009 cos_year_1=0.039
10:53:11 [INFO] Round 6 — test accuracy: 0.575  macro-F1: 0.361  (3580 samples)
10:53:11 [INFO] ProphetWrapper FEDAVG round 7/10
10:53:11 [INFO] Chain [1] start processing
10:53:11 [INFO] Chain [1] done processing
10:53:11 [INFO] ProphetWrapper fitted on 2851 rows — sin_year_1=-0.013 cos_year_1=0.030
10:53:11 [INFO] Chain [1] start processing
10:53:11 [INFO] Chain [1] done processing
10:53:11 [INFO] ProphetWrapper fitted on 2851 rows — sin_year_1=-0.019 cos_year_1=0.045
10:53:12 [INFO] Chain [1] start processing
10:53:12 [INFO] Chain [1] done processing
10:53:12 [INFO] ProphetWrapper fitted on 2851 rows — sin_year_1=-0.012 cos_year_1=0.038
10:53:12 [INFO] Chain [1] start processing
10:53:12 [INFO] Chain [1] done processing
10:53:12 [INFO] ProphetWrapper fitted on 2851 rows — sin_year_1=-0.015 cos_year_1=0.048
10:53:12 [INFO] Chain [1] start processing
10:53:12 [INFO] Chain [1] done processing
10:53:12 [INFO] ProphetWrapper fitted on 2851 rows — sin_year_1=-0.008 cos_year_1=0.046
10:53:12 [INFO] Chain [1] start processing
10:53:13 [INFO] Chain [1] done processing
10:53:13 [INFO] ProphetWrapper fitted on 2851 rows — sin_year_1=-0.016 cos_year_1=0.044
10:53:13 [INFO] Chain [1] start processing
10:53:13 [INFO] Chain [1] done processing
10:53:13 [INFO] ProphetWrapper fitted on 2851 rows — sin_year_1=-0.014 cos_year_1=0.039
10:53:13 [INFO] Chain [1] start processing
10:53:13 [INFO] Chain [1] done processing
10:53:13 [INFO] ProphetWrapper fitted on 2851 rows — sin_year_1=-0.011 cos_year_1=0.039
10:53:13 [INFO] Chain [1] start processing
10:53:14 [INFO] Chain [1] done processing
10:53:14 [INFO] ProphetWrapper fitted on 2851 rows — sin_year_1=-0.014 cos_year_1=0.040
10:53:14 [INFO] Chain [1] start processing
10:53:14 [INFO] Chain [1] done processing
10:53:14 [INFO] ProphetWrapper fitted on 2855 rows — sin_year_1=-0.009 cos_year_1=0.039
10:53:15 [INFO] Round 7 — test accuracy: 0.573  macro-F1: 0.362  (3580 samples)
10:53:15 [INFO] ProphetWrapper FEDAVG round 8/10
10:53:15 [INFO] Chain [1] start processing
10:53:15 [INFO] Chain [1] done processing
10:53:15 [INFO] ProphetWrapper fitted on 2851 rows — sin_year_1=-0.013 cos_year_1=0.030
10:53:15 [INFO] Chain [1] start processing
10:53:15 [INFO] Chain [1] done processing
10:53:15 [INFO] ProphetWrapper fitted on 2851 rows — sin_year_1=-0.019 cos_year_1=0.045
10:53:15 [INFO] Chain [1] start processing
10:53:16 [INFO] Chain [1] done processing
10:53:16 [INFO] ProphetWrapper fitted on 2851 rows — sin_year_1=-0.012 cos_year_1=0.038
10:53:16 [INFO] Chain [1] start processing
10:53:16 [INFO] Chain [1] done processing
10:53:16 [INFO] ProphetWrapper fitted on 2851 rows — sin_year_1=-0.015 cos_year_1=0.048
10:53:16 [INFO] Chain [1] start processing
10:53:16 [INFO] Chain [1] done processing
10:53:16 [INFO] ProphetWrapper fitted on 2851 rows — sin_year_1=-0.008 cos_year_1=0.046
10:53:16 [INFO] Chain [1] start processing
10:53:16 [INFO] Chain [1] done processing
10:53:16 [INFO] ProphetWrapper fitted on 2851 rows — sin_year_1=-0.016 cos_year_1=0.044
10:53:17 [INFO] Chain [1] start processing
10:53:17 [INFO] Chain [1] done processing
10:53:17 [INFO] ProphetWrapper fitted on 2851 rows — sin_year_1=-0.014 cos_year_1=0.039
10:53:17 [INFO] Chain [1] start processing
10:53:17 [INFO] Chain [1] done processing
10:53:17 [INFO] ProphetWrapper fitted on 2851 rows — sin_year_1=-0.011 cos_year_1=0.039
10:53:17 [INFO] Chain [1] start processing
10:53:17 [INFO] Chain [1] done processing
10:53:17 [INFO] ProphetWrapper fitted on 2851 rows — sin_year_1=-0.014 cos_year_1=0.040
10:53:18 [INFO] Chain [1] start processing
10:53:18 [INFO] Chain [1] done processing
10:53:18 [INFO] ProphetWrapper fitted on 2855 rows — sin_year_1=-0.009 cos_year_1=0.039
10:53:18 [INFO] Round 8 — test accuracy: 0.575  macro-F1: 0.363  (3580 samples)
10:53:18 [INFO] ProphetWrapper FEDAVG round 9/10
10:53:18 [INFO] Chain [1] start processing
10:53:19 [INFO] Chain [1] done processing
10:53:19 [INFO] ProphetWrapper fitted on 2851 rows — sin_year_1=-0.013 cos_year_1=0.030
10:53:19 [INFO] Chain [1] start processing
10:53:19 [INFO] Chain [1] done processing
10:53:19 [INFO] ProphetWrapper fitted on 2851 rows — sin_year_1=-0.019 cos_year_1=0.045
10:53:19 [INFO] Chain [1] start processing
10:53:19 [INFO] Chain [1] done processing
10:53:19 [INFO] ProphetWrapper fitted on 2851 rows — sin_year_1=-0.012 cos_year_1=0.038
10:53:19 [INFO] Chain [1] start processing
10:53:20 [INFO] Chain [1] done processing
10:53:20 [INFO] ProphetWrapper fitted on 2851 rows — sin_year_1=-0.015 cos_year_1=0.048
10:53:20 [INFO] Chain [1] start processing
10:53:20 [INFO] Chain [1] done processing
10:53:20 [INFO] ProphetWrapper fitted on 2851 rows — sin_year_1=-0.008 cos_year_1=0.046
10:53:20 [INFO] Chain [1] start processing
10:53:20 [INFO] Chain [1] done processing
10:53:20 [INFO] ProphetWrapper fitted on 2851 rows — sin_year_1=-0.016 cos_year_1=0.044
10:53:20 [INFO] Chain [1] start processing
10:53:21 [INFO] Chain [1] done processing
10:53:21 [INFO] ProphetWrapper fitted on 2851 rows — sin_year_1=-0.014 cos_year_1=0.039
10:53:21 [INFO] Chain [1] start processing
10:53:21 [INFO] Chain [1] done processing
10:53:21 [INFO] ProphetWrapper fitted on 2851 rows — sin_year_1=-0.011 cos_year_1=0.039
10:53:21 [INFO] Chain [1] start processing
10:53:21 [INFO] Chain [1] done processing
10:53:21 [INFO] ProphetWrapper fitted on 2851 rows — sin_year_1=-0.014 cos_year_1=0.040
10:53:21 [INFO] Chain [1] start processing
10:53:21 [INFO] Chain [1] done processing
10:53:21 [INFO] ProphetWrapper fitted on 2855 rows — sin_year_1=-0.009 cos_year_1=0.039
10:53:22 [INFO] Round 9 — test accuracy: 0.574  macro-F1: 0.361  (3580 samples)
10:53:22 [INFO] ProphetWrapper FEDAVG round 10/10
10:53:22 [INFO] Chain [1] start processing
10:53:22 [INFO] Chain [1] done processing
10:53:22 [INFO] ProphetWrapper fitted on 2851 rows — sin_year_1=-0.013 cos_year_1=0.030
10:53:23 [INFO] Chain [1] start processing
10:53:23 [INFO] Chain [1] done processing
10:53:23 [INFO] ProphetWrapper fitted on 2851 rows — sin_year_1=-0.019 cos_year_1=0.045
10:53:23 [INFO] Chain [1] start processing
10:53:23 [INFO] Chain [1] done processing
10:53:23 [INFO] ProphetWrapper fitted on 2851 rows — sin_year_1=-0.012 cos_year_1=0.038
10:53:23 [INFO] Chain [1] start processing
10:53:23 [INFO] Chain [1] done processing
10:53:23 [INFO] ProphetWrapper fitted on 2851 rows — sin_year_1=-0.015 cos_year_1=0.048
10:53:23 [INFO] Chain [1] start processing
10:53:24 [INFO] Chain [1] done processing
10:53:24 [INFO] ProphetWrapper fitted on 2851 rows — sin_year_1=-0.008 cos_year_1=0.046
10:53:24 [INFO] Chain [1] start processing
10:53:24 [INFO] Chain [1] done processing
10:53:24 [INFO] ProphetWrapper fitted on 2851 rows — sin_year_1=-0.016 cos_year_1=0.044
10:53:24 [INFO] Chain [1] start processing
10:53:24 [INFO] Chain [1] done processing
10:53:24 [INFO] ProphetWrapper fitted on 2851 rows — sin_year_1=-0.014 cos_year_1=0.039
10:53:24 [INFO] Chain [1] start processing
10:53:25 [INFO] Chain [1] done processing
10:53:25 [INFO] ProphetWrapper fitted on 2851 rows — sin_year_1=-0.011 cos_year_1=0.039
10:53:25 [INFO] Chain [1] start processing
10:53:25 [INFO] Chain [1] done processing
10:53:25 [INFO] ProphetWrapper fitted on 2851 rows — sin_year_1=-0.014 cos_year_1=0.040
10:53:25 [INFO] Chain [1] start processing
10:53:25 [INFO] Chain [1] done processing
10:53:25 [INFO] ProphetWrapper fitted on 2855 rows — sin_year_1=-0.009 cos_year_1=0.039
10:53:26 [INFO] Round 10 — test accuracy: 0.572  macro-F1: 0.362  (3580 samples)
10:53:26 [INFO] ProphetWrapper FEDAVG prophet_fedavg_iid done. Final acc=0.572  Saved: results/e7_local_prophet/seeds/seed505/e7_prophet_fedavg_iid_fl_metrics.csv
10:53:26 [INFO] E7 summary saved: results/e7_local_prophet/seeds/e7_summary_seed505.csv
10:53:26 [INFO] === E7 replicate master=1009 (dir=results/e7_local_prophet/seeds/seed1009) ===
10:53:26 [INFO] === E7 ProphetWrapper + FEDGAM — geographic (max_train_years=None) ===
10:53:26 [INFO] ICA thresholds loaded: Q1=7.50 Q2=13.00 μg/m³
10:53:26 [INFO] Provinces loaded: ['Avila', 'Burgos', 'León', 'Palencia', 'Ponferrada', 'Salamanca', 'Segovia', 'Soria', 'Valladolid', 'Zamora']
10:53:26 [INFO] ProphetWrapper FEDGAM round 1/10
10:53:26 [INFO] Chain [1] start processing
10:53:27 [INFO] Chain [1] done processing
10:53:27 [INFO] ProphetWrapper fitted on 2305 rows — sin_year_1=-0.002 cos_year_1=0.043
10:53:27 [INFO] Chain [1] start processing
10:53:27 [INFO] Chain [1] done processing
10:53:27 [INFO] ProphetWrapper fitted on 2922 rows — sin_year_1=0.006 cos_year_1=0.036
10:53:27 [INFO] Chain [1] start processing
10:53:27 [INFO] Chain [1] done processing
10:53:27 [INFO] ProphetWrapper fitted on 2922 rows — sin_year_1=-0.026 cos_year_1=0.039
10:53:27 [INFO] Chain [1] start processing
10:53:28 [INFO] Chain [1] done processing
10:53:28 [INFO] ProphetWrapper fitted on 2922 rows — sin_year_1=-0.019 cos_year_1=0.067
10:53:28 [INFO] Chain [1] start processing
10:53:28 [INFO] Chain [1] done processing
10:53:28 [INFO] ProphetWrapper fitted on 2922 rows — sin_year_1=-0.018 cos_year_1=0.028
10:53:28 [INFO] Chain [1] start processing
10:53:28 [INFO] Chain [1] done processing
10:53:28 [INFO] ProphetWrapper fitted on 2922 rows — sin_year_1=-0.003 cos_year_1=0.031
10:53:28 [INFO] Chain [1] start processing
10:53:29 [INFO] Chain [1] done processing
10:53:29 [INFO] ProphetWrapper fitted on 2911 rows — sin_year_1=-0.019 cos_year_1=0.070
10:53:29 [INFO] Chain [1] start processing
10:53:29 [INFO] Chain [1] done processing
10:53:29 [INFO] ProphetWrapper fitted on 2912 rows — sin_year_1=-0.010 cos_year_1=0.026
10:53:29 [INFO] Chain [1] start processing
10:53:29 [INFO] Chain [1] done processing
10:53:29 [INFO] ProphetWrapper fitted on 2922 rows — sin_year_1=-0.023 cos_year_1=0.069
10:53:29 [INFO] Chain [1] start processing
10:53:30 [INFO] Chain [1] done processing
10:53:30 [INFO] ProphetWrapper fitted on 2854 rows — sin_year_1=-0.015 cos_year_1=0.059
10:53:30 [INFO] Round 1 — test accuracy: 0.564  macro-F1: 0.493  (3561 samples)
10:53:30 [INFO] ProphetWrapper FEDGAM round 2/10
10:53:30 [INFO] Chain [1] start processing
10:53:31 [INFO] Chain [1] done processing
10:53:31 [INFO] ProphetWrapper fitted on 2305 rows — sin_year_1=-0.001 cos_year_1=0.043
10:53:31 [INFO] Chain [1] start processing
10:53:31 [INFO] Chain [1] done processing
10:53:31 [INFO] ProphetWrapper fitted on 2922 rows — sin_year_1=0.006 cos_year_1=0.036
10:53:31 [INFO] Chain [1] start processing
10:53:31 [INFO] Chain [1] done processing
10:53:31 [INFO] ProphetWrapper fitted on 2922 rows — sin_year_1=-0.026 cos_year_1=0.039
10:53:31 [INFO] Chain [1] start processing
10:53:31 [INFO] Chain [1] done processing
10:53:31 [INFO] ProphetWrapper fitted on 2922 rows — sin_year_1=-0.019 cos_year_1=0.067
10:53:32 [INFO] Chain [1] start processing
10:53:32 [INFO] Chain [1] done processing
10:53:32 [INFO] ProphetWrapper fitted on 2922 rows — sin_year_1=-0.018 cos_year_1=0.028
10:53:32 [INFO] Chain [1] start processing
10:53:32 [INFO] Chain [1] done processing
10:53:32 [INFO] ProphetWrapper fitted on 2922 rows — sin_year_1=-0.002 cos_year_1=0.032
10:53:32 [INFO] Chain [1] start processing
10:53:32 [INFO] Chain [1] done processing
10:53:32 [INFO] ProphetWrapper fitted on 2911 rows — sin_year_1=-0.019 cos_year_1=0.070
10:53:33 [INFO] Chain [1] start processing
10:53:33 [INFO] Chain [1] done processing
10:53:33 [INFO] ProphetWrapper fitted on 2912 rows — sin_year_1=-0.010 cos_year_1=0.026
10:53:33 [INFO] Chain [1] start processing
10:53:33 [INFO] Chain [1] done processing
10:53:33 [INFO] ProphetWrapper fitted on 2922 rows — sin_year_1=-0.023 cos_year_1=0.069
10:53:33 [INFO] Chain [1] start processing
10:53:33 [INFO] Chain [1] done processing
10:53:33 [INFO] ProphetWrapper fitted on 2854 rows — sin_year_1=-0.016 cos_year_1=0.059
10:53:34 [INFO] Round 2 — test accuracy: 0.564  macro-F1: 0.493  (3561 samples)
10:53:34 [INFO] ProphetWrapper FEDGAM round 3/10
10:53:34 [INFO] Chain [1] start processing
10:53:34 [INFO] Chain [1] done processing
10:53:34 [INFO] ProphetWrapper fitted on 2305 rows — sin_year_1=-0.001 cos_year_1=0.043
10:53:34 [INFO] Chain [1] start processing
10:53:34 [INFO] Chain [1] done processing
10:53:34 [INFO] ProphetWrapper fitted on 2922 rows — sin_year_1=0.006 cos_year_1=0.036
10:53:35 [INFO] Chain [1] start processing
10:53:35 [INFO] Chain [1] done processing
10:53:35 [INFO] ProphetWrapper fitted on 2922 rows — sin_year_1=-0.026 cos_year_1=0.039
10:53:35 [INFO] Chain [1] start processing
10:53:35 [INFO] Chain [1] done processing
10:53:35 [INFO] ProphetWrapper fitted on 2922 rows — sin_year_1=-0.019 cos_year_1=0.067
10:53:35 [INFO] Chain [1] start processing
10:53:35 [INFO] Chain [1] done processing
10:53:35 [INFO] ProphetWrapper fitted on 2922 rows — sin_year_1=-0.018 cos_year_1=0.028
10:53:35 [INFO] Chain [1] start processing
10:53:36 [INFO] Chain [1] done processing
10:53:36 [INFO] ProphetWrapper fitted on 2922 rows — sin_year_1=-0.002 cos_year_1=0.032
10:53:36 [INFO] Chain [1] start processing
10:53:36 [INFO] Chain [1] done processing
10:53:36 [INFO] ProphetWrapper fitted on 2911 rows — sin_year_1=-0.019 cos_year_1=0.070
10:53:36 [INFO] Chain [1] start processing
10:53:36 [INFO] Chain [1] done processing
10:53:36 [INFO] ProphetWrapper fitted on 2912 rows — sin_year_1=-0.010 cos_year_1=0.026
10:53:36 [INFO] Chain [1] start processing
10:53:37 [INFO] Chain [1] done processing
10:53:37 [INFO] ProphetWrapper fitted on 2922 rows — sin_year_1=-0.023 cos_year_1=0.069
10:53:37 [INFO] Chain [1] start processing
10:53:37 [INFO] Chain [1] done processing
10:53:37 [INFO] ProphetWrapper fitted on 2854 rows — sin_year_1=-0.015 cos_year_1=0.059
10:53:37 [INFO] Round 3 — test accuracy: 0.565  macro-F1: 0.496  (3561 samples)
10:53:37 [INFO] ProphetWrapper FEDGAM round 4/10
10:53:38 [INFO] Chain [1] start processing
10:53:38 [INFO] Chain [1] done processing
10:53:38 [INFO] ProphetWrapper fitted on 2305 rows — sin_year_1=-0.001 cos_year_1=0.043
10:53:38 [INFO] Chain [1] start processing
10:53:38 [INFO] Chain [1] done processing
10:53:38 [INFO] ProphetWrapper fitted on 2922 rows — sin_year_1=0.006 cos_year_1=0.036
10:53:38 [INFO] Chain [1] start processing
10:53:38 [INFO] Chain [1] done processing
10:53:38 [INFO] ProphetWrapper fitted on 2922 rows — sin_year_1=-0.026 cos_year_1=0.039
10:53:38 [INFO] Chain [1] start processing
10:53:38 [INFO] Chain [1] done processing
10:53:38 [INFO] ProphetWrapper fitted on 2922 rows — sin_year_1=-0.019 cos_year_1=0.067
10:53:39 [INFO] Chain [1] start processing
10:53:39 [INFO] Chain [1] done processing
10:53:39 [INFO] ProphetWrapper fitted on 2922 rows — sin_year_1=-0.018 cos_year_1=0.028
10:53:39 [INFO] Chain [1] start processing
10:53:39 [INFO] Chain [1] done processing
10:53:39 [INFO] ProphetWrapper fitted on 2922 rows — sin_year_1=-0.002 cos_year_1=0.032
10:53:39 [INFO] Chain [1] start processing
10:53:39 [INFO] Chain [1] done processing
10:53:39 [INFO] ProphetWrapper fitted on 2911 rows — sin_year_1=-0.019 cos_year_1=0.070
10:53:39 [INFO] Chain [1] start processing
10:53:40 [INFO] Chain [1] done processing
10:53:40 [INFO] ProphetWrapper fitted on 2912 rows — sin_year_1=-0.010 cos_year_1=0.026
10:53:40 [INFO] Chain [1] start processing
10:53:40 [INFO] Chain [1] done processing
10:53:40 [INFO] ProphetWrapper fitted on 2922 rows — sin_year_1=-0.023 cos_year_1=0.069
10:53:42 [INFO] Chain [1] start processing
10:53:42 [INFO] Chain [1] done processing
10:53:42 [INFO] ProphetWrapper fitted on 2854 rows — sin_year_1=-0.015 cos_year_1=0.059
10:53:43 [INFO] Round 4 — test accuracy: 0.567  macro-F1: 0.498  (3561 samples)
10:53:43 [INFO] ProphetWrapper FEDGAM round 5/10
10:53:43 [INFO] Chain [1] start processing
10:53:43 [INFO] Chain [1] done processing
10:53:43 [INFO] ProphetWrapper fitted on 2305 rows — sin_year_1=-0.001 cos_year_1=0.043
10:53:44 [INFO] Chain [1] start processing
10:53:44 [INFO] Chain [1] done processing
10:53:44 [INFO] ProphetWrapper fitted on 2922 rows — sin_year_1=0.006 cos_year_1=0.036
10:53:44 [INFO] Chain [1] start processing
10:53:44 [INFO] Chain [1] done processing
10:53:44 [INFO] ProphetWrapper fitted on 2922 rows — sin_year_1=-0.026 cos_year_1=0.039
10:53:44 [INFO] Chain [1] start processing
10:53:44 [INFO] Chain [1] done processing
10:53:44 [INFO] ProphetWrapper fitted on 2922 rows — sin_year_1=-0.019 cos_year_1=0.067
10:53:44 [INFO] Chain [1] start processing
10:53:45 [INFO] Chain [1] done processing
10:53:45 [INFO] ProphetWrapper fitted on 2922 rows — sin_year_1=-0.018 cos_year_1=0.028
10:53:45 [INFO] Chain [1] start processing
10:53:45 [INFO] Chain [1] done processing
10:53:45 [INFO] ProphetWrapper fitted on 2922 rows — sin_year_1=-0.003 cos_year_1=0.032
10:53:45 [INFO] Chain [1] start processing
10:53:45 [INFO] Chain [1] done processing
10:53:45 [INFO] ProphetWrapper fitted on 2911 rows — sin_year_1=-0.019 cos_year_1=0.070
10:53:45 [INFO] Chain [1] start processing
10:53:46 [INFO] Chain [1] done processing
10:53:46 [INFO] ProphetWrapper fitted on 2912 rows — sin_year_1=-0.010 cos_year_1=0.026
10:53:46 [INFO] Chain [1] start processing
10:53:46 [INFO] Chain [1] done processing
10:53:46 [INFO] ProphetWrapper fitted on 2922 rows — sin_year_1=-0.023 cos_year_1=0.069
10:53:47 [INFO] Chain [1] start processing
10:53:47 [INFO] Chain [1] done processing
10:53:47 [INFO] ProphetWrapper fitted on 2854 rows — sin_year_1=-0.015 cos_year_1=0.059
10:53:48 [INFO] Round 5 — test accuracy: 0.568  macro-F1: 0.497  (3561 samples)
10:53:48 [INFO] ProphetWrapper FEDGAM round 6/10
10:53:48 [INFO] Chain [1] start processing
10:53:49 [INFO] Chain [1] done processing
10:53:49 [INFO] ProphetWrapper fitted on 2305 rows — sin_year_1=-0.001 cos_year_1=0.043
10:53:49 [INFO] Chain [1] start processing
10:53:49 [INFO] Chain [1] done processing
10:53:49 [INFO] ProphetWrapper fitted on 2922 rows — sin_year_1=0.006 cos_year_1=0.036
10:53:49 [INFO] Chain [1] start processing
10:53:50 [INFO] Chain [1] done processing
10:53:50 [INFO] ProphetWrapper fitted on 2922 rows — sin_year_1=-0.026 cos_year_1=0.039
10:53:50 [INFO] Chain [1] start processing
10:53:50 [INFO] Chain [1] done processing
10:53:50 [INFO] ProphetWrapper fitted on 2922 rows — sin_year_1=-0.019 cos_year_1=0.067
10:53:50 [INFO] Chain [1] start processing
10:53:50 [INFO] Chain [1] done processing
10:53:50 [INFO] ProphetWrapper fitted on 2922 rows — sin_year_1=-0.018 cos_year_1=0.028
10:53:50 [INFO] Chain [1] start processing
10:53:51 [INFO] Chain [1] done processing
10:53:51 [INFO] ProphetWrapper fitted on 2922 rows — sin_year_1=-0.003 cos_year_1=0.032
10:53:51 [INFO] Chain [1] start processing
10:53:51 [INFO] Chain [1] done processing
10:53:51 [INFO] ProphetWrapper fitted on 2911 rows — sin_year_1=-0.019 cos_year_1=0.070
10:53:51 [INFO] Chain [1] start processing
10:53:51 [INFO] Chain [1] done processing
10:53:51 [INFO] ProphetWrapper fitted on 2912 rows — sin_year_1=-0.010 cos_year_1=0.026
10:53:52 [INFO] Chain [1] start processing
10:53:52 [INFO] Chain [1] done processing
10:53:52 [INFO] ProphetWrapper fitted on 2922 rows — sin_year_1=-0.023 cos_year_1=0.069
10:53:52 [INFO] Chain [1] start processing
10:53:52 [INFO] Chain [1] done processing
10:53:52 [INFO] ProphetWrapper fitted on 2854 rows — sin_year_1=-0.015 cos_year_1=0.059
10:53:53 [INFO] Round 6 — test accuracy: 0.568  macro-F1: 0.497  (3561 samples)
10:53:53 [INFO] ProphetWrapper FEDGAM round 7/10
10:53:53 [INFO] Chain [1] start processing
10:53:53 [INFO] Chain [1] done processing
10:53:53 [INFO] ProphetWrapper fitted on 2305 rows — sin_year_1=-0.002 cos_year_1=0.043
10:53:53 [INFO] Chain [1] start processing
10:53:53 [INFO] Chain [1] done processing
10:53:53 [INFO] ProphetWrapper fitted on 2922 rows — sin_year_1=0.006 cos_year_1=0.036
10:53:53 [INFO] Chain [1] start processing
10:53:54 [INFO] Chain [1] done processing
10:53:54 [INFO] ProphetWrapper fitted on 2922 rows — sin_year_1=-0.026 cos_year_1=0.039
10:53:54 [INFO] Chain [1] start processing
10:53:54 [INFO] Chain [1] done processing
10:53:54 [INFO] ProphetWrapper fitted on 2922 rows — sin_year_1=-0.019 cos_year_1=0.067
10:53:54 [INFO] Chain [1] start processing
10:53:54 [INFO] Chain [1] done processing
10:53:54 [INFO] ProphetWrapper fitted on 2922 rows — sin_year_1=-0.018 cos_year_1=0.028
10:53:55 [INFO] Chain [1] start processing
10:53:57 [INFO] Chain [1] done processing
10:53:57 [INFO] ProphetWrapper fitted on 2922 rows — sin_year_1=-0.003 cos_year_1=0.032
10:53:57 [INFO] Chain [1] start processing
10:53:57 [INFO] Chain [1] done processing
10:53:57 [INFO] ProphetWrapper fitted on 2911 rows — sin_year_1=-0.019 cos_year_1=0.070
10:53:58 [INFO] Chain [1] start processing
10:53:58 [INFO] Chain [1] done processing
10:53:58 [INFO] ProphetWrapper fitted on 2912 rows — sin_year_1=-0.010 cos_year_1=0.026
10:53:58 [INFO] Chain [1] start processing
10:53:58 [INFO] Chain [1] done processing
10:53:58 [INFO] ProphetWrapper fitted on 2922 rows — sin_year_1=-0.023 cos_year_1=0.069
10:53:59 [INFO] Chain [1] start processing
10:53:59 [INFO] Chain [1] done processing
10:53:59 [INFO] ProphetWrapper fitted on 2854 rows — sin_year_1=-0.015 cos_year_1=0.059
10:53:59 [INFO] Round 7 — test accuracy: 0.568  macro-F1: 0.498  (3561 samples)
10:53:59 [INFO] ProphetWrapper FEDGAM round 8/10
10:54:00 [INFO] Chain [1] start processing
10:54:00 [INFO] Chain [1] done processing
10:54:00 [INFO] ProphetWrapper fitted on 2305 rows — sin_year_1=-0.001 cos_year_1=0.043
10:54:00 [INFO] Chain [1] start processing
10:54:00 [INFO] Chain [1] done processing
10:54:00 [INFO] ProphetWrapper fitted on 2922 rows — sin_year_1=0.006 cos_year_1=0.036
10:54:00 [INFO] Chain [1] start processing
10:54:01 [INFO] Chain [1] done processing
10:54:01 [INFO] ProphetWrapper fitted on 2922 rows — sin_year_1=-0.026 cos_year_1=0.039
10:54:01 [INFO] Chain [1] start processing
10:54:01 [INFO] Chain [1] done processing
10:54:01 [INFO] ProphetWrapper fitted on 2922 rows — sin_year_1=-0.019 cos_year_1=0.067
10:54:01 [INFO] Chain [1] start processing
10:54:01 [INFO] Chain [1] done processing
10:54:01 [INFO] ProphetWrapper fitted on 2922 rows — sin_year_1=-0.018 cos_year_1=0.028
10:54:02 [INFO] Chain [1] start processing
10:54:02 [INFO] Chain [1] done processing
10:54:02 [INFO] ProphetWrapper fitted on 2922 rows — sin_year_1=-0.002 cos_year_1=0.032
10:54:02 [INFO] Chain [1] start processing
10:54:02 [INFO] Chain [1] done processing
10:54:02 [INFO] ProphetWrapper fitted on 2911 rows — sin_year_1=-0.019 cos_year_1=0.070
10:54:02 [INFO] Chain [1] start processing
10:54:02 [INFO] Chain [1] done processing
10:54:02 [INFO] ProphetWrapper fitted on 2912 rows — sin_year_1=-0.010 cos_year_1=0.026
10:54:03 [INFO] Chain [1] start processing
10:54:03 [INFO] Chain [1] done processing
10:54:03 [INFO] ProphetWrapper fitted on 2922 rows — sin_year_1=-0.023 cos_year_1=0.069
10:54:03 [INFO] Chain [1] start processing
10:54:03 [INFO] Chain [1] done processing
10:54:03 [INFO] ProphetWrapper fitted on 2854 rows — sin_year_1=-0.015 cos_year_1=0.059
10:54:04 [INFO] Round 8 — test accuracy: 0.566  macro-F1: 0.497  (3561 samples)
10:54:04 [INFO] ProphetWrapper FEDGAM round 9/10
10:54:04 [INFO] Chain [1] start processing
10:54:04 [INFO] Chain [1] done processing
10:54:04 [INFO] ProphetWrapper fitted on 2305 rows — sin_year_1=-0.001 cos_year_1=0.043
10:54:04 [INFO] Chain [1] start processing
10:54:05 [INFO] Chain [1] done processing
10:54:05 [INFO] ProphetWrapper fitted on 2922 rows — sin_year_1=0.006 cos_year_1=0.036
10:54:05 [INFO] Chain [1] start processing
10:54:05 [INFO] Chain [1] done processing
10:54:05 [INFO] ProphetWrapper fitted on 2922 rows — sin_year_1=-0.026 cos_year_1=0.039
10:54:05 [INFO] Chain [1] start processing
10:54:05 [INFO] Chain [1] done processing
10:54:05 [INFO] ProphetWrapper fitted on 2922 rows — sin_year_1=-0.019 cos_year_1=0.067
10:54:06 [INFO] Chain [1] start processing
10:54:06 [INFO] Chain [1] done processing
10:54:06 [INFO] ProphetWrapper fitted on 2922 rows — sin_year_1=-0.018 cos_year_1=0.028
10:54:06 [INFO] Chain [1] start processing
10:54:06 [INFO] Chain [1] done processing
10:54:06 [INFO] ProphetWrapper fitted on 2922 rows — sin_year_1=-0.002 cos_year_1=0.032
10:54:06 [INFO] Chain [1] start processing
10:54:06 [INFO] Chain [1] done processing
10:54:06 [INFO] ProphetWrapper fitted on 2911 rows — sin_year_1=-0.019 cos_year_1=0.070
10:54:07 [INFO] Chain [1] start processing
10:54:07 [INFO] Chain [1] done processing
10:54:07 [INFO] ProphetWrapper fitted on 2912 rows — sin_year_1=-0.010 cos_year_1=0.026
10:54:07 [INFO] Chain [1] start processing
10:54:07 [INFO] Chain [1] done processing
10:54:07 [INFO] ProphetWrapper fitted on 2922 rows — sin_year_1=-0.023 cos_year_1=0.069
10:54:07 [INFO] Chain [1] start processing
10:54:07 [INFO] Chain [1] done processing
10:54:07 [INFO] ProphetWrapper fitted on 2854 rows — sin_year_1=-0.015 cos_year_1=0.059
10:54:08 [INFO] Round 9 — test accuracy: 0.569  macro-F1: 0.500  (3561 samples)
10:54:08 [INFO] ProphetWrapper FEDGAM round 10/10
10:54:08 [INFO] Chain [1] start processing
10:54:08 [INFO] Chain [1] done processing
10:54:09 [INFO] ProphetWrapper fitted on 2305 rows — sin_year_1=-0.001 cos_year_1=0.043
10:54:09 [INFO] Chain [1] start processing
10:54:09 [INFO] Chain [1] done processing
10:54:09 [INFO] ProphetWrapper fitted on 2922 rows — sin_year_1=0.006 cos_year_1=0.036
10:54:09 [INFO] Chain [1] start processing
10:54:10 [INFO] Chain [1] done processing
10:54:10 [INFO] ProphetWrapper fitted on 2922 rows — sin_year_1=-0.026 cos_year_1=0.039
10:54:10 [INFO] Chain [1] start processing
10:54:10 [INFO] Chain [1] done processing
10:54:10 [INFO] ProphetWrapper fitted on 2922 rows — sin_year_1=-0.019 cos_year_1=0.067
10:54:10 [INFO] Chain [1] start processing
10:54:10 [INFO] Chain [1] done processing
10:54:10 [INFO] ProphetWrapper fitted on 2922 rows — sin_year_1=-0.018 cos_year_1=0.028
10:54:10 [INFO] Chain [1] start processing
10:54:10 [INFO] Chain [1] done processing
10:54:10 [INFO] ProphetWrapper fitted on 2922 rows — sin_year_1=-0.003 cos_year_1=0.032
10:54:11 [INFO] Chain [1] start processing
10:54:11 [INFO] Chain [1] done processing
10:54:11 [INFO] ProphetWrapper fitted on 2911 rows — sin_year_1=-0.019 cos_year_1=0.070
10:54:11 [INFO] Chain [1] start processing
10:54:11 [INFO] Chain [1] done processing
10:54:11 [INFO] ProphetWrapper fitted on 2912 rows — sin_year_1=-0.010 cos_year_1=0.026
10:54:11 [INFO] Chain [1] start processing
10:54:12 [INFO] Chain [1] done processing
10:54:12 [INFO] ProphetWrapper fitted on 2922 rows — sin_year_1=-0.023 cos_year_1=0.069
10:54:12 [INFO] Chain [1] start processing
10:54:12 [INFO] Chain [1] done processing
10:54:12 [INFO] ProphetWrapper fitted on 2854 rows — sin_year_1=-0.015 cos_year_1=0.059
10:54:13 [INFO] Round 10 — test accuracy: 0.568  macro-F1: 0.498  (3561 samples)
10:54:13 [INFO] ProphetWrapper FEDGAM prophet_fedgam_geographic done. Final acc=0.568  Saved: results/e7_local_prophet/seeds/seed1009/e7_prophet_fedgam_geographic_fl_metrics.csv
10:54:13 [INFO] === E7 ProphetWrapper + FEDGAM — iid (max_train_years=None) ===
10:54:13 [INFO] ICA thresholds loaded: Q1=7.50 Q2=13.00 μg/m³
10:54:14 [INFO] Provinces loaded: ['Avila', 'Burgos', 'León', 'Palencia', 'Ponferrada', 'Salamanca', 'Segovia', 'Soria', 'Valladolid', 'Zamora']
10:54:14 [INFO] ProphetWrapper FEDGAM round 1/10
10:54:14 [INFO] Chain [1] start processing
10:54:14 [INFO] Chain [1] done processing
10:54:14 [INFO] ProphetWrapper fitted on 2851 rows — sin_year_1=-0.020 cos_year_1=0.041
10:54:14 [INFO] Chain [1] start processing
10:54:14 [INFO] Chain [1] done processing
10:54:14 [INFO] ProphetWrapper fitted on 2851 rows — sin_year_1=-0.010 cos_year_1=0.044
10:54:15 [INFO] Chain [1] start processing
10:54:17 [INFO] Chain [1] done processing
10:54:17 [INFO] ProphetWrapper fitted on 2851 rows — sin_year_1=-0.008 cos_year_1=0.045
10:54:17 [INFO] Chain [1] start processing
10:54:18 [INFO] Chain [1] done processing
10:54:18 [INFO] ProphetWrapper fitted on 2851 rows — sin_year_1=-0.015 cos_year_1=0.032
10:54:18 [INFO] Chain [1] start processing
10:54:18 [INFO] Chain [1] done processing
10:54:18 [INFO] ProphetWrapper fitted on 2851 rows — sin_year_1=-0.014 cos_year_1=0.044
10:54:19 [INFO] Chain [1] start processing
10:54:19 [INFO] Chain [1] done processing
10:54:19 [INFO] ProphetWrapper fitted on 2851 rows — sin_year_1=-0.013 cos_year_1=0.040
10:54:19 [INFO] Chain [1] start processing
10:54:19 [INFO] Chain [1] done processing
10:54:19 [INFO] ProphetWrapper fitted on 2851 rows — sin_year_1=-0.009 cos_year_1=0.035
10:54:19 [INFO] Chain [1] start processing
10:54:19 [INFO] Chain [1] done processing
10:54:19 [INFO] ProphetWrapper fitted on 2851 rows — sin_year_1=-0.023 cos_year_1=0.051
10:54:20 [INFO] Chain [1] start processing
10:54:20 [INFO] Chain [1] done processing
10:54:20 [INFO] ProphetWrapper fitted on 2851 rows — sin_year_1=-0.013 cos_year_1=0.039
10:54:20 [INFO] Chain [1] start processing
10:54:20 [INFO] Chain [1] done processing
10:54:20 [INFO] ProphetWrapper fitted on 2855 rows — sin_year_1=-0.013 cos_year_1=0.053
10:54:21 [INFO] Round 1 — test accuracy: 0.579  macro-F1: 0.356  (3580 samples)
10:54:21 [INFO] ProphetWrapper FEDGAM round 2/10
10:54:21 [INFO] Chain [1] start processing
10:54:21 [INFO] Chain [1] done processing
10:54:21 [INFO] ProphetWrapper fitted on 2851 rows — sin_year_1=-0.019 cos_year_1=0.041
10:54:21 [INFO] Chain [1] start processing
10:54:22 [INFO] Chain [1] done processing
10:54:22 [INFO] ProphetWrapper fitted on 2851 rows — sin_year_1=-0.010 cos_year_1=0.044
10:54:22 [INFO] Chain [1] start processing
10:54:22 [INFO] Chain [1] done processing
10:54:22 [INFO] ProphetWrapper fitted on 2851 rows — sin_year_1=-0.008 cos_year_1=0.045
10:54:22 [INFO] Chain [1] start processing
10:54:22 [INFO] Chain [1] done processing
10:54:22 [INFO] ProphetWrapper fitted on 2851 rows — sin_year_1=-0.015 cos_year_1=0.032
10:54:22 [INFO] Chain [1] start processing
10:54:23 [INFO] Chain [1] done processing
10:54:23 [INFO] ProphetWrapper fitted on 2851 rows — sin_year_1=-0.014 cos_year_1=0.044
10:54:23 [INFO] Chain [1] start processing
10:54:23 [INFO] Chain [1] done processing
10:54:23 [INFO] ProphetWrapper fitted on 2851 rows — sin_year_1=-0.013 cos_year_1=0.040
10:54:23 [INFO] Chain [1] start processing
10:54:23 [INFO] Chain [1] done processing
10:54:23 [INFO] ProphetWrapper fitted on 2851 rows — sin_year_1=-0.009 cos_year_1=0.035
10:54:23 [INFO] Chain [1] start processing
10:54:23 [INFO] Chain [1] done processing
10:54:23 [INFO] ProphetWrapper fitted on 2851 rows — sin_year_1=-0.023 cos_year_1=0.051
10:54:24 [INFO] Chain [1] start processing
10:54:24 [INFO] Chain [1] done processing
10:54:24 [INFO] ProphetWrapper fitted on 2851 rows — sin_year_1=-0.013 cos_year_1=0.039
10:54:24 [INFO] Chain [1] start processing
10:54:24 [INFO] Chain [1] done processing
10:54:24 [INFO] ProphetWrapper fitted on 2855 rows — sin_year_1=-0.013 cos_year_1=0.053
10:54:25 [INFO] Round 2 — test accuracy: 0.575  macro-F1: 0.354  (3580 samples)
10:54:25 [INFO] ProphetWrapper FEDGAM round 3/10
10:54:25 [INFO] Chain [1] start processing
10:54:25 [INFO] Chain [1] done processing
10:54:25 [INFO] ProphetWrapper fitted on 2851 rows — sin_year_1=-0.019 cos_year_1=0.041
10:54:25 [INFO] Chain [1] start processing
10:54:25 [INFO] Chain [1] done processing
10:54:25 [INFO] ProphetWrapper fitted on 2851 rows — sin_year_1=-0.010 cos_year_1=0.044
10:54:25 [INFO] Chain [1] start processing
10:54:26 [INFO] Chain [1] done processing
10:54:26 [INFO] ProphetWrapper fitted on 2851 rows — sin_year_1=-0.008 cos_year_1=0.045
10:54:26 [INFO] Chain [1] start processing
10:54:26 [INFO] Chain [1] done processing
10:54:26 [INFO] ProphetWrapper fitted on 2851 rows — sin_year_1=-0.015 cos_year_1=0.032
10:54:26 [INFO] Chain [1] start processing
10:54:26 [INFO] Chain [1] done processing
10:54:26 [INFO] ProphetWrapper fitted on 2851 rows — sin_year_1=-0.014 cos_year_1=0.044
10:54:26 [INFO] Chain [1] start processing
10:54:27 [INFO] Chain [1] done processing
10:54:27 [INFO] ProphetWrapper fitted on 2851 rows — sin_year_1=-0.013 cos_year_1=0.040
10:54:27 [INFO] Chain [1] start processing
10:54:27 [INFO] Chain [1] done processing
10:54:27 [INFO] ProphetWrapper fitted on 2851 rows — sin_year_1=-0.009 cos_year_1=0.035
10:54:27 [INFO] Chain [1] start processing
10:54:27 [INFO] Chain [1] done processing
10:54:27 [INFO] ProphetWrapper fitted on 2851 rows — sin_year_1=-0.023 cos_year_1=0.051
10:54:28 [INFO] Chain [1] start processing
10:54:28 [INFO] Chain [1] done processing
10:54:28 [INFO] ProphetWrapper fitted on 2851 rows — sin_year_1=-0.013 cos_year_1=0.039
10:54:28 [INFO] Chain [1] start processing
10:54:28 [INFO] Chain [1] done processing
10:54:28 [INFO] ProphetWrapper fitted on 2855 rows — sin_year_1=-0.013 cos_year_1=0.053
10:54:29 [INFO] Round 3 — test accuracy: 0.574  macro-F1: 0.353  (3580 samples)
10:54:29 [INFO] ProphetWrapper FEDGAM round 4/10
10:54:29 [INFO] Chain [1] start processing
10:54:29 [INFO] Chain [1] done processing
10:54:29 [INFO] ProphetWrapper fitted on 2851 rows — sin_year_1=-0.019 cos_year_1=0.041
10:54:29 [INFO] Chain [1] start processing
10:54:29 [INFO] Chain [1] done processing
10:54:29 [INFO] ProphetWrapper fitted on 2851 rows — sin_year_1=-0.010 cos_year_1=0.044
10:54:30 [INFO] Chain [1] start processing
10:54:30 [INFO] Chain [1] done processing
10:54:30 [INFO] ProphetWrapper fitted on 2851 rows — sin_year_1=-0.008 cos_year_1=0.045
10:54:30 [INFO] Chain [1] start processing
10:54:30 [INFO] Chain [1] done processing
10:54:30 [INFO] ProphetWrapper fitted on 2851 rows — sin_year_1=-0.015 cos_year_1=0.032
10:54:30 [INFO] Chain [1] start processing
10:54:30 [INFO] Chain [1] done processing
10:54:30 [INFO] ProphetWrapper fitted on 2851 rows — sin_year_1=-0.014 cos_year_1=0.044
10:54:31 [INFO] Chain [1] start processing
10:54:31 [INFO] Chain [1] done processing
10:54:31 [INFO] ProphetWrapper fitted on 2851 rows — sin_year_1=-0.013 cos_year_1=0.040
10:54:31 [INFO] Chain [1] start processing
10:54:31 [INFO] Chain [1] done processing
10:54:31 [INFO] ProphetWrapper fitted on 2851 rows — sin_year_1=-0.009 cos_year_1=0.035
10:54:31 [INFO] Chain [1] start processing
10:54:31 [INFO] Chain [1] done processing
10:54:31 [INFO] ProphetWrapper fitted on 2851 rows — sin_year_1=-0.023 cos_year_1=0.051
10:54:32 [INFO] Chain [1] start processing
10:54:32 [INFO] Chain [1] done processing
10:54:32 [INFO] ProphetWrapper fitted on 2851 rows — sin_year_1=-0.013 cos_year_1=0.039
10:54:32 [INFO] Chain [1] start processing
10:54:34 [INFO] Chain [1] done processing
10:54:34 [INFO] ProphetWrapper fitted on 2855 rows — sin_year_1=-0.013 cos_year_1=0.053
10:54:34 [INFO] Round 4 — test accuracy: 0.573  macro-F1: 0.353  (3580 samples)
10:54:34 [INFO] ProphetWrapper FEDGAM round 5/10
10:54:34 [INFO] Chain [1] start processing
10:54:35 [INFO] Chain [1] done processing
10:54:35 [INFO] ProphetWrapper fitted on 2851 rows — sin_year_1=-0.019 cos_year_1=0.041
10:54:35 [INFO] Chain [1] start processing
10:54:35 [INFO] Chain [1] done processing
10:54:35 [INFO] ProphetWrapper fitted on 2851 rows — sin_year_1=-0.010 cos_year_1=0.044
10:54:35 [INFO] Chain [1] start processing
10:54:35 [INFO] Chain [1] done processing
10:54:35 [INFO] ProphetWrapper fitted on 2851 rows — sin_year_1=-0.008 cos_year_1=0.045
10:54:36 [INFO] Chain [1] start processing
10:54:36 [INFO] Chain [1] done processing
10:54:36 [INFO] ProphetWrapper fitted on 2851 rows — sin_year_1=-0.015 cos_year_1=0.032
10:54:36 [INFO] Chain [1] start processing
10:54:36 [INFO] Chain [1] done processing
10:54:36 [INFO] ProphetWrapper fitted on 2851 rows — sin_year_1=-0.014 cos_year_1=0.044
10:54:36 [INFO] Chain [1] start processing
10:54:36 [INFO] Chain [1] done processing
10:54:36 [INFO] ProphetWrapper fitted on 2851 rows — sin_year_1=-0.013 cos_year_1=0.040
10:54:37 [INFO] Chain [1] start processing
10:54:37 [INFO] Chain [1] done processing
10:54:37 [INFO] ProphetWrapper fitted on 2851 rows — sin_year_1=-0.010 cos_year_1=0.035
10:54:37 [INFO] Chain [1] start processing
10:54:37 [INFO] Chain [1] done processing
10:54:37 [INFO] ProphetWrapper fitted on 2851 rows — sin_year_1=-0.023 cos_year_1=0.051
10:54:37 [INFO] Chain [1] start processing
10:54:37 [INFO] Chain [1] done processing
10:54:37 [INFO] ProphetWrapper fitted on 2851 rows — sin_year_1=-0.013 cos_year_1=0.039
10:54:37 [INFO] Chain [1] start processing
10:54:38 [INFO] Chain [1] done processing
10:54:38 [INFO] ProphetWrapper fitted on 2855 rows — sin_year_1=-0.013 cos_year_1=0.053
10:54:38 [INFO] Round 5 — test accuracy: 0.576  macro-F1: 0.354  (3580 samples)
10:54:38 [INFO] ProphetWrapper FEDGAM round 6/10
10:54:38 [INFO] Chain [1] start processing
10:54:39 [INFO] Chain [1] done processing
10:54:39 [INFO] ProphetWrapper fitted on 2851 rows — sin_year_1=-0.019 cos_year_1=0.041
10:54:39 [INFO] Chain [1] start processing
10:54:39 [INFO] Chain [1] done processing
10:54:39 [INFO] ProphetWrapper fitted on 2851 rows — sin_year_1=-0.010 cos_year_1=0.044
10:54:39 [INFO] Chain [1] start processing
10:54:39 [INFO] Chain [1] done processing
10:54:39 [INFO] ProphetWrapper fitted on 2851 rows — sin_year_1=-0.008 cos_year_1=0.045
10:54:39 [INFO] Chain [1] start processing
10:54:39 [INFO] Chain [1] done processing
10:54:39 [INFO] ProphetWrapper fitted on 2851 rows — sin_year_1=-0.015 cos_year_1=0.032
10:54:39 [INFO] Chain [1] start processing
10:54:40 [INFO] Chain [1] done processing
10:54:40 [INFO] ProphetWrapper fitted on 2851 rows — sin_year_1=-0.014 cos_year_1=0.044
10:54:40 [INFO] Chain [1] start processing
10:54:40 [INFO] Chain [1] done processing
10:54:40 [INFO] ProphetWrapper fitted on 2851 rows — sin_year_1=-0.013 cos_year_1=0.040
10:54:40 [INFO] Chain [1] start processing
10:54:40 [INFO] Chain [1] done processing
10:54:40 [INFO] ProphetWrapper fitted on 2851 rows — sin_year_1=-0.009 cos_year_1=0.035
10:54:40 [INFO] Chain [1] start processing
10:54:41 [INFO] Chain [1] done processing
10:54:41 [INFO] ProphetWrapper fitted on 2851 rows — sin_year_1=-0.023 cos_year_1=0.051
10:54:41 [INFO] Chain [1] start processing
10:54:41 [INFO] Chain [1] done processing
10:54:41 [INFO] ProphetWrapper fitted on 2851 rows — sin_year_1=-0.013 cos_year_1=0.039
10:54:41 [INFO] Chain [1] start processing
10:54:41 [INFO] Chain [1] done processing
10:54:41 [INFO] ProphetWrapper fitted on 2855 rows — sin_year_1=-0.013 cos_year_1=0.053
10:54:42 [INFO] Round 6 — test accuracy: 0.574  macro-F1: 0.354  (3580 samples)
10:54:42 [INFO] ProphetWrapper FEDGAM round 7/10
10:54:42 [INFO] Chain [1] start processing
10:54:42 [INFO] Chain [1] done processing
10:54:42 [INFO] ProphetWrapper fitted on 2851 rows — sin_year_1=-0.019 cos_year_1=0.041
10:54:42 [INFO] Chain [1] start processing
10:54:43 [INFO] Chain [1] done processing
10:54:43 [INFO] ProphetWrapper fitted on 2851 rows — sin_year_1=-0.010 cos_year_1=0.044
10:54:43 [INFO] Chain [1] start processing
10:54:43 [INFO] Chain [1] done processing
10:54:43 [INFO] ProphetWrapper fitted on 2851 rows — sin_year_1=-0.008 cos_year_1=0.045
10:54:43 [INFO] Chain [1] start processing
10:54:43 [INFO] Chain [1] done processing
10:54:43 [INFO] ProphetWrapper fitted on 2851 rows — sin_year_1=-0.015 cos_year_1=0.032
10:54:43 [INFO] Chain [1] start processing
10:54:44 [INFO] Chain [1] done processing
10:54:44 [INFO] ProphetWrapper fitted on 2851 rows — sin_year_1=-0.014 cos_year_1=0.044
10:54:44 [INFO] Chain [1] start processing
10:54:44 [INFO] Chain [1] done processing
10:54:44 [INFO] ProphetWrapper fitted on 2851 rows — sin_year_1=-0.013 cos_year_1=0.040
10:54:44 [INFO] Chain [1] start processing
10:54:44 [INFO] Chain [1] done processing
10:54:44 [INFO] ProphetWrapper fitted on 2851 rows — sin_year_1=-0.009 cos_year_1=0.035
10:54:44 [INFO] Chain [1] start processing
10:54:45 [INFO] Chain [1] done processing
10:54:45 [INFO] ProphetWrapper fitted on 2851 rows — sin_year_1=-0.023 cos_year_1=0.051
10:54:45 [INFO] Chain [1] start processing
10:54:45 [INFO] Chain [1] done processing
10:54:45 [INFO] ProphetWrapper fitted on 2851 rows — sin_year_1=-0.013 cos_year_1=0.039
10:54:45 [INFO] Chain [1] start processing
10:54:45 [INFO] Chain [1] done processing
10:54:45 [INFO] ProphetWrapper fitted on 2855 rows — sin_year_1=-0.013 cos_year_1=0.053
10:54:46 [INFO] Round 7 — test accuracy: 0.575  macro-F1: 0.354  (3580 samples)
10:54:46 [INFO] ProphetWrapper FEDGAM round 8/10
10:54:46 [INFO] Chain [1] start processing
10:54:46 [INFO] Chain [1] done processing
10:54:46 [INFO] ProphetWrapper fitted on 2851 rows — sin_year_1=-0.019 cos_year_1=0.041
10:54:47 [INFO] Chain [1] start processing
10:54:47 [INFO] Chain [1] done processing
10:54:47 [INFO] ProphetWrapper fitted on 2851 rows — sin_year_1=-0.010 cos_year_1=0.044
10:54:47 [INFO] Chain [1] start processing
10:54:47 [INFO] Chain [1] done processing
10:54:47 [INFO] ProphetWrapper fitted on 2851 rows — sin_year_1=-0.008 cos_year_1=0.045
10:54:47 [INFO] Chain [1] start processing
10:54:48 [INFO] Chain [1] done processing
10:54:48 [INFO] ProphetWrapper fitted on 2851 rows — sin_year_1=-0.015 cos_year_1=0.032
10:54:48 [INFO] Chain [1] start processing
10:54:48 [INFO] Chain [1] done processing
10:54:48 [INFO] ProphetWrapper fitted on 2851 rows — sin_year_1=-0.014 cos_year_1=0.044
10:54:48 [INFO] Chain [1] start processing
10:54:48 [INFO] Chain [1] done processing
10:54:48 [INFO] ProphetWrapper fitted on 2851 rows — sin_year_1=-0.013 cos_year_1=0.040
10:54:48 [INFO] Chain [1] start processing
10:54:48 [INFO] Chain [1] done processing
10:54:48 [INFO] ProphetWrapper fitted on 2851 rows — sin_year_1=-0.009 cos_year_1=0.035
10:54:49 [INFO] Chain [1] start processing
10:54:49 [INFO] Chain [1] done processing
10:54:49 [INFO] ProphetWrapper fitted on 2851 rows — sin_year_1=-0.023 cos_year_1=0.051
10:54:49 [INFO] Chain [1] start processing
10:54:49 [INFO] Chain [1] done processing
10:54:49 [INFO] ProphetWrapper fitted on 2851 rows — sin_year_1=-0.013 cos_year_1=0.039
10:54:49 [INFO] Chain [1] start processing
10:54:52 [INFO] Chain [1] done processing
10:54:52 [INFO] ProphetWrapper fitted on 2855 rows — sin_year_1=-0.013 cos_year_1=0.053
10:54:53 [INFO] Round 8 — test accuracy: 0.574  macro-F1: 0.354  (3580 samples)
10:54:53 [INFO] ProphetWrapper FEDGAM round 9/10
10:54:53 [INFO] Chain [1] start processing
10:54:53 [INFO] Chain [1] done processing
10:54:53 [INFO] ProphetWrapper fitted on 2851 rows — sin_year_1=-0.019 cos_year_1=0.041
10:54:53 [INFO] Chain [1] start processing
10:54:53 [INFO] Chain [1] done processing
10:54:53 [INFO] ProphetWrapper fitted on 2851 rows — sin_year_1=-0.010 cos_year_1=0.044
10:54:53 [INFO] Chain [1] start processing
10:54:54 [INFO] Chain [1] done processing
10:54:54 [INFO] ProphetWrapper fitted on 2851 rows — sin_year_1=-0.008 cos_year_1=0.045
10:54:54 [INFO] Chain [1] start processing
10:54:54 [INFO] Chain [1] done processing
10:54:54 [INFO] ProphetWrapper fitted on 2851 rows — sin_year_1=-0.015 cos_year_1=0.032
10:54:54 [INFO] Chain [1] start processing
10:54:54 [INFO] Chain [1] done processing
10:54:54 [INFO] ProphetWrapper fitted on 2851 rows — sin_year_1=-0.014 cos_year_1=0.044
10:54:55 [INFO] Chain [1] start processing
10:54:55 [INFO] Chain [1] done processing
10:54:55 [INFO] ProphetWrapper fitted on 2851 rows — sin_year_1=-0.013 cos_year_1=0.040
10:54:55 [INFO] Chain [1] start processing
10:54:55 [INFO] Chain [1] done processing
10:54:55 [INFO] ProphetWrapper fitted on 2851 rows — sin_year_1=-0.009 cos_year_1=0.035
10:54:55 [INFO] Chain [1] start processing
10:54:56 [INFO] Chain [1] done processing
10:54:56 [INFO] ProphetWrapper fitted on 2851 rows — sin_year_1=-0.023 cos_year_1=0.051
10:54:56 [INFO] Chain [1] start processing
10:54:56 [INFO] Chain [1] done processing
10:54:56 [INFO] ProphetWrapper fitted on 2851 rows — sin_year_1=-0.013 cos_year_1=0.039
10:54:56 [INFO] Chain [1] start processing
10:54:56 [INFO] Chain [1] done processing
10:54:56 [INFO] ProphetWrapper fitted on 2855 rows — sin_year_1=-0.013 cos_year_1=0.053
10:54:57 [INFO] Round 9 — test accuracy: 0.573  macro-F1: 0.354  (3580 samples)
10:54:57 [INFO] ProphetWrapper FEDGAM round 10/10
10:54:57 [INFO] Chain [1] start processing
10:54:57 [INFO] Chain [1] done processing
10:54:57 [INFO] ProphetWrapper fitted on 2851 rows — sin_year_1=-0.019 cos_year_1=0.041
10:54:57 [INFO] Chain [1] start processing
10:54:58 [INFO] Chain [1] done processing
10:54:58 [INFO] ProphetWrapper fitted on 2851 rows — sin_year_1=-0.010 cos_year_1=0.044
10:54:58 [INFO] Chain [1] start processing
10:54:58 [INFO] Chain [1] done processing
10:54:58 [INFO] ProphetWrapper fitted on 2851 rows — sin_year_1=-0.008 cos_year_1=0.045
10:54:58 [INFO] Chain [1] start processing
10:54:58 [INFO] Chain [1] done processing
10:54:58 [INFO] ProphetWrapper fitted on 2851 rows — sin_year_1=-0.015 cos_year_1=0.032
10:54:59 [INFO] Chain [1] start processing
10:54:59 [INFO] Chain [1] done processing
10:54:59 [INFO] ProphetWrapper fitted on 2851 rows — sin_year_1=-0.014 cos_year_1=0.044
10:54:59 [INFO] Chain [1] start processing
10:54:59 [INFO] Chain [1] done processing
10:54:59 [INFO] ProphetWrapper fitted on 2851 rows — sin_year_1=-0.013 cos_year_1=0.040
10:54:59 [INFO] Chain [1] start processing
10:55:00 [INFO] Chain [1] done processing
10:55:00 [INFO] ProphetWrapper fitted on 2851 rows — sin_year_1=-0.009 cos_year_1=0.035
10:55:00 [INFO] Chain [1] start processing
10:55:00 [INFO] Chain [1] done processing
10:55:00 [INFO] ProphetWrapper fitted on 2851 rows — sin_year_1=-0.023 cos_year_1=0.051
10:55:00 [INFO] Chain [1] start processing
10:55:00 [INFO] Chain [1] done processing
10:55:00 [INFO] ProphetWrapper fitted on 2851 rows — sin_year_1=-0.013 cos_year_1=0.039
10:55:01 [INFO] Chain [1] start processing
10:55:01 [INFO] Chain [1] done processing
10:55:01 [INFO] ProphetWrapper fitted on 2855 rows — sin_year_1=-0.013 cos_year_1=0.053
10:55:02 [INFO] Round 10 — test accuracy: 0.573  macro-F1: 0.353  (3580 samples)
10:55:02 [INFO] ProphetWrapper FEDGAM prophet_fedgam_iid done. Final acc=0.573  Saved: results/e7_local_prophet/seeds/seed1009/e7_prophet_fedgam_iid_fl_metrics.csv
10:55:02 [INFO] === E7 ProphetWrapper + FEDAVG — geographic (max_train_years=None) ===
10:55:02 [INFO] ICA thresholds loaded: Q1=7.50 Q2=13.00 μg/m³
10:55:02 [INFO] Provinces loaded: ['Avila', 'Burgos', 'León', 'Palencia', 'Ponferrada', 'Salamanca', 'Segovia', 'Soria', 'Valladolid', 'Zamora']
10:55:02 [INFO] ProphetWrapper FEDAVG round 1/10
10:55:02 [INFO] Chain [1] start processing
10:55:02 [INFO] Chain [1] done processing
10:55:02 [INFO] ProphetWrapper fitted on 2305 rows — sin_year_1=-0.002 cos_year_1=0.043
10:55:02 [INFO] Chain [1] start processing
10:55:03 [INFO] Chain [1] done processing
10:55:03 [INFO] ProphetWrapper fitted on 2922 rows — sin_year_1=0.006 cos_year_1=0.036
10:55:03 [INFO] Chain [1] start processing
10:55:03 [INFO] Chain [1] done processing
10:55:03 [INFO] ProphetWrapper fitted on 2922 rows — sin_year_1=-0.026 cos_year_1=0.039
10:55:03 [INFO] Chain [1] start processing
10:55:03 [INFO] Chain [1] done processing
10:55:03 [INFO] ProphetWrapper fitted on 2922 rows — sin_year_1=-0.019 cos_year_1=0.067
10:55:03 [INFO] Chain [1] start processing
10:55:04 [INFO] Chain [1] done processing
10:55:04 [INFO] ProphetWrapper fitted on 2922 rows — sin_year_1=-0.018 cos_year_1=0.028
10:55:04 [INFO] Chain [1] start processing
10:55:04 [INFO] Chain [1] done processing
10:55:04 [INFO] ProphetWrapper fitted on 2922 rows — sin_year_1=-0.003 cos_year_1=0.031
10:55:04 [INFO] Chain [1] start processing
10:55:04 [INFO] Chain [1] done processing
10:55:04 [INFO] ProphetWrapper fitted on 2911 rows — sin_year_1=-0.019 cos_year_1=0.070
10:55:05 [INFO] Chain [1] start processing
10:55:05 [INFO] Chain [1] done processing
10:55:05 [INFO] ProphetWrapper fitted on 2912 rows — sin_year_1=-0.010 cos_year_1=0.026
10:55:05 [INFO] Chain [1] start processing
10:55:05 [INFO] Chain [1] done processing
10:55:05 [INFO] ProphetWrapper fitted on 2922 rows — sin_year_1=-0.023 cos_year_1=0.069
10:55:05 [INFO] Chain [1] start processing
10:55:06 [INFO] Chain [1] done processing
10:55:06 [INFO] ProphetWrapper fitted on 2854 rows — sin_year_1=-0.015 cos_year_1=0.059
10:55:06 [INFO] Round 1 — test accuracy: 0.564  macro-F1: 0.493  (3561 samples)
10:55:06 [INFO] ProphetWrapper FEDAVG round 2/10
10:55:06 [INFO] Chain [1] start processing
10:55:07 [INFO] Chain [1] done processing
10:55:07 [INFO] ProphetWrapper fitted on 2305 rows — sin_year_1=-0.002 cos_year_1=0.043
10:55:07 [INFO] Chain [1] start processing
10:55:07 [INFO] Chain [1] done processing
10:55:07 [INFO] ProphetWrapper fitted on 2922 rows — sin_year_1=0.006 cos_year_1=0.036
10:55:07 [INFO] Chain [1] start processing
10:55:07 [INFO] Chain [1] done processing
10:55:07 [INFO] ProphetWrapper fitted on 2922 rows — sin_year_1=-0.026 cos_year_1=0.039
10:55:07 [INFO] Chain [1] start processing
10:55:08 [INFO] Chain [1] done processing
10:55:08 [INFO] ProphetWrapper fitted on 2922 rows — sin_year_1=-0.019 cos_year_1=0.068
10:55:08 [INFO] Chain [1] start processing
10:55:08 [INFO] Chain [1] done processing
10:55:08 [INFO] ProphetWrapper fitted on 2922 rows — sin_year_1=-0.018 cos_year_1=0.028
10:55:08 [INFO] Chain [1] start processing
10:55:08 [INFO] Chain [1] done processing
10:55:08 [INFO] ProphetWrapper fitted on 2922 rows — sin_year_1=-0.002 cos_year_1=0.032
10:55:09 [INFO] Chain [1] start processing
10:55:09 [INFO] Chain [1] done processing
10:55:09 [INFO] ProphetWrapper fitted on 2911 rows — sin_year_1=-0.019 cos_year_1=0.070
10:55:09 [INFO] Chain [1] start processing
10:55:09 [INFO] Chain [1] done processing
10:55:09 [INFO] ProphetWrapper fitted on 2912 rows — sin_year_1=-0.010 cos_year_1=0.026
10:55:10 [INFO] Chain [1] start processing
10:55:10 [INFO] Chain [1] done processing
10:55:10 [INFO] ProphetWrapper fitted on 2922 rows — sin_year_1=-0.023 cos_year_1=0.069
10:55:10 [INFO] Chain [1] start processing
10:55:10 [INFO] Chain [1] done processing
10:55:10 [INFO] ProphetWrapper fitted on 2854 rows — sin_year_1=-0.015 cos_year_1=0.059
10:55:11 [INFO] Round 2 — test accuracy: 0.566  macro-F1: 0.497  (3561 samples)
10:55:11 [INFO] ProphetWrapper FEDAVG round 3/10
10:55:11 [INFO] Chain [1] start processing
10:55:11 [INFO] Chain [1] done processing
10:55:11 [INFO] ProphetWrapper fitted on 2305 rows — sin_year_1=-0.002 cos_year_1=0.043
10:55:11 [INFO] Chain [1] start processing
10:55:12 [INFO] Chain [1] done processing
10:55:12 [INFO] ProphetWrapper fitted on 2922 rows — sin_year_1=0.006 cos_year_1=0.036
10:55:12 [INFO] Chain [1] start processing
10:55:12 [INFO] Chain [1] done processing
10:55:12 [INFO] ProphetWrapper fitted on 2922 rows — sin_year_1=-0.026 cos_year_1=0.039
10:55:12 [INFO] Chain [1] start processing
10:55:12 [INFO] Chain [1] done processing
10:55:12 [INFO] ProphetWrapper fitted on 2922 rows — sin_year_1=-0.019 cos_year_1=0.068
10:55:13 [INFO] Chain [1] start processing
10:55:13 [INFO] Chain [1] done processing
10:55:13 [INFO] ProphetWrapper fitted on 2922 rows — sin_year_1=-0.018 cos_year_1=0.028
10:55:13 [INFO] Chain [1] start processing
10:55:13 [INFO] Chain [1] done processing
10:55:13 [INFO] ProphetWrapper fitted on 2922 rows — sin_year_1=-0.002 cos_year_1=0.031
10:55:13 [INFO] Chain [1] start processing
10:55:13 [INFO] Chain [1] done processing
10:55:13 [INFO] ProphetWrapper fitted on 2911 rows — sin_year_1=-0.019 cos_year_1=0.070
10:55:14 [INFO] Chain [1] start processing
10:55:14 [INFO] Chain [1] done processing
10:55:14 [INFO] ProphetWrapper fitted on 2912 rows — sin_year_1=-0.010 cos_year_1=0.026
10:55:14 [INFO] Chain [1] start processing
10:55:15 [INFO] Chain [1] done processing
10:55:15 [INFO] ProphetWrapper fitted on 2922 rows — sin_year_1=-0.023 cos_year_1=0.069
10:55:15 [INFO] Chain [1] start processing
10:55:15 [INFO] Chain [1] done processing
10:55:15 [INFO] ProphetWrapper fitted on 2854 rows — sin_year_1=-0.015 cos_year_1=0.059
10:55:16 [INFO] Round 3 — test accuracy: 0.565  macro-F1: 0.494  (3561 samples)
10:55:16 [INFO] ProphetWrapper FEDAVG round 4/10
10:55:16 [INFO] Chain [1] start processing
10:55:16 [INFO] Chain [1] done processing
10:55:16 [INFO] ProphetWrapper fitted on 2305 rows — sin_year_1=-0.002 cos_year_1=0.043
10:55:16 [INFO] Chain [1] start processing
10:55:16 [INFO] Chain [1] done processing
10:55:16 [INFO] ProphetWrapper fitted on 2922 rows — sin_year_1=0.006 cos_year_1=0.036
10:55:17 [INFO] Chain [1] start processing
10:55:17 [INFO] Chain [1] done processing
10:55:17 [INFO] ProphetWrapper fitted on 2922 rows — sin_year_1=-0.026 cos_year_1=0.039
10:55:17 [INFO] Chain [1] start processing
10:55:17 [INFO] Chain [1] done processing
10:55:17 [INFO] ProphetWrapper fitted on 2922 rows — sin_year_1=-0.019 cos_year_1=0.068
10:55:17 [INFO] Chain [1] start processing
10:55:18 [INFO] Chain [1] done processing
10:55:18 [INFO] ProphetWrapper fitted on 2922 rows — sin_year_1=-0.018 cos_year_1=0.028
10:55:18 [INFO] Chain [1] start processing
10:55:18 [INFO] Chain [1] done processing
10:55:18 [INFO] ProphetWrapper fitted on 2922 rows — sin_year_1=-0.002 cos_year_1=0.031
10:55:18 [INFO] Chain [1] start processing
10:55:18 [INFO] Chain [1] done processing
10:55:18 [INFO] ProphetWrapper fitted on 2911 rows — sin_year_1=-0.019 cos_year_1=0.070
10:55:19 [INFO] Chain [1] start processing
10:55:19 [INFO] Chain [1] done processing
10:55:19 [INFO] ProphetWrapper fitted on 2912 rows — sin_year_1=-0.010 cos_year_1=0.026
10:55:19 [INFO] Chain [1] start processing
10:55:19 [INFO] Chain [1] done processing
10:55:19 [INFO] ProphetWrapper fitted on 2922 rows — sin_year_1=-0.023 cos_year_1=0.069
10:55:19 [INFO] Chain [1] start processing
10:55:20 [INFO] Chain [1] done processing
10:55:20 [INFO] ProphetWrapper fitted on 2854 rows — sin_year_1=-0.016 cos_year_1=0.059
10:55:20 [INFO] Round 4 — test accuracy: 0.566  macro-F1: 0.496  (3561 samples)
10:55:20 [INFO] ProphetWrapper FEDAVG round 5/10
10:55:20 [INFO] Chain [1] start processing
10:55:20 [INFO] Chain [1] done processing
10:55:20 [INFO] ProphetWrapper fitted on 2305 rows — sin_year_1=-0.002 cos_year_1=0.043
10:55:21 [INFO] Chain [1] start processing
10:55:21 [INFO] Chain [1] done processing
10:55:21 [INFO] ProphetWrapper fitted on 2922 rows — sin_year_1=0.006 cos_year_1=0.036
10:55:21 [INFO] Chain [1] start processing
10:55:21 [INFO] Chain [1] done processing
10:55:21 [INFO] ProphetWrapper fitted on 2922 rows — sin_year_1=-0.026 cos_year_1=0.039
10:55:21 [INFO] Chain [1] start processing
10:55:22 [INFO] Chain [1] done processing
10:55:22 [INFO] ProphetWrapper fitted on 2922 rows — sin_year_1=-0.019 cos_year_1=0.068
10:55:22 [INFO] Chain [1] start processing
10:55:22 [INFO] Chain [1] done processing
10:55:22 [INFO] ProphetWrapper fitted on 2922 rows — sin_year_1=-0.018 cos_year_1=0.028
10:55:22 [INFO] Chain [1] start processing
10:55:23 [INFO] Chain [1] done processing
10:55:23 [INFO] ProphetWrapper fitted on 2922 rows — sin_year_1=-0.002 cos_year_1=0.032
10:55:23 [INFO] Chain [1] start processing
10:55:23 [INFO] Chain [1] done processing
10:55:23 [INFO] ProphetWrapper fitted on 2911 rows — sin_year_1=-0.019 cos_year_1=0.070
10:55:23 [INFO] Chain [1] start processing
10:55:23 [INFO] Chain [1] done processing
10:55:23 [INFO] ProphetWrapper fitted on 2912 rows — sin_year_1=-0.010 cos_year_1=0.026
10:55:23 [INFO] Chain [1] start processing
10:55:24 [INFO] Chain [1] done processing
10:55:24 [INFO] ProphetWrapper fitted on 2922 rows — sin_year_1=-0.023 cos_year_1=0.069
10:55:24 [INFO] Chain [1] start processing
10:55:27 [INFO] Chain [1] done processing
10:55:27 [INFO] ProphetWrapper fitted on 2854 rows — sin_year_1=-0.015 cos_year_1=0.059
10:55:28 [INFO] Round 5 — test accuracy: 0.565  macro-F1: 0.495  (3561 samples)
10:55:28 [INFO] ProphetWrapper FEDAVG round 6/10
10:55:28 [INFO] Chain [1] start processing
10:55:28 [INFO] Chain [1] done processing
10:55:28 [INFO] ProphetWrapper fitted on 2305 rows — sin_year_1=-0.002 cos_year_1=0.043
10:55:28 [INFO] Chain [1] start processing
10:55:28 [INFO] Chain [1] done processing
10:55:28 [INFO] ProphetWrapper fitted on 2922 rows — sin_year_1=0.006 cos_year_1=0.036
10:55:29 [INFO] Chain [1] start processing
10:55:29 [INFO] Chain [1] done processing
10:55:29 [INFO] ProphetWrapper fitted on 2922 rows — sin_year_1=-0.026 cos_year_1=0.039
10:55:29 [INFO] Chain [1] start processing
10:55:29 [INFO] Chain [1] done processing
10:55:29 [INFO] ProphetWrapper fitted on 2922 rows — sin_year_1=-0.019 cos_year_1=0.068
10:55:29 [INFO] Chain [1] start processing
10:55:30 [INFO] Chain [1] done processing
10:55:30 [INFO] ProphetWrapper fitted on 2922 rows — sin_year_1=-0.018 cos_year_1=0.028
10:55:30 [INFO] Chain [1] start processing
10:55:30 [INFO] Chain [1] done processing
10:55:30 [INFO] ProphetWrapper fitted on 2922 rows — sin_year_1=-0.003 cos_year_1=0.031
10:55:30 [INFO] Chain [1] start processing
10:55:30 [INFO] Chain [1] done processing
10:55:30 [INFO] ProphetWrapper fitted on 2911 rows — sin_year_1=-0.019 cos_year_1=0.070
10:55:30 [INFO] Chain [1] start processing
10:55:31 [INFO] Chain [1] done processing
10:55:31 [INFO] ProphetWrapper fitted on 2912 rows — sin_year_1=-0.010 cos_year_1=0.026
10:55:31 [INFO] Chain [1] start processing
10:55:31 [INFO] Chain [1] done processing
10:55:31 [INFO] ProphetWrapper fitted on 2922 rows — sin_year_1=-0.023 cos_year_1=0.069
10:55:31 [INFO] Chain [1] start processing
10:55:31 [INFO] Chain [1] done processing
10:55:31 [INFO] ProphetWrapper fitted on 2854 rows — sin_year_1=-0.015 cos_year_1=0.059
10:55:32 [INFO] Round 6 — test accuracy: 0.566  macro-F1: 0.496  (3561 samples)
10:55:32 [INFO] ProphetWrapper FEDAVG round 7/10
10:55:34 [INFO] Chain [1] start processing
10:55:34 [INFO] Chain [1] done processing
10:55:34 [INFO] ProphetWrapper fitted on 2305 rows — sin_year_1=-0.002 cos_year_1=0.043
10:55:34 [INFO] Chain [1] start processing
10:55:35 [INFO] Chain [1] done processing
10:55:35 [INFO] ProphetWrapper fitted on 2922 rows — sin_year_1=0.006 cos_year_1=0.036
10:55:35 [INFO] Chain [1] start processing
10:55:35 [INFO] Chain [1] done processing
10:55:35 [INFO] ProphetWrapper fitted on 2922 rows — sin_year_1=-0.026 cos_year_1=0.039
10:55:35 [INFO] Chain [1] start processing
10:55:35 [INFO] Chain [1] done processing
10:55:35 [INFO] ProphetWrapper fitted on 2922 rows — sin_year_1=-0.019 cos_year_1=0.068
10:55:36 [INFO] Chain [1] start processing
10:55:36 [INFO] Chain [1] done processing
10:55:36 [INFO] ProphetWrapper fitted on 2922 rows — sin_year_1=-0.018 cos_year_1=0.028
10:55:36 [INFO] Chain [1] start processing
10:55:36 [INFO] Chain [1] done processing
10:55:36 [INFO] ProphetWrapper fitted on 2922 rows — sin_year_1=-0.003 cos_year_1=0.031
10:55:36 [INFO] Chain [1] start processing
10:55:37 [INFO] Chain [1] done processing
10:55:37 [INFO] ProphetWrapper fitted on 2911 rows — sin_year_1=-0.019 cos_year_1=0.070
10:55:37 [INFO] Chain [1] start processing
10:55:37 [INFO] Chain [1] done processing
10:55:37 [INFO] ProphetWrapper fitted on 2912 rows — sin_year_1=-0.010 cos_year_1=0.026
10:55:37 [INFO] Chain [1] start processing
10:55:37 [INFO] Chain [1] done processing
10:55:37 [INFO] ProphetWrapper fitted on 2922 rows — sin_year_1=-0.023 cos_year_1=0.069
10:55:38 [INFO] Chain [1] start processing
10:55:38 [INFO] Chain [1] done processing
10:55:38 [INFO] ProphetWrapper fitted on 2854 rows — sin_year_1=-0.016 cos_year_1=0.059
10:55:38 [INFO] Round 7 — test accuracy: 0.564  macro-F1: 0.493  (3561 samples)
10:55:38 [INFO] ProphetWrapper FEDAVG round 8/10
10:55:39 [INFO] Chain [1] start processing
10:55:39 [INFO] Chain [1] done processing
10:55:39 [INFO] ProphetWrapper fitted on 2305 rows — sin_year_1=-0.002 cos_year_1=0.043
10:55:39 [INFO] Chain [1] start processing
10:55:39 [INFO] Chain [1] done processing
10:55:39 [INFO] ProphetWrapper fitted on 2922 rows — sin_year_1=0.006 cos_year_1=0.036
10:55:39 [INFO] Chain [1] start processing
10:55:40 [INFO] Chain [1] done processing
10:55:40 [INFO] ProphetWrapper fitted on 2922 rows — sin_year_1=-0.026 cos_year_1=0.039
10:55:40 [INFO] Chain [1] start processing
10:55:40 [INFO] Chain [1] done processing
10:55:40 [INFO] ProphetWrapper fitted on 2922 rows — sin_year_1=-0.019 cos_year_1=0.068
10:55:40 [INFO] Chain [1] start processing
10:55:40 [INFO] Chain [1] done processing
10:55:40 [INFO] ProphetWrapper fitted on 2922 rows — sin_year_1=-0.018 cos_year_1=0.028
10:55:40 [INFO] Chain [1] start processing
10:55:41 [INFO] Chain [1] done processing
10:55:41 [INFO] ProphetWrapper fitted on 2922 rows — sin_year_1=-0.002 cos_year_1=0.032
10:55:41 [INFO] Chain [1] start processing
10:55:41 [INFO] Chain [1] done processing
10:55:41 [INFO] ProphetWrapper fitted on 2911 rows — sin_year_1=-0.019 cos_year_1=0.070
10:55:41 [INFO] Chain [1] start processing
10:55:41 [INFO] Chain [1] done processing
10:55:41 [INFO] ProphetWrapper fitted on 2912 rows — sin_year_1=-0.010 cos_year_1=0.026
10:55:41 [INFO] Chain [1] start processing
10:55:42 [INFO] Chain [1] done processing
10:55:42 [INFO] ProphetWrapper fitted on 2922 rows — sin_year_1=-0.023 cos_year_1=0.069
10:55:42 [INFO] Chain [1] start processing
10:55:42 [INFO] Chain [1] done processing
10:55:42 [INFO] ProphetWrapper fitted on 2854 rows — sin_year_1=-0.015 cos_year_1=0.059
10:55:42 [INFO] Round 8 — test accuracy: 0.566  macro-F1: 0.497  (3561 samples)
10:55:42 [INFO] ProphetWrapper FEDAVG round 9/10
10:55:43 [INFO] Chain [1] start processing
10:55:43 [INFO] Chain [1] done processing
10:55:43 [INFO] ProphetWrapper fitted on 2305 rows — sin_year_1=-0.002 cos_year_1=0.043
10:55:43 [INFO] Chain [1] start processing
10:55:43 [INFO] Chain [1] done processing
10:55:43 [INFO] ProphetWrapper fitted on 2922 rows — sin_year_1=0.006 cos_year_1=0.036
10:55:43 [INFO] Chain [1] start processing
10:55:43 [INFO] Chain [1] done processing
10:55:43 [INFO] ProphetWrapper fitted on 2922 rows — sin_year_1=-0.026 cos_year_1=0.039
10:55:43 [INFO] Chain [1] start processing
10:55:44 [INFO] Chain [1] done processing
10:55:44 [INFO] ProphetWrapper fitted on 2922 rows — sin_year_1=-0.019 cos_year_1=0.068
10:55:44 [INFO] Chain [1] start processing
10:55:44 [INFO] Chain [1] done processing
10:55:44 [INFO] ProphetWrapper fitted on 2922 rows — sin_year_1=-0.018 cos_year_1=0.028
10:55:44 [INFO] Chain [1] start processing
10:55:44 [INFO] Chain [1] done processing
10:55:44 [INFO] ProphetWrapper fitted on 2922 rows — sin_year_1=-0.002 cos_year_1=0.032
10:55:45 [INFO] Chain [1] start processing
10:55:45 [INFO] Chain [1] done processing
10:55:45 [INFO] ProphetWrapper fitted on 2911 rows — sin_year_1=-0.019 cos_year_1=0.070
10:55:45 [INFO] Chain [1] start processing
10:55:45 [INFO] Chain [1] done processing
10:55:45 [INFO] ProphetWrapper fitted on 2912 rows — sin_year_1=-0.010 cos_year_1=0.026
10:55:45 [INFO] Chain [1] start processing
10:55:45 [INFO] Chain [1] done processing
10:55:45 [INFO] ProphetWrapper fitted on 2922 rows — sin_year_1=-0.023 cos_year_1=0.069
10:55:45 [INFO] Chain [1] start processing
10:55:46 [INFO] Chain [1] done processing
10:55:46 [INFO] ProphetWrapper fitted on 2854 rows — sin_year_1=-0.015 cos_year_1=0.059
10:55:46 [INFO] Round 9 — test accuracy: 0.565  macro-F1: 0.494  (3561 samples)
10:55:46 [INFO] ProphetWrapper FEDAVG round 10/10
10:55:47 [INFO] Chain [1] start processing
10:55:47 [INFO] Chain [1] done processing
10:55:47 [INFO] ProphetWrapper fitted on 2305 rows — sin_year_1=-0.002 cos_year_1=0.043
10:55:47 [INFO] Chain [1] start processing
10:55:47 [INFO] Chain [1] done processing
10:55:47 [INFO] ProphetWrapper fitted on 2922 rows — sin_year_1=0.006 cos_year_1=0.036
10:55:47 [INFO] Chain [1] start processing
10:55:47 [INFO] Chain [1] done processing
10:55:47 [INFO] ProphetWrapper fitted on 2922 rows — sin_year_1=-0.026 cos_year_1=0.039
10:55:48 [INFO] Chain [1] start processing
10:55:48 [INFO] Chain [1] done processing
10:55:48 [INFO] ProphetWrapper fitted on 2922 rows — sin_year_1=-0.019 cos_year_1=0.068
10:55:48 [INFO] Chain [1] start processing
10:55:48 [INFO] Chain [1] done processing
10:55:48 [INFO] ProphetWrapper fitted on 2922 rows — sin_year_1=-0.018 cos_year_1=0.028
10:55:48 [INFO] Chain [1] start processing
10:55:49 [INFO] Chain [1] done processing
10:55:49 [INFO] ProphetWrapper fitted on 2922 rows — sin_year_1=-0.002 cos_year_1=0.032
10:55:49 [INFO] Chain [1] start processing
10:55:49 [INFO] Chain [1] done processing
10:55:49 [INFO] ProphetWrapper fitted on 2911 rows — sin_year_1=-0.019 cos_year_1=0.070
10:55:49 [INFO] Chain [1] start processing
10:55:49 [INFO] Chain [1] done processing
10:55:49 [INFO] ProphetWrapper fitted on 2912 rows — sin_year_1=-0.010 cos_year_1=0.026
10:55:50 [INFO] Chain [1] start processing
10:55:50 [INFO] Chain [1] done processing
10:55:50 [INFO] ProphetWrapper fitted on 2922 rows — sin_year_1=-0.023 cos_year_1=0.069
10:55:50 [INFO] Chain [1] start processing
10:55:50 [INFO] Chain [1] done processing
10:55:50 [INFO] ProphetWrapper fitted on 2854 rows — sin_year_1=-0.015 cos_year_1=0.059
10:55:51 [INFO] Round 10 — test accuracy: 0.566  macro-F1: 0.496  (3561 samples)
10:55:51 [INFO] ProphetWrapper FEDAVG prophet_fedavg_geographic done. Final acc=0.566  Saved: results/e7_local_prophet/seeds/seed1009/e7_prophet_fedavg_geographic_fl_metrics.csv
10:55:51 [INFO] === E7 ProphetWrapper + FEDAVG — iid (max_train_years=None) ===
10:55:51 [INFO] ICA thresholds loaded: Q1=7.50 Q2=13.00 μg/m³
10:55:51 [INFO] Provinces loaded: ['Avila', 'Burgos', 'León', 'Palencia', 'Ponferrada', 'Salamanca', 'Segovia', 'Soria', 'Valladolid', 'Zamora']
10:55:51 [INFO] ProphetWrapper FEDAVG round 1/10
10:55:51 [INFO] Chain [1] start processing
10:55:52 [INFO] Chain [1] done processing
10:55:52 [INFO] ProphetWrapper fitted on 2851 rows — sin_year_1=-0.020 cos_year_1=0.041
10:55:52 [INFO] Chain [1] start processing
10:55:52 [INFO] Chain [1] done processing
10:55:52 [INFO] ProphetWrapper fitted on 2851 rows — sin_year_1=-0.010 cos_year_1=0.044
10:55:52 [INFO] Chain [1] start processing
10:55:52 [INFO] Chain [1] done processing
10:55:52 [INFO] ProphetWrapper fitted on 2851 rows — sin_year_1=-0.008 cos_year_1=0.045
10:55:52 [INFO] Chain [1] start processing
10:55:53 [INFO] Chain [1] done processing
10:55:53 [INFO] ProphetWrapper fitted on 2851 rows — sin_year_1=-0.015 cos_year_1=0.032
10:55:53 [INFO] Chain [1] start processing
10:55:53 [INFO] Chain [1] done processing
10:55:53 [INFO] ProphetWrapper fitted on 2851 rows — sin_year_1=-0.014 cos_year_1=0.044
10:55:53 [INFO] Chain [1] start processing
10:55:53 [INFO] Chain [1] done processing
10:55:53 [INFO] ProphetWrapper fitted on 2851 rows — sin_year_1=-0.013 cos_year_1=0.040
10:55:53 [INFO] Chain [1] start processing
10:55:54 [INFO] Chain [1] done processing
10:55:54 [INFO] ProphetWrapper fitted on 2851 rows — sin_year_1=-0.009 cos_year_1=0.035
10:55:54 [INFO] Chain [1] start processing
10:55:54 [INFO] Chain [1] done processing
10:55:54 [INFO] ProphetWrapper fitted on 2851 rows — sin_year_1=-0.023 cos_year_1=0.051
10:55:54 [INFO] Chain [1] start processing
10:55:54 [INFO] Chain [1] done processing
10:55:54 [INFO] ProphetWrapper fitted on 2851 rows — sin_year_1=-0.013 cos_year_1=0.039
10:55:54 [INFO] Chain [1] start processing
10:55:55 [INFO] Chain [1] done processing
10:55:55 [INFO] ProphetWrapper fitted on 2855 rows — sin_year_1=-0.013 cos_year_1=0.053
10:55:55 [INFO] Round 1 — test accuracy: 0.579  macro-F1: 0.356  (3580 samples)
10:55:55 [INFO] ProphetWrapper FEDAVG round 2/10
10:55:56 [INFO] Chain [1] start processing
10:55:56 [INFO] Chain [1] done processing
10:55:56 [INFO] ProphetWrapper fitted on 2851 rows — sin_year_1=-0.019 cos_year_1=0.041
10:55:56 [INFO] Chain [1] start processing
10:55:56 [INFO] Chain [1] done processing
10:55:56 [INFO] ProphetWrapper fitted on 2851 rows — sin_year_1=-0.010 cos_year_1=0.044
10:55:56 [INFO] Chain [1] start processing
10:55:56 [INFO] Chain [1] done processing
10:55:56 [INFO] ProphetWrapper fitted on 2851 rows — sin_year_1=-0.008 cos_year_1=0.045
10:55:57 [INFO] Chain [1] start processing
10:55:57 [INFO] Chain [1] done processing
10:55:57 [INFO] ProphetWrapper fitted on 2851 rows — sin_year_1=-0.015 cos_year_1=0.031
10:55:57 [INFO] Chain [1] start processing
10:55:57 [INFO] Chain [1] done processing
10:55:57 [INFO] ProphetWrapper fitted on 2851 rows — sin_year_1=-0.014 cos_year_1=0.044
10:55:57 [INFO] Chain [1] start processing
10:55:57 [INFO] Chain [1] done processing
10:55:57 [INFO] ProphetWrapper fitted on 2851 rows — sin_year_1=-0.013 cos_year_1=0.040
10:55:58 [INFO] Chain [1] start processing
10:55:58 [INFO] Chain [1] done processing
10:55:58 [INFO] ProphetWrapper fitted on 2851 rows — sin_year_1=-0.009 cos_year_1=0.035
10:55:58 [INFO] Chain [1] start processing
10:55:58 [INFO] Chain [1] done processing
10:55:58 [INFO] ProphetWrapper fitted on 2851 rows — sin_year_1=-0.023 cos_year_1=0.051
10:55:58 [INFO] Chain [1] start processing
10:55:59 [INFO] Chain [1] done processing
10:55:59 [INFO] ProphetWrapper fitted on 2851 rows — sin_year_1=-0.013 cos_year_1=0.039
10:55:59 [INFO] Chain [1] start processing
10:56:02 [INFO] Chain [1] done processing
10:56:02 [INFO] ProphetWrapper fitted on 2855 rows — sin_year_1=-0.013 cos_year_1=0.053
10:56:02 [INFO] Round 2 — test accuracy: 0.574  macro-F1: 0.354  (3580 samples)
10:56:02 [INFO] ProphetWrapper FEDAVG round 3/10
10:56:02 [INFO] Chain [1] start processing
10:56:03 [INFO] Chain [1] done processing
10:56:03 [INFO] ProphetWrapper fitted on 2851 rows — sin_year_1=-0.019 cos_year_1=0.041
10:56:03 [INFO] Chain [1] start processing
10:56:03 [INFO] Chain [1] done processing
10:56:03 [INFO] ProphetWrapper fitted on 2851 rows — sin_year_1=-0.010 cos_year_1=0.044
10:56:03 [INFO] Chain [1] start processing
10:56:03 [INFO] Chain [1] done processing
10:56:03 [INFO] ProphetWrapper fitted on 2851 rows — sin_year_1=-0.008 cos_year_1=0.045
10:56:04 [INFO] Chain [1] start processing
10:56:04 [INFO] Chain [1] done processing
10:56:04 [INFO] ProphetWrapper fitted on 2851 rows — sin_year_1=-0.015 cos_year_1=0.031
10:56:04 [INFO] Chain [1] start processing
10:56:04 [INFO] Chain [1] done processing
10:56:04 [INFO] ProphetWrapper fitted on 2851 rows — sin_year_1=-0.014 cos_year_1=0.044
10:56:04 [INFO] Chain [1] start processing
10:56:04 [INFO] Chain [1] done processing
10:56:05 [INFO] ProphetWrapper fitted on 2851 rows — sin_year_1=-0.013 cos_year_1=0.040
10:56:05 [INFO] Chain [1] start processing
10:56:05 [INFO] Chain [1] done processing
10:56:05 [INFO] ProphetWrapper fitted on 2851 rows — sin_year_1=-0.009 cos_year_1=0.035
10:56:05 [INFO] Chain [1] start processing
10:56:05 [INFO] Chain [1] done processing
10:56:05 [INFO] ProphetWrapper fitted on 2851 rows — sin_year_1=-0.023 cos_year_1=0.051
10:56:06 [INFO] Chain [1] start processing
10:56:06 [INFO] Chain [1] done processing
10:56:06 [INFO] ProphetWrapper fitted on 2851 rows — sin_year_1=-0.013 cos_year_1=0.039
10:56:06 [INFO] Chain [1] start processing
10:56:06 [INFO] Chain [1] done processing
10:56:06 [INFO] ProphetWrapper fitted on 2855 rows — sin_year_1=-0.013 cos_year_1=0.053
10:56:07 [INFO] Round 3 — test accuracy: 0.575  macro-F1: 0.354  (3580 samples)
10:56:07 [INFO] ProphetWrapper FEDAVG round 4/10
10:56:07 [INFO] Chain [1] start processing
10:56:07 [INFO] Chain [1] done processing
10:56:07 [INFO] ProphetWrapper fitted on 2851 rows — sin_year_1=-0.019 cos_year_1=0.041
10:56:07 [INFO] Chain [1] start processing
10:56:08 [INFO] Chain [1] done processing
10:56:08 [INFO] ProphetWrapper fitted on 2851 rows — sin_year_1=-0.010 cos_year_1=0.044
10:56:08 [INFO] Chain [1] start processing
10:56:08 [INFO] Chain [1] done processing
10:56:08 [INFO] ProphetWrapper fitted on 2851 rows — sin_year_1=-0.008 cos_year_1=0.045
10:56:08 [INFO] Chain [1] start processing
10:56:08 [INFO] Chain [1] done processing
10:56:08 [INFO] ProphetWrapper fitted on 2851 rows — sin_year_1=-0.015 cos_year_1=0.031
10:56:08 [INFO] Chain [1] start processing
10:56:09 [INFO] Chain [1] done processing
10:56:09 [INFO] ProphetWrapper fitted on 2851 rows — sin_year_1=-0.014 cos_year_1=0.044
10:56:09 [INFO] Chain [1] start processing
10:56:09 [INFO] Chain [1] done processing
10:56:09 [INFO] ProphetWrapper fitted on 2851 rows — sin_year_1=-0.013 cos_year_1=0.040
10:56:09 [INFO] Chain [1] start processing
10:56:09 [INFO] Chain [1] done processing
10:56:09 [INFO] ProphetWrapper fitted on 2851 rows — sin_year_1=-0.009 cos_year_1=0.035
10:56:09 [INFO] Chain [1] start processing
10:56:09 [INFO] Chain [1] done processing
10:56:09 [INFO] ProphetWrapper fitted on 2851 rows — sin_year_1=-0.023 cos_year_1=0.051
10:56:09 [INFO] Chain [1] start processing
10:56:10 [INFO] Chain [1] done processing
10:56:10 [INFO] ProphetWrapper fitted on 2851 rows — sin_year_1=-0.013 cos_year_1=0.039
10:56:10 [INFO] Chain [1] start processing
10:56:10 [INFO] Chain [1] done processing
10:56:10 [INFO] ProphetWrapper fitted on 2855 rows — sin_year_1=-0.013 cos_year_1=0.053
10:56:11 [INFO] Round 4 — test accuracy: 0.574  macro-F1: 0.353  (3580 samples)
10:56:11 [INFO] ProphetWrapper FEDAVG round 5/10
10:56:11 [INFO] Chain [1] start processing
10:56:11 [INFO] Chain [1] done processing
10:56:11 [INFO] ProphetWrapper fitted on 2851 rows — sin_year_1=-0.019 cos_year_1=0.041
10:56:11 [INFO] Chain [1] start processing
10:56:12 [INFO] Chain [1] done processing
10:56:12 [INFO] ProphetWrapper fitted on 2851 rows — sin_year_1=-0.010 cos_year_1=0.044
10:56:12 [INFO] Chain [1] start processing
10:56:12 [INFO] Chain [1] done processing
10:56:12 [INFO] ProphetWrapper fitted on 2851 rows — sin_year_1=-0.009 cos_year_1=0.045
10:56:12 [INFO] Chain [1] start processing
10:56:13 [INFO] Chain [1] done processing
10:56:13 [INFO] ProphetWrapper fitted on 2851 rows — sin_year_1=-0.015 cos_year_1=0.031
10:56:13 [INFO] Chain [1] start processing
10:56:13 [INFO] Chain [1] done processing
10:56:13 [INFO] ProphetWrapper fitted on 2851 rows — sin_year_1=-0.014 cos_year_1=0.044
10:56:13 [INFO] Chain [1] start processing
10:56:13 [INFO] Chain [1] done processing
10:56:13 [INFO] ProphetWrapper fitted on 2851 rows — sin_year_1=-0.013 cos_year_1=0.040
10:56:13 [INFO] Chain [1] start processing
10:56:13 [INFO] Chain [1] done processing
10:56:14 [INFO] ProphetWrapper fitted on 2851 rows — sin_year_1=-0.009 cos_year_1=0.035
10:56:14 [INFO] Chain [1] start processing
10:56:14 [INFO] Chain [1] done processing
10:56:14 [INFO] ProphetWrapper fitted on 2851 rows — sin_year_1=-0.023 cos_year_1=0.051
10:56:14 [INFO] Chain [1] start processing
10:56:14 [INFO] Chain [1] done processing
10:56:14 [INFO] ProphetWrapper fitted on 2851 rows — sin_year_1=-0.013 cos_year_1=0.039
10:56:14 [INFO] Chain [1] start processing
10:56:14 [INFO] Chain [1] done processing
10:56:14 [INFO] ProphetWrapper fitted on 2855 rows — sin_year_1=-0.013 cos_year_1=0.053
10:56:15 [INFO] Round 5 — test accuracy: 0.573  macro-F1: 0.353  (3580 samples)
10:56:15 [INFO] ProphetWrapper FEDAVG round 6/10
10:56:15 [INFO] Chain [1] start processing
10:56:15 [INFO] Chain [1] done processing
10:56:15 [INFO] ProphetWrapper fitted on 2851 rows — sin_year_1=-0.019 cos_year_1=0.041
10:56:15 [INFO] Chain [1] start processing
10:56:16 [INFO] Chain [1] done processing
10:56:16 [INFO] ProphetWrapper fitted on 2851 rows — sin_year_1=-0.010 cos_year_1=0.044
10:56:16 [INFO] Chain [1] start processing
10:56:16 [INFO] Chain [1] done processing
10:56:16 [INFO] ProphetWrapper fitted on 2851 rows — sin_year_1=-0.009 cos_year_1=0.045
10:56:16 [INFO] Chain [1] start processing
10:56:16 [INFO] Chain [1] done processing
10:56:16 [INFO] ProphetWrapper fitted on 2851 rows — sin_year_1=-0.015 cos_year_1=0.031
10:56:16 [INFO] Chain [1] start processing
10:56:16 [INFO] Chain [1] done processing
10:56:16 [INFO] ProphetWrapper fitted on 2851 rows — sin_year_1=-0.014 cos_year_1=0.044
10:56:17 [INFO] Chain [1] start processing
10:56:17 [INFO] Chain [1] done processing
10:56:17 [INFO] ProphetWrapper fitted on 2851 rows — sin_year_1=-0.013 cos_year_1=0.040
10:56:17 [INFO] Chain [1] start processing
10:56:17 [INFO] Chain [1] done processing
10:56:17 [INFO] ProphetWrapper fitted on 2851 rows — sin_year_1=-0.009 cos_year_1=0.035
10:56:17 [INFO] Chain [1] start processing
10:56:18 [INFO] Chain [1] done processing
10:56:18 [INFO] ProphetWrapper fitted on 2851 rows — sin_year_1=-0.023 cos_year_1=0.051
10:56:18 [INFO] Chain [1] start processing
10:56:18 [INFO] Chain [1] done processing
10:56:18 [INFO] ProphetWrapper fitted on 2851 rows — sin_year_1=-0.013 cos_year_1=0.039
10:56:18 [INFO] Chain [1] start processing
10:56:18 [INFO] Chain [1] done processing
10:56:18 [INFO] ProphetWrapper fitted on 2855 rows — sin_year_1=-0.013 cos_year_1=0.053
10:56:19 [INFO] Round 6 — test accuracy: 0.573  macro-F1: 0.353  (3580 samples)
10:56:19 [INFO] ProphetWrapper FEDAVG round 7/10
10:56:19 [INFO] Chain [1] start processing
10:56:19 [INFO] Chain [1] done processing
10:56:19 [INFO] ProphetWrapper fitted on 2851 rows — sin_year_1=-0.019 cos_year_1=0.041
10:56:19 [INFO] Chain [1] start processing
10:56:20 [INFO] Chain [1] done processing
10:56:20 [INFO] ProphetWrapper fitted on 2851 rows — sin_year_1=-0.010 cos_year_1=0.044
10:56:20 [INFO] Chain [1] start processing
10:56:20 [INFO] Chain [1] done processing
10:56:20 [INFO] ProphetWrapper fitted on 2851 rows — sin_year_1=-0.009 cos_year_1=0.045
10:56:20 [INFO] Chain [1] start processing
10:56:20 [INFO] Chain [1] done processing
10:56:20 [INFO] ProphetWrapper fitted on 2851 rows — sin_year_1=-0.015 cos_year_1=0.031
10:56:20 [INFO] Chain [1] start processing
10:56:21 [INFO] Chain [1] done processing
10:56:21 [INFO] ProphetWrapper fitted on 2851 rows — sin_year_1=-0.014 cos_year_1=0.044
10:56:21 [INFO] Chain [1] start processing
10:56:21 [INFO] Chain [1] done processing
10:56:21 [INFO] ProphetWrapper fitted on 2851 rows — sin_year_1=-0.013 cos_year_1=0.040
10:56:21 [INFO] Chain [1] start processing
10:56:21 [INFO] Chain [1] done processing
10:56:21 [INFO] ProphetWrapper fitted on 2851 rows — sin_year_1=-0.009 cos_year_1=0.035
10:56:21 [INFO] Chain [1] start processing
10:56:22 [INFO] Chain [1] done processing
10:56:22 [INFO] ProphetWrapper fitted on 2851 rows — sin_year_1=-0.023 cos_year_1=0.051
10:56:22 [INFO] Chain [1] start processing
10:56:22 [INFO] Chain [1] done processing
10:56:22 [INFO] ProphetWrapper fitted on 2851 rows — sin_year_1=-0.013 cos_year_1=0.039
10:56:22 [INFO] Chain [1] start processing
10:56:22 [INFO] Chain [1] done processing
10:56:22 [INFO] ProphetWrapper fitted on 2855 rows — sin_year_1=-0.013 cos_year_1=0.053
10:56:23 [INFO] Round 7 — test accuracy: 0.574  macro-F1: 0.354  (3580 samples)
10:56:23 [INFO] ProphetWrapper FEDAVG round 8/10
10:56:23 [INFO] Chain [1] start processing
10:56:23 [INFO] Chain [1] done processing
10:56:25 [INFO] ProphetWrapper fitted on 2851 rows — sin_year_1=-0.019 cos_year_1=0.041
10:56:25 [INFO] Chain [1] start processing
10:56:25 [INFO] Chain [1] done processing
10:56:25 [INFO] ProphetWrapper fitted on 2851 rows — sin_year_1=-0.010 cos_year_1=0.044
10:56:25 [INFO] Chain [1] start processing
10:56:25 [INFO] Chain [1] done processing
10:56:25 [INFO] ProphetWrapper fitted on 2851 rows — sin_year_1=-0.009 cos_year_1=0.045
10:56:25 [INFO] Chain [1] start processing
10:56:26 [INFO] Chain [1] done processing
10:56:26 [INFO] ProphetWrapper fitted on 2851 rows — sin_year_1=-0.015 cos_year_1=0.031
10:56:26 [INFO] Chain [1] start processing
10:56:26 [INFO] Chain [1] done processing
10:56:26 [INFO] ProphetWrapper fitted on 2851 rows — sin_year_1=-0.014 cos_year_1=0.044
10:56:26 [INFO] Chain [1] start processing
10:56:26 [INFO] Chain [1] done processing
10:56:26 [INFO] ProphetWrapper fitted on 2851 rows — sin_year_1=-0.013 cos_year_1=0.040
10:56:26 [INFO] Chain [1] start processing
10:56:27 [INFO] Chain [1] done processing
10:56:27 [INFO] ProphetWrapper fitted on 2851 rows — sin_year_1=-0.009 cos_year_1=0.035
10:56:27 [INFO] Chain [1] start processing
10:56:27 [INFO] Chain [1] done processing
10:56:27 [INFO] ProphetWrapper fitted on 2851 rows — sin_year_1=-0.023 cos_year_1=0.051
10:56:27 [INFO] Chain [1] start processing
10:56:27 [INFO] Chain [1] done processing
10:56:27 [INFO] ProphetWrapper fitted on 2851 rows — sin_year_1=-0.013 cos_year_1=0.039
10:56:27 [INFO] Chain [1] start processing
10:56:28 [INFO] Chain [1] done processing
10:56:28 [INFO] ProphetWrapper fitted on 2855 rows — sin_year_1=-0.013 cos_year_1=0.053
10:56:28 [INFO] Round 8 — test accuracy: 0.574  macro-F1: 0.354  (3580 samples)
10:56:28 [INFO] ProphetWrapper FEDAVG round 9/10
10:56:29 [INFO] Chain [1] start processing
10:56:29 [INFO] Chain [1] done processing
10:56:29 [INFO] ProphetWrapper fitted on 2851 rows — sin_year_1=-0.019 cos_year_1=0.041
10:56:29 [INFO] Chain [1] start processing
10:56:29 [INFO] Chain [1] done processing
10:56:29 [INFO] ProphetWrapper fitted on 2851 rows — sin_year_1=-0.010 cos_year_1=0.044
10:56:29 [INFO] Chain [1] start processing
10:56:29 [INFO] Chain [1] done processing
10:56:29 [INFO] ProphetWrapper fitted on 2851 rows — sin_year_1=-0.009 cos_year_1=0.045
10:56:29 [INFO] Chain [1] start processing
10:56:29 [INFO] Chain [1] done processing
10:56:29 [INFO] ProphetWrapper fitted on 2851 rows — sin_year_1=-0.015 cos_year_1=0.032
10:56:30 [INFO] Chain [1] start processing
10:56:30 [INFO] Chain [1] done processing
10:56:30 [INFO] ProphetWrapper fitted on 2851 rows — sin_year_1=-0.014 cos_year_1=0.044
10:56:30 [INFO] Chain [1] start processing
10:56:30 [INFO] Chain [1] done processing
10:56:30 [INFO] ProphetWrapper fitted on 2851 rows — sin_year_1=-0.013 cos_year_1=0.040
10:56:30 [INFO] Chain [1] start processing
10:56:31 [INFO] Chain [1] done processing
10:56:31 [INFO] ProphetWrapper fitted on 2851 rows — sin_year_1=-0.009 cos_year_1=0.035
10:56:31 [INFO] Chain [1] start processing
10:56:31 [INFO] Chain [1] done processing
10:56:31 [INFO] ProphetWrapper fitted on 2851 rows — sin_year_1=-0.023 cos_year_1=0.051
10:56:31 [INFO] Chain [1] start processing
10:56:31 [INFO] Chain [1] done processing
10:56:31 [INFO] ProphetWrapper fitted on 2851 rows — sin_year_1=-0.013 cos_year_1=0.039
10:56:31 [INFO] Chain [1] start processing
10:56:32 [INFO] Chain [1] done processing
10:56:32 [INFO] ProphetWrapper fitted on 2855 rows — sin_year_1=-0.013 cos_year_1=0.053
10:56:32 [INFO] Round 9 — test accuracy: 0.573  macro-F1: 0.353  (3580 samples)
10:56:32 [INFO] ProphetWrapper FEDAVG round 10/10
10:56:32 [INFO] Chain [1] start processing
10:56:33 [INFO] Chain [1] done processing
10:56:33 [INFO] ProphetWrapper fitted on 2851 rows — sin_year_1=-0.020 cos_year_1=0.041
10:56:33 [INFO] Chain [1] start processing
10:56:33 [INFO] Chain [1] done processing
10:56:33 [INFO] ProphetWrapper fitted on 2851 rows — sin_year_1=-0.010 cos_year_1=0.044
10:56:33 [INFO] Chain [1] start processing
10:56:33 [INFO] Chain [1] done processing
10:56:33 [INFO] ProphetWrapper fitted on 2851 rows — sin_year_1=-0.009 cos_year_1=0.045
10:56:34 [INFO] Chain [1] start processing
10:56:36 [INFO] Chain [1] done processing
10:56:36 [INFO] ProphetWrapper fitted on 2851 rows — sin_year_1=-0.015 cos_year_1=0.031
10:56:36 [INFO] Chain [1] start processing
10:56:36 [INFO] Chain [1] done processing
10:56:36 [INFO] ProphetWrapper fitted on 2851 rows — sin_year_1=-0.014 cos_year_1=0.044
10:56:37 [INFO] Chain [1] start processing
10:56:37 [INFO] Chain [1] done processing
10:56:37 [INFO] ProphetWrapper fitted on 2851 rows — sin_year_1=-0.013 cos_year_1=0.040
10:56:37 [INFO] Chain [1] start processing
10:56:37 [INFO] Chain [1] done processing
10:56:37 [INFO] ProphetWrapper fitted on 2851 rows — sin_year_1=-0.009 cos_year_1=0.035
10:56:37 [INFO] Chain [1] start processing
10:56:37 [INFO] Chain [1] done processing
10:56:37 [INFO] ProphetWrapper fitted on 2851 rows — sin_year_1=-0.023 cos_year_1=0.051
10:56:38 [INFO] Chain [1] start processing
10:56:38 [INFO] Chain [1] done processing
10:56:38 [INFO] ProphetWrapper fitted on 2851 rows — sin_year_1=-0.013 cos_year_1=0.039
10:56:38 [INFO] Chain [1] start processing
10:56:38 [INFO] Chain [1] done processing
10:56:38 [INFO] ProphetWrapper fitted on 2855 rows — sin_year_1=-0.013 cos_year_1=0.053
10:56:39 [INFO] Round 10 — test accuracy: 0.574  macro-F1: 0.354  (3580 samples)
10:56:39 [INFO] ProphetWrapper FEDAVG prophet_fedavg_iid done. Final acc=0.574  Saved: results/e7_local_prophet/seeds/seed1009/e7_prophet_fedavg_iid_fl_metrics.csv
10:56:39 [INFO] E7 summary saved: results/e7_local_prophet/seeds/e7_summary_seed1009.csv
10:56:39 [INFO] === E7 replicate master=2017 (dir=results/e7_local_prophet/seeds/seed2017) ===
10:56:39 [INFO] === E7 ProphetWrapper + FEDGAM — geographic (max_train_years=None) ===
10:56:39 [INFO] ICA thresholds loaded: Q1=7.50 Q2=13.00 μg/m³
10:56:39 [INFO] Provinces loaded: ['Avila', 'Burgos', 'León', 'Palencia', 'Ponferrada', 'Salamanca', 'Segovia', 'Soria', 'Valladolid', 'Zamora']
10:56:39 [INFO] ProphetWrapper FEDGAM round 1/10
10:56:39 [INFO] Chain [1] start processing
10:56:40 [INFO] Chain [1] done processing
10:56:40 [INFO] ProphetWrapper fitted on 2305 rows — sin_year_1=-0.002 cos_year_1=0.043
10:56:40 [INFO] Chain [1] start processing
10:56:40 [INFO] Chain [1] done processing
10:56:40 [INFO] ProphetWrapper fitted on 2922 rows — sin_year_1=0.006 cos_year_1=0.036
10:56:40 [INFO] Chain [1] start processing
10:56:41 [INFO] Chain [1] done processing
10:56:41 [INFO] ProphetWrapper fitted on 2922 rows — sin_year_1=-0.026 cos_year_1=0.039
10:56:41 [INFO] Chain [1] start processing
10:56:41 [INFO] Chain [1] done processing
10:56:41 [INFO] ProphetWrapper fitted on 2922 rows — sin_year_1=-0.019 cos_year_1=0.067
10:56:41 [INFO] Chain [1] start processing
10:56:41 [INFO] Chain [1] done processing
10:56:41 [INFO] ProphetWrapper fitted on 2922 rows — sin_year_1=-0.018 cos_year_1=0.028
10:56:41 [INFO] Chain [1] start processing
10:56:41 [INFO] Chain [1] done processing
10:56:41 [INFO] ProphetWrapper fitted on 2922 rows — sin_year_1=-0.003 cos_year_1=0.031
10:56:42 [INFO] Chain [1] start processing
10:56:42 [INFO] Chain [1] done processing
10:56:42 [INFO] ProphetWrapper fitted on 2911 rows — sin_year_1=-0.019 cos_year_1=0.070
10:56:42 [INFO] Chain [1] start processing
10:56:42 [INFO] Chain [1] done processing
10:56:42 [INFO] ProphetWrapper fitted on 2912 rows — sin_year_1=-0.010 cos_year_1=0.026
10:56:43 [INFO] Chain [1] start processing
10:56:43 [INFO] Chain [1] done processing
10:56:43 [INFO] ProphetWrapper fitted on 2922 rows — sin_year_1=-0.023 cos_year_1=0.069
10:56:43 [INFO] Chain [1] start processing
10:56:44 [INFO] Chain [1] done processing
10:56:44 [INFO] ProphetWrapper fitted on 2854 rows — sin_year_1=-0.015 cos_year_1=0.059
10:56:45 [INFO] Round 1 — test accuracy: 0.564  macro-F1: 0.493  (3561 samples)
10:56:45 [INFO] ProphetWrapper FEDGAM round 2/10
10:56:46 [INFO] Chain [1] start processing
10:56:46 [INFO] Chain [1] done processing
10:56:46 [INFO] ProphetWrapper fitted on 2305 rows — sin_year_1=-0.001 cos_year_1=0.043
10:56:46 [INFO] Chain [1] start processing
10:56:46 [INFO] Chain [1] done processing
10:56:46 [INFO] ProphetWrapper fitted on 2922 rows — sin_year_1=0.006 cos_year_1=0.036
10:56:46 [INFO] Chain [1] start processing
10:56:47 [INFO] Chain [1] done processing
10:56:47 [INFO] ProphetWrapper fitted on 2922 rows — sin_year_1=-0.026 cos_year_1=0.039
10:56:47 [INFO] Chain [1] start processing
10:56:47 [INFO] Chain [1] done processing
10:56:47 [INFO] ProphetWrapper fitted on 2922 rows — sin_year_1=-0.019 cos_year_1=0.067
10:56:47 [INFO] Chain [1] start processing
10:56:47 [INFO] Chain [1] done processing
10:56:47 [INFO] ProphetWrapper fitted on 2922 rows — sin_year_1=-0.018 cos_year_1=0.028
10:56:47 [INFO] Chain [1] start processing
10:56:48 [INFO] Chain [1] done processing
10:56:48 [INFO] ProphetWrapper fitted on 2922 rows — sin_year_1=-0.002 cos_year_1=0.032
10:56:48 [INFO] Chain [1] start processing
10:56:48 [INFO] Chain [1] done processing
10:56:48 [INFO] ProphetWrapper fitted on 2911 rows — sin_year_1=-0.019 cos_year_1=0.070
10:56:48 [INFO] Chain [1] start processing
10:56:48 [INFO] Chain [1] done processing
10:56:48 [INFO] ProphetWrapper fitted on 2912 rows — sin_year_1=-0.010 cos_year_1=0.026
10:56:48 [INFO] Chain [1] start processing
10:56:49 [INFO] Chain [1] done processing
10:56:49 [INFO] ProphetWrapper fitted on 2922 rows — sin_year_1=-0.023 cos_year_1=0.069
10:56:49 [INFO] Chain [1] start processing
10:56:49 [INFO] Chain [1] done processing
10:56:49 [INFO] ProphetWrapper fitted on 2854 rows — sin_year_1=-0.016 cos_year_1=0.059
10:56:50 [INFO] Round 2 — test accuracy: 0.564  macro-F1: 0.493  (3561 samples)
10:56:50 [INFO] ProphetWrapper FEDGAM round 3/10
10:56:50 [INFO] Chain [1] start processing
10:56:50 [INFO] Chain [1] done processing
10:56:50 [INFO] ProphetWrapper fitted on 2305 rows — sin_year_1=-0.001 cos_year_1=0.043
10:56:50 [INFO] Chain [1] start processing
10:56:51 [INFO] Chain [1] done processing
10:56:51 [INFO] ProphetWrapper fitted on 2922 rows — sin_year_1=0.006 cos_year_1=0.036
10:56:51 [INFO] Chain [1] start processing
10:56:51 [INFO] Chain [1] done processing
10:56:51 [INFO] ProphetWrapper fitted on 2922 rows — sin_year_1=-0.026 cos_year_1=0.039
10:56:51 [INFO] Chain [1] start processing
10:56:52 [INFO] Chain [1] done processing
10:56:52 [INFO] ProphetWrapper fitted on 2922 rows — sin_year_1=-0.019 cos_year_1=0.067
10:56:52 [INFO] Chain [1] start processing
10:56:52 [INFO] Chain [1] done processing
10:56:52 [INFO] ProphetWrapper fitted on 2922 rows — sin_year_1=-0.018 cos_year_1=0.028
10:56:52 [INFO] Chain [1] start processing
10:56:52 [INFO] Chain [1] done processing
10:56:52 [INFO] ProphetWrapper fitted on 2922 rows — sin_year_1=-0.002 cos_year_1=0.032
10:56:52 [INFO] Chain [1] start processing
10:56:53 [INFO] Chain [1] done processing
10:56:53 [INFO] ProphetWrapper fitted on 2911 rows — sin_year_1=-0.019 cos_year_1=0.070
10:56:53 [INFO] Chain [1] start processing
10:56:53 [INFO] Chain [1] done processing
10:56:53 [INFO] ProphetWrapper fitted on 2912 rows — sin_year_1=-0.010 cos_year_1=0.026
10:56:53 [INFO] Chain [1] start processing
10:56:53 [INFO] Chain [1] done processing
10:56:53 [INFO] ProphetWrapper fitted on 2922 rows — sin_year_1=-0.023 cos_year_1=0.069
10:56:53 [INFO] Chain [1] start processing
10:56:53 [INFO] Chain [1] done processing
10:56:53 [INFO] ProphetWrapper fitted on 2854 rows — sin_year_1=-0.015 cos_year_1=0.059
10:56:54 [INFO] Round 3 — test accuracy: 0.565  macro-F1: 0.496  (3561 samples)
10:56:54 [INFO] ProphetWrapper FEDGAM round 4/10
10:56:54 [INFO] Chain [1] start processing
10:56:54 [INFO] Chain [1] done processing
10:56:54 [INFO] ProphetWrapper fitted on 2305 rows — sin_year_1=-0.001 cos_year_1=0.043
10:56:55 [INFO] Chain [1] start processing
10:56:55 [INFO] Chain [1] done processing
10:56:55 [INFO] ProphetWrapper fitted on 2922 rows — sin_year_1=0.006 cos_year_1=0.036
10:56:55 [INFO] Chain [1] start processing
10:56:55 [INFO] Chain [1] done processing
10:56:55 [INFO] ProphetWrapper fitted on 2922 rows — sin_year_1=-0.026 cos_year_1=0.039
10:56:55 [INFO] Chain [1] start processing
10:56:55 [INFO] Chain [1] done processing
10:56:55 [INFO] ProphetWrapper fitted on 2922 rows — sin_year_1=-0.019 cos_year_1=0.067
10:56:56 [INFO] Chain [1] start processing
10:56:56 [INFO] Chain [1] done processing
10:56:56 [INFO] ProphetWrapper fitted on 2922 rows — sin_year_1=-0.018 cos_year_1=0.028
10:56:56 [INFO] Chain [1] start processing
10:56:56 [INFO] Chain [1] done processing
10:56:56 [INFO] ProphetWrapper fitted on 2922 rows — sin_year_1=-0.002 cos_year_1=0.032
10:56:56 [INFO] Chain [1] start processing
10:56:57 [INFO] Chain [1] done processing
10:56:57 [INFO] ProphetWrapper fitted on 2911 rows — sin_year_1=-0.019 cos_year_1=0.070
10:56:57 [INFO] Chain [1] start processing
10:56:57 [INFO] Chain [1] done processing
10:56:57 [INFO] ProphetWrapper fitted on 2912 rows — sin_year_1=-0.010 cos_year_1=0.026
10:56:57 [INFO] Chain [1] start processing
10:56:57 [INFO] Chain [1] done processing
10:56:57 [INFO] ProphetWrapper fitted on 2922 rows — sin_year_1=-0.023 cos_year_1=0.069
10:56:57 [INFO] Chain [1] start processing
10:56:58 [INFO] Chain [1] done processing
10:56:58 [INFO] ProphetWrapper fitted on 2854 rows — sin_year_1=-0.015 cos_year_1=0.059
10:56:58 [INFO] Round 4 — test accuracy: 0.567  macro-F1: 0.498  (3561 samples)
10:56:58 [INFO] ProphetWrapper FEDGAM round 5/10
10:57:03 [INFO] Chain [1] start processing
10:57:03 [INFO] Chain [1] done processing
10:57:03 [INFO] ProphetWrapper fitted on 2305 rows — sin_year_1=-0.001 cos_year_1=0.043
10:57:03 [INFO] Chain [1] start processing
10:57:03 [INFO] Chain [1] done processing
10:57:03 [INFO] ProphetWrapper fitted on 2922 rows — sin_year_1=0.006 cos_year_1=0.036
10:57:03 [INFO] Chain [1] start processing
10:57:04 [INFO] Chain [1] done processing
10:57:04 [INFO] ProphetWrapper fitted on 2922 rows — sin_year_1=-0.026 cos_year_1=0.039
10:57:04 [INFO] Chain [1] start processing
10:57:04 [INFO] Chain [1] done processing
10:57:04 [INFO] ProphetWrapper fitted on 2922 rows — sin_year_1=-0.019 cos_year_1=0.067
10:57:04 [INFO] Chain [1] start processing
10:57:05 [INFO] Chain [1] done processing
10:57:05 [INFO] ProphetWrapper fitted on 2922 rows — sin_year_1=-0.018 cos_year_1=0.028
10:57:05 [INFO] Chain [1] start processing
10:57:05 [INFO] Chain [1] done processing
10:57:05 [INFO] ProphetWrapper fitted on 2922 rows — sin_year_1=-0.003 cos_year_1=0.032
10:57:05 [INFO] Chain [1] start processing
10:57:05 [INFO] Chain [1] done processing
10:57:05 [INFO] ProphetWrapper fitted on 2911 rows — sin_year_1=-0.019 cos_year_1=0.070
10:57:06 [INFO] Chain [1] start processing
10:57:06 [INFO] Chain [1] done processing
10:57:06 [INFO] ProphetWrapper fitted on 2912 rows — sin_year_1=-0.010 cos_year_1=0.026
10:57:06 [INFO] Chain [1] start processing
10:57:06 [INFO] Chain [1] done processing
10:57:06 [INFO] ProphetWrapper fitted on 2922 rows — sin_year_1=-0.023 cos_year_1=0.069
10:57:06 [INFO] Chain [1] start processing
10:57:06 [INFO] Chain [1] done processing
10:57:06 [INFO] ProphetWrapper fitted on 2854 rows — sin_year_1=-0.015 cos_year_1=0.059
10:57:07 [INFO] Round 5 — test accuracy: 0.568  macro-F1: 0.497  (3561 samples)
10:57:07 [INFO] ProphetWrapper FEDGAM round 6/10
10:57:07 [INFO] Chain [1] start processing
10:57:07 [INFO] Chain [1] done processing
10:57:07 [INFO] ProphetWrapper fitted on 2305 rows — sin_year_1=-0.001 cos_year_1=0.043
10:57:07 [INFO] Chain [1] start processing
10:57:08 [INFO] Chain [1] done processing
10:57:08 [INFO] ProphetWrapper fitted on 2922 rows — sin_year_1=0.006 cos_year_1=0.036
10:57:08 [INFO] Chain [1] start processing
10:57:08 [INFO] Chain [1] done processing
10:57:08 [INFO] ProphetWrapper fitted on 2922 rows — sin_year_1=-0.026 cos_year_1=0.039
10:57:08 [INFO] Chain [1] start processing
10:57:11 [INFO] Chain [1] done processing
10:57:11 [INFO] ProphetWrapper fitted on 2922 rows — sin_year_1=-0.019 cos_year_1=0.067
10:57:11 [INFO] Chain [1] start processing
10:57:11 [INFO] Chain [1] done processing
10:57:11 [INFO] ProphetWrapper fitted on 2922 rows — sin_year_1=-0.018 cos_year_1=0.028
10:57:11 [INFO] Chain [1] start processing
10:57:11 [INFO] Chain [1] done processing
10:57:11 [INFO] ProphetWrapper fitted on 2922 rows — sin_year_1=-0.003 cos_year_1=0.032
10:57:12 [INFO] Chain [1] start processing
10:57:12 [INFO] Chain [1] done processing
10:57:12 [INFO] ProphetWrapper fitted on 2911 rows — sin_year_1=-0.019 cos_year_1=0.070
10:57:12 [INFO] Chain [1] start processing
10:57:12 [INFO] Chain [1] done processing
10:57:12 [INFO] ProphetWrapper fitted on 2912 rows — sin_year_1=-0.010 cos_year_1=0.026
10:57:12 [INFO] Chain [1] start processing
10:57:12 [INFO] Chain [1] done processing
10:57:13 [INFO] ProphetWrapper fitted on 2922 rows — sin_year_1=-0.023 cos_year_1=0.069
10:57:13 [INFO] Chain [1] start processing
10:57:13 [INFO] Chain [1] done processing
10:57:13 [INFO] ProphetWrapper fitted on 2854 rows — sin_year_1=-0.015 cos_year_1=0.059
10:57:13 [INFO] Round 6 — test accuracy: 0.568  macro-F1: 0.497  (3561 samples)
10:57:13 [INFO] ProphetWrapper FEDGAM round 7/10
10:57:14 [INFO] Chain [1] start processing
10:57:14 [INFO] Chain [1] done processing
10:57:14 [INFO] ProphetWrapper fitted on 2305 rows — sin_year_1=-0.002 cos_year_1=0.043
10:57:14 [INFO] Chain [1] start processing
10:57:14 [INFO] Chain [1] done processing
10:57:14 [INFO] ProphetWrapper fitted on 2922 rows — sin_year_1=0.006 cos_year_1=0.036
10:57:14 [INFO] Chain [1] start processing
10:57:14 [INFO] Chain [1] done processing
10:57:14 [INFO] ProphetWrapper fitted on 2922 rows — sin_year_1=-0.026 cos_year_1=0.039
10:57:14 [INFO] Chain [1] start processing
10:57:15 [INFO] Chain [1] done processing
10:57:15 [INFO] ProphetWrapper fitted on 2922 rows — sin_year_1=-0.019 cos_year_1=0.067
10:57:15 [INFO] Chain [1] start processing
10:57:15 [INFO] Chain [1] done processing
10:57:15 [INFO] ProphetWrapper fitted on 2922 rows — sin_year_1=-0.018 cos_year_1=0.028
10:57:15 [INFO] Chain [1] start processing
10:57:15 [INFO] Chain [1] done processing
10:57:15 [INFO] ProphetWrapper fitted on 2922 rows — sin_year_1=-0.003 cos_year_1=0.032
10:57:15 [INFO] Chain [1] start processing
10:57:15 [INFO] Chain [1] done processing
10:57:15 [INFO] ProphetWrapper fitted on 2911 rows — sin_year_1=-0.019 cos_year_1=0.070
10:57:16 [INFO] Chain [1] start processing
10:57:16 [INFO] Chain [1] done processing
10:57:16 [INFO] ProphetWrapper fitted on 2912 rows — sin_year_1=-0.010 cos_year_1=0.026
10:57:16 [INFO] Chain [1] start processing
10:57:16 [INFO] Chain [1] done processing
10:57:16 [INFO] ProphetWrapper fitted on 2922 rows — sin_year_1=-0.023 cos_year_1=0.069
10:57:16 [INFO] Chain [1] start processing
10:57:17 [INFO] Chain [1] done processing
10:57:17 [INFO] ProphetWrapper fitted on 2854 rows — sin_year_1=-0.015 cos_year_1=0.059
10:57:17 [INFO] Round 7 — test accuracy: 0.568  macro-F1: 0.498  (3561 samples)
10:57:17 [INFO] ProphetWrapper FEDGAM round 8/10
10:57:17 [INFO] Chain [1] start processing
10:57:18 [INFO] Chain [1] done processing
10:57:18 [INFO] ProphetWrapper fitted on 2305 rows — sin_year_1=-0.001 cos_year_1=0.043
10:57:18 [INFO] Chain [1] start processing
10:57:18 [INFO] Chain [1] done processing
10:57:18 [INFO] ProphetWrapper fitted on 2922 rows — sin_year_1=0.006 cos_year_1=0.036
10:57:18 [INFO] Chain [1] start processing
10:57:18 [INFO] Chain [1] done processing
10:57:18 [INFO] ProphetWrapper fitted on 2922 rows — sin_year_1=-0.026 cos_year_1=0.039
10:57:18 [INFO] Chain [1] start processing
10:57:19 [INFO] Chain [1] done processing
10:57:19 [INFO] ProphetWrapper fitted on 2922 rows — sin_year_1=-0.019 cos_year_1=0.067
10:57:19 [INFO] Chain [1] start processing
10:57:19 [INFO] Chain [1] done processing
10:57:19 [INFO] ProphetWrapper fitted on 2922 rows — sin_year_1=-0.018 cos_year_1=0.028
10:57:19 [INFO] Chain [1] start processing
10:57:19 [INFO] Chain [1] done processing
10:57:19 [INFO] ProphetWrapper fitted on 2922 rows — sin_year_1=-0.002 cos_year_1=0.032
10:57:20 [INFO] Chain [1] start processing
10:57:20 [INFO] Chain [1] done processing
10:57:20 [INFO] ProphetWrapper fitted on 2911 rows — sin_year_1=-0.019 cos_year_1=0.070
10:57:20 [INFO] Chain [1] start processing
10:57:20 [INFO] Chain [1] done processing
10:57:20 [INFO] ProphetWrapper fitted on 2912 rows — sin_year_1=-0.010 cos_year_1=0.026
10:57:20 [INFO] Chain [1] start processing
10:57:21 [INFO] Chain [1] done processing
10:57:21 [INFO] ProphetWrapper fitted on 2922 rows — sin_year_1=-0.023 cos_year_1=0.069
10:57:21 [INFO] Chain [1] start processing
10:57:21 [INFO] Chain [1] done processing
10:57:21 [INFO] ProphetWrapper fitted on 2854 rows — sin_year_1=-0.015 cos_year_1=0.059
10:57:22 [INFO] Round 8 — test accuracy: 0.566  macro-F1: 0.497  (3561 samples)
10:57:22 [INFO] ProphetWrapper FEDGAM round 9/10
10:57:22 [INFO] Chain [1] start processing
10:57:22 [INFO] Chain [1] done processing
10:57:22 [INFO] ProphetWrapper fitted on 2305 rows — sin_year_1=-0.001 cos_year_1=0.043
10:57:22 [INFO] Chain [1] start processing
10:57:22 [INFO] Chain [1] done processing
10:57:22 [INFO] ProphetWrapper fitted on 2922 rows — sin_year_1=0.006 cos_year_1=0.036
10:57:22 [INFO] Chain [1] start processing
10:57:23 [INFO] Chain [1] done processing
10:57:23 [INFO] ProphetWrapper fitted on 2922 rows — sin_year_1=-0.026 cos_year_1=0.039
10:57:23 [INFO] Chain [1] start processing
10:57:23 [INFO] Chain [1] done processing
10:57:23 [INFO] ProphetWrapper fitted on 2922 rows — sin_year_1=-0.019 cos_year_1=0.067
10:57:23 [INFO] Chain [1] start processing
10:57:23 [INFO] Chain [1] done processing
10:57:23 [INFO] ProphetWrapper fitted on 2922 rows — sin_year_1=-0.018 cos_year_1=0.028
10:57:23 [INFO] Chain [1] start processing
10:57:24 [INFO] Chain [1] done processing
10:57:24 [INFO] ProphetWrapper fitted on 2922 rows — sin_year_1=-0.002 cos_year_1=0.032
10:57:24 [INFO] Chain [1] start processing
10:57:24 [INFO] Chain [1] done processing
10:57:24 [INFO] ProphetWrapper fitted on 2911 rows — sin_year_1=-0.019 cos_year_1=0.070
10:57:24 [INFO] Chain [1] start processing
10:57:24 [INFO] Chain [1] done processing
10:57:24 [INFO] ProphetWrapper fitted on 2912 rows — sin_year_1=-0.010 cos_year_1=0.026
10:57:24 [INFO] Chain [1] start processing
10:57:24 [INFO] Chain [1] done processing
10:57:24 [INFO] ProphetWrapper fitted on 2922 rows — sin_year_1=-0.023 cos_year_1=0.069
10:57:25 [INFO] Chain [1] start processing
10:57:25 [INFO] Chain [1] done processing
10:57:25 [INFO] ProphetWrapper fitted on 2854 rows — sin_year_1=-0.015 cos_year_1=0.059
10:57:25 [INFO] Round 9 — test accuracy: 0.569  macro-F1: 0.500  (3561 samples)
10:57:25 [INFO] ProphetWrapper FEDGAM round 10/10
10:57:26 [INFO] Chain [1] start processing
10:57:26 [INFO] Chain [1] done processing
10:57:26 [INFO] ProphetWrapper fitted on 2305 rows — sin_year_1=-0.001 cos_year_1=0.043
10:57:26 [INFO] Chain [1] start processing
10:57:26 [INFO] Chain [1] done processing
10:57:26 [INFO] ProphetWrapper fitted on 2922 rows — sin_year_1=0.006 cos_year_1=0.036
10:57:26 [INFO] Chain [1] start processing
10:57:26 [INFO] Chain [1] done processing
10:57:26 [INFO] ProphetWrapper fitted on 2922 rows — sin_year_1=-0.026 cos_year_1=0.039
10:57:26 [INFO] Chain [1] start processing
10:57:27 [INFO] Chain [1] done processing
10:57:27 [INFO] ProphetWrapper fitted on 2922 rows — sin_year_1=-0.019 cos_year_1=0.067
10:57:27 [INFO] Chain [1] start processing
10:57:27 [INFO] Chain [1] done processing
10:57:27 [INFO] ProphetWrapper fitted on 2922 rows — sin_year_1=-0.018 cos_year_1=0.028
10:57:27 [INFO] Chain [1] start processing
10:57:27 [INFO] Chain [1] done processing
10:57:27 [INFO] ProphetWrapper fitted on 2922 rows — sin_year_1=-0.003 cos_year_1=0.032
10:57:28 [INFO] Chain [1] start processing
10:57:28 [INFO] Chain [1] done processing
10:57:28 [INFO] ProphetWrapper fitted on 2911 rows — sin_year_1=-0.019 cos_year_1=0.070
10:57:28 [INFO] Chain [1] start processing
10:57:28 [INFO] Chain [1] done processing
10:57:28 [INFO] ProphetWrapper fitted on 2912 rows — sin_year_1=-0.010 cos_year_1=0.026
10:57:28 [INFO] Chain [1] start processing
10:57:28 [INFO] Chain [1] done processing
10:57:28 [INFO] ProphetWrapper fitted on 2922 rows — sin_year_1=-0.023 cos_year_1=0.069
10:57:29 [INFO] Chain [1] start processing
10:57:29 [INFO] Chain [1] done processing
10:57:29 [INFO] ProphetWrapper fitted on 2854 rows — sin_year_1=-0.015 cos_year_1=0.059
10:57:30 [INFO] Round 10 — test accuracy: 0.568  macro-F1: 0.498  (3561 samples)
10:57:30 [INFO] ProphetWrapper FEDGAM prophet_fedgam_geographic done. Final acc=0.568  Saved: results/e7_local_prophet/seeds/seed2017/e7_prophet_fedgam_geographic_fl_metrics.csv
10:57:30 [INFO] === E7 ProphetWrapper + FEDGAM — iid (max_train_years=None) ===
10:57:30 [INFO] ICA thresholds loaded: Q1=7.50 Q2=13.00 μg/m³
10:57:30 [INFO] Provinces loaded: ['Avila', 'Burgos', 'León', 'Palencia', 'Ponferrada', 'Salamanca', 'Segovia', 'Soria', 'Valladolid', 'Zamora']
10:57:30 [INFO] ProphetWrapper FEDGAM round 1/10
10:57:30 [INFO] Chain [1] start processing
10:57:30 [INFO] Chain [1] done processing
10:57:30 [INFO] ProphetWrapper fitted on 2851 rows — sin_year_1=-0.012 cos_year_1=0.038
10:57:31 [INFO] Chain [1] start processing
10:57:31 [INFO] Chain [1] done processing
10:57:31 [INFO] ProphetWrapper fitted on 2851 rows — sin_year_1=-0.012 cos_year_1=0.038
10:57:31 [INFO] Chain [1] start processing
10:57:31 [INFO] Chain [1] done processing
10:57:31 [INFO] ProphetWrapper fitted on 2851 rows — sin_year_1=-0.015 cos_year_1=0.043
10:57:31 [INFO] Chain [1] start processing
10:57:32 [INFO] Chain [1] done processing
10:57:32 [INFO] ProphetWrapper fitted on 2851 rows — sin_year_1=-0.015 cos_year_1=0.043
10:57:32 [INFO] Chain [1] start processing
10:57:32 [INFO] Chain [1] done processing
10:57:32 [INFO] ProphetWrapper fitted on 2851 rows — sin_year_1=-0.016 cos_year_1=0.039
10:57:32 [INFO] Chain [1] start processing
10:57:32 [INFO] Chain [1] done processing
10:57:32 [INFO] ProphetWrapper fitted on 2851 rows — sin_year_1=-0.013 cos_year_1=0.034
10:57:32 [INFO] Chain [1] start processing
10:57:33 [INFO] Chain [1] done processing
10:57:33 [INFO] ProphetWrapper fitted on 2851 rows — sin_year_1=-0.017 cos_year_1=0.049
10:57:33 [INFO] Chain [1] start processing
10:57:33 [INFO] Chain [1] done processing
10:57:33 [INFO] ProphetWrapper fitted on 2851 rows — sin_year_1=-0.011 cos_year_1=0.037
10:57:33 [INFO] Chain [1] start processing
10:57:33 [INFO] Chain [1] done processing
10:57:33 [INFO] ProphetWrapper fitted on 2851 rows — sin_year_1=-0.011 cos_year_1=0.041
10:57:34 [INFO] Chain [1] start processing
10:57:34 [INFO] Chain [1] done processing
10:57:34 [INFO] ProphetWrapper fitted on 2855 rows — sin_year_1=-0.012 cos_year_1=0.048
10:57:34 [INFO] Round 1 — test accuracy: 0.581  macro-F1: 0.357  (3580 samples)
10:57:34 [INFO] ProphetWrapper FEDGAM round 2/10
10:57:35 [INFO] Chain [1] start processing
10:57:35 [INFO] Chain [1] done processing
10:57:35 [INFO] ProphetWrapper fitted on 2851 rows — sin_year_1=-0.012 cos_year_1=0.038
10:57:35 [INFO] Chain [1] start processing
10:57:35 [INFO] Chain [1] done processing
10:57:35 [INFO] ProphetWrapper fitted on 2851 rows — sin_year_1=-0.012 cos_year_1=0.038
10:57:35 [INFO] Chain [1] start processing
10:57:35 [INFO] Chain [1] done processing
10:57:35 [INFO] ProphetWrapper fitted on 2851 rows — sin_year_1=-0.015 cos_year_1=0.043
10:57:36 [INFO] Chain [1] start processing
10:57:36 [INFO] Chain [1] done processing
10:57:36 [INFO] ProphetWrapper fitted on 2851 rows — sin_year_1=-0.015 cos_year_1=0.043
10:57:36 [INFO] Chain [1] start processing
10:57:36 [INFO] Chain [1] done processing
10:57:36 [INFO] ProphetWrapper fitted on 2851 rows — sin_year_1=-0.016 cos_year_1=0.039
10:57:36 [INFO] Chain [1] start processing
10:57:36 [INFO] Chain [1] done processing
10:57:36 [INFO] ProphetWrapper fitted on 2851 rows — sin_year_1=-0.012 cos_year_1=0.034
10:57:37 [INFO] Chain [1] start processing
10:57:37 [INFO] Chain [1] done processing
10:57:37 [INFO] ProphetWrapper fitted on 2851 rows — sin_year_1=-0.017 cos_year_1=0.049
10:57:37 [INFO] Chain [1] start processing
10:57:37 [INFO] Chain [1] done processing
10:57:37 [INFO] ProphetWrapper fitted on 2851 rows — sin_year_1=-0.011 cos_year_1=0.037
10:57:37 [INFO] Chain [1] start processing
10:57:37 [INFO] Chain [1] done processing
10:57:37 [INFO] ProphetWrapper fitted on 2851 rows — sin_year_1=-0.011 cos_year_1=0.041
10:57:37 [INFO] Chain [1] start processing
10:57:38 [INFO] Chain [1] done processing
10:57:38 [INFO] ProphetWrapper fitted on 2855 rows — sin_year_1=-0.011 cos_year_1=0.048
10:57:38 [INFO] Round 2 — test accuracy: 0.578  macro-F1: 0.356  (3580 samples)
10:57:38 [INFO] ProphetWrapper FEDGAM round 3/10
10:57:38 [INFO] Chain [1] start processing
10:57:38 [INFO] Chain [1] done processing
10:57:38 [INFO] ProphetWrapper fitted on 2851 rows — sin_year_1=-0.012 cos_year_1=0.038
10:57:39 [INFO] Chain [1] start processing
10:57:39 [INFO] Chain [1] done processing
10:57:39 [INFO] ProphetWrapper fitted on 2851 rows — sin_year_1=-0.012 cos_year_1=0.038
10:57:39 [INFO] Chain [1] start processing
10:57:39 [INFO] Chain [1] done processing
10:57:39 [INFO] ProphetWrapper fitted on 2851 rows — sin_year_1=-0.015 cos_year_1=0.043
10:57:39 [INFO] Chain [1] start processing
10:57:39 [INFO] Chain [1] done processing
10:57:39 [INFO] ProphetWrapper fitted on 2851 rows — sin_year_1=-0.015 cos_year_1=0.043
10:57:40 [INFO] Chain [1] start processing
10:57:40 [INFO] Chain [1] done processing
10:57:40 [INFO] ProphetWrapper fitted on 2851 rows — sin_year_1=-0.016 cos_year_1=0.039
10:57:40 [INFO] Chain [1] start processing
10:57:40 [INFO] Chain [1] done processing
10:57:40 [INFO] ProphetWrapper fitted on 2851 rows — sin_year_1=-0.012 cos_year_1=0.034
10:57:40 [INFO] Chain [1] start processing
10:57:40 [INFO] Chain [1] done processing
10:57:40 [INFO] ProphetWrapper fitted on 2851 rows — sin_year_1=-0.017 cos_year_1=0.049
10:57:40 [INFO] Chain [1] start processing
10:57:41 [INFO] Chain [1] done processing
10:57:41 [INFO] ProphetWrapper fitted on 2851 rows — sin_year_1=-0.011 cos_year_1=0.037
10:57:41 [INFO] Chain [1] start processing
10:57:41 [INFO] Chain [1] done processing
10:57:41 [INFO] ProphetWrapper fitted on 2851 rows — sin_year_1=-0.011 cos_year_1=0.041
10:57:45 [INFO] Chain [1] start processing
10:57:45 [INFO] Chain [1] done processing
10:57:45 [INFO] ProphetWrapper fitted on 2855 rows — sin_year_1=-0.012 cos_year_1=0.048
10:57:46 [INFO] Round 3 — test accuracy: 0.582  macro-F1: 0.358  (3580 samples)
10:57:46 [INFO] ProphetWrapper FEDGAM round 4/10
10:57:46 [INFO] Chain [1] start processing
10:57:47 [INFO] Chain [1] done processing
10:57:47 [INFO] ProphetWrapper fitted on 2851 rows — sin_year_1=-0.012 cos_year_1=0.038
10:57:47 [INFO] Chain [1] start processing
10:57:47 [INFO] Chain [1] done processing
10:57:47 [INFO] ProphetWrapper fitted on 2851 rows — sin_year_1=-0.012 cos_year_1=0.038
10:57:47 [INFO] Chain [1] start processing
10:57:47 [INFO] Chain [1] done processing
10:57:47 [INFO] ProphetWrapper fitted on 2851 rows — sin_year_1=-0.015 cos_year_1=0.043
10:57:48 [INFO] Chain [1] start processing
10:57:48 [INFO] Chain [1] done processing
10:57:48 [INFO] ProphetWrapper fitted on 2851 rows — sin_year_1=-0.014 cos_year_1=0.043
10:57:48 [INFO] Chain [1] start processing
10:57:48 [INFO] Chain [1] done processing
10:57:48 [INFO] ProphetWrapper fitted on 2851 rows — sin_year_1=-0.016 cos_year_1=0.039
10:57:48 [INFO] Chain [1] start processing
10:57:49 [INFO] Chain [1] done processing
10:57:49 [INFO] ProphetWrapper fitted on 2851 rows — sin_year_1=-0.012 cos_year_1=0.033
10:57:49 [INFO] Chain [1] start processing
10:57:49 [INFO] Chain [1] done processing
10:57:49 [INFO] ProphetWrapper fitted on 2851 rows — sin_year_1=-0.017 cos_year_1=0.049
10:57:49 [INFO] Chain [1] start processing
10:57:49 [INFO] Chain [1] done processing
10:57:49 [INFO] ProphetWrapper fitted on 2851 rows — sin_year_1=-0.011 cos_year_1=0.037
10:57:49 [INFO] Chain [1] start processing
10:57:50 [INFO] Chain [1] done processing
10:57:50 [INFO] ProphetWrapper fitted on 2851 rows — sin_year_1=-0.011 cos_year_1=0.041
10:57:50 [INFO] Chain [1] start processing
10:57:50 [INFO] Chain [1] done processing
10:57:50 [INFO] ProphetWrapper fitted on 2855 rows — sin_year_1=-0.011 cos_year_1=0.048
10:57:51 [INFO] Round 4 — test accuracy: 0.584  macro-F1: 0.358  (3580 samples)
10:57:51 [INFO] ProphetWrapper FEDGAM round 5/10
10:57:51 [INFO] Chain [1] start processing
10:57:51 [INFO] Chain [1] done processing
10:57:51 [INFO] ProphetWrapper fitted on 2851 rows — sin_year_1=-0.012 cos_year_1=0.038
10:57:51 [INFO] Chain [1] start processing
10:57:51 [INFO] Chain [1] done processing
10:57:51 [INFO] ProphetWrapper fitted on 2851 rows — sin_year_1=-0.012 cos_year_1=0.038
10:57:51 [INFO] Chain [1] start processing
10:57:51 [INFO] Chain [1] done processing
10:57:51 [INFO] ProphetWrapper fitted on 2851 rows — sin_year_1=-0.015 cos_year_1=0.043
10:57:52 [INFO] Chain [1] start processing
10:57:52 [INFO] Chain [1] done processing
10:57:52 [INFO] ProphetWrapper fitted on 2851 rows — sin_year_1=-0.014 cos_year_1=0.043
10:57:52 [INFO] Chain [1] start processing
10:57:52 [INFO] Chain [1] done processing
10:57:52 [INFO] ProphetWrapper fitted on 2851 rows — sin_year_1=-0.016 cos_year_1=0.039
10:57:52 [INFO] Chain [1] start processing
10:57:52 [INFO] Chain [1] done processing
10:57:52 [INFO] ProphetWrapper fitted on 2851 rows — sin_year_1=-0.012 cos_year_1=0.033
10:57:53 [INFO] Chain [1] start processing
10:57:53 [INFO] Chain [1] done processing
10:57:53 [INFO] ProphetWrapper fitted on 2851 rows — sin_year_1=-0.017 cos_year_1=0.049
10:57:53 [INFO] Chain [1] start processing
10:57:53 [INFO] Chain [1] done processing
10:57:53 [INFO] ProphetWrapper fitted on 2851 rows — sin_year_1=-0.011 cos_year_1=0.037
10:57:53 [INFO] Chain [1] start processing
10:57:53 [INFO] Chain [1] done processing
10:57:53 [INFO] ProphetWrapper fitted on 2851 rows — sin_year_1=-0.011 cos_year_1=0.041
10:57:53 [INFO] Chain [1] start processing
10:57:54 [INFO] Chain [1] done processing
10:57:54 [INFO] ProphetWrapper fitted on 2855 rows — sin_year_1=-0.011 cos_year_1=0.048
10:57:54 [INFO] Round 5 — test accuracy: 0.584  macro-F1: 0.358  (3580 samples)
10:57:54 [INFO] ProphetWrapper FEDGAM round 6/10
10:57:54 [INFO] Chain [1] start processing
10:57:55 [INFO] Chain [1] done processing
10:57:55 [INFO] ProphetWrapper fitted on 2851 rows — sin_year_1=-0.012 cos_year_1=0.038
10:57:55 [INFO] Chain [1] start processing
10:57:55 [INFO] Chain [1] done processing
10:57:55 [INFO] ProphetWrapper fitted on 2851 rows — sin_year_1=-0.012 cos_year_1=0.038
10:57:55 [INFO] Chain [1] start processing
10:57:55 [INFO] Chain [1] done processing
10:57:55 [INFO] ProphetWrapper fitted on 2851 rows — sin_year_1=-0.015 cos_year_1=0.043
10:57:56 [INFO] Chain [1] start processing
10:57:56 [INFO] Chain [1] done processing
10:57:56 [INFO] ProphetWrapper fitted on 2851 rows — sin_year_1=-0.014 cos_year_1=0.043
10:57:56 [INFO] Chain [1] start processing
10:57:56 [INFO] Chain [1] done processing
10:57:56 [INFO] ProphetWrapper fitted on 2851 rows — sin_year_1=-0.016 cos_year_1=0.039
10:57:56 [INFO] Chain [1] start processing
10:57:57 [INFO] Chain [1] done processing
10:57:57 [INFO] ProphetWrapper fitted on 2851 rows — sin_year_1=-0.012 cos_year_1=0.033
10:57:57 [INFO] Chain [1] start processing
10:57:57 [INFO] Chain [1] done processing
10:57:57 [INFO] ProphetWrapper fitted on 2851 rows — sin_year_1=-0.017 cos_year_1=0.049
10:57:57 [INFO] Chain [1] start processing
10:57:57 [INFO] Chain [1] done processing
10:57:57 [INFO] ProphetWrapper fitted on 2851 rows — sin_year_1=-0.011 cos_year_1=0.037
10:57:57 [INFO] Chain [1] start processing
10:57:58 [INFO] Chain [1] done processing
10:57:58 [INFO] ProphetWrapper fitted on 2851 rows — sin_year_1=-0.011 cos_year_1=0.041
10:57:58 [INFO] Chain [1] start processing
10:57:58 [INFO] Chain [1] done processing
10:57:58 [INFO] ProphetWrapper fitted on 2855 rows — sin_year_1=-0.011 cos_year_1=0.048
10:57:59 [INFO] Round 6 — test accuracy: 0.581  macro-F1: 0.357  (3580 samples)
10:57:59 [INFO] ProphetWrapper FEDGAM round 7/10
10:57:59 [INFO] Chain [1] start processing
10:57:59 [INFO] Chain [1] done processing
10:57:59 [INFO] ProphetWrapper fitted on 2851 rows — sin_year_1=-0.012 cos_year_1=0.038
10:57:59 [INFO] Chain [1] start processing
10:57:59 [INFO] Chain [1] done processing
10:57:59 [INFO] ProphetWrapper fitted on 2851 rows — sin_year_1=-0.013 cos_year_1=0.038
10:57:59 [INFO] Chain [1] start processing
10:58:00 [INFO] Chain [1] done processing
10:58:00 [INFO] ProphetWrapper fitted on 2851 rows — sin_year_1=-0.015 cos_year_1=0.043
10:58:00 [INFO] Chain [1] start processing
10:58:00 [INFO] Chain [1] done processing
10:58:00 [INFO] ProphetWrapper fitted on 2851 rows — sin_year_1=-0.015 cos_year_1=0.043
10:58:00 [INFO] Chain [1] start processing
10:58:00 [INFO] Chain [1] done processing
10:58:00 [INFO] ProphetWrapper fitted on 2851 rows — sin_year_1=-0.016 cos_year_1=0.039
10:58:00 [INFO] Chain [1] start processing
10:58:01 [INFO] Chain [1] done processing
10:58:01 [INFO] ProphetWrapper fitted on 2851 rows — sin_year_1=-0.012 cos_year_1=0.033
10:58:01 [INFO] Chain [1] start processing
10:58:01 [INFO] Chain [1] done processing
10:58:01 [INFO] ProphetWrapper fitted on 2851 rows — sin_year_1=-0.017 cos_year_1=0.049
10:58:01 [INFO] Chain [1] start processing
10:58:01 [INFO] Chain [1] done processing
10:58:01 [INFO] ProphetWrapper fitted on 2851 rows — sin_year_1=-0.011 cos_year_1=0.037
10:58:01 [INFO] Chain [1] start processing
10:58:02 [INFO] Chain [1] done processing
10:58:02 [INFO] ProphetWrapper fitted on 2851 rows — sin_year_1=-0.011 cos_year_1=0.041
10:58:02 [INFO] Chain [1] start processing
10:58:02 [INFO] Chain [1] done processing
10:58:02 [INFO] ProphetWrapper fitted on 2855 rows — sin_year_1=-0.011 cos_year_1=0.048
10:58:03 [INFO] Round 7 — test accuracy: 0.586  macro-F1: 0.358  (3580 samples)
10:58:03 [INFO] ProphetWrapper FEDGAM round 8/10
10:58:03 [INFO] Chain [1] start processing
10:58:03 [INFO] Chain [1] done processing
10:58:03 [INFO] ProphetWrapper fitted on 2851 rows — sin_year_1=-0.012 cos_year_1=0.038
10:58:03 [INFO] Chain [1] start processing
10:58:03 [INFO] Chain [1] done processing
10:58:03 [INFO] ProphetWrapper fitted on 2851 rows — sin_year_1=-0.012 cos_year_1=0.038
10:58:04 [INFO] Chain [1] start processing
10:58:04 [INFO] Chain [1] done processing
10:58:04 [INFO] ProphetWrapper fitted on 2851 rows — sin_year_1=-0.015 cos_year_1=0.043
10:58:04 [INFO] Chain [1] start processing
10:58:04 [INFO] Chain [1] done processing
10:58:04 [INFO] ProphetWrapper fitted on 2851 rows — sin_year_1=-0.015 cos_year_1=0.043
10:58:04 [INFO] Chain [1] start processing
10:58:04 [INFO] Chain [1] done processing
10:58:04 [INFO] ProphetWrapper fitted on 2851 rows — sin_year_1=-0.016 cos_year_1=0.039
10:58:05 [INFO] Chain [1] start processing
10:58:05 [INFO] Chain [1] done processing
10:58:05 [INFO] ProphetWrapper fitted on 2851 rows — sin_year_1=-0.012 cos_year_1=0.033
10:58:05 [INFO] Chain [1] start processing
10:58:05 [INFO] Chain [1] done processing
10:58:05 [INFO] ProphetWrapper fitted on 2851 rows — sin_year_1=-0.017 cos_year_1=0.049
10:58:06 [INFO] Chain [1] start processing
10:58:06 [INFO] Chain [1] done processing
10:58:06 [INFO] ProphetWrapper fitted on 2851 rows — sin_year_1=-0.011 cos_year_1=0.037
10:58:06 [INFO] Chain [1] start processing
10:58:06 [INFO] Chain [1] done processing
10:58:06 [INFO] ProphetWrapper fitted on 2851 rows — sin_year_1=-0.011 cos_year_1=0.041
10:58:06 [INFO] Chain [1] start processing
10:58:06 [INFO] Chain [1] done processing
10:58:06 [INFO] ProphetWrapper fitted on 2855 rows — sin_year_1=-0.012 cos_year_1=0.048
10:58:07 [INFO] Round 8 — test accuracy: 0.584  macro-F1: 0.359  (3580 samples)
10:58:07 [INFO] ProphetWrapper FEDGAM round 9/10
10:58:07 [INFO] Chain [1] start processing
10:58:08 [INFO] Chain [1] done processing
10:58:08 [INFO] ProphetWrapper fitted on 2851 rows — sin_year_1=-0.012 cos_year_1=0.038
10:58:08 [INFO] Chain [1] start processing
10:58:08 [INFO] Chain [1] done processing
10:58:08 [INFO] ProphetWrapper fitted on 2851 rows — sin_year_1=-0.012 cos_year_1=0.038
10:58:08 [INFO] Chain [1] start processing
10:58:08 [INFO] Chain [1] done processing
10:58:08 [INFO] ProphetWrapper fitted on 2851 rows — sin_year_1=-0.015 cos_year_1=0.043
10:58:08 [INFO] Chain [1] start processing
10:58:08 [INFO] Chain [1] done processing
10:58:09 [INFO] ProphetWrapper fitted on 2851 rows — sin_year_1=-0.015 cos_year_1=0.043
10:58:09 [INFO] Chain [1] start processing
10:58:09 [INFO] Chain [1] done processing
10:58:09 [INFO] ProphetWrapper fitted on 2851 rows — sin_year_1=-0.016 cos_year_1=0.039
10:58:09 [INFO] Chain [1] start processing
10:58:09 [INFO] Chain [1] done processing
10:58:09 [INFO] ProphetWrapper fitted on 2851 rows — sin_year_1=-0.012 cos_year_1=0.033
10:58:09 [INFO] Chain [1] start processing
10:58:10 [INFO] Chain [1] done processing
10:58:10 [INFO] ProphetWrapper fitted on 2851 rows — sin_year_1=-0.017 cos_year_1=0.049
10:58:10 [INFO] Chain [1] start processing
10:58:10 [INFO] Chain [1] done processing
10:58:10 [INFO] ProphetWrapper fitted on 2851 rows — sin_year_1=-0.011 cos_year_1=0.037
10:58:10 [INFO] Chain [1] start processing
10:58:10 [INFO] Chain [1] done processing
10:58:10 [INFO] ProphetWrapper fitted on 2851 rows — sin_year_1=-0.011 cos_year_1=0.041
10:58:10 [INFO] Chain [1] start processing
10:58:10 [INFO] Chain [1] done processing
10:58:10 [INFO] ProphetWrapper fitted on 2855 rows — sin_year_1=-0.011 cos_year_1=0.048
10:58:11 [INFO] Round 9 — test accuracy: 0.580  macro-F1: 0.357  (3580 samples)
10:58:11 [INFO] ProphetWrapper FEDGAM round 10/10
10:58:11 [INFO] Chain [1] start processing
10:58:12 [INFO] Chain [1] done processing
10:58:12 [INFO] ProphetWrapper fitted on 2851 rows — sin_year_1=-0.012 cos_year_1=0.038
10:58:12 [INFO] Chain [1] start processing
10:58:12 [INFO] Chain [1] done processing
10:58:12 [INFO] ProphetWrapper fitted on 2851 rows — sin_year_1=-0.012 cos_year_1=0.038
10:58:12 [INFO] Chain [1] start processing
10:58:12 [INFO] Chain [1] done processing
10:58:12 [INFO] ProphetWrapper fitted on 2851 rows — sin_year_1=-0.015 cos_year_1=0.043
10:58:13 [INFO] Chain [1] start processing
10:58:13 [INFO] Chain [1] done processing
10:58:13 [INFO] ProphetWrapper fitted on 2851 rows — sin_year_1=-0.015 cos_year_1=0.043
10:58:13 [INFO] Chain [1] start processing
10:58:13 [INFO] Chain [1] done processing
10:58:13 [INFO] ProphetWrapper fitted on 2851 rows — sin_year_1=-0.016 cos_year_1=0.039
10:58:13 [INFO] Chain [1] start processing
10:58:13 [INFO] Chain [1] done processing
10:58:13 [INFO] ProphetWrapper fitted on 2851 rows — sin_year_1=-0.012 cos_year_1=0.033
10:58:14 [INFO] Chain [1] start processing
10:58:14 [INFO] Chain [1] done processing
10:58:14 [INFO] ProphetWrapper fitted on 2851 rows — sin_year_1=-0.017 cos_year_1=0.049
10:58:14 [INFO] Chain [1] start processing
10:58:14 [INFO] Chain [1] done processing
10:58:14 [INFO] ProphetWrapper fitted on 2851 rows — sin_year_1=-0.011 cos_year_1=0.037
10:58:15 [INFO] Chain [1] start processing
10:58:15 [INFO] Chain [1] done processing
10:58:15 [INFO] ProphetWrapper fitted on 2851 rows — sin_year_1=-0.011 cos_year_1=0.041
10:58:15 [INFO] Chain [1] start processing
10:58:17 [INFO] Chain [1] done processing
10:58:17 [INFO] ProphetWrapper fitted on 2855 rows — sin_year_1=-0.012 cos_year_1=0.048
10:58:20 [INFO] Round 10 — test accuracy: 0.586  macro-F1: 0.359  (3580 samples)
10:58:20 [INFO] ProphetWrapper FEDGAM prophet_fedgam_iid done. Final acc=0.586  Saved: results/e7_local_prophet/seeds/seed2017/e7_prophet_fedgam_iid_fl_metrics.csv
10:58:20 [INFO] === E7 ProphetWrapper + FEDAVG — geographic (max_train_years=None) ===
10:58:20 [INFO] ICA thresholds loaded: Q1=7.50 Q2=13.00 μg/m³
10:58:20 [INFO] Provinces loaded: ['Avila', 'Burgos', 'León', 'Palencia', 'Ponferrada', 'Salamanca', 'Segovia', 'Soria', 'Valladolid', 'Zamora']
10:58:20 [INFO] ProphetWrapper FEDAVG round 1/10
10:58:20 [INFO] Chain [1] start processing
10:58:20 [INFO] Chain [1] done processing
10:58:21 [INFO] ProphetWrapper fitted on 2305 rows — sin_year_1=-0.002 cos_year_1=0.043
10:58:21 [INFO] Chain [1] start processing
10:58:21 [INFO] Chain [1] done processing
10:58:21 [INFO] ProphetWrapper fitted on 2922 rows — sin_year_1=0.006 cos_year_1=0.036
10:58:21 [INFO] Chain [1] start processing
10:58:22 [INFO] Chain [1] done processing
10:58:22 [INFO] ProphetWrapper fitted on 2922 rows — sin_year_1=-0.026 cos_year_1=0.039
10:58:22 [INFO] Chain [1] start processing
10:58:22 [INFO] Chain [1] done processing
10:58:22 [INFO] ProphetWrapper fitted on 2922 rows — sin_year_1=-0.019 cos_year_1=0.067
10:58:22 [INFO] Chain [1] start processing
10:58:22 [INFO] Chain [1] done processing
10:58:22 [INFO] ProphetWrapper fitted on 2922 rows — sin_year_1=-0.018 cos_year_1=0.028
10:58:23 [INFO] Chain [1] start processing
10:58:23 [INFO] Chain [1] done processing
10:58:23 [INFO] ProphetWrapper fitted on 2922 rows — sin_year_1=-0.003 cos_year_1=0.031
10:58:23 [INFO] Chain [1] start processing
10:58:23 [INFO] Chain [1] done processing
10:58:23 [INFO] ProphetWrapper fitted on 2911 rows — sin_year_1=-0.019 cos_year_1=0.070
10:58:23 [INFO] Chain [1] start processing
10:58:24 [INFO] Chain [1] done processing
10:58:24 [INFO] ProphetWrapper fitted on 2912 rows — sin_year_1=-0.010 cos_year_1=0.026
10:58:24 [INFO] Chain [1] start processing
10:58:24 [INFO] Chain [1] done processing
10:58:24 [INFO] ProphetWrapper fitted on 2922 rows — sin_year_1=-0.023 cos_year_1=0.069
10:58:24 [INFO] Chain [1] start processing
10:58:24 [INFO] Chain [1] done processing
10:58:24 [INFO] ProphetWrapper fitted on 2854 rows — sin_year_1=-0.015 cos_year_1=0.059
10:58:25 [INFO] Round 1 — test accuracy: 0.564  macro-F1: 0.493  (3561 samples)
10:58:25 [INFO] ProphetWrapper FEDAVG round 2/10
10:58:25 [INFO] Chain [1] start processing
10:58:25 [INFO] Chain [1] done processing
10:58:25 [INFO] ProphetWrapper fitted on 2305 rows — sin_year_1=-0.002 cos_year_1=0.043
10:58:25 [INFO] Chain [1] start processing
10:58:26 [INFO] Chain [1] done processing
10:58:26 [INFO] ProphetWrapper fitted on 2922 rows — sin_year_1=0.006 cos_year_1=0.036
10:58:26 [INFO] Chain [1] start processing
10:58:26 [INFO] Chain [1] done processing
10:58:26 [INFO] ProphetWrapper fitted on 2922 rows — sin_year_1=-0.026 cos_year_1=0.039
10:58:26 [INFO] Chain [1] start processing
10:58:26 [INFO] Chain [1] done processing
10:58:26 [INFO] ProphetWrapper fitted on 2922 rows — sin_year_1=-0.019 cos_year_1=0.068
10:58:27 [INFO] Chain [1] start processing
10:58:27 [INFO] Chain [1] done processing
10:58:27 [INFO] ProphetWrapper fitted on 2922 rows — sin_year_1=-0.018 cos_year_1=0.028
10:58:27 [INFO] Chain [1] start processing
10:58:27 [INFO] Chain [1] done processing
10:58:27 [INFO] ProphetWrapper fitted on 2922 rows — sin_year_1=-0.002 cos_year_1=0.032
10:58:27 [INFO] Chain [1] start processing
10:58:27 [INFO] Chain [1] done processing
10:58:27 [INFO] ProphetWrapper fitted on 2911 rows — sin_year_1=-0.019 cos_year_1=0.070
10:58:28 [INFO] Chain [1] start processing
10:58:28 [INFO] Chain [1] done processing
10:58:28 [INFO] ProphetWrapper fitted on 2912 rows — sin_year_1=-0.010 cos_year_1=0.026
10:58:28 [INFO] Chain [1] start processing
10:58:28 [INFO] Chain [1] done processing
10:58:28 [INFO] ProphetWrapper fitted on 2922 rows — sin_year_1=-0.023 cos_year_1=0.069
10:58:28 [INFO] Chain [1] start processing
10:58:29 [INFO] Chain [1] done processing
10:58:29 [INFO] ProphetWrapper fitted on 2854 rows — sin_year_1=-0.015 cos_year_1=0.059
10:58:29 [INFO] Round 2 — test accuracy: 0.566  macro-F1: 0.497  (3561 samples)
10:58:29 [INFO] ProphetWrapper FEDAVG round 3/10
10:58:29 [INFO] Chain [1] start processing
10:58:30 [INFO] Chain [1] done processing
10:58:30 [INFO] ProphetWrapper fitted on 2305 rows — sin_year_1=-0.002 cos_year_1=0.043
10:58:30 [INFO] Chain [1] start processing
10:58:30 [INFO] Chain [1] done processing
10:58:30 [INFO] ProphetWrapper fitted on 2922 rows — sin_year_1=0.006 cos_year_1=0.036
10:58:30 [INFO] Chain [1] start processing
10:58:30 [INFO] Chain [1] done processing
10:58:30 [INFO] ProphetWrapper fitted on 2922 rows — sin_year_1=-0.026 cos_year_1=0.039
10:58:30 [INFO] Chain [1] start processing
10:58:31 [INFO] Chain [1] done processing
10:58:31 [INFO] ProphetWrapper fitted on 2922 rows — sin_year_1=-0.019 cos_year_1=0.068
10:58:31 [INFO] Chain [1] start processing
10:58:31 [INFO] Chain [1] done processing
10:58:31 [INFO] ProphetWrapper fitted on 2922 rows — sin_year_1=-0.018 cos_year_1=0.028
10:58:31 [INFO] Chain [1] start processing
10:58:32 [INFO] Chain [1] done processing
10:58:32 [INFO] ProphetWrapper fitted on 2922 rows — sin_year_1=-0.002 cos_year_1=0.031
10:58:32 [INFO] Chain [1] start processing
10:58:32 [INFO] Chain [1] done processing
10:58:32 [INFO] ProphetWrapper fitted on 2911 rows — sin_year_1=-0.019 cos_year_1=0.070
10:58:32 [INFO] Chain [1] start processing
10:58:32 [INFO] Chain [1] done processing
10:58:32 [INFO] ProphetWrapper fitted on 2912 rows — sin_year_1=-0.010 cos_year_1=0.026
10:58:32 [INFO] Chain [1] start processing
10:58:33 [INFO] Chain [1] done processing
10:58:33 [INFO] ProphetWrapper fitted on 2922 rows — sin_year_1=-0.023 cos_year_1=0.069
10:58:33 [INFO] Chain [1] start processing
10:58:33 [INFO] Chain [1] done processing
10:58:33 [INFO] ProphetWrapper fitted on 2854 rows — sin_year_1=-0.015 cos_year_1=0.059
10:58:34 [INFO] Round 3 — test accuracy: 0.565  macro-F1: 0.494  (3561 samples)
10:58:34 [INFO] ProphetWrapper FEDAVG round 4/10
10:58:34 [INFO] Chain [1] start processing
10:58:34 [INFO] Chain [1] done processing
10:58:34 [INFO] ProphetWrapper fitted on 2305 rows — sin_year_1=-0.002 cos_year_1=0.043
10:58:34 [INFO] Chain [1] start processing
10:58:34 [INFO] Chain [1] done processing
10:58:34 [INFO] ProphetWrapper fitted on 2922 rows — sin_year_1=0.006 cos_year_1=0.036
10:58:34 [INFO] Chain [1] start processing
10:58:35 [INFO] Chain [1] done processing
10:58:35 [INFO] ProphetWrapper fitted on 2922 rows — sin_year_1=-0.026 cos_year_1=0.039
10:58:35 [INFO] Chain [1] start processing
10:58:35 [INFO] Chain [1] done processing
10:58:35 [INFO] ProphetWrapper fitted on 2922 rows — sin_year_1=-0.019 cos_year_1=0.068
10:58:35 [INFO] Chain [1] start processing
10:58:35 [INFO] Chain [1] done processing
10:58:35 [INFO] ProphetWrapper fitted on 2922 rows — sin_year_1=-0.018 cos_year_1=0.028
10:58:35 [INFO] Chain [1] start processing
10:58:36 [INFO] Chain [1] done processing
10:58:36 [INFO] ProphetWrapper fitted on 2922 rows — sin_year_1=-0.002 cos_year_1=0.031
10:58:36 [INFO] Chain [1] start processing
10:58:36 [INFO] Chain [1] done processing
10:58:36 [INFO] ProphetWrapper fitted on 2911 rows — sin_year_1=-0.019 cos_year_1=0.070
10:58:36 [INFO] Chain [1] start processing
10:58:36 [INFO] Chain [1] done processing
10:58:36 [INFO] ProphetWrapper fitted on 2912 rows — sin_year_1=-0.010 cos_year_1=0.026
10:58:36 [INFO] Chain [1] start processing
10:58:37 [INFO] Chain [1] done processing
10:58:37 [INFO] ProphetWrapper fitted on 2922 rows — sin_year_1=-0.023 cos_year_1=0.069
10:58:37 [INFO] Chain [1] start processing
10:58:37 [INFO] Chain [1] done processing
10:58:37 [INFO] ProphetWrapper fitted on 2854 rows — sin_year_1=-0.016 cos_year_1=0.059
10:58:38 [INFO] Round 4 — test accuracy: 0.566  macro-F1: 0.496  (3561 samples)
10:58:38 [INFO] ProphetWrapper FEDAVG round 5/10
10:58:38 [INFO] Chain [1] start processing
10:58:38 [INFO] Chain [1] done processing
10:58:38 [INFO] ProphetWrapper fitted on 2305 rows — sin_year_1=-0.002 cos_year_1=0.043
10:58:38 [INFO] Chain [1] start processing
10:58:38 [INFO] Chain [1] done processing
10:58:38 [INFO] ProphetWrapper fitted on 2922 rows — sin_year_1=0.006 cos_year_1=0.036
10:58:39 [INFO] Chain [1] start processing
10:58:39 [INFO] Chain [1] done processing
10:58:39 [INFO] ProphetWrapper fitted on 2922 rows — sin_year_1=-0.026 cos_year_1=0.039
10:58:39 [INFO] Chain [1] start processing
10:58:39 [INFO] Chain [1] done processing
10:58:39 [INFO] ProphetWrapper fitted on 2922 rows — sin_year_1=-0.019 cos_year_1=0.068
10:58:39 [INFO] Chain [1] start processing
10:58:40 [INFO] Chain [1] done processing
10:58:40 [INFO] ProphetWrapper fitted on 2922 rows — sin_year_1=-0.018 cos_year_1=0.028
10:58:40 [INFO] Chain [1] start processing
10:58:40 [INFO] Chain [1] done processing
10:58:40 [INFO] ProphetWrapper fitted on 2922 rows — sin_year_1=-0.002 cos_year_1=0.032
10:58:40 [INFO] Chain [1] start processing
10:58:40 [INFO] Chain [1] done processing
10:58:40 [INFO] ProphetWrapper fitted on 2911 rows — sin_year_1=-0.019 cos_year_1=0.070
10:58:41 [INFO] Chain [1] start processing
10:58:41 [INFO] Chain [1] done processing
10:58:41 [INFO] ProphetWrapper fitted on 2912 rows — sin_year_1=-0.010 cos_year_1=0.026
10:58:41 [INFO] Chain [1] start processing
10:58:41 [INFO] Chain [1] done processing
10:58:41 [INFO] ProphetWrapper fitted on 2922 rows — sin_year_1=-0.023 cos_year_1=0.069
10:58:41 [INFO] Chain [1] start processing
10:58:41 [INFO] Chain [1] done processing
10:58:41 [INFO] ProphetWrapper fitted on 2854 rows — sin_year_1=-0.015 cos_year_1=0.059
10:58:42 [INFO] Round 5 — test accuracy: 0.565  macro-F1: 0.495  (3561 samples)
10:58:42 [INFO] ProphetWrapper FEDAVG round 6/10
10:58:42 [INFO] Chain [1] start processing
10:58:43 [INFO] Chain [1] done processing
10:58:43 [INFO] ProphetWrapper fitted on 2305 rows — sin_year_1=-0.002 cos_year_1=0.043
10:58:43 [INFO] Chain [1] start processing
10:58:43 [INFO] Chain [1] done processing
10:58:43 [INFO] ProphetWrapper fitted on 2922 rows — sin_year_1=0.006 cos_year_1=0.036
10:58:43 [INFO] Chain [1] start processing
10:58:43 [INFO] Chain [1] done processing
10:58:43 [INFO] ProphetWrapper fitted on 2922 rows — sin_year_1=-0.026 cos_year_1=0.039
10:58:43 [INFO] Chain [1] start processing
10:58:44 [INFO] Chain [1] done processing
10:58:44 [INFO] ProphetWrapper fitted on 2922 rows — sin_year_1=-0.019 cos_year_1=0.068
10:58:44 [INFO] Chain [1] start processing
10:58:44 [INFO] Chain [1] done processing
10:58:44 [INFO] ProphetWrapper fitted on 2922 rows — sin_year_1=-0.018 cos_year_1=0.028
10:58:44 [INFO] Chain [1] start processing
10:58:44 [INFO] Chain [1] done processing
10:58:44 [INFO] ProphetWrapper fitted on 2922 rows — sin_year_1=-0.003 cos_year_1=0.031
10:58:44 [INFO] Chain [1] start processing
10:58:45 [INFO] Chain [1] done processing
10:58:45 [INFO] ProphetWrapper fitted on 2911 rows — sin_year_1=-0.019 cos_year_1=0.070
10:58:45 [INFO] Chain [1] start processing
10:58:45 [INFO] Chain [1] done processing
10:58:45 [INFO] ProphetWrapper fitted on 2912 rows — sin_year_1=-0.010 cos_year_1=0.026
10:58:45 [INFO] Chain [1] start processing
10:58:45 [INFO] Chain [1] done processing
10:58:45 [INFO] ProphetWrapper fitted on 2922 rows — sin_year_1=-0.023 cos_year_1=0.069
10:58:45 [INFO] Chain [1] start processing
10:58:46 [INFO] Chain [1] done processing
10:58:46 [INFO] ProphetWrapper fitted on 2854 rows — sin_year_1=-0.015 cos_year_1=0.059
10:58:46 [INFO] Round 6 — test accuracy: 0.566  macro-F1: 0.496  (3561 samples)
10:58:46 [INFO] ProphetWrapper FEDAVG round 7/10
10:58:46 [INFO] Chain [1] start processing
10:58:47 [INFO] Chain [1] done processing
10:58:47 [INFO] ProphetWrapper fitted on 2305 rows — sin_year_1=-0.002 cos_year_1=0.043
10:58:47 [INFO] Chain [1] start processing
10:58:47 [INFO] Chain [1] done processing
10:58:47 [INFO] ProphetWrapper fitted on 2922 rows — sin_year_1=0.006 cos_year_1=0.036
10:58:47 [INFO] Chain [1] start processing
10:58:47 [INFO] Chain [1] done processing
10:58:47 [INFO] ProphetWrapper fitted on 2922 rows — sin_year_1=-0.026 cos_year_1=0.039
10:58:48 [INFO] Chain [1] start processing
10:58:48 [INFO] Chain [1] done processing
10:58:48 [INFO] ProphetWrapper fitted on 2922 rows — sin_year_1=-0.019 cos_year_1=0.068
10:58:48 [INFO] Chain [1] start processing
10:58:48 [INFO] Chain [1] done processing
10:58:48 [INFO] ProphetWrapper fitted on 2922 rows — sin_year_1=-0.018 cos_year_1=0.028
10:58:48 [INFO] Chain [1] start processing
10:58:49 [INFO] Chain [1] done processing
10:58:49 [INFO] ProphetWrapper fitted on 2922 rows — sin_year_1=-0.003 cos_year_1=0.031
10:58:49 [INFO] Chain [1] start processing
10:58:49 [INFO] Chain [1] done processing
10:58:49 [INFO] ProphetWrapper fitted on 2911 rows — sin_year_1=-0.019 cos_year_1=0.070
10:58:49 [INFO] Chain [1] start processing
10:58:49 [INFO] Chain [1] done processing
10:58:49 [INFO] ProphetWrapper fitted on 2912 rows — sin_year_1=-0.010 cos_year_1=0.026
10:58:49 [INFO] Chain [1] start processing
10:58:50 [INFO] Chain [1] done processing
10:58:50 [INFO] ProphetWrapper fitted on 2922 rows — sin_year_1=-0.023 cos_year_1=0.069
10:58:50 [INFO] Chain [1] start processing
10:58:50 [INFO] Chain [1] done processing
10:58:50 [INFO] ProphetWrapper fitted on 2854 rows — sin_year_1=-0.016 cos_year_1=0.059
10:58:51 [INFO] Round 7 — test accuracy: 0.564  macro-F1: 0.493  (3561 samples)
10:58:51 [INFO] ProphetWrapper FEDAVG round 8/10
10:58:51 [INFO] Chain [1] start processing
10:58:51 [INFO] Chain [1] done processing
10:58:51 [INFO] ProphetWrapper fitted on 2305 rows — sin_year_1=-0.002 cos_year_1=0.043
10:58:51 [INFO] Chain [1] start processing
10:58:51 [INFO] Chain [1] done processing
10:58:51 [INFO] ProphetWrapper fitted on 2922 rows — sin_year_1=0.006 cos_year_1=0.036
10:58:51 [INFO] Chain [1] start processing
10:58:51 [INFO] Chain [1] done processing
10:58:51 [INFO] ProphetWrapper fitted on 2922 rows — sin_year_1=-0.026 cos_year_1=0.039
10:58:52 [INFO] Chain [1] start processing
10:58:52 [INFO] Chain [1] done processing
10:58:52 [INFO] ProphetWrapper fitted on 2922 rows — sin_year_1=-0.019 cos_year_1=0.068
10:58:54 [INFO] Chain [1] start processing
10:58:54 [INFO] Chain [1] done processing
10:58:54 [INFO] ProphetWrapper fitted on 2922 rows — sin_year_1=-0.018 cos_year_1=0.028
10:58:55 [INFO] Chain [1] start processing
10:58:55 [INFO] Chain [1] done processing
10:58:55 [INFO] ProphetWrapper fitted on 2922 rows — sin_year_1=-0.002 cos_year_1=0.032
10:58:55 [INFO] Chain [1] start processing
10:58:55 [INFO] Chain [1] done processing
10:58:55 [INFO] ProphetWrapper fitted on 2911 rows — sin_year_1=-0.019 cos_year_1=0.070
10:58:55 [INFO] Chain [1] start processing
10:58:56 [INFO] Chain [1] done processing
10:58:56 [INFO] ProphetWrapper fitted on 2912 rows — sin_year_1=-0.010 cos_year_1=0.026
10:58:56 [INFO] Chain [1] start processing
10:58:56 [INFO] Chain [1] done processing
10:58:56 [INFO] ProphetWrapper fitted on 2922 rows — sin_year_1=-0.023 cos_year_1=0.069
10:58:56 [INFO] Chain [1] start processing
10:58:56 [INFO] Chain [1] done processing
10:58:56 [INFO] ProphetWrapper fitted on 2854 rows — sin_year_1=-0.015 cos_year_1=0.059
10:58:57 [INFO] Round 8 — test accuracy: 0.566  macro-F1: 0.497  (3561 samples)
10:58:57 [INFO] ProphetWrapper FEDAVG round 9/10
10:58:57 [INFO] Chain [1] start processing
10:58:57 [INFO] Chain [1] done processing
10:58:57 [INFO] ProphetWrapper fitted on 2305 rows — sin_year_1=-0.002 cos_year_1=0.043
10:58:58 [INFO] Chain [1] start processing
10:58:58 [INFO] Chain [1] done processing
10:58:58 [INFO] ProphetWrapper fitted on 2922 rows — sin_year_1=0.006 cos_year_1=0.036
10:58:58 [INFO] Chain [1] start processing
10:58:58 [INFO] Chain [1] done processing
10:58:58 [INFO] ProphetWrapper fitted on 2922 rows — sin_year_1=-0.026 cos_year_1=0.039
10:58:58 [INFO] Chain [1] start processing
10:58:59 [INFO] Chain [1] done processing
10:58:59 [INFO] ProphetWrapper fitted on 2922 rows — sin_year_1=-0.019 cos_year_1=0.068
10:58:59 [INFO] Chain [1] start processing
10:58:59 [INFO] Chain [1] done processing
10:58:59 [INFO] ProphetWrapper fitted on 2922 rows — sin_year_1=-0.018 cos_year_1=0.028
10:58:59 [INFO] Chain [1] start processing
10:59:00 [INFO] Chain [1] done processing
10:59:00 [INFO] ProphetWrapper fitted on 2922 rows — sin_year_1=-0.002 cos_year_1=0.032
10:59:00 [INFO] Chain [1] start processing
10:59:00 [INFO] Chain [1] done processing
10:59:00 [INFO] ProphetWrapper fitted on 2911 rows — sin_year_1=-0.019 cos_year_1=0.070
10:59:00 [INFO] Chain [1] start processing
10:59:00 [INFO] Chain [1] done processing
10:59:00 [INFO] ProphetWrapper fitted on 2912 rows — sin_year_1=-0.010 cos_year_1=0.026
10:59:00 [INFO] Chain [1] start processing
10:59:01 [INFO] Chain [1] done processing
10:59:01 [INFO] ProphetWrapper fitted on 2922 rows — sin_year_1=-0.023 cos_year_1=0.069
10:59:01 [INFO] Chain [1] start processing
10:59:01 [INFO] Chain [1] done processing
10:59:01 [INFO] ProphetWrapper fitted on 2854 rows — sin_year_1=-0.015 cos_year_1=0.059
10:59:02 [INFO] Round 9 — test accuracy: 0.565  macro-F1: 0.494  (3561 samples)
10:59:02 [INFO] ProphetWrapper FEDAVG round 10/10
10:59:02 [INFO] Chain [1] start processing
10:59:02 [INFO] Chain [1] done processing
10:59:02 [INFO] ProphetWrapper fitted on 2305 rows — sin_year_1=-0.002 cos_year_1=0.043
10:59:02 [INFO] Chain [1] start processing
10:59:02 [INFO] Chain [1] done processing
10:59:02 [INFO] ProphetWrapper fitted on 2922 rows — sin_year_1=0.006 cos_year_1=0.036
10:59:02 [INFO] Chain [1] start processing
10:59:03 [INFO] Chain [1] done processing
10:59:03 [INFO] ProphetWrapper fitted on 2922 rows — sin_year_1=-0.026 cos_year_1=0.039
10:59:03 [INFO] Chain [1] start processing
10:59:06 [INFO] Chain [1] done processing
10:59:06 [INFO] ProphetWrapper fitted on 2922 rows — sin_year_1=-0.019 cos_year_1=0.068
10:59:06 [INFO] Chain [1] start processing
10:59:06 [INFO] Chain [1] done processing
10:59:06 [INFO] ProphetWrapper fitted on 2922 rows — sin_year_1=-0.018 cos_year_1=0.028
10:59:06 [INFO] Chain [1] start processing
10:59:07 [INFO] Chain [1] done processing
10:59:07 [INFO] ProphetWrapper fitted on 2922 rows — sin_year_1=-0.002 cos_year_1=0.032
10:59:07 [INFO] Chain [1] start processing
10:59:07 [INFO] Chain [1] done processing
10:59:07 [INFO] ProphetWrapper fitted on 2911 rows — sin_year_1=-0.019 cos_year_1=0.070
10:59:07 [INFO] Chain [1] start processing
10:59:07 [INFO] Chain [1] done processing
10:59:07 [INFO] ProphetWrapper fitted on 2912 rows — sin_year_1=-0.010 cos_year_1=0.026
10:59:08 [INFO] Chain [1] start processing
10:59:08 [INFO] Chain [1] done processing
10:59:08 [INFO] ProphetWrapper fitted on 2922 rows — sin_year_1=-0.023 cos_year_1=0.069
10:59:08 [INFO] Chain [1] start processing
10:59:08 [INFO] Chain [1] done processing
10:59:08 [INFO] ProphetWrapper fitted on 2854 rows — sin_year_1=-0.015 cos_year_1=0.059
10:59:09 [INFO] Round 10 — test accuracy: 0.566  macro-F1: 0.496  (3561 samples)
10:59:09 [INFO] ProphetWrapper FEDAVG prophet_fedavg_geographic done. Final acc=0.566  Saved: results/e7_local_prophet/seeds/seed2017/e7_prophet_fedavg_geographic_fl_metrics.csv
10:59:09 [INFO] === E7 ProphetWrapper + FEDAVG — iid (max_train_years=None) ===
10:59:09 [INFO] ICA thresholds loaded: Q1=7.50 Q2=13.00 μg/m³
10:59:09 [INFO] Provinces loaded: ['Avila', 'Burgos', 'León', 'Palencia', 'Ponferrada', 'Salamanca', 'Segovia', 'Soria', 'Valladolid', 'Zamora']
10:59:09 [INFO] ProphetWrapper FEDAVG round 1/10
10:59:10 [INFO] Chain [1] start processing
10:59:10 [INFO] Chain [1] done processing
10:59:10 [INFO] ProphetWrapper fitted on 2851 rows — sin_year_1=-0.012 cos_year_1=0.038
10:59:10 [INFO] Chain [1] start processing
10:59:10 [INFO] Chain [1] done processing
10:59:10 [INFO] ProphetWrapper fitted on 2851 rows — sin_year_1=-0.012 cos_year_1=0.038
10:59:10 [INFO] Chain [1] start processing
10:59:11 [INFO] Chain [1] done processing
10:59:11 [INFO] ProphetWrapper fitted on 2851 rows — sin_year_1=-0.015 cos_year_1=0.043
10:59:11 [INFO] Chain [1] start processing
10:59:11 [INFO] Chain [1] done processing
10:59:11 [INFO] ProphetWrapper fitted on 2851 rows — sin_year_1=-0.015 cos_year_1=0.043
10:59:11 [INFO] Chain [1] start processing
10:59:11 [INFO] Chain [1] done processing
10:59:11 [INFO] ProphetWrapper fitted on 2851 rows — sin_year_1=-0.016 cos_year_1=0.039
10:59:11 [INFO] Chain [1] start processing
10:59:11 [INFO] Chain [1] done processing
10:59:11 [INFO] ProphetWrapper fitted on 2851 rows — sin_year_1=-0.013 cos_year_1=0.034
10:59:12 [INFO] Chain [1] start processing
10:59:12 [INFO] Chain [1] done processing
10:59:12 [INFO] ProphetWrapper fitted on 2851 rows — sin_year_1=-0.017 cos_year_1=0.049
10:59:12 [INFO] Chain [1] start processing
10:59:12 [INFO] Chain [1] done processing
10:59:12 [INFO] ProphetWrapper fitted on 2851 rows — sin_year_1=-0.011 cos_year_1=0.037
10:59:12 [INFO] Chain [1] start processing
10:59:13 [INFO] Chain [1] done processing
10:59:13 [INFO] ProphetWrapper fitted on 2851 rows — sin_year_1=-0.011 cos_year_1=0.041
10:59:13 [INFO] Chain [1] start processing
10:59:13 [INFO] Chain [1] done processing
10:59:13 [INFO] ProphetWrapper fitted on 2855 rows — sin_year_1=-0.012 cos_year_1=0.048
10:59:13 [INFO] Round 1 — test accuracy: 0.581  macro-F1: 0.357  (3580 samples)
10:59:13 [INFO] ProphetWrapper FEDAVG round 2/10
10:59:14 [INFO] Chain [1] start processing
10:59:14 [INFO] Chain [1] done processing
10:59:14 [INFO] ProphetWrapper fitted on 2851 rows — sin_year_1=-0.012 cos_year_1=0.038
10:59:14 [INFO] Chain [1] start processing
10:59:14 [INFO] Chain [1] done processing
10:59:14 [INFO] ProphetWrapper fitted on 2851 rows — sin_year_1=-0.013 cos_year_1=0.038
10:59:14 [INFO] Chain [1] start processing
10:59:14 [INFO] Chain [1] done processing
10:59:14 [INFO] ProphetWrapper fitted on 2851 rows — sin_year_1=-0.015 cos_year_1=0.043
10:59:15 [INFO] Chain [1] start processing
10:59:15 [INFO] Chain [1] done processing
10:59:15 [INFO] ProphetWrapper fitted on 2851 rows — sin_year_1=-0.014 cos_year_1=0.043
10:59:15 [INFO] Chain [1] start processing
10:59:15 [INFO] Chain [1] done processing
10:59:15 [INFO] ProphetWrapper fitted on 2851 rows — sin_year_1=-0.016 cos_year_1=0.039
10:59:15 [INFO] Chain [1] start processing
10:59:16 [INFO] Chain [1] done processing
10:59:16 [INFO] ProphetWrapper fitted on 2851 rows — sin_year_1=-0.013 cos_year_1=0.033
10:59:16 [INFO] Chain [1] start processing
10:59:16 [INFO] Chain [1] done processing
10:59:16 [INFO] ProphetWrapper fitted on 2851 rows — sin_year_1=-0.017 cos_year_1=0.049
10:59:16 [INFO] Chain [1] start processing
10:59:16 [INFO] Chain [1] done processing
10:59:16 [INFO] ProphetWrapper fitted on 2851 rows — sin_year_1=-0.011 cos_year_1=0.037
10:59:16 [INFO] Chain [1] start processing
10:59:16 [INFO] Chain [1] done processing
10:59:17 [INFO] ProphetWrapper fitted on 2851 rows — sin_year_1=-0.011 cos_year_1=0.041
10:59:17 [INFO] Chain [1] start processing
10:59:17 [INFO] Chain [1] done processing
10:59:17 [INFO] ProphetWrapper fitted on 2855 rows — sin_year_1=-0.011 cos_year_1=0.048
10:59:18 [INFO] Round 2 — test accuracy: 0.578  macro-F1: 0.356  (3580 samples)
10:59:18 [INFO] ProphetWrapper FEDAVG round 3/10
10:59:18 [INFO] Chain [1] start processing
10:59:18 [INFO] Chain [1] done processing
10:59:18 [INFO] ProphetWrapper fitted on 2851 rows — sin_year_1=-0.012 cos_year_1=0.038
10:59:18 [INFO] Chain [1] start processing
10:59:19 [INFO] Chain [1] done processing
10:59:19 [INFO] ProphetWrapper fitted on 2851 rows — sin_year_1=-0.012 cos_year_1=0.038
10:59:19 [INFO] Chain [1] start processing
10:59:19 [INFO] Chain [1] done processing
10:59:19 [INFO] ProphetWrapper fitted on 2851 rows — sin_year_1=-0.015 cos_year_1=0.043
10:59:19 [INFO] Chain [1] start processing
10:59:19 [INFO] Chain [1] done processing
10:59:19 [INFO] ProphetWrapper fitted on 2851 rows — sin_year_1=-0.014 cos_year_1=0.043
10:59:19 [INFO] Chain [1] start processing
10:59:20 [INFO] Chain [1] done processing
10:59:20 [INFO] ProphetWrapper fitted on 2851 rows — sin_year_1=-0.016 cos_year_1=0.039
10:59:20 [INFO] Chain [1] start processing
10:59:20 [INFO] Chain [1] done processing
10:59:20 [INFO] ProphetWrapper fitted on 2851 rows — sin_year_1=-0.013 cos_year_1=0.034
10:59:20 [INFO] Chain [1] start processing
10:59:20 [INFO] Chain [1] done processing
10:59:20 [INFO] ProphetWrapper fitted on 2851 rows — sin_year_1=-0.017 cos_year_1=0.049
10:59:20 [INFO] Chain [1] start processing
10:59:21 [INFO] Chain [1] done processing
10:59:21 [INFO] ProphetWrapper fitted on 2851 rows — sin_year_1=-0.011 cos_year_1=0.037
10:59:21 [INFO] Chain [1] start processing
10:59:21 [INFO] Chain [1] done processing
10:59:21 [INFO] ProphetWrapper fitted on 2851 rows — sin_year_1=-0.011 cos_year_1=0.041
10:59:21 [INFO] Chain [1] start processing
10:59:21 [INFO] Chain [1] done processing
10:59:21 [INFO] ProphetWrapper fitted on 2855 rows — sin_year_1=-0.011 cos_year_1=0.048
10:59:22 [INFO] Round 3 — test accuracy: 0.578  macro-F1: 0.357  (3580 samples)
10:59:22 [INFO] ProphetWrapper FEDAVG round 4/10
10:59:22 [INFO] Chain [1] start processing
10:59:22 [INFO] Chain [1] done processing
10:59:22 [INFO] ProphetWrapper fitted on 2851 rows — sin_year_1=-0.012 cos_year_1=0.038
10:59:23 [INFO] Chain [1] start processing
10:59:23 [INFO] Chain [1] done processing
10:59:23 [INFO] ProphetWrapper fitted on 2851 rows — sin_year_1=-0.012 cos_year_1=0.038
10:59:23 [INFO] Chain [1] start processing
10:59:23 [INFO] Chain [1] done processing
10:59:23 [INFO] ProphetWrapper fitted on 2851 rows — sin_year_1=-0.015 cos_year_1=0.043
10:59:23 [INFO] Chain [1] start processing
10:59:24 [INFO] Chain [1] done processing
10:59:24 [INFO] ProphetWrapper fitted on 2851 rows — sin_year_1=-0.014 cos_year_1=0.043
10:59:24 [INFO] Chain [1] start processing
10:59:24 [INFO] Chain [1] done processing
10:59:24 [INFO] ProphetWrapper fitted on 2851 rows — sin_year_1=-0.016 cos_year_1=0.039
10:59:24 [INFO] Chain [1] start processing
10:59:24 [INFO] Chain [1] done processing
10:59:24 [INFO] ProphetWrapper fitted on 2851 rows — sin_year_1=-0.013 cos_year_1=0.034
10:59:25 [INFO] Chain [1] start processing
10:59:25 [INFO] Chain [1] done processing
10:59:25 [INFO] ProphetWrapper fitted on 2851 rows — sin_year_1=-0.017 cos_year_1=0.049
10:59:25 [INFO] Chain [1] start processing
10:59:25 [INFO] Chain [1] done processing
10:59:25 [INFO] ProphetWrapper fitted on 2851 rows — sin_year_1=-0.012 cos_year_1=0.037
10:59:25 [INFO] Chain [1] start processing
10:59:26 [INFO] Chain [1] done processing
10:59:26 [INFO] ProphetWrapper fitted on 2851 rows — sin_year_1=-0.011 cos_year_1=0.041
10:59:26 [INFO] Chain [1] start processing
10:59:26 [INFO] Chain [1] done processing
10:59:26 [INFO] ProphetWrapper fitted on 2855 rows — sin_year_1=-0.011 cos_year_1=0.048
10:59:29 [INFO] Round 4 — test accuracy: 0.577  macro-F1: 0.355  (3580 samples)
10:59:29 [INFO] ProphetWrapper FEDAVG round 5/10
10:59:29 [INFO] Chain [1] start processing
10:59:29 [INFO] Chain [1] done processing
10:59:30 [INFO] ProphetWrapper fitted on 2851 rows — sin_year_1=-0.012 cos_year_1=0.038
10:59:30 [INFO] Chain [1] start processing
10:59:30 [INFO] Chain [1] done processing
10:59:30 [INFO] ProphetWrapper fitted on 2851 rows — sin_year_1=-0.012 cos_year_1=0.038
10:59:30 [INFO] Chain [1] start processing
10:59:30 [INFO] Chain [1] done processing
10:59:31 [INFO] ProphetWrapper fitted on 2851 rows — sin_year_1=-0.015 cos_year_1=0.043
10:59:31 [INFO] Chain [1] start processing
10:59:31 [INFO] Chain [1] done processing
10:59:31 [INFO] ProphetWrapper fitted on 2851 rows — sin_year_1=-0.014 cos_year_1=0.043
10:59:31 [INFO] Chain [1] start processing
10:59:31 [INFO] Chain [1] done processing
10:59:31 [INFO] ProphetWrapper fitted on 2851 rows — sin_year_1=-0.016 cos_year_1=0.039
10:59:31 [INFO] Chain [1] start processing
10:59:32 [INFO] Chain [1] done processing
10:59:32 [INFO] ProphetWrapper fitted on 2851 rows — sin_year_1=-0.013 cos_year_1=0.034
10:59:32 [INFO] Chain [1] start processing
10:59:32 [INFO] Chain [1] done processing
10:59:32 [INFO] ProphetWrapper fitted on 2851 rows — sin_year_1=-0.017 cos_year_1=0.049
10:59:32 [INFO] Chain [1] start processing
10:59:32 [INFO] Chain [1] done processing
10:59:32 [INFO] ProphetWrapper fitted on 2851 rows — sin_year_1=-0.011 cos_year_1=0.037
10:59:32 [INFO] Chain [1] start processing
10:59:33 [INFO] Chain [1] done processing
10:59:33 [INFO] ProphetWrapper fitted on 2851 rows — sin_year_1=-0.011 cos_year_1=0.041
10:59:33 [INFO] Chain [1] start processing
10:59:33 [INFO] Chain [1] done processing
10:59:37 [INFO] ProphetWrapper fitted on 2855 rows — sin_year_1=-0.012 cos_year_1=0.048
10:59:38 [INFO] Round 5 — test accuracy: 0.579  macro-F1: 0.357  (3580 samples)
10:59:38 [INFO] ProphetWrapper FEDAVG round 6/10
10:59:39 [INFO] Chain [1] start processing
10:59:39 [INFO] Chain [1] done processing
10:59:39 [INFO] ProphetWrapper fitted on 2851 rows — sin_year_1=-0.012 cos_year_1=0.038
10:59:39 [INFO] Chain [1] start processing
10:59:39 [INFO] Chain [1] done processing
10:59:39 [INFO] ProphetWrapper fitted on 2851 rows — sin_year_1=-0.012 cos_year_1=0.038
10:59:39 [INFO] Chain [1] start processing
10:59:40 [INFO] Chain [1] done processing
10:59:40 [INFO] ProphetWrapper fitted on 2851 rows — sin_year_1=-0.015 cos_year_1=0.043
10:59:40 [INFO] Chain [1] start processing
10:59:40 [INFO] Chain [1] done processing
10:59:40 [INFO] ProphetWrapper fitted on 2851 rows — sin_year_1=-0.014 cos_year_1=0.043
10:59:40 [INFO] Chain [1] start processing
10:59:41 [INFO] Chain [1] done processing
10:59:41 [INFO] ProphetWrapper fitted on 2851 rows — sin_year_1=-0.016 cos_year_1=0.039
10:59:41 [INFO] Chain [1] start processing
10:59:41 [INFO] Chain [1] done processing
10:59:41 [INFO] ProphetWrapper fitted on 2851 rows — sin_year_1=-0.013 cos_year_1=0.034
10:59:41 [INFO] Chain [1] start processing
10:59:41 [INFO] Chain [1] done processing
10:59:41 [INFO] ProphetWrapper fitted on 2851 rows — sin_year_1=-0.017 cos_year_1=0.049
10:59:41 [INFO] Chain [1] start processing
10:59:42 [INFO] Chain [1] done processing
10:59:42 [INFO] ProphetWrapper fitted on 2851 rows — sin_year_1=-0.011 cos_year_1=0.037
10:59:42 [INFO] Chain [1] start processing
10:59:42 [INFO] Chain [1] done processing
10:59:42 [INFO] ProphetWrapper fitted on 2851 rows — sin_year_1=-0.011 cos_year_1=0.041
10:59:42 [INFO] Chain [1] start processing
10:59:43 [INFO] Chain [1] done processing
10:59:43 [INFO] ProphetWrapper fitted on 2855 rows — sin_year_1=-0.011 cos_year_1=0.048
10:59:43 [INFO] Round 6 — test accuracy: 0.580  macro-F1: 0.357  (3580 samples)
10:59:43 [INFO] ProphetWrapper FEDAVG round 7/10
10:59:44 [INFO] Chain [1] start processing
10:59:44 [INFO] Chain [1] done processing
10:59:44 [INFO] ProphetWrapper fitted on 2851 rows — sin_year_1=-0.012 cos_year_1=0.038
10:59:44 [INFO] Chain [1] start processing
10:59:44 [INFO] Chain [1] done processing
10:59:44 [INFO] ProphetWrapper fitted on 2851 rows — sin_year_1=-0.013 cos_year_1=0.038
10:59:44 [INFO] Chain [1] start processing
10:59:44 [INFO] Chain [1] done processing
10:59:44 [INFO] ProphetWrapper fitted on 2851 rows — sin_year_1=-0.015 cos_year_1=0.043
10:59:45 [INFO] Chain [1] start processing
10:59:45 [INFO] Chain [1] done processing
10:59:45 [INFO] ProphetWrapper fitted on 2851 rows — sin_year_1=-0.015 cos_year_1=0.043
10:59:45 [INFO] Chain [1] start processing
10:59:45 [INFO] Chain [1] done processing
10:59:45 [INFO] ProphetWrapper fitted on 2851 rows — sin_year_1=-0.016 cos_year_1=0.039
10:59:46 [INFO] Chain [1] start processing
10:59:46 [INFO] Chain [1] done processing
10:59:46 [INFO] ProphetWrapper fitted on 2851 rows — sin_year_1=-0.013 cos_year_1=0.034
10:59:46 [INFO] Chain [1] start processing
10:59:46 [INFO] Chain [1] done processing
10:59:46 [INFO] ProphetWrapper fitted on 2851 rows — sin_year_1=-0.017 cos_year_1=0.049
10:59:46 [INFO] Chain [1] start processing
10:59:46 [INFO] Chain [1] done processing
10:59:46 [INFO] ProphetWrapper fitted on 2851 rows — sin_year_1=-0.011 cos_year_1=0.037
10:59:47 [INFO] Chain [1] start processing
10:59:47 [INFO] Chain [1] done processing
10:59:47 [INFO] ProphetWrapper fitted on 2851 rows — sin_year_1=-0.011 cos_year_1=0.041
10:59:47 [INFO] Chain [1] start processing
10:59:47 [INFO] Chain [1] done processing
10:59:47 [INFO] ProphetWrapper fitted on 2855 rows — sin_year_1=-0.011 cos_year_1=0.048
10:59:48 [INFO] Round 7 — test accuracy: 0.582  macro-F1: 0.358  (3580 samples)
10:59:48 [INFO] ProphetWrapper FEDAVG round 8/10
10:59:48 [INFO] Chain [1] start processing
10:59:48 [INFO] Chain [1] done processing
10:59:48 [INFO] ProphetWrapper fitted on 2851 rows — sin_year_1=-0.012 cos_year_1=0.038
10:59:49 [INFO] Chain [1] start processing
10:59:49 [INFO] Chain [1] done processing
10:59:49 [INFO] ProphetWrapper fitted on 2851 rows — sin_year_1=-0.012 cos_year_1=0.038
10:59:49 [INFO] Chain [1] start processing
10:59:49 [INFO] Chain [1] done processing
10:59:49 [INFO] ProphetWrapper fitted on 2851 rows — sin_year_1=-0.015 cos_year_1=0.043
10:59:49 [INFO] Chain [1] start processing
10:59:49 [INFO] Chain [1] done processing
10:59:49 [INFO] ProphetWrapper fitted on 2851 rows — sin_year_1=-0.014 cos_year_1=0.043
10:59:50 [INFO] Chain [1] start processing
10:59:50 [INFO] Chain [1] done processing
10:59:50 [INFO] ProphetWrapper fitted on 2851 rows — sin_year_1=-0.016 cos_year_1=0.039
10:59:50 [INFO] Chain [1] start processing
10:59:50 [INFO] Chain [1] done processing
10:59:50 [INFO] ProphetWrapper fitted on 2851 rows — sin_year_1=-0.013 cos_year_1=0.034
10:59:50 [INFO] Chain [1] start processing
10:59:50 [INFO] Chain [1] done processing
10:59:50 [INFO] ProphetWrapper fitted on 2851 rows — sin_year_1=-0.017 cos_year_1=0.049
10:59:51 [INFO] Chain [1] start processing
10:59:51 [INFO] Chain [1] done processing
10:59:51 [INFO] ProphetWrapper fitted on 2851 rows — sin_year_1=-0.011 cos_year_1=0.037
10:59:51 [INFO] Chain [1] start processing
10:59:51 [INFO] Chain [1] done processing
10:59:51 [INFO] ProphetWrapper fitted on 2851 rows — sin_year_1=-0.011 cos_year_1=0.041
10:59:51 [INFO] Chain [1] start processing
10:59:52 [INFO] Chain [1] done processing
10:59:52 [INFO] ProphetWrapper fitted on 2855 rows — sin_year_1=-0.011 cos_year_1=0.048
10:59:52 [INFO] Round 8 — test accuracy: 0.576  macro-F1: 0.356  (3580 samples)
10:59:52 [INFO] ProphetWrapper FEDAVG round 9/10
10:59:52 [INFO] Chain [1] start processing
10:59:53 [INFO] Chain [1] done processing
10:59:53 [INFO] ProphetWrapper fitted on 2851 rows — sin_year_1=-0.012 cos_year_1=0.038
10:59:53 [INFO] Chain [1] start processing
10:59:53 [INFO] Chain [1] done processing
10:59:53 [INFO] ProphetWrapper fitted on 2851 rows — sin_year_1=-0.013 cos_year_1=0.038
10:59:53 [INFO] Chain [1] start processing
10:59:53 [INFO] Chain [1] done processing
10:59:53 [INFO] ProphetWrapper fitted on 2851 rows — sin_year_1=-0.015 cos_year_1=0.043
10:59:54 [INFO] Chain [1] start processing
10:59:54 [INFO] Chain [1] done processing
10:59:54 [INFO] ProphetWrapper fitted on 2851 rows — sin_year_1=-0.014 cos_year_1=0.043
10:59:54 [INFO] Chain [1] start processing
10:59:54 [INFO] Chain [1] done processing
10:59:54 [INFO] ProphetWrapper fitted on 2851 rows — sin_year_1=-0.016 cos_year_1=0.039
10:59:54 [INFO] Chain [1] start processing
10:59:55 [INFO] Chain [1] done processing
10:59:55 [INFO] ProphetWrapper fitted on 2851 rows — sin_year_1=-0.013 cos_year_1=0.034
10:59:55 [INFO] Chain [1] start processing
10:59:55 [INFO] Chain [1] done processing
10:59:55 [INFO] ProphetWrapper fitted on 2851 rows — sin_year_1=-0.017 cos_year_1=0.049
10:59:55 [INFO] Chain [1] start processing
10:59:55 [INFO] Chain [1] done processing
10:59:55 [INFO] ProphetWrapper fitted on 2851 rows — sin_year_1=-0.011 cos_year_1=0.037
10:59:55 [INFO] Chain [1] start processing
10:59:56 [INFO] Chain [1] done processing
10:59:56 [INFO] ProphetWrapper fitted on 2851 rows — sin_year_1=-0.011 cos_year_1=0.041
10:59:56 [INFO] Chain [1] start processing
10:59:56 [INFO] Chain [1] done processing
10:59:56 [INFO] ProphetWrapper fitted on 2855 rows — sin_year_1=-0.011 cos_year_1=0.048
10:59:57 [INFO] Round 9 — test accuracy: 0.578  macro-F1: 0.356  (3580 samples)
10:59:57 [INFO] ProphetWrapper FEDAVG round 10/10
10:59:57 [INFO] Chain [1] start processing
10:59:57 [INFO] Chain [1] done processing
10:59:57 [INFO] ProphetWrapper fitted on 2851 rows — sin_year_1=-0.012 cos_year_1=0.038
10:59:57 [INFO] Chain [1] start processing
10:59:57 [INFO] Chain [1] done processing
10:59:57 [INFO] ProphetWrapper fitted on 2851 rows — sin_year_1=-0.012 cos_year_1=0.038
10:59:58 [INFO] Chain [1] start processing
10:59:58 [INFO] Chain [1] done processing
10:59:58 [INFO] ProphetWrapper fitted on 2851 rows — sin_year_1=-0.015 cos_year_1=0.043
10:59:58 [INFO] Chain [1] start processing
10:59:58 [INFO] Chain [1] done processing
10:59:58 [INFO] ProphetWrapper fitted on 2851 rows — sin_year_1=-0.014 cos_year_1=0.043
10:59:58 [INFO] Chain [1] start processing
10:59:59 [INFO] Chain [1] done processing
10:59:59 [INFO] ProphetWrapper fitted on 2851 rows — sin_year_1=-0.016 cos_year_1=0.039
10:59:59 [INFO] Chain [1] start processing
10:59:59 [INFO] Chain [1] done processing
10:59:59 [INFO] ProphetWrapper fitted on 2851 rows — sin_year_1=-0.013 cos_year_1=0.034
10:59:59 [INFO] Chain [1] start processing
11:00:00 [INFO] Chain [1] done processing
11:00:00 [INFO] ProphetWrapper fitted on 2851 rows — sin_year_1=-0.017 cos_year_1=0.049
11:00:00 [INFO] Chain [1] start processing
11:00:00 [INFO] Chain [1] done processing
11:00:00 [INFO] ProphetWrapper fitted on 2851 rows — sin_year_1=-0.011 cos_year_1=0.037
11:00:00 [INFO] Chain [1] start processing
11:00:01 [INFO] Chain [1] done processing
11:00:01 [INFO] ProphetWrapper fitted on 2851 rows — sin_year_1=-0.011 cos_year_1=0.041
11:00:01 [INFO] Chain [1] start processing
11:00:01 [INFO] Chain [1] done processing
11:00:01 [INFO] ProphetWrapper fitted on 2855 rows — sin_year_1=-0.011 cos_year_1=0.048
11:00:04 [INFO] Round 10 — test accuracy: 0.578  macro-F1: 0.356  (3580 samples)
11:00:04 [INFO] ProphetWrapper FEDAVG prophet_fedavg_iid done. Final acc=0.578  Saved: results/e7_local_prophet/seeds/seed2017/e7_prophet_fedavg_iid_fl_metrics.csv
11:00:04 [INFO] E7 summary saved: results/e7_local_prophet/seeds/e7_summary_seed2017.csv
11:00:04 [INFO] === E7 replicate master=3023 (dir=results/e7_local_prophet/seeds/seed3023) ===
11:00:04 [INFO] === E7 ProphetWrapper + FEDGAM — geographic (max_train_years=None) ===
11:00:04 [INFO] ICA thresholds loaded: Q1=7.50 Q2=13.00 μg/m³
11:00:04 [INFO] Provinces loaded: ['Avila', 'Burgos', 'León', 'Palencia', 'Ponferrada', 'Salamanca', 'Segovia', 'Soria', 'Valladolid', 'Zamora']
11:00:04 [INFO] ProphetWrapper FEDGAM round 1/10
11:00:05 [INFO] Chain [1] start processing
11:00:05 [INFO] Chain [1] done processing
11:00:05 [INFO] ProphetWrapper fitted on 2305 rows — sin_year_1=-0.002 cos_year_1=0.043
11:00:05 [INFO] Chain [1] start processing
11:00:05 [INFO] Chain [1] done processing
11:00:05 [INFO] ProphetWrapper fitted on 2922 rows — sin_year_1=0.006 cos_year_1=0.036
11:00:05 [INFO] Chain [1] start processing
11:00:05 [INFO] Chain [1] done processing
11:00:05 [INFO] ProphetWrapper fitted on 2922 rows — sin_year_1=-0.026 cos_year_1=0.039
11:00:06 [INFO] Chain [1] start processing
11:00:06 [INFO] Chain [1] done processing
11:00:09 [INFO] ProphetWrapper fitted on 2922 rows — sin_year_1=-0.019 cos_year_1=0.067
11:00:09 [INFO] Chain [1] start processing
11:00:09 [INFO] Chain [1] done processing
11:00:09 [INFO] ProphetWrapper fitted on 2922 rows — sin_year_1=-0.018 cos_year_1=0.028
11:00:09 [INFO] Chain [1] start processing
11:00:10 [INFO] Chain [1] done processing
11:00:10 [INFO] ProphetWrapper fitted on 2922 rows — sin_year_1=-0.003 cos_year_1=0.031
11:00:10 [INFO] Chain [1] start processing
11:00:10 [INFO] Chain [1] done processing
11:00:10 [INFO] ProphetWrapper fitted on 2911 rows — sin_year_1=-0.019 cos_year_1=0.070
11:00:10 [INFO] Chain [1] start processing
11:00:11 [INFO] Chain [1] done processing
11:00:11 [INFO] ProphetWrapper fitted on 2912 rows — sin_year_1=-0.010 cos_year_1=0.026
11:00:11 [INFO] Chain [1] start processing
11:00:11 [INFO] Chain [1] done processing
11:00:11 [INFO] ProphetWrapper fitted on 2922 rows — sin_year_1=-0.023 cos_year_1=0.069
11:00:11 [INFO] Chain [1] start processing
11:00:11 [INFO] Chain [1] done processing
11:00:11 [INFO] ProphetWrapper fitted on 2854 rows — sin_year_1=-0.015 cos_year_1=0.059
11:00:12 [INFO] Round 1 — test accuracy: 0.564  macro-F1: 0.493  (3561 samples)
11:00:12 [INFO] ProphetWrapper FEDGAM round 2/10
11:00:12 [INFO] Chain [1] start processing
11:00:12 [INFO] Chain [1] done processing
11:00:12 [INFO] ProphetWrapper fitted on 2305 rows — sin_year_1=-0.001 cos_year_1=0.043
11:00:12 [INFO] Chain [1] start processing
11:00:13 [INFO] Chain [1] done processing
11:00:13 [INFO] ProphetWrapper fitted on 2922 rows — sin_year_1=0.006 cos_year_1=0.036
11:00:13 [INFO] Chain [1] start processing
11:00:13 [INFO] Chain [1] done processing
11:00:13 [INFO] ProphetWrapper fitted on 2922 rows — sin_year_1=-0.026 cos_year_1=0.039
11:00:13 [INFO] Chain [1] start processing
11:00:13 [INFO] Chain [1] done processing
11:00:13 [INFO] ProphetWrapper fitted on 2922 rows — sin_year_1=-0.019 cos_year_1=0.067
11:00:14 [INFO] Chain [1] start processing
11:00:14 [INFO] Chain [1] done processing
11:00:14 [INFO] ProphetWrapper fitted on 2922 rows — sin_year_1=-0.018 cos_year_1=0.028
11:00:14 [INFO] Chain [1] start processing
11:00:14 [INFO] Chain [1] done processing
11:00:14 [INFO] ProphetWrapper fitted on 2922 rows — sin_year_1=-0.002 cos_year_1=0.032
11:00:14 [INFO] Chain [1] start processing
11:00:15 [INFO] Chain [1] done processing
11:00:15 [INFO] ProphetWrapper fitted on 2911 rows — sin_year_1=-0.019 cos_year_1=0.070
11:00:15 [INFO] Chain [1] start processing
11:00:15 [INFO] Chain [1] done processing
11:00:15 [INFO] ProphetWrapper fitted on 2912 rows — sin_year_1=-0.010 cos_year_1=0.026
11:00:15 [INFO] Chain [1] start processing
11:00:15 [INFO] Chain [1] done processing
11:00:15 [INFO] ProphetWrapper fitted on 2922 rows — sin_year_1=-0.023 cos_year_1=0.069
11:00:15 [INFO] Chain [1] start processing
11:00:16 [INFO] Chain [1] done processing
11:00:16 [INFO] ProphetWrapper fitted on 2854 rows — sin_year_1=-0.016 cos_year_1=0.059
11:00:16 [INFO] Round 2 — test accuracy: 0.564  macro-F1: 0.493  (3561 samples)
11:00:16 [INFO] ProphetWrapper FEDGAM round 3/10
11:00:16 [INFO] Chain [1] start processing
11:00:17 [INFO] Chain [1] done processing
11:00:17 [INFO] ProphetWrapper fitted on 2305 rows — sin_year_1=-0.001 cos_year_1=0.043
11:00:17 [INFO] Chain [1] start processing
11:00:17 [INFO] Chain [1] done processing
11:00:17 [INFO] ProphetWrapper fitted on 2922 rows — sin_year_1=0.006 cos_year_1=0.036
11:00:17 [INFO] Chain [1] start processing
11:00:17 [INFO] Chain [1] done processing
11:00:18 [INFO] ProphetWrapper fitted on 2922 rows — sin_year_1=-0.026 cos_year_1=0.039
11:00:18 [INFO] Chain [1] start processing
11:00:18 [INFO] Chain [1] done processing
11:00:18 [INFO] ProphetWrapper fitted on 2922 rows — sin_year_1=-0.019 cos_year_1=0.067
11:00:19 [INFO] Chain [1] start processing
11:00:19 [INFO] Chain [1] done processing
11:00:19 [INFO] ProphetWrapper fitted on 2922 rows — sin_year_1=-0.018 cos_year_1=0.028
11:00:19 [INFO] Chain [1] start processing
11:00:19 [INFO] Chain [1] done processing
11:00:19 [INFO] ProphetWrapper fitted on 2922 rows — sin_year_1=-0.002 cos_year_1=0.032
11:00:19 [INFO] Chain [1] start processing
11:00:19 [INFO] Chain [1] done processing
11:00:19 [INFO] ProphetWrapper fitted on 2911 rows — sin_year_1=-0.019 cos_year_1=0.070
11:00:19 [INFO] Chain [1] start processing
11:00:20 [INFO] Chain [1] done processing
11:00:20 [INFO] ProphetWrapper fitted on 2912 rows — sin_year_1=-0.010 cos_year_1=0.026
11:00:20 [INFO] Chain [1] start processing
11:00:20 [INFO] Chain [1] done processing
11:00:20 [INFO] ProphetWrapper fitted on 2922 rows — sin_year_1=-0.023 cos_year_1=0.069
11:00:20 [INFO] Chain [1] start processing
11:00:20 [INFO] Chain [1] done processing
11:00:20 [INFO] ProphetWrapper fitted on 2854 rows — sin_year_1=-0.015 cos_year_1=0.059
11:00:21 [INFO] Round 3 — test accuracy: 0.565  macro-F1: 0.496  (3561 samples)
11:00:21 [INFO] ProphetWrapper FEDGAM round 4/10
11:00:21 [INFO] Chain [1] start processing
11:00:21 [INFO] Chain [1] done processing
11:00:21 [INFO] ProphetWrapper fitted on 2305 rows — sin_year_1=-0.001 cos_year_1=0.043
11:00:22 [INFO] Chain [1] start processing
11:00:22 [INFO] Chain [1] done processing
11:00:22 [INFO] ProphetWrapper fitted on 2922 rows — sin_year_1=0.006 cos_year_1=0.036
11:00:22 [INFO] Chain [1] start processing
11:00:22 [INFO] Chain [1] done processing
11:00:22 [INFO] ProphetWrapper fitted on 2922 rows — sin_year_1=-0.026 cos_year_1=0.039
11:00:23 [INFO] Chain [1] start processing
11:00:23 [INFO] Chain [1] done processing
11:00:23 [INFO] ProphetWrapper fitted on 2922 rows — sin_year_1=-0.019 cos_year_1=0.067
11:00:23 [INFO] Chain [1] start processing
11:00:23 [INFO] Chain [1] done processing
11:00:23 [INFO] ProphetWrapper fitted on 2922 rows — sin_year_1=-0.018 cos_year_1=0.028
11:00:23 [INFO] Chain [1] start processing
11:00:23 [INFO] Chain [1] done processing
11:00:23 [INFO] ProphetWrapper fitted on 2922 rows — sin_year_1=-0.002 cos_year_1=0.032
11:00:24 [INFO] Chain [1] start processing
11:00:24 [INFO] Chain [1] done processing
11:00:24 [INFO] ProphetWrapper fitted on 2911 rows — sin_year_1=-0.019 cos_year_1=0.070
11:00:24 [INFO] Chain [1] start processing
11:00:24 [INFO] Chain [1] done processing
11:00:24 [INFO] ProphetWrapper fitted on 2912 rows — sin_year_1=-0.010 cos_year_1=0.026
11:00:24 [INFO] Chain [1] start processing
11:00:24 [INFO] Chain [1] done processing
11:00:24 [INFO] ProphetWrapper fitted on 2922 rows — sin_year_1=-0.023 cos_year_1=0.069
11:00:25 [INFO] Chain [1] start processing
11:00:25 [INFO] Chain [1] done processing
11:00:25 [INFO] ProphetWrapper fitted on 2854 rows — sin_year_1=-0.015 cos_year_1=0.059
11:00:26 [INFO] Round 4 — test accuracy: 0.567  macro-F1: 0.498  (3561 samples)
11:00:26 [INFO] ProphetWrapper FEDGAM round 5/10
11:00:26 [INFO] Chain [1] start processing
11:00:26 [INFO] Chain [1] done processing
11:00:26 [INFO] ProphetWrapper fitted on 2305 rows — sin_year_1=-0.001 cos_year_1=0.043
11:00:26 [INFO] Chain [1] start processing
11:00:26 [INFO] Chain [1] done processing
11:00:26 [INFO] ProphetWrapper fitted on 2922 rows — sin_year_1=0.006 cos_year_1=0.036
11:00:26 [INFO] Chain [1] start processing
11:00:26 [INFO] Chain [1] done processing
11:00:26 [INFO] ProphetWrapper fitted on 2922 rows — sin_year_1=-0.026 cos_year_1=0.039
11:00:27 [INFO] Chain [1] start processing
11:00:27 [INFO] Chain [1] done processing
11:00:27 [INFO] ProphetWrapper fitted on 2922 rows — sin_year_1=-0.019 cos_year_1=0.067
11:00:27 [INFO] Chain [1] start processing
11:00:27 [INFO] Chain [1] done processing
11:00:27 [INFO] ProphetWrapper fitted on 2922 rows — sin_year_1=-0.018 cos_year_1=0.028
11:00:27 [INFO] Chain [1] start processing
11:00:28 [INFO] Chain [1] done processing
11:00:28 [INFO] ProphetWrapper fitted on 2922 rows — sin_year_1=-0.003 cos_year_1=0.032
11:00:28 [INFO] Chain [1] start processing
11:00:28 [INFO] Chain [1] done processing
11:00:28 [INFO] ProphetWrapper fitted on 2911 rows — sin_year_1=-0.019 cos_year_1=0.070
11:00:29 [INFO] Chain [1] start processing
11:00:29 [INFO] Chain [1] done processing
11:00:29 [INFO] ProphetWrapper fitted on 2912 rows — sin_year_1=-0.010 cos_year_1=0.026
11:00:29 [INFO] Chain [1] start processing
11:00:29 [INFO] Chain [1] done processing
11:00:29 [INFO] ProphetWrapper fitted on 2922 rows — sin_year_1=-0.023 cos_year_1=0.069
11:00:29 [INFO] Chain [1] start processing
11:00:29 [INFO] Chain [1] done processing
11:00:29 [INFO] ProphetWrapper fitted on 2854 rows — sin_year_1=-0.015 cos_year_1=0.059
11:00:30 [INFO] Round 5 — test accuracy: 0.568  macro-F1: 0.497  (3561 samples)
11:00:30 [INFO] ProphetWrapper FEDGAM round 6/10
11:00:30 [INFO] Chain [1] start processing
11:00:30 [INFO] Chain [1] done processing
11:00:30 [INFO] ProphetWrapper fitted on 2305 rows — sin_year_1=-0.001 cos_year_1=0.043
11:00:31 [INFO] Chain [1] start processing
11:00:31 [INFO] Chain [1] done processing
11:00:31 [INFO] ProphetWrapper fitted on 2922 rows — sin_year_1=0.006 cos_year_1=0.036
11:00:31 [INFO] Chain [1] start processing
11:00:31 [INFO] Chain [1] done processing
11:00:31 [INFO] ProphetWrapper fitted on 2922 rows — sin_year_1=-0.026 cos_year_1=0.039
11:00:31 [INFO] Chain [1] start processing
11:00:32 [INFO] Chain [1] done processing
11:00:32 [INFO] ProphetWrapper fitted on 2922 rows — sin_year_1=-0.019 cos_year_1=0.067
11:00:32 [INFO] Chain [1] start processing
11:00:32 [INFO] Chain [1] done processing
11:00:32 [INFO] ProphetWrapper fitted on 2922 rows — sin_year_1=-0.018 cos_year_1=0.028
11:00:32 [INFO] Chain [1] start processing
11:00:32 [INFO] Chain [1] done processing
11:00:32 [INFO] ProphetWrapper fitted on 2922 rows — sin_year_1=-0.003 cos_year_1=0.032
11:00:32 [INFO] Chain [1] start processing
11:00:33 [INFO] Chain [1] done processing
11:00:33 [INFO] ProphetWrapper fitted on 2911 rows — sin_year_1=-0.019 cos_year_1=0.070
11:00:33 [INFO] Chain [1] start processing
11:00:33 [INFO] Chain [1] done processing
11:00:33 [INFO] ProphetWrapper fitted on 2912 rows — sin_year_1=-0.010 cos_year_1=0.026
11:00:33 [INFO] Chain [1] start processing
11:00:34 [INFO] Chain [1] done processing
11:00:34 [INFO] ProphetWrapper fitted on 2922 rows — sin_year_1=-0.023 cos_year_1=0.069
11:00:34 [INFO] Chain [1] start processing
11:00:34 [INFO] Chain [1] done processing
11:00:34 [INFO] ProphetWrapper fitted on 2854 rows — sin_year_1=-0.015 cos_year_1=0.059
11:00:35 [INFO] Round 6 — test accuracy: 0.568  macro-F1: 0.497  (3561 samples)
11:00:35 [INFO] ProphetWrapper FEDGAM round 7/10
11:00:35 [INFO] Chain [1] start processing
11:00:35 [INFO] Chain [1] done processing
11:00:35 [INFO] ProphetWrapper fitted on 2305 rows — sin_year_1=-0.002 cos_year_1=0.043
11:00:35 [INFO] Chain [1] start processing
11:00:35 [INFO] Chain [1] done processing
11:00:35 [INFO] ProphetWrapper fitted on 2922 rows — sin_year_1=0.006 cos_year_1=0.036
11:00:35 [INFO] Chain [1] start processing
11:00:35 [INFO] Chain [1] done processing
11:00:35 [INFO] ProphetWrapper fitted on 2922 rows — sin_year_1=-0.026 cos_year_1=0.039
11:00:36 [INFO] Chain [1] start processing
11:00:38 [INFO] Chain [1] done processing
11:00:38 [INFO] ProphetWrapper fitted on 2922 rows — sin_year_1=-0.019 cos_year_1=0.067
11:00:38 [INFO] Chain [1] start processing
11:00:38 [INFO] Chain [1] done processing
11:00:38 [INFO] ProphetWrapper fitted on 2922 rows — sin_year_1=-0.018 cos_year_1=0.028
11:00:39 [INFO] Chain [1] start processing
11:00:39 [INFO] Chain [1] done processing
11:00:39 [INFO] ProphetWrapper fitted on 2922 rows — sin_year_1=-0.003 cos_year_1=0.032
11:00:39 [INFO] Chain [1] start processing
11:00:39 [INFO] Chain [1] done processing
11:00:39 [INFO] ProphetWrapper fitted on 2911 rows — sin_year_1=-0.019 cos_year_1=0.070
11:00:39 [INFO] Chain [1] start processing
11:00:39 [INFO] Chain [1] done processing
11:00:39 [INFO] ProphetWrapper fitted on 2912 rows — sin_year_1=-0.010 cos_year_1=0.026
11:00:39 [INFO] Chain [1] start processing
11:00:40 [INFO] Chain [1] done processing
11:00:40 [INFO] ProphetWrapper fitted on 2922 rows — sin_year_1=-0.023 cos_year_1=0.069
11:00:40 [INFO] Chain [1] start processing
11:00:40 [INFO] Chain [1] done processing
11:00:40 [INFO] ProphetWrapper fitted on 2854 rows — sin_year_1=-0.015 cos_year_1=0.059
11:00:41 [INFO] Round 7 — test accuracy: 0.568  macro-F1: 0.498  (3561 samples)
11:00:41 [INFO] ProphetWrapper FEDGAM round 8/10
11:00:41 [INFO] Chain [1] start processing
11:00:41 [INFO] Chain [1] done processing
11:00:41 [INFO] ProphetWrapper fitted on 2305 rows — sin_year_1=-0.001 cos_year_1=0.043
11:00:41 [INFO] Chain [1] start processing
11:00:41 [INFO] Chain [1] done processing
11:00:41 [INFO] ProphetWrapper fitted on 2922 rows — sin_year_1=0.006 cos_year_1=0.036
11:00:41 [INFO] Chain [1] start processing
11:00:41 [INFO] Chain [1] done processing
11:00:41 [INFO] ProphetWrapper fitted on 2922 rows — sin_year_1=-0.026 cos_year_1=0.039
11:00:42 [INFO] Chain [1] start processing
11:00:42 [INFO] Chain [1] done processing
11:00:42 [INFO] ProphetWrapper fitted on 2922 rows — sin_year_1=-0.019 cos_year_1=0.067
11:00:42 [INFO] Chain [1] start processing
11:00:42 [INFO] Chain [1] done processing
11:00:42 [INFO] ProphetWrapper fitted on 2922 rows — sin_year_1=-0.018 cos_year_1=0.028
11:00:42 [INFO] Chain [1] start processing
11:00:42 [INFO] Chain [1] done processing
11:00:43 [INFO] ProphetWrapper fitted on 2922 rows — sin_year_1=-0.002 cos_year_1=0.032
11:00:43 [INFO] Chain [1] start processing
11:00:43 [INFO] Chain [1] done processing
11:00:43 [INFO] ProphetWrapper fitted on 2911 rows — sin_year_1=-0.019 cos_year_1=0.070
11:00:43 [INFO] Chain [1] start processing
11:00:43 [INFO] Chain [1] done processing
11:00:43 [INFO] ProphetWrapper fitted on 2912 rows — sin_year_1=-0.010 cos_year_1=0.026
11:00:43 [INFO] Chain [1] start processing
11:00:44 [INFO] Chain [1] done processing
11:00:44 [INFO] ProphetWrapper fitted on 2922 rows — sin_year_1=-0.023 cos_year_1=0.069
11:00:44 [INFO] Chain [1] start processing
11:00:44 [INFO] Chain [1] done processing
11:00:44 [INFO] ProphetWrapper fitted on 2854 rows — sin_year_1=-0.015 cos_year_1=0.059
11:00:45 [INFO] Round 8 — test accuracy: 0.566  macro-F1: 0.497  (3561 samples)
11:00:45 [INFO] ProphetWrapper FEDGAM round 9/10
11:00:45 [INFO] Chain [1] start processing
11:00:45 [INFO] Chain [1] done processing
11:00:45 [INFO] ProphetWrapper fitted on 2305 rows — sin_year_1=-0.001 cos_year_1=0.043
11:00:45 [INFO] Chain [1] start processing
11:00:46 [INFO] Chain [1] done processing
11:00:46 [INFO] ProphetWrapper fitted on 2922 rows — sin_year_1=0.006 cos_year_1=0.036
11:00:46 [INFO] Chain [1] start processing
11:00:46 [INFO] Chain [1] done processing
11:00:46 [INFO] ProphetWrapper fitted on 2922 rows — sin_year_1=-0.026 cos_year_1=0.039
11:00:46 [INFO] Chain [1] start processing
11:00:47 [INFO] Chain [1] done processing
11:00:47 [INFO] ProphetWrapper fitted on 2922 rows — sin_year_1=-0.019 cos_year_1=0.067
11:00:47 [INFO] Chain [1] start processing
11:00:47 [INFO] Chain [1] done processing
11:00:47 [INFO] ProphetWrapper fitted on 2922 rows — sin_year_1=-0.018 cos_year_1=0.028
11:00:47 [INFO] Chain [1] start processing
11:00:47 [INFO] Chain [1] done processing
11:00:47 [INFO] ProphetWrapper fitted on 2922 rows — sin_year_1=-0.002 cos_year_1=0.032
11:00:47 [INFO] Chain [1] start processing
11:00:48 [INFO] Chain [1] done processing
11:00:48 [INFO] ProphetWrapper fitted on 2911 rows — sin_year_1=-0.019 cos_year_1=0.070
11:00:48 [INFO] Chain [1] start processing
11:00:48 [INFO] Chain [1] done processing
11:00:48 [INFO] ProphetWrapper fitted on 2912 rows — sin_year_1=-0.010 cos_year_1=0.026
11:00:48 [INFO] Chain [1] start processing
11:00:48 [INFO] Chain [1] done processing
11:00:48 [INFO] ProphetWrapper fitted on 2922 rows — sin_year_1=-0.023 cos_year_1=0.069
11:00:48 [INFO] Chain [1] start processing
11:00:49 [INFO] Chain [1] done processing
11:00:49 [INFO] ProphetWrapper fitted on 2854 rows — sin_year_1=-0.015 cos_year_1=0.059
11:00:49 [INFO] Round 9 — test accuracy: 0.569  macro-F1: 0.500  (3561 samples)
11:00:49 [INFO] ProphetWrapper FEDGAM round 10/10
11:00:49 [INFO] Chain [1] start processing
11:00:50 [INFO] Chain [1] done processing
11:00:50 [INFO] ProphetWrapper fitted on 2305 rows — sin_year_1=-0.001 cos_year_1=0.043
11:00:50 [INFO] Chain [1] start processing
11:00:50 [INFO] Chain [1] done processing
11:00:50 [INFO] ProphetWrapper fitted on 2922 rows — sin_year_1=0.006 cos_year_1=0.036
11:00:50 [INFO] Chain [1] start processing
11:00:50 [INFO] Chain [1] done processing
11:00:50 [INFO] ProphetWrapper fitted on 2922 rows — sin_year_1=-0.026 cos_year_1=0.039
11:00:51 [INFO] Chain [1] start processing
11:00:51 [INFO] Chain [1] done processing
11:00:51 [INFO] ProphetWrapper fitted on 2922 rows — sin_year_1=-0.019 cos_year_1=0.067
11:00:51 [INFO] Chain [1] start processing
11:00:51 [INFO] Chain [1] done processing
11:00:51 [INFO] ProphetWrapper fitted on 2922 rows — sin_year_1=-0.018 cos_year_1=0.028
11:00:51 [INFO] Chain [1] start processing
11:00:52 [INFO] Chain [1] done processing
11:00:52 [INFO] ProphetWrapper fitted on 2922 rows — sin_year_1=-0.003 cos_year_1=0.032
11:00:52 [INFO] Chain [1] start processing
11:00:52 [INFO] Chain [1] done processing
11:00:52 [INFO] ProphetWrapper fitted on 2911 rows — sin_year_1=-0.019 cos_year_1=0.070
11:00:52 [INFO] Chain [1] start processing
11:00:53 [INFO] Chain [1] done processing
11:00:53 [INFO] ProphetWrapper fitted on 2912 rows — sin_year_1=-0.010 cos_year_1=0.026
11:00:53 [INFO] Chain [1] start processing
11:00:53 [INFO] Chain [1] done processing
11:00:53 [INFO] ProphetWrapper fitted on 2922 rows — sin_year_1=-0.023 cos_year_1=0.069
11:00:53 [INFO] Chain [1] start processing
11:00:54 [INFO] Chain [1] done processing
11:00:54 [INFO] ProphetWrapper fitted on 2854 rows — sin_year_1=-0.015 cos_year_1=0.059
11:00:54 [INFO] Round 10 — test accuracy: 0.568  macro-F1: 0.498  (3561 samples)
11:00:54 [INFO] ProphetWrapper FEDGAM prophet_fedgam_geographic done. Final acc=0.568  Saved: results/e7_local_prophet/seeds/seed3023/e7_prophet_fedgam_geographic_fl_metrics.csv
11:00:54 [INFO] === E7 ProphetWrapper + FEDGAM — iid (max_train_years=None) ===
11:00:54 [INFO] ICA thresholds loaded: Q1=7.50 Q2=13.00 μg/m³
11:00:55 [INFO] Provinces loaded: ['Avila', 'Burgos', 'León', 'Palencia', 'Ponferrada', 'Salamanca', 'Segovia', 'Soria', 'Valladolid', 'Zamora']
11:00:55 [INFO] ProphetWrapper FEDGAM round 1/10
11:00:55 [INFO] Chain [1] start processing
11:00:55 [INFO] Chain [1] done processing
11:00:55 [INFO] ProphetWrapper fitted on 2851 rows — sin_year_1=-0.017 cos_year_1=0.046
11:00:55 [INFO] Chain [1] start processing
11:00:56 [INFO] Chain [1] done processing
11:00:56 [INFO] ProphetWrapper fitted on 2851 rows — sin_year_1=-0.013 cos_year_1=0.041
11:00:56 [INFO] Chain [1] start processing
11:00:56 [INFO] Chain [1] done processing
11:00:56 [INFO] ProphetWrapper fitted on 2851 rows — sin_year_1=-0.010 cos_year_1=0.036
11:00:56 [INFO] Chain [1] start processing
11:00:57 [INFO] Chain [1] done processing
11:00:57 [INFO] ProphetWrapper fitted on 2851 rows — sin_year_1=-0.020 cos_year_1=0.041
11:00:57 [INFO] Chain [1] start processing
11:00:57 [INFO] Chain [1] done processing
11:00:57 [INFO] ProphetWrapper fitted on 2851 rows — sin_year_1=-0.006 cos_year_1=0.032
11:00:57 [INFO] Chain [1] start processing
11:00:57 [INFO] Chain [1] done processing
11:00:57 [INFO] ProphetWrapper fitted on 2851 rows — sin_year_1=-0.014 cos_year_1=0.048
11:00:57 [INFO] Chain [1] start processing
11:00:58 [INFO] Chain [1] done processing
11:00:58 [INFO] ProphetWrapper fitted on 2851 rows — sin_year_1=-0.017 cos_year_1=0.046
11:00:58 [INFO] Chain [1] start processing
11:00:58 [INFO] Chain [1] done processing
11:00:58 [INFO] ProphetWrapper fitted on 2851 rows — sin_year_1=-0.012 cos_year_1=0.037
11:00:58 [INFO] Chain [1] start processing
11:00:58 [INFO] Chain [1] done processing
11:00:58 [INFO] ProphetWrapper fitted on 2851 rows — sin_year_1=-0.020 cos_year_1=0.039
11:00:58 [INFO] Chain [1] start processing
11:00:59 [INFO] Chain [1] done processing
11:00:59 [INFO] ProphetWrapper fitted on 2855 rows — sin_year_1=-0.007 cos_year_1=0.044
11:00:59 [INFO] Round 1 — test accuracy: 0.582  macro-F1: 0.354  (3580 samples)
11:00:59 [INFO] ProphetWrapper FEDGAM round 2/10
11:00:59 [INFO] Chain [1] start processing
11:01:00 [INFO] Chain [1] done processing
11:01:00 [INFO] ProphetWrapper fitted on 2851 rows — sin_year_1=-0.017 cos_year_1=0.046
11:01:00 [INFO] Chain [1] start processing
11:01:00 [INFO] Chain [1] done processing
11:01:00 [INFO] ProphetWrapper fitted on 2851 rows — sin_year_1=-0.013 cos_year_1=0.041
11:01:00 [INFO] Chain [1] start processing
11:01:00 [INFO] Chain [1] done processing
11:01:00 [INFO] ProphetWrapper fitted on 2851 rows — sin_year_1=-0.010 cos_year_1=0.036
11:01:01 [INFO] Chain [1] start processing
11:01:01 [INFO] Chain [1] done processing
11:01:01 [INFO] ProphetWrapper fitted on 2851 rows — sin_year_1=-0.019 cos_year_1=0.041
11:01:01 [INFO] Chain [1] start processing
11:01:01 [INFO] Chain [1] done processing
11:01:01 [INFO] ProphetWrapper fitted on 2851 rows — sin_year_1=-0.006 cos_year_1=0.032
11:01:01 [INFO] Chain [1] start processing
11:01:02 [INFO] Chain [1] done processing
11:01:02 [INFO] ProphetWrapper fitted on 2851 rows — sin_year_1=-0.014 cos_year_1=0.047
11:01:02 [INFO] Chain [1] start processing
11:01:02 [INFO] Chain [1] done processing
11:01:02 [INFO] ProphetWrapper fitted on 2851 rows — sin_year_1=-0.017 cos_year_1=0.046
11:01:02 [INFO] Chain [1] start processing
11:01:02 [INFO] Chain [1] done processing
11:01:02 [INFO] ProphetWrapper fitted on 2851 rows — sin_year_1=-0.012 cos_year_1=0.037
11:01:02 [INFO] Chain [1] start processing
11:01:03 [INFO] Chain [1] done processing
11:01:03 [INFO] ProphetWrapper fitted on 2851 rows — sin_year_1=-0.019 cos_year_1=0.039
11:01:03 [INFO] Chain [1] start processing
11:01:03 [INFO] Chain [1] done processing
11:01:03 [INFO] ProphetWrapper fitted on 2855 rows — sin_year_1=-0.007 cos_year_1=0.044
11:01:03 [INFO] Round 2 — test accuracy: 0.580  macro-F1: 0.353  (3580 samples)
11:01:03 [INFO] ProphetWrapper FEDGAM round 3/10
11:01:04 [INFO] Chain [1] start processing
11:01:04 [INFO] Chain [1] done processing
11:01:04 [INFO] ProphetWrapper fitted on 2851 rows — sin_year_1=-0.017 cos_year_1=0.046
11:01:04 [INFO] Chain [1] start processing
11:01:04 [INFO] Chain [1] done processing
11:01:04 [INFO] ProphetWrapper fitted on 2851 rows — sin_year_1=-0.013 cos_year_1=0.041
11:01:04 [INFO] Chain [1] start processing
11:01:05 [INFO] Chain [1] done processing
11:01:05 [INFO] ProphetWrapper fitted on 2851 rows — sin_year_1=-0.010 cos_year_1=0.036
11:01:05 [INFO] Chain [1] start processing
11:01:05 [INFO] Chain [1] done processing
11:01:05 [INFO] ProphetWrapper fitted on 2851 rows — sin_year_1=-0.019 cos_year_1=0.041
11:01:05 [INFO] Chain [1] start processing
11:01:05 [INFO] Chain [1] done processing
11:01:05 [INFO] ProphetWrapper fitted on 2851 rows — sin_year_1=-0.006 cos_year_1=0.032
11:01:06 [INFO] Chain [1] start processing
11:01:06 [INFO] Chain [1] done processing
11:01:06 [INFO] ProphetWrapper fitted on 2851 rows — sin_year_1=-0.014 cos_year_1=0.047
11:01:06 [INFO] Chain [1] start processing
11:01:06 [INFO] Chain [1] done processing
11:01:06 [INFO] ProphetWrapper fitted on 2851 rows — sin_year_1=-0.017 cos_year_1=0.046
11:01:06 [INFO] Chain [1] start processing
11:01:07 [INFO] Chain [1] done processing
11:01:07 [INFO] ProphetWrapper fitted on 2851 rows — sin_year_1=-0.012 cos_year_1=0.037
11:01:07 [INFO] Chain [1] start processing
11:01:07 [INFO] Chain [1] done processing
11:01:07 [INFO] ProphetWrapper fitted on 2851 rows — sin_year_1=-0.019 cos_year_1=0.039
11:01:07 [INFO] Chain [1] start processing
11:01:07 [INFO] Chain [1] done processing
11:01:07 [INFO] ProphetWrapper fitted on 2855 rows — sin_year_1=-0.007 cos_year_1=0.044
11:01:08 [INFO] Round 3 — test accuracy: 0.580  macro-F1: 0.354  (3580 samples)
11:01:08 [INFO] ProphetWrapper FEDGAM round 4/10
11:01:08 [INFO] Chain [1] start processing
11:01:08 [INFO] Chain [1] done processing
11:01:08 [INFO] ProphetWrapper fitted on 2851 rows — sin_year_1=-0.017 cos_year_1=0.046
11:01:08 [INFO] Chain [1] start processing
11:01:09 [INFO] Chain [1] done processing
11:01:09 [INFO] ProphetWrapper fitted on 2851 rows — sin_year_1=-0.013 cos_year_1=0.041
11:01:09 [INFO] Chain [1] start processing
11:01:09 [INFO] Chain [1] done processing
11:01:09 [INFO] ProphetWrapper fitted on 2851 rows — sin_year_1=-0.010 cos_year_1=0.036
11:01:09 [INFO] Chain [1] start processing
11:01:09 [INFO] Chain [1] done processing
11:01:09 [INFO] ProphetWrapper fitted on 2851 rows — sin_year_1=-0.019 cos_year_1=0.041
11:01:10 [INFO] Chain [1] start processing
11:01:10 [INFO] Chain [1] done processing
11:01:10 [INFO] ProphetWrapper fitted on 2851 rows — sin_year_1=-0.006 cos_year_1=0.032
11:01:10 [INFO] Chain [1] start processing
11:01:10 [INFO] Chain [1] done processing
11:01:10 [INFO] ProphetWrapper fitted on 2851 rows — sin_year_1=-0.014 cos_year_1=0.047
11:01:13 [INFO] Chain [1] start processing
11:01:13 [INFO] Chain [1] done processing
11:01:13 [INFO] ProphetWrapper fitted on 2851 rows — sin_year_1=-0.017 cos_year_1=0.046
11:01:13 [INFO] Chain [1] start processing
11:01:13 [INFO] Chain [1] done processing
11:01:13 [INFO] ProphetWrapper fitted on 2851 rows — sin_year_1=-0.012 cos_year_1=0.037
11:01:13 [INFO] Chain [1] start processing
11:01:13 [INFO] Chain [1] done processing
11:01:13 [INFO] ProphetWrapper fitted on 2851 rows — sin_year_1=-0.019 cos_year_1=0.039
11:01:13 [INFO] Chain [1] start processing
11:01:14 [INFO] Chain [1] done processing
11:01:14 [INFO] ProphetWrapper fitted on 2855 rows — sin_year_1=-0.007 cos_year_1=0.044
11:01:14 [INFO] Round 4 — test accuracy: 0.580  macro-F1: 0.353  (3580 samples)
11:01:14 [INFO] ProphetWrapper FEDGAM round 5/10
11:01:14 [INFO] Chain [1] start processing
11:01:15 [INFO] Chain [1] done processing
11:01:15 [INFO] ProphetWrapper fitted on 2851 rows — sin_year_1=-0.017 cos_year_1=0.046
11:01:15 [INFO] Chain [1] start processing
11:01:15 [INFO] Chain [1] done processing
11:01:15 [INFO] ProphetWrapper fitted on 2851 rows — sin_year_1=-0.013 cos_year_1=0.041
11:01:15 [INFO] Chain [1] start processing
11:01:15 [INFO] Chain [1] done processing
11:01:15 [INFO] ProphetWrapper fitted on 2851 rows — sin_year_1=-0.010 cos_year_1=0.036
11:01:15 [INFO] Chain [1] start processing
11:01:16 [INFO] Chain [1] done processing
11:01:16 [INFO] ProphetWrapper fitted on 2851 rows — sin_year_1=-0.019 cos_year_1=0.041
11:01:16 [INFO] Chain [1] start processing
11:01:16 [INFO] Chain [1] done processing
11:01:16 [INFO] ProphetWrapper fitted on 2851 rows — sin_year_1=-0.006 cos_year_1=0.032
11:01:16 [INFO] Chain [1] start processing
11:01:16 [INFO] Chain [1] done processing
11:01:16 [INFO] ProphetWrapper fitted on 2851 rows — sin_year_1=-0.014 cos_year_1=0.047
11:01:16 [INFO] Chain [1] start processing
11:01:17 [INFO] Chain [1] done processing
11:01:17 [INFO] ProphetWrapper fitted on 2851 rows — sin_year_1=-0.017 cos_year_1=0.046
11:01:17 [INFO] Chain [1] start processing
11:01:17 [INFO] Chain [1] done processing
11:01:17 [INFO] ProphetWrapper fitted on 2851 rows — sin_year_1=-0.012 cos_year_1=0.037
11:01:17 [INFO] Chain [1] start processing
11:01:17 [INFO] Chain [1] done processing
11:01:17 [INFO] ProphetWrapper fitted on 2851 rows — sin_year_1=-0.019 cos_year_1=0.039
11:01:18 [INFO] Chain [1] start processing
11:01:18 [INFO] Chain [1] done processing
11:01:18 [INFO] ProphetWrapper fitted on 2855 rows — sin_year_1=-0.007 cos_year_1=0.044
11:01:18 [INFO] Round 5 — test accuracy: 0.579  macro-F1: 0.353  (3580 samples)
11:01:18 [INFO] ProphetWrapper FEDGAM round 6/10
11:01:19 [INFO] Chain [1] start processing
11:01:19 [INFO] Chain [1] done processing
11:01:19 [INFO] ProphetWrapper fitted on 2851 rows — sin_year_1=-0.017 cos_year_1=0.046
11:01:19 [INFO] Chain [1] start processing
11:01:19 [INFO] Chain [1] done processing
11:01:19 [INFO] ProphetWrapper fitted on 2851 rows — sin_year_1=-0.013 cos_year_1=0.041
11:01:19 [INFO] Chain [1] start processing
11:01:19 [INFO] Chain [1] done processing
11:01:19 [INFO] ProphetWrapper fitted on 2851 rows — sin_year_1=-0.010 cos_year_1=0.036
11:01:19 [INFO] Chain [1] start processing
11:01:20 [INFO] Chain [1] done processing
11:01:20 [INFO] ProphetWrapper fitted on 2851 rows — sin_year_1=-0.020 cos_year_1=0.041
11:01:20 [INFO] Chain [1] start processing
11:01:20 [INFO] Chain [1] done processing
11:01:20 [INFO] ProphetWrapper fitted on 2851 rows — sin_year_1=-0.006 cos_year_1=0.032
11:01:20 [INFO] Chain [1] start processing
11:01:20 [INFO] Chain [1] done processing
11:01:20 [INFO] ProphetWrapper fitted on 2851 rows — sin_year_1=-0.014 cos_year_1=0.047
11:01:20 [INFO] Chain [1] start processing
11:01:21 [INFO] Chain [1] done processing
11:01:21 [INFO] ProphetWrapper fitted on 2851 rows — sin_year_1=-0.017 cos_year_1=0.046
11:01:21 [INFO] Chain [1] start processing
11:01:21 [INFO] Chain [1] done processing
11:01:21 [INFO] ProphetWrapper fitted on 2851 rows — sin_year_1=-0.012 cos_year_1=0.037
11:01:21 [INFO] Chain [1] start processing
11:01:21 [INFO] Chain [1] done processing
11:01:21 [INFO] ProphetWrapper fitted on 2851 rows — sin_year_1=-0.019 cos_year_1=0.039
11:01:21 [INFO] Chain [1] start processing
11:01:22 [INFO] Chain [1] done processing
11:01:22 [INFO] ProphetWrapper fitted on 2855 rows — sin_year_1=-0.007 cos_year_1=0.044
11:01:22 [INFO] Round 6 — test accuracy: 0.582  macro-F1: 0.355  (3580 samples)
11:01:22 [INFO] ProphetWrapper FEDGAM round 7/10
11:01:22 [INFO] Chain [1] start processing
11:01:23 [INFO] Chain [1] done processing
11:01:23 [INFO] ProphetWrapper fitted on 2851 rows — sin_year_1=-0.017 cos_year_1=0.046
11:01:23 [INFO] Chain [1] start processing
11:01:23 [INFO] Chain [1] done processing
11:01:23 [INFO] ProphetWrapper fitted on 2851 rows — sin_year_1=-0.013 cos_year_1=0.041
11:01:23 [INFO] Chain [1] start processing
11:01:23 [INFO] Chain [1] done processing
11:01:23 [INFO] ProphetWrapper fitted on 2851 rows — sin_year_1=-0.010 cos_year_1=0.036
11:01:23 [INFO] Chain [1] start processing
11:01:23 [INFO] Chain [1] done processing
11:01:23 [INFO] ProphetWrapper fitted on 2851 rows — sin_year_1=-0.019 cos_year_1=0.041
11:01:24 [INFO] Chain [1] start processing
11:01:24 [INFO] Chain [1] done processing
11:01:24 [INFO] ProphetWrapper fitted on 2851 rows — sin_year_1=-0.006 cos_year_1=0.032
11:01:24 [INFO] Chain [1] start processing
11:01:24 [INFO] Chain [1] done processing
11:01:24 [INFO] ProphetWrapper fitted on 2851 rows — sin_year_1=-0.014 cos_year_1=0.047
11:01:24 [INFO] Chain [1] start processing
11:01:25 [INFO] Chain [1] done processing
11:01:25 [INFO] ProphetWrapper fitted on 2851 rows — sin_year_1=-0.017 cos_year_1=0.046
11:01:25 [INFO] Chain [1] start processing
11:01:25 [INFO] Chain [1] done processing
11:01:25 [INFO] ProphetWrapper fitted on 2851 rows — sin_year_1=-0.012 cos_year_1=0.037
11:01:25 [INFO] Chain [1] start processing
11:01:25 [INFO] Chain [1] done processing
11:01:25 [INFO] ProphetWrapper fitted on 2851 rows — sin_year_1=-0.019 cos_year_1=0.039
11:01:25 [INFO] Chain [1] start processing
11:01:25 [INFO] Chain [1] done processing
11:01:25 [INFO] ProphetWrapper fitted on 2855 rows — sin_year_1=-0.007 cos_year_1=0.044
11:01:26 [INFO] Round 7 — test accuracy: 0.579  macro-F1: 0.353  (3580 samples)
11:01:26 [INFO] ProphetWrapper FEDGAM round 8/10
11:01:26 [INFO] Chain [1] start processing
11:01:26 [INFO] Chain [1] done processing
11:01:26 [INFO] ProphetWrapper fitted on 2851 rows — sin_year_1=-0.017 cos_year_1=0.046
11:01:27 [INFO] Chain [1] start processing
11:01:27 [INFO] Chain [1] done processing
11:01:27 [INFO] ProphetWrapper fitted on 2851 rows — sin_year_1=-0.013 cos_year_1=0.041
11:01:27 [INFO] Chain [1] start processing
11:01:27 [INFO] Chain [1] done processing
11:01:27 [INFO] ProphetWrapper fitted on 2851 rows — sin_year_1=-0.010 cos_year_1=0.036
11:01:27 [INFO] Chain [1] start processing
11:01:27 [INFO] Chain [1] done processing
11:01:27 [INFO] ProphetWrapper fitted on 2851 rows — sin_year_1=-0.019 cos_year_1=0.041
11:01:28 [INFO] Chain [1] start processing
11:01:28 [INFO] Chain [1] done processing
11:01:28 [INFO] ProphetWrapper fitted on 2851 rows — sin_year_1=-0.006 cos_year_1=0.032
11:01:28 [INFO] Chain [1] start processing
11:01:28 [INFO] Chain [1] done processing
11:01:28 [INFO] ProphetWrapper fitted on 2851 rows — sin_year_1=-0.014 cos_year_1=0.047
11:01:28 [INFO] Chain [1] start processing
11:01:28 [INFO] Chain [1] done processing
11:01:28 [INFO] ProphetWrapper fitted on 2851 rows — sin_year_1=-0.017 cos_year_1=0.046
11:01:29 [INFO] Chain [1] start processing
11:01:29 [INFO] Chain [1] done processing
11:01:29 [INFO] ProphetWrapper fitted on 2851 rows — sin_year_1=-0.012 cos_year_1=0.037
11:01:29 [INFO] Chain [1] start processing
11:01:29 [INFO] Chain [1] done processing
11:01:29 [INFO] ProphetWrapper fitted on 2851 rows — sin_year_1=-0.019 cos_year_1=0.039
11:01:29 [INFO] Chain [1] start processing
11:01:29 [INFO] Chain [1] done processing
11:01:29 [INFO] ProphetWrapper fitted on 2855 rows — sin_year_1=-0.007 cos_year_1=0.044
11:01:30 [INFO] Round 8 — test accuracy: 0.579  macro-F1: 0.353  (3580 samples)
11:01:30 [INFO] ProphetWrapper FEDGAM round 9/10
11:01:30 [INFO] Chain [1] start processing
11:01:30 [INFO] Chain [1] done processing
11:01:30 [INFO] ProphetWrapper fitted on 2851 rows — sin_year_1=-0.017 cos_year_1=0.046
11:01:30 [INFO] Chain [1] start processing
11:01:31 [INFO] Chain [1] done processing
11:01:31 [INFO] ProphetWrapper fitted on 2851 rows — sin_year_1=-0.013 cos_year_1=0.041
11:01:31 [INFO] Chain [1] start processing
11:01:31 [INFO] Chain [1] done processing
11:01:31 [INFO] ProphetWrapper fitted on 2851 rows — sin_year_1=-0.010 cos_year_1=0.036
11:01:31 [INFO] Chain [1] start processing
11:01:31 [INFO] Chain [1] done processing
11:01:31 [INFO] ProphetWrapper fitted on 2851 rows — sin_year_1=-0.019 cos_year_1=0.041
11:01:32 [INFO] Chain [1] start processing
11:01:32 [INFO] Chain [1] done processing
11:01:32 [INFO] ProphetWrapper fitted on 2851 rows — sin_year_1=-0.006 cos_year_1=0.032
11:01:32 [INFO] Chain [1] start processing
11:01:32 [INFO] Chain [1] done processing
11:01:32 [INFO] ProphetWrapper fitted on 2851 rows — sin_year_1=-0.014 cos_year_1=0.047
11:01:32 [INFO] Chain [1] start processing
11:01:32 [INFO] Chain [1] done processing
11:01:32 [INFO] ProphetWrapper fitted on 2851 rows — sin_year_1=-0.017 cos_year_1=0.046
11:01:32 [INFO] Chain [1] start processing
11:01:33 [INFO] Chain [1] done processing
11:01:33 [INFO] ProphetWrapper fitted on 2851 rows — sin_year_1=-0.012 cos_year_1=0.037
11:01:33 [INFO] Chain [1] start processing
11:01:33 [INFO] Chain [1] done processing
11:01:33 [INFO] ProphetWrapper fitted on 2851 rows — sin_year_1=-0.019 cos_year_1=0.039
11:01:33 [INFO] Chain [1] start processing
11:01:33 [INFO] Chain [1] done processing
11:01:33 [INFO] ProphetWrapper fitted on 2855 rows — sin_year_1=-0.007 cos_year_1=0.044
11:01:34 [INFO] Round 9 — test accuracy: 0.579  macro-F1: 0.353  (3580 samples)
11:01:34 [INFO] ProphetWrapper FEDGAM round 10/10
11:01:34 [INFO] Chain [1] start processing
11:01:34 [INFO] Chain [1] done processing
11:01:34 [INFO] ProphetWrapper fitted on 2851 rows — sin_year_1=-0.017 cos_year_1=0.046
11:01:34 [INFO] Chain [1] start processing
11:01:34 [INFO] Chain [1] done processing
11:01:35 [INFO] ProphetWrapper fitted on 2851 rows — sin_year_1=-0.013 cos_year_1=0.041
11:01:35 [INFO] Chain [1] start processing
11:01:35 [INFO] Chain [1] done processing
11:01:35 [INFO] ProphetWrapper fitted on 2851 rows — sin_year_1=-0.010 cos_year_1=0.036
11:01:35 [INFO] Chain [1] start processing
11:01:35 [INFO] Chain [1] done processing
11:01:35 [INFO] ProphetWrapper fitted on 2851 rows — sin_year_1=-0.019 cos_year_1=0.041
11:01:35 [INFO] Chain [1] start processing
11:01:35 [INFO] Chain [1] done processing
11:01:35 [INFO] ProphetWrapper fitted on 2851 rows — sin_year_1=-0.006 cos_year_1=0.032
11:01:35 [INFO] Chain [1] start processing
11:01:36 [INFO] Chain [1] done processing
11:01:36 [INFO] ProphetWrapper fitted on 2851 rows — sin_year_1=-0.014 cos_year_1=0.047
11:01:36 [INFO] Chain [1] start processing
11:01:36 [INFO] Chain [1] done processing
11:01:36 [INFO] ProphetWrapper fitted on 2851 rows — sin_year_1=-0.017 cos_year_1=0.046
11:01:36 [INFO] Chain [1] start processing
11:01:36 [INFO] Chain [1] done processing
11:01:36 [INFO] ProphetWrapper fitted on 2851 rows — sin_year_1=-0.012 cos_year_1=0.037
11:01:36 [INFO] Chain [1] start processing
11:01:37 [INFO] Chain [1] done processing
11:01:37 [INFO] ProphetWrapper fitted on 2851 rows — sin_year_1=-0.019 cos_year_1=0.039
11:01:37 [INFO] Chain [1] start processing
11:01:37 [INFO] Chain [1] done processing
11:01:37 [INFO] ProphetWrapper fitted on 2855 rows — sin_year_1=-0.007 cos_year_1=0.044
11:01:38 [INFO] Round 10 — test accuracy: 0.580  macro-F1: 0.354  (3580 samples)
11:01:38 [INFO] ProphetWrapper FEDGAM prophet_fedgam_iid done. Final acc=0.580  Saved: results/e7_local_prophet/seeds/seed3023/e7_prophet_fedgam_iid_fl_metrics.csv
11:01:38 [INFO] === E7 ProphetWrapper + FEDAVG — geographic (max_train_years=None) ===
11:01:38 [INFO] ICA thresholds loaded: Q1=7.50 Q2=13.00 μg/m³
11:01:38 [INFO] Provinces loaded: ['Avila', 'Burgos', 'León', 'Palencia', 'Ponferrada', 'Salamanca', 'Segovia', 'Soria', 'Valladolid', 'Zamora']
11:01:38 [INFO] ProphetWrapper FEDAVG round 1/10
11:01:38 [INFO] Chain [1] start processing
11:01:38 [INFO] Chain [1] done processing
11:01:38 [INFO] ProphetWrapper fitted on 2305 rows — sin_year_1=-0.002 cos_year_1=0.043
11:01:39 [INFO] Chain [1] start processing
11:01:39 [INFO] Chain [1] done processing
11:01:39 [INFO] ProphetWrapper fitted on 2922 rows — sin_year_1=0.006 cos_year_1=0.036
11:01:39 [INFO] Chain [1] start processing
11:01:39 [INFO] Chain [1] done processing
11:01:39 [INFO] ProphetWrapper fitted on 2922 rows — sin_year_1=-0.026 cos_year_1=0.039
11:01:39 [INFO] Chain [1] start processing
11:01:39 [INFO] Chain [1] done processing
11:01:39 [INFO] ProphetWrapper fitted on 2922 rows — sin_year_1=-0.019 cos_year_1=0.067
11:01:39 [INFO] Chain [1] start processing
11:01:40 [INFO] Chain [1] done processing
11:01:40 [INFO] ProphetWrapper fitted on 2922 rows — sin_year_1=-0.018 cos_year_1=0.028
11:01:40 [INFO] Chain [1] start processing
11:01:40 [INFO] Chain [1] done processing
11:01:40 [INFO] ProphetWrapper fitted on 2922 rows — sin_year_1=-0.003 cos_year_1=0.031
11:01:40 [INFO] Chain [1] start processing
11:01:40 [INFO] Chain [1] done processing
11:01:40 [INFO] ProphetWrapper fitted on 2911 rows — sin_year_1=-0.019 cos_year_1=0.070
11:01:40 [INFO] Chain [1] start processing
11:01:41 [INFO] Chain [1] done processing
11:01:41 [INFO] ProphetWrapper fitted on 2912 rows — sin_year_1=-0.010 cos_year_1=0.026
11:01:41 [INFO] Chain [1] start processing
11:01:41 [INFO] Chain [1] done processing
11:01:41 [INFO] ProphetWrapper fitted on 2922 rows — sin_year_1=-0.023 cos_year_1=0.069
11:01:41 [INFO] Chain [1] start processing
11:01:41 [INFO] Chain [1] done processing
11:01:41 [INFO] ProphetWrapper fitted on 2854 rows — sin_year_1=-0.015 cos_year_1=0.059
11:01:42 [INFO] Round 1 — test accuracy: 0.564  macro-F1: 0.493  (3561 samples)
11:01:42 [INFO] ProphetWrapper FEDAVG round 2/10
11:01:42 [INFO] Chain [1] start processing
11:01:42 [INFO] Chain [1] done processing
11:01:42 [INFO] ProphetWrapper fitted on 2305 rows — sin_year_1=-0.002 cos_year_1=0.043
11:01:43 [INFO] Chain [1] start processing
11:01:43 [INFO] Chain [1] done processing
11:01:43 [INFO] ProphetWrapper fitted on 2922 rows — sin_year_1=0.006 cos_year_1=0.036
11:01:43 [INFO] Chain [1] start processing
11:01:43 [INFO] Chain [1] done processing
11:01:43 [INFO] ProphetWrapper fitted on 2922 rows — sin_year_1=-0.026 cos_year_1=0.039
11:01:43 [INFO] Chain [1] start processing
11:01:43 [INFO] Chain [1] done processing
11:01:43 [INFO] ProphetWrapper fitted on 2922 rows — sin_year_1=-0.019 cos_year_1=0.068
11:01:44 [INFO] Chain [1] start processing
11:01:44 [INFO] Chain [1] done processing
11:01:44 [INFO] ProphetWrapper fitted on 2922 rows — sin_year_1=-0.018 cos_year_1=0.028
11:01:44 [INFO] Chain [1] start processing
11:01:44 [INFO] Chain [1] done processing
11:01:44 [INFO] ProphetWrapper fitted on 2922 rows — sin_year_1=-0.002 cos_year_1=0.032
11:01:44 [INFO] Chain [1] start processing
11:01:44 [INFO] Chain [1] done processing
11:01:44 [INFO] ProphetWrapper fitted on 2911 rows — sin_year_1=-0.019 cos_year_1=0.070
11:01:45 [INFO] Chain [1] start processing
11:01:47 [INFO] Chain [1] done processing
11:01:47 [INFO] ProphetWrapper fitted on 2912 rows — sin_year_1=-0.010 cos_year_1=0.026
11:01:47 [INFO] Chain [1] start processing
11:01:47 [INFO] Chain [1] done processing
11:01:47 [INFO] ProphetWrapper fitted on 2922 rows — sin_year_1=-0.023 cos_year_1=0.069
11:01:48 [INFO] Chain [1] start processing
11:01:48 [INFO] Chain [1] done processing
11:01:48 [INFO] ProphetWrapper fitted on 2854 rows — sin_year_1=-0.015 cos_year_1=0.059
11:01:49 [INFO] Round 2 — test accuracy: 0.566  macro-F1: 0.497  (3561 samples)
11:01:49 [INFO] ProphetWrapper FEDAVG round 3/10
11:01:49 [INFO] Chain [1] start processing
11:01:49 [INFO] Chain [1] done processing
11:01:49 [INFO] ProphetWrapper fitted on 2305 rows — sin_year_1=-0.002 cos_year_1=0.043
11:01:49 [INFO] Chain [1] start processing
11:01:49 [INFO] Chain [1] done processing
11:01:49 [INFO] ProphetWrapper fitted on 2922 rows — sin_year_1=0.006 cos_year_1=0.036
11:01:49 [INFO] Chain [1] start processing
11:01:50 [INFO] Chain [1] done processing
11:01:50 [INFO] ProphetWrapper fitted on 2922 rows — sin_year_1=-0.026 cos_year_1=0.039
11:01:50 [INFO] Chain [1] start processing
11:01:50 [INFO] Chain [1] done processing
11:01:50 [INFO] ProphetWrapper fitted on 2922 rows — sin_year_1=-0.019 cos_year_1=0.068
11:01:50 [INFO] Chain [1] start processing
11:01:50 [INFO] Chain [1] done processing
11:01:50 [INFO] ProphetWrapper fitted on 2922 rows — sin_year_1=-0.018 cos_year_1=0.028
11:01:50 [INFO] Chain [1] start processing
11:01:51 [INFO] Chain [1] done processing
11:01:51 [INFO] ProphetWrapper fitted on 2922 rows — sin_year_1=-0.002 cos_year_1=0.031
11:01:51 [INFO] Chain [1] start processing
11:01:51 [INFO] Chain [1] done processing
11:01:51 [INFO] ProphetWrapper fitted on 2911 rows — sin_year_1=-0.019 cos_year_1=0.070
11:01:51 [INFO] Chain [1] start processing
11:01:51 [INFO] Chain [1] done processing
11:01:51 [INFO] ProphetWrapper fitted on 2912 rows — sin_year_1=-0.010 cos_year_1=0.026
11:01:51 [INFO] Chain [1] start processing
11:01:52 [INFO] Chain [1] done processing
11:01:52 [INFO] ProphetWrapper fitted on 2922 rows — sin_year_1=-0.023 cos_year_1=0.069
11:01:52 [INFO] Chain [1] start processing
11:01:52 [INFO] Chain [1] done processing
11:01:52 [INFO] ProphetWrapper fitted on 2854 rows — sin_year_1=-0.015 cos_year_1=0.059
11:01:53 [INFO] Round 3 — test accuracy: 0.565  macro-F1: 0.494  (3561 samples)
11:01:53 [INFO] ProphetWrapper FEDAVG round 4/10
11:01:53 [INFO] Chain [1] start processing
11:01:53 [INFO] Chain [1] done processing
11:01:53 [INFO] ProphetWrapper fitted on 2305 rows — sin_year_1=-0.002 cos_year_1=0.043
11:01:53 [INFO] Chain [1] start processing
11:01:53 [INFO] Chain [1] done processing
11:01:53 [INFO] ProphetWrapper fitted on 2922 rows — sin_year_1=0.006 cos_year_1=0.036
11:01:53 [INFO] Chain [1] start processing
11:01:54 [INFO] Chain [1] done processing
11:01:54 [INFO] ProphetWrapper fitted on 2922 rows — sin_year_1=-0.026 cos_year_1=0.039
11:01:54 [INFO] Chain [1] start processing
11:01:54 [INFO] Chain [1] done processing
11:01:54 [INFO] ProphetWrapper fitted on 2922 rows — sin_year_1=-0.019 cos_year_1=0.068
11:01:54 [INFO] Chain [1] start processing
11:01:54 [INFO] Chain [1] done processing
11:01:54 [INFO] ProphetWrapper fitted on 2922 rows — sin_year_1=-0.018 cos_year_1=0.028
11:01:54 [INFO] Chain [1] start processing
11:01:55 [INFO] Chain [1] done processing
11:01:55 [INFO] ProphetWrapper fitted on 2922 rows — sin_year_1=-0.002 cos_year_1=0.031
11:01:55 [INFO] Chain [1] start processing
11:01:55 [INFO] Chain [1] done processing
11:01:55 [INFO] ProphetWrapper fitted on 2911 rows — sin_year_1=-0.019 cos_year_1=0.070
11:01:55 [INFO] Chain [1] start processing
11:01:55 [INFO] Chain [1] done processing
11:01:55 [INFO] ProphetWrapper fitted on 2912 rows — sin_year_1=-0.010 cos_year_1=0.026
11:01:55 [INFO] Chain [1] start processing
11:01:56 [INFO] Chain [1] done processing
11:01:56 [INFO] ProphetWrapper fitted on 2922 rows — sin_year_1=-0.023 cos_year_1=0.069
11:01:56 [INFO] Chain [1] start processing
11:01:56 [INFO] Chain [1] done processing
11:01:56 [INFO] ProphetWrapper fitted on 2854 rows — sin_year_1=-0.016 cos_year_1=0.059
11:01:57 [INFO] Round 4 — test accuracy: 0.566  macro-F1: 0.496  (3561 samples)
11:01:57 [INFO] ProphetWrapper FEDAVG round 5/10
11:01:57 [INFO] Chain [1] start processing
11:01:57 [INFO] Chain [1] done processing
11:01:57 [INFO] ProphetWrapper fitted on 2305 rows — sin_year_1=-0.002 cos_year_1=0.043
11:01:57 [INFO] Chain [1] start processing
11:01:57 [INFO] Chain [1] done processing
11:01:57 [INFO] ProphetWrapper fitted on 2922 rows — sin_year_1=0.006 cos_year_1=0.036
11:01:57 [INFO] Chain [1] start processing
11:01:58 [INFO] Chain [1] done processing
11:01:58 [INFO] ProphetWrapper fitted on 2922 rows — sin_year_1=-0.026 cos_year_1=0.039
11:01:58 [INFO] Chain [1] start processing
11:01:58 [INFO] Chain [1] done processing
11:01:58 [INFO] ProphetWrapper fitted on 2922 rows — sin_year_1=-0.019 cos_year_1=0.068
11:01:58 [INFO] Chain [1] start processing
11:01:58 [INFO] Chain [1] done processing
11:01:58 [INFO] ProphetWrapper fitted on 2922 rows — sin_year_1=-0.018 cos_year_1=0.028
11:01:58 [INFO] Chain [1] start processing
11:01:59 [INFO] Chain [1] done processing
11:01:59 [INFO] ProphetWrapper fitted on 2922 rows — sin_year_1=-0.002 cos_year_1=0.032
11:01:59 [INFO] Chain [1] start processing
11:01:59 [INFO] Chain [1] done processing
11:01:59 [INFO] ProphetWrapper fitted on 2911 rows — sin_year_1=-0.019 cos_year_1=0.070
11:01:59 [INFO] Chain [1] start processing
11:01:59 [INFO] Chain [1] done processing
11:01:59 [INFO] ProphetWrapper fitted on 2912 rows — sin_year_1=-0.010 cos_year_1=0.026
11:02:00 [INFO] Chain [1] start processing
11:02:00 [INFO] Chain [1] done processing
11:02:00 [INFO] ProphetWrapper fitted on 2922 rows — sin_year_1=-0.023 cos_year_1=0.069
11:02:00 [INFO] Chain [1] start processing
11:02:00 [INFO] Chain [1] done processing
11:02:00 [INFO] ProphetWrapper fitted on 2854 rows — sin_year_1=-0.015 cos_year_1=0.059
11:02:01 [INFO] Round 5 — test accuracy: 0.565  macro-F1: 0.495  (3561 samples)
11:02:01 [INFO] ProphetWrapper FEDAVG round 6/10
11:02:01 [INFO] Chain [1] start processing
11:02:01 [INFO] Chain [1] done processing
11:02:01 [INFO] ProphetWrapper fitted on 2305 rows — sin_year_1=-0.002 cos_year_1=0.043
11:02:01 [INFO] Chain [1] start processing
11:02:01 [INFO] Chain [1] done processing
11:02:01 [INFO] ProphetWrapper fitted on 2922 rows — sin_year_1=0.006 cos_year_1=0.036
11:02:01 [INFO] Chain [1] start processing
11:02:02 [INFO] Chain [1] done processing
11:02:02 [INFO] ProphetWrapper fitted on 2922 rows — sin_year_1=-0.026 cos_year_1=0.039
11:02:02 [INFO] Chain [1] start processing
11:02:02 [INFO] Chain [1] done processing
11:02:02 [INFO] ProphetWrapper fitted on 2922 rows — sin_year_1=-0.019 cos_year_1=0.068
11:02:02 [INFO] Chain [1] start processing
11:02:02 [INFO] Chain [1] done processing
11:02:02 [INFO] ProphetWrapper fitted on 2922 rows — sin_year_1=-0.018 cos_year_1=0.028
11:02:02 [INFO] Chain [1] start processing
11:02:03 [INFO] Chain [1] done processing
11:02:03 [INFO] ProphetWrapper fitted on 2922 rows — sin_year_1=-0.003 cos_year_1=0.031
11:02:03 [INFO] Chain [1] start processing
11:02:03 [INFO] Chain [1] done processing
11:02:03 [INFO] ProphetWrapper fitted on 2911 rows — sin_year_1=-0.019 cos_year_1=0.070
11:02:03 [INFO] Chain [1] start processing
11:02:03 [INFO] Chain [1] done processing
11:02:03 [INFO] ProphetWrapper fitted on 2912 rows — sin_year_1=-0.010 cos_year_1=0.026
11:02:03 [INFO] Chain [1] start processing
11:02:04 [INFO] Chain [1] done processing
11:02:04 [INFO] ProphetWrapper fitted on 2922 rows — sin_year_1=-0.023 cos_year_1=0.069
11:02:04 [INFO] Chain [1] start processing
11:02:04 [INFO] Chain [1] done processing
11:02:04 [INFO] ProphetWrapper fitted on 2854 rows — sin_year_1=-0.015 cos_year_1=0.059
11:02:05 [INFO] Round 6 — test accuracy: 0.566  macro-F1: 0.496  (3561 samples)
11:02:05 [INFO] ProphetWrapper FEDAVG round 7/10
11:02:05 [INFO] Chain [1] start processing
11:02:05 [INFO] Chain [1] done processing
11:02:05 [INFO] ProphetWrapper fitted on 2305 rows — sin_year_1=-0.002 cos_year_1=0.043
11:02:05 [INFO] Chain [1] start processing
11:02:06 [INFO] Chain [1] done processing
11:02:06 [INFO] ProphetWrapper fitted on 2922 rows — sin_year_1=0.006 cos_year_1=0.036
11:02:06 [INFO] Chain [1] start processing
11:02:06 [INFO] Chain [1] done processing
11:02:06 [INFO] ProphetWrapper fitted on 2922 rows — sin_year_1=-0.026 cos_year_1=0.039
11:02:06 [INFO] Chain [1] start processing
11:02:06 [INFO] Chain [1] done processing
11:02:06 [INFO] ProphetWrapper fitted on 2922 rows — sin_year_1=-0.019 cos_year_1=0.068
11:02:06 [INFO] Chain [1] start processing
11:02:07 [INFO] Chain [1] done processing
11:02:07 [INFO] ProphetWrapper fitted on 2922 rows — sin_year_1=-0.018 cos_year_1=0.028
11:02:07 [INFO] Chain [1] start processing
11:02:07 [INFO] Chain [1] done processing
11:02:07 [INFO] ProphetWrapper fitted on 2922 rows — sin_year_1=-0.003 cos_year_1=0.031
11:02:07 [INFO] Chain [1] start processing
11:02:07 [INFO] Chain [1] done processing
11:02:07 [INFO] ProphetWrapper fitted on 2911 rows — sin_year_1=-0.019 cos_year_1=0.070
11:02:07 [INFO] Chain [1] start processing
11:02:08 [INFO] Chain [1] done processing
11:02:08 [INFO] ProphetWrapper fitted on 2912 rows — sin_year_1=-0.010 cos_year_1=0.026
11:02:08 [INFO] Chain [1] start processing
11:02:08 [INFO] Chain [1] done processing
11:02:08 [INFO] ProphetWrapper fitted on 2922 rows — sin_year_1=-0.023 cos_year_1=0.069
11:02:08 [INFO] Chain [1] start processing
11:02:08 [INFO] Chain [1] done processing
11:02:08 [INFO] ProphetWrapper fitted on 2854 rows — sin_year_1=-0.016 cos_year_1=0.059
11:02:09 [INFO] Round 7 — test accuracy: 0.564  macro-F1: 0.493  (3561 samples)
11:02:09 [INFO] ProphetWrapper FEDAVG round 8/10
11:02:09 [INFO] Chain [1] start processing
11:02:09 [INFO] Chain [1] done processing
11:02:09 [INFO] ProphetWrapper fitted on 2305 rows — sin_year_1=-0.002 cos_year_1=0.043
11:02:09 [INFO] Chain [1] start processing
11:02:10 [INFO] Chain [1] done processing
11:02:10 [INFO] ProphetWrapper fitted on 2922 rows — sin_year_1=0.006 cos_year_1=0.036
11:02:10 [INFO] Chain [1] start processing
11:02:10 [INFO] Chain [1] done processing
11:02:10 [INFO] ProphetWrapper fitted on 2922 rows — sin_year_1=-0.026 cos_year_1=0.039
11:02:10 [INFO] Chain [1] start processing
11:02:10 [INFO] Chain [1] done processing
11:02:10 [INFO] ProphetWrapper fitted on 2922 rows — sin_year_1=-0.019 cos_year_1=0.068
11:02:10 [INFO] Chain [1] start processing
11:02:11 [INFO] Chain [1] done processing
11:02:11 [INFO] ProphetWrapper fitted on 2922 rows — sin_year_1=-0.018 cos_year_1=0.028
11:02:11 [INFO] Chain [1] start processing
11:02:11 [INFO] Chain [1] done processing
11:02:11 [INFO] ProphetWrapper fitted on 2922 rows — sin_year_1=-0.002 cos_year_1=0.032
11:02:11 [INFO] Chain [1] start processing
11:02:11 [INFO] Chain [1] done processing
11:02:11 [INFO] ProphetWrapper fitted on 2911 rows — sin_year_1=-0.019 cos_year_1=0.070
11:02:12 [INFO] Chain [1] start processing
11:02:12 [INFO] Chain [1] done processing
11:02:12 [INFO] ProphetWrapper fitted on 2912 rows — sin_year_1=-0.010 cos_year_1=0.026
11:02:12 [INFO] Chain [1] start processing
11:02:12 [INFO] Chain [1] done processing
11:02:12 [INFO] ProphetWrapper fitted on 2922 rows — sin_year_1=-0.023 cos_year_1=0.069
11:02:12 [INFO] Chain [1] start processing
11:02:12 [INFO] Chain [1] done processing
11:02:12 [INFO] ProphetWrapper fitted on 2854 rows — sin_year_1=-0.015 cos_year_1=0.059
11:02:13 [INFO] Round 8 — test accuracy: 0.566  macro-F1: 0.497  (3561 samples)
11:02:13 [INFO] ProphetWrapper FEDAVG round 9/10
11:02:13 [INFO] Chain [1] start processing
11:02:13 [INFO] Chain [1] done processing
11:02:13 [INFO] ProphetWrapper fitted on 2305 rows — sin_year_1=-0.002 cos_year_1=0.043
11:02:13 [INFO] Chain [1] start processing
11:02:14 [INFO] Chain [1] done processing
11:02:14 [INFO] ProphetWrapper fitted on 2922 rows — sin_year_1=0.006 cos_year_1=0.036
11:02:14 [INFO] Chain [1] start processing
11:02:14 [INFO] Chain [1] done processing
11:02:14 [INFO] ProphetWrapper fitted on 2922 rows — sin_year_1=-0.026 cos_year_1=0.039
11:02:14 [INFO] Chain [1] start processing
11:02:14 [INFO] Chain [1] done processing
11:02:14 [INFO] ProphetWrapper fitted on 2922 rows — sin_year_1=-0.019 cos_year_1=0.068
11:02:15 [INFO] Chain [1] start processing
11:02:15 [INFO] Chain [1] done processing
11:02:15 [INFO] ProphetWrapper fitted on 2922 rows — sin_year_1=-0.018 cos_year_1=0.028
11:02:15 [INFO] Chain [1] start processing
11:02:15 [INFO] Chain [1] done processing
11:02:15 [INFO] ProphetWrapper fitted on 2922 rows — sin_year_1=-0.002 cos_year_1=0.032
11:02:15 [INFO] Chain [1] start processing
11:02:15 [INFO] Chain [1] done processing
11:02:15 [INFO] ProphetWrapper fitted on 2911 rows — sin_year_1=-0.019 cos_year_1=0.070
11:02:16 [INFO] Chain [1] start processing
11:02:16 [INFO] Chain [1] done processing
11:02:16 [INFO] ProphetWrapper fitted on 2912 rows — sin_year_1=-0.010 cos_year_1=0.026
11:02:16 [INFO] Chain [1] start processing
11:02:16 [INFO] Chain [1] done processing
11:02:16 [INFO] ProphetWrapper fitted on 2922 rows — sin_year_1=-0.023 cos_year_1=0.069
11:02:16 [INFO] Chain [1] start processing
11:02:17 [INFO] Chain [1] done processing
11:02:17 [INFO] ProphetWrapper fitted on 2854 rows — sin_year_1=-0.015 cos_year_1=0.059
11:02:17 [INFO] Round 9 — test accuracy: 0.565  macro-F1: 0.494  (3561 samples)
11:02:17 [INFO] ProphetWrapper FEDAVG round 10/10
11:02:17 [INFO] Chain [1] start processing
11:02:17 [INFO] Chain [1] done processing
11:02:17 [INFO] ProphetWrapper fitted on 2305 rows — sin_year_1=-0.002 cos_year_1=0.043
11:02:18 [INFO] Chain [1] start processing
11:02:18 [INFO] Chain [1] done processing
11:02:18 [INFO] ProphetWrapper fitted on 2922 rows — sin_year_1=0.006 cos_year_1=0.036
11:02:18 [INFO] Chain [1] start processing
11:02:18 [INFO] Chain [1] done processing
11:02:18 [INFO] ProphetWrapper fitted on 2922 rows — sin_year_1=-0.026 cos_year_1=0.039
11:02:18 [INFO] Chain [1] start processing
11:02:19 [INFO] Chain [1] done processing
11:02:19 [INFO] ProphetWrapper fitted on 2922 rows — sin_year_1=-0.019 cos_year_1=0.068
11:02:19 [INFO] Chain [1] start processing
11:02:19 [INFO] Chain [1] done processing
11:02:19 [INFO] ProphetWrapper fitted on 2922 rows — sin_year_1=-0.018 cos_year_1=0.028
11:02:19 [INFO] Chain [1] start processing
11:02:19 [INFO] Chain [1] done processing
11:02:19 [INFO] ProphetWrapper fitted on 2922 rows — sin_year_1=-0.002 cos_year_1=0.032
11:02:22 [INFO] Chain [1] start processing
11:02:22 [INFO] Chain [1] done processing
11:02:22 [INFO] ProphetWrapper fitted on 2911 rows — sin_year_1=-0.019 cos_year_1=0.070
11:02:22 [INFO] Chain [1] start processing
11:02:22 [INFO] Chain [1] done processing
11:02:22 [INFO] ProphetWrapper fitted on 2912 rows — sin_year_1=-0.010 cos_year_1=0.026
11:02:22 [INFO] Chain [1] start processing
11:02:22 [INFO] Chain [1] done processing
11:02:22 [INFO] ProphetWrapper fitted on 2922 rows — sin_year_1=-0.023 cos_year_1=0.069
11:02:23 [INFO] Chain [1] start processing
11:02:23 [INFO] Chain [1] done processing
11:02:23 [INFO] ProphetWrapper fitted on 2854 rows — sin_year_1=-0.015 cos_year_1=0.059
11:02:23 [INFO] Round 10 — test accuracy: 0.566  macro-F1: 0.496  (3561 samples)
11:02:23 [INFO] ProphetWrapper FEDAVG prophet_fedavg_geographic done. Final acc=0.566  Saved: results/e7_local_prophet/seeds/seed3023/e7_prophet_fedavg_geographic_fl_metrics.csv
11:02:23 [INFO] === E7 ProphetWrapper + FEDAVG — iid (max_train_years=None) ===
11:02:24 [INFO] ICA thresholds loaded: Q1=7.50 Q2=13.00 μg/m³
11:02:24 [INFO] Provinces loaded: ['Avila', 'Burgos', 'León', 'Palencia', 'Ponferrada', 'Salamanca', 'Segovia', 'Soria', 'Valladolid', 'Zamora']
11:02:24 [INFO] ProphetWrapper FEDAVG round 1/10
11:02:24 [INFO] Chain [1] start processing
11:02:24 [INFO] Chain [1] done processing
11:02:24 [INFO] ProphetWrapper fitted on 2851 rows — sin_year_1=-0.017 cos_year_1=0.046
11:02:24 [INFO] Chain [1] start processing
11:02:24 [INFO] Chain [1] done processing
11:02:24 [INFO] ProphetWrapper fitted on 2851 rows — sin_year_1=-0.013 cos_year_1=0.041
11:02:25 [INFO] Chain [1] start processing
11:02:25 [INFO] Chain [1] done processing
11:02:25 [INFO] ProphetWrapper fitted on 2851 rows — sin_year_1=-0.010 cos_year_1=0.036
11:02:25 [INFO] Chain [1] start processing
11:02:25 [INFO] Chain [1] done processing
11:02:25 [INFO] ProphetWrapper fitted on 2851 rows — sin_year_1=-0.020 cos_year_1=0.041
11:02:25 [INFO] Chain [1] start processing
11:02:25 [INFO] Chain [1] done processing
11:02:25 [INFO] ProphetWrapper fitted on 2851 rows — sin_year_1=-0.006 cos_year_1=0.032
11:02:25 [INFO] Chain [1] start processing
11:02:26 [INFO] Chain [1] done processing
11:02:26 [INFO] ProphetWrapper fitted on 2851 rows — sin_year_1=-0.014 cos_year_1=0.048
11:02:26 [INFO] Chain [1] start processing
11:02:26 [INFO] Chain [1] done processing
11:02:26 [INFO] ProphetWrapper fitted on 2851 rows — sin_year_1=-0.017 cos_year_1=0.046
11:02:26 [INFO] Chain [1] start processing
11:02:26 [INFO] Chain [1] done processing
11:02:26 [INFO] ProphetWrapper fitted on 2851 rows — sin_year_1=-0.012 cos_year_1=0.037
11:02:27 [INFO] Chain [1] start processing
11:02:27 [INFO] Chain [1] done processing
11:02:27 [INFO] ProphetWrapper fitted on 2851 rows — sin_year_1=-0.020 cos_year_1=0.039
11:02:27 [INFO] Chain [1] start processing
11:02:27 [INFO] Chain [1] done processing
11:02:27 [INFO] ProphetWrapper fitted on 2855 rows — sin_year_1=-0.007 cos_year_1=0.044
11:02:28 [INFO] Round 1 — test accuracy: 0.582  macro-F1: 0.354  (3580 samples)
11:02:28 [INFO] ProphetWrapper FEDAVG round 2/10
11:02:28 [INFO] Chain [1] start processing
11:02:28 [INFO] Chain [1] done processing
11:02:28 [INFO] ProphetWrapper fitted on 2851 rows — sin_year_1=-0.017 cos_year_1=0.046
11:02:28 [INFO] Chain [1] start processing
11:02:28 [INFO] Chain [1] done processing
11:02:28 [INFO] ProphetWrapper fitted on 2851 rows — sin_year_1=-0.013 cos_year_1=0.041
11:02:28 [INFO] Chain [1] start processing
11:02:29 [INFO] Chain [1] done processing
11:02:29 [INFO] ProphetWrapper fitted on 2851 rows — sin_year_1=-0.010 cos_year_1=0.036
11:02:29 [INFO] Chain [1] start processing
11:02:29 [INFO] Chain [1] done processing
11:02:29 [INFO] ProphetWrapper fitted on 2851 rows — sin_year_1=-0.019 cos_year_1=0.041
11:02:29 [INFO] Chain [1] start processing
11:02:29 [INFO] Chain [1] done processing
11:02:29 [INFO] ProphetWrapper fitted on 2851 rows — sin_year_1=-0.006 cos_year_1=0.032
11:02:30 [INFO] Chain [1] start processing
11:02:30 [INFO] Chain [1] done processing
11:02:30 [INFO] ProphetWrapper fitted on 2851 rows — sin_year_1=-0.014 cos_year_1=0.047
11:02:30 [INFO] Chain [1] start processing
11:02:30 [INFO] Chain [1] done processing
11:02:30 [INFO] ProphetWrapper fitted on 2851 rows — sin_year_1=-0.017 cos_year_1=0.046
11:02:30 [INFO] Chain [1] start processing
11:02:30 [INFO] Chain [1] done processing
11:02:30 [INFO] ProphetWrapper fitted on 2851 rows — sin_year_1=-0.012 cos_year_1=0.037
11:02:31 [INFO] Chain [1] start processing
11:02:31 [INFO] Chain [1] done processing
11:02:31 [INFO] ProphetWrapper fitted on 2851 rows — sin_year_1=-0.019 cos_year_1=0.039
11:02:31 [INFO] Chain [1] start processing
11:02:31 [INFO] Chain [1] done processing
11:02:31 [INFO] ProphetWrapper fitted on 2855 rows — sin_year_1=-0.007 cos_year_1=0.044
11:02:32 [INFO] Round 2 — test accuracy: 0.577  macro-F1: 0.352  (3580 samples)
11:02:32 [INFO] ProphetWrapper FEDAVG round 3/10
11:02:32 [INFO] Chain [1] start processing
11:02:32 [INFO] Chain [1] done processing
11:02:32 [INFO] ProphetWrapper fitted on 2851 rows — sin_year_1=-0.017 cos_year_1=0.046
11:02:32 [INFO] Chain [1] start processing
11:02:32 [INFO] Chain [1] done processing
11:02:32 [INFO] ProphetWrapper fitted on 2851 rows — sin_year_1=-0.013 cos_year_1=0.041
11:02:33 [INFO] Chain [1] start processing
11:02:33 [INFO] Chain [1] done processing
11:02:33 [INFO] ProphetWrapper fitted on 2851 rows — sin_year_1=-0.010 cos_year_1=0.036
11:02:33 [INFO] Chain [1] start processing
11:02:33 [INFO] Chain [1] done processing
11:02:33 [INFO] ProphetWrapper fitted on 2851 rows — sin_year_1=-0.020 cos_year_1=0.041
11:02:33 [INFO] Chain [1] start processing
11:02:33 [INFO] Chain [1] done processing
11:02:33 [INFO] ProphetWrapper fitted on 2851 rows — sin_year_1=-0.006 cos_year_1=0.032
11:02:33 [INFO] Chain [1] start processing
11:02:34 [INFO] Chain [1] done processing
11:02:34 [INFO] ProphetWrapper fitted on 2851 rows — sin_year_1=-0.014 cos_year_1=0.047
11:02:34 [INFO] Chain [1] start processing
11:02:34 [INFO] Chain [1] done processing
11:02:34 [INFO] ProphetWrapper fitted on 2851 rows — sin_year_1=-0.017 cos_year_1=0.046
11:02:34 [INFO] Chain [1] start processing
11:02:34 [INFO] Chain [1] done processing
11:02:34 [INFO] ProphetWrapper fitted on 2851 rows — sin_year_1=-0.012 cos_year_1=0.037
11:02:34 [INFO] Chain [1] start processing
11:02:35 [INFO] Chain [1] done processing
11:02:35 [INFO] ProphetWrapper fitted on 2851 rows — sin_year_1=-0.019 cos_year_1=0.039
11:02:35 [INFO] Chain [1] start processing
11:02:35 [INFO] Chain [1] done processing
11:02:35 [INFO] ProphetWrapper fitted on 2855 rows — sin_year_1=-0.007 cos_year_1=0.044
11:02:36 [INFO] Round 3 — test accuracy: 0.576  macro-F1: 0.352  (3580 samples)
11:02:36 [INFO] ProphetWrapper FEDAVG round 4/10
11:02:36 [INFO] Chain [1] start processing
11:02:36 [INFO] Chain [1] done processing
11:02:36 [INFO] ProphetWrapper fitted on 2851 rows — sin_year_1=-0.017 cos_year_1=0.046
11:02:36 [INFO] Chain [1] start processing
11:02:36 [INFO] Chain [1] done processing
11:02:36 [INFO] ProphetWrapper fitted on 2851 rows — sin_year_1=-0.013 cos_year_1=0.041
11:02:36 [INFO] Chain [1] start processing
11:02:36 [INFO] Chain [1] done processing
11:02:36 [INFO] ProphetWrapper fitted on 2851 rows — sin_year_1=-0.010 cos_year_1=0.036
11:02:37 [INFO] Chain [1] start processing
11:02:37 [INFO] Chain [1] done processing
11:02:37 [INFO] ProphetWrapper fitted on 2851 rows — sin_year_1=-0.019 cos_year_1=0.041
11:02:37 [INFO] Chain [1] start processing
11:02:37 [INFO] Chain [1] done processing
11:02:37 [INFO] ProphetWrapper fitted on 2851 rows — sin_year_1=-0.006 cos_year_1=0.032
11:02:37 [INFO] Chain [1] start processing
11:02:38 [INFO] Chain [1] done processing
11:02:38 [INFO] ProphetWrapper fitted on 2851 rows — sin_year_1=-0.014 cos_year_1=0.047
11:02:38 [INFO] Chain [1] start processing
11:02:38 [INFO] Chain [1] done processing
11:02:38 [INFO] ProphetWrapper fitted on 2851 rows — sin_year_1=-0.017 cos_year_1=0.046
11:02:38 [INFO] Chain [1] start processing
11:02:38 [INFO] Chain [1] done processing
11:02:38 [INFO] ProphetWrapper fitted on 2851 rows — sin_year_1=-0.012 cos_year_1=0.037
11:02:38 [INFO] Chain [1] start processing
11:02:39 [INFO] Chain [1] done processing
11:02:39 [INFO] ProphetWrapper fitted on 2851 rows — sin_year_1=-0.019 cos_year_1=0.039
11:02:39 [INFO] Chain [1] start processing
11:02:39 [INFO] Chain [1] done processing
11:02:39 [INFO] ProphetWrapper fitted on 2855 rows — sin_year_1=-0.007 cos_year_1=0.044
11:02:40 [INFO] Round 4 — test accuracy: 0.577  macro-F1: 0.352  (3580 samples)
11:02:40 [INFO] ProphetWrapper FEDAVG round 5/10
11:02:40 [INFO] Chain [1] start processing
11:02:40 [INFO] Chain [1] done processing
11:02:40 [INFO] ProphetWrapper fitted on 2851 rows — sin_year_1=-0.017 cos_year_1=0.046
11:02:40 [INFO] Chain [1] start processing
11:02:40 [INFO] Chain [1] done processing
11:02:40 [INFO] ProphetWrapper fitted on 2851 rows — sin_year_1=-0.013 cos_year_1=0.041
11:02:40 [INFO] Chain [1] start processing
11:02:41 [INFO] Chain [1] done processing
11:02:41 [INFO] ProphetWrapper fitted on 2851 rows — sin_year_1=-0.010 cos_year_1=0.036
11:02:41 [INFO] Chain [1] start processing
11:02:41 [INFO] Chain [1] done processing
11:02:41 [INFO] ProphetWrapper fitted on 2851 rows — sin_year_1=-0.020 cos_year_1=0.041
11:02:41 [INFO] Chain [1] start processing
11:02:41 [INFO] Chain [1] done processing
11:02:41 [INFO] ProphetWrapper fitted on 2851 rows — sin_year_1=-0.006 cos_year_1=0.032
11:02:41 [INFO] Chain [1] start processing
11:02:41 [INFO] Chain [1] done processing
11:02:41 [INFO] ProphetWrapper fitted on 2851 rows — sin_year_1=-0.014 cos_year_1=0.047
11:02:42 [INFO] Chain [1] start processing
11:02:42 [INFO] Chain [1] done processing
11:02:42 [INFO] ProphetWrapper fitted on 2851 rows — sin_year_1=-0.017 cos_year_1=0.046
11:02:42 [INFO] Chain [1] start processing
11:02:42 [INFO] Chain [1] done processing
11:02:42 [INFO] ProphetWrapper fitted on 2851 rows — sin_year_1=-0.012 cos_year_1=0.037
11:02:42 [INFO] Chain [1] start processing
11:02:42 [INFO] Chain [1] done processing
11:02:42 [INFO] ProphetWrapper fitted on 2851 rows — sin_year_1=-0.019 cos_year_1=0.039
11:02:42 [INFO] Chain [1] start processing
11:02:43 [INFO] Chain [1] done processing
11:02:43 [INFO] ProphetWrapper fitted on 2855 rows — sin_year_1=-0.007 cos_year_1=0.044
11:02:43 [INFO] Round 5 — test accuracy: 0.578  macro-F1: 0.353  (3580 samples)
11:02:43 [INFO] ProphetWrapper FEDAVG round 6/10
11:02:43 [INFO] Chain [1] start processing
11:02:43 [INFO] Chain [1] done processing
11:02:43 [INFO] ProphetWrapper fitted on 2851 rows — sin_year_1=-0.017 cos_year_1=0.046
11:02:44 [INFO] Chain [1] start processing
11:02:44 [INFO] Chain [1] done processing
11:02:44 [INFO] ProphetWrapper fitted on 2851 rows — sin_year_1=-0.013 cos_year_1=0.041
11:02:44 [INFO] Chain [1] start processing
11:02:44 [INFO] Chain [1] done processing
11:02:44 [INFO] ProphetWrapper fitted on 2851 rows — sin_year_1=-0.010 cos_year_1=0.036
11:02:44 [INFO] Chain [1] start processing
11:02:44 [INFO] Chain [1] done processing
11:02:44 [INFO] ProphetWrapper fitted on 2851 rows — sin_year_1=-0.019 cos_year_1=0.041
11:02:44 [INFO] Chain [1] start processing
11:02:45 [INFO] Chain [1] done processing
11:02:45 [INFO] ProphetWrapper fitted on 2851 rows — sin_year_1=-0.006 cos_year_1=0.032
11:02:45 [INFO] Chain [1] start processing
11:02:45 [INFO] Chain [1] done processing
11:02:45 [INFO] ProphetWrapper fitted on 2851 rows — sin_year_1=-0.014 cos_year_1=0.047
11:02:45 [INFO] Chain [1] start processing
11:02:45 [INFO] Chain [1] done processing
11:02:45 [INFO] ProphetWrapper fitted on 2851 rows — sin_year_1=-0.017 cos_year_1=0.046
11:02:45 [INFO] Chain [1] start processing
11:02:46 [INFO] Chain [1] done processing
11:02:46 [INFO] ProphetWrapper fitted on 2851 rows — sin_year_1=-0.012 cos_year_1=0.037
11:02:46 [INFO] Chain [1] start processing
11:02:46 [INFO] Chain [1] done processing
11:02:46 [INFO] ProphetWrapper fitted on 2851 rows — sin_year_1=-0.019 cos_year_1=0.039
11:02:46 [INFO] Chain [1] start processing
11:02:46 [INFO] Chain [1] done processing
11:02:46 [INFO] ProphetWrapper fitted on 2855 rows — sin_year_1=-0.007 cos_year_1=0.044
11:02:47 [INFO] Round 6 — test accuracy: 0.580  macro-F1: 0.353  (3580 samples)
11:02:47 [INFO] ProphetWrapper FEDAVG round 7/10
11:02:47 [INFO] Chain [1] start processing
11:02:47 [INFO] Chain [1] done processing
11:02:47 [INFO] ProphetWrapper fitted on 2851 rows — sin_year_1=-0.017 cos_year_1=0.046
11:02:47 [INFO] Chain [1] start processing
11:02:47 [INFO] Chain [1] done processing
11:02:47 [INFO] ProphetWrapper fitted on 2851 rows — sin_year_1=-0.013 cos_year_1=0.041
11:02:48 [INFO] Chain [1] start processing
11:02:48 [INFO] Chain [1] done processing
11:02:48 [INFO] ProphetWrapper fitted on 2851 rows — sin_year_1=-0.010 cos_year_1=0.036
11:02:48 [INFO] Chain [1] start processing
11:02:48 [INFO] Chain [1] done processing
11:02:48 [INFO] ProphetWrapper fitted on 2851 rows — sin_year_1=-0.020 cos_year_1=0.041
11:02:48 [INFO] Chain [1] start processing
11:02:48 [INFO] Chain [1] done processing
11:02:48 [INFO] ProphetWrapper fitted on 2851 rows — sin_year_1=-0.006 cos_year_1=0.032
11:02:48 [INFO] Chain [1] start processing
11:02:49 [INFO] Chain [1] done processing
11:02:49 [INFO] ProphetWrapper fitted on 2851 rows — sin_year_1=-0.014 cos_year_1=0.047
11:02:49 [INFO] Chain [1] start processing
11:02:49 [INFO] Chain [1] done processing
11:02:49 [INFO] ProphetWrapper fitted on 2851 rows — sin_year_1=-0.017 cos_year_1=0.046
11:02:49 [INFO] Chain [1] start processing
11:02:49 [INFO] Chain [1] done processing
11:02:49 [INFO] ProphetWrapper fitted on 2851 rows — sin_year_1=-0.012 cos_year_1=0.037
11:02:49 [INFO] Chain [1] start processing
11:02:50 [INFO] Chain [1] done processing
11:02:50 [INFO] ProphetWrapper fitted on 2851 rows — sin_year_1=-0.019 cos_year_1=0.039
11:02:50 [INFO] Chain [1] start processing
11:02:50 [INFO] Chain [1] done processing
11:02:50 [INFO] ProphetWrapper fitted on 2855 rows — sin_year_1=-0.007 cos_year_1=0.044
11:02:51 [INFO] Round 7 — test accuracy: 0.578  macro-F1: 0.353  (3580 samples)
11:02:51 [INFO] ProphetWrapper FEDAVG round 8/10
11:02:51 [INFO] Chain [1] start processing
11:02:51 [INFO] Chain [1] done processing
11:02:51 [INFO] ProphetWrapper fitted on 2851 rows — sin_year_1=-0.017 cos_year_1=0.046
11:02:51 [INFO] Chain [1] start processing
11:02:51 [INFO] Chain [1] done processing
11:02:51 [INFO] ProphetWrapper fitted on 2851 rows — sin_year_1=-0.013 cos_year_1=0.041
11:02:51 [INFO] Chain [1] start processing
11:02:51 [INFO] Chain [1] done processing
11:02:51 [INFO] ProphetWrapper fitted on 2851 rows — sin_year_1=-0.010 cos_year_1=0.036
11:02:52 [INFO] Chain [1] start processing
11:02:52 [INFO] Chain [1] done processing
11:02:52 [INFO] ProphetWrapper fitted on 2851 rows — sin_year_1=-0.019 cos_year_1=0.041
11:02:52 [INFO] Chain [1] start processing
11:02:52 [INFO] Chain [1] done processing
11:02:52 [INFO] ProphetWrapper fitted on 2851 rows — sin_year_1=-0.006 cos_year_1=0.032
11:02:52 [INFO] Chain [1] start processing
11:02:52 [INFO] Chain [1] done processing
11:02:52 [INFO] ProphetWrapper fitted on 2851 rows — sin_year_1=-0.014 cos_year_1=0.047
11:02:52 [INFO] Chain [1] start processing
11:02:53 [INFO] Chain [1] done processing
11:02:53 [INFO] ProphetWrapper fitted on 2851 rows — sin_year_1=-0.017 cos_year_1=0.046
11:02:53 [INFO] Chain [1] start processing
11:02:53 [INFO] Chain [1] done processing
11:02:53 [INFO] ProphetWrapper fitted on 2851 rows — sin_year_1=-0.012 cos_year_1=0.037
11:02:53 [INFO] Chain [1] start processing
11:02:53 [INFO] Chain [1] done processing
11:02:53 [INFO] ProphetWrapper fitted on 2851 rows — sin_year_1=-0.019 cos_year_1=0.039
11:02:53 [INFO] Chain [1] start processing
11:02:54 [INFO] Chain [1] done processing
11:02:54 [INFO] ProphetWrapper fitted on 2855 rows — sin_year_1=-0.007 cos_year_1=0.044
11:02:56 [INFO] Round 8 — test accuracy: 0.575  macro-F1: 0.352  (3580 samples)
11:02:56 [INFO] ProphetWrapper FEDAVG round 9/10
11:02:57 [INFO] Chain [1] start processing
11:02:57 [INFO] Chain [1] done processing
11:02:57 [INFO] ProphetWrapper fitted on 2851 rows — sin_year_1=-0.017 cos_year_1=0.046
11:02:57 [INFO] Chain [1] start processing
11:02:57 [INFO] Chain [1] done processing
11:02:57 [INFO] ProphetWrapper fitted on 2851 rows — sin_year_1=-0.013 cos_year_1=0.041
11:02:57 [INFO] Chain [1] start processing
11:02:57 [INFO] Chain [1] done processing
11:02:57 [INFO] ProphetWrapper fitted on 2851 rows — sin_year_1=-0.010 cos_year_1=0.036
11:02:58 [INFO] Chain [1] start processing
11:02:58 [INFO] Chain [1] done processing
11:02:58 [INFO] ProphetWrapper fitted on 2851 rows — sin_year_1=-0.020 cos_year_1=0.041
11:02:58 [INFO] Chain [1] start processing
11:02:58 [INFO] Chain [1] done processing
11:02:58 [INFO] ProphetWrapper fitted on 2851 rows — sin_year_1=-0.006 cos_year_1=0.032
11:02:58 [INFO] Chain [1] start processing
11:02:58 [INFO] Chain [1] done processing
11:02:58 [INFO] ProphetWrapper fitted on 2851 rows — sin_year_1=-0.014 cos_year_1=0.047
11:02:58 [INFO] Chain [1] start processing
11:02:58 [INFO] Chain [1] done processing
11:02:58 [INFO] ProphetWrapper fitted on 2851 rows — sin_year_1=-0.017 cos_year_1=0.046
11:02:59 [INFO] Chain [1] start processing
11:02:59 [INFO] Chain [1] done processing
11:02:59 [INFO] ProphetWrapper fitted on 2851 rows — sin_year_1=-0.012 cos_year_1=0.037
11:02:59 [INFO] Chain [1] start processing
11:02:59 [INFO] Chain [1] done processing
11:02:59 [INFO] ProphetWrapper fitted on 2851 rows — sin_year_1=-0.019 cos_year_1=0.039
11:02:59 [INFO] Chain [1] start processing
11:02:59 [INFO] Chain [1] done processing
11:02:59 [INFO] ProphetWrapper fitted on 2855 rows — sin_year_1=-0.007 cos_year_1=0.044
11:03:00 [INFO] Round 9 — test accuracy: 0.576  macro-F1: 0.352  (3580 samples)
11:03:00 [INFO] ProphetWrapper FEDAVG round 10/10
11:03:00 [INFO] Chain [1] start processing
11:03:00 [INFO] Chain [1] done processing
11:03:00 [INFO] ProphetWrapper fitted on 2851 rows — sin_year_1=-0.017 cos_year_1=0.046
11:03:01 [INFO] Chain [1] start processing
11:03:01 [INFO] Chain [1] done processing
11:03:01 [INFO] ProphetWrapper fitted on 2851 rows — sin_year_1=-0.013 cos_year_1=0.041
11:03:01 [INFO] Chain [1] start processing
11:03:01 [INFO] Chain [1] done processing
11:03:01 [INFO] ProphetWrapper fitted on 2851 rows — sin_year_1=-0.010 cos_year_1=0.036
11:03:01 [INFO] Chain [1] start processing
11:03:01 [INFO] Chain [1] done processing
11:03:01 [INFO] ProphetWrapper fitted on 2851 rows — sin_year_1=-0.019 cos_year_1=0.041
11:03:01 [INFO] Chain [1] start processing
11:03:01 [INFO] Chain [1] done processing
11:03:01 [INFO] ProphetWrapper fitted on 2851 rows — sin_year_1=-0.006 cos_year_1=0.032
11:03:02 [INFO] Chain [1] start processing
11:03:02 [INFO] Chain [1] done processing
11:03:02 [INFO] ProphetWrapper fitted on 2851 rows — sin_year_1=-0.014 cos_year_1=0.047
11:03:02 [INFO] Chain [1] start processing
11:03:02 [INFO] Chain [1] done processing
11:03:02 [INFO] ProphetWrapper fitted on 2851 rows — sin_year_1=-0.017 cos_year_1=0.046
11:03:02 [INFO] Chain [1] start processing
11:03:02 [INFO] Chain [1] done processing
11:03:02 [INFO] ProphetWrapper fitted on 2851 rows — sin_year_1=-0.012 cos_year_1=0.037
11:03:03 [INFO] Chain [1] start processing
11:03:03 [INFO] Chain [1] done processing
11:03:03 [INFO] ProphetWrapper fitted on 2851 rows — sin_year_1=-0.019 cos_year_1=0.039
11:03:03 [INFO] Chain [1] start processing
11:03:03 [INFO] Chain [1] done processing
11:03:03 [INFO] ProphetWrapper fitted on 2855 rows — sin_year_1=-0.007 cos_year_1=0.044
11:03:04 [INFO] Round 10 — test accuracy: 0.579  macro-F1: 0.353  (3580 samples)
11:03:04 [INFO] ProphetWrapper FEDAVG prophet_fedavg_iid done. Final acc=0.579  Saved: results/e7_local_prophet/seeds/seed3023/e7_prophet_fedavg_iid_fl_metrics.csv
11:03:04 [INFO] E7 summary saved: results/e7_local_prophet/seeds/e7_summary_seed3023.csv
11:03:04 [INFO] === E7 replicate master=4099 (dir=results/e7_local_prophet/seeds/seed4099) ===
11:03:04 [INFO] === E7 ProphetWrapper + FEDGAM — geographic (max_train_years=None) ===
11:03:04 [INFO] ICA thresholds loaded: Q1=7.50 Q2=13.00 μg/m³
11:03:04 [INFO] Provinces loaded: ['Avila', 'Burgos', 'León', 'Palencia', 'Ponferrada', 'Salamanca', 'Segovia', 'Soria', 'Valladolid', 'Zamora']
11:03:04 [INFO] ProphetWrapper FEDGAM round 1/10
11:03:04 [INFO] Chain [1] start processing
11:03:04 [INFO] Chain [1] done processing
11:03:04 [INFO] ProphetWrapper fitted on 2305 rows — sin_year_1=-0.002 cos_year_1=0.043
11:03:05 [INFO] Chain [1] start processing
11:03:05 [INFO] Chain [1] done processing
11:03:05 [INFO] ProphetWrapper fitted on 2922 rows — sin_year_1=0.006 cos_year_1=0.036
11:03:05 [INFO] Chain [1] start processing
11:03:05 [INFO] Chain [1] done processing
11:03:05 [INFO] ProphetWrapper fitted on 2922 rows — sin_year_1=-0.026 cos_year_1=0.039
11:03:05 [INFO] Chain [1] start processing
11:03:05 [INFO] Chain [1] done processing
11:03:05 [INFO] ProphetWrapper fitted on 2922 rows — sin_year_1=-0.019 cos_year_1=0.067
11:03:06 [INFO] Chain [1] start processing
11:03:06 [INFO] Chain [1] done processing
11:03:06 [INFO] ProphetWrapper fitted on 2922 rows — sin_year_1=-0.018 cos_year_1=0.028
11:03:06 [INFO] Chain [1] start processing
11:03:06 [INFO] Chain [1] done processing
11:03:06 [INFO] ProphetWrapper fitted on 2922 rows — sin_year_1=-0.003 cos_year_1=0.031
11:03:06 [INFO] Chain [1] start processing
11:03:07 [INFO] Chain [1] done processing
11:03:07 [INFO] ProphetWrapper fitted on 2911 rows — sin_year_1=-0.019 cos_year_1=0.070
11:03:07 [INFO] Chain [1] start processing
11:03:07 [INFO] Chain [1] done processing
11:03:07 [INFO] ProphetWrapper fitted on 2912 rows — sin_year_1=-0.010 cos_year_1=0.026
11:03:07 [INFO] Chain [1] start processing
11:03:07 [INFO] Chain [1] done processing
11:03:07 [INFO] ProphetWrapper fitted on 2922 rows — sin_year_1=-0.023 cos_year_1=0.069
11:03:08 [INFO] Chain [1] start processing
11:03:08 [INFO] Chain [1] done processing
11:03:08 [INFO] ProphetWrapper fitted on 2854 rows — sin_year_1=-0.015 cos_year_1=0.059
11:03:08 [INFO] Round 1 — test accuracy: 0.564  macro-F1: 0.493  (3561 samples)
11:03:08 [INFO] ProphetWrapper FEDGAM round 2/10
11:03:09 [INFO] Chain [1] start processing
11:03:09 [INFO] Chain [1] done processing
11:03:09 [INFO] ProphetWrapper fitted on 2305 rows — sin_year_1=-0.001 cos_year_1=0.043
11:03:09 [INFO] Chain [1] start processing
11:03:09 [INFO] Chain [1] done processing
11:03:09 [INFO] ProphetWrapper fitted on 2922 rows — sin_year_1=0.006 cos_year_1=0.036
11:03:09 [INFO] Chain [1] start processing
11:03:09 [INFO] Chain [1] done processing
11:03:09 [INFO] ProphetWrapper fitted on 2922 rows — sin_year_1=-0.026 cos_year_1=0.039
11:03:09 [INFO] Chain [1] start processing
11:03:10 [INFO] Chain [1] done processing
11:03:10 [INFO] ProphetWrapper fitted on 2922 rows — sin_year_1=-0.019 cos_year_1=0.067
11:03:10 [INFO] Chain [1] start processing
11:03:10 [INFO] Chain [1] done processing
11:03:10 [INFO] ProphetWrapper fitted on 2922 rows — sin_year_1=-0.018 cos_year_1=0.028
11:03:10 [INFO] Chain [1] start processing
11:03:10 [INFO] Chain [1] done processing
11:03:10 [INFO] ProphetWrapper fitted on 2922 rows — sin_year_1=-0.002 cos_year_1=0.032
11:03:10 [INFO] Chain [1] start processing
11:03:11 [INFO] Chain [1] done processing
11:03:11 [INFO] ProphetWrapper fitted on 2911 rows — sin_year_1=-0.019 cos_year_1=0.070
11:03:11 [INFO] Chain [1] start processing
11:03:11 [INFO] Chain [1] done processing
11:03:11 [INFO] ProphetWrapper fitted on 2912 rows — sin_year_1=-0.010 cos_year_1=0.026
11:03:11 [INFO] Chain [1] start processing
11:03:11 [INFO] Chain [1] done processing
11:03:11 [INFO] ProphetWrapper fitted on 2922 rows — sin_year_1=-0.023 cos_year_1=0.069
11:03:11 [INFO] Chain [1] start processing
11:03:11 [INFO] Chain [1] done processing
11:03:11 [INFO] ProphetWrapper fitted on 2854 rows — sin_year_1=-0.016 cos_year_1=0.059
11:03:12 [INFO] Round 2 — test accuracy: 0.564  macro-F1: 0.493  (3561 samples)
11:03:12 [INFO] ProphetWrapper FEDGAM round 3/10
11:03:12 [INFO] Chain [1] start processing
11:03:12 [INFO] Chain [1] done processing
11:03:12 [INFO] ProphetWrapper fitted on 2305 rows — sin_year_1=-0.001 cos_year_1=0.043
11:03:13 [INFO] Chain [1] start processing
11:03:13 [INFO] Chain [1] done processing
11:03:13 [INFO] ProphetWrapper fitted on 2922 rows — sin_year_1=0.006 cos_year_1=0.036
11:03:13 [INFO] Chain [1] start processing
11:03:13 [INFO] Chain [1] done processing
11:03:13 [INFO] ProphetWrapper fitted on 2922 rows — sin_year_1=-0.026 cos_year_1=0.039
11:03:13 [INFO] Chain [1] start processing
11:03:13 [INFO] Chain [1] done processing
11:03:13 [INFO] ProphetWrapper fitted on 2922 rows — sin_year_1=-0.019 cos_year_1=0.067
11:03:13 [INFO] Chain [1] start processing
11:03:14 [INFO] Chain [1] done processing
11:03:14 [INFO] ProphetWrapper fitted on 2922 rows — sin_year_1=-0.018 cos_year_1=0.028
11:03:14 [INFO] Chain [1] start processing
11:03:14 [INFO] Chain [1] done processing
11:03:14 [INFO] ProphetWrapper fitted on 2922 rows — sin_year_1=-0.002 cos_year_1=0.032
11:03:14 [INFO] Chain [1] start processing
11:03:14 [INFO] Chain [1] done processing
11:03:14 [INFO] ProphetWrapper fitted on 2911 rows — sin_year_1=-0.019 cos_year_1=0.070
11:03:14 [INFO] Chain [1] start processing
11:03:14 [INFO] Chain [1] done processing
11:03:14 [INFO] ProphetWrapper fitted on 2912 rows — sin_year_1=-0.010 cos_year_1=0.026
11:03:14 [INFO] Chain [1] start processing
11:03:15 [INFO] Chain [1] done processing
11:03:15 [INFO] ProphetWrapper fitted on 2922 rows — sin_year_1=-0.023 cos_year_1=0.069
11:03:15 [INFO] Chain [1] start processing
11:03:15 [INFO] Chain [1] done processing
11:03:15 [INFO] ProphetWrapper fitted on 2854 rows — sin_year_1=-0.015 cos_year_1=0.059
11:03:16 [INFO] Round 3 — test accuracy: 0.565  macro-F1: 0.496  (3561 samples)
11:03:16 [INFO] ProphetWrapper FEDGAM round 4/10
11:03:16 [INFO] Chain [1] start processing
11:03:16 [INFO] Chain [1] done processing
11:03:16 [INFO] ProphetWrapper fitted on 2305 rows — sin_year_1=-0.001 cos_year_1=0.043
11:03:16 [INFO] Chain [1] start processing
11:03:16 [INFO] Chain [1] done processing
11:03:16 [INFO] ProphetWrapper fitted on 2922 rows — sin_year_1=0.006 cos_year_1=0.036
11:03:16 [INFO] Chain [1] start processing
11:03:16 [INFO] Chain [1] done processing
11:03:16 [INFO] ProphetWrapper fitted on 2922 rows — sin_year_1=-0.026 cos_year_1=0.039
11:03:17 [INFO] Chain [1] start processing
11:03:17 [INFO] Chain [1] done processing
11:03:17 [INFO] ProphetWrapper fitted on 2922 rows — sin_year_1=-0.019 cos_year_1=0.067
11:03:17 [INFO] Chain [1] start processing
11:03:17 [INFO] Chain [1] done processing
11:03:17 [INFO] ProphetWrapper fitted on 2922 rows — sin_year_1=-0.018 cos_year_1=0.028
11:03:17 [INFO] Chain [1] start processing
11:03:17 [INFO] Chain [1] done processing
11:03:17 [INFO] ProphetWrapper fitted on 2922 rows — sin_year_1=-0.002 cos_year_1=0.032
11:03:17 [INFO] Chain [1] start processing
11:03:18 [INFO] Chain [1] done processing
11:03:18 [INFO] ProphetWrapper fitted on 2911 rows — sin_year_1=-0.019 cos_year_1=0.070
11:03:18 [INFO] Chain [1] start processing
11:03:18 [INFO] Chain [1] done processing
11:03:18 [INFO] ProphetWrapper fitted on 2912 rows — sin_year_1=-0.010 cos_year_1=0.026
11:03:18 [INFO] Chain [1] start processing
11:03:18 [INFO] Chain [1] done processing
11:03:18 [INFO] ProphetWrapper fitted on 2922 rows — sin_year_1=-0.023 cos_year_1=0.069
11:03:18 [INFO] Chain [1] start processing
11:03:19 [INFO] Chain [1] done processing
11:03:19 [INFO] ProphetWrapper fitted on 2854 rows — sin_year_1=-0.015 cos_year_1=0.059
11:03:19 [INFO] Round 4 — test accuracy: 0.567  macro-F1: 0.498  (3561 samples)
11:03:19 [INFO] ProphetWrapper FEDGAM round 5/10
11:03:19 [INFO] Chain [1] start processing
11:03:19 [INFO] Chain [1] done processing
11:03:19 [INFO] ProphetWrapper fitted on 2305 rows — sin_year_1=-0.001 cos_year_1=0.043
11:03:20 [INFO] Chain [1] start processing
11:03:20 [INFO] Chain [1] done processing
11:03:20 [INFO] ProphetWrapper fitted on 2922 rows — sin_year_1=0.006 cos_year_1=0.036
11:03:20 [INFO] Chain [1] start processing
11:03:20 [INFO] Chain [1] done processing
11:03:20 [INFO] ProphetWrapper fitted on 2922 rows — sin_year_1=-0.026 cos_year_1=0.039
11:03:20 [INFO] Chain [1] start processing
11:03:20 [INFO] Chain [1] done processing
11:03:20 [INFO] ProphetWrapper fitted on 2922 rows — sin_year_1=-0.019 cos_year_1=0.067
11:03:21 [INFO] Chain [1] start processing
11:03:21 [INFO] Chain [1] done processing
11:03:21 [INFO] ProphetWrapper fitted on 2922 rows — sin_year_1=-0.018 cos_year_1=0.028
11:03:21 [INFO] Chain [1] start processing
11:03:21 [INFO] Chain [1] done processing
11:03:21 [INFO] ProphetWrapper fitted on 2922 rows — sin_year_1=-0.003 cos_year_1=0.032
11:03:21 [INFO] Chain [1] start processing
11:03:21 [INFO] Chain [1] done processing
11:03:21 [INFO] ProphetWrapper fitted on 2911 rows — sin_year_1=-0.019 cos_year_1=0.070
11:03:22 [INFO] Chain [1] start processing
11:03:22 [INFO] Chain [1] done processing
11:03:22 [INFO] ProphetWrapper fitted on 2912 rows — sin_year_1=-0.010 cos_year_1=0.026
11:03:22 [INFO] Chain [1] start processing
11:03:22 [INFO] Chain [1] done processing
11:03:22 [INFO] ProphetWrapper fitted on 2922 rows — sin_year_1=-0.023 cos_year_1=0.069
11:03:22 [INFO] Chain [1] start processing
11:03:22 [INFO] Chain [1] done processing
11:03:22 [INFO] ProphetWrapper fitted on 2854 rows — sin_year_1=-0.015 cos_year_1=0.059
11:03:23 [INFO] Round 5 — test accuracy: 0.568  macro-F1: 0.497  (3561 samples)
11:03:23 [INFO] ProphetWrapper FEDGAM round 6/10
11:03:23 [INFO] Chain [1] start processing
11:03:23 [INFO] Chain [1] done processing
11:03:23 [INFO] ProphetWrapper fitted on 2305 rows — sin_year_1=-0.001 cos_year_1=0.043
11:03:23 [INFO] Chain [1] start processing
11:03:23 [INFO] Chain [1] done processing
11:03:24 [INFO] ProphetWrapper fitted on 2922 rows — sin_year_1=0.006 cos_year_1=0.036
11:03:24 [INFO] Chain [1] start processing
11:03:24 [INFO] Chain [1] done processing
11:03:24 [INFO] ProphetWrapper fitted on 2922 rows — sin_year_1=-0.026 cos_year_1=0.039
11:03:24 [INFO] Chain [1] start processing
11:03:24 [INFO] Chain [1] done processing
11:03:24 [INFO] ProphetWrapper fitted on 2922 rows — sin_year_1=-0.019 cos_year_1=0.067
11:03:24 [INFO] Chain [1] start processing
11:03:25 [INFO] Chain [1] done processing
11:03:25 [INFO] ProphetWrapper fitted on 2922 rows — sin_year_1=-0.018 cos_year_1=0.028
11:03:25 [INFO] Chain [1] start processing
11:03:25 [INFO] Chain [1] done processing
11:03:25 [INFO] ProphetWrapper fitted on 2922 rows — sin_year_1=-0.003 cos_year_1=0.032
11:03:25 [INFO] Chain [1] start processing
11:03:25 [INFO] Chain [1] done processing
11:03:25 [INFO] ProphetWrapper fitted on 2911 rows — sin_year_1=-0.019 cos_year_1=0.070
11:03:25 [INFO] Chain [1] start processing
11:03:25 [INFO] Chain [1] done processing
11:03:25 [INFO] ProphetWrapper fitted on 2912 rows — sin_year_1=-0.010 cos_year_1=0.026
11:03:26 [INFO] Chain [1] start processing
11:03:26 [INFO] Chain [1] done processing
11:03:26 [INFO] ProphetWrapper fitted on 2922 rows — sin_year_1=-0.023 cos_year_1=0.069
11:03:26 [INFO] Chain [1] start processing
11:03:26 [INFO] Chain [1] done processing
11:03:26 [INFO] ProphetWrapper fitted on 2854 rows — sin_year_1=-0.015 cos_year_1=0.059
11:03:27 [INFO] Round 6 — test accuracy: 0.568  macro-F1: 0.497  (3561 samples)
11:03:27 [INFO] ProphetWrapper FEDGAM round 7/10
11:03:27 [INFO] Chain [1] start processing
11:03:27 [INFO] Chain [1] done processing
11:03:27 [INFO] ProphetWrapper fitted on 2305 rows — sin_year_1=-0.002 cos_year_1=0.043
11:03:27 [INFO] Chain [1] start processing
11:03:27 [INFO] Chain [1] done processing
11:03:27 [INFO] ProphetWrapper fitted on 2922 rows — sin_year_1=0.006 cos_year_1=0.036
11:03:27 [INFO] Chain [1] start processing
11:03:28 [INFO] Chain [1] done processing
11:03:28 [INFO] ProphetWrapper fitted on 2922 rows — sin_year_1=-0.026 cos_year_1=0.039
11:03:28 [INFO] Chain [1] start processing
11:03:28 [INFO] Chain [1] done processing
11:03:28 [INFO] ProphetWrapper fitted on 2922 rows — sin_year_1=-0.019 cos_year_1=0.067
11:03:28 [INFO] Chain [1] start processing
11:03:28 [INFO] Chain [1] done processing
11:03:28 [INFO] ProphetWrapper fitted on 2922 rows — sin_year_1=-0.018 cos_year_1=0.028
11:03:28 [INFO] Chain [1] start processing
11:03:28 [INFO] Chain [1] done processing
11:03:28 [INFO] ProphetWrapper fitted on 2922 rows — sin_year_1=-0.003 cos_year_1=0.032
11:03:31 [INFO] Chain [1] start processing
11:03:31 [INFO] Chain [1] done processing
11:03:31 [INFO] ProphetWrapper fitted on 2911 rows — sin_year_1=-0.019 cos_year_1=0.070
11:03:31 [INFO] Chain [1] start processing
11:03:31 [INFO] Chain [1] done processing
11:03:31 [INFO] ProphetWrapper fitted on 2912 rows — sin_year_1=-0.010 cos_year_1=0.026
11:03:32 [INFO] Chain [1] start processing
11:03:32 [INFO] Chain [1] done processing
11:03:32 [INFO] ProphetWrapper fitted on 2922 rows — sin_year_1=-0.023 cos_year_1=0.069
11:03:32 [INFO] Chain [1] start processing
11:03:32 [INFO] Chain [1] done processing
11:03:32 [INFO] ProphetWrapper fitted on 2854 rows — sin_year_1=-0.015 cos_year_1=0.059
11:03:33 [INFO] Round 7 — test accuracy: 0.568  macro-F1: 0.498  (3561 samples)
11:03:33 [INFO] ProphetWrapper FEDGAM round 8/10
11:03:33 [INFO] Chain [1] start processing
11:03:33 [INFO] Chain [1] done processing
11:03:33 [INFO] ProphetWrapper fitted on 2305 rows — sin_year_1=-0.001 cos_year_1=0.043
11:03:33 [INFO] Chain [1] start processing
11:03:33 [INFO] Chain [1] done processing
11:03:33 [INFO] ProphetWrapper fitted on 2922 rows — sin_year_1=0.006 cos_year_1=0.036
11:03:33 [INFO] Chain [1] start processing
11:03:33 [INFO] Chain [1] done processing
11:03:33 [INFO] ProphetWrapper fitted on 2922 rows — sin_year_1=-0.026 cos_year_1=0.039
11:03:34 [INFO] Chain [1] start processing
11:03:34 [INFO] Chain [1] done processing
11:03:34 [INFO] ProphetWrapper fitted on 2922 rows — sin_year_1=-0.019 cos_year_1=0.067
11:03:34 [INFO] Chain [1] start processing
11:03:34 [INFO] Chain [1] done processing
11:03:34 [INFO] ProphetWrapper fitted on 2922 rows — sin_year_1=-0.018 cos_year_1=0.028
11:03:34 [INFO] Chain [1] start processing
11:03:34 [INFO] Chain [1] done processing
11:03:34 [INFO] ProphetWrapper fitted on 2922 rows — sin_year_1=-0.002 cos_year_1=0.032
11:03:35 [INFO] Chain [1] start processing
11:03:35 [INFO] Chain [1] done processing
11:03:35 [INFO] ProphetWrapper fitted on 2911 rows — sin_year_1=-0.019 cos_year_1=0.070
11:03:35 [INFO] Chain [1] start processing
11:03:35 [INFO] Chain [1] done processing
11:03:35 [INFO] ProphetWrapper fitted on 2912 rows — sin_year_1=-0.010 cos_year_1=0.026
11:03:35 [INFO] Chain [1] start processing
11:03:35 [INFO] Chain [1] done processing
11:03:35 [INFO] ProphetWrapper fitted on 2922 rows — sin_year_1=-0.023 cos_year_1=0.069
11:03:36 [INFO] Chain [1] start processing
11:03:36 [INFO] Chain [1] done processing
11:03:36 [INFO] ProphetWrapper fitted on 2854 rows — sin_year_1=-0.015 cos_year_1=0.059
11:03:36 [INFO] Round 8 — test accuracy: 0.566  macro-F1: 0.497  (3561 samples)
11:03:36 [INFO] ProphetWrapper FEDGAM round 9/10
11:03:37 [INFO] Chain [1] start processing
11:03:37 [INFO] Chain [1] done processing
11:03:37 [INFO] ProphetWrapper fitted on 2305 rows — sin_year_1=-0.001 cos_year_1=0.043
11:03:37 [INFO] Chain [1] start processing
11:03:37 [INFO] Chain [1] done processing
11:03:37 [INFO] ProphetWrapper fitted on 2922 rows — sin_year_1=0.006 cos_year_1=0.036
11:03:37 [INFO] Chain [1] start processing
11:03:37 [INFO] Chain [1] done processing
11:03:37 [INFO] ProphetWrapper fitted on 2922 rows — sin_year_1=-0.026 cos_year_1=0.039
11:03:38 [INFO] Chain [1] start processing
11:03:38 [INFO] Chain [1] done processing
11:03:38 [INFO] ProphetWrapper fitted on 2922 rows — sin_year_1=-0.019 cos_year_1=0.067
11:03:38 [INFO] Chain [1] start processing
11:03:38 [INFO] Chain [1] done processing
11:03:38 [INFO] ProphetWrapper fitted on 2922 rows — sin_year_1=-0.018 cos_year_1=0.028
11:03:38 [INFO] Chain [1] start processing
11:03:38 [INFO] Chain [1] done processing
11:03:38 [INFO] ProphetWrapper fitted on 2922 rows — sin_year_1=-0.002 cos_year_1=0.032
11:03:38 [INFO] Chain [1] start processing
11:03:39 [INFO] Chain [1] done processing
11:03:39 [INFO] ProphetWrapper fitted on 2911 rows — sin_year_1=-0.019 cos_year_1=0.070
11:03:39 [INFO] Chain [1] start processing
11:03:39 [INFO] Chain [1] done processing
11:03:39 [INFO] ProphetWrapper fitted on 2912 rows — sin_year_1=-0.010 cos_year_1=0.026
11:03:39 [INFO] Chain [1] start processing
11:03:39 [INFO] Chain [1] done processing
11:03:39 [INFO] ProphetWrapper fitted on 2922 rows — sin_year_1=-0.023 cos_year_1=0.069
11:03:39 [INFO] Chain [1] start processing
11:03:40 [INFO] Chain [1] done processing
11:03:40 [INFO] ProphetWrapper fitted on 2854 rows — sin_year_1=-0.015 cos_year_1=0.059
11:03:40 [INFO] Round 9 — test accuracy: 0.569  macro-F1: 0.500  (3561 samples)
11:03:40 [INFO] ProphetWrapper FEDGAM round 10/10
11:03:40 [INFO] Chain [1] start processing
11:03:41 [INFO] Chain [1] done processing
11:03:41 [INFO] ProphetWrapper fitted on 2305 rows — sin_year_1=-0.001 cos_year_1=0.043
11:03:41 [INFO] Chain [1] start processing
11:03:41 [INFO] Chain [1] done processing
11:03:41 [INFO] ProphetWrapper fitted on 2922 rows — sin_year_1=0.006 cos_year_1=0.036
11:03:41 [INFO] Chain [1] start processing
11:03:41 [INFO] Chain [1] done processing
11:03:41 [INFO] ProphetWrapper fitted on 2922 rows — sin_year_1=-0.026 cos_year_1=0.039
11:03:41 [INFO] Chain [1] start processing
11:03:41 [INFO] Chain [1] done processing
11:03:41 [INFO] ProphetWrapper fitted on 2922 rows — sin_year_1=-0.019 cos_year_1=0.067
11:03:41 [INFO] Chain [1] start processing
11:03:42 [INFO] Chain [1] done processing
11:03:42 [INFO] ProphetWrapper fitted on 2922 rows — sin_year_1=-0.018 cos_year_1=0.028
11:03:42 [INFO] Chain [1] start processing
11:03:42 [INFO] Chain [1] done processing
11:03:42 [INFO] ProphetWrapper fitted on 2922 rows — sin_year_1=-0.003 cos_year_1=0.032
11:03:42 [INFO] Chain [1] start processing
11:03:42 [INFO] Chain [1] done processing
11:03:42 [INFO] ProphetWrapper fitted on 2911 rows — sin_year_1=-0.019 cos_year_1=0.070
11:03:42 [INFO] Chain [1] start processing
11:03:42 [INFO] Chain [1] done processing
11:03:42 [INFO] ProphetWrapper fitted on 2912 rows — sin_year_1=-0.010 cos_year_1=0.026
11:03:43 [INFO] Chain [1] start processing
11:03:43 [INFO] Chain [1] done processing
11:03:43 [INFO] ProphetWrapper fitted on 2922 rows — sin_year_1=-0.023 cos_year_1=0.069
11:03:43 [INFO] Chain [1] start processing
11:03:43 [INFO] Chain [1] done processing
11:03:43 [INFO] ProphetWrapper fitted on 2854 rows — sin_year_1=-0.015 cos_year_1=0.059
11:03:44 [INFO] Round 10 — test accuracy: 0.568  macro-F1: 0.498  (3561 samples)
11:03:44 [INFO] ProphetWrapper FEDGAM prophet_fedgam_geographic done. Final acc=0.568  Saved: results/e7_local_prophet/seeds/seed4099/e7_prophet_fedgam_geographic_fl_metrics.csv
11:03:44 [INFO] === E7 ProphetWrapper + FEDGAM — iid (max_train_years=None) ===
11:03:44 [INFO] ICA thresholds loaded: Q1=7.50 Q2=13.00 μg/m³
11:03:44 [INFO] Provinces loaded: ['Avila', 'Burgos', 'León', 'Palencia', 'Ponferrada', 'Salamanca', 'Segovia', 'Soria', 'Valladolid', 'Zamora']
11:03:44 [INFO] ProphetWrapper FEDGAM round 1/10
11:03:44 [INFO] Chain [1] start processing
11:03:45 [INFO] Chain [1] done processing
11:03:45 [INFO] ProphetWrapper fitted on 2851 rows — sin_year_1=-0.012 cos_year_1=0.034
11:03:45 [INFO] Chain [1] start processing
11:03:45 [INFO] Chain [1] done processing
11:03:45 [INFO] ProphetWrapper fitted on 2851 rows — sin_year_1=-0.010 cos_year_1=0.034
11:03:45 [INFO] Chain [1] start processing
11:03:45 [INFO] Chain [1] done processing
11:03:45 [INFO] ProphetWrapper fitted on 2851 rows — sin_year_1=-0.011 cos_year_1=0.040
11:03:45 [INFO] Chain [1] start processing
11:03:46 [INFO] Chain [1] done processing
11:03:46 [INFO] ProphetWrapper fitted on 2851 rows — sin_year_1=-0.018 cos_year_1=0.044
11:03:46 [INFO] Chain [1] start processing
11:03:46 [INFO] Chain [1] done processing
11:03:46 [INFO] ProphetWrapper fitted on 2851 rows — sin_year_1=-0.009 cos_year_1=0.041
11:03:46 [INFO] Chain [1] start processing
11:03:46 [INFO] Chain [1] done processing
11:03:46 [INFO] ProphetWrapper fitted on 2851 rows — sin_year_1=-0.020 cos_year_1=0.046
11:03:46 [INFO] Chain [1] start processing
11:03:46 [INFO] Chain [1] done processing
11:03:46 [INFO] ProphetWrapper fitted on 2851 rows — sin_year_1=-0.010 cos_year_1=0.044
11:03:47 [INFO] Chain [1] start processing
11:03:47 [INFO] Chain [1] done processing
11:03:47 [INFO] ProphetWrapper fitted on 2851 rows — sin_year_1=-0.009 cos_year_1=0.041
11:03:47 [INFO] Chain [1] start processing
11:03:47 [INFO] Chain [1] done processing
11:03:47 [INFO] ProphetWrapper fitted on 2851 rows — sin_year_1=-0.018 cos_year_1=0.038
11:03:47 [INFO] Chain [1] start processing
11:03:47 [INFO] Chain [1] done processing
11:03:47 [INFO] ProphetWrapper fitted on 2855 rows — sin_year_1=-0.017 cos_year_1=0.040
11:03:48 [INFO] Round 1 — test accuracy: 0.582  macro-F1: 0.361  (3580 samples)
11:03:48 [INFO] ProphetWrapper FEDGAM round 2/10
11:03:48 [INFO] Chain [1] start processing
11:03:48 [INFO] Chain [1] done processing
11:03:48 [INFO] ProphetWrapper fitted on 2851 rows — sin_year_1=-0.012 cos_year_1=0.034
11:03:49 [INFO] Chain [1] start processing
11:03:49 [INFO] Chain [1] done processing
11:03:49 [INFO] ProphetWrapper fitted on 2851 rows — sin_year_1=-0.010 cos_year_1=0.034
11:03:49 [INFO] Chain [1] start processing
11:03:49 [INFO] Chain [1] done processing
11:03:49 [INFO] ProphetWrapper fitted on 2851 rows — sin_year_1=-0.011 cos_year_1=0.039
11:03:49 [INFO] Chain [1] start processing
11:03:49 [INFO] Chain [1] done processing
11:03:49 [INFO] ProphetWrapper fitted on 2851 rows — sin_year_1=-0.018 cos_year_1=0.044
11:03:49 [INFO] Chain [1] start processing
11:03:50 [INFO] Chain [1] done processing
11:03:50 [INFO] ProphetWrapper fitted on 2851 rows — sin_year_1=-0.009 cos_year_1=0.041
11:03:50 [INFO] Chain [1] start processing
11:03:50 [INFO] Chain [1] done processing
11:03:50 [INFO] ProphetWrapper fitted on 2851 rows — sin_year_1=-0.020 cos_year_1=0.046
11:03:50 [INFO] Chain [1] start processing
11:03:50 [INFO] Chain [1] done processing
11:03:50 [INFO] ProphetWrapper fitted on 2851 rows — sin_year_1=-0.010 cos_year_1=0.044
11:03:50 [INFO] Chain [1] start processing
11:03:50 [INFO] Chain [1] done processing
11:03:50 [INFO] ProphetWrapper fitted on 2851 rows — sin_year_1=-0.009 cos_year_1=0.041
11:03:51 [INFO] Chain [1] start processing
11:03:51 [INFO] Chain [1] done processing
11:03:51 [INFO] ProphetWrapper fitted on 2851 rows — sin_year_1=-0.018 cos_year_1=0.038
11:03:51 [INFO] Chain [1] start processing
11:03:51 [INFO] Chain [1] done processing
11:03:51 [INFO] ProphetWrapper fitted on 2855 rows — sin_year_1=-0.017 cos_year_1=0.040
11:03:52 [INFO] Round 2 — test accuracy: 0.580  macro-F1: 0.360  (3580 samples)
11:03:52 [INFO] ProphetWrapper FEDGAM round 3/10
11:03:52 [INFO] Chain [1] start processing
11:03:52 [INFO] Chain [1] done processing
11:03:52 [INFO] ProphetWrapper fitted on 2851 rows — sin_year_1=-0.012 cos_year_1=0.034
11:03:52 [INFO] Chain [1] start processing
11:03:52 [INFO] Chain [1] done processing
11:03:52 [INFO] ProphetWrapper fitted on 2851 rows — sin_year_1=-0.010 cos_year_1=0.034
11:03:53 [INFO] Chain [1] start processing
11:03:53 [INFO] Chain [1] done processing
11:03:53 [INFO] ProphetWrapper fitted on 2851 rows — sin_year_1=-0.011 cos_year_1=0.040
11:03:53 [INFO] Chain [1] start processing
11:03:53 [INFO] Chain [1] done processing
11:03:53 [INFO] ProphetWrapper fitted on 2851 rows — sin_year_1=-0.018 cos_year_1=0.044
11:03:53 [INFO] Chain [1] start processing
11:03:53 [INFO] Chain [1] done processing
11:03:53 [INFO] ProphetWrapper fitted on 2851 rows — sin_year_1=-0.009 cos_year_1=0.041
11:03:53 [INFO] Chain [1] start processing
11:03:54 [INFO] Chain [1] done processing
11:03:54 [INFO] ProphetWrapper fitted on 2851 rows — sin_year_1=-0.020 cos_year_1=0.046
11:03:54 [INFO] Chain [1] start processing
11:03:54 [INFO] Chain [1] done processing
11:03:54 [INFO] ProphetWrapper fitted on 2851 rows — sin_year_1=-0.010 cos_year_1=0.044
11:03:54 [INFO] Chain [1] start processing
11:03:54 [INFO] Chain [1] done processing
11:03:54 [INFO] ProphetWrapper fitted on 2851 rows — sin_year_1=-0.009 cos_year_1=0.041
11:03:54 [INFO] Chain [1] start processing
11:03:55 [INFO] Chain [1] done processing
11:03:55 [INFO] ProphetWrapper fitted on 2851 rows — sin_year_1=-0.018 cos_year_1=0.038
11:03:55 [INFO] Chain [1] start processing
11:03:55 [INFO] Chain [1] done processing
11:03:55 [INFO] ProphetWrapper fitted on 2855 rows — sin_year_1=-0.017 cos_year_1=0.040
11:03:55 [INFO] Round 3 — test accuracy: 0.579  macro-F1: 0.357  (3580 samples)
11:03:56 [INFO] ProphetWrapper FEDGAM round 4/10
11:03:56 [INFO] Chain [1] start processing
11:03:56 [INFO] Chain [1] done processing
11:03:56 [INFO] ProphetWrapper fitted on 2851 rows — sin_year_1=-0.012 cos_year_1=0.034
11:03:56 [INFO] Chain [1] start processing
11:03:56 [INFO] Chain [1] done processing
11:03:56 [INFO] ProphetWrapper fitted on 2851 rows — sin_year_1=-0.010 cos_year_1=0.034
11:03:56 [INFO] Chain [1] start processing
11:03:56 [INFO] Chain [1] done processing
11:03:56 [INFO] ProphetWrapper fitted on 2851 rows — sin_year_1=-0.011 cos_year_1=0.040
11:03:56 [INFO] Chain [1] start processing
11:03:57 [INFO] Chain [1] done processing
11:03:57 [INFO] ProphetWrapper fitted on 2851 rows — sin_year_1=-0.018 cos_year_1=0.044
11:03:57 [INFO] Chain [1] start processing
11:03:57 [INFO] Chain [1] done processing
11:03:57 [INFO] ProphetWrapper fitted on 2851 rows — sin_year_1=-0.009 cos_year_1=0.041
11:03:57 [INFO] Chain [1] start processing
11:03:57 [INFO] Chain [1] done processing
11:03:57 [INFO] ProphetWrapper fitted on 2851 rows — sin_year_1=-0.020 cos_year_1=0.046
11:03:57 [INFO] Chain [1] start processing
11:03:58 [INFO] Chain [1] done processing
11:03:58 [INFO] ProphetWrapper fitted on 2851 rows — sin_year_1=-0.010 cos_year_1=0.044
11:03:58 [INFO] Chain [1] start processing
11:03:58 [INFO] Chain [1] done processing
11:03:58 [INFO] ProphetWrapper fitted on 2851 rows — sin_year_1=-0.009 cos_year_1=0.041
11:03:58 [INFO] Chain [1] start processing
11:03:58 [INFO] Chain [1] done processing
11:03:58 [INFO] ProphetWrapper fitted on 2851 rows — sin_year_1=-0.018 cos_year_1=0.038
11:03:58 [INFO] Chain [1] start processing
11:03:58 [INFO] Chain [1] done processing
11:03:58 [INFO] ProphetWrapper fitted on 2855 rows — sin_year_1=-0.017 cos_year_1=0.040
11:03:59 [INFO] Round 4 — test accuracy: 0.581  macro-F1: 0.361  (3580 samples)
11:03:59 [INFO] ProphetWrapper FEDGAM round 5/10
11:03:59 [INFO] Chain [1] start processing
11:03:59 [INFO] Chain [1] done processing
11:03:59 [INFO] ProphetWrapper fitted on 2851 rows — sin_year_1=-0.012 cos_year_1=0.034
11:04:00 [INFO] Chain [1] start processing
11:04:00 [INFO] Chain [1] done processing
11:04:00 [INFO] ProphetWrapper fitted on 2851 rows — sin_year_1=-0.010 cos_year_1=0.034
11:04:00 [INFO] Chain [1] start processing
11:04:00 [INFO] Chain [1] done processing
11:04:00 [INFO] ProphetWrapper fitted on 2851 rows — sin_year_1=-0.011 cos_year_1=0.040
11:04:00 [INFO] Chain [1] start processing
11:04:00 [INFO] Chain [1] done processing
11:04:00 [INFO] ProphetWrapper fitted on 2851 rows — sin_year_1=-0.018 cos_year_1=0.044
11:04:01 [INFO] Chain [1] start processing
11:04:01 [INFO] Chain [1] done processing
11:04:01 [INFO] ProphetWrapper fitted on 2851 rows — sin_year_1=-0.009 cos_year_1=0.041
11:04:01 [INFO] Chain [1] start processing
11:04:01 [INFO] Chain [1] done processing
11:04:01 [INFO] ProphetWrapper fitted on 2851 rows — sin_year_1=-0.019 cos_year_1=0.046
11:04:01 [INFO] Chain [1] start processing
11:04:01 [INFO] Chain [1] done processing
11:04:01 [INFO] ProphetWrapper fitted on 2851 rows — sin_year_1=-0.010 cos_year_1=0.044
11:04:01 [INFO] Chain [1] start processing
11:04:02 [INFO] Chain [1] done processing
11:04:02 [INFO] ProphetWrapper fitted on 2851 rows — sin_year_1=-0.009 cos_year_1=0.041
11:04:02 [INFO] Chain [1] start processing
11:04:02 [INFO] Chain [1] done processing
11:04:02 [INFO] ProphetWrapper fitted on 2851 rows — sin_year_1=-0.018 cos_year_1=0.038
11:04:02 [INFO] Chain [1] start processing
11:04:02 [INFO] Chain [1] done processing
11:04:02 [INFO] ProphetWrapper fitted on 2855 rows — sin_year_1=-0.017 cos_year_1=0.040
11:04:03 [INFO] Round 5 — test accuracy: 0.578  macro-F1: 0.359  (3580 samples)
11:04:03 [INFO] ProphetWrapper FEDGAM round 6/10
11:04:03 [INFO] Chain [1] start processing
11:04:05 [INFO] Chain [1] done processing
11:04:05 [INFO] ProphetWrapper fitted on 2851 rows — sin_year_1=-0.012 cos_year_1=0.034
11:04:05 [INFO] Chain [1] start processing
11:04:06 [INFO] Chain [1] done processing
11:04:06 [INFO] ProphetWrapper fitted on 2851 rows — sin_year_1=-0.010 cos_year_1=0.034
11:04:06 [INFO] Chain [1] start processing
11:04:06 [INFO] Chain [1] done processing
11:04:06 [INFO] ProphetWrapper fitted on 2851 rows — sin_year_1=-0.011 cos_year_1=0.040
11:04:06 [INFO] Chain [1] start processing
11:04:06 [INFO] Chain [1] done processing
11:04:06 [INFO] ProphetWrapper fitted on 2851 rows — sin_year_1=-0.018 cos_year_1=0.044
11:04:06 [INFO] Chain [1] start processing
11:04:07 [INFO] Chain [1] done processing
11:04:07 [INFO] ProphetWrapper fitted on 2851 rows — sin_year_1=-0.009 cos_year_1=0.041
11:04:07 [INFO] Chain [1] start processing
11:04:07 [INFO] Chain [1] done processing
11:04:07 [INFO] ProphetWrapper fitted on 2851 rows — sin_year_1=-0.019 cos_year_1=0.046
11:04:07 [INFO] Chain [1] start processing
11:04:07 [INFO] Chain [1] done processing
11:04:07 [INFO] ProphetWrapper fitted on 2851 rows — sin_year_1=-0.010 cos_year_1=0.044
11:04:07 [INFO] Chain [1] start processing
11:04:08 [INFO] Chain [1] done processing
11:04:08 [INFO] ProphetWrapper fitted on 2851 rows — sin_year_1=-0.009 cos_year_1=0.041
11:04:08 [INFO] Chain [1] start processing
11:04:08 [INFO] Chain [1] done processing
11:04:08 [INFO] ProphetWrapper fitted on 2851 rows — sin_year_1=-0.018 cos_year_1=0.038
11:04:08 [INFO] Chain [1] start processing
11:04:08 [INFO] Chain [1] done processing
11:04:08 [INFO] ProphetWrapper fitted on 2855 rows — sin_year_1=-0.017 cos_year_1=0.040
11:04:09 [INFO] Round 6 — test accuracy: 0.580  macro-F1: 0.361  (3580 samples)
11:04:09 [INFO] ProphetWrapper FEDGAM round 7/10
11:04:09 [INFO] Chain [1] start processing
11:04:09 [INFO] Chain [1] done processing
11:04:09 [INFO] ProphetWrapper fitted on 2851 rows — sin_year_1=-0.012 cos_year_1=0.034
11:04:09 [INFO] Chain [1] start processing
11:04:10 [INFO] Chain [1] done processing
11:04:10 [INFO] ProphetWrapper fitted on 2851 rows — sin_year_1=-0.010 cos_year_1=0.034
11:04:10 [INFO] Chain [1] start processing
11:04:10 [INFO] Chain [1] done processing
11:04:10 [INFO] ProphetWrapper fitted on 2851 rows — sin_year_1=-0.011 cos_year_1=0.040
11:04:10 [INFO] Chain [1] start processing
11:04:10 [INFO] Chain [1] done processing
11:04:10 [INFO] ProphetWrapper fitted on 2851 rows — sin_year_1=-0.018 cos_year_1=0.044
11:04:10 [INFO] Chain [1] start processing
11:04:10 [INFO] Chain [1] done processing
11:04:10 [INFO] ProphetWrapper fitted on 2851 rows — sin_year_1=-0.009 cos_year_1=0.041
11:04:11 [INFO] Chain [1] start processing
11:04:11 [INFO] Chain [1] done processing
11:04:11 [INFO] ProphetWrapper fitted on 2851 rows — sin_year_1=-0.020 cos_year_1=0.046
11:04:11 [INFO] Chain [1] start processing
11:04:11 [INFO] Chain [1] done processing
11:04:11 [INFO] ProphetWrapper fitted on 2851 rows — sin_year_1=-0.010 cos_year_1=0.044
11:04:11 [INFO] Chain [1] start processing
11:04:11 [INFO] Chain [1] done processing
11:04:11 [INFO] ProphetWrapper fitted on 2851 rows — sin_year_1=-0.009 cos_year_1=0.041
11:04:11 [INFO] Chain [1] start processing
11:04:11 [INFO] Chain [1] done processing
11:04:11 [INFO] ProphetWrapper fitted on 2851 rows — sin_year_1=-0.018 cos_year_1=0.038
11:04:12 [INFO] Chain [1] start processing
11:04:12 [INFO] Chain [1] done processing
11:04:12 [INFO] ProphetWrapper fitted on 2855 rows — sin_year_1=-0.017 cos_year_1=0.040
11:04:12 [INFO] Round 7 — test accuracy: 0.581  macro-F1: 0.361  (3580 samples)
11:04:12 [INFO] ProphetWrapper FEDGAM round 8/10
11:04:13 [INFO] Chain [1] start processing
11:04:13 [INFO] Chain [1] done processing
11:04:13 [INFO] ProphetWrapper fitted on 2851 rows — sin_year_1=-0.012 cos_year_1=0.034
11:04:13 [INFO] Chain [1] start processing
11:04:13 [INFO] Chain [1] done processing
11:04:13 [INFO] ProphetWrapper fitted on 2851 rows — sin_year_1=-0.010 cos_year_1=0.034
11:04:13 [INFO] Chain [1] start processing
11:04:13 [INFO] Chain [1] done processing
11:04:13 [INFO] ProphetWrapper fitted on 2851 rows — sin_year_1=-0.011 cos_year_1=0.040
11:04:14 [INFO] Chain [1] start processing
11:04:14 [INFO] Chain [1] done processing
11:04:14 [INFO] ProphetWrapper fitted on 2851 rows — sin_year_1=-0.018 cos_year_1=0.044
11:04:14 [INFO] Chain [1] start processing
11:04:14 [INFO] Chain [1] done processing
11:04:14 [INFO] ProphetWrapper fitted on 2851 rows — sin_year_1=-0.009 cos_year_1=0.041
11:04:14 [INFO] Chain [1] start processing
11:04:14 [INFO] Chain [1] done processing
11:04:14 [INFO] ProphetWrapper fitted on 2851 rows — sin_year_1=-0.020 cos_year_1=0.046
11:04:14 [INFO] Chain [1] start processing
11:04:15 [INFO] Chain [1] done processing
11:04:15 [INFO] ProphetWrapper fitted on 2851 rows — sin_year_1=-0.010 cos_year_1=0.044
11:04:15 [INFO] Chain [1] start processing
11:04:15 [INFO] Chain [1] done processing
11:04:15 [INFO] ProphetWrapper fitted on 2851 rows — sin_year_1=-0.009 cos_year_1=0.041
11:04:15 [INFO] Chain [1] start processing
11:04:15 [INFO] Chain [1] done processing
11:04:15 [INFO] ProphetWrapper fitted on 2851 rows — sin_year_1=-0.018 cos_year_1=0.038
11:04:15 [INFO] Chain [1] start processing
11:04:15 [INFO] Chain [1] done processing
11:04:15 [INFO] ProphetWrapper fitted on 2855 rows — sin_year_1=-0.017 cos_year_1=0.040
11:04:16 [INFO] Round 8 — test accuracy: 0.579  macro-F1: 0.360  (3580 samples)
11:04:16 [INFO] ProphetWrapper FEDGAM round 9/10
11:04:16 [INFO] Chain [1] start processing
11:04:16 [INFO] Chain [1] done processing
11:04:16 [INFO] ProphetWrapper fitted on 2851 rows — sin_year_1=-0.012 cos_year_1=0.034
11:04:16 [INFO] Chain [1] start processing
11:04:16 [INFO] Chain [1] done processing
11:04:17 [INFO] ProphetWrapper fitted on 2851 rows — sin_year_1=-0.010 cos_year_1=0.034
11:04:17 [INFO] Chain [1] start processing
11:04:17 [INFO] Chain [1] done processing
11:04:17 [INFO] ProphetWrapper fitted on 2851 rows — sin_year_1=-0.011 cos_year_1=0.040
11:04:17 [INFO] Chain [1] start processing
11:04:17 [INFO] Chain [1] done processing
11:04:17 [INFO] ProphetWrapper fitted on 2851 rows — sin_year_1=-0.018 cos_year_1=0.044
11:04:17 [INFO] Chain [1] start processing
11:04:17 [INFO] Chain [1] done processing
11:04:17 [INFO] ProphetWrapper fitted on 2851 rows — sin_year_1=-0.009 cos_year_1=0.041
11:04:18 [INFO] Chain [1] start processing
11:04:18 [INFO] Chain [1] done processing
11:04:18 [INFO] ProphetWrapper fitted on 2851 rows — sin_year_1=-0.019 cos_year_1=0.046
11:04:18 [INFO] Chain [1] start processing
11:04:18 [INFO] Chain [1] done processing
11:04:18 [INFO] ProphetWrapper fitted on 2851 rows — sin_year_1=-0.010 cos_year_1=0.044
11:04:18 [INFO] Chain [1] start processing
11:04:18 [INFO] Chain [1] done processing
11:04:18 [INFO] ProphetWrapper fitted on 2851 rows — sin_year_1=-0.009 cos_year_1=0.041
11:04:19 [INFO] Chain [1] start processing
11:04:19 [INFO] Chain [1] done processing
11:04:19 [INFO] ProphetWrapper fitted on 2851 rows — sin_year_1=-0.018 cos_year_1=0.038
11:04:19 [INFO] Chain [1] start processing
11:04:19 [INFO] Chain [1] done processing
11:04:19 [INFO] ProphetWrapper fitted on 2855 rows — sin_year_1=-0.017 cos_year_1=0.040
11:04:20 [INFO] Round 9 — test accuracy: 0.578  macro-F1: 0.360  (3580 samples)
11:04:20 [INFO] ProphetWrapper FEDGAM round 10/10
11:04:20 [INFO] Chain [1] start processing
11:04:20 [INFO] Chain [1] done processing
11:04:20 [INFO] ProphetWrapper fitted on 2851 rows — sin_year_1=-0.012 cos_year_1=0.034
11:04:20 [INFO] Chain [1] start processing
11:04:20 [INFO] Chain [1] done processing
11:04:20 [INFO] ProphetWrapper fitted on 2851 rows — sin_year_1=-0.010 cos_year_1=0.034
11:04:20 [INFO] Chain [1] start processing
11:04:20 [INFO] Chain [1] done processing
11:04:20 [INFO] ProphetWrapper fitted on 2851 rows — sin_year_1=-0.011 cos_year_1=0.040
11:04:21 [INFO] Chain [1] start processing
11:04:21 [INFO] Chain [1] done processing
11:04:21 [INFO] ProphetWrapper fitted on 2851 rows — sin_year_1=-0.018 cos_year_1=0.044
11:04:21 [INFO] Chain [1] start processing
11:04:21 [INFO] Chain [1] done processing
11:04:21 [INFO] ProphetWrapper fitted on 2851 rows — sin_year_1=-0.009 cos_year_1=0.041
11:04:21 [INFO] Chain [1] start processing
11:04:21 [INFO] Chain [1] done processing
11:04:21 [INFO] ProphetWrapper fitted on 2851 rows — sin_year_1=-0.020 cos_year_1=0.046
11:04:22 [INFO] Chain [1] start processing
11:04:22 [INFO] Chain [1] done processing
11:04:22 [INFO] ProphetWrapper fitted on 2851 rows — sin_year_1=-0.010 cos_year_1=0.044
11:04:22 [INFO] Chain [1] start processing
11:04:22 [INFO] Chain [1] done processing
11:04:22 [INFO] ProphetWrapper fitted on 2851 rows — sin_year_1=-0.009 cos_year_1=0.041
11:04:22 [INFO] Chain [1] start processing
11:04:22 [INFO] Chain [1] done processing
11:04:22 [INFO] ProphetWrapper fitted on 2851 rows — sin_year_1=-0.018 cos_year_1=0.038
11:04:22 [INFO] Chain [1] start processing
11:04:23 [INFO] Chain [1] done processing
11:04:23 [INFO] ProphetWrapper fitted on 2855 rows — sin_year_1=-0.017 cos_year_1=0.040
11:04:23 [INFO] Round 10 — test accuracy: 0.582  macro-F1: 0.359  (3580 samples)
11:04:23 [INFO] ProphetWrapper FEDGAM prophet_fedgam_iid done. Final acc=0.582  Saved: results/e7_local_prophet/seeds/seed4099/e7_prophet_fedgam_iid_fl_metrics.csv
11:04:23 [INFO] === E7 ProphetWrapper + FEDAVG — geographic (max_train_years=None) ===
11:04:23 [INFO] ICA thresholds loaded: Q1=7.50 Q2=13.00 μg/m³
11:04:24 [INFO] Provinces loaded: ['Avila', 'Burgos', 'León', 'Palencia', 'Ponferrada', 'Salamanca', 'Segovia', 'Soria', 'Valladolid', 'Zamora']
11:04:24 [INFO] ProphetWrapper FEDAVG round 1/10
11:04:24 [INFO] Chain [1] start processing
11:04:24 [INFO] Chain [1] done processing
11:04:24 [INFO] ProphetWrapper fitted on 2305 rows — sin_year_1=-0.002 cos_year_1=0.043
11:04:24 [INFO] Chain [1] start processing
11:04:24 [INFO] Chain [1] done processing
11:04:24 [INFO] ProphetWrapper fitted on 2922 rows — sin_year_1=0.006 cos_year_1=0.036
11:04:25 [INFO] Chain [1] start processing
11:04:25 [INFO] Chain [1] done processing
11:04:25 [INFO] ProphetWrapper fitted on 2922 rows — sin_year_1=-0.026 cos_year_1=0.039
11:04:25 [INFO] Chain [1] start processing
11:04:25 [INFO] Chain [1] done processing
11:04:25 [INFO] ProphetWrapper fitted on 2922 rows — sin_year_1=-0.019 cos_year_1=0.067
11:04:25 [INFO] Chain [1] start processing
11:04:26 [INFO] Chain [1] done processing
11:04:26 [INFO] ProphetWrapper fitted on 2922 rows — sin_year_1=-0.018 cos_year_1=0.028
11:04:26 [INFO] Chain [1] start processing
11:04:26 [INFO] Chain [1] done processing
11:04:26 [INFO] ProphetWrapper fitted on 2922 rows — sin_year_1=-0.003 cos_year_1=0.031
11:04:26 [INFO] Chain [1] start processing
11:04:26 [INFO] Chain [1] done processing
11:04:26 [INFO] ProphetWrapper fitted on 2911 rows — sin_year_1=-0.019 cos_year_1=0.070
11:04:26 [INFO] Chain [1] start processing
11:04:27 [INFO] Chain [1] done processing
11:04:27 [INFO] ProphetWrapper fitted on 2912 rows — sin_year_1=-0.010 cos_year_1=0.026
11:04:27 [INFO] Chain [1] start processing
11:04:27 [INFO] Chain [1] done processing
11:04:27 [INFO] ProphetWrapper fitted on 2922 rows — sin_year_1=-0.023 cos_year_1=0.069
11:04:27 [INFO] Chain [1] start processing
11:04:27 [INFO] Chain [1] done processing
11:04:27 [INFO] ProphetWrapper fitted on 2854 rows — sin_year_1=-0.015 cos_year_1=0.059
11:04:28 [INFO] Round 1 — test accuracy: 0.564  macro-F1: 0.493  (3561 samples)
11:04:28 [INFO] ProphetWrapper FEDAVG round 2/10
11:04:28 [INFO] Chain [1] start processing
11:04:28 [INFO] Chain [1] done processing
11:04:28 [INFO] ProphetWrapper fitted on 2305 rows — sin_year_1=-0.002 cos_year_1=0.043
11:04:28 [INFO] Chain [1] start processing
11:04:29 [INFO] Chain [1] done processing
11:04:29 [INFO] ProphetWrapper fitted on 2922 rows — sin_year_1=0.006 cos_year_1=0.036
11:04:29 [INFO] Chain [1] start processing
11:04:29 [INFO] Chain [1] done processing
11:04:29 [INFO] ProphetWrapper fitted on 2922 rows — sin_year_1=-0.026 cos_year_1=0.039
11:04:29 [INFO] Chain [1] start processing
11:04:30 [INFO] Chain [1] done processing
11:04:30 [INFO] ProphetWrapper fitted on 2922 rows — sin_year_1=-0.019 cos_year_1=0.068
11:04:30 [INFO] Chain [1] start processing
11:04:30 [INFO] Chain [1] done processing
11:04:30 [INFO] ProphetWrapper fitted on 2922 rows — sin_year_1=-0.018 cos_year_1=0.028
11:04:30 [INFO] Chain [1] start processing
11:04:30 [INFO] Chain [1] done processing
11:04:30 [INFO] ProphetWrapper fitted on 2922 rows — sin_year_1=-0.002 cos_year_1=0.032
11:04:31 [INFO] Chain [1] start processing
11:04:31 [INFO] Chain [1] done processing
11:04:31 [INFO] ProphetWrapper fitted on 2911 rows — sin_year_1=-0.019 cos_year_1=0.070
11:04:31 [INFO] Chain [1] start processing
11:04:31 [INFO] Chain [1] done processing
11:04:31 [INFO] ProphetWrapper fitted on 2912 rows — sin_year_1=-0.010 cos_year_1=0.026
11:04:31 [INFO] Chain [1] start processing
11:04:31 [INFO] Chain [1] done processing
11:04:31 [INFO] ProphetWrapper fitted on 2922 rows — sin_year_1=-0.023 cos_year_1=0.069
11:04:32 [INFO] Chain [1] start processing
11:04:32 [INFO] Chain [1] done processing
11:04:32 [INFO] ProphetWrapper fitted on 2854 rows — sin_year_1=-0.015 cos_year_1=0.059
11:04:32 [INFO] Round 2 — test accuracy: 0.566  macro-F1: 0.497  (3561 samples)
11:04:32 [INFO] ProphetWrapper FEDAVG round 3/10
11:04:32 [INFO] Chain [1] start processing
11:04:33 [INFO] Chain [1] done processing
11:04:33 [INFO] ProphetWrapper fitted on 2305 rows — sin_year_1=-0.002 cos_year_1=0.043
11:04:33 [INFO] Chain [1] start processing
11:04:33 [INFO] Chain [1] done processing
11:04:33 [INFO] ProphetWrapper fitted on 2922 rows — sin_year_1=0.006 cos_year_1=0.036
11:04:33 [INFO] Chain [1] start processing
11:04:33 [INFO] Chain [1] done processing
11:04:33 [INFO] ProphetWrapper fitted on 2922 rows — sin_year_1=-0.026 cos_year_1=0.039
11:04:33 [INFO] Chain [1] start processing
11:04:34 [INFO] Chain [1] done processing
11:04:34 [INFO] ProphetWrapper fitted on 2922 rows — sin_year_1=-0.019 cos_year_1=0.068
11:04:34 [INFO] Chain [1] start processing
11:04:34 [INFO] Chain [1] done processing
11:04:34 [INFO] ProphetWrapper fitted on 2922 rows — sin_year_1=-0.018 cos_year_1=0.028
11:04:34 [INFO] Chain [1] start processing
11:04:34 [INFO] Chain [1] done processing
11:04:34 [INFO] ProphetWrapper fitted on 2922 rows — sin_year_1=-0.002 cos_year_1=0.031
11:04:34 [INFO] Chain [1] start processing
11:04:35 [INFO] Chain [1] done processing
11:04:35 [INFO] ProphetWrapper fitted on 2911 rows — sin_year_1=-0.019 cos_year_1=0.070
11:04:35 [INFO] Chain [1] start processing
11:04:35 [INFO] Chain [1] done processing
11:04:35 [INFO] ProphetWrapper fitted on 2912 rows — sin_year_1=-0.010 cos_year_1=0.026
11:04:35 [INFO] Chain [1] start processing
11:04:35 [INFO] Chain [1] done processing
11:04:35 [INFO] ProphetWrapper fitted on 2922 rows — sin_year_1=-0.023 cos_year_1=0.069
11:04:35 [INFO] Chain [1] start processing
11:04:35 [INFO] Chain [1] done processing
11:04:35 [INFO] ProphetWrapper fitted on 2854 rows — sin_year_1=-0.015 cos_year_1=0.059
11:04:36 [INFO] Round 3 — test accuracy: 0.565  macro-F1: 0.494  (3561 samples)
11:04:36 [INFO] ProphetWrapper FEDAVG round 4/10
11:04:36 [INFO] Chain [1] start processing
11:04:36 [INFO] Chain [1] done processing
11:04:36 [INFO] ProphetWrapper fitted on 2305 rows — sin_year_1=-0.002 cos_year_1=0.043
11:04:36 [INFO] Chain [1] start processing
11:04:37 [INFO] Chain [1] done processing
11:04:37 [INFO] ProphetWrapper fitted on 2922 rows — sin_year_1=0.006 cos_year_1=0.036
11:04:37 [INFO] Chain [1] start processing
11:04:37 [INFO] Chain [1] done processing
11:04:37 [INFO] ProphetWrapper fitted on 2922 rows — sin_year_1=-0.026 cos_year_1=0.039
11:04:37 [INFO] Chain [1] start processing
11:04:37 [INFO] Chain [1] done processing
11:04:37 [INFO] ProphetWrapper fitted on 2922 rows — sin_year_1=-0.019 cos_year_1=0.068
11:04:37 [INFO] Chain [1] start processing
11:04:40 [INFO] Chain [1] done processing
11:04:40 [INFO] ProphetWrapper fitted on 2922 rows — sin_year_1=-0.018 cos_year_1=0.028
11:04:40 [INFO] Chain [1] start processing
11:04:40 [INFO] Chain [1] done processing
11:04:40 [INFO] ProphetWrapper fitted on 2922 rows — sin_year_1=-0.002 cos_year_1=0.031
11:04:40 [INFO] Chain [1] start processing
11:04:40 [INFO] Chain [1] done processing
11:04:40 [INFO] ProphetWrapper fitted on 2911 rows — sin_year_1=-0.019 cos_year_1=0.070
11:04:40 [INFO] Chain [1] start processing
11:04:41 [INFO] Chain [1] done processing
11:04:41 [INFO] ProphetWrapper fitted on 2912 rows — sin_year_1=-0.010 cos_year_1=0.026
11:04:41 [INFO] Chain [1] start processing
11:04:41 [INFO] Chain [1] done processing
11:04:41 [INFO] ProphetWrapper fitted on 2922 rows — sin_year_1=-0.023 cos_year_1=0.069
11:04:41 [INFO] Chain [1] start processing
11:04:41 [INFO] Chain [1] done processing
11:04:41 [INFO] ProphetWrapper fitted on 2854 rows — sin_year_1=-0.016 cos_year_1=0.059
11:04:42 [INFO] Round 4 — test accuracy: 0.566  macro-F1: 0.496  (3561 samples)
11:04:42 [INFO] ProphetWrapper FEDAVG round 5/10
11:04:42 [INFO] Chain [1] start processing
11:04:42 [INFO] Chain [1] done processing
11:04:42 [INFO] ProphetWrapper fitted on 2305 rows — sin_year_1=-0.002 cos_year_1=0.043
11:04:42 [INFO] Chain [1] start processing
11:04:43 [INFO] Chain [1] done processing
11:04:43 [INFO] ProphetWrapper fitted on 2922 rows — sin_year_1=0.006 cos_year_1=0.036
11:04:43 [INFO] Chain [1] start processing
11:04:43 [INFO] Chain [1] done processing
11:04:43 [INFO] ProphetWrapper fitted on 2922 rows — sin_year_1=-0.026 cos_year_1=0.039
11:04:43 [INFO] Chain [1] start processing
11:04:43 [INFO] Chain [1] done processing
11:04:43 [INFO] ProphetWrapper fitted on 2922 rows — sin_year_1=-0.019 cos_year_1=0.068
11:04:43 [INFO] Chain [1] start processing
11:04:44 [INFO] Chain [1] done processing
11:04:44 [INFO] ProphetWrapper fitted on 2922 rows — sin_year_1=-0.018 cos_year_1=0.028
11:04:44 [INFO] Chain [1] start processing
11:04:44 [INFO] Chain [1] done processing
11:04:44 [INFO] ProphetWrapper fitted on 2922 rows — sin_year_1=-0.002 cos_year_1=0.032
11:04:44 [INFO] Chain [1] start processing
11:04:44 [INFO] Chain [1] done processing
11:04:44 [INFO] ProphetWrapper fitted on 2911 rows — sin_year_1=-0.019 cos_year_1=0.070
11:04:44 [INFO] Chain [1] start processing
11:04:45 [INFO] Chain [1] done processing
11:04:45 [INFO] ProphetWrapper fitted on 2912 rows — sin_year_1=-0.010 cos_year_1=0.026
11:04:45 [INFO] Chain [1] start processing
11:04:45 [INFO] Chain [1] done processing
11:04:45 [INFO] ProphetWrapper fitted on 2922 rows — sin_year_1=-0.023 cos_year_1=0.069
11:04:45 [INFO] Chain [1] start processing
11:04:45 [INFO] Chain [1] done processing
11:04:45 [INFO] ProphetWrapper fitted on 2854 rows — sin_year_1=-0.015 cos_year_1=0.059
11:04:46 [INFO] Round 5 — test accuracy: 0.565  macro-F1: 0.495  (3561 samples)
11:04:46 [INFO] ProphetWrapper FEDAVG round 6/10
11:04:46 [INFO] Chain [1] start processing
11:04:46 [INFO] Chain [1] done processing
11:04:46 [INFO] ProphetWrapper fitted on 2305 rows — sin_year_1=-0.002 cos_year_1=0.043
11:04:47 [INFO] Chain [1] start processing
11:04:47 [INFO] Chain [1] done processing
11:04:47 [INFO] ProphetWrapper fitted on 2922 rows — sin_year_1=0.006 cos_year_1=0.036
11:04:47 [INFO] Chain [1] start processing
11:04:47 [INFO] Chain [1] done processing
11:04:47 [INFO] ProphetWrapper fitted on 2922 rows — sin_year_1=-0.026 cos_year_1=0.039
11:04:47 [INFO] Chain [1] start processing
11:04:47 [INFO] Chain [1] done processing
11:04:47 [INFO] ProphetWrapper fitted on 2922 rows — sin_year_1=-0.019 cos_year_1=0.068
11:04:48 [INFO] Chain [1] start processing
11:04:48 [INFO] Chain [1] done processing
11:04:48 [INFO] ProphetWrapper fitted on 2922 rows — sin_year_1=-0.018 cos_year_1=0.028
11:04:48 [INFO] Chain [1] start processing
11:04:48 [INFO] Chain [1] done processing
11:04:48 [INFO] ProphetWrapper fitted on 2922 rows — sin_year_1=-0.003 cos_year_1=0.031
11:04:48 [INFO] Chain [1] start processing
11:04:48 [INFO] Chain [1] done processing
11:04:48 [INFO] ProphetWrapper fitted on 2911 rows — sin_year_1=-0.019 cos_year_1=0.070
11:04:48 [INFO] Chain [1] start processing
11:04:49 [INFO] Chain [1] done processing
11:04:49 [INFO] ProphetWrapper fitted on 2912 rows — sin_year_1=-0.010 cos_year_1=0.026
11:04:49 [INFO] Chain [1] start processing
11:04:49 [INFO] Chain [1] done processing
11:04:49 [INFO] ProphetWrapper fitted on 2922 rows — sin_year_1=-0.023 cos_year_1=0.069
11:04:49 [INFO] Chain [1] start processing
11:04:49 [INFO] Chain [1] done processing
11:04:49 [INFO] ProphetWrapper fitted on 2854 rows — sin_year_1=-0.015 cos_year_1=0.059
11:04:50 [INFO] Round 6 — test accuracy: 0.566  macro-F1: 0.496  (3561 samples)
11:04:50 [INFO] ProphetWrapper FEDAVG round 7/10
11:04:50 [INFO] Chain [1] start processing
11:04:50 [INFO] Chain [1] done processing
11:04:50 [INFO] ProphetWrapper fitted on 2305 rows — sin_year_1=-0.002 cos_year_1=0.043
11:04:50 [INFO] Chain [1] start processing
11:04:50 [INFO] Chain [1] done processing
11:04:50 [INFO] ProphetWrapper fitted on 2922 rows — sin_year_1=0.006 cos_year_1=0.036
11:04:51 [INFO] Chain [1] start processing
11:04:51 [INFO] Chain [1] done processing
11:04:51 [INFO] ProphetWrapper fitted on 2922 rows — sin_year_1=-0.026 cos_year_1=0.039
11:04:51 [INFO] Chain [1] start processing
11:04:51 [INFO] Chain [1] done processing
11:04:51 [INFO] ProphetWrapper fitted on 2922 rows — sin_year_1=-0.019 cos_year_1=0.068
11:04:51 [INFO] Chain [1] start processing
11:04:51 [INFO] Chain [1] done processing
11:04:51 [INFO] ProphetWrapper fitted on 2922 rows — sin_year_1=-0.018 cos_year_1=0.028
11:04:52 [INFO] Chain [1] start processing
11:04:52 [INFO] Chain [1] done processing
11:04:52 [INFO] ProphetWrapper fitted on 2922 rows — sin_year_1=-0.003 cos_year_1=0.031
11:04:52 [INFO] Chain [1] start processing
11:04:52 [INFO] Chain [1] done processing
11:04:52 [INFO] ProphetWrapper fitted on 2911 rows — sin_year_1=-0.019 cos_year_1=0.070
11:04:52 [INFO] Chain [1] start processing
11:04:52 [INFO] Chain [1] done processing
11:04:52 [INFO] ProphetWrapper fitted on 2912 rows — sin_year_1=-0.010 cos_year_1=0.026
11:04:52 [INFO] Chain [1] start processing
11:04:53 [INFO] Chain [1] done processing
11:04:53 [INFO] ProphetWrapper fitted on 2922 rows — sin_year_1=-0.023 cos_year_1=0.069
11:04:53 [INFO] Chain [1] start processing
11:04:53 [INFO] Chain [1] done processing
11:04:53 [INFO] ProphetWrapper fitted on 2854 rows — sin_year_1=-0.016 cos_year_1=0.059
11:04:54 [INFO] Round 7 — test accuracy: 0.564  macro-F1: 0.493  (3561 samples)
11:04:54 [INFO] ProphetWrapper FEDAVG round 8/10
11:04:54 [INFO] Chain [1] start processing
11:04:54 [INFO] Chain [1] done processing
11:04:54 [INFO] ProphetWrapper fitted on 2305 rows — sin_year_1=-0.002 cos_year_1=0.043
11:04:54 [INFO] Chain [1] start processing
11:04:54 [INFO] Chain [1] done processing
11:04:54 [INFO] ProphetWrapper fitted on 2922 rows — sin_year_1=0.006 cos_year_1=0.036
11:04:55 [INFO] Chain [1] start processing
11:04:55 [INFO] Chain [1] done processing
11:04:55 [INFO] ProphetWrapper fitted on 2922 rows — sin_year_1=-0.026 cos_year_1=0.039
11:04:55 [INFO] Chain [1] start processing
11:04:55 [INFO] Chain [1] done processing
11:04:55 [INFO] ProphetWrapper fitted on 2922 rows — sin_year_1=-0.019 cos_year_1=0.068
11:04:55 [INFO] Chain [1] start processing
11:04:55 [INFO] Chain [1] done processing
11:04:55 [INFO] ProphetWrapper fitted on 2922 rows — sin_year_1=-0.018 cos_year_1=0.028
11:04:56 [INFO] Chain [1] start processing
11:04:56 [INFO] Chain [1] done processing
11:04:56 [INFO] ProphetWrapper fitted on 2922 rows — sin_year_1=-0.002 cos_year_1=0.032
11:04:56 [INFO] Chain [1] start processing
11:04:56 [INFO] Chain [1] done processing
11:04:56 [INFO] ProphetWrapper fitted on 2911 rows — sin_year_1=-0.019 cos_year_1=0.070
11:04:56 [INFO] Chain [1] start processing
11:04:56 [INFO] Chain [1] done processing
11:04:56 [INFO] ProphetWrapper fitted on 2912 rows — sin_year_1=-0.010 cos_year_1=0.026
11:04:57 [INFO] Chain [1] start processing
11:04:57 [INFO] Chain [1] done processing
11:04:57 [INFO] ProphetWrapper fitted on 2922 rows — sin_year_1=-0.023 cos_year_1=0.069
11:04:57 [INFO] Chain [1] start processing
11:04:57 [INFO] Chain [1] done processing
11:04:57 [INFO] ProphetWrapper fitted on 2854 rows — sin_year_1=-0.015 cos_year_1=0.059
11:04:58 [INFO] Round 8 — test accuracy: 0.566  macro-F1: 0.497  (3561 samples)
11:04:58 [INFO] ProphetWrapper FEDAVG round 9/10
11:04:58 [INFO] Chain [1] start processing
11:04:58 [INFO] Chain [1] done processing
11:04:58 [INFO] ProphetWrapper fitted on 2305 rows — sin_year_1=-0.002 cos_year_1=0.043
11:04:58 [INFO] Chain [1] start processing
11:04:58 [INFO] Chain [1] done processing
11:04:58 [INFO] ProphetWrapper fitted on 2922 rows — sin_year_1=0.006 cos_year_1=0.036
11:04:59 [INFO] Chain [1] start processing
11:04:59 [INFO] Chain [1] done processing
11:04:59 [INFO] ProphetWrapper fitted on 2922 rows — sin_year_1=-0.026 cos_year_1=0.039
11:04:59 [INFO] Chain [1] start processing
11:04:59 [INFO] Chain [1] done processing
11:04:59 [INFO] ProphetWrapper fitted on 2922 rows — sin_year_1=-0.019 cos_year_1=0.068
11:04:59 [INFO] Chain [1] start processing
11:05:00 [INFO] Chain [1] done processing
11:05:00 [INFO] ProphetWrapper fitted on 2922 rows — sin_year_1=-0.018 cos_year_1=0.028
11:05:00 [INFO] Chain [1] start processing
11:05:00 [INFO] Chain [1] done processing
11:05:00 [INFO] ProphetWrapper fitted on 2922 rows — sin_year_1=-0.002 cos_year_1=0.032
11:05:00 [INFO] Chain [1] start processing
11:05:00 [INFO] Chain [1] done processing
11:05:00 [INFO] ProphetWrapper fitted on 2911 rows — sin_year_1=-0.019 cos_year_1=0.070
11:05:00 [INFO] Chain [1] start processing
11:05:01 [INFO] Chain [1] done processing
11:05:01 [INFO] ProphetWrapper fitted on 2912 rows — sin_year_1=-0.010 cos_year_1=0.026
11:05:01 [INFO] Chain [1] start processing
11:05:01 [INFO] Chain [1] done processing
11:05:01 [INFO] ProphetWrapper fitted on 2922 rows — sin_year_1=-0.023 cos_year_1=0.069
11:05:01 [INFO] Chain [1] start processing
11:05:01 [INFO] Chain [1] done processing
11:05:01 [INFO] ProphetWrapper fitted on 2854 rows — sin_year_1=-0.015 cos_year_1=0.059
11:05:02 [INFO] Round 9 — test accuracy: 0.565  macro-F1: 0.494  (3561 samples)
11:05:02 [INFO] ProphetWrapper FEDAVG round 10/10
11:05:02 [INFO] Chain [1] start processing
11:05:02 [INFO] Chain [1] done processing
11:05:02 [INFO] ProphetWrapper fitted on 2305 rows — sin_year_1=-0.002 cos_year_1=0.043
11:05:02 [INFO] Chain [1] start processing
11:05:03 [INFO] Chain [1] done processing
11:05:03 [INFO] ProphetWrapper fitted on 2922 rows — sin_year_1=0.006 cos_year_1=0.036
11:05:03 [INFO] Chain [1] start processing
11:05:03 [INFO] Chain [1] done processing
11:05:03 [INFO] ProphetWrapper fitted on 2922 rows — sin_year_1=-0.026 cos_year_1=0.039
11:05:03 [INFO] Chain [1] start processing
11:05:04 [INFO] Chain [1] done processing
11:05:04 [INFO] ProphetWrapper fitted on 2922 rows — sin_year_1=-0.019 cos_year_1=0.068
11:05:04 [INFO] Chain [1] start processing
11:05:04 [INFO] Chain [1] done processing
11:05:04 [INFO] ProphetWrapper fitted on 2922 rows — sin_year_1=-0.018 cos_year_1=0.028
11:05:04 [INFO] Chain [1] start processing
11:05:05 [INFO] Chain [1] done processing
11:05:05 [INFO] ProphetWrapper fitted on 2922 rows — sin_year_1=-0.002 cos_year_1=0.032
11:05:05 [INFO] Chain [1] start processing
11:05:05 [INFO] Chain [1] done processing
11:05:05 [INFO] ProphetWrapper fitted on 2911 rows — sin_year_1=-0.019 cos_year_1=0.070
11:05:05 [INFO] Chain [1] start processing
11:05:05 [INFO] Chain [1] done processing
11:05:05 [INFO] ProphetWrapper fitted on 2912 rows — sin_year_1=-0.010 cos_year_1=0.026
11:05:06 [INFO] Chain [1] start processing
11:05:06 [INFO] Chain [1] done processing
11:05:06 [INFO] ProphetWrapper fitted on 2922 rows — sin_year_1=-0.023 cos_year_1=0.069
11:05:06 [INFO] Chain [1] start processing
11:05:06 [INFO] Chain [1] done processing
11:05:06 [INFO] ProphetWrapper fitted on 2854 rows — sin_year_1=-0.015 cos_year_1=0.059
11:05:07 [INFO] Round 10 — test accuracy: 0.566  macro-F1: 0.496  (3561 samples)
11:05:07 [INFO] ProphetWrapper FEDAVG prophet_fedavg_geographic done. Final acc=0.566  Saved: results/e7_local_prophet/seeds/seed4099/e7_prophet_fedavg_geographic_fl_metrics.csv
11:05:07 [INFO] === E7 ProphetWrapper + FEDAVG — iid (max_train_years=None) ===
11:05:07 [INFO] ICA thresholds loaded: Q1=7.50 Q2=13.00 μg/m³
11:05:07 [INFO] Provinces loaded: ['Avila', 'Burgos', 'León', 'Palencia', 'Ponferrada', 'Salamanca', 'Segovia', 'Soria', 'Valladolid', 'Zamora']
11:05:07 [INFO] ProphetWrapper FEDAVG round 1/10
11:05:07 [INFO] Chain [1] start processing
11:05:08 [INFO] Chain [1] done processing
11:05:08 [INFO] ProphetWrapper fitted on 2851 rows — sin_year_1=-0.012 cos_year_1=0.034
11:05:08 [INFO] Chain [1] start processing
11:05:08 [INFO] Chain [1] done processing
11:05:08 [INFO] ProphetWrapper fitted on 2851 rows — sin_year_1=-0.010 cos_year_1=0.034
11:05:08 [INFO] Chain [1] start processing
11:05:08 [INFO] Chain [1] done processing
11:05:08 [INFO] ProphetWrapper fitted on 2851 rows — sin_year_1=-0.011 cos_year_1=0.040
11:05:08 [INFO] Chain [1] start processing
11:05:09 [INFO] Chain [1] done processing
11:05:09 [INFO] ProphetWrapper fitted on 2851 rows — sin_year_1=-0.018 cos_year_1=0.044
11:05:09 [INFO] Chain [1] start processing
11:05:09 [INFO] Chain [1] done processing
11:05:09 [INFO] ProphetWrapper fitted on 2851 rows — sin_year_1=-0.009 cos_year_1=0.041
11:05:09 [INFO] Chain [1] start processing
11:05:09 [INFO] Chain [1] done processing
11:05:09 [INFO] ProphetWrapper fitted on 2851 rows — sin_year_1=-0.020 cos_year_1=0.046
11:05:09 [INFO] Chain [1] start processing
11:05:10 [INFO] Chain [1] done processing
11:05:10 [INFO] ProphetWrapper fitted on 2851 rows — sin_year_1=-0.010 cos_year_1=0.044
11:05:10 [INFO] Chain [1] start processing
11:05:10 [INFO] Chain [1] done processing
11:05:10 [INFO] ProphetWrapper fitted on 2851 rows — sin_year_1=-0.009 cos_year_1=0.041
11:05:10 [INFO] Chain [1] start processing
11:05:11 [INFO] Chain [1] done processing
11:05:11 [INFO] ProphetWrapper fitted on 2851 rows — sin_year_1=-0.018 cos_year_1=0.038
11:05:11 [INFO] Chain [1] start processing
11:05:11 [INFO] Chain [1] done processing
11:05:11 [INFO] ProphetWrapper fitted on 2855 rows — sin_year_1=-0.017 cos_year_1=0.040
11:05:12 [INFO] Round 1 — test accuracy: 0.582  macro-F1: 0.361  (3580 samples)
11:05:12 [INFO] ProphetWrapper FEDAVG round 2/10
11:05:12 [INFO] Chain [1] start processing
11:05:15 [INFO] Chain [1] done processing
11:05:15 [INFO] ProphetWrapper fitted on 2851 rows — sin_year_1=-0.012 cos_year_1=0.034
11:05:15 [INFO] Chain [1] start processing
11:05:15 [INFO] Chain [1] done processing
11:05:15 [INFO] ProphetWrapper fitted on 2851 rows — sin_year_1=-0.010 cos_year_1=0.034
11:05:15 [INFO] Chain [1] start processing
11:05:15 [INFO] Chain [1] done processing
11:05:15 [INFO] ProphetWrapper fitted on 2851 rows — sin_year_1=-0.011 cos_year_1=0.039
11:05:15 [INFO] Chain [1] start processing
11:05:16 [INFO] Chain [1] done processing
11:05:16 [INFO] ProphetWrapper fitted on 2851 rows — sin_year_1=-0.018 cos_year_1=0.044
11:05:16 [INFO] Chain [1] start processing
11:05:16 [INFO] Chain [1] done processing
11:05:16 [INFO] ProphetWrapper fitted on 2851 rows — sin_year_1=-0.009 cos_year_1=0.041
11:05:16 [INFO] Chain [1] start processing
11:05:16 [INFO] Chain [1] done processing
11:05:16 [INFO] ProphetWrapper fitted on 2851 rows — sin_year_1=-0.020 cos_year_1=0.046
11:05:17 [INFO] Chain [1] start processing
11:05:17 [INFO] Chain [1] done processing
11:05:17 [INFO] ProphetWrapper fitted on 2851 rows — sin_year_1=-0.010 cos_year_1=0.044
11:05:17 [INFO] Chain [1] start processing
11:05:17 [INFO] Chain [1] done processing
11:05:17 [INFO] ProphetWrapper fitted on 2851 rows — sin_year_1=-0.009 cos_year_1=0.041
11:05:17 [INFO] Chain [1] start processing
11:05:17 [INFO] Chain [1] done processing
11:05:17 [INFO] ProphetWrapper fitted on 2851 rows — sin_year_1=-0.018 cos_year_1=0.038
11:05:18 [INFO] Chain [1] start processing
11:05:18 [INFO] Chain [1] done processing
11:05:18 [INFO] ProphetWrapper fitted on 2855 rows — sin_year_1=-0.017 cos_year_1=0.040
11:05:19 [INFO] Round 2 — test accuracy: 0.581  macro-F1: 0.358  (3580 samples)
11:05:19 [INFO] ProphetWrapper FEDAVG round 3/10
11:05:19 [INFO] Chain [1] start processing
11:05:19 [INFO] Chain [1] done processing
11:05:19 [INFO] ProphetWrapper fitted on 2851 rows — sin_year_1=-0.012 cos_year_1=0.034
11:05:19 [INFO] Chain [1] start processing
11:05:20 [INFO] Chain [1] done processing
11:05:20 [INFO] ProphetWrapper fitted on 2851 rows — sin_year_1=-0.010 cos_year_1=0.034
11:05:20 [INFO] Chain [1] start processing
11:05:20 [INFO] Chain [1] done processing
11:05:20 [INFO] ProphetWrapper fitted on 2851 rows — sin_year_1=-0.011 cos_year_1=0.039
11:05:20 [INFO] Chain [1] start processing
11:05:20 [INFO] Chain [1] done processing
11:05:20 [INFO] ProphetWrapper fitted on 2851 rows — sin_year_1=-0.018 cos_year_1=0.044
11:05:21 [INFO] Chain [1] start processing
11:05:21 [INFO] Chain [1] done processing
11:05:21 [INFO] ProphetWrapper fitted on 2851 rows — sin_year_1=-0.009 cos_year_1=0.041
11:05:21 [INFO] Chain [1] start processing
11:05:21 [INFO] Chain [1] done processing
11:05:21 [INFO] ProphetWrapper fitted on 2851 rows — sin_year_1=-0.019 cos_year_1=0.046
11:05:21 [INFO] Chain [1] start processing
11:05:21 [INFO] Chain [1] done processing
11:05:21 [INFO] ProphetWrapper fitted on 2851 rows — sin_year_1=-0.010 cos_year_1=0.044
11:05:22 [INFO] Chain [1] start processing
11:05:22 [INFO] Chain [1] done processing
11:05:22 [INFO] ProphetWrapper fitted on 2851 rows — sin_year_1=-0.009 cos_year_1=0.041
11:05:22 [INFO] Chain [1] start processing
11:05:22 [INFO] Chain [1] done processing
11:05:22 [INFO] ProphetWrapper fitted on 2851 rows — sin_year_1=-0.018 cos_year_1=0.038
11:05:22 [INFO] Chain [1] start processing
11:05:22 [INFO] Chain [1] done processing
11:05:22 [INFO] ProphetWrapper fitted on 2855 rows — sin_year_1=-0.017 cos_year_1=0.040
11:05:23 [INFO] Round 3 — test accuracy: 0.578  macro-F1: 0.359  (3580 samples)
11:05:23 [INFO] ProphetWrapper FEDAVG round 4/10
11:05:23 [INFO] Chain [1] start processing
11:05:23 [INFO] Chain [1] done processing
11:05:23 [INFO] ProphetWrapper fitted on 2851 rows — sin_year_1=-0.012 cos_year_1=0.034
11:05:23 [INFO] Chain [1] start processing
11:05:24 [INFO] Chain [1] done processing
11:05:24 [INFO] ProphetWrapper fitted on 2851 rows — sin_year_1=-0.010 cos_year_1=0.034
11:05:24 [INFO] Chain [1] start processing
11:05:24 [INFO] Chain [1] done processing
11:05:24 [INFO] ProphetWrapper fitted on 2851 rows — sin_year_1=-0.011 cos_year_1=0.039
11:05:24 [INFO] Chain [1] start processing
11:05:24 [INFO] Chain [1] done processing
11:05:24 [INFO] ProphetWrapper fitted on 2851 rows — sin_year_1=-0.018 cos_year_1=0.044
11:05:24 [INFO] Chain [1] start processing
11:05:24 [INFO] Chain [1] done processing
11:05:24 [INFO] ProphetWrapper fitted on 2851 rows — sin_year_1=-0.009 cos_year_1=0.041
11:05:25 [INFO] Chain [1] start processing
11:05:25 [INFO] Chain [1] done processing
11:05:25 [INFO] ProphetWrapper fitted on 2851 rows — sin_year_1=-0.020 cos_year_1=0.046
11:05:25 [INFO] Chain [1] start processing
11:05:25 [INFO] Chain [1] done processing
11:05:25 [INFO] ProphetWrapper fitted on 2851 rows — sin_year_1=-0.010 cos_year_1=0.044
11:05:25 [INFO] Chain [1] start processing
11:05:26 [INFO] Chain [1] done processing
11:05:26 [INFO] ProphetWrapper fitted on 2851 rows — sin_year_1=-0.009 cos_year_1=0.041
11:05:26 [INFO] Chain [1] start processing
11:05:26 [INFO] Chain [1] done processing
11:05:26 [INFO] ProphetWrapper fitted on 2851 rows — sin_year_1=-0.018 cos_year_1=0.038
11:05:26 [INFO] Chain [1] start processing
11:05:26 [INFO] Chain [1] done processing
11:05:26 [INFO] ProphetWrapper fitted on 2855 rows — sin_year_1=-0.017 cos_year_1=0.040
11:05:27 [INFO] Round 4 — test accuracy: 0.579  macro-F1: 0.359  (3580 samples)
11:05:27 [INFO] ProphetWrapper FEDAVG round 5/10
11:05:27 [INFO] Chain [1] start processing
11:05:27 [INFO] Chain [1] done processing
11:05:27 [INFO] ProphetWrapper fitted on 2851 rows — sin_year_1=-0.012 cos_year_1=0.034
11:05:27 [INFO] Chain [1] start processing
11:05:28 [INFO] Chain [1] done processing
11:05:28 [INFO] ProphetWrapper fitted on 2851 rows — sin_year_1=-0.010 cos_year_1=0.034
11:05:28 [INFO] Chain [1] start processing
11:05:28 [INFO] Chain [1] done processing
11:05:28 [INFO] ProphetWrapper fitted on 2851 rows — sin_year_1=-0.011 cos_year_1=0.039
11:05:28 [INFO] Chain [1] start processing
11:05:28 [INFO] Chain [1] done processing
11:05:28 [INFO] ProphetWrapper fitted on 2851 rows — sin_year_1=-0.018 cos_year_1=0.044
11:05:29 [INFO] Chain [1] start processing
11:05:29 [INFO] Chain [1] done processing
11:05:29 [INFO] ProphetWrapper fitted on 2851 rows — sin_year_1=-0.009 cos_year_1=0.041
11:05:29 [INFO] Chain [1] start processing
11:05:29 [INFO] Chain [1] done processing
11:05:29 [INFO] ProphetWrapper fitted on 2851 rows — sin_year_1=-0.020 cos_year_1=0.046
11:05:29 [INFO] Chain [1] start processing
11:05:29 [INFO] Chain [1] done processing
11:05:29 [INFO] ProphetWrapper fitted on 2851 rows — sin_year_1=-0.010 cos_year_1=0.044
11:05:29 [INFO] Chain [1] start processing
11:05:30 [INFO] Chain [1] done processing
11:05:30 [INFO] ProphetWrapper fitted on 2851 rows — sin_year_1=-0.009 cos_year_1=0.041
11:05:30 [INFO] Chain [1] start processing
11:05:30 [INFO] Chain [1] done processing
11:05:30 [INFO] ProphetWrapper fitted on 2851 rows — sin_year_1=-0.018 cos_year_1=0.038
11:05:30 [INFO] Chain [1] start processing
11:05:30 [INFO] Chain [1] done processing
11:05:30 [INFO] ProphetWrapper fitted on 2855 rows — sin_year_1=-0.017 cos_year_1=0.040
11:05:31 [INFO] Round 5 — test accuracy: 0.581  macro-F1: 0.360  (3580 samples)
11:05:31 [INFO] ProphetWrapper FEDAVG round 6/10
11:05:31 [INFO] Chain [1] start processing
11:05:31 [INFO] Chain [1] done processing
11:05:31 [INFO] ProphetWrapper fitted on 2851 rows — sin_year_1=-0.012 cos_year_1=0.034
11:05:31 [INFO] Chain [1] start processing
11:05:32 [INFO] Chain [1] done processing
11:05:32 [INFO] ProphetWrapper fitted on 2851 rows — sin_year_1=-0.010 cos_year_1=0.034
11:05:32 [INFO] Chain [1] start processing
11:05:32 [INFO] Chain [1] done processing
11:05:32 [INFO] ProphetWrapper fitted on 2851 rows — sin_year_1=-0.011 cos_year_1=0.039
11:05:32 [INFO] Chain [1] start processing
11:05:32 [INFO] Chain [1] done processing
11:05:32 [INFO] ProphetWrapper fitted on 2851 rows — sin_year_1=-0.018 cos_year_1=0.044
11:05:32 [INFO] Chain [1] start processing
11:05:32 [INFO] Chain [1] done processing
11:05:32 [INFO] ProphetWrapper fitted on 2851 rows — sin_year_1=-0.009 cos_year_1=0.041
11:05:32 [INFO] Chain [1] start processing
11:05:33 [INFO] Chain [1] done processing
11:05:33 [INFO] ProphetWrapper fitted on 2851 rows — sin_year_1=-0.020 cos_year_1=0.046
11:05:33 [INFO] Chain [1] start processing
11:05:33 [INFO] Chain [1] done processing
11:05:33 [INFO] ProphetWrapper fitted on 2851 rows — sin_year_1=-0.010 cos_year_1=0.044
11:05:33 [INFO] Chain [1] start processing
11:05:33 [INFO] Chain [1] done processing
11:05:33 [INFO] ProphetWrapper fitted on 2851 rows — sin_year_1=-0.009 cos_year_1=0.041
11:05:33 [INFO] Chain [1] start processing
11:05:34 [INFO] Chain [1] done processing
11:05:34 [INFO] ProphetWrapper fitted on 2851 rows — sin_year_1=-0.018 cos_year_1=0.038
11:05:34 [INFO] Chain [1] start processing
11:05:34 [INFO] Chain [1] done processing
11:05:34 [INFO] ProphetWrapper fitted on 2855 rows — sin_year_1=-0.017 cos_year_1=0.040
11:05:35 [INFO] Round 6 — test accuracy: 0.578  macro-F1: 0.359  (3580 samples)
11:05:35 [INFO] ProphetWrapper FEDAVG round 7/10
11:05:35 [INFO] Chain [1] start processing
11:05:35 [INFO] Chain [1] done processing
11:05:35 [INFO] ProphetWrapper fitted on 2851 rows — sin_year_1=-0.012 cos_year_1=0.034
11:05:35 [INFO] Chain [1] start processing
11:05:35 [INFO] Chain [1] done processing
11:05:35 [INFO] ProphetWrapper fitted on 2851 rows — sin_year_1=-0.010 cos_year_1=0.034
11:05:35 [INFO] Chain [1] start processing
11:05:36 [INFO] Chain [1] done processing
11:05:36 [INFO] ProphetWrapper fitted on 2851 rows — sin_year_1=-0.011 cos_year_1=0.039
11:05:36 [INFO] Chain [1] start processing
11:05:36 [INFO] Chain [1] done processing
11:05:36 [INFO] ProphetWrapper fitted on 2851 rows — sin_year_1=-0.018 cos_year_1=0.044
11:05:37 [INFO] Chain [1] start processing
11:05:38 [INFO] Chain [1] done processing
11:05:38 [INFO] ProphetWrapper fitted on 2851 rows — sin_year_1=-0.009 cos_year_1=0.041
11:05:38 [INFO] Chain [1] start processing
11:05:39 [INFO] Chain [1] done processing
11:05:39 [INFO] ProphetWrapper fitted on 2851 rows — sin_year_1=-0.019 cos_year_1=0.046
11:05:39 [INFO] Chain [1] start processing
11:05:39 [INFO] Chain [1] done processing
11:05:39 [INFO] ProphetWrapper fitted on 2851 rows — sin_year_1=-0.010 cos_year_1=0.044
11:05:39 [INFO] Chain [1] start processing
11:05:40 [INFO] Chain [1] done processing
11:05:40 [INFO] ProphetWrapper fitted on 2851 rows — sin_year_1=-0.009 cos_year_1=0.041
11:05:40 [INFO] Chain [1] start processing
11:05:40 [INFO] Chain [1] done processing
11:05:40 [INFO] ProphetWrapper fitted on 2851 rows — sin_year_1=-0.018 cos_year_1=0.038
11:05:40 [INFO] Chain [1] start processing
11:05:41 [INFO] Chain [1] done processing
11:05:41 [INFO] ProphetWrapper fitted on 2855 rows — sin_year_1=-0.017 cos_year_1=0.040
11:05:41 [INFO] Round 7 — test accuracy: 0.577  macro-F1: 0.358  (3580 samples)
11:05:41 [INFO] ProphetWrapper FEDAVG round 8/10
11:05:42 [INFO] Chain [1] start processing
11:05:42 [INFO] Chain [1] done processing
11:05:42 [INFO] ProphetWrapper fitted on 2851 rows — sin_year_1=-0.012 cos_year_1=0.034
11:05:42 [INFO] Chain [1] start processing
11:05:42 [INFO] Chain [1] done processing
11:05:42 [INFO] ProphetWrapper fitted on 2851 rows — sin_year_1=-0.010 cos_year_1=0.034
11:05:42 [INFO] Chain [1] start processing
11:05:42 [INFO] Chain [1] done processing
11:05:42 [INFO] ProphetWrapper fitted on 2851 rows — sin_year_1=-0.011 cos_year_1=0.039
11:05:43 [INFO] Chain [1] start processing
11:05:43 [INFO] Chain [1] done processing
11:05:43 [INFO] ProphetWrapper fitted on 2851 rows — sin_year_1=-0.018 cos_year_1=0.044
11:05:43 [INFO] Chain [1] start processing
11:05:43 [INFO] Chain [1] done processing
11:05:43 [INFO] ProphetWrapper fitted on 2851 rows — sin_year_1=-0.009 cos_year_1=0.041
11:05:44 [INFO] Chain [1] start processing
11:05:44 [INFO] Chain [1] done processing
11:05:44 [INFO] ProphetWrapper fitted on 2851 rows — sin_year_1=-0.019 cos_year_1=0.046
11:05:44 [INFO] Chain [1] start processing
11:05:44 [INFO] Chain [1] done processing
11:05:44 [INFO] ProphetWrapper fitted on 2851 rows — sin_year_1=-0.010 cos_year_1=0.044
11:05:45 [INFO] Chain [1] start processing
11:05:45 [INFO] Chain [1] done processing
11:05:45 [INFO] ProphetWrapper fitted on 2851 rows — sin_year_1=-0.009 cos_year_1=0.041
11:05:45 [INFO] Chain [1] start processing
11:05:45 [INFO] Chain [1] done processing
11:05:45 [INFO] ProphetWrapper fitted on 2851 rows — sin_year_1=-0.018 cos_year_1=0.038
11:05:45 [INFO] Chain [1] start processing
11:05:46 [INFO] Chain [1] done processing
11:05:46 [INFO] ProphetWrapper fitted on 2855 rows — sin_year_1=-0.017 cos_year_1=0.040
11:05:49 [INFO] Round 8 — test accuracy: 0.577  macro-F1: 0.361  (3580 samples)
11:05:49 [INFO] ProphetWrapper FEDAVG round 9/10
11:05:49 [INFO] Chain [1] start processing
11:05:50 [INFO] Chain [1] done processing
11:05:50 [INFO] ProphetWrapper fitted on 2851 rows — sin_year_1=-0.012 cos_year_1=0.034
11:05:50 [INFO] Chain [1] start processing
11:05:50 [INFO] Chain [1] done processing
11:05:50 [INFO] ProphetWrapper fitted on 2851 rows — sin_year_1=-0.010 cos_year_1=0.034
11:05:50 [INFO] Chain [1] start processing
11:05:50 [INFO] Chain [1] done processing
11:05:50 [INFO] ProphetWrapper fitted on 2851 rows — sin_year_1=-0.011 cos_year_1=0.039
11:05:51 [INFO] Chain [1] start processing
11:05:51 [INFO] Chain [1] done processing
11:05:51 [INFO] ProphetWrapper fitted on 2851 rows — sin_year_1=-0.018 cos_year_1=0.044
11:05:51 [INFO] Chain [1] start processing
11:05:51 [INFO] Chain [1] done processing
11:05:51 [INFO] ProphetWrapper fitted on 2851 rows — sin_year_1=-0.009 cos_year_1=0.041
11:05:51 [INFO] Chain [1] start processing
11:05:51 [INFO] Chain [1] done processing
11:05:52 [INFO] ProphetWrapper fitted on 2851 rows — sin_year_1=-0.019 cos_year_1=0.046
11:05:52 [INFO] Chain [1] start processing
11:05:52 [INFO] Chain [1] done processing
11:05:52 [INFO] ProphetWrapper fitted on 2851 rows — sin_year_1=-0.010 cos_year_1=0.044
11:05:52 [INFO] Chain [1] start processing
11:05:52 [INFO] Chain [1] done processing
11:05:52 [INFO] ProphetWrapper fitted on 2851 rows — sin_year_1=-0.009 cos_year_1=0.041
11:05:53 [INFO] Chain [1] start processing
11:05:53 [INFO] Chain [1] done processing
11:05:53 [INFO] ProphetWrapper fitted on 2851 rows — sin_year_1=-0.018 cos_year_1=0.038
11:05:53 [INFO] Chain [1] start processing
11:05:53 [INFO] Chain [1] done processing
11:05:53 [INFO] ProphetWrapper fitted on 2855 rows — sin_year_1=-0.017 cos_year_1=0.040
11:05:54 [INFO] Round 9 — test accuracy: 0.578  macro-F1: 0.361  (3580 samples)
11:05:54 [INFO] ProphetWrapper FEDAVG round 10/10
11:05:54 [INFO] Chain [1] start processing
11:05:54 [INFO] Chain [1] done processing
11:05:54 [INFO] ProphetWrapper fitted on 2851 rows — sin_year_1=-0.012 cos_year_1=0.034
11:05:54 [INFO] Chain [1] start processing
11:05:55 [INFO] Chain [1] done processing
11:05:55 [INFO] ProphetWrapper fitted on 2851 rows — sin_year_1=-0.010 cos_year_1=0.034
11:05:55 [INFO] Chain [1] start processing
11:05:55 [INFO] Chain [1] done processing
11:05:55 [INFO] ProphetWrapper fitted on 2851 rows — sin_year_1=-0.011 cos_year_1=0.039
11:05:55 [INFO] Chain [1] start processing
11:05:55 [INFO] Chain [1] done processing
11:05:55 [INFO] ProphetWrapper fitted on 2851 rows — sin_year_1=-0.018 cos_year_1=0.044
11:05:56 [INFO] Chain [1] start processing
11:05:56 [INFO] Chain [1] done processing
11:05:56 [INFO] ProphetWrapper fitted on 2851 rows — sin_year_1=-0.009 cos_year_1=0.041
11:05:56 [INFO] Chain [1] start processing
11:05:56 [INFO] Chain [1] done processing
11:05:56 [INFO] ProphetWrapper fitted on 2851 rows — sin_year_1=-0.019 cos_year_1=0.046
11:05:56 [INFO] Chain [1] start processing
11:05:56 [INFO] Chain [1] done processing
11:05:56 [INFO] ProphetWrapper fitted on 2851 rows — sin_year_1=-0.010 cos_year_1=0.044
11:05:57 [INFO] Chain [1] start processing
11:05:57 [INFO] Chain [1] done processing
11:05:57 [INFO] ProphetWrapper fitted on 2851 rows — sin_year_1=-0.009 cos_year_1=0.041
11:05:57 [INFO] Chain [1] start processing
11:05:57 [INFO] Chain [1] done processing
11:05:57 [INFO] ProphetWrapper fitted on 2851 rows — sin_year_1=-0.018 cos_year_1=0.038
11:05:58 [INFO] Chain [1] start processing
11:05:58 [INFO] Chain [1] done processing
11:05:58 [INFO] ProphetWrapper fitted on 2855 rows — sin_year_1=-0.017 cos_year_1=0.040
11:05:59 [INFO] Round 10 — test accuracy: 0.579  macro-F1: 0.359  (3580 samples)
11:05:59 [INFO] ProphetWrapper FEDAVG prophet_fedavg_iid done. Final acc=0.579  Saved: results/e7_local_prophet/seeds/seed4099/e7_prophet_fedavg_iid_fl_metrics.csv
11:05:59 [INFO] E7 summary saved: results/e7_local_prophet/seeds/e7_summary_seed4099.csv
11:05:59 [INFO] E7 replication complete (5 seeds). Aggregate with:
  python scripts/aggregate_ci.py --glob 'results/e7_local_prophet/seeds/e7_summary_seed*.csv' --group config --metric test_acc_final

=== E7 Results Summary (e7_summary_seed505.csv) ===
Config                        Model               Partition     Accuracy
------------------------------------------------------------------------
prophet_fedgam_geographic     ProphetWrapper      geographic       0.568
prophet_fedgam_iid            ProphetWrapper      iid              0.576
prophet_fedavg_geographic     ProphetWrapper      geographic       0.566
prophet_fedavg_iid            ProphetWrapper      iid              0.572

=== E7 Results Summary (e7_summary_seed1009.csv) ===
Config                        Model               Partition     Accuracy
------------------------------------------------------------------------
prophet_fedgam_geographic     ProphetWrapper      geographic       0.568
prophet_fedgam_iid            ProphetWrapper      iid              0.573
prophet_fedavg_geographic     ProphetWrapper      geographic       0.566
prophet_fedavg_iid            ProphetWrapper      iid              0.574

=== E7 Results Summary (e7_summary_seed2017.csv) ===
Config                        Model               Partition     Accuracy
------------------------------------------------------------------------
prophet_fedgam_geographic     ProphetWrapper      geographic       0.568
prophet_fedgam_iid            ProphetWrapper      iid              0.586
prophet_fedavg_geographic     ProphetWrapper      geographic       0.566
prophet_fedavg_iid            ProphetWrapper      iid              0.578

=== E7 Results Summary (e7_summary_seed3023.csv) ===
Config                        Model               Partition     Accuracy
------------------------------------------------------------------------
prophet_fedgam_geographic     ProphetWrapper      geographic       0.568
prophet_fedgam_iid            ProphetWrapper      iid              0.580
prophet_fedavg_geographic     ProphetWrapper      geographic       0.566
prophet_fedavg_iid            ProphetWrapper      iid              0.579

=== E7 Results Summary (e7_summary_seed4099.csv) ===
Config                        Model               Partition     Accuracy
------------------------------------------------------------------------
prophet_fedgam_geographic     ProphetWrapper      geographic       0.568
prophet_fedgam_iid            ProphetWrapper      iid              0.582
prophet_fedavg_geographic     ProphetWrapper      geographic       0.566
prophet_fedavg_iid            ProphetWrapper      iid              0.579
