2026-10-06 09:23:12,597 [INFO] Iroh node started: 58e0a86ae901b0fe  addrs=['10.77.0.1:41106']
2026-10-06 09:23:13,241 [INFO] Iroh node started: 99fcc62b46ad6e89  addrs=['10.77.0.1:50239']
2026-10-06 09:23:14,704 [INFO] send 100000B via direct in 1459ms (0.55 Mbit/s) to 99fcc62b46ad6e89
2026-10-06 09:23:14,707 [INFO] recv 100000B via direct in 1127ms
2026-10-06 09:23:16,503 [INFO] send 100000B via direct in 1793ms (0.45 Mbit/s) to 99fcc62b46ad6e89
2026-10-06 09:23:16,505 [INFO] recv 100000B via direct in 1600ms
2026-10-06 09:23:17,544 [WARNING] transfer attempt 1/3 failed (stream not acknowledged: IrohError:  closed by peer: 0) — retrying
2026-10-06 09:23:20,056 [INFO] send 100000B via direct in 3546ms (0.23 Mbit/s) to 99fcc62b46ad6e89 (attempt 2)
2026-10-06 09:23:20,218 [INFO] recv 100000B via direct in 832ms
2026-10-06 09:23:21,657 [INFO] send 100000B via direct in 1436ms (0.56 Mbit/s) to 99fcc62b46ad6e89
2026-10-06 09:23:21,659 [INFO] recv 100000B via direct in 1284ms
2026-10-06 09:23:22,747 [INFO] send 100000B via direct in 1085ms (0.74 Mbit/s) to 99fcc62b46ad6e89
2026-10-06 09:23:22,749 [INFO] recv 100000B via direct in 1202ms
2026-10-06 09:23:24,102 [INFO] send 100000B via direct in 1350ms (0.59 Mbit/s) to 99fcc62b46ad6e89
2026-10-06 09:23:24,103 [INFO] recv 100000B via direct in 879ms
2026-10-06 09:23:24,895 [INFO] send 100000B via direct in 790ms (1.01 Mbit/s) to 99fcc62b46ad6e89
2026-10-06 09:23:24,897 [INFO] recv 100000B via direct in 1176ms
2026-10-06 09:23:26,051 [INFO] send 100000B via direct in 1151ms (0.70 Mbit/s) to 99fcc62b46ad6e89
2026-10-06 09:23:26,052 [INFO] recv 100000B via direct in 623ms
2026-10-06 09:23:27,575 [INFO] send 100000B via direct in 1520ms (0.53 Mbit/s) to 99fcc62b46ad6e89
2026-10-06 09:23:27,577 [INFO] recv 100000B via direct in 959ms
2026-10-06 09:23:28,391 [INFO] send 100000B via direct in 811ms (0.99 Mbit/s) to 99fcc62b46ad6e89
2026-10-06 09:23:28,394 [INFO] recv 100000B via direct in 1330ms
2026-10-06 09:23:33,379 [INFO] send 1000000B via direct in 4974ms (1.61 Mbit/s) to 99fcc62b46ad6e89
2026-10-06 09:23:33,384 [INFO] recv 100000B via direct in 625ms
2026-10-06 09:23:40,189 [WARNING] transfer attempt 1/3 failed (stream not acknowledged: IrohError:  closed by peer: 0) — retrying
2026-10-06 09:23:49,097 [INFO] send 1000000B via direct in 15709ms (0.51 Mbit/s) to 99fcc62b46ad6e89 (attempt 2)
2026-10-06 09:23:49,100 [INFO] recv 1000000B via direct in 4550ms
2026-10-06 09:23:57,635 [INFO] send 1000000B via direct in 8531ms (0.94 Mbit/s) to 99fcc62b46ad6e89
2026-10-06 09:23:57,636 [INFO] recv 1000000B via direct in 6511ms
2026-10-06 09:24:04,738 [INFO] send 1000000B via direct in 7100ms (1.13 Mbit/s) to 99fcc62b46ad6e89
2026-10-06 09:24:04,739 [INFO] recv 1000000B via direct in 7616ms
2026-10-06 09:24:14,231 [INFO] send 1000000B via direct in 9491ms (0.84 Mbit/s) to 99fcc62b46ad6e89
2026-10-06 09:24:14,233 [INFO] recv 1000000B via direct in 8261ms
2026-10-06 09:24:21,666 [INFO] send 1000000B via direct in 7431ms (1.08 Mbit/s) to 99fcc62b46ad6e89
2026-10-06 09:24:21,670 [INFO] recv 1000000B via direct in 6833ms
2026-10-06 09:24:30,501 [INFO] send 1000000B via direct in 8826ms (0.91 Mbit/s) to 99fcc62b46ad6e89
2026-10-06 09:24:30,502 [INFO] recv 1000000B via direct in 9223ms
2026-10-06 09:24:37,931 [INFO] send 1000000B via direct in 7427ms (1.08 Mbit/s) to 99fcc62b46ad6e89
2026-10-06 09:24:37,933 [INFO] recv 1000000B via direct in 7174ms
2026-10-06 09:24:45,961 [INFO] send 1000000B via direct in 8025ms (1.00 Mbit/s) to 99fcc62b46ad6e89
2026-10-06 09:24:45,963 [INFO] recv 1000000B via direct in 8550ms
2026-10-06 09:24:53,442 [INFO] send 1000000B via direct in 7475ms (1.07 Mbit/s) to 99fcc62b46ad6e89
2026-10-06 09:24:53,444 [INFO] recv 1000000B via direct in 7151ms
2026-10-06 09:25:55,927 [INFO] send 10000000B via direct in 62409ms (1.28 Mbit/s) to 99fcc62b46ad6e89
2026-10-06 09:25:55,929 [INFO] recv 1000000B via direct in 7687ms
2026-10-06 09:27:03,170 [INFO] send 10000000B via direct in 67237ms (1.19 Mbit/s) to 99fcc62b46ad6e89
2026-10-06 09:27:03,177 [INFO] recv 1000000B via direct in 7205ms
2026-10-06 09:28:07,913 [INFO] send 10000000B via direct in 64733ms (1.24 Mbit/s) to 99fcc62b46ad6e89
2026-10-06 09:28:07,915 [INFO] recv 10000000B via direct in 61020ms
2026-10-06 09:29:25,310 [INFO] send 10000000B via direct in 77393ms (1.03 Mbit/s) to 99fcc62b46ad6e89
2026-10-06 09:29:25,314 [INFO] recv 10000000B via direct in 65707ms
2026-10-06 09:30:36,683 [INFO] send 10000000B via direct in 71366ms (1.12 Mbit/s) to 99fcc62b46ad6e89
2026-10-06 09:30:36,685 [INFO] recv 10000000B via direct in 63227ms
2026-10-06 09:31:44,717 [INFO] send 10000000B via direct in 68030ms (1.18 Mbit/s) to 99fcc62b46ad6e89
2026-10-06 09:31:44,719 [INFO] recv 10000000B via direct in 75929ms
2026-10-06 09:32:54,007 [INFO] send 10000000B via direct in 69287ms (1.15 Mbit/s) to 99fcc62b46ad6e89
2026-10-06 09:32:54,011 [INFO] recv 10000000B via direct in 69648ms
2026-10-06 09:34:02,392 [INFO] send 10000000B via direct in 68377ms (1.17 Mbit/s) to 99fcc62b46ad6e89
2026-10-06 09:34:02,395 [INFO] recv 10000000B via direct in 66695ms
2026-10-06 09:35:10,392 [INFO] send 10000000B via direct in 67995ms (1.18 Mbit/s) to 99fcc62b46ad6e89
2026-10-06 09:35:10,398 [INFO] recv 10000000B via direct in 67933ms
2026-10-06 09:36:16,358 [INFO] send 10000000B via direct in 65956ms (1.21 Mbit/s) to 99fcc62b46ad6e89
2026-10-06 09:36:16,362 [INFO] recv 10000000B via direct in 66695ms
2026-10-06 09:36:44,307 [INFO] === E7 AirMLP + FedAvg — geographic ===
2026-10-06 09:36:44,873 [INFO] Air quality dataset loaded: 28514 train / 3561 test | 6 features | 3 classes
2026-10-06 09:36:44,880 [INFO] Geographic partition: 10 provinces  min=2305  max=2922  mean=2851
2026-10-06 09:36:45,059 [INFO] AirMLP class weights: [1.026976466178894, 1.0868686437606812, 0.904000997543335]
2026-10-06 09:36:45,764 [INFO] Iroh node started: b49427e98c7aa8ae  addrs=['10.77.0.1:33696']
2026-10-06 09:36:46,419 [INFO] CoAP server [server] listening on 0.0.0.0:5783
2026-10-06 09:36:46,421 [INFO] FLServer server started (mock=False)
2026-10-06 09:36:47,104 [INFO] Iroh node started: 183a37a8d8214546  addrs=['10.77.0.1:50010']
2026-10-06 09:36:47,144 [INFO] CoAP server [client-0] listening on 0.0.0.0:5784
2026-10-06 09:36:47,147 [INFO] FLClient client-0 started (mock=False)
2026-10-06 09:36:47,151 [INFO] Registered client client-0  iroh=183a37a8d8214546
2026-10-06 09:36:47,941 [INFO] Iroh node started: 4dda55b4a0f79b6c  addrs=['10.77.0.1:40598']
2026-10-06 09:36:47,972 [INFO] CoAP server [client-1] listening on 0.0.0.0:5785
2026-10-06 09:36:47,977 [INFO] FLClient client-1 started (mock=False)
2026-10-06 09:36:47,982 [INFO] Registered client client-1  iroh=4dda55b4a0f79b6c
2026-10-06 09:36:48,689 [INFO] Iroh node started: f161a4001a3db221  addrs=['10.77.0.1:52479']
2026-10-06 09:36:48,705 [INFO] CoAP server [client-2] listening on 0.0.0.0:5786
2026-10-06 09:36:48,707 [INFO] FLClient client-2 started (mock=False)
2026-10-06 09:36:48,708 [INFO] Registered client client-2  iroh=f161a4001a3db221
2026-10-06 09:36:49,418 [INFO] Iroh node started: fc88a7e25d767c9b  addrs=['10.77.0.1:34496']
2026-10-06 09:36:49,459 [INFO] CoAP server [client-3] listening on 0.0.0.0:5787
2026-10-06 09:36:49,464 [INFO] FLClient client-3 started (mock=False)
2026-10-06 09:36:49,470 [INFO] Registered client client-3  iroh=fc88a7e25d767c9b
2026-10-06 09:36:50,298 [INFO] Iroh node started: a14ac346d3cc8487  addrs=['10.77.0.1:51227']
2026-10-06 09:36:50,321 [INFO] CoAP server [client-4] listening on 0.0.0.0:5788
2026-10-06 09:36:50,323 [INFO] FLClient client-4 started (mock=False)
2026-10-06 09:36:50,325 [INFO] Registered client client-4  iroh=a14ac346d3cc8487
2026-10-06 09:36:50,999 [INFO] Iroh node started: 276712717179e4f1  addrs=['10.77.0.1:59785']
2026-10-06 09:36:51,012 [INFO] CoAP server [client-5] listening on 0.0.0.0:5789
2026-10-06 09:36:51,014 [INFO] FLClient client-5 started (mock=False)
2026-10-06 09:36:51,015 [INFO] Registered client client-5  iroh=276712717179e4f1
2026-10-06 09:36:51,682 [INFO] Iroh node started: 371c3c0ab573d68e  addrs=['10.77.0.1:39560']
2026-10-06 09:36:51,696 [INFO] CoAP server [client-6] listening on 0.0.0.0:5790
2026-10-06 09:36:51,698 [INFO] FLClient client-6 started (mock=False)
2026-10-06 09:36:51,699 [INFO] Registered client client-6  iroh=371c3c0ab573d68e
2026-10-06 09:36:52,397 [INFO] Iroh node started: 26cab545dcd462e2  addrs=['10.77.0.1:46959']
2026-10-06 09:36:52,411 [INFO] CoAP server [client-7] listening on 0.0.0.0:5791
2026-10-06 09:36:52,413 [INFO] FLClient client-7 started (mock=False)
2026-10-06 09:36:52,415 [INFO] Registered client client-7  iroh=26cab545dcd462e2
2026-10-06 09:36:53,083 [INFO] Iroh node started: a67372030e553ab9  addrs=['10.77.0.1:50367']
2026-10-06 09:36:53,098 [INFO] CoAP server [client-8] listening on 0.0.0.0:5792
2026-10-06 09:36:53,100 [INFO] FLClient client-8 started (mock=False)
2026-10-06 09:36:53,102 [INFO] Registered client client-8  iroh=a67372030e553ab9
2026-10-06 09:36:53,768 [INFO] Iroh node started: 149310baf43a35c2  addrs=['10.77.0.1:34517']
2026-10-06 09:36:53,788 [INFO] CoAP server [client-9] listening on 0.0.0.0:5793
2026-10-06 09:36:53,789 [INFO] FLClient client-9 started (mock=False)
2026-10-06 09:36:53,791 [INFO] Registered client client-9  iroh=149310baf43a35c2
2026-10-06 09:36:53,795 [INFO] Round 1 — sending model to 10 clients…
2026-10-06 09:36:53,798 [INFO] [client-0] Round 1 — receiving model…
2026-10-06 09:36:53,799 [INFO] [client-1] Round 1 — receiving model…
2026-10-06 09:36:53,801 [INFO] [client-2] Round 1 — receiving model…
2026-10-06 09:36:53,802 [INFO] [client-3] Round 1 — receiving model…
2026-10-06 09:36:53,804 [INFO] [client-4] Round 1 — receiving model…
2026-10-06 09:36:53,805 [INFO] [client-5] Round 1 — receiving model…
2026-10-06 09:36:53,807 [INFO] [client-6] Round 1 — receiving model…
2026-10-06 09:36:53,809 [INFO] [client-7] Round 1 — receiving model…
2026-10-06 09:36:53,811 [INFO] [client-8] Round 1 — receiving model…
2026-10-06 09:36:53,813 [INFO] [client-9] Round 1 — receiving model…
2026-10-06 09:36:54,242 [INFO] recv 13933B via direct in 105ms
2026-10-06 09:36:54,316 [INFO] [client-1] Round 1 — training locally…
2026-10-06 09:37:40,974 [INFO] [client-1] Round 1 — sending update…
2026-10-06 09:37:40,977 [WARNING] _send_bytes connect attempt 1/3 failed (TimeoutError: ) — retrying in 5s
2026-10-06 09:37:40,978 [WARNING] _send_bytes connect attempt 1/3 failed (TimeoutError: ) — retrying in 5s
2026-10-06 09:37:40,979 [WARNING] _send_bytes connect attempt 1/3 failed (TimeoutError: ) — retrying in 5s
2026-10-06 09:37:40,980 [WARNING] _send_bytes connect attempt 1/3 failed (TimeoutError: ) — retrying in 5s
2026-10-06 09:37:40,981 [WARNING] _send_bytes connect attempt 1/3 failed (TimeoutError: ) — retrying in 5s
2026-10-06 09:37:40,982 [WARNING] _send_bytes connect attempt 1/3 failed (TimeoutError: ) — retrying in 5s
2026-10-06 09:37:40,988 [INFO] send 13933B via direct in 47033ms (0.00 Mbit/s) to 4dda55b4a0f79b6c
2026-10-06 09:37:40,989 [INFO] send 13933B via direct in 47031ms (0.00 Mbit/s) to 183a37a8d8214546
2026-10-06 09:37:40,991 [INFO] send 13933B via direct in 47031ms (0.00 Mbit/s) to a67372030e553ab9
2026-10-06 09:37:40,993 [INFO] send 13933B via direct in 47029ms (0.00 Mbit/s) to fc88a7e25d767c9b
2026-10-06 09:37:40,995 [INFO] recv 13933B via direct in 46866ms
2026-10-06 09:37:40,998 [INFO] [client-3] Round 1 — training locally…
2026-10-06 09:37:41,136 [INFO] [client-3] Round 1 — sending update…
2026-10-06 09:37:41,140 [INFO] recv 13933B via direct in 46858ms
2026-10-06 09:37:41,144 [INFO] [client-0] Round 1 — training locally…
2026-10-06 09:37:41,273 [INFO] [client-0] Round 1 — sending update…
2026-10-06 09:37:41,279 [WARNING] iroh accept/read error [b'fl-model/1']: IrohError: 
2026-10-06 09:37:41,280 [WARNING] iroh accept/read error [b'fl-model/1']: IrohError: 
2026-10-06 09:37:41,282 [WARNING] iroh accept/read error [b'fl-model/1']: IrohError: 
2026-10-06 09:37:41,283 [WARNING] iroh accept/read error [b'fl-model/1']: IrohError: 
2026-10-06 09:37:41,284 [WARNING] iroh accept/read error [b'fl-model/1']: IrohError: 
2026-10-06 09:37:41,286 [WARNING] iroh accept/read error [b'fl-model/1']: IrohError: 
2026-10-06 09:37:41,287 [INFO] recv 13933B via direct in 46878ms
2026-10-06 09:37:41,290 [INFO] [client-8] Round 1 — training locally…
2026-10-06 09:37:41,549 [INFO] [client-8] Round 1 — sending update…
2026-10-06 09:37:41,761 [WARNING] transfer attempt 1/3 failed (stream not acknowledged: IrohError:  closed by peer: 0) — retrying
2026-10-06 09:37:41,784 [INFO] send 13933B via direct in 644ms (0.17 Mbit/s) to b49427e98c7aa8ae
2026-10-06 09:37:41,882 [INFO] [client-3] Round 1 done — loss=1.0584 acc=0.4512  48.1s
2026-10-06 09:37:41,884 [INFO] [client-3] Round 2 — receiving model…
2026-10-06 09:37:41,959 [WARNING] transfer attempt 1/3 failed (stream not acknowledged: IrohError:  closed by peer: 0) — retrying
2026-10-06 09:37:42,012 [INFO] send 13933B via direct in 734ms (0.15 Mbit/s) to b49427e98c7aa8ae
2026-10-06 09:37:42,106 [INFO] [client-0] Round 1 done — loss=1.0592 acc=0.4661  48.3s
2026-10-06 09:37:42,107 [INFO] [client-0] Round 2 — receiving model…
2026-10-06 09:37:43,100 [INFO] send 13933B via direct in 2122ms (0.05 Mbit/s) to b49427e98c7aa8ae (attempt 2)
2026-10-06 09:37:43,173 [INFO] [client-1] Round 1 done — loss=1.0796 acc=0.3819  49.4s
2026-10-06 09:37:43,176 [INFO] [client-1] Round 2 — receiving model…
2026-10-06 09:37:43,282 [WARNING] transfer attempt 2/3 failed (stream not acknowledged: IrohError:  closed by peer: 0) — retrying
2026-10-06 09:37:44,786 [INFO] send 13933B via direct in 3232ms (0.03 Mbit/s) to b49427e98c7aa8ae (attempt 3)
2026-10-06 09:37:44,879 [INFO] [client-8] Round 1 done — loss=0.8065 acc=0.6803  51.1s
2026-10-06 09:37:44,880 [INFO] [client-8] Round 2 — receiving model…
2026-10-06 09:37:46,237 [INFO] recv 13933B via direct in 87ms
2026-10-06 09:37:46,246 [INFO] [client-4] Round 1 — training locally…
2026-10-06 09:37:46,446 [INFO] [client-4] Round 1 — sending update…
2026-10-06 09:37:46,451 [INFO] send 13933B via direct in 52505ms (0.00 Mbit/s) to a14ac346d3cc8487
2026-10-06 09:37:46,453 [INFO] recv 13933B via direct in 294ms
2026-10-06 09:37:46,457 [INFO] [client-9] Round 1 — training locally…
2026-10-06 09:37:46,622 [INFO] [client-9] Round 1 — sending update…
2026-10-06 09:37:46,626 [INFO] recv 13933B via direct in 274ms
2026-10-06 09:37:46,631 [INFO] [client-2] Round 1 — training locally…
2026-10-06 09:37:46,792 [INFO] [client-2] Round 1 — sending update…
2026-10-06 09:37:46,796 [INFO] recv 13933B via direct in 284ms
2026-10-06 09:37:46,799 [INFO] [client-6] Round 1 — training locally…
2026-10-06 09:37:46,948 [INFO] [client-6] Round 1 — sending update…
2026-10-06 09:37:46,951 [WARNING] transfer attempt 1/3 failed (stream not acknowledged: IrohError:  closed by peer: 0) — retrying
2026-10-06 09:37:46,952 [WARNING] transfer attempt 1/3 failed (stream not acknowledged: IrohError:  closed by peer: 0) — retrying
2026-10-06 09:37:46,962 [INFO] send 13933B via direct in 53003ms (0.00 Mbit/s) to 276712717179e4f1
2026-10-06 09:37:46,964 [INFO] send 13933B via direct in 53005ms (0.00 Mbit/s) to 371c3c0ab573d68e
2026-10-06 09:37:46,966 [INFO] send 13933B via direct in 53013ms (0.00 Mbit/s) to 26cab545dcd462e2
2026-10-06 09:37:46,969 [INFO] recv 13933B via direct in 810ms
2026-10-06 09:37:46,972 [INFO] [client-7] Round 1 — training locally…
2026-10-06 09:37:47,111 [INFO] [client-7] Round 1 — sending update…
2026-10-06 09:37:47,115 [INFO] recv 13933B via direct in 821ms
2026-10-06 09:37:47,119 [INFO] [client-5] Round 1 — training locally…
2026-10-06 09:37:47,265 [INFO] [client-5] Round 1 — sending update…
2026-10-06 09:37:47,279 [INFO] send 13933B via direct in 645ms (0.17 Mbit/s) to b49427e98c7aa8ae
2026-10-06 09:37:47,302 [INFO] [client-9] Round 1 done — loss=1.0518 acc=0.4716  53.5s
2026-10-06 09:37:47,303 [INFO] [client-9] Round 2 — receiving model…
2026-10-06 09:37:47,304 [INFO] send 13933B via direct in 822ms (0.14 Mbit/s) to b49427e98c7aa8ae
2026-10-06 09:37:47,329 [INFO] [client-4] Round 1 done — loss=1.0238 acc=0.4962  53.5s
2026-10-06 09:37:47,330 [INFO] [client-4] Round 2 — receiving model…
2026-10-06 09:37:47,376 [INFO] send 13933B via direct in 581ms (0.19 Mbit/s) to b49427e98c7aa8ae
2026-10-06 09:37:47,422 [INFO] [client-2] Round 1 done — loss=1.0458 acc=0.4399  53.6s
2026-10-06 09:37:47,424 [INFO] [client-2] Round 2 — receiving model…
2026-10-06 09:37:47,448 [INFO] send 13933B via direct in 498ms (0.22 Mbit/s) to b49427e98c7aa8ae
2026-10-06 09:37:47,481 [INFO] [client-6] Round 1 done — loss=1.0487 acc=0.4507  53.7s
2026-10-06 09:37:47,482 [INFO] [client-6] Round 2 — receiving model…
2026-10-06 09:37:47,591 [WARNING] transfer attempt 1/3 failed (stream not acknowledged: IrohError:  closed by peer: 0) — retrying
2026-10-06 09:37:47,788 [INFO] send 13933B via direct in 519ms (0.22 Mbit/s) to b49427e98c7aa8ae
2026-10-06 09:37:47,830 [INFO] [client-5] Round 1 done — loss=1.0498 acc=0.4591  54.0s
2026-10-06 09:37:47,832 [INFO] [client-5] Round 2 — receiving model…
2026-10-06 09:37:48,305 [INFO] recv 13933B via direct in 196ms
2026-10-06 09:37:48,316 [INFO] [client-9] Round 2 — training locally…
2026-10-06 09:37:48,618 [INFO] [client-9] Round 2 — sending update…
2026-10-06 09:37:48,626 [INFO] send 13933B via direct in 54676ms (0.00 Mbit/s) to 149310baf43a35c2 (attempt 2)
2026-10-06 09:37:48,627 [INFO] send 13933B via direct in 54671ms (0.00 Mbit/s) to f161a4001a3db221 (attempt 2)
2026-10-06 09:37:48,629 [INFO] Round 1 — waiting for 10 updates…
2026-10-06 09:37:48,630 [INFO] recv 13933B via direct in 417ms
2026-10-06 09:37:48,632 [INFO] recv 13933B via direct in 172ms
2026-10-06 09:37:48,634 [INFO] recv 13933B via direct in 165ms
2026-10-06 09:37:48,636 [INFO] recv 13933B via direct in 402ms
2026-10-06 09:37:48,638 [INFO] recv 13933B via direct in 130ms
2026-10-06 09:37:48,640 [WARNING] Round 1 — discarding update from unselected/duplicate peer 4dda55b4a0f79b6c
2026-10-06 09:37:48,642 [INFO] recv 13933B via direct in 58ms
2026-10-06 09:37:48,645 [WARNING] Round 1 — discarding update from unselected/duplicate peer a67372030e553ab9
2026-10-06 09:37:48,646 [INFO] recv 13933B via direct in 284ms
2026-10-06 09:37:48,648 [WARNING] Round 1 — discarding update from unselected/duplicate peer a67372030e553ab9
2026-10-06 09:37:48,649 [INFO] recv 13933B via direct in 350ms
2026-10-06 09:37:48,651 [INFO] recv 13933B via direct in 369ms
2026-10-06 09:37:48,654 [INFO] recv 13933B via direct in 378ms
2026-10-06 09:37:48,656 [INFO] recv 13933B via direct in 160ms
2026-10-06 09:37:48,660 [INFO] recv 13933B via direct in 281ms
2026-10-06 09:37:48,663 [INFO] recv 13933B via direct in 309ms
2026-10-06 09:37:48,730 [INFO] Round 1/20  acc=0.3027  loss=1.1137  54.9s  clients=10
2026-10-06 09:37:48,731 [INFO] Round 2 — sending model to 10 clients…
2026-10-06 09:37:48,742 [INFO] recv 13933B via direct in 521ms
2026-10-06 09:37:48,746 [INFO] [client-2] Round 2 — training locally…
2026-10-06 09:37:48,911 [INFO] [client-2] Round 2 — sending update…
2026-10-06 09:37:49,051 [INFO] recv 13933B via direct in 131ms
2026-10-06 09:37:49,056 [INFO] [client-6] Round 2 — training locally…
2026-10-06 09:37:49,275 [INFO] [client-6] Round 2 — sending update…
2026-10-06 09:37:49,290 [INFO] send 13933B via direct in 548ms (0.20 Mbit/s) to 371c3c0ab573d68e
2026-10-06 09:37:49,292 [INFO] send 13933B via direct in 546ms (0.20 Mbit/s) to f161a4001a3db221
2026-10-06 09:37:49,294 [INFO] send 13933B via direct in 541ms (0.21 Mbit/s) to a14ac346d3cc8487
2026-10-06 09:37:49,295 [INFO] send 13933B via direct in 542ms (0.21 Mbit/s) to 276712717179e4f1
2026-10-06 09:37:49,297 [INFO] send 13933B via direct in 540ms (0.21 Mbit/s) to 26cab545dcd462e2
2026-10-06 09:37:49,298 [INFO] send 13933B via direct in 2168ms (0.05 Mbit/s) to b49427e98c7aa8ae (attempt 2)
2026-10-06 09:37:49,324 [INFO] [client-7] Round 1 done — loss=1.0520 acc=0.4196  55.5s
2026-10-06 09:37:49,325 [INFO] [client-7] Round 2 — receiving model…
2026-10-06 09:37:49,327 [INFO] send 13933B via direct in 662ms (0.17 Mbit/s) to b49427e98c7aa8ae
2026-10-06 09:37:49,353 [INFO] [client-9] Round 2 done — loss=1.0491 acc=0.4835  2.1s
2026-10-06 09:37:49,354 [INFO] [client-9] Round 3 — receiving model…
2026-10-06 09:37:49,355 [INFO] send 13933B via direct in 549ms (0.20 Mbit/s) to a67372030e553ab9
2026-10-06 09:37:49,356 [INFO] send 13933B via direct in 548ms (0.20 Mbit/s) to fc88a7e25d767c9b
2026-10-06 09:37:49,357 [INFO] send 13933B via direct in 547ms (0.20 Mbit/s) to 4dda55b4a0f79b6c
2026-10-06 09:37:49,361 [INFO] recv 13933B via direct in 368ms
2026-10-06 09:37:49,366 [INFO] [client-4] Round 2 — training locally…
2026-10-06 09:37:49,505 [INFO] [client-4] Round 2 — sending update…
2026-10-06 09:37:49,509 [INFO] recv 13933B via direct in 368ms
2026-10-06 09:37:49,514 [INFO] [client-5] Round 2 — training locally…
2026-10-06 09:37:49,657 [INFO] [client-5] Round 2 — sending update…
2026-10-06 09:37:49,661 [INFO] recv 13933B via direct in 369ms
2026-10-06 09:37:49,664 [INFO] [client-8] Round 2 — training locally…
2026-10-06 09:37:49,833 [INFO] [client-8] Round 2 — sending update…
2026-10-06 09:37:49,836 [INFO] recv 13933B via direct in 343ms
2026-10-06 09:37:49,841 [INFO] [client-3] Round 2 — training locally…
2026-10-06 09:37:50,017 [INFO] [client-3] Round 2 — sending update…
2026-10-06 09:37:50,019 [INFO] recv 13933B via direct in 370ms
2026-10-06 09:37:50,022 [INFO] [client-9] Round 3 — training locally…
2026-10-06 09:37:50,160 [INFO] [client-9] Round 3 — sending update…
2026-10-06 09:37:50,163 [INFO] recv 13933B via direct in 370ms
2026-10-06 09:37:50,166 [INFO] [client-1] Round 2 — training locally…
2026-10-06 09:37:50,306 [INFO] [client-1] Round 2 — sending update…
2026-10-06 09:37:50,309 [INFO] recv 13933B via direct in 370ms
2026-10-06 09:37:50,315 [INFO] [client-7] Round 2 — training locally…
2026-10-06 09:37:50,497 [INFO] [client-7] Round 2 — sending update…
2026-10-06 09:37:50,500 [INFO] recv 13933B via direct in 371ms
2026-10-06 09:37:50,503 [INFO] [client-0] Round 2 — training locally…
2026-10-06 09:37:50,624 [INFO] [client-0] Round 2 — sending update…
2026-10-06 09:37:50,633 [WARNING] transfer attempt 1/3 failed (stream not acknowledged: IrohError:  closed by peer: 0) — retrying
2026-10-06 09:37:50,636 [INFO] send 13933B via direct in 1715ms (0.07 Mbit/s) to b49427e98c7aa8ae
2026-10-06 09:37:50,659 [INFO] [client-2] Round 2 done — loss=1.0416 acc=0.4502  3.2s
2026-10-06 09:37:50,660 [INFO] [client-2] Round 3 — receiving model…
2026-10-06 09:37:50,661 [INFO] recv 13933B via direct in 368ms
2026-10-06 09:37:50,664 [INFO] [client-2] Round 3 — training locally…
2026-10-06 09:37:50,796 [INFO] [client-2] Round 3 — sending update…
2026-10-06 09:37:50,801 [INFO] send 13933B via direct in 1891ms (0.06 Mbit/s) to 183a37a8d8214546
2026-10-06 09:37:50,999 [INFO] send 13933B via direct in 689ms (0.16 Mbit/s) to b49427e98c7aa8ae
2026-10-06 09:37:51,098 [INFO] [client-1] Round 2 done — loss=1.0640 acc=0.4028  7.9s
2026-10-06 09:37:51,099 [INFO] [client-1] Round 3 — receiving model…
2026-10-06 09:37:51,102 [WARNING] transfer attempt 1/3 failed (stream not acknowledged: IrohError:  closed by peer: 0) — retrying
2026-10-06 09:37:51,102 [WARNING] transfer attempt 1/3 failed (stream not acknowledged: IrohError:  closed by peer: 0) — retrying
2026-10-06 09:37:51,103 [WARNING] transfer attempt 1/3 failed (stream not acknowledged: IrohError:  closed by peer: 0) — retrying
2026-10-06 09:37:51,106 [INFO] send 13933B via direct in 1082ms (0.10 Mbit/s) to b49427e98c7aa8ae
2026-10-06 09:37:51,131 [INFO] [client-3] Round 2 done — loss=1.0538 acc=0.4389  9.2s
2026-10-06 09:37:51,132 [INFO] [client-3] Round 3 — receiving model…
2026-10-06 09:37:51,133 [INFO] send 13933B via direct in 474ms (0.24 Mbit/s) to b49427e98c7aa8ae
2026-10-06 09:37:51,161 [INFO] [client-0] Round 2 done — loss=1.0663 acc=0.4414  9.1s
2026-10-06 09:37:51,162 [INFO] [client-0] Round 3 — receiving model…
2026-10-06 09:37:51,163 [INFO] send 13933B via direct in 1594ms (0.07 Mbit/s) to b49427e98c7aa8ae
2026-10-06 09:37:51,183 [INFO] [client-4] Round 2 done — loss=1.0361 acc=0.4736  3.9s
2026-10-06 09:37:51,184 [INFO] [client-4] Round 3 — receiving model…
2026-10-06 09:37:51,186 [INFO] send 13933B via direct in 1826ms (0.06 Mbit/s) to b49427e98c7aa8ae
2026-10-06 09:37:51,208 [INFO] [client-6] Round 2 done — loss=1.0295 acc=0.4757  3.7s
2026-10-06 09:37:51,209 [INFO] [client-6] Round 3 — receiving model…
2026-10-06 09:37:51,211 [INFO] send 13933B via direct in 1525ms (0.07 Mbit/s) to b49427e98c7aa8ae
2026-10-06 09:37:51,234 [INFO] [client-5] Round 2 done — loss=1.0171 acc=0.5172  3.4s
2026-10-06 09:37:51,235 [INFO] [client-5] Round 3 — receiving model…
2026-10-06 09:37:51,960 [INFO] send 13933B via direct in 3218ms (0.03 Mbit/s) to 149310baf43a35c2 (attempt 2)
2026-10-06 09:37:51,964 [INFO] Round 2 — waiting for 10 updates…
2026-10-06 09:37:51,969 [INFO] recv 13933B via direct in 367ms
2026-10-06 09:37:51,976 [INFO] recv 13933B via direct in 371ms
2026-10-06 09:37:51,981 [INFO] recv 13933B via direct in 1348ms
2026-10-06 09:37:51,985 [INFO] recv 13933B via direct in 314ms
2026-10-06 09:37:51,987 [INFO] recv 13933B via direct in 321ms
2026-10-06 09:37:51,991 [INFO] recv 13933B via direct in 325ms
2026-10-06 09:37:51,997 [INFO] recv 13933B via direct in 136ms
2026-10-06 09:37:52,000 [INFO] recv 13933B via direct in 336ms
2026-10-06 09:37:52,003 [INFO] recv 13933B via direct in 144ms
2026-10-06 09:37:52,005 [WARNING] Round 2 — discarding update from unselected/duplicate peer 26cab545dcd462e2
2026-10-06 09:37:52,006 [INFO] recv 13933B via direct in 343ms
2026-10-06 09:37:52,009 [WARNING] Round 2 — discarding update from unselected/duplicate peer 149310baf43a35c2
2026-10-06 09:37:52,011 [INFO] recv 13933B via direct in 358ms
2026-10-06 09:37:52,014 [INFO] recv 13933B via direct in 470ms
2026-10-06 09:37:52,046 [INFO] Round 2/20  acc=0.3729  loss=1.0931  3.3s  clients=10
2026-10-06 09:37:52,048 [INFO] Round 3 — sending model to 10 clients…
2026-10-06 09:37:52,316 [INFO] recv 13933B via direct in 87ms
2026-10-06 09:37:52,320 [INFO] [client-4] Round 3 — training locally…
2026-10-06 09:37:52,522 [INFO] [client-4] Round 3 — sending update…
2026-10-06 09:37:52,535 [INFO] send 13933B via direct in 470ms (0.24 Mbit/s) to a67372030e553ab9
2026-10-06 09:37:52,537 [INFO] send 13933B via direct in 475ms (0.24 Mbit/s) to a14ac346d3cc8487
2026-10-06 09:37:52,538 [INFO] send 13933B via direct in 477ms (0.23 Mbit/s) to fc88a7e25d767c9b
2026-10-06 09:37:52,539 [INFO] send 13933B via direct in 2695ms (0.04 Mbit/s) to b49427e98c7aa8ae (attempt 2)
2026-10-06 09:37:52,561 [INFO] [client-8] Round 2 done — loss=0.7666 acc=0.7239  7.7s
2026-10-06 09:37:52,563 [INFO] [client-8] Round 3 — receiving model…
2026-10-06 09:37:52,563 [INFO] recv 13933B via direct in 88ms
2026-10-06 09:37:52,569 [INFO] [client-8] Round 3 — training locally…
2026-10-06 09:37:52,757 [INFO] [client-8] Round 3 — sending update…
2026-10-06 09:37:52,760 [INFO] send 13933B via direct in 473ms (0.24 Mbit/s) to 26cab545dcd462e2
2026-10-06 09:37:52,761 [INFO] send 13933B via direct in 475ms (0.24 Mbit/s) to f161a4001a3db221
2026-10-06 09:37:52,762 [INFO] send 13933B via direct in 472ms (0.24 Mbit/s) to 276712717179e4f1
2026-10-06 09:37:52,763 [INFO] send 13933B via direct in 1731ms (0.06 Mbit/s) to b49427e98c7aa8ae
2026-10-06 09:37:52,796 [INFO] [client-2] Round 3 done — loss=1.0181 acc=0.4677  2.1s
2026-10-06 09:37:52,797 [INFO] [client-2] Round 4 — receiving model…
2026-10-06 09:37:52,798 [INFO] send 13933B via direct in 476ms (0.23 Mbit/s) to 371c3c0ab573d68e
2026-10-06 09:37:52,801 [INFO] recv 13933B via direct in 310ms
2026-10-06 09:37:52,806 [INFO] [client-3] Round 3 — training locally…
2026-10-06 09:37:53,030 [INFO] [client-3] Round 3 — sending update…
2026-10-06 09:37:53,033 [INFO] recv 13933B via direct in 321ms
2026-10-06 09:37:53,038 [INFO] [client-2] Round 4 — training locally…
2026-10-06 09:37:53,215 [INFO] [client-2] Round 4 — sending update…
2026-10-06 09:37:53,218 [INFO] recv 13933B via direct in 300ms
2026-10-06 09:37:53,221 [INFO] [client-5] Round 3 — training locally…
2026-10-06 09:37:53,391 [INFO] [client-5] Round 3 — sending update…
2026-10-06 09:37:53,394 [INFO] send 13933B via direct in 471ms (0.24 Mbit/s) to 4dda55b4a0f79b6c
2026-10-06 09:37:53,400 [INFO] recv 13933B via direct in 576ms
2026-10-06 09:37:53,403 [INFO] [client-1] Round 3 — training locally…
2026-10-06 09:37:53,601 [INFO] [client-1] Round 3 — sending update…
2026-10-06 09:37:53,604 [INFO] recv 13933B via direct in 550ms
2026-10-06 09:37:53,608 [INFO] [client-6] Round 3 — training locally…
2026-10-06 09:37:53,769 [INFO] [client-6] Round 3 — sending update…
2026-10-06 09:37:53,780 [INFO] send 13933B via direct in 1344ms (0.08 Mbit/s) to 149310baf43a35c2
2026-10-06 09:37:53,786 [INFO] send 13933B via direct in 1350ms (0.08 Mbit/s) to 183a37a8d8214546
2026-10-06 09:37:53,789 [INFO] Round 3 — waiting for 10 updates…
2026-10-06 09:37:53,791 [INFO] recv 13933B via direct in 304ms
2026-10-06 09:37:53,795 [INFO] recv 13933B via direct in 1592ms
2026-10-06 09:37:53,802 [INFO] send 13933B via direct in 3289ms (0.03 Mbit/s) to b49427e98c7aa8ae (attempt 2)
2026-10-06 09:37:53,883 [INFO] [client-7] Round 2 done — loss=1.0370 acc=0.4389  4.6s
2026-10-06 09:37:53,898 [INFO] [client-7] Round 3 — receiving model…
2026-10-06 09:37:53,901 [INFO] recv 13933B via direct in 336ms
2026-10-06 09:37:53,907 [INFO] [client-7] Round 3 — training locally…
2026-10-06 09:37:54,122 [INFO] [client-7] Round 3 — sending update…
2026-10-06 09:37:54,127 [INFO] send 13933B via direct in 3626ms (0.03 Mbit/s) to b49427e98c7aa8ae (attempt 2)
2026-10-06 09:37:54,149 [INFO] [client-9] Round 3 done — loss=1.0182 acc=0.5242  4.8s
2026-10-06 09:37:54,150 [INFO] [client-9] Round 4 — receiving model…
2026-10-06 09:37:54,151 [INFO] recv 13933B via direct in 125ms
2026-10-06 09:37:54,153 [INFO] [client-9] Round 4 — training locally…
2026-10-06 09:37:54,299 [INFO] [client-9] Round 4 — sending update…
2026-10-06 09:37:54,302 [INFO] recv 13933B via direct in 1572ms
2026-10-06 09:37:54,304 [INFO] [client-0] Round 3 — training locally…
2026-10-06 09:37:54,412 [INFO] [client-0] Round 3 — sending update…
2026-10-06 09:37:54,417 [INFO] recv 13933B via direct in 1536ms
2026-10-06 09:37:54,423 [INFO] recv 13933B via direct in 1534ms
2026-10-06 09:37:54,431 [INFO] recv 13933B via direct in 1020ms
2026-10-06 09:37:54,434 [INFO] send 13933B via direct in 1027ms (0.11 Mbit/s) to b49427e98c7aa8ae
2026-10-06 09:37:54,471 [INFO] [client-5] Round 3 done — loss=1.0046 acc=0.5278  3.2s
2026-10-06 09:37:54,472 [INFO] [client-5] Round 4 — receiving model…
2026-10-06 09:37:54,473 [INFO] send 13933B via direct in 817ms (0.14 Mbit/s) to b49427e98c7aa8ae
2026-10-06 09:37:54,502 [INFO] [client-1] Round 3 done — loss=1.0672 acc=0.4093  3.4s
2026-10-06 09:37:54,504 [INFO] [client-1] Round 4 — receiving model…
2026-10-06 09:37:54,505 [INFO] send 13933B via direct in 1895ms (0.06 Mbit/s) to b49427e98c7aa8ae
2026-10-06 09:37:54,534 [INFO] [client-4] Round 3 done — loss=1.0265 acc=0.4825  3.3s
2026-10-06 09:37:54,558 [INFO] [client-4] Round 4 — receiving model…
2026-10-06 09:37:54,560 [INFO] send 13933B via direct in 1662ms (0.07 Mbit/s) to b49427e98c7aa8ae
2026-10-06 09:37:54,583 [INFO] [client-8] Round 3 done — loss=0.7763 acc=0.7218  2.0s
2026-10-06 09:37:54,586 [INFO] [client-8] Round 4 — receiving model…
2026-10-06 09:37:54,587 [INFO] send 13933B via direct in 1389ms (0.08 Mbit/s) to b49427e98c7aa8ae
2026-10-06 09:37:54,611 [INFO] [client-3] Round 3 done — loss=1.0499 acc=0.4499  3.5s
2026-10-06 09:37:54,612 [INFO] [client-3] Round 4 — receiving model…
2026-10-06 09:37:54,615 [INFO] send 13933B via direct in 1205ms (0.09 Mbit/s) to b49427e98c7aa8ae
2026-10-06 09:37:54,640 [INFO] [client-2] Round 4 done — loss=1.0082 acc=0.4876  1.8s
2026-10-06 09:37:54,642 [INFO] [client-2] Round 5 — receiving model…
2026-10-06 09:37:54,652 [INFO] recv 13933B via direct in 871ms
2026-10-06 09:37:54,655 [WARNING] Round 3 — discarding update from unselected/duplicate peer f161a4001a3db221
2026-10-06 09:37:54,656 [INFO] recv 13933B via direct in 1244ms
2026-10-06 09:37:54,659 [WARNING] Round 3 — discarding update from unselected/duplicate peer a67372030e553ab9
2026-10-06 09:37:54,660 [INFO] recv 13933B via direct in 1041ms
2026-10-06 09:37:54,663 [INFO] send 13933B via direct in 875ms (0.13 Mbit/s) to b49427e98c7aa8ae
2026-10-06 09:37:54,688 [INFO] [client-6] Round 3 done — loss=1.0275 acc=0.4757  3.5s
2026-10-06 09:37:54,690 [INFO] [client-6] Round 4 — receiving model…
2026-10-06 09:37:54,691 [INFO] recv 13933B via direct in 857ms
2026-10-06 09:37:54,697 [INFO] recv 13933B via direct in 857ms
2026-10-06 09:37:54,700 [INFO] recv 13933B via direct in 275ms
2026-10-06 09:37:54,702 [INFO] recv 13933B via direct in 274ms
2026-10-06 09:37:54,704 [WARNING] Round 3 — discarding update from unselected/duplicate peer 26cab545dcd462e2
2026-10-06 09:37:54,741 [INFO] send 13933B via direct in 615ms (0.18 Mbit/s) to b49427e98c7aa8ae
2026-10-06 09:37:54,828 [INFO] [client-7] Round 3 done — loss=1.0338 acc=0.4475  0.9s
2026-10-06 09:37:54,830 [INFO] [client-7] Round 4 — receiving model…
2026-10-06 09:37:54,834 [INFO] send 13933B via direct in 418ms (0.27 Mbit/s) to b49427e98c7aa8ae
2026-10-06 09:37:54,872 [INFO] [client-0] Round 3 done — loss=1.0588 acc=0.4518  3.7s
2026-10-06 09:37:54,873 [INFO] [client-0] Round 4 — receiving model…
2026-10-06 09:37:54,875 [INFO] recv 13933B via direct in 186ms
2026-10-06 09:37:54,881 [WARNING] Round 3 — discarding update from unselected/duplicate peer 149310baf43a35c2
2026-10-06 09:37:54,882 [INFO] recv 13933B via direct in 186ms
2026-10-06 09:37:55,010 [INFO] Round 3/20  acc=0.4271  loss=1.0794  3.0s  clients=10
2026-10-06 09:37:55,012 [INFO] Round 4 — sending model to 10 clients…
2026-10-06 09:37:55,030 [INFO] send 13933B via direct in 729ms (0.15 Mbit/s) to b49427e98c7aa8ae
2026-10-06 09:37:55,054 [INFO] [client-9] Round 4 done — loss=1.0242 acc=0.5095  0.9s
2026-10-06 09:37:55,055 [INFO] [client-9] Round 5 — receiving model…
2026-10-06 09:37:55,057 [INFO] recv 13933B via direct in 320ms
2026-10-06 09:37:55,062 [INFO] [client-9] Round 5 — training locally…
2026-10-06 09:37:55,243 [INFO] [client-9] Round 5 — sending update…
2026-10-06 09:37:55,385 [INFO] recv 13933B via direct in 132ms
2026-10-06 09:37:55,391 [INFO] [client-6] Round 4 — training locally…
2026-10-06 09:37:55,624 [INFO] [client-6] Round 4 — sending update…
2026-10-06 09:37:55,640 [INFO] send 13933B via direct in 605ms (0.18 Mbit/s) to 276712717179e4f1
2026-10-06 09:37:55,643 [INFO] send 13933B via direct in 614ms (0.18 Mbit/s) to 371c3c0ab573d68e
2026-10-06 09:37:55,644 [INFO] send 13933B via direct in 611ms (0.18 Mbit/s) to 183a37a8d8214546
2026-10-06 09:37:55,646 [INFO] send 13933B via direct in 614ms (0.18 Mbit/s) to 149310baf43a35c2
2026-10-06 09:37:55,647 [INFO] send 13933B via direct in 604ms (0.18 Mbit/s) to 26cab545dcd462e2
2026-10-06 09:37:55,650 [INFO] send 13933B via direct in 606ms (0.18 Mbit/s) to f161a4001a3db221
2026-10-06 09:37:55,652 [INFO] send 13933B via direct in 618ms (0.18 Mbit/s) to a67372030e553ab9
2026-10-06 09:37:55,654 [INFO] send 13933B via direct in 608ms (0.18 Mbit/s) to fc88a7e25d767c9b
2026-10-06 09:37:55,656 [INFO] send 13933B via direct in 602ms (0.19 Mbit/s) to 4dda55b4a0f79b6c
2026-10-06 09:37:55,658 [INFO] recv 13933B via direct in 382ms
2026-10-06 09:37:55,661 [INFO] [client-3] Round 4 — training locally…
2026-10-06 09:37:55,878 [INFO] [client-3] Round 4 — sending update…
2026-10-06 09:37:55,881 [INFO] recv 13933B via direct in 382ms
2026-10-06 09:37:55,885 [INFO] [client-0] Round 4 — training locally…
2026-10-06 09:37:56,074 [INFO] [client-0] Round 4 — sending update…
2026-10-06 09:37:56,077 [INFO] recv 13933B via direct in 383ms
2026-10-06 09:37:56,083 [INFO] [client-5] Round 4 — training locally…
2026-10-06 09:37:56,236 [INFO] [client-5] Round 4 — sending update…
2026-10-06 09:37:56,239 [INFO] recv 13933B via direct in 383ms
2026-10-06 09:37:56,244 [INFO] [client-1] Round 4 — training locally…
2026-10-06 09:37:56,378 [INFO] [client-1] Round 4 — sending update…
2026-10-06 09:37:56,380 [INFO] recv 13933B via direct in 385ms
2026-10-06 09:37:56,383 [INFO] [client-4] Round 4 — training locally…
2026-10-06 09:37:56,563 [INFO] [client-4] Round 4 — sending update…
2026-10-06 09:37:56,568 [INFO] recv 13933B via direct in 385ms
2026-10-06 09:37:56,574 [INFO] [client-7] Round 4 — training locally…
2026-10-06 09:37:56,756 [INFO] [client-7] Round 4 — sending update…
2026-10-06 09:37:56,760 [INFO] recv 13933B via direct in 386ms
2026-10-06 09:37:56,764 [INFO] [client-2] Round 5 — training locally…
2026-10-06 09:37:56,971 [INFO] [client-2] Round 5 — sending update…
2026-10-06 09:37:56,975 [INFO] recv 13933B via direct in 387ms
2026-10-06 09:37:56,979 [INFO] [client-8] Round 4 — training locally…
2026-10-06 09:37:57,180 [INFO] [client-8] Round 4 — sending update…
2026-10-06 09:37:57,187 [WARNING] transfer attempt 1/3 failed (stream not acknowledged: IrohError:  closed by peer: 0) — retrying
2026-10-06 09:37:57,214 [INFO] send 13933B via direct in 1941ms (0.06 Mbit/s) to b49427e98c7aa8ae
2026-10-06 09:37:57,275 [INFO] [client-9] Round 5 done — loss=1.0169 acc=0.5183  2.2s
2026-10-06 09:37:57,277 [INFO] [client-9] Round 6 — receiving model…
2026-10-06 09:37:57,280 [INFO] recv 13933B via direct in 384ms
2026-10-06 09:37:57,284 [INFO] [client-9] Round 6 — training locally…
2026-10-06 09:37:57,581 [INFO] [client-9] Round 6 — sending update…
2026-10-06 09:37:57,590 [INFO] send 13933B via direct in 1959ms (0.06 Mbit/s) to b49427e98c7aa8ae
2026-10-06 09:37:57,615 [INFO] [client-6] Round 4 done — loss=1.0241 acc=0.4726  2.9s
2026-10-06 09:37:57,616 [INFO] [client-6] Round 5 — receiving model…
2026-10-06 09:37:57,618 [INFO] send 13933B via direct in 1706ms (0.07 Mbit/s) to b49427e98c7aa8ae
2026-10-06 09:37:57,650 [INFO] [client-3] Round 4 done — loss=1.0490 acc=0.4454  3.0s
2026-10-06 09:37:57,651 [INFO] [client-3] Round 5 — receiving model…
2026-10-06 09:37:57,691 [INFO] send 13933B via direct in 1310ms (0.09 Mbit/s) to b49427e98c7aa8ae
2026-10-06 09:37:57,750 [INFO] [client-1] Round 4 done — loss=1.0622 acc=0.4155  3.2s
2026-10-06 09:37:57,751 [INFO] [client-1] Round 5 — receiving model…
2026-10-06 09:37:57,757 [INFO] send 13933B via direct in 1677ms (0.07 Mbit/s) to b49427e98c7aa8ae
2026-10-06 09:37:57,781 [INFO] [client-0] Round 4 done — loss=1.0590 acc=0.4566  2.9s
2026-10-06 09:37:57,782 [INFO] [client-0] Round 5 — receiving model…
2026-10-06 09:37:57,783 [INFO] send 13933B via direct in 1186ms (0.09 Mbit/s) to b49427e98c7aa8ae
2026-10-06 09:37:57,805 [INFO] [client-4] Round 4 done — loss=1.0208 acc=0.4859  3.2s
2026-10-06 09:37:57,806 [INFO] [client-4] Round 5 — receiving model…
2026-10-06 09:37:57,808 [INFO] send 13933B via direct in 780ms (0.14 Mbit/s) to b49427e98c7aa8ae
2026-10-06 09:37:57,839 [INFO] [client-2] Round 5 done — loss=0.9881 acc=0.5031  3.2s
2026-10-06 09:37:57,841 [INFO] [client-2] Round 6 — receiving model…
2026-10-06 09:37:57,842 [INFO] send 13933B via direct in 1516ms (0.07 Mbit/s) to b49427e98c7aa8ae
2026-10-06 09:37:57,867 [INFO] [client-5] Round 4 done — loss=0.9887 acc=0.5457  3.4s
2026-10-06 09:37:57,868 [INFO] [client-5] Round 5 — receiving model…
2026-10-06 09:37:57,869 [INFO] send 13933B via direct in 996ms (0.11 Mbit/s) to b49427e98c7aa8ae
2026-10-06 09:37:57,899 [INFO] [client-7] Round 4 done — loss=1.0352 acc=0.4478  3.1s
2026-10-06 09:37:57,900 [INFO] [client-7] Round 5 — receiving model…
2026-10-06 09:37:57,902 [INFO] send 13933B via direct in 719ms (0.16 Mbit/s) to b49427e98c7aa8ae
2026-10-06 09:37:57,924 [INFO] [client-8] Round 4 done — loss=0.7622 acc=0.7153  3.3s
2026-10-06 09:37:57,926 [INFO] [client-8] Round 5 — receiving model…
2026-10-06 09:37:58,069 [WARNING] transfer attempt 1/3 failed (stream not acknowledged: IrohError:  closed by peer: 0) — retrying
2026-10-06 09:37:58,440 [INFO] recv 13933B via direct in 98ms
2026-10-06 09:37:58,454 [INFO] [client-4] Round 5 — training locally…
2026-10-06 09:37:58,653 [INFO] [client-4] Round 5 — sending update…
2026-10-06 09:37:58,658 [INFO] send 13933B via direct in 3636ms (0.03 Mbit/s) to a14ac346d3cc8487 (attempt 2)
2026-10-06 09:37:58,659 [INFO] Round 4 — waiting for 10 updates…
2026-10-06 09:37:58,660 [INFO] recv 13933B via direct in 1554ms
2026-10-06 09:37:58,662 [INFO] recv 13933B via direct in 465ms
2026-10-06 09:37:58,664 [INFO] recv 13933B via direct in 466ms
2026-10-06 09:37:58,667 [INFO] recv 13933B via direct in 466ms
2026-10-06 09:37:58,669 [INFO] recv 13933B via direct in 466ms
2026-10-06 09:37:58,671 [INFO] recv 13933B via direct in 467ms
2026-10-06 09:37:58,674 [INFO] recv 13933B via direct in 467ms
2026-10-06 09:37:58,677 [INFO] recv 13933B via direct in 468ms
2026-10-06 09:37:58,680 [INFO] recv 13933B via direct in 472ms
2026-10-06 09:37:58,682 [INFO] recv 13933B via direct in 168ms
2026-10-06 09:37:58,710 [INFO] Round 4/20  acc=0.4361  loss=1.0754  3.7s  clients=10
2026-10-06 09:37:58,711 [INFO] Round 5 — sending model to 10 clients…
2026-10-06 09:37:59,026 [INFO] recv 13933B via direct in 137ms
2026-10-06 09:37:59,049 [INFO] [client-3] Round 5 — training locally…
2026-10-06 09:37:59,260 [INFO] [client-3] Round 5 — sending update…
2026-10-06 09:37:59,264 [INFO] send 13933B via direct in 291ms (0.38 Mbit/s) to 149310baf43a35c2
2026-10-06 09:37:59,268 [INFO] recv 13933B via direct in 136ms
2026-10-06 09:37:59,272 [INFO] [client-1] Round 5 — training locally…
2026-10-06 09:37:59,395 [INFO] [client-1] Round 5 — sending update…
2026-10-06 09:37:59,397 [INFO] recv 13933B via direct in 129ms
2026-10-06 09:37:59,401 [INFO] [client-6] Round 5 — training locally…
2026-10-06 09:37:59,527 [INFO] [client-6] Round 5 — sending update…
2026-10-06 09:37:59,532 [WARNING] transfer attempt 1/3 failed (stream not acknowledged: IrohError:  closed by peer: 0) — retrying
2026-10-06 09:37:59,538 [INFO] send 13933B via direct in 550ms (0.20 Mbit/s) to a14ac346d3cc8487
2026-10-06 09:37:59,541 [INFO] recv 13933B via direct in 393ms
2026-10-06 09:37:59,543 [INFO] [client-5] Round 5 — training locally…
2026-10-06 09:37:59,708 [INFO] [client-5] Round 5 — sending update…
2026-10-06 09:37:59,711 [INFO] send 13933B via direct in 812ms (0.14 Mbit/s) to 4dda55b4a0f79b6c
2026-10-06 09:37:59,713 [INFO] send 13933B via direct in 809ms (0.14 Mbit/s) to 371c3c0ab573d68e
2026-10-06 09:37:59,714 [INFO] send 13933B via direct in 806ms (0.14 Mbit/s) to 276712717179e4f1
2026-10-06 09:37:59,715 [INFO] send 13933B via direct in 810ms (0.14 Mbit/s) to a67372030e553ab9
2026-10-06 09:37:59,716 [INFO] send 13933B via direct in 878ms (0.13 Mbit/s) to b49427e98c7aa8ae
2026-10-06 09:37:59,754 [INFO] [client-4] Round 5 done — loss=1.0210 acc=0.4918  1.9s
2026-10-06 09:37:59,755 [INFO] [client-4] Round 6 — receiving model…
2026-10-06 09:37:59,756 [INFO] recv 13933B via direct in 102ms
2026-10-06 09:37:59,760 [INFO] [client-4] Round 6 — training locally…
2026-10-06 09:37:59,916 [INFO] [client-4] Round 6 — sending update…
2026-10-06 09:37:59,918 [INFO] send 13933B via direct in 813ms (0.14 Mbit/s) to f161a4001a3db221
2026-10-06 09:37:59,920 [INFO] send 13933B via direct in 819ms (0.14 Mbit/s) to 183a37a8d8214546
2026-10-06 09:37:59,930 [INFO] recv 13933B via direct in 645ms
2026-10-06 09:37:59,932 [INFO] [client-0] Round 5 — training locally…
2026-10-06 09:38:00,062 [INFO] [client-0] Round 5 — sending update…
2026-10-06 09:38:00,066 [INFO] recv 13933B via direct in 690ms
2026-10-06 09:38:00,068 [INFO] [client-8] Round 5 — training locally…
2026-10-06 09:38:00,216 [INFO] [client-8] Round 5 — sending update…
2026-10-06 09:38:00,219 [INFO] recv 13933B via direct in 648ms
2026-10-06 09:38:00,221 [INFO] [client-2] Round 6 — training locally…
2026-10-06 09:38:00,356 [INFO] [client-2] Round 6 — sending update…
2026-10-06 09:38:00,362 [INFO] send 13933B via direct in 814ms (0.14 Mbit/s) to 26cab545dcd462e2
2026-10-06 09:38:00,364 [INFO] recv 13933B via direct in 818ms
2026-10-06 09:38:00,368 [INFO] [client-7] Round 5 — training locally…
2026-10-06 09:38:00,518 [INFO] [client-7] Round 5 — sending update…
2026-10-06 09:38:00,540 [INFO] send 13933B via direct in 1268ms (0.09 Mbit/s) to b49427e98c7aa8ae
2026-10-06 09:38:00,573 [INFO] [client-3] Round 5 done — loss=1.0523 acc=0.4396  2.9s
2026-10-06 09:38:00,575 [INFO] [client-3] Round 6 — receiving model…
2026-10-06 09:38:00,576 [INFO] send 13933B via direct in 2947ms (0.04 Mbit/s) to b49427e98c7aa8ae (attempt 2)
2026-10-06 09:38:00,606 [INFO] [client-9] Round 6 done — loss=1.0172 acc=0.5179  3.3s
2026-10-06 09:38:00,607 [INFO] [client-9] Round 7 — receiving model…
2026-10-06 09:38:00,608 [INFO] recv 13933B via direct in 103ms
2026-10-06 09:38:00,612 [INFO] [client-9] Round 7 — training locally…
2026-10-06 09:38:00,752 [INFO] [client-9] Round 7 — sending update…
2026-10-06 09:38:00,755 [INFO] send 13933B via direct in 1134ms (0.10 Mbit/s) to b49427e98c7aa8ae
2026-10-06 09:38:00,786 [INFO] [client-1] Round 5 done — loss=1.0645 acc=0.4224  3.0s
2026-10-06 09:38:00,787 [INFO] [client-1] Round 6 — receiving model…
2026-10-06 09:38:00,802 [INFO] send 13933B via direct in 873ms (0.13 Mbit/s) to b49427e98c7aa8ae
2026-10-06 09:38:00,823 [INFO] [client-4] Round 6 done — loss=1.0226 acc=0.4804  1.1s
2026-10-06 09:38:00,824 [INFO] [client-4] Round 7 — receiving model…
2026-10-06 09:38:00,826 [INFO] send 13933B via direct in 726ms (0.15 Mbit/s) to b49427e98c7aa8ae
2026-10-06 09:38:00,863 [INFO] [client-0] Round 5 done — loss=1.0536 acc=0.4666  3.1s
2026-10-06 09:38:00,864 [INFO] [client-0] Round 6 — receiving model…
2026-10-06 09:38:00,866 [INFO] send 13933B via direct in 573ms (0.20 Mbit/s) to b49427e98c7aa8ae
2026-10-06 09:38:00,899 [INFO] [client-8] Round 5 done — loss=0.7643 acc=0.7146  3.0s
2026-10-06 09:38:00,900 [INFO] [client-8] Round 6 — receiving model…
2026-10-06 09:38:00,902 [INFO] send 13933B via direct in 1083ms (0.10 Mbit/s) to b49427e98c7aa8ae
2026-10-06 09:38:00,935 [INFO] [client-5] Round 5 done — loss=0.9941 acc=0.5381  3.1s
2026-10-06 09:38:00,936 [INFO] [client-5] Round 6 — receiving model…
2026-10-06 09:38:00,938 [INFO] send 13933B via direct in 1264ms (0.09 Mbit/s) to b49427e98c7aa8ae
2026-10-06 09:38:00,967 [INFO] [client-6] Round 5 done — loss=1.0156 acc=0.4941  3.4s
2026-10-06 09:38:00,968 [INFO] [client-6] Round 6 — receiving model…
2026-10-06 09:38:00,979 [INFO] send 13933B via direct in 614ms (0.18 Mbit/s) to b49427e98c7aa8ae
2026-10-06 09:38:01,017 [INFO] [client-2] Round 6 done — loss=0.9809 acc=0.5089  3.2s
2026-10-06 09:38:01,018 [INFO] [client-2] Round 7 — receiving model…
2026-10-06 09:38:01,022 [INFO] recv 13933B via direct in 226ms
2026-10-06 09:38:01,028 [INFO] [client-3] Round 6 — training locally…
2026-10-06 09:38:01,201 [INFO] [client-3] Round 6 — sending update…
2026-10-06 09:38:01,204 [INFO] send 13933B via direct in 2297ms (0.05 Mbit/s) to fc88a7e25d767c9b (attempt 2)
2026-10-06 09:38:01,205 [INFO] Round 5 — waiting for 10 updates…
2026-10-06 09:38:01,205 [INFO] recv 13933B via direct in 251ms
2026-10-06 09:38:01,209 [INFO] recv 13933B via direct in 875ms
2026-10-06 09:38:01,212 [INFO] recv 13933B via direct in 177ms
2026-10-06 09:38:01,215 [INFO] recv 13933B via direct in 1248ms
2026-10-06 09:38:01,217 [INFO] recv 13933B via direct in 1248ms
2026-10-06 09:38:01,219 [WARNING] Round 5 — discarding update from unselected/duplicate peer 149310baf43a35c2
2026-10-06 09:38:01,220 [INFO] recv 13933B via direct in 606ms
2026-10-06 09:38:01,223 [INFO] recv 13933B via direct in 440ms
2026-10-06 09:38:01,225 [WARNING] Round 5 — discarding update from unselected/duplicate peer a14ac346d3cc8487
2026-10-06 09:38:01,226 [INFO] recv 13933B via direct in 607ms
2026-10-06 09:38:01,229 [INFO] recv 13933B via direct in 436ms
2026-10-06 09:38:01,231 [INFO] recv 13933B via direct in 442ms
2026-10-06 09:38:01,233 [INFO] recv 13933B via direct in 443ms
2026-10-06 09:38:01,237 [INFO] recv 13933B via direct in 228ms
2026-10-06 09:38:01,268 [INFO] Round 5/20  acc=0.4538  loss=1.0678  2.6s  clients=10
2026-10-06 09:38:01,270 [INFO] Round 6 — sending model to 10 clients…
2026-10-06 09:38:01,283 [INFO] send 13933B via direct in 715ms (0.16 Mbit/s) to b49427e98c7aa8ae
2026-10-06 09:38:01,312 [INFO] [client-7] Round 5 done — loss=1.0306 acc=0.4588  3.4s
2026-10-06 09:38:01,313 [INFO] [client-7] Round 6 — receiving model…
2026-10-06 09:38:01,314 [INFO] send 13933B via direct in 482ms (0.23 Mbit/s) to b49427e98c7aa8ae
2026-10-06 09:38:01,338 [INFO] [client-9] Round 7 done — loss=1.0162 acc=0.5116  0.7s
2026-10-06 09:38:01,361 [INFO] [client-9] Round 8 — receiving model…
2026-10-06 09:38:01,529 [INFO] recv 13933B via direct in 117ms
2026-10-06 09:38:01,534 [INFO] [client-6] Round 6 — training locally…
2026-10-06 09:38:01,729 [INFO] [client-6] Round 6 — sending update…
2026-10-06 09:38:01,733 [INFO] recv 13933B via direct in 114ms
2026-10-06 09:38:01,736 [INFO] [client-2] Round 7 — training locally…
2026-10-06 09:38:01,882 [INFO] [client-2] Round 7 — sending update…
2026-10-06 09:38:01,895 [INFO] send 13933B via direct in 683ms (0.16 Mbit/s) to b49427e98c7aa8ae
2026-10-06 09:38:01,919 [INFO] [client-3] Round 6 done — loss=1.0523 acc=0.4437  1.3s
2026-10-06 09:38:01,920 [INFO] [client-3] Round 7 — receiving model…
2026-10-06 09:38:01,921 [INFO] recv 13933B via direct in 293ms
2026-10-06 09:38:01,923 [INFO] [client-3] Round 7 — training locally…
2026-10-06 09:38:02,093 [INFO] [client-3] Round 7 — sending update…
2026-10-06 09:38:02,098 [INFO] send 13933B via direct in 608ms (0.18 Mbit/s) to fc88a7e25d767c9b
2026-10-06 09:38:02,099 [INFO] send 13933B via direct in 606ms (0.18 Mbit/s) to 371c3c0ab573d68e
2026-10-06 09:38:02,101 [INFO] send 13933B via direct in 608ms (0.18 Mbit/s) to 276712717179e4f1
2026-10-06 09:38:02,102 [INFO] send 13933B via direct in 605ms (0.18 Mbit/s) to a14ac346d3cc8487
2026-10-06 09:38:02,103 [INFO] send 13933B via direct in 612ms (0.18 Mbit/s) to f161a4001a3db221
2026-10-06 09:38:02,104 [INFO] send 13933B via direct in 614ms (0.18 Mbit/s) to 149310baf43a35c2
2026-10-06 09:38:02,106 [INFO] send 13933B via direct in 617ms (0.18 Mbit/s) to 4dda55b4a0f79b6c
2026-10-06 09:38:02,107 [INFO] recv 13933B via direct in 309ms
2026-10-06 09:38:02,111 [INFO] [client-4] Round 7 — training locally…
2026-10-06 09:38:02,265 [INFO] [client-4] Round 7 — sending update…
2026-10-06 09:38:02,272 [INFO] recv 13933B via direct in 458ms
2026-10-06 09:38:02,276 [INFO] [client-8] Round 6 — training locally…
2026-10-06 09:38:02,423 [INFO] [client-8] Round 6 — sending update…
2026-10-06 09:38:02,426 [INFO] recv 13933B via direct in 449ms
2026-10-06 09:38:02,429 [INFO] [client-5] Round 6 — training locally…
2026-10-06 09:38:02,568 [INFO] [client-5] Round 6 — sending update…
2026-10-06 09:38:02,570 [INFO] recv 13933B via direct in 461ms
2026-10-06 09:38:02,573 [INFO] [client-1] Round 6 — training locally…
2026-10-06 09:38:02,707 [INFO] [client-1] Round 6 — sending update…
2026-10-06 09:38:02,716 [INFO] recv 13933B via direct in 476ms
2026-10-06 09:38:02,719 [INFO] [client-9] Round 8 — training locally…
2026-10-06 09:38:02,851 [INFO] [client-9] Round 8 — sending update…
2026-10-06 09:38:02,855 [INFO] send 13933B via direct in 608ms (0.18 Mbit/s) to a67372030e553ab9
2026-10-06 09:38:02,865 [INFO] recv 13933B via direct in 821ms
2026-10-06 09:38:02,868 [INFO] [client-7] Round 6 — training locally…
2026-10-06 09:38:03,022 [INFO] [client-7] Round 6 — sending update…
2026-10-06 09:38:03,028 [INFO] send 13933B via direct in 1576ms (0.07 Mbit/s) to 26cab545dcd462e2
2026-10-06 09:38:03,030 [INFO] send 13933B via direct in 1586ms (0.07 Mbit/s) to 183a37a8d8214546
2026-10-06 09:38:03,039 [INFO] Round 6 — waiting for 10 updates…
2026-10-06 09:38:03,041 [INFO] recv 13933B via direct in 309ms
2026-10-06 09:38:03,044 [INFO] recv 13933B via direct in 152ms
2026-10-06 09:38:03,048 [INFO] recv 13933B via direct in 1429ms
2026-10-06 09:38:03,050 [INFO] [client-0] Round 6 — training locally…
2026-10-06 09:38:03,158 [INFO] [client-0] Round 6 — sending update…
2026-10-06 09:38:03,167 [INFO] send 13933B via direct in 1316ms (0.08 Mbit/s) to b49427e98c7aa8ae
2026-10-06 09:38:03,194 [INFO] [client-6] Round 6 done — loss=1.0179 acc=0.4823  2.2s
2026-10-06 09:38:03,195 [INFO] [client-6] Round 7 — receiving model…
2026-10-06 09:38:03,201 [INFO] recv 13933B via direct in 1271ms
2026-10-06 09:38:03,204 [INFO] send 13933B via direct in 1312ms (0.09 Mbit/s) to b49427e98c7aa8ae
2026-10-06 09:38:03,229 [INFO] [client-2] Round 7 done — loss=0.9813 acc=0.5082  2.2s
2026-10-06 09:38:03,230 [INFO] [client-2] Round 8 — receiving model…
2026-10-06 09:38:03,232 [INFO] send 13933B via direct in 1101ms (0.10 Mbit/s) to b49427e98c7aa8ae
2026-10-06 09:38:03,257 [INFO] [client-3] Round 7 done — loss=1.0502 acc=0.4485  1.3s
2026-10-06 09:38:03,259 [INFO] [client-3] Round 8 — receiving model…
2026-10-06 09:38:03,261 [INFO] recv 13933B via direct in 338ms
2026-10-06 09:38:03,264 [INFO] recv 13933B via direct in 338ms
2026-10-06 09:38:03,267 [WARNING] Round 6 — discarding update from unselected/duplicate peer fc88a7e25d767c9b
2026-10-06 09:38:03,270 [INFO] recv 13933B via direct in 213ms
2026-10-06 09:38:03,272 [INFO] recv 13933B via direct in 233ms
2026-10-06 09:38:03,277 [INFO] send 13933B via direct in 843ms (0.13 Mbit/s) to b49427e98c7aa8ae
2026-10-06 09:38:03,305 [INFO] [client-8] Round 6 done — loss=0.7665 acc=0.7071  2.4s
2026-10-06 09:38:03,307 [INFO] [client-8] Round 7 — receiving model…
2026-10-06 09:38:03,308 [INFO] recv 13933B via direct in 234ms
2026-10-06 09:38:03,314 [INFO] send 13933B via direct in 741ms (0.15 Mbit/s) to b49427e98c7aa8ae
2026-10-06 09:38:03,343 [INFO] [client-5] Round 6 done — loss=0.9786 acc=0.5525  2.4s
2026-10-06 09:38:03,346 [INFO] [client-5] Round 7 — receiving model…
2026-10-06 09:38:03,348 [INFO] send 13933B via direct in 598ms (0.19 Mbit/s) to b49427e98c7aa8ae
2026-10-06 09:38:03,370 [INFO] [client-1] Round 6 done — loss=1.0638 acc=0.4121  2.6s
2026-10-06 09:38:03,371 [INFO] [client-1] Round 7 — receiving model…
2026-10-06 09:38:03,373 [INFO] recv 13933B via direct in 299ms
2026-10-06 09:38:03,375 [WARNING] Round 6 — discarding update from unselected/duplicate peer 149310baf43a35c2
2026-10-06 09:38:03,377 [INFO] send 13933B via direct in 518ms (0.22 Mbit/s) to b49427e98c7aa8ae
2026-10-06 09:38:03,404 [INFO] [client-9] Round 8 done — loss=1.0121 acc=0.5239  2.0s
2026-10-06 09:38:03,405 [INFO] [client-9] Round 9 — receiving model…
2026-10-06 09:38:03,408 [INFO] recv 13933B via direct in 203ms
2026-10-06 09:38:03,411 [INFO] send 13933B via direct in 382ms (0.29 Mbit/s) to b49427e98c7aa8ae
2026-10-06 09:38:03,434 [INFO] [client-7] Round 6 done — loss=1.0310 acc=0.4554  2.1s
2026-10-06 09:38:03,436 [INFO] [client-7] Round 7 — receiving model…
2026-10-06 09:38:03,460 [INFO] recv 13933B via direct in 87ms
2026-10-06 09:38:03,512 [WARNING] transfer attempt 1/3 failed (stream not acknowledged: IrohError:  closed by peer: 0) — retrying
2026-10-06 09:38:03,639 [INFO] recv 13933B via direct in 611ms
2026-10-06 09:38:03,745 [INFO] Round 6/20  acc=0.4465  loss=1.0725  2.5s  clients=10
2026-10-06 09:38:03,746 [INFO] Round 7 — sending model to 10 clients…
2026-10-06 09:38:03,756 [INFO] send 13933B via direct in 1489ms (0.08 Mbit/s) to b49427e98c7aa8ae
2026-10-06 09:38:03,782 [INFO] [client-4] Round 7 done — loss=1.0214 acc=0.4828  3.0s
2026-10-06 09:38:03,783 [INFO] [client-4] Round 8 — receiving model…
2026-10-06 09:38:04,037 [INFO] recv 13933B via direct in 100ms
2026-10-06 09:38:04,050 [INFO] [client-7] Round 7 — training locally…
2026-10-06 09:38:04,260 [INFO] [client-7] Round 7 — sending update…
2026-10-06 09:38:04,266 [WARNING] transfer attempt 1/3 failed (stream not acknowledged: IrohError:  closed by peer: 0) — retrying
2026-10-06 09:38:04,272 [INFO] send 13933B via direct in 513ms (0.22 Mbit/s) to 183a37a8d8214546
2026-10-06 09:38:04,274 [INFO] send 13933B via direct in 515ms (0.22 Mbit/s) to 371c3c0ab573d68e
2026-10-06 09:38:04,276 [INFO] send 13933B via direct in 514ms (0.22 Mbit/s) to fc88a7e25d767c9b
2026-10-06 09:38:04,279 [INFO] recv 13933B via direct in 333ms
2026-10-06 09:38:04,282 [INFO] [client-6] Round 7 — training locally…
2026-10-06 09:38:04,483 [INFO] [client-6] Round 7 — sending update…
2026-10-06 09:38:04,487 [INFO] recv 13933B via direct in 371ms
2026-10-06 09:38:04,490 [INFO] [client-3] Round 8 — training locally…
2026-10-06 09:38:04,634 [INFO] [client-3] Round 8 — sending update…
2026-10-06 09:38:04,636 [INFO] recv 13933B via direct in 365ms
2026-10-06 09:38:04,638 [INFO] [client-9] Round 9 — training locally…
2026-10-06 09:38:04,761 [INFO] [client-9] Round 9 — sending update…
2026-10-06 09:38:04,764 [INFO] recv 13933B via direct in 370ms
2026-10-06 09:38:04,767 [INFO] [client-1] Round 7 — training locally…
2026-10-06 09:38:04,981 [INFO] [client-1] Round 7 — sending update…
2026-10-06 09:38:04,988 [WARNING] transfer attempt 1/3 failed (stream not acknowledged: IrohError:  closed by peer: 0) — retrying
2026-10-06 09:38:04,989 [WARNING] transfer attempt 1/3 failed (stream not acknowledged: IrohError:  closed by peer: 0) — retrying
2026-10-06 09:38:05,000 [INFO] recv 13933B via direct in 1071ms
2026-10-06 09:38:05,002 [INFO] [client-8] Round 7 — training locally…
2026-10-06 09:38:05,146 [INFO] [client-8] Round 7 — sending update…
2026-10-06 09:38:05,149 [INFO] send 13933B via direct in 1238ms (0.09 Mbit/s) to a67372030e553ab9
2026-10-06 09:38:05,150 [INFO] send 13933B via direct in 1238ms (0.09 Mbit/s) to a14ac346d3cc8487
2026-10-06 09:38:05,151 [INFO] send 13933B via direct in 1240ms (0.09 Mbit/s) to f161a4001a3db221
2026-10-06 09:38:05,152 [INFO] send 13933B via direct in 1239ms (0.09 Mbit/s) to 276712717179e4f1
2026-10-06 09:38:05,155 [INFO] recv 13933B via direct in 1074ms
2026-10-06 09:38:05,158 [INFO] [client-2] Round 8 — training locally…
2026-10-06 09:38:05,290 [INFO] [client-2] Round 8 — sending update…
2026-10-06 09:38:05,294 [INFO] recv 13933B via direct in 1069ms
2026-10-06 09:38:05,297 [INFO] [client-4] Round 8 — training locally…
2026-10-06 09:38:05,425 [INFO] [client-4] Round 8 — sending update…
2026-10-06 09:38:05,457 [INFO] recv 13933B via direct in 1250ms
2026-10-06 09:38:05,460 [INFO] [client-5] Round 7 — training locally…
2026-10-06 09:38:05,605 [INFO] [client-5] Round 7 — sending update…
2026-10-06 09:38:05,620 [INFO] send 13933B via direct in 1125ms (0.10 Mbit/s) to b49427e98c7aa8ae
2026-10-06 09:38:05,645 [INFO] [client-6] Round 7 done — loss=1.0166 acc=0.4837  2.5s
2026-10-06 09:38:05,647 [INFO] [client-6] Round 8 — receiving model…
2026-10-06 09:38:05,648 [INFO] send 13933B via direct in 848ms (0.13 Mbit/s) to b49427e98c7aa8ae
2026-10-06 09:38:05,676 [INFO] [client-9] Round 9 done — loss=1.0096 acc=0.5239  2.3s
2026-10-06 09:38:05,678 [INFO] [client-9] Round 10 — receiving model…
2026-10-06 09:38:05,679 [INFO] send 13933B via direct in 1348ms (0.08 Mbit/s) to b49427e98c7aa8ae
2026-10-06 09:38:05,703 [INFO] [client-7] Round 7 done — loss=1.0319 acc=0.4481  2.3s
2026-10-06 09:38:05,704 [INFO] [client-7] Round 8 — receiving model…
2026-10-06 09:38:05,705 [INFO] send 13933B via direct in 976ms (0.11 Mbit/s) to b49427e98c7aa8ae
2026-10-06 09:38:05,732 [INFO] [client-3] Round 8 done — loss=1.0513 acc=0.4423  2.5s
2026-10-06 09:38:05,734 [INFO] [client-3] Round 9 — receiving model…
2026-10-06 09:38:05,750 [INFO] send 13933B via direct in 759ms (0.15 Mbit/s) to b49427e98c7aa8ae
2026-10-06 09:38:05,781 [INFO] [client-1] Round 7 done — loss=1.0609 acc=0.4190  2.4s
2026-10-06 09:38:05,782 [INFO] [client-1] Round 8 — receiving model…
2026-10-06 09:38:05,783 [INFO] send 13933B via direct in 2583ms (0.04 Mbit/s) to b49427e98c7aa8ae (attempt 2)
2026-10-06 09:38:05,810 [INFO] [client-0] Round 6 done — loss=1.0550 acc=0.4531  4.9s
2026-10-06 09:38:05,811 [INFO] [client-0] Round 7 — receiving model…
2026-10-06 09:38:05,812 [INFO] recv 13933B via direct in 100ms
2026-10-06 09:38:05,814 [INFO] [client-0] Round 7 — training locally…
2026-10-06 09:38:05,931 [INFO] [client-0] Round 7 — sending update…
2026-10-06 09:38:05,938 [INFO] send 13933B via direct in 484ms (0.23 Mbit/s) to b49427e98c7aa8ae
2026-10-06 09:38:05,971 [INFO] [client-4] Round 8 done — loss=1.0156 acc=0.4863  2.2s
2026-10-06 09:38:05,972 [INFO] [client-4] Round 9 — receiving model…
2026-10-06 09:38:05,977 [INFO] send 13933B via direct in 2227ms (0.05 Mbit/s) to 26cab545dcd462e2 (attempt 2)
2026-10-06 09:38:05,979 [INFO] recv 13933B via direct in 231ms
2026-10-06 09:38:05,984 [INFO] [client-7] Round 8 — training locally…
2026-10-06 09:38:06,152 [INFO] [client-7] Round 8 — sending update…
2026-10-06 09:38:06,164 [INFO] send 13933B via direct in 865ms (0.13 Mbit/s) to b49427e98c7aa8ae
2026-10-06 09:38:06,187 [INFO] [client-2] Round 8 done — loss=0.9687 acc=0.5151  3.0s
2026-10-06 09:38:06,188 [INFO] [client-2] Round 9 — receiving model…
2026-10-06 09:38:06,189 [INFO] send 13933B via direct in 1011ms (0.11 Mbit/s) to b49427e98c7aa8ae
2026-10-06 09:38:06,214 [INFO] [client-8] Round 7 done — loss=0.7610 acc=0.7129  2.9s
2026-10-06 09:38:06,216 [INFO] [client-8] Round 8 — receiving model…
2026-10-06 09:38:06,284 [INFO] send 13933B via direct in 671ms (0.17 Mbit/s) to b49427e98c7aa8ae
2026-10-06 09:38:06,374 [INFO] [client-5] Round 7 done — loss=0.9816 acc=0.5481  3.0s
2026-10-06 09:38:06,376 [INFO] [client-5] Round 8 — receiving model…
2026-10-06 09:38:06,413 [INFO] recv 13933B via direct in 34ms
2026-10-06 09:38:06,417 [INFO] [client-1] Round 8 — training locally…
2026-10-06 09:38:06,560 [INFO] [client-1] Round 8 — sending update…
2026-10-06 09:38:06,565 [INFO] send 13933B via direct in 629ms (0.18 Mbit/s) to b49427e98c7aa8ae
2026-10-06 09:38:06,592 [INFO] [client-0] Round 7 done — loss=1.0567 acc=0.4549  0.8s
2026-10-06 09:38:06,593 [INFO] [client-0] Round 8 — receiving model…
2026-10-06 09:38:06,595 [INFO] send 13933B via direct in 2811ms (0.04 Mbit/s) to 4dda55b4a0f79b6c (attempt 2)
2026-10-06 09:38:06,596 [INFO] send 13933B via direct in 408ms (0.27 Mbit/s) to b49427e98c7aa8ae
2026-10-06 09:38:06,630 [INFO] [client-7] Round 8 done — loss=1.0322 acc=0.4433  0.9s
2026-10-06 09:38:06,631 [INFO] [client-7] Round 9 — receiving model…
2026-10-06 09:38:07,064 [INFO] send 13933B via direct in 501ms (0.22 Mbit/s) to b49427e98c7aa8ae
2026-10-06 09:38:07,128 [INFO] [client-1] Round 8 done — loss=1.0572 acc=0.4330  1.3s
2026-10-06 09:38:07,129 [INFO] [client-1] Round 9 — receiving model…
2026-10-06 09:38:07,197 [INFO] recv 13933B via direct in 813ms
2026-10-06 09:38:07,214 [INFO] [client-9] Round 10 — training locally…
2026-10-06 09:38:07,445 [INFO] [client-9] Round 10 — sending update…
2026-10-06 09:38:07,448 [INFO] send 13933B via direct in 3693ms (0.03 Mbit/s) to 149310baf43a35c2 (attempt 2)
2026-10-06 09:38:07,449 [INFO] Round 7 — waiting for 10 updates…
2026-10-06 09:38:07,450 [INFO] recv 13933B via direct in 624ms
2026-10-06 09:38:07,452 [INFO] recv 13933B via direct in 623ms
2026-10-06 09:38:07,456 [INFO] recv 13933B via direct in 624ms
2026-10-06 09:38:07,459 [INFO] recv 13933B via direct in 624ms
2026-10-06 09:38:07,462 [INFO] recv 13933B via direct in 291ms
2026-10-06 09:38:07,465 [INFO] recv 13933B via direct in 590ms
2026-10-06 09:38:07,467 [INFO] recv 13933B via direct in 324ms
2026-10-06 09:38:07,469 [INFO] recv 13933B via direct in 233ms
2026-10-06 09:38:07,471 [INFO] recv 13933B via direct in 224ms
2026-10-06 09:38:07,474 [INFO] recv 13933B via direct in 548ms
2026-10-06 09:38:07,504 [INFO] Round 7/20  acc=0.4409  loss=1.0738  3.8s  clients=10
2026-10-06 09:38:07,505 [INFO] Round 8 — sending model to 10 clients…
2026-10-06 09:38:07,748 [INFO] recv 13933B via direct in 91ms
2026-10-06 09:38:07,752 [INFO] [client-6] Round 8 — training locally…
2026-10-06 09:38:07,953 [INFO] [client-6] Round 8 — sending update…
2026-10-06 09:38:07,965 [INFO] send 13933B via direct in 509ms (0.22 Mbit/s) to b49427e98c7aa8ae
2026-10-06 09:38:07,992 [INFO] [client-9] Round 10 done — loss=1.0106 acc=0.5225  2.3s
2026-10-06 09:38:07,994 [INFO] [client-9] Round 11 — receiving model…
2026-10-06 09:38:07,995 [INFO] send 13933B via direct in 444ms (0.25 Mbit/s) to 371c3c0ab573d68e
2026-10-06 09:38:07,996 [INFO] send 13933B via direct in 446ms (0.25 Mbit/s) to f161a4001a3db221
2026-10-06 09:38:07,998 [INFO] send 13933B via direct in 448ms (0.25 Mbit/s) to fc88a7e25d767c9b
2026-10-06 09:38:07,999 [INFO] send 13933B via direct in 441ms (0.25 Mbit/s) to a67372030e553ab9
2026-10-06 09:38:08,000 [INFO] send 13933B via direct in 445ms (0.25 Mbit/s) to a14ac346d3cc8487
2026-10-06 09:38:08,001 [INFO] send 13933B via direct in 453ms (0.25 Mbit/s) to 149310baf43a35c2
2026-10-06 09:38:08,003 [INFO] recv 13933B via direct in 300ms
2026-10-06 09:38:08,005 [INFO] [client-2] Round 9 — training locally…
2026-10-06 09:38:08,146 [INFO] [client-2] Round 9 — sending update…
2026-10-06 09:38:08,150 [INFO] recv 13933B via direct in 306ms
2026-10-06 09:38:08,154 [INFO] [client-9] Round 11 — training locally…
2026-10-06 09:38:08,288 [INFO] [client-9] Round 11 — sending update…
2026-10-06 09:38:08,293 [INFO] recv 13933B via direct in 321ms
2026-10-06 09:38:08,297 [INFO] [client-3] Round 9 — training locally…
2026-10-06 09:38:08,437 [INFO] [client-3] Round 9 — sending update…
2026-10-06 09:38:08,441 [INFO] recv 13933B via direct in 293ms
2026-10-06 09:38:08,446 [INFO] [client-7] Round 9 — training locally…
2026-10-06 09:38:08,587 [INFO] [client-7] Round 9 — sending update…
2026-10-06 09:38:08,589 [INFO] recv 13933B via direct in 287ms
2026-10-06 09:38:08,594 [INFO] [client-0] Round 8 — training locally…
2026-10-06 09:38:08,699 [INFO] [client-0] Round 8 — sending update…
2026-10-06 09:38:08,703 [INFO] recv 13933B via direct in 261ms
2026-10-06 09:38:08,709 [INFO] [client-8] Round 8 — training locally…
2026-10-06 09:38:08,845 [INFO] [client-8] Round 8 — sending update…
2026-10-06 09:38:08,847 [INFO] recv 13933B via direct in 268ms
2026-10-06 09:38:08,850 [INFO] [client-4] Round 9 — training locally…
2026-10-06 09:38:09,020 [INFO] [client-4] Round 9 — sending update…
2026-10-06 09:38:09,027 [WARNING] transfer attempt 1/3 failed (stream not acknowledged: IrohError:  closed by peer: 0) — retrying
2026-10-06 09:38:09,055 [INFO] send 13933B via direct in 1511ms (0.07 Mbit/s) to 26cab545dcd462e2
2026-10-06 09:38:09,057 [INFO] send 13933B via direct in 1512ms (0.07 Mbit/s) to 276712717179e4f1
2026-10-06 09:38:09,060 [INFO] recv 13933B via direct in 1359ms
2026-10-06 09:38:09,063 [INFO] [client-5] Round 8 — training locally…
2026-10-06 09:38:09,208 [INFO] [client-5] Round 8 — sending update…
2026-10-06 09:38:09,218 [INFO] send 13933B via direct in 1700ms (0.07 Mbit/s) to 4dda55b4a0f79b6c
2026-10-06 09:38:09,220 [INFO] recv 13933B via direct in 1505ms
2026-10-06 09:38:09,223 [INFO] [client-1] Round 9 — training locally…
2026-10-06 09:38:09,385 [INFO] [client-1] Round 9 — sending update…
2026-10-06 09:38:09,398 [INFO] send 13933B via direct in 687ms (0.16 Mbit/s) to b49427e98c7aa8ae
2026-10-06 09:38:09,430 [INFO] [client-0] Round 8 done — loss=1.0646 acc=0.4553  2.8s
2026-10-06 09:38:09,431 [INFO] [client-0] Round 9 — receiving model…
2026-10-06 09:38:09,432 [INFO] send 13933B via direct in 542ms (0.21 Mbit/s) to b49427e98c7aa8ae
2026-10-06 09:38:09,463 [INFO] [client-8] Round 8 done — loss=0.7710 acc=0.7105  3.2s
2026-10-06 09:38:09,464 [INFO] [client-8] Round 9 — receiving model…
2026-10-06 09:38:09,465 [INFO] send 13933B via direct in 1436ms (0.08 Mbit/s) to b49427e98c7aa8ae
2026-10-06 09:38:09,494 [INFO] [client-6] Round 8 done — loss=1.0125 acc=0.4878  3.8s
2026-10-06 09:38:09,495 [INFO] [client-6] Round 9 — receiving model…
2026-10-06 09:38:09,496 [INFO] send 13933B via direct in 951ms (0.12 Mbit/s) to b49427e98c7aa8ae
2026-10-06 09:38:09,529 [INFO] [client-3] Round 9 done — loss=1.0453 acc=0.4471  3.8s
2026-10-06 09:38:09,550 [INFO] [client-3] Round 10 — receiving model…
2026-10-06 09:38:09,552 [INFO] send 13933B via direct in 1099ms (0.10 Mbit/s) to b49427e98c7aa8ae
2026-10-06 09:38:09,578 [INFO] [client-9] Round 11 done — loss=1.0110 acc=0.5239  1.6s
2026-10-06 09:38:09,579 [INFO] [client-9] Round 12 — receiving model…
2026-10-06 09:38:09,589 [INFO] send 13933B via direct in 560ms (0.20 Mbit/s) to b49427e98c7aa8ae
2026-10-06 09:38:09,618 [INFO] [client-4] Round 9 done — loss=1.0156 acc=0.4938  3.6s
2026-10-06 09:38:09,619 [INFO] [client-4] Round 10 — receiving model…
2026-10-06 09:38:09,620 [INFO] send 13933B via direct in 1434ms (0.08 Mbit/s) to b49427e98c7aa8ae
2026-10-06 09:38:09,653 [INFO] [client-2] Round 9 done — loss=0.9672 acc=0.5144  3.5s
2026-10-06 09:38:09,654 [INFO] [client-2] Round 10 — receiving model…
2026-10-06 09:38:09,655 [INFO] send 13933B via direct in 995ms (0.11 Mbit/s) to b49427e98c7aa8ae
2026-10-06 09:38:09,676 [INFO] [client-7] Round 9 done — loss=1.0286 acc=0.4492  3.0s
2026-10-06 09:38:09,678 [INFO] [client-7] Round 10 — receiving model…
2026-10-06 09:38:09,725 [INFO] send 13933B via direct in 513ms (0.22 Mbit/s) to b49427e98c7aa8ae
2026-10-06 09:38:09,769 [INFO] [client-5] Round 8 done — loss=0.9752 acc=0.5577  3.4s
2026-10-06 09:38:09,770 [INFO] [client-5] Round 9 — receiving model…
2026-10-06 09:38:09,776 [INFO] send 13933B via direct in 388ms (0.29 Mbit/s) to b49427e98c7aa8ae
2026-10-06 09:38:09,799 [INFO] [client-1] Round 9 done — loss=1.0622 acc=0.4224  2.7s
2026-10-06 09:38:09,800 [INFO] [client-1] Round 10 — receiving model…
2026-10-06 09:38:10,295 [INFO] recv 13933B via direct in 99ms
2026-10-06 09:38:10,300 [INFO] [client-0] Round 9 — training locally…
2026-10-06 09:38:10,439 [INFO] [client-0] Round 9 — sending update…
2026-10-06 09:38:10,444 [INFO] send 13933B via direct in 2927ms (0.04 Mbit/s) to 183a37a8d8214546 (attempt 2)
2026-10-06 09:38:10,445 [INFO] Round 8 — waiting for 10 updates…
2026-10-06 09:38:10,446 [INFO] recv 13933B via direct in 220ms
2026-10-06 09:38:10,448 [INFO] recv 13933B via direct in 186ms
2026-10-06 09:38:10,451 [INFO] recv 13933B via direct in 301ms
2026-10-06 09:38:10,453 [INFO] recv 13933B via direct in 127ms
2026-10-06 09:38:10,455 [INFO] recv 13933B via direct in 189ms
2026-10-06 09:38:10,457 [WARNING] Round 8 — discarding update from unselected/duplicate peer 183a37a8d8214546
2026-10-06 09:38:10,459 [INFO] recv 13933B via direct in 189ms
2026-10-06 09:38:10,461 [INFO] recv 13933B via direct in 362ms
2026-10-06 09:38:10,464 [INFO] recv 13933B via direct in 363ms
2026-10-06 09:38:10,466 [WARNING] Round 8 — discarding update from unselected/duplicate peer 149310baf43a35c2
2026-10-06 09:38:10,468 [INFO] recv 13933B via direct in 364ms
2026-10-06 09:38:10,470 [INFO] recv 13933B via direct in 365ms
2026-10-06 09:38:10,472 [INFO] recv 13933B via direct in 367ms
2026-10-06 09:38:10,474 [WARNING] Round 8 — discarding update from unselected/duplicate peer 26cab545dcd462e2
2026-10-06 09:38:10,477 [INFO] recv 13933B via direct in 367ms
2026-10-06 09:38:10,479 [INFO] recv 13933B via direct in 287ms
2026-10-06 09:38:10,509 [INFO] Round 8/20  acc=0.4662  loss=1.0598  3.0s  clients=10
2026-10-06 09:38:10,511 [INFO] Round 9 — sending model to 10 clients…
2026-10-06 09:38:10,734 [INFO] send 13933B via direct in 292ms (0.38 Mbit/s) to b49427e98c7aa8ae
2026-10-06 09:38:10,813 [INFO] [client-0] Round 9 done — loss=1.0511 acc=0.4631  1.4s
2026-10-06 09:38:10,814 [INFO] [client-0] Round 10 — receiving model…
2026-10-06 09:38:10,820 [INFO] recv 13933B via direct in 163ms
2026-10-06 09:38:10,825 [INFO] [client-8] Round 9 — training locally…
2026-10-06 09:38:10,975 [INFO] [client-8] Round 9 — sending update…
2026-10-06 09:38:10,980 [INFO] recv 13933B via direct in 139ms
2026-10-06 09:38:10,984 [INFO] [client-3] Round 10 — training locally…
2026-10-06 09:38:11,268 [INFO] [client-3] Round 10 — sending update…
2026-10-06 09:38:11,275 [INFO] recv 13933B via direct in 121ms
2026-10-06 09:38:11,281 [INFO] [client-7] Round 10 — training locally…
2026-10-06 09:38:11,513 [INFO] [client-7] Round 10 — sending update…
2026-10-06 09:38:11,518 [WARNING] transfer attempt 1/3 failed (stream not acknowledged: IrohError:  closed by peer: 0) — retrying
2026-10-06 09:38:11,530 [INFO] send 13933B via direct in 1000ms (0.11 Mbit/s) to 26cab545dcd462e2
2026-10-06 09:38:11,532 [INFO] send 13933B via direct in 1002ms (0.11 Mbit/s) to fc88a7e25d767c9b
2026-10-06 09:38:11,533 [INFO] send 13933B via direct in 999ms (0.11 Mbit/s) to 183a37a8d8214546
2026-10-06 09:38:11,534 [INFO] send 13933B via direct in 1005ms (0.11 Mbit/s) to 4dda55b4a0f79b6c
2026-10-06 09:38:11,536 [INFO] send 13933B via direct in 1007ms (0.11 Mbit/s) to f161a4001a3db221
2026-10-06 09:38:11,537 [INFO] send 13933B via direct in 1004ms (0.11 Mbit/s) to 276712717179e4f1
2026-10-06 09:38:11,538 [INFO] send 13933B via direct in 1000ms (0.11 Mbit/s) to 371c3c0ab573d68e
2026-10-06 09:38:11,539 [INFO] send 13933B via direct in 1002ms (0.11 Mbit/s) to a14ac346d3cc8487
2026-10-06 09:38:11,542 [INFO] recv 13933B via direct in 846ms
2026-10-06 09:38:11,545 [INFO] [client-0] Round 10 — training locally…
2026-10-06 09:38:11,666 [INFO] [client-0] Round 10 — sending update…
2026-10-06 09:38:11,668 [INFO] recv 13933B via direct in 833ms
2026-10-06 09:38:11,670 [INFO] [client-6] Round 9 — training locally…
2026-10-06 09:38:11,866 [INFO] [client-6] Round 9 — sending update…
2026-10-06 09:38:11,870 [INFO] recv 13933B via direct in 830ms
2026-10-06 09:38:11,877 [INFO] [client-1] Round 10 — training locally…
2026-10-06 09:38:12,041 [INFO] [client-1] Round 10 — sending update…
2026-10-06 09:38:12,044 [INFO] recv 13933B via direct in 844ms
2026-10-06 09:38:12,047 [INFO] [client-4] Round 10 — training locally…
2026-10-06 09:38:12,196 [INFO] [client-4] Round 10 — sending update…
2026-10-06 09:38:12,199 [INFO] recv 13933B via direct in 858ms
2026-10-06 09:38:12,204 [INFO] [client-2] Round 10 — training locally…
2026-10-06 09:38:12,369 [INFO] [client-2] Round 10 — sending update…
2026-10-06 09:38:12,376 [INFO] recv 13933B via direct in 856ms
2026-10-06 09:38:12,379 [INFO] [client-5] Round 9 — training locally…
2026-10-06 09:38:12,519 [INFO] [client-5] Round 9 — sending update…
2026-10-06 09:38:12,535 [INFO] send 13933B via direct in 1102ms (0.10 Mbit/s) to b49427e98c7aa8ae
2026-10-06 09:38:12,557 [INFO] [client-3] Round 10 done — loss=1.0424 acc=0.4502  3.0s
2026-10-06 09:38:12,558 [INFO] [client-3] Round 11 — receiving model…
2026-10-06 09:38:12,564 [INFO] send 13933B via direct in 1544ms (0.07 Mbit/s) to b49427e98c7aa8ae
2026-10-06 09:38:12,593 [INFO] [client-8] Round 9 done — loss=0.7636 acc=0.7095  3.1s
2026-10-06 09:38:12,594 [INFO] [client-8] Round 10 — receiving model…
2026-10-06 09:38:12,596 [INFO] send 13933B via direct in 2005ms (0.06 Mbit/s) to 149310baf43a35c2
2026-10-06 09:38:12,604 [INFO] recv 13933B via direct in 1942ms
2026-10-06 09:38:12,607 [INFO] [client-9] Round 12 — training locally…
2026-10-06 09:38:12,754 [INFO] [client-9] Round 12 — sending update…
2026-10-06 09:38:12,767 [INFO] send 13933B via direct in 1243ms (0.09 Mbit/s) to b49427e98c7aa8ae
2026-10-06 09:38:12,798 [INFO] [client-7] Round 10 done — loss=1.0316 acc=0.4564  3.1s
2026-10-06 09:38:12,799 [INFO] [client-7] Round 11 — receiving model…
2026-10-06 09:38:12,800 [INFO] send 13933B via direct in 1091ms (0.10 Mbit/s) to b49427e98c7aa8ae
2026-10-06 09:38:12,826 [INFO] [client-0] Round 10 done — loss=1.0485 acc=0.4631  2.0s
2026-10-06 09:38:12,828 [INFO] [client-0] Round 11 — receiving model…
2026-10-06 09:38:12,829 [INFO] send 13933B via direct in 890ms (0.13 Mbit/s) to b49427e98c7aa8ae
2026-10-06 09:38:12,853 [INFO] [client-6] Round 9 done — loss=1.0186 acc=0.4858  3.4s
2026-10-06 09:38:12,854 [INFO] [client-6] Round 10 — receiving model…
2026-10-06 09:38:12,862 [INFO] send 13933B via direct in 660ms (0.17 Mbit/s) to b49427e98c7aa8ae
2026-10-06 09:38:12,887 [INFO] [client-4] Round 10 done — loss=1.0180 acc=0.4976  3.3s
2026-10-06 09:38:12,890 [INFO] [client-4] Round 11 — receiving model…
2026-10-06 09:38:12,892 [INFO] send 13933B via direct in 487ms (0.23 Mbit/s) to b49427e98c7aa8ae
2026-10-06 09:38:12,917 [INFO] [client-2] Round 10 done — loss=0.9699 acc=0.5185  3.3s
2026-10-06 09:38:12,918 [INFO] [client-2] Round 11 — receiving model…
2026-10-06 09:38:12,919 [INFO] send 13933B via direct in 816ms (0.14 Mbit/s) to b49427e98c7aa8ae
2026-10-06 09:38:13,062 [INFO] [client-1] Round 10 done — loss=1.0630 acc=0.4217  3.3s
2026-10-06 09:38:13,063 [INFO] [client-1] Round 11 — receiving model…
2026-10-06 09:38:13,069 [INFO] send 13933B via direct in 545ms (0.21 Mbit/s) to b49427e98c7aa8ae
2026-10-06 09:38:13,099 [INFO] [client-5] Round 9 done — loss=0.9785 acc=0.5515  3.3s
2026-10-06 09:38:13,100 [INFO] [client-5] Round 10 — receiving model…
2026-10-06 09:38:13,225 [INFO] recv 13933B via direct in 465ms
2026-10-06 09:38:13,231 [INFO] [client-8] Round 10 — training locally…
2026-10-06 09:38:13,415 [INFO] [client-8] Round 10 — sending update…
2026-10-06 09:38:13,418 [INFO] send 13933B via direct in 2898ms (0.04 Mbit/s) to a67372030e553ab9 (attempt 2)
2026-10-06 09:38:13,420 [INFO] Round 9 — waiting for 10 updates…
2026-10-06 09:38:13,420 [INFO] recv 13933B via direct in 188ms
2026-10-06 09:38:13,424 [INFO] recv 13933B via direct in 88ms
2026-10-06 09:38:13,427 [INFO] recv 13933B via direct in 1077ms
2026-10-06 09:38:13,430 [INFO] recv 13933B via direct in 1075ms
2026-10-06 09:38:13,432 [INFO] recv 13933B via direct in 236ms
2026-10-06 09:38:13,435 [INFO] recv 13933B via direct in 241ms
2026-10-06 09:38:13,437 [INFO] recv 13933B via direct in 243ms
2026-10-06 09:38:13,439 [WARNING] Round 9 — discarding update from unselected/duplicate peer 183a37a8d8214546
2026-10-06 09:38:13,441 [INFO] recv 13933B via direct in 328ms
2026-10-06 09:38:13,444 [INFO] recv 13933B via direct in 254ms
2026-10-06 09:38:13,446 [INFO] recv 13933B via direct in 337ms
2026-10-06 09:38:13,448 [WARNING] Round 9 — discarding update from unselected/duplicate peer 4dda55b4a0f79b6c
2026-10-06 09:38:13,450 [INFO] recv 13933B via direct in 311ms
2026-10-06 09:38:13,452 [INFO] recv 13933B via direct in 351ms
2026-10-06 09:38:13,483 [INFO] Round 9/20  acc=0.4701  loss=1.0596  3.0s  clients=10
2026-10-06 09:38:13,484 [INFO] Round 10 — sending model to 10 clients…
2026-10-06 09:38:13,497 [INFO] send 13933B via direct in 741ms (0.15 Mbit/s) to b49427e98c7aa8ae
2026-10-06 09:38:13,529 [INFO] [client-9] Round 12 done — loss=1.0111 acc=0.5253  3.9s
2026-10-06 09:38:13,530 [INFO] [client-9] Round 13 — receiving model…
2026-10-06 09:38:13,720 [INFO] recv 13933B via direct in 122ms
2026-10-06 09:38:13,725 [INFO] [client-9] Round 13 — training locally…
2026-10-06 09:38:13,918 [INFO] [client-9] Round 13 — sending update…
2026-10-06 09:38:13,923 [WARNING] transfer attempt 1/3 failed (stream not acknowledged: IrohError:  closed by peer: 0) — retrying
2026-10-06 09:38:13,929 [INFO] send 13933B via direct in 428ms (0.26 Mbit/s) to 149310baf43a35c2
2026-10-06 09:38:13,931 [INFO] send 13933B via direct in 436ms (0.26 Mbit/s) to 371c3c0ab573d68e
2026-10-06 09:38:13,932 [INFO] send 13933B via direct in 434ms (0.26 Mbit/s) to a67372030e553ab9
2026-10-06 09:38:13,934 [INFO] send 13933B via direct in 433ms (0.26 Mbit/s) to a14ac346d3cc8487
2026-10-06 09:38:13,937 [INFO] recv 13933B via direct in 283ms
2026-10-06 09:38:13,939 [INFO] [client-4] Round 11 — training locally…
2026-10-06 09:38:14,076 [INFO] [client-4] Round 11 — sending update…
2026-10-06 09:38:14,080 [INFO] recv 13933B via direct in 283ms
2026-10-06 09:38:14,082 [INFO] [client-6] Round 10 — training locally…
2026-10-06 09:38:14,220 [INFO] [client-6] Round 10 — sending update…
2026-10-06 09:38:14,226 [INFO] recv 13933B via direct in 273ms
2026-10-06 09:38:14,229 [INFO] [client-0] Round 11 — training locally…
2026-10-06 09:38:14,339 [INFO] [client-0] Round 11 — sending update…
2026-10-06 09:38:14,342 [INFO] recv 13933B via direct in 285ms
2026-10-06 09:38:14,346 [INFO] [client-5] Round 10 — training locally…
2026-10-06 09:38:14,499 [INFO] [client-5] Round 10 — sending update…
2026-10-06 09:38:14,502 [INFO] recv 13933B via direct in 251ms
2026-10-06 09:38:14,506 [INFO] [client-2] Round 11 — training locally…
2026-10-06 09:38:14,646 [INFO] [client-2] Round 11 — sending update…
2026-10-06 09:38:14,648 [INFO] send 13933B via direct in 736ms (0.15 Mbit/s) to 276712717179e4f1
2026-10-06 09:38:14,659 [INFO] send 13933B via direct in 730ms (0.15 Mbit/s) to 183a37a8d8214546
2026-10-06 09:38:14,661 [INFO] send 13933B via direct in 736ms (0.15 Mbit/s) to f161a4001a3db221
2026-10-06 09:38:14,663 [INFO] send 13933B via direct in 856ms (0.13 Mbit/s) to 4dda55b4a0f79b6c
2026-10-06 09:38:14,671 [INFO] recv 13933B via direct in 1010ms
2026-10-06 09:38:14,674 [INFO] [client-1] Round 11 — training locally…
2026-10-06 09:38:14,809 [INFO] [client-1] Round 11 — sending update…
2026-10-06 09:38:14,862 [WARNING] transfer attempt 1/3 failed (stream not acknowledged: IrohError:  closed by peer: 0) — retrying
2026-10-06 09:38:14,864 [INFO] send 13933B via direct in 943ms (0.12 Mbit/s) to b49427e98c7aa8ae
2026-10-06 09:38:14,934 [INFO] [client-9] Round 13 done — loss=1.0119 acc=0.5298  1.4s
2026-10-06 09:38:14,936 [INFO] [client-9] Round 14 — receiving model…
2026-10-06 09:38:14,940 [WARNING] transfer attempt 1/3 failed (stream not acknowledged: IrohError:  closed by peer: 0) — retrying
2026-10-06 09:38:14,942 [WARNING] transfer attempt 1/3 failed (stream not acknowledged: IrohError:  closed by peer: 0) — retrying
2026-10-06 09:38:14,945 [INFO] send 13933B via direct in 861ms (0.13 Mbit/s) to b49427e98c7aa8ae
2026-10-06 09:38:14,972 [INFO] [client-4] Round 11 done — loss=1.0152 acc=0.4993  2.1s
2026-10-06 09:38:15,002 [INFO] [client-4] Round 12 — receiving model…
2026-10-06 09:38:15,008 [INFO] recv 13933B via direct in 1296ms
2026-10-06 09:38:15,012 [INFO] [client-7] Round 11 — training locally…
2026-10-06 09:38:15,195 [INFO] [client-7] Round 11 — sending update…
2026-10-06 09:38:15,200 [INFO] recv 13933B via direct in 1278ms
2026-10-06 09:38:15,203 [INFO] [client-3] Round 11 — training locally…
2026-10-06 09:38:15,367 [INFO] [client-3] Round 11 — sending update…
2026-10-06 09:38:15,371 [INFO] send 13933B via direct in 1516ms (0.07 Mbit/s) to fc88a7e25d767c9b
2026-10-06 09:38:15,381 [INFO] send 13933B via direct in 559ms (0.20 Mbit/s) to b49427e98c7aa8ae
2026-10-06 09:38:15,414 [INFO] [client-1] Round 11 done — loss=1.0602 acc=0.4176  2.4s
2026-10-06 09:38:15,415 [INFO] [client-1] Round 12 — receiving model…
2026-10-06 09:38:15,417 [INFO] send 13933B via direct in 1879ms (0.06 Mbit/s) to 26cab545dcd462e2
2026-10-06 09:38:15,418 [INFO] send 13933B via direct in 725ms (0.15 Mbit/s) to b49427e98c7aa8ae
2026-10-06 09:38:15,441 [INFO] [client-2] Round 11 done — loss=0.9678 acc=0.5165  2.5s
2026-10-06 09:38:15,442 [INFO] [client-2] Round 12 — receiving model…
2026-10-06 09:38:15,444 [INFO] Round 10 — waiting for 10 updates…
2026-10-06 09:38:15,445 [INFO] recv 13933B via direct in 109ms
2026-10-06 09:38:15,447 [INFO] recv 13933B via direct in 154ms
2026-10-06 09:38:15,451 [INFO] recv 13933B via direct in 153ms
2026-10-06 09:38:15,454 [INFO] recv 13933B via direct in 153ms
2026-10-06 09:38:15,455 [INFO] recv 13933B via direct in 154ms
2026-10-06 09:38:15,458 [INFO] recv 13933B via direct in 481ms
2026-10-06 09:38:15,462 [INFO] recv 13933B via direct in 543ms
2026-10-06 09:38:15,465 [INFO] recv 13933B via direct in 457ms
2026-10-06 09:38:15,537 [INFO] recv 13933B via direct in 163ms
2026-10-06 09:38:15,570 [INFO] send 13933B via direct in 370ms (0.30 Mbit/s) to b49427e98c7aa8ae
2026-10-06 09:38:15,669 [INFO] [client-7] Round 11 done — loss=1.0279 acc=0.4564  2.9s
2026-10-06 09:38:15,670 [INFO] [client-7] Round 12 — receiving model…
2026-10-06 09:38:15,673 [INFO] send 13933B via direct in 2255ms (0.05 Mbit/s) to b49427e98c7aa8ae (attempt 2)
2026-10-06 09:38:15,695 [INFO] [client-8] Round 10 done — loss=0.7653 acc=0.7122  3.1s
2026-10-06 09:38:15,697 [INFO] [client-8] Round 11 — receiving model…
2026-10-06 09:38:15,698 [INFO] recv 13933B via direct in 272ms
2026-10-06 09:38:15,702 [INFO] [client-8] Round 11 — training locally…
2026-10-06 09:38:15,852 [INFO] [client-8] Round 11 — sending update…
2026-10-06 09:38:15,855 [INFO] recv 13933B via direct in 299ms
2026-10-06 09:38:15,859 [WARNING] Round 10 — discarding update from unselected/duplicate peer a67372030e553ab9
2026-10-06 09:38:15,862 [INFO] recv 13933B via direct in 334ms
2026-10-06 09:38:15,906 [INFO] Round 10/20  acc=0.4580  loss=1.0702  2.4s  clients=10
2026-10-06 09:38:15,908 [INFO] Round 11 — sending model to 10 clients…
2026-10-06 09:38:15,925 [INFO] send 13933B via direct in 555ms (0.20 Mbit/s) to b49427e98c7aa8ae
2026-10-06 09:38:15,959 [INFO] [client-3] Round 11 done — loss=1.0452 acc=0.4543  3.4s
2026-10-06 09:38:15,960 [INFO] [client-3] Round 12 — receiving model…
2026-10-06 09:38:16,167 [INFO] recv 13933B via direct in 102ms
2026-10-06 09:38:16,172 [INFO] [client-7] Round 12 — training locally…
2026-10-06 09:38:16,361 [INFO] [client-7] Round 12 — sending update…
2026-10-06 09:38:16,373 [INFO] send 13933B via direct in 447ms (0.25 Mbit/s) to a67372030e553ab9
2026-10-06 09:38:16,375 [INFO] send 13933B via direct in 450ms (0.25 Mbit/s) to 371c3c0ab573d68e
2026-10-06 09:38:16,376 [INFO] send 13933B via direct in 449ms (0.25 Mbit/s) to 26cab545dcd462e2
2026-10-06 09:38:16,378 [INFO] send 13933B via direct in 455ms (0.25 Mbit/s) to fc88a7e25d767c9b
2026-10-06 09:38:16,380 [INFO] send 13933B via direct in 446ms (0.25 Mbit/s) to 4dda55b4a0f79b6c
2026-10-06 09:38:16,381 [INFO] send 13933B via direct in 453ms (0.25 Mbit/s) to 183a37a8d8214546
2026-10-06 09:38:16,383 [INFO] recv 13933B via direct in 308ms
2026-10-06 09:38:16,386 [INFO] [client-9] Round 14 — training locally…
2026-10-06 09:38:16,522 [INFO] [client-9] Round 14 — sending update…
2026-10-06 09:38:16,526 [INFO] recv 13933B via direct in 299ms
2026-10-06 09:38:16,530 [INFO] [client-3] Round 12 — training locally…
2026-10-06 09:38:16,668 [INFO] [client-3] Round 12 — sending update…
2026-10-06 09:38:16,672 [INFO] recv 13933B via direct in 276ms
2026-10-06 09:38:16,676 [INFO] [client-1] Round 12 — training locally…
2026-10-06 09:38:16,800 [INFO] [client-1] Round 12 — sending update…
2026-10-06 09:38:16,804 [WARNING] transfer attempt 1/3 failed (stream not acknowledged: IrohError:  closed by peer: 0) — retrying
2026-10-06 09:38:16,816 [INFO] send 13933B via direct in 2303ms (0.05 Mbit/s) to b49427e98c7aa8ae (attempt 2)
2026-10-06 09:38:16,846 [INFO] [client-5] Round 10 done — loss=0.9729 acc=0.5580  3.7s
2026-10-06 09:38:16,847 [INFO] [client-5] Round 11 — receiving model…
2026-10-06 09:38:16,848 [INFO] send 13933B via direct in 884ms (0.13 Mbit/s) to 149310baf43a35c2
2026-10-06 09:38:16,849 [INFO] send 13933B via direct in 888ms (0.13 Mbit/s) to f161a4001a3db221
2026-10-06 09:38:16,849 [INFO] send 13933B via direct in 2584ms (0.04 Mbit/s) to b49427e98c7aa8ae (attempt 2)
2026-10-06 09:38:16,881 [INFO] [client-6] Round 10 done — loss=1.0170 acc=0.4882  4.0s
2026-10-06 09:38:16,883 [INFO] [client-6] Round 11 — receiving model…
2026-10-06 09:38:16,884 [INFO] recv 13933B via direct in 106ms
2026-10-06 09:38:16,888 [INFO] [client-6] Round 11 — training locally…
2026-10-06 09:38:17,046 [INFO] [client-6] Round 11 — sending update…
2026-10-06 09:38:17,050 [INFO] send 13933B via direct in 2466ms (0.05 Mbit/s) to b49427e98c7aa8ae (attempt 2)
2026-10-06 09:38:17,080 [INFO] [client-0] Round 11 done — loss=1.0498 acc=0.4631  4.3s
2026-10-06 09:38:17,081 [INFO] [client-0] Round 12 — receiving model…
2026-10-06 09:38:17,082 [INFO] recv 13933B via direct in 299ms
2026-10-06 09:38:17,085 [INFO] [client-0] Round 12 — training locally…
2026-10-06 09:38:17,239 [INFO] [client-0] Round 12 — sending update…
2026-10-06 09:38:17,244 [INFO] send 13933B via direct in 887ms (0.13 Mbit/s) to 276712717179e4f1
2026-10-06 09:38:17,248 [INFO] recv 13933B via direct in 744ms
2026-10-06 09:38:17,252 [INFO] [client-2] Round 12 — training locally…
2026-10-06 09:38:17,400 [INFO] [client-2] Round 12 — sending update…
2026-10-06 09:38:17,404 [INFO] recv 13933B via direct in 755ms
2026-10-06 09:38:17,406 [INFO] [client-5] Round 11 — training locally…
2026-10-06 09:38:17,549 [INFO] [client-5] Round 11 — sending update…
2026-10-06 09:38:17,564 [INFO] send 13933B via direct in 1193ms (0.09 Mbit/s) to b49427e98c7aa8ae
2026-10-06 09:38:17,591 [INFO] [client-7] Round 12 done — loss=1.0301 acc=0.4447  1.9s
2026-10-06 09:38:17,592 [INFO] [client-7] Round 13 — receiving model…
2026-10-06 09:38:17,595 [INFO] send 13933B via direct in 1034ms (0.11 Mbit/s) to b49427e98c7aa8ae
2026-10-06 09:38:17,616 [INFO] [client-9] Round 14 done — loss=1.0117 acc=0.5239  2.7s
2026-10-06 09:38:17,617 [INFO] [client-9] Round 15 — receiving model…
2026-10-06 09:38:17,626 [INFO] send 13933B via direct in 1653ms (0.07 Mbit/s) to a14ac346d3cc8487
2026-10-06 09:38:17,627 [INFO] Round 11 — waiting for 10 updates…
2026-10-06 09:38:17,628 [INFO] recv 13933B via direct in 271ms
2026-10-06 09:38:17,630 [INFO] recv 13933B via direct in 372ms
2026-10-06 09:38:17,633 [INFO] recv 13933B via direct in 290ms
2026-10-06 09:38:17,635 [INFO] recv 13933B via direct in 689ms
2026-10-06 09:38:17,638 [INFO] recv 13933B via direct in 817ms
2026-10-06 09:38:17,640 [INFO] recv 13933B via direct in 816ms
2026-10-06 09:38:17,643 [INFO] recv 13933B via direct in 1574ms
2026-10-06 09:38:17,646 [INFO] [client-4] Round 12 — training locally…
2026-10-06 09:38:17,798 [INFO] [client-4] Round 12 — sending update…
2026-10-06 09:38:17,836 [INFO] send 13933B via direct in 782ms (0.14 Mbit/s) to b49427e98c7aa8ae
2026-10-06 09:38:17,876 [INFO] [client-6] Round 11 done — loss=1.0180 acc=0.4868  1.0s
2026-10-06 09:38:17,878 [INFO] [client-6] Round 12 — receiving model…
2026-10-06 09:38:17,879 [INFO] send 13933B via direct in 1160ms (0.10 Mbit/s) to b49427e98c7aa8ae
2026-10-06 09:38:17,909 [INFO] [client-3] Round 12 done — loss=1.0420 acc=0.4574  1.9s
2026-10-06 09:38:17,910 [INFO] [client-3] Round 13 — receiving model…
2026-10-06 09:38:17,911 [INFO] send 13933B via direct in 1029ms (0.11 Mbit/s) to b49427e98c7aa8ae
2026-10-06 09:38:17,934 [INFO] [client-1] Round 12 done — loss=1.0572 acc=0.4238  2.5s
2026-10-06 09:38:17,936 [INFO] [client-1] Round 13 — receiving model…
2026-10-06 09:38:17,938 [INFO] send 13933B via direct in 590ms (0.19 Mbit/s) to b49427e98c7aa8ae
2026-10-06 09:38:17,963 [INFO] [client-0] Round 12 done — loss=1.0557 acc=0.4423  0.9s
2026-10-06 09:38:17,964 [INFO] [client-0] Round 13 — receiving model…
2026-10-06 09:38:17,965 [INFO] send 13933B via direct in 429ms (0.26 Mbit/s) to b49427e98c7aa8ae
2026-10-06 09:38:17,992 [INFO] [client-2] Round 12 done — loss=0.9661 acc=0.5165  2.5s
2026-10-06 09:38:17,993 [INFO] [client-2] Round 13 — receiving model…
2026-10-06 09:38:17,997 [INFO] recv 13933B via direct in 276ms
2026-10-06 09:38:18,001 [INFO] recv 13933B via direct in 276ms
2026-10-06 09:38:18,003 [WARNING] Round 11 — discarding update from unselected/duplicate peer 371c3c0ab573d68e
2026-10-06 09:38:18,005 [INFO] recv 13933B via direct in 277ms
2026-10-06 09:38:18,015 [INFO] recv 13933B via direct in 431ms
2026-10-06 09:38:18,019 [WARNING] Round 11 — discarding update from unselected/duplicate peer 183a37a8d8214546
2026-10-06 09:38:18,020 [INFO] recv 13933B via direct in 369ms
2026-10-06 09:38:18,053 [INFO] recv 13933B via direct in 222ms
2026-10-06 09:38:18,056 [WARNING] Round 11 — discarding update from unselected/duplicate peer 276712717179e4f1
2026-10-06 09:38:18,109 [INFO] send 13933B via direct in 553ms (0.20 Mbit/s) to b49427e98c7aa8ae
2026-10-06 09:38:18,290 [INFO] [client-5] Round 11 done — loss=0.9753 acc=0.5470  1.4s
2026-10-06 09:38:18,294 [INFO] [client-5] Round 12 — receiving model…
2026-10-06 09:38:18,300 [INFO] send 13933B via direct in 2443ms (0.05 Mbit/s) to b49427e98c7aa8ae (attempt 2)
2026-10-06 09:38:18,346 [INFO] [client-8] Round 11 done — loss=0.7672 acc=0.7109  2.6s
2026-10-06 09:38:18,347 [INFO] [client-8] Round 12 — receiving model…
2026-10-06 09:38:18,347 [INFO] recv 13933B via direct in 96ms
2026-10-06 09:38:18,350 [INFO] [client-8] Round 12 — training locally…
2026-10-06 09:38:18,511 [INFO] [client-8] Round 12 — sending update…
2026-10-06 09:38:18,516 [INFO] recv 13933B via direct in 293ms
2026-10-06 09:38:18,520 [WARNING] Round 11 — discarding update from unselected/duplicate peer a67372030e553ab9
2026-10-06 09:38:18,522 [INFO] send 13933B via direct in 691ms (0.16 Mbit/s) to b49427e98c7aa8ae
2026-10-06 09:38:18,559 [INFO] [client-4] Round 12 done — loss=1.0175 acc=0.4955  3.6s
2026-10-06 09:38:18,562 [INFO] [client-4] Round 13 — receiving model…
2026-10-06 09:38:18,564 [INFO] recv 13933B via direct in 516ms
2026-10-06 09:38:18,588 [INFO] Round 11/20  acc=0.4575  loss=1.0688  2.7s  clients=10
2026-10-06 09:38:18,589 [INFO] Round 12 — sending model to 10 clients…
2026-10-06 09:38:18,789 [INFO] recv 13933B via direct in 70ms
2026-10-06 09:38:18,798 [INFO] [client-0] Round 13 — training locally…
2026-10-06 09:38:18,959 [INFO] [client-0] Round 13 — sending update…
2026-10-06 09:38:18,968 [INFO] send 13933B via direct in 450ms (0.25 Mbit/s) to b49427e98c7aa8ae
2026-10-06 09:38:18,998 [INFO] [client-8] Round 12 done — loss=0.7674 acc=0.7129  0.7s
2026-10-06 09:38:18,999 [INFO] [client-8] Round 13 — receiving model…
2026-10-06 09:38:19,000 [INFO] send 13933B via direct in 366ms (0.31 Mbit/s) to 183a37a8d8214546
2026-10-06 09:38:19,001 [INFO] send 13933B via direct in 365ms (0.31 Mbit/s) to 26cab545dcd462e2
2026-10-06 09:38:19,002 [INFO] send 13933B via direct in 361ms (0.31 Mbit/s) to 371c3c0ab573d68e
2026-10-06 09:38:19,003 [INFO] send 13933B via direct in 372ms (0.30 Mbit/s) to a14ac346d3cc8487
2026-10-06 09:38:19,005 [INFO] send 13933B via direct in 364ms (0.31 Mbit/s) to fc88a7e25d767c9b
2026-10-06 09:38:19,009 [INFO] recv 13933B via direct in 216ms
2026-10-06 09:38:19,011 [INFO] [client-3] Round 13 — training locally…
2026-10-06 09:38:19,259 [INFO] [client-3] Round 13 — sending update…
2026-10-06 09:38:19,263 [INFO] recv 13933B via direct in 224ms
2026-10-06 09:38:19,266 [INFO] [client-7] Round 13 — training locally…
2026-10-06 09:38:19,408 [INFO] [client-7] Round 13 — sending update…
2026-10-06 09:38:19,411 [INFO] recv 13933B via direct in 203ms
2026-10-06 09:38:19,414 [INFO] [client-6] Round 12 — training locally…
2026-10-06 09:38:19,548 [INFO] [client-6] Round 12 — sending update…
2026-10-06 09:38:19,550 [INFO] recv 13933B via direct in 186ms
2026-10-06 09:38:19,553 [INFO] [client-4] Round 13 — training locally…
2026-10-06 09:38:19,689 [INFO] [client-4] Round 13 — sending update…
2026-10-06 09:38:19,697 [INFO] recv 13933B via direct in 266ms
2026-10-06 09:38:19,701 [INFO] [client-5] Round 12 — training locally…
2026-10-06 09:38:19,854 [INFO] [client-5] Round 12 — sending update…
2026-10-06 09:38:19,861 [INFO] send 13933B via direct in 1098ms (0.10 Mbit/s) to 276712717179e4f1
2026-10-06 09:38:19,873 [INFO] send 13933B via direct in 1256ms (0.09 Mbit/s) to 4dda55b4a0f79b6c
2026-10-06 09:38:19,874 [INFO] send 13933B via direct in 1255ms (0.09 Mbit/s) to f161a4001a3db221
2026-10-06 09:38:19,876 [INFO] recv 13933B via direct in 951ms
2026-10-06 09:38:19,879 [INFO] [client-1] Round 13 — training locally…
2026-10-06 09:38:20,048 [INFO] [client-1] Round 13 — sending update…
2026-10-06 09:38:20,055 [INFO] recv 13933B via direct in 1099ms
2026-10-06 09:38:20,059 [INFO] [client-2] Round 13 — training locally…
2026-10-06 09:38:20,255 [INFO] [client-2] Round 13 — sending update…
2026-10-06 09:38:20,271 [INFO] send 13933B via direct in 715ms (0.16 Mbit/s) to b49427e98c7aa8ae
2026-10-06 09:38:20,297 [INFO] [client-6] Round 12 done — loss=1.0163 acc=0.4944  2.4s
2026-10-06 09:38:20,298 [INFO] [client-6] Round 13 — receiving model…
2026-10-06 09:38:20,299 [INFO] send 13933B via direct in 1302ms (0.09 Mbit/s) to b49427e98c7aa8ae
2026-10-06 09:38:20,324 [INFO] [client-0] Round 13 done — loss=1.0589 acc=0.4523  2.4s
2026-10-06 09:38:20,326 [INFO] [client-0] Round 14 — receiving model…
2026-10-06 09:38:20,327 [INFO] send 13933B via direct in 1003ms (0.11 Mbit/s) to b49427e98c7aa8ae
2026-10-06 09:38:20,357 [INFO] [client-3] Round 13 done — loss=1.0411 acc=0.4461  2.4s
2026-10-06 09:38:20,358 [INFO] [client-3] Round 14 — receiving model…
2026-10-06 09:38:20,359 [INFO] send 13933B via direct in 1665ms (0.07 Mbit/s) to 149310baf43a35c2
2026-10-06 09:38:20,362 [INFO] recv 13933B via direct in 1504ms
2026-10-06 09:38:20,365 [INFO] [client-9] Round 15 — training locally…
2026-10-06 09:38:20,509 [INFO] [client-9] Round 15 — sending update…
2026-10-06 09:38:20,512 [INFO] recv 13933B via direct in 1485ms
2026-10-06 09:38:20,515 [INFO] [client-8] Round 13 — training locally…
2026-10-06 09:38:20,673 [INFO] [client-8] Round 13 — sending update…
2026-10-06 09:38:20,678 [INFO] send 13933B via direct in 1666ms (0.07 Mbit/s) to a67372030e553ab9
2026-10-06 09:38:20,681 [INFO] Round 12 — waiting for 10 updates…
2026-10-06 09:38:20,682 [INFO] recv 13933B via direct in 103ms
2026-10-06 09:38:20,685 [INFO] recv 13933B via direct in 397ms
2026-10-06 09:38:20,687 [INFO] recv 13933B via direct in 411ms
2026-10-06 09:38:20,691 [INFO] recv 13933B via direct in 413ms
2026-10-06 09:38:20,698 [INFO] recv 13933B via direct in 488ms
2026-10-06 09:38:20,704 [INFO] send 13933B via direct in 1270ms (0.09 Mbit/s) to b49427e98c7aa8ae
2026-10-06 09:38:20,745 [INFO] [client-7] Round 13 done — loss=1.0296 acc=0.4547  3.2s
2026-10-06 09:38:20,747 [INFO] [client-7] Round 14 — receiving model…
2026-10-06 09:38:20,755 [INFO] send 13933B via direct in 1004ms (0.11 Mbit/s) to b49427e98c7aa8ae
2026-10-06 09:38:20,785 [INFO] [client-4] Round 13 done — loss=1.0157 acc=0.4945  2.2s
2026-10-06 09:38:20,786 [INFO] [client-4] Round 14 — receiving model…
2026-10-06 09:38:20,788 [INFO] send 13933B via direct in 646ms (0.17 Mbit/s) to b49427e98c7aa8ae
2026-10-06 09:38:20,816 [INFO] [client-1] Round 13 done — loss=1.0588 acc=0.4166  2.9s
2026-10-06 09:38:20,818 [INFO] [client-1] Round 14 — receiving model…
2026-10-06 09:38:20,819 [INFO] recv 13933B via direct in 836ms
2026-10-06 09:38:20,822 [INFO] recv 13933B via direct in 494ms
2026-10-06 09:38:20,827 [INFO] recv 13933B via direct in 488ms
2026-10-06 09:38:20,832 [INFO] send 13933B via direct in 965ms (0.12 Mbit/s) to b49427e98c7aa8ae
2026-10-06 09:38:20,862 [INFO] [client-5] Round 12 done — loss=0.9796 acc=0.5495  2.6s
2026-10-06 09:38:20,863 [INFO] [client-5] Round 13 — receiving model…
2026-10-06 09:38:20,866 [INFO] send 13933B via direct in 607ms (0.18 Mbit/s) to b49427e98c7aa8ae
2026-10-06 09:38:20,896 [INFO] [client-2] Round 13 done — loss=0.9640 acc=0.5234  2.9s
2026-10-06 09:38:20,897 [INFO] [client-2] Round 14 — receiving model…
2026-10-06 09:38:20,898 [INFO] recv 13933B via direct in 168ms
2026-10-06 09:38:20,904 [INFO] recv 13933B via direct in 150ms
2026-10-06 09:38:20,939 [INFO] Round 12/20  acc=0.4625  loss=1.0652  2.3s  clients=10
2026-10-06 09:38:20,940 [INFO] Round 13 — sending model to 10 clients…
2026-10-06 09:38:20,954 [INFO] send 13933B via direct in 443ms (0.25 Mbit/s) to b49427e98c7aa8ae
2026-10-06 09:38:20,987 [INFO] [client-9] Round 15 done — loss=1.0098 acc=0.5253  3.4s
2026-10-06 09:38:20,990 [INFO] [client-9] Round 16 — receiving model…
2026-10-06 09:38:21,132 [INFO] send 13933B via direct in 455ms (0.25 Mbit/s) to b49427e98c7aa8ae
2026-10-06 09:38:21,212 [INFO] [client-8] Round 13 done — loss=0.7662 acc=0.7119  2.2s
2026-10-06 09:38:21,214 [INFO] [client-8] Round 14 — receiving model…
2026-10-06 09:38:21,219 [INFO] send 13933B via direct in 273ms (0.41 Mbit/s) to 4dda55b4a0f79b6c
2026-10-06 09:38:21,222 [INFO] recv 13933B via direct in 152ms
2026-10-06 09:38:21,226 [INFO] [client-1] Round 14 — training locally…
2026-10-06 09:38:21,404 [INFO] [client-1] Round 14 — sending update…
2026-10-06 09:38:21,407 [INFO] recv 13933B via direct in 116ms
2026-10-06 09:38:21,410 [INFO] [client-6] Round 13 — training locally…
2026-10-06 09:38:21,559 [INFO] [client-6] Round 13 — sending update…
2026-10-06 09:38:21,570 [INFO] send 13933B via direct in 611ms (0.18 Mbit/s) to 371c3c0ab573d68e
2026-10-06 09:38:21,572 [INFO] send 13933B via direct in 615ms (0.18 Mbit/s) to 276712717179e4f1
2026-10-06 09:38:21,573 [INFO] send 13933B via direct in 610ms (0.18 Mbit/s) to a67372030e553ab9
2026-10-06 09:38:21,575 [INFO] send 13933B via direct in 620ms (0.18 Mbit/s) to f161a4001a3db221
2026-10-06 09:38:21,577 [INFO] recv 13933B via direct in 467ms
2026-10-06 09:38:21,580 [INFO] [client-7] Round 14 — training locally…
2026-10-06 09:38:21,718 [INFO] [client-7] Round 14 — sending update…
2026-10-06 09:38:21,721 [INFO] send 13933B via direct in 618ms (0.18 Mbit/s) to 26cab545dcd462e2
2026-10-06 09:38:21,722 [INFO] recv 13933B via direct in 458ms
2026-10-06 09:38:21,726 [INFO] [client-8] Round 14 — training locally…
2026-10-06 09:38:21,883 [INFO] [client-8] Round 14 — sending update…
2026-10-06 09:38:21,887 [INFO] recv 13933B via direct in 466ms
2026-10-06 09:38:21,890 [INFO] [client-5] Round 13 — training locally…
2026-10-06 09:38:22,027 [INFO] [client-5] Round 13 — sending update…
2026-10-06 09:38:22,030 [INFO] recv 13933B via direct in 456ms
2026-10-06 09:38:22,033 [INFO] [client-2] Round 14 — training locally…
2026-10-06 09:38:22,182 [INFO] [client-2] Round 14 — sending update…
2026-10-06 09:38:22,200 [INFO] send 13933B via direct in 782ms (0.14 Mbit/s) to b49427e98c7aa8ae
2026-10-06 09:38:22,228 [INFO] [client-1] Round 14 done — loss=1.0590 acc=0.4323  1.4s
2026-10-06 09:38:22,229 [INFO] [client-1] Round 15 — receiving model…
2026-10-06 09:38:22,230 [INFO] send 13933B via direct in 1242ms (0.09 Mbit/s) to a14ac346d3cc8487
2026-10-06 09:38:22,232 [INFO] recv 13933B via direct in 1107ms
2026-10-06 09:38:22,236 [INFO] [client-4] Round 14 — training locally…
2026-10-06 09:38:22,375 [INFO] [client-4] Round 14 — sending update…
2026-10-06 09:38:22,385 [INFO] send 13933B via direct in 494ms (0.23 Mbit/s) to b49427e98c7aa8ae
2026-10-06 09:38:22,415 [INFO] [client-8] Round 14 done — loss=0.7620 acc=0.7133  1.2s
2026-10-06 09:38:22,416 [INFO] [client-8] Round 15 — receiving model…
2026-10-06 09:38:22,417 [INFO] send 13933B via direct in 1429ms (0.08 Mbit/s) to fc88a7e25d767c9b
2026-10-06 09:38:22,418 [INFO] recv 13933B via direct in 1282ms
2026-10-06 09:38:22,421 [INFO] [client-3] Round 14 — training locally…
2026-10-06 09:38:22,575 [INFO] [client-3] Round 14 — sending update…
2026-10-06 09:38:22,581 [INFO] recv 13933B via direct in 1257ms
2026-10-06 09:38:22,584 [INFO] [client-9] Round 16 — training locally…
2026-10-06 09:38:22,726 [INFO] [client-9] Round 16 — sending update…
2026-10-06 09:38:22,734 [INFO] recv 13933B via direct in 1261ms
2026-10-06 09:38:22,738 [INFO] [client-0] Round 14 — training locally…
2026-10-06 09:38:22,860 [INFO] [client-0] Round 14 — sending update…
2026-10-06 09:38:22,873 [INFO] send 13933B via direct in 1780ms (0.06 Mbit/s) to 183a37a8d8214546
2026-10-06 09:38:22,877 [INFO] send 13933B via direct in 1013ms (0.11 Mbit/s) to b49427e98c7aa8ae
2026-10-06 09:38:22,906 [INFO] [client-7] Round 14 done — loss=1.0278 acc=0.4536  2.2s
2026-10-06 09:38:22,907 [INFO] [client-7] Round 15 — receiving model…
2026-10-06 09:38:22,909 [INFO] send 13933B via direct in 1917ms (0.06 Mbit/s) to 149310baf43a35c2
2026-10-06 09:38:22,911 [INFO] send 13933B via direct in 837ms (0.13 Mbit/s) to b49427e98c7aa8ae
2026-10-06 09:38:22,942 [INFO] [client-5] Round 13 done — loss=0.9747 acc=0.5512  2.1s
2026-10-06 09:38:22,943 [INFO] [client-5] Round 14 — receiving model…
2026-10-06 09:38:22,944 [INFO] send 13933B via direct in 684ms (0.16 Mbit/s) to b49427e98c7aa8ae
2026-10-06 09:38:22,984 [INFO] [client-2] Round 14 done — loss=0.9656 acc=0.5172  2.1s
2026-10-06 09:38:22,985 [INFO] [client-2] Round 15 — receiving model…
2026-10-06 09:38:22,993 [INFO] Round 13 — waiting for 10 updates…
2026-10-06 09:38:22,994 [INFO] recv 13933B via direct in 233ms
2026-10-06 09:38:22,997 [INFO] recv 13933B via direct in 666ms
2026-10-06 09:38:23,000 [INFO] recv 13933B via direct in 391ms
2026-10-06 09:38:23,004 [WARNING] Round 13 — discarding update from unselected/duplicate peer a67372030e553ab9
2026-10-06 09:38:23,005 [INFO] recv 13933B via direct in 392ms
2026-10-06 09:38:23,011 [INFO] recv 13933B via direct in 682ms
2026-10-06 09:38:23,016 [INFO] recv 13933B via direct in 681ms
2026-10-06 09:38:23,022 [INFO] send 13933B via direct in 1347ms (0.08 Mbit/s) to b49427e98c7aa8ae
2026-10-06 09:38:23,049 [INFO] [client-6] Round 13 done — loss=1.0117 acc=0.4958  2.8s
2026-10-06 09:38:23,050 [INFO] [client-6] Round 14 — receiving model…
2026-10-06 09:38:23,053 [INFO] recv 13933B via direct in 613ms
2026-10-06 09:38:23,062 [INFO] recv 13933B via direct in 192ms
2026-10-06 09:38:23,065 [INFO] recv 13933B via direct in 194ms
2026-10-06 09:38:23,079 [INFO] send 13933B via direct in 701ms (0.16 Mbit/s) to b49427e98c7aa8ae
2026-10-06 09:38:23,106 [INFO] [client-4] Round 14 done — loss=1.0122 acc=0.4969  2.3s
2026-10-06 09:38:23,108 [INFO] [client-4] Round 15 — receiving model…
2026-10-06 09:38:23,109 [INFO] send 13933B via direct in 531ms (0.21 Mbit/s) to b49427e98c7aa8ae
2026-10-06 09:38:23,134 [INFO] [client-3] Round 14 done — loss=1.0449 acc=0.4461  2.8s
2026-10-06 09:38:23,135 [INFO] [client-3] Round 15 — receiving model…
2026-10-06 09:38:23,221 [INFO] recv 13933B via direct in 167ms
2026-10-06 09:38:23,229 [INFO] recv 13933B via direct in 206ms
2026-10-06 09:38:23,318 [INFO] Round 13/20  acc=0.4642  loss=1.0662  2.4s  clients=10
2026-10-06 09:38:23,320 [INFO] Round 14 — sending model to 10 clients…
2026-10-06 09:38:23,333 [WARNING] transfer attempt 1/3 failed (stream not acknowledged: IrohError:  closed by peer: 0) — retrying
2026-10-06 09:38:23,335 [INFO] send 13933B via direct in 603ms (0.19 Mbit/s) to b49427e98c7aa8ae
2026-10-06 09:38:23,367 [INFO] [client-9] Round 16 done — loss=1.0097 acc=0.5190  2.4s
2026-10-06 09:38:23,370 [INFO] [client-9] Round 17 — receiving model…
2026-10-06 09:38:23,574 [INFO] recv 13933B via direct in 76ms
2026-10-06 09:38:23,581 [INFO] [client-1] Round 15 — training locally…
2026-10-06 09:38:23,762 [INFO] [client-1] Round 15 — sending update…
2026-10-06 09:38:23,772 [INFO] send 13933B via direct in 438ms (0.26 Mbit/s) to 4dda55b4a0f79b6c
2026-10-06 09:38:23,774 [INFO] send 13933B via direct in 439ms (0.25 Mbit/s) to a67372030e553ab9
2026-10-06 09:38:23,775 [INFO] send 13933B via direct in 435ms (0.26 Mbit/s) to a14ac346d3cc8487
2026-10-06 09:38:23,777 [INFO] send 13933B via direct in 443ms (0.25 Mbit/s) to 183a37a8d8214546
2026-10-06 09:38:23,779 [INFO] send 13933B via direct in 435ms (0.26 Mbit/s) to 26cab545dcd462e2
2026-10-06 09:38:23,780 [INFO] send 13933B via direct in 434ms (0.26 Mbit/s) to 371c3c0ab573d68e
2026-10-06 09:38:23,782 [INFO] send 13933B via direct in 441ms (0.25 Mbit/s) to fc88a7e25d767c9b
2026-10-06 09:38:23,782 [INFO] recv 13933B via direct in 271ms
2026-10-06 09:38:23,785 [INFO] [client-7] Round 15 — training locally…
2026-10-06 09:38:23,952 [INFO] [client-7] Round 15 — sending update…
2026-10-06 09:38:23,956 [INFO] recv 13933B via direct in 272ms
2026-10-06 09:38:23,960 [INFO] [client-8] Round 15 — training locally…
2026-10-06 09:38:24,132 [INFO] [client-8] Round 15 — sending update…
2026-10-06 09:38:24,137 [INFO] recv 13933B via direct in 272ms
2026-10-06 09:38:24,142 [INFO] [client-3] Round 15 — training locally…
2026-10-06 09:38:24,299 [INFO] [client-3] Round 15 — sending update…
2026-10-06 09:38:24,304 [INFO] recv 13933B via direct in 269ms
2026-10-06 09:38:24,308 [INFO] [client-4] Round 15 — training locally…
2026-10-06 09:38:24,468 [INFO] [client-4] Round 15 — sending update…
2026-10-06 09:38:24,472 [INFO] recv 13933B via direct in 277ms
2026-10-06 09:38:24,475 [INFO] [client-9] Round 17 — training locally…
2026-10-06 09:38:24,675 [INFO] [client-9] Round 17 — sending update…
2026-10-06 09:38:24,678 [INFO] recv 13933B via direct in 262ms
2026-10-06 09:38:24,680 [INFO] [client-6] Round 14 — training locally…
2026-10-06 09:38:24,856 [INFO] [client-6] Round 14 — sending update…
2026-10-06 09:38:24,888 [INFO] send 13933B via direct in 1535ms (0.07 Mbit/s) to 149310baf43a35c2
2026-10-06 09:38:24,891 [INFO] send 13933B via direct in 1534ms (0.07 Mbit/s) to 276712717179e4f1
2026-10-06 09:38:24,895 [INFO] recv 13933B via direct in 1430ms
2026-10-06 09:38:24,900 [INFO] [client-5] Round 14 — training locally…
2026-10-06 09:38:25,116 [INFO] [client-5] Round 14 — sending update…
2026-10-06 09:38:25,127 [INFO] send 13933B via direct in 1790ms (0.06 Mbit/s) to f161a4001a3db221
2026-10-06 09:38:25,130 [INFO] send 13933B via direct in 1165ms (0.10 Mbit/s) to b49427e98c7aa8ae
2026-10-06 09:38:25,156 [INFO] [client-7] Round 15 done — loss=1.0302 acc=0.4499  2.2s
2026-10-06 09:38:25,158 [INFO] [client-7] Round 16 — receiving model…
2026-10-06 09:38:25,160 [INFO] send 13933B via direct in 818ms (0.14 Mbit/s) to b49427e98c7aa8ae
2026-10-06 09:38:25,190 [INFO] [client-3] Round 15 done — loss=1.0417 acc=0.4516  2.1s
2026-10-06 09:38:25,191 [INFO] [client-3] Round 16 — receiving model…
2026-10-06 09:38:25,192 [INFO] send 13933B via direct in 444ms (0.25 Mbit/s) to b49427e98c7aa8ae
2026-10-06 09:38:25,229 [INFO] [client-9] Round 17 done — loss=1.0102 acc=0.5253  1.9s
2026-10-06 09:38:25,230 [INFO] [client-9] Round 18 — receiving model…
2026-10-06 09:38:25,231 [INFO] send 13933B via direct in 649ms (0.17 Mbit/s) to b49427e98c7aa8ae
2026-10-06 09:38:25,265 [INFO] [client-4] Round 15 done — loss=1.0142 acc=0.4918  2.2s
2026-10-06 09:38:25,266 [INFO] [client-4] Round 16 — receiving model…
2026-10-06 09:38:25,270 [INFO] Round 14 — waiting for 10 updates…
2026-10-06 09:38:25,272 [INFO] recv 13933B via direct in 1624ms
2026-10-06 09:38:25,277 [INFO] [client-2] Round 15 — training locally…
2026-10-06 09:38:25,478 [INFO] [client-2] Round 15 — sending update…
2026-10-06 09:38:25,483 [INFO] recv 13933B via direct in 401ms
2026-10-06 09:38:25,486 [INFO] recv 13933B via direct in 403ms
2026-10-06 09:38:25,488 [INFO] recv 13933B via direct in 402ms
2026-10-06 09:38:25,491 [INFO] recv 13933B via direct in 403ms
2026-10-06 09:38:25,494 [INFO] recv 13933B via direct in 404ms
2026-10-06 09:38:25,500 [INFO] send 13933B via direct in 1345ms (0.08 Mbit/s) to b49427e98c7aa8ae
2026-10-06 09:38:25,529 [INFO] [client-8] Round 15 done — loss=0.7631 acc=0.7129  3.1s
2026-10-06 09:38:25,530 [INFO] [client-8] Round 16 — receiving model…
2026-10-06 09:38:25,533 [INFO] send 13933B via direct in 2633ms (0.04 Mbit/s) to b49427e98c7aa8ae (attempt 2)
2026-10-06 09:38:25,570 [INFO] [client-0] Round 14 done — loss=1.0518 acc=0.4631  5.2s
2026-10-06 09:38:25,570 [INFO] [client-0] Round 15 — receiving model…
2026-10-06 09:38:25,572 [INFO] recv 13933B via direct in 270ms
2026-10-06 09:38:25,576 [INFO] [client-0] Round 15 — training locally…
2026-10-06 09:38:25,698 [INFO] [client-0] Round 15 — sending update…
2026-10-06 09:38:25,702 [INFO] send 13933B via direct in 639ms (0.17 Mbit/s) to b49427e98c7aa8ae
2026-10-06 09:38:25,732 [INFO] [client-6] Round 14 done — loss=1.0138 acc=0.4872  2.7s
2026-10-06 09:38:25,734 [INFO] [client-6] Round 15 — receiving model…
2026-10-06 09:38:25,736 [INFO] recv 13933B via direct in 412ms
2026-10-06 09:38:25,741 [INFO] recv 13933B via direct in 412ms
2026-10-06 09:38:25,748 [INFO] send 13933B via direct in 617ms (0.18 Mbit/s) to b49427e98c7aa8ae
2026-10-06 09:38:25,778 [INFO] [client-5] Round 14 done — loss=0.9745 acc=0.5549  2.8s
2026-10-06 09:38:25,779 [INFO] [client-5] Round 15 — receiving model…
2026-10-06 09:38:25,780 [INFO] send 13933B via direct in 1972ms (0.06 Mbit/s) to b49427e98c7aa8ae
2026-10-06 09:38:25,809 [INFO] [client-1] Round 15 done — loss=1.0585 acc=0.4220  3.6s
2026-10-06 09:38:25,810 [INFO] [client-1] Round 16 — receiving model…
2026-10-06 09:38:25,811 [INFO] recv 13933B via direct in 880ms
2026-10-06 09:38:25,819 [INFO] recv 13933B via direct in 314ms
2026-10-06 09:38:25,918 [INFO] recv 13933B via direct in 181ms
2026-10-06 09:38:25,971 [INFO] Round 14/20  acc=0.4625  loss=1.0642  2.7s  clients=10
2026-10-06 09:38:25,975 [INFO] Round 15 — sending model to 10 clients…
2026-10-06 09:38:25,987 [INFO] send 13933B via direct in 507ms (0.22 Mbit/s) to b49427e98c7aa8ae
2026-10-06 09:38:26,025 [INFO] [client-2] Round 15 done — loss=0.9712 acc=0.5179  3.0s
2026-10-06 09:38:26,026 [INFO] [client-2] Round 16 — receiving model…
2026-10-06 09:38:26,117 [WARNING] transfer attempt 1/3 failed (stream not acknowledged: IrohError:  closed by peer: 0) — retrying
2026-10-06 09:38:26,229 [INFO] recv 13933B via direct in 97ms
2026-10-06 09:38:26,233 [INFO] [client-5] Round 15 — training locally…
2026-10-06 09:38:26,581 [INFO] [client-5] Round 15 — sending update…
2026-10-06 09:38:26,589 [INFO] send 13933B via direct in 605ms (0.18 Mbit/s) to f161a4001a3db221
2026-10-06 09:38:26,592 [INFO] send 13933B via direct in 599ms (0.19 Mbit/s) to 276712717179e4f1
2026-10-06 09:38:26,593 [INFO] send 13933B via direct in 601ms (0.19 Mbit/s) to 4dda55b4a0f79b6c
2026-10-06 09:38:26,595 [INFO] send 13933B via direct in 608ms (0.18 Mbit/s) to 149310baf43a35c2
2026-10-06 09:38:26,597 [INFO] send 13933B via direct in 605ms (0.18 Mbit/s) to 371c3c0ab573d68e
2026-10-06 09:38:26,600 [INFO] recv 13933B via direct in 460ms
2026-10-06 09:38:26,603 [INFO] [client-7] Round 16 — training locally…
2026-10-06 09:38:26,829 [INFO] [client-7] Round 16 — sending update…
2026-10-06 09:38:26,834 [INFO] recv 13933B via direct in 442ms
2026-10-06 09:38:26,840 [INFO] [client-2] Round 16 — training locally…
2026-10-06 09:38:27,042 [INFO] [client-2] Round 16 — sending update…
2026-10-06 09:38:27,046 [INFO] recv 13933B via direct in 447ms
2026-10-06 09:38:27,049 [INFO] [client-9] Round 18 — training locally…
2026-10-06 09:38:27,190 [INFO] [client-9] Round 18 — sending update…
2026-10-06 09:38:27,195 [INFO] recv 13933B via direct in 455ms
2026-10-06 09:38:27,200 [INFO] [client-1] Round 16 — training locally…
2026-10-06 09:38:27,398 [INFO] [client-1] Round 16 — sending update…
2026-10-06 09:38:27,403 [INFO] recv 13933B via direct in 462ms
2026-10-06 09:38:27,406 [INFO] [client-6] Round 15 — training locally…
2026-10-06 09:38:27,576 [INFO] [client-6] Round 15 — sending update…
2026-10-06 09:38:27,582 [INFO] send 13933B via direct in 616ms (0.18 Mbit/s) to 26cab545dcd462e2
2026-10-06 09:38:27,585 [INFO] recv 13933B via direct in 454ms
2026-10-06 09:38:27,589 [INFO] [client-4] Round 16 — training locally…
2026-10-06 09:38:27,777 [INFO] [client-4] Round 16 — sending update…
2026-10-06 09:38:27,780 [INFO] send 13933B via direct in 1420ms (0.08 Mbit/s) to a14ac346d3cc8487
2026-10-06 09:38:27,796 [INFO] send 13933B via direct in 1603ms (0.07 Mbit/s) to a67372030e553ab9
2026-10-06 09:38:27,798 [INFO] send 13933B via direct in 1606ms (0.07 Mbit/s) to 183a37a8d8214546
2026-10-06 09:38:27,809 [INFO] recv 13933B via direct in 1672ms
2026-10-06 09:38:27,813 [INFO] [client-8] Round 16 — training locally…
2026-10-06 09:38:28,003 [INFO] [client-8] Round 16 — sending update…
2026-10-06 09:38:28,009 [INFO] send 13933B via direct in 1816ms (0.06 Mbit/s) to fc88a7e25d767c9b
2026-10-06 09:38:28,012 [INFO] Round 15 — waiting for 10 updates…
2026-10-06 09:38:28,013 [INFO] recv 13933B via direct in 206ms
2026-10-06 09:38:28,016 [INFO] recv 13933B via direct in 1626ms
2026-10-06 09:38:28,020 [INFO] [client-3] Round 16 — training locally…
2026-10-06 09:38:28,283 [INFO] [client-3] Round 16 — sending update…
2026-10-06 09:38:28,292 [INFO] send 13933B via direct in 971ms (0.12 Mbit/s) to b49427e98c7aa8ae
2026-10-06 09:38:28,330 [INFO] [client-2] Round 16 done — loss=0.9717 acc=0.5124  2.3s
2026-10-06 09:38:28,331 [INFO] [client-2] Round 17 — receiving model…
2026-10-06 09:38:28,342 [INFO] send 13933B via direct in 1500ms (0.07 Mbit/s) to b49427e98c7aa8ae
2026-10-06 09:38:28,391 [INFO] [client-7] Round 16 done — loss=1.0280 acc=0.4481  3.2s
2026-10-06 09:38:28,392 [INFO] [client-7] Round 17 — receiving model…
2026-10-06 09:38:28,394 [INFO] send 13933B via direct in 1750ms (0.06 Mbit/s) to b49427e98c7aa8ae
2026-10-06 09:38:28,433 [INFO] [client-5] Round 15 done — loss=0.9671 acc=0.5546  2.7s
2026-10-06 09:38:28,434 [INFO] [client-5] Round 16 — receiving model…
2026-10-06 09:38:28,436 [INFO] send 13933B via direct in 754ms (0.15 Mbit/s) to b49427e98c7aa8ae
2026-10-06 09:38:28,466 [INFO] [client-6] Round 15 done — loss=1.0166 acc=0.4844  2.7s
2026-10-06 09:38:28,467 [INFO] [client-6] Round 16 — receiving model…
2026-10-06 09:38:28,468 [INFO] send 13933B via direct in 1140ms (0.10 Mbit/s) to b49427e98c7aa8ae
2026-10-06 09:38:28,498 [INFO] [client-9] Round 18 done — loss=1.0072 acc=0.5218  3.3s
2026-10-06 09:38:28,499 [INFO] [client-9] Round 19 — receiving model…
2026-10-06 09:38:28,500 [INFO] send 13933B via direct in 934ms (0.12 Mbit/s) to b49427e98c7aa8ae
2026-10-06 09:38:28,530 [INFO] [client-1] Round 16 done — loss=1.0614 acc=0.4145  2.7s
2026-10-06 09:38:28,532 [INFO] [client-1] Round 17 — receiving model…
2026-10-06 09:38:28,533 [INFO] send 13933B via direct in 2634ms (0.04 Mbit/s) to b49427e98c7aa8ae (attempt 2)
2026-10-06 09:38:28,559 [INFO] [client-0] Round 15 done — loss=1.0523 acc=0.4635  3.0s
2026-10-06 09:38:28,561 [INFO] [client-0] Round 16 — receiving model…
2026-10-06 09:38:28,562 [INFO] recv 13933B via direct in 464ms
2026-10-06 09:38:28,566 [INFO] [client-0] Round 16 — training locally…
2026-10-06 09:38:28,685 [INFO] [client-0] Round 16 — sending update…
2026-10-06 09:38:28,689 [INFO] recv 13933B via direct in 751ms
2026-10-06 09:38:28,694 [INFO] recv 13933B via direct in 750ms
2026-10-06 09:38:28,697 [INFO] recv 13933B via direct in 751ms
2026-10-06 09:38:28,699 [INFO] recv 13933B via direct in 533ms
2026-10-06 09:38:28,702 [INFO] recv 13933B via direct in 751ms
2026-10-06 09:38:28,705 [INFO] recv 13933B via direct in 534ms
2026-10-06 09:38:28,708 [WARNING] Round 15 — discarding update from unselected/duplicate peer 183a37a8d8214546
2026-10-06 09:38:28,709 [INFO] recv 13933B via direct in 542ms
2026-10-06 09:38:28,716 [INFO] send 13933B via direct in 707ms (0.16 Mbit/s) to b49427e98c7aa8ae
2026-10-06 09:38:28,746 [INFO] [client-8] Round 16 done — loss=0.7674 acc=0.7098  3.2s
2026-10-06 09:38:28,747 [INFO] [client-8] Round 17 — receiving model…
2026-10-06 09:38:28,748 [INFO] send 13933B via direct in 934ms (0.12 Mbit/s) to b49427e98c7aa8ae
2026-10-06 09:38:28,776 [INFO] [client-4] Round 16 done — loss=1.0155 acc=0.4832  3.5s
2026-10-06 09:38:28,777 [INFO] [client-4] Round 17 — receiving model…
2026-10-06 09:38:28,780 [INFO] recv 13933B via direct in 762ms
2026-10-06 09:38:28,783 [INFO] recv 13933B via direct in 444ms
2026-10-06 09:38:28,803 [INFO] recv 13933B via direct in 90ms
2026-10-06 09:38:28,860 [INFO] Round 15/20  acc=0.4670  loss=1.0596  2.9s  clients=10
2026-10-06 09:38:28,861 [INFO] Round 16 — sending model to 10 clients…
2026-10-06 09:38:28,873 [WARNING] transfer attempt 1/3 failed (stream not acknowledged: IrohError:  closed by peer: 0) — retrying
2026-10-06 09:38:29,063 [INFO] send 13933B via direct in 376ms (0.30 Mbit/s) to b49427e98c7aa8ae
2026-10-06 09:38:29,163 [INFO] [client-0] Round 16 done — loss=1.0495 acc=0.4510  0.6s
2026-10-06 09:38:29,165 [INFO] [client-0] Round 17 — receiving model…
2026-10-06 09:38:29,169 [INFO] send 13933B via direct in 299ms (0.37 Mbit/s) to a67372030e553ab9
2026-10-06 09:38:29,171 [INFO] recv 13933B via direct in 163ms
2026-10-06 09:38:29,175 [INFO] [client-8] Round 17 — training locally…
2026-10-06 09:38:29,336 [INFO] [client-8] Round 17 — sending update…
2026-10-06 09:38:29,339 [INFO] recv 13933B via direct in 149ms
2026-10-06 09:38:29,344 [INFO] [client-2] Round 17 — training locally…
2026-10-06 09:38:29,504 [INFO] [client-2] Round 17 — sending update…
2026-10-06 09:38:29,509 [INFO] recv 13933B via direct in 156ms
2026-10-06 09:38:29,512 [INFO] [client-0] Round 17 — training locally…
2026-10-06 09:38:29,635 [INFO] [client-0] Round 17 — sending update…
2026-10-06 09:38:29,639 [INFO] recv 13933B via direct in 128ms
2026-10-06 09:38:29,643 [INFO] [client-5] Round 16 — training locally…
2026-10-06 09:38:29,776 [INFO] [client-5] Round 16 — sending update…
2026-10-06 09:38:29,780 [INFO] send 13933B via direct in 302ms (0.37 Mbit/s) to f161a4001a3db221
2026-10-06 09:38:29,781 [INFO] recv 13933B via direct in 138ms
2026-10-06 09:38:29,784 [INFO] [client-4] Round 17 — training locally…
2026-10-06 09:38:29,980 [INFO] [client-4] Round 17 — sending update…
2026-10-06 09:38:29,999 [WARNING] transfer attempt 1/3 failed (stream not acknowledged: IrohError:  closed by peer: 0) — retrying
2026-10-06 09:38:30,010 [INFO] send 13933B via direct in 1132ms (0.10 Mbit/s) to a14ac346d3cc8487
2026-10-06 09:38:30,012 [INFO] send 13933B via direct in 1130ms (0.10 Mbit/s) to 276712717179e4f1
2026-10-06 09:38:30,014 [INFO] send 13933B via direct in 1136ms (0.10 Mbit/s) to 371c3c0ab573d68e
2026-10-06 09:38:30,015 [INFO] send 13933B via direct in 1129ms (0.10 Mbit/s) to 26cab545dcd462e2
2026-10-06 09:38:30,017 [INFO] send 13933B via direct in 1131ms (0.10 Mbit/s) to 149310baf43a35c2
2026-10-06 09:38:30,018 [INFO] send 13933B via direct in 1130ms (0.10 Mbit/s) to 4dda55b4a0f79b6c
2026-10-06 09:38:30,022 [INFO] recv 13933B via direct in 971ms
2026-10-06 09:38:30,026 [INFO] [client-6] Round 16 — training locally…
2026-10-06 09:38:30,202 [INFO] [client-6] Round 16 — sending update…
2026-10-06 09:38:30,205 [INFO] recv 13933B via direct in 997ms
2026-10-06 09:38:30,209 [INFO] [client-1] Round 17 — training locally…
2026-10-06 09:38:30,385 [INFO] [client-1] Round 17 — sending update…
2026-10-06 09:38:30,389 [INFO] recv 13933B via direct in 975ms
2026-10-06 09:38:30,394 [INFO] [client-7] Round 17 — training locally…
2026-10-06 09:38:30,561 [INFO] [client-7] Round 17 — sending update…
2026-10-06 09:38:30,565 [INFO] recv 13933B via direct in 1002ms
2026-10-06 09:38:30,568 [INFO] [client-9] Round 19 — training locally…
2026-10-06 09:38:30,702 [INFO] [client-9] Round 19 — sending update…
2026-10-06 09:38:30,719 [INFO] send 13933B via direct in 1369ms (0.08 Mbit/s) to b49427e98c7aa8ae
2026-10-06 09:38:30,833 [INFO] [client-8] Round 17 done — loss=0.7649 acc=0.7105  2.1s
2026-10-06 09:38:30,834 [INFO] [client-8] Round 18 — receiving model…
2026-10-06 09:38:30,835 [INFO] send 13933B via direct in 1200ms (0.09 Mbit/s) to b49427e98c7aa8ae
2026-10-06 09:38:30,862 [INFO] [client-2] Round 17 done — loss=0.9698 acc=0.5155  2.5s
2026-10-06 09:38:30,863 [INFO] [client-2] Round 18 — receiving model…
2026-10-06 09:38:30,864 [INFO] send 13933B via direct in 1070ms (0.10 Mbit/s) to b49427e98c7aa8ae
2026-10-06 09:38:30,892 [INFO] [client-0] Round 17 done — loss=1.0476 acc=0.4670  1.7s
2026-10-06 09:38:30,893 [INFO] [client-0] Round 18 — receiving model…
2026-10-06 09:38:30,898 [INFO] send 13933B via direct in 930ms (0.12 Mbit/s) to b49427e98c7aa8ae
2026-10-06 09:38:30,920 [INFO] [client-5] Round 16 done — loss=0.9754 acc=0.5598  2.5s
2026-10-06 09:38:30,921 [INFO] [client-5] Round 17 — receiving model…
2026-10-06 09:38:30,926 [INFO] send 13933B via direct in 1853ms (0.06 Mbit/s) to fc88a7e25d767c9b
2026-10-06 09:38:30,958 [INFO] send 13933B via direct in 2672ms (0.04 Mbit/s) to b49427e98c7aa8ae (attempt 2)
2026-10-06 09:38:31,000 [INFO] [client-3] Round 16 done — loss=1.0423 acc=0.4550  5.8s
2026-10-06 09:38:31,002 [INFO] [client-3] Round 17 — receiving model…
2026-10-06 09:38:31,003 [INFO] recv 13933B via direct in 1885ms
2026-10-06 09:38:31,005 [INFO] [client-3] Round 17 — training locally…
2026-10-06 09:38:31,190 [INFO] [client-3] Round 17 — sending update…
2026-10-06 09:38:31,195 [WARNING] transfer attempt 1/3 failed (stream not acknowledged: IrohError:  closed by peer: 0) — retrying
2026-10-06 09:38:31,196 [WARNING] transfer attempt 1/3 failed (stream not acknowledged: IrohError:  closed by peer: 0) — retrying
2026-10-06 09:38:31,198 [INFO] send 13933B via direct in 1196ms (0.09 Mbit/s) to b49427e98c7aa8ae
2026-10-06 09:38:31,239 [INFO] [client-4] Round 17 done — loss=1.0093 acc=0.5010  2.5s
2026-10-06 09:38:31,240 [INFO] [client-4] Round 18 — receiving model…
2026-10-06 09:38:31,242 [INFO] send 13933B via direct in 492ms (0.23 Mbit/s) to b49427e98c7aa8ae
2026-10-06 09:38:31,277 [INFO] [client-9] Round 19 done — loss=1.0135 acc=0.5221  2.8s
2026-10-06 09:38:31,279 [INFO] [client-9] Round 20 — receiving model…
2026-10-06 09:38:31,316 [INFO] send 13933B via direct in 752ms (0.15 Mbit/s) to b49427e98c7aa8ae
2026-10-06 09:38:31,367 [INFO] [client-7] Round 17 done — loss=1.0301 acc=0.4495  3.0s
2026-10-06 09:38:31,368 [INFO] [client-7] Round 18 — receiving model…
2026-10-06 09:38:31,496 [INFO] recv 13933B via direct in 114ms
2026-10-06 09:38:31,500 [INFO] [client-0] Round 18 — training locally…
2026-10-06 09:38:31,687 [INFO] [client-0] Round 18 — sending update…
2026-10-06 09:38:31,694 [INFO] send 13933B via direct in 500ms (0.22 Mbit/s) to b49427e98c7aa8ae
2026-10-06 09:38:31,723 [INFO] [client-3] Round 17 done — loss=1.0418 acc=0.4540  0.7s
2026-10-06 09:38:31,725 [INFO] [client-3] Round 18 — receiving model…
2026-10-06 09:38:31,727 [INFO] send 13933B via direct in 2822ms (0.04 Mbit/s) to 183a37a8d8214546 (attempt 2)
2026-10-06 09:38:31,728 [INFO] Round 16 — waiting for 10 updates…
2026-10-06 09:38:31,729 [INFO] recv 13933B via direct in 148ms
2026-10-06 09:38:31,733 [INFO] recv 13933B via direct in 920ms
2026-10-06 09:38:31,736 [INFO] recv 13933B via direct in 912ms
2026-10-06 09:38:31,738 [INFO] recv 13933B via direct in 921ms
2026-10-06 09:38:31,742 [INFO] recv 13933B via direct in 915ms
2026-10-06 09:38:31,745 [WARNING] Round 16 — discarding update from unselected/duplicate peer 183a37a8d8214546
2026-10-06 09:38:31,746 [INFO] recv 13933B via direct in 225ms
2026-10-06 09:38:31,749 [INFO] recv 13933B via direct in 224ms
2026-10-06 09:38:31,751 [INFO] recv 13933B via direct in 225ms
2026-10-06 09:38:31,753 [INFO] recv 13933B via direct in 224ms
2026-10-06 09:38:31,756 [INFO] recv 13933B via direct in 479ms
2026-10-06 09:38:31,760 [INFO] recv 13933B via direct in 352ms
2026-10-06 09:38:31,797 [INFO] Round 16/20  acc=0.4709  loss=1.0585  2.9s  clients=10
2026-10-06 09:38:31,799 [INFO] Round 17 — sending model to 10 clients…
2026-10-06 09:38:32,018 [INFO] send 13933B via direct in 326ms (0.34 Mbit/s) to b49427e98c7aa8ae
2026-10-06 09:38:32,096 [INFO] [client-0] Round 18 done — loss=1.0558 acc=0.4544  1.2s
2026-10-06 09:38:32,097 [INFO] [client-0] Round 19 — receiving model…
2026-10-06 09:38:32,105 [INFO] recv 13933B via direct in 139ms
2026-10-06 09:38:32,112 [INFO] [client-3] Round 18 — training locally…
2026-10-06 09:38:32,321 [INFO] [client-3] Round 18 — sending update…
2026-10-06 09:38:32,325 [INFO] recv 13933B via direct in 153ms
2026-10-06 09:38:32,331 [INFO] [client-0] Round 19 — training locally…
2026-10-06 09:38:32,485 [INFO] [client-0] Round 19 — sending update…
2026-10-06 09:38:32,488 [INFO] recv 13933B via direct in 141ms
2026-10-06 09:38:32,491 [INFO] [client-8] Round 18 — training locally…
2026-10-06 09:38:32,631 [INFO] [client-8] Round 18 — sending update…
2026-10-06 09:38:32,634 [INFO] recv 13933B via direct in 130ms
2026-10-06 09:38:32,637 [INFO] [client-4] Round 18 — training locally…
2026-10-06 09:38:32,823 [INFO] [client-4] Round 18 — sending update…
2026-10-06 09:38:32,832 [INFO] recv 13933B via direct in 130ms
2026-10-06 09:38:32,836 [INFO] [client-5] Round 17 — training locally…
2026-10-06 09:38:33,043 [INFO] [client-5] Round 17 — sending update…
2026-10-06 09:38:33,064 [INFO] send 13933B via direct in 1236ms (0.09 Mbit/s) to 183a37a8d8214546
2026-10-06 09:38:33,066 [INFO] send 13933B via direct in 1245ms (0.09 Mbit/s) to a67372030e553ab9
2026-10-06 09:38:33,068 [INFO] send 13933B via direct in 1250ms (0.09 Mbit/s) to fc88a7e25d767c9b
2026-10-06 09:38:33,069 [INFO] send 13933B via direct in 1239ms (0.09 Mbit/s) to 276712717179e4f1
2026-10-06 09:38:33,070 [INFO] send 13933B via direct in 1239ms (0.09 Mbit/s) to a14ac346d3cc8487
2026-10-06 09:38:33,072 [INFO] send 13933B via direct in 1242ms (0.09 Mbit/s) to 149310baf43a35c2
2026-10-06 09:38:33,074 [INFO] send 13933B via direct in 1245ms (0.09 Mbit/s) to 4dda55b4a0f79b6c
2026-10-06 09:38:33,079 [INFO] send 13933B via direct in 1250ms (0.09 Mbit/s) to 371c3c0ab573d68e
2026-10-06 09:38:33,081 [INFO] send 13933B via direct in 1243ms (0.09 Mbit/s) to f161a4001a3db221
2026-10-06 09:38:33,083 [INFO] send 13933B via direct in 1244ms (0.09 Mbit/s) to 26cab545dcd462e2
2026-10-06 09:38:33,085 [INFO] recv 13933B via direct in 1075ms
2026-10-06 09:38:33,088 [INFO] [client-9] Round 20 — training locally…
2026-10-06 09:38:33,281 [INFO] [client-9] Round 20 — sending update…
2026-10-06 09:38:33,285 [INFO] Round 17 — waiting for 10 updates…
2026-10-06 09:38:33,286 [INFO] recv 13933B via direct in 104ms
2026-10-06 09:38:33,288 [INFO] recv 13933B via direct in 101ms
2026-10-06 09:38:33,296 [INFO] recv 13933B via direct in 1099ms
2026-10-06 09:38:33,299 [INFO] [client-2] Round 18 — training locally…
2026-10-06 09:38:33,536 [INFO] [client-2] Round 18 — sending update…
2026-10-06 09:38:33,540 [INFO] recv 13933B via direct in 1131ms
2026-10-06 09:38:33,545 [INFO] [client-7] Round 18 — training locally…
2026-10-06 09:38:33,714 [INFO] [client-7] Round 18 — sending update…
2026-10-06 09:38:33,731 [INFO] send 13933B via direct in 463ms (0.24 Mbit/s) to b49427e98c7aa8ae
2026-10-06 09:38:33,759 [INFO] [client-4] Round 18 done — loss=1.0159 acc=0.4873  2.5s
2026-10-06 09:38:33,761 [INFO] [client-4] Round 19 — receiving model…
2026-10-06 09:38:33,763 [INFO] send 13933B via direct in 972ms (0.11 Mbit/s) to b49427e98c7aa8ae
2026-10-06 09:38:33,789 [INFO] [client-3] Round 18 done — loss=1.0392 acc=0.4481  2.1s
2026-10-06 09:38:33,791 [INFO] [client-3] Round 19 — receiving model…
2026-10-06 09:38:33,793 [INFO] send 13933B via direct in 809ms (0.14 Mbit/s) to b49427e98c7aa8ae
2026-10-06 09:38:33,824 [INFO] [client-0] Round 19 done — loss=1.0541 acc=0.4466  1.7s
2026-10-06 09:38:33,825 [INFO] [client-0] Round 20 — receiving model…
2026-10-06 09:38:33,827 [INFO] send 13933B via direct in 663ms (0.17 Mbit/s) to b49427e98c7aa8ae
2026-10-06 09:38:33,855 [INFO] [client-8] Round 18 done — loss=0.7630 acc=0.7088  3.0s
2026-10-06 09:38:33,856 [INFO] [client-8] Round 19 — receiving model…
2026-10-06 09:38:33,872 [INFO] recv 13933B via direct in 805ms
2026-10-06 09:38:33,876 [WARNING] Round 17 — discarding update from unselected/duplicate peer fc88a7e25d767c9b
2026-10-06 09:38:33,878 [INFO] recv 13933B via direct in 804ms
2026-10-06 09:38:33,880 [INFO] recv 13933B via direct in 805ms
2026-10-06 09:38:33,882 [WARNING] Round 17 — discarding update from unselected/duplicate peer 183a37a8d8214546
2026-10-06 09:38:33,884 [INFO] recv 13933B via direct in 803ms
2026-10-06 09:38:33,888 [INFO] recv 13933B via direct in 591ms
2026-10-06 09:38:33,893 [INFO] recv 13933B via direct in 592ms
2026-10-06 09:38:33,896 [INFO] send 13933B via direct in 842ms (0.13 Mbit/s) to b49427e98c7aa8ae
2026-10-06 09:38:33,931 [INFO] [client-5] Round 17 done — loss=0.9664 acc=0.5567  3.0s
2026-10-06 09:38:33,934 [INFO] [client-5] Round 18 — receiving model…
2026-10-06 09:38:33,936 [INFO] recv 13933B via direct in 593ms
2026-10-06 09:38:33,942 [INFO] send 13933B via direct in 3552ms (0.03 Mbit/s) to b49427e98c7aa8ae (attempt 2)
2026-10-06 09:38:33,971 [INFO] [client-1] Round 17 done — loss=1.0613 acc=0.4231  5.4s
2026-10-06 09:38:33,972 [INFO] [client-1] Round 18 — receiving model…
2026-10-06 09:38:33,974 [INFO] recv 13933B via direct in 1086ms
2026-10-06 09:38:33,978 [INFO] [client-1] Round 18 — training locally…
2026-10-06 09:38:34,144 [INFO] [client-1] Round 18 — sending update…
2026-10-06 09:38:34,147 [INFO] send 13933B via direct in 3737ms (0.03 Mbit/s) to b49427e98c7aa8ae (attempt 2)
2026-10-06 09:38:34,171 [INFO] [client-6] Round 16 done — loss=1.0126 acc=0.4927  5.7s
2026-10-06 09:38:34,172 [INFO] [client-6] Round 17 — receiving model…
2026-10-06 09:38:34,173 [INFO] recv 13933B via direct in 1081ms
2026-10-06 09:38:34,177 [INFO] [client-6] Round 17 — training locally…
2026-10-06 09:38:34,338 [INFO] [client-6] Round 17 — sending update…
2026-10-06 09:38:34,349 [INFO] send 13933B via direct in 626ms (0.18 Mbit/s) to b49427e98c7aa8ae
2026-10-06 09:38:34,382 [INFO] [client-7] Round 18 done — loss=1.0307 acc=0.4554  3.0s
2026-10-06 09:38:34,383 [INFO] [client-7] Round 19 — receiving model…
2026-10-06 09:38:34,385 [INFO] send 13933B via direct in 1059ms (0.11 Mbit/s) to b49427e98c7aa8ae
2026-10-06 09:38:34,409 [INFO] [client-9] Round 20 done — loss=1.0146 acc=0.5225  3.1s
2026-10-06 09:38:34,410 [INFO] send 13933B via direct in 804ms (0.14 Mbit/s) to b49427e98c7aa8ae
2026-10-06 09:38:34,432 [INFO] [client-2] Round 18 done — loss=0.9609 acc=0.5185  3.6s
2026-10-06 09:38:34,433 [INFO] [client-2] Round 19 — receiving model…
2026-10-06 09:38:34,435 [INFO] recv 13933B via direct in 486ms
2026-10-06 09:38:34,437 [INFO] recv 13933B via direct in 474ms
2026-10-06 09:38:34,442 [INFO] recv 13933B via direct in 486ms
2026-10-06 09:38:34,475 [INFO] Round 17/20  acc=0.4662  loss=1.0622  2.7s  clients=10
2026-10-06 09:38:34,478 [INFO] Round 18 — sending model to 10 clients…
2026-10-06 09:38:34,604 [INFO] send 13933B via direct in 458ms (0.24 Mbit/s) to b49427e98c7aa8ae
2026-10-06 09:38:34,633 [INFO] [client-1] Round 18 done — loss=1.0623 acc=0.4248  0.7s
2026-10-06 09:38:34,634 [INFO] [client-1] Round 19 — receiving model…
2026-10-06 09:38:34,719 [INFO] recv 13933B via direct in 80ms
2026-10-06 09:38:34,743 [INFO] [client-7] Round 19 — training locally…
2026-10-06 09:38:34,931 [INFO] [client-7] Round 19 — sending update…
2026-10-06 09:38:34,941 [INFO] send 13933B via direct in 447ms (0.25 Mbit/s) to 371c3c0ab573d68e
2026-10-06 09:38:34,943 [INFO] send 13933B via direct in 451ms (0.25 Mbit/s) to 26cab545dcd462e2
2026-10-06 09:38:34,944 [INFO] send 13933B via direct in 596ms (0.19 Mbit/s) to b49427e98c7aa8ae
2026-10-06 09:38:34,968 [INFO] [client-6] Round 17 done — loss=1.0104 acc=0.5024  0.8s
2026-10-06 09:38:34,969 [INFO] [client-6] Round 18 — receiving model…
2026-10-06 09:38:34,970 [INFO] recv 13933B via direct in 81ms
2026-10-06 09:38:34,972 [INFO] [client-6] Round 18 — training locally…
2026-10-06 09:38:35,107 [INFO] [client-6] Round 18 — sending update…
2026-10-06 09:38:35,112 [INFO] send 13933B via direct in 449ms (0.25 Mbit/s) to f161a4001a3db221
2026-10-06 09:38:35,114 [INFO] recv 13933B via direct in 296ms
2026-10-06 09:38:35,116 [INFO] [client-0] Round 20 — training locally…
2026-10-06 09:38:35,226 [INFO] [client-0] Round 20 — sending update…
2026-10-06 09:38:35,229 [INFO] recv 13933B via direct in 291ms
2026-10-06 09:38:35,231 [INFO] [client-5] Round 18 — training locally…
2026-10-06 09:38:35,374 [INFO] [client-5] Round 18 — sending update…
2026-10-06 09:38:35,377 [INFO] recv 13933B via direct in 260ms
2026-10-06 09:38:35,381 [INFO] [client-2] Round 19 — training locally…
2026-10-06 09:38:35,527 [INFO] [client-2] Round 19 — sending update…
2026-10-06 09:38:35,531 [INFO] send 13933B via direct in 455ms (0.25 Mbit/s) to 276712717179e4f1
2026-10-06 09:38:35,532 [INFO] send 13933B via direct in 453ms (0.25 Mbit/s) to 183a37a8d8214546
2026-10-06 09:38:35,540 [INFO] send 13933B via direct in 1049ms (0.11 Mbit/s) to fc88a7e25d767c9b
2026-10-06 09:38:35,549 [INFO] send 13933B via direct in 1048ms (0.11 Mbit/s) to a14ac346d3cc8487
2026-10-06 09:38:35,551 [INFO] send 13933B via direct in 1051ms (0.11 Mbit/s) to 149310baf43a35c2
2026-10-06 09:38:35,552 [INFO] recv 13933B via direct in 888ms
2026-10-06 09:38:35,555 [INFO] [client-3] Round 19 — training locally…
2026-10-06 09:38:35,689 [INFO] [client-3] Round 19 — sending update…
2026-10-06 09:38:35,692 [INFO] recv 13933B via direct in 898ms
2026-10-06 09:38:35,698 [INFO] [client-4] Round 19 — training locally…
2026-10-06 09:38:35,852 [INFO] [client-4] Round 19 — sending update…
2026-10-06 09:38:35,867 [INFO] send 13933B via direct in 748ms (0.15 Mbit/s) to b49427e98c7aa8ae
2026-10-06 09:38:35,902 [INFO] [client-6] Round 18 done — loss=1.0062 acc=0.4990  0.9s
2026-10-06 09:38:35,903 [INFO] [client-6] Round 19 — receiving model…
2026-10-06 09:38:35,904 [INFO] send 13933B via direct in 631ms (0.18 Mbit/s) to b49427e98c7aa8ae
2026-10-06 09:38:35,936 [INFO] [client-0] Round 20 done — loss=1.0518 acc=0.4575  2.1s
2026-10-06 09:38:35,938 [INFO] send 13933B via direct in 926ms (0.12 Mbit/s) to b49427e98c7aa8ae
2026-10-06 09:38:35,977 [INFO] [client-7] Round 19 done — loss=1.0302 acc=0.4492  1.6s
2026-10-06 09:38:35,978 [INFO] [client-7] Round 20 — receiving model…
2026-10-06 09:38:35,988 [INFO] send 13933B via direct in 1500ms (0.07 Mbit/s) to 4dda55b4a0f79b6c
2026-10-06 09:38:35,991 [INFO] recv 13933B via direct in 1307ms
2026-10-06 09:38:35,994 [INFO] [client-1] Round 19 — training locally…
2026-10-06 09:38:36,274 [INFO] [client-1] Round 19 — sending update…
2026-10-06 09:38:36,285 [INFO] send 13933B via direct in 903ms (0.12 Mbit/s) to b49427e98c7aa8ae
2026-10-06 09:38:36,318 [INFO] [client-5] Round 18 done — loss=0.9674 acc=0.5549  2.4s
2026-10-06 09:38:36,319 [INFO] [client-5] Round 19 — receiving model…
2026-10-06 09:38:36,320 [INFO] send 13933B via direct in 750ms (0.15 Mbit/s) to b49427e98c7aa8ae
2026-10-06 09:38:36,348 [INFO] [client-2] Round 19 done — loss=0.9589 acc=0.5306  1.9s
2026-10-06 09:38:36,350 [INFO] [client-2] Round 20 — receiving model…
2026-10-06 09:38:36,351 [INFO] send 13933B via direct in 1794ms (0.06 Mbit/s) to a67372030e553ab9
2026-10-06 09:38:36,352 [INFO] send 13933B via direct in 589ms (0.19 Mbit/s) to b49427e98c7aa8ae
2026-10-06 09:38:36,394 [INFO] [client-3] Round 19 done — loss=1.0420 acc=0.4560  2.6s
2026-10-06 09:38:36,396 [INFO] [client-3] Round 20 — receiving model…
2026-10-06 09:38:36,398 [INFO] send 13933B via direct in 427ms (0.26 Mbit/s) to b49427e98c7aa8ae
2026-10-06 09:38:36,430 [INFO] [client-4] Round 19 done — loss=1.0198 acc=0.4924  2.7s
2026-10-06 09:38:36,431 [INFO] [client-4] Round 20 — receiving model…
2026-10-06 09:38:36,434 [INFO] Round 18 — waiting for 10 updates…
2026-10-06 09:38:36,435 [INFO] recv 13933B via direct in 231ms
2026-10-06 09:38:36,440 [INFO] recv 13933B via direct in 415ms
2026-10-06 09:38:36,443 [INFO] recv 13933B via direct in 447ms
2026-10-06 09:38:36,446 [INFO] recv 13933B via direct in 441ms
2026-10-06 09:38:36,449 [WARNING] Round 18 — discarding update from unselected/duplicate peer 371c3c0ab573d68e
2026-10-06 09:38:36,451 [INFO] recv 13933B via direct in 442ms
2026-10-06 09:38:36,454 [INFO] recv 13933B via direct in 444ms
2026-10-06 09:38:36,459 [INFO] recv 13933B via direct in 417ms
2026-10-06 09:38:36,462 [INFO] recv 13933B via direct in 421ms
2026-10-06 09:38:36,465 [INFO] recv 13933B via direct in 1637ms
2026-10-06 09:38:36,468 [INFO] [client-8] Round 19 — training locally…
2026-10-06 09:38:36,643 [INFO] [client-8] Round 19 — sending update…
2026-10-06 09:38:36,654 [INFO] recv 13933B via direct in 370ms
2026-10-06 09:38:36,777 [INFO] recv 13933B via direct in 126ms
2026-10-06 09:38:36,782 [WARNING] Round 18 — discarding update from unselected/duplicate peer 4dda55b4a0f79b6c
2026-10-06 09:38:36,815 [INFO] send 13933B via direct in 537ms (0.21 Mbit/s) to b49427e98c7aa8ae
2026-10-06 09:38:36,859 [INFO] [client-1] Round 19 done — loss=1.0575 acc=0.4310  2.2s
2026-10-06 09:38:36,862 [INFO] [client-1] Round 20 — receiving model…
2026-10-06 09:38:37,042 [INFO] recv 13933B via direct in 227ms
2026-10-06 09:38:37,090 [WARNING] transfer attempt 1/3 failed (stream not acknowledged: IrohError:  closed by peer: 0) — retrying
2026-10-06 09:38:38,372 [INFO] recv 13933B via direct in 116ms
2026-10-06 09:38:38,378 [WARNING] Round 18 — discarding update from unselected/duplicate peer a67372030e553ab9
2026-10-06 09:38:38,419 [WARNING] transfer attempt 2/3 failed (stream not acknowledged: IrohError:  closed by peer: 0) — retrying
2026-10-06 09:38:39,736 [INFO] recv 13933B via direct in 126ms
2026-10-06 09:38:39,741 [WARNING] Round 18 — discarding update from unselected/duplicate peer a67372030e553ab9
2026-10-06 09:38:39,777 [INFO] send 13933B via direct in 3128ms (0.04 Mbit/s) to b49427e98c7aa8ae (attempt 3)
2026-10-06 09:38:39,832 [INFO] [client-8] Round 19 done — loss=0.7636 acc=0.7129  6.0s
2026-10-06 09:38:39,834 [INFO] [client-8] Round 20 — receiving model…
2026-10-06 09:53:36,491 [WARNING] Round 18 — no update from ['client-9']
2026-10-06 09:53:36,625 [INFO] Round 18/20  acc=0.4667  loss=1.0613  902.1s  clients=9
2026-10-06 09:53:36,627 [INFO] Round 19 — sending model to 10 clients…
2026-10-06 09:53:36,888 [INFO] recv 13933B via direct in 94ms
2026-10-06 09:53:36,896 [INFO] [client-8] Round 20 — training locally…
2026-10-06 09:53:37,036 [INFO] [client-8] Round 20 — sending update…
2026-10-06 09:53:37,047 [INFO] recv 13933B via direct in 267ms
2026-10-06 09:53:37,050 [INFO] [client-7] Round 20 — training locally…
2026-10-06 09:53:37,181 [INFO] [client-7] Round 20 — sending update…
2026-10-06 09:53:37,186 [INFO] send 13933B via direct in 397ms (0.28 Mbit/s) to a67372030e553ab9
2026-10-06 09:53:37,187 [INFO] send 13933B via direct in 400ms (0.28 Mbit/s) to 26cab545dcd462e2
2026-10-06 09:53:37,189 [INFO] send 13933B via direct in 402ms (0.28 Mbit/s) to f161a4001a3db221
2026-10-06 09:53:37,190 [INFO] send 13933B via direct in 404ms (0.28 Mbit/s) to 4dda55b4a0f79b6c
2026-10-06 09:53:37,193 [INFO] recv 13933B via direct in 234ms
2026-10-06 09:53:37,197 [INFO] [client-2] Round 20 — training locally…
2026-10-06 09:53:37,411 [INFO] [client-2] Round 20 — sending update…
2026-10-06 09:53:37,415 [INFO] recv 13933B via direct in 260ms
2026-10-06 09:53:37,418 [INFO] [client-1] Round 20 — training locally…
2026-10-06 09:53:37,546 [INFO] [client-1] Round 20 — sending update…
2026-10-06 09:53:37,553 [INFO] send 13933B via direct in 554ms (0.20 Mbit/s) to fc88a7e25d767c9b
2026-10-06 09:53:37,556 [INFO] send 13933B via direct in 544ms (0.21 Mbit/s) to 149310baf43a35c2
2026-10-06 09:53:37,557 [INFO] recv 13933B via direct in 404ms
2026-10-06 09:53:37,560 [INFO] [client-3] Round 20 — training locally…
2026-10-06 09:53:37,680 [INFO] [client-3] Round 20 — sending update…
2026-10-06 09:53:37,684 [INFO] recv 13933B via direct in 382ms
2026-10-06 09:53:37,686 [INFO] [client-6] Round 19 — training locally…
2026-10-06 09:53:37,793 [INFO] [client-6] Round 19 — sending update…
2026-10-06 09:53:37,803 [INFO] send 13933B via direct in 1040ms (0.11 Mbit/s) to 276712717179e4f1
2026-10-06 09:53:37,805 [INFO] send 13933B via direct in 1150ms (0.10 Mbit/s) to a14ac346d3cc8487
2026-10-06 09:53:37,810 [INFO] recv 13933B via direct in 1003ms
2026-10-06 09:53:37,812 [INFO] [client-5] Round 19 — training locally…
2026-10-06 09:53:37,939 [INFO] [client-5] Round 19 — sending update…
2026-10-06 09:53:37,966 [INFO] recv 13933B via direct in 1004ms
2026-10-06 09:53:37,969 [INFO] [client-4] Round 20 — training locally…
2026-10-06 09:53:38,089 [INFO] [client-4] Round 20 — sending update…
2026-10-06 09:53:38,092 [INFO] send 13933B via direct in 1155ms (0.10 Mbit/s) to 371c3c0ab573d68e
2026-10-06 09:53:38,101 [INFO] send 13933B via direct in 1056ms (0.11 Mbit/s) to b49427e98c7aa8ae
2026-10-06 09:53:38,121 [INFO] [client-8] Round 20 done — loss=0.7566 acc=0.7126  898.3s
2026-10-06 09:53:38,123 [INFO] send 13933B via direct in 681ms (0.16 Mbit/s) to b49427e98c7aa8ae
2026-10-06 09:53:38,144 [INFO] [client-2] Round 20 done — loss=0.9640 acc=0.5120  901.8s
2026-10-06 09:53:38,145 [INFO] send 13933B via direct in 912ms (0.12 Mbit/s) to b49427e98c7aa8ae
2026-10-06 09:53:38,163 [INFO] [client-7] Round 20 done — loss=1.0286 acc=0.4519  902.2s
2026-10-06 09:53:38,209 [WARNING] transfer attempt 1/3 failed (stream not acknowledged: IrohError:  closed by peer: 0) — retrying
2026-10-06 09:53:38,226 [INFO] send 13933B via direct in 672ms (0.17 Mbit/s) to b49427e98c7aa8ae
2026-10-06 09:53:38,347 [INFO] [client-1] Round 20 done — loss=1.0617 acc=0.4231  901.5s
2026-10-06 09:53:38,354 [INFO] send 13933B via direct in 1718ms (0.07 Mbit/s) to 183a37a8d8214546
2026-10-06 09:53:38,356 [INFO] send 13933B via direct in 556ms (0.20 Mbit/s) to b49427e98c7aa8ae
2026-10-06 09:53:38,381 [INFO] [client-6] Round 19 done — loss=1.0118 acc=0.4997  902.5s
2026-10-06 09:53:38,382 [INFO] [client-6] Round 20 — receiving model…
2026-10-06 09:53:38,384 [INFO] send 13933B via direct in 386ms (0.29 Mbit/s) to b49427e98c7aa8ae
2026-10-06 09:53:38,415 [INFO] [client-5] Round 19 done — loss=0.9710 acc=0.5525  902.1s
2026-10-06 09:53:38,416 [INFO] [client-5] Round 20 — receiving model…
2026-10-06 09:53:38,417 [INFO] Round 19 — waiting for 10 updates…
2026-10-06 09:53:38,418 [INFO] recv 13933B via direct in 411ms
2026-10-06 09:53:38,420 [INFO] recv 13933B via direct in 481ms
2026-10-06 09:53:38,423 [INFO] recv 13933B via direct in 362ms
2026-10-06 09:53:38,425 [INFO] recv 13933B via direct in 361ms
2026-10-06 09:53:38,427 [INFO] recv 13933B via direct in 70ms
2026-10-06 09:53:38,429 [INFO] recv 13933B via direct in 256ms
2026-10-06 09:53:38,432 [INFO] recv 13933B via direct in 186ms
2026-10-06 09:53:38,810 [INFO] recv 13933B via direct in 456ms
2026-10-06 09:53:38,858 [INFO] send 13933B via direct in 767ms (0.15 Mbit/s) to b49427e98c7aa8ae
2026-10-06 09:53:38,937 [INFO] [client-4] Round 20 done — loss=1.0091 acc=0.4966  902.5s
2026-10-06 09:53:39,965 [INFO] recv 13933B via direct in 571ms
2026-10-06 09:53:39,972 [WARNING] Round 19 — discarding update from unselected/duplicate peer fc88a7e25d767c9b
2026-10-06 09:53:40,006 [INFO] send 13933B via direct in 2322ms (0.05 Mbit/s) to b49427e98c7aa8ae (attempt 2)
2026-10-06 09:53:40,051 [INFO] [client-3] Round 20 done — loss=1.0431 acc=0.4574  903.7s
2026-10-06 10:08:38,520 [WARNING] Round 19 — no update from ['client-0', 'client-9']
2026-10-06 10:08:38,576 [INFO] Round 19/20  acc=0.4617  loss=1.0683  901.9s  clients=8
2026-10-06 10:08:38,579 [INFO] Round 20 — sending model to 10 clients…
2026-10-06 10:08:38,866 [INFO] send 13933B via direct in 276ms (0.41 Mbit/s) to 4dda55b4a0f79b6c
2026-10-06 10:08:38,885 [INFO] send 13933B via direct in 290ms (0.38 Mbit/s) to 26cab545dcd462e2
2026-10-06 10:08:38,900 [INFO] recv 13933B via direct in 123ms
2026-10-06 10:08:38,906 [INFO] [client-6] Round 20 — training locally…
2026-10-06 10:08:39,079 [INFO] [client-6] Round 20 — sending update…
2026-10-06 10:08:39,082 [WARNING] transfer attempt 1/3 failed (stream not acknowledged: IrohError:  closed by peer: 0) — retrying
2026-10-06 10:08:39,083 [WARNING] transfer attempt 1/3 failed (stream not acknowledged: IrohError:  closed by peer: 0) — retrying
2026-10-06 10:08:39,085 [INFO] recv 13933B via direct in 313ms
2026-10-06 10:08:39,088 [INFO] [client-5] Round 20 — training locally…
2026-10-06 10:08:39,211 [INFO] [client-5] Round 20 — sending update…
2026-10-06 10:08:39,215 [INFO] send 13933B via direct in 500ms (0.22 Mbit/s) to f161a4001a3db221
2026-10-06 10:08:39,216 [INFO] send 13933B via direct in 489ms (0.23 Mbit/s) to 149310baf43a35c2
2026-10-06 10:08:39,217 [INFO] send 13933B via direct in 493ms (0.23 Mbit/s) to 276712717179e4f1
2026-10-06 10:08:39,218 [INFO] send 13933B via direct in 497ms (0.22 Mbit/s) to 183a37a8d8214546
2026-10-06 10:08:39,424 [INFO] send 13933B via direct in 343ms (0.33 Mbit/s) to b49427e98c7aa8ae
2026-10-06 10:08:39,463 [INFO] [client-6] Round 20 done — loss=1.0129 acc=0.4826  901.1s
2026-10-06 10:08:39,473 [INFO] send 13933B via direct in 883ms (0.13 Mbit/s) to a67372030e553ab9
2026-10-06 10:08:39,591 [INFO] send 13933B via direct in 377ms (0.30 Mbit/s) to b49427e98c7aa8ae
2026-10-06 10:08:39,657 [INFO] [client-5] Round 20 done — loss=0.9733 acc=0.5529  901.2s
2026-10-06 10:08:40,038 [INFO] send 13933B via direct in 1445ms (0.08 Mbit/s) to fc88a7e25d767c9b
2026-10-06 10:08:40,428 [WARNING] transfer attempt 2/3 failed (stream not acknowledged: IrohError:  closed by peer: 0) — retrying
2026-10-06 10:08:40,532 [INFO] send 13933B via direct in 1936ms (0.06 Mbit/s) to a14ac346d3cc8487 (attempt 2)
2026-10-06 10:08:41,975 [INFO] send 13933B via direct in 3382ms (0.03 Mbit/s) to 371c3c0ab573d68e (attempt 3)
2026-10-06 10:08:41,977 [INFO] Round 20 — waiting for 10 updates…
2026-10-06 10:08:41,980 [INFO] recv 13933B via direct in 149ms
2026-10-06 10:08:41,985 [INFO] recv 13933B via direct in 204ms
Terminated
