2026-10-06 19:01:28,535 [INFO] Iroh node started: e3dcc5fd24263f5b  addrs=['10.77.0.1:59955']
2026-10-06 19:01:29,160 [INFO] Iroh node started: 1b11c6e03156dce2  addrs=['10.77.0.1:54026']
2026-10-06 19:01:29,722 [INFO] send 100000B via direct in 556ms (1.44 Mbit/s) to 1b11c6e03156dce2
2026-10-06 19:01:29,725 [INFO] recv 100000B via direct in 324ms
2026-10-06 19:01:30,289 [INFO] send 100000B via direct in 562ms (1.42 Mbit/s) to 1b11c6e03156dce2
2026-10-06 19:01:30,295 [INFO] recv 100000B via direct in 412ms
2026-10-06 19:01:31,181 [INFO] send 100000B via direct in 877ms (0.91 Mbit/s) to 1b11c6e03156dce2
2026-10-06 19:01:31,183 [INFO] recv 100000B via direct in 759ms
2026-10-06 19:01:31,642 [INFO] send 100000B via direct in 454ms (1.76 Mbit/s) to 1b11c6e03156dce2
2026-10-06 19:01:31,666 [INFO] recv 100000B via direct in 321ms
2026-10-06 19:01:33,182 [INFO] send 100000B via direct in 1508ms (0.53 Mbit/s) to 1b11c6e03156dce2
2026-10-06 19:01:33,185 [INFO] recv 100000B via direct in 356ms
2026-10-06 19:01:34,018 [INFO] send 100000B via direct in 827ms (0.97 Mbit/s) to 1b11c6e03156dce2
2026-10-06 19:01:34,022 [INFO] recv 100000B via direct in 624ms
2026-10-06 19:01:34,776 [INFO] send 100000B via direct in 747ms (1.07 Mbit/s) to 1b11c6e03156dce2
2026-10-06 19:01:34,784 [INFO] recv 100000B via direct in 627ms
2026-10-06 19:01:35,250 [INFO] send 100000B via direct in 457ms (1.75 Mbit/s) to 1b11c6e03156dce2
2026-10-06 19:01:35,253 [INFO] recv 100000B via direct in 314ms
2026-10-06 19:01:35,717 [INFO] send 100000B via direct in 460ms (1.74 Mbit/s) to 1b11c6e03156dce2
2026-10-06 19:01:35,719 [INFO] recv 100000B via direct in 311ms
2026-10-06 19:01:36,165 [INFO] send 100000B via direct in 443ms (1.81 Mbit/s) to 1b11c6e03156dce2
2026-10-06 19:01:36,167 [INFO] recv 100000B via direct in 313ms
2026-10-06 19:01:38,285 [INFO] send 1000000B via direct in 2110ms (3.79 Mbit/s) to 1b11c6e03156dce2
2026-10-06 19:01:38,288 [INFO] recv 1000000B via direct in 1868ms
2026-10-06 19:01:40,435 [INFO] send 1000000B via direct in 2142ms (3.74 Mbit/s) to 1b11c6e03156dce2
2026-10-06 19:01:40,437 [INFO] recv 1000000B via direct in 1912ms
2026-10-06 19:01:42,546 [INFO] send 1000000B via direct in 2104ms (3.80 Mbit/s) to 1b11c6e03156dce2
2026-10-06 19:01:42,553 [INFO] recv 1000000B via direct in 1849ms
2026-10-06 19:01:44,658 [INFO] send 1000000B via direct in 2099ms (3.81 Mbit/s) to 1b11c6e03156dce2
2026-10-06 19:01:44,660 [INFO] recv 1000000B via direct in 1876ms
2026-10-06 19:01:46,776 [INFO] send 1000000B via direct in 2111ms (3.79 Mbit/s) to 1b11c6e03156dce2
2026-10-06 19:01:46,780 [INFO] recv 1000000B via direct in 1904ms
2026-10-06 19:01:48,934 [INFO] send 1000000B via direct in 2148ms (3.72 Mbit/s) to 1b11c6e03156dce2
2026-10-06 19:01:48,935 [INFO] recv 1000000B via direct in 1896ms
2026-10-06 19:01:52,126 [INFO] send 1000000B via direct in 3188ms (2.51 Mbit/s) to 1b11c6e03156dce2
2026-10-06 19:01:52,133 [INFO] recv 1000000B via direct in 1904ms
2026-10-06 19:01:54,244 [INFO] send 1000000B via direct in 2104ms (3.80 Mbit/s) to 1b11c6e03156dce2
2026-10-06 19:01:54,250 [INFO] recv 1000000B via direct in 1870ms
2026-10-06 19:01:56,459 [INFO] send 1000000B via direct in 2199ms (3.64 Mbit/s) to 1b11c6e03156dce2
2026-10-06 19:01:56,465 [INFO] recv 1000000B via direct in 1910ms
2026-10-06 19:02:02,327 [INFO] send 1000000B via direct in 5856ms (1.37 Mbit/s) to 1b11c6e03156dce2
2026-10-06 19:02:02,329 [INFO] recv 1000000B via direct in 4722ms
2026-10-06 19:02:28,276 [INFO] send 10000000B via direct in 25917ms (3.09 Mbit/s) to 1b11c6e03156dce2
2026-10-06 19:02:28,279 [INFO] recv 10000000B via direct in 24543ms
2026-10-06 19:02:54,872 [INFO] send 10000000B via direct in 26590ms (3.01 Mbit/s) to 1b11c6e03156dce2
2026-10-06 19:02:54,874 [INFO] recv 10000000B via direct in 25287ms
2026-10-06 19:03:24,834 [INFO] send 10000000B via direct in 29957ms (2.67 Mbit/s) to 1b11c6e03156dce2
2026-10-06 19:03:24,837 [INFO] recv 10000000B via direct in 28600ms
2026-10-06 19:03:57,653 [INFO] send 10000000B via direct in 32814ms (2.44 Mbit/s) to 1b11c6e03156dce2
2026-10-06 19:03:57,655 [INFO] recv 10000000B via direct in 29629ms
2026-10-06 19:04:22,642 [INFO] send 10000000B via direct in 24984ms (3.20 Mbit/s) to 1b11c6e03156dce2
2026-10-06 19:04:22,643 [INFO] recv 10000000B via direct in 23440ms
2026-10-06 19:04:50,380 [INFO] send 10000000B via direct in 27734ms (2.88 Mbit/s) to 1b11c6e03156dce2
2026-10-06 19:04:50,381 [INFO] recv 10000000B via direct in 26046ms
2026-10-06 19:05:16,929 [INFO] send 10000000B via direct in 26545ms (3.01 Mbit/s) to 1b11c6e03156dce2
2026-10-06 19:05:16,931 [INFO] recv 10000000B via direct in 23846ms
2026-10-06 19:05:43,520 [INFO] send 10000000B via direct in 26585ms (3.01 Mbit/s) to 1b11c6e03156dce2
2026-10-06 19:05:43,521 [INFO] recv 10000000B via direct in 25001ms
2026-10-06 19:06:20,874 [INFO] send 10000000B via direct in 37349ms (2.14 Mbit/s) to 1b11c6e03156dce2
2026-10-06 19:06:20,876 [INFO] recv 10000000B via direct in 35856ms
2026-10-06 19:06:56,076 [INFO] send 10000000B via direct in 35195ms (2.27 Mbit/s) to 1b11c6e03156dce2
2026-10-06 19:06:56,105 [INFO] recv 10000000B via direct in 33369ms
2026-10-06 19:07:48,175 [INFO] === E7 AirMLP + FedAvg — geographic ===
2026-10-06 19:07:48,831 [INFO] Air quality dataset loaded: 28514 train / 3561 test | 6 features | 3 classes
2026-10-06 19:07:48,837 [INFO] Geographic partition: 10 provinces  min=2305  max=2922  mean=2851
2026-10-06 19:07:49,006 [INFO] AirMLP class weights: [1.026976466178894, 1.0868686437606812, 0.904000997543335]
2026-10-06 19:07:49,722 [INFO] Iroh node started: 885410c638ce9c95  addrs=['10.77.0.1:44056']
2026-10-06 19:07:50,310 [INFO] CoAP server [server] listening on 0.0.0.0:5783
2026-10-06 19:07:50,311 [INFO] FLServer server started (mock=False)
2026-10-06 19:07:50,974 [INFO] Iroh node started: f58771d3edfe4728  addrs=['10.77.0.1:36063']
2026-10-06 19:07:50,987 [INFO] CoAP server [client-0] listening on 0.0.0.0:5784
2026-10-06 19:07:50,988 [INFO] FLClient client-0 started (mock=False)
2026-10-06 19:07:50,990 [INFO] Registered client client-0  iroh=f58771d3edfe4728
2026-10-06 19:07:51,673 [INFO] Iroh node started: 085f706fba66cbd6  addrs=['10.77.0.1:58547']
2026-10-06 19:07:51,690 [INFO] CoAP server [client-1] listening on 0.0.0.0:5785
2026-10-06 19:07:51,691 [INFO] FLClient client-1 started (mock=False)
2026-10-06 19:07:51,693 [INFO] Registered client client-1  iroh=085f706fba66cbd6
2026-10-06 19:07:52,363 [INFO] Iroh node started: 0a1307bb05ad9637  addrs=['10.77.0.1:57418']
2026-10-06 19:07:52,378 [INFO] CoAP server [client-2] listening on 0.0.0.0:5786
2026-10-06 19:07:52,379 [INFO] FLClient client-2 started (mock=False)
2026-10-06 19:07:52,380 [INFO] Registered client client-2  iroh=0a1307bb05ad9637
2026-10-06 19:07:53,052 [INFO] Iroh node started: 382c0a2d6b558ef7  addrs=['10.77.0.1:55862']
2026-10-06 19:07:53,058 [INFO] CoAP server [client-3] listening on 0.0.0.0:5787
2026-10-06 19:07:53,059 [INFO] FLClient client-3 started (mock=False)
2026-10-06 19:07:53,060 [INFO] Registered client client-3  iroh=382c0a2d6b558ef7
2026-10-06 19:07:53,728 [INFO] Iroh node started: 780551ed6b0c772c  addrs=['10.77.0.1:35412']
2026-10-06 19:07:53,740 [INFO] CoAP server [client-4] listening on 0.0.0.0:5788
2026-10-06 19:07:53,740 [INFO] FLClient client-4 started (mock=False)
2026-10-06 19:07:53,741 [INFO] Registered client client-4  iroh=780551ed6b0c772c
2026-10-06 19:07:54,396 [INFO] Iroh node started: 4770bada37bd1145  addrs=['10.77.0.1:40253']
2026-10-06 19:07:54,416 [INFO] CoAP server [client-5] listening on 0.0.0.0:5789
2026-10-06 19:07:54,418 [INFO] FLClient client-5 started (mock=False)
2026-10-06 19:07:54,420 [INFO] Registered client client-5  iroh=4770bada37bd1145
2026-10-06 19:07:55,096 [INFO] Iroh node started: ab37205a346d541a  addrs=['10.77.0.1:41092']
2026-10-06 19:07:55,117 [INFO] CoAP server [client-6] listening on 0.0.0.0:5790
2026-10-06 19:07:55,118 [INFO] FLClient client-6 started (mock=False)
2026-10-06 19:07:55,120 [INFO] Registered client client-6  iroh=ab37205a346d541a
2026-10-06 19:07:55,811 [INFO] Iroh node started: b49fd0334945c2bc  addrs=['10.77.0.1:47466']
2026-10-06 19:07:55,827 [INFO] CoAP server [client-7] listening on 0.0.0.0:5791
2026-10-06 19:07:55,828 [INFO] FLClient client-7 started (mock=False)
2026-10-06 19:07:55,829 [INFO] Registered client client-7  iroh=b49fd0334945c2bc
2026-10-06 19:07:56,528 [INFO] Iroh node started: 414506fa8e8b38a2  addrs=['10.77.0.1:38424']
2026-10-06 19:07:56,543 [INFO] CoAP server [client-8] listening on 0.0.0.0:5792
2026-10-06 19:07:56,544 [INFO] FLClient client-8 started (mock=False)
2026-10-06 19:07:56,545 [INFO] Registered client client-8  iroh=414506fa8e8b38a2
2026-10-06 19:07:57,220 [INFO] Iroh node started: 60dccf30a918c675  addrs=['10.77.0.1:49680']
2026-10-06 19:07:57,228 [INFO] CoAP server [client-9] listening on 0.0.0.0:5793
2026-10-06 19:07:57,230 [INFO] FLClient client-9 started (mock=False)
2026-10-06 19:07:57,231 [INFO] Registered client client-9  iroh=60dccf30a918c675
2026-10-06 19:07:57,235 [INFO] Round 1 — sending model to 10 clients…
2026-10-06 19:07:57,238 [INFO] [client-0] Round 1 — receiving model…
2026-10-06 19:07:57,240 [INFO] [client-1] Round 1 — receiving model…
2026-10-06 19:07:57,241 [INFO] [client-2] Round 1 — receiving model…
2026-10-06 19:07:57,243 [INFO] [client-3] Round 1 — receiving model…
2026-10-06 19:07:57,244 [INFO] [client-4] Round 1 — receiving model…
2026-10-06 19:07:57,246 [INFO] [client-5] Round 1 — receiving model…
2026-10-06 19:07:57,248 [INFO] [client-6] Round 1 — receiving model…
2026-10-06 19:07:57,250 [INFO] [client-7] Round 1 — receiving model…
2026-10-06 19:07:57,252 [INFO] [client-8] Round 1 — receiving model…
2026-10-06 19:07:57,253 [INFO] [client-9] Round 1 — receiving model…
2026-10-06 19:07:57,707 [INFO] recv 13933B via direct in 219ms
2026-10-06 19:07:57,729 [INFO] [client-4] Round 1 — training locally…
2026-10-06 19:08:42,390 [INFO] [client-4] Round 1 — sending update…
2026-10-06 19:08:42,394 [WARNING] _send_bytes connect attempt 1/3 failed (TimeoutError: ) — retrying in 5s
2026-10-06 19:08:42,395 [WARNING] _send_bytes connect attempt 1/3 failed (TimeoutError: ) — retrying in 5s
2026-10-06 19:08:42,405 [INFO] send 13933B via direct in 45025ms (0.00 Mbit/s) to 780551ed6b0c772c
2026-10-06 19:08:42,407 [INFO] send 13933B via direct in 45024ms (0.00 Mbit/s) to f58771d3edfe4728
2026-10-06 19:08:42,409 [INFO] send 13933B via direct in 45012ms (0.00 Mbit/s) to 4770bada37bd1145
2026-10-06 19:08:42,411 [INFO] send 13933B via direct in 45023ms (0.00 Mbit/s) to 0a1307bb05ad9637
2026-10-06 19:08:42,412 [INFO] send 13933B via direct in 45022ms (0.00 Mbit/s) to 414506fa8e8b38a2
2026-10-06 19:08:42,414 [INFO] send 13933B via direct in 45019ms (0.00 Mbit/s) to b49fd0334945c2bc
2026-10-06 19:08:42,415 [INFO] send 13933B via direct in 45017ms (0.00 Mbit/s) to 60dccf30a918c675
2026-10-06 19:08:42,417 [INFO] send 13933B via direct in 45012ms (0.00 Mbit/s) to ab37205a346d541a
2026-10-06 19:08:42,421 [INFO] recv 13933B via direct in 44892ms
2026-10-06 19:08:42,426 [INFO] [client-0] Round 1 — training locally…
2026-10-06 19:08:42,598 [INFO] [client-0] Round 1 — sending update…
2026-10-06 19:08:42,602 [INFO] recv 13933B via direct in 44867ms
2026-10-06 19:08:42,606 [INFO] [client-8] Round 1 — training locally…
2026-10-06 19:08:42,769 [INFO] [client-8] Round 1 — sending update…
2026-10-06 19:08:42,774 [INFO] recv 13933B via direct in 44860ms
2026-10-06 19:08:42,780 [INFO] [client-7] Round 1 — training locally…
2026-10-06 19:08:42,978 [INFO] [client-7] Round 1 — sending update…
2026-10-06 19:08:42,982 [INFO] recv 13933B via direct in 44889ms
2026-10-06 19:08:42,985 [INFO] [client-2] Round 1 — training locally…
2026-10-06 19:08:43,156 [INFO] [client-2] Round 1 — sending update…
2026-10-06 19:08:43,161 [INFO] recv 13933B via direct in 44859ms
2026-10-06 19:08:43,164 [INFO] [client-9] Round 1 — training locally…
2026-10-06 19:08:43,344 [INFO] [client-9] Round 1 — sending update…
2026-10-06 19:08:43,349 [INFO] recv 13933B via direct in 44854ms
2026-10-06 19:08:43,353 [INFO] [client-5] Round 1 — training locally…
2026-10-06 19:08:43,515 [INFO] [client-5] Round 1 — sending update…
2026-10-06 19:08:43,518 [INFO] recv 13933B via direct in 44848ms
2026-10-06 19:08:43,522 [INFO] [client-6] Round 1 — training locally…
2026-10-06 19:08:43,711 [INFO] [client-6] Round 1 — sending update…
2026-10-06 19:08:43,721 [WARNING] iroh accept/read error [b'fl-model/1']: IrohError: 
2026-10-06 19:08:43,724 [WARNING] iroh accept/read error [b'fl-model/1']: IrohError: 
2026-10-06 19:08:44,022 [INFO] send 13933B via direct in 505ms (0.22 Mbit/s) to 885410c638ce9c95
2026-10-06 19:08:44,076 [INFO] [client-5] Round 1 done — loss=1.0612 acc=0.4550  46.8s
2026-10-06 19:08:44,078 [INFO] [client-5] Round 2 — receiving model…
2026-10-06 19:08:44,083 [INFO] send 13933B via direct in 1686ms (0.07 Mbit/s) to 885410c638ce9c95
2026-10-06 19:08:44,119 [INFO] [client-4] Round 1 done — loss=1.0309 acc=0.4962  46.9s
2026-10-06 19:08:44,120 [INFO] [client-4] Round 2 — receiving model…
2026-10-06 19:08:44,122 [INFO] send 13933B via direct in 1478ms (0.08 Mbit/s) to 885410c638ce9c95
2026-10-06 19:08:44,153 [INFO] [client-0] Round 1 done — loss=1.0608 acc=0.4588  46.9s
2026-10-06 19:08:44,155 [INFO] [client-0] Round 2 — receiving model…
2026-10-06 19:08:44,156 [INFO] send 13933B via direct in 1307ms (0.09 Mbit/s) to 885410c638ce9c95
2026-10-06 19:08:44,182 [INFO] [client-8] Round 1 done — loss=0.8066 acc=0.6848  46.9s
2026-10-06 19:08:44,183 [INFO] [client-8] Round 2 — receiving model…
2026-10-06 19:08:44,184 [INFO] send 13933B via direct in 1099ms (0.10 Mbit/s) to 885410c638ce9c95
2026-10-06 19:08:44,216 [INFO] [client-7] Round 1 done — loss=1.0538 acc=0.4131  47.0s
2026-10-06 19:08:44,217 [INFO] [client-7] Round 2 — receiving model…
2026-10-06 19:08:44,218 [INFO] send 13933B via direct in 921ms (0.12 Mbit/s) to 885410c638ce9c95
2026-10-06 19:08:44,251 [INFO] [client-2] Round 1 done — loss=1.0402 acc=0.4488  47.0s
2026-10-06 19:08:44,251 [INFO] [client-2] Round 2 — receiving model…
2026-10-06 19:08:44,252 [INFO] send 13933B via direct in 733ms (0.15 Mbit/s) to 885410c638ce9c95
2026-10-06 19:08:44,284 [INFO] [client-9] Round 1 done — loss=1.0538 acc=0.4698  47.0s
2026-10-06 19:08:44,285 [INFO] [client-9] Round 2 — receiving model…
2026-10-06 19:08:44,289 [INFO] send 13933B via direct in 573ms (0.19 Mbit/s) to 885410c638ce9c95
2026-10-06 19:08:44,318 [INFO] [client-6] Round 1 done — loss=1.0514 acc=0.4462  47.1s
2026-10-06 19:08:44,320 [INFO] [client-6] Round 2 — receiving model…
2026-10-06 19:08:47,601 [INFO] recv 13933B via direct in 96ms
2026-10-06 19:08:47,605 [INFO] [client-3] Round 1 — training locally…
2026-10-06 19:08:47,849 [INFO] [client-3] Round 1 — sending update…
2026-10-06 19:08:47,853 [INFO] send 13933B via direct in 50468ms (0.00 Mbit/s) to 382c0a2d6b558ef7
2026-10-06 19:08:48,079 [INFO] send 13933B via direct in 228ms (0.49 Mbit/s) to 885410c638ce9c95
2026-10-06 19:08:48,124 [INFO] [client-3] Round 1 done — loss=1.0569 acc=0.4447  50.9s
2026-10-06 19:08:48,126 [INFO] [client-3] Round 2 — receiving model…
2026-10-06 19:08:48,634 [INFO] recv 13933B via direct in 136ms
2026-10-06 19:08:48,639 [INFO] [client-1] Round 1 — training locally…
2026-10-06 19:08:48,909 [INFO] [client-1] Round 1 — sending update…
2026-10-06 19:08:48,913 [INFO] send 13933B via direct in 51543ms (0.00 Mbit/s) to 085f706fba66cbd6
2026-10-06 19:08:48,915 [INFO] Round 1 — waiting for 10 updates…
2026-10-06 19:08:48,916 [INFO] recv 13933B via direct in 224ms
2026-10-06 19:08:48,922 [INFO] recv 13933B via direct in 233ms
2026-10-06 19:08:48,925 [INFO] recv 13933B via direct in 241ms
2026-10-06 19:08:48,928 [INFO] recv 13933B via direct in 249ms
2026-10-06 19:08:48,931 [INFO] recv 13933B via direct in 259ms
2026-10-06 19:08:48,934 [INFO] recv 13933B via direct in 265ms
2026-10-06 19:08:48,937 [INFO] recv 13933B via direct in 290ms
2026-10-06 19:08:48,940 [INFO] recv 13933B via direct in 138ms
2026-10-06 19:08:48,943 [INFO] recv 13933B via direct in 104ms
2026-10-06 19:08:49,112 [INFO] recv 13933B via direct in 79ms
2026-10-06 19:08:49,158 [INFO] Round 1/20  acc=0.3170  loss=1.1080  51.9s  clients=10
2026-10-06 19:08:49,160 [INFO] Round 2 — sending model to 10 clients…
2026-10-06 19:08:49,178 [INFO] send 13933B via direct in 265ms (0.42 Mbit/s) to 885410c638ce9c95
2026-10-06 19:08:49,210 [INFO] [client-1] Round 1 done — loss=1.0816 acc=0.3843  52.0s
2026-10-06 19:08:49,211 [INFO] [client-1] Round 2 — receiving model…
2026-10-06 19:08:49,522 [INFO] recv 13933B via direct in 251ms
2026-10-06 19:08:49,527 [INFO] [client-2] Round 2 — training locally…
2026-10-06 19:08:49,863 [INFO] [client-2] Round 2 — sending update…
2026-10-06 19:08:49,881 [INFO] send 13933B via direct in 703ms (0.16 Mbit/s) to 0a1307bb05ad9637
2026-10-06 19:08:49,883 [INFO] send 13933B via direct in 702ms (0.16 Mbit/s) to 382c0a2d6b558ef7
2026-10-06 19:08:49,884 [INFO] send 13933B via direct in 702ms (0.16 Mbit/s) to f58771d3edfe4728
2026-10-06 19:08:49,885 [INFO] send 13933B via direct in 702ms (0.16 Mbit/s) to 414506fa8e8b38a2
2026-10-06 19:08:49,887 [INFO] send 13933B via direct in 702ms (0.16 Mbit/s) to b49fd0334945c2bc
2026-10-06 19:08:49,889 [INFO] send 13933B via direct in 700ms (0.16 Mbit/s) to 780551ed6b0c772c
2026-10-06 19:08:49,890 [INFO] send 13933B via direct in 699ms (0.16 Mbit/s) to 085f706fba66cbd6
2026-10-06 19:08:49,892 [INFO] send 13933B via direct in 697ms (0.16 Mbit/s) to 4770bada37bd1145
2026-10-06 19:08:49,893 [INFO] send 13933B via direct in 699ms (0.16 Mbit/s) to 60dccf30a918c675
2026-10-06 19:08:49,895 [INFO] send 13933B via direct in 697ms (0.16 Mbit/s) to ab37205a346d541a
2026-10-06 19:08:49,898 [INFO] recv 13933B via direct in 587ms
2026-10-06 19:08:49,903 [INFO] [client-3] Round 2 — training locally…
2026-10-06 19:08:50,125 [INFO] [client-3] Round 2 — sending update…
2026-10-06 19:08:50,128 [INFO] recv 13933B via direct in 569ms
2026-10-06 19:08:50,131 [INFO] [client-0] Round 2 — training locally…
2026-10-06 19:08:50,291 [INFO] [client-0] Round 2 — sending update…
2026-10-06 19:08:50,294 [INFO] recv 13933B via direct in 565ms
2026-10-06 19:08:50,297 [INFO] [client-8] Round 2 — training locally…
2026-10-06 19:08:50,573 [INFO] [client-8] Round 2 — sending update…
2026-10-06 19:08:50,579 [INFO] recv 13933B via direct in 530ms
2026-10-06 19:08:50,584 [INFO] [client-7] Round 2 — training locally…
2026-10-06 19:08:50,867 [INFO] [client-7] Round 2 — sending update…
2026-10-06 19:08:50,871 [INFO] recv 13933B via direct in 512ms
2026-10-06 19:08:50,874 [INFO] [client-4] Round 2 — training locally…
2026-10-06 19:08:51,104 [INFO] [client-4] Round 2 — sending update…
2026-10-06 19:08:51,109 [INFO] recv 13933B via direct in 488ms
2026-10-06 19:08:51,112 [INFO] [client-9] Round 2 — training locally…
2026-10-06 19:08:51,358 [INFO] [client-9] Round 2 — sending update…
2026-10-06 19:08:51,362 [INFO] recv 13933B via direct in 485ms
2026-10-06 19:08:51,367 [INFO] [client-5] Round 2 — training locally…
2026-10-06 19:08:51,666 [INFO] [client-5] Round 2 — sending update…
2026-10-06 19:08:51,671 [INFO] recv 13933B via direct in 508ms
2026-10-06 19:08:51,678 [INFO] [client-1] Round 2 — training locally…
2026-10-06 19:08:51,941 [INFO] [client-1] Round 2 — sending update…
2026-10-06 19:08:51,944 [INFO] recv 13933B via direct in 464ms
2026-10-06 19:08:51,947 [INFO] [client-6] Round 2 — training locally…
2026-10-06 19:08:52,142 [INFO] [client-6] Round 2 — sending update…
2026-10-06 19:08:52,146 [INFO] Round 2 — waiting for 10 updates…
2026-10-06 19:08:52,416 [INFO] recv 13933B via direct in 264ms
2026-10-06 19:08:52,424 [INFO] recv 13933B via direct in 272ms
2026-10-06 19:08:52,433 [INFO] recv 13933B via direct in 280ms
2026-10-06 19:08:52,445 [INFO] recv 13933B via direct in 292ms
2026-10-06 19:08:52,454 [INFO] recv 13933B via direct in 301ms
2026-10-06 19:08:52,462 [INFO] recv 13933B via direct in 309ms
2026-10-06 19:08:52,476 [INFO] send 13933B via direct in 2610ms (0.04 Mbit/s) to 885410c638ce9c95
2026-10-06 19:08:52,512 [INFO] [client-2] Round 2 done — loss=1.0215 acc=0.4667  8.3s
2026-10-06 19:08:52,514 [INFO] [client-2] Round 3 — receiving model…
2026-10-06 19:08:52,516 [INFO] send 13933B via direct in 2348ms (0.05 Mbit/s) to 885410c638ce9c95
2026-10-06 19:08:52,559 [INFO] [client-3] Round 2 done — loss=1.0557 acc=0.4420  4.4s
2026-10-06 19:08:52,560 [INFO] [client-3] Round 3 — receiving model…
2026-10-06 19:08:52,565 [INFO] send 13933B via direct in 1938ms (0.06 Mbit/s) to 885410c638ce9c95
2026-10-06 19:08:52,601 [INFO] [client-8] Round 2 done — loss=0.7721 acc=0.7260  8.4s
2026-10-06 19:08:52,603 [INFO] [client-8] Round 3 — receiving model…
2026-10-06 19:08:52,605 [INFO] send 13933B via direct in 1408ms (0.08 Mbit/s) to 885410c638ce9c95
2026-10-06 19:08:52,643 [INFO] [client-4] Round 2 done — loss=1.0356 acc=0.4811  8.5s
2026-10-06 19:08:52,645 [INFO] [client-4] Round 3 — receiving model…
2026-10-06 19:08:52,647 [INFO] send 13933B via direct in 2268ms (0.05 Mbit/s) to 885410c638ce9c95
2026-10-06 19:08:52,698 [INFO] [client-0] Round 2 done — loss=1.0624 acc=0.4414  8.5s
2026-10-06 19:08:52,700 [INFO] [client-0] Round 3 — receiving model…
2026-10-06 19:08:52,702 [INFO] send 13933B via direct in 1201ms (0.09 Mbit/s) to 885410c638ce9c95
2026-10-06 19:08:52,745 [INFO] [client-9] Round 2 done — loss=1.0285 acc=0.5035  8.5s
2026-10-06 19:08:52,746 [INFO] [client-9] Round 3 — receiving model…
2026-10-06 19:08:52,750 [INFO] send 13933B via direct in 501ms (0.22 Mbit/s) to 885410c638ce9c95
2026-10-06 19:08:52,787 [INFO] [client-6] Round 2 done — loss=1.0318 acc=0.4715  8.5s
2026-10-06 19:08:52,788 [INFO] [client-6] Round 3 — receiving model…
2026-10-06 19:08:52,789 [INFO] recv 13933B via direct in 172ms
2026-10-06 19:08:52,795 [INFO] send 13933B via direct in 805ms (0.14 Mbit/s) to 885410c638ce9c95
2026-10-06 19:08:52,837 [INFO] [client-1] Round 2 done — loss=1.0673 acc=0.4080  3.6s
2026-10-06 19:08:52,839 [INFO] [client-1] Round 3 — receiving model…
2026-10-06 19:08:52,840 [INFO] send 13933B via direct in 1878ms (0.06 Mbit/s) to 885410c638ce9c95
2026-10-06 19:08:52,872 [INFO] [client-7] Round 2 done — loss=1.0397 acc=0.4447  8.7s
2026-10-06 19:08:52,873 [INFO] [client-7] Round 3 — receiving model…
2026-10-06 19:08:52,874 [INFO] send 13933B via direct in 1079ms (0.10 Mbit/s) to 885410c638ce9c95
2026-10-06 19:08:52,905 [INFO] [client-5] Round 2 done — loss=1.0232 acc=0.5182  8.8s
2026-10-06 19:08:52,906 [INFO] [client-5] Round 3 — receiving model…
2026-10-06 19:08:52,907 [INFO] recv 13933B via direct in 595ms
2026-10-06 19:08:52,911 [INFO] recv 13933B via direct in 641ms
2026-10-06 19:08:52,912 [INFO] recv 13933B via direct in 641ms
2026-10-06 19:08:52,943 [INFO] Round 2/20  acc=0.4094  loss=1.0835  3.8s  clients=10
2026-10-06 19:08:52,944 [INFO] Round 3 — sending model to 10 clients…
2026-10-06 19:08:53,318 [INFO] recv 13933B via direct in 246ms
2026-10-06 19:08:53,322 [INFO] [client-7] Round 3 — training locally…
2026-10-06 19:08:53,578 [INFO] [client-7] Round 3 — sending update…
2026-10-06 19:08:53,591 [INFO] send 13933B via direct in 633ms (0.18 Mbit/s) to b49fd0334945c2bc
2026-10-06 19:08:53,593 [INFO] send 13933B via direct in 630ms (0.18 Mbit/s) to 414506fa8e8b38a2
2026-10-06 19:08:53,595 [INFO] send 13933B via direct in 628ms (0.18 Mbit/s) to 4770bada37bd1145
2026-10-06 19:08:53,596 [INFO] send 13933B via direct in 628ms (0.18 Mbit/s) to 085f706fba66cbd6
2026-10-06 19:08:53,597 [INFO] send 13933B via direct in 627ms (0.18 Mbit/s) to 780551ed6b0c772c
2026-10-06 19:08:53,600 [INFO] send 13933B via direct in 627ms (0.18 Mbit/s) to 0a1307bb05ad9637
2026-10-06 19:08:53,601 [INFO] send 13933B via direct in 627ms (0.18 Mbit/s) to 382c0a2d6b558ef7
2026-10-06 19:08:53,604 [INFO] send 13933B via direct in 625ms (0.18 Mbit/s) to f58771d3edfe4728
2026-10-06 19:08:53,606 [INFO] send 13933B via direct in 625ms (0.18 Mbit/s) to ab37205a346d541a
2026-10-06 19:08:53,608 [INFO] recv 13933B via direct in 511ms
2026-10-06 19:08:53,611 [INFO] [client-8] Round 3 — training locally…
2026-10-06 19:08:53,802 [INFO] [client-8] Round 3 — sending update…
2026-10-06 19:08:53,806 [INFO] recv 13933B via direct in 507ms
2026-10-06 19:08:53,810 [INFO] [client-5] Round 3 — training locally…
2026-10-06 19:08:54,050 [INFO] [client-5] Round 3 — sending update…
2026-10-06 19:08:54,053 [INFO] recv 13933B via direct in 467ms
2026-10-06 19:08:54,059 [INFO] [client-4] Round 3 — training locally…
2026-10-06 19:08:54,262 [INFO] [client-4] Round 3 — sending update…
2026-10-06 19:08:54,266 [INFO] recv 13933B via direct in 465ms
2026-10-06 19:08:54,269 [INFO] [client-2] Round 3 — training locally…
2026-10-06 19:08:54,461 [INFO] [client-2] Round 3 — sending update…
2026-10-06 19:08:54,466 [INFO] recv 13933B via direct in 461ms
2026-10-06 19:08:54,469 [INFO] [client-3] Round 3 — training locally…
2026-10-06 19:08:54,739 [INFO] [client-3] Round 3 — sending update…
2026-10-06 19:08:54,743 [INFO] recv 13933B via direct in 457ms
2026-10-06 19:08:54,748 [INFO] [client-0] Round 3 — training locally…
2026-10-06 19:08:54,917 [INFO] [client-0] Round 3 — sending update…
2026-10-06 19:08:54,922 [INFO] recv 13933B via direct in 454ms
2026-10-06 19:08:54,927 [INFO] [client-6] Round 3 — training locally…
2026-10-06 19:08:55,112 [INFO] [client-6] Round 3 — sending update…
2026-10-06 19:08:55,116 [INFO] recv 13933B via direct in 490ms
2026-10-06 19:08:55,120 [INFO] [client-1] Round 3 — training locally…
2026-10-06 19:08:55,304 [INFO] [client-1] Round 3 — sending update…
2026-10-06 19:08:55,571 [INFO] recv 13933B via direct in 259ms
2026-10-06 19:08:55,574 [INFO] [client-9] Round 3 — training locally…
2026-10-06 19:08:55,825 [INFO] [client-9] Round 3 — sending update…
2026-10-06 19:08:55,841 [INFO] send 13933B via direct in 2250ms (0.05 Mbit/s) to 885410c638ce9c95
2026-10-06 19:08:55,881 [INFO] [client-7] Round 3 done — loss=1.0377 acc=0.4454  3.0s
2026-10-06 19:08:55,882 [INFO] [client-7] Round 4 — receiving model…
2026-10-06 19:08:55,883 [INFO] send 13933B via direct in 2873ms (0.04 Mbit/s) to 60dccf30a918c675
2026-10-06 19:08:55,885 [INFO] send 13933B via direct in 1779ms (0.06 Mbit/s) to 885410c638ce9c95
2026-10-06 19:08:55,920 [INFO] [client-5] Round 3 done — loss=1.0021 acc=0.5361  3.0s
2026-10-06 19:08:55,922 [INFO] [client-5] Round 4 — receiving model…
2026-10-06 19:08:55,923 [INFO] send 13933B via direct in 1567ms (0.07 Mbit/s) to 885410c638ce9c95
2026-10-06 19:08:55,958 [INFO] [client-4] Round 3 done — loss=1.0240 acc=0.4866  3.3s
2026-10-06 19:08:55,959 [INFO] [client-4] Round 4 — receiving model…
2026-10-06 19:08:55,960 [INFO] send 13933B via direct in 717ms (0.16 Mbit/s) to 885410c638ce9c95
2026-10-06 19:08:55,988 [INFO] [client-6] Round 3 done — loss=1.0201 acc=0.4760  3.2s
2026-10-06 19:08:55,989 [INFO] [client-6] Round 4 — receiving model…
2026-10-06 19:08:55,991 [INFO] send 13933B via direct in 1369ms (0.08 Mbit/s) to 885410c638ce9c95
2026-10-06 19:08:56,017 [INFO] [client-2] Round 3 done — loss=0.9935 acc=0.4873  3.5s
2026-10-06 19:08:56,018 [INFO] [client-2] Round 4 — receiving model…
2026-10-06 19:08:56,020 [INFO] send 13933B via direct in 1092ms (0.10 Mbit/s) to 885410c638ce9c95
2026-10-06 19:08:56,055 [INFO] [client-3] Round 3 done — loss=1.0493 acc=0.4547  3.5s
2026-10-06 19:08:56,056 [INFO] [client-3] Round 4 — receiving model…
2026-10-06 19:08:56,058 [INFO] send 13933B via direct in 914ms (0.12 Mbit/s) to 885410c638ce9c95
2026-10-06 19:08:56,104 [INFO] [client-0] Round 3 done — loss=1.0591 acc=0.4466  3.4s
2026-10-06 19:08:56,105 [INFO] [client-0] Round 4 — receiving model…
2026-10-06 19:08:56,107 [INFO] send 13933B via direct in 2031ms (0.06 Mbit/s) to 885410c638ce9c95
2026-10-06 19:08:56,142 [INFO] [client-8] Round 3 done — loss=0.7751 acc=0.7163  3.5s
2026-10-06 19:08:56,143 [INFO] [client-8] Round 4 — receiving model…
2026-10-06 19:08:56,144 [INFO] send 13933B via direct in 529ms (0.21 Mbit/s) to 885410c638ce9c95
2026-10-06 19:08:56,174 [INFO] [client-1] Round 3 done — loss=1.0641 acc=0.4131  3.3s
2026-10-06 19:08:56,175 [INFO] [client-1] Round 4 — receiving model…
2026-10-06 19:08:56,178 [INFO] Round 3 — waiting for 10 updates…
2026-10-06 19:08:56,179 [INFO] recv 13933B via direct in 238ms
2026-10-06 19:08:56,182 [INFO] recv 13933B via direct in 525ms
2026-10-06 19:08:56,184 [INFO] recv 13933B via direct in 526ms
2026-10-06 19:08:56,187 [INFO] recv 13933B via direct in 526ms
2026-10-06 19:08:56,190 [INFO] recv 13933B via direct in 527ms
2026-10-06 19:08:56,193 [INFO] recv 13933B via direct in 528ms
2026-10-06 19:08:56,195 [INFO] recv 13933B via direct in 528ms
2026-10-06 19:08:56,200 [INFO] recv 13933B via direct in 530ms
2026-10-06 19:08:56,207 [INFO] recv 13933B via direct in 637ms
2026-10-06 19:08:56,322 [INFO] recv 13933B via direct in 121ms
2026-10-06 19:08:56,365 [INFO] Round 3/20  acc=0.4165  loss=1.0823  3.4s  clients=10
2026-10-06 19:08:56,367 [INFO] Round 4 — sending model to 10 clients…
2026-10-06 19:08:56,384 [INFO] send 13933B via direct in 556ms (0.20 Mbit/s) to 885410c638ce9c95
2026-10-06 19:08:56,426 [INFO] [client-9] Round 3 done — loss=1.0206 acc=0.5162  3.7s
2026-10-06 19:08:56,428 [INFO] [client-9] Round 4 — receiving model…
2026-10-06 19:08:56,738 [INFO] recv 13933B via direct in 259ms
2026-10-06 19:08:56,741 [INFO] [client-7] Round 4 — training locally…
2026-10-06 19:08:56,973 [INFO] [client-7] Round 4 — sending update…
2026-10-06 19:08:56,985 [INFO] send 13933B via direct in 605ms (0.18 Mbit/s) to b49fd0334945c2bc
2026-10-06 19:08:56,987 [INFO] send 13933B via direct in 601ms (0.19 Mbit/s) to 4770bada37bd1145
2026-10-06 19:08:56,989 [INFO] send 13933B via direct in 600ms (0.19 Mbit/s) to 414506fa8e8b38a2
2026-10-06 19:08:56,991 [INFO] send 13933B via direct in 598ms (0.19 Mbit/s) to 382c0a2d6b558ef7
2026-10-06 19:08:56,992 [INFO] send 13933B via direct in 597ms (0.19 Mbit/s) to 60dccf30a918c675
2026-10-06 19:08:56,993 [INFO] send 13933B via direct in 597ms (0.19 Mbit/s) to ab37205a346d541a
2026-10-06 19:08:56,995 [INFO] send 13933B via direct in 596ms (0.19 Mbit/s) to 780551ed6b0c772c
2026-10-06 19:08:56,998 [INFO] send 13933B via direct in 604ms (0.19 Mbit/s) to 0a1307bb05ad9637
2026-10-06 19:08:57,000 [INFO] send 13933B via direct in 602ms (0.19 Mbit/s) to f58771d3edfe4728
2026-10-06 19:08:57,001 [INFO] recv 13933B via direct in 485ms
2026-10-06 19:08:57,005 [INFO] [client-2] Round 4 — training locally…
2026-10-06 19:08:57,211 [INFO] [client-2] Round 4 — sending update…
2026-10-06 19:08:57,215 [INFO] recv 13933B via direct in 465ms
2026-10-06 19:08:57,221 [INFO] [client-0] Round 4 — training locally…
2026-10-06 19:08:57,388 [INFO] [client-0] Round 4 — sending update…
2026-10-06 19:08:57,392 [INFO] recv 13933B via direct in 447ms
2026-10-06 19:08:57,397 [INFO] [client-5] Round 4 — training locally…
2026-10-06 19:08:57,716 [INFO] [client-5] Round 4 — sending update…
2026-10-06 19:08:57,721 [INFO] recv 13933B via direct in 443ms
2026-10-06 19:08:57,724 [INFO] [client-8] Round 4 — training locally…
2026-10-06 19:08:57,940 [INFO] [client-8] Round 4 — sending update…
2026-10-06 19:08:57,943 [INFO] recv 13933B via direct in 423ms
2026-10-06 19:08:57,946 [INFO] [client-3] Round 4 — training locally…
2026-10-06 19:08:58,148 [INFO] [client-3] Round 4 — sending update…
2026-10-06 19:08:58,153 [INFO] recv 13933B via direct in 403ms
2026-10-06 19:08:58,158 [INFO] [client-9] Round 4 — training locally…
2026-10-06 19:08:58,364 [INFO] [client-9] Round 4 — sending update…
2026-10-06 19:08:58,368 [INFO] recv 13933B via direct in 383ms
2026-10-06 19:08:58,372 [INFO] [client-6] Round 4 — training locally…
2026-10-06 19:08:58,612 [INFO] [client-6] Round 4 — sending update…
2026-10-06 19:08:58,616 [INFO] recv 13933B via direct in 379ms
2026-10-06 19:08:58,621 [INFO] [client-4] Round 4 — training locally…
2026-10-06 19:08:58,842 [INFO] [client-4] Round 4 — sending update…
2026-10-06 19:08:58,845 [INFO] recv 13933B via direct in 358ms
2026-10-06 19:08:58,848 [INFO] [client-1] Round 4 — training locally…
2026-10-06 19:08:59,044 [INFO] [client-1] Round 4 — sending update…
2026-10-06 19:08:59,048 [INFO] send 13933B via direct in 595ms (0.19 Mbit/s) to 085f706fba66cbd6
2026-10-06 19:08:59,052 [INFO] Round 4 — waiting for 10 updates…
2026-10-06 19:08:59,329 [INFO] recv 13933B via direct in 275ms
2026-10-06 19:08:59,354 [INFO] recv 13933B via direct in 300ms
2026-10-06 19:08:59,362 [INFO] recv 13933B via direct in 307ms
2026-10-06 19:08:59,370 [INFO] recv 13933B via direct in 316ms
2026-10-06 19:08:59,379 [INFO] recv 13933B via direct in 324ms
2026-10-06 19:08:59,387 [INFO] recv 13933B via direct in 332ms
2026-10-06 19:08:59,394 [INFO] recv 13933B via direct in 340ms
2026-10-06 19:08:59,400 [INFO] recv 13933B via direct in 346ms
2026-10-06 19:08:59,407 [INFO] recv 13933B via direct in 330ms
2026-10-06 19:08:59,417 [INFO] send 13933B via direct in 2442ms (0.05 Mbit/s) to 885410c638ce9c95
2026-10-06 19:08:59,588 [INFO] [client-7] Round 4 done — loss=1.0313 acc=0.4574  3.7s
2026-10-06 19:08:59,590 [INFO] [client-7] Round 5 — receiving model…
2026-10-06 19:08:59,598 [INFO] send 13933B via direct in 2378ms (0.05 Mbit/s) to 885410c638ce9c95
2026-10-06 19:08:59,636 [INFO] [client-2] Round 4 done — loss=0.9778 acc=0.5045  3.6s
2026-10-06 19:08:59,638 [INFO] [client-2] Round 5 — receiving model…
2026-10-06 19:08:59,640 [INFO] send 13933B via direct in 2201ms (0.05 Mbit/s) to 885410c638ce9c95
2026-10-06 19:08:59,683 [INFO] [client-0] Round 4 done — loss=1.0559 acc=0.4592  3.6s
2026-10-06 19:08:59,685 [INFO] [client-0] Round 5 — receiving model…
2026-10-06 19:08:59,688 [INFO] send 13933B via direct in 1872ms (0.06 Mbit/s) to 885410c638ce9c95
2026-10-06 19:08:59,722 [INFO] [client-5] Round 4 done — loss=0.9939 acc=0.5481  3.8s
2026-10-06 19:08:59,724 [INFO] [client-5] Round 5 — receiving model…
2026-10-06 19:08:59,726 [INFO] send 13933B via direct in 1440ms (0.08 Mbit/s) to 885410c638ce9c95
2026-10-06 19:08:59,779 [INFO] [client-3] Round 4 done — loss=1.0485 acc=0.4433  3.7s
2026-10-06 19:08:59,780 [INFO] [client-3] Round 5 — receiving model…
2026-10-06 19:08:59,782 [INFO] send 13933B via direct in 1225ms (0.09 Mbit/s) to 885410c638ce9c95
2026-10-06 19:08:59,825 [INFO] [client-9] Round 4 done — loss=1.0158 acc=0.5123  3.4s
2026-10-06 19:08:59,826 [INFO] [client-9] Round 5 — receiving model…
2026-10-06 19:08:59,828 [INFO] send 13933B via direct in 977ms (0.11 Mbit/s) to 885410c638ce9c95
2026-10-06 19:08:59,851 [INFO] [client-6] Round 4 done — loss=1.0182 acc=0.4792  3.9s
2026-10-06 19:08:59,853 [INFO] [client-6] Round 5 — receiving model…
2026-10-06 19:08:59,855 [INFO] send 13933B via direct in 1650ms (0.07 Mbit/s) to 885410c638ce9c95
2026-10-06 19:08:59,895 [INFO] [client-8] Round 4 done — loss=0.7688 acc=0.7174  3.8s
2026-10-06 19:08:59,897 [INFO] [client-8] Round 5 — receiving model…
2026-10-06 19:08:59,898 [INFO] send 13933B via direct in 749ms (0.15 Mbit/s) to 885410c638ce9c95
2026-10-06 19:08:59,933 [INFO] [client-4] Round 4 done — loss=1.0225 acc=0.4948  4.0s
2026-10-06 19:08:59,935 [INFO] [client-4] Round 5 — receiving model…
2026-10-06 19:08:59,936 [INFO] send 13933B via direct in 548ms (0.20 Mbit/s) to 885410c638ce9c95
2026-10-06 19:08:59,977 [INFO] [client-1] Round 4 done — loss=1.0623 acc=0.4155  3.8s
2026-10-06 19:08:59,978 [INFO] [client-1] Round 5 — receiving model…
2026-10-06 19:08:59,980 [INFO] recv 13933B via direct in 276ms
2026-10-06 19:09:00,020 [INFO] Round 4/20  acc=0.4440  loss=1.0700  3.7s  clients=10
2026-10-06 19:09:00,022 [INFO] Round 5 — sending model to 10 clients…
2026-10-06 19:09:00,403 [INFO] recv 13933B via direct in 269ms
2026-10-06 19:09:00,405 [INFO] [client-9] Round 5 — training locally…
2026-10-06 19:09:00,616 [INFO] [client-9] Round 5 — sending update…
2026-10-06 19:09:00,632 [INFO] send 13933B via direct in 596ms (0.19 Mbit/s) to 60dccf30a918c675
2026-10-06 19:09:00,633 [INFO] send 13933B via direct in 593ms (0.19 Mbit/s) to b49fd0334945c2bc
2026-10-06 19:09:00,635 [INFO] send 13933B via direct in 591ms (0.19 Mbit/s) to ab37205a346d541a
2026-10-06 19:09:00,637 [INFO] send 13933B via direct in 590ms (0.19 Mbit/s) to 780551ed6b0c772c
2026-10-06 19:09:00,638 [INFO] send 13933B via direct in 586ms (0.19 Mbit/s) to f58771d3edfe4728
2026-10-06 19:09:00,639 [INFO] send 13933B via direct in 585ms (0.19 Mbit/s) to 4770bada37bd1145
2026-10-06 19:09:00,640 [INFO] send 13933B via direct in 584ms (0.19 Mbit/s) to 0a1307bb05ad9637
2026-10-06 19:09:00,641 [INFO] send 13933B via direct in 591ms (0.19 Mbit/s) to 085f706fba66cbd6
2026-10-06 19:09:00,642 [INFO] recv 13933B via direct in 491ms
2026-10-06 19:09:00,645 [INFO] [client-7] Round 5 — training locally…
2026-10-06 19:09:00,887 [INFO] [client-7] Round 5 — sending update…
2026-10-06 19:09:00,891 [INFO] recv 13933B via direct in 451ms
2026-10-06 19:09:00,896 [INFO] [client-6] Round 5 — training locally…
2026-10-06 19:09:01,100 [INFO] [client-6] Round 5 — sending update…
2026-10-06 19:09:01,105 [INFO] recv 13933B via direct in 432ms
2026-10-06 19:09:01,110 [INFO] [client-4] Round 5 — training locally…
2026-10-06 19:09:01,316 [INFO] [client-4] Round 5 — sending update…
2026-10-06 19:09:01,320 [INFO] recv 13933B via direct in 411ms
2026-10-06 19:09:01,324 [INFO] [client-1] Round 5 — training locally…
2026-10-06 19:09:01,517 [INFO] [client-1] Round 5 — sending update…
2026-10-06 19:09:01,523 [INFO] recv 13933B via direct in 392ms
2026-10-06 19:09:01,528 [INFO] [client-8] Round 5 — training locally…
2026-10-06 19:09:01,880 [INFO] [client-8] Round 5 — sending update…
2026-10-06 19:09:01,885 [INFO] send 13933B via direct in 587ms (0.19 Mbit/s) to 414506fa8e8b38a2
2026-10-06 19:09:01,887 [INFO] recv 13933B via direct in 388ms
2026-10-06 19:09:01,891 [INFO] [client-0] Round 5 — training locally…
2026-10-06 19:09:02,055 [INFO] [client-0] Round 5 — sending update…
2026-10-06 19:09:02,058 [INFO] recv 13933B via direct in 368ms
2026-10-06 19:09:02,061 [INFO] [client-5] Round 5 — training locally…
2026-10-06 19:09:02,265 [INFO] [client-5] Round 5 — sending update…
2026-10-06 19:09:02,267 [INFO] recv 13933B via direct in 347ms
2026-10-06 19:09:02,271 [INFO] [client-2] Round 5 — training locally…
2026-10-06 19:09:02,458 [INFO] [client-2] Round 5 — sending update…
2026-10-06 19:09:02,478 [INFO] recv 13933B via direct in 1711ms
2026-10-06 19:09:02,482 [INFO] [client-3] Round 5 — training locally…
2026-10-06 19:09:02,725 [INFO] [client-3] Round 5 — sending update…
2026-10-06 19:09:02,731 [INFO] send 13933B via direct in 2432ms (0.05 Mbit/s) to 382c0a2d6b558ef7
2026-10-06 19:09:02,743 [INFO] Round 5 — waiting for 10 updates…
2026-10-06 19:09:02,752 [INFO] recv 13933B via direct in 285ms
2026-10-06 19:09:02,756 [INFO] recv 13933B via direct in 285ms
2026-10-06 19:09:02,760 [INFO] recv 13933B via direct in 285ms
2026-10-06 19:09:02,764 [INFO] recv 13933B via direct in 286ms
2026-10-06 19:09:02,768 [INFO] recv 13933B via direct in 286ms
2026-10-06 19:09:02,843 [WARNING] transfer attempt 1/3 failed (stream not acknowledged: IrohError:  closed by peer: 0) — retrying
2026-10-06 19:09:02,845 [WARNING] transfer attempt 1/3 failed (stream not acknowledged: IrohError:  closed by peer: 0) — retrying
2026-10-06 19:09:02,847 [WARNING] transfer attempt 1/3 failed (stream not acknowledged: IrohError:  closed by peer: 0) — retrying
2026-10-06 19:09:02,849 [WARNING] transfer attempt 1/3 failed (stream not acknowledged: IrohError:  closed by peer: 0) — retrying
2026-10-06 19:09:02,850 [WARNING] transfer attempt 1/3 failed (stream not acknowledged: IrohError:  closed by peer: 0) — retrying
2026-10-06 19:09:02,896 [INFO] recv 13933B via direct in 164ms
2026-10-06 19:09:02,916 [INFO] recv 13933B via direct in 185ms
2026-10-06 19:09:02,923 [INFO] recv 13933B via direct in 178ms
2026-10-06 19:09:02,931 [INFO] send 13933B via direct in 1047ms (0.11 Mbit/s) to 885410c638ce9c95
2026-10-06 19:09:02,961 [INFO] [client-8] Round 5 done — loss=0.7663 acc=0.7112  3.1s
2026-10-06 19:09:02,963 [INFO] [client-8] Round 6 — receiving model…
2026-10-06 19:09:02,966 [INFO] send 13933B via direct in 908ms (0.12 Mbit/s) to 885410c638ce9c95
2026-10-06 19:09:02,998 [INFO] [client-0] Round 5 done — loss=1.0594 acc=0.4544  3.3s
2026-10-06 19:09:03,000 [INFO] [client-0] Round 6 — receiving model…
2026-10-06 19:09:03,001 [INFO] send 13933B via direct in 504ms (0.22 Mbit/s) to 885410c638ce9c95
2026-10-06 19:09:03,041 [INFO] [client-2] Round 5 done — loss=0.9774 acc=0.5069  3.4s
2026-10-06 19:09:03,042 [INFO] [client-2] Round 6 — receiving model…
2026-10-06 19:09:03,045 [INFO] send 13933B via direct in 315ms (0.36 Mbit/s) to 885410c638ce9c95
2026-10-06 19:09:03,073 [INFO] [client-3] Round 5 done — loss=1.0462 acc=0.4492  3.3s
2026-10-06 19:09:03,074 [INFO] [client-3] Round 6 — receiving model…
2026-10-06 19:09:03,075 [INFO] recv 13933B via direct in 156ms
2026-10-06 19:09:03,527 [INFO] recv 13933B via direct in 151ms
2026-10-06 19:09:03,585 [INFO] Round 5/20  acc=0.4532  loss=1.0678  3.6s  clients=10
2026-10-06 19:09:03,588 [INFO] Round 6 — sending model to 10 clients…
2026-10-06 19:09:03,604 [INFO] send 13933B via direct in 1337ms (0.08 Mbit/s) to 885410c638ce9c95
2026-10-06 19:09:03,643 [INFO] [client-5] Round 5 done — loss=0.9862 acc=0.5440  3.9s
2026-10-06 19:09:03,644 [INFO] [client-5] Round 6 — receiving model…
2026-10-06 19:09:03,891 [INFO] recv 13933B via direct in 202ms
2026-10-06 19:09:03,893 [INFO] [client-5] Round 6 — training locally…
2026-10-06 19:09:04,102 [INFO] [client-5] Round 6 — sending update…
2026-10-06 19:09:04,129 [INFO] send 13933B via direct in 517ms (0.22 Mbit/s) to 4770bada37bd1145
2026-10-06 19:09:04,131 [INFO] send 13933B via direct in 518ms (0.22 Mbit/s) to 60dccf30a918c675
2026-10-06 19:09:04,133 [INFO] send 13933B via direct in 515ms (0.22 Mbit/s) to 414506fa8e8b38a2
2026-10-06 19:09:04,134 [INFO] send 13933B via direct in 513ms (0.22 Mbit/s) to ab37205a346d541a
2026-10-06 19:09:04,136 [INFO] send 13933B via direct in 511ms (0.22 Mbit/s) to b49fd0334945c2bc
2026-10-06 19:09:04,137 [INFO] send 13933B via direct in 511ms (0.22 Mbit/s) to 780551ed6b0c772c
2026-10-06 19:09:04,139 [INFO] recv 13933B via direct in 367ms
2026-10-06 19:09:04,142 [INFO] [client-8] Round 6 — training locally…
2026-10-06 19:09:04,332 [INFO] [client-8] Round 6 — sending update…
2026-10-06 19:09:04,341 [INFO] send 13933B via direct in 746ms (0.15 Mbit/s) to 085f706fba66cbd6
2026-10-06 19:09:04,360 [INFO] send 13933B via direct in 3740ms (0.03 Mbit/s) to 885410c638ce9c95 (attempt 2)
2026-10-06 19:09:04,396 [INFO] [client-9] Round 5 done — loss=1.0203 acc=0.5169  4.6s
2026-10-06 19:09:04,398 [INFO] [client-9] Round 6 — receiving model…
2026-10-06 19:09:04,400 [INFO] recv 13933B via direct in 406ms
2026-10-06 19:09:04,406 [INFO] [client-9] Round 6 — training locally…
2026-10-06 19:09:04,641 [INFO] [client-9] Round 6 — sending update…
2026-10-06 19:09:04,652 [INFO] send 13933B via direct in 3755ms (0.03 Mbit/s) to 885410c638ce9c95 (attempt 2)
2026-10-06 19:09:04,696 [INFO] [client-7] Round 5 done — loss=1.0327 acc=0.4485  5.1s
2026-10-06 19:09:04,697 [INFO] [client-7] Round 6 — receiving model…
2026-10-06 19:09:04,699 [INFO] recv 13933B via direct in 342ms
2026-10-06 19:09:04,703 [INFO] [client-7] Round 6 — training locally…
2026-10-06 19:09:04,935 [INFO] [client-7] Round 6 — sending update…
2026-10-06 19:09:04,940 [INFO] send 13933B via direct in 3541ms (0.03 Mbit/s) to 885410c638ce9c95 (attempt 2)
2026-10-06 19:09:04,965 [INFO] [client-6] Round 5 done — loss=1.0163 acc=0.4944  5.1s
2026-10-06 19:09:04,966 [INFO] [client-6] Round 6 — receiving model…
2026-10-06 19:09:04,967 [INFO] recv 13933B via direct in 347ms
2026-10-06 19:09:04,971 [INFO] [client-6] Round 6 — training locally…
2026-10-06 19:09:05,192 [INFO] [client-6] Round 6 — sending update…
2026-10-06 19:09:05,197 [INFO] send 13933B via direct in 3326ms (0.03 Mbit/s) to 885410c638ce9c95 (attempt 2)
2026-10-06 19:09:05,240 [INFO] [client-4] Round 5 done — loss=1.0244 acc=0.4876  5.3s
2026-10-06 19:09:05,242 [INFO] [client-4] Round 6 — receiving model…
2026-10-06 19:09:05,243 [INFO] recv 13933B via direct in 322ms
2026-10-06 19:09:05,250 [INFO] [client-4] Round 6 — training locally…
2026-10-06 19:09:05,516 [INFO] [client-4] Round 6 — sending update…
2026-10-06 19:09:05,522 [INFO] send 13933B via direct in 3124ms (0.04 Mbit/s) to 885410c638ce9c95 (attempt 2)
2026-10-06 19:09:05,565 [INFO] [client-1] Round 5 done — loss=1.0642 acc=0.4190  5.6s
2026-10-06 19:09:05,566 [INFO] [client-1] Round 6 — receiving model…
2026-10-06 19:09:05,569 [INFO] recv 13933B via direct in 398ms
2026-10-06 19:09:05,576 [INFO] [client-1] Round 6 — training locally…
2026-10-06 19:09:05,907 [INFO] [client-1] Round 6 — sending update…
2026-10-06 19:09:05,912 [INFO] send 13933B via direct in 542ms (0.21 Mbit/s) to 885410c638ce9c95
2026-10-06 19:09:05,974 [INFO] [client-5] Round 6 done — loss=0.9695 acc=0.5525  2.3s
2026-10-06 19:09:05,976 [INFO] [client-5] Round 7 — receiving model…
2026-10-06 19:09:06,008 [INFO] send 13933B via direct in 2380ms (0.05 Mbit/s) to f58771d3edfe4728
2026-10-06 19:09:06,010 [INFO] send 13933B via direct in 1646ms (0.07 Mbit/s) to 885410c638ce9c95
2026-10-06 19:09:06,048 [INFO] [client-8] Round 6 done — loss=0.7670 acc=0.7119  3.1s
2026-10-06 19:09:06,050 [INFO] [client-8] Round 7 — receiving model…
2026-10-06 19:09:06,055 [INFO] recv 13933B via direct in 71ms
2026-10-06 19:09:06,060 [INFO] [client-0] Round 6 — training locally…
2026-10-06 19:09:06,225 [INFO] [client-0] Round 6 — sending update…
2026-10-06 19:09:06,234 [INFO] recv 13933B via direct in 250ms
2026-10-06 19:09:06,239 [INFO] [client-2] Round 6 — training locally…
2026-10-06 19:09:06,510 [INFO] [client-2] Round 6 — sending update…
2026-10-06 19:09:06,528 [INFO] send 13933B via direct in 2918ms (0.04 Mbit/s) to 0a1307bb05ad9637
2026-10-06 19:09:06,529 [INFO] send 13933B via direct in 1873ms (0.06 Mbit/s) to 885410c638ce9c95
2026-10-06 19:09:06,588 [INFO] [client-9] Round 6 done — loss=1.0118 acc=0.5183  2.2s
2026-10-06 19:09:06,591 [INFO] [client-9] Round 7 — receiving model…
2026-10-06 19:09:06,593 [INFO] send 13933B via direct in 1578ms (0.07 Mbit/s) to 885410c638ce9c95
2026-10-06 19:09:06,661 [INFO] [client-7] Round 6 done — loss=1.0255 acc=0.4478  2.0s
2026-10-06 19:09:06,662 [INFO] [client-7] Round 7 — receiving model…
2026-10-06 19:09:06,664 [INFO] send 13933B via direct in 1323ms (0.08 Mbit/s) to 885410c638ce9c95
2026-10-06 19:09:06,732 [INFO] [client-6] Round 6 done — loss=1.0121 acc=0.4972  1.8s
2026-10-06 19:09:06,733 [INFO] [client-6] Round 7 — receiving model…
2026-10-06 19:09:06,735 [INFO] send 13933B via direct in 1000ms (0.11 Mbit/s) to 885410c638ce9c95
2026-10-06 19:09:06,768 [INFO] [client-4] Round 6 done — loss=1.0157 acc=0.4897  1.5s
2026-10-06 19:09:06,771 [INFO] [client-4] Round 7 — receiving model…
2026-10-06 19:09:06,773 [INFO] send 13933B via direct in 609ms (0.18 Mbit/s) to 885410c638ce9c95
2026-10-06 19:09:06,821 [INFO] [client-1] Round 6 done — loss=1.0618 acc=0.4169  1.3s
2026-10-06 19:09:06,822 [INFO] [client-1] Round 7 — receiving model…
2026-10-06 19:09:06,824 [INFO] send 13933B via direct in 2920ms (0.04 Mbit/s) to 382c0a2d6b558ef7
2026-10-06 19:09:06,826 [INFO] Round 6 — waiting for 10 updates…
2026-10-06 19:09:06,828 [INFO] recv 13933B via direct in 233ms
2026-10-06 19:09:06,831 [INFO] recv 13933B via direct in 233ms
2026-10-06 19:09:06,835 [INFO] recv 13933B via direct in 234ms
2026-10-06 19:09:06,839 [INFO] recv 13933B via direct in 234ms
2026-10-06 19:09:06,843 [INFO] recv 13933B via direct in 237ms
2026-10-06 19:09:06,847 [INFO] recv 13933B via direct in 1639ms
2026-10-06 19:09:06,850 [INFO] recv 13933B via direct in 1404ms
2026-10-06 19:09:06,854 [INFO] recv 13933B via direct in 250ms
2026-10-06 19:09:06,858 [WARNING] Round 6 — discarding update from unselected/duplicate peer 60dccf30a918c675
2026-10-06 19:09:06,859 [INFO] recv 13933B via direct in 250ms
2026-10-06 19:09:06,863 [WARNING] Round 6 — discarding update from unselected/duplicate peer b49fd0334945c2bc
2026-10-06 19:09:06,864 [INFO] recv 13933B via direct in 250ms
2026-10-06 19:09:06,870 [WARNING] Round 6 — discarding update from unselected/duplicate peer ab37205a346d541a
2026-10-06 19:09:06,871 [INFO] recv 13933B via direct in 540ms
2026-10-06 19:09:06,873 [WARNING] Round 6 — discarding update from unselected/duplicate peer 780551ed6b0c772c
2026-10-06 19:09:06,874 [INFO] recv 13933B via direct in 471ms
2026-10-06 19:09:06,878 [WARNING] Round 6 — discarding update from unselected/duplicate peer 085f706fba66cbd6
2026-10-06 19:09:06,880 [INFO] recv 13933B via direct in 542ms
2026-10-06 19:09:06,885 [INFO] [client-3] Round 6 — training locally…
2026-10-06 19:09:07,116 [INFO] [client-3] Round 6 — sending update…
2026-10-06 19:09:07,126 [INFO] send 13933B via direct in 896ms (0.12 Mbit/s) to 885410c638ce9c95
2026-10-06 19:09:07,157 [INFO] [client-0] Round 6 done — loss=1.0568 acc=0.4549  4.2s
2026-10-06 19:09:07,158 [INFO] [client-0] Round 7 — receiving model…
2026-10-06 19:09:07,161 [INFO] recv 13933B via direct in 603ms
2026-10-06 19:09:07,239 [INFO] recv 13933B via direct in 359ms
2026-10-06 19:09:07,269 [INFO] send 13933B via direct in 755ms (0.15 Mbit/s) to 885410c638ce9c95
2026-10-06 19:09:07,312 [INFO] [client-2] Round 6 done — loss=0.9725 acc=0.5175  4.3s
2026-10-06 19:09:07,314 [INFO] [client-2] Round 7 — receiving model…
2026-10-06 19:09:07,317 [INFO] recv 13933B via direct in 109ms
2026-10-06 19:09:07,365 [INFO] Round 6/20  acc=0.4530  loss=1.0666  3.8s  clients=10
2026-10-06 19:09:07,367 [INFO] Round 7 — sending model to 10 clients…
2026-10-06 19:09:07,389 [INFO] send 13933B via direct in 269ms (0.42 Mbit/s) to 885410c638ce9c95
2026-10-06 19:09:07,443 [INFO] [client-3] Round 6 done — loss=1.0447 acc=0.4554  4.4s
2026-10-06 19:09:07,444 [INFO] [client-3] Round 7 — receiving model…
2026-10-06 19:09:07,744 [INFO] recv 13933B via direct in 258ms
2026-10-06 19:09:07,747 [INFO] [client-5] Round 7 — training locally…
2026-10-06 19:09:08,145 [INFO] [client-5] Round 7 — sending update…
2026-10-06 19:09:08,162 [INFO] send 13933B via direct in 778ms (0.14 Mbit/s) to 4770bada37bd1145
2026-10-06 19:09:08,163 [INFO] send 13933B via direct in 776ms (0.14 Mbit/s) to 60dccf30a918c675
2026-10-06 19:09:08,164 [INFO] send 13933B via direct in 774ms (0.14 Mbit/s) to 414506fa8e8b38a2
2026-10-06 19:09:08,166 [INFO] send 13933B via direct in 773ms (0.14 Mbit/s) to 0a1307bb05ad9637
2026-10-06 19:09:08,168 [INFO] send 13933B via direct in 772ms (0.14 Mbit/s) to 780551ed6b0c772c
2026-10-06 19:09:08,169 [INFO] send 13933B via direct in 772ms (0.14 Mbit/s) to ab37205a346d541a
2026-10-06 19:09:08,170 [INFO] send 13933B via direct in 772ms (0.14 Mbit/s) to 085f706fba66cbd6
2026-10-06 19:09:08,171 [INFO] send 13933B via direct in 771ms (0.14 Mbit/s) to b49fd0334945c2bc
2026-10-06 19:09:08,173 [INFO] send 13933B via direct in 769ms (0.15 Mbit/s) to f58771d3edfe4728
2026-10-06 19:09:08,174 [INFO] send 13933B via direct in 768ms (0.15 Mbit/s) to 382c0a2d6b558ef7
2026-10-06 19:09:08,178 [INFO] recv 13933B via direct in 661ms
2026-10-06 19:09:08,182 [INFO] [client-9] Round 7 — training locally…
2026-10-06 19:09:08,481 [INFO] [client-9] Round 7 — sending update…
2026-10-06 19:09:08,490 [INFO] recv 13933B via direct in 657ms
2026-10-06 19:09:08,496 [INFO] [client-8] Round 7 — training locally…
2026-10-06 19:09:08,875 [INFO] [client-8] Round 7 — sending update…
2026-10-06 19:09:08,879 [INFO] recv 13933B via direct in 636ms
2026-10-06 19:09:08,885 [INFO] [client-2] Round 7 — training locally…
2026-10-06 19:09:09,164 [INFO] [client-2] Round 7 — sending update…
2026-10-06 19:09:09,168 [INFO] recv 13933B via direct in 617ms
2026-10-06 19:09:09,173 [INFO] [client-4] Round 7 — training locally…
2026-10-06 19:09:09,406 [INFO] [client-4] Round 7 — sending update…
2026-10-06 19:09:09,410 [INFO] recv 13933B via direct in 612ms
2026-10-06 19:09:09,415 [INFO] [client-6] Round 7 — training locally…
2026-10-06 19:09:09,745 [INFO] [client-6] Round 7 — sending update…
2026-10-06 19:09:09,749 [INFO] recv 13933B via direct in 609ms
2026-10-06 19:09:09,755 [INFO] [client-1] Round 7 — training locally…
2026-10-06 19:09:10,065 [INFO] [client-1] Round 7 — sending update…
2026-10-06 19:09:10,069 [INFO] recv 13933B via direct in 571ms
2026-10-06 19:09:10,076 [INFO] [client-7] Round 7 — training locally…
2026-10-06 19:09:10,357 [INFO] [client-7] Round 7 — sending update…
2026-10-06 19:09:10,361 [INFO] recv 13933B via direct in 568ms
2026-10-06 19:09:10,365 [INFO] [client-0] Round 7 — training locally…
2026-10-06 19:09:10,535 [INFO] [client-0] Round 7 — sending update…
2026-10-06 19:09:10,539 [INFO] recv 13933B via direct in 549ms
2026-10-06 19:09:10,543 [INFO] [client-3] Round 7 — training locally…
2026-10-06 19:09:10,801 [INFO] [client-3] Round 7 — sending update…
2026-10-06 19:09:10,804 [INFO] Round 7 — waiting for 10 updates…
2026-10-06 19:09:11,057 [INFO] recv 13933B via direct in 247ms
2026-10-06 19:09:11,065 [INFO] recv 13933B via direct in 255ms
2026-10-06 19:09:11,073 [INFO] recv 13933B via direct in 263ms
2026-10-06 19:09:11,081 [INFO] recv 13933B via direct in 272ms
2026-10-06 19:09:11,093 [INFO] recv 13933B via direct in 283ms
2026-10-06 19:09:11,114 [INFO] recv 13933B via direct in 305ms
2026-10-06 19:09:11,122 [INFO] recv 13933B via direct in 312ms
2026-10-06 19:09:11,128 [INFO] recv 13933B via direct in 318ms
2026-10-06 19:09:11,134 [INFO] send 13933B via direct in 2985ms (0.04 Mbit/s) to 885410c638ce9c95
2026-10-06 19:09:11,165 [INFO] [client-5] Round 7 done — loss=0.9764 acc=0.5477  5.2s
2026-10-06 19:09:11,166 [INFO] [client-5] Round 8 — receiving model…
2026-10-06 19:09:11,171 [INFO] send 13933B via direct in 2647ms (0.04 Mbit/s) to 885410c638ce9c95
2026-10-06 19:09:11,214 [INFO] [client-9] Round 7 done — loss=1.0110 acc=0.5263  4.6s
2026-10-06 19:09:11,216 [INFO] [client-9] Round 8 — receiving model…
2026-10-06 19:09:11,222 [INFO] send 13933B via direct in 2338ms (0.05 Mbit/s) to 885410c638ce9c95
2026-10-06 19:09:11,276 [INFO] [client-8] Round 7 done — loss=0.7688 acc=0.7136  5.2s
2026-10-06 19:09:11,279 [INFO] [client-8] Round 8 — receiving model…
2026-10-06 19:09:11,280 [INFO] send 13933B via direct in 2050ms (0.05 Mbit/s) to 885410c638ce9c95
2026-10-06 19:09:11,344 [INFO] [client-2] Round 7 done — loss=0.9783 acc=0.5141  4.0s
2026-10-06 19:09:11,345 [INFO] [client-2] Round 8 — receiving model…
2026-10-06 19:09:11,347 [INFO] send 13933B via direct in 1809ms (0.06 Mbit/s) to 885410c638ce9c95
2026-10-06 19:09:11,398 [INFO] [client-4] Round 7 done — loss=1.0199 acc=0.4904  4.6s
2026-10-06 19:09:11,399 [INFO] [client-4] Round 8 — receiving model…
2026-10-06 19:09:11,400 [INFO] send 13933B via direct in 1469ms (0.08 Mbit/s) to 885410c638ce9c95
2026-10-06 19:09:11,465 [INFO] [client-6] Round 7 done — loss=1.0178 acc=0.4865  4.7s
2026-10-06 19:09:11,466 [INFO] [client-6] Round 8 — receiving model…
2026-10-06 19:09:11,469 [INFO] send 13933B via direct in 858ms (0.13 Mbit/s) to 885410c638ce9c95
2026-10-06 19:09:11,528 [INFO] [client-7] Round 7 done — loss=1.0271 acc=0.4475  4.9s
2026-10-06 19:09:11,530 [INFO] [client-7] Round 8 — receiving model…
2026-10-06 19:09:11,531 [INFO] send 13933B via direct in 681ms (0.16 Mbit/s) to 885410c638ce9c95
2026-10-06 19:09:11,585 [INFO] [client-0] Round 7 done — loss=1.0521 acc=0.4596  4.4s
2026-10-06 19:09:11,587 [INFO] [client-0] Round 8 — receiving model…
2026-10-06 19:09:11,596 [INFO] send 13933B via direct in 664ms (0.17 Mbit/s) to 885410c638ce9c95
2026-10-06 19:09:11,652 [INFO] [client-3] Round 7 done — loss=1.0395 acc=0.4523  4.2s
2026-10-06 19:09:11,654 [INFO] [client-3] Round 8 — receiving model…
2026-10-06 19:09:11,659 [INFO] recv 13933B via direct in 558ms
2026-10-06 19:09:11,701 [INFO] recv 13933B via direct in 479ms
2026-10-06 19:09:11,767 [INFO] Round 7/20  acc=0.4580  loss=1.0687  4.4s  clients=10
2026-10-06 19:09:11,770 [INFO] Round 8 — sending model to 10 clients…
2026-10-06 19:09:11,792 [INFO] send 13933B via direct in 1723ms (0.06 Mbit/s) to 885410c638ce9c95
2026-10-06 19:09:11,844 [INFO] [client-1] Round 7 done — loss=1.0622 acc=0.4179  5.0s
2026-10-06 19:09:11,845 [INFO] [client-1] Round 8 — receiving model…
2026-10-06 19:09:12,144 [INFO] recv 13933B via direct in 254ms
2026-10-06 19:09:12,149 [INFO] [client-6] Round 8 — training locally…
2026-10-06 19:09:12,416 [INFO] [client-6] Round 8 — sending update…
2026-10-06 19:09:12,435 [INFO] send 13933B via direct in 650ms (0.17 Mbit/s) to ab37205a346d541a
2026-10-06 19:09:12,438 [INFO] send 13933B via direct in 648ms (0.17 Mbit/s) to 414506fa8e8b38a2
2026-10-06 19:09:12,440 [INFO] send 13933B via direct in 646ms (0.17 Mbit/s) to 382c0a2d6b558ef7
2026-10-06 19:09:12,442 [INFO] send 13933B via direct in 644ms (0.17 Mbit/s) to 085f706fba66cbd6
2026-10-06 19:09:12,443 [INFO] send 13933B via direct in 643ms (0.17 Mbit/s) to 780551ed6b0c772c
2026-10-06 19:09:12,444 [INFO] send 13933B via direct in 637ms (0.18 Mbit/s) to 4770bada37bd1145
2026-10-06 19:09:12,446 [INFO] send 13933B via direct in 643ms (0.17 Mbit/s) to f58771d3edfe4728
2026-10-06 19:09:12,448 [INFO] send 13933B via direct in 641ms (0.17 Mbit/s) to 0a1307bb05ad9637
2026-10-06 19:09:12,449 [INFO] send 13933B via direct in 638ms (0.18 Mbit/s) to b49fd0334945c2bc
2026-10-06 19:09:12,451 [INFO] send 13933B via direct in 647ms (0.17 Mbit/s) to 60dccf30a918c675
2026-10-06 19:09:12,453 [INFO] recv 13933B via direct in 527ms
2026-10-06 19:09:12,457 [INFO] [client-8] Round 8 — training locally…
2026-10-06 19:09:12,863 [INFO] [client-8] Round 8 — sending update…
2026-10-06 19:09:12,868 [INFO] recv 13933B via direct in 523ms
2026-10-06 19:09:12,874 [INFO] [client-9] Round 8 — training locally…
2026-10-06 19:09:13,091 [INFO] [client-9] Round 8 — sending update…
2026-10-06 19:09:13,094 [INFO] recv 13933B via direct in 488ms
2026-10-06 19:09:13,100 [INFO] [client-3] Round 8 — training locally…
2026-10-06 19:09:13,309 [INFO] [client-3] Round 8 — sending update…
2026-10-06 19:09:13,313 [INFO] recv 13933B via direct in 483ms
2026-10-06 19:09:13,316 [INFO] [client-1] Round 8 — training locally…
2026-10-06 19:09:13,595 [INFO] [client-1] Round 8 — sending update…
2026-10-06 19:09:13,599 [INFO] recv 13933B via direct in 463ms
2026-10-06 19:09:13,604 [INFO] [client-4] Round 8 — training locally…
2026-10-06 19:09:14,109 [INFO] [client-4] Round 8 — sending update…
2026-10-06 19:09:14,112 [INFO] recv 13933B via direct in 429ms
2026-10-06 19:09:14,115 [INFO] [client-0] Round 8 — training locally…
2026-10-06 19:09:14,361 [INFO] [client-0] Round 8 — sending update…
2026-10-06 19:09:14,365 [INFO] recv 13933B via direct in 425ms
2026-10-06 19:09:14,370 [INFO] [client-2] Round 8 — training locally…
2026-10-06 19:09:14,678 [INFO] [client-2] Round 8 — sending update…
2026-10-06 19:09:14,684 [INFO] recv 13933B via direct in 421ms
2026-10-06 19:09:14,689 [INFO] [client-5] Round 8 — training locally…
2026-10-06 19:09:15,095 [INFO] [client-5] Round 8 — sending update…
2026-10-06 19:09:15,102 [INFO] recv 13933B via direct in 417ms
2026-10-06 19:09:15,105 [INFO] [client-7] Round 8 — training locally…
2026-10-06 19:09:15,449 [INFO] [client-7] Round 8 — sending update…
2026-10-06 19:09:15,455 [INFO] Round 8 — waiting for 10 updates…
2026-10-06 19:09:15,724 [INFO] recv 13933B via direct in 262ms
2026-10-06 19:09:15,730 [INFO] recv 13933B via direct in 268ms
2026-10-06 19:09:15,746 [INFO] recv 13933B via direct in 284ms
2026-10-06 19:09:15,755 [INFO] recv 13933B via direct in 292ms
2026-10-06 19:09:15,762 [INFO] recv 13933B via direct in 298ms
2026-10-06 19:09:15,771 [INFO] recv 13933B via direct in 307ms
2026-10-06 19:09:15,776 [INFO] recv 13933B via direct in 312ms
2026-10-06 19:09:15,784 [INFO] recv 13933B via direct in 320ms
2026-10-06 19:09:15,807 [INFO] recv 13933B via direct in 343ms
2026-10-06 19:09:15,816 [INFO] send 13933B via direct in 3391ms (0.03 Mbit/s) to 885410c638ce9c95
2026-10-06 19:09:15,884 [INFO] [client-6] Round 8 done — loss=1.0142 acc=0.4924  4.4s
2026-10-06 19:09:15,885 [INFO] [client-6] Round 9 — receiving model…
2026-10-06 19:09:15,889 [INFO] send 13933B via direct in 2720ms (0.04 Mbit/s) to 885410c638ce9c95
2026-10-06 19:09:16,000 [INFO] [client-9] Round 8 done — loss=1.0133 acc=0.5288  4.8s
2026-10-06 19:09:16,008 [INFO] [client-9] Round 9 — receiving model…
2026-10-06 19:09:16,016 [INFO] send 13933B via direct in 3020ms (0.04 Mbit/s) to 885410c638ce9c95
2026-10-06 19:09:16,146 [INFO] [client-8] Round 8 done — loss=0.7651 acc=0.7105  4.9s
2026-10-06 19:09:16,157 [INFO] [client-8] Round 9 — receiving model…
2026-10-06 19:09:16,161 [INFO] send 13933B via direct in 2577ms (0.04 Mbit/s) to 885410c638ce9c95
2026-10-06 19:09:16,312 [INFO] [client-3] Round 8 done — loss=1.0444 acc=0.4499  4.7s
2026-10-06 19:09:16,313 [INFO] [client-3] Round 9 — receiving model…
2026-10-06 19:09:16,316 [INFO] send 13933B via direct in 1899ms (0.06 Mbit/s) to 885410c638ce9c95
2026-10-06 19:09:16,426 [INFO] [client-4] Round 8 done — loss=1.0148 acc=0.4890  5.0s
2026-10-06 19:09:16,440 [INFO] [client-4] Round 9 — receiving model…
2026-10-06 19:09:16,443 [INFO] send 13933B via direct in 2412ms (0.05 Mbit/s) to 885410c638ce9c95
2026-10-06 19:09:16,539 [INFO] [client-1] Round 8 done — loss=1.0626 acc=0.4162  4.7s
2026-10-06 19:09:16,541 [INFO] [client-1] Round 9 — receiving model…
2026-10-06 19:09:16,542 [INFO] send 13933B via direct in 1647ms (0.07 Mbit/s) to 885410c638ce9c95
2026-10-06 19:09:16,614 [INFO] [client-0] Round 8 done — loss=1.0509 acc=0.4583  5.0s
2026-10-06 19:09:16,617 [INFO] [client-0] Round 9 — receiving model…
2026-10-06 19:09:16,620 [INFO] send 13933B via direct in 1329ms (0.08 Mbit/s) to 885410c638ce9c95
2026-10-06 19:09:16,697 [INFO] [client-2] Round 8 done — loss=0.9657 acc=0.5216  5.4s
2026-10-06 19:09:16,699 [INFO] [client-2] Round 9 — receiving model…
2026-10-06 19:09:16,702 [INFO] send 13933B via direct in 912ms (0.12 Mbit/s) to 885410c638ce9c95
2026-10-06 19:09:16,776 [INFO] [client-5] Round 8 done — loss=0.9788 acc=0.5440  5.6s
2026-10-06 19:09:16,778 [INFO] [client-5] Round 9 — receiving model…
2026-10-06 19:09:16,781 [INFO] send 13933B via direct in 861ms (0.13 Mbit/s) to 885410c638ce9c95
2026-10-06 19:09:16,847 [INFO] [client-7] Round 8 done — loss=1.0312 acc=0.4471  5.3s
2026-10-06 19:09:16,848 [INFO] [client-7] Round 9 — receiving model…
2026-10-06 19:09:16,850 [INFO] recv 13933B via direct in 303ms
2026-10-06 19:09:16,927 [INFO] Round 8/20  acc=0.4566  loss=1.0693  5.2s  clients=10
2026-10-06 19:09:16,930 [INFO] Round 9 — sending model to 10 clients…
2026-10-06 19:09:17,317 [INFO] recv 13933B via direct in 262ms
2026-10-06 19:09:17,325 [INFO] [client-8] Round 9 — training locally…
2026-10-06 19:09:18,052 [INFO] [client-8] Round 9 — sending update…
2026-10-06 19:09:18,069 [INFO] send 13933B via direct in 1123ms (0.10 Mbit/s) to 414506fa8e8b38a2
2026-10-06 19:09:18,073 [INFO] send 13933B via direct in 1120ms (0.10 Mbit/s) to b49fd0334945c2bc
2026-10-06 19:09:18,078 [INFO] send 13933B via direct in 1115ms (0.10 Mbit/s) to ab37205a346d541a
2026-10-06 19:09:18,081 [INFO] send 13933B via direct in 1112ms (0.10 Mbit/s) to 780551ed6b0c772c
2026-10-06 19:09:18,082 [INFO] send 13933B via direct in 1109ms (0.10 Mbit/s) to 0a1307bb05ad9637
2026-10-06 19:09:18,086 [INFO] send 13933B via direct in 1106ms (0.10 Mbit/s) to 382c0a2d6b558ef7
2026-10-06 19:09:18,088 [INFO] send 13933B via direct in 1104ms (0.10 Mbit/s) to 4770bada37bd1145
2026-10-06 19:09:18,090 [INFO] send 13933B via direct in 1097ms (0.10 Mbit/s) to 085f706fba66cbd6
2026-10-06 19:09:18,092 [INFO] send 13933B via direct in 1101ms (0.10 Mbit/s) to 60dccf30a918c675
2026-10-06 19:09:18,096 [INFO] send 13933B via direct in 1111ms (0.10 Mbit/s) to f58771d3edfe4728
2026-10-06 19:09:18,098 [INFO] recv 13933B via direct in 990ms
2026-10-06 19:09:18,101 [INFO] [client-7] Round 9 — training locally…
2026-10-06 19:09:18,374 [INFO] [client-7] Round 9 — sending update…
2026-10-06 19:09:18,379 [INFO] recv 13933B via direct in 988ms
2026-10-06 19:09:18,383 [INFO] [client-6] Round 9 — training locally…
2026-10-06 19:09:18,777 [INFO] [client-6] Round 9 — sending update…
2026-10-06 19:09:18,781 [INFO] recv 13933B via direct in 967ms
2026-10-06 19:09:18,787 [INFO] [client-4] Round 9 — training locally…
2026-10-06 19:09:19,072 [INFO] [client-4] Round 9 — sending update…
2026-10-06 19:09:19,076 [INFO] recv 13933B via direct in 963ms
2026-10-06 19:09:19,082 [INFO] [client-0] Round 9 — training locally…
2026-10-06 19:09:19,277 [INFO] [client-0] Round 9 — sending update…
2026-10-06 19:09:19,281 [INFO] recv 13933B via direct in 943ms
2026-10-06 19:09:19,285 [INFO] [client-2] Round 9 — training locally…
2026-10-06 19:09:19,703 [INFO] [client-2] Round 9 — sending update…
2026-10-06 19:09:19,707 [INFO] recv 13933B via direct in 887ms
2026-10-06 19:09:19,718 [INFO] [client-5] Round 9 — training locally…
2026-10-06 19:09:20,041 [INFO] [client-5] Round 9 — sending update…
2026-10-06 19:09:20,046 [INFO] recv 13933B via direct in 941ms
2026-10-06 19:09:20,051 [INFO] [client-3] Round 9 — training locally…
2026-10-06 19:09:20,266 [INFO] [client-3] Round 9 — sending update…
2026-10-06 19:09:20,270 [INFO] recv 13933B via direct in 869ms
2026-10-06 19:09:20,275 [INFO] [client-9] Round 9 — training locally…
2026-10-06 19:09:20,518 [INFO] [client-9] Round 9 — sending update…
2026-10-06 19:09:20,523 [INFO] recv 13933B via direct in 864ms
2026-10-06 19:09:20,526 [INFO] [client-1] Round 9 — training locally…
2026-10-06 19:09:20,839 [INFO] [client-1] Round 9 — sending update…
2026-10-06 19:09:20,844 [INFO] Round 9 — waiting for 10 updates…
2026-10-06 19:09:21,091 [INFO] recv 13933B via direct in 242ms
2026-10-06 19:09:21,100 [INFO] recv 13933B via direct in 250ms
2026-10-06 19:09:21,109 [INFO] recv 13933B via direct in 259ms
2026-10-06 19:09:21,116 [INFO] recv 13933B via direct in 266ms
2026-10-06 19:09:21,127 [INFO] recv 13933B via direct in 277ms
2026-10-06 19:09:21,136 [INFO] recv 13933B via direct in 286ms
2026-10-06 19:09:21,143 [INFO] recv 13933B via direct in 293ms
2026-10-06 19:09:21,172 [INFO] recv 13933B via direct in 322ms
2026-10-06 19:09:21,184 [INFO] send 13933B via direct in 3124ms (0.04 Mbit/s) to 885410c638ce9c95
2026-10-06 19:09:21,221 [INFO] [client-8] Round 9 done — loss=0.7636 acc=0.7136  5.1s
2026-10-06 19:09:21,223 [INFO] [client-8] Round 10 — receiving model…
2026-10-06 19:09:21,224 [INFO] send 13933B via direct in 2802ms (0.04 Mbit/s) to 885410c638ce9c95
2026-10-06 19:09:21,261 [INFO] [client-7] Round 9 done — loss=1.0316 acc=0.4488  4.4s
2026-10-06 19:09:21,262 [INFO] [client-7] Round 10 — receiving model…
2026-10-06 19:09:21,263 [INFO] send 13933B via direct in 2401ms (0.05 Mbit/s) to 885410c638ce9c95
2026-10-06 19:09:21,299 [INFO] [client-6] Round 9 done — loss=1.0195 acc=0.4865  5.4s
2026-10-06 19:09:21,300 [INFO] [client-6] Round 10 — receiving model…
2026-10-06 19:09:21,301 [INFO] send 13933B via direct in 2107ms (0.05 Mbit/s) to 885410c638ce9c95
2026-10-06 19:09:21,344 [INFO] [client-4] Round 9 done — loss=1.0199 acc=0.4931  4.9s
2026-10-06 19:09:21,345 [INFO] [client-4] Round 10 — receiving model…
2026-10-06 19:09:21,347 [INFO] send 13933B via direct in 1902ms (0.06 Mbit/s) to 885410c638ce9c95
2026-10-06 19:09:21,405 [INFO] [client-0] Round 9 done — loss=1.0545 acc=0.4553  4.8s
2026-10-06 19:09:21,407 [INFO] [client-0] Round 10 — receiving model…
2026-10-06 19:09:21,409 [INFO] send 13933B via direct in 1477ms (0.08 Mbit/s) to 885410c638ce9c95
2026-10-06 19:09:21,480 [INFO] [client-2] Round 9 done — loss=0.9643 acc=0.5251  4.8s
2026-10-06 19:09:21,481 [INFO] [client-2] Round 10 — receiving model…
2026-10-06 19:09:21,483 [INFO] send 13933B via direct in 1138ms (0.10 Mbit/s) to 885410c638ce9c95
2026-10-06 19:09:21,553 [INFO] [client-5] Round 9 done — loss=0.9747 acc=0.5556  4.8s
2026-10-06 19:09:21,555 [INFO] [client-5] Round 10 — receiving model…
2026-10-06 19:09:21,562 [INFO] send 13933B via direct in 1037ms (0.11 Mbit/s) to 885410c638ce9c95
2026-10-06 19:09:21,629 [INFO] [client-9] Round 9 done — loss=1.0137 acc=0.5176  5.6s
2026-10-06 19:09:21,631 [INFO] [client-9] Round 10 — receiving model…
2026-10-06 19:09:21,632 [INFO] send 13933B via direct in 717ms (0.16 Mbit/s) to 885410c638ce9c95
2026-10-06 19:09:21,726 [INFO] [client-1] Round 9 done — loss=1.0618 acc=0.4231  5.2s
2026-10-06 19:09:21,727 [INFO] [client-1] Round 10 — receiving model…
2026-10-06 19:09:21,738 [INFO] recv 13933B via direct in 478ms
2026-10-06 19:09:21,840 [INFO] recv 13933B via direct in 277ms
2026-10-06 19:09:21,915 [INFO] Round 9/20  acc=0.4693  loss=1.0604  5.0s  clients=10
2026-10-06 19:09:21,917 [INFO] Round 10 — sending model to 10 clients…
2026-10-06 19:09:21,942 [INFO] send 13933B via direct in 1673ms (0.07 Mbit/s) to 885410c638ce9c95
2026-10-06 19:09:21,992 [INFO] [client-3] Round 9 done — loss=1.0446 acc=0.4530  5.7s
2026-10-06 19:09:21,995 [INFO] [client-3] Round 10 — receiving model…
2026-10-06 19:09:22,307 [INFO] recv 13933B via direct in 264ms
2026-10-06 19:09:22,313 [INFO] [client-3] Round 10 — training locally…
2026-10-06 19:09:22,597 [INFO] [client-3] Round 10 — sending update…
2026-10-06 19:09:22,612 [INFO] send 13933B via direct in 678ms (0.16 Mbit/s) to 382c0a2d6b558ef7
2026-10-06 19:09:22,614 [INFO] send 13933B via direct in 682ms (0.16 Mbit/s) to 414506fa8e8b38a2
2026-10-06 19:09:22,616 [INFO] send 13933B via direct in 676ms (0.17 Mbit/s) to f58771d3edfe4728
2026-10-06 19:09:22,617 [INFO] send 13933B via direct in 675ms (0.17 Mbit/s) to ab37205a346d541a
2026-10-06 19:09:22,620 [INFO] send 13933B via direct in 673ms (0.17 Mbit/s) to 780551ed6b0c772c
2026-10-06 19:09:22,621 [INFO] send 13933B via direct in 671ms (0.17 Mbit/s) to b49fd0334945c2bc
2026-10-06 19:09:22,622 [INFO] send 13933B via direct in 670ms (0.17 Mbit/s) to 0a1307bb05ad9637
2026-10-06 19:09:22,623 [INFO] send 13933B via direct in 668ms (0.17 Mbit/s) to 60dccf30a918c675
2026-10-06 19:09:22,625 [INFO] send 13933B via direct in 666ms (0.17 Mbit/s) to 4770bada37bd1145
2026-10-06 19:09:22,626 [INFO] send 13933B via direct in 665ms (0.17 Mbit/s) to 085f706fba66cbd6
2026-10-06 19:09:22,628 [INFO] Round 10 — waiting for 10 updates…
2026-10-06 19:09:22,629 [INFO] recv 13933B via direct in 574ms
2026-10-06 19:09:22,632 [INFO] [client-8] Round 10 — training locally…
2026-10-06 19:09:22,927 [INFO] [client-8] Round 10 — sending update…
2026-10-06 19:09:22,931 [INFO] recv 13933B via direct in 547ms
2026-10-06 19:09:22,935 [INFO] [client-0] Round 10 — training locally…
2026-10-06 19:09:23,144 [INFO] [client-0] Round 10 — sending update…
2026-10-06 19:09:23,149 [INFO] recv 13933B via direct in 543ms
2026-10-06 19:09:23,155 [INFO] [client-6] Round 10 — training locally…
2026-10-06 19:09:23,372 [INFO] [client-6] Round 10 — sending update…
2026-10-06 19:09:23,375 [INFO] recv 13933B via direct in 528ms
2026-10-06 19:09:23,380 [INFO] [client-4] Round 10 — training locally…
2026-10-06 19:09:23,613 [INFO] [client-4] Round 10 — sending update…
2026-10-06 19:09:23,616 [INFO] recv 13933B via direct in 524ms
2026-10-06 19:09:23,623 [INFO] [client-7] Round 10 — training locally…
2026-10-06 19:09:23,946 [INFO] [client-7] Round 10 — sending update…
2026-10-06 19:09:23,950 [INFO] recv 13933B via direct in 520ms
2026-10-06 19:09:23,954 [INFO] [client-2] Round 10 — training locally…
2026-10-06 19:09:24,164 [INFO] [client-2] Round 10 — sending update…
2026-10-06 19:09:24,167 [INFO] recv 13933B via direct in 516ms
2026-10-06 19:09:24,171 [INFO] [client-9] Round 10 — training locally…
2026-10-06 19:09:24,399 [INFO] [client-9] Round 10 — sending update…
2026-10-06 19:09:24,403 [INFO] recv 13933B via direct in 463ms
2026-10-06 19:09:24,406 [INFO] [client-5] Round 10 — training locally…
2026-10-06 19:09:24,667 [INFO] [client-5] Round 10 — sending update…
2026-10-06 19:09:24,672 [INFO] recv 13933B via direct in 459ms
2026-10-06 19:09:24,676 [INFO] [client-1] Round 10 — training locally…
2026-10-06 19:09:24,991 [INFO] [client-1] Round 10 — sending update…
2026-10-06 19:09:25,264 [INFO] recv 13933B via direct in 267ms
2026-10-06 19:09:25,273 [INFO] recv 13933B via direct in 274ms
2026-10-06 19:09:25,281 [INFO] recv 13933B via direct in 283ms
2026-10-06 19:09:25,289 [INFO] recv 13933B via direct in 291ms
2026-10-06 19:09:25,294 [INFO] recv 13933B via direct in 296ms
2026-10-06 19:09:25,303 [INFO] recv 13933B via direct in 304ms
2026-10-06 19:09:25,314 [INFO] recv 13933B via direct in 315ms
2026-10-06 19:09:25,322 [INFO] recv 13933B via direct in 323ms
2026-10-06 19:09:25,329 [INFO] recv 13933B via direct in 330ms
2026-10-06 19:09:25,334 [INFO] send 13933B via direct in 2733ms (0.04 Mbit/s) to 885410c638ce9c95
2026-10-06 19:09:25,381 [INFO] [client-3] Round 10 done — loss=1.0424 acc=0.4492  3.4s
2026-10-06 19:09:25,383 [INFO] [client-3] Round 11 — receiving model…
2026-10-06 19:09:25,387 [INFO] send 13933B via direct in 2403ms (0.05 Mbit/s) to 885410c638ce9c95
2026-10-06 19:09:25,435 [INFO] [client-8] Round 10 done — loss=0.7666 acc=0.7102  4.2s
2026-10-06 19:09:25,436 [INFO] [client-8] Round 11 — receiving model…
2026-10-06 19:09:25,437 [INFO] send 13933B via direct in 2185ms (0.05 Mbit/s) to 885410c638ce9c95
2026-10-06 19:09:25,476 [INFO] [client-0] Round 10 done — loss=1.0554 acc=0.4497  4.1s
2026-10-06 19:09:25,478 [INFO] [client-0] Round 11 — receiving model…
2026-10-06 19:09:25,481 [INFO] send 13933B via direct in 1959ms (0.06 Mbit/s) to 885410c638ce9c95
2026-10-06 19:09:25,524 [INFO] [client-6] Round 10 done — loss=1.0143 acc=0.4938  4.2s
2026-10-06 19:09:25,525 [INFO] [client-6] Round 11 — receiving model…
2026-10-06 19:09:25,526 [INFO] send 13933B via direct in 1718ms (0.07 Mbit/s) to 885410c638ce9c95
2026-10-06 19:09:25,562 [INFO] [client-4] Round 10 done — loss=1.0164 acc=0.4852  4.2s
2026-10-06 19:09:25,563 [INFO] [client-4] Round 11 — receiving model…
2026-10-06 19:09:25,567 [INFO] send 13933B via direct in 1615ms (0.07 Mbit/s) to 885410c638ce9c95
2026-10-06 19:09:25,609 [INFO] [client-7] Round 10 done — loss=1.0288 acc=0.4571  4.3s
2026-10-06 19:09:25,611 [INFO] [client-7] Round 11 — receiving model…
2026-10-06 19:09:25,613 [INFO] send 13933B via direct in 1398ms (0.08 Mbit/s) to 885410c638ce9c95
2026-10-06 19:09:25,654 [INFO] [client-2] Round 10 done — loss=0.9680 acc=0.5244  4.2s
2026-10-06 19:09:25,656 [INFO] [client-2] Round 11 — receiving model…
2026-10-06 19:09:25,663 [INFO] send 13933B via direct in 1164ms (0.10 Mbit/s) to 885410c638ce9c95
2026-10-06 19:09:25,716 [INFO] [client-9] Round 10 done — loss=1.0142 acc=0.5204  4.1s
2026-10-06 19:09:25,718 [INFO] [client-9] Round 11 — receiving model…
2026-10-06 19:09:25,722 [INFO] send 13933B via direct in 895ms (0.12 Mbit/s) to 885410c638ce9c95
2026-10-06 19:09:25,770 [INFO] [client-5] Round 10 done — loss=0.9749 acc=0.5567  4.2s
2026-10-06 19:09:25,772 [INFO] [client-5] Round 11 — receiving model…
2026-10-06 19:09:25,774 [INFO] send 13933B via direct in 573ms (0.19 Mbit/s) to 885410c638ce9c95
2026-10-06 19:09:25,817 [INFO] [client-1] Round 10 done — loss=1.0638 acc=0.4176  4.1s
2026-10-06 19:09:25,819 [INFO] [client-1] Round 11 — receiving model…
2026-10-06 19:09:25,820 [INFO] recv 13933B via direct in 335ms
2026-10-06 19:09:25,849 [INFO] Round 10/20  acc=0.4619  loss=1.0678  3.9s  clients=10
2026-10-06 19:09:25,851 [INFO] Round 11 — sending model to 10 clients…
2026-10-06 19:09:26,237 [INFO] recv 13933B via direct in 270ms
2026-10-06 19:09:26,242 [INFO] [client-0] Round 11 — training locally…
2026-10-06 19:09:26,420 [INFO] [client-0] Round 11 — sending update…
2026-10-06 19:09:26,433 [INFO] send 13933B via direct in 569ms (0.20 Mbit/s) to f58771d3edfe4728
2026-10-06 19:09:26,436 [INFO] send 13933B via direct in 566ms (0.20 Mbit/s) to 085f706fba66cbd6
2026-10-06 19:09:26,439 [INFO] send 13933B via direct in 565ms (0.20 Mbit/s) to 0a1307bb05ad9637
2026-10-06 19:09:26,440 [INFO] send 13933B via direct in 564ms (0.20 Mbit/s) to 4770bada37bd1145
2026-10-06 19:09:26,442 [INFO] send 13933B via direct in 563ms (0.20 Mbit/s) to 780551ed6b0c772c
2026-10-06 19:09:26,443 [INFO] send 13933B via direct in 563ms (0.20 Mbit/s) to b49fd0334945c2bc
2026-10-06 19:09:26,444 [INFO] send 13933B via direct in 562ms (0.20 Mbit/s) to ab37205a346d541a
2026-10-06 19:09:26,445 [INFO] send 13933B via direct in 562ms (0.20 Mbit/s) to 382c0a2d6b558ef7
2026-10-06 19:09:26,447 [INFO] send 13933B via direct in 562ms (0.20 Mbit/s) to 414506fa8e8b38a2
2026-10-06 19:09:26,450 [INFO] recv 13933B via direct in 438ms
2026-10-06 19:09:26,454 [INFO] [client-2] Round 11 — training locally…
2026-10-06 19:09:26,674 [INFO] [client-2] Round 11 — sending update…
2026-10-06 19:09:26,679 [INFO] recv 13933B via direct in 442ms
2026-10-06 19:09:26,685 [INFO] [client-1] Round 11 — training locally…
2026-10-06 19:09:27,008 [INFO] [client-1] Round 11 — sending update…
2026-10-06 19:09:27,012 [INFO] recv 13933B via direct in 418ms
2026-10-06 19:09:27,015 [INFO] [client-5] Round 11 — training locally…
2026-10-06 19:09:27,299 [INFO] [client-5] Round 11 — sending update…
2026-10-06 19:09:27,303 [INFO] recv 13933B via direct in 399ms
2026-10-06 19:09:27,311 [INFO] [client-4] Round 11 — training locally…
2026-10-06 19:09:27,550 [INFO] [client-4] Round 11 — sending update…
2026-10-06 19:09:27,554 [INFO] recv 13933B via direct in 393ms
2026-10-06 19:09:27,559 [INFO] [client-7] Round 11 — training locally…
2026-10-06 19:09:27,896 [INFO] [client-7] Round 11 — sending update…
2026-10-06 19:09:27,903 [INFO] recv 13933B via direct in 374ms
2026-10-06 19:09:27,908 [INFO] [client-6] Round 11 — training locally…
2026-10-06 19:09:28,246 [INFO] [client-6] Round 11 — sending update…
2026-10-06 19:09:28,249 [INFO] recv 13933B via direct in 370ms
2026-10-06 19:09:28,252 [INFO] [client-3] Round 11 — training locally…
2026-10-06 19:09:28,522 [INFO] [client-3] Round 11 — sending update…
2026-10-06 19:09:28,525 [INFO] recv 13933B via direct in 350ms
2026-10-06 19:09:28,530 [INFO] [client-8] Round 11 — training locally…
2026-10-06 19:09:28,879 [INFO] [client-8] Round 11 — sending update…
2026-10-06 19:09:28,883 [INFO] recv 13933B via direct in 329ms
2026-10-06 19:09:28,894 [INFO] [client-9] Round 11 — training locally…
2026-10-06 19:09:29,443 [INFO] [client-9] Round 11 — sending update…
2026-10-06 19:09:29,478 [INFO] send 13933B via direct in 3586ms (0.03 Mbit/s) to 60dccf30a918c675
2026-10-06 19:09:29,480 [INFO] Round 11 — waiting for 10 updates…
2026-10-06 19:09:29,723 [INFO] recv 13933B via direct in 265ms
2026-10-06 19:09:29,730 [INFO] recv 13933B via direct in 273ms
2026-10-06 19:09:29,743 [INFO] recv 13933B via direct in 285ms
2026-10-06 19:09:29,749 [INFO] recv 13933B via direct in 292ms
2026-10-06 19:09:29,763 [INFO] recv 13933B via direct in 304ms
2026-10-06 19:09:29,769 [INFO] recv 13933B via direct in 312ms
2026-10-06 19:09:29,779 [INFO] recv 13933B via direct in 320ms
2026-10-06 19:09:29,796 [INFO] recv 13933B via direct in 338ms
2026-10-06 19:09:29,803 [INFO] recv 13933B via direct in 346ms
2026-10-06 19:09:29,814 [INFO] send 13933B via direct in 3388ms (0.03 Mbit/s) to 885410c638ce9c95
2026-10-06 19:09:30,073 [INFO] [client-0] Round 11 done — loss=1.0478 acc=0.4622  4.6s
2026-10-06 19:09:30,076 [INFO] [client-0] Round 12 — receiving model…
2026-10-06 19:09:30,078 [INFO] send 13933B via direct in 2800ms (0.04 Mbit/s) to 885410c638ce9c95
2026-10-06 19:09:30,155 [INFO] [client-1] Round 11 done — loss=1.0626 acc=0.4179  4.3s
2026-10-06 19:09:30,158 [INFO] [client-1] Round 12 — receiving model…
2026-10-06 19:09:30,163 [INFO] send 13933B via direct in 3135ms (0.04 Mbit/s) to 885410c638ce9c95
2026-10-06 19:09:30,250 [INFO] [client-2] Round 11 done — loss=0.9712 acc=0.5227  4.6s
2026-10-06 19:09:30,251 [INFO] [client-2] Round 12 — receiving model…
2026-10-06 19:09:30,258 [INFO] send 13933B via direct in 2859ms (0.04 Mbit/s) to 885410c638ce9c95
2026-10-06 19:09:30,311 [INFO] [client-5] Round 11 done — loss=0.9788 acc=0.5532  4.5s
2026-10-06 19:09:30,313 [INFO] [client-5] Round 12 — receiving model…
2026-10-06 19:09:30,316 [INFO] send 13933B via direct in 2609ms (0.04 Mbit/s) to 885410c638ce9c95
2026-10-06 19:09:30,358 [INFO] [client-4] Round 11 done — loss=1.0172 acc=0.4914  4.8s
2026-10-06 19:09:30,359 [INFO] [client-4] Round 12 — receiving model…
2026-10-06 19:09:30,361 [INFO] send 13933B via direct in 2261ms (0.05 Mbit/s) to 885410c638ce9c95
2026-10-06 19:09:30,421 [INFO] [client-7] Round 11 done — loss=1.0265 acc=0.4567  4.8s
2026-10-06 19:09:30,423 [INFO] [client-7] Round 12 — receiving model…
2026-10-06 19:09:30,424 [INFO] send 13933B via direct in 1914ms (0.06 Mbit/s) to 885410c638ce9c95
2026-10-06 19:09:30,465 [INFO] [client-6] Round 11 done — loss=1.0115 acc=0.4924  4.9s
2026-10-06 19:09:30,467 [INFO] [client-6] Round 12 — receiving model…
2026-10-06 19:09:30,469 [INFO] send 13933B via direct in 1729ms (0.06 Mbit/s) to 885410c638ce9c95
2026-10-06 19:09:30,504 [INFO] [client-3] Round 11 done — loss=1.0444 acc=0.4677  5.1s
2026-10-06 19:09:30,505 [INFO] [client-3] Round 12 — receiving model…
2026-10-06 19:09:30,507 [INFO] send 13933B via direct in 1372ms (0.08 Mbit/s) to 885410c638ce9c95
2026-10-06 19:09:30,545 [INFO] [client-8] Round 11 done — loss=0.7628 acc=0.7081  5.1s
2026-10-06 19:09:30,546 [INFO] [client-8] Round 12 — receiving model…
2026-10-06 19:09:30,548 [INFO] send 13933B via direct in 808ms (0.14 Mbit/s) to 885410c638ce9c95
2026-10-06 19:09:30,587 [INFO] [client-9] Round 11 done — loss=1.0131 acc=0.5267  4.9s
2026-10-06 19:09:30,589 [INFO] [client-9] Round 12 — receiving model…
2026-10-06 19:09:30,590 [INFO] recv 13933B via direct in 602ms
2026-10-06 19:09:30,632 [INFO] Round 11/20  acc=0.4670  loss=1.0632  4.8s  clients=10
2026-10-06 19:09:30,634 [INFO] Round 12 — sending model to 10 clients…
2026-10-06 19:09:31,021 [INFO] recv 13933B via direct in 257ms
2026-10-06 19:09:31,027 [INFO] [client-5] Round 12 — training locally…
2026-10-06 19:09:31,479 [INFO] [client-5] Round 12 — sending update…
2026-10-06 19:09:31,501 [INFO] send 13933B via direct in 851ms (0.13 Mbit/s) to 4770bada37bd1145
2026-10-06 19:09:31,504 [INFO] send 13933B via direct in 850ms (0.13 Mbit/s) to 780551ed6b0c772c
2026-10-06 19:09:31,505 [INFO] send 13933B via direct in 850ms (0.13 Mbit/s) to 60dccf30a918c675
2026-10-06 19:09:31,507 [INFO] send 13933B via direct in 849ms (0.13 Mbit/s) to 382c0a2d6b558ef7
2026-10-06 19:09:31,508 [INFO] send 13933B via direct in 847ms (0.13 Mbit/s) to ab37205a346d541a
2026-10-06 19:09:31,510 [INFO] send 13933B via direct in 847ms (0.13 Mbit/s) to 0a1307bb05ad9637
2026-10-06 19:09:31,511 [INFO] send 13933B via direct in 846ms (0.13 Mbit/s) to b49fd0334945c2bc
2026-10-06 19:09:31,511 [INFO] send 13933B via direct in 845ms (0.13 Mbit/s) to f58771d3edfe4728
2026-10-06 19:09:31,512 [INFO] send 13933B via direct in 842ms (0.13 Mbit/s) to 414506fa8e8b38a2
2026-10-06 19:09:31,513 [INFO] send 13933B via direct in 841ms (0.13 Mbit/s) to 085f706fba66cbd6
2026-10-06 19:09:31,516 [INFO] recv 13933B via direct in 721ms
2026-10-06 19:09:31,520 [INFO] [client-4] Round 12 — training locally…
2026-10-06 19:09:31,800 [INFO] [client-4] Round 12 — sending update…
2026-10-06 19:09:31,805 [INFO] recv 13933B via direct in 718ms
2026-10-06 19:09:31,809 [INFO] [client-9] Round 12 — training locally…
2026-10-06 19:09:32,030 [INFO] [client-9] Round 12 — sending update…
2026-10-06 19:09:32,033 [INFO] recv 13933B via direct in 697ms
2026-10-06 19:09:32,039 [INFO] [client-3] Round 12 — training locally…
2026-10-06 19:09:32,291 [INFO] [client-3] Round 12 — sending update…
2026-10-06 19:09:32,295 [INFO] recv 13933B via direct in 693ms
2026-10-06 19:09:32,301 [INFO] [client-6] Round 12 — training locally…
2026-10-06 19:09:32,495 [INFO] [client-6] Round 12 — sending update…
2026-10-06 19:09:32,498 [INFO] recv 13933B via direct in 689ms
2026-10-06 19:09:32,501 [INFO] [client-2] Round 12 — training locally…
2026-10-06 19:09:32,692 [INFO] [client-2] Round 12 — sending update…
2026-10-06 19:09:32,696 [INFO] recv 13933B via direct in 669ms
2026-10-06 19:09:32,702 [INFO] [client-7] Round 12 — training locally…
2026-10-06 19:09:32,998 [INFO] [client-7] Round 12 — sending update…
2026-10-06 19:09:33,007 [INFO] recv 13933B via direct in 650ms
2026-10-06 19:09:33,011 [INFO] [client-0] Round 12 — training locally…
2026-10-06 19:09:33,222 [INFO] [client-0] Round 12 — sending update…
2026-10-06 19:09:33,227 [INFO] recv 13933B via direct in 642ms
2026-10-06 19:09:33,235 [INFO] [client-8] Round 12 — training locally…
2026-10-06 19:09:33,481 [INFO] [client-8] Round 12 — sending update…
2026-10-06 19:09:33,484 [INFO] recv 13933B via direct in 641ms
2026-10-06 19:09:33,490 [INFO] [client-1] Round 12 — training locally…
2026-10-06 19:09:33,697 [INFO] [client-1] Round 12 — sending update…
2026-10-06 19:09:33,701 [INFO] Round 12 — waiting for 10 updates…
2026-10-06 19:09:33,966 [INFO] recv 13933B via direct in 256ms
2026-10-06 19:09:33,976 [INFO] recv 13933B via direct in 267ms
2026-10-06 19:09:33,986 [INFO] recv 13933B via direct in 275ms
2026-10-06 19:09:33,993 [INFO] recv 13933B via direct in 284ms
2026-10-06 19:09:34,000 [INFO] recv 13933B via direct in 291ms
2026-10-06 19:09:34,008 [INFO] recv 13933B via direct in 299ms
2026-10-06 19:09:34,017 [INFO] recv 13933B via direct in 307ms
2026-10-06 19:09:34,030 [INFO] recv 13933B via direct in 321ms
2026-10-06 19:09:34,037 [INFO] send 13933B via direct in 553ms (0.20 Mbit/s) to 885410c638ce9c95
2026-10-06 19:09:34,063 [INFO] [client-8] Round 12 done — loss=0.7638 acc=0.7122  3.5s
2026-10-06 19:09:34,065 [INFO] [client-8] Round 13 — receiving model…
2026-10-06 19:09:34,066 [INFO] send 13933B via direct in 2231ms (0.05 Mbit/s) to 885410c638ce9c95
2026-10-06 19:09:34,109 [INFO] [client-4] Round 12 done — loss=1.0207 acc=0.4876  3.7s
2026-10-06 19:09:34,110 [INFO] [client-4] Round 13 — receiving model…
2026-10-06 19:09:34,112 [INFO] send 13933B via direct in 2004ms (0.06 Mbit/s) to 885410c638ce9c95
2026-10-06 19:09:34,145 [INFO] [client-9] Round 12 done — loss=1.0075 acc=0.5242  3.6s
2026-10-06 19:09:34,147 [INFO] [client-9] Round 13 — receiving model…
2026-10-06 19:09:34,150 [INFO] send 13933B via direct in 1539ms (0.07 Mbit/s) to 885410c638ce9c95
2026-10-06 19:09:34,216 [INFO] [client-6] Round 12 done — loss=1.0143 acc=0.4972  3.7s
2026-10-06 19:09:34,218 [INFO] [client-6] Round 13 — receiving model…
2026-10-06 19:09:34,221 [INFO] send 13933B via direct in 1342ms (0.08 Mbit/s) to 885410c638ce9c95
2026-10-06 19:09:34,266 [INFO] [client-2] Round 12 done — loss=0.9641 acc=0.5203  4.0s
2026-10-06 19:09:34,269 [INFO] [client-2] Round 13 — receiving model…
2026-10-06 19:09:34,277 [INFO] send 13933B via direct in 1267ms (0.09 Mbit/s) to 885410c638ce9c95
2026-10-06 19:09:34,323 [INFO] [client-7] Round 12 done — loss=1.0315 acc=0.4478  3.9s
2026-10-06 19:09:34,324 [INFO] [client-7] Round 13 — receiving model…
2026-10-06 19:09:34,326 [INFO] send 13933B via direct in 1046ms (0.11 Mbit/s) to 885410c638ce9c95
2026-10-06 19:09:34,359 [INFO] [client-0] Round 12 done — loss=1.0499 acc=0.4661  4.3s
2026-10-06 19:09:34,361 [INFO] [client-0] Round 13 — receiving model…
2026-10-06 19:09:34,363 [INFO] send 13933B via direct in 1980ms (0.06 Mbit/s) to 885410c638ce9c95
2026-10-06 19:09:34,419 [INFO] [client-3] Round 12 done — loss=1.0421 acc=0.4591  3.9s
2026-10-06 19:09:34,420 [INFO] [client-3] Round 13 — receiving model…
2026-10-06 19:09:34,422 [INFO] send 13933B via direct in 574ms (0.19 Mbit/s) to 885410c638ce9c95
2026-10-06 19:09:34,449 [INFO] [client-1] Round 12 done — loss=1.0573 acc=0.4200  4.3s
2026-10-06 19:09:34,450 [INFO] [client-1] Round 13 — receiving model…
2026-10-06 19:09:34,452 [INFO] recv 13933B via direct in 350ms
2026-10-06 19:09:34,456 [INFO] send 13933B via direct in 2792ms (0.04 Mbit/s) to 885410c638ce9c95
2026-10-06 19:09:34,493 [INFO] [client-5] Round 12 done — loss=0.9714 acc=0.5580  4.2s
2026-10-06 19:09:34,495 [INFO] [client-5] Round 13 — receiving model…
2026-10-06 19:09:34,496 [INFO] recv 13933B via direct in 569ms
2026-10-06 19:09:34,539 [INFO] Round 12/20  acc=0.4622  loss=1.0652  3.9s  clients=10
2026-10-06 19:09:34,541 [INFO] Round 13 — sending model to 10 clients…
2026-10-06 19:09:34,909 [INFO] recv 13933B via direct in 242ms
2026-10-06 19:09:34,913 [INFO] [client-0] Round 13 — training locally…
2026-10-06 19:09:35,199 [INFO] [client-0] Round 13 — sending update…
2026-10-06 19:09:35,215 [INFO] send 13933B via direct in 657ms (0.17 Mbit/s) to f58771d3edfe4728
2026-10-06 19:09:35,217 [INFO] send 13933B via direct in 655ms (0.17 Mbit/s) to 414506fa8e8b38a2
2026-10-06 19:09:35,220 [INFO] send 13933B via direct in 652ms (0.17 Mbit/s) to b49fd0334945c2bc
2026-10-06 19:09:35,222 [INFO] send 13933B via direct in 653ms (0.17 Mbit/s) to 4770bada37bd1145
2026-10-06 19:09:35,224 [INFO] send 13933B via direct in 652ms (0.17 Mbit/s) to 60dccf30a918c675
2026-10-06 19:09:35,226 [INFO] send 13933B via direct in 653ms (0.17 Mbit/s) to 085f706fba66cbd6
2026-10-06 19:09:35,228 [INFO] send 13933B via direct in 653ms (0.17 Mbit/s) to 0a1307bb05ad9637
2026-10-06 19:09:35,230 [INFO] send 13933B via direct in 652ms (0.17 Mbit/s) to ab37205a346d541a
2026-10-06 19:09:35,233 [INFO] send 13933B via direct in 653ms (0.17 Mbit/s) to 382c0a2d6b558ef7
2026-10-06 19:09:35,235 [INFO] recv 13933B via direct in 519ms
2026-10-06 19:09:35,240 [INFO] [client-3] Round 13 — training locally…
2026-10-06 19:09:35,541 [INFO] [client-3] Round 13 — sending update…
2026-10-06 19:09:35,544 [INFO] recv 13933B via direct in 516ms
2026-10-06 19:09:35,549 [INFO] [client-7] Round 13 — training locally…
2026-10-06 19:09:36,114 [INFO] [client-7] Round 13 — sending update…
2026-10-06 19:09:36,117 [INFO] recv 13933B via direct in 540ms
2026-10-06 19:09:36,123 [INFO] [client-8] Round 13 — training locally…
2026-10-06 19:09:36,703 [INFO] [client-8] Round 13 — sending update…
2026-10-06 19:09:36,708 [INFO] recv 13933B via direct in 513ms
2026-10-06 19:09:36,714 [INFO] [client-5] Round 13 — training locally…
2026-10-06 19:09:37,140 [INFO] [client-5] Round 13 — sending update…
2026-10-06 19:09:37,145 [INFO] recv 13933B via direct in 476ms
2026-10-06 19:09:37,150 [INFO] [client-9] Round 13 — training locally…
2026-10-06 19:09:37,467 [INFO] [client-9] Round 13 — sending update…
2026-10-06 19:09:37,472 [INFO] recv 13933B via direct in 473ms
2026-10-06 19:09:37,481 [INFO] [client-1] Round 13 — training locally…
2026-10-06 19:09:37,730 [INFO] [client-1] Round 13 — sending update…
2026-10-06 19:09:37,733 [INFO] recv 13933B via direct in 453ms
2026-10-06 19:09:37,739 [INFO] [client-2] Round 13 — training locally…
2026-10-06 19:09:37,979 [INFO] [client-2] Round 13 — sending update…
2026-10-06 19:09:37,982 [INFO] recv 13933B via direct in 417ms
2026-10-06 19:09:37,990 [INFO] [client-6] Round 13 — training locally…
2026-10-06 19:09:38,225 [INFO] [client-6] Round 13 — sending update…
2026-10-06 19:09:38,513 [INFO] recv 13933B via direct in 280ms
2026-10-06 19:09:38,516 [INFO] [client-4] Round 13 — training locally…
2026-10-06 19:09:38,892 [INFO] [client-4] Round 13 — sending update…
2026-10-06 19:09:38,905 [INFO] send 13933B via direct in 3696ms (0.03 Mbit/s) to 885410c638ce9c95
2026-10-06 19:09:38,952 [INFO] [client-0] Round 13 done — loss=1.0538 acc=0.4635  4.6s
2026-10-06 19:09:38,953 [INFO] [client-0] Round 14 — receiving model…
2026-10-06 19:09:38,955 [INFO] send 13933B via direct in 3353ms (0.03 Mbit/s) to 885410c638ce9c95
2026-10-06 19:09:39,002 [INFO] [client-3] Round 13 done — loss=1.0452 acc=0.4481  4.6s
2026-10-06 19:09:39,004 [INFO] [client-3] Round 14 — receiving model…
2026-10-06 19:09:39,005 [INFO] send 13933B via direct in 4346ms (0.03 Mbit/s) to 780551ed6b0c772c
2026-10-06 19:09:39,006 [INFO] send 13933B via direct in 2192ms (0.05 Mbit/s) to 885410c638ce9c95
2026-10-06 19:09:39,056 [INFO] [client-8] Round 13 done — loss=0.7626 acc=0.7139  5.0s
2026-10-06 19:09:39,057 [INFO] [client-8] Round 14 — receiving model…
2026-10-06 19:09:39,059 [INFO] send 13933B via direct in 1754ms (0.06 Mbit/s) to 885410c638ce9c95
2026-10-06 19:09:39,115 [INFO] [client-5] Round 13 done — loss=0.9684 acc=0.5594  4.6s
2026-10-06 19:09:39,124 [INFO] [client-5] Round 14 — receiving model…
2026-10-06 19:09:39,127 [INFO] send 13933B via direct in 2782ms (0.04 Mbit/s) to 885410c638ce9c95
2026-10-06 19:09:39,192 [INFO] [client-7] Round 13 done — loss=1.0297 acc=0.4461  4.9s
2026-10-06 19:09:39,193 [INFO] [client-7] Round 14 — receiving model…
2026-10-06 19:09:39,194 [INFO] send 13933B via direct in 1168ms (0.10 Mbit/s) to 885410c638ce9c95
2026-10-06 19:09:39,283 [INFO] [client-1] Round 13 done — loss=1.0596 acc=0.4190  4.8s
2026-10-06 19:09:39,286 [INFO] [client-1] Round 14 — receiving model…
2026-10-06 19:09:39,291 [INFO] send 13933B via direct in 919ms (0.12 Mbit/s) to 885410c638ce9c95
2026-10-06 19:09:39,362 [INFO] [client-2] Round 13 done — loss=0.9592 acc=0.5216  5.1s
2026-10-06 19:09:39,363 [INFO] [client-2] Round 14 — receiving model…
2026-10-06 19:09:39,366 [INFO] send 13933B via direct in 673ms (0.17 Mbit/s) to 885410c638ce9c95
2026-10-06 19:09:39,439 [INFO] [client-6] Round 13 done — loss=1.0117 acc=0.4833  5.2s
2026-10-06 19:09:39,441 [INFO] [client-6] Round 14 — receiving model…
2026-10-06 19:09:39,442 [INFO] send 13933B via direct in 1430ms (0.08 Mbit/s) to 885410c638ce9c95
2026-10-06 19:09:39,511 [INFO] [client-9] Round 13 done — loss=1.0092 acc=0.5312  5.4s
2026-10-06 19:09:39,512 [INFO] [client-9] Round 14 — receiving model…
2026-10-06 19:09:39,521 [INFO] Round 13 — waiting for 10 updates…
2026-10-06 19:09:39,524 [INFO] recv 13933B via direct in 260ms
2026-10-06 19:09:39,529 [INFO] recv 13933B via direct in 272ms
2026-10-06 19:09:39,537 [INFO] recv 13933B via direct in 668ms
2026-10-06 19:09:39,545 [INFO] recv 13933B via direct in 669ms
2026-10-06 19:09:39,551 [INFO] recv 13933B via direct in 670ms
2026-10-06 19:09:39,557 [INFO] recv 13933B via direct in 670ms
2026-10-06 19:09:39,561 [INFO] recv 13933B via direct in 670ms
2026-10-06 19:09:39,565 [INFO] recv 13933B via direct in 671ms
2026-10-06 19:09:39,579 [INFO] recv 13933B via direct in 1032ms
2026-10-06 19:09:39,684 [INFO] recv 13933B via direct in 117ms
2026-10-06 19:09:39,726 [INFO] Round 13/20  acc=0.4653  loss=1.0617  5.2s  clients=10
2026-10-06 19:09:39,728 [INFO] Round 14 — sending model to 10 clients…
2026-10-06 19:09:39,755 [INFO] send 13933B via direct in 859ms (0.13 Mbit/s) to 885410c638ce9c95
2026-10-06 19:09:39,841 [INFO] [client-4] Round 13 done — loss=1.0184 acc=0.4883  5.7s
2026-10-06 19:09:39,902 [INFO] [client-4] Round 14 — receiving model…
2026-10-06 19:09:40,189 [INFO] recv 13933B via direct in 276ms
2026-10-06 19:09:40,194 [INFO] [client-1] Round 14 — training locally…
2026-10-06 19:09:40,489 [INFO] [client-1] Round 14 — sending update…
2026-10-06 19:09:40,504 [INFO] send 13933B via direct in 761ms (0.15 Mbit/s) to 085f706fba66cbd6
2026-10-06 19:09:40,506 [INFO] send 13933B via direct in 758ms (0.15 Mbit/s) to 4770bada37bd1145
2026-10-06 19:09:40,507 [INFO] send 13933B via direct in 750ms (0.15 Mbit/s) to 382c0a2d6b558ef7
2026-10-06 19:09:40,509 [INFO] send 13933B via direct in 748ms (0.15 Mbit/s) to 414506fa8e8b38a2
2026-10-06 19:09:40,510 [INFO] send 13933B via direct in 746ms (0.15 Mbit/s) to 0a1307bb05ad9637
2026-10-06 19:09:40,512 [INFO] send 13933B via direct in 745ms (0.15 Mbit/s) to b49fd0334945c2bc
2026-10-06 19:09:40,513 [INFO] send 13933B via direct in 745ms (0.15 Mbit/s) to f58771d3edfe4728
2026-10-06 19:09:40,515 [INFO] send 13933B via direct in 744ms (0.15 Mbit/s) to ab37205a346d541a
2026-10-06 19:09:40,517 [INFO] send 13933B via direct in 744ms (0.15 Mbit/s) to 60dccf30a918c675
2026-10-06 19:09:40,521 [INFO] recv 13933B via direct in 586ms
2026-10-06 19:09:40,524 [INFO] [client-5] Round 14 — training locally…
2026-10-06 19:09:40,754 [INFO] [client-5] Round 14 — sending update…
2026-10-06 19:09:40,758 [INFO] recv 13933B via direct in 587ms
2026-10-06 19:09:40,764 [INFO] [client-0] Round 14 — training locally…
2026-10-06 19:09:40,944 [INFO] [client-0] Round 14 — sending update…
2026-10-06 19:09:40,947 [INFO] recv 13933B via direct in 587ms
2026-10-06 19:09:40,951 [INFO] [client-6] Round 14 — training locally…
2026-10-06 19:09:41,233 [INFO] [client-6] Round 14 — sending update…
2026-10-06 19:09:41,238 [INFO] recv 13933B via direct in 588ms
2026-10-06 19:09:41,244 [INFO] [client-3] Round 14 — training locally…
2026-10-06 19:09:41,499 [INFO] [client-3] Round 14 — sending update…
2026-10-06 19:09:41,507 [INFO] recv 13933B via direct in 588ms
2026-10-06 19:09:41,511 [INFO] [client-9] Round 14 — training locally…
2026-10-06 19:09:41,773 [INFO] [client-9] Round 14 — sending update…
2026-10-06 19:09:41,776 [INFO] recv 13933B via direct in 589ms
2026-10-06 19:09:41,780 [INFO] [client-8] Round 14 — training locally…
2026-10-06 19:09:42,113 [INFO] [client-8] Round 14 — sending update…
2026-10-06 19:09:42,118 [INFO] recv 13933B via direct in 590ms
2026-10-06 19:09:42,125 [INFO] [client-2] Round 14 — training locally…
2026-10-06 19:09:42,516 [INFO] [client-2] Round 14 — sending update…
2026-10-06 19:09:42,520 [INFO] recv 13933B via direct in 590ms
2026-10-06 19:09:42,526 [INFO] [client-7] Round 14 — training locally…
2026-10-06 19:09:42,824 [INFO] [client-7] Round 14 — sending update…
2026-10-06 19:09:42,858 [INFO] send 13933B via direct in 3090ms (0.04 Mbit/s) to 780551ed6b0c772c
2026-10-06 19:09:42,860 [INFO] Round 14 — waiting for 10 updates…
2026-10-06 19:09:42,864 [INFO] recv 13933B via direct in 31ms
2026-10-06 19:09:42,867 [INFO] [client-4] Round 14 — training locally…
2026-10-06 19:09:43,108 [INFO] [client-4] Round 14 — sending update…
2026-10-06 19:09:43,125 [INFO] recv 13933B via direct in 286ms
2026-10-06 19:09:43,128 [INFO] recv 13933B via direct in 286ms
2026-10-06 19:09:43,131 [INFO] recv 13933B via direct in 286ms
2026-10-06 19:09:43,135 [INFO] recv 13933B via direct in 286ms
2026-10-06 19:09:43,143 [INFO] recv 13933B via direct in 287ms
2026-10-06 19:09:43,147 [INFO] recv 13933B via direct in 289ms
2026-10-06 19:09:43,165 [INFO] recv 13933B via direct in 324ms
2026-10-06 19:09:43,171 [INFO] send 13933B via direct in 2666ms (0.04 Mbit/s) to 885410c638ce9c95
2026-10-06 19:09:43,212 [INFO] [client-1] Round 14 done — loss=1.0603 acc=0.4224  3.9s
2026-10-06 19:09:43,213 [INFO] [client-1] Round 15 — receiving model…
2026-10-06 19:09:43,215 [INFO] send 13933B via direct in 2401ms (0.05 Mbit/s) to 885410c638ce9c95
2026-10-06 19:09:43,252 [INFO] [client-5] Round 14 done — loss=0.9615 acc=0.5656  4.1s
2026-10-06 19:09:43,253 [INFO] [client-5] Round 15 — receiving model…
2026-10-06 19:09:43,255 [INFO] send 13933B via direct in 2213ms (0.05 Mbit/s) to 885410c638ce9c95
2026-10-06 19:09:43,282 [INFO] [client-0] Round 14 done — loss=1.0478 acc=0.4605  4.3s
2026-10-06 19:09:43,283 [INFO] [client-0] Round 15 — receiving model…
2026-10-06 19:09:43,286 [INFO] send 13933B via direct in 1924ms (0.06 Mbit/s) to 885410c638ce9c95
2026-10-06 19:09:43,326 [INFO] [client-6] Round 14 done — loss=1.0091 acc=0.4951  3.9s
2026-10-06 19:09:43,327 [INFO] [client-6] Round 15 — receiving model…
2026-10-06 19:09:43,330 [INFO] send 13933B via direct in 1658ms (0.07 Mbit/s) to 885410c638ce9c95
2026-10-06 19:09:43,387 [INFO] [client-3] Round 14 done — loss=1.0375 acc=0.4626  4.4s
2026-10-06 19:09:43,390 [INFO] [client-3] Round 15 — receiving model…
2026-10-06 19:09:43,392 [INFO] send 13933B via direct in 1386ms (0.08 Mbit/s) to 885410c638ce9c95
2026-10-06 19:09:43,480 [INFO] [client-9] Round 14 done — loss=1.0158 acc=0.5228  4.0s
2026-10-06 19:09:43,482 [INFO] [client-9] Round 15 — receiving model…
2026-10-06 19:09:43,487 [INFO] recv 13933B via direct in 331ms
2026-10-06 19:09:43,504 [INFO] send 13933B via direct in 1379ms (0.08 Mbit/s) to 885410c638ce9c95
2026-10-06 19:09:43,564 [INFO] [client-8] Round 14 done — loss=0.7664 acc=0.7109  4.5s
2026-10-06 19:09:43,565 [INFO] [client-8] Round 15 — receiving model…
2026-10-06 19:09:43,566 [INFO] send 13933B via direct in 977ms (0.11 Mbit/s) to 885410c638ce9c95
2026-10-06 19:09:43,637 [INFO] [client-2] Round 14 done — loss=0.9636 acc=0.5254  4.3s
2026-10-06 19:09:43,640 [INFO] [client-2] Round 15 — receiving model…
2026-10-06 19:09:43,642 [INFO] send 13933B via direct in 671ms (0.17 Mbit/s) to 885410c638ce9c95
2026-10-06 19:09:43,707 [INFO] [client-7] Round 14 done — loss=1.0287 acc=0.4433  4.5s
2026-10-06 19:09:43,709 [INFO] [client-7] Round 15 — receiving model…
2026-10-06 19:09:43,711 [INFO] recv 13933B via direct in 597ms
2026-10-06 19:09:43,719 [INFO] recv 13933B via direct in 221ms
2026-10-06 19:09:43,765 [INFO] Round 14/20  acc=0.4712  loss=1.0624  4.0s  clients=10
2026-10-06 19:09:43,766 [INFO] Round 15 — sending model to 10 clients…
2026-10-06 19:09:43,769 [INFO] send 13933B via direct in 607ms (0.18 Mbit/s) to 885410c638ce9c95
2026-10-06 19:09:43,809 [INFO] [client-4] Round 14 done — loss=1.0173 acc=0.4931  3.9s
2026-10-06 19:09:43,810 [INFO] [client-4] Round 15 — receiving model…
2026-10-06 19:09:44,151 [INFO] recv 13933B via direct in 233ms
2026-10-06 19:09:44,155 [INFO] [client-2] Round 15 — training locally…
2026-10-06 19:09:44,432 [INFO] [client-2] Round 15 — sending update…
2026-10-06 19:09:44,445 [INFO] send 13933B via direct in 624ms (0.18 Mbit/s) to 0a1307bb05ad9637
2026-10-06 19:09:44,447 [INFO] send 13933B via direct in 623ms (0.18 Mbit/s) to 780551ed6b0c772c
2026-10-06 19:09:44,449 [INFO] send 13933B via direct in 622ms (0.18 Mbit/s) to b49fd0334945c2bc
2026-10-06 19:09:44,450 [INFO] send 13933B via direct in 622ms (0.18 Mbit/s) to 085f706fba66cbd6
2026-10-06 19:09:44,453 [INFO] send 13933B via direct in 622ms (0.18 Mbit/s) to 382c0a2d6b558ef7
2026-10-06 19:09:44,455 [INFO] send 13933B via direct in 621ms (0.18 Mbit/s) to f58771d3edfe4728
2026-10-06 19:09:44,457 [INFO] send 13933B via direct in 620ms (0.18 Mbit/s) to 60dccf30a918c675
2026-10-06 19:09:44,459 [INFO] send 13933B via direct in 619ms (0.18 Mbit/s) to 414506fa8e8b38a2
2026-10-06 19:09:44,460 [INFO] send 13933B via direct in 618ms (0.18 Mbit/s) to ab37205a346d541a
2026-10-06 19:09:44,463 [INFO] recv 13933B via direct in 509ms
2026-10-06 19:09:44,466 [INFO] [client-4] Round 15 — training locally…
2026-10-06 19:09:44,677 [INFO] [client-4] Round 15 — sending update…
2026-10-06 19:09:44,681 [INFO] recv 13933B via direct in 504ms
2026-10-06 19:09:44,685 [INFO] [client-7] Round 15 — training locally…
2026-10-06 19:09:44,960 [INFO] [client-7] Round 15 — sending update…
2026-10-06 19:09:44,964 [INFO] recv 13933B via direct in 484ms
2026-10-06 19:09:44,970 [INFO] [client-1] Round 15 — training locally…
2026-10-06 19:09:45,203 [INFO] [client-1] Round 15 — sending update…
2026-10-06 19:09:45,208 [INFO] recv 13933B via direct in 450ms
2026-10-06 19:09:45,213 [INFO] [client-3] Round 15 — training locally…
2026-10-06 19:09:45,483 [INFO] [client-3] Round 15 — sending update…
2026-10-06 19:09:45,487 [INFO] recv 13933B via direct in 430ms
2026-10-06 19:09:45,491 [INFO] [client-0] Round 15 — training locally…
2026-10-06 19:09:45,665 [INFO] [client-0] Round 15 — sending update…
2026-10-06 19:09:45,671 [INFO] recv 13933B via direct in 426ms
2026-10-06 19:09:45,674 [INFO] [client-9] Round 15 — training locally…
2026-10-06 19:09:45,927 [INFO] [client-9] Round 15 — sending update…
2026-10-06 19:09:45,930 [INFO] recv 13933B via direct in 407ms
2026-10-06 19:09:45,935 [INFO] [client-8] Round 15 — training locally…
2026-10-06 19:09:46,201 [INFO] [client-8] Round 15 — sending update…
2026-10-06 19:09:46,205 [INFO] recv 13933B via direct in 403ms
2026-10-06 19:09:46,209 [INFO] [client-6] Round 15 — training locally…
2026-10-06 19:09:46,416 [INFO] [client-6] Round 15 — sending update…
2026-10-06 19:09:46,722 [INFO] recv 13933B via direct in 296ms
2026-10-06 19:09:46,725 [INFO] [client-5] Round 15 — training locally…
2026-10-06 19:09:47,028 [INFO] [client-5] Round 15 — sending update…
2026-10-06 19:09:47,045 [INFO] send 13933B via direct in 2601ms (0.04 Mbit/s) to 885410c638ce9c95
2026-10-06 19:09:47,078 [INFO] [client-2] Round 15 done — loss=0.9625 acc=0.5275  3.4s
2026-10-06 19:09:47,079 [INFO] [client-2] Round 16 — receiving model…
2026-10-06 19:09:47,080 [INFO] send 13933B via direct in 2356ms (0.05 Mbit/s) to 885410c638ce9c95
2026-10-06 19:09:47,128 [INFO] [client-4] Round 15 done — loss=1.0091 acc=0.4973  3.3s
2026-10-06 19:09:47,129 [INFO] [client-4] Round 16 — receiving model…
2026-10-06 19:09:47,131 [INFO] send 13933B via direct in 3220ms (0.03 Mbit/s) to 4770bada37bd1145
2026-10-06 19:09:47,133 [INFO] send 13933B via direct in 2074ms (0.05 Mbit/s) to 885410c638ce9c95
2026-10-06 19:09:47,167 [INFO] [client-7] Round 15 done — loss=1.0319 acc=0.4560  3.5s
2026-10-06 19:09:47,170 [INFO] [client-7] Round 16 — receiving model…
2026-10-06 19:09:47,171 [INFO] send 13933B via direct in 1831ms (0.06 Mbit/s) to 885410c638ce9c95
2026-10-06 19:09:47,198 [INFO] [client-1] Round 15 done — loss=1.0600 acc=0.4152  4.0s
2026-10-06 19:09:47,199 [INFO] [client-1] Round 16 — receiving model…
2026-10-06 19:09:47,200 [INFO] send 13933B via direct in 1553ms (0.07 Mbit/s) to 885410c638ce9c95
2026-10-06 19:09:47,237 [INFO] [client-3] Round 15 done — loss=1.0430 acc=0.4502  3.8s
2026-10-06 19:09:47,238 [INFO] [client-3] Round 16 — receiving model…
2026-10-06 19:09:47,240 [INFO] send 13933B via direct in 1370ms (0.08 Mbit/s) to 885410c638ce9c95
2026-10-06 19:09:47,280 [INFO] [client-0] Round 15 done — loss=1.0495 acc=0.4614  4.0s
2026-10-06 19:09:47,281 [INFO] [client-0] Round 16 — receiving model…
2026-10-06 19:09:47,282 [INFO] send 13933B via direct in 1110ms (0.10 Mbit/s) to 885410c638ce9c95
2026-10-06 19:09:47,323 [INFO] [client-9] Round 15 done — loss=1.0099 acc=0.5302  3.8s
2026-10-06 19:09:47,324 [INFO] [client-9] Round 16 — receiving model…
2026-10-06 19:09:47,326 [INFO] send 13933B via direct in 836ms (0.13 Mbit/s) to 885410c638ce9c95
2026-10-06 19:09:47,366 [INFO] [client-8] Round 15 done — loss=0.7624 acc=0.7119  3.8s
2026-10-06 19:09:47,369 [INFO] [client-8] Round 16 — receiving model…
2026-10-06 19:09:47,371 [INFO] send 13933B via direct in 620ms (0.18 Mbit/s) to 885410c638ce9c95
2026-10-06 19:09:47,404 [INFO] [client-6] Round 15 done — loss=1.0139 acc=0.4903  4.1s
2026-10-06 19:09:47,405 [INFO] [client-6] Round 16 — receiving model…
2026-10-06 19:09:47,409 [INFO] Round 15 — waiting for 10 updates…
2026-10-06 19:09:47,411 [INFO] recv 13933B via direct in 275ms
2026-10-06 19:09:47,415 [INFO] recv 13933B via direct in 282ms
2026-10-06 19:09:47,420 [INFO] recv 13933B via direct in 615ms
2026-10-06 19:09:47,423 [INFO] recv 13933B via direct in 615ms
2026-10-06 19:09:47,427 [INFO] recv 13933B via direct in 616ms
2026-10-06 19:09:47,431 [INFO] recv 13933B via direct in 616ms
2026-10-06 19:09:47,433 [INFO] recv 13933B via direct in 616ms
2026-10-06 19:09:47,438 [INFO] recv 13933B via direct in 617ms
2026-10-06 19:09:47,444 [INFO] recv 13933B via direct in 723ms
2026-10-06 19:09:47,565 [INFO] recv 13933B via direct in 123ms
2026-10-06 19:09:47,622 [INFO] Round 15/20  acc=0.4712  loss=1.0571  3.9s  clients=10
2026-10-06 19:09:47,624 [INFO] Round 16 — sending model to 10 clients…
2026-10-06 19:09:47,644 [INFO] send 13933B via direct in 612ms (0.18 Mbit/s) to 885410c638ce9c95
2026-10-06 19:09:47,696 [INFO] [client-5] Round 15 done — loss=0.9747 acc=0.5632  4.4s
2026-10-06 19:09:47,697 [INFO] [client-5] Round 16 — receiving model…
2026-10-06 19:09:48,010 [INFO] recv 13933B via direct in 270ms
2026-10-06 19:09:48,014 [INFO] [client-3] Round 16 — training locally…
2026-10-06 19:09:48,456 [INFO] [client-3] Round 16 — sending update…
2026-10-06 19:09:48,476 [INFO] send 13933B via direct in 836ms (0.13 Mbit/s) to 382c0a2d6b558ef7
2026-10-06 19:09:48,478 [INFO] send 13933B via direct in 835ms (0.13 Mbit/s) to f58771d3edfe4728
2026-10-06 19:09:48,480 [INFO] send 13933B via direct in 833ms (0.13 Mbit/s) to ab37205a346d541a
2026-10-06 19:09:48,481 [INFO] send 13933B via direct in 832ms (0.13 Mbit/s) to 414506fa8e8b38a2
2026-10-06 19:09:48,483 [INFO] send 13933B via direct in 831ms (0.13 Mbit/s) to b49fd0334945c2bc
2026-10-06 19:09:48,487 [INFO] send 13933B via direct in 828ms (0.14 Mbit/s) to 780551ed6b0c772c
2026-10-06 19:09:48,489 [INFO] send 13933B via direct in 830ms (0.13 Mbit/s) to 085f706fba66cbd6
2026-10-06 19:09:48,492 [INFO] send 13933B via direct in 827ms (0.14 Mbit/s) to 0a1307bb05ad9637
2026-10-06 19:09:48,493 [INFO] send 13933B via direct in 826ms (0.14 Mbit/s) to 4770bada37bd1145
2026-10-06 19:09:48,495 [INFO] send 13933B via direct in 825ms (0.14 Mbit/s) to 60dccf30a918c675
2026-10-06 19:09:48,499 [INFO] recv 13933B via direct in 728ms
2026-10-06 19:09:48,502 [INFO] [client-0] Round 16 — training locally…
2026-10-06 19:09:48,748 [INFO] [client-0] Round 16 — sending update…
2026-10-06 19:09:48,753 [INFO] recv 13933B via direct in 690ms
2026-10-06 19:09:48,759 [INFO] [client-6] Round 16 — training locally…
2026-10-06 19:09:49,131 [INFO] [client-6] Round 16 — sending update…
2026-10-06 19:09:49,139 [INFO] recv 13933B via direct in 686ms
2026-10-06 19:09:49,145 [INFO] [client-8] Round 16 — training locally…
2026-10-06 19:09:49,579 [INFO] [client-8] Round 16 — sending update…
2026-10-06 19:09:49,587 [INFO] recv 13933B via direct in 666ms
2026-10-06 19:09:49,594 [INFO] [client-7] Round 16 — training locally…
2026-10-06 19:09:50,063 [INFO] [client-7] Round 16 — sending update…
2026-10-06 19:09:50,076 [INFO] recv 13933B via direct in 646ms
2026-10-06 19:09:50,081 [INFO] [client-1] Round 16 — training locally…
2026-10-06 19:09:50,654 [INFO] [client-1] Round 16 — sending update…
2026-10-06 19:09:50,658 [INFO] recv 13933B via direct in 643ms
2026-10-06 19:09:50,663 [INFO] [client-4] Round 16 — training locally…
2026-10-06 19:09:50,992 [INFO] [client-4] Round 16 — sending update…
2026-10-06 19:09:50,997 [INFO] recv 13933B via direct in 623ms
2026-10-06 19:09:51,001 [INFO] [client-2] Round 16 — training locally…
2026-10-06 19:09:51,297 [INFO] [client-2] Round 16 — sending update…
2026-10-06 19:09:51,303 [INFO] recv 13933B via direct in 603ms
2026-10-06 19:09:51,307 [INFO] [client-5] Round 16 — training locally…
2026-10-06 19:09:51,557 [INFO] [client-5] Round 16 — sending update…
2026-10-06 19:09:51,562 [INFO] recv 13933B via direct in 599ms
2026-10-06 19:09:51,567 [INFO] [client-9] Round 16 — training locally…
2026-10-06 19:09:52,065 [INFO] [client-9] Round 16 — sending update…
2026-10-06 19:09:52,071 [INFO] Round 16 — waiting for 10 updates…
2026-10-06 19:09:52,327 [INFO] recv 13933B via direct in 249ms
2026-10-06 19:09:52,336 [INFO] recv 13933B via direct in 257ms
2026-10-06 19:09:52,344 [INFO] recv 13933B via direct in 265ms
2026-10-06 19:09:52,354 [INFO] recv 13933B via direct in 273ms
2026-10-06 19:09:52,368 [INFO] recv 13933B via direct in 288ms
2026-10-06 19:09:52,376 [INFO] recv 13933B via direct in 296ms
2026-10-06 19:09:52,383 [INFO] recv 13933B via direct in 303ms
2026-10-06 19:09:52,402 [INFO] recv 13933B via direct in 319ms
2026-10-06 19:09:52,421 [INFO] recv 13933B via direct in 321ms
2026-10-06 19:09:52,427 [INFO] send 13933B via direct in 3956ms (0.03 Mbit/s) to 885410c638ce9c95
2026-10-06 19:09:52,498 [INFO] [client-3] Round 16 done — loss=1.0355 acc=0.4560  5.3s
2026-10-06 19:09:52,500 [INFO] [client-3] Round 17 — receiving model…
2026-10-06 19:09:52,503 [INFO] send 13933B via direct in 3664ms (0.03 Mbit/s) to 885410c638ce9c95
2026-10-06 19:09:52,572 [INFO] [client-0] Round 16 done — loss=1.0488 acc=0.4523  5.3s
2026-10-06 19:09:52,574 [INFO] [client-0] Round 17 — receiving model…
2026-10-06 19:09:52,576 [INFO] send 13933B via direct in 3281ms (0.03 Mbit/s) to 885410c638ce9c95
2026-10-06 19:09:52,625 [INFO] [client-6] Round 16 done — loss=1.0101 acc=0.5010  5.2s
2026-10-06 19:09:52,628 [INFO] [client-6] Round 17 — receiving model…
2026-10-06 19:09:52,631 [INFO] send 13933B via direct in 2834ms (0.04 Mbit/s) to 885410c638ce9c95
2026-10-06 19:09:52,696 [INFO] [client-8] Round 16 done — loss=0.7618 acc=0.7088  5.3s
2026-10-06 19:09:52,698 [INFO] [client-8] Round 17 — receiving model…
2026-10-06 19:09:52,701 [INFO] send 13933B via direct in 1762ms (0.06 Mbit/s) to 885410c638ce9c95
2026-10-06 19:09:52,753 [INFO] [client-1] Round 16 done — loss=1.0591 acc=0.4231  5.6s
2026-10-06 19:09:52,757 [INFO] [client-1] Round 17 — receiving model…
2026-10-06 19:09:52,759 [INFO] send 13933B via direct in 2344ms (0.05 Mbit/s) to 885410c638ce9c95
2026-10-06 19:09:52,827 [INFO] [client-7] Round 16 done — loss=1.0322 acc=0.4468  5.7s
2026-10-06 19:09:52,828 [INFO] [client-7] Round 17 — receiving model…
2026-10-06 19:09:52,830 [INFO] send 13933B via direct in 1425ms (0.08 Mbit/s) to 885410c638ce9c95
2026-10-06 19:09:52,923 [INFO] [client-4] Round 16 done — loss=1.0113 acc=0.4948  5.8s
2026-10-06 19:09:52,924 [INFO] [client-4] Round 17 — receiving model…
2026-10-06 19:09:52,931 [INFO] send 13933B via direct in 1625ms (0.07 Mbit/s) to 885410c638ce9c95
2026-10-06 19:09:53,007 [INFO] [client-2] Round 16 done — loss=0.9588 acc=0.5282  5.9s
2026-10-06 19:09:53,009 [INFO] [client-2] Round 17 — receiving model…
2026-10-06 19:09:53,011 [INFO] send 13933B via direct in 1366ms (0.08 Mbit/s) to 885410c638ce9c95
2026-10-06 19:09:53,079 [INFO] [client-5] Round 16 done — loss=0.9742 acc=0.5615  5.4s
2026-10-06 19:09:53,081 [INFO] [client-5] Round 17 — receiving model…
2026-10-06 19:09:53,084 [INFO] send 13933B via direct in 857ms (0.13 Mbit/s) to 885410c638ce9c95
2026-10-06 19:09:53,144 [INFO] [client-9] Round 16 done — loss=1.0070 acc=0.5249  5.8s
2026-10-06 19:09:53,146 [INFO] [client-9] Round 17 — receiving model…
2026-10-06 19:09:53,147 [INFO] recv 13933B via direct in 634ms
2026-10-06 19:09:53,203 [INFO] Round 16/20  acc=0.4676  loss=1.0627  5.6s  clients=10
2026-10-06 19:09:53,204 [INFO] Round 17 — sending model to 10 clients…
2026-10-06 19:09:53,586 [INFO] recv 13933B via direct in 262ms
2026-10-06 19:09:53,590 [INFO] [client-0] Round 17 — training locally…
2026-10-06 19:09:53,827 [INFO] [client-0] Round 17 — sending update…
2026-10-06 19:09:53,845 [INFO] send 13933B via direct in 623ms (0.18 Mbit/s) to f58771d3edfe4728
2026-10-06 19:09:53,848 [INFO] send 13933B via direct in 621ms (0.18 Mbit/s) to 60dccf30a918c675
2026-10-06 19:09:53,850 [INFO] send 13933B via direct in 616ms (0.18 Mbit/s) to b49fd0334945c2bc
2026-10-06 19:09:53,853 [INFO] send 13933B via direct in 614ms (0.18 Mbit/s) to 4770bada37bd1145
2026-10-06 19:09:53,855 [INFO] send 13933B via direct in 613ms (0.18 Mbit/s) to 085f706fba66cbd6
2026-10-06 19:09:53,857 [INFO] send 13933B via direct in 606ms (0.18 Mbit/s) to 0a1307bb05ad9637
2026-10-06 19:09:53,859 [INFO] send 13933B via direct in 618ms (0.18 Mbit/s) to 780551ed6b0c772c
2026-10-06 19:09:53,863 [INFO] send 13933B via direct in 619ms (0.18 Mbit/s) to 414506fa8e8b38a2
2026-10-06 19:09:53,864 [INFO] send 13933B via direct in 609ms (0.18 Mbit/s) to 382c0a2d6b558ef7
2026-10-06 19:09:53,866 [INFO] recv 13933B via direct in 488ms
2026-10-06 19:09:53,871 [INFO] [client-8] Round 17 — training locally…
2026-10-06 19:09:54,175 [INFO] [client-8] Round 17 — sending update…
2026-10-06 19:09:54,178 [INFO] recv 13933B via direct in 485ms
2026-10-06 19:09:54,184 [INFO] [client-7] Round 17 — training locally…
2026-10-06 19:09:54,441 [INFO] [client-7] Round 17 — sending update…
2026-10-06 19:09:54,445 [INFO] recv 13933B via direct in 514ms
2026-10-06 19:09:54,450 [INFO] [client-9] Round 17 — training locally…
2026-10-06 19:09:54,683 [INFO] [client-9] Round 17 — sending update…
2026-10-06 19:09:54,690 [INFO] recv 13933B via direct in 463ms
2026-10-06 19:09:54,694 [INFO] [client-5] Round 17 — training locally…
2026-10-06 19:09:54,909 [INFO] [client-5] Round 17 — sending update…
2026-10-06 19:09:54,913 [INFO] recv 13933B via direct in 448ms
2026-10-06 19:09:54,920 [INFO] [client-1] Round 17 — training locally…
2026-10-06 19:09:55,117 [INFO] [client-1] Round 17 — sending update…
2026-10-06 19:09:55,123 [INFO] recv 13933B via direct in 444ms
2026-10-06 19:09:55,130 [INFO] [client-3] Round 17 — training locally…
2026-10-06 19:09:55,407 [INFO] [client-3] Round 17 — sending update…
2026-10-06 19:09:55,411 [INFO] recv 13933B via direct in 427ms
2026-10-06 19:09:55,416 [INFO] [client-6] Round 17 — training locally…
2026-10-06 19:09:55,728 [INFO] [client-6] Round 17 — sending update…
2026-10-06 19:09:55,733 [INFO] recv 13933B via direct in 422ms
2026-10-06 19:09:55,739 [INFO] [client-2] Round 17 — training locally…
2026-10-06 19:09:56,033 [INFO] [client-2] Round 17 — sending update…
2026-10-06 19:09:56,037 [INFO] recv 13933B via direct in 485ms
2026-10-06 19:09:56,041 [INFO] [client-4] Round 17 — training locally…
2026-10-06 19:09:56,455 [INFO] [client-4] Round 17 — sending update…
2026-10-06 19:09:56,461 [INFO] send 13933B via direct in 607ms (0.18 Mbit/s) to ab37205a346d541a
2026-10-06 19:09:56,465 [INFO] Round 17 — waiting for 10 updates…
2026-10-06 19:09:56,705 [INFO] recv 13933B via direct in 237ms
2026-10-06 19:09:56,713 [INFO] recv 13933B via direct in 245ms
2026-10-06 19:09:56,722 [INFO] recv 13933B via direct in 253ms
2026-10-06 19:09:56,729 [INFO] recv 13933B via direct in 261ms
2026-10-06 19:09:56,739 [INFO] recv 13933B via direct in 270ms
2026-10-06 19:09:56,746 [INFO] recv 13933B via direct in 278ms
2026-10-06 19:09:56,772 [INFO] recv 13933B via direct in 303ms
2026-10-06 19:09:56,784 [INFO] recv 13933B via direct in 314ms
2026-10-06 19:09:56,800 [INFO] send 13933B via direct in 2965ms (0.04 Mbit/s) to 885410c638ce9c95
2026-10-06 19:09:56,983 [INFO] [client-0] Round 17 done — loss=1.0545 acc=0.4501  4.4s
2026-10-06 19:09:56,986 [INFO] [client-0] Round 18 — receiving model…
2026-10-06 19:09:56,993 [INFO] send 13933B via direct in 2619ms (0.04 Mbit/s) to 885410c638ce9c95
2026-10-06 19:09:57,163 [INFO] [client-8] Round 17 done — loss=0.7610 acc=0.7088  4.5s
2026-10-06 19:09:57,165 [INFO] [client-8] Round 18 — receiving model…
2026-10-06 19:09:57,172 [INFO] send 13933B via direct in 2352ms (0.05 Mbit/s) to 885410c638ce9c95
2026-10-06 19:09:57,302 [INFO] [client-7] Round 17 done — loss=1.0280 acc=0.4478  4.5s
2026-10-06 19:09:57,309 [INFO] [client-7] Round 18 — receiving model…
2026-10-06 19:09:57,312 [INFO] send 13933B via direct in 2109ms (0.05 Mbit/s) to 885410c638ce9c95
2026-10-06 19:09:57,515 [INFO] [client-9] Round 17 done — loss=1.0073 acc=0.5190  4.4s
2026-10-06 19:09:57,526 [INFO] [client-9] Round 18 — receiving model…
2026-10-06 19:09:57,540 [INFO] send 13933B via direct in 1675ms (0.07 Mbit/s) to 885410c638ce9c95
2026-10-06 19:09:57,744 [INFO] [client-1] Round 17 done — loss=1.0575 acc=0.4155  5.0s
2026-10-06 19:09:57,756 [INFO] [client-1] Round 18 — receiving model…
2026-10-06 19:09:57,759 [INFO] send 13933B via direct in 1886ms (0.06 Mbit/s) to 885410c638ce9c95
2026-10-06 19:09:57,940 [INFO] [client-5] Round 17 done — loss=0.9738 acc=0.5508  4.9s
2026-10-06 19:09:57,942 [INFO] [client-5] Round 18 — receiving model…
2026-10-06 19:09:57,951 [INFO] send 13933B via direct in 1388ms (0.08 Mbit/s) to 885410c638ce9c95
2026-10-06 19:09:58,091 [INFO] [client-3] Round 17 done — loss=1.0440 acc=0.4574  5.6s
2026-10-06 19:09:58,093 [INFO] [client-3] Round 18 — receiving model…
2026-10-06 19:09:58,108 [INFO] send 13933B via direct in 2364ms (0.05 Mbit/s) to 885410c638ce9c95
2026-10-06 19:09:58,233 [INFO] [client-6] Round 17 done — loss=1.0063 acc=0.5024  5.6s
2026-10-06 19:09:58,236 [INFO] [client-6] Round 18 — receiving model…
2026-10-06 19:09:58,239 [INFO] send 13933B via direct in 1640ms (0.07 Mbit/s) to 885410c638ce9c95
2026-10-06 19:09:58,403 [INFO] [client-4] Round 17 done — loss=1.0113 acc=0.4966  5.5s
2026-10-06 19:09:58,406 [INFO] [client-4] Round 18 — receiving model…
2026-10-06 19:09:58,408 [INFO] recv 13933B via direct in 1407ms
2026-10-06 19:09:58,415 [INFO] recv 13933B via direct in 313ms
2026-10-06 19:09:58,504 [INFO] Round 17/20  acc=0.4695  loss=1.0618  5.3s  clients=10
2026-10-06 19:09:58,506 [INFO] Round 18 — sending model to 10 clients…
2026-10-06 19:09:58,531 [WARNING] transfer attempt 1/3 failed (stream not acknowledged: IrohError:  closed by peer: 0) — retrying
2026-10-06 19:09:58,891 [INFO] recv 13933B via direct in 264ms
2026-10-06 19:09:58,893 [INFO] [client-4] Round 18 — training locally…
2026-10-06 19:09:59,194 [INFO] [client-4] Round 18 — sending update…
2026-10-06 19:09:59,210 [INFO] send 13933B via direct in 692ms (0.16 Mbit/s) to 780551ed6b0c772c
2026-10-06 19:09:59,212 [INFO] send 13933B via direct in 689ms (0.16 Mbit/s) to ab37205a346d541a
2026-10-06 19:09:59,213 [INFO] send 13933B via direct in 689ms (0.16 Mbit/s) to 4770bada37bd1145
2026-10-06 19:09:59,214 [INFO] send 13933B via direct in 688ms (0.16 Mbit/s) to 0a1307bb05ad9637
2026-10-06 19:09:59,216 [INFO] send 13933B via direct in 687ms (0.16 Mbit/s) to b49fd0334945c2bc
2026-10-06 19:09:59,218 [INFO] send 13933B via direct in 686ms (0.16 Mbit/s) to f58771d3edfe4728
2026-10-06 19:09:59,220 [INFO] send 13933B via direct in 681ms (0.16 Mbit/s) to 085f706fba66cbd6
2026-10-06 19:09:59,221 [INFO] send 13933B via direct in 678ms (0.16 Mbit/s) to 382c0a2d6b558ef7
2026-10-06 19:09:59,222 [INFO] send 13933B via direct in 677ms (0.16 Mbit/s) to 60dccf30a918c675
2026-10-06 19:09:59,223 [INFO] send 13933B via direct in 676ms (0.17 Mbit/s) to 414506fa8e8b38a2
2026-10-06 19:09:59,226 [INFO] recv 13933B via direct in 553ms
2026-10-06 19:09:59,229 [INFO] [client-7] Round 18 — training locally…
2026-10-06 19:09:59,469 [INFO] [client-7] Round 18 — sending update…
2026-10-06 19:09:59,471 [INFO] recv 13933B via direct in 575ms
2026-10-06 19:09:59,474 [INFO] [client-6] Round 18 — training locally…
2026-10-06 19:09:59,737 [INFO] [client-6] Round 18 — sending update…
2026-10-06 19:09:59,740 [INFO] recv 13933B via direct in 574ms
2026-10-06 19:09:59,742 [INFO] [client-5] Round 18 — training locally…
2026-10-06 19:09:59,961 [INFO] [client-5] Round 18 — sending update…
2026-10-06 19:09:59,965 [INFO] recv 13933B via direct in 551ms
2026-10-06 19:09:59,970 [INFO] [client-0] Round 18 — training locally…
2026-10-06 19:10:00,288 [INFO] [client-0] Round 18 — sending update…
2026-10-06 19:10:00,293 [INFO] recv 13933B via direct in 547ms
2026-10-06 19:10:00,295 [INFO] [client-1] Round 18 — training locally…
2026-10-06 19:10:00,580 [INFO] [client-1] Round 18 — sending update…
2026-10-06 19:10:00,584 [INFO] recv 13933B via direct in 479ms
2026-10-06 19:10:00,588 [INFO] [client-3] Round 18 — training locally…
2026-10-06 19:10:00,800 [INFO] [client-3] Round 18 — sending update…
2026-10-06 19:10:00,803 [INFO] recv 13933B via direct in 475ms
2026-10-06 19:10:00,806 [INFO] [client-9] Round 18 — training locally…
2026-10-06 19:10:01,020 [INFO] [client-9] Round 18 — sending update…
2026-10-06 19:10:01,024 [INFO] recv 13933B via direct in 471ms
2026-10-06 19:10:01,031 [INFO] [client-8] Round 18 — training locally…
2026-10-06 19:10:01,261 [INFO] [client-8] Round 18 — sending update…
2026-10-06 19:10:01,265 [INFO] Round 18 — waiting for 10 updates…
2026-10-06 19:10:01,506 [INFO] recv 13933B via direct in 232ms
2026-10-06 19:10:01,512 [INFO] recv 13933B via direct in 239ms
2026-10-06 19:10:01,520 [INFO] recv 13933B via direct in 247ms
2026-10-06 19:10:01,528 [INFO] recv 13933B via direct in 255ms
2026-10-06 19:10:01,537 [INFO] recv 13933B via direct in 263ms
2026-10-06 19:10:01,561 [INFO] recv 13933B via direct in 287ms
2026-10-06 19:10:01,574 [INFO] recv 13933B via direct in 301ms
2026-10-06 19:10:01,583 [INFO] send 13933B via direct in 2384ms (0.05 Mbit/s) to 885410c638ce9c95
2026-10-06 19:10:01,619 [INFO] [client-4] Round 18 done — loss=1.0090 acc=0.4993  3.2s
2026-10-06 19:10:01,620 [INFO] [client-4] Round 19 — receiving model…
2026-10-06 19:10:01,622 [INFO] send 13933B via direct in 2110ms (0.05 Mbit/s) to 885410c638ce9c95
2026-10-06 19:10:01,790 [INFO] [client-7] Round 18 done — loss=1.0245 acc=0.4550  4.5s
2026-10-06 19:10:01,792 [INFO] [client-7] Round 19 — receiving model…
2026-10-06 19:10:01,795 [INFO] send 13933B via direct in 1842ms (0.06 Mbit/s) to 885410c638ce9c95
2026-10-06 19:10:01,844 [INFO] [client-6] Round 18 done — loss=1.0132 acc=0.4969  3.6s
2026-10-06 19:10:01,846 [INFO] [client-6] Round 19 — receiving model…
2026-10-06 19:10:01,850 [INFO] send 13933B via direct in 1829ms (0.06 Mbit/s) to 885410c638ce9c95
2026-10-06 19:10:01,909 [INFO] [client-5] Round 18 done — loss=0.9707 acc=0.5570  4.0s
2026-10-06 19:10:01,911 [INFO] [client-5] Round 19 — receiving model…
2026-10-06 19:10:01,913 [INFO] send 13933B via direct in 1502ms (0.07 Mbit/s) to 885410c638ce9c95
2026-10-06 19:10:01,964 [INFO] [client-0] Round 18 done — loss=1.0502 acc=0.4631  5.0s
2026-10-06 19:10:01,965 [INFO] [client-0] Round 19 — receiving model…
2026-10-06 19:10:01,968 [INFO] send 13933B via direct in 1265ms (0.09 Mbit/s) to 885410c638ce9c95
2026-10-06 19:10:02,013 [INFO] [client-1] Round 18 done — loss=1.0588 acc=0.4183  4.3s
2026-10-06 19:10:02,015 [INFO] [client-1] Round 19 — receiving model…
2026-10-06 19:10:02,017 [INFO] send 13933B via direct in 1045ms (0.11 Mbit/s) to 885410c638ce9c95
2026-10-06 19:10:02,066 [INFO] [client-3] Round 18 done — loss=1.0465 acc=0.4502  4.0s
2026-10-06 19:10:02,067 [INFO] [client-3] Round 19 — receiving model…
2026-10-06 19:10:02,069 [INFO] send 13933B via direct in 584ms (0.19 Mbit/s) to 885410c638ce9c95
2026-10-06 19:10:02,123 [INFO] [client-8] Round 18 done — loss=0.7618 acc=0.7143  5.0s
2026-10-06 19:10:02,125 [INFO] [client-8] Round 19 — receiving model…
2026-10-06 19:10:02,127 [INFO] send 13933B via direct in 5813ms (0.02 Mbit/s) to 885410c638ce9c95 (attempt 2)
2026-10-06 19:10:02,173 [INFO] [client-2] Round 17 done — loss=0.9520 acc=0.5295  9.2s
2026-10-06 19:10:02,174 [INFO] [client-2] Round 18 — receiving model…
2026-10-06 19:10:02,175 [INFO] recv 13933B via direct in 558ms
2026-10-06 19:10:02,182 [INFO] [client-2] Round 18 — training locally…
2026-10-06 19:10:02,492 [INFO] [client-2] Round 18 — sending update…
2026-10-06 19:10:02,495 [INFO] recv 13933B via direct in 488ms
2026-10-06 19:10:02,499 [INFO] recv 13933B via direct in 472ms
2026-10-06 19:10:02,640 [INFO] recv 13933B via direct in 134ms
2026-10-06 19:10:02,695 [INFO] Round 18/20  acc=0.4701  loss=1.0555  4.2s  clients=10
2026-10-06 19:10:02,698 [INFO] Round 19 — sending model to 10 clients…
2026-10-06 19:10:02,715 [INFO] send 13933B via direct in 1690ms (0.07 Mbit/s) to 885410c638ce9c95
2026-10-06 19:10:02,745 [INFO] [client-9] Round 18 done — loss=1.0115 acc=0.5197  5.2s
2026-10-06 19:10:02,746 [INFO] [client-9] Round 19 — receiving model…
2026-10-06 19:10:02,749 [INFO] send 13933B via direct in 255ms (0.44 Mbit/s) to 885410c638ce9c95
2026-10-06 19:10:02,790 [INFO] [client-2] Round 18 done — loss=0.9550 acc=0.5323  0.6s
2026-10-06 19:10:02,792 [INFO] [client-2] Round 19 — receiving model…
2026-10-06 19:10:03,094 [INFO] recv 13933B via direct in 282ms
2026-10-06 19:10:03,097 [INFO] [client-6] Round 19 — training locally…
2026-10-06 19:10:03,421 [INFO] [client-6] Round 19 — sending update…
2026-10-06 19:10:03,441 [INFO] send 13933B via direct in 725ms (0.15 Mbit/s) to ab37205a346d541a
2026-10-06 19:10:03,442 [INFO] send 13933B via direct in 723ms (0.15 Mbit/s) to 60dccf30a918c675
2026-10-06 19:10:03,445 [INFO] send 13933B via direct in 722ms (0.15 Mbit/s) to 780551ed6b0c772c
2026-10-06 19:10:03,447 [INFO] send 13933B via direct in 723ms (0.15 Mbit/s) to f58771d3edfe4728
2026-10-06 19:10:03,450 [INFO] send 13933B via direct in 720ms (0.16 Mbit/s) to 414506fa8e8b38a2
2026-10-06 19:10:03,452 [INFO] send 13933B via direct in 718ms (0.16 Mbit/s) to 4770bada37bd1145
2026-10-06 19:10:03,454 [INFO] send 13933B via direct in 725ms (0.15 Mbit/s) to 382c0a2d6b558ef7
2026-10-06 19:10:03,458 [INFO] send 13933B via direct in 720ms (0.16 Mbit/s) to 0a1307bb05ad9637
2026-10-06 19:10:03,460 [INFO] send 13933B via direct in 719ms (0.16 Mbit/s) to b49fd0334945c2bc
2026-10-06 19:10:03,461 [INFO] recv 13933B via direct in 595ms
2026-10-06 19:10:03,465 [INFO] [client-2] Round 19 — training locally…
2026-10-06 19:10:03,996 [INFO] [client-2] Round 19 — sending update…
2026-10-06 19:10:04,000 [INFO] recv 13933B via direct in 591ms
2026-10-06 19:10:04,006 [INFO] [client-7] Round 19 — training locally…
2026-10-06 19:10:04,411 [INFO] [client-7] Round 19 — sending update…
2026-10-06 19:10:04,416 [INFO] recv 13933B via direct in 587ms
2026-10-06 19:10:04,422 [INFO] [client-5] Round 19 — training locally…
2026-10-06 19:10:04,723 [INFO] [client-5] Round 19 — sending update…
2026-10-06 19:10:04,729 [INFO] recv 13933B via direct in 617ms
2026-10-06 19:10:04,734 [INFO] [client-9] Round 19 — training locally…
2026-10-06 19:10:05,076 [INFO] [client-9] Round 19 — sending update…
2026-10-06 19:10:05,079 [INFO] recv 13933B via direct in 617ms
2026-10-06 19:10:05,083 [INFO] [client-4] Round 19 — training locally…
2026-10-06 19:10:05,328 [INFO] [client-4] Round 19 — sending update…
2026-10-06 19:10:05,330 [INFO] recv 13933B via direct in 615ms
2026-10-06 19:10:05,333 [INFO] [client-0] Round 19 — training locally…
2026-10-06 19:10:05,525 [INFO] [client-0] Round 19 — sending update…
2026-10-06 19:10:05,530 [INFO] recv 13933B via direct in 611ms
2026-10-06 19:10:05,533 [INFO] [client-3] Round 19 — training locally…
2026-10-06 19:10:05,756 [INFO] [client-3] Round 19 — sending update…
2026-10-06 19:10:05,760 [INFO] recv 13933B via direct in 607ms
2026-10-06 19:10:05,764 [INFO] [client-8] Round 19 — training locally…
2026-10-06 19:10:05,983 [INFO] [client-8] Round 19 — sending update…
2026-10-06 19:10:06,275 [INFO] recv 13933B via direct in 281ms
2026-10-06 19:10:06,279 [INFO] [client-1] Round 19 — training locally…
2026-10-06 19:10:06,607 [INFO] [client-1] Round 19 — sending update…
2026-10-06 19:10:06,623 [INFO] send 13933B via direct in 3191ms (0.04 Mbit/s) to 885410c638ce9c95
2026-10-06 19:10:06,672 [INFO] [client-6] Round 19 done — loss=1.0077 acc=0.4962  4.8s
2026-10-06 19:10:06,674 [INFO] [client-6] Round 20 — receiving model…
2026-10-06 19:10:06,675 [INFO] send 13933B via direct in 857ms (0.13 Mbit/s) to 885410c638ce9c95
2026-10-06 19:10:06,726 [INFO] [client-3] Round 19 done — loss=1.0403 acc=0.4516  4.7s
2026-10-06 19:10:06,728 [INFO] [client-3] Round 20 — receiving model…
2026-10-06 19:10:06,729 [INFO] send 13933B via direct in 3907ms (0.03 Mbit/s) to 085f706fba66cbd6
2026-10-06 19:10:06,730 [INFO] send 13933B via direct in 2618ms (0.04 Mbit/s) to 885410c638ce9c95
2026-10-06 19:10:06,791 [INFO] [client-2] Round 19 done — loss=0.9570 acc=0.5220  4.0s
2026-10-06 19:10:06,792 [INFO] [client-2] Round 20 — receiving model…
2026-10-06 19:10:06,794 [INFO] send 13933B via direct in 2203ms (0.05 Mbit/s) to 885410c638ce9c95
2026-10-06 19:10:06,849 [INFO] [client-7] Round 19 done — loss=1.0284 acc=0.4550  5.1s
2026-10-06 19:10:06,851 [INFO] [client-7] Round 20 — receiving model…
2026-10-06 19:10:06,854 [INFO] send 13933B via direct in 1892ms (0.06 Mbit/s) to 885410c638ce9c95
2026-10-06 19:10:06,913 [INFO] [client-5] Round 19 done — loss=0.9680 acc=0.5553  5.0s
2026-10-06 19:10:06,914 [INFO] [client-5] Round 20 — receiving model…
2026-10-06 19:10:06,916 [INFO] send 13933B via direct in 1540ms (0.07 Mbit/s) to 885410c638ce9c95
2026-10-06 19:10:06,960 [INFO] [client-9] Round 19 done — loss=1.0063 acc=0.5249  4.2s
2026-10-06 19:10:06,961 [INFO] [client-9] Round 20 — receiving model…
2026-10-06 19:10:06,963 [INFO] send 13933B via direct in 1289ms (0.09 Mbit/s) to 885410c638ce9c95
2026-10-06 19:10:07,009 [INFO] [client-4] Round 19 done — loss=1.0138 acc=0.4966  5.4s
2026-10-06 19:10:07,010 [INFO] [client-4] Round 20 — receiving model…
2026-10-06 19:10:07,011 [INFO] send 13933B via direct in 1091ms (0.10 Mbit/s) to 885410c638ce9c95
2026-10-06 19:10:07,052 [INFO] [client-0] Round 19 done — loss=1.0482 acc=0.4575  5.1s
2026-10-06 19:10:07,053 [INFO] [client-0] Round 20 — receiving model…
2026-10-06 19:10:07,055 [INFO] send 13933B via direct in 633ms (0.18 Mbit/s) to 885410c638ce9c95
2026-10-06 19:10:07,109 [INFO] [client-8] Round 19 done — loss=0.7635 acc=0.7153  5.0s
2026-10-06 19:10:07,110 [INFO] [client-8] Round 20 — receiving model…
2026-10-06 19:10:07,116 [INFO] Round 19 — waiting for 10 updates…
2026-10-06 19:10:07,120 [INFO] recv 13933B via direct in 102ms
2026-10-06 19:10:07,124 [INFO] recv 13933B via direct in 268ms
2026-10-06 19:10:07,128 [INFO] recv 13933B via direct in 273ms
2026-10-06 19:10:07,131 [INFO] recv 13933B via direct in 628ms
2026-10-06 19:10:07,135 [WARNING] Round 19 — discarding update from unselected/duplicate peer 0a1307bb05ad9637
2026-10-06 19:10:07,138 [INFO] recv 13933B via direct in 629ms
2026-10-06 19:10:07,141 [INFO] recv 13933B via direct in 629ms
2026-10-06 19:10:07,144 [INFO] recv 13933B via direct in 629ms
2026-10-06 19:10:07,148 [INFO] recv 13933B via direct in 629ms
2026-10-06 19:10:07,152 [INFO] recv 13933B via direct in 630ms
2026-10-06 19:10:07,159 [INFO] recv 13933B via direct in 860ms
2026-10-06 19:10:07,277 [INFO] recv 13933B via direct in 120ms
2026-10-06 19:10:07,322 [INFO] Round 19/20  acc=0.4648  loss=1.0668  4.6s  clients=10
2026-10-06 19:10:07,324 [INFO] Round 20 — sending model to 10 clients…
2026-10-06 19:10:07,343 [INFO] send 13933B via direct in 729ms (0.15 Mbit/s) to 885410c638ce9c95
2026-10-06 19:10:07,384 [INFO] [client-1] Round 19 done — loss=1.0609 acc=0.4159  5.4s
2026-10-06 19:10:07,386 [INFO] [client-1] Round 20 — receiving model…
2026-10-06 19:10:07,689 [INFO] recv 13933B via direct in 262ms
2026-10-06 19:10:07,692 [INFO] [client-3] Round 20 — training locally…
2026-10-06 19:10:07,934 [INFO] [client-3] Round 20 — sending update…
2026-10-06 19:10:07,951 [INFO] send 13933B via direct in 614ms (0.18 Mbit/s) to 382c0a2d6b558ef7
2026-10-06 19:10:07,953 [INFO] send 13933B via direct in 612ms (0.18 Mbit/s) to ab37205a346d541a
2026-10-06 19:10:07,955 [INFO] send 13933B via direct in 611ms (0.18 Mbit/s) to 085f706fba66cbd6
2026-10-06 19:10:07,957 [INFO] send 13933B via direct in 610ms (0.18 Mbit/s) to f58771d3edfe4728
2026-10-06 19:10:07,958 [INFO] send 13933B via direct in 609ms (0.18 Mbit/s) to 60dccf30a918c675
2026-10-06 19:10:07,960 [INFO] send 13933B via direct in 608ms (0.18 Mbit/s) to 0a1307bb05ad9637
2026-10-06 19:10:07,962 [INFO] send 13933B via direct in 606ms (0.18 Mbit/s) to 780551ed6b0c772c
2026-10-06 19:10:07,963 [INFO] send 13933B via direct in 602ms (0.19 Mbit/s) to b49fd0334945c2bc
2026-10-06 19:10:07,964 [INFO] send 13933B via direct in 602ms (0.19 Mbit/s) to 414506fa8e8b38a2
2026-10-06 19:10:07,966 [INFO] send 13933B via direct in 605ms (0.18 Mbit/s) to 4770bada37bd1145
2026-10-06 19:10:07,970 [INFO] recv 13933B via direct in 499ms
2026-10-06 19:10:07,974 [INFO] [client-6] Round 20 — training locally…
2026-10-06 19:10:08,334 [INFO] [client-6] Round 20 — sending update…
2026-10-06 19:10:08,347 [INFO] recv 13933B via direct in 495ms
2026-10-06 19:10:08,354 [INFO] [client-1] Round 20 — training locally…
2026-10-06 19:10:08,616 [INFO] [client-1] Round 20 — sending update…
2026-10-06 19:10:08,620 [INFO] recv 13933B via direct in 491ms
2026-10-06 19:10:08,624 [INFO] [client-0] Round 20 — training locally…
2026-10-06 19:10:08,823 [INFO] [client-0] Round 20 — sending update…
2026-10-06 19:10:08,826 [INFO] recv 13933B via direct in 441ms
2026-10-06 19:10:08,830 [INFO] [client-9] Round 20 — training locally…
2026-10-06 19:10:09,045 [INFO] [client-9] Round 20 — sending update…
2026-10-06 19:10:09,048 [INFO] recv 13933B via direct in 437ms
2026-10-06 19:10:09,052 [INFO] [client-2] Round 20 — training locally…
2026-10-06 19:10:09,255 [INFO] [client-2] Round 20 — sending update…
2026-10-06 19:10:09,258 [INFO] recv 13933B via direct in 419ms
2026-10-06 19:10:09,263 [INFO] [client-4] Round 20 — training locally…
2026-10-06 19:10:09,448 [INFO] [client-4] Round 20 — sending update…
2026-10-06 19:10:09,453 [INFO] recv 13933B via direct in 377ms
2026-10-06 19:10:09,457 [INFO] [client-7] Round 20 — training locally…
2026-10-06 19:10:09,773 [INFO] [client-7] Round 20 — sending update…
2026-10-06 19:10:09,777 [INFO] recv 13933B via direct in 398ms
2026-10-06 19:10:09,785 [INFO] [client-5] Round 20 — training locally…
2026-10-06 19:10:10,158 [INFO] [client-5] Round 20 — sending update…
2026-10-06 19:10:10,165 [INFO] recv 13933B via direct in 359ms
2026-10-06 19:10:10,171 [INFO] [client-8] Round 20 — training locally…
2026-10-06 19:10:10,485 [INFO] [client-8] Round 20 — sending update…
2026-10-06 19:10:10,488 [INFO] Round 20 — waiting for 10 updates…
2026-10-06 19:10:10,760 [INFO] recv 13933B via direct in 267ms
2026-10-06 19:10:10,769 [INFO] recv 13933B via direct in 275ms
2026-10-06 19:10:10,777 [INFO] recv 13933B via direct in 283ms
2026-10-06 19:10:10,801 [INFO] recv 13933B via direct in 307ms
2026-10-06 19:10:10,809 [INFO] recv 13933B via direct in 315ms
2026-10-06 19:10:10,818 [INFO] recv 13933B via direct in 324ms
2026-10-06 19:10:10,825 [INFO] recv 13933B via direct in 332ms
2026-10-06 19:10:10,833 [INFO] recv 13933B via direct in 340ms
2026-10-06 19:10:10,840 [INFO] recv 13933B via direct in 347ms
2026-10-06 19:10:10,850 [INFO] send 13933B via direct in 2909ms (0.04 Mbit/s) to 885410c638ce9c95
2026-10-06 19:10:10,884 [INFO] [client-3] Round 20 done — loss=1.0425 acc=0.4475  4.2s
2026-10-06 19:10:10,888 [INFO] send 13933B via direct in 2503ms (0.04 Mbit/s) to 885410c638ce9c95
2026-10-06 19:10:10,930 [INFO] [client-6] Round 20 done — loss=1.0143 acc=0.4861  4.3s
2026-10-06 19:10:10,935 [INFO] send 13933B via direct in 2230ms (0.05 Mbit/s) to 885410c638ce9c95
2026-10-06 19:10:10,973 [INFO] [client-1] Round 20 done — loss=1.0570 acc=0.4317  3.6s
2026-10-06 19:10:10,979 [INFO] send 13933B via direct in 2107ms (0.05 Mbit/s) to 885410c638ce9c95
2026-10-06 19:10:11,019 [INFO] [client-0] Round 20 done — loss=1.0508 acc=0.4644  4.0s
2026-10-06 19:10:11,022 [INFO] send 13933B via direct in 1885ms (0.06 Mbit/s) to 885410c638ce9c95
2026-10-06 19:10:11,072 [INFO] [client-9] Round 20 done — loss=1.0121 acc=0.5260  4.1s
2026-10-06 19:10:11,074 [INFO] send 13933B via direct in 1676ms (0.07 Mbit/s) to 885410c638ce9c95
2026-10-06 19:10:11,131 [INFO] [client-2] Round 20 done — loss=0.9557 acc=0.5268  4.3s
2026-10-06 19:10:11,132 [INFO] send 13933B via direct in 1523ms (0.07 Mbit/s) to 885410c638ce9c95
2026-10-06 19:10:11,174 [INFO] [client-4] Round 20 done — loss=1.0106 acc=0.4911  4.2s
2026-10-06 19:10:11,176 [INFO] send 13933B via direct in 1200ms (0.09 Mbit/s) to 885410c638ce9c95
2026-10-06 19:10:11,225 [INFO] [client-7] Round 20 done — loss=1.0284 acc=0.4536  4.4s
2026-10-06 19:10:11,226 [INFO] send 13933B via direct in 812ms (0.14 Mbit/s) to 885410c638ce9c95
2026-10-06 19:10:11,253 [INFO] [client-5] Round 20 done — loss=0.9697 acc=0.5580  4.3s
2026-10-06 19:10:11,255 [INFO] send 13933B via direct in 490ms (0.23 Mbit/s) to 885410c638ce9c95
2026-10-06 19:10:11,287 [INFO] [client-8] Round 20 done — loss=0.7557 acc=0.7122  4.2s
2026-10-06 19:10:11,289 [INFO] recv 13933B via direct in 230ms
2026-10-06 19:10:11,331 [INFO] Round 20/20  acc=0.4684  loss=1.0596  4.0s  clients=10
2026-10-06 19:10:12,623 [INFO] CoAP server [client-0] stopped
2026-10-06 19:10:12,736 [INFO] CoAP server [client-1] stopped
2026-10-06 19:10:12,846 [INFO] CoAP server [client-2] stopped
2026-10-06 19:10:12,952 [INFO] CoAP server [client-3] stopped
2026-10-06 19:10:13,058 [INFO] CoAP server [client-4] stopped
2026-10-06 19:10:13,166 [INFO] CoAP server [client-5] stopped
2026-10-06 19:10:13,274 [INFO] CoAP server [client-6] stopped
2026-10-06 19:10:13,380 [INFO] CoAP server [client-7] stopped
2026-10-06 19:10:13,486 [INFO] CoAP server [client-8] stopped
2026-10-06 19:10:13,592 [INFO] CoAP server [client-9] stopped
2026-10-06 19:10:13,698 [INFO] CoAP server [server] stopped
2026-10-06 19:10:13,707 [INFO] Exported 20 rows → results/e11/rural_lte/e7_airmlp_geographic_round_events.csv
2026-10-06 19:10:36,490 [INFO] AirMLP airmlp_geographic done: {'node_id': 'server', 'architecture': 'B', 'scenario': 'e7_airmlp_geographic', 'rounds_total': 20, 'rounds_success': 20, 'test_acc_final': 0.468407750631845, 'test_acc_max': 0.471215950575681, 'duration_mean_sec': 6.702788662700914, 'pct_direct': 0.0, 'pct_relay': 0.0, 'bytes_to_aggregator': 2793800}  macro-F1=0.3825  bal-acc=0.4229
2026-10-06 19:10:36,508 [INFO] E11 rural_lte: {"condition": "rural_lte", "netem": "delay 30ms 10ms loss 2% rate 5mbit", "fl_wall_s": 219.5, "rounds_ok": 20, "rounds": 20, "round_s_median": 4.113, "round_s_max": 51.925, "test_acc_final": 0.468407750631845, "macro_f1": 0.38253123123014504, "balanced_accuracy": 0.42287488260337175, "xfer_100kB_ok": "10/10", "xfer_100kB_ms_median": 568.7, "xfer_1000kB_ok": "10/10", "xfer_1000kB_ms_median": 2135.2, "xfer_10000kB_ok": "10/10", "xfer_10000kB_ms_median": 27165.8}
