2026-10-06 00:44:58,637 [INFO] Iroh node started: 41cbb09b23cf32b9  addrs=['10.77.0.1:46310']
2026-10-06 00:44:59,257 [INFO] Iroh node started: 324bf59781dba17f  addrs=['10.77.0.1:40746']
2026-10-06 00:44:59,884 [INFO] send 100000B via direct in 619ms (1.29 Mbit/s) to 324bf59781dba17f
2026-10-06 00:44:59,890 [INFO] recv 100000B via direct in 351ms
2026-10-06 00:45:00,525 [INFO] send 100000B via direct in 624ms (1.28 Mbit/s) to 324bf59781dba17f
2026-10-06 00:45:00,530 [INFO] recv 100000B via direct in 378ms
2026-10-06 00:45:01,118 [INFO] send 100000B via direct in 581ms (1.38 Mbit/s) to 324bf59781dba17f
2026-10-06 00:45:01,125 [INFO] recv 100000B via direct in 364ms
2026-10-06 00:45:01,677 [INFO] send 100000B via direct in 543ms (1.47 Mbit/s) to 324bf59781dba17f
2026-10-06 00:45:01,684 [INFO] recv 100000B via direct in 337ms
2026-10-06 00:45:02,244 [INFO] send 100000B via direct in 553ms (1.45 Mbit/s) to 324bf59781dba17f
2026-10-06 00:45:02,249 [INFO] recv 100000B via direct in 341ms
2026-10-06 00:45:02,821 [INFO] send 100000B via direct in 565ms (1.42 Mbit/s) to 324bf59781dba17f
2026-10-06 00:45:02,826 [INFO] recv 100000B via direct in 366ms
2026-10-06 00:45:03,415 [INFO] send 100000B via direct in 579ms (1.38 Mbit/s) to 324bf59781dba17f
2026-10-06 00:45:03,420 [INFO] recv 100000B via direct in 354ms
2026-10-06 00:45:04,019 [INFO] send 100000B via direct in 588ms (1.36 Mbit/s) to 324bf59781dba17f
2026-10-06 00:45:04,023 [INFO] recv 100000B via direct in 364ms
2026-10-06 00:45:04,578 [INFO] send 100000B via direct in 545ms (1.47 Mbit/s) to 324bf59781dba17f
2026-10-06 00:45:04,582 [INFO] recv 100000B via direct in 341ms
2026-10-06 00:45:05,187 [INFO] send 100000B via direct in 598ms (1.34 Mbit/s) to 324bf59781dba17f
2026-10-06 00:45:05,192 [INFO] recv 100000B via direct in 382ms
2026-10-06 00:45:06,275 [INFO] send 1000000B via direct in 1062ms (7.53 Mbit/s) to 324bf59781dba17f
2026-10-06 00:45:06,280 [INFO] recv 1000000B via direct in 741ms
2026-10-06 00:45:07,402 [INFO] send 1000000B via direct in 1115ms (7.17 Mbit/s) to 324bf59781dba17f
2026-10-06 00:45:07,407 [INFO] recv 1000000B via direct in 779ms
2026-10-06 00:45:08,584 [INFO] send 1000000B via direct in 1168ms (6.85 Mbit/s) to 324bf59781dba17f
2026-10-06 00:45:08,589 [INFO] recv 1000000B via direct in 788ms
2026-10-06 00:45:09,671 [INFO] send 1000000B via direct in 1075ms (7.44 Mbit/s) to 324bf59781dba17f
2026-10-06 00:45:09,676 [INFO] recv 1000000B via direct in 775ms
2026-10-06 00:45:10,734 [INFO] send 1000000B via direct in 1051ms (7.61 Mbit/s) to 324bf59781dba17f
2026-10-06 00:45:10,739 [INFO] recv 1000000B via direct in 771ms
2026-10-06 00:45:11,825 [INFO] send 1000000B via direct in 1078ms (7.42 Mbit/s) to 324bf59781dba17f
2026-10-06 00:45:11,828 [INFO] recv 1000000B via direct in 755ms
2026-10-06 00:45:12,876 [INFO] send 1000000B via direct in 1043ms (7.67 Mbit/s) to 324bf59781dba17f
2026-10-06 00:45:12,881 [INFO] recv 1000000B via direct in 786ms
2026-10-06 00:45:13,947 [INFO] send 1000000B via direct in 1058ms (7.56 Mbit/s) to 324bf59781dba17f
2026-10-06 00:45:13,952 [INFO] recv 1000000B via direct in 751ms
2026-10-06 00:45:15,002 [INFO] send 1000000B via direct in 1044ms (7.66 Mbit/s) to 324bf59781dba17f
2026-10-06 00:45:15,008 [INFO] recv 1000000B via direct in 753ms
2026-10-06 00:45:16,084 [INFO] send 1000000B via direct in 1067ms (7.50 Mbit/s) to 324bf59781dba17f
2026-10-06 00:45:16,089 [INFO] recv 1000000B via direct in 781ms
2026-10-06 00:45:19,190 [INFO] send 10000000B via direct in 3064ms (26.11 Mbit/s) to 324bf59781dba17f
2026-10-06 00:45:19,194 [INFO] recv 10000000B via direct in 1728ms
2026-10-06 00:45:22,387 [INFO] send 10000000B via direct in 3187ms (25.10 Mbit/s) to 324bf59781dba17f
2026-10-06 00:45:22,388 [INFO] recv 10000000B via direct in 1754ms
2026-10-06 00:45:25,445 [INFO] send 10000000B via direct in 3055ms (26.19 Mbit/s) to 324bf59781dba17f
2026-10-06 00:45:25,449 [INFO] recv 10000000B via direct in 1735ms
2026-10-06 00:45:28,552 [INFO] send 10000000B via direct in 3096ms (25.84 Mbit/s) to 324bf59781dba17f
2026-10-06 00:45:28,556 [INFO] recv 10000000B via direct in 1752ms
2026-10-06 00:45:31,677 [INFO] send 10000000B via direct in 3112ms (25.70 Mbit/s) to 324bf59781dba17f
2026-10-06 00:45:31,679 [INFO] recv 10000000B via direct in 1759ms
2026-10-06 00:45:34,759 [INFO] send 10000000B via direct in 3078ms (25.99 Mbit/s) to 324bf59781dba17f
2026-10-06 00:45:34,761 [INFO] recv 10000000B via direct in 1764ms
2026-10-06 00:45:37,853 [INFO] send 10000000B via direct in 3089ms (25.90 Mbit/s) to 324bf59781dba17f
2026-10-06 00:45:37,855 [INFO] recv 10000000B via direct in 1770ms
2026-10-06 00:45:40,937 [INFO] send 10000000B via direct in 3075ms (26.02 Mbit/s) to 324bf59781dba17f
2026-10-06 00:45:40,938 [INFO] recv 10000000B via direct in 1728ms
2026-10-06 00:45:44,050 [INFO] send 10000000B via direct in 3107ms (25.75 Mbit/s) to 324bf59781dba17f
2026-10-06 00:45:44,052 [INFO] recv 10000000B via direct in 1760ms
2026-10-06 00:45:47,158 [INFO] send 10000000B via direct in 3100ms (25.81 Mbit/s) to 324bf59781dba17f
2026-10-06 00:45:47,160 [INFO] recv 10000000B via direct in 1752ms
2026-10-06 00:46:25,429 [INFO] === E7 AirMLP + FedAvg — geographic ===
2026-10-06 00:46:25,913 [INFO] Air quality dataset loaded: 28514 train / 3561 test | 6 features | 3 classes
2026-10-06 00:46:25,917 [INFO] Geographic partition: 10 provinces  min=2305  max=2922  mean=2851
2026-10-06 00:46:26,011 [INFO] AirMLP class weights: [1.026976466178894, 1.0868686437606812, 0.904000997543335]
2026-10-06 00:46:26,693 [INFO] Iroh node started: 4df75fcce03cf096  addrs=['10.77.0.1:56792']
2026-10-06 00:46:27,110 [INFO] CoAP server [server] listening on 0.0.0.0:5783
2026-10-06 00:46:27,112 [INFO] FLServer server started (mock=False)
2026-10-06 00:46:27,767 [INFO] Iroh node started: 3b7812f4abac54f5  addrs=['10.77.0.1:44621']
2026-10-06 00:46:27,775 [INFO] CoAP server [client-0] listening on 0.0.0.0:5784
2026-10-06 00:46:27,776 [INFO] FLClient client-0 started (mock=False)
2026-10-06 00:46:27,776 [INFO] Registered client client-0  iroh=3b7812f4abac54f5
2026-10-06 00:46:28,433 [INFO] Iroh node started: 357ef407946a4e8a  addrs=['10.77.0.1:59180']
2026-10-06 00:46:28,465 [INFO] CoAP server [client-1] listening on 0.0.0.0:5785
2026-10-06 00:46:28,466 [INFO] FLClient client-1 started (mock=False)
2026-10-06 00:46:28,469 [INFO] Registered client client-1  iroh=357ef407946a4e8a
2026-10-06 00:46:29,222 [INFO] Iroh node started: f128f4fd14b06d2c  addrs=['10.77.0.1:51570']
2026-10-06 00:46:29,243 [INFO] CoAP server [client-2] listening on 0.0.0.0:5786
2026-10-06 00:46:29,247 [INFO] FLClient client-2 started (mock=False)
2026-10-06 00:46:29,250 [INFO] Registered client client-2  iroh=f128f4fd14b06d2c
2026-10-06 00:46:29,994 [INFO] Iroh node started: 1571d7c4e973870f  addrs=['10.77.0.1:40256']
2026-10-06 00:46:30,004 [INFO] CoAP server [client-3] listening on 0.0.0.0:5787
2026-10-06 00:46:30,005 [INFO] FLClient client-3 started (mock=False)
2026-10-06 00:46:30,007 [INFO] Registered client client-3  iroh=1571d7c4e973870f
2026-10-06 00:46:30,689 [INFO] Iroh node started: 76cfdcfd7f655318  addrs=['10.77.0.1:37296']
2026-10-06 00:46:30,720 [INFO] CoAP server [client-4] listening on 0.0.0.0:5788
2026-10-06 00:46:30,725 [INFO] FLClient client-4 started (mock=False)
2026-10-06 00:46:30,733 [INFO] Registered client client-4  iroh=76cfdcfd7f655318
2026-10-06 00:46:31,495 [INFO] Iroh node started: f84d83d0fded6ea4  addrs=['10.77.0.1:51344']
2026-10-06 00:46:31,533 [INFO] CoAP server [client-5] listening on 0.0.0.0:5789
2026-10-06 00:46:31,536 [INFO] FLClient client-5 started (mock=False)
2026-10-06 00:46:31,538 [INFO] Registered client client-5  iroh=f84d83d0fded6ea4
2026-10-06 00:46:32,270 [INFO] Iroh node started: df293149121a579d  addrs=['10.77.0.1:49384']
2026-10-06 00:46:32,286 [INFO] CoAP server [client-6] listening on 0.0.0.0:5790
2026-10-06 00:46:32,287 [INFO] FLClient client-6 started (mock=False)
2026-10-06 00:46:32,288 [INFO] Registered client client-6  iroh=df293149121a579d
2026-10-06 00:46:32,939 [INFO] Iroh node started: 5988eaf6a1232bc0  addrs=['10.77.0.1:39379']
2026-10-06 00:46:32,973 [INFO] CoAP server [client-7] listening on 0.0.0.0:5791
2026-10-06 00:46:32,976 [INFO] FLClient client-7 started (mock=False)
2026-10-06 00:46:32,979 [INFO] Registered client client-7  iroh=5988eaf6a1232bc0
2026-10-06 00:46:33,737 [INFO] Iroh node started: da7d9231e097e04b  addrs=['10.77.0.1:58746']
2026-10-06 00:46:33,763 [INFO] CoAP server [client-8] listening on 0.0.0.0:5792
2026-10-06 00:46:33,769 [INFO] FLClient client-8 started (mock=False)
2026-10-06 00:46:33,776 [INFO] Registered client client-8  iroh=da7d9231e097e04b
2026-10-06 00:46:34,526 [INFO] Iroh node started: 2113242f1a46c5a8  addrs=['10.77.0.1:52651']
2026-10-06 00:46:34,538 [INFO] CoAP server [client-9] listening on 0.0.0.0:5793
2026-10-06 00:46:34,540 [INFO] FLClient client-9 started (mock=False)
2026-10-06 00:46:34,545 [INFO] Registered client client-9  iroh=2113242f1a46c5a8
2026-10-06 00:46:34,550 [INFO] Round 1 — sending model to 10 clients…
2026-10-06 00:46:34,553 [INFO] [client-0] Round 1 — receiving model…
2026-10-06 00:46:34,554 [INFO] [client-1] Round 1 — receiving model…
2026-10-06 00:46:34,556 [INFO] [client-2] Round 1 — receiving model…
2026-10-06 00:46:34,558 [INFO] [client-3] Round 1 — receiving model…
2026-10-06 00:46:34,559 [INFO] [client-4] Round 1 — receiving model…
2026-10-06 00:46:34,560 [INFO] [client-5] Round 1 — receiving model…
2026-10-06 00:46:34,562 [INFO] [client-6] Round 1 — receiving model…
2026-10-06 00:46:34,564 [INFO] [client-7] Round 1 — receiving model…
2026-10-06 00:46:34,567 [INFO] [client-8] Round 1 — receiving model…
2026-10-06 00:46:34,569 [INFO] [client-9] Round 1 — receiving model…
2026-10-06 00:46:35,040 [INFO] recv 13933B via direct in 101ms
2026-10-06 00:46:35,070 [INFO] [client-1] Round 1 — training locally…
2026-10-06 00:47:23,523 [INFO] [client-1] Round 1 — sending update…
2026-10-06 00:47:23,531 [INFO] send 13933B via direct in 48768ms (0.00 Mbit/s) to 357ef407946a4e8a
2026-10-06 00:47:23,533 [INFO] send 13933B via direct in 48758ms (0.00 Mbit/s) to 3b7812f4abac54f5
2026-10-06 00:47:23,534 [INFO] send 13933B via direct in 48750ms (0.00 Mbit/s) to 2113242f1a46c5a8
2026-10-06 00:47:23,535 [INFO] send 13933B via direct in 48746ms (0.00 Mbit/s) to df293149121a579d
2026-10-06 00:47:23,536 [INFO] send 13933B via direct in 48745ms (0.00 Mbit/s) to da7d9231e097e04b
2026-10-06 00:47:23,537 [INFO] send 13933B via direct in 48744ms (0.00 Mbit/s) to 1571d7c4e973870f
2026-10-06 00:47:23,538 [INFO] send 13933B via direct in 48743ms (0.00 Mbit/s) to 5988eaf6a1232bc0
2026-10-06 00:47:23,539 [INFO] send 13933B via direct in 48742ms (0.00 Mbit/s) to 76cfdcfd7f655318
2026-10-06 00:47:23,541 [INFO] recv 13933B via direct in 48592ms
2026-10-06 00:47:23,543 [INFO] [client-2] Round 1 — training locally…
2026-10-06 00:47:23,646 [INFO] [client-2] Round 1 — sending update…
2026-10-06 00:47:23,650 [INFO] recv 13933B via direct in 48594ms
2026-10-06 00:47:23,653 [INFO] [client-5] Round 1 — training locally…
2026-10-06 00:47:23,777 [INFO] [client-5] Round 1 — sending update…
2026-10-06 00:47:23,781 [INFO] recv 13933B via direct in 48593ms
2026-10-06 00:47:23,784 [INFO] [client-0] Round 1 — training locally…
2026-10-06 00:47:23,868 [INFO] [client-0] Round 1 — sending update…
2026-10-06 00:47:23,870 [INFO] recv 13933B via direct in 48590ms
2026-10-06 00:47:23,873 [INFO] [client-9] Round 1 — training locally…
2026-10-06 00:47:23,956 [INFO] [client-9] Round 1 — sending update…
2026-10-06 00:47:23,958 [INFO] recv 13933B via direct in 48575ms
2026-10-06 00:47:23,960 [INFO] [client-6] Round 1 — training locally…
2026-10-06 00:47:24,049 [INFO] [client-6] Round 1 — sending update…
2026-10-06 00:47:24,052 [INFO] recv 13933B via direct in 48571ms
2026-10-06 00:47:24,054 [INFO] [client-8] Round 1 — training locally…
2026-10-06 00:47:24,153 [INFO] [client-8] Round 1 — sending update…
2026-10-06 00:47:24,156 [INFO] recv 13933B via direct in 48571ms
2026-10-06 00:47:24,160 [INFO] [client-3] Round 1 — training locally…
2026-10-06 00:47:24,269 [INFO] [client-3] Round 1 — sending update…
2026-10-06 00:47:24,272 [INFO] recv 13933B via direct in 48571ms
2026-10-06 00:47:24,276 [INFO] [client-7] Round 1 — training locally…
2026-10-06 00:47:24,371 [INFO] [client-7] Round 1 — sending update…
2026-10-06 00:47:24,373 [INFO] send 13933B via direct in 48764ms (0.00 Mbit/s) to f128f4fd14b06d2c
2026-10-06 00:47:24,374 [INFO] send 13933B via direct in 48770ms (0.00 Mbit/s) to f84d83d0fded6ea4
2026-10-06 00:47:24,375 [INFO] recv 13933B via direct in 48569ms
2026-10-06 00:47:24,376 [INFO] [client-4] Round 1 — training locally…
2026-10-06 00:47:24,467 [INFO] [client-4] Round 1 — sending update…
2026-10-06 00:47:24,469 [INFO] Round 1 — waiting for 10 updates…
2026-10-06 00:47:24,650 [INFO] recv 13933B via direct in 178ms
2026-10-06 00:47:24,653 [INFO] recv 13933B via direct in 178ms
2026-10-06 00:47:24,655 [INFO] recv 13933B via direct in 178ms
2026-10-06 00:47:24,660 [INFO] recv 13933B via direct in 178ms
2026-10-06 00:47:24,664 [INFO] recv 13933B via direct in 190ms
2026-10-06 00:47:24,669 [INFO] recv 13933B via direct in 190ms
2026-10-06 00:47:24,672 [INFO] recv 13933B via direct in 191ms
2026-10-06 00:47:24,676 [INFO] recv 13933B via direct in 203ms
2026-10-06 00:47:24,679 [INFO] recv 13933B via direct in 135ms
2026-10-06 00:47:24,705 [INFO] send 13933B via direct in 1179ms (0.09 Mbit/s) to 4df75fcce03cf096
2026-10-06 00:47:24,732 [INFO] [client-1] Round 1 done — loss=1.0796 acc=0.3819  50.2s
2026-10-06 00:47:24,734 [INFO] [client-1] Round 2 — receiving model…
2026-10-06 00:47:24,735 [INFO] send 13933B via direct in 1054ms (0.11 Mbit/s) to 4df75fcce03cf096
2026-10-06 00:47:24,750 [INFO] [client-2] Round 1 done — loss=1.0408 acc=0.4557  50.2s
2026-10-06 00:47:24,751 [INFO] [client-2] Round 2 — receiving model…
2026-10-06 00:47:24,752 [INFO] send 13933B via direct in 924ms (0.12 Mbit/s) to 4df75fcce03cf096
2026-10-06 00:47:24,771 [INFO] [client-5] Round 1 done — loss=1.0613 acc=0.4492  50.2s
2026-10-06 00:47:24,772 [INFO] [client-5] Round 2 — receiving model…
2026-10-06 00:47:24,775 [INFO] send 13933B via direct in 903ms (0.12 Mbit/s) to 4df75fcce03cf096
2026-10-06 00:47:24,792 [INFO] [client-0] Round 1 done — loss=1.0644 acc=0.4540  50.2s
2026-10-06 00:47:24,793 [INFO] [client-0] Round 2 — receiving model…
2026-10-06 00:47:24,793 [INFO] send 13933B via direct in 816ms (0.14 Mbit/s) to 4df75fcce03cf096
2026-10-06 00:47:24,807 [INFO] [client-9] Round 1 done — loss=1.0565 acc=0.4600  50.2s
2026-10-06 00:47:24,808 [INFO] [client-9] Round 2 — receiving model…
2026-10-06 00:47:24,809 [INFO] send 13933B via direct in 721ms (0.15 Mbit/s) to 4df75fcce03cf096
2026-10-06 00:47:24,823 [INFO] [client-6] Round 1 done — loss=1.0480 acc=0.4569  50.3s
2026-10-06 00:47:24,824 [INFO] [client-6] Round 2 — receiving model…
2026-10-06 00:47:24,825 [INFO] send 13933B via direct in 618ms (0.18 Mbit/s) to 4df75fcce03cf096
2026-10-06 00:47:24,847 [INFO] [client-8] Round 1 done — loss=0.8046 acc=0.6868  50.3s
2026-10-06 00:47:24,848 [INFO] [client-8] Round 2 — receiving model…
2026-10-06 00:47:24,849 [INFO] send 13933B via direct in 502ms (0.22 Mbit/s) to 4df75fcce03cf096
2026-10-06 00:47:24,868 [INFO] [client-3] Round 1 done — loss=1.0595 acc=0.4499  50.3s
2026-10-06 00:47:24,869 [INFO] [client-3] Round 2 — receiving model…
2026-10-06 00:47:24,870 [INFO] send 13933B via direct in 401ms (0.28 Mbit/s) to 4df75fcce03cf096
2026-10-06 00:47:24,886 [INFO] [client-7] Round 1 done — loss=1.0568 acc=0.4200  50.3s
2026-10-06 00:47:24,886 [INFO] [client-7] Round 2 — receiving model…
2026-10-06 00:47:24,888 [INFO] recv 13933B via direct in 137ms
2026-10-06 00:47:24,915 [INFO] Round 1/20  acc=0.2845  loss=1.1184  50.4s  clients=10
2026-10-06 00:47:24,916 [INFO] Round 2 — sending model to 10 clients…
2026-10-06 00:47:24,925 [INFO] send 13933B via direct in 420ms (0.27 Mbit/s) to 4df75fcce03cf096
2026-10-06 00:47:24,940 [INFO] [client-4] Round 1 done — loss=1.0315 acc=0.4876  50.4s
2026-10-06 00:47:24,941 [INFO] [client-4] Round 2 — receiving model…
2026-10-06 00:47:25,222 [INFO] recv 13933B via direct in 147ms
2026-10-06 00:47:25,231 [INFO] [client-9] Round 2 — training locally…
2026-10-06 00:47:25,365 [INFO] [client-9] Round 2 — sending update…
2026-10-06 00:47:25,370 [INFO] recv 13933B via direct in 130ms
2026-10-06 00:47:25,374 [INFO] [client-8] Round 2 — training locally…
2026-10-06 00:47:25,453 [INFO] [client-8] Round 2 — sending update…
2026-10-06 00:47:25,463 [INFO] send 13933B via direct in 539ms (0.21 Mbit/s) to 2113242f1a46c5a8
2026-10-06 00:47:25,464 [INFO] send 13933B via direct in 536ms (0.21 Mbit/s) to df293149121a579d
2026-10-06 00:47:25,466 [INFO] send 13933B via direct in 535ms (0.21 Mbit/s) to f84d83d0fded6ea4
2026-10-06 00:47:25,468 [INFO] send 13933B via direct in 539ms (0.21 Mbit/s) to 357ef407946a4e8a
2026-10-06 00:47:25,469 [INFO] send 13933B via direct in 535ms (0.21 Mbit/s) to 1571d7c4e973870f
2026-10-06 00:47:25,470 [INFO] send 13933B via direct in 535ms (0.21 Mbit/s) to 3b7812f4abac54f5
2026-10-06 00:47:25,471 [INFO] send 13933B via direct in 534ms (0.21 Mbit/s) to 76cfdcfd7f655318
2026-10-06 00:47:25,473 [INFO] send 13933B via direct in 537ms (0.21 Mbit/s) to da7d9231e097e04b
2026-10-06 00:47:25,474 [INFO] recv 13933B via direct in 354ms
2026-10-06 00:47:25,476 [INFO] [client-0] Round 2 — training locally…
2026-10-06 00:47:25,553 [INFO] [client-0] Round 2 — sending update…
2026-10-06 00:47:25,555 [INFO] recv 13933B via direct in 353ms
2026-10-06 00:47:25,557 [INFO] [client-2] Round 2 — training locally…
2026-10-06 00:47:25,644 [INFO] [client-2] Round 2 — sending update…
2026-10-06 00:47:25,647 [INFO] recv 13933B via direct in 351ms
2026-10-06 00:47:25,650 [INFO] [client-4] Round 2 — training locally…
2026-10-06 00:47:25,751 [INFO] [client-4] Round 2 — sending update…
2026-10-06 00:47:25,754 [INFO] recv 13933B via direct in 381ms
2026-10-06 00:47:25,756 [INFO] [client-7] Round 2 — training locally…
2026-10-06 00:47:25,861 [INFO] [client-7] Round 2 — sending update…
2026-10-06 00:47:25,864 [INFO] recv 13933B via direct in 367ms
2026-10-06 00:47:25,867 [INFO] [client-6] Round 2 — training locally…
2026-10-06 00:47:25,967 [INFO] [client-6] Round 2 — sending update…
2026-10-06 00:47:25,970 [INFO] recv 13933B via direct in 362ms
2026-10-06 00:47:25,974 [INFO] [client-5] Round 2 — training locally…
2026-10-06 00:47:26,056 [INFO] [client-5] Round 2 — sending update…
2026-10-06 00:47:26,058 [INFO] recv 13933B via direct in 376ms
2026-10-06 00:47:26,061 [INFO] [client-1] Round 2 — training locally…
2026-10-06 00:47:26,155 [INFO] [client-1] Round 2 — sending update…
2026-10-06 00:47:26,157 [INFO] recv 13933B via direct in 362ms
2026-10-06 00:47:26,161 [INFO] [client-3] Round 2 — training locally…
2026-10-06 00:47:26,260 [INFO] [client-3] Round 2 — sending update…
2026-10-06 00:47:26,262 [INFO] send 13933B via direct in 540ms (0.21 Mbit/s) to 5988eaf6a1232bc0
2026-10-06 00:47:26,263 [INFO] send 13933B via direct in 534ms (0.21 Mbit/s) to f128f4fd14b06d2c
2026-10-06 00:47:26,265 [INFO] Round 2 — waiting for 10 updates…
2026-10-06 00:47:26,441 [INFO] recv 13933B via direct in 169ms
2026-10-06 00:47:26,449 [INFO] recv 13933B via direct in 169ms
2026-10-06 00:47:26,459 [INFO] recv 13933B via direct in 186ms
2026-10-06 00:47:26,463 [INFO] recv 13933B via direct in 186ms
2026-10-06 00:47:26,466 [INFO] recv 13933B via direct in 186ms
2026-10-06 00:47:26,470 [INFO] recv 13933B via direct in 187ms
2026-10-06 00:47:26,474 [INFO] recv 13933B via direct in 188ms
2026-10-06 00:47:26,477 [INFO] recv 13933B via direct in 188ms
2026-10-06 00:47:26,481 [INFO] recv 13933B via direct in 144ms
2026-10-06 00:47:26,494 [INFO] send 13933B via direct in 1124ms (0.10 Mbit/s) to 4df75fcce03cf096
2026-10-06 00:47:26,535 [INFO] [client-9] Round 2 done — loss=1.0264 acc=0.5074  1.7s
2026-10-06 00:47:26,536 [INFO] [client-9] Round 3 — receiving model…
2026-10-06 00:47:26,537 [INFO] send 13933B via direct in 436ms (0.26 Mbit/s) to 4df75fcce03cf096
2026-10-06 00:47:26,557 [INFO] [client-5] Round 2 done — loss=1.0247 acc=0.5124  1.8s
2026-10-06 00:47:26,558 [INFO] [client-5] Round 3 — receiving model…
2026-10-06 00:47:26,562 [INFO] send 13933B via direct in 1104ms (0.10 Mbit/s) to 4df75fcce03cf096
2026-10-06 00:47:26,577 [INFO] [client-8] Round 2 done — loss=0.7761 acc=0.7253  1.7s
2026-10-06 00:47:26,577 [INFO] [client-8] Round 3 — receiving model…
2026-10-06 00:47:26,578 [INFO] send 13933B via direct in 1005ms (0.11 Mbit/s) to 4df75fcce03cf096
2026-10-06 00:47:26,593 [INFO] [client-0] Round 2 done — loss=1.0645 acc=0.4405  1.8s
2026-10-06 00:47:26,594 [INFO] [client-0] Round 3 — receiving model…
2026-10-06 00:47:26,595 [INFO] send 13933B via direct in 913ms (0.12 Mbit/s) to 4df75fcce03cf096
2026-10-06 00:47:26,609 [INFO] [client-2] Round 2 done — loss=1.0279 acc=0.4488  1.9s
2026-10-06 00:47:26,610 [INFO] [client-2] Round 3 — receiving model…
2026-10-06 00:47:26,612 [INFO] send 13933B via direct in 806ms (0.14 Mbit/s) to 4df75fcce03cf096
2026-10-06 00:47:26,628 [INFO] [client-4] Round 2 done — loss=1.0288 acc=0.4725  1.7s
2026-10-06 00:47:26,629 [INFO] [client-4] Round 3 — receiving model…
2026-10-06 00:47:26,630 [INFO] send 13933B via direct in 697ms (0.16 Mbit/s) to 4df75fcce03cf096
2026-10-06 00:47:26,644 [INFO] [client-7] Round 2 done — loss=1.0395 acc=0.4392  1.8s
2026-10-06 00:47:26,645 [INFO] [client-7] Round 3 — receiving model…
2026-10-06 00:47:26,647 [INFO] send 13933B via direct in 592ms (0.19 Mbit/s) to 4df75fcce03cf096
2026-10-06 00:47:26,660 [INFO] [client-6] Round 2 done — loss=1.0285 acc=0.4771  1.8s
2026-10-06 00:47:26,661 [INFO] [client-6] Round 3 — receiving model…
2026-10-06 00:47:26,662 [INFO] send 13933B via direct in 404ms (0.28 Mbit/s) to 4df75fcce03cf096
2026-10-06 00:47:26,681 [INFO] [client-1] Round 2 done — loss=1.0653 acc=0.4131  1.9s
2026-10-06 00:47:26,682 [INFO] [client-1] Round 3 — receiving model…
2026-10-06 00:47:26,684 [INFO] recv 13933B via direct in 135ms
2026-10-06 00:47:26,709 [INFO] Round 2/20  acc=0.4061  loss=1.0836  1.8s  clients=10
2026-10-06 00:47:26,711 [INFO] Round 3 — sending model to 10 clients…
2026-10-06 00:47:26,724 [INFO] send 13933B via direct in 422ms (0.26 Mbit/s) to 4df75fcce03cf096
2026-10-06 00:47:26,747 [INFO] [client-3] Round 2 done — loss=1.0601 acc=0.4327  1.9s
2026-10-06 00:47:26,748 [INFO] [client-3] Round 3 — receiving model…
2026-10-06 00:47:27,003 [INFO] recv 13933B via direct in 125ms
2026-10-06 00:47:27,016 [INFO] [client-5] Round 3 — training locally…
2026-10-06 00:47:27,186 [INFO] [client-5] Round 3 — sending update…
2026-10-06 00:47:27,188 [INFO] recv 13933B via direct in 126ms
2026-10-06 00:47:27,190 [INFO] [client-7] Round 3 — training locally…
2026-10-06 00:47:27,278 [INFO] [client-7] Round 3 — sending update…
2026-10-06 00:47:27,280 [INFO] recv 13933B via direct in 126ms
2026-10-06 00:47:27,283 [INFO] [client-9] Round 3 — training locally…
2026-10-06 00:47:27,383 [INFO] [client-9] Round 3 — sending update…
2026-10-06 00:47:27,396 [INFO] send 13933B via direct in 670ms (0.17 Mbit/s) to f84d83d0fded6ea4
2026-10-06 00:47:27,397 [INFO] send 13933B via direct in 672ms (0.17 Mbit/s) to 5988eaf6a1232bc0
2026-10-06 00:47:27,398 [INFO] send 13933B via direct in 666ms (0.17 Mbit/s) to 357ef407946a4e8a
2026-10-06 00:47:27,399 [INFO] send 13933B via direct in 667ms (0.17 Mbit/s) to 76cfdcfd7f655318
2026-10-06 00:47:27,400 [INFO] send 13933B via direct in 665ms (0.17 Mbit/s) to da7d9231e097e04b
2026-10-06 00:47:27,401 [INFO] send 13933B via direct in 665ms (0.17 Mbit/s) to 1571d7c4e973870f
2026-10-06 00:47:27,402 [INFO] send 13933B via direct in 664ms (0.17 Mbit/s) to f128f4fd14b06d2c
2026-10-06 00:47:27,403 [INFO] send 13933B via direct in 664ms (0.17 Mbit/s) to 3b7812f4abac54f5
2026-10-06 00:47:27,404 [INFO] send 13933B via direct in 668ms (0.17 Mbit/s) to 2113242f1a46c5a8
2026-10-06 00:47:27,406 [INFO] recv 13933B via direct in 492ms
2026-10-06 00:47:27,408 [INFO] [client-1] Round 3 — training locally…
2026-10-06 00:47:27,510 [INFO] [client-1] Round 3 — sending update…
2026-10-06 00:47:27,514 [INFO] recv 13933B via direct in 492ms
2026-10-06 00:47:27,516 [INFO] [client-6] Round 3 — training locally…
2026-10-06 00:47:27,605 [INFO] [client-6] Round 3 — sending update…
2026-10-06 00:47:27,608 [INFO] recv 13933B via direct in 491ms
2026-10-06 00:47:27,612 [INFO] [client-8] Round 3 — training locally…
2026-10-06 00:47:27,704 [INFO] [client-8] Round 3 — sending update…
2026-10-06 00:47:27,706 [INFO] recv 13933B via direct in 487ms
2026-10-06 00:47:27,709 [INFO] [client-3] Round 3 — training locally…
2026-10-06 00:47:27,803 [INFO] [client-3] Round 3 — sending update…
2026-10-06 00:47:27,807 [INFO] recv 13933B via direct in 487ms
2026-10-06 00:47:27,809 [INFO] [client-2] Round 3 — training locally…
2026-10-06 00:47:27,910 [INFO] [client-2] Round 3 — sending update…
2026-10-06 00:47:27,913 [INFO] recv 13933B via direct in 487ms
2026-10-06 00:47:27,917 [INFO] [client-0] Round 3 — training locally…
2026-10-06 00:47:27,994 [INFO] [client-0] Round 3 — sending update…
2026-10-06 00:47:27,997 [INFO] recv 13933B via direct in 506ms
2026-10-06 00:47:28,000 [INFO] [client-4] Round 3 — training locally…
2026-10-06 00:47:28,093 [INFO] [client-4] Round 3 — sending update…
2026-10-06 00:47:28,095 [INFO] send 13933B via direct in 665ms (0.17 Mbit/s) to df293149121a579d
2026-10-06 00:47:28,097 [INFO] Round 3 — waiting for 10 updates…
2026-10-06 00:47:28,111 [INFO] send 13933B via direct in 910ms (0.12 Mbit/s) to 4df75fcce03cf096
2026-10-06 00:47:28,125 [INFO] [client-5] Round 3 done — loss=0.9977 acc=0.5347  1.6s
2026-10-06 00:47:28,126 [INFO] [client-5] Round 4 — receiving model…
2026-10-06 00:47:28,127 [INFO] send 13933B via direct in 819ms (0.14 Mbit/s) to 4df75fcce03cf096
2026-10-06 00:47:28,141 [INFO] [client-7] Round 3 done — loss=1.0324 acc=0.4543  1.5s
2026-10-06 00:47:28,142 [INFO] [client-7] Round 4 — receiving model…
2026-10-06 00:47:28,145 [INFO] recv 13933B via direct in 722ms
2026-10-06 00:47:28,147 [INFO] recv 13933B via direct in 45ms
2026-10-06 00:47:28,296 [INFO] recv 13933B via direct in 184ms
2026-10-06 00:47:28,300 [INFO] recv 13933B via direct in 188ms
2026-10-06 00:47:28,304 [INFO] recv 13933B via direct in 193ms
2026-10-06 00:47:28,307 [INFO] recv 13933B via direct in 197ms
2026-10-06 00:47:28,310 [INFO] recv 13933B via direct in 197ms
2026-10-06 00:47:28,314 [INFO] recv 13933B via direct in 194ms
2026-10-06 00:47:28,318 [INFO] recv 13933B via direct in 161ms
2026-10-06 00:47:28,338 [INFO] send 13933B via direct in 950ms (0.12 Mbit/s) to 4df75fcce03cf096
2026-10-06 00:47:28,398 [INFO] [client-9] Round 3 done — loss=1.0173 acc=0.5179  1.9s
2026-10-06 00:47:28,399 [INFO] [client-9] Round 4 — receiving model…
2026-10-06 00:47:28,401 [INFO] send 13933B via direct in 823ms (0.14 Mbit/s) to 4df75fcce03cf096
2026-10-06 00:47:28,416 [INFO] [client-1] Round 3 done — loss=1.0639 acc=0.3994  1.7s
2026-10-06 00:47:28,417 [INFO] [client-1] Round 4 — receiving model…
2026-10-06 00:47:28,418 [INFO] send 13933B via direct in 793ms (0.14 Mbit/s) to 4df75fcce03cf096
2026-10-06 00:47:28,436 [INFO] [client-6] Round 3 done — loss=1.0243 acc=0.4757  1.8s
2026-10-06 00:47:28,437 [INFO] [client-6] Round 4 — receiving model…
2026-10-06 00:47:28,438 [INFO] send 13933B via direct in 695ms (0.16 Mbit/s) to 4df75fcce03cf096
2026-10-06 00:47:28,453 [INFO] [client-8] Round 3 done — loss=0.7693 acc=0.7198  1.9s
2026-10-06 00:47:28,454 [INFO] [client-8] Round 4 — receiving model…
2026-10-06 00:47:28,455 [INFO] send 13933B via direct in 595ms (0.19 Mbit/s) to 4df75fcce03cf096
2026-10-06 00:47:28,470 [INFO] [client-3] Round 3 done — loss=1.0481 acc=0.4317  1.7s
2026-10-06 00:47:28,471 [INFO] [client-3] Round 4 — receiving model…
2026-10-06 00:47:28,472 [INFO] send 13933B via direct in 488ms (0.23 Mbit/s) to 4df75fcce03cf096
2026-10-06 00:47:28,487 [INFO] [client-2] Round 3 done — loss=0.9870 acc=0.4962  1.9s
2026-10-06 00:47:28,487 [INFO] [client-2] Round 4 — receiving model…
2026-10-06 00:47:28,489 [INFO] send 13933B via direct in 422ms (0.27 Mbit/s) to 4df75fcce03cf096
2026-10-06 00:47:28,505 [INFO] [client-0] Round 3 done — loss=1.0567 acc=0.4457  1.9s
2026-10-06 00:47:28,506 [INFO] [client-0] Round 4 — receiving model…
2026-10-06 00:47:28,507 [INFO] recv 13933B via direct in 150ms
2026-10-06 00:47:28,530 [INFO] Round 3/20  acc=0.4400  loss=1.0734  1.8s  clients=10
2026-10-06 00:47:28,531 [INFO] Round 4 — sending model to 10 clients…
2026-10-06 00:47:28,539 [INFO] send 13933B via direct in 412ms (0.27 Mbit/s) to 4df75fcce03cf096
2026-10-06 00:47:28,559 [INFO] [client-4] Round 3 done — loss=1.0301 acc=0.4839  1.9s
2026-10-06 00:47:28,560 [INFO] [client-4] Round 4 — receiving model…
2026-10-06 00:47:28,863 [INFO] recv 13933B via direct in 147ms
2026-10-06 00:47:28,873 [INFO] [client-5] Round 4 — training locally…
2026-10-06 00:47:29,039 [INFO] [client-5] Round 4 — sending update…
2026-10-06 00:47:29,042 [INFO] recv 13933B via direct in 141ms
2026-10-06 00:47:29,044 [INFO] [client-4] Round 4 — training locally…
2026-10-06 00:47:29,164 [INFO] [client-4] Round 4 — sending update…
2026-10-06 00:47:29,170 [INFO] recv 13933B via direct in 143ms
2026-10-06 00:47:29,172 [INFO] [client-3] Round 4 — training locally…
2026-10-06 00:47:29,291 [INFO] [client-3] Round 4 — sending update…
2026-10-06 00:47:29,297 [INFO] recv 13933B via direct in 153ms
2026-10-06 00:47:29,300 [INFO] [client-0] Round 4 — training locally…
2026-10-06 00:47:29,383 [INFO] [client-0] Round 4 — sending update…
2026-10-06 00:47:29,387 [INFO] recv 13933B via direct in 458ms
2026-10-06 00:47:29,389 [INFO] [client-2] Round 4 — training locally…
2026-10-06 00:47:29,482 [INFO] [client-2] Round 4 — sending update…
2026-10-06 00:47:29,484 [INFO] recv 13933B via direct in 441ms
2026-10-06 00:47:29,486 [INFO] [client-1] Round 4 — training locally…
2026-10-06 00:47:29,576 [INFO] [client-1] Round 4 — sending update…
2026-10-06 00:47:29,582 [INFO] recv 13933B via direct in 451ms
2026-10-06 00:47:29,584 [INFO] [client-7] Round 4 — training locally…
2026-10-06 00:47:29,679 [INFO] [client-7] Round 4 — sending update…
2026-10-06 00:47:29,682 [INFO] send 13933B via direct in 761ms (0.15 Mbit/s) to f84d83d0fded6ea4
2026-10-06 00:47:29,683 [INFO] send 13933B via direct in 759ms (0.15 Mbit/s) to 76cfdcfd7f655318
2026-10-06 00:47:29,684 [INFO] send 13933B via direct in 759ms (0.15 Mbit/s) to 1571d7c4e973870f
2026-10-06 00:47:29,685 [INFO] send 13933B via direct in 758ms (0.15 Mbit/s) to 357ef407946a4e8a
2026-10-06 00:47:29,686 [INFO] send 13933B via direct in 759ms (0.15 Mbit/s) to 5988eaf6a1232bc0
2026-10-06 00:47:29,687 [INFO] send 13933B via direct in 758ms (0.15 Mbit/s) to da7d9231e097e04b
2026-10-06 00:47:29,688 [INFO] send 13933B via direct in 758ms (0.15 Mbit/s) to df293149121a579d
2026-10-06 00:47:29,691 [INFO] send 13933B via direct in 761ms (0.15 Mbit/s) to 3b7812f4abac54f5
2026-10-06 00:47:29,692 [INFO] send 13933B via direct in 760ms (0.15 Mbit/s) to f128f4fd14b06d2c
2026-10-06 00:47:29,695 [INFO] send 13933B via direct in 757ms (0.15 Mbit/s) to 2113242f1a46c5a8
2026-10-06 00:47:29,696 [INFO] recv 13933B via direct in 851ms
2026-10-06 00:47:29,698 [INFO] [client-8] Round 4 — training locally…
2026-10-06 00:47:29,803 [INFO] [client-8] Round 4 — sending update…
2026-10-06 00:47:29,806 [INFO] recv 13933B via direct in 850ms
2026-10-06 00:47:29,808 [INFO] [client-6] Round 4 — training locally…
2026-10-06 00:47:29,909 [INFO] [client-6] Round 4 — sending update…
2026-10-06 00:47:29,912 [INFO] recv 13933B via direct in 848ms
2026-10-06 00:47:29,914 [INFO] [client-9] Round 4 — training locally…
2026-10-06 00:47:30,006 [INFO] [client-9] Round 4 — sending update…
2026-10-06 00:47:30,012 [INFO] Round 4 — waiting for 10 updates…
2026-10-06 00:47:30,023 [INFO] send 13933B via direct in 976ms (0.11 Mbit/s) to 4df75fcce03cf096
2026-10-06 00:47:30,122 [INFO] [client-5] Round 4 done — loss=0.9864 acc=0.5405  2.0s
2026-10-06 00:47:30,124 [INFO] [client-5] Round 5 — receiving model…
2026-10-06 00:47:30,127 [INFO] recv 13933B via direct in 336ms
2026-10-06 00:47:30,134 [INFO] recv 13933B via direct in 437ms
2026-10-06 00:47:30,137 [INFO] recv 13933B via direct in 437ms
2026-10-06 00:47:30,176 [INFO] send 13933B via direct in 1009ms (0.11 Mbit/s) to 4df75fcce03cf096
2026-10-06 00:47:30,253 [INFO] [client-4] Round 4 done — loss=1.0184 acc=0.4918  1.7s
2026-10-06 00:47:30,254 [INFO] [client-4] Round 5 — receiving model…
2026-10-06 00:47:30,259 [INFO] send 13933B via direct in 963ms (0.12 Mbit/s) to 4df75fcce03cf096
2026-10-06 00:47:30,279 [INFO] [client-3] Round 4 done — loss=1.0525 acc=0.4457  1.8s
2026-10-06 00:47:30,280 [INFO] [client-3] Round 5 — receiving model…
2026-10-06 00:47:30,282 [INFO] recv 13933B via direct in 126ms
2026-10-06 00:47:30,286 [INFO] recv 13933B via direct in 568ms
2026-10-06 00:47:30,288 [INFO] recv 13933B via direct in 561ms
2026-10-06 00:47:30,290 [INFO] recv 13933B via direct in 240ms
2026-10-06 00:47:30,292 [INFO] recv 13933B via direct in 240ms
2026-10-06 00:47:30,295 [INFO] recv 13933B via direct in 241ms
2026-10-06 00:47:30,298 [INFO] send 13933B via direct in 384ms (0.29 Mbit/s) to 4df75fcce03cf096
2026-10-06 00:47:30,317 [INFO] [client-6] Round 4 done — loss=1.0207 acc=0.4868  1.9s
2026-10-06 00:47:30,317 [INFO] [client-6] Round 5 — receiving model…
2026-10-06 00:47:30,319 [INFO] send 13933B via direct in 909ms (0.12 Mbit/s) to 4df75fcce03cf096
2026-10-06 00:47:30,342 [INFO] [client-0] Round 4 done — loss=1.0539 acc=0.4536  1.8s
2026-10-06 00:47:30,343 [INFO] [client-0] Round 5 — receiving model…
2026-10-06 00:47:30,344 [INFO] send 13933B via direct in 814ms (0.14 Mbit/s) to 4df75fcce03cf096
2026-10-06 00:47:30,368 [INFO] [client-2] Round 4 done — loss=0.9701 acc=0.5137  1.9s
2026-10-06 00:47:30,369 [INFO] [client-2] Round 5 — receiving model…
2026-10-06 00:47:30,370 [INFO] send 13933B via direct in 719ms (0.16 Mbit/s) to 4df75fcce03cf096
2026-10-06 00:47:30,386 [INFO] [client-1] Round 4 done — loss=1.0636 acc=0.4196  2.0s
2026-10-06 00:47:30,387 [INFO] [client-1] Round 5 — receiving model…
2026-10-06 00:47:30,387 [INFO] send 13933B via direct in 616ms (0.18 Mbit/s) to 4df75fcce03cf096
2026-10-06 00:47:30,403 [INFO] [client-7] Round 4 done — loss=1.0347 acc=0.4433  2.3s
2026-10-06 00:47:30,404 [INFO] [client-7] Round 5 — receiving model…
2026-10-06 00:47:30,405 [INFO] send 13933B via direct in 492ms (0.23 Mbit/s) to 4df75fcce03cf096
2026-10-06 00:47:30,422 [INFO] [client-8] Round 4 done — loss=0.7623 acc=0.7163  2.0s
2026-10-06 00:47:30,424 [INFO] [client-8] Round 5 — receiving model…
2026-10-06 00:47:30,426 [INFO] recv 13933B via direct in 250ms
2026-10-06 00:47:30,444 [INFO] Round 4/20  acc=0.4488  loss=1.0684  1.9s  clients=10
2026-10-06 00:47:30,445 [INFO] Round 5 — sending model to 10 clients…
2026-10-06 00:47:30,447 [INFO] send 13933B via direct in 417ms (0.27 Mbit/s) to 4df75fcce03cf096
2026-10-06 00:47:30,466 [INFO] [client-9] Round 4 done — loss=1.0170 acc=0.5214  2.1s
2026-10-06 00:47:30,467 [INFO] [client-9] Round 5 — receiving model…
2026-10-06 00:47:30,754 [INFO] recv 13933B via direct in 121ms
2026-10-06 00:47:30,779 [INFO] [client-1] Round 5 — training locally…
2026-10-06 00:47:30,937 [INFO] [client-1] Round 5 — sending update…
2026-10-06 00:47:30,947 [INFO] send 13933B via direct in 471ms (0.24 Mbit/s) to 357ef407946a4e8a
2026-10-06 00:47:30,949 [INFO] send 13933B via direct in 469ms (0.24 Mbit/s) to f84d83d0fded6ea4
2026-10-06 00:47:30,950 [INFO] send 13933B via direct in 468ms (0.24 Mbit/s) to 3b7812f4abac54f5
2026-10-06 00:47:30,951 [INFO] send 13933B via direct in 468ms (0.24 Mbit/s) to 5988eaf6a1232bc0
2026-10-06 00:47:30,952 [INFO] send 13933B via direct in 466ms (0.24 Mbit/s) to da7d9231e097e04b
2026-10-06 00:47:30,953 [INFO] send 13933B via direct in 468ms (0.24 Mbit/s) to 1571d7c4e973870f
2026-10-06 00:47:30,954 [INFO] send 13933B via direct in 468ms (0.24 Mbit/s) to f128f4fd14b06d2c
2026-10-06 00:47:30,955 [INFO] send 13933B via direct in 466ms (0.24 Mbit/s) to df293149121a579d
2026-10-06 00:47:30,957 [INFO] send 13933B via direct in 466ms (0.24 Mbit/s) to 2113242f1a46c5a8
2026-10-06 00:47:30,959 [INFO] recv 13933B via direct in 290ms
2026-10-06 00:47:30,961 [INFO] [client-5] Round 5 — training locally…
2026-10-06 00:47:31,073 [INFO] [client-5] Round 5 — sending update…
2026-10-06 00:47:31,075 [INFO] recv 13933B via direct in 291ms
2026-10-06 00:47:31,078 [INFO] [client-0] Round 5 — training locally…
2026-10-06 00:47:31,147 [INFO] [client-0] Round 5 — sending update…
2026-10-06 00:47:31,150 [INFO] recv 13933B via direct in 289ms
2026-10-06 00:47:31,153 [INFO] [client-7] Round 5 — training locally…
2026-10-06 00:47:31,258 [INFO] [client-7] Round 5 — sending update…
2026-10-06 00:47:31,261 [INFO] recv 13933B via direct in 289ms
2026-10-06 00:47:31,264 [INFO] [client-3] Round 5 — training locally…
2026-10-06 00:47:31,354 [INFO] [client-3] Round 5 — sending update…
2026-10-06 00:47:31,358 [INFO] recv 13933B via direct in 282ms
2026-10-06 00:47:31,361 [INFO] [client-2] Round 5 — training locally…
2026-10-06 00:47:31,501 [INFO] [client-2] Round 5 — sending update…
2026-10-06 00:47:31,503 [INFO] recv 13933B via direct in 280ms
2026-10-06 00:47:31,506 [INFO] [client-8] Round 5 — training locally…
2026-10-06 00:47:31,618 [INFO] [client-8] Round 5 — sending update…
2026-10-06 00:47:31,620 [INFO] recv 13933B via direct in 280ms
2026-10-06 00:47:31,622 [INFO] [client-4] Round 5 — training locally…
2026-10-06 00:47:31,710 [INFO] [client-4] Round 5 — sending update…
2026-10-06 00:47:31,714 [INFO] recv 13933B via direct in 280ms
2026-10-06 00:47:31,717 [INFO] [client-6] Round 5 — training locally…
2026-10-06 00:47:31,838 [INFO] [client-6] Round 5 — sending update…
2026-10-06 00:47:31,840 [INFO] recv 13933B via direct in 276ms
2026-10-06 00:47:31,842 [INFO] [client-9] Round 5 — training locally…
2026-10-06 00:47:31,952 [INFO] [client-9] Round 5 — sending update…
2026-10-06 00:47:31,955 [INFO] send 13933B via direct in 467ms (0.24 Mbit/s) to 76cfdcfd7f655318
2026-10-06 00:47:31,956 [INFO] Round 5 — waiting for 10 updates…
2026-10-06 00:47:32,130 [INFO] recv 13933B via direct in 171ms
2026-10-06 00:47:32,146 [INFO] recv 13933B via direct in 183ms
2026-10-06 00:47:32,151 [INFO] recv 13933B via direct in 185ms
2026-10-06 00:47:32,156 [INFO] recv 13933B via direct in 185ms
2026-10-06 00:47:32,159 [INFO] recv 13933B via direct in 186ms
2026-10-06 00:47:32,162 [INFO] recv 13933B via direct in 187ms
2026-10-06 00:47:32,165 [INFO] recv 13933B via direct in 129ms
2026-10-06 00:47:32,168 [INFO] recv 13933B via direct in 187ms
2026-10-06 00:47:32,170 [INFO] recv 13933B via direct in 187ms
2026-10-06 00:47:32,182 [INFO] send 13933B via direct in 1243ms (0.09 Mbit/s) to 4df75fcce03cf096
2026-10-06 00:47:32,256 [INFO] [client-1] Round 5 done — loss=1.0595 acc=0.4220  1.9s
2026-10-06 00:47:32,257 [INFO] [client-1] Round 6 — receiving model…
2026-10-06 00:47:32,261 [INFO] send 13933B via direct in 1183ms (0.09 Mbit/s) to 4df75fcce03cf096
2026-10-06 00:47:32,277 [INFO] [client-5] Round 5 done — loss=0.9804 acc=0.5450  2.2s
2026-10-06 00:47:32,278 [INFO] [client-5] Round 6 — receiving model…
2026-10-06 00:47:32,279 [INFO] send 13933B via direct in 1109ms (0.10 Mbit/s) to 4df75fcce03cf096
2026-10-06 00:47:32,292 [INFO] [client-0] Round 5 done — loss=1.0575 acc=0.4418  1.9s
2026-10-06 00:47:32,293 [INFO] [client-0] Round 6 — receiving model…
2026-10-06 00:47:32,294 [INFO] send 13933B via direct in 999ms (0.11 Mbit/s) to 4df75fcce03cf096
2026-10-06 00:47:32,314 [INFO] [client-7] Round 5 done — loss=1.0302 acc=0.4543  1.9s
2026-10-06 00:47:32,315 [INFO] [client-7] Round 6 — receiving model…
2026-10-06 00:47:32,316 [INFO] send 13933B via direct in 902ms (0.12 Mbit/s) to 4df75fcce03cf096
2026-10-06 00:47:32,331 [INFO] [client-3] Round 5 done — loss=1.0452 acc=0.4554  2.1s
2026-10-06 00:47:32,332 [INFO] [client-3] Round 6 — receiving model…
2026-10-06 00:47:32,333 [INFO] send 13933B via direct in 757ms (0.15 Mbit/s) to 4df75fcce03cf096
2026-10-06 00:47:32,355 [INFO] [client-2] Round 5 done — loss=0.9726 acc=0.5130  2.0s
2026-10-06 00:47:32,356 [INFO] [client-2] Round 6 — receiving model…
2026-10-06 00:47:32,357 [INFO] send 13933B via direct in 640ms (0.17 Mbit/s) to 4df75fcce03cf096
2026-10-06 00:47:32,373 [INFO] [client-8] Round 5 done — loss=0.7627 acc=0.7115  1.9s
2026-10-06 00:47:32,374 [INFO] [client-8] Round 6 — receiving model…
2026-10-06 00:47:32,375 [INFO] send 13933B via direct in 547ms (0.20 Mbit/s) to 4df75fcce03cf096
2026-10-06 00:47:32,396 [INFO] [client-4] Round 5 done — loss=1.0172 acc=0.4880  2.1s
2026-10-06 00:47:32,398 [INFO] [client-4] Round 6 — receiving model…
2026-10-06 00:47:32,399 [INFO] send 13933B via direct in 420ms (0.27 Mbit/s) to 4df75fcce03cf096
2026-10-06 00:47:32,416 [INFO] [client-6] Round 5 done — loss=1.0176 acc=0.4934  2.1s
2026-10-06 00:47:32,417 [INFO] [client-6] Round 6 — receiving model…
2026-10-06 00:47:32,419 [INFO] recv 13933B via direct in 141ms
2026-10-06 00:47:32,443 [INFO] Round 5/20  acc=0.4583  loss=1.0658  2.0s  clients=10
2026-10-06 00:47:32,444 [INFO] Round 6 — sending model to 10 clients…
2026-10-06 00:47:32,452 [INFO] send 13933B via direct in 465ms (0.24 Mbit/s) to 4df75fcce03cf096
2026-10-06 00:47:32,471 [INFO] [client-9] Round 5 done — loss=1.0148 acc=0.5158  2.0s
2026-10-06 00:47:32,471 [INFO] [client-9] Round 6 — receiving model…
2026-10-06 00:47:32,763 [INFO] recv 13933B via direct in 144ms
2026-10-06 00:47:32,768 [INFO] [client-6] Round 6 — training locally…
2026-10-06 00:47:32,914 [INFO] [client-6] Round 6 — sending update…
2026-10-06 00:47:32,918 [INFO] recv 13933B via direct in 131ms
2026-10-06 00:47:32,920 [INFO] [client-9] Round 6 — training locally…
2026-10-06 00:47:33,000 [INFO] [client-9] Round 6 — sending update…
2026-10-06 00:47:33,003 [INFO] recv 13933B via direct in 129ms
2026-10-06 00:47:33,007 [INFO] [client-5] Round 6 — training locally…
2026-10-06 00:47:33,106 [INFO] [client-5] Round 6 — sending update…
2026-10-06 00:47:33,108 [INFO] recv 13933B via direct in 129ms
2026-10-06 00:47:33,110 [INFO] [client-8] Round 6 — training locally…
2026-10-06 00:47:33,213 [INFO] [client-8] Round 6 — sending update…
2026-10-06 00:47:33,217 [INFO] recv 13933B via direct in 127ms
2026-10-06 00:47:33,219 [INFO] [client-3] Round 6 — training locally…
2026-10-06 00:47:33,326 [INFO] [client-3] Round 6 — sending update…
2026-10-06 00:47:33,336 [INFO] recv 13933B via direct in 602ms
2026-10-06 00:47:33,338 [INFO] [client-1] Round 6 — training locally…
2026-10-06 00:47:33,443 [INFO] [client-1] Round 6 — sending update…
2026-10-06 00:47:33,445 [INFO] recv 13933B via direct in 602ms
2026-10-06 00:47:33,447 [INFO] [client-4] Round 6 — training locally…
2026-10-06 00:47:33,538 [INFO] [client-4] Round 6 — sending update…
2026-10-06 00:47:33,541 [INFO] recv 13933B via direct in 601ms
2026-10-06 00:47:33,543 [INFO] [client-0] Round 6 — training locally…
2026-10-06 00:47:33,617 [INFO] [client-0] Round 6 — sending update…
2026-10-06 00:47:33,629 [INFO] send 13933B via direct in 885ms (0.13 Mbit/s) to df293149121a579d
2026-10-06 00:47:33,630 [INFO] send 13933B via direct in 880ms (0.13 Mbit/s) to f84d83d0fded6ea4
2026-10-06 00:47:33,631 [INFO] send 13933B via direct in 880ms (0.13 Mbit/s) to da7d9231e097e04b
2026-10-06 00:47:33,632 [INFO] send 13933B via direct in 880ms (0.13 Mbit/s) to 1571d7c4e973870f
2026-10-06 00:47:33,633 [INFO] send 13933B via direct in 885ms (0.13 Mbit/s) to 357ef407946a4e8a
2026-10-06 00:47:33,633 [INFO] send 13933B via direct in 884ms (0.13 Mbit/s) to 3b7812f4abac54f5
2026-10-06 00:47:33,634 [INFO] send 13933B via direct in 884ms (0.13 Mbit/s) to f128f4fd14b06d2c
2026-10-06 00:47:33,634 [INFO] recv 13933B via direct in 591ms
2026-10-06 00:47:33,637 [INFO] [client-2] Round 6 — training locally…
2026-10-06 00:47:33,766 [INFO] [client-2] Round 6 — sending update…
2026-10-06 00:47:33,769 [INFO] send 13933B via direct in 881ms (0.13 Mbit/s) to 5988eaf6a1232bc0
2026-10-06 00:47:33,770 [INFO] recv 13933B via direct in 580ms
2026-10-06 00:47:33,774 [INFO] [client-7] Round 6 — training locally…
2026-10-06 00:47:33,870 [INFO] [client-7] Round 6 — sending update…
2026-10-06 00:47:33,875 [INFO] send 13933B via direct in 881ms (0.13 Mbit/s) to 2113242f1a46c5a8
2026-10-06 00:47:33,876 [INFO] send 13933B via direct in 885ms (0.13 Mbit/s) to 76cfdcfd7f655318
2026-10-06 00:47:33,878 [INFO] Round 6 — waiting for 10 updates…
2026-10-06 00:47:33,890 [INFO] recv 13933B via direct in 555ms
2026-10-06 00:47:33,892 [INFO] recv 13933B via direct in 555ms
2026-10-06 00:47:33,895 [INFO] recv 13933B via direct in 554ms
2026-10-06 00:47:33,948 [WARNING] transfer attempt 1/3 failed (stream not acknowledged: IrohError:  closed by peer: 0) — retrying
2026-10-06 00:47:33,950 [WARNING] transfer attempt 1/3 failed (stream not acknowledged: IrohError:  closed by peer: 0) — retrying
2026-10-06 00:47:33,953 [WARNING] transfer attempt 1/3 failed (stream not acknowledged: IrohError:  closed by peer: 0) — retrying
2026-10-06 00:47:34,053 [INFO] recv 13933B via direct in 171ms
2026-10-06 00:47:34,061 [INFO] recv 13933B via direct in 172ms
2026-10-06 00:47:34,070 [INFO] recv 13933B via direct in 190ms
2026-10-06 00:47:34,074 [INFO] recv 13933B via direct in 190ms
2026-10-06 00:47:34,079 [INFO] recv 13933B via direct in 190ms
2026-10-06 00:47:34,084 [INFO] recv 13933B via direct in 141ms
2026-10-06 00:47:34,104 [INFO] send 13933B via direct in 889ms (0.13 Mbit/s) to 4df75fcce03cf096
2026-10-06 00:47:34,184 [INFO] [client-8] Round 6 done — loss=0.7707 acc=0.7122  1.8s
2026-10-06 00:47:34,185 [INFO] [client-8] Round 7 — receiving model…
2026-10-06 00:47:34,190 [INFO] send 13933B via direct in 858ms (0.13 Mbit/s) to 4df75fcce03cf096
2026-10-06 00:47:34,209 [INFO] [client-3] Round 6 done — loss=1.0492 acc=0.4512  1.9s
2026-10-06 00:47:34,210 [INFO] [client-3] Round 7 — receiving model…
2026-10-06 00:47:34,211 [INFO] send 13933B via direct in 743ms (0.15 Mbit/s) to 4df75fcce03cf096
2026-10-06 00:47:34,225 [INFO] [client-1] Round 6 done — loss=1.0586 acc=0.4224  2.0s
2026-10-06 00:47:34,226 [INFO] [client-1] Round 7 — receiving model…
2026-10-06 00:47:34,227 [INFO] send 13933B via direct in 647ms (0.17 Mbit/s) to 4df75fcce03cf096
2026-10-06 00:47:34,244 [INFO] [client-4] Round 6 done — loss=1.0214 acc=0.4859  1.8s
2026-10-06 00:47:34,245 [INFO] [client-4] Round 7 — receiving model…
2026-10-06 00:47:34,246 [INFO] send 13933B via direct in 568ms (0.20 Mbit/s) to 4df75fcce03cf096
2026-10-06 00:47:34,265 [INFO] [client-0] Round 6 done — loss=1.0557 acc=0.4466  2.0s
2026-10-06 00:47:34,266 [INFO] [client-0] Round 7 — receiving model…
2026-10-06 00:47:34,268 [INFO] send 13933B via direct in 420ms (0.27 Mbit/s) to 4df75fcce03cf096
2026-10-06 00:47:34,286 [INFO] [client-2] Round 6 done — loss=0.9673 acc=0.5216  1.9s
2026-10-06 00:47:34,287 [INFO] [client-2] Round 7 — receiving model…
2026-10-06 00:47:34,288 [INFO] recv 13933B via direct in 159ms
2026-10-06 00:47:34,308 [INFO] Round 6/20  acc=0.4600  loss=1.0661  1.9s  clients=10
2026-10-06 00:47:34,309 [INFO] Round 7 — sending model to 10 clients…
2026-10-06 00:47:34,334 [INFO] send 13933B via direct in 416ms (0.27 Mbit/s) to 4df75fcce03cf096
2026-10-06 00:47:34,375 [INFO] [client-7] Round 6 done — loss=1.0297 acc=0.4574  2.1s
2026-10-06 00:47:34,376 [INFO] [client-7] Round 7 — receiving model…
2026-10-06 00:47:34,598 [INFO] recv 13933B via direct in 125ms
2026-10-06 00:47:34,613 [INFO] [client-7] Round 7 — training locally…
2026-10-06 00:47:34,795 [INFO] [client-7] Round 7 — sending update…
2026-10-06 00:47:34,807 [INFO] send 13933B via direct in 487ms (0.23 Mbit/s) to 5988eaf6a1232bc0
2026-10-06 00:47:34,808 [INFO] send 13933B via direct in 476ms (0.23 Mbit/s) to df293149121a579d
2026-10-06 00:47:34,809 [INFO] send 13933B via direct in 478ms (0.23 Mbit/s) to da7d9231e097e04b
2026-10-06 00:47:34,811 [INFO] send 13933B via direct in 475ms (0.24 Mbit/s) to f84d83d0fded6ea4
2026-10-06 00:47:34,812 [INFO] send 13933B via direct in 472ms (0.24 Mbit/s) to 357ef407946a4e8a
2026-10-06 00:47:34,814 [INFO] send 13933B via direct in 471ms (0.24 Mbit/s) to 1571d7c4e973870f
2026-10-06 00:47:34,815 [INFO] send 13933B via direct in 470ms (0.24 Mbit/s) to 76cfdcfd7f655318
2026-10-06 00:47:34,816 [INFO] send 13933B via direct in 475ms (0.24 Mbit/s) to f128f4fd14b06d2c
2026-10-06 00:47:34,817 [INFO] send 13933B via direct in 468ms (0.24 Mbit/s) to 2113242f1a46c5a8
2026-10-06 00:47:34,818 [INFO] send 13933B via direct in 470ms (0.24 Mbit/s) to 3b7812f4abac54f5
2026-10-06 00:47:34,820 [INFO] Round 7 — waiting for 10 updates…
2026-10-06 00:47:34,821 [INFO] recv 13933B via direct in 320ms
2026-10-06 00:47:34,824 [INFO] [client-8] Round 7 — training locally…
2026-10-06 00:47:34,957 [INFO] [client-8] Round 7 — sending update…
2026-10-06 00:47:34,961 [INFO] recv 13933B via direct in 306ms
2026-10-06 00:47:34,963 [INFO] [client-2] Round 7 — training locally…
2026-10-06 00:47:35,068 [INFO] [client-2] Round 7 — sending update…
2026-10-06 00:47:35,070 [INFO] recv 13933B via direct in 306ms
2026-10-06 00:47:35,073 [INFO] [client-1] Round 7 — training locally…
2026-10-06 00:47:35,184 [INFO] [client-1] Round 7 — sending update…
2026-10-06 00:47:35,196 [INFO] recv 13933B via direct in 303ms
2026-10-06 00:47:35,199 [INFO] [client-3] Round 7 — training locally…
2026-10-06 00:47:35,281 [INFO] [client-3] Round 7 — sending update…
2026-10-06 00:47:35,286 [INFO] recv 13933B via direct in 302ms
2026-10-06 00:47:35,288 [INFO] [client-4] Round 7 — training locally…
2026-10-06 00:47:35,414 [INFO] [client-4] Round 7 — sending update…
2026-10-06 00:47:35,416 [INFO] recv 13933B via direct in 290ms
2026-10-06 00:47:35,418 [INFO] [client-0] Round 7 — training locally…
2026-10-06 00:47:35,503 [INFO] [client-0] Round 7 — sending update…
2026-10-06 00:47:35,713 [INFO] recv 13933B via direct in 182ms
2026-10-06 00:47:35,717 [INFO] recv 13933B via direct in 194ms
2026-10-06 00:47:35,720 [INFO] recv 13933B via direct in 196ms
2026-10-06 00:47:35,724 [INFO] recv 13933B via direct in 188ms
2026-10-06 00:47:35,727 [INFO] recv 13933B via direct in 201ms
2026-10-06 00:47:35,730 [INFO] recv 13933B via direct in 134ms
2026-10-06 00:47:35,740 [INFO] send 13933B via direct in 942ms (0.12 Mbit/s) to 4df75fcce03cf096
2026-10-06 00:47:35,800 [INFO] [client-7] Round 7 done — loss=1.0319 acc=0.4461  1.4s
2026-10-06 00:47:35,801 [INFO] [client-7] Round 8 — receiving model…
2026-10-06 00:47:35,804 [INFO] send 13933B via direct in 843ms (0.13 Mbit/s) to 4df75fcce03cf096
2026-10-06 00:47:35,826 [INFO] [client-8] Round 7 done — loss=0.7634 acc=0.7119  1.6s
2026-10-06 00:47:35,827 [INFO] [client-8] Round 8 — receiving model…
2026-10-06 00:47:35,828 [INFO] send 13933B via direct in 733ms (0.15 Mbit/s) to 4df75fcce03cf096
2026-10-06 00:47:35,845 [INFO] [client-2] Round 7 done — loss=0.9679 acc=0.5220  1.6s
2026-10-06 00:47:35,847 [INFO] [client-2] Round 8 — receiving model…
2026-10-06 00:47:35,848 [INFO] send 13933B via direct in 517ms (0.22 Mbit/s) to 4df75fcce03cf096
2026-10-06 00:47:35,874 [INFO] [client-3] Round 7 done — loss=1.0469 acc=0.4533  1.7s
2026-10-06 00:47:35,875 [INFO] [client-3] Round 8 — receiving model…
2026-10-06 00:47:35,876 [INFO] send 13933B via direct in 609ms (0.18 Mbit/s) to 4df75fcce03cf096
2026-10-06 00:47:35,904 [INFO] [client-1] Round 7 done — loss=1.0592 acc=0.4279  1.7s
2026-10-06 00:47:35,905 [INFO] [client-1] Round 8 — receiving model…
2026-10-06 00:47:35,906 [INFO] send 13933B via direct in 387ms (0.29 Mbit/s) to 4df75fcce03cf096
2026-10-06 00:47:35,930 [INFO] [client-4] Round 7 done — loss=1.0144 acc=0.4890  1.7s
2026-10-06 00:47:35,931 [INFO] [client-4] Round 8 — receiving model…
2026-10-06 00:47:35,933 [INFO] recv 13933B via direct in 147ms
2026-10-06 00:47:35,937 [INFO] recv 13933B via direct in 129ms
2026-10-06 00:47:35,941 [INFO] send 13933B via direct in 430ms (0.26 Mbit/s) to 4df75fcce03cf096
2026-10-06 00:47:35,970 [INFO] [client-0] Round 7 done — loss=1.0578 acc=0.4579  1.7s
2026-10-06 00:47:35,971 [INFO] [client-0] Round 8 — receiving model…
2026-10-06 00:47:35,972 [INFO] send 13933B via direct in 3019ms (0.04 Mbit/s) to 4df75fcce03cf096 (attempt 2)
2026-10-06 00:47:35,991 [INFO] [client-6] Round 6 done — loss=1.0191 acc=0.4785  3.6s
2026-10-06 00:47:35,992 [INFO] [client-6] Round 7 — receiving model…
2026-10-06 00:47:35,992 [INFO] recv 13933B via direct in 313ms
2026-10-06 00:47:35,996 [INFO] [client-6] Round 7 — training locally…
2026-10-06 00:47:36,095 [INFO] [client-6] Round 7 — sending update…
2026-10-06 00:47:36,098 [INFO] send 13933B via direct in 2934ms (0.04 Mbit/s) to 4df75fcce03cf096 (attempt 2)
2026-10-06 00:47:36,117 [INFO] [client-9] Round 6 done — loss=1.0124 acc=0.5204  3.6s
2026-10-06 00:47:36,118 [INFO] [client-9] Round 7 — receiving model…
2026-10-06 00:47:36,118 [INFO] recv 13933B via direct in 288ms
2026-10-06 00:47:36,121 [INFO] [client-9] Round 7 — training locally…
2026-10-06 00:47:36,207 [INFO] [client-9] Round 7 — sending update…
2026-10-06 00:47:36,210 [INFO] send 13933B via direct in 2829ms (0.04 Mbit/s) to 4df75fcce03cf096 (attempt 2)
2026-10-06 00:47:36,225 [INFO] [client-5] Round 6 done — loss=0.9778 acc=0.5522  3.9s
2026-10-06 00:47:36,226 [INFO] [client-5] Round 7 — receiving model…
2026-10-06 00:47:36,226 [INFO] recv 13933B via direct in 314ms
2026-10-06 00:47:36,228 [INFO] [client-5] Round 7 — training locally…
2026-10-06 00:47:36,326 [INFO] [client-5] Round 7 — sending update…
2026-10-06 00:47:36,329 [INFO] recv 13933B via direct in 249ms
2026-10-06 00:47:36,331 [INFO] recv 13933B via direct in 232ms
2026-10-06 00:47:36,349 [INFO] Round 7/20  acc=0.4479  loss=1.0733  2.0s  clients=10
2026-10-06 00:47:36,351 [INFO] Round 8 — sending model to 10 clients…
2026-10-06 00:47:36,617 [INFO] send 13933B via direct in 517ms (0.22 Mbit/s) to 4df75fcce03cf096
2026-10-06 00:47:36,671 [INFO] [client-6] Round 7 done — loss=1.0167 acc=0.4955  0.7s
2026-10-06 00:47:36,672 [INFO] [client-6] Round 8 — receiving model…
2026-10-06 00:47:36,673 [INFO] send 13933B via direct in 406ms (0.28 Mbit/s) to 4df75fcce03cf096
2026-10-06 00:47:36,696 [INFO] [client-9] Round 7 done — loss=1.0162 acc=0.5183  0.6s
2026-10-06 00:47:36,697 [INFO] [client-9] Round 8 — receiving model…
2026-10-06 00:47:36,704 [INFO] send 13933B via direct in 372ms (0.30 Mbit/s) to 4df75fcce03cf096
2026-10-06 00:47:36,725 [INFO] [client-5] Round 7 done — loss=0.9678 acc=0.5587  0.5s
2026-10-06 00:47:36,728 [INFO] [client-5] Round 8 — receiving model…
2026-10-06 00:47:36,731 [INFO] recv 13933B via direct in 132ms
2026-10-06 00:47:36,734 [INFO] [client-2] Round 8 — training locally…
2026-10-06 00:47:36,882 [INFO] [client-2] Round 8 — sending update…
2026-10-06 00:47:36,885 [INFO] recv 13933B via direct in 158ms
2026-10-06 00:47:36,889 [INFO] [client-1] Round 8 — training locally…
2026-10-06 00:47:37,020 [INFO] [client-1] Round 8 — sending update…
2026-10-06 00:47:37,023 [INFO] recv 13933B via direct in 158ms
2026-10-06 00:47:37,034 [INFO] [client-8] Round 8 — training locally…
2026-10-06 00:47:37,155 [INFO] [client-8] Round 8 — sending update…
2026-10-06 00:47:37,157 [INFO] recv 13933B via direct in 158ms
2026-10-06 00:47:37,159 [INFO] [client-6] Round 8 — training locally…
2026-10-06 00:47:37,247 [INFO] [client-6] Round 8 — sending update…
2026-10-06 00:47:37,249 [INFO] recv 13933B via direct in 158ms
2026-10-06 00:47:37,252 [INFO] [client-4] Round 8 — training locally…
2026-10-06 00:47:37,348 [INFO] [client-4] Round 8 — sending update…
2026-10-06 00:47:37,351 [INFO] recv 13933B via direct in 134ms
2026-10-06 00:47:37,353 [INFO] [client-3] Round 8 — training locally…
2026-10-06 00:47:37,463 [INFO] [client-3] Round 8 — sending update…
2026-10-06 00:47:37,465 [INFO] recv 13933B via direct in 134ms
2026-10-06 00:47:37,469 [INFO] [client-7] Round 8 — training locally…
2026-10-06 00:47:37,564 [INFO] [client-7] Round 8 — sending update…
2026-10-06 00:47:37,567 [INFO] recv 13933B via direct in 173ms
2026-10-06 00:47:37,569 [INFO] [client-5] Round 8 — training locally…
2026-10-06 00:47:37,676 [INFO] [client-5] Round 8 — sending update…
2026-10-06 00:47:37,695 [INFO] recv 13933B via direct in 901ms
2026-10-06 00:47:37,697 [INFO] [client-0] Round 8 — training locally…
2026-10-06 00:47:37,801 [INFO] [client-0] Round 8 — sending update…
2026-10-06 00:47:37,807 [INFO] send 13933B via direct in 1328ms (0.08 Mbit/s) to 357ef407946a4e8a
2026-10-06 00:47:37,808 [INFO] send 13933B via direct in 1327ms (0.08 Mbit/s) to da7d9231e097e04b
2026-10-06 00:47:37,809 [INFO] send 13933B via direct in 1327ms (0.08 Mbit/s) to df293149121a579d
2026-10-06 00:47:37,811 [INFO] send 13933B via direct in 1327ms (0.08 Mbit/s) to 76cfdcfd7f655318
2026-10-06 00:47:37,812 [INFO] send 13933B via direct in 1325ms (0.08 Mbit/s) to 1571d7c4e973870f
2026-10-06 00:47:37,813 [INFO] send 13933B via direct in 1325ms (0.08 Mbit/s) to 5988eaf6a1232bc0
2026-10-06 00:47:37,815 [INFO] send 13933B via direct in 1325ms (0.08 Mbit/s) to f128f4fd14b06d2c
2026-10-06 00:47:37,815 [INFO] send 13933B via direct in 1332ms (0.08 Mbit/s) to f84d83d0fded6ea4
2026-10-06 00:47:37,816 [INFO] send 13933B via direct in 1328ms (0.08 Mbit/s) to 3b7812f4abac54f5
2026-10-06 00:47:37,817 [INFO] send 13933B via direct in 1328ms (0.08 Mbit/s) to 2113242f1a46c5a8
2026-10-06 00:47:37,818 [INFO] recv 13933B via direct in 1113ms
2026-10-06 00:47:37,821 [INFO] [client-9] Round 8 — training locally…
2026-10-06 00:47:37,925 [INFO] [client-9] Round 8 — sending update…
2026-10-06 00:47:37,927 [INFO] Round 8 — waiting for 10 updates…
2026-10-06 00:47:37,928 [INFO] recv 13933B via direct in 202ms
2026-10-06 00:47:37,929 [INFO] recv 13933B via direct in 182ms
2026-10-06 00:47:37,931 [INFO] recv 13933B via direct in 170ms
2026-10-06 00:47:37,940 [INFO] recv 13933B via direct in 253ms
2026-10-06 00:47:37,942 [INFO] recv 13933B via direct in 253ms
2026-10-06 00:47:37,944 [INFO] recv 13933B via direct in 254ms
2026-10-06 00:47:37,946 [INFO] recv 13933B via direct in 254ms
2026-10-06 00:47:37,948 [WARNING] Round 8 — discarding update from unselected/duplicate peer df293149121a579d
2026-10-06 00:47:37,949 [INFO] recv 13933B via direct in 254ms
2026-10-06 00:47:37,952 [INFO] send 13933B via direct in 1068ms (0.10 Mbit/s) to 4df75fcce03cf096
2026-10-06 00:47:37,976 [INFO] [client-2] Round 8 done — loss=0.9686 acc=0.5168  2.1s
2026-10-06 00:47:37,977 [INFO] [client-2] Round 9 — receiving model…
2026-10-06 00:47:37,978 [INFO] send 13933B via direct in 930ms (0.12 Mbit/s) to 4df75fcce03cf096
2026-10-06 00:47:37,994 [INFO] [client-1] Round 8 done — loss=1.0602 acc=0.4255  2.1s
2026-10-06 00:47:37,995 [INFO] [client-1] Round 9 — receiving model…
2026-10-06 00:47:37,999 [INFO] send 13933B via direct in 840ms (0.13 Mbit/s) to 4df75fcce03cf096
2026-10-06 00:47:38,015 [INFO] [client-8] Round 8 done — loss=0.7627 acc=0.7115  2.2s
2026-10-06 00:47:38,016 [INFO] [client-8] Round 9 — receiving model…
2026-10-06 00:47:38,017 [INFO] send 13933B via direct in 748ms (0.15 Mbit/s) to 4df75fcce03cf096
2026-10-06 00:47:38,035 [INFO] [client-6] Round 8 done — loss=1.0162 acc=0.4868  1.4s
2026-10-06 00:47:38,036 [INFO] [client-6] Round 9 — receiving model…
2026-10-06 00:47:38,037 [INFO] send 13933B via direct in 647ms (0.17 Mbit/s) to 4df75fcce03cf096
2026-10-06 00:47:38,053 [INFO] [client-4] Round 8 done — loss=1.0165 acc=0.4852  2.1s
2026-10-06 00:47:38,054 [INFO] [client-4] Round 9 — receiving model…
2026-10-06 00:47:38,056 [INFO] recv 13933B via direct in 313ms
2026-10-06 00:47:38,059 [INFO] recv 13933B via direct in 65ms
2026-10-06 00:47:38,064 [INFO] send 13933B via direct in 599ms (0.19 Mbit/s) to 4df75fcce03cf096
2026-10-06 00:47:38,090 [INFO] [client-3] Round 8 done — loss=1.0421 acc=0.4588  2.2s
2026-10-06 00:47:38,092 [INFO] [client-3] Round 9 — receiving model…
2026-10-06 00:47:38,093 [INFO] send 13933B via direct in 498ms (0.22 Mbit/s) to 4df75fcce03cf096
2026-10-06 00:47:38,109 [INFO] [client-7] Round 8 done — loss=1.0295 acc=0.4526  2.3s
2026-10-06 00:47:38,111 [INFO] [client-7] Round 9 — receiving model…
2026-10-06 00:47:38,114 [INFO] recv 13933B via direct in 115ms
2026-10-06 00:47:38,140 [INFO] Round 8/20  acc=0.4608  loss=1.0648  1.8s  clients=10
2026-10-06 00:47:38,141 [INFO] Round 9 — sending model to 10 clients…
2026-10-06 00:47:38,154 [INFO] send 13933B via direct in 476ms (0.23 Mbit/s) to 4df75fcce03cf096
2026-10-06 00:47:38,182 [INFO] [client-5] Round 8 done — loss=0.9859 acc=0.5539  1.5s
2026-10-06 00:47:38,183 [INFO] [client-5] Round 9 — receiving model…
2026-10-06 00:47:38,185 [INFO] send 13933B via direct in 381ms (0.29 Mbit/s) to 4df75fcce03cf096
2026-10-06 00:47:38,216 [INFO] [client-0] Round 8 done — loss=1.0616 acc=0.4505  2.2s
2026-10-06 00:47:38,217 [INFO] [client-0] Round 9 — receiving model…
2026-10-06 00:47:38,282 [INFO] send 13933B via direct in 356ms (0.31 Mbit/s) to 4df75fcce03cf096
2026-10-06 00:47:38,309 [INFO] [client-9] Round 8 done — loss=1.0079 acc=0.5256  1.6s
2026-10-06 00:47:38,310 [INFO] [client-9] Round 9 — receiving model…
2026-10-06 00:47:38,466 [INFO] recv 13933B via direct in 120ms
2026-10-06 00:47:38,473 [INFO] [client-2] Round 9 — training locally…
2026-10-06 00:47:38,617 [INFO] [client-2] Round 9 — sending update…
2026-10-06 00:47:38,625 [INFO] recv 13933B via direct in 143ms
2026-10-06 00:47:38,628 [INFO] [client-1] Round 9 — training locally…
2026-10-06 00:47:38,723 [INFO] [client-1] Round 9 — sending update…
2026-10-06 00:47:38,724 [INFO] recv 13933B via direct in 145ms
2026-10-06 00:47:38,727 [INFO] [client-7] Round 9 — training locally…
2026-10-06 00:47:38,827 [INFO] [client-7] Round 9 — sending update…
2026-10-06 00:47:38,830 [INFO] recv 13933B via direct in 145ms
2026-10-06 00:47:38,833 [INFO] [client-0] Round 9 — training locally…
2026-10-06 00:47:38,923 [INFO] [client-0] Round 9 — sending update…
2026-10-06 00:47:38,926 [INFO] recv 13933B via direct in 145ms
2026-10-06 00:47:38,929 [INFO] [client-4] Round 9 — training locally…
2026-10-06 00:47:39,019 [INFO] [client-4] Round 9 — sending update…
2026-10-06 00:47:39,024 [INFO] send 13933B via direct in 471ms (0.24 Mbit/s) to f128f4fd14b06d2c
2026-10-06 00:47:39,025 [INFO] send 13933B via direct in 480ms (0.23 Mbit/s) to 357ef407946a4e8a
2026-10-06 00:47:39,026 [INFO] send 13933B via direct in 477ms (0.23 Mbit/s) to 5988eaf6a1232bc0
2026-10-06 00:47:39,028 [INFO] send 13933B via direct in 479ms (0.23 Mbit/s) to 3b7812f4abac54f5
2026-10-06 00:47:39,029 [INFO] send 13933B via direct in 476ms (0.23 Mbit/s) to 76cfdcfd7f655318
2026-10-06 00:47:39,030 [INFO] send 13933B via direct in 475ms (0.24 Mbit/s) to 2113242f1a46c5a8
2026-10-06 00:47:39,030 [INFO] send 13933B via direct in 474ms (0.24 Mbit/s) to df293149121a579d
2026-10-06 00:47:39,031 [INFO] send 13933B via direct in 474ms (0.24 Mbit/s) to 1571d7c4e973870f
2026-10-06 00:47:39,032 [INFO] send 13933B via direct in 474ms (0.24 Mbit/s) to da7d9231e097e04b
2026-10-06 00:47:39,033 [INFO] send 13933B via direct in 472ms (0.24 Mbit/s) to f84d83d0fded6ea4
2026-10-06 00:47:39,034 [INFO] recv 13933B via direct in 302ms
2026-10-06 00:47:39,036 [INFO] [client-9] Round 9 — training locally…
2026-10-06 00:47:39,131 [INFO] [client-9] Round 9 — sending update…
2026-10-06 00:47:39,132 [INFO] recv 13933B via direct in 294ms
2026-10-06 00:47:39,135 [INFO] [client-6] Round 9 — training locally…
2026-10-06 00:47:39,241 [INFO] [client-6] Round 9 — sending update…
2026-10-06 00:47:39,244 [INFO] Round 9 — waiting for 10 updates…
2026-10-06 00:47:39,245 [INFO] recv 13933B via direct in 179ms
2026-10-06 00:47:39,246 [INFO] recv 13933B via direct in 118ms
2026-10-06 00:47:39,253 [INFO] recv 13933B via direct in 693ms
2026-10-06 00:47:39,255 [INFO] [client-3] Round 9 — training locally…
2026-10-06 00:47:39,359 [INFO] [client-3] Round 9 — sending update…
2026-10-06 00:47:39,362 [INFO] recv 13933B via direct in 693ms
2026-10-06 00:47:39,364 [INFO] [client-8] Round 9 — training locally…
2026-10-06 00:47:39,454 [INFO] [client-8] Round 9 — sending update…
2026-10-06 00:47:39,460 [INFO] recv 13933B via direct in 693ms
2026-10-06 00:47:39,463 [INFO] [client-5] Round 9 — training locally…
2026-10-06 00:47:39,571 [INFO] [client-5] Round 9 — sending update…
2026-10-06 00:47:39,588 [INFO] recv 13933B via direct in 551ms
2026-10-06 00:47:39,590 [INFO] recv 13933B via direct in 551ms
2026-10-06 00:47:39,616 [INFO] recv 13933B via direct in 484ms
2026-10-06 00:47:39,647 [WARNING] transfer attempt 1/3 failed (stream not acknowledged: IrohError:  closed by peer: 0) — retrying
2026-10-06 00:47:39,651 [WARNING] transfer attempt 1/3 failed (stream not acknowledged: IrohError:  closed by peer: 0) — retrying
2026-10-06 00:47:39,676 [WARNING] transfer attempt 1/3 failed (stream not acknowledged: IrohError:  closed by peer: 0) — retrying
2026-10-06 00:47:39,758 [INFO] recv 13933B via direct in 179ms
2026-10-06 00:47:39,766 [INFO] recv 13933B via direct in 180ms
2026-10-06 00:47:39,771 [INFO] recv 13933B via direct in 178ms
2026-10-06 00:47:39,776 [WARNING] Round 9 — discarding update from unselected/duplicate peer 2113242f1a46c5a8
2026-10-06 00:47:39,779 [INFO] recv 13933B via direct in 179ms
2026-10-06 00:47:39,783 [INFO] recv 13933B via direct in 174ms
2026-10-06 00:47:39,788 [INFO] recv 13933B via direct in 125ms
2026-10-06 00:47:39,857 [INFO] Round 9/20  acc=0.4650  loss=1.0636  1.7s  clients=10
2026-10-06 00:47:39,858 [INFO] Round 10 — sending model to 10 clients…
2026-10-06 00:47:39,869 [INFO] send 13933B via direct in 942ms (0.12 Mbit/s) to 4df75fcce03cf096
2026-10-06 00:47:39,888 [INFO] [client-0] Round 9 done — loss=1.0529 acc=0.4557  1.7s
2026-10-06 00:47:39,889 [INFO] [client-0] Round 10 — receiving model…
2026-10-06 00:47:39,890 [INFO] send 13933B via direct in 847ms (0.13 Mbit/s) to 4df75fcce03cf096
2026-10-06 00:47:39,906 [INFO] [client-4] Round 9 done — loss=1.0180 acc=0.4918  1.9s
2026-10-06 00:47:39,907 [INFO] [client-4] Round 10 — receiving model…
2026-10-06 00:47:39,908 [INFO] send 13933B via direct in 736ms (0.15 Mbit/s) to 4df75fcce03cf096
2026-10-06 00:47:39,930 [INFO] [client-9] Round 9 done — loss=1.0115 acc=0.5232  1.6s
2026-10-06 00:47:39,931 [INFO] [client-9] Round 10 — receiving model…
2026-10-06 00:47:39,932 [INFO] send 13933B via direct in 625ms (0.18 Mbit/s) to 4df75fcce03cf096
2026-10-06 00:47:39,946 [INFO] [client-6] Round 9 done — loss=1.0132 acc=0.4997  1.9s
2026-10-06 00:47:39,947 [INFO] [client-6] Round 10 — receiving model…
2026-10-06 00:47:39,948 [INFO] send 13933B via direct in 506ms (0.22 Mbit/s) to 4df75fcce03cf096
2026-10-06 00:47:39,972 [INFO] [client-3] Round 9 done — loss=1.0456 acc=0.4533  1.9s
2026-10-06 00:47:39,973 [INFO] [client-3] Round 10 — receiving model…
2026-10-06 00:47:39,974 [INFO] send 13933B via direct in 412ms (0.27 Mbit/s) to 4df75fcce03cf096
2026-10-06 00:47:39,994 [INFO] [client-8] Round 9 done — loss=0.7632 acc=0.7119  2.0s
2026-10-06 00:47:39,995 [INFO] [client-8] Round 10 — receiving model…
2026-10-06 00:47:40,018 [INFO] send 13933B via direct in 424ms (0.26 Mbit/s) to 4df75fcce03cf096
2026-10-06 00:47:40,042 [INFO] [client-5] Round 9 done — loss=0.9696 acc=0.5563  1.9s
2026-10-06 00:47:40,043 [INFO] [client-5] Round 10 — receiving model…
2026-10-06 00:47:40,160 [INFO] recv 13933B via direct in 112ms
2026-10-06 00:47:40,164 [INFO] [client-3] Round 10 — training locally…
2026-10-06 00:47:40,288 [INFO] [client-3] Round 10 — sending update…
2026-10-06 00:47:40,292 [INFO] recv 13933B via direct in 113ms
2026-10-06 00:47:40,295 [INFO] [client-6] Round 10 — training locally…
2026-10-06 00:47:40,385 [INFO] [client-6] Round 10 — sending update…
2026-10-06 00:47:40,396 [INFO] send 13933B via direct in 427ms (0.26 Mbit/s) to 1571d7c4e973870f
2026-10-06 00:47:40,397 [INFO] send 13933B via direct in 430ms (0.26 Mbit/s) to da7d9231e097e04b
2026-10-06 00:47:40,399 [INFO] send 13933B via direct in 426ms (0.26 Mbit/s) to 2113242f1a46c5a8
2026-10-06 00:47:40,400 [INFO] send 13933B via direct in 426ms (0.26 Mbit/s) to f128f4fd14b06d2c
2026-10-06 00:47:40,403 [INFO] send 13933B via direct in 427ms (0.26 Mbit/s) to df293149121a579d
2026-10-06 00:47:40,404 [INFO] recv 13933B via direct in 345ms
2026-10-06 00:47:40,406 [INFO] [client-5] Round 10 — training locally…
2026-10-06 00:47:40,525 [INFO] [client-5] Round 10 — sending update…
2026-10-06 00:47:40,527 [INFO] recv 13933B via direct in 345ms
2026-10-06 00:47:40,529 [INFO] [client-8] Round 10 — training locally…
2026-10-06 00:47:40,622 [INFO] [client-8] Round 10 — sending update…
2026-10-06 00:47:40,625 [INFO] recv 13933B via direct in 345ms
2026-10-06 00:47:40,628 [INFO] [client-4] Round 10 — training locally…
2026-10-06 00:47:40,720 [INFO] [client-4] Round 10 — sending update…
2026-10-06 00:47:40,722 [INFO] recv 13933B via direct in 346ms
2026-10-06 00:47:40,725 [INFO] [client-0] Round 10 — training locally…
2026-10-06 00:47:40,795 [INFO] [client-0] Round 10 — sending update…
2026-10-06 00:47:40,797 [INFO] recv 13933B via direct in 346ms
2026-10-06 00:47:40,800 [INFO] [client-9] Round 10 — training locally…
2026-10-06 00:47:40,896 [INFO] [client-9] Round 10 — sending update…
2026-10-06 00:47:40,899 [INFO] send 13933B via direct in 431ms (0.26 Mbit/s) to f84d83d0fded6ea4
2026-10-06 00:47:40,900 [INFO] send 13933B via direct in 429ms (0.26 Mbit/s) to 76cfdcfd7f655318
2026-10-06 00:47:40,901 [INFO] send 13933B via direct in 429ms (0.26 Mbit/s) to 5988eaf6a1232bc0
2026-10-06 00:47:40,902 [INFO] send 13933B via direct in 427ms (0.26 Mbit/s) to 3b7812f4abac54f5
2026-10-06 00:47:40,903 [INFO] send 13933B via direct in 426ms (0.26 Mbit/s) to 357ef407946a4e8a
2026-10-06 00:47:40,905 [INFO] Round 10 — waiting for 10 updates…
2026-10-06 00:47:40,906 [INFO] recv 13933B via direct in 254ms
2026-10-06 00:47:41,087 [INFO] recv 13933B via direct in 173ms
2026-10-06 00:47:41,096 [INFO] recv 13933B via direct in 178ms
2026-10-06 00:47:41,103 [INFO] recv 13933B via direct in 193ms
2026-10-06 00:47:41,106 [WARNING] Round 10 — discarding update from unselected/duplicate peer f84d83d0fded6ea4
2026-10-06 00:47:41,108 [INFO] recv 13933B via direct in 193ms
2026-10-06 00:47:41,112 [INFO] recv 13933B via direct in 193ms
2026-10-06 00:47:41,115 [INFO] recv 13933B via direct in 137ms
2026-10-06 00:47:41,137 [INFO] send 13933B via direct in 847ms (0.13 Mbit/s) to 4df75fcce03cf096
2026-10-06 00:47:41,188 [INFO] [client-3] Round 10 done — loss=1.0412 acc=0.4554  1.2s
2026-10-06 00:47:41,189 [INFO] [client-3] Round 11 — receiving model…
2026-10-06 00:47:41,195 [INFO] send 13933B via direct in 802ms (0.14 Mbit/s) to 4df75fcce03cf096
2026-10-06 00:47:41,215 [INFO] [client-6] Round 10 done — loss=1.0179 acc=0.4986  1.3s
2026-10-06 00:47:41,216 [INFO] [client-6] Round 11 — receiving model…
2026-10-06 00:47:41,217 [INFO] send 13933B via direct in 665ms (0.17 Mbit/s) to 4df75fcce03cf096
2026-10-06 00:47:41,233 [INFO] [client-5] Round 10 done — loss=0.9780 acc=0.5519  1.2s
2026-10-06 00:47:41,233 [INFO] [client-5] Round 11 — receiving model…
2026-10-06 00:47:41,235 [INFO] send 13933B via direct in 568ms (0.20 Mbit/s) to 4df75fcce03cf096
2026-10-06 00:47:41,250 [INFO] [client-8] Round 10 done — loss=0.7679 acc=0.7122  1.3s
2026-10-06 00:47:41,251 [INFO] [client-8] Round 11 — receiving model…
2026-10-06 00:47:41,252 [INFO] send 13933B via direct in 470ms (0.24 Mbit/s) to 4df75fcce03cf096
2026-10-06 00:47:41,270 [INFO] [client-4] Round 10 done — loss=1.0140 acc=0.4952  1.4s
2026-10-06 00:47:41,272 [INFO] [client-4] Round 11 — receiving model…
2026-10-06 00:47:41,273 [INFO] send 13933B via direct in 396ms (0.28 Mbit/s) to 4df75fcce03cf096
2026-10-06 00:47:41,292 [INFO] [client-0] Round 10 done — loss=1.0496 acc=0.4531  1.4s
2026-10-06 00:47:41,292 [INFO] [client-0] Round 11 — receiving model…
2026-10-06 00:47:41,294 [INFO] recv 13933B via direct in 152ms
2026-10-06 00:47:41,298 [INFO] recv 13933B via direct in 111ms
2026-10-06 00:47:41,300 [INFO] send 13933B via direct in 399ms (0.28 Mbit/s) to 4df75fcce03cf096
2026-10-06 00:47:41,322 [INFO] [client-9] Round 10 done — loss=1.0122 acc=0.5256  1.4s
2026-10-06 00:47:41,323 [INFO] [client-9] Round 11 — receiving model…
2026-10-06 00:47:41,324 [INFO] send 13933B via direct in 2677ms (0.04 Mbit/s) to 4df75fcce03cf096 (attempt 2)
2026-10-06 00:47:41,342 [INFO] [client-2] Round 9 done — loss=0.9659 acc=0.5185  3.4s
2026-10-06 00:47:41,343 [INFO] [client-2] Round 10 — receiving model…
2026-10-06 00:47:41,344 [INFO] recv 13933B via direct in 346ms
2026-10-06 00:47:41,347 [INFO] [client-2] Round 10 — training locally…
2026-10-06 00:47:41,439 [INFO] [client-2] Round 10 — sending update…
2026-10-06 00:47:41,443 [INFO] send 13933B via direct in 2468ms (0.05 Mbit/s) to 4df75fcce03cf096 (attempt 2)
2026-10-06 00:47:41,456 [INFO] [client-7] Round 9 done — loss=1.0337 acc=0.4409  3.3s
2026-10-06 00:47:41,457 [INFO] [client-7] Round 10 — receiving model…
2026-10-06 00:47:41,458 [INFO] recv 13933B via direct in 345ms
2026-10-06 00:47:41,462 [INFO] [client-7] Round 10 — training locally…
2026-10-06 00:47:41,554 [INFO] [client-7] Round 10 — sending update…
2026-10-06 00:47:41,557 [INFO] recv 13933B via direct in 216ms
2026-10-06 00:47:41,560 [INFO] recv 13933B via direct in 214ms
2026-10-06 00:47:41,579 [INFO] Round 10/20  acc=0.4611  loss=1.0650  1.7s  clients=10
2026-10-06 00:47:41,580 [INFO] Round 11 — sending model to 10 clients…
2026-10-06 00:47:41,591 [INFO] send 13933B via direct in 2576ms (0.04 Mbit/s) to 4df75fcce03cf096 (attempt 2)
2026-10-06 00:47:41,652 [INFO] [client-1] Round 9 done — loss=1.0580 acc=0.4248  3.7s
2026-10-06 00:47:41,654 [INFO] [client-1] Round 10 — receiving model…
2026-10-06 00:47:41,654 [INFO] recv 13933B via direct in 347ms
2026-10-06 00:47:41,658 [INFO] [client-1] Round 10 — training locally…
2026-10-06 00:47:41,761 [INFO] [client-1] Round 10 — sending update…
2026-10-06 00:47:41,966 [INFO] recv 13933B via direct in 187ms
2026-10-06 00:47:41,971 [INFO] [client-9] Round 11 — training locally…
2026-10-06 00:47:42,126 [INFO] [client-9] Round 11 — sending update…
2026-10-06 00:47:42,129 [INFO] recv 13933B via direct in 188ms
2026-10-06 00:47:42,131 [INFO] [client-5] Round 11 — training locally…
2026-10-06 00:47:42,227 [INFO] [client-5] Round 11 — sending update…
2026-10-06 00:47:42,229 [INFO] recv 13933B via direct in 188ms
2026-10-06 00:47:42,232 [INFO] [client-4] Round 11 — training locally…
2026-10-06 00:47:42,329 [INFO] [client-4] Round 11 — sending update…
2026-10-06 00:47:42,333 [INFO] recv 13933B via direct in 192ms
2026-10-06 00:47:42,335 [INFO] [client-8] Round 11 — training locally…
2026-10-06 00:47:42,422 [INFO] [client-8] Round 11 — sending update…
2026-10-06 00:47:42,427 [INFO] recv 13933B via direct in 170ms
2026-10-06 00:47:42,430 [INFO] [client-3] Round 11 — training locally…
2026-10-06 00:47:42,523 [INFO] [client-3] Round 11 — sending update…
2026-10-06 00:47:42,529 [INFO] recv 13933B via direct in 172ms
2026-10-06 00:47:42,531 [INFO] [client-0] Round 11 — training locally…
2026-10-06 00:47:42,617 [INFO] [client-0] Round 11 — sending update…
2026-10-06 00:47:42,619 [INFO] recv 13933B via direct in 172ms
2026-10-06 00:47:42,621 [INFO] [client-6] Round 11 — training locally…
2026-10-06 00:47:42,730 [INFO] [client-6] Round 11 — sending update…
2026-10-06 00:47:42,740 [INFO] send 13933B via direct in 1083ms (0.10 Mbit/s) to 4df75fcce03cf096
2026-10-06 00:47:42,832 [INFO] [client-2] Round 10 done — loss=0.9643 acc=0.5216  1.5s
2026-10-06 00:47:42,836 [INFO] [client-2] Round 11 — receiving model…
2026-10-06 00:47:42,837 [INFO] recv 13933B via direct in 192ms
2026-10-06 00:47:42,840 [INFO] [client-2] Round 11 — training locally…
2026-10-06 00:47:42,929 [INFO] [client-2] Round 11 — sending update…
2026-10-06 00:47:42,932 [INFO] send 13933B via direct in 969ms (0.12 Mbit/s) to 4df75fcce03cf096
2026-10-06 00:47:42,953 [INFO] [client-7] Round 10 done — loss=1.0279 acc=0.4475  1.5s
2026-10-06 00:47:42,954 [INFO] [client-7] Round 11 — receiving model…
2026-10-06 00:47:42,955 [INFO] recv 13933B via direct in 173ms
2026-10-06 00:47:42,957 [INFO] [client-7] Round 11 — training locally…
2026-10-06 00:47:43,056 [INFO] [client-7] Round 11 — sending update…
2026-10-06 00:47:43,058 [INFO] send 13933B via direct in 943ms (0.12 Mbit/s) to 2113242f1a46c5a8
2026-10-06 00:47:43,059 [INFO] send 13933B via direct in 941ms (0.12 Mbit/s) to f84d83d0fded6ea4
2026-10-06 00:47:43,060 [INFO] send 13933B via direct in 940ms (0.12 Mbit/s) to 76cfdcfd7f655318
2026-10-06 00:47:43,061 [INFO] send 13933B via direct in 939ms (0.12 Mbit/s) to 357ef407946a4e8a
2026-10-06 00:47:43,061 [INFO] send 13933B via direct in 939ms (0.12 Mbit/s) to da7d9231e097e04b
2026-10-06 00:47:43,062 [INFO] send 13933B via direct in 938ms (0.12 Mbit/s) to f128f4fd14b06d2c
2026-10-06 00:47:43,063 [INFO] send 13933B via direct in 938ms (0.12 Mbit/s) to 1571d7c4e973870f
2026-10-06 00:47:43,064 [INFO] send 13933B via direct in 938ms (0.12 Mbit/s) to 3b7812f4abac54f5
2026-10-06 00:47:43,064 [INFO] send 13933B via direct in 938ms (0.12 Mbit/s) to df293149121a579d
2026-10-06 00:47:43,065 [INFO] send 13933B via direct in 937ms (0.12 Mbit/s) to 5988eaf6a1232bc0
2026-10-06 00:47:43,066 [INFO] send 13933B via direct in 766ms (0.15 Mbit/s) to 4df75fcce03cf096
2026-10-06 00:47:43,083 [INFO] [client-1] Round 10 done — loss=1.0600 acc=0.4193  1.4s
2026-10-06 00:47:43,083 [INFO] [client-1] Round 11 — receiving model…
2026-10-06 00:47:43,084 [INFO] recv 13933B via direct in 190ms
2026-10-06 00:47:43,086 [INFO] [client-1] Round 11 — training locally…
2026-10-06 00:47:43,180 [INFO] [client-1] Round 11 — sending update…
2026-10-06 00:47:43,185 [INFO] Round 11 — waiting for 10 updates…
2026-10-06 00:47:43,186 [INFO] recv 13933B via direct in 174ms
2026-10-06 00:47:43,188 [INFO] recv 13933B via direct in 177ms
2026-10-06 00:47:43,195 [INFO] recv 13933B via direct in 791ms
2026-10-06 00:47:43,204 [INFO] recv 13933B via direct in 470ms
2026-10-06 00:47:43,207 [INFO] recv 13933B via direct in 469ms
2026-10-06 00:47:43,265 [WARNING] transfer attempt 1/3 failed (stream not acknowledged: IrohError:  closed by peer: 0) — retrying
2026-10-06 00:47:43,267 [WARNING] transfer attempt 1/3 failed (stream not acknowledged: IrohError:  closed by peer: 0) — retrying
2026-10-06 00:47:43,351 [INFO] recv 13933B via direct in 613ms
2026-10-06 00:47:43,361 [INFO] recv 13933B via direct in 174ms
2026-10-06 00:47:43,368 [INFO] recv 13933B via direct in 175ms
2026-10-06 00:47:43,372 [INFO] recv 13933B via direct in 162ms
2026-10-06 00:47:43,378 [INFO] recv 13933B via direct in 178ms
2026-10-06 00:47:43,383 [WARNING] Round 11 — discarding update from unselected/duplicate peer f128f4fd14b06d2c
2026-10-06 00:47:43,385 [INFO] recv 13933B via direct in 178ms
2026-10-06 00:47:43,427 [INFO] Round 11/20  acc=0.4653  loss=1.0636  1.8s  clients=10
2026-10-06 00:47:43,428 [INFO] Round 12 — sending model to 10 clients…
2026-10-06 00:47:43,438 [INFO] send 13933B via direct in 1104ms (0.10 Mbit/s) to 4df75fcce03cf096
2026-10-06 00:47:43,459 [INFO] [client-4] Round 11 done — loss=1.0126 acc=0.4945  2.2s
2026-10-06 00:47:43,460 [INFO] [client-4] Round 12 — receiving model…
2026-10-06 00:47:43,461 [INFO] send 13933B via direct in 1012ms (0.11 Mbit/s) to 4df75fcce03cf096
2026-10-06 00:47:43,481 [INFO] [client-8] Round 11 done — loss=0.7696 acc=0.7112  2.2s
2026-10-06 00:47:43,482 [INFO] [client-8] Round 12 — receiving model…
2026-10-06 00:47:43,483 [INFO] send 13933B via direct in 505ms (0.22 Mbit/s) to 4df75fcce03cf096
2026-10-06 00:47:43,498 [INFO] [client-2] Round 11 done — loss=0.9684 acc=0.5117  0.7s
2026-10-06 00:47:43,500 [INFO] [client-2] Round 12 — receiving model…
2026-10-06 00:47:43,501 [INFO] send 13933B via direct in 704ms (0.16 Mbit/s) to 4df75fcce03cf096
2026-10-06 00:47:43,516 [INFO] [client-6] Round 11 done — loss=1.0163 acc=0.4806  2.3s
2026-10-06 00:47:43,517 [INFO] [client-6] Round 12 — receiving model…
2026-10-06 00:47:43,518 [INFO] send 13933B via direct in 913ms (0.12 Mbit/s) to 4df75fcce03cf096
2026-10-06 00:47:43,536 [INFO] [client-3] Round 11 done — loss=1.0445 acc=0.4502  2.3s
2026-10-06 00:47:43,537 [INFO] [client-3] Round 12 — receiving model…
2026-10-06 00:47:43,538 [INFO] send 13933B via direct in 819ms (0.14 Mbit/s) to 4df75fcce03cf096
2026-10-06 00:47:43,558 [INFO] [client-0] Round 11 done — loss=1.0538 acc=0.4583  2.3s
2026-10-06 00:47:43,559 [INFO] [client-0] Round 12 — receiving model…
2026-10-06 00:47:43,560 [INFO] send 13933B via direct in 380ms (0.29 Mbit/s) to 4df75fcce03cf096
2026-10-06 00:47:43,574 [INFO] [client-7] Round 11 done — loss=1.0303 acc=0.4609  0.6s
2026-10-06 00:47:43,575 [INFO] [client-7] Round 12 — receiving model…
2026-10-06 00:47:43,595 [INFO] send 13933B via direct in 394ms (0.28 Mbit/s) to 4df75fcce03cf096
2026-10-06 00:47:43,616 [INFO] [client-1] Round 11 done — loss=1.0600 acc=0.4214  0.5s
2026-10-06 00:47:43,617 [INFO] [client-1] Round 12 — receiving model…
2026-10-06 00:47:43,733 [INFO] recv 13933B via direct in 110ms
2026-10-06 00:47:43,742 [INFO] [client-1] Round 12 — training locally…
2026-10-06 00:47:43,918 [INFO] [client-1] Round 12 — sending update…
2026-10-06 00:47:43,920 [INFO] recv 13933B via direct in 110ms
2026-10-06 00:47:43,923 [INFO] [client-8] Round 12 — training locally…
2026-10-06 00:47:44,046 [INFO] [client-8] Round 12 — sending update…
2026-10-06 00:47:44,059 [INFO] send 13933B via direct in 619ms (0.18 Mbit/s) to 357ef407946a4e8a
2026-10-06 00:47:44,060 [INFO] send 13933B via direct in 618ms (0.18 Mbit/s) to da7d9231e097e04b
2026-10-06 00:47:44,061 [INFO] send 13933B via direct in 617ms (0.18 Mbit/s) to 76cfdcfd7f655318
2026-10-06 00:47:44,062 [INFO] send 13933B via direct in 621ms (0.18 Mbit/s) to df293149121a579d
2026-10-06 00:47:44,063 [INFO] send 13933B via direct in 617ms (0.18 Mbit/s) to f84d83d0fded6ea4
2026-10-06 00:47:44,064 [INFO] send 13933B via direct in 617ms (0.18 Mbit/s) to f128f4fd14b06d2c
2026-10-06 00:47:44,065 [INFO] send 13933B via direct in 617ms (0.18 Mbit/s) to 5988eaf6a1232bc0
2026-10-06 00:47:44,066 [INFO] send 13933B via direct in 616ms (0.18 Mbit/s) to 2113242f1a46c5a8
2026-10-06 00:47:44,067 [INFO] send 13933B via direct in 618ms (0.18 Mbit/s) to 3b7812f4abac54f5
2026-10-06 00:47:44,068 [INFO] send 13933B via direct in 617ms (0.18 Mbit/s) to 1571d7c4e973870f
2026-10-06 00:47:44,069 [INFO] recv 13933B via direct in 433ms
2026-10-06 00:47:44,071 [INFO] [client-0] Round 12 — training locally…
2026-10-06 00:47:44,157 [INFO] [client-0] Round 12 — sending update…
2026-10-06 00:47:44,161 [INFO] recv 13933B via direct in 433ms
2026-10-06 00:47:44,163 [INFO] [client-3] Round 12 — training locally…
2026-10-06 00:47:44,260 [INFO] [client-3] Round 12 — sending update…
2026-10-06 00:47:44,264 [INFO] recv 13933B via direct in 433ms
2026-10-06 00:47:44,266 [INFO] [client-4] Round 12 — training locally…
2026-10-06 00:47:44,363 [INFO] [client-4] Round 12 — sending update…
2026-10-06 00:47:44,364 [INFO] recv 13933B via direct in 435ms
2026-10-06 00:47:44,366 [INFO] [client-6] Round 12 — training locally…
2026-10-06 00:47:44,462 [INFO] [client-6] Round 12 — sending update…
2026-10-06 00:47:44,465 [INFO] recv 13933B via direct in 435ms
2026-10-06 00:47:44,466 [INFO] [client-2] Round 12 — training locally…
2026-10-06 00:47:44,560 [INFO] [client-2] Round 12 — sending update…
2026-10-06 00:47:44,563 [INFO] recv 13933B via direct in 435ms
2026-10-06 00:47:44,566 [INFO] [client-7] Round 12 — training locally…
2026-10-06 00:47:44,666 [INFO] [client-7] Round 12 — sending update…
2026-10-06 00:47:44,669 [INFO] Round 12 — waiting for 10 updates…
2026-10-06 00:47:44,670 [INFO] recv 13933B via direct in 148ms
2026-10-06 00:47:44,672 [INFO] recv 13933B via direct in 234ms
2026-10-06 00:47:44,688 [INFO] send 13933B via direct in 756ms (0.15 Mbit/s) to 4df75fcce03cf096
2026-10-06 00:47:44,706 [INFO] [client-1] Round 12 done — loss=1.0559 acc=0.4323  1.1s
2026-10-06 00:47:44,707 [INFO] [client-1] Round 13 — receiving model…
2026-10-06 00:47:44,709 [INFO] recv 13933B via direct in 33ms
2026-10-06 00:47:44,712 [WARNING] Round 12 — discarding update from unselected/duplicate peer 357ef407946a4e8a
2026-10-06 00:47:44,843 [INFO] recv 13933B via direct in 165ms
2026-10-06 00:47:44,860 [INFO] recv 13933B via direct in 178ms
2026-10-06 00:47:44,865 [INFO] recv 13933B via direct in 179ms
2026-10-06 00:47:44,871 [INFO] recv 13933B via direct in 192ms
2026-10-06 00:47:44,874 [INFO] recv 13933B via direct in 193ms
2026-10-06 00:47:44,877 [INFO] recv 13933B via direct in 149ms
2026-10-06 00:47:44,898 [INFO] send 13933B via direct in 633ms (0.18 Mbit/s) to 4df75fcce03cf096
2026-10-06 00:47:44,956 [INFO] [client-3] Round 12 done — loss=1.0439 acc=0.4547  1.4s
2026-10-06 00:47:44,958 [INFO] [client-3] Round 13 — receiving model…
2026-10-06 00:47:44,960 [INFO] send 13933B via direct in 848ms (0.13 Mbit/s) to 4df75fcce03cf096
2026-10-06 00:47:44,988 [INFO] [client-8] Round 12 done — loss=0.7650 acc=0.7095  1.5s
2026-10-06 00:47:44,989 [INFO] [client-8] Round 13 — receiving model…
2026-10-06 00:47:44,990 [INFO] send 13933B via direct in 737ms (0.15 Mbit/s) to 4df75fcce03cf096
2026-10-06 00:47:45,010 [INFO] [client-0] Round 12 done — loss=1.0527 acc=0.4501  1.5s
2026-10-06 00:47:45,012 [INFO] [client-0] Round 13 — receiving model…
2026-10-06 00:47:45,016 [INFO] send 13933B via direct in 649ms (0.17 Mbit/s) to 4df75fcce03cf096
2026-10-06 00:47:45,038 [INFO] [client-4] Round 12 done — loss=1.0187 acc=0.4924  1.6s
2026-10-06 00:47:45,039 [INFO] [client-4] Round 13 — receiving model…
2026-10-06 00:47:45,040 [INFO] send 13933B via direct in 549ms (0.20 Mbit/s) to 4df75fcce03cf096
2026-10-06 00:47:45,058 [INFO] [client-6] Round 12 done — loss=1.0134 acc=0.4868  1.5s
2026-10-06 00:47:45,059 [INFO] [client-6] Round 13 — receiving model…
2026-10-06 00:47:45,060 [INFO] send 13933B via direct in 451ms (0.25 Mbit/s) to 4df75fcce03cf096
2026-10-06 00:47:45,076 [INFO] [client-2] Round 12 done — loss=0.9649 acc=0.5227  1.6s
2026-10-06 00:47:45,077 [INFO] [client-2] Round 13 — receiving model…
2026-10-06 00:47:45,078 [INFO] send 13933B via direct in 346ms (0.32 Mbit/s) to 4df75fcce03cf096
2026-10-06 00:47:45,095 [INFO] [client-7] Round 12 done — loss=1.0312 acc=0.4481  1.5s
2026-10-06 00:47:45,096 [INFO] [client-7] Round 13 — receiving model…
2026-10-06 00:47:45,097 [INFO] recv 13933B via direct in 178ms
2026-10-06 00:47:45,101 [WARNING] Round 12 — discarding update from unselected/duplicate peer 5988eaf6a1232bc0
2026-10-06 00:47:45,102 [INFO] recv 13933B via direct in 161ms
2026-10-06 00:47:45,104 [INFO] recv 13933B via direct in 162ms
2026-10-06 00:47:45,126 [INFO] Round 12/20  acc=0.4701  loss=1.0627  1.7s  clients=10
2026-10-06 00:47:45,127 [INFO] Round 13 — sending model to 10 clients…
2026-10-06 00:47:45,137 [INFO] send 13933B via direct in 2974ms (0.04 Mbit/s) to 4df75fcce03cf096 (attempt 2)
2026-10-06 00:47:45,153 [INFO] [client-9] Round 11 done — loss=1.0139 acc=0.5176  3.8s
2026-10-06 00:47:45,156 [INFO] [client-9] Round 12 — receiving model…
2026-10-06 00:47:45,157 [INFO] recv 13933B via direct in 435ms
2026-10-06 00:47:45,160 [INFO] [client-9] Round 12 — training locally…
2026-10-06 00:47:45,255 [INFO] [client-9] Round 12 — sending update…
2026-10-06 00:47:45,258 [INFO] send 13933B via direct in 2874ms (0.04 Mbit/s) to 4df75fcce03cf096 (attempt 2)
2026-10-06 00:47:45,273 [INFO] [client-5] Round 11 done — loss=0.9731 acc=0.5573  4.0s
2026-10-06 00:47:45,274 [INFO] [client-5] Round 12 — receiving model…
2026-10-06 00:47:45,275 [INFO] recv 13933B via direct in 434ms
2026-10-06 00:47:45,278 [INFO] [client-5] Round 12 — training locally…
2026-10-06 00:47:45,381 [INFO] [client-5] Round 12 — sending update…
2026-10-06 00:47:45,572 [INFO] recv 13933B via direct in 177ms
2026-10-06 00:47:45,577 [INFO] [client-0] Round 13 — training locally…
2026-10-06 00:47:45,669 [INFO] [client-0] Round 13 — sending update…
2026-10-06 00:47:45,671 [INFO] recv 13933B via direct in 179ms
2026-10-06 00:47:45,673 [INFO] [client-8] Round 13 — training locally…
2026-10-06 00:47:45,786 [INFO] [client-8] Round 13 — sending update…
2026-10-06 00:47:45,791 [INFO] recv 13933B via direct in 181ms
2026-10-06 00:47:45,794 [INFO] [client-3] Round 13 — training locally…
2026-10-06 00:47:45,911 [INFO] [client-3] Round 13 — sending update…
2026-10-06 00:47:45,915 [INFO] recv 13933B via direct in 181ms
2026-10-06 00:47:45,917 [INFO] [client-2] Round 13 — training locally…
2026-10-06 00:47:46,022 [INFO] [client-2] Round 13 — sending update…
2026-10-06 00:47:46,025 [INFO] recv 13933B via direct in 181ms
2026-10-06 00:47:46,028 [INFO] [client-6] Round 13 — training locally…
2026-10-06 00:47:46,126 [INFO] [client-6] Round 13 — sending update…
2026-10-06 00:47:46,133 [INFO] recv 13933B via direct in 182ms
2026-10-06 00:47:46,136 [INFO] [client-7] Round 13 — training locally…
2026-10-06 00:47:46,235 [INFO] [client-7] Round 13 — sending update…
2026-10-06 00:47:46,238 [INFO] recv 13933B via direct in 183ms
2026-10-06 00:47:46,240 [INFO] [client-4] Round 13 — training locally…
2026-10-06 00:47:46,330 [INFO] [client-4] Round 13 — sending update…
2026-10-06 00:47:46,334 [INFO] recv 13933B via direct in 184ms
2026-10-06 00:47:46,338 [INFO] [client-1] Round 13 — training locally…
2026-10-06 00:47:46,434 [INFO] [client-1] Round 13 — sending update…
2026-10-06 00:47:46,442 [INFO] send 13933B via direct in 1000ms (0.11 Mbit/s) to 3b7812f4abac54f5
2026-10-06 00:47:46,444 [INFO] send 13933B via direct in 995ms (0.11 Mbit/s) to da7d9231e097e04b
2026-10-06 00:47:46,445 [INFO] send 13933B via direct in 996ms (0.11 Mbit/s) to f128f4fd14b06d2c
2026-10-06 00:47:46,446 [INFO] send 13933B via direct in 998ms (0.11 Mbit/s) to df293149121a579d
2026-10-06 00:47:46,447 [INFO] send 13933B via direct in 999ms (0.11 Mbit/s) to 76cfdcfd7f655318
2026-10-06 00:47:46,448 [INFO] send 13933B via direct in 997ms (0.11 Mbit/s) to 357ef407946a4e8a
2026-10-06 00:47:46,449 [INFO] send 13933B via direct in 997ms (0.11 Mbit/s) to f84d83d0fded6ea4
2026-10-06 00:47:46,450 [INFO] send 13933B via direct in 996ms (0.11 Mbit/s) to 2113242f1a46c5a8
2026-10-06 00:47:46,454 [INFO] send 13933B via direct in 875ms (0.13 Mbit/s) to 4df75fcce03cf096
2026-10-06 00:47:46,472 [INFO] [client-9] Round 12 done — loss=1.0153 acc=0.5190  1.3s
2026-10-06 00:47:46,473 [INFO] [client-9] Round 13 — receiving model…
2026-10-06 00:47:46,474 [INFO] send 13933B via direct in 950ms (0.12 Mbit/s) to 4df75fcce03cf096
2026-10-06 00:47:46,494 [INFO] [client-5] Round 12 done — loss=0.9683 acc=0.5587  1.2s
2026-10-06 00:47:46,496 [INFO] [client-5] Round 13 — receiving model…
2026-10-06 00:47:46,496 [INFO] recv 13933B via direct in 184ms
2026-10-06 00:47:46,500 [INFO] [client-5] Round 13 — training locally…
2026-10-06 00:47:46,602 [INFO] [client-5] Round 13 — sending update…
2026-10-06 00:47:46,607 [INFO] send 13933B via direct in 999ms (0.11 Mbit/s) to 1571d7c4e973870f
2026-10-06 00:47:46,608 [INFO] send 13933B via direct in 994ms (0.11 Mbit/s) to 5988eaf6a1232bc0
2026-10-06 00:47:46,609 [INFO] recv 13933B via direct in 1048ms
2026-10-06 00:47:46,612 [INFO] [client-9] Round 13 — training locally…
2026-10-06 00:47:46,752 [INFO] [client-9] Round 13 — sending update…
2026-10-06 00:47:46,759 [INFO] Round 13 — waiting for 10 updates…
2026-10-06 00:47:46,760 [INFO] recv 13933B via direct in 1004ms
2026-10-06 00:47:46,761 [INFO] recv 13933B via direct in 881ms
2026-10-06 00:47:46,770 [INFO] send 13933B via direct in 1093ms (0.10 Mbit/s) to 4df75fcce03cf096
2026-10-06 00:47:46,789 [INFO] [client-0] Round 13 done — loss=1.0504 acc=0.4614  1.8s
2026-10-06 00:47:46,792 [INFO] [client-0] Round 14 — receiving model…
2026-10-06 00:47:46,793 [INFO] send 13933B via direct in 978ms (0.11 Mbit/s) to 4df75fcce03cf096
2026-10-06 00:47:46,809 [INFO] [client-8] Round 13 done — loss=0.7702 acc=0.7139  1.8s
2026-10-06 00:47:46,809 [INFO] [client-8] Round 14 — receiving model…
2026-10-06 00:47:46,810 [INFO] send 13933B via direct in 852ms (0.13 Mbit/s) to 4df75fcce03cf096
2026-10-06 00:47:46,830 [INFO] [client-3] Round 13 done — loss=1.0449 acc=0.4543  1.9s
2026-10-06 00:47:46,831 [INFO] [client-3] Round 14 — receiving model…
2026-10-06 00:47:46,835 [INFO] recv 13933B via direct in 395ms
2026-10-06 00:47:46,838 [INFO] recv 13933B via direct in 394ms
2026-10-06 00:47:46,840 [INFO] recv 13933B via direct in 391ms
2026-10-06 00:47:46,842 [INFO] recv 13933B via direct in 360ms
2026-10-06 00:47:46,898 [INFO] send 13933B via direct in 873ms (0.13 Mbit/s) to 4df75fcce03cf096
2026-10-06 00:47:46,986 [INFO] [client-2] Round 13 done — loss=0.9608 acc=0.5261  1.9s
2026-10-06 00:47:46,987 [INFO] [client-2] Round 14 — receiving model…
2026-10-06 00:47:46,994 [INFO] send 13933B via direct in 862ms (0.13 Mbit/s) to 4df75fcce03cf096
2026-10-06 00:47:47,011 [INFO] [client-6] Round 13 done — loss=1.0148 acc=0.4875  2.0s
2026-10-06 00:47:47,012 [INFO] [client-6] Round 14 — receiving model…
2026-10-06 00:47:47,013 [INFO] send 13933B via direct in 753ms (0.15 Mbit/s) to 4df75fcce03cf096
2026-10-06 00:47:47,028 [INFO] [client-7] Round 13 done — loss=1.0310 acc=0.4488  1.9s
2026-10-06 00:47:47,029 [INFO] [client-7] Round 14 — receiving model…
2026-10-06 00:47:47,030 [INFO] send 13933B via direct in 556ms (0.20 Mbit/s) to 4df75fcce03cf096
2026-10-06 00:47:47,048 [INFO] [client-1] Round 13 done — loss=1.0567 acc=0.4238  2.3s
2026-10-06 00:47:47,049 [INFO] [client-1] Round 14 — receiving model…
2026-10-06 00:47:47,053 [INFO] recv 13933B via direct in 518ms
2026-10-06 00:47:47,057 [INFO] recv 13933B via direct in 386ms
2026-10-06 00:47:47,060 [INFO] recv 13933B via direct in 229ms
2026-10-06 00:47:47,062 [INFO] recv 13933B via direct in 229ms
2026-10-06 00:47:47,087 [INFO] Round 13/20  acc=0.4667  loss=1.0625  2.0s  clients=10
2026-10-06 00:47:47,088 [INFO] Round 14 — sending model to 10 clients…
2026-10-06 00:47:47,101 [INFO] send 13933B via direct in 718ms (0.16 Mbit/s) to 4df75fcce03cf096
2026-10-06 00:47:47,123 [INFO] [client-4] Round 13 done — loss=1.0172 acc=0.4852  2.1s
2026-10-06 00:47:47,124 [INFO] [client-4] Round 14 — receiving model…
2026-10-06 00:47:47,125 [INFO] send 13933B via direct in 448ms (0.25 Mbit/s) to 4df75fcce03cf096
2026-10-06 00:47:47,145 [INFO] [client-5] Round 13 done — loss=0.9743 acc=0.5532  0.6s
2026-10-06 00:47:47,146 [INFO] [client-5] Round 14 — receiving model…
2026-10-06 00:47:47,149 [INFO] send 13933B via direct in 394ms (0.28 Mbit/s) to 4df75fcce03cf096
2026-10-06 00:47:47,168 [INFO] [client-9] Round 13 done — loss=1.0105 acc=0.5277  0.7s
2026-10-06 00:47:47,169 [INFO] [client-9] Round 14 — receiving model…
2026-10-06 00:47:47,360 [INFO] recv 13933B via direct in 113ms
2026-10-06 00:47:47,367 [INFO] [client-2] Round 14 — training locally…
2026-10-06 00:47:47,498 [INFO] [client-2] Round 14 — sending update…
2026-10-06 00:47:47,508 [INFO] send 13933B via direct in 411ms (0.27 Mbit/s) to f128f4fd14b06d2c
2026-10-06 00:47:47,510 [INFO] send 13933B via direct in 405ms (0.28 Mbit/s) to f84d83d0fded6ea4
2026-10-06 00:47:47,511 [INFO] send 13933B via direct in 405ms (0.28 Mbit/s) to 1571d7c4e973870f
2026-10-06 00:47:47,512 [INFO] send 13933B via direct in 404ms (0.28 Mbit/s) to 3b7812f4abac54f5
2026-10-06 00:47:47,512 [INFO] send 13933B via direct in 404ms (0.28 Mbit/s) to da7d9231e097e04b
2026-10-06 00:47:47,513 [INFO] send 13933B via direct in 403ms (0.28 Mbit/s) to 5988eaf6a1232bc0
2026-10-06 00:47:47,515 [INFO] send 13933B via direct in 409ms (0.27 Mbit/s) to 76cfdcfd7f655318
2026-10-06 00:47:47,516 [INFO] send 13933B via direct in 407ms (0.27 Mbit/s) to df293149121a579d
2026-10-06 00:47:47,516 [INFO] recv 13933B via direct in 240ms
2026-10-06 00:47:47,518 [INFO] [client-4] Round 14 — training locally…
2026-10-06 00:47:47,618 [INFO] [client-4] Round 14 — sending update…
2026-10-06 00:47:47,621 [INFO] recv 13933B via direct in 240ms
2026-10-06 00:47:47,624 [INFO] [client-6] Round 14 — training locally…
2026-10-06 00:47:47,715 [INFO] [client-6] Round 14 — sending update…
2026-10-06 00:47:47,717 [INFO] recv 13933B via direct in 238ms
2026-10-06 00:47:47,719 [INFO] [client-9] Round 14 — training locally…
2026-10-06 00:47:47,813 [INFO] [client-9] Round 14 — sending update…
2026-10-06 00:47:47,816 [INFO] recv 13933B via direct in 238ms
2026-10-06 00:47:47,819 [INFO] [client-5] Round 14 — training locally…
2026-10-06 00:47:47,911 [INFO] [client-5] Round 14 — sending update…
2026-10-06 00:47:47,914 [INFO] recv 13933B via direct in 238ms
2026-10-06 00:47:47,918 [INFO] [client-3] Round 14 — training locally…
2026-10-06 00:47:48,008 [INFO] [client-3] Round 14 — sending update…
2026-10-06 00:47:48,011 [INFO] recv 13933B via direct in 238ms
2026-10-06 00:47:48,014 [INFO] [client-0] Round 14 — training locally…
2026-10-06 00:47:48,089 [INFO] [client-0] Round 14 — sending update…
2026-10-06 00:47:48,091 [INFO] recv 13933B via direct in 233ms
2026-10-06 00:47:48,093 [INFO] [client-8] Round 14 — training locally…
2026-10-06 00:47:48,198 [INFO] [client-8] Round 14 — sending update…
2026-10-06 00:47:48,200 [INFO] recv 13933B via direct in 233ms
2026-10-06 00:47:48,203 [INFO] [client-1] Round 14 — training locally…
2026-10-06 00:47:48,295 [INFO] [client-1] Round 14 — sending update…
2026-10-06 00:47:48,297 [INFO] recv 13933B via direct in 233ms
2026-10-06 00:47:48,299 [INFO] [client-7] Round 14 — training locally…
2026-10-06 00:47:48,391 [INFO] [client-7] Round 14 — sending update…
2026-10-06 00:47:48,395 [INFO] send 13933B via direct in 404ms (0.28 Mbit/s) to 357ef407946a4e8a
2026-10-06 00:47:48,396 [INFO] send 13933B via direct in 408ms (0.27 Mbit/s) to 2113242f1a46c5a8
2026-10-06 00:47:48,398 [INFO] Round 14 — waiting for 10 updates…
2026-10-06 00:47:48,399 [INFO] recv 13933B via direct in 223ms
2026-10-06 00:47:48,402 [INFO] recv 13933B via direct in 158ms
2026-10-06 00:47:48,564 [INFO] recv 13933B via direct in 158ms
2026-10-06 00:47:48,574 [INFO] recv 13933B via direct in 168ms
2026-10-06 00:47:48,578 [INFO] recv 13933B via direct in 168ms
2026-10-06 00:47:48,586 [INFO] recv 13933B via direct in 179ms
2026-10-06 00:47:48,589 [INFO] recv 13933B via direct in 126ms
2026-10-06 00:47:48,594 [INFO] recv 13933B via direct in 180ms
2026-10-06 00:47:48,597 [WARNING] Round 14 — discarding update from unselected/duplicate peer 2113242f1a46c5a8
2026-10-06 00:47:48,598 [INFO] recv 13933B via direct in 180ms
2026-10-06 00:47:48,601 [WARNING] Round 14 — discarding update from unselected/duplicate peer f84d83d0fded6ea4
2026-10-06 00:47:48,604 [INFO] recv 13933B via direct in 180ms
2026-10-06 00:47:48,608 [INFO] recv 13933B via direct in 181ms
2026-10-06 00:47:48,611 [INFO] send 13933B via direct in 520ms (0.21 Mbit/s) to 4df75fcce03cf096
2026-10-06 00:47:48,650 [INFO] [client-0] Round 14 done — loss=1.0541 acc=0.4531  1.9s
2026-10-06 00:47:48,651 [INFO] [client-0] Round 15 — receiving model…
2026-10-06 00:47:48,656 [INFO] send 13933B via direct in 1151ms (0.10 Mbit/s) to 4df75fcce03cf096
2026-10-06 00:47:48,675 [INFO] [client-2] Round 14 done — loss=0.9712 acc=0.5220  1.7s
2026-10-06 00:47:48,676 [INFO] [client-2] Round 15 — receiving model…
2026-10-06 00:47:48,677 [INFO] send 13933B via direct in 1032ms (0.11 Mbit/s) to 4df75fcce03cf096
2026-10-06 00:47:48,693 [INFO] [client-4] Round 14 done — loss=1.0148 acc=0.4870  1.6s
2026-10-06 00:47:48,694 [INFO] [client-4] Round 15 — receiving model…
2026-10-06 00:47:48,695 [INFO] send 13933B via direct in 936ms (0.12 Mbit/s) to 4df75fcce03cf096
2026-10-06 00:47:48,710 [INFO] [client-6] Round 14 done — loss=1.0148 acc=0.5003  1.7s
2026-10-06 00:47:48,711 [INFO] [client-6] Round 15 — receiving model…
2026-10-06 00:47:48,712 [INFO] send 13933B via direct in 356ms (0.31 Mbit/s) to 4df75fcce03cf096
2026-10-06 00:47:48,730 [INFO] [client-1] Round 14 done — loss=1.0596 acc=0.4193  1.7s
2026-10-06 00:47:48,731 [INFO] [client-1] Round 15 — receiving model…
2026-10-06 00:47:48,732 [INFO] send 13933B via direct in 837ms (0.13 Mbit/s) to 4df75fcce03cf096
2026-10-06 00:47:48,766 [INFO] [client-9] Round 14 done — loss=1.0081 acc=0.5214  1.6s
2026-10-06 00:47:48,768 [INFO] [client-9] Round 15 — receiving model…
2026-10-06 00:47:48,769 [INFO] send 13933B via direct in 740ms (0.15 Mbit/s) to 4df75fcce03cf096
2026-10-06 00:47:48,828 [INFO] [client-5] Round 14 done — loss=0.9783 acc=0.5505  1.7s
2026-10-06 00:47:48,829 [INFO] [client-5] Round 15 — receiving model…
2026-10-06 00:47:48,831 [INFO] send 13933B via direct in 454ms (0.25 Mbit/s) to 4df75fcce03cf096
2026-10-06 00:47:48,885 [INFO] [client-8] Round 14 done — loss=0.7616 acc=0.7122  2.1s
2026-10-06 00:47:48,887 [INFO] [client-8] Round 15 — receiving model…
2026-10-06 00:47:48,888 [INFO] send 13933B via direct in 644ms (0.17 Mbit/s) to 4df75fcce03cf096
2026-10-06 00:47:48,936 [INFO] [client-3] Round 14 done — loss=1.0430 acc=0.4505  2.1s
2026-10-06 00:47:48,938 [INFO] [client-3] Round 15 — receiving model…
2026-10-06 00:47:48,941 [INFO] recv 13933B via direct in 93ms
2026-10-06 00:47:48,988 [INFO] Round 14/20  acc=0.4676  loss=1.0647  1.9s  clients=10
2026-10-06 00:47:48,990 [INFO] Round 15 — sending model to 10 clients…
2026-10-06 00:47:49,005 [INFO] send 13933B via direct in 547ms (0.20 Mbit/s) to 4df75fcce03cf096
2026-10-06 00:47:49,056 [INFO] [client-7] Round 14 done — loss=1.0315 acc=0.4488  2.0s
2026-10-06 00:47:49,057 [INFO] [client-7] Round 15 — receiving model…
2026-10-06 00:47:49,285 [INFO] recv 13933B via direct in 118ms
2026-10-06 00:47:49,289 [INFO] [client-8] Round 15 — training locally…
2026-10-06 00:47:49,548 [INFO] [client-8] Round 15 — sending update…
2026-10-06 00:47:49,556 [INFO] recv 13933B via direct in 118ms
2026-10-06 00:47:49,559 [INFO] [client-3] Round 15 — training locally…
2026-10-06 00:47:49,714 [INFO] [client-3] Round 15 — sending update…
2026-10-06 00:47:49,724 [INFO] send 13933B via direct in 558ms (0.20 Mbit/s) to da7d9231e097e04b
2026-10-06 00:47:49,725 [INFO] send 13933B via direct in 556ms (0.20 Mbit/s) to 1571d7c4e973870f
2026-10-06 00:47:49,726 [INFO] send 13933B via direct in 554ms (0.20 Mbit/s) to 2113242f1a46c5a8
2026-10-06 00:47:49,727 [INFO] send 13933B via direct in 554ms (0.20 Mbit/s) to 76cfdcfd7f655318
2026-10-06 00:47:49,729 [INFO] send 13933B via direct in 554ms (0.20 Mbit/s) to 357ef407946a4e8a
2026-10-06 00:47:49,730 [INFO] send 13933B via direct in 554ms (0.20 Mbit/s) to 3b7812f4abac54f5
2026-10-06 00:47:49,731 [INFO] send 13933B via direct in 552ms (0.20 Mbit/s) to df293149121a579d
2026-10-06 00:47:49,732 [INFO] send 13933B via direct in 552ms (0.20 Mbit/s) to f128f4fd14b06d2c
2026-10-06 00:47:49,734 [INFO] send 13933B via direct in 550ms (0.20 Mbit/s) to f84d83d0fded6ea4
2026-10-06 00:47:49,737 [INFO] recv 13933B via direct in 541ms
2026-10-06 00:47:49,740 [INFO] [client-5] Round 15 — training locally…
2026-10-06 00:47:50,042 [INFO] [client-5] Round 15 — sending update…
2026-10-06 00:47:50,047 [INFO] recv 13933B via direct in 541ms
2026-10-06 00:47:50,053 [INFO] [client-6] Round 15 — training locally…
2026-10-06 00:47:50,250 [INFO] [client-6] Round 15 — sending update…
2026-10-06 00:47:50,253 [INFO] recv 13933B via direct in 538ms
2026-10-06 00:47:50,256 [INFO] [client-2] Round 15 — training locally…
2026-10-06 00:47:50,419 [INFO] [client-2] Round 15 — sending update…
2026-10-06 00:47:50,421 [INFO] recv 13933B via direct in 535ms
2026-10-06 00:47:50,423 [INFO] [client-7] Round 15 — training locally…
2026-10-06 00:47:50,602 [INFO] [client-7] Round 15 — sending update…
2026-10-06 00:47:50,604 [INFO] recv 13933B via direct in 550ms
2026-10-06 00:47:50,608 [INFO] [client-9] Round 15 — training locally…
2026-10-06 00:47:50,902 [INFO] [client-9] Round 15 — sending update…
2026-10-06 00:47:50,907 [INFO] recv 13933B via direct in 551ms
2026-10-06 00:47:50,910 [INFO] [client-4] Round 15 — training locally…
2026-10-06 00:47:51,077 [INFO] [client-4] Round 15 — sending update…
2026-10-06 00:47:51,082 [INFO] recv 13933B via direct in 551ms
2026-10-06 00:47:51,086 [INFO] [client-1] Round 15 — training locally…
2026-10-06 00:47:51,388 [INFO] [client-1] Round 15 — sending update…
2026-10-06 00:47:51,391 [INFO] recv 13933B via direct in 551ms
2026-10-06 00:47:51,396 [INFO] [client-0] Round 15 — training locally…
2026-10-06 00:47:51,534 [INFO] [client-0] Round 15 — sending update…
2026-10-06 00:47:51,538 [INFO] send 13933B via direct in 551ms (0.20 Mbit/s) to 5988eaf6a1232bc0
2026-10-06 00:47:51,541 [INFO] Round 15 — waiting for 10 updates…
2026-10-06 00:47:51,560 [INFO] recv 13933B via direct in 1827ms
2026-10-06 00:47:51,615 [WARNING] transfer attempt 1/3 failed (stream not acknowledged: IrohError:  closed by peer: 0) — retrying
2026-10-06 00:47:51,703 [INFO] recv 13933B via direct in 160ms
2026-10-06 00:47:51,709 [INFO] recv 13933B via direct in 166ms
2026-10-06 00:47:51,712 [INFO] recv 13933B via direct in 166ms
2026-10-06 00:47:51,714 [INFO] recv 13933B via direct in 171ms
2026-10-06 00:47:51,717 [INFO] recv 13933B via direct in 171ms
2026-10-06 00:47:51,721 [INFO] recv 13933B via direct in 177ms
2026-10-06 00:47:51,725 [INFO] recv 13933B via direct in 177ms
2026-10-06 00:47:51,728 [INFO] recv 13933B via direct in 161ms
2026-10-06 00:47:51,759 [INFO] send 13933B via direct in 2042ms (0.05 Mbit/s) to 4df75fcce03cf096
2026-10-06 00:47:51,813 [INFO] [client-3] Round 15 done — loss=1.0397 acc=0.4543  2.9s
2026-10-06 00:47:51,816 [INFO] [client-3] Round 16 — receiving model…
2026-10-06 00:47:51,821 [INFO] send 13933B via direct in 1772ms (0.06 Mbit/s) to 4df75fcce03cf096
2026-10-06 00:47:51,851 [INFO] [client-5] Round 15 done — loss=0.9686 acc=0.5598  3.0s
2026-10-06 00:47:51,852 [INFO] [client-5] Round 16 — receiving model…
2026-10-06 00:47:51,854 [INFO] send 13933B via direct in 1565ms (0.07 Mbit/s) to 4df75fcce03cf096
2026-10-06 00:47:51,882 [INFO] [client-6] Round 15 done — loss=1.0148 acc=0.4938  3.2s
2026-10-06 00:47:51,883 [INFO] [client-6] Round 16 — receiving model…
2026-10-06 00:47:51,885 [INFO] send 13933B via direct in 1397ms (0.08 Mbit/s) to 4df75fcce03cf096
2026-10-06 00:47:51,911 [INFO] [client-2] Round 15 done — loss=0.9624 acc=0.5295  3.2s
2026-10-06 00:47:51,912 [INFO] [client-2] Round 16 — receiving model…
2026-10-06 00:47:51,913 [INFO] send 13933B via direct in 1214ms (0.09 Mbit/s) to 4df75fcce03cf096
2026-10-06 00:47:51,931 [INFO] [client-7] Round 15 done — loss=1.0302 acc=0.4351  2.9s
2026-10-06 00:47:51,932 [INFO] [client-7] Round 16 — receiving model…
2026-10-06 00:47:51,933 [INFO] send 13933B via direct in 913ms (0.12 Mbit/s) to 4df75fcce03cf096
2026-10-06 00:47:51,950 [INFO] [client-9] Round 15 done — loss=1.0143 acc=0.5249  3.2s
2026-10-06 00:47:51,951 [INFO] [client-9] Round 16 — receiving model…
2026-10-06 00:47:51,952 [INFO] send 13933B via direct in 738ms (0.15 Mbit/s) to 4df75fcce03cf096
2026-10-06 00:47:51,980 [INFO] [client-4] Round 15 done — loss=1.0126 acc=0.4907  3.3s
2026-10-06 00:47:51,981 [INFO] [client-4] Round 16 — receiving model…
2026-10-06 00:47:51,982 [INFO] send 13933B via direct in 429ms (0.26 Mbit/s) to 4df75fcce03cf096
2026-10-06 00:47:52,009 [INFO] [client-1] Round 15 done — loss=1.0585 acc=0.4286  3.3s
2026-10-06 00:47:52,010 [INFO] [client-1] Round 16 — receiving model…
2026-10-06 00:47:52,012 [INFO] recv 13933B via direct in 117ms
2026-10-06 00:47:52,042 [INFO] Round 15/20  acc=0.4681  loss=1.0662  3.1s  clients=10
2026-10-06 00:47:52,044 [INFO] Round 16 — sending model to 10 clients…
2026-10-06 00:47:52,056 [INFO] send 13933B via direct in 474ms (0.24 Mbit/s) to 4df75fcce03cf096
2026-10-06 00:47:52,081 [INFO] [client-0] Round 15 done — loss=1.0515 acc=0.4562  3.4s
2026-10-06 00:47:52,082 [INFO] [client-0] Round 16 — receiving model…
2026-10-06 00:47:52,309 [INFO] recv 13933B via direct in 112ms
2026-10-06 00:47:52,314 [INFO] [client-6] Round 16 — training locally…
2026-10-06 00:47:52,463 [INFO] [client-6] Round 16 — sending update…
2026-10-06 00:47:52,473 [INFO] send 13933B via direct in 421ms (0.27 Mbit/s) to df293149121a579d
2026-10-06 00:47:52,474 [INFO] send 13933B via direct in 420ms (0.27 Mbit/s) to f128f4fd14b06d2c
2026-10-06 00:47:52,475 [INFO] send 13933B via direct in 420ms (0.27 Mbit/s) to 76cfdcfd7f655318
2026-10-06 00:47:52,476 [INFO] send 13933B via direct in 416ms (0.27 Mbit/s) to 5988eaf6a1232bc0
2026-10-06 00:47:52,477 [INFO] send 13933B via direct in 419ms (0.27 Mbit/s) to 357ef407946a4e8a
2026-10-06 00:47:52,478 [INFO] send 13933B via direct in 415ms (0.27 Mbit/s) to 3b7812f4abac54f5
2026-10-06 00:47:52,479 [INFO] send 13933B via direct in 415ms (0.27 Mbit/s) to da7d9231e097e04b
2026-10-06 00:47:52,480 [INFO] send 13933B via direct in 416ms (0.27 Mbit/s) to f84d83d0fded6ea4
2026-10-06 00:47:52,481 [INFO] send 13933B via direct in 415ms (0.27 Mbit/s) to 1571d7c4e973870f
2026-10-06 00:47:52,482 [INFO] recv 13933B via direct in 267ms
2026-10-06 00:47:52,485 [INFO] [client-2] Round 16 — training locally…
2026-10-06 00:47:52,632 [INFO] [client-2] Round 16 — sending update…
2026-10-06 00:47:52,634 [INFO] recv 13933B via direct in 262ms
2026-10-06 00:47:52,638 [INFO] [client-4] Round 16 — training locally…
2026-10-06 00:47:52,745 [INFO] [client-4] Round 16 — sending update…
2026-10-06 00:47:52,748 [INFO] recv 13933B via direct in 245ms
2026-10-06 00:47:52,750 [INFO] [client-1] Round 16 — training locally…
2026-10-06 00:47:52,885 [INFO] [client-1] Round 16 — sending update…
2026-10-06 00:47:52,890 [INFO] recv 13933B via direct in 245ms
2026-10-06 00:47:52,894 [INFO] [client-7] Round 16 — training locally…
2026-10-06 00:47:53,060 [INFO] [client-7] Round 16 — sending update…
2026-10-06 00:47:53,063 [INFO] recv 13933B via direct in 245ms
2026-10-06 00:47:53,066 [INFO] [client-5] Round 16 — training locally…
2026-10-06 00:47:53,203 [INFO] [client-5] Round 16 — sending update…
2026-10-06 00:47:53,207 [INFO] send 13933B via direct in 412ms (0.27 Mbit/s) to 2113242f1a46c5a8
2026-10-06 00:47:53,209 [INFO] recv 13933B via direct in 245ms
2026-10-06 00:47:53,213 [INFO] [client-0] Round 16 — training locally…
2026-10-06 00:47:53,324 [INFO] [client-0] Round 16 — sending update…
2026-10-06 00:47:53,329 [INFO] recv 13933B via direct in 242ms
2026-10-06 00:47:53,334 [INFO] [client-3] Round 16 — training locally…
2026-10-06 00:47:53,464 [INFO] [client-3] Round 16 — sending update…
2026-10-06 00:47:53,467 [INFO] recv 13933B via direct in 242ms
2026-10-06 00:47:53,471 [INFO] [client-9] Round 16 — training locally…
2026-10-06 00:47:53,581 [INFO] [client-9] Round 16 — sending update…
2026-10-06 00:47:53,584 [INFO] Round 16 — waiting for 10 updates…
2026-10-06 00:47:53,793 [INFO] recv 13933B via direct in 188ms
2026-10-06 00:47:53,800 [INFO] recv 13933B via direct in 189ms
2026-10-06 00:47:53,805 [INFO] recv 13933B via direct in 193ms
2026-10-06 00:47:53,808 [INFO] recv 13933B via direct in 194ms
2026-10-06 00:47:53,810 [INFO] recv 13933B via direct in 185ms
2026-10-06 00:47:53,813 [INFO] recv 13933B via direct in 188ms
2026-10-06 00:47:53,817 [INFO] recv 13933B via direct in 190ms
2026-10-06 00:47:53,821 [INFO] recv 13933B via direct in 143ms
2026-10-06 00:47:53,826 [INFO] send 13933B via direct in 1360ms (0.08 Mbit/s) to 4df75fcce03cf096
2026-10-06 00:47:53,874 [INFO] [client-6] Round 16 done — loss=1.0113 acc=0.4948  2.0s
2026-10-06 00:47:53,876 [INFO] [client-6] Round 17 — receiving model…
2026-10-06 00:47:53,877 [INFO] send 13933B via direct in 1192ms (0.09 Mbit/s) to 4df75fcce03cf096
2026-10-06 00:47:53,895 [INFO] [client-2] Round 16 done — loss=0.9669 acc=0.5185  2.0s
2026-10-06 00:47:53,896 [INFO] [client-2] Round 17 — receiving model…
2026-10-06 00:47:53,897 [INFO] send 13933B via direct in 1078ms (0.10 Mbit/s) to 4df75fcce03cf096
2026-10-06 00:47:53,921 [INFO] [client-4] Round 16 done — loss=1.0177 acc=0.4907  1.9s
2026-10-06 00:47:53,923 [INFO] [client-4] Round 17 — receiving model…
2026-10-06 00:47:53,924 [INFO] send 13933B via direct in 763ms (0.15 Mbit/s) to 4df75fcce03cf096
2026-10-06 00:47:53,943 [INFO] [client-7] Round 16 done — loss=1.0296 acc=0.4639  2.0s
2026-10-06 00:47:53,944 [INFO] [client-7] Round 17 — receiving model…
2026-10-06 00:47:53,945 [INFO] send 13933B via direct in 620ms (0.18 Mbit/s) to 4df75fcce03cf096
2026-10-06 00:47:53,971 [INFO] [client-5] Round 16 done — loss=0.9691 acc=0.5639  2.1s
2026-10-06 00:47:53,972 [INFO] [client-5] Round 17 — receiving model…
2026-10-06 00:47:53,973 [INFO] send 13933B via direct in 498ms (0.22 Mbit/s) to 4df75fcce03cf096
2026-10-06 00:47:53,992 [INFO] [client-0] Round 16 done — loss=1.0531 acc=0.4631  1.9s
2026-10-06 00:47:53,993 [INFO] [client-0] Round 17 — receiving model…
2026-10-06 00:47:53,998 [INFO] send 13933B via direct in 529ms (0.21 Mbit/s) to 4df75fcce03cf096
2026-10-06 00:47:54,020 [INFO] [client-3] Round 16 done — loss=1.0434 acc=0.4440  2.2s
2026-10-06 00:47:54,021 [INFO] [client-3] Round 17 — receiving model…
2026-10-06 00:47:54,022 [INFO] send 13933B via direct in 1107ms (0.10 Mbit/s) to 4df75fcce03cf096
2026-10-06 00:47:54,042 [INFO] [client-1] Round 16 done — loss=1.0562 acc=0.4234  2.0s
2026-10-06 00:47:54,043 [INFO] [client-1] Round 17 — receiving model…
2026-10-06 00:47:54,044 [INFO] send 13933B via direct in 413ms (0.27 Mbit/s) to 4df75fcce03cf096
2026-10-06 00:47:54,067 [INFO] [client-9] Round 16 done — loss=1.0105 acc=0.5183  2.1s
2026-10-06 00:47:54,068 [INFO] [client-9] Round 17 — receiving model…
2026-10-06 00:47:54,069 [INFO] send 13933B via direct in 4447ms (0.03 Mbit/s) to 4df75fcce03cf096 (attempt 2)
2026-10-06 00:47:54,091 [INFO] [client-8] Round 15 done — loss=0.7673 acc=0.7119  5.2s
2026-10-06 00:47:54,092 [INFO] [client-8] Round 16 — receiving model…
2026-10-06 00:47:54,093 [INFO] recv 13933B via direct in 243ms
2026-10-06 00:47:54,099 [INFO] [client-8] Round 16 — training locally…
2026-10-06 00:47:54,235 [INFO] [client-8] Round 16 — sending update…
2026-10-06 00:47:54,238 [INFO] recv 13933B via direct in 271ms
2026-10-06 00:47:54,243 [INFO] recv 13933B via direct in 252ms
2026-10-06 00:47:54,272 [INFO] Round 16/20  acc=0.4639  loss=1.0670  2.2s  clients=10
2026-10-06 00:47:54,273 [INFO] Round 17 — sending model to 10 clients…
2026-10-06 00:47:54,544 [INFO] recv 13933B via direct in 109ms
2026-10-06 00:47:54,547 [INFO] [client-3] Round 17 — training locally…
2026-10-06 00:47:54,664 [INFO] [client-3] Round 17 — sending update…
2026-10-06 00:47:54,673 [INFO] send 13933B via direct in 430ms (0.26 Mbit/s) to 4df75fcce03cf096
2026-10-06 00:47:54,703 [INFO] [client-8] Round 16 done — loss=0.7581 acc=0.7143  0.6s
2026-10-06 00:47:54,704 [INFO] [client-8] Round 17 — receiving model…
2026-10-06 00:47:54,705 [INFO] send 13933B via direct in 392ms (0.29 Mbit/s) to 1571d7c4e973870f
2026-10-06 00:47:54,706 [INFO] send 13933B via direct in 389ms (0.29 Mbit/s) to f84d83d0fded6ea4
2026-10-06 00:47:54,707 [INFO] send 13933B via direct in 388ms (0.29 Mbit/s) to df293149121a579d
2026-10-06 00:47:54,709 [INFO] send 13933B via direct in 386ms (0.29 Mbit/s) to 2113242f1a46c5a8
2026-10-06 00:47:54,710 [INFO] send 13933B via direct in 386ms (0.29 Mbit/s) to da7d9231e097e04b
2026-10-06 00:47:54,711 [INFO] send 13933B via direct in 385ms (0.29 Mbit/s) to 5988eaf6a1232bc0
2026-10-06 00:47:54,713 [INFO] recv 13933B via direct in 223ms
2026-10-06 00:47:54,718 [INFO] [client-0] Round 17 — training locally…
2026-10-06 00:47:54,789 [INFO] [client-0] Round 17 — sending update…
2026-10-06 00:47:54,793 [INFO] recv 13933B via direct in 221ms
2026-10-06 00:47:54,796 [INFO] [client-5] Round 17 — training locally…
2026-10-06 00:47:54,928 [INFO] [client-5] Round 17 — sending update…
2026-10-06 00:47:54,931 [INFO] recv 13933B via direct in 209ms
2026-10-06 00:47:54,935 [INFO] [client-2] Round 17 — training locally…
2026-10-06 00:47:55,062 [INFO] [client-2] Round 17 — sending update…
2026-10-06 00:47:55,065 [INFO] recv 13933B via direct in 208ms
2026-10-06 00:47:55,069 [INFO] [client-6] Round 17 — training locally…
2026-10-06 00:47:55,185 [INFO] [client-6] Round 17 — sending update…
2026-10-06 00:47:55,188 [INFO] recv 13933B via direct in 207ms
2026-10-06 00:47:55,190 [INFO] [client-4] Round 17 — training locally…
2026-10-06 00:47:55,323 [INFO] [client-4] Round 17 — sending update…
2026-10-06 00:47:55,326 [INFO] recv 13933B via direct in 207ms
2026-10-06 00:47:55,329 [INFO] [client-9] Round 17 — training locally…
2026-10-06 00:47:55,466 [INFO] [client-9] Round 17 — sending update…
2026-10-06 00:47:55,469 [INFO] recv 13933B via direct in 206ms
2026-10-06 00:47:55,473 [INFO] [client-8] Round 17 — training locally…
2026-10-06 00:47:55,571 [INFO] [client-8] Round 17 — sending update…
2026-10-06 00:47:55,575 [INFO] recv 13933B via direct in 206ms
2026-10-06 00:47:55,578 [INFO] [client-7] Round 17 — training locally…
2026-10-06 00:47:55,683 [INFO] [client-7] Round 17 — sending update…
2026-10-06 00:47:55,685 [INFO] recv 13933B via direct in 202ms
2026-10-06 00:47:55,687 [INFO] [client-1] Round 17 — training locally…
2026-10-06 00:47:55,803 [INFO] [client-1] Round 17 — sending update…
2026-10-06 00:47:55,805 [INFO] send 13933B via direct in 390ms (0.29 Mbit/s) to 3b7812f4abac54f5
2026-10-06 00:47:55,806 [INFO] send 13933B via direct in 388ms (0.29 Mbit/s) to f128f4fd14b06d2c
2026-10-06 00:47:55,808 [INFO] send 13933B via direct in 387ms (0.29 Mbit/s) to 76cfdcfd7f655318
2026-10-06 00:47:55,809 [INFO] send 13933B via direct in 384ms (0.29 Mbit/s) to 357ef407946a4e8a
2026-10-06 00:47:55,811 [INFO] Round 17 — waiting for 10 updates…
2026-10-06 00:47:55,812 [INFO] recv 13933B via direct in 108ms
2026-10-06 00:47:55,981 [INFO] recv 13933B via direct in 165ms
2026-10-06 00:47:55,986 [WARNING] Round 17 — discarding update from unselected/duplicate peer da7d9231e097e04b
2026-10-06 00:47:55,987 [INFO] recv 13933B via direct in 140ms
2026-10-06 00:47:55,995 [INFO] recv 13933B via direct in 177ms
2026-10-06 00:47:55,999 [INFO] recv 13933B via direct in 177ms
2026-10-06 00:47:56,002 [INFO] recv 13933B via direct in 179ms
2026-10-06 00:47:56,004 [INFO] recv 13933B via direct in 179ms
2026-10-06 00:47:56,007 [INFO] recv 13933B via direct in 180ms
2026-10-06 00:47:56,010 [INFO] recv 13933B via direct in 180ms
2026-10-06 00:47:56,012 [INFO] recv 13933B via direct in 184ms
2026-10-06 00:47:56,027 [INFO] send 13933B via direct in 452ms (0.25 Mbit/s) to 4df75fcce03cf096
2026-10-06 00:47:56,066 [INFO] [client-8] Round 17 done — loss=0.7686 acc=0.7163  1.4s
2026-10-06 00:47:56,067 [INFO] [client-8] Round 18 — receiving model…
2026-10-06 00:47:56,073 [INFO] send 13933B via direct in 384ms (0.29 Mbit/s) to 4df75fcce03cf096
2026-10-06 00:47:56,096 [INFO] [client-7] Round 17 done — loss=1.0274 acc=0.4512  2.2s
2026-10-06 00:47:56,097 [INFO] [client-7] Round 18 — receiving model…
2026-10-06 00:47:56,098 [INFO] send 13933B via direct in 1403ms (0.08 Mbit/s) to 4df75fcce03cf096
2026-10-06 00:47:56,119 [INFO] [client-3] Round 17 done — loss=1.0466 acc=0.4526  2.1s
2026-10-06 00:47:56,120 [INFO] [client-3] Round 18 — receiving model…
2026-10-06 00:47:56,121 [INFO] send 13933B via direct in 1277ms (0.09 Mbit/s) to 4df75fcce03cf096
2026-10-06 00:47:56,143 [INFO] [client-0] Round 17 done — loss=1.0530 acc=0.4518  2.1s
2026-10-06 00:47:56,144 [INFO] [client-0] Round 18 — receiving model…
2026-10-06 00:47:56,145 [INFO] send 13933B via direct in 1140ms (0.10 Mbit/s) to 4df75fcce03cf096
2026-10-06 00:47:56,169 [INFO] [client-5] Round 17 done — loss=0.9699 acc=0.5532  2.2s
2026-10-06 00:47:56,170 [INFO] [client-5] Round 18 — receiving model…
2026-10-06 00:47:56,171 [INFO] send 13933B via direct in 1006ms (0.11 Mbit/s) to 4df75fcce03cf096
2026-10-06 00:47:56,189 [INFO] [client-2] Round 17 done — loss=0.9602 acc=0.5323  2.3s
2026-10-06 00:47:56,189 [INFO] [client-2] Round 18 — receiving model…
2026-10-06 00:47:56,190 [INFO] send 13933B via direct in 884ms (0.13 Mbit/s) to 4df75fcce03cf096
2026-10-06 00:47:56,279 [INFO] [client-6] Round 17 done — loss=1.0111 acc=0.4899  2.4s
2026-10-06 00:47:56,280 [INFO] [client-6] Round 18 — receiving model…
2026-10-06 00:47:56,282 [INFO] send 13933B via direct in 746ms (0.15 Mbit/s) to 4df75fcce03cf096
2026-10-06 00:47:56,301 [INFO] [client-4] Round 17 done — loss=1.0078 acc=0.4945  2.4s
2026-10-06 00:47:56,302 [INFO] [client-4] Round 18 — receiving model…
2026-10-06 00:47:56,304 [INFO] send 13933B via direct in 603ms (0.19 Mbit/s) to 4df75fcce03cf096
2026-10-06 00:47:56,322 [INFO] [client-9] Round 17 done — loss=1.0134 acc=0.5183  2.3s
2026-10-06 00:47:56,323 [INFO] [client-9] Round 18 — receiving model…
2026-10-06 00:47:56,325 [INFO] recv 13933B via direct in 342ms
2026-10-06 00:47:56,354 [INFO] Round 17/20  acc=0.4659  loss=1.0655  2.1s  clients=10
2026-10-06 00:47:56,355 [INFO] Round 18 — sending model to 10 clients…
2026-10-06 00:47:56,356 [INFO] send 13933B via direct in 520ms (0.22 Mbit/s) to 4df75fcce03cf096
2026-10-06 00:47:56,373 [INFO] [client-1] Round 17 done — loss=1.0588 acc=0.4190  2.3s
2026-10-06 00:47:56,374 [INFO] [client-1] Round 18 — receiving model…
2026-10-06 00:47:56,650 [INFO] recv 13933B via direct in 125ms
2026-10-06 00:47:56,659 [INFO] [client-0] Round 18 — training locally…
2026-10-06 00:47:56,788 [INFO] [client-0] Round 18 — sending update…
2026-10-06 00:47:56,798 [INFO] send 13933B via direct in 414ms (0.27 Mbit/s) to 3b7812f4abac54f5
2026-10-06 00:47:56,799 [INFO] send 13933B via direct in 411ms (0.27 Mbit/s) to f128f4fd14b06d2c
2026-10-06 00:47:56,800 [INFO] send 13933B via direct in 411ms (0.27 Mbit/s) to 357ef407946a4e8a
2026-10-06 00:47:56,801 [INFO] send 13933B via direct in 412ms (0.27 Mbit/s) to 2113242f1a46c5a8
2026-10-06 00:47:56,802 [INFO] send 13933B via direct in 410ms (0.27 Mbit/s) to f84d83d0fded6ea4
2026-10-06 00:47:56,803 [INFO] send 13933B via direct in 410ms (0.27 Mbit/s) to 5988eaf6a1232bc0
2026-10-06 00:47:56,804 [INFO] send 13933B via direct in 408ms (0.27 Mbit/s) to 76cfdcfd7f655318
2026-10-06 00:47:56,805 [INFO] send 13933B via direct in 410ms (0.27 Mbit/s) to da7d9231e097e04b
2026-10-06 00:47:56,805 [INFO] send 13933B via direct in 409ms (0.27 Mbit/s) to df293149121a579d
2026-10-06 00:47:56,807 [INFO] recv 13933B via direct in 259ms
2026-10-06 00:47:56,809 [INFO] [client-2] Round 18 — training locally…
2026-10-06 00:47:56,893 [INFO] [client-2] Round 18 — sending update…
2026-10-06 00:47:56,896 [INFO] recv 13933B via direct in 266ms
2026-10-06 00:47:56,899 [INFO] [client-3] Round 18 — training locally…
2026-10-06 00:47:56,994 [INFO] [client-3] Round 18 — sending update…
2026-10-06 00:47:56,995 [INFO] recv 13933B via direct in 236ms
2026-10-06 00:47:56,997 [INFO] [client-1] Round 18 — training locally…
2026-10-06 00:47:57,087 [INFO] [client-1] Round 18 — sending update…
2026-10-06 00:47:57,089 [INFO] recv 13933B via direct in 236ms
2026-10-06 00:47:57,091 [INFO] [client-5] Round 18 — training locally…
2026-10-06 00:47:57,190 [INFO] [client-5] Round 18 — sending update…
2026-10-06 00:47:57,192 [INFO] recv 13933B via direct in 235ms
2026-10-06 00:47:57,194 [INFO] [client-7] Round 18 — training locally…
2026-10-06 00:47:57,298 [INFO] [client-7] Round 18 — sending update…
2026-10-06 00:47:57,301 [INFO] recv 13933B via direct in 235ms
2026-10-06 00:47:57,305 [INFO] [client-8] Round 18 — training locally…
2026-10-06 00:47:57,416 [INFO] [client-8] Round 18 — sending update…
2026-10-06 00:47:57,419 [INFO] recv 13933B via direct in 235ms
2026-10-06 00:47:57,422 [INFO] [client-6] Round 18 — training locally…
2026-10-06 00:47:57,510 [INFO] [client-6] Round 18 — sending update…
2026-10-06 00:47:57,513 [INFO] recv 13933B via direct in 233ms
2026-10-06 00:47:57,516 [INFO] [client-4] Round 18 — training locally…
2026-10-06 00:47:57,618 [INFO] [client-4] Round 18 — sending update…
2026-10-06 00:47:57,620 [INFO] send 13933B via direct in 412ms (0.27 Mbit/s) to 1571d7c4e973870f
2026-10-06 00:47:57,621 [INFO] recv 13933B via direct in 265ms
2026-10-06 00:47:57,624 [INFO] [client-9] Round 18 — training locally…
2026-10-06 00:47:57,729 [INFO] [client-9] Round 18 — sending update…
2026-10-06 00:47:57,733 [INFO] Round 18 — waiting for 10 updates…
2026-10-06 00:47:57,912 [INFO] recv 13933B via direct in 174ms
2026-10-06 00:47:57,917 [INFO] recv 13933B via direct in 177ms
2026-10-06 00:47:57,922 [INFO] recv 13933B via direct in 182ms
2026-10-06 00:47:57,925 [INFO] recv 13933B via direct in 185ms
2026-10-06 00:47:57,928 [INFO] recv 13933B via direct in 185ms
2026-10-06 00:47:57,930 [INFO] recv 13933B via direct in 185ms
2026-10-06 00:47:57,933 [INFO] recv 13933B via direct in 189ms
2026-10-06 00:47:57,936 [INFO] recv 13933B via direct in 189ms
2026-10-06 00:47:57,938 [INFO] recv 13933B via direct in 136ms
2026-10-06 00:47:57,973 [INFO] send 13933B via direct in 1181ms (0.09 Mbit/s) to 4df75fcce03cf096
2026-10-06 00:47:58,034 [INFO] [client-0] Round 18 done — loss=1.0476 acc=0.4644  1.9s
2026-10-06 00:47:58,035 [INFO] [client-0] Round 19 — receiving model…
2026-10-06 00:47:58,038 [INFO] send 13933B via direct in 1077ms (0.10 Mbit/s) to 4df75fcce03cf096
2026-10-06 00:47:58,067 [INFO] [client-2] Round 18 done — loss=0.9585 acc=0.5264  1.9s
2026-10-06 00:47:58,069 [INFO] [client-2] Round 19 — receiving model…
2026-10-06 00:47:58,071 [INFO] send 13933B via direct in 845ms (0.13 Mbit/s) to 4df75fcce03cf096
2026-10-06 00:47:58,093 [INFO] [client-5] Round 18 done — loss=0.9729 acc=0.5567  1.9s
2026-10-06 00:47:58,094 [INFO] [client-5] Round 19 — receiving model…
2026-10-06 00:47:58,096 [INFO] send 13933B via direct in 1042ms (0.11 Mbit/s) to 4df75fcce03cf096
2026-10-06 00:47:58,115 [INFO] [client-3] Round 18 done — loss=1.0394 acc=0.4488  2.0s
2026-10-06 00:47:58,116 [INFO] [client-3] Round 19 — receiving model…
2026-10-06 00:47:58,118 [INFO] send 13933B via direct in 949ms (0.12 Mbit/s) to 4df75fcce03cf096
2026-10-06 00:47:58,138 [INFO] [client-1] Round 18 done — loss=1.0573 acc=0.4262  1.8s
2026-10-06 00:47:58,140 [INFO] [client-1] Round 19 — receiving model…
2026-10-06 00:47:58,141 [INFO] send 13933B via direct in 737ms (0.15 Mbit/s) to 4df75fcce03cf096
2026-10-06 00:47:58,169 [INFO] [client-7] Round 18 done — loss=1.0246 acc=0.4588  2.1s
2026-10-06 00:47:58,170 [INFO] [client-7] Round 19 — receiving model…
2026-10-06 00:47:58,172 [INFO] send 13933B via direct in 651ms (0.17 Mbit/s) to 4df75fcce03cf096
2026-10-06 00:47:58,201 [INFO] [client-8] Round 18 done — loss=0.7680 acc=0.7122  2.1s
2026-10-06 00:47:58,202 [INFO] [client-8] Round 19 — receiving model…
2026-10-06 00:47:58,204 [INFO] send 13933B via direct in 450ms (0.25 Mbit/s) to 4df75fcce03cf096
2026-10-06 00:47:58,230 [INFO] [client-4] Round 18 done — loss=1.0212 acc=0.4897  1.9s
2026-10-06 00:47:58,231 [INFO] [client-4] Round 19 — receiving model…
2026-10-06 00:47:58,232 [INFO] send 13933B via direct in 558ms (0.20 Mbit/s) to 4df75fcce03cf096
2026-10-06 00:47:58,256 [INFO] [client-6] Round 18 done — loss=1.0142 acc=0.4872  2.0s
2026-10-06 00:47:58,257 [INFO] [client-6] Round 19 — receiving model…
2026-10-06 00:47:58,259 [INFO] recv 13933B via direct in 184ms
2026-10-06 00:47:58,281 [INFO] Round 18/20  acc=0.4693  loss=1.0581  1.9s  clients=10
2026-10-06 00:47:58,282 [INFO] Round 19 — sending model to 10 clients…
2026-10-06 00:47:58,294 [INFO] send 13933B via direct in 527ms (0.21 Mbit/s) to 4df75fcce03cf096
2026-10-06 00:47:58,314 [INFO] [client-9] Round 18 done — loss=1.0131 acc=0.5183  2.0s
2026-10-06 00:47:58,315 [INFO] [client-9] Round 19 — receiving model…
2026-10-06 00:47:58,554 [INFO] recv 13933B via direct in 122ms
2026-10-06 00:47:58,564 [INFO] [client-0] Round 19 — training locally…
2026-10-06 00:47:58,701 [INFO] [client-0] Round 19 — sending update…
2026-10-06 00:47:58,728 [INFO] send 13933B via direct in 430ms (0.26 Mbit/s) to 3b7812f4abac54f5
2026-10-06 00:47:58,729 [INFO] send 13933B via direct in 427ms (0.26 Mbit/s) to da7d9231e097e04b
2026-10-06 00:47:58,731 [INFO] send 13933B via direct in 430ms (0.26 Mbit/s) to df293149121a579d
2026-10-06 00:47:58,733 [INFO] send 13933B via direct in 426ms (0.26 Mbit/s) to 1571d7c4e973870f
2026-10-06 00:47:58,735 [INFO] send 13933B via direct in 427ms (0.26 Mbit/s) to 76cfdcfd7f655318
2026-10-06 00:47:58,738 [INFO] send 13933B via direct in 429ms (0.26 Mbit/s) to 5988eaf6a1232bc0
2026-10-06 00:47:58,740 [INFO] send 13933B via direct in 426ms (0.26 Mbit/s) to f128f4fd14b06d2c
2026-10-06 00:47:58,742 [INFO] send 13933B via direct in 428ms (0.26 Mbit/s) to 357ef407946a4e8a
2026-10-06 00:47:58,743 [INFO] send 13933B via direct in 426ms (0.26 Mbit/s) to f84d83d0fded6ea4
2026-10-06 00:47:58,744 [INFO] send 13933B via direct in 428ms (0.26 Mbit/s) to 2113242f1a46c5a8
2026-10-06 00:47:58,749 [INFO] recv 13933B via direct in 273ms
2026-10-06 00:47:58,754 [INFO] [client-6] Round 19 — training locally…
2026-10-06 00:47:58,860 [INFO] [client-6] Round 19 — sending update…
2026-10-06 00:47:58,862 [INFO] recv 13933B via direct in 268ms
2026-10-06 00:47:58,864 [INFO] [client-8] Round 19 — training locally…
2026-10-06 00:47:58,983 [INFO] [client-8] Round 19 — sending update…
2026-10-06 00:47:58,987 [INFO] recv 13933B via direct in 264ms
2026-10-06 00:47:58,991 [INFO] [client-7] Round 19 — training locally…
2026-10-06 00:47:59,155 [INFO] [client-7] Round 19 — sending update…
2026-10-06 00:47:59,157 [INFO] recv 13933B via direct in 263ms
2026-10-06 00:47:59,162 [INFO] [client-4] Round 19 — training locally…
2026-10-06 00:47:59,269 [INFO] [client-4] Round 19 — sending update…
2026-10-06 00:47:59,271 [INFO] recv 13933B via direct in 263ms
2026-10-06 00:47:59,273 [INFO] [client-3] Round 19 — training locally…
2026-10-06 00:47:59,369 [INFO] [client-3] Round 19 — sending update…
2026-10-06 00:47:59,373 [INFO] recv 13933B via direct in 260ms
2026-10-06 00:47:59,376 [INFO] [client-1] Round 19 — training locally…
2026-10-06 00:47:59,477 [INFO] [client-1] Round 19 — sending update…
2026-10-06 00:47:59,479 [INFO] recv 13933B via direct in 254ms
2026-10-06 00:47:59,481 [INFO] [client-9] Round 19 — training locally…
2026-10-06 00:47:59,578 [INFO] [client-9] Round 19 — sending update…
2026-10-06 00:47:59,581 [INFO] recv 13933B via direct in 255ms
2026-10-06 00:47:59,585 [INFO] [client-2] Round 19 — training locally…
2026-10-06 00:47:59,689 [INFO] [client-2] Round 19 — sending update…
2026-10-06 00:47:59,691 [INFO] recv 13933B via direct in 255ms
2026-10-06 00:47:59,696 [INFO] [client-5] Round 19 — training locally…
2026-10-06 00:47:59,820 [INFO] [client-5] Round 19 — sending update…
2026-10-06 00:47:59,822 [INFO] Round 19 — waiting for 10 updates…
2026-10-06 00:47:59,981 [INFO] recv 13933B via direct in 156ms
2026-10-06 00:48:00,003 [INFO] recv 13933B via direct in 175ms
2026-10-06 00:48:00,008 [INFO] recv 13933B via direct in 176ms
2026-10-06 00:48:00,013 [INFO] recv 13933B via direct in 182ms
2026-10-06 00:48:00,016 [INFO] recv 13933B via direct in 182ms
2026-10-06 00:48:00,020 [INFO] recv 13933B via direct in 192ms
2026-10-06 00:48:00,023 [INFO] recv 13933B via direct in 192ms
2026-10-06 00:48:00,025 [INFO] recv 13933B via direct in 192ms
2026-10-06 00:48:00,027 [INFO] recv 13933B via direct in 164ms
2026-10-06 00:48:00,035 [INFO] send 13933B via direct in 1323ms (0.08 Mbit/s) to 4df75fcce03cf096
2026-10-06 00:48:00,086 [INFO] [client-0] Round 19 done — loss=1.0509 acc=0.4570  2.1s
2026-10-06 00:48:00,087 [INFO] [client-0] Round 20 — receiving model…
2026-10-06 00:48:00,093 [INFO] send 13933B via direct in 1226ms (0.09 Mbit/s) to 4df75fcce03cf096
2026-10-06 00:48:00,154 [INFO] [client-6] Round 19 done — loss=1.0155 acc=0.4844  1.9s
2026-10-06 00:48:00,155 [INFO] [client-6] Round 20 — receiving model…
2026-10-06 00:48:00,156 [INFO] send 13933B via direct in 1102ms (0.10 Mbit/s) to 4df75fcce03cf096
2026-10-06 00:48:00,200 [INFO] [client-8] Round 19 done — loss=0.7685 acc=0.7095  2.0s
2026-10-06 00:48:00,201 [INFO] [client-8] Round 20 — receiving model…
2026-10-06 00:48:00,202 [INFO] send 13933B via direct in 932ms (0.12 Mbit/s) to 4df75fcce03cf096
2026-10-06 00:48:00,224 [INFO] [client-7] Round 19 done — loss=1.0258 acc=0.4488  2.1s
2026-10-06 00:48:00,225 [INFO] [client-7] Round 20 — receiving model…
2026-10-06 00:48:00,228 [INFO] send 13933B via direct in 818ms (0.14 Mbit/s) to 4df75fcce03cf096
2026-10-06 00:48:00,258 [INFO] [client-4] Round 19 done — loss=1.0068 acc=0.4942  2.0s
2026-10-06 00:48:00,259 [INFO] [client-4] Round 20 — receiving model…
2026-10-06 00:48:00,260 [INFO] send 13933B via direct in 718ms (0.16 Mbit/s) to 4df75fcce03cf096
2026-10-06 00:48:00,281 [INFO] [client-3] Round 19 done — loss=1.0403 acc=0.4540  2.2s
2026-10-06 00:48:00,282 [INFO] [client-3] Round 20 — receiving model…
2026-10-06 00:48:00,283 [INFO] send 13933B via direct in 612ms (0.18 Mbit/s) to 4df75fcce03cf096
2026-10-06 00:48:00,306 [INFO] [client-1] Round 19 done — loss=1.0582 acc=0.4231  2.2s
2026-10-06 00:48:00,307 [INFO] [client-1] Round 20 — receiving model…
2026-10-06 00:48:00,309 [INFO] send 13933B via direct in 510ms (0.22 Mbit/s) to 4df75fcce03cf096
2026-10-06 00:48:00,325 [INFO] [client-9] Round 19 done — loss=1.0119 acc=0.5172  2.0s
2026-10-06 00:48:00,327 [INFO] [client-9] Round 20 — receiving model…
2026-10-06 00:48:00,328 [INFO] send 13933B via direct in 399ms (0.28 Mbit/s) to 4df75fcce03cf096
2026-10-06 00:48:00,349 [INFO] [client-2] Round 19 done — loss=0.9538 acc=0.5251  2.3s
2026-10-06 00:48:00,350 [INFO] [client-2] Round 20 — receiving model…
2026-10-06 00:48:00,351 [INFO] recv 13933B via direct in 117ms
2026-10-06 00:48:00,376 [INFO] Round 19/20  acc=0.4701  loss=1.0591  2.1s  clients=10
2026-10-06 00:48:00,377 [INFO] Round 20 — sending model to 10 clients…
2026-10-06 00:48:00,389 [INFO] send 13933B via direct in 529ms (0.21 Mbit/s) to 4df75fcce03cf096
2026-10-06 00:48:00,414 [INFO] [client-5] Round 19 done — loss=0.9663 acc=0.5604  2.3s
2026-10-06 00:48:00,415 [INFO] [client-5] Round 20 — receiving model…
2026-10-06 00:48:00,643 [INFO] recv 13933B via direct in 116ms
2026-10-06 00:48:00,651 [INFO] [client-8] Round 20 — training locally…
2026-10-06 00:48:00,823 [INFO] [client-8] Round 20 — sending update…
2026-10-06 00:48:00,836 [INFO] send 13933B via direct in 450ms (0.25 Mbit/s) to da7d9231e097e04b
2026-10-06 00:48:00,837 [INFO] send 13933B via direct in 444ms (0.25 Mbit/s) to 357ef407946a4e8a
2026-10-06 00:48:00,837 [INFO] send 13933B via direct in 443ms (0.25 Mbit/s) to 76cfdcfd7f655318
2026-10-06 00:48:00,838 [INFO] send 13933B via direct in 443ms (0.25 Mbit/s) to df293149121a579d
2026-10-06 00:48:00,839 [INFO] send 13933B via direct in 442ms (0.25 Mbit/s) to 1571d7c4e973870f
2026-10-06 00:48:00,840 [INFO] send 13933B via direct in 449ms (0.25 Mbit/s) to 2113242f1a46c5a8
2026-10-06 00:48:00,841 [INFO] recv 13933B via direct in 271ms
2026-10-06 00:48:00,843 [INFO] [client-9] Round 20 — training locally…
2026-10-06 00:48:00,968 [INFO] [client-9] Round 20 — sending update…
2026-10-06 00:48:00,970 [INFO] recv 13933B via direct in 270ms
2026-10-06 00:48:00,973 [INFO] [client-0] Round 20 — training locally…
2026-10-06 00:48:01,123 [INFO] [client-0] Round 20 — sending update…
2026-10-06 00:48:01,126 [INFO] recv 13933B via direct in 270ms
2026-10-06 00:48:01,129 [INFO] [client-5] Round 20 — training locally…
2026-10-06 00:48:01,228 [INFO] [client-5] Round 20 — sending update…
2026-10-06 00:48:01,231 [INFO] recv 13933B via direct in 263ms
2026-10-06 00:48:01,235 [INFO] [client-1] Round 20 — training locally…
2026-10-06 00:48:01,364 [INFO] [client-1] Round 20 — sending update…
2026-10-06 00:48:01,368 [INFO] recv 13933B via direct in 263ms
2026-10-06 00:48:01,371 [INFO] [client-2] Round 20 — training locally…
2026-10-06 00:48:01,463 [INFO] [client-2] Round 20 — sending update…
2026-10-06 00:48:01,466 [INFO] recv 13933B via direct in 263ms
2026-10-06 00:48:01,468 [INFO] [client-7] Round 20 — training locally…
2026-10-06 00:48:01,573 [INFO] [client-7] Round 20 — sending update…
2026-10-06 00:48:01,575 [INFO] recv 13933B via direct in 263ms
2026-10-06 00:48:01,578 [INFO] [client-4] Round 20 — training locally…
2026-10-06 00:48:01,684 [INFO] [client-4] Round 20 — sending update…
2026-10-06 00:48:01,687 [INFO] recv 13933B via direct in 263ms
2026-10-06 00:48:01,690 [INFO] [client-6] Round 20 — training locally…
2026-10-06 00:48:01,813 [INFO] [client-6] Round 20 — sending update…
2026-10-06 00:48:01,816 [INFO] recv 13933B via direct in 263ms
2026-10-06 00:48:01,820 [INFO] [client-3] Round 20 — training locally…
2026-10-06 00:48:01,957 [INFO] [client-3] Round 20 — sending update…
2026-10-06 00:48:01,960 [INFO] send 13933B via direct in 447ms (0.25 Mbit/s) to 3b7812f4abac54f5
2026-10-06 00:48:01,961 [INFO] send 13933B via direct in 443ms (0.25 Mbit/s) to f128f4fd14b06d2c
2026-10-06 00:48:01,962 [INFO] send 13933B via direct in 443ms (0.25 Mbit/s) to 5988eaf6a1232bc0
2026-10-06 00:48:01,962 [INFO] send 13933B via direct in 447ms (0.25 Mbit/s) to f84d83d0fded6ea4
2026-10-06 00:48:01,965 [INFO] Round 20 — waiting for 10 updates…
2026-10-06 00:48:02,124 [INFO] recv 13933B via direct in 155ms
2026-10-06 00:48:02,152 [INFO] recv 13933B via direct in 180ms
2026-10-06 00:48:02,163 [INFO] recv 13933B via direct in 185ms
2026-10-06 00:48:02,166 [INFO] recv 13933B via direct in 192ms
2026-10-06 00:48:02,170 [INFO] recv 13933B via direct in 193ms
2026-10-06 00:48:02,180 [INFO] recv 13933B via direct in 194ms
2026-10-06 00:48:02,185 [INFO] recv 13933B via direct in 186ms
2026-10-06 00:48:02,189 [INFO] recv 13933B via direct in 197ms
2026-10-06 00:48:02,195 [INFO] recv 13933B via direct in 197ms
2026-10-06 00:48:02,202 [INFO] send 13933B via direct in 1364ms (0.08 Mbit/s) to 4df75fcce03cf096
2026-10-06 00:48:02,257 [INFO] [client-8] Round 20 done — loss=0.7615 acc=0.7143  2.1s
2026-10-06 00:48:02,261 [INFO] send 13933B via direct in 1289ms (0.09 Mbit/s) to 4df75fcce03cf096
2026-10-06 00:48:02,284 [INFO] [client-9] Round 20 done — loss=1.0050 acc=0.5281  2.0s
2026-10-06 00:48:02,285 [INFO] send 13933B via direct in 1134ms (0.10 Mbit/s) to 4df75fcce03cf096
2026-10-06 00:48:02,317 [INFO] [client-0] Round 20 done — loss=1.0533 acc=0.4540  2.2s
2026-10-06 00:48:02,319 [INFO] send 13933B via direct in 1029ms (0.11 Mbit/s) to 4df75fcce03cf096
2026-10-06 00:48:02,339 [INFO] [client-5] Round 20 done — loss=0.9721 acc=0.5591  1.9s
2026-10-06 00:48:02,340 [INFO] send 13933B via direct in 892ms (0.13 Mbit/s) to 4df75fcce03cf096
2026-10-06 00:48:02,362 [INFO] [client-1] Round 20 done — loss=1.0587 acc=0.4306  2.1s
2026-10-06 00:48:02,363 [INFO] send 13933B via direct in 794ms (0.14 Mbit/s) to 4df75fcce03cf096
2026-10-06 00:48:02,384 [INFO] [client-2] Round 20 done — loss=0.9530 acc=0.5354  2.0s
2026-10-06 00:48:02,385 [INFO] send 13933B via direct in 686ms (0.16 Mbit/s) to 4df75fcce03cf096
2026-10-06 00:48:02,403 [INFO] [client-7] Round 20 done — loss=1.0296 acc=0.4423  2.2s
2026-10-06 00:48:02,405 [INFO] send 13933B via direct in 574ms (0.19 Mbit/s) to 4df75fcce03cf096
2026-10-06 00:48:02,420 [INFO] [client-4] Round 20 done — loss=1.0090 acc=0.4962  2.2s
2026-10-06 00:48:02,421 [INFO] send 13933B via direct in 445ms (0.25 Mbit/s) to 4df75fcce03cf096
2026-10-06 00:48:02,439 [INFO] [client-6] Round 20 done — loss=1.0139 acc=0.4889  2.3s
2026-10-06 00:48:02,441 [INFO] recv 13933B via direct in 288ms
2026-10-06 00:48:02,459 [INFO] Round 20/20  acc=0.4698  loss=1.0576  2.1s  clients=10
2026-10-06 00:48:02,460 [INFO] send 13933B via direct in 481ms (0.23 Mbit/s) to 4df75fcce03cf096
2026-10-06 00:48:02,477 [INFO] [client-3] Round 20 done — loss=1.0439 acc=0.4560  2.2s
2026-10-06 00:48:03,274 [INFO] CoAP server [client-0] stopped
2026-10-06 00:48:03,384 [INFO] CoAP server [client-1] stopped
2026-10-06 00:48:03,489 [INFO] CoAP server [client-2] stopped
2026-10-06 00:48:03,599 [INFO] CoAP server [client-3] stopped
2026-10-06 00:48:03,718 [INFO] CoAP server [client-4] stopped
2026-10-06 00:48:03,832 [INFO] CoAP server [client-5] stopped
2026-10-06 00:48:03,944 [INFO] CoAP server [client-6] stopped
2026-10-06 00:48:04,050 [INFO] CoAP server [client-7] stopped
2026-10-06 00:48:04,164 [INFO] CoAP server [client-8] stopped
2026-10-06 00:48:04,276 [INFO] CoAP server [client-9] stopped
2026-10-06 00:48:04,387 [INFO] CoAP server [server] stopped
2026-10-06 00:48:04,397 [INFO] Exported 20 rows → results/e11/jitter_50_10/e7_airmlp_geographic_round_events.csv
2026-10-06 00:48:25,752 [INFO] AirMLP airmlp_geographic done: {'node_id': 'server', 'architecture': 'B', 'scenario': 'e7_airmlp_geographic', 'rounds_total': 20, 'rounds_success': 20, 'test_acc_final': 0.469811850603763, 'test_acc_max': 0.4700926705981466, 'duration_mean_sec': 4.3943129971001325, 'pct_direct': 0.0, 'pct_relay': 0.0, 'bytes_to_aggregator': 2793800}  macro-F1=0.3914  bal-acc=0.4202
2026-10-06 00:48:25,775 [INFO] E11 jitter_50_10: {"condition": "jitter_50_10", "netem": "delay 50ms 10ms rate 1gbit", "fl_wall_s": 157.9, "rounds_ok": 20, "rounds": 20, "round_s_median": 1.92, "round_s_max": 50.366, "test_acc_final": 0.469811850603763, "macro_f1": 0.3913655903065723, "balanced_accuracy": 0.420160515181792, "xfer_100kB_ok": "10/10", "xfer_100kB_ms_median": 593.4, "xfer_1000kB_ok": "10/10", "xfer_1000kB_ms_median": 1078.7, "xfer_10000kB_ok": "10/10", "xfer_10000kB_ms_median": 3103.9}
