2026-10-06 00:34:55,101 [INFO] Iroh node started: 6a89fe250737f657  addrs=['10.77.0.1:46072']
2026-10-06 00:34:55,716 [INFO] Iroh node started: 0c4f4f84f5551fbb  addrs=['10.77.0.1:41662']
2026-10-06 00:34:56,873 [INFO] send 100000B via direct in 1154ms (0.69 Mbit/s) to 0c4f4f84f5551fbb
2026-10-06 00:34:56,877 [INFO] recv 100000B via direct in 662ms
2026-10-06 00:34:57,941 [INFO] send 100000B via direct in 1060ms (0.76 Mbit/s) to 0c4f4f84f5551fbb
2026-10-06 00:34:57,947 [INFO] recv 100000B via direct in 656ms
2026-10-06 00:34:59,016 [INFO] send 100000B via direct in 1060ms (0.75 Mbit/s) to 0c4f4f84f5551fbb
2026-10-06 00:34:59,021 [INFO] recv 100000B via direct in 650ms
2026-10-06 00:35:00,112 [INFO] send 100000B via direct in 1081ms (0.74 Mbit/s) to 0c4f4f84f5551fbb
2026-10-06 00:35:00,122 [INFO] recv 100000B via direct in 669ms
2026-10-06 00:35:01,194 [INFO] send 100000B via direct in 1064ms (0.75 Mbit/s) to 0c4f4f84f5551fbb
2026-10-06 00:35:01,198 [INFO] recv 100000B via direct in 653ms
2026-10-06 00:35:02,281 [INFO] send 100000B via direct in 1078ms (0.74 Mbit/s) to 0c4f4f84f5551fbb
2026-10-06 00:35:02,283 [INFO] recv 100000B via direct in 662ms
2026-10-06 00:35:03,349 [INFO] send 100000B via direct in 1061ms (0.75 Mbit/s) to 0c4f4f84f5551fbb
2026-10-06 00:35:03,352 [INFO] recv 100000B via direct in 650ms
2026-10-06 00:35:04,410 [INFO] send 100000B via direct in 1052ms (0.76 Mbit/s) to 0c4f4f84f5551fbb
2026-10-06 00:35:04,414 [INFO] recv 100000B via direct in 644ms
2026-10-06 00:35:05,488 [INFO] send 100000B via direct in 1066ms (0.75 Mbit/s) to 0c4f4f84f5551fbb
2026-10-06 00:35:05,492 [INFO] recv 100000B via direct in 656ms
2026-10-06 00:35:06,562 [INFO] send 100000B via direct in 1061ms (0.75 Mbit/s) to 0c4f4f84f5551fbb
2026-10-06 00:35:06,564 [INFO] recv 100000B via direct in 656ms
2026-10-06 00:35:08,431 [INFO] send 1000000B via direct in 1852ms (4.32 Mbit/s) to 0c4f4f84f5551fbb
2026-10-06 00:35:08,438 [INFO] recv 1000000B via direct in 1411ms
2026-10-06 00:35:10,298 [INFO] send 1000000B via direct in 1851ms (4.32 Mbit/s) to 0c4f4f84f5551fbb
2026-10-06 00:35:10,303 [INFO] recv 1000000B via direct in 1432ms
2026-10-06 00:35:12,156 [INFO] send 1000000B via direct in 1845ms (4.34 Mbit/s) to 0c4f4f84f5551fbb
2026-10-06 00:35:12,163 [INFO] recv 1000000B via direct in 1408ms
2026-10-06 00:35:14,047 [INFO] send 1000000B via direct in 1875ms (4.27 Mbit/s) to 0c4f4f84f5551fbb
2026-10-06 00:35:14,050 [INFO] recv 1000000B via direct in 1416ms
2026-10-06 00:35:15,906 [INFO] send 1000000B via direct in 1848ms (4.33 Mbit/s) to 0c4f4f84f5551fbb
2026-10-06 00:35:15,912 [INFO] recv 1000000B via direct in 1401ms
2026-10-06 00:35:17,755 [INFO] send 1000000B via direct in 1838ms (4.35 Mbit/s) to 0c4f4f84f5551fbb
2026-10-06 00:35:17,758 [INFO] recv 1000000B via direct in 1414ms
2026-10-06 00:35:19,589 [INFO] send 1000000B via direct in 1827ms (4.38 Mbit/s) to 0c4f4f84f5551fbb
2026-10-06 00:35:19,590 [INFO] recv 1000000B via direct in 1395ms
2026-10-06 00:35:21,428 [INFO] send 1000000B via direct in 1833ms (4.36 Mbit/s) to 0c4f4f84f5551fbb
2026-10-06 00:35:21,431 [INFO] recv 1000000B via direct in 1411ms
2026-10-06 00:35:23,306 [INFO] send 1000000B via direct in 1869ms (4.28 Mbit/s) to 0c4f4f84f5551fbb
2026-10-06 00:35:23,309 [INFO] recv 1000000B via direct in 1410ms
2026-10-06 00:35:25,157 [INFO] send 1000000B via direct in 1841ms (4.35 Mbit/s) to 0c4f4f84f5551fbb
2026-10-06 00:35:25,161 [INFO] recv 1000000B via direct in 1406ms
2026-10-06 00:35:29,725 [INFO] send 10000000B via direct in 4508ms (17.75 Mbit/s) to 0c4f4f84f5551fbb
2026-10-06 00:35:29,728 [INFO] recv 10000000B via direct in 3070ms
2026-10-06 00:35:34,253 [INFO] send 10000000B via direct in 4521ms (17.70 Mbit/s) to 0c4f4f84f5551fbb
2026-10-06 00:35:34,257 [INFO] recv 10000000B via direct in 3102ms
2026-10-06 00:35:38,843 [INFO] send 10000000B via direct in 4579ms (17.47 Mbit/s) to 0c4f4f84f5551fbb
2026-10-06 00:35:38,850 [INFO] recv 10000000B via direct in 3085ms
2026-10-06 00:35:43,425 [INFO] send 10000000B via direct in 4564ms (17.53 Mbit/s) to 0c4f4f84f5551fbb
2026-10-06 00:35:43,427 [INFO] recv 10000000B via direct in 3120ms
2026-10-06 00:35:47,963 [INFO] send 10000000B via direct in 4532ms (17.65 Mbit/s) to 0c4f4f84f5551fbb
2026-10-06 00:35:47,968 [INFO] recv 10000000B via direct in 3081ms
2026-10-06 00:35:52,529 [INFO] send 10000000B via direct in 4554ms (17.57 Mbit/s) to 0c4f4f84f5551fbb
2026-10-06 00:35:52,532 [INFO] recv 10000000B via direct in 3115ms
2026-10-06 00:35:57,124 [INFO] send 10000000B via direct in 4585ms (17.45 Mbit/s) to 0c4f4f84f5551fbb
2026-10-06 00:35:57,127 [INFO] recv 10000000B via direct in 3088ms
2026-10-06 00:36:01,734 [INFO] send 10000000B via direct in 4600ms (17.39 Mbit/s) to 0c4f4f84f5551fbb
2026-10-06 00:36:01,736 [INFO] recv 10000000B via direct in 3099ms
2026-10-06 00:36:06,300 [INFO] send 10000000B via direct in 4560ms (17.54 Mbit/s) to 0c4f4f84f5551fbb
2026-10-06 00:36:06,305 [INFO] recv 10000000B via direct in 3122ms
2026-10-06 00:36:10,857 [INFO] send 10000000B via direct in 4546ms (17.60 Mbit/s) to 0c4f4f84f5551fbb
2026-10-06 00:36:10,858 [INFO] recv 10000000B via direct in 3102ms
2026-10-06 00:36:48,145 [INFO] === E7 AirMLP + FedAvg — geographic ===
2026-10-06 00:36:48,652 [INFO] Air quality dataset loaded: 28514 train / 3561 test | 6 features | 3 classes
2026-10-06 00:36:48,656 [INFO] Geographic partition: 10 provinces  min=2305  max=2922  mean=2851
2026-10-06 00:36:48,884 [INFO] AirMLP class weights: [1.026976466178894, 1.0868686437606812, 0.904000997543335]
2026-10-06 00:36:49,656 [INFO] Iroh node started: 260113b82f0e1fff  addrs=['10.77.0.1:44710']
2026-10-06 00:36:50,832 [INFO] CoAP server [server] listening on 0.0.0.0:5783
2026-10-06 00:36:50,834 [INFO] FLServer server started (mock=False)
2026-10-06 00:36:51,529 [INFO] Iroh node started: 70c50c5658b6ac77  addrs=['10.77.0.1:58900']
2026-10-06 00:36:51,556 [INFO] CoAP server [client-0] listening on 0.0.0.0:5784
2026-10-06 00:36:51,560 [INFO] FLClient client-0 started (mock=False)
2026-10-06 00:36:51,562 [INFO] Registered client client-0  iroh=70c50c5658b6ac77
2026-10-06 00:36:52,305 [INFO] Iroh node started: 6a763a8245f01d71  addrs=['10.77.0.1:48180']
2026-10-06 00:36:52,332 [INFO] CoAP server [client-1] listening on 0.0.0.0:5785
2026-10-06 00:36:52,335 [INFO] FLClient client-1 started (mock=False)
2026-10-06 00:36:52,338 [INFO] Registered client client-1  iroh=6a763a8245f01d71
2026-10-06 00:36:53,066 [INFO] Iroh node started: 17885feeb6c66fd1  addrs=['10.77.0.1:35698']
2026-10-06 00:36:53,075 [INFO] CoAP server [client-2] listening on 0.0.0.0:5786
2026-10-06 00:36:53,076 [INFO] FLClient client-2 started (mock=False)
2026-10-06 00:36:53,076 [INFO] Registered client client-2  iroh=17885feeb6c66fd1
2026-10-06 00:36:53,722 [INFO] Iroh node started: 82f1e3cbbaa2d495  addrs=['10.77.0.1:48638']
2026-10-06 00:36:53,744 [INFO] CoAP server [client-3] listening on 0.0.0.0:5787
2026-10-06 00:36:53,746 [INFO] FLClient client-3 started (mock=False)
2026-10-06 00:36:53,748 [INFO] Registered client client-3  iroh=82f1e3cbbaa2d495
2026-10-06 00:36:54,473 [INFO] Iroh node started: 86e65d1c9f47fc28  addrs=['10.77.0.1:48682']
2026-10-06 00:36:54,506 [INFO] CoAP server [client-4] listening on 0.0.0.0:5788
2026-10-06 00:36:54,510 [INFO] FLClient client-4 started (mock=False)
2026-10-06 00:36:54,515 [INFO] Registered client client-4  iroh=86e65d1c9f47fc28
2026-10-06 00:36:55,278 [INFO] Iroh node started: 6a94cc8d59461795  addrs=['10.77.0.1:33803']
2026-10-06 00:36:55,298 [INFO] CoAP server [client-5] listening on 0.0.0.0:5789
2026-10-06 00:36:55,301 [INFO] FLClient client-5 started (mock=False)
2026-10-06 00:36:55,304 [INFO] Registered client client-5  iroh=6a94cc8d59461795
2026-10-06 00:36:56,034 [INFO] Iroh node started: 4fbc06c348e7250e  addrs=['10.77.0.1:43622']
2026-10-06 00:36:56,046 [INFO] CoAP server [client-6] listening on 0.0.0.0:5790
2026-10-06 00:36:56,047 [INFO] FLClient client-6 started (mock=False)
2026-10-06 00:36:56,048 [INFO] Registered client client-6  iroh=4fbc06c348e7250e
2026-10-06 00:36:56,686 [INFO] Iroh node started: 0f9e51b9cf8832d6  addrs=['10.77.0.1:57950']
2026-10-06 00:36:56,706 [INFO] CoAP server [client-7] listening on 0.0.0.0:5791
2026-10-06 00:36:56,708 [INFO] FLClient client-7 started (mock=False)
2026-10-06 00:36:56,711 [INFO] Registered client client-7  iroh=0f9e51b9cf8832d6
2026-10-06 00:36:57,457 [INFO] Iroh node started: af0b206fdfff01f1  addrs=['10.77.0.1:60439']
2026-10-06 00:36:57,488 [INFO] CoAP server [client-8] listening on 0.0.0.0:5792
2026-10-06 00:36:57,491 [INFO] FLClient client-8 started (mock=False)
2026-10-06 00:36:57,493 [INFO] Registered client client-8  iroh=af0b206fdfff01f1
2026-10-06 00:36:58,257 [INFO] Iroh node started: 6d36a26a79f34dda  addrs=['10.77.0.1:34249']
2026-10-06 00:36:58,294 [INFO] CoAP server [client-9] listening on 0.0.0.0:5793
2026-10-06 00:36:58,299 [INFO] FLClient client-9 started (mock=False)
2026-10-06 00:36:58,303 [INFO] Registered client client-9  iroh=6d36a26a79f34dda
2026-10-06 00:36:58,307 [INFO] Round 1 — sending model to 10 clients…
2026-10-06 00:36:58,309 [INFO] [client-0] Round 1 — receiving model…
2026-10-06 00:36:58,311 [INFO] [client-1] Round 1 — receiving model…
2026-10-06 00:36:58,312 [INFO] [client-2] Round 1 — receiving model…
2026-10-06 00:36:58,314 [INFO] [client-3] Round 1 — receiving model…
2026-10-06 00:36:58,317 [INFO] [client-4] Round 1 — receiving model…
2026-10-06 00:36:58,318 [INFO] [client-5] Round 1 — receiving model…
2026-10-06 00:36:58,319 [INFO] [client-6] Round 1 — receiving model…
2026-10-06 00:36:58,323 [INFO] [client-7] Round 1 — receiving model…
2026-10-06 00:36:58,325 [INFO] [client-8] Round 1 — receiving model…
2026-10-06 00:36:58,326 [INFO] [client-9] Round 1 — receiving model…
2026-10-06 00:36:59,040 [INFO] recv 13933B via direct in 230ms
2026-10-06 00:36:59,057 [INFO] [client-0] Round 1 — training locally…
2026-10-06 00:37:50,688 [INFO] [client-0] Round 1 — sending update…
2026-10-06 00:37:50,692 [INFO] recv 13933B via direct in 220ms
2026-10-06 00:37:50,695 [INFO] [client-8] Round 1 — training locally…
2026-10-06 00:37:50,775 [INFO] [client-8] Round 1 — sending update…
2026-10-06 00:37:50,782 [INFO] recv 13933B via direct in 220ms
2026-10-06 00:37:50,785 [INFO] [client-6] Round 1 — training locally…
2026-10-06 00:37:50,868 [INFO] [client-6] Round 1 — sending update…
2026-10-06 00:37:50,872 [INFO] recv 13933B via direct in 247ms
2026-10-06 00:37:50,874 [INFO] [client-2] Round 1 — training locally…
2026-10-06 00:37:50,965 [INFO] [client-2] Round 1 — sending update…
2026-10-06 00:37:50,968 [INFO] recv 13933B via direct in 51894ms
2026-10-06 00:37:50,970 [INFO] [client-3] Round 1 — training locally…
2026-10-06 00:37:51,062 [INFO] [client-3] Round 1 — sending update…
2026-10-06 00:37:51,065 [INFO] recv 13933B via direct in 51865ms
2026-10-06 00:37:51,069 [INFO] [client-7] Round 1 — training locally…
2026-10-06 00:37:51,161 [INFO] [client-7] Round 1 — sending update…
2026-10-06 00:37:51,164 [INFO] recv 13933B via direct in 51885ms
2026-10-06 00:37:51,168 [INFO] [client-5] Round 1 — training locally…
2026-10-06 00:37:51,252 [INFO] [client-5] Round 1 — sending update…
2026-10-06 00:37:51,255 [INFO] send 13933B via direct in 52291ms (0.00 Mbit/s) to 70c50c5658b6ac77
2026-10-06 00:37:51,256 [INFO] send 13933B via direct in 52282ms (0.00 Mbit/s) to af0b206fdfff01f1
2026-10-06 00:37:51,257 [INFO] send 13933B via direct in 52280ms (0.00 Mbit/s) to 4fbc06c348e7250e
2026-10-06 00:37:51,258 [INFO] send 13933B via direct in 52298ms (0.00 Mbit/s) to 17885feeb6c66fd1
2026-10-06 00:37:51,260 [INFO] send 13933B via direct in 52295ms (0.00 Mbit/s) to 82f1e3cbbaa2d495
2026-10-06 00:37:51,261 [INFO] send 13933B via direct in 52278ms (0.00 Mbit/s) to 0f9e51b9cf8832d6
2026-10-06 00:37:51,262 [INFO] send 13933B via direct in 52290ms (0.00 Mbit/s) to 6a94cc8d59461795
2026-10-06 00:37:51,262 [INFO] send 13933B via direct in 52288ms (0.00 Mbit/s) to 6a763a8245f01d71
2026-10-06 00:37:51,263 [INFO] send 13933B via direct in 52286ms (0.00 Mbit/s) to 6d36a26a79f34dda
2026-10-06 00:37:51,265 [INFO] send 13933B via direct in 52281ms (0.00 Mbit/s) to 86e65d1c9f47fc28
2026-10-06 00:37:51,266 [INFO] recv 13933B via direct in 51968ms
2026-10-06 00:37:51,268 [INFO] [client-1] Round 1 — training locally…
2026-10-06 00:37:51,346 [INFO] [client-1] Round 1 — sending update…
2026-10-06 00:37:51,350 [INFO] recv 13933B via direct in 51966ms
2026-10-06 00:37:51,354 [INFO] [client-9] Round 1 — training locally…
2026-10-06 00:37:51,442 [INFO] [client-9] Round 1 — sending update…
2026-10-06 00:37:51,445 [INFO] recv 13933B via direct in 51955ms
2026-10-06 00:37:51,449 [INFO] [client-4] Round 1 — training locally…
2026-10-06 00:37:51,536 [INFO] [client-4] Round 1 — sending update…
2026-10-06 00:37:51,539 [INFO] Round 1 — waiting for 10 updates…
2026-10-06 00:37:51,862 [INFO] recv 13933B via direct in 313ms
2026-10-06 00:37:51,869 [INFO] recv 13933B via direct in 319ms
2026-10-06 00:37:51,873 [INFO] recv 13933B via direct in 321ms
2026-10-06 00:37:51,878 [INFO] recv 13933B via direct in 316ms
2026-10-06 00:37:51,881 [INFO] recv 13933B via direct in 322ms
2026-10-06 00:37:51,884 [INFO] recv 13933B via direct in 216ms
2026-10-06 00:37:51,887 [INFO] recv 13933B via direct in 329ms
2026-10-06 00:37:51,889 [INFO] recv 13933B via direct in 321ms
2026-10-06 00:37:51,948 [INFO] send 13933B via direct in 1171ms (0.10 Mbit/s) to 260113b82f0e1fff
2026-10-06 00:37:51,986 [INFO] [client-8] Round 1 done — loss=0.8018 acc=0.6909  53.7s
2026-10-06 00:37:51,987 [INFO] [client-8] Round 2 — receiving model…
2026-10-06 00:37:51,991 [INFO] send 13933B via direct in 1022ms (0.11 Mbit/s) to 260113b82f0e1fff
2026-10-06 00:37:52,016 [INFO] [client-2] Round 1 done — loss=1.0399 acc=0.4505  53.7s
2026-10-06 00:37:52,017 [INFO] [client-2] Round 2 — receiving model…
2026-10-06 00:37:52,019 [INFO] send 13933B via direct in 924ms (0.12 Mbit/s) to 260113b82f0e1fff
2026-10-06 00:37:52,037 [INFO] [client-3] Round 1 done — loss=1.0609 acc=0.4488  53.7s
2026-10-06 00:37:52,038 [INFO] [client-3] Round 2 — receiving model…
2026-10-06 00:37:52,040 [INFO] send 13933B via direct in 640ms (0.17 Mbit/s) to 260113b82f0e1fff
2026-10-06 00:37:52,058 [INFO] [client-1] Round 1 done — loss=1.0814 acc=0.3791  53.7s
2026-10-06 00:37:52,059 [INFO] [client-1] Round 2 — receiving model…
2026-10-06 00:37:52,060 [INFO] send 13933B via direct in 826ms (0.14 Mbit/s) to 260113b82f0e1fff
2026-10-06 00:37:52,079 [INFO] [client-7] Round 1 done — loss=1.0503 acc=0.4313  53.8s
2026-10-06 00:37:52,080 [INFO] [client-7] Round 2 — receiving model…
2026-10-06 00:37:52,082 [INFO] send 13933B via direct in 736ms (0.15 Mbit/s) to 260113b82f0e1fff
2026-10-06 00:37:52,098 [INFO] [client-5] Round 1 done — loss=1.0601 acc=0.4584  53.8s
2026-10-06 00:37:52,099 [INFO] [client-5] Round 2 — receiving model…
2026-10-06 00:37:52,100 [INFO] send 13933B via direct in 1300ms (0.09 Mbit/s) to 260113b82f0e1fff
2026-10-06 00:37:52,118 [INFO] [client-0] Round 1 done — loss=1.0589 acc=0.4583  53.8s
2026-10-06 00:37:52,119 [INFO] [client-0] Round 2 — receiving model…
2026-10-06 00:37:52,120 [INFO] send 13933B via direct in 1118ms (0.10 Mbit/s) to 260113b82f0e1fff
2026-10-06 00:37:52,141 [INFO] [client-6] Round 1 done — loss=1.0494 acc=0.4455  53.8s
2026-10-06 00:37:52,143 [INFO] [client-6] Round 2 — receiving model…
2026-10-06 00:37:52,144 [INFO] recv 13933B via direct in 240ms
2026-10-06 00:37:52,149 [INFO] send 13933B via direct in 704ms (0.16 Mbit/s) to 260113b82f0e1fff
2026-10-06 00:37:52,169 [INFO] [client-9] Round 1 done — loss=1.0456 acc=0.4698  53.8s
2026-10-06 00:37:52,170 [INFO] [client-9] Round 2 — receiving model…
2026-10-06 00:37:52,171 [INFO] recv 13933B via direct in 303ms
2026-10-06 00:37:52,194 [INFO] Round 1/20  acc=0.2935  loss=1.1153  53.9s  clients=10
2026-10-06 00:37:52,195 [INFO] Round 2 — sending model to 10 clients…
2026-10-06 00:37:52,206 [INFO] send 13933B via direct in 658ms (0.17 Mbit/s) to 260113b82f0e1fff
2026-10-06 00:37:52,221 [INFO] [client-4] Round 1 done — loss=1.0315 acc=0.4876  53.9s
2026-10-06 00:37:52,222 [INFO] [client-4] Round 2 — receiving model…
2026-10-06 00:37:52,755 [INFO] recv 13933B via direct in 240ms
2026-10-06 00:37:52,759 [INFO] [client-3] Round 2 — training locally…
2026-10-06 00:37:52,883 [INFO] [client-3] Round 2 — sending update…
2026-10-06 00:37:52,885 [INFO] recv 13933B via direct in 241ms
2026-10-06 00:37:52,889 [INFO] [client-5] Round 2 — training locally…
2026-10-06 00:37:52,971 [INFO] [client-5] Round 2 — sending update…
2026-10-06 00:37:52,974 [INFO] recv 13933B via direct in 244ms
2026-10-06 00:37:52,978 [INFO] [client-4] Round 2 — training locally…
2026-10-06 00:37:53,085 [INFO] [client-4] Round 2 — sending update…
2026-10-06 00:37:53,090 [INFO] recv 13933B via direct in 237ms
2026-10-06 00:37:53,093 [INFO] [client-1] Round 2 — training locally…
2026-10-06 00:37:53,186 [INFO] [client-1] Round 2 — sending update…
2026-10-06 00:37:53,190 [INFO] recv 13933B via direct in 230ms
2026-10-06 00:37:53,194 [INFO] [client-2] Round 2 — training locally…
2026-10-06 00:37:53,276 [INFO] [client-2] Round 2 — sending update…
2026-10-06 00:37:53,283 [INFO] recv 13933B via direct in 566ms
2026-10-06 00:37:53,286 [INFO] [client-9] Round 2 — training locally…
2026-10-06 00:37:53,385 [INFO] [client-9] Round 2 — sending update…
2026-10-06 00:37:53,389 [INFO] recv 13933B via direct in 564ms
2026-10-06 00:37:53,393 [INFO] [client-6] Round 2 — training locally…
2026-10-06 00:37:53,480 [INFO] [client-6] Round 2 — sending update…
2026-10-06 00:37:53,485 [INFO] recv 13933B via direct in 557ms
2026-10-06 00:37:53,487 [INFO] [client-0] Round 2 — training locally…
2026-10-06 00:37:53,558 [INFO] [client-0] Round 2 — sending update…
2026-10-06 00:37:53,561 [INFO] send 13933B via direct in 1078ms (0.10 Mbit/s) to 82f1e3cbbaa2d495
2026-10-06 00:37:53,562 [INFO] send 13933B via direct in 1078ms (0.10 Mbit/s) to 6a94cc8d59461795
2026-10-06 00:37:53,562 [INFO] send 13933B via direct in 1080ms (0.10 Mbit/s) to 86e65d1c9f47fc28
2026-10-06 00:37:53,563 [INFO] send 13933B via direct in 1076ms (0.10 Mbit/s) to 4fbc06c348e7250e
2026-10-06 00:37:53,564 [INFO] send 13933B via direct in 1075ms (0.10 Mbit/s) to 70c50c5658b6ac77
2026-10-06 00:37:53,565 [INFO] send 13933B via direct in 1075ms (0.10 Mbit/s) to 0f9e51b9cf8832d6
2026-10-06 00:37:53,569 [INFO] send 13933B via direct in 1074ms (0.10 Mbit/s) to af0b206fdfff01f1
2026-10-06 00:37:53,570 [INFO] recv 13933B via direct in 654ms
2026-10-06 00:37:53,572 [INFO] [client-7] Round 2 — training locally…
2026-10-06 00:37:53,658 [INFO] [client-7] Round 2 — sending update…
2026-10-06 00:37:53,662 [INFO] recv 13933B via direct in 746ms
2026-10-06 00:37:53,665 [INFO] [client-8] Round 2 — training locally…
2026-10-06 00:37:53,753 [INFO] [client-8] Round 2 — sending update…
2026-10-06 00:37:53,756 [INFO] send 13933B via direct in 1077ms (0.10 Mbit/s) to 6a763a8245f01d71
2026-10-06 00:37:53,758 [INFO] send 13933B via direct in 1077ms (0.10 Mbit/s) to 17885feeb6c66fd1
2026-10-06 00:37:53,759 [INFO] send 13933B via direct in 1076ms (0.10 Mbit/s) to 6d36a26a79f34dda
2026-10-06 00:37:53,764 [INFO] Round 2 — waiting for 10 updates…
2026-10-06 00:37:53,786 [INFO] recv 13933B via direct in 303ms
2026-10-06 00:37:53,883 [INFO] recv 13933B via direct in 321ms
2026-10-06 00:37:53,889 [INFO] send 13933B via direct in 1004ms (0.11 Mbit/s) to 260113b82f0e1fff
2026-10-06 00:37:53,918 [INFO] [client-3] Round 2 done — loss=1.0552 acc=0.4351  1.9s
2026-10-06 00:37:53,919 [INFO] [client-3] Round 3 — receiving model…
2026-10-06 00:37:53,978 [INFO] send 13933B via direct in 1003ms (0.11 Mbit/s) to 260113b82f0e1fff
2026-10-06 00:37:54,055 [INFO] [client-5] Round 2 done — loss=1.0170 acc=0.5117  2.0s
2026-10-06 00:37:54,056 [INFO] [client-5] Round 3 — receiving model…
2026-10-06 00:37:54,066 [INFO] recv 13933B via direct in 306ms
2026-10-06 00:37:54,069 [INFO] recv 13933B via direct in 308ms
2026-10-06 00:37:54,073 [INFO] recv 13933B via direct in 304ms
2026-10-06 00:37:54,078 [INFO] recv 13933B via direct in 309ms
2026-10-06 00:37:54,080 [INFO] recv 13933B via direct in 294ms
2026-10-06 00:37:54,083 [INFO] recv 13933B via direct in 213ms
2026-10-06 00:37:54,171 [INFO] send 13933B via direct in 1079ms (0.10 Mbit/s) to 260113b82f0e1fff
2026-10-06 00:37:54,214 [INFO] [client-4] Round 2 done — loss=1.0326 acc=0.4784  2.0s
2026-10-06 00:37:54,216 [INFO] [client-4] Round 3 — receiving model…
2026-10-06 00:37:54,218 [INFO] send 13933B via direct in 981ms (0.11 Mbit/s) to 260113b82f0e1fff
2026-10-06 00:37:54,236 [INFO] [client-1] Round 2 done — loss=1.0689 acc=0.4028  2.2s
2026-10-06 00:37:54,238 [INFO] [client-1] Round 3 — receiving model…
2026-10-06 00:37:54,241 [INFO] send 13933B via direct in 940ms (0.12 Mbit/s) to 260113b82f0e1fff
2026-10-06 00:37:54,265 [INFO] [client-2] Round 2 done — loss=1.0192 acc=0.4609  2.2s
2026-10-06 00:37:54,267 [INFO] [client-2] Round 3 — receiving model…
2026-10-06 00:37:54,268 [INFO] send 13933B via direct in 851ms (0.13 Mbit/s) to 260113b82f0e1fff
2026-10-06 00:37:54,288 [INFO] [client-9] Round 2 done — loss=1.0230 acc=0.5046  2.1s
2026-10-06 00:37:54,290 [INFO] [client-9] Round 3 — receiving model…
2026-10-06 00:37:54,291 [INFO] send 13933B via direct in 757ms (0.15 Mbit/s) to 260113b82f0e1fff
2026-10-06 00:37:54,313 [INFO] [client-6] Round 2 done — loss=1.0258 acc=0.4837  2.2s
2026-10-06 00:37:54,314 [INFO] [client-6] Round 3 — receiving model…
2026-10-06 00:37:54,315 [INFO] send 13933B via direct in 680ms (0.16 Mbit/s) to 260113b82f0e1fff
2026-10-06 00:37:54,332 [INFO] [client-0] Round 2 done — loss=1.0613 acc=0.4540  2.2s
2026-10-06 00:37:54,333 [INFO] [client-0] Round 3 — receiving model…
2026-10-06 00:37:54,335 [INFO] recv 13933B via direct in 273ms
2026-10-06 00:37:54,338 [INFO] send 13933B via direct in 674ms (0.17 Mbit/s) to 260113b82f0e1fff
2026-10-06 00:37:54,358 [INFO] [client-7] Round 2 done — loss=1.0405 acc=0.4440  2.3s
2026-10-06 00:37:54,359 [INFO] [client-7] Round 3 — receiving model…
2026-10-06 00:37:54,360 [INFO] recv 13933B via direct in 277ms
2026-10-06 00:37:54,382 [INFO] Round 2/20  acc=0.3988  loss=1.0857  2.2s  clients=10
2026-10-06 00:37:54,383 [INFO] Round 3 — sending model to 10 clients…
2026-10-06 00:37:54,392 [INFO] send 13933B via direct in 636ms (0.18 Mbit/s) to 260113b82f0e1fff
2026-10-06 00:37:54,407 [INFO] [client-8] Round 2 done — loss=0.7743 acc=0.7239  2.4s
2026-10-06 00:37:54,408 [INFO] [client-8] Round 3 — receiving model…
2026-10-06 00:37:54,908 [INFO] recv 13933B via direct in 216ms
2026-10-06 00:37:54,915 [INFO] [client-8] Round 3 — training locally…
2026-10-06 00:37:55,054 [INFO] [client-8] Round 3 — sending update…
2026-10-06 00:37:55,057 [INFO] recv 13933B via direct in 216ms
2026-10-06 00:37:55,060 [INFO] [client-0] Round 3 — training locally…
2026-10-06 00:37:55,127 [INFO] [client-0] Round 3 — sending update…
2026-10-06 00:37:55,130 [INFO] recv 13933B via direct in 215ms
2026-10-06 00:37:55,132 [INFO] [client-5] Round 3 — training locally…
2026-10-06 00:37:55,217 [INFO] [client-5] Round 3 — sending update…
2026-10-06 00:37:55,220 [INFO] recv 13933B via direct in 218ms
2026-10-06 00:37:55,222 [INFO] [client-9] Round 3 — training locally…
2026-10-06 00:37:55,315 [INFO] [client-9] Round 3 — sending update…
2026-10-06 00:37:55,321 [INFO] recv 13933B via direct in 215ms
2026-10-06 00:37:55,324 [INFO] [client-6] Round 3 — training locally…
2026-10-06 00:37:55,408 [INFO] [client-6] Round 3 — sending update…
2026-10-06 00:37:55,414 [INFO] send 13933B via direct in 934ms (0.12 Mbit/s) to af0b206fdfff01f1
2026-10-06 00:37:55,416 [INFO] send 13933B via direct in 933ms (0.12 Mbit/s) to 70c50c5658b6ac77
2026-10-06 00:37:55,416 [INFO] send 13933B via direct in 932ms (0.12 Mbit/s) to 4fbc06c348e7250e
2026-10-06 00:37:55,420 [INFO] send 13933B via direct in 933ms (0.12 Mbit/s) to 6a94cc8d59461795
2026-10-06 00:37:55,422 [INFO] send 13933B via direct in 932ms (0.12 Mbit/s) to 6d36a26a79f34dda
2026-10-06 00:37:55,422 [INFO] send 13933B via direct in 932ms (0.12 Mbit/s) to 17885feeb6c66fd1
2026-10-06 00:37:55,423 [INFO] send 13933B via direct in 931ms (0.12 Mbit/s) to 6a763a8245f01d71
2026-10-06 00:37:55,424 [INFO] send 13933B via direct in 931ms (0.12 Mbit/s) to 82f1e3cbbaa2d495
2026-10-06 00:37:55,427 [INFO] recv 13933B via direct in 718ms
2026-10-06 00:37:55,430 [INFO] [client-2] Round 3 — training locally…
2026-10-06 00:37:55,517 [INFO] [client-2] Round 3 — sending update…
2026-10-06 00:37:55,521 [INFO] recv 13933B via direct in 718ms
2026-10-06 00:37:55,523 [INFO] [client-1] Round 3 — training locally…
2026-10-06 00:37:55,610 [INFO] [client-1] Round 3 — sending update…
2026-10-06 00:37:55,612 [INFO] recv 13933B via direct in 715ms
2026-10-06 00:37:55,614 [INFO] [client-3] Round 3 — training locally…
2026-10-06 00:37:55,718 [INFO] [client-3] Round 3 — sending update…
2026-10-06 00:37:55,721 [INFO] recv 13933B via direct in 715ms
2026-10-06 00:37:55,724 [INFO] [client-7] Round 3 — training locally…
2026-10-06 00:37:55,817 [INFO] [client-7] Round 3 — sending update…
2026-10-06 00:37:55,820 [INFO] recv 13933B via direct in 715ms
2026-10-06 00:37:55,823 [INFO] [client-4] Round 3 — training locally…
2026-10-06 00:37:55,904 [INFO] [client-4] Round 3 — sending update…
2026-10-06 00:37:55,908 [INFO] send 13933B via direct in 930ms (0.12 Mbit/s) to 0f9e51b9cf8832d6
2026-10-06 00:37:55,909 [INFO] send 13933B via direct in 929ms (0.12 Mbit/s) to 86e65d1c9f47fc28
2026-10-06 00:37:55,910 [INFO] Round 3 — waiting for 10 updates…
2026-10-06 00:37:55,921 [INFO] recv 13933B via direct in 503ms
2026-10-06 00:37:55,924 [INFO] recv 13933B via direct in 10ms
2026-10-06 00:37:56,024 [WARNING] transfer attempt 1/3 failed (stream not acknowledged: IrohError:  closed by peer: 0) — retrying
2026-10-06 00:37:56,027 [WARNING] transfer attempt 1/3 failed (stream not acknowledged: IrohError:  closed by peer: 0) — retrying
2026-10-06 00:37:56,221 [INFO] recv 13933B via direct in 306ms
2026-10-06 00:37:56,243 [INFO] recv 13933B via direct in 327ms
2026-10-06 00:37:56,247 [INFO] recv 13933B via direct in 328ms
2026-10-06 00:37:56,250 [INFO] recv 13933B via direct in 328ms
2026-10-06 00:37:56,254 [INFO] recv 13933B via direct in 320ms
2026-10-06 00:37:56,256 [INFO] recv 13933B via direct in 215ms
2026-10-06 00:37:56,321 [INFO] send 13933B via direct in 1099ms (0.10 Mbit/s) to 260113b82f0e1fff
2026-10-06 00:37:56,420 [INFO] [client-5] Round 3 done — loss=0.9926 acc=0.5333  2.4s
2026-10-06 00:37:56,421 [INFO] [client-5] Round 4 — receiving model…
2026-10-06 00:37:56,425 [INFO] send 13933B via direct in 1105ms (0.10 Mbit/s) to 260113b82f0e1fff
2026-10-06 00:37:56,447 [INFO] [client-9] Round 3 done — loss=1.0147 acc=0.5204  2.2s
2026-10-06 00:37:56,448 [INFO] [client-9] Round 4 — receiving model…
2026-10-06 00:37:56,449 [INFO] send 13933B via direct in 1012ms (0.11 Mbit/s) to 260113b82f0e1fff
2026-10-06 00:37:56,467 [INFO] [client-6] Round 3 done — loss=1.0206 acc=0.4833  2.2s
2026-10-06 00:37:56,468 [INFO] [client-6] Round 4 — receiving model…
2026-10-06 00:37:56,469 [INFO] send 13933B via direct in 903ms (0.12 Mbit/s) to 260113b82f0e1fff
2026-10-06 00:37:56,485 [INFO] [client-2] Round 3 done — loss=0.9951 acc=0.5055  2.2s
2026-10-06 00:37:56,486 [INFO] [client-2] Round 4 — receiving model…
2026-10-06 00:37:56,487 [INFO] send 13933B via direct in 811ms (0.14 Mbit/s) to 260113b82f0e1fff
2026-10-06 00:37:56,506 [INFO] [client-1] Round 3 done — loss=1.0644 acc=0.4224  2.3s
2026-10-06 00:37:56,507 [INFO] [client-1] Round 4 — receiving model…
2026-10-06 00:37:56,508 [INFO] send 13933B via direct in 703ms (0.16 Mbit/s) to 260113b82f0e1fff
2026-10-06 00:37:56,527 [INFO] [client-3] Round 3 done — loss=1.0508 acc=0.4475  2.6s
2026-10-06 00:37:56,528 [INFO] [client-3] Round 4 — receiving model…
2026-10-06 00:37:56,529 [INFO] recv 13933B via direct in 289ms
2026-10-06 00:37:56,532 [INFO] send 13933B via direct in 709ms (0.16 Mbit/s) to 260113b82f0e1fff
2026-10-06 00:37:56,553 [INFO] [client-7] Round 3 done — loss=1.0359 acc=0.4375  2.2s
2026-10-06 00:37:56,554 [INFO] [client-7] Round 4 — receiving model…
2026-10-06 00:37:56,556 [INFO] recv 13933B via direct in 317ms
2026-10-06 00:37:56,575 [INFO] Round 3/20  acc=0.4361  loss=1.0736  2.2s  clients=10
2026-10-06 00:37:56,576 [INFO] Round 4 — sending model to 10 clients…
2026-10-06 00:37:56,585 [INFO] send 13933B via direct in 649ms (0.17 Mbit/s) to 260113b82f0e1fff
2026-10-06 00:37:56,599 [INFO] [client-4] Round 3 done — loss=1.0303 acc=0.4845  2.4s
2026-10-06 00:37:56,600 [INFO] [client-4] Round 4 — receiving model…
2026-10-06 00:37:57,098 [INFO] recv 13933B via direct in 214ms
2026-10-06 00:37:57,101 [INFO] [client-1] Round 4 — training locally…
2026-10-06 00:37:57,208 [INFO] [client-1] Round 4 — sending update…
2026-10-06 00:37:57,218 [INFO] send 13933B via direct in 635ms (0.18 Mbit/s) to 6a763a8245f01d71
2026-10-06 00:37:57,221 [INFO] recv 13933B via direct in 310ms
2026-10-06 00:37:57,223 [INFO] [client-3] Round 4 — training locally…
2026-10-06 00:37:57,327 [INFO] [client-3] Round 4 — sending update…
2026-10-06 00:37:57,330 [INFO] recv 13933B via direct in 305ms
2026-10-06 00:37:57,332 [INFO] [client-2] Round 4 — training locally…
2026-10-06 00:37:57,423 [INFO] [client-2] Round 4 — sending update…
2026-10-06 00:37:57,426 [INFO] recv 13933B via direct in 331ms
2026-10-06 00:37:57,430 [INFO] [client-9] Round 4 — training locally…
2026-10-06 00:37:57,521 [INFO] [client-9] Round 4 — sending update…
2026-10-06 00:37:57,524 [INFO] recv 13933B via direct in 330ms
2026-10-06 00:37:57,528 [INFO] [client-5] Round 4 — training locally…
2026-10-06 00:37:57,623 [INFO] [client-5] Round 4 — sending update…
2026-10-06 00:37:57,625 [INFO] recv 13933B via direct in 328ms
2026-10-06 00:37:57,628 [INFO] [client-4] Round 4 — training locally…
2026-10-06 00:37:57,723 [INFO] [client-4] Round 4 — sending update…
2026-10-06 00:37:57,726 [INFO] recv 13933B via direct in 323ms
2026-10-06 00:37:57,730 [INFO] [client-6] Round 4 — training locally…
2026-10-06 00:37:57,831 [INFO] [client-6] Round 4 — sending update…
2026-10-06 00:37:57,833 [INFO] recv 13933B via direct in 319ms
2026-10-06 00:37:57,835 [INFO] [client-7] Round 4 — training locally…
2026-10-06 00:37:57,925 [INFO] [client-7] Round 4 — sending update…
2026-10-06 00:37:57,928 [INFO] send 13933B via direct in 640ms (0.17 Mbit/s) to 6d36a26a79f34dda
2026-10-06 00:37:57,929 [INFO] send 13933B via direct in 639ms (0.18 Mbit/s) to 0f9e51b9cf8832d6
2026-10-06 00:37:57,930 [INFO] send 13933B via direct in 638ms (0.18 Mbit/s) to af0b206fdfff01f1
2026-10-06 00:37:57,934 [INFO] send 13933B via direct in 640ms (0.17 Mbit/s) to 6a94cc8d59461795
2026-10-06 00:37:57,936 [INFO] send 13933B via direct in 639ms (0.17 Mbit/s) to 86e65d1c9f47fc28
2026-10-06 00:37:57,937 [INFO] send 13933B via direct in 638ms (0.18 Mbit/s) to 4fbc06c348e7250e
2026-10-06 00:37:57,949 [INFO] send 13933B via direct in 1344ms (0.08 Mbit/s) to 82f1e3cbbaa2d495
2026-10-06 00:37:57,951 [INFO] send 13933B via direct in 1345ms (0.08 Mbit/s) to 70c50c5658b6ac77
2026-10-06 00:37:57,954 [INFO] send 13933B via direct in 1348ms (0.08 Mbit/s) to 17885feeb6c66fd1
2026-10-06 00:37:57,957 [INFO] Round 4 — waiting for 10 updates…
2026-10-06 00:37:58,241 [INFO] recv 13933B via direct in 307ms
2026-10-06 00:37:58,249 [INFO] recv 13933B via direct in 314ms
2026-10-06 00:37:58,273 [INFO] recv 13933B via direct in 314ms
2026-10-06 00:37:58,314 [INFO] recv 13933B via direct in 314ms
2026-10-06 00:37:58,319 [INFO] recv 13933B via direct in 310ms
2026-10-06 00:37:58,323 [INFO] recv 13933B via direct in 384ms
2026-10-06 00:37:58,329 [INFO] recv 13933B via direct in 292ms
2026-10-06 00:37:58,333 [INFO] recv 13933B via direct in 372ms
2026-10-06 00:37:58,341 [INFO] send 13933B via direct in 3285ms (0.03 Mbit/s) to 260113b82f0e1fff (attempt 2)
2026-10-06 00:37:58,375 [INFO] [client-8] Round 3 done — loss=0.7713 acc=0.7160  4.0s
2026-10-06 00:37:58,376 [INFO] [client-8] Round 4 — receiving model…
2026-10-06 00:37:58,377 [INFO] recv 13933B via direct in 310ms
2026-10-06 00:37:58,382 [INFO] [client-8] Round 4 — training locally…
2026-10-06 00:37:58,479 [INFO] [client-8] Round 4 — sending update…
2026-10-06 00:37:58,481 [INFO] recv 13933B via direct in 204ms
2026-10-06 00:37:58,488 [INFO] send 13933B via direct in 3355ms (0.03 Mbit/s) to 260113b82f0e1fff (attempt 2)
2026-10-06 00:37:58,582 [INFO] [client-0] Round 3 done — loss=1.0569 acc=0.4575  4.2s
2026-10-06 00:37:58,583 [INFO] [client-0] Round 4 — receiving model…
2026-10-06 00:37:58,584 [INFO] recv 13933B via direct in 304ms
2026-10-06 00:37:58,586 [INFO] [client-0] Round 4 — training locally…
2026-10-06 00:37:58,656 [INFO] [client-0] Round 4 — sending update…
2026-10-06 00:37:58,660 [INFO] send 13933B via direct in 1274ms (0.09 Mbit/s) to 260113b82f0e1fff
2026-10-06 00:37:58,678 [INFO] [client-1] Round 4 done — loss=1.0614 acc=0.4135  2.2s
2026-10-06 00:37:58,679 [INFO] [client-1] Round 5 — receiving model…
2026-10-06 00:37:58,680 [INFO] send 13933B via direct in 1155ms (0.10 Mbit/s) to 260113b82f0e1fff
2026-10-06 00:37:58,696 [INFO] [client-3] Round 4 done — loss=1.0521 acc=0.4547  2.2s
2026-10-06 00:37:58,697 [INFO] [client-3] Round 5 — receiving model…
2026-10-06 00:37:58,698 [INFO] send 13933B via direct in 1060ms (0.11 Mbit/s) to 260113b82f0e1fff
2026-10-06 00:37:58,720 [INFO] [client-2] Round 4 done — loss=0.9758 acc=0.5027  2.2s
2026-10-06 00:37:58,721 [INFO] [client-2] Round 5 — receiving model…
2026-10-06 00:37:58,722 [INFO] send 13933B via direct in 962ms (0.12 Mbit/s) to 260113b82f0e1fff
2026-10-06 00:37:58,737 [INFO] [client-9] Round 4 done — loss=1.0173 acc=0.5246  2.3s
2026-10-06 00:37:58,738 [INFO] [client-9] Round 5 — receiving model…
2026-10-06 00:37:58,739 [INFO] send 13933B via direct in 860ms (0.13 Mbit/s) to 260113b82f0e1fff
2026-10-06 00:37:58,758 [INFO] [client-5] Round 4 done — loss=0.9856 acc=0.5443  2.3s
2026-10-06 00:37:58,759 [INFO] [client-5] Round 5 — receiving model…
2026-10-06 00:37:58,760 [INFO] send 13933B via direct in 760ms (0.15 Mbit/s) to 260113b82f0e1fff
2026-10-06 00:37:58,773 [INFO] [client-4] Round 4 done — loss=1.0223 acc=0.4852  2.2s
2026-10-06 00:37:58,774 [INFO] [client-4] Round 5 — receiving model…
2026-10-06 00:37:58,775 [INFO] send 13933B via direct in 653ms (0.17 Mbit/s) to 260113b82f0e1fff
2026-10-06 00:37:58,791 [INFO] [client-6] Round 4 done — loss=1.0214 acc=0.4878  2.3s
2026-10-06 00:37:58,792 [INFO] [client-6] Round 5 — receiving model…
2026-10-06 00:37:58,794 [INFO] recv 13933B via direct in 256ms
2026-10-06 00:37:58,813 [INFO] Round 4/20  acc=0.4634  loss=1.0655  2.2s  clients=10
2026-10-06 00:37:58,814 [INFO] Round 5 — sending model to 10 clients…
2026-10-06 00:37:58,825 [INFO] send 13933B via direct in 889ms (0.13 Mbit/s) to 260113b82f0e1fff
2026-10-06 00:37:58,842 [INFO] [client-7] Round 4 done — loss=1.0296 acc=0.4427  2.3s
2026-10-06 00:37:58,843 [INFO] [client-7] Round 5 — receiving model…
2026-10-06 00:37:59,247 [INFO] send 13933B via direct in 763ms (0.15 Mbit/s) to 260113b82f0e1fff
2026-10-06 00:37:59,318 [INFO] [client-8] Round 4 done — loss=0.7741 acc=0.7143  0.9s
2026-10-06 00:37:59,319 [INFO] [client-8] Round 5 — receiving model…
2026-10-06 00:37:59,321 [INFO] send 13933B via direct in 661ms (0.17 Mbit/s) to 260113b82f0e1fff
2026-10-06 00:37:59,342 [INFO] [client-0] Round 4 done — loss=1.0573 acc=0.4488  0.8s
2026-10-06 00:37:59,343 [INFO] [client-0] Round 5 — receiving model…
2026-10-06 00:37:59,348 [INFO] recv 13933B via direct in 225ms
2026-10-06 00:37:59,350 [INFO] [client-3] Round 5 — training locally…
2026-10-06 00:37:59,453 [INFO] [client-3] Round 5 — sending update…
2026-10-06 00:37:59,456 [INFO] recv 13933B via direct in 224ms
2026-10-06 00:37:59,458 [INFO] [client-7] Round 5 — training locally…
2026-10-06 00:37:59,544 [INFO] [client-7] Round 5 — sending update…
2026-10-06 00:37:59,547 [INFO] recv 13933B via direct in 224ms
2026-10-06 00:37:59,550 [INFO] [client-9] Round 5 — training locally…
2026-10-06 00:37:59,647 [INFO] [client-9] Round 5 — sending update…
2026-10-06 00:37:59,655 [INFO] recv 13933B via direct in 224ms
2026-10-06 00:37:59,658 [INFO] [client-1] Round 5 — training locally…
2026-10-06 00:37:59,774 [INFO] [client-1] Round 5 — sending update…
2026-10-06 00:37:59,780 [INFO] send 13933B via direct in 833ms (0.13 Mbit/s) to 6d36a26a79f34dda
2026-10-06 00:37:59,781 [INFO] send 13933B via direct in 835ms (0.13 Mbit/s) to 82f1e3cbbaa2d495
2026-10-06 00:37:59,782 [INFO] send 13933B via direct in 834ms (0.13 Mbit/s) to 0f9e51b9cf8832d6
2026-10-06 00:37:59,783 [INFO] send 13933B via direct in 833ms (0.13 Mbit/s) to 6a763a8245f01d71
2026-10-06 00:37:59,784 [INFO] send 13933B via direct in 833ms (0.13 Mbit/s) to 4fbc06c348e7250e
2026-10-06 00:37:59,785 [INFO] send 13933B via direct in 832ms (0.13 Mbit/s) to 86e65d1c9f47fc28
2026-10-06 00:37:59,786 [INFO] send 13933B via direct in 832ms (0.13 Mbit/s) to 70c50c5658b6ac77
2026-10-06 00:37:59,787 [INFO] send 13933B via direct in 831ms (0.13 Mbit/s) to af0b206fdfff01f1
2026-10-06 00:37:59,789 [INFO] send 13933B via direct in 833ms (0.13 Mbit/s) to 6a94cc8d59461795
2026-10-06 00:37:59,792 [INFO] send 13933B via direct in 831ms (0.13 Mbit/s) to 17885feeb6c66fd1
2026-10-06 00:37:59,794 [INFO] recv 13933B via direct in 654ms
2026-10-06 00:37:59,796 [INFO] [client-5] Round 5 — training locally…
2026-10-06 00:37:59,901 [INFO] [client-5] Round 5 — sending update…
2026-10-06 00:37:59,903 [INFO] recv 13933B via direct in 648ms
2026-10-06 00:37:59,905 [INFO] [client-6] Round 5 — training locally…
2026-10-06 00:37:59,999 [INFO] [client-6] Round 5 — sending update…
2026-10-06 00:38:00,001 [INFO] recv 13933B via direct in 642ms
2026-10-06 00:38:00,003 [INFO] [client-4] Round 5 — training locally…
2026-10-06 00:38:00,103 [INFO] [client-4] Round 5 — sending update…
2026-10-06 00:38:00,106 [INFO] recv 13933B via direct in 639ms
2026-10-06 00:38:00,108 [INFO] [client-0] Round 5 — training locally…
2026-10-06 00:38:00,177 [INFO] [client-0] Round 5 — sending update…
2026-10-06 00:38:00,180 [INFO] recv 13933B via direct in 639ms
2026-10-06 00:38:00,183 [INFO] [client-2] Round 5 — training locally…
2026-10-06 00:38:00,270 [INFO] [client-2] Round 5 — sending update…
2026-10-06 00:38:00,273 [INFO] recv 13933B via direct in 637ms
2026-10-06 00:38:00,275 [INFO] [client-8] Round 5 — training locally…
2026-10-06 00:38:00,369 [INFO] [client-8] Round 5 — sending update…
2026-10-06 00:38:00,372 [INFO] Round 5 — waiting for 10 updates…
2026-10-06 00:38:00,373 [INFO] recv 13933B via direct in 317ms
2026-10-06 00:38:00,374 [INFO] recv 13933B via direct in 200ms
2026-10-06 00:38:00,390 [INFO] recv 13933B via direct in 599ms
2026-10-06 00:38:00,392 [INFO] recv 13933B via direct in 10ms
2026-10-06 00:38:00,491 [WARNING] transfer attempt 1/3 failed (stream not acknowledged: IrohError:  closed by peer: 0) — retrying
2026-10-06 00:38:00,493 [WARNING] transfer attempt 1/3 failed (stream not acknowledged: IrohError:  closed by peer: 0) — retrying
2026-10-06 00:38:00,690 [INFO] recv 13933B via direct in 306ms
2026-10-06 00:38:00,699 [INFO] recv 13933B via direct in 311ms
2026-10-06 00:38:00,705 [INFO] recv 13933B via direct in 319ms
2026-10-06 00:38:00,710 [INFO] recv 13933B via direct in 320ms
2026-10-06 00:38:00,714 [INFO] recv 13933B via direct in 291ms
2026-10-06 00:38:00,718 [INFO] recv 13933B via direct in 222ms
2026-10-06 00:38:00,722 [WARNING] Round 5 — discarding update from unselected/duplicate peer 70c50c5658b6ac77
2026-10-06 00:38:00,788 [INFO] send 13933B via direct in 1133ms (0.10 Mbit/s) to 260113b82f0e1fff
2026-10-06 00:38:00,827 [INFO] [client-9] Round 5 done — loss=1.0170 acc=0.5214  2.1s
2026-10-06 00:38:00,828 [INFO] [client-9] Round 6 — receiving model…
2026-10-06 00:38:00,833 [INFO] send 13933B via direct in 1053ms (0.11 Mbit/s) to 260113b82f0e1fff
2026-10-06 00:38:00,848 [INFO] [client-1] Round 5 done — loss=1.0612 acc=0.4172  2.2s
2026-10-06 00:38:00,849 [INFO] [client-1] Round 6 — receiving model…
2026-10-06 00:38:00,850 [INFO] send 13933B via direct in 927ms (0.12 Mbit/s) to 260113b82f0e1fff
2026-10-06 00:38:00,866 [INFO] [client-5] Round 5 done — loss=0.9873 acc=0.5391  2.1s
2026-10-06 00:38:00,867 [INFO] [client-5] Round 6 — receiving model…
2026-10-06 00:38:00,868 [INFO] send 13933B via direct in 830ms (0.13 Mbit/s) to 260113b82f0e1fff
2026-10-06 00:38:00,882 [INFO] [client-6] Round 5 done — loss=1.0219 acc=0.4854  2.1s
2026-10-06 00:38:00,883 [INFO] [client-6] Round 6 — receiving model…
2026-10-06 00:38:00,884 [INFO] send 13933B via direct in 725ms (0.15 Mbit/s) to 260113b82f0e1fff
2026-10-06 00:38:00,899 [INFO] [client-4] Round 5 done — loss=1.0265 acc=0.4859  2.1s
2026-10-06 00:38:00,900 [INFO] [client-4] Round 6 — receiving model…
2026-10-06 00:38:00,901 [INFO] send 13933B via direct in 652ms (0.17 Mbit/s) to 260113b82f0e1fff
2026-10-06 00:38:00,918 [INFO] [client-0] Round 5 done — loss=1.0548 acc=0.4575  1.6s
2026-10-06 00:38:00,920 [INFO] [client-0] Round 6 — receiving model…
2026-10-06 00:38:00,921 [INFO] recv 13933B via direct in 238ms
2026-10-06 00:38:00,949 [INFO] Round 5/20  acc=0.4575  loss=1.0686  2.1s  clients=10
2026-10-06 00:38:00,950 [INFO] Round 6 — sending model to 10 clients…
2026-10-06 00:38:00,961 [INFO] send 13933B via direct in 688ms (0.16 Mbit/s) to 260113b82f0e1fff
2026-10-06 00:38:00,986 [INFO] [client-2] Round 5 done — loss=0.9769 acc=0.5110  2.3s
2026-10-06 00:38:00,987 [INFO] [client-2] Round 6 — receiving model…
2026-10-06 00:38:00,994 [INFO] send 13933B via direct in 622ms (0.18 Mbit/s) to 260113b82f0e1fff
2026-10-06 00:38:01,011 [INFO] [client-8] Round 5 done — loss=0.7678 acc=0.7150  1.7s
2026-10-06 00:38:01,012 [INFO] [client-8] Round 6 — receiving model…
2026-10-06 00:38:01,466 [INFO] recv 13933B via direct in 199ms
2026-10-06 00:38:01,474 [INFO] [client-4] Round 6 — training locally…
2026-10-06 00:38:01,637 [INFO] [client-4] Round 6 — sending update…
2026-10-06 00:38:01,647 [INFO] send 13933B via direct in 687ms (0.16 Mbit/s) to 86e65d1c9f47fc28
2026-10-06 00:38:01,648 [INFO] send 13933B via direct in 682ms (0.16 Mbit/s) to 6a94cc8d59461795
2026-10-06 00:38:01,649 [INFO] send 13933B via direct in 685ms (0.16 Mbit/s) to 6a763a8245f01d71
2026-10-06 00:38:01,650 [INFO] send 13933B via direct in 683ms (0.16 Mbit/s) to 17885feeb6c66fd1
2026-10-06 00:38:01,651 [INFO] send 13933B via direct in 689ms (0.16 Mbit/s) to af0b206fdfff01f1
2026-10-06 00:38:01,652 [INFO] send 13933B via direct in 682ms (0.16 Mbit/s) to 6d36a26a79f34dda
2026-10-06 00:38:01,654 [INFO] send 13933B via direct in 686ms (0.16 Mbit/s) to 0f9e51b9cf8832d6
2026-10-06 00:38:01,655 [INFO] send 13933B via direct in 684ms (0.16 Mbit/s) to 4fbc06c348e7250e
2026-10-06 00:38:01,656 [INFO] recv 13933B via direct in 367ms
2026-10-06 00:38:01,658 [INFO] [client-1] Round 6 — training locally…
2026-10-06 00:38:01,743 [INFO] [client-1] Round 6 — sending update…
2026-10-06 00:38:01,746 [INFO] recv 13933B via direct in 367ms
2026-10-06 00:38:01,748 [INFO] [client-6] Round 6 — training locally…
2026-10-06 00:38:01,836 [INFO] [client-6] Round 6 — sending update…
2026-10-06 00:38:01,839 [INFO] recv 13933B via direct in 365ms
2026-10-06 00:38:01,842 [INFO] [client-2] Round 6 — training locally…
2026-10-06 00:38:01,938 [INFO] [client-2] Round 6 — sending update…
2026-10-06 00:38:01,941 [INFO] recv 13933B via direct in 363ms
2026-10-06 00:38:01,946 [INFO] [client-5] Round 6 — training locally…
2026-10-06 00:38:02,028 [INFO] [client-5] Round 6 — sending update…
2026-10-06 00:38:02,030 [INFO] recv 13933B via direct in 354ms
2026-10-06 00:38:02,032 [INFO] [client-0] Round 6 — training locally…
2026-10-06 00:38:02,108 [INFO] [client-0] Round 6 — sending update…
2026-10-06 00:38:02,111 [INFO] recv 13933B via direct in 353ms
2026-10-06 00:38:02,114 [INFO] [client-9] Round 6 — training locally…
2026-10-06 00:38:02,202 [INFO] [client-9] Round 6 — sending update…
2026-10-06 00:38:02,205 [INFO] recv 13933B via direct in 387ms
2026-10-06 00:38:02,208 [INFO] [client-8] Round 6 — training locally…
2026-10-06 00:38:02,302 [INFO] [client-8] Round 6 — sending update…
2026-10-06 00:38:02,304 [INFO] send 13933B via direct in 686ms (0.16 Mbit/s) to 82f1e3cbbaa2d495
2026-10-06 00:38:02,305 [INFO] send 13933B via direct in 682ms (0.16 Mbit/s) to 70c50c5658b6ac77
2026-10-06 00:38:02,306 [INFO] Round 6 — waiting for 10 updates…
2026-10-06 00:38:02,306 [INFO] recv 13933B via direct in 282ms
2026-10-06 00:38:02,617 [INFO] recv 13933B via direct in 305ms
2026-10-06 00:38:02,636 [INFO] recv 13933B via direct in 323ms
2026-10-06 00:38:02,640 [INFO] recv 13933B via direct in 204ms
2026-10-06 00:38:02,643 [INFO] recv 13933B via direct in 324ms
2026-10-06 00:38:02,646 [INFO] recv 13933B via direct in 325ms
2026-10-06 00:38:02,651 [INFO] recv 13933B via direct in 325ms
2026-10-06 00:38:02,654 [INFO] recv 13933B via direct in 302ms
2026-10-06 00:38:02,657 [INFO] recv 13933B via direct in 324ms
2026-10-06 00:38:02,715 [INFO] send 13933B via direct in 1075ms (0.10 Mbit/s) to 260113b82f0e1fff
2026-10-06 00:38:02,774 [INFO] [client-4] Round 6 done — loss=1.0212 acc=0.4900  1.9s
2026-10-06 00:38:02,776 [INFO] [client-4] Round 7 — receiving model…
2026-10-06 00:38:02,780 [INFO] send 13933B via direct in 3322ms (0.03 Mbit/s) to 260113b82f0e1fff (attempt 2)
2026-10-06 00:38:02,814 [INFO] [client-3] Round 5 done — loss=1.0422 acc=0.4595  4.1s
2026-10-06 00:38:02,815 [INFO] [client-3] Round 6 — receiving model…
2026-10-06 00:38:02,816 [INFO] recv 13933B via direct in 374ms
2026-10-06 00:38:02,819 [INFO] [client-3] Round 6 — training locally…
2026-10-06 00:38:02,907 [INFO] [client-3] Round 6 — sending update…
2026-10-06 00:38:02,909 [INFO] send 13933B via direct in 3231ms (0.03 Mbit/s) to 260113b82f0e1fff (attempt 2)
2026-10-06 00:38:02,925 [INFO] [client-7] Round 5 done — loss=1.0319 acc=0.4540  4.1s
2026-10-06 00:38:02,926 [INFO] [client-7] Round 6 — receiving model…
2026-10-06 00:38:02,927 [INFO] recv 13933B via direct in 371ms
2026-10-06 00:38:02,929 [INFO] [client-7] Round 6 — training locally…
2026-10-06 00:38:03,046 [INFO] [client-7] Round 6 — sending update…
2026-10-06 00:38:03,049 [INFO] send 13933B via direct in 1032ms (0.11 Mbit/s) to 260113b82f0e1fff
2026-10-06 00:38:03,069 [INFO] [client-1] Round 6 done — loss=1.0598 acc=0.4286  2.2s
2026-10-06 00:38:03,070 [INFO] [client-1] Round 7 — receiving model…
2026-10-06 00:38:03,071 [INFO] send 13933B via direct in 939ms (0.12 Mbit/s) to 260113b82f0e1fff
2026-10-06 00:38:03,091 [INFO] [client-6] Round 6 done — loss=1.0209 acc=0.4844  2.2s
2026-10-06 00:38:03,092 [INFO] [client-6] Round 7 — receiving model…
2026-10-06 00:38:03,093 [INFO] send 13933B via direct in 838ms (0.13 Mbit/s) to 260113b82f0e1fff
2026-10-06 00:38:03,117 [INFO] [client-2] Round 6 done — loss=0.9688 acc=0.5151  2.1s
2026-10-06 00:38:03,118 [INFO] [client-2] Round 7 — receiving model…
2026-10-06 00:38:03,119 [INFO] send 13933B via direct in 749ms (0.15 Mbit/s) to 260113b82f0e1fff
2026-10-06 00:38:03,140 [INFO] [client-5] Round 6 done — loss=0.9771 acc=0.5501  2.3s
2026-10-06 00:38:03,141 [INFO] [client-5] Round 7 — receiving model…
2026-10-06 00:38:03,142 [INFO] send 13933B via direct in 668ms (0.17 Mbit/s) to 260113b82f0e1fff
2026-10-06 00:38:03,161 [INFO] [client-0] Round 6 done — loss=1.0517 acc=0.4566  2.2s
2026-10-06 00:38:03,162 [INFO] [client-0] Round 7 — receiving model…
2026-10-06 00:38:03,164 [INFO] recv 13933B via direct in 268ms
2026-10-06 00:38:03,182 [INFO] Round 6/20  acc=0.4431  loss=1.0760  2.2s  clients=10
2026-10-06 00:38:03,183 [INFO] Round 7 — sending model to 10 clients…
2026-10-06 00:38:03,194 [INFO] send 13933B via direct in 959ms (0.12 Mbit/s) to 260113b82f0e1fff
2026-10-06 00:38:03,209 [INFO] [client-9] Round 6 done — loss=1.0154 acc=0.5186  2.4s
2026-10-06 00:38:03,210 [INFO] [client-9] Round 7 — receiving model…
2026-10-06 00:38:03,211 [INFO] send 13933B via direct in 860ms (0.13 Mbit/s) to 260113b82f0e1fff
2026-10-06 00:38:03,225 [INFO] [client-8] Round 6 done — loss=0.7693 acc=0.7115  2.2s
2026-10-06 00:38:03,226 [INFO] [client-8] Round 7 — receiving model…
2026-10-06 00:38:03,623 [INFO] send 13933B via direct in 712ms (0.16 Mbit/s) to 260113b82f0e1fff
2026-10-06 00:38:03,676 [INFO] [client-3] Round 6 done — loss=1.0466 acc=0.4519  0.9s
2026-10-06 00:38:03,678 [INFO] [client-3] Round 7 — receiving model…
2026-10-06 00:38:03,680 [INFO] send 13933B via direct in 631ms (0.18 Mbit/s) to 260113b82f0e1fff
2026-10-06 00:38:03,703 [INFO] [client-7] Round 6 done — loss=1.0326 acc=0.4584  0.8s
2026-10-06 00:38:03,704 [INFO] [client-7] Round 7 — receiving model…
2026-10-06 00:38:03,716 [INFO] recv 13933B via direct in 214ms
2026-10-06 00:38:03,720 [INFO] [client-7] Round 7 — training locally…
2026-10-06 00:38:03,838 [INFO] [client-7] Round 7 — sending update…
2026-10-06 00:38:03,841 [INFO] recv 13933B via direct in 211ms
2026-10-06 00:38:03,844 [INFO] [client-6] Round 7 — training locally…
2026-10-06 00:38:03,940 [INFO] [client-6] Round 7 — sending update…
2026-10-06 00:38:03,952 [INFO] send 13933B via direct in 758ms (0.15 Mbit/s) to 0f9e51b9cf8832d6
2026-10-06 00:38:03,954 [INFO] send 13933B via direct in 757ms (0.15 Mbit/s) to 4fbc06c348e7250e
2026-10-06 00:38:03,956 [INFO] send 13933B via direct in 760ms (0.15 Mbit/s) to 6a94cc8d59461795
2026-10-06 00:38:03,956 [INFO] send 13933B via direct in 755ms (0.15 Mbit/s) to 6d36a26a79f34dda
2026-10-06 00:38:03,957 [INFO] send 13933B via direct in 760ms (0.15 Mbit/s) to af0b206fdfff01f1
2026-10-06 00:38:03,959 [INFO] send 13933B via direct in 758ms (0.15 Mbit/s) to 82f1e3cbbaa2d495
2026-10-06 00:38:03,960 [INFO] send 13933B via direct in 757ms (0.15 Mbit/s) to 6a763a8245f01d71
2026-10-06 00:38:03,961 [INFO] send 13933B via direct in 757ms (0.15 Mbit/s) to 70c50c5658b6ac77
2026-10-06 00:38:03,962 [INFO] send 13933B via direct in 756ms (0.15 Mbit/s) to 17885feeb6c66fd1
2026-10-06 00:38:03,963 [INFO] send 13933B via direct in 756ms (0.15 Mbit/s) to 86e65d1c9f47fc28
2026-10-06 00:38:03,965 [INFO] Round 7 — waiting for 10 updates…
2026-10-06 00:38:03,966 [INFO] recv 13933B via direct in 582ms
2026-10-06 00:38:03,968 [INFO] recv 13933B via direct in 292ms
2026-10-06 00:38:03,970 [INFO] recv 13933B via direct in 201ms
2026-10-06 00:38:03,972 [INFO] recv 13933B via direct in 454ms
2026-10-06 00:38:03,974 [INFO] [client-5] Round 7 — training locally…
2026-10-06 00:38:04,073 [INFO] [client-5] Round 7 — sending update…
2026-10-06 00:38:04,076 [INFO] recv 13933B via direct in 438ms
2026-10-06 00:38:04,079 [INFO] [client-9] Round 7 — training locally…
2026-10-06 00:38:04,166 [INFO] [client-9] Round 7 — sending update…
2026-10-06 00:38:04,169 [INFO] recv 13933B via direct in 453ms
2026-10-06 00:38:04,173 [INFO] [client-8] Round 7 — training locally…
2026-10-06 00:38:04,265 [INFO] [client-8] Round 7 — sending update…
2026-10-06 00:38:04,267 [INFO] recv 13933B via direct in 444ms
2026-10-06 00:38:04,269 [INFO] [client-3] Round 7 — training locally…
2026-10-06 00:38:04,360 [INFO] [client-3] Round 7 — sending update…
2026-10-06 00:38:04,364 [INFO] recv 13933B via direct in 444ms
2026-10-06 00:38:04,367 [INFO] [client-1] Round 7 — training locally…
2026-10-06 00:38:04,476 [INFO] [client-1] Round 7 — sending update…
2026-10-06 00:38:04,479 [INFO] recv 13933B via direct in 444ms
2026-10-06 00:38:04,481 [INFO] [client-0] Round 7 — training locally…
2026-10-06 00:38:04,553 [INFO] [client-0] Round 7 — sending update…
2026-10-06 00:38:04,555 [INFO] recv 13933B via direct in 439ms
2026-10-06 00:38:04,557 [INFO] [client-2] Round 7 — training locally…
2026-10-06 00:38:04,658 [INFO] [client-2] Round 7 — sending update…
2026-10-06 00:38:04,661 [INFO] recv 13933B via direct in 438ms
2026-10-06 00:38:04,665 [INFO] [client-4] Round 7 — training locally…
2026-10-06 00:38:04,763 [INFO] [client-4] Round 7 — sending update…
2026-10-06 00:38:05,090 [INFO] recv 13933B via direct in 310ms
2026-10-06 00:38:05,098 [WARNING] Round 7 — discarding update from unselected/duplicate peer 0f9e51b9cf8832d6
2026-10-06 00:38:05,102 [INFO] recv 13933B via direct in 316ms
2026-10-06 00:38:05,108 [INFO] recv 13933B via direct in 318ms
2026-10-06 00:38:05,113 [INFO] recv 13933B via direct in 319ms
2026-10-06 00:38:05,117 [INFO] recv 13933B via direct in 321ms
2026-10-06 00:38:05,121 [WARNING] Round 7 — discarding update from unselected/duplicate peer af0b206fdfff01f1
2026-10-06 00:38:05,125 [INFO] recv 13933B via direct in 333ms
2026-10-06 00:38:05,129 [WARNING] Round 7 — discarding update from unselected/duplicate peer 82f1e3cbbaa2d495
2026-10-06 00:38:05,133 [INFO] recv 13933B via direct in 324ms
2026-10-06 00:38:05,137 [INFO] recv 13933B via direct in 249ms
2026-10-06 00:38:05,192 [INFO] send 13933B via direct in 1341ms (0.08 Mbit/s) to 260113b82f0e1fff
2026-10-06 00:38:05,236 [INFO] [client-7] Round 7 done — loss=1.0294 acc=0.4578  1.5s
2026-10-06 00:38:05,238 [INFO] [client-7] Round 8 — receiving model…
2026-10-06 00:38:05,240 [INFO] send 13933B via direct in 1243ms (0.09 Mbit/s) to 260113b82f0e1fff
2026-10-06 00:38:05,262 [INFO] [client-6] Round 7 done — loss=1.0098 acc=0.4851  2.2s
2026-10-06 00:38:05,263 [INFO] [client-6] Round 8 — receiving model…
2026-10-06 00:38:05,264 [INFO] recv 13933B via direct in 214ms
2026-10-06 00:38:05,268 [INFO] send 13933B via direct in 1019ms (0.11 Mbit/s) to 260113b82f0e1fff
2026-10-06 00:38:05,291 [INFO] [client-9] Round 7 done — loss=1.0140 acc=0.5284  2.1s
2026-10-06 00:38:05,293 [INFO] [client-9] Round 8 — receiving model…
2026-10-06 00:38:05,294 [INFO] send 13933B via direct in 1113ms (0.10 Mbit/s) to 260113b82f0e1fff
2026-10-06 00:38:05,320 [INFO] [client-5] Round 7 done — loss=0.9775 acc=0.5460  2.2s
2026-10-06 00:38:05,322 [INFO] [client-5] Round 8 — receiving model…
2026-10-06 00:38:05,323 [INFO] send 13933B via direct in 923ms (0.12 Mbit/s) to 260113b82f0e1fff
2026-10-06 00:38:05,346 [INFO] [client-8] Round 7 done — loss=0.7656 acc=0.7129  2.1s
2026-10-06 00:38:05,347 [INFO] [client-8] Round 8 — receiving model…
2026-10-06 00:38:05,348 [INFO] send 13933B via direct in 876ms (0.13 Mbit/s) to 260113b82f0e1fff
2026-10-06 00:38:05,369 [INFO] [client-3] Round 7 done — loss=1.0488 acc=0.4499  1.7s
2026-10-06 00:38:05,370 [INFO] [client-3] Round 8 — receiving model…
2026-10-06 00:38:05,371 [INFO] send 13933B via direct in 761ms (0.15 Mbit/s) to 260113b82f0e1fff
2026-10-06 00:38:05,390 [INFO] [client-1] Round 7 done — loss=1.0614 acc=0.4196  2.3s
2026-10-06 00:38:05,391 [INFO] [client-1] Round 8 — receiving model…
2026-10-06 00:38:05,392 [INFO] send 13933B via direct in 685ms (0.16 Mbit/s) to 260113b82f0e1fff
2026-10-06 00:38:05,409 [INFO] [client-0] Round 7 done — loss=1.0550 acc=0.4536  2.2s
2026-10-06 00:38:05,410 [INFO] [client-0] Round 8 — receiving model…
2026-10-06 00:38:05,413 [INFO] send 13933B via direct in 751ms (0.15 Mbit/s) to 260113b82f0e1fff
2026-10-06 00:38:05,429 [INFO] [client-2] Round 7 done — loss=0.9774 acc=0.5175  2.3s
2026-10-06 00:38:05,430 [INFO] [client-2] Round 8 — receiving model…
2026-10-06 00:38:05,431 [INFO] send 13933B via direct in 646ms (0.17 Mbit/s) to 260113b82f0e1fff
2026-10-06 00:38:05,449 [INFO] [client-4] Round 7 done — loss=1.0185 acc=0.4866  2.7s
2026-10-06 00:38:05,451 [INFO] [client-4] Round 8 — receiving model…
2026-10-06 00:38:05,452 [INFO] recv 13933B via direct in 343ms
2026-10-06 00:38:05,475 [INFO] Round 7/20  acc=0.4690  loss=1.0593  2.3s  clients=10
2026-10-06 00:38:05,476 [INFO] Round 8 — sending model to 10 clients…
2026-10-06 00:38:05,995 [INFO] recv 13933B via direct in 210ms
2026-10-06 00:38:06,025 [INFO] [client-0] Round 8 — training locally…
2026-10-06 00:38:06,202 [INFO] [client-0] Round 8 — sending update…
2026-10-06 00:38:06,216 [INFO] send 13933B via direct in 729ms (0.15 Mbit/s) to 70c50c5658b6ac77
2026-10-06 00:38:06,217 [INFO] send 13933B via direct in 728ms (0.15 Mbit/s) to 0f9e51b9cf8832d6
2026-10-06 00:38:06,219 [INFO] send 13933B via direct in 728ms (0.15 Mbit/s) to 6a763a8245f01d71
2026-10-06 00:38:06,220 [INFO] send 13933B via direct in 724ms (0.15 Mbit/s) to 6d36a26a79f34dda
2026-10-06 00:38:06,221 [INFO] send 13933B via direct in 728ms (0.15 Mbit/s) to 4fbc06c348e7250e
2026-10-06 00:38:06,222 [INFO] send 13933B via direct in 728ms (0.15 Mbit/s) to 82f1e3cbbaa2d495
2026-10-06 00:38:06,223 [INFO] send 13933B via direct in 728ms (0.15 Mbit/s) to 17885feeb6c66fd1
2026-10-06 00:38:06,224 [INFO] send 13933B via direct in 727ms (0.15 Mbit/s) to 6a94cc8d59461795
2026-10-06 00:38:06,225 [INFO] send 13933B via direct in 727ms (0.15 Mbit/s) to af0b206fdfff01f1
2026-10-06 00:38:06,226 [INFO] send 13933B via direct in 727ms (0.15 Mbit/s) to 86e65d1c9f47fc28
2026-10-06 00:38:06,228 [INFO] recv 13933B via direct in 416ms
2026-10-06 00:38:06,230 [INFO] [client-3] Round 8 — training locally…
2026-10-06 00:38:06,390 [INFO] [client-3] Round 8 — sending update…
2026-10-06 00:38:06,393 [INFO] recv 13933B via direct in 410ms
2026-10-06 00:38:06,398 [INFO] [client-2] Round 8 — training locally…
2026-10-06 00:38:06,512 [INFO] [client-2] Round 8 — sending update…
2026-10-06 00:38:06,514 [INFO] recv 13933B via direct in 410ms
2026-10-06 00:38:06,516 [INFO] [client-5] Round 8 — training locally…
2026-10-06 00:38:06,626 [INFO] [client-5] Round 8 — sending update…
2026-10-06 00:38:06,628 [INFO] recv 13933B via direct in 410ms
2026-10-06 00:38:06,631 [INFO] [client-8] Round 8 — training locally…
2026-10-06 00:38:06,770 [INFO] [client-8] Round 8 — sending update…
2026-10-06 00:38:06,772 [INFO] recv 13933B via direct in 410ms
2026-10-06 00:38:06,774 [INFO] [client-4] Round 8 — training locally…
2026-10-06 00:38:06,902 [INFO] [client-4] Round 8 — sending update…
2026-10-06 00:38:06,905 [INFO] recv 13933B via direct in 404ms
2026-10-06 00:38:06,907 [INFO] [client-9] Round 8 — training locally…
2026-10-06 00:38:07,020 [INFO] [client-9] Round 8 — sending update…
2026-10-06 00:38:07,024 [INFO] recv 13933B via direct in 430ms
2026-10-06 00:38:07,027 [INFO] [client-7] Round 8 — training locally…
2026-10-06 00:38:07,143 [INFO] [client-7] Round 8 — sending update…
2026-10-06 00:38:07,147 [INFO] recv 13933B via direct in 427ms
2026-10-06 00:38:07,150 [INFO] [client-1] Round 8 — training locally…
2026-10-06 00:38:07,266 [INFO] [client-1] Round 8 — sending update…
2026-10-06 00:38:07,269 [INFO] recv 13933B via direct in 425ms
2026-10-06 00:38:07,273 [INFO] [client-6] Round 8 — training locally…
2026-10-06 00:38:07,382 [INFO] [client-6] Round 8 — sending update…
2026-10-06 00:38:07,385 [INFO] Round 8 — waiting for 10 updates…
2026-10-06 00:38:07,696 [INFO] recv 13933B via direct in 305ms
2026-10-06 00:38:07,706 [INFO] recv 13933B via direct in 314ms
2026-10-06 00:38:07,709 [INFO] recv 13933B via direct in 314ms
2026-10-06 00:38:07,712 [INFO] recv 13933B via direct in 314ms
2026-10-06 00:38:07,716 [INFO] recv 13933B via direct in 315ms
2026-10-06 00:38:07,720 [INFO] recv 13933B via direct in 315ms
2026-10-06 00:38:07,724 [INFO] recv 13933B via direct in 327ms
2026-10-06 00:38:07,727 [INFO] recv 13933B via direct in 273ms
2026-10-06 00:38:07,792 [INFO] recv 13933B via direct in 214ms
2026-10-06 00:38:07,810 [INFO] send 13933B via direct in 1602ms (0.07 Mbit/s) to 260113b82f0e1fff
2026-10-06 00:38:07,849 [INFO] [client-0] Round 8 done — loss=1.0542 acc=0.4540  2.4s
2026-10-06 00:38:07,850 [INFO] [client-0] Round 9 — receiving model…
2026-10-06 00:38:07,851 [INFO] send 13933B via direct in 1414ms (0.08 Mbit/s) to 260113b82f0e1fff
2026-10-06 00:38:07,866 [INFO] [client-3] Round 8 done — loss=1.0419 acc=0.4595  2.5s
2026-10-06 00:38:07,867 [INFO] [client-3] Round 9 — receiving model…
2026-10-06 00:38:07,868 [INFO] send 13933B via direct in 1294ms (0.09 Mbit/s) to 260113b82f0e1fff
2026-10-06 00:38:07,885 [INFO] [client-2] Round 8 done — loss=0.9693 acc=0.5155  2.5s
2026-10-06 00:38:07,886 [INFO] [client-2] Round 9 — receiving model…
2026-10-06 00:38:07,887 [INFO] send 13933B via direct in 1180ms (0.09 Mbit/s) to 260113b82f0e1fff
2026-10-06 00:38:07,906 [INFO] [client-5] Round 8 done — loss=0.9742 acc=0.5515  2.6s
2026-10-06 00:38:07,907 [INFO] [client-5] Round 9 — receiving model…
2026-10-06 00:38:07,908 [INFO] send 13933B via direct in 1037ms (0.11 Mbit/s) to 260113b82f0e1fff
2026-10-06 00:38:07,922 [INFO] [client-8] Round 8 done — loss=0.7636 acc=0.7078  2.6s
2026-10-06 00:38:07,923 [INFO] [client-8] Round 9 — receiving model…
2026-10-06 00:38:07,925 [INFO] send 13933B via direct in 905ms (0.12 Mbit/s) to 260113b82f0e1fff
2026-10-06 00:38:07,942 [INFO] [client-4] Round 8 done — loss=1.0172 acc=0.5024  2.5s
2026-10-06 00:38:07,942 [INFO] [client-4] Round 9 — receiving model…
2026-10-06 00:38:07,944 [INFO] send 13933B via direct in 663ms (0.17 Mbit/s) to 260113b82f0e1fff
2026-10-06 00:38:07,959 [INFO] [client-7] Round 8 done — loss=1.0336 acc=0.4516  2.7s
2026-10-06 00:38:07,960 [INFO] [client-7] Round 9 — receiving model…
2026-10-06 00:38:07,961 [INFO] send 13933B via direct in 786ms (0.14 Mbit/s) to 260113b82f0e1fff
2026-10-06 00:38:07,984 [INFO] [client-9] Round 8 done — loss=1.0151 acc=0.5193  2.7s
2026-10-06 00:38:07,985 [INFO] [client-9] Round 9 — receiving model…
2026-10-06 00:38:07,987 [INFO] send 13933B via direct in 717ms (0.16 Mbit/s) to 260113b82f0e1fff
2026-10-06 00:38:08,010 [INFO] [client-1] Round 8 done — loss=1.0618 acc=0.4210  2.6s
2026-10-06 00:38:08,011 [INFO] [client-1] Round 9 — receiving model…
2026-10-06 00:38:08,013 [INFO] recv 13933B via direct in 296ms
2026-10-06 00:38:08,041 [INFO] Round 8/20  acc=0.4566  loss=1.0687  2.6s  clients=10
2026-10-06 00:38:08,042 [INFO] Round 9 — sending model to 10 clients…
2026-10-06 00:38:08,054 [INFO] send 13933B via direct in 628ms (0.18 Mbit/s) to 260113b82f0e1fff
2026-10-06 00:38:08,076 [INFO] [client-6] Round 8 done — loss=1.0150 acc=0.4868  2.8s
2026-10-06 00:38:08,077 [INFO] [client-6] Round 9 — receiving model…
2026-10-06 00:38:08,585 [INFO] recv 13933B via direct in 233ms
2026-10-06 00:38:08,589 [INFO] [client-7] Round 9 — training locally…
2026-10-06 00:38:08,719 [INFO] [client-7] Round 9 — sending update…
2026-10-06 00:38:08,728 [INFO] send 13933B via direct in 678ms (0.16 Mbit/s) to 0f9e51b9cf8832d6
2026-10-06 00:38:08,729 [INFO] send 13933B via direct in 674ms (0.17 Mbit/s) to af0b206fdfff01f1
2026-10-06 00:38:08,731 [INFO] send 13933B via direct in 672ms (0.17 Mbit/s) to 4fbc06c348e7250e
2026-10-06 00:38:08,732 [INFO] send 13933B via direct in 672ms (0.17 Mbit/s) to 6a763a8245f01d71
2026-10-06 00:38:08,734 [INFO] send 13933B via direct in 671ms (0.17 Mbit/s) to 6d36a26a79f34dda
2026-10-06 00:38:08,735 [INFO] send 13933B via direct in 670ms (0.17 Mbit/s) to 70c50c5658b6ac77
2026-10-06 00:38:08,737 [INFO] send 13933B via direct in 677ms (0.17 Mbit/s) to 86e65d1c9f47fc28
2026-10-06 00:38:08,738 [INFO] send 13933B via direct in 675ms (0.17 Mbit/s) to 6a94cc8d59461795
2026-10-06 00:38:08,739 [INFO] send 13933B via direct in 673ms (0.17 Mbit/s) to 17885feeb6c66fd1
2026-10-06 00:38:08,740 [INFO] send 13933B via direct in 671ms (0.17 Mbit/s) to 82f1e3cbbaa2d495
2026-10-06 00:38:08,741 [INFO] recv 13933B via direct in 369ms
2026-10-06 00:38:08,744 [INFO] [client-4] Round 9 — training locally…
2026-10-06 00:38:08,851 [INFO] [client-4] Round 9 — sending update…
2026-10-06 00:38:08,853 [INFO] recv 13933B via direct in 366ms
2026-10-06 00:38:08,855 [INFO] [client-5] Round 9 — training locally…
2026-10-06 00:38:08,948 [INFO] [client-5] Round 9 — sending update…
2026-10-06 00:38:08,952 [INFO] recv 13933B via direct in 364ms
2026-10-06 00:38:08,955 [INFO] [client-8] Round 9 — training locally…
2026-10-06 00:38:09,072 [INFO] [client-8] Round 9 — sending update…
2026-10-06 00:38:09,076 [INFO] recv 13933B via direct in 358ms
2026-10-06 00:38:09,080 [INFO] [client-2] Round 9 — training locally…
2026-10-06 00:38:09,194 [INFO] [client-2] Round 9 — sending update…
2026-10-06 00:38:09,196 [INFO] recv 13933B via direct in 353ms
2026-10-06 00:38:09,199 [INFO] [client-6] Round 9 — training locally…
2026-10-06 00:38:09,302 [INFO] [client-6] Round 9 — sending update…
2026-10-06 00:38:09,305 [INFO] recv 13933B via direct in 352ms
2026-10-06 00:38:09,309 [INFO] [client-1] Round 9 — training locally…
2026-10-06 00:38:09,397 [INFO] [client-1] Round 9 — sending update…
2026-10-06 00:38:09,400 [INFO] recv 13933B via direct in 350ms
2026-10-06 00:38:09,402 [INFO] [client-3] Round 9 — training locally…
2026-10-06 00:38:09,503 [INFO] [client-3] Round 9 — sending update…
2026-10-06 00:38:09,505 [INFO] recv 13933B via direct in 345ms
2026-10-06 00:38:09,509 [INFO] [client-9] Round 9 — training locally…
2026-10-06 00:38:09,604 [INFO] [client-9] Round 9 — sending update…
2026-10-06 00:38:09,608 [INFO] recv 13933B via direct in 345ms
2026-10-06 00:38:09,612 [INFO] [client-0] Round 9 — training locally…
2026-10-06 00:38:09,692 [INFO] [client-0] Round 9 — sending update…
2026-10-06 00:38:09,695 [INFO] Round 9 — waiting for 10 updates…
2026-10-06 00:38:10,031 [INFO] recv 13933B via direct in 320ms
2026-10-06 00:38:10,050 [INFO] recv 13933B via direct in 323ms
2026-10-06 00:38:10,057 [INFO] recv 13933B via direct in 331ms
2026-10-06 00:38:10,060 [INFO] recv 13933B via direct in 332ms
2026-10-06 00:38:10,063 [INFO] recv 13933B via direct in 332ms
2026-10-06 00:38:10,071 [INFO] recv 13933B via direct in 333ms
2026-10-06 00:38:10,074 [INFO] recv 13933B via direct in 335ms
2026-10-06 00:38:10,078 [INFO] recv 13933B via direct in 239ms
2026-10-06 00:38:10,117 [INFO] send 13933B via direct in 1393ms (0.08 Mbit/s) to 260113b82f0e1fff
2026-10-06 00:38:10,199 [INFO] [client-7] Round 9 done — loss=1.0301 acc=0.4461  2.2s
2026-10-06 00:38:10,200 [INFO] [client-7] Round 10 — receiving model…
2026-10-06 00:38:10,201 [INFO] send 13933B via direct in 1262ms (0.09 Mbit/s) to 260113b82f0e1fff
2026-10-06 00:38:10,218 [INFO] [client-4] Round 9 done — loss=1.0136 acc=0.4948  2.3s
2026-10-06 00:38:10,219 [INFO] [client-4] Round 10 — receiving model…
2026-10-06 00:38:10,223 [INFO] send 13933B via direct in 1145ms (0.10 Mbit/s) to 260113b82f0e1fff
2026-10-06 00:38:10,241 [INFO] [client-8] Round 9 done — loss=0.7714 acc=0.7112  2.3s
2026-10-06 00:38:10,242 [INFO] [client-8] Round 10 — receiving model…
2026-10-06 00:38:10,243 [INFO] send 13933B via direct in 1269ms (0.09 Mbit/s) to 260113b82f0e1fff
2026-10-06 00:38:10,259 [INFO] [client-5] Round 9 done — loss=0.9783 acc=0.5467  2.4s
2026-10-06 00:38:10,260 [INFO] [client-5] Round 10 — receiving model…
2026-10-06 00:38:10,261 [INFO] send 13933B via direct in 1025ms (0.11 Mbit/s) to 260113b82f0e1fff
2026-10-06 00:38:10,279 [INFO] [client-2] Round 9 done — loss=0.9642 acc=0.5220  2.4s
2026-10-06 00:38:10,280 [INFO] [client-2] Round 10 — receiving model…
2026-10-06 00:38:10,281 [INFO] send 13933B via direct in 916ms (0.12 Mbit/s) to 260113b82f0e1fff
2026-10-06 00:38:10,304 [INFO] [client-6] Round 9 done — loss=1.0158 acc=0.4847  2.2s
2026-10-06 00:38:10,305 [INFO] [client-6] Round 10 — receiving model…
2026-10-06 00:38:10,306 [INFO] send 13933B via direct in 822ms (0.14 Mbit/s) to 260113b82f0e1fff
2026-10-06 00:38:10,326 [INFO] [client-1] Round 9 done — loss=1.0614 acc=0.4286  2.3s
2026-10-06 00:38:10,327 [INFO] [client-1] Round 10 — receiving model…
2026-10-06 00:38:10,328 [INFO] send 13933B via direct in 717ms (0.16 Mbit/s) to 260113b82f0e1fff
2026-10-06 00:38:10,345 [INFO] [client-3] Round 9 done — loss=1.0429 acc=0.4609  2.5s
2026-10-06 00:38:10,346 [INFO] [client-3] Round 10 — receiving model…
2026-10-06 00:38:10,347 [INFO] recv 13933B via direct in 308ms
2026-10-06 00:38:10,349 [INFO] recv 13933B via direct in 222ms
2026-10-06 00:38:10,368 [INFO] Round 9/20  acc=0.4645  loss=1.0613  2.3s  clients=10
2026-10-06 00:38:10,369 [INFO] Round 10 — sending model to 10 clients…
2026-10-06 00:38:10,378 [INFO] send 13933B via direct in 742ms (0.15 Mbit/s) to 260113b82f0e1fff
2026-10-06 00:38:10,392 [INFO] [client-9] Round 9 done — loss=1.0110 acc=0.5179  2.4s
2026-10-06 00:38:10,393 [INFO] [client-9] Round 10 — receiving model…
2026-10-06 00:38:10,393 [INFO] send 13933B via direct in 655ms (0.17 Mbit/s) to 260113b82f0e1fff
2026-10-06 00:38:10,407 [INFO] [client-0] Round 9 done — loss=1.0545 acc=0.4466  2.6s
2026-10-06 00:38:10,408 [INFO] [client-0] Round 10 — receiving model…
2026-10-06 00:38:10,888 [INFO] recv 13933B via direct in 209ms
2026-10-06 00:38:10,891 [INFO] [client-1] Round 10 — training locally…
2026-10-06 00:38:10,991 [INFO] [client-1] Round 10 — sending update…
2026-10-06 00:38:11,000 [INFO] send 13933B via direct in 623ms (0.18 Mbit/s) to 6a763a8245f01d71
2026-10-06 00:38:11,004 [INFO] recv 13933B via direct in 303ms
2026-10-06 00:38:11,006 [INFO] [client-0] Round 10 — training locally…
2026-10-06 00:38:11,079 [INFO] [client-0] Round 10 — sending update…
2026-10-06 00:38:11,081 [INFO] recv 13933B via direct in 301ms
2026-10-06 00:38:11,083 [INFO] [client-7] Round 10 — training locally…
2026-10-06 00:38:11,174 [INFO] [client-7] Round 10 — sending update…
2026-10-06 00:38:11,177 [INFO] recv 13933B via direct in 301ms
2026-10-06 00:38:11,180 [INFO] [client-5] Round 10 — training locally…
2026-10-06 00:38:11,268 [INFO] [client-5] Round 10 — sending update…
2026-10-06 00:38:11,271 [INFO] recv 13933B via direct in 301ms
2026-10-06 00:38:11,274 [INFO] [client-3] Round 10 — training locally…
2026-10-06 00:38:11,363 [INFO] [client-3] Round 10 — sending update…
2026-10-06 00:38:11,366 [INFO] recv 13933B via direct in 298ms
2026-10-06 00:38:11,370 [INFO] [client-4] Round 10 — training locally…
2026-10-06 00:38:11,464 [INFO] [client-4] Round 10 — sending update…
2026-10-06 00:38:11,466 [INFO] recv 13933B via direct in 318ms
2026-10-06 00:38:11,468 [INFO] [client-6] Round 10 — training locally…
2026-10-06 00:38:11,565 [INFO] [client-6] Round 10 — sending update…
2026-10-06 00:38:11,567 [INFO] recv 13933B via direct in 314ms
2026-10-06 00:38:11,570 [INFO] [client-9] Round 10 — training locally…
2026-10-06 00:38:11,663 [INFO] [client-9] Round 10 — sending update…
2026-10-06 00:38:11,667 [INFO] recv 13933B via direct in 321ms
2026-10-06 00:38:11,670 [INFO] [client-8] Round 10 — training locally…
2026-10-06 00:38:11,757 [INFO] [client-8] Round 10 — sending update…
2026-10-06 00:38:11,761 [INFO] recv 13933B via direct in 310ms
2026-10-06 00:38:11,764 [INFO] [client-2] Round 10 — training locally…
2026-10-06 00:38:11,857 [INFO] [client-2] Round 10 — sending update…
2026-10-06 00:38:11,876 [INFO] send 13933B via direct in 1487ms (0.08 Mbit/s) to 4fbc06c348e7250e
2026-10-06 00:38:11,877 [INFO] send 13933B via direct in 1486ms (0.08 Mbit/s) to 17885feeb6c66fd1
2026-10-06 00:38:11,878 [INFO] send 13933B via direct in 1486ms (0.08 Mbit/s) to 70c50c5658b6ac77
2026-10-06 00:38:11,882 [INFO] send 13933B via direct in 1484ms (0.08 Mbit/s) to 82f1e3cbbaa2d495
2026-10-06 00:38:11,883 [INFO] send 13933B via direct in 1486ms (0.08 Mbit/s) to 6d36a26a79f34dda
2026-10-06 00:38:11,884 [INFO] send 13933B via direct in 1489ms (0.08 Mbit/s) to af0b206fdfff01f1
2026-10-06 00:38:11,886 [INFO] send 13933B via direct in 1485ms (0.08 Mbit/s) to 0f9e51b9cf8832d6
2026-10-06 00:38:11,886 [INFO] send 13933B via direct in 1485ms (0.08 Mbit/s) to 6a94cc8d59461795
2026-10-06 00:38:11,887 [INFO] send 13933B via direct in 1484ms (0.08 Mbit/s) to 86e65d1c9f47fc28
2026-10-06 00:38:11,890 [INFO] Round 10 — waiting for 10 updates…
2026-10-06 00:38:12,174 [INFO] recv 13933B via direct in 311ms
2026-10-06 00:38:12,187 [INFO] recv 13933B via direct in 322ms
2026-10-06 00:38:12,191 [INFO] recv 13933B via direct in 323ms
2026-10-06 00:38:12,194 [INFO] recv 13933B via direct in 323ms
2026-10-06 00:38:12,197 [INFO] recv 13933B via direct in 323ms
2026-10-06 00:38:12,202 [INFO] recv 13933B via direct in 310ms
2026-10-06 00:38:12,207 [INFO] recv 13933B via direct in 299ms
2026-10-06 00:38:12,212 [INFO] recv 13933B via direct in 231ms
2026-10-06 00:38:12,273 [INFO] send 13933B via direct in 1279ms (0.09 Mbit/s) to 260113b82f0e1fff
2026-10-06 00:38:12,405 [INFO] [client-1] Round 10 done — loss=1.0596 acc=0.4152  2.1s
2026-10-06 00:38:12,408 [INFO] [client-1] Round 11 — receiving model…
2026-10-06 00:38:12,413 [INFO] send 13933B via direct in 1328ms (0.08 Mbit/s) to 260113b82f0e1fff
2026-10-06 00:38:12,433 [INFO] [client-0] Round 10 done — loss=1.0497 acc=0.4622  2.0s
2026-10-06 00:38:12,436 [INFO] [client-0] Round 11 — receiving model…
2026-10-06 00:38:12,437 [INFO] send 13933B via direct in 1232ms (0.09 Mbit/s) to 260113b82f0e1fff
2026-10-06 00:38:12,456 [INFO] [client-7] Round 10 done — loss=1.0329 acc=0.4409  2.3s
2026-10-06 00:38:12,457 [INFO] [client-7] Round 11 — receiving model…
2026-10-06 00:38:12,459 [INFO] send 13933B via direct in 1139ms (0.10 Mbit/s) to 260113b82f0e1fff
2026-10-06 00:38:12,480 [INFO] [client-5] Round 10 done — loss=0.9717 acc=0.5601  2.2s
2026-10-06 00:38:12,482 [INFO] [client-5] Round 11 — receiving model…
2026-10-06 00:38:12,483 [INFO] send 13933B via direct in 1044ms (0.11 Mbit/s) to 260113b82f0e1fff
2026-10-06 00:38:12,505 [INFO] [client-3] Round 10 done — loss=1.0447 acc=0.4485  2.2s
2026-10-06 00:38:12,506 [INFO] [client-3] Round 11 — receiving model…
2026-10-06 00:38:12,507 [INFO] send 13933B via direct in 944ms (0.12 Mbit/s) to 260113b82f0e1fff
2026-10-06 00:38:12,527 [INFO] [client-4] Round 10 done — loss=1.0137 acc=0.4959  2.3s
2026-10-06 00:38:12,528 [INFO] [client-4] Round 11 — receiving model…
2026-10-06 00:38:12,529 [INFO] send 13933B via direct in 844ms (0.13 Mbit/s) to 260113b82f0e1fff
2026-10-06 00:38:12,548 [INFO] [client-6] Round 10 done — loss=1.0158 acc=0.4931  2.2s
2026-10-06 00:38:12,549 [INFO] [client-6] Round 11 — receiving model…
2026-10-06 00:38:12,550 [INFO] send 13933B via direct in 745ms (0.15 Mbit/s) to 260113b82f0e1fff
2026-10-06 00:38:12,565 [INFO] [client-9] Round 10 done — loss=1.0146 acc=0.5165  2.2s
2026-10-06 00:38:12,566 [INFO] [client-9] Round 11 — receiving model…
2026-10-06 00:38:12,567 [INFO] send 13933B via direct in 652ms (0.17 Mbit/s) to 260113b82f0e1fff
2026-10-06 00:38:12,585 [INFO] [client-8] Round 10 done — loss=0.7680 acc=0.7081  2.3s
2026-10-06 00:38:12,586 [INFO] [client-8] Round 11 — receiving model…
2026-10-06 00:38:12,587 [INFO] recv 13933B via direct in 342ms
2026-10-06 00:38:12,590 [INFO] recv 13933B via direct in 247ms
2026-10-06 00:38:12,610 [INFO] Round 10/20  acc=0.4561  loss=1.0701  2.2s  clients=10
2026-10-06 00:38:12,611 [INFO] Round 11 — sending model to 10 clients…
2026-10-06 00:38:12,622 [INFO] send 13933B via direct in 731ms (0.15 Mbit/s) to 260113b82f0e1fff
2026-10-06 00:38:12,722 [INFO] [client-2] Round 10 done — loss=0.9612 acc=0.5278  2.4s
2026-10-06 00:38:12,723 [INFO] [client-2] Round 11 — receiving model…
2026-10-06 00:38:13,149 [INFO] recv 13933B via direct in 226ms
2026-10-06 00:38:13,152 [INFO] [client-5] Round 11 — training locally…
2026-10-06 00:38:13,250 [INFO] [client-5] Round 11 — sending update…
2026-10-06 00:38:13,252 [INFO] recv 13933B via direct in 220ms
2026-10-06 00:38:13,256 [INFO] [client-9] Round 11 — training locally…
2026-10-06 00:38:13,348 [INFO] [client-9] Round 11 — sending update…
2026-10-06 00:38:13,351 [INFO] recv 13933B via direct in 218ms
2026-10-06 00:38:13,354 [INFO] [client-6] Round 11 — training locally…
2026-10-06 00:38:13,446 [INFO] [client-6] Round 11 — sending update…
2026-10-06 00:38:13,455 [INFO] send 13933B via direct in 836ms (0.13 Mbit/s) to 6a94cc8d59461795
2026-10-06 00:38:13,456 [INFO] send 13933B via direct in 832ms (0.13 Mbit/s) to 70c50c5658b6ac77
2026-10-06 00:38:13,457 [INFO] send 13933B via direct in 832ms (0.13 Mbit/s) to 86e65d1c9f47fc28
2026-10-06 00:38:13,457 [INFO] send 13933B via direct in 831ms (0.13 Mbit/s) to 0f9e51b9cf8832d6
2026-10-06 00:38:13,458 [INFO] send 13933B via direct in 831ms (0.13 Mbit/s) to 6a763a8245f01d71
2026-10-06 00:38:13,460 [INFO] send 13933B via direct in 830ms (0.13 Mbit/s) to 17885feeb6c66fd1
2026-10-06 00:38:13,461 [INFO] send 13933B via direct in 829ms (0.13 Mbit/s) to af0b206fdfff01f1
2026-10-06 00:38:13,462 [INFO] recv 13933B via direct in 527ms
2026-10-06 00:38:13,464 [INFO] [client-3] Round 11 — training locally…
2026-10-06 00:38:13,558 [INFO] [client-3] Round 11 — sending update…
2026-10-06 00:38:13,560 [INFO] recv 13933B via direct in 519ms
2026-10-06 00:38:13,564 [INFO] [client-0] Round 11 — training locally…
2026-10-06 00:38:13,635 [INFO] [client-0] Round 11 — sending update…
2026-10-06 00:38:13,639 [INFO] recv 13933B via direct in 518ms
2026-10-06 00:38:13,642 [INFO] [client-4] Round 11 — training locally…
2026-10-06 00:38:13,745 [INFO] [client-4] Round 11 — sending update…
2026-10-06 00:38:13,747 [INFO] recv 13933B via direct in 514ms
2026-10-06 00:38:13,751 [INFO] [client-7] Round 11 — training locally…
2026-10-06 00:38:13,841 [INFO] [client-7] Round 11 — sending update…
2026-10-06 00:38:13,845 [INFO] recv 13933B via direct in 513ms
2026-10-06 00:38:13,848 [INFO] [client-1] Round 11 — training locally…
2026-10-06 00:38:13,945 [INFO] [client-1] Round 11 — sending update…
2026-10-06 00:38:13,947 [INFO] recv 13933B via direct in 508ms
2026-10-06 00:38:13,949 [INFO] [client-2] Round 11 — training locally…
2026-10-06 00:38:14,035 [INFO] [client-2] Round 11 — sending update…
2026-10-06 00:38:14,038 [INFO] send 13933B via direct in 833ms (0.13 Mbit/s) to 6d36a26a79f34dda
2026-10-06 00:38:14,039 [INFO] send 13933B via direct in 832ms (0.13 Mbit/s) to 4fbc06c348e7250e
2026-10-06 00:38:14,040 [INFO] send 13933B via direct in 834ms (0.13 Mbit/s) to 82f1e3cbbaa2d495
2026-10-06 00:38:14,041 [INFO] recv 13933B via direct in 508ms
2026-10-06 00:38:14,044 [INFO] [client-8] Round 11 — training locally…
2026-10-06 00:38:14,159 [INFO] [client-8] Round 11 — sending update…
2026-10-06 00:38:14,164 [INFO] Round 11 — waiting for 10 updates…
2026-10-06 00:38:14,479 [INFO] recv 13933B via direct in 305ms
2026-10-06 00:38:14,488 [INFO] recv 13933B via direct in 311ms
2026-10-06 00:38:14,492 [INFO] recv 13933B via direct in 312ms
2026-10-06 00:38:14,498 [INFO] recv 13933B via direct in 320ms
2026-10-06 00:38:14,502 [INFO] recv 13933B via direct in 330ms
2026-10-06 00:38:14,505 [INFO] recv 13933B via direct in 246ms
2026-10-06 00:38:14,508 [INFO] recv 13933B via direct in 321ms
2026-10-06 00:38:14,513 [INFO] recv 13933B via direct in 322ms
2026-10-06 00:38:14,552 [INFO] recv 13933B via direct in 208ms
2026-10-06 00:38:14,567 [INFO] send 13933B via direct in 1315ms (0.08 Mbit/s) to 260113b82f0e1fff
2026-10-06 00:38:14,592 [INFO] [client-5] Round 11 done — loss=0.9713 acc=0.5539  2.1s
2026-10-06 00:38:14,593 [INFO] [client-5] Round 12 — receiving model…
2026-10-06 00:38:14,597 [INFO] send 13933B via direct in 1244ms (0.09 Mbit/s) to 260113b82f0e1fff
2026-10-06 00:38:14,620 [INFO] [client-9] Round 11 done — loss=1.0085 acc=0.5253  2.1s
2026-10-06 00:38:14,621 [INFO] [client-9] Round 12 — receiving model…
2026-10-06 00:38:14,623 [INFO] send 13933B via direct in 1147ms (0.10 Mbit/s) to 260113b82f0e1fff
2026-10-06 00:38:14,645 [INFO] [client-6] Round 11 done — loss=1.0131 acc=0.4948  2.1s
2026-10-06 00:38:14,646 [INFO] [client-6] Round 12 — receiving model…
2026-10-06 00:38:14,647 [INFO] send 13933B via direct in 1036ms (0.11 Mbit/s) to 260113b82f0e1fff
2026-10-06 00:38:14,664 [INFO] [client-3] Round 11 done — loss=1.0451 acc=0.4492  2.2s
2026-10-06 00:38:14,665 [INFO] [client-3] Round 12 — receiving model…
2026-10-06 00:38:14,666 [INFO] send 13933B via direct in 958ms (0.12 Mbit/s) to 260113b82f0e1fff
2026-10-06 00:38:14,680 [INFO] [client-0] Round 11 done — loss=1.0507 acc=0.4570  2.2s
2026-10-06 00:38:14,681 [INFO] [client-0] Round 12 — receiving model…
2026-10-06 00:38:14,682 [INFO] send 13933B via direct in 849ms (0.13 Mbit/s) to 260113b82f0e1fff
2026-10-06 00:38:14,702 [INFO] [client-4] Round 11 done — loss=1.0202 acc=0.4945  2.2s
2026-10-06 00:38:14,703 [INFO] [client-4] Round 12 — receiving model…
2026-10-06 00:38:14,704 [INFO] send 13933B via direct in 752ms (0.15 Mbit/s) to 260113b82f0e1fff
2026-10-06 00:38:14,720 [INFO] [client-7] Round 11 done — loss=1.0318 acc=0.4468  2.3s
2026-10-06 00:38:14,721 [INFO] [client-7] Round 12 — receiving model…
2026-10-06 00:38:14,722 [INFO] send 13933B via direct in 650ms (0.17 Mbit/s) to 260113b82f0e1fff
2026-10-06 00:38:14,742 [INFO] [client-1] Round 11 done — loss=1.0612 acc=0.4162  2.3s
2026-10-06 00:38:14,744 [INFO] [client-1] Round 12 — receiving model…
2026-10-06 00:38:14,746 [INFO] send 13933B via direct in 708ms (0.16 Mbit/s) to 260113b82f0e1fff
2026-10-06 00:38:14,763 [INFO] [client-2] Round 11 done — loss=0.9614 acc=0.5206  2.0s
2026-10-06 00:38:14,764 [INFO] [client-2] Round 12 — receiving model…
2026-10-06 00:38:14,765 [INFO] recv 13933B via direct in 277ms
2026-10-06 00:38:14,792 [INFO] Round 11/20  acc=0.4589  loss=1.0688  2.2s  clients=10
2026-10-06 00:38:14,793 [INFO] Round 12 — sending model to 10 clients…
2026-10-06 00:38:14,802 [INFO] send 13933B via direct in 639ms (0.17 Mbit/s) to 260113b82f0e1fff
2026-10-06 00:38:14,817 [INFO] [client-8] Round 11 done — loss=0.7638 acc=0.7136  2.2s
2026-10-06 00:38:14,818 [INFO] [client-8] Round 12 — receiving model…
2026-10-06 00:38:15,349 [INFO] recv 13933B via direct in 227ms
2026-10-06 00:38:15,360 [INFO] [client-4] Round 12 — training locally…
2026-10-06 00:38:15,509 [INFO] [client-4] Round 12 — sending update…
2026-10-06 00:38:15,514 [INFO] recv 13933B via direct in 227ms
2026-10-06 00:38:15,517 [INFO] [client-5] Round 12 — training locally…
2026-10-06 00:38:15,612 [INFO] [client-5] Round 12 — sending update…
2026-10-06 00:38:15,617 [INFO] recv 13933B via direct in 235ms
2026-10-06 00:38:15,620 [INFO] [client-0] Round 12 — training locally…
2026-10-06 00:38:15,691 [INFO] [client-0] Round 12 — sending update…
2026-10-06 00:38:15,697 [INFO] recv 13933B via direct in 390ms
2026-10-06 00:38:15,699 [INFO] [client-3] Round 12 — training locally…
2026-10-06 00:38:15,794 [INFO] [client-3] Round 12 — sending update…
2026-10-06 00:38:15,797 [INFO] recv 13933B via direct in 389ms
2026-10-06 00:38:15,800 [INFO] [client-1] Round 12 — training locally…
2026-10-06 00:38:15,894 [INFO] [client-1] Round 12 — sending update…
2026-10-06 00:38:15,897 [INFO] recv 13933B via direct in 396ms
2026-10-06 00:38:15,901 [INFO] [client-7] Round 12 — training locally…
2026-10-06 00:38:16,003 [INFO] [client-7] Round 12 — sending update…
2026-10-06 00:38:16,006 [INFO] send 13933B via direct in 820ms (0.14 Mbit/s) to 86e65d1c9f47fc28
2026-10-06 00:38:16,007 [INFO] send 13933B via direct in 819ms (0.14 Mbit/s) to 6a94cc8d59461795
2026-10-06 00:38:16,008 [INFO] send 13933B via direct in 819ms (0.14 Mbit/s) to 70c50c5658b6ac77
2026-10-06 00:38:16,009 [INFO] send 13933B via direct in 817ms (0.14 Mbit/s) to 82f1e3cbbaa2d495
2026-10-06 00:38:16,010 [INFO] send 13933B via direct in 816ms (0.14 Mbit/s) to 6a763a8245f01d71
2026-10-06 00:38:16,011 [INFO] send 13933B via direct in 819ms (0.14 Mbit/s) to 0f9e51b9cf8832d6
2026-10-06 00:38:16,012 [INFO] send 13933B via direct in 818ms (0.14 Mbit/s) to 4fbc06c348e7250e
2026-10-06 00:38:16,013 [INFO] send 13933B via direct in 816ms (0.14 Mbit/s) to 17885feeb6c66fd1
2026-10-06 00:38:16,014 [INFO] recv 13933B via direct in 393ms
2026-10-06 00:38:16,017 [INFO] [client-6] Round 12 — training locally…
2026-10-06 00:38:16,103 [INFO] [client-6] Round 12 — sending update…
2026-10-06 00:38:16,107 [INFO] send 13933B via direct in 816ms (0.14 Mbit/s) to 6d36a26a79f34dda
2026-10-06 00:38:16,108 [INFO] recv 13933B via direct in 388ms
2026-10-06 00:38:16,112 [INFO] [client-2] Round 12 — training locally…
2026-10-06 00:38:16,219 [INFO] [client-2] Round 12 — sending update…
2026-10-06 00:38:16,224 [INFO] recv 13933B via direct in 491ms
2026-10-06 00:38:16,226 [INFO] [client-8] Round 12 — training locally…
2026-10-06 00:38:16,323 [INFO] [client-8] Round 12 — sending update…
2026-10-06 00:38:16,325 [INFO] send 13933B via direct in 816ms (0.14 Mbit/s) to af0b206fdfff01f1
2026-10-06 00:38:16,326 [INFO] recv 13933B via direct in 565ms
2026-10-06 00:38:16,330 [INFO] [client-9] Round 12 — training locally…
2026-10-06 00:38:16,428 [INFO] [client-9] Round 12 — sending update…
2026-10-06 00:38:16,431 [INFO] Round 12 — waiting for 10 updates…
2026-10-06 00:38:16,758 [INFO] recv 13933B via direct in 303ms
2026-10-06 00:38:16,764 [INFO] recv 13933B via direct in 323ms
2026-10-06 00:38:16,767 [INFO] recv 13933B via direct in 421ms
2026-10-06 00:38:16,771 [INFO] recv 13933B via direct in 324ms
2026-10-06 00:38:16,775 [INFO] recv 13933B via direct in 318ms
2026-10-06 00:38:16,778 [INFO] recv 13933B via direct in 318ms
2026-10-06 00:38:16,783 [INFO] recv 13933B via direct in 316ms
2026-10-06 00:38:16,787 [INFO] recv 13933B via direct in 237ms
2026-10-06 00:38:16,843 [INFO] send 13933B via direct in 837ms (0.13 Mbit/s) to 260113b82f0e1fff
2026-10-06 00:38:16,899 [INFO] [client-7] Round 12 done — loss=1.0304 acc=0.4550  2.2s
2026-10-06 00:38:16,900 [INFO] [client-7] Round 13 — receiving model…
2026-10-06 00:38:16,906 [INFO] send 13933B via direct in 1288ms (0.09 Mbit/s) to 260113b82f0e1fff
2026-10-06 00:38:16,926 [INFO] [client-5] Round 12 done — loss=0.9772 acc=0.5522  2.3s
2026-10-06 00:38:16,927 [INFO] [client-5] Round 13 — receiving model…
2026-10-06 00:38:16,929 [INFO] send 13933B via direct in 1106ms (0.10 Mbit/s) to 260113b82f0e1fff
2026-10-06 00:38:16,956 [INFO] [client-3] Round 12 done — loss=1.0449 acc=0.4475  2.3s
2026-10-06 00:38:16,957 [INFO] [client-3] Round 13 — receiving model…
2026-10-06 00:38:16,958 [INFO] send 13933B via direct in 1006ms (0.11 Mbit/s) to 260113b82f0e1fff
2026-10-06 00:38:16,971 [INFO] [client-1] Round 12 done — loss=1.0584 acc=0.4176  2.2s
2026-10-06 00:38:16,972 [INFO] [client-1] Round 13 — receiving model…
2026-10-06 00:38:16,973 [INFO] send 13933B via direct in 797ms (0.14 Mbit/s) to 260113b82f0e1fff
2026-10-06 00:38:16,988 [INFO] [client-6] Round 12 done — loss=1.0111 acc=0.4976  2.3s
2026-10-06 00:38:16,989 [INFO] [client-6] Round 13 — receiving model…
2026-10-06 00:38:16,991 [INFO] send 13933B via direct in 682ms (0.16 Mbit/s) to 260113b82f0e1fff
2026-10-06 00:38:17,005 [INFO] [client-2] Round 12 done — loss=0.9697 acc=0.5203  2.2s
2026-10-06 00:38:17,006 [INFO] [client-2] Round 13 — receiving model…
2026-10-06 00:38:17,008 [INFO] send 13933B via direct in 1393ms (0.08 Mbit/s) to 260113b82f0e1fff
2026-10-06 00:38:17,027 [INFO] [client-4] Round 12 done — loss=1.0146 acc=0.4911  2.3s
2026-10-06 00:38:17,028 [INFO] [client-4] Round 13 — receiving model…
2026-10-06 00:38:17,029 [INFO] send 13933B via direct in 1211ms (0.09 Mbit/s) to 260113b82f0e1fff
2026-10-06 00:38:17,049 [INFO] [client-0] Round 12 done — loss=1.0490 acc=0.4657  2.4s
2026-10-06 00:38:17,050 [INFO] [client-0] Round 13 — receiving model…
2026-10-06 00:38:17,051 [INFO] recv 13933B via direct in 276ms
2026-10-06 00:38:17,055 [INFO] send 13933B via direct in 727ms (0.15 Mbit/s) to 260113b82f0e1fff
2026-10-06 00:38:17,070 [INFO] [client-8] Round 12 done — loss=0.7626 acc=0.7091  2.3s
2026-10-06 00:38:17,071 [INFO] [client-8] Round 13 — receiving model…
2026-10-06 00:38:17,073 [INFO] recv 13933B via direct in 314ms
2026-10-06 00:38:17,092 [INFO] Round 12/20  acc=0.4552  loss=1.0688  2.3s  clients=10
2026-10-06 00:38:17,094 [INFO] Round 13 — sending model to 10 clients…
2026-10-06 00:38:17,103 [INFO] send 13933B via direct in 642ms (0.17 Mbit/s) to 260113b82f0e1fff
2026-10-06 00:38:17,126 [INFO] [client-9] Round 12 done — loss=1.0096 acc=0.5197  2.5s
2026-10-06 00:38:17,128 [INFO] [client-9] Round 13 — receiving model…
2026-10-06 00:38:17,639 [INFO] recv 13933B via direct in 235ms
2026-10-06 00:38:17,641 [INFO] [client-1] Round 13 — training locally…
2026-10-06 00:38:17,796 [INFO] [client-1] Round 13 — sending update…
2026-10-06 00:38:17,799 [INFO] recv 13933B via direct in 221ms
2026-10-06 00:38:17,801 [INFO] [client-7] Round 13 — training locally…
2026-10-06 00:38:17,888 [INFO] [client-7] Round 13 — sending update…
2026-10-06 00:38:17,894 [INFO] recv 13933B via direct in 220ms
2026-10-06 00:38:17,896 [INFO] [client-6] Round 13 — training locally…
2026-10-06 00:38:17,989 [INFO] [client-6] Round 13 — sending update…
2026-10-06 00:38:17,992 [INFO] recv 13933B via direct in 217ms
2026-10-06 00:38:17,994 [INFO] [client-5] Round 13 — training locally…
2026-10-06 00:38:18,080 [INFO] [client-5] Round 13 — sending update…
2026-10-06 00:38:18,082 [INFO] recv 13933B via direct in 216ms
2026-10-06 00:38:18,085 [INFO] [client-4] Round 13 — training locally…
2026-10-06 00:38:18,180 [INFO] [client-4] Round 13 — sending update…
2026-10-06 00:38:18,183 [INFO] recv 13933B via direct in 239ms
2026-10-06 00:38:18,185 [INFO] [client-9] Round 13 — training locally…
2026-10-06 00:38:18,272 [INFO] [client-9] Round 13 — sending update…
2026-10-06 00:38:18,275 [INFO] recv 13933B via direct in 238ms
2026-10-06 00:38:18,278 [INFO] [client-2] Round 13 — training locally…
2026-10-06 00:38:18,372 [INFO] [client-2] Round 13 — sending update…
2026-10-06 00:38:18,376 [INFO] send 13933B via direct in 794ms (0.14 Mbit/s) to 6a763a8245f01d71
2026-10-06 00:38:18,378 [INFO] send 13933B via direct in 792ms (0.14 Mbit/s) to 6a94cc8d59461795
2026-10-06 00:38:18,379 [INFO] send 13933B via direct in 792ms (0.14 Mbit/s) to 86e65d1c9f47fc28
2026-10-06 00:38:18,380 [INFO] send 13933B via direct in 796ms (0.14 Mbit/s) to 17885feeb6c66fd1
2026-10-06 00:38:18,381 [INFO] send 13933B via direct in 792ms (0.14 Mbit/s) to af0b206fdfff01f1
2026-10-06 00:38:18,382 [INFO] send 13933B via direct in 791ms (0.14 Mbit/s) to 82f1e3cbbaa2d495
2026-10-06 00:38:18,383 [INFO] send 13933B via direct in 791ms (0.14 Mbit/s) to 70c50c5658b6ac77
2026-10-06 00:38:18,385 [INFO] send 13933B via direct in 793ms (0.14 Mbit/s) to 0f9e51b9cf8832d6
2026-10-06 00:38:18,386 [INFO] send 13933B via direct in 793ms (0.14 Mbit/s) to 4fbc06c348e7250e
2026-10-06 00:38:18,387 [INFO] send 13933B via direct in 797ms (0.14 Mbit/s) to 6d36a26a79f34dda
2026-10-06 00:38:18,395 [INFO] recv 13933B via direct in 945ms
2026-10-06 00:38:18,398 [INFO] [client-8] Round 13 — training locally…
2026-10-06 00:38:18,541 [INFO] [client-8] Round 13 — sending update…
2026-10-06 00:38:18,544 [INFO] recv 13933B via direct in 943ms
2026-10-06 00:38:18,546 [INFO] [client-3] Round 13 — training locally…
2026-10-06 00:38:18,630 [INFO] [client-3] Round 13 — sending update…
2026-10-06 00:38:18,633 [INFO] recv 13933B via direct in 943ms
2026-10-06 00:38:18,635 [INFO] [client-0] Round 13 — training locally…
2026-10-06 00:38:18,712 [INFO] [client-0] Round 13 — sending update…
2026-10-06 00:38:18,715 [INFO] Round 13 — waiting for 10 updates…
2026-10-06 00:38:18,726 [INFO] recv 13933B via direct in 340ms
2026-10-06 00:38:18,728 [INFO] recv 13933B via direct in 341ms
2026-10-06 00:38:18,730 [INFO] recv 13933B via direct in 341ms
2026-10-06 00:38:18,733 [INFO] recv 13933B via direct in 8ms
2026-10-06 00:38:18,828 [WARNING] transfer attempt 1/3 failed (stream not acknowledged: IrohError:  closed by peer: 0) — retrying
2026-10-06 00:38:18,834 [WARNING] transfer attempt 1/3 failed (stream not acknowledged: IrohError:  closed by peer: 0) — retrying
2026-10-06 00:38:18,836 [WARNING] transfer attempt 1/3 failed (stream not acknowledged: IrohError:  closed by peer: 0) — retrying
2026-10-06 00:38:18,838 [WARNING] transfer attempt 1/3 failed (stream not acknowledged: IrohError:  closed by peer: 0) — retrying
2026-10-06 00:38:19,032 [INFO] recv 13933B via direct in 306ms
2026-10-06 00:38:19,041 [INFO] recv 13933B via direct in 309ms
2026-10-06 00:38:19,047 [INFO] recv 13933B via direct in 323ms
2026-10-06 00:38:19,052 [INFO] recv 13933B via direct in 203ms
2026-10-06 00:38:19,128 [INFO] send 13933B via direct in 942ms (0.12 Mbit/s) to 260113b82f0e1fff
2026-10-06 00:38:19,167 [INFO] [client-4] Round 13 done — loss=1.0106 acc=0.4952  2.1s
2026-10-06 00:38:19,170 [INFO] [client-4] Round 14 — receiving model…
2026-10-06 00:38:19,172 [INFO] send 13933B via direct in 851ms (0.13 Mbit/s) to 260113b82f0e1fff
2026-10-06 00:38:19,197 [INFO] [client-9] Round 13 done — loss=1.0119 acc=0.5211  2.1s
2026-10-06 00:38:19,198 [INFO] [client-9] Round 14 — receiving model…
2026-10-06 00:38:19,202 [INFO] send 13933B via direct in 827ms (0.14 Mbit/s) to 260113b82f0e1fff
2026-10-06 00:38:19,223 [INFO] [client-2] Round 13 done — loss=0.9653 acc=0.5182  2.2s
2026-10-06 00:38:19,224 [INFO] [client-2] Round 14 — receiving model…
2026-10-06 00:38:19,226 [INFO] send 13933B via direct in 658ms (0.17 Mbit/s) to 260113b82f0e1fff
2026-10-06 00:38:19,248 [INFO] [client-8] Round 13 done — loss=0.7635 acc=0.7105  2.2s
2026-10-06 00:38:19,249 [INFO] [client-8] Round 14 — receiving model…
2026-10-06 00:38:19,250 [INFO] recv 13933B via direct in 265ms
2026-10-06 00:38:19,255 [INFO] send 13933B via direct in 622ms (0.18 Mbit/s) to 260113b82f0e1fff
2026-10-06 00:38:19,274 [INFO] [client-3] Round 13 done — loss=1.0450 acc=0.4530  2.3s
2026-10-06 00:38:19,275 [INFO] [client-3] Round 14 — receiving model…
2026-10-06 00:38:19,277 [INFO] recv 13933B via direct in 233ms
2026-10-06 00:38:19,300 [INFO] Round 13/20  acc=0.4586  loss=1.0656  2.2s  clients=10
2026-10-06 00:38:19,301 [INFO] Round 14 — sending model to 10 clients…
2026-10-06 00:38:19,330 [INFO] send 13933B via direct in 616ms (0.18 Mbit/s) to 260113b82f0e1fff
2026-10-06 00:38:19,368 [INFO] [client-0] Round 13 done — loss=1.0468 acc=0.4631  2.3s
2026-10-06 00:38:19,369 [INFO] [client-0] Round 14 — receiving model…
2026-10-06 00:38:19,824 [INFO] recv 13933B via direct in 213ms
2026-10-06 00:38:19,834 [INFO] [client-9] Round 14 — training locally…
2026-10-06 00:38:19,943 [INFO] [client-9] Round 14 — sending update…
2026-10-06 00:38:19,953 [INFO] send 13933B via direct in 644ms (0.17 Mbit/s) to 6d36a26a79f34dda
2026-10-06 00:38:19,954 [INFO] send 13933B via direct in 643ms (0.17 Mbit/s) to 70c50c5658b6ac77
2026-10-06 00:38:19,955 [INFO] send 13933B via direct in 643ms (0.17 Mbit/s) to 6a94cc8d59461795
2026-10-06 00:38:19,956 [INFO] send 13933B via direct in 642ms (0.17 Mbit/s) to 17885feeb6c66fd1
2026-10-06 00:38:19,957 [INFO] send 13933B via direct in 641ms (0.17 Mbit/s) to 82f1e3cbbaa2d495
2026-10-06 00:38:19,957 [INFO] send 13933B via direct in 641ms (0.17 Mbit/s) to 86e65d1c9f47fc28
2026-10-06 00:38:19,958 [INFO] send 13933B via direct in 640ms (0.17 Mbit/s) to 4fbc06c348e7250e
2026-10-06 00:38:19,959 [INFO] send 13933B via direct in 639ms (0.17 Mbit/s) to 0f9e51b9cf8832d6
2026-10-06 00:38:19,959 [INFO] send 13933B via direct in 639ms (0.17 Mbit/s) to af0b206fdfff01f1
2026-10-06 00:38:19,960 [INFO] send 13933B via direct in 639ms (0.17 Mbit/s) to 6a763a8245f01d71
2026-10-06 00:38:19,962 [INFO] recv 13933B via direct in 324ms
2026-10-06 00:38:19,963 [INFO] [client-8] Round 14 — training locally…
2026-10-06 00:38:20,085 [INFO] [client-8] Round 14 — sending update…
2026-10-06 00:38:20,087 [INFO] recv 13933B via direct in 341ms
2026-10-06 00:38:20,090 [INFO] [client-0] Round 14 — training locally…
2026-10-06 00:38:20,181 [INFO] [client-0] Round 14 — sending update…
2026-10-06 00:38:20,184 [INFO] recv 13933B via direct in 333ms
2026-10-06 00:38:20,186 [INFO] [client-2] Round 14 — training locally…
2026-10-06 00:38:20,284 [INFO] [client-2] Round 14 — sending update…
2026-10-06 00:38:20,286 [INFO] recv 13933B via direct in 330ms
2026-10-06 00:38:20,290 [INFO] [client-3] Round 14 — training locally…
2026-10-06 00:38:20,382 [INFO] [client-3] Round 14 — sending update…
2026-10-06 00:38:20,384 [INFO] Round 14 — waiting for 10 updates…
2026-10-06 00:38:20,385 [INFO] recv 13933B via direct in 330ms
2026-10-06 00:38:20,389 [INFO] [client-4] Round 14 — training locally…
2026-10-06 00:38:20,483 [INFO] [client-4] Round 14 — sending update…
2026-10-06 00:38:20,816 [INFO] recv 13933B via direct in 321ms
2026-10-06 00:38:20,824 [INFO] recv 13933B via direct in 323ms
2026-10-06 00:38:20,829 [INFO] recv 13933B via direct in 326ms
2026-10-06 00:38:20,832 [INFO] recv 13933B via direct in 327ms
2026-10-06 00:38:20,835 [INFO] recv 13933B via direct in 329ms
2026-10-06 00:38:20,838 [INFO] recv 13933B via direct in 336ms
2026-10-06 00:38:20,840 [INFO] recv 13933B via direct in 323ms
2026-10-06 00:38:20,843 [INFO] recv 13933B via direct in 226ms
2026-10-06 00:38:20,901 [INFO] recv 13933B via direct in 209ms
2026-10-06 00:38:20,917 [INFO] send 13933B via direct in 968ms (0.12 Mbit/s) to 260113b82f0e1fff
2026-10-06 00:38:20,943 [INFO] [client-9] Round 14 done — loss=1.0102 acc=0.5256  1.7s
2026-10-06 00:38:20,944 [INFO] [client-9] Round 15 — receiving model…
2026-10-06 00:38:20,945 [INFO] send 13933B via direct in 3115ms (0.04 Mbit/s) to 260113b82f0e1fff (attempt 2)
2026-10-06 00:38:20,959 [INFO] [client-1] Round 13 done — loss=1.0584 acc=0.4344  4.0s
2026-10-06 00:38:20,960 [INFO] [client-1] Round 14 — receiving model…
2026-10-06 00:38:20,961 [INFO] recv 13933B via direct in 323ms
2026-10-06 00:38:20,963 [INFO] [client-1] Round 14 — training locally…
2026-10-06 00:38:21,052 [INFO] [client-1] Round 14 — sending update…
2026-10-06 00:38:21,054 [INFO] send 13933B via direct in 3023ms (0.04 Mbit/s) to 260113b82f0e1fff (attempt 2)
2026-10-06 00:38:21,075 [INFO] [client-7] Round 13 done — loss=1.0304 acc=0.4509  4.2s
2026-10-06 00:38:21,076 [INFO] [client-7] Round 14 — receiving model…
2026-10-06 00:38:21,077 [INFO] recv 13933B via direct in 326ms
2026-10-06 00:38:21,081 [INFO] [client-7] Round 14 — training locally…
2026-10-06 00:38:21,170 [INFO] [client-7] Round 14 — sending update…
2026-10-06 00:38:21,174 [INFO] send 13933B via direct in 2923ms (0.04 Mbit/s) to 260113b82f0e1fff (attempt 2)
2026-10-06 00:38:21,198 [INFO] [client-6] Round 13 done — loss=1.0088 acc=0.4993  4.2s
2026-10-06 00:38:21,199 [INFO] [client-6] Round 14 — receiving model…
2026-10-06 00:38:21,200 [INFO] recv 13933B via direct in 326ms
2026-10-06 00:38:21,202 [INFO] [client-6] Round 14 — training locally…
2026-10-06 00:38:21,307 [INFO] [client-6] Round 14 — sending update…
2026-10-06 00:38:21,310 [INFO] send 13933B via direct in 2833ms (0.04 Mbit/s) to 260113b82f0e1fff (attempt 2)
2026-10-06 00:38:21,329 [INFO] [client-5] Round 13 done — loss=0.9703 acc=0.5543  4.4s
2026-10-06 00:38:21,330 [INFO] [client-5] Round 14 — receiving model…
2026-10-06 00:38:21,331 [INFO] recv 13933B via direct in 339ms
2026-10-06 00:38:21,335 [INFO] [client-5] Round 14 — training locally…
2026-10-06 00:38:21,445 [INFO] [client-5] Round 14 — sending update…
2026-10-06 00:38:21,447 [INFO] send 13933B via direct in 828ms (0.13 Mbit/s) to 260113b82f0e1fff
2026-10-06 00:38:21,461 [INFO] [client-8] Round 14 done — loss=0.7622 acc=0.7146  2.2s
2026-10-06 00:38:21,462 [INFO] [client-8] Round 15 — receiving model…
2026-10-06 00:38:21,463 [INFO] send 13933B via direct in 733ms (0.15 Mbit/s) to 260113b82f0e1fff
2026-10-06 00:38:21,480 [INFO] [client-0] Round 14 done — loss=1.0505 acc=0.4562  2.1s
2026-10-06 00:38:21,481 [INFO] [client-0] Round 15 — receiving model…
2026-10-06 00:38:21,482 [INFO] send 13933B via direct in 631ms (0.18 Mbit/s) to 260113b82f0e1fff
2026-10-06 00:38:21,498 [INFO] [client-2] Round 14 done — loss=0.9563 acc=0.5275  2.3s
2026-10-06 00:38:21,499 [INFO] [client-2] Round 15 — receiving model…
2026-10-06 00:38:21,505 [INFO] send 13933B via direct in 1117ms (0.10 Mbit/s) to 260113b82f0e1fff
2026-10-06 00:38:21,523 [INFO] [client-3] Round 14 done — loss=1.0452 acc=0.4547  2.2s
2026-10-06 00:38:21,524 [INFO] [client-3] Round 15 — receiving model…
2026-10-06 00:38:21,525 [INFO] send 13933B via direct in 1016ms (0.11 Mbit/s) to 260113b82f0e1fff
2026-10-06 00:38:21,540 [INFO] [client-4] Round 14 done — loss=1.0168 acc=0.4821  2.4s
2026-10-06 00:38:21,541 [INFO] [client-4] Round 15 — receiving model…
2026-10-06 00:38:21,542 [INFO] recv 13933B via direct in 707ms
2026-10-06 00:38:21,566 [INFO] Round 14/20  acc=0.4566  loss=1.0689  2.3s  clients=10
2026-10-06 00:38:21,567 [INFO] Round 15 — sending model to 10 clients…
2026-10-06 00:38:21,906 [INFO] send 13933B via direct in 851ms (0.13 Mbit/s) to 260113b82f0e1fff
2026-10-06 00:38:21,936 [INFO] [client-1] Round 14 done — loss=1.0618 acc=0.4176  1.0s
2026-10-06 00:38:21,937 [INFO] [client-1] Round 15 — receiving model…
2026-10-06 00:38:21,939 [INFO] send 13933B via direct in 765ms (0.15 Mbit/s) to 260113b82f0e1fff
2026-10-06 00:38:21,959 [INFO] [client-7] Round 14 done — loss=1.0287 acc=0.4444  0.9s
2026-10-06 00:38:21,960 [INFO] [client-7] Round 15 — receiving model…
2026-10-06 00:38:22,002 [INFO] send 13933B via direct in 691ms (0.16 Mbit/s) to 260113b82f0e1fff
2026-10-06 00:38:22,087 [INFO] [client-6] Round 14 done — loss=1.0129 acc=0.4927  0.9s
2026-10-06 00:38:22,088 [INFO] [client-6] Round 15 — receiving model…
2026-10-06 00:38:22,091 [INFO] send 13933B via direct in 643ms (0.17 Mbit/s) to 260113b82f0e1fff
2026-10-06 00:38:22,110 [INFO] [client-5] Round 14 done — loss=0.9713 acc=0.5560  0.8s
2026-10-06 00:38:22,111 [INFO] [client-5] Round 15 — receiving model…
2026-10-06 00:38:22,118 [INFO] recv 13933B via direct in 219ms
2026-10-06 00:38:22,120 [INFO] [client-0] Round 15 — training locally…
2026-10-06 00:38:22,198 [INFO] [client-0] Round 15 — sending update…
2026-10-06 00:38:22,203 [INFO] recv 13933B via direct in 218ms
2026-10-06 00:38:22,207 [INFO] [client-4] Round 15 — training locally…
2026-10-06 00:38:22,322 [INFO] [client-4] Round 15 — sending update…
2026-10-06 00:38:22,324 [INFO] recv 13933B via direct in 233ms
2026-10-06 00:38:22,326 [INFO] [client-7] Round 15 — training locally…
2026-10-06 00:38:22,422 [INFO] [client-7] Round 15 — sending update…
2026-10-06 00:38:22,424 [INFO] recv 13933B via direct in 240ms
2026-10-06 00:38:22,426 [INFO] [client-8] Round 15 — training locally…
2026-10-06 00:38:22,511 [INFO] [client-8] Round 15 — sending update…
2026-10-06 00:38:22,514 [INFO] recv 13933B via direct in 236ms
2026-10-06 00:38:22,518 [INFO] [client-6] Round 15 — training locally…
2026-10-06 00:38:22,610 [INFO] [client-6] Round 15 — sending update…
2026-10-06 00:38:22,614 [INFO] recv 13933B via direct in 232ms
2026-10-06 00:38:22,617 [INFO] [client-5] Round 15 — training locally…
2026-10-06 00:38:22,710 [INFO] [client-5] Round 15 — sending update…
2026-10-06 00:38:22,713 [INFO] recv 13933B via direct in 230ms
2026-10-06 00:38:22,715 [INFO] [client-3] Round 15 — training locally…
2026-10-06 00:38:22,811 [INFO] [client-3] Round 15 — sending update…
2026-10-06 00:38:22,815 [INFO] recv 13933B via direct in 220ms
2026-10-06 00:38:22,818 [INFO] [client-1] Round 15 — training locally…
2026-10-06 00:38:22,917 [INFO] [client-1] Round 15 — sending update…
2026-10-06 00:38:22,934 [INFO] recv 13933B via direct in 917ms
2026-10-06 00:38:22,937 [INFO] [client-9] Round 15 — training locally…
2026-10-06 00:38:23,037 [INFO] [client-9] Round 15 — sending update…
2026-10-06 00:38:23,040 [INFO] send 13933B via direct in 1348ms (0.08 Mbit/s) to 0f9e51b9cf8832d6
2026-10-06 00:38:23,041 [INFO] send 13933B via direct in 1346ms (0.08 Mbit/s) to 70c50c5658b6ac77
2026-10-06 00:38:23,042 [INFO] send 13933B via direct in 1352ms (0.08 Mbit/s) to af0b206fdfff01f1
2026-10-06 00:38:23,042 [INFO] send 13933B via direct in 1350ms (0.08 Mbit/s) to 4fbc06c348e7250e
2026-10-06 00:38:23,043 [INFO] send 13933B via direct in 1349ms (0.08 Mbit/s) to 6a94cc8d59461795
2026-10-06 00:38:23,044 [INFO] send 13933B via direct in 1348ms (0.08 Mbit/s) to 82f1e3cbbaa2d495
2026-10-06 00:38:23,045 [INFO] send 13933B via direct in 1347ms (0.08 Mbit/s) to 86e65d1c9f47fc28
2026-10-06 00:38:23,046 [INFO] send 13933B via direct in 1347ms (0.08 Mbit/s) to 6a763a8245f01d71
2026-10-06 00:38:23,047 [INFO] send 13933B via direct in 1347ms (0.08 Mbit/s) to 6d36a26a79f34dda
2026-10-06 00:38:23,048 [INFO] send 13933B via direct in 1347ms (0.08 Mbit/s) to 17885feeb6c66fd1
2026-10-06 00:38:23,053 [INFO] Round 15 — waiting for 10 updates…
2026-10-06 00:38:23,054 [INFO] recv 13933B via direct in 314ms
2026-10-06 00:38:23,056 [INFO] recv 13933B via direct in 314ms
2026-10-06 00:38:23,058 [INFO] recv 13933B via direct in 290ms
2026-10-06 00:38:23,060 [INFO] recv 13933B via direct in 210ms
2026-10-06 00:38:23,062 [INFO] recv 13933B via direct in 1023ms
2026-10-06 00:38:23,064 [INFO] [client-2] Round 15 — training locally…
2026-10-06 00:38:23,151 [INFO] [client-2] Round 15 — sending update…
2026-10-06 00:38:23,158 [INFO] recv 13933B via direct in 232ms
2026-10-06 00:38:23,237 [INFO] recv 13933B via direct in 308ms
2026-10-06 00:38:23,247 [INFO] recv 13933B via direct in 311ms
2026-10-06 00:38:23,252 [WARNING] Round 15 — discarding update from unselected/duplicate peer 0f9e51b9cf8832d6
2026-10-06 00:38:23,260 [INFO] recv 13933B via direct in 215ms
2026-10-06 00:38:23,264 [WARNING] transfer attempt 1/3 failed (stream not acknowledged: IrohError:  closed by peer: 0) — retrying
2026-10-06 00:38:23,336 [INFO] send 13933B via direct in 1009ms (0.11 Mbit/s) to 260113b82f0e1fff
2026-10-06 00:38:23,393 [INFO] [client-4] Round 15 done — loss=1.0166 acc=0.4928  1.9s
2026-10-06 00:38:23,395 [INFO] [client-4] Round 16 — receiving model…
2026-10-06 00:38:23,398 [INFO] send 13933B via direct in 911ms (0.12 Mbit/s) to 260113b82f0e1fff
2026-10-06 00:38:23,421 [INFO] [client-7] Round 15 done — loss=1.0256 acc=0.4550  1.5s
2026-10-06 00:38:23,422 [INFO] [client-7] Round 16 — receiving model…
2026-10-06 00:38:23,426 [INFO] send 13933B via direct in 909ms (0.12 Mbit/s) to 260113b82f0e1fff
2026-10-06 00:38:23,442 [INFO] [client-8] Round 15 done — loss=0.7629 acc=0.7150  2.0s
2026-10-06 00:38:23,443 [INFO] [client-8] Round 16 — receiving model…
2026-10-06 00:38:23,445 [INFO] recv 13933B via direct in 384ms
2026-10-06 00:38:23,448 [WARNING] Round 15 — discarding update from unselected/duplicate peer 4fbc06c348e7250e
2026-10-06 00:38:23,449 [INFO] recv 13933B via direct in 362ms
2026-10-06 00:38:23,451 [WARNING] Round 15 — discarding update from unselected/duplicate peer 6a94cc8d59461795
2026-10-06 00:38:23,452 [INFO] send 13933B via direct in 839ms (0.13 Mbit/s) to 260113b82f0e1fff
2026-10-06 00:38:23,471 [INFO] [client-6] Round 15 done — loss=1.0105 acc=0.4976  1.4s
2026-10-06 00:38:23,472 [INFO] [client-6] Round 16 — receiving model…
2026-10-06 00:38:23,476 [INFO] send 13933B via direct in 761ms (0.15 Mbit/s) to 260113b82f0e1fff
2026-10-06 00:38:23,492 [INFO] [client-5] Round 15 done — loss=0.9712 acc=0.5519  1.4s
2026-10-06 00:38:23,493 [INFO] [client-5] Round 16 — receiving model…
2026-10-06 00:38:23,494 [INFO] recv 13933B via direct in 319ms
2026-10-06 00:38:23,498 [INFO] recv 13933B via direct in 252ms
2026-10-06 00:38:23,500 [WARNING] Round 15 — discarding update from unselected/duplicate peer 6a763a8245f01d71
2026-10-06 00:38:23,558 [INFO] send 13933B via direct in 744ms (0.15 Mbit/s) to 260113b82f0e1fff
2026-10-06 00:38:23,634 [INFO] [client-3] Round 15 done — loss=1.0470 acc=0.4543  2.1s
2026-10-06 00:38:23,636 [INFO] [client-3] Round 16 — receiving model…
2026-10-06 00:38:23,639 [INFO] send 13933B via direct in 718ms (0.16 Mbit/s) to 260113b82f0e1fff
2026-10-06 00:38:23,658 [INFO] [client-1] Round 15 done — loss=1.0549 acc=0.4275  1.7s
2026-10-06 00:38:23,659 [INFO] [client-1] Round 16 — receiving model…
2026-10-06 00:38:23,660 [INFO] recv 13933B via direct in 216ms
2026-10-06 00:38:23,665 [INFO] send 13933B via direct in 626ms (0.18 Mbit/s) to 260113b82f0e1fff
2026-10-06 00:38:23,679 [INFO] [client-9] Round 15 done — loss=1.0060 acc=0.5288  2.7s
2026-10-06 00:38:23,681 [INFO] [client-9] Round 16 — receiving model…
2026-10-06 00:38:23,729 [INFO] recv 13933B via direct in 253ms
2026-10-06 00:38:23,794 [INFO] Round 15/20  acc=0.4625  loss=1.0615  2.2s  clients=10
2026-10-06 00:38:23,795 [INFO] Round 16 — sending model to 10 clients…
2026-10-06 00:38:23,828 [INFO] send 13933B via direct in 675ms (0.17 Mbit/s) to 260113b82f0e1fff
2026-10-06 00:38:23,889 [INFO] [client-2] Round 15 done — loss=0.9624 acc=0.5206  2.4s
2026-10-06 00:38:23,890 [INFO] [client-2] Round 16 — receiving model…
2026-10-06 00:38:24,402 [INFO] recv 13933B via direct in 276ms
2026-10-06 00:38:24,410 [INFO] [client-2] Round 16 — training locally…
2026-10-06 00:38:24,603 [INFO] [client-2] Round 16 — sending update…
2026-10-06 00:38:24,606 [INFO] recv 13933B via direct in 265ms
2026-10-06 00:38:24,610 [INFO] [client-7] Round 16 — training locally…
2026-10-06 00:38:24,707 [INFO] [client-7] Round 16 — sending update…
2026-10-06 00:38:24,718 [INFO] recv 13933B via direct in 297ms
2026-10-06 00:38:24,720 [INFO] [client-4] Round 16 — training locally…
2026-10-06 00:38:24,811 [INFO] [client-4] Round 16 — sending update…
2026-10-06 00:38:24,814 [INFO] recv 13933B via direct in 288ms
2026-10-06 00:38:24,816 [INFO] [client-6] Round 16 — training locally…
2026-10-06 00:38:24,907 [INFO] [client-6] Round 16 — sending update…
2026-10-06 00:38:24,909 [INFO] recv 13933B via direct in 272ms
2026-10-06 00:38:24,911 [INFO] [client-8] Round 16 — training locally…
2026-10-06 00:38:25,002 [INFO] [client-8] Round 16 — sending update…
2026-10-06 00:38:25,008 [INFO] recv 13933B via direct in 577ms
2026-10-06 00:38:25,011 [INFO] [client-5] Round 16 — training locally…
2026-10-06 00:38:25,100 [INFO] [client-5] Round 16 — sending update…
2026-10-06 00:38:25,105 [INFO] send 13933B via direct in 914ms (0.12 Mbit/s) to 17885feeb6c66fd1
2026-10-06 00:38:25,106 [INFO] send 13933B via direct in 911ms (0.12 Mbit/s) to 0f9e51b9cf8832d6
2026-10-06 00:38:25,107 [INFO] send 13933B via direct in 916ms (0.12 Mbit/s) to 86e65d1c9f47fc28
2026-10-06 00:38:25,108 [INFO] send 13933B via direct in 914ms (0.12 Mbit/s) to 4fbc06c348e7250e
2026-10-06 00:38:25,108 [INFO] send 13933B via direct in 911ms (0.12 Mbit/s) to af0b206fdfff01f1
2026-10-06 00:38:25,109 [INFO] send 13933B via direct in 910ms (0.12 Mbit/s) to 6a94cc8d59461795
2026-10-06 00:38:25,110 [INFO] send 13933B via direct in 910ms (0.12 Mbit/s) to 6a763a8245f01d71
2026-10-06 00:38:25,111 [INFO] recv 13933B via direct in 572ms
2026-10-06 00:38:25,113 [INFO] [client-1] Round 16 — training locally…
2026-10-06 00:38:25,229 [INFO] [client-1] Round 16 — sending update…
2026-10-06 00:38:25,233 [INFO] send 13933B via direct in 910ms (0.12 Mbit/s) to 70c50c5658b6ac77
2026-10-06 00:38:25,234 [INFO] recv 13933B via direct in 556ms
2026-10-06 00:38:25,238 [INFO] [client-9] Round 16 — training locally…
2026-10-06 00:38:25,369 [INFO] [client-9] Round 16 — sending update…
2026-10-06 00:38:25,372 [INFO] recv 13933B via direct in 544ms
2026-10-06 00:38:25,374 [INFO] [client-3] Round 16 — training locally…
2026-10-06 00:38:25,484 [INFO] [client-3] Round 16 — sending update…
2026-10-06 00:38:25,487 [INFO] send 13933B via direct in 909ms (0.12 Mbit/s) to 6d36a26a79f34dda
2026-10-06 00:38:25,492 [INFO] send 13933B via direct in 909ms (0.12 Mbit/s) to 82f1e3cbbaa2d495
2026-10-06 00:38:25,497 [INFO] Round 16 — waiting for 10 updates…
2026-10-06 00:38:25,505 [INFO] send 13933B via direct in 3292ms (0.03 Mbit/s) to 260113b82f0e1fff (attempt 2)
2026-10-06 00:38:25,523 [INFO] [client-0] Round 15 done — loss=1.0550 acc=0.4557  4.0s
2026-10-06 00:38:25,524 [INFO] [client-0] Round 16 — receiving model…
2026-10-06 00:38:25,525 [INFO] recv 13933B via direct in 568ms
2026-10-06 00:38:25,527 [INFO] [client-0] Round 16 — training locally…
2026-10-06 00:38:25,614 [INFO] [client-0] Round 16 — sending update…
2026-10-06 00:38:25,622 [INFO] recv 13933B via direct in 899ms
2026-10-06 00:38:25,801 [INFO] recv 13933B via direct in 423ms
2026-10-06 00:38:25,810 [INFO] recv 13933B via direct in 313ms
2026-10-06 00:38:25,818 [INFO] recv 13933B via direct in 313ms
2026-10-06 00:38:25,822 [INFO] recv 13933B via direct in 318ms
2026-10-06 00:38:25,825 [INFO] recv 13933B via direct in 317ms
2026-10-06 00:38:25,827 [INFO] recv 13933B via direct in 317ms
2026-10-06 00:38:25,831 [INFO] recv 13933B via direct in 199ms
2026-10-06 00:38:25,896 [INFO] send 13933B via direct in 1290ms (0.09 Mbit/s) to 260113b82f0e1fff
2026-10-06 00:38:25,926 [INFO] [client-2] Round 16 done — loss=0.9588 acc=0.5261  2.0s
2026-10-06 00:38:25,929 [INFO] [client-2] Round 17 — receiving model…
2026-10-06 00:38:25,942 [INFO] send 13933B via direct in 1026ms (0.11 Mbit/s) to 260113b82f0e1fff
2026-10-06 00:38:25,967 [INFO] [client-6] Round 16 done — loss=1.0188 acc=0.4851  2.5s
2026-10-06 00:38:25,969 [INFO] [client-6] Round 17 — receiving model…
2026-10-06 00:38:25,970 [INFO] send 13933B via direct in 931ms (0.12 Mbit/s) to 260113b82f0e1fff
2026-10-06 00:38:25,985 [INFO] [client-8] Round 16 done — loss=0.7604 acc=0.7133  2.5s
2026-10-06 00:38:25,986 [INFO] [client-8] Round 17 — receiving model…
2026-10-06 00:38:25,986 [INFO] send 13933B via direct in 833ms (0.13 Mbit/s) to 260113b82f0e1fff
2026-10-06 00:38:26,000 [INFO] [client-5] Round 16 done — loss=0.9694 acc=0.5580  2.5s
2026-10-06 00:38:26,002 [INFO] [client-5] Round 17 — receiving model…
2026-10-06 00:38:26,003 [INFO] send 13933B via direct in 703ms (0.16 Mbit/s) to 260113b82f0e1fff
2026-10-06 00:38:26,018 [INFO] [client-1] Round 16 done — loss=1.0579 acc=0.4183  2.4s
2026-10-06 00:38:26,019 [INFO] [client-1] Round 17 — receiving model…
2026-10-06 00:38:26,020 [INFO] send 13933B via direct in 1227ms (0.09 Mbit/s) to 260113b82f0e1fff
2026-10-06 00:38:26,037 [INFO] [client-7] Round 16 done — loss=1.0296 acc=0.4451  2.6s
2026-10-06 00:38:26,038 [INFO] [client-7] Round 17 — receiving model…
2026-10-06 00:38:26,039 [INFO] send 13933B via direct in 1124ms (0.10 Mbit/s) to 260113b82f0e1fff
2026-10-06 00:38:26,058 [INFO] [client-4] Round 16 done — loss=1.0152 acc=0.4942  2.7s
2026-10-06 00:38:26,059 [INFO] [client-4] Round 17 — receiving model…
2026-10-06 00:38:26,060 [INFO] recv 13933B via direct in 263ms
2026-10-06 00:38:26,063 [INFO] send 13933B via direct in 691ms (0.16 Mbit/s) to 260113b82f0e1fff
2026-10-06 00:38:26,079 [INFO] [client-9] Round 16 done — loss=1.0094 acc=0.5235  2.4s
2026-10-06 00:38:26,080 [INFO] [client-9] Round 17 — receiving model…
2026-10-06 00:38:26,081 [INFO] recv 13933B via direct in 271ms
2026-10-06 00:38:26,101 [INFO] Round 16/20  acc=0.4656  loss=1.0586  2.3s  clients=10
2026-10-06 00:38:26,102 [INFO] Round 17 — sending model to 10 clients…
2026-10-06 00:38:26,112 [INFO] send 13933B via direct in 625ms (0.18 Mbit/s) to 260113b82f0e1fff
2026-10-06 00:38:26,127 [INFO] [client-3] Round 16 done — loss=1.0406 acc=0.4653  2.5s
2026-10-06 00:38:26,128 [INFO] [client-3] Round 17 — receiving model…
2026-10-06 00:38:26,245 [INFO] send 13933B via direct in 627ms (0.18 Mbit/s) to 260113b82f0e1fff
2026-10-06 00:38:26,324 [INFO] [client-0] Round 16 done — loss=1.0491 acc=0.4557  0.8s
2026-10-06 00:38:26,325 [INFO] [client-0] Round 17 — receiving model…
2026-10-06 00:38:26,639 [INFO] recv 13933B via direct in 222ms
2026-10-06 00:38:26,651 [INFO] [client-2] Round 17 — training locally…
2026-10-06 00:38:26,832 [INFO] [client-2] Round 17 — sending update…
2026-10-06 00:38:26,843 [INFO] send 13933B via direct in 733ms (0.15 Mbit/s) to 17885feeb6c66fd1
2026-10-06 00:38:26,844 [INFO] send 13933B via direct in 732ms (0.15 Mbit/s) to 6d36a26a79f34dda
2026-10-06 00:38:26,845 [INFO] send 13933B via direct in 732ms (0.15 Mbit/s) to 0f9e51b9cf8832d6
2026-10-06 00:38:26,846 [INFO] send 13933B via direct in 731ms (0.15 Mbit/s) to 82f1e3cbbaa2d495
2026-10-06 00:38:26,847 [INFO] send 13933B via direct in 731ms (0.15 Mbit/s) to 4fbc06c348e7250e
2026-10-06 00:38:26,848 [INFO] send 13933B via direct in 730ms (0.15 Mbit/s) to 6a94cc8d59461795
2026-10-06 00:38:26,849 [INFO] send 13933B via direct in 730ms (0.15 Mbit/s) to 86e65d1c9f47fc28
2026-10-06 00:38:26,850 [INFO] send 13933B via direct in 730ms (0.15 Mbit/s) to 70c50c5658b6ac77
2026-10-06 00:38:26,851 [INFO] recv 13933B via direct in 422ms
2026-10-06 00:38:26,854 [INFO] [client-9] Round 17 — training locally…
2026-10-06 00:38:26,948 [INFO] [client-9] Round 17 — sending update…
2026-10-06 00:38:26,950 [INFO] send 13933B via direct in 729ms (0.15 Mbit/s) to af0b206fdfff01f1
2026-10-06 00:38:26,951 [INFO] recv 13933B via direct in 423ms
2026-10-06 00:38:26,954 [INFO] [client-7] Round 17 — training locally…
2026-10-06 00:38:27,048 [INFO] [client-7] Round 17 — sending update…
2026-10-06 00:38:27,051 [INFO] recv 13933B via direct in 421ms
2026-10-06 00:38:27,054 [INFO] [client-3] Round 17 — training locally…
2026-10-06 00:38:27,147 [INFO] [client-3] Round 17 — sending update…
2026-10-06 00:38:27,150 [INFO] recv 13933B via direct in 420ms
2026-10-06 00:38:27,153 [INFO] [client-6] Round 17 — training locally…
2026-10-06 00:38:27,265 [INFO] [client-6] Round 17 — sending update…
2026-10-06 00:38:27,268 [INFO] recv 13933B via direct in 419ms
2026-10-06 00:38:27,272 [INFO] [client-5] Round 17 — training locally…
2026-10-06 00:38:27,387 [INFO] [client-5] Round 17 — sending update…
2026-10-06 00:38:27,390 [INFO] recv 13933B via direct in 416ms
2026-10-06 00:38:27,393 [INFO] [client-4] Round 17 — training locally…
2026-10-06 00:38:27,497 [INFO] [client-4] Round 17 — sending update…
2026-10-06 00:38:27,500 [INFO] recv 13933B via direct in 415ms
2026-10-06 00:38:27,503 [INFO] [client-1] Round 17 — training locally…
2026-10-06 00:38:27,595 [INFO] [client-1] Round 17 — sending update…
2026-10-06 00:38:27,597 [INFO] recv 13933B via direct in 415ms
2026-10-06 00:38:27,599 [INFO] [client-0] Round 17 — training locally…
2026-10-06 00:38:27,679 [INFO] [client-0] Round 17 — sending update…
2026-10-06 00:38:27,680 [INFO] recv 13933B via direct in 415ms
2026-10-06 00:38:27,682 [INFO] [client-8] Round 17 — training locally…
2026-10-06 00:38:27,794 [INFO] [client-8] Round 17 — sending update…
2026-10-06 00:38:27,797 [INFO] send 13933B via direct in 730ms (0.15 Mbit/s) to 6a763a8245f01d71
2026-10-06 00:38:27,799 [INFO] Round 17 — waiting for 10 updates…
2026-10-06 00:38:27,800 [INFO] recv 13933B via direct in 204ms
2026-10-06 00:38:28,125 [INFO] recv 13933B via direct in 312ms
2026-10-06 00:38:28,138 [INFO] recv 13933B via direct in 317ms
2026-10-06 00:38:28,143 [INFO] recv 13933B via direct in 318ms
2026-10-06 00:38:28,147 [INFO] recv 13933B via direct in 316ms
2026-10-06 00:38:28,151 [INFO] recv 13933B via direct in 332ms
2026-10-06 00:38:28,154 [INFO] recv 13933B via direct in 333ms
2026-10-06 00:38:28,158 [INFO] recv 13933B via direct in 321ms
2026-10-06 00:38:28,161 [INFO] recv 13933B via direct in 239ms
2026-10-06 00:38:28,188 [INFO] recv 13933B via direct in 201ms
2026-10-06 00:38:28,195 [WARNING] Round 17 — discarding update from unselected/duplicate peer 70c50c5658b6ac77
2026-10-06 00:38:28,217 [INFO] send 13933B via direct in 1381ms (0.08 Mbit/s) to 260113b82f0e1fff
2026-10-06 00:38:28,255 [INFO] [client-2] Round 17 done — loss=0.9549 acc=0.5326  2.3s
2026-10-06 00:38:28,256 [INFO] [client-2] Round 18 — receiving model…
2026-10-06 00:38:28,258 [INFO] send 13933B via direct in 1267ms (0.09 Mbit/s) to 260113b82f0e1fff
2026-10-06 00:38:28,281 [INFO] [client-9] Round 17 done — loss=1.0119 acc=0.5186  2.2s
2026-10-06 00:38:28,283 [INFO] [client-9] Round 18 — receiving model…
2026-10-06 00:38:28,286 [INFO] send 13933B via direct in 1233ms (0.09 Mbit/s) to 260113b82f0e1fff
2026-10-06 00:38:28,305 [INFO] [client-7] Round 17 done — loss=1.0294 acc=0.4560  2.3s
2026-10-06 00:38:28,306 [INFO] [client-7] Round 18 — receiving model…
2026-10-06 00:38:28,307 [INFO] send 13933B via direct in 1134ms (0.10 Mbit/s) to 260113b82f0e1fff
2026-10-06 00:38:28,322 [INFO] [client-3] Round 17 done — loss=1.0395 acc=0.4646  2.2s
2026-10-06 00:38:28,324 [INFO] [client-3] Round 18 — receiving model…
2026-10-06 00:38:28,325 [INFO] send 13933B via direct in 1017ms (0.11 Mbit/s) to 260113b82f0e1fff
2026-10-06 00:38:28,340 [INFO] [client-6] Round 17 done — loss=1.0112 acc=0.4990  2.4s
2026-10-06 00:38:28,341 [INFO] [client-6] Round 18 — receiving model…
2026-10-06 00:38:28,343 [INFO] send 13933B via direct in 895ms (0.12 Mbit/s) to 260113b82f0e1fff
2026-10-06 00:38:28,364 [INFO] [client-5] Round 17 done — loss=0.9697 acc=0.5549  2.4s
2026-10-06 00:38:28,365 [INFO] [client-5] Round 18 — receiving model…
2026-10-06 00:38:28,366 [INFO] send 13933B via direct in 785ms (0.14 Mbit/s) to 260113b82f0e1fff
2026-10-06 00:38:28,382 [INFO] [client-4] Round 17 done — loss=1.0143 acc=0.4973  2.3s
2026-10-06 00:38:28,383 [INFO] [client-4] Round 18 — receiving model…
2026-10-06 00:38:28,384 [INFO] send 13933B via direct in 689ms (0.16 Mbit/s) to 260113b82f0e1fff
2026-10-06 00:38:28,398 [INFO] [client-1] Round 17 done — loss=1.0592 acc=0.4313  2.4s
2026-10-06 00:38:28,399 [INFO] [client-1] Round 18 — receiving model…
2026-10-06 00:38:28,401 [INFO] send 13933B via direct in 662ms (0.17 Mbit/s) to 260113b82f0e1fff
2026-10-06 00:38:28,500 [INFO] [client-0] Round 17 done — loss=1.0533 acc=0.4583  2.2s
2026-10-06 00:38:28,501 [INFO] [client-0] Round 18 — receiving model…
2026-10-06 00:38:28,502 [INFO] recv 13933B via direct in 298ms
2026-10-06 00:38:28,525 [INFO] Round 17/20  acc=0.4667  loss=1.0632  2.4s  clients=10
2026-10-06 00:38:28,527 [INFO] Round 18 — sending model to 10 clients…
2026-10-06 00:38:28,537 [INFO] send 13933B via direct in 706ms (0.16 Mbit/s) to 260113b82f0e1fff
2026-10-06 00:38:28,560 [INFO] [client-8] Round 17 done — loss=0.7602 acc=0.7084  2.6s
2026-10-06 00:38:28,561 [INFO] [client-8] Round 18 — receiving model…
2026-10-06 00:38:29,066 [INFO] recv 13933B via direct in 227ms
2026-10-06 00:38:29,070 [INFO] [client-3] Round 18 — training locally…
2026-10-06 00:38:29,198 [INFO] [client-3] Round 18 — sending update…
2026-10-06 00:38:29,202 [INFO] recv 13933B via direct in 226ms
2026-10-06 00:38:29,204 [INFO] [client-5] Round 18 — training locally…
2026-10-06 00:38:29,294 [INFO] [client-5] Round 18 — sending update…
2026-10-06 00:38:29,299 [INFO] recv 13933B via direct in 232ms
2026-10-06 00:38:29,301 [INFO] [client-6] Round 18 — training locally…
2026-10-06 00:38:29,436 [INFO] [client-6] Round 18 — sending update…
2026-10-06 00:38:29,443 [INFO] send 13933B via direct in 767ms (0.15 Mbit/s) to 82f1e3cbbaa2d495
2026-10-06 00:38:29,444 [INFO] send 13933B via direct in 764ms (0.15 Mbit/s) to 86e65d1c9f47fc28
2026-10-06 00:38:29,445 [INFO] send 13933B via direct in 763ms (0.15 Mbit/s) to 6d36a26a79f34dda
2026-10-06 00:38:29,446 [INFO] send 13933B via direct in 763ms (0.15 Mbit/s) to 6a763a8245f01d71
2026-10-06 00:38:29,447 [INFO] send 13933B via direct in 762ms (0.15 Mbit/s) to 17885feeb6c66fd1
2026-10-06 00:38:29,448 [INFO] send 13933B via direct in 762ms (0.15 Mbit/s) to 70c50c5658b6ac77
2026-10-06 00:38:29,449 [INFO] send 13933B via direct in 761ms (0.15 Mbit/s) to af0b206fdfff01f1
2026-10-06 00:38:29,450 [INFO] recv 13933B via direct in 453ms
2026-10-06 00:38:29,453 [INFO] [client-4] Round 18 — training locally…
2026-10-06 00:38:29,541 [INFO] [client-4] Round 18 — sending update…
2026-10-06 00:38:29,544 [INFO] recv 13933B via direct in 451ms
2026-10-06 00:38:29,546 [INFO] [client-7] Round 18 — training locally…
2026-10-06 00:38:29,648 [INFO] [client-7] Round 18 — sending update…
2026-10-06 00:38:29,651 [INFO] send 13933B via direct in 766ms (0.15 Mbit/s) to 6a94cc8d59461795
2026-10-06 00:38:29,652 [INFO] send 13933B via direct in 768ms (0.15 Mbit/s) to 4fbc06c348e7250e
2026-10-06 00:38:29,655 [INFO] recv 13933B via direct in 589ms
2026-10-06 00:38:29,658 [INFO] [client-9] Round 18 — training locally…
2026-10-06 00:38:29,749 [INFO] [client-9] Round 18 — sending update…
2026-10-06 00:38:29,751 [INFO] recv 13933B via direct in 588ms
2026-10-06 00:38:29,755 [INFO] [client-1] Round 18 — training locally…
2026-10-06 00:38:29,840 [INFO] [client-1] Round 18 — sending update…
2026-10-06 00:38:29,843 [INFO] recv 13933B via direct in 584ms
2026-10-06 00:38:29,846 [INFO] [client-2] Round 18 — training locally…
2026-10-06 00:38:29,938 [INFO] [client-2] Round 18 — sending update…
2026-10-06 00:38:29,942 [INFO] recv 13933B via direct in 584ms
2026-10-06 00:38:29,946 [INFO] [client-0] Round 18 — training locally…
2026-10-06 00:38:30,017 [INFO] [client-0] Round 18 — sending update…
2026-10-06 00:38:30,019 [INFO] recv 13933B via direct in 583ms
2026-10-06 00:38:30,022 [INFO] [client-8] Round 18 — training locally…
2026-10-06 00:38:30,114 [INFO] [client-8] Round 18 — sending update…
2026-10-06 00:38:30,118 [INFO] send 13933B via direct in 763ms (0.15 Mbit/s) to 0f9e51b9cf8832d6
2026-10-06 00:38:30,120 [INFO] Round 18 — waiting for 10 updates…
2026-10-06 00:38:30,132 [INFO] recv 13933B via direct in 13ms
2026-10-06 00:38:30,251 [WARNING] transfer attempt 1/3 failed (stream not acknowledged: IrohError:  closed by peer: 0) — retrying
2026-10-06 00:38:30,431 [INFO] recv 13933B via direct in 309ms
2026-10-06 00:38:30,460 [INFO] recv 13933B via direct in 334ms
2026-10-06 00:38:30,465 [INFO] recv 13933B via direct in 336ms
2026-10-06 00:38:30,470 [INFO] recv 13933B via direct in 336ms
2026-10-06 00:38:30,475 [INFO] recv 13933B via direct in 337ms
2026-10-06 00:38:30,478 [INFO] recv 13933B via direct in 313ms
2026-10-06 00:38:30,482 [INFO] recv 13933B via direct in 216ms
2026-10-06 00:38:30,532 [INFO] send 13933B via direct in 1233ms (0.09 Mbit/s) to 260113b82f0e1fff
2026-10-06 00:38:30,616 [INFO] [client-5] Round 18 done — loss=0.9714 acc=0.5505  2.3s
2026-10-06 00:38:30,617 [INFO] [client-5] Round 19 — receiving model…
2026-10-06 00:38:30,622 [INFO] send 13933B via direct in 1180ms (0.09 Mbit/s) to 260113b82f0e1fff
2026-10-06 00:38:30,641 [INFO] [client-6] Round 18 done — loss=1.0086 acc=0.4944  2.3s
2026-10-06 00:38:30,642 [INFO] [client-6] Round 19 — receiving model…
2026-10-06 00:38:30,643 [INFO] send 13933B via direct in 1075ms (0.10 Mbit/s) to 260113b82f0e1fff
2026-10-06 00:38:30,657 [INFO] [client-4] Round 18 done — loss=1.0141 acc=0.4986  2.3s
2026-10-06 00:38:30,658 [INFO] [client-4] Round 19 — receiving model…
2026-10-06 00:38:30,659 [INFO] send 13933B via direct in 969ms (0.12 Mbit/s) to 260113b82f0e1fff
2026-10-06 00:38:30,679 [INFO] [client-7] Round 18 done — loss=1.0292 acc=0.4440  2.4s
2026-10-06 00:38:30,680 [INFO] [client-7] Round 19 — receiving model…
2026-10-06 00:38:30,681 [INFO] send 13933B via direct in 868ms (0.13 Mbit/s) to 260113b82f0e1fff
2026-10-06 00:38:30,709 [INFO] [client-9] Round 18 done — loss=1.0094 acc=0.5246  2.4s
2026-10-06 00:38:30,710 [INFO] [client-9] Round 19 — receiving model…
2026-10-06 00:38:30,711 [INFO] send 13933B via direct in 778ms (0.14 Mbit/s) to 260113b82f0e1fff
2026-10-06 00:38:30,732 [INFO] [client-1] Round 18 done — loss=1.0571 acc=0.4186  2.3s
2026-10-06 00:38:30,733 [INFO] [client-1] Round 19 — receiving model…
2026-10-06 00:38:30,734 [INFO] send 13933B via direct in 679ms (0.16 Mbit/s) to 260113b82f0e1fff
2026-10-06 00:38:30,750 [INFO] [client-2] Round 18 done — loss=0.9561 acc=0.5333  2.5s
2026-10-06 00:38:30,751 [INFO] [client-2] Round 19 — receiving model…
2026-10-06 00:38:30,752 [INFO] recv 13933B via direct in 279ms
2026-10-06 00:38:30,757 [INFO] send 13933B via direct in 734ms (0.15 Mbit/s) to 260113b82f0e1fff
2026-10-06 00:38:30,781 [INFO] [client-0] Round 18 done — loss=1.0479 acc=0.4674  2.3s
2026-10-06 00:38:30,782 [INFO] [client-0] Round 19 — receiving model…
2026-10-06 00:38:30,784 [INFO] recv 13933B via direct in 330ms
2026-10-06 00:38:30,806 [INFO] Round 18/20  acc=0.4718  loss=1.0600  2.3s  clients=10
2026-10-06 00:38:30,807 [INFO] Round 19 — sending model to 10 clients…
2026-10-06 00:38:30,815 [INFO] send 13933B via direct in 666ms (0.17 Mbit/s) to 260113b82f0e1fff
2026-10-06 00:38:30,833 [INFO] [client-8] Round 18 done — loss=0.7561 acc=0.7163  2.3s
2026-10-06 00:38:30,834 [INFO] [client-8] Round 19 — receiving model…
2026-10-06 00:38:31,351 [INFO] recv 13933B via direct in 226ms
2026-10-06 00:38:31,353 [INFO] [client-1] Round 19 — training locally…
2026-10-06 00:38:31,455 [INFO] [client-1] Round 19 — sending update…
2026-10-06 00:38:31,460 [INFO] recv 13933B via direct in 221ms
2026-10-06 00:38:31,462 [INFO] [client-4] Round 19 — training locally…
2026-10-06 00:38:31,554 [INFO] [client-4] Round 19 — sending update…
2026-10-06 00:38:31,557 [INFO] recv 13933B via direct in 235ms
2026-10-06 00:38:31,559 [INFO] [client-9] Round 19 — training locally…
2026-10-06 00:38:31,643 [INFO] [client-9] Round 19 — sending update…
2026-10-06 00:38:31,650 [INFO] recv 13933B via direct in 233ms
2026-10-06 00:38:31,653 [INFO] [client-2] Round 19 — training locally…
2026-10-06 00:38:31,756 [INFO] [client-2] Round 19 — sending update…
2026-10-06 00:38:31,763 [INFO] recv 13933B via direct in 338ms
2026-10-06 00:38:31,765 [INFO] [client-7] Round 19 — training locally…
2026-10-06 00:38:31,857 [INFO] [client-7] Round 19 — sending update…
2026-10-06 00:38:31,861 [INFO] send 13933B via direct in 837ms (0.13 Mbit/s) to 6a763a8245f01d71
2026-10-06 00:38:31,862 [INFO] send 13933B via direct in 839ms (0.13 Mbit/s) to 6d36a26a79f34dda
2026-10-06 00:38:31,863 [INFO] send 13933B via direct in 839ms (0.13 Mbit/s) to 17885feeb6c66fd1
2026-10-06 00:38:31,864 [INFO] send 13933B via direct in 838ms (0.13 Mbit/s) to 0f9e51b9cf8832d6
2026-10-06 00:38:31,865 [INFO] send 13933B via direct in 836ms (0.13 Mbit/s) to 6a94cc8d59461795
2026-10-06 00:38:31,866 [INFO] send 13933B via direct in 836ms (0.13 Mbit/s) to 82f1e3cbbaa2d495
2026-10-06 00:38:31,867 [INFO] send 13933B via direct in 836ms (0.13 Mbit/s) to 70c50c5658b6ac77
2026-10-06 00:38:31,868 [INFO] send 13933B via direct in 836ms (0.13 Mbit/s) to af0b206fdfff01f1
2026-10-06 00:38:31,870 [INFO] send 13933B via direct in 835ms (0.13 Mbit/s) to 4fbc06c348e7250e
2026-10-06 00:38:31,874 [INFO] send 13933B via direct in 836ms (0.13 Mbit/s) to 86e65d1c9f47fc28
2026-10-06 00:38:31,885 [INFO] recv 13933B via direct in 626ms
2026-10-06 00:38:31,895 [INFO] [client-5] Round 19 — training locally…
2026-10-06 00:38:33,065 [INFO] [client-5] Round 19 — sending update…
2026-10-06 00:38:33,067 [INFO] recv 13933B via direct in 618ms
2026-10-06 00:38:33,070 [INFO] [client-0] Round 19 — training locally…
2026-10-06 00:38:33,166 [INFO] [client-0] Round 19 — sending update…
2026-10-06 00:38:33,170 [INFO] recv 13933B via direct in 617ms
2026-10-06 00:38:33,173 [INFO] [client-8] Round 19 — training locally…
2026-10-06 00:38:33,326 [INFO] [client-8] Round 19 — sending update…
2026-10-06 00:38:33,329 [INFO] recv 13933B via direct in 616ms
2026-10-06 00:38:33,332 [INFO] [client-6] Round 19 — training locally…
2026-10-06 00:38:33,483 [INFO] [client-6] Round 19 — sending update…
2026-10-06 00:38:33,485 [INFO] Round 19 — waiting for 10 updates…
2026-10-06 00:38:33,500 [INFO] send 13933B via direct in 4289ms (0.03 Mbit/s) to 260113b82f0e1fff (attempt 2)
2026-10-06 00:38:33,518 [INFO] [client-3] Round 18 done — loss=1.0441 acc=0.4564  5.2s
2026-10-06 00:38:33,519 [INFO] [client-3] Round 19 — receiving model…
2026-10-06 00:38:33,520 [INFO] recv 13933B via direct in 624ms
2026-10-06 00:38:33,523 [INFO] [client-3] Round 19 — training locally…
2026-10-06 00:38:33,665 [INFO] [client-3] Round 19 — sending update…
2026-10-06 00:38:33,669 [INFO] recv 13933B via direct in 1639ms
2026-10-06 00:38:33,674 [INFO] recv 13933B via direct in 1795ms
2026-10-06 00:38:33,676 [INFO] recv 13933B via direct in 1783ms
2026-10-06 00:38:33,714 [INFO] send 13933B via direct in 2256ms (0.05 Mbit/s) to 260113b82f0e1fff
2026-10-06 00:38:33,785 [INFO] [client-1] Round 19 done — loss=1.0571 acc=0.4241  3.1s
2026-10-06 00:38:33,786 [INFO] [client-1] Round 20 — receiving model…
2026-10-06 00:38:33,788 [INFO] send 13933B via direct in 2157ms (0.05 Mbit/s) to 260113b82f0e1fff
2026-10-06 00:38:33,814 [INFO] [client-4] Round 19 done — loss=1.0129 acc=0.4983  3.2s
2026-10-06 00:38:33,816 [INFO] [client-4] Round 20 — receiving model…
2026-10-06 00:38:33,822 [INFO] recv 13933B via direct in 328ms
2026-10-06 00:38:33,824 [INFO] recv 13933B via direct in 328ms
2026-10-06 00:38:33,826 [INFO] recv 13933B via direct in 329ms
2026-10-06 00:38:33,828 [INFO] recv 13933B via direct in 329ms
2026-10-06 00:38:33,831 [INFO] recv 13933B via direct in 329ms
2026-10-06 00:38:33,890 [INFO] send 13933B via direct in 2243ms (0.05 Mbit/s) to 260113b82f0e1fff
2026-10-06 00:38:33,960 [INFO] [client-9] Round 19 done — loss=1.0066 acc=0.5186  3.2s
2026-10-06 00:38:33,961 [INFO] [client-9] Round 20 — receiving model…
2026-10-06 00:38:33,965 [INFO] send 13933B via direct in 2205ms (0.05 Mbit/s) to 260113b82f0e1fff
2026-10-06 00:38:33,993 [INFO] [client-2] Round 19 done — loss=0.9545 acc=0.5337  3.2s
2026-10-06 00:38:33,994 [INFO] [client-2] Round 20 — receiving model…
2026-10-06 00:38:33,996 [INFO] send 13933B via direct in 2103ms (0.05 Mbit/s) to 260113b82f0e1fff
2026-10-06 00:38:34,013 [INFO] [client-7] Round 19 done — loss=1.0254 acc=0.4564  3.3s
2026-10-06 00:38:34,014 [INFO] [client-7] Round 20 — receiving model…
2026-10-06 00:38:34,015 [INFO] send 13933B via direct in 897ms (0.12 Mbit/s) to 260113b82f0e1fff
2026-10-06 00:38:34,031 [INFO] [client-5] Round 19 done — loss=0.9663 acc=0.5580  3.4s
2026-10-06 00:38:34,032 [INFO] [client-5] Round 20 — receiving model…
2026-10-06 00:38:34,033 [INFO] send 13933B via direct in 795ms (0.14 Mbit/s) to 260113b82f0e1fff
2026-10-06 00:38:34,053 [INFO] [client-0] Round 19 done — loss=1.0544 acc=0.4475  3.3s
2026-10-06 00:38:34,054 [INFO] [client-0] Round 20 — receiving model…
2026-10-06 00:38:34,057 [INFO] recv 13933B via direct in 387ms
2026-10-06 00:38:34,060 [INFO] recv 13933B via direct in 240ms
2026-10-06 00:38:34,087 [INFO] Round 19/20  acc=0.4664  loss=1.0619  3.3s  clients=10
2026-10-06 00:38:34,088 [INFO] Round 20 — sending model to 10 clients…
2026-10-06 00:38:34,102 [INFO] send 13933B via direct in 774ms (0.14 Mbit/s) to 260113b82f0e1fff
2026-10-06 00:38:34,126 [INFO] [client-8] Round 19 done — loss=0.7558 acc=0.7109  3.3s
2026-10-06 00:38:34,127 [INFO] [client-8] Round 20 — receiving model…
2026-10-06 00:38:34,128 [INFO] send 13933B via direct in 617ms (0.18 Mbit/s) to 260113b82f0e1fff
2026-10-06 00:38:34,155 [INFO] [client-6] Round 19 done — loss=1.0129 acc=0.4948  3.5s
2026-10-06 00:38:34,156 [INFO] [client-6] Round 20 — receiving model…
2026-10-06 00:38:34,281 [INFO] send 13933B via direct in 608ms (0.18 Mbit/s) to 260113b82f0e1fff
2026-10-06 00:38:34,431 [INFO] [client-3] Round 19 done — loss=1.0419 acc=0.4543  0.9s
2026-10-06 00:38:34,433 [INFO] [client-3] Round 20 — receiving model…
2026-10-06 00:38:34,761 [INFO] recv 13933B via direct in 309ms
2026-10-06 00:38:34,777 [INFO] [client-5] Round 20 — training locally…
2026-10-06 00:38:34,936 [INFO] [client-5] Round 20 — sending update…
2026-10-06 00:38:34,939 [INFO] recv 13933B via direct in 310ms
2026-10-06 00:38:34,943 [INFO] [client-8] Round 20 — training locally…
2026-10-06 00:38:35,074 [INFO] [client-8] Round 20 — sending update…
2026-10-06 00:38:35,078 [INFO] recv 13933B via direct in 314ms
2026-10-06 00:38:35,083 [INFO] [client-6] Round 20 — training locally…
2026-10-06 00:38:35,190 [INFO] [client-6] Round 20 — sending update…
2026-10-06 00:38:35,200 [INFO] send 13933B via direct in 1103ms (0.10 Mbit/s) to 6a94cc8d59461795
2026-10-06 00:38:35,201 [INFO] send 13933B via direct in 1101ms (0.10 Mbit/s) to af0b206fdfff01f1
2026-10-06 00:38:35,202 [INFO] send 13933B via direct in 1099ms (0.10 Mbit/s) to 4fbc06c348e7250e
2026-10-06 00:38:35,203 [INFO] send 13933B via direct in 1098ms (0.10 Mbit/s) to 0f9e51b9cf8832d6
2026-10-06 00:38:35,204 [INFO] send 13933B via direct in 1096ms (0.10 Mbit/s) to 82f1e3cbbaa2d495
2026-10-06 00:38:35,205 [INFO] send 13933B via direct in 1096ms (0.10 Mbit/s) to 70c50c5658b6ac77
2026-10-06 00:38:35,206 [INFO] send 13933B via direct in 1095ms (0.10 Mbit/s) to 17885feeb6c66fd1
2026-10-06 00:38:35,207 [INFO] send 13933B via direct in 1094ms (0.10 Mbit/s) to 86e65d1c9f47fc28
2026-10-06 00:38:35,208 [INFO] recv 13933B via direct in 640ms
2026-10-06 00:38:35,211 [INFO] [client-7] Round 20 — training locally…
2026-10-06 00:38:35,337 [INFO] [client-7] Round 20 — sending update…
2026-10-06 00:38:35,339 [INFO] recv 13933B via direct in 640ms
2026-10-06 00:38:35,344 [INFO] [client-3] Round 20 — training locally…
2026-10-06 00:38:35,444 [INFO] [client-3] Round 20 — sending update…
2026-10-06 00:38:35,447 [INFO] send 13933B via direct in 1094ms (0.10 Mbit/s) to 6d36a26a79f34dda
2026-10-06 00:38:35,453 [INFO] send 13933B via direct in 1095ms (0.10 Mbit/s) to 6a763a8245f01d71
2026-10-06 00:38:35,453 [INFO] recv 13933B via direct in 757ms
2026-10-06 00:38:35,456 [INFO] [client-0] Round 20 — training locally…
2026-10-06 00:38:35,530 [INFO] [client-0] Round 20 — sending update…
2026-10-06 00:38:35,533 [INFO] recv 13933B via direct in 758ms
2026-10-06 00:38:35,537 [INFO] [client-2] Round 20 — training locally…
2026-10-06 00:38:35,691 [INFO] [client-2] Round 20 — sending update…
2026-10-06 00:38:35,695 [INFO] recv 13933B via direct in 758ms
2026-10-06 00:38:35,699 [INFO] [client-1] Round 20 — training locally…
2026-10-06 00:38:35,818 [INFO] [client-1] Round 20 — sending update…
2026-10-06 00:38:35,820 [INFO] recv 13933B via direct in 759ms
2026-10-06 00:38:35,824 [INFO] [client-4] Round 20 — training locally…
2026-10-06 00:38:35,942 [INFO] [client-4] Round 20 — sending update…
2026-10-06 00:38:35,944 [INFO] recv 13933B via direct in 759ms
2026-10-06 00:38:35,948 [INFO] [client-9] Round 20 — training locally…
2026-10-06 00:38:36,053 [INFO] [client-9] Round 20 — sending update…
2026-10-06 00:38:36,055 [INFO] Round 20 — waiting for 10 updates…
2026-10-06 00:38:36,056 [INFO] recv 13933B via direct in 117ms
2026-10-06 00:38:36,074 [INFO] recv 13933B via direct in 15ms
2026-10-06 00:38:36,175 [WARNING] transfer attempt 1/3 failed (stream not acknowledged: IrohError:  closed by peer: 0) — retrying
2026-10-06 00:38:36,371 [INFO] recv 13933B via direct in 307ms
2026-10-06 00:38:36,381 [INFO] recv 13933B via direct in 308ms
2026-10-06 00:38:36,389 [INFO] recv 13933B via direct in 320ms
2026-10-06 00:38:36,393 [INFO] recv 13933B via direct in 321ms
2026-10-06 00:38:36,396 [WARNING] Round 20 — discarding update from unselected/duplicate peer 82f1e3cbbaa2d495
2026-10-06 00:38:36,399 [INFO] recv 13933B via direct in 321ms
2026-10-06 00:38:36,403 [INFO] recv 13933B via direct in 322ms
2026-10-06 00:38:36,407 [INFO] recv 13933B via direct in 263ms
2026-10-06 00:38:36,463 [INFO] recv 13933B via direct in 214ms
2026-10-06 00:38:36,474 [INFO] send 13933B via direct in 1134ms (0.10 Mbit/s) to 260113b82f0e1fff
2026-10-06 00:38:36,502 [INFO] [client-7] Round 20 done — loss=1.0278 acc=0.4591  2.5s
2026-10-06 00:38:36,505 [INFO] send 13933B via direct in 1057ms (0.11 Mbit/s) to 260113b82f0e1fff
2026-10-06 00:38:36,522 [INFO] [client-3] Round 20 done — loss=1.0382 acc=0.4540  2.1s
2026-10-06 00:38:36,524 [INFO] send 13933B via direct in 971ms (0.12 Mbit/s) to 260113b82f0e1fff
2026-10-06 00:38:36,542 [INFO] [client-0] Round 20 done — loss=1.0519 acc=0.4588  2.5s
2026-10-06 00:38:36,543 [INFO] send 13933B via direct in 810ms (0.14 Mbit/s) to 260113b82f0e1fff
2026-10-06 00:38:36,559 [INFO] [client-2] Round 20 done — loss=0.9617 acc=0.5412  2.6s
2026-10-06 00:38:36,561 [INFO] send 13933B via direct in 1427ms (0.08 Mbit/s) to 260113b82f0e1fff
2026-10-06 00:38:36,579 [INFO] [client-8] Round 20 done — loss=0.7594 acc=0.7133  2.5s
2026-10-06 00:38:36,580 [INFO] send 13933B via direct in 685ms (0.16 Mbit/s) to 260113b82f0e1fff
2026-10-06 00:38:36,596 [INFO] [client-1] Round 20 done — loss=1.0577 acc=0.4275  2.8s
2026-10-06 00:38:36,597 [INFO] send 13933B via direct in 1312ms (0.09 Mbit/s) to 260113b82f0e1fff
2026-10-06 00:38:36,613 [INFO] [client-6] Round 20 done — loss=1.0150 acc=0.4972  2.5s
2026-10-06 00:38:36,615 [INFO] send 13933B via direct in 671ms (0.17 Mbit/s) to 260113b82f0e1fff
2026-10-06 00:38:36,633 [INFO] [client-4] Round 20 done — loss=1.0116 acc=0.5007  2.8s
2026-10-06 00:38:36,634 [INFO] recv 13933B via direct in 253ms
2026-10-06 00:38:36,656 [INFO] Round 20/20  acc=0.4631  loss=1.0655  2.6s  clients=10
2026-10-06 00:38:36,672 [INFO] send 13933B via direct in 617ms (0.18 Mbit/s) to 260113b82f0e1fff
2026-10-06 00:38:36,689 [INFO] [client-9] Round 20 done — loss=1.0101 acc=0.5270  2.7s
2026-10-06 00:38:37,803 [INFO] send 13933B via direct in 2864ms (0.04 Mbit/s) to 260113b82f0e1fff (attempt 2)
2026-10-06 00:38:37,860 [INFO] [client-5] Round 20 done — loss=0.9781 acc=0.5505  3.8s
2026-10-06 00:38:37,974 [INFO] CoAP server [client-0] stopped
2026-10-06 00:38:38,097 [INFO] CoAP server [client-1] stopped
2026-10-06 00:38:38,212 [INFO] CoAP server [client-2] stopped
2026-10-06 00:38:38,318 [INFO] CoAP server [client-3] stopped
2026-10-06 00:38:38,425 [INFO] CoAP server [client-4] stopped
2026-10-06 00:38:39,099 [INFO] CoAP server [client-5] stopped
2026-10-06 00:38:39,210 [INFO] CoAP server [client-6] stopped
2026-10-06 00:38:39,326 [INFO] CoAP server [client-7] stopped
2026-10-06 00:38:39,438 [INFO] CoAP server [client-8] stopped
2026-10-06 00:38:39,553 [INFO] CoAP server [client-9] stopped
2026-10-06 00:38:39,667 [INFO] CoAP server [server] stopped
2026-10-06 00:38:39,703 [INFO] Exported 20 rows → results/e11/delay_100/e7_airmlp_geographic_round_events.csv
2026-10-06 00:38:59,844 [INFO] AirMLP airmlp_geographic done: {'node_id': 'server', 'architecture': 'B', 'scenario': 'e7_airmlp_geographic', 'rounds_total': 20, 'rounds_success': 20, 'test_acc_final': 0.4630721707385566, 'test_acc_max': 0.4717775905644482, 'duration_mean_sec': 4.916345085049943, 'pct_direct': 0.0, 'pct_relay': 0.0, 'bytes_to_aggregator': 2793800}  macro-F1=0.3837  bal-acc=0.4197
2026-10-06 00:38:59,864 [INFO] E11 delay_100: {"condition": "delay_100", "netem": "delay 100ms", "fl_wall_s": 168.0, "rounds_ok": 20, "rounds": 20, "round_s_median": 2.272, "round_s_max": 53.888, "test_acc_final": 0.4630721707385566, "macro_f1": 0.38366948886941477, "balanced_accuracy": 0.4197162609976685, "xfer_100kB_ok": "10/10", "xfer_100kB_ms_median": 1074.2, "xfer_1000kB_ok": "10/10", "xfer_1000kB_ms_median": 1859.6, "xfer_10000kB_ok": "10/10", "xfer_10000kB_ms_median": 4566.6}
