2026-09-28 22:58:03,999 [INFO] Iroh node started: 69a1c1fff3d106c4  addrs=['10.77.0.1:59208']
2026-09-28 22:58:04,662 [INFO] Iroh node started: ede45eed0de421db  addrs=['10.77.0.1:58839']
2026-09-28 22:58:08,827 [INFO] send 100000B via direct in 4155ms (0.19 Mbit/s) to ede45eed0de421db
2026-09-28 22:58:08,831 [INFO] recv 100000B via direct in 2784ms
2026-09-28 22:58:10,540 [INFO] send 100000B via direct in 1703ms (0.47 Mbit/s) to ede45eed0de421db
2026-09-28 22:58:10,604 [INFO] recv 100000B via direct in 1295ms
2026-09-28 22:58:13,403 [INFO] send 100000B via direct in 2796ms (0.29 Mbit/s) to ede45eed0de421db
2026-09-28 22:58:13,410 [INFO] recv 100000B via direct in 2408ms
2026-09-28 22:58:16,894 [INFO] send 100000B via direct in 3477ms (0.23 Mbit/s) to ede45eed0de421db
2026-09-28 22:58:16,900 [INFO] recv 100000B via direct in 3062ms
2026-09-28 22:58:18,489 [INFO] send 100000B via direct in 1582ms (0.51 Mbit/s) to ede45eed0de421db
2026-09-28 22:58:18,494 [INFO] recv 100000B via direct in 1142ms
2026-09-28 22:58:22,754 [INFO] send 100000B via direct in 3125ms (0.26 Mbit/s) to ede45eed0de421db
2026-09-28 22:58:22,768 [INFO] recv 100000B via direct in 709ms
2026-09-28 22:58:25,602 [INFO] send 100000B via direct in 1018ms (0.79 Mbit/s) to ede45eed0de421db
2026-09-28 22:58:25,608 [INFO] recv 100000B via direct in 2720ms
2026-09-28 22:58:28,179 [INFO] send 100000B via direct in 2561ms (0.31 Mbit/s) to ede45eed0de421db
2026-09-28 22:58:28,181 [INFO] recv 100000B via direct in 1390ms
2026-09-28 22:58:43,719 [INFO] send 1000000B via direct in 13981ms (0.57 Mbit/s) to ede45eed0de421db
2026-09-28 22:58:43,726 [INFO] recv 100000B via direct in 638ms
2026-09-28 22:58:54,851 [INFO] send 1000000B via direct in 11117ms (0.72 Mbit/s) to ede45eed0de421db
2026-09-28 22:58:54,852 [INFO] recv 100000B via direct in 2188ms
2026-09-28 22:59:10,991 [INFO] send 1000000B via direct in 14388ms (0.56 Mbit/s) to ede45eed0de421db
2026-09-28 22:59:10,993 [INFO] recv 1000000B via direct in 13543ms
2026-09-28 22:59:22,728 [INFO] send 1000000B via direct in 11731ms (0.68 Mbit/s) to ede45eed0de421db
2026-09-28 22:59:22,734 [INFO] recv 1000000B via direct in 10679ms
2026-09-28 22:59:35,323 [INFO] send 1000000B via direct in 12580ms (0.64 Mbit/s) to ede45eed0de421db
2026-09-28 22:59:35,329 [INFO] recv 1000000B via direct in 13928ms
2026-09-28 22:59:48,208 [INFO] send 1000000B via direct in 11547ms (0.69 Mbit/s) to ede45eed0de421db
2026-09-28 22:59:48,213 [INFO] recv 1000000B via direct in 11276ms
2026-09-28 23:00:00,697 [INFO] send 1000000B via direct in 12474ms (0.64 Mbit/s) to ede45eed0de421db
2026-09-28 23:00:00,704 [INFO] recv 1000000B via direct in 12101ms
2026-09-28 23:00:13,416 [INFO] send 1000000B via direct in 12703ms (0.63 Mbit/s) to ede45eed0de421db
2026-09-28 23:00:13,418 [INFO] recv 1000000B via direct in 11086ms
2026-09-28 23:00:21,499 [INFO] send 1000000B via direct in 6615ms (1.21 Mbit/s) to ede45eed0de421db
2026-09-28 23:00:21,502 [INFO] recv 1000000B via direct in 12018ms
2026-09-28 23:00:33,695 [INFO] send 1000000B via direct in 12187ms (0.66 Mbit/s) to ede45eed0de421db
2026-09-28 23:00:33,701 [INFO] recv 1000000B via direct in 12262ms
2026-09-28 23:02:17,764 [INFO] send 10000000B via direct in 99514ms (0.80 Mbit/s) to ede45eed0de421db
2026-09-28 23:02:17,769 [INFO] recv 1000000B via direct in 6152ms
2026-09-28 23:03:58,050 [INFO] send 10000000B via direct in 95758ms (0.84 Mbit/s) to ede45eed0de421db
2026-09-28 23:03:58,060 [INFO] recv 1000000B via direct in 11744ms
2026-09-28 23:05:34,784 [INFO] send 10000000B via direct in 92144ms (0.87 Mbit/s) to ede45eed0de421db
2026-09-28 23:05:34,795 [INFO] recv 10000000B via direct in 97913ms
2026-09-28 23:07:21,922 [INFO] send 10000000B via direct in 102516ms (0.78 Mbit/s) to ede45eed0de421db
2026-09-28 23:07:21,929 [INFO] recv 10000000B via direct in 94162ms
2026-09-28 23:09:03,042 [INFO] send 10000000B via direct in 96334ms (0.83 Mbit/s) to ede45eed0de421db
2026-09-28 23:09:03,046 [INFO] recv 10000000B via direct in 90725ms
2026-09-28 23:10:43,209 [INFO] send 10000000B via direct in 95149ms (0.84 Mbit/s) to ede45eed0de421db
2026-09-28 23:10:43,213 [INFO] recv 10000000B via direct in 101081ms
2026-09-28 23:12:30,490 [INFO] send 10000000B via direct in 102282ms (0.78 Mbit/s) to ede45eed0de421db
2026-09-28 23:12:30,495 [INFO] recv 10000000B via direct in 94867ms
2026-09-28 23:16:13,485 [INFO] send 10000000B via direct in 107351ms (0.75 Mbit/s) to ede45eed0de421db
2026-09-28 23:16:13,490 [INFO] recv 10000000B via direct in 93625ms
2026-09-28 23:17:46,602 [INFO] send 10000000B via direct in 88159ms (0.91 Mbit/s) to ede45eed0de421db
2026-09-28 23:17:46,608 [INFO] recv 10000000B via direct in 100807ms
2026-09-28 23:19:29,727 [INFO] === E7 AirMLP + FedAvg — geographic ===
2026-09-28 23:19:30,608 [INFO] Air quality dataset loaded: 28514 train / 3561 test | 6 features | 3 classes
2026-09-28 23:19:30,615 [INFO] Geographic partition: 10 provinces  min=2305  max=2922  mean=2851
2026-09-28 23:19:30,907 [INFO] AirMLP class weights: [1.026976466178894, 1.0868686437606812, 0.904000997543335]
2026-09-28 23:19:31,806 [INFO] Iroh node started: 425a90352e083e84  addrs=['10.77.0.1:47505']
2026-09-28 23:19:32,544 [INFO] CoAP server [server] listening on 0.0.0.0:5783
2026-09-28 23:19:32,545 [INFO] FLServer server started (mock=False)
2026-09-28 23:19:33,201 [INFO] Iroh node started: a8b7f4d21977cde4  addrs=['10.77.0.1:59636']
2026-09-28 23:19:33,238 [INFO] CoAP server [client-0] listening on 0.0.0.0:5784
2026-09-28 23:19:33,241 [INFO] FLClient client-0 started (mock=False)
2026-09-28 23:19:33,246 [INFO] Registered client client-0  iroh=a8b7f4d21977cde4
2026-09-28 23:19:33,985 [INFO] Iroh node started: 46dc91cee83faa2a  addrs=['10.77.0.1:44910']
2026-09-28 23:19:34,032 [INFO] CoAP server [client-1] listening on 0.0.0.0:5785
2026-09-28 23:19:34,038 [INFO] FLClient client-1 started (mock=False)
2026-09-28 23:19:34,043 [INFO] Registered client client-1  iroh=46dc91cee83faa2a
2026-09-28 23:19:34,794 [INFO] Iroh node started: 265c018623f0a03d  addrs=['10.77.0.1:48585']
2026-09-28 23:19:34,804 [INFO] CoAP server [client-2] listening on 0.0.0.0:5786
2026-09-28 23:19:34,806 [INFO] FLClient client-2 started (mock=False)
2026-09-28 23:19:34,807 [INFO] Registered client client-2  iroh=265c018623f0a03d
2026-09-28 23:19:35,477 [INFO] Iroh node started: 3e3b9d7a8a4b8622  addrs=['10.77.0.1:54653']
2026-09-28 23:19:35,510 [INFO] CoAP server [client-3] listening on 0.0.0.0:5787
2026-09-28 23:19:35,516 [INFO] FLClient client-3 started (mock=False)
2026-09-28 23:19:35,520 [INFO] Registered client client-3  iroh=3e3b9d7a8a4b8622
2026-09-28 23:19:36,266 [INFO] Iroh node started: ec044e0daec7685e  addrs=['10.77.0.1:37092']
2026-09-28 23:19:36,308 [INFO] CoAP server [client-4] listening on 0.0.0.0:5788
2026-09-28 23:19:36,314 [INFO] FLClient client-4 started (mock=False)
2026-09-28 23:19:36,318 [INFO] Registered client client-4  iroh=ec044e0daec7685e
2026-09-28 23:19:37,069 [INFO] Iroh node started: 03ca09819deb5428  addrs=['10.77.0.1:35952']
2026-09-28 23:19:37,091 [INFO] CoAP server [client-5] listening on 0.0.0.0:5789
2026-09-28 23:19:37,098 [INFO] FLClient client-5 started (mock=False)
2026-09-28 23:19:37,105 [INFO] Registered client client-5  iroh=03ca09819deb5428
2026-09-28 23:19:37,825 [INFO] Iroh node started: 6649e64609327c72  addrs=['10.77.0.1:38804']
2026-09-28 23:19:37,861 [INFO] CoAP server [client-6] listening on 0.0.0.0:5790
2026-09-28 23:19:37,863 [INFO] FLClient client-6 started (mock=False)
2026-09-28 23:19:37,869 [INFO] Registered client client-6  iroh=6649e64609327c72
2026-09-28 23:19:38,613 [INFO] Iroh node started: 73d34f254aeca589  addrs=['10.77.0.1:52162']
2026-09-28 23:19:38,654 [INFO] CoAP server [client-7] listening on 0.0.0.0:5791
2026-09-28 23:19:38,658 [INFO] FLClient client-7 started (mock=False)
2026-09-28 23:19:38,662 [INFO] Registered client client-7  iroh=73d34f254aeca589
2026-09-28 23:19:39,436 [INFO] Iroh node started: 918234fd42fddcef  addrs=['10.77.0.1:37794']
2026-09-28 23:19:39,473 [INFO] CoAP server [client-8] listening on 0.0.0.0:5792
2026-09-28 23:19:39,480 [INFO] FLClient client-8 started (mock=False)
2026-09-28 23:19:39,482 [INFO] Registered client client-8  iroh=918234fd42fddcef
2026-09-28 23:19:40,237 [INFO] Iroh node started: 293da6c53ffb3b6c  addrs=['10.77.0.1:36779']
2026-09-28 23:19:41,949 [INFO] CoAP server [client-9] listening on 0.0.0.0:5793
2026-09-28 23:19:41,954 [INFO] FLClient client-9 started (mock=False)
2026-09-28 23:19:41,958 [INFO] Registered client client-9  iroh=293da6c53ffb3b6c
2026-09-28 23:19:41,963 [INFO] Round 1 — sending model to 10 clients…
2026-09-28 23:19:41,968 [INFO] [client-0] Round 1 — receiving model…
2026-09-28 23:19:41,971 [INFO] [client-1] Round 1 — receiving model…
2026-09-28 23:19:41,974 [INFO] [client-2] Round 1 — receiving model…
2026-09-28 23:19:41,977 [INFO] [client-3] Round 1 — receiving model…
2026-09-28 23:19:41,980 [INFO] [client-4] Round 1 — receiving model…
2026-09-28 23:19:41,983 [INFO] [client-5] Round 1 — receiving model…
2026-09-28 23:19:41,988 [INFO] [client-6] Round 1 — receiving model…
2026-09-28 23:19:41,991 [INFO] [client-7] Round 1 — receiving model…
2026-09-28 23:19:41,994 [INFO] [client-8] Round 1 — receiving model…
2026-09-28 23:19:41,998 [INFO] [client-9] Round 1 — receiving model…
2026-09-28 23:19:42,811 [INFO] recv 13933B via direct in 226ms
2026-09-28 23:19:42,839 [INFO] [client-5] Round 1 — training locally…
2026-09-28 23:21:15,307 [INFO] [client-5] Round 1 — sending update…
2026-09-28 23:21:15,310 [WARNING] _send_bytes connect attempt 1/3 failed (TimeoutError: ) — retrying in 5s
2026-09-28 23:21:15,311 [WARNING] _send_bytes connect attempt 1/3 failed (TimeoutError: ) — retrying in 5s
2026-09-28 23:21:15,312 [WARNING] _send_bytes connect attempt 1/3 failed (TimeoutError: ) — retrying in 5s
2026-09-28 23:21:15,313 [WARNING] _send_bytes connect attempt 1/3 failed (TimeoutError: ) — retrying in 5s
2026-09-28 23:21:15,314 [WARNING] _send_bytes connect attempt 1/3 failed (TimeoutError: ) — retrying in 5s
2026-09-28 23:21:15,315 [WARNING] _send_bytes connect attempt 1/3 failed (TimeoutError: ) — retrying in 5s
2026-09-28 23:21:15,319 [INFO] send 13933B via direct in 89494ms (0.00 Mbit/s) to 3e3b9d7a8a4b8622
2026-09-28 23:21:15,320 [INFO] send 13933B via direct in 89496ms (0.00 Mbit/s) to 6649e64609327c72
2026-09-28 23:21:15,321 [INFO] send 13933B via direct in 89489ms (0.00 Mbit/s) to 918234fd42fddcef
2026-09-28 23:21:15,323 [INFO] recv 13933B via direct in 89181ms
2026-09-28 23:21:15,325 [INFO] [client-3] Round 1 — training locally…
2026-09-28 23:21:15,451 [INFO] [client-3] Round 1 — sending update…
2026-09-28 23:21:15,456 [INFO] recv 13933B via direct in 89176ms
2026-09-28 23:21:15,458 [INFO] [client-6] Round 1 — training locally…
2026-09-28 23:21:15,566 [INFO] [client-6] Round 1 — sending update…
2026-09-28 23:21:15,572 [INFO] recv 13933B via direct in 89184ms
2026-09-28 23:21:15,575 [INFO] [client-8] Round 1 — training locally…
2026-09-28 23:21:15,689 [INFO] [client-8] Round 1 — sending update…
2026-09-28 23:21:15,692 [WARNING] iroh accept/read error [b'fl-model/1']: IrohError: 
2026-09-28 23:21:15,693 [WARNING] iroh accept/read error [b'fl-model/1']: IrohError: 
2026-09-28 23:21:15,694 [WARNING] iroh accept/read error [b'fl-model/1']: IrohError: 
2026-09-28 23:21:15,695 [WARNING] iroh accept/read error [b'fl-model/1']: IrohError: 
2026-09-28 23:21:15,695 [WARNING] iroh accept/read error [b'fl-model/1']: IrohError: 
2026-09-28 23:21:15,696 [WARNING] iroh accept/read error [b'fl-model/1']: IrohError: 
2026-09-28 23:21:16,108 [INFO] send 13933B via direct in 798ms (0.14 Mbit/s) to 425a90352e083e84
2026-09-28 23:21:16,176 [INFO] [client-5] Round 1 done — loss=1.0565 acc=0.4595  90.7s
2026-09-28 23:21:16,178 [INFO] [client-5] Round 2 — receiving model…
2026-09-28 23:21:16,179 [INFO] send 13933B via direct in 652ms (0.17 Mbit/s) to 425a90352e083e84
2026-09-28 23:21:16,194 [INFO] [client-3] Round 1 done — loss=1.0584 acc=0.4512  90.7s
2026-09-28 23:21:16,195 [INFO] [client-3] Round 2 — receiving model…
2026-09-28 23:21:16,210 [INFO] send 13933B via direct in 638ms (0.18 Mbit/s) to 425a90352e083e84
2026-09-28 23:21:16,230 [INFO] [client-6] Round 1 done — loss=1.0491 acc=0.4479  90.7s
2026-09-28 23:21:16,231 [INFO] [client-6] Round 2 — receiving model…
2026-09-28 23:21:16,517 [INFO] send 13933B via direct in 824ms (0.14 Mbit/s) to 425a90352e083e84
2026-09-28 23:21:16,584 [INFO] [client-8] Round 1 done — loss=0.8067 acc=0.6834  91.1s
2026-09-28 23:21:16,586 [INFO] [client-8] Round 2 — receiving model…
2026-09-28 23:21:20,820 [INFO] recv 13933B via direct in 221ms
2026-09-28 23:21:20,833 [INFO] [client-4] Round 1 — training locally…
2026-09-28 23:21:20,962 [INFO] [client-4] Round 1 — sending update…
2026-09-28 23:21:20,967 [INFO] send 13933B via direct in 95138ms (0.00 Mbit/s) to a8b7f4d21977cde4
2026-09-28 23:21:20,968 [INFO] recv 13933B via direct in 316ms
2026-09-28 23:21:20,973 [INFO] [client-0] Round 1 — training locally…
2026-09-28 23:21:21,078 [INFO] [client-0] Round 1 — sending update…
2026-09-28 23:21:21,082 [INFO] recv 13933B via direct in 326ms
2026-09-28 23:21:21,086 [INFO] [client-7] Round 1 — training locally…
2026-09-28 23:21:21,213 [INFO] [client-7] Round 1 — sending update…
2026-09-28 23:21:21,223 [INFO] send 13933B via direct in 95392ms (0.00 Mbit/s) to 265c018623f0a03d
2026-09-28 23:21:21,225 [INFO] send 13933B via direct in 95404ms (0.00 Mbit/s) to 73d34f254aeca589
2026-09-28 23:21:21,226 [INFO] recv 13933B via direct in 622ms
2026-09-28 23:21:21,230 [INFO] [client-1] Round 1 — training locally…
2026-09-28 23:21:21,425 [INFO] [client-1] Round 1 — sending update…
2026-09-28 23:21:21,428 [INFO] recv 13933B via direct in 588ms
2026-09-28 23:21:21,430 [INFO] [client-2] Round 1 — training locally…
2026-09-28 23:21:21,566 [INFO] [client-2] Round 1 — sending update…
2026-09-28 23:21:21,570 [INFO] recv 13933B via direct in 577ms
2026-09-28 23:21:21,574 [INFO] [client-9] Round 1 — training locally…
2026-09-28 23:21:21,701 [INFO] [client-9] Round 1 — sending update…
2026-09-28 23:21:21,710 [ERROR] send_tensors → client-5 FAILED: ConnectionError: stream not acknowledged: IrohError: 
2026-09-28 23:21:21,711 [ERROR] send_tensors → client-4 FAILED: ConnectionError: stream not acknowledged: IrohError: 
2026-09-28 23:21:21,712 [ERROR] send_tensors → client-9 FAILED: ConnectionError: stream not acknowledged: IrohError: 
2026-09-28 23:21:21,713 [ERROR] send_tensors → client-1 FAILED: ConnectionError: stream not acknowledged: IrohError: 
2026-09-28 23:21:21,714 [INFO] Round 1 — waiting for 6 updates…
2026-09-28 23:21:21,715 [INFO] recv 13933B via direct in 310ms
2026-09-28 23:21:21,717 [WARNING] Round 1 — discarding update from unselected/duplicate peer 03ca09819deb5428
2026-09-28 23:21:21,719 [INFO] recv 13933B via direct in 277ms
2026-09-28 23:21:21,721 [INFO] recv 13933B via direct in 203ms
2026-09-28 23:21:21,723 [INFO] recv 13933B via direct in 404ms
2026-09-28 23:21:21,726 [INFO] recv 13933B via direct in 21ms
2026-09-28 23:21:21,727 [WARNING] Round 1 — discarding update from unselected/duplicate peer ec044e0daec7685e
2026-09-28 23:21:21,794 [INFO] send 13933B via direct in 829ms (0.13 Mbit/s) to 425a90352e083e84
2026-09-28 23:21:21,871 [INFO] [client-4] Round 1 done — loss=1.0243 acc=0.5007  96.4s
2026-09-28 23:21:21,872 [INFO] [client-4] Round 2 — receiving model…
2026-09-28 23:21:22,001 [INFO] recv 13933B via direct in 295ms
2026-09-28 23:21:22,022 [INFO] recv 13933B via direct in 277ms
2026-09-28 23:21:22,035 [WARNING] Round 1 — discarding update from unselected/duplicate peer 46dc91cee83faa2a
2026-09-28 23:21:22,041 [INFO] recv 13933B via direct in 314ms
2026-09-28 23:21:22,084 [INFO] recv 13933B via direct in 207ms
2026-09-28 23:21:22,168 [INFO] Round 1/20  acc=0.2452  loss=1.1472  96.7s  clients=6
2026-09-28 23:21:22,170 [INFO] Round 2 — sending model to 10 clients…
2026-09-28 23:21:22,180 [ERROR] [client-7] round 1 error: stream not acknowledged: IrohError: 
2026-09-28 23:21:22,181 [INFO] [client-7] Round 2 — receiving model…
2026-09-28 23:21:22,183 [INFO] send 13933B via direct in 1099ms (0.10 Mbit/s) to 425a90352e083e84
2026-09-28 23:21:22,198 [INFO] [client-0] Round 1 done — loss=1.0661 acc=0.4644  96.7s
2026-09-28 23:21:22,199 [INFO] [client-0] Round 2 — receiving model…
2026-09-28 23:21:22,200 [INFO] send 13933B via direct in 752ms (0.15 Mbit/s) to 425a90352e083e84
2026-09-28 23:21:24,143 [INFO] [client-1] Round 1 done — loss=1.0785 acc=0.3932  96.7s
2026-09-28 23:21:24,144 [INFO] [client-1] Round 2 — receiving model…
2026-09-28 23:21:24,145 [INFO] send 13933B via direct in 614ms (0.18 Mbit/s) to 425a90352e083e84
2026-09-28 23:21:24,168 [INFO] [client-2] Round 1 done — loss=1.0472 acc=0.4430  96.8s
2026-09-28 23:21:24,169 [INFO] [client-2] Round 2 — receiving model…
2026-09-28 23:21:24,399 [INFO] send 13933B via direct in 776ms (0.14 Mbit/s) to 425a90352e083e84
2026-09-28 23:21:24,454 [INFO] [client-9] Round 1 done — loss=1.0578 acc=0.4519  97.0s
2026-09-28 23:21:24,455 [INFO] [client-9] Round 2 — receiving model…
2026-09-28 23:21:24,548 [INFO] recv 13933B via direct in 195ms
2026-09-28 23:21:24,554 [INFO] [client-2] Round 2 — training locally…
2026-09-28 23:21:24,766 [INFO] [client-2] Round 2 — sending update…
2026-09-28 23:21:24,773 [INFO] send 13933B via direct in 684ms (0.16 Mbit/s) to 265c018623f0a03d
2026-09-28 23:21:24,774 [INFO] send 13933B via direct in 682ms (0.16 Mbit/s) to 3e3b9d7a8a4b8622
2026-09-28 23:21:24,775 [INFO] send 13933B via direct in 680ms (0.16 Mbit/s) to 293da6c53ffb3b6c
2026-09-28 23:21:24,776 [INFO] send 13933B via direct in 677ms (0.16 Mbit/s) to 918234fd42fddcef
2026-09-28 23:21:24,777 [INFO] send 13933B via direct in 677ms (0.17 Mbit/s) to 46dc91cee83faa2a
2026-09-28 23:21:24,778 [INFO] recv 13933B via direct in 411ms
2026-09-28 23:21:24,780 [INFO] [client-4] Round 2 — training locally…
2026-09-28 23:21:24,915 [INFO] [client-4] Round 2 — sending update…
2026-09-28 23:21:24,917 [INFO] recv 13933B via direct in 314ms
2026-09-28 23:21:24,920 [INFO] [client-3] Round 2 — training locally…
2026-09-28 23:21:25,034 [INFO] [client-3] Round 2 — sending update…
2026-09-28 23:21:25,037 [INFO] recv 13933B via direct in 374ms
2026-09-28 23:21:25,042 [INFO] [client-8] Round 2 — training locally…
2026-09-28 23:21:25,170 [INFO] [client-8] Round 2 — sending update…
2026-09-28 23:21:25,172 [INFO] recv 13933B via direct in 381ms
2026-09-28 23:21:25,176 [INFO] [client-9] Round 2 — training locally…
2026-09-28 23:21:25,296 [INFO] [client-9] Round 2 — sending update…
2026-09-28 23:21:25,298 [INFO] recv 13933B via direct in 315ms
2026-09-28 23:21:25,301 [INFO] [client-1] Round 2 — training locally…
2026-09-28 23:21:25,467 [INFO] [client-1] Round 2 — sending update…
2026-09-28 23:21:25,471 [INFO] recv 13933B via direct in 315ms
2026-09-28 23:21:25,475 [INFO] [client-0] Round 2 — training locally…
2026-09-28 23:21:25,638 [INFO] [client-0] Round 2 — sending update…
2026-09-28 23:21:25,656 [INFO] send 13933B via direct in 1555ms (0.07 Mbit/s) to 73d34f254aeca589
2026-09-28 23:21:25,658 [INFO] recv 13933B via direct in 1188ms
2026-09-28 23:21:25,660 [INFO] [client-7] Round 2 — training locally…
2026-09-28 23:21:25,775 [INFO] [client-7] Round 2 — sending update…
2026-09-28 23:21:25,779 [INFO] recv 13933B via direct in 1189ms
2026-09-28 23:21:25,782 [INFO] [client-6] Round 2 — training locally…
2026-09-28 23:21:25,888 [INFO] [client-6] Round 2 — sending update…
2026-09-28 23:21:25,899 [INFO] send 13933B via direct in 1804ms (0.06 Mbit/s) to 6649e64609327c72
2026-09-28 23:21:25,900 [INFO] recv 13933B via direct in 1439ms
2026-09-28 23:21:25,903 [INFO] [client-5] Round 2 — training locally…
2026-09-28 23:21:26,028 [INFO] [client-5] Round 2 — sending update…
2026-09-28 23:21:26,039 [INFO] send 13933B via direct in 1942ms (0.06 Mbit/s) to 03ca09819deb5428
2026-09-28 23:21:26,041 [INFO] send 13933B via direct in 1118ms (0.10 Mbit/s) to 425a90352e083e84
2026-09-28 23:21:26,059 [INFO] [client-4] Round 2 done — loss=1.0296 acc=0.4760  2.3s
2026-09-28 23:21:26,060 [INFO] [client-4] Round 3 — receiving model…
2026-09-28 23:21:26,061 [ERROR] send_tensors → client-4 FAILED: ConnectionError: stream not acknowledged: IrohError: 
2026-09-28 23:21:26,062 [ERROR] send_tensors → client-0 FAILED: ConnectionError: stream not acknowledged: IrohError: 
2026-09-28 23:21:26,063 [INFO] Round 2 — waiting for 8 updates…
2026-09-28 23:21:26,064 [INFO] recv 13933B via direct in 380ms
2026-09-28 23:21:26,067 [INFO] recv 13933B via direct in 390ms
2026-09-28 23:21:26,070 [WARNING] Round 2 — discarding update from unselected/duplicate peer ec044e0daec7685e
2026-09-28 23:21:26,071 [INFO] recv 13933B via direct in 390ms
2026-09-28 23:21:26,074 [INFO] send 13933B via direct in 1037ms (0.11 Mbit/s) to 425a90352e083e84
2026-09-28 23:21:26,095 [INFO] [client-3] Round 2 done — loss=1.0678 acc=0.4231  8.0s
2026-09-28 23:21:26,096 [INFO] [client-3] Round 3 — receiving model…
2026-09-28 23:21:26,131 [INFO] recv 13933B via direct in 486ms
2026-09-28 23:21:26,147 [INFO] recv 13933B via direct in 501ms
2026-09-28 23:21:26,151 [WARNING] Round 2 — discarding update from unselected/duplicate peer 293da6c53ffb3b6c
2026-09-28 23:21:26,184 [INFO] recv 13933B via direct in 289ms
2026-09-28 23:21:26,199 [INFO] send 13933B via direct in 1429ms (0.08 Mbit/s) to 425a90352e083e84
2026-09-28 23:21:26,279 [INFO] [client-2] Round 2 done — loss=1.0277 acc=0.4519  2.1s
2026-09-28 23:21:26,280 [INFO] [client-2] Round 3 — receiving model…
2026-09-28 23:21:26,283 [ERROR] [client-9] round 2 error: stream not acknowledged: IrohError: 
2026-09-28 23:21:26,284 [INFO] [client-9] Round 3 — receiving model…
2026-09-28 23:21:26,289 [INFO] recv 13933B via direct in 251ms
2026-09-28 23:21:26,291 [WARNING] Round 2 — discarding update from unselected/duplicate peer a8b7f4d21977cde4
2026-09-28 23:21:26,293 [ERROR] [client-1] round 2 error: stream not acknowledged: IrohError: 
2026-09-28 23:21:26,295 [INFO] [client-1] Round 3 — receiving model…
2026-09-28 23:21:26,304 [INFO] send 13933B via direct in 662ms (0.17 Mbit/s) to 425a90352e083e84
2026-09-28 23:21:26,339 [INFO] [client-0] Round 2 done — loss=1.0649 acc=0.4384  2.2s
2026-09-28 23:21:26,340 [INFO] [client-0] Round 3 — receiving model…
2026-09-28 23:21:26,343 [INFO] recv 13933B via direct in 245ms
2026-09-28 23:21:26,433 [INFO] send 13933B via direct in 652ms (0.17 Mbit/s) to 425a90352e083e84
2026-09-28 23:21:26,512 [INFO] [client-7] Round 2 done — loss=1.0341 acc=0.4505  2.4s
2026-09-28 23:21:26,515 [INFO] [client-7] Round 3 — receiving model…
2026-09-28 23:21:26,518 [INFO] recv 13933B via direct in 871ms
2026-09-28 23:21:26,609 [INFO] send 13933B via direct in 1434ms (0.08 Mbit/s) to 425a90352e083e84
2026-09-28 23:21:26,695 [INFO] [client-8] Round 2 done — loss=0.7704 acc=0.7277  8.2s
2026-09-28 23:21:26,697 [INFO] [client-8] Round 3 — receiving model…
2026-09-28 23:21:26,699 [INFO] recv 13933B via direct in 415ms
2026-09-28 23:21:26,811 [ERROR] [client-6] round 2 error: stream not acknowledged: IrohError: 
2026-09-28 23:21:26,816 [INFO] [client-6] Round 3 — receiving model…
2026-09-28 23:21:27,189 [INFO] recv 13933B via direct in 803ms
2026-09-28 23:21:27,254 [INFO] Round 2/20  acc=0.3221  loss=1.1184  3.2s  clients=8
2026-09-28 23:21:27,255 [INFO] Round 3 — sending model to 10 clients…
2026-09-28 23:21:27,270 [INFO] send 13933B via direct in 1237ms (0.09 Mbit/s) to 425a90352e083e84
2026-09-28 23:21:27,290 [INFO] [client-5] Round 2 done — loss=1.0294 acc=0.4942  9.2s
2026-09-28 23:21:27,291 [INFO] [client-5] Round 3 — receiving model…
2026-09-28 23:21:27,760 [INFO] recv 13933B via direct in 200ms
2026-09-28 23:21:27,764 [INFO] [client-8] Round 3 — training locally…
2026-09-28 23:21:27,917 [INFO] [client-8] Round 3 — sending update…
2026-09-28 23:21:27,926 [INFO] send 13933B via direct in 661ms (0.17 Mbit/s) to 918234fd42fddcef
2026-09-28 23:21:27,927 [INFO] send 13933B via direct in 664ms (0.17 Mbit/s) to a8b7f4d21977cde4
2026-09-28 23:21:27,928 [INFO] send 13933B via direct in 662ms (0.17 Mbit/s) to 46dc91cee83faa2a
2026-09-28 23:21:27,930 [INFO] send 13933B via direct in 661ms (0.17 Mbit/s) to 6649e64609327c72
2026-09-28 23:21:27,931 [INFO] recv 13933B via direct in 383ms
2026-09-28 23:21:27,934 [INFO] [client-0] Round 3 — training locally…
2026-09-28 23:21:28,065 [INFO] [client-0] Round 3 — sending update…
2026-09-28 23:21:28,067 [INFO] recv 13933B via direct in 362ms
2026-09-28 23:21:28,072 [INFO] [client-6] Round 3 — training locally…
2026-09-28 23:21:28,213 [INFO] [client-6] Round 3 — sending update…
2026-09-28 23:21:28,216 [INFO] recv 13933B via direct in 376ms
2026-09-28 23:21:28,219 [INFO] [client-1] Round 3 — training locally…
2026-09-28 23:21:28,343 [INFO] [client-1] Round 3 — sending update…
2026-09-28 23:21:28,355 [INFO] send 13933B via direct in 1084ms (0.10 Mbit/s) to 293da6c53ffb3b6c
2026-09-28 23:21:28,357 [INFO] send 13933B via direct in 1084ms (0.10 Mbit/s) to 03ca09819deb5428
2026-09-28 23:21:28,358 [INFO] send 13933B via direct in 1090ms (0.10 Mbit/s) to ec044e0daec7685e
2026-09-28 23:21:28,360 [INFO] recv 13933B via direct in 805ms
2026-09-28 23:21:28,363 [INFO] [client-9] Round 3 — training locally…
2026-09-28 23:21:28,493 [INFO] [client-9] Round 3 — sending update…
2026-09-28 23:21:28,496 [INFO] recv 13933B via direct in 803ms
2026-09-28 23:21:28,498 [INFO] [client-2] Round 3 — training locally…
2026-09-28 23:21:28,611 [INFO] [client-2] Round 3 — sending update…
2026-09-28 23:21:28,614 [INFO] recv 13933B via direct in 770ms
2026-09-28 23:21:28,618 [INFO] [client-5] Round 3 — training locally…
2026-09-28 23:21:28,724 [INFO] [client-5] Round 3 — sending update…
2026-09-28 23:21:28,726 [INFO] recv 13933B via direct in 806ms
2026-09-28 23:21:28,728 [INFO] [client-4] Round 3 — training locally…
2026-09-28 23:21:28,843 [INFO] [client-4] Round 3 — sending update…
2026-09-28 23:21:28,858 [INFO] send 13933B via direct in 1587ms (0.07 Mbit/s) to 265c018623f0a03d
2026-09-28 23:21:28,860 [INFO] send 13933B via direct in 1591ms (0.07 Mbit/s) to 3e3b9d7a8a4b8622
2026-09-28 23:21:28,861 [INFO] send 13933B via direct in 930ms (0.12 Mbit/s) to 425a90352e083e84
2026-09-28 23:21:28,878 [INFO] [client-8] Round 3 done — loss=0.7633 acc=0.7232  2.2s
2026-09-28 23:21:28,880 [INFO] [client-8] Round 4 — receiving model…
2026-09-28 23:21:28,882 [INFO] recv 13933B via direct in 1295ms
2026-09-28 23:21:28,884 [INFO] [client-3] Round 3 — training locally…
2026-09-28 23:21:29,084 [INFO] [client-3] Round 3 — sending update…
2026-09-28 23:21:29,100 [INFO] send 13933B via direct in 1835ms (0.06 Mbit/s) to 73d34f254aeca589
2026-09-28 23:21:29,102 [INFO] recv 13933B via direct in 1531ms
2026-09-28 23:21:29,105 [INFO] [client-7] Round 3 — training locally…
2026-09-28 23:21:29,209 [INFO] [client-7] Round 3 — sending update…
2026-09-28 23:21:29,213 [INFO] Round 3 — waiting for 10 updates…
2026-09-28 23:21:29,214 [INFO] recv 13933B via direct in 533ms
2026-09-28 23:21:29,216 [INFO] recv 13933B via direct in 249ms
2026-09-28 23:21:29,220 [INFO] send 13933B via direct in 1152ms (0.10 Mbit/s) to 425a90352e083e84
2026-09-28 23:21:29,240 [INFO] [client-0] Round 3 done — loss=1.0629 acc=0.4418  2.9s
2026-09-28 23:21:29,241 [INFO] [client-0] Round 4 — receiving model…
2026-09-28 23:21:29,243 [INFO] recv 13933B via direct in 369ms
2026-09-28 23:21:29,245 [INFO] recv 13933B via direct in 369ms
2026-09-28 23:21:29,248 [INFO] recv 13933B via direct in 370ms
2026-09-28 23:21:29,251 [INFO] recv 13933B via direct in 128ms
2026-09-28 23:21:29,254 [INFO] send 13933B via direct in 1036ms (0.11 Mbit/s) to 425a90352e083e84
2026-09-28 23:21:29,272 [INFO] [client-6] Round 3 done — loss=1.0194 acc=0.4830  2.5s
2026-09-28 23:21:29,273 [INFO] [client-6] Round 4 — receiving model…
2026-09-28 23:21:29,274 [INFO] send 13933B via direct in 906ms (0.12 Mbit/s) to 425a90352e083e84
2026-09-28 23:21:29,296 [INFO] [client-1] Round 3 done — loss=1.0625 acc=0.4131  3.0s
2026-09-28 23:21:29,297 [INFO] [client-1] Round 4 — receiving model…
2026-09-28 23:21:29,298 [INFO] send 13933B via direct in 756ms (0.15 Mbit/s) to 425a90352e083e84
2026-09-28 23:21:29,316 [INFO] [client-9] Round 3 done — loss=1.0165 acc=0.5053  3.0s
2026-09-28 23:21:29,317 [INFO] [client-9] Round 4 — receiving model…
2026-09-28 23:21:29,346 [ERROR] [client-2] round 3 error: stream not acknowledged: IrohError: 
2026-09-28 23:21:29,347 [INFO] [client-2] Round 4 — receiving model…
2026-09-28 23:21:29,388 [INFO] recv 13933B via direct in 295ms
2026-09-28 23:21:29,406 [INFO] recv 13933B via direct in 184ms
2026-09-28 23:21:29,485 [INFO] send 13933B via direct in 757ms (0.15 Mbit/s) to 425a90352e083e84
2026-09-28 23:21:29,566 [INFO] [client-5] Round 3 done — loss=1.0049 acc=0.5299  2.3s
2026-09-28 23:21:29,567 [INFO] [client-5] Round 4 — receiving model…
2026-09-28 23:21:29,569 [INFO] send 13933B via direct in 723ms (0.15 Mbit/s) to 425a90352e083e84
2026-09-28 23:21:29,587 [INFO] [client-4] Round 3 done — loss=1.0331 acc=0.4770  3.5s
2026-09-28 23:21:29,588 [INFO] [client-4] Round 4 — receiving model…
2026-09-28 23:21:29,619 [INFO] recv 13933B via direct in 241ms
2026-09-28 23:21:29,722 [INFO] send 13933B via direct in 633ms (0.18 Mbit/s) to 425a90352e083e84
2026-09-28 23:21:29,805 [INFO] [client-3] Round 3 done — loss=1.0567 acc=0.4323  3.7s
2026-09-28 23:21:29,807 [INFO] [client-3] Round 4 — receiving model…
2026-09-28 23:21:29,809 [INFO] recv 13933B via direct in 239ms
2026-09-28 23:21:29,841 [INFO] Round 3/20  acc=0.4305  loss=1.0760  2.6s  clients=10
2026-09-28 23:21:29,842 [INFO] Round 4 — sending model to 10 clients…
2026-09-28 23:21:29,853 [INFO] send 13933B via direct in 640ms (0.17 Mbit/s) to 425a90352e083e84
2026-09-28 23:21:29,875 [INFO] [client-7] Round 3 done — loss=1.0335 acc=0.4523  3.4s
2026-09-28 23:21:29,878 [INFO] [client-7] Round 4 — receiving model…
2026-09-28 23:21:30,338 [INFO] recv 13933B via direct in 181ms
2026-09-28 23:21:30,342 [INFO] [client-7] Round 4 — training locally…
2026-09-28 23:21:30,493 [INFO] [client-7] Round 4 — sending update…
2026-09-28 23:21:30,502 [INFO] send 13933B via direct in 652ms (0.17 Mbit/s) to 73d34f254aeca589
2026-09-28 23:21:30,505 [INFO] recv 13933B via direct in 359ms
2026-09-28 23:21:30,508 [INFO] [client-9] Round 4 — training locally…
2026-09-28 23:21:30,615 [INFO] [client-9] Round 4 — sending update…
2026-09-28 23:21:30,618 [INFO] recv 13933B via direct in 345ms
2026-09-28 23:21:30,620 [INFO] [client-4] Round 4 — training locally…
2026-09-28 23:21:30,748 [INFO] [client-4] Round 4 — sending update…
2026-09-28 23:21:30,751 [INFO] recv 13933B via direct in 335ms
2026-09-28 23:21:30,755 [INFO] [client-2] Round 4 — training locally…
2026-09-28 23:21:30,869 [INFO] [client-2] Round 4 — sending update…
2026-09-28 23:21:30,872 [INFO] recv 13933B via direct in 338ms
2026-09-28 23:21:30,874 [INFO] [client-1] Round 4 — training locally…
2026-09-28 23:21:31,024 [INFO] [client-1] Round 4 — sending update…
2026-09-28 23:21:31,028 [INFO] send 13933B via direct in 651ms (0.17 Mbit/s) to 46dc91cee83faa2a
2026-09-28 23:21:31,030 [INFO] recv 13933B via direct in 326ms
2026-09-28 23:21:31,033 [INFO] [client-5] Round 4 — training locally…
2026-09-28 23:21:31,152 [INFO] [client-5] Round 4 — sending update…
2026-09-28 23:21:31,156 [INFO] send 13933B via direct in 652ms (0.17 Mbit/s) to 03ca09819deb5428
2026-09-28 23:21:31,168 [INFO] send 13933B via direct in 1312ms (0.09 Mbit/s) to 918234fd42fddcef
2026-09-28 23:21:31,170 [INFO] send 13933B via direct in 1314ms (0.09 Mbit/s) to 3e3b9d7a8a4b8622
2026-09-28 23:21:31,171 [INFO] send 13933B via direct in 1306ms (0.09 Mbit/s) to a8b7f4d21977cde4
2026-09-28 23:21:31,173 [INFO] send 13933B via direct in 1307ms (0.09 Mbit/s) to 6649e64609327c72
2026-09-28 23:21:31,174 [INFO] recv 13933B via direct in 1033ms
2026-09-28 23:21:31,176 [INFO] [client-3] Round 4 — training locally…
2026-09-28 23:21:31,299 [INFO] [client-3] Round 4 — sending update…
2026-09-28 23:21:31,303 [INFO] recv 13933B via direct in 982ms
2026-09-28 23:21:31,308 [INFO] [client-6] Round 4 — training locally…
2026-09-28 23:21:31,407 [INFO] [client-6] Round 4 — sending update…
2026-09-28 23:21:31,410 [INFO] recv 13933B via direct in 999ms
2026-09-28 23:21:31,414 [INFO] [client-8] Round 4 — training locally…
2026-09-28 23:21:31,541 [INFO] [client-8] Round 4 — sending update…
2026-09-28 23:21:31,544 [INFO] recv 13933B via direct in 985ms
2026-09-28 23:21:31,547 [INFO] [client-0] Round 4 — training locally…
2026-09-28 23:21:31,636 [INFO] [client-0] Round 4 — sending update…
2026-09-28 23:21:31,638 [ERROR] send_tensors → client-9 FAILED: ConnectionError: stream not acknowledged: IrohError: 
2026-09-28 23:21:31,639 [ERROR] send_tensors → client-4 FAILED: ConnectionError: stream not acknowledged: IrohError: 
2026-09-28 23:21:31,640 [ERROR] send_tensors → client-2 FAILED: ConnectionError: stream not acknowledged: IrohError: 
2026-09-28 23:21:31,641 [INFO] Round 4 — waiting for 7 updates…
2026-09-28 23:21:31,652 [INFO] send 13933B via direct in 772ms (0.14 Mbit/s) to 425a90352e083e84
2026-09-28 23:21:31,671 [INFO] [client-2] Round 4 done — loss=0.9828 acc=0.5017  2.3s
2026-09-28 23:21:31,672 [INFO] [client-2] Round 5 — receiving model…
2026-09-28 23:21:31,673 [INFO] send 13933B via direct in 893ms (0.13 Mbit/s) to 425a90352e083e84
2026-09-28 23:21:31,696 [INFO] [client-4] Round 4 done — loss=1.0239 acc=0.4863  2.1s
2026-09-28 23:21:31,698 [INFO] [client-4] Round 5 — receiving model…
2026-09-28 23:21:31,699 [INFO] send 13933B via direct in 1148ms (0.10 Mbit/s) to 425a90352e083e84
2026-09-28 23:21:31,719 [INFO] [client-7] Round 4 done — loss=1.0323 acc=0.4454  1.8s
2026-09-28 23:21:31,720 [INFO] [client-7] Round 5 — receiving model…
2026-09-28 23:21:31,725 [INFO] recv 13933B via direct in 564ms
2026-09-28 23:21:31,727 [INFO] recv 13933B via direct in 564ms
2026-09-28 23:21:31,730 [WARNING] Round 4 — discarding update from unselected/duplicate peer ec044e0daec7685e
2026-09-28 23:21:31,731 [INFO] recv 13933B via direct in 564ms
2026-09-28 23:21:31,733 [WARNING] Round 4 — discarding update from unselected/duplicate peer 265c018623f0a03d
2026-09-28 23:21:31,735 [INFO] recv 13933B via direct in 566ms
2026-09-28 23:21:31,738 [WARNING] Round 4 — discarding update from unselected/duplicate peer 293da6c53ffb3b6c
2026-09-28 23:21:31,836 [ERROR] [client-9] round 4 error: stream not acknowledged: IrohError: 
2026-09-28 23:21:31,838 [INFO] [client-9] Round 5 — receiving model…
2026-09-28 23:21:31,943 [INFO] recv 13933B via direct in 217ms
2026-09-28 23:21:32,050 [INFO] send 13933B via direct in 639ms (0.17 Mbit/s) to 425a90352e083e84
2026-09-28 23:21:32,167 [INFO] [client-6] Round 4 done — loss=1.0207 acc=0.4774  2.9s
2026-09-28 23:21:32,168 [INFO] [client-6] Round 5 — receiving model…
2026-09-28 23:21:32,170 [INFO] recv 13933B via direct in 526ms
2026-09-28 23:21:32,226 [INFO] send 13933B via direct in 1198ms (0.09 Mbit/s) to 425a90352e083e84
2026-09-28 23:21:32,286 [INFO] [client-1] Round 4 done — loss=1.0634 acc=0.4210  3.0s
2026-09-28 23:21:32,287 [INFO] [client-1] Round 5 — receiving model…
2026-09-28 23:21:32,289 [INFO] recv 13933B via direct in 446ms
2026-09-28 23:21:32,389 [ERROR] [client-8] round 4 error: stream not acknowledged: IrohError: 
2026-09-28 23:21:32,394 [INFO] [client-8] Round 5 — receiving model…
2026-09-28 23:21:32,540 [INFO] recv 13933B via direct in 893ms
2026-09-28 23:21:32,639 [INFO] send 13933B via direct in 1484ms (0.08 Mbit/s) to 425a90352e083e84
2026-09-28 23:21:32,661 [INFO] [client-5] Round 4 done — loss=0.9878 acc=0.5443  3.1s
2026-09-28 23:21:32,663 [INFO] [client-5] Round 5 — receiving model…
2026-09-28 23:21:33,014 [INFO] recv 13933B via direct in 1369ms
2026-09-28 23:21:33,137 [INFO] send 13933B via direct in 1835ms (0.06 Mbit/s) to 425a90352e083e84
2026-09-28 23:21:33,184 [INFO] [client-3] Round 4 done — loss=1.0502 acc=0.4560  3.4s
2026-09-28 23:21:33,187 [INFO] [client-3] Round 5 — receiving model…
2026-09-28 23:21:33,387 [INFO] recv 13933B via direct in 1390ms
2026-09-28 23:21:33,445 [INFO] Round 4/20  acc=0.3510  loss=1.1127  3.6s  clients=7
2026-09-28 23:21:33,446 [INFO] Round 5 — sending model to 10 clients…
2026-09-28 23:21:33,470 [INFO] send 13933B via direct in 1832ms (0.06 Mbit/s) to 425a90352e083e84
2026-09-28 23:21:33,490 [INFO] [client-0] Round 4 done — loss=1.0551 acc=0.4531  4.2s
2026-09-28 23:21:33,491 [INFO] [client-0] Round 5 — receiving model…
2026-09-28 23:21:33,937 [INFO] recv 13933B via direct in 196ms
2026-09-28 23:21:33,951 [INFO] [client-0] Round 5 — training locally…
2026-09-28 23:21:34,099 [INFO] [client-0] Round 5 — sending update…
2026-09-28 23:21:34,107 [INFO] send 13933B via direct in 644ms (0.17 Mbit/s) to a8b7f4d21977cde4
2026-09-28 23:21:34,108 [INFO] send 13933B via direct in 646ms (0.17 Mbit/s) to 265c018623f0a03d
2026-09-28 23:21:34,110 [INFO] send 13933B via direct in 648ms (0.17 Mbit/s) to 918234fd42fddcef
2026-09-28 23:21:34,113 [INFO] recv 13933B via direct in 347ms
2026-09-28 23:21:34,115 [INFO] [client-2] Round 5 — training locally…
2026-09-28 23:21:34,293 [INFO] [client-2] Round 5 — sending update…
2026-09-28 23:21:34,296 [INFO] recv 13933B via direct in 346ms
2026-09-28 23:21:34,299 [INFO] [client-8] Round 5 — training locally…
2026-09-28 23:21:34,401 [INFO] [client-8] Round 5 — sending update…
2026-09-28 23:21:34,404 [INFO] recv 13933B via direct in 329ms
2026-09-28 23:21:34,407 [INFO] [client-6] Round 5 — training locally…
2026-09-28 23:21:34,510 [INFO] [client-6] Round 5 — sending update…
2026-09-28 23:21:34,512 [INFO] recv 13933B via direct in 332ms
2026-09-28 23:21:34,513 [INFO] [client-3] Round 5 — training locally…
2026-09-28 23:21:34,610 [INFO] [client-3] Round 5 — sending update…
2026-09-28 23:21:34,614 [INFO] send 13933B via direct in 647ms (0.17 Mbit/s) to 6649e64609327c72
2026-09-28 23:21:34,623 [INFO] send 13933B via direct in 1159ms (0.10 Mbit/s) to 293da6c53ffb3b6c
2026-09-28 23:21:34,625 [INFO] send 13933B via direct in 1164ms (0.10 Mbit/s) to ec044e0daec7685e
2026-09-28 23:21:34,626 [INFO] send 13933B via direct in 1162ms (0.10 Mbit/s) to 03ca09819deb5428
2026-09-28 23:21:34,627 [INFO] send 13933B via direct in 1169ms (0.10 Mbit/s) to 73d34f254aeca589
2026-09-28 23:21:34,629 [INFO] recv 13933B via direct in 862ms
2026-09-28 23:21:34,631 [INFO] [client-7] Round 5 — training locally…
2026-09-28 23:21:34,737 [INFO] [client-7] Round 5 — sending update…
2026-09-28 23:21:34,741 [INFO] recv 13933B via direct in 855ms
2026-09-28 23:21:34,744 [INFO] [client-4] Round 5 — training locally…
2026-09-28 23:21:34,845 [INFO] [client-4] Round 5 — sending update…
2026-09-28 23:21:34,849 [INFO] recv 13933B via direct in 847ms
2026-09-28 23:21:34,851 [INFO] [client-9] Round 5 — training locally…
2026-09-28 23:21:34,967 [INFO] [client-9] Round 5 — sending update…
2026-09-28 23:21:34,969 [INFO] recv 13933B via direct in 843ms
2026-09-28 23:21:34,972 [INFO] [client-5] Round 5 — training locally…
2026-09-28 23:21:35,076 [INFO] [client-5] Round 5 — sending update…
2026-09-28 23:21:35,167 [INFO] recv 13933B via direct in 1390ms
2026-09-28 23:21:35,176 [INFO] [client-1] Round 5 — training locally…
2026-09-28 23:21:35,341 [INFO] [client-1] Round 5 — sending update…
2026-09-28 23:21:35,344 [ERROR] [client-8] round 5 error: stream not acknowledged: IrohError: 
2026-09-28 23:21:35,345 [INFO] [client-8] Round 6 — receiving model…
2026-09-28 23:21:35,349 [INFO] send 13933B via direct in 1050ms (0.11 Mbit/s) to 425a90352e083e84
2026-09-28 23:21:35,367 [INFO] [client-2] Round 5 done — loss=0.9941 acc=0.4979  3.7s
2026-09-28 23:21:35,368 [INFO] [client-2] Round 6 — receiving model…
2026-09-28 23:21:35,369 [INFO] send 13933B via direct in 1892ms (0.06 Mbit/s) to 46dc91cee83faa2a
2026-09-28 23:21:35,370 [ERROR] send_tensors → client-3 FAILED: ConnectionError: stream not acknowledged: IrohError: 
2026-09-28 23:21:35,370 [INFO] Round 5 — waiting for 9 updates…
2026-09-28 23:21:35,371 [INFO] recv 13933B via direct in 8ms
2026-09-28 23:21:35,375 [INFO] recv 13933B via direct in 470ms
2026-09-28 23:21:35,378 [INFO] recv 13933B via direct in 297ms
2026-09-28 23:21:35,388 [INFO] recv 13933B via direct in 245ms
2026-09-28 23:21:35,468 [INFO] send 13933B via direct in 956ms (0.12 Mbit/s) to 425a90352e083e84
2026-09-28 23:21:35,547 [INFO] [client-6] Round 5 done — loss=1.0115 acc=0.4976  3.4s
2026-09-28 23:21:35,548 [INFO] [client-6] Round 6 — receiving model…
2026-09-28 23:21:35,554 [INFO] send 13933B via direct in 701ms (0.16 Mbit/s) to 425a90352e083e84
2026-09-28 23:21:35,576 [INFO] [client-4] Round 5 done — loss=1.0289 acc=0.4760  3.9s
2026-09-28 23:21:35,577 [INFO] [client-4] Round 6 — receiving model…
2026-09-28 23:21:35,641 [INFO] recv 13933B via direct in 262ms
2026-09-28 23:21:35,660 [INFO] recv 13933B via direct in 579ms
2026-09-28 23:21:35,721 [INFO] recv 13933B via direct in 1099ms
2026-09-28 23:21:35,756 [INFO] send 13933B via direct in 676ms (0.17 Mbit/s) to 425a90352e083e84
2026-09-28 23:21:35,836 [INFO] [client-5] Round 5 done — loss=0.9920 acc=0.5364  3.2s
2026-09-28 23:21:35,837 [INFO] [client-5] Round 6 — receiving model…
2026-09-28 23:21:35,840 [INFO] send 13933B via direct in 1099ms (0.10 Mbit/s) to 425a90352e083e84
2026-09-28 23:21:35,868 [INFO] [client-7] Round 5 done — loss=1.0284 acc=0.4440  4.1s
2026-09-28 23:21:35,869 [INFO] [client-7] Round 6 — receiving model…
2026-09-28 23:21:35,870 [INFO] send 13933B via direct in 1737ms (0.06 Mbit/s) to 425a90352e083e84
2026-09-28 23:21:35,892 [INFO] [client-0] Round 5 done — loss=1.0536 acc=0.4470  2.4s
2026-09-28 23:21:35,892 [INFO] [client-0] Round 6 — receiving model…
2026-09-28 23:21:35,894 [INFO] recv 13933B via direct in 759ms
2026-09-28 23:21:35,895 [WARNING] Round 5 — discarding update from unselected/duplicate peer 3e3b9d7a8a4b8622
2026-09-28 23:21:35,898 [INFO] recv 13933B via direct in 244ms
2026-09-28 23:21:35,938 [INFO] send 13933B via direct in 594ms (0.19 Mbit/s) to 425a90352e083e84
2026-09-28 23:21:35,997 [INFO] [client-1] Round 5 done — loss=1.0588 acc=0.4200  3.7s
2026-09-28 23:21:35,998 [INFO] [client-1] Round 6 — receiving model…
2026-09-28 23:21:35,999 [ERROR] [client-3] round 5 error: stream not acknowledged: IrohError: 
2026-09-28 23:21:36,001 [INFO] [client-3] Round 6 — receiving model…
2026-09-28 23:21:36,038 [INFO] recv 13933B via direct in 691ms
2026-09-28 23:21:36,084 [INFO] Round 5/20  acc=0.4218  loss=1.0844  2.6s  clients=9
2026-09-28 23:21:36,085 [INFO] Round 6 — sending model to 10 clients…
2026-09-28 23:21:36,132 [INFO] send 13933B via direct in 1163ms (0.10 Mbit/s) to 425a90352e083e84
2026-09-28 23:21:36,162 [INFO] [client-9] Round 5 done — loss=1.0138 acc=0.5221  4.3s
2026-09-28 23:21:36,165 [INFO] [client-9] Round 6 — receiving model…
2026-09-28 23:21:36,580 [INFO] recv 13933B via direct in 201ms
2026-09-28 23:21:36,592 [INFO] [client-2] Round 6 — training locally…
2026-09-28 23:21:36,782 [INFO] [client-2] Round 6 — sending update…
2026-09-28 23:21:36,789 [INFO] send 13933B via direct in 689ms (0.16 Mbit/s) to 293da6c53ffb3b6c
2026-09-28 23:21:36,791 [INFO] send 13933B via direct in 688ms (0.16 Mbit/s) to 73d34f254aeca589
2026-09-28 23:21:36,792 [INFO] send 13933B via direct in 687ms (0.16 Mbit/s) to 3e3b9d7a8a4b8622
2026-09-28 23:21:36,794 [INFO] recv 13933B via direct in 411ms
2026-09-28 23:21:36,798 [INFO] [client-9] Round 6 — training locally…
2026-09-28 23:21:36,914 [INFO] [client-9] Round 6 — sending update…
2026-09-28 23:21:36,917 [INFO] recv 13933B via direct in 369ms
2026-09-28 23:21:36,920 [INFO] [client-3] Round 6 — training locally…
2026-09-28 23:21:37,021 [INFO] [client-3] Round 6 — sending update…
2026-09-28 23:21:37,024 [INFO] recv 13933B via direct in 385ms
2026-09-28 23:21:37,028 [INFO] [client-7] Round 6 — training locally…
2026-09-28 23:21:37,154 [INFO] [client-7] Round 6 — sending update…
2026-09-28 23:21:37,156 [INFO] recv 13933B via direct in 387ms
2026-09-28 23:21:37,158 [INFO] [client-6] Round 6 — training locally…
2026-09-28 23:21:37,260 [INFO] [client-6] Round 6 — sending update…
2026-09-28 23:21:37,276 [INFO] send 13933B via direct in 1175ms (0.10 Mbit/s) to 03ca09819deb5428
2026-09-28 23:21:37,277 [INFO] send 13933B via direct in 1168ms (0.10 Mbit/s) to 46dc91cee83faa2a
2026-09-28 23:21:37,279 [INFO] send 13933B via direct in 1170ms (0.10 Mbit/s) to ec044e0daec7685e
2026-09-28 23:21:37,280 [INFO] send 13933B via direct in 1179ms (0.09 Mbit/s) to a8b7f4d21977cde4
2026-09-28 23:21:37,281 [INFO] recv 13933B via direct in 859ms
2026-09-28 23:21:37,284 [INFO] [client-4] Round 6 — training locally…
2026-09-28 23:21:37,401 [INFO] [client-4] Round 6 — sending update…
2026-09-28 23:21:37,405 [INFO] recv 13933B via direct in 878ms
2026-09-28 23:21:37,408 [INFO] [client-5] Round 6 — training locally…
2026-09-28 23:21:37,519 [INFO] [client-5] Round 6 — sending update…
2026-09-28 23:21:37,521 [INFO] recv 13933B via direct in 843ms
2026-09-28 23:21:37,523 [INFO] [client-1] Round 6 — training locally…
2026-09-28 23:21:37,622 [INFO] [client-1] Round 6 — sending update…
2026-09-28 23:21:37,625 [INFO] recv 13933B via direct in 844ms
2026-09-28 23:21:37,627 [INFO] [client-8] Round 6 — training locally…
2026-09-28 23:21:37,731 [INFO] [client-8] Round 6 — sending update…
2026-09-28 23:21:37,734 [INFO] recv 13933B via direct in 864ms
2026-09-28 23:21:37,741 [INFO] [client-0] Round 6 — training locally…
2026-09-28 23:21:37,829 [INFO] [client-0] Round 6 — sending update…
2026-09-28 23:21:37,843 [INFO] send 13933B via direct in 1736ms (0.06 Mbit/s) to 918234fd42fddcef
2026-09-28 23:21:37,846 [INFO] send 13933B via direct in 917ms (0.12 Mbit/s) to 425a90352e083e84
2026-09-28 23:21:37,861 [INFO] [client-9] Round 6 done — loss=1.0106 acc=0.5239  1.7s
2026-09-28 23:21:37,862 [INFO] [client-9] Round 7 — receiving model…
2026-09-28 23:21:37,864 [INFO] send 13933B via direct in 1049ms (0.11 Mbit/s) to 425a90352e083e84
2026-09-28 23:21:37,884 [INFO] [client-2] Round 6 done — loss=0.9825 acc=0.5120  2.5s
2026-09-28 23:21:37,885 [INFO] [client-2] Round 7 — receiving model…
2026-09-28 23:21:37,886 [ERROR] send_tensors → client-6 FAILED: ConnectionError: stream not acknowledged: IrohError: 
2026-09-28 23:21:37,886 [ERROR] send_tensors → client-2 FAILED: ConnectionError: stream not acknowledged: IrohError: 
2026-09-28 23:21:37,887 [INFO] Round 6 — waiting for 8 updates…
2026-09-28 23:21:37,890 [INFO] recv 13933B via direct in 621ms
2026-09-28 23:21:37,893 [WARNING] Round 6 — discarding update from unselected/duplicate peer 265c018623f0a03d
2026-09-28 23:21:37,894 [INFO] recv 13933B via direct in 621ms
2026-09-28 23:21:37,896 [INFO] send 13933B via direct in 866ms (0.13 Mbit/s) to 425a90352e083e84
2026-09-28 23:21:37,916 [INFO] [client-3] Round 6 done — loss=1.0424 acc=0.4512  1.9s
2026-09-28 23:21:37,917 [INFO] [client-3] Round 7 — receiving model…
2026-09-28 23:21:37,917 [INFO] recv 13933B via direct in 57ms
2026-09-28 23:21:38,113 [INFO] recv 13933B via direct in 189ms
2026-09-28 23:21:38,143 [INFO] recv 13933B via direct in 307ms
2026-09-28 23:21:38,149 [WARNING] Round 6 — discarding update from unselected/duplicate peer 6649e64609327c72
2026-09-28 23:21:38,154 [INFO] recv 13933B via direct in 308ms
2026-09-28 23:21:38,160 [INFO] recv 13933B via direct in 310ms
2026-09-28 23:21:38,171 [INFO] recv 13933B via direct in 280ms
2026-09-28 23:21:38,199 [INFO] send 13933B via direct in 574ms (0.19 Mbit/s) to 425a90352e083e84
2026-09-28 23:21:38,239 [INFO] [client-1] Round 6 done — loss=1.0563 acc=0.4440  2.2s
2026-09-28 23:21:38,240 [INFO] [client-1] Round 7 — receiving model…
2026-09-28 23:21:38,243 [INFO] send 13933B via direct in 1085ms (0.10 Mbit/s) to 425a90352e083e84
2026-09-28 23:21:38,280 [INFO] [client-7] Round 6 done — loss=1.0358 acc=0.4437  2.4s
2026-09-28 23:21:38,282 [INFO] [client-7] Round 7 — receiving model…
2026-09-28 23:21:38,284 [INFO] send 13933B via direct in 721ms (0.15 Mbit/s) to 425a90352e083e84
2026-09-28 23:21:38,302 [INFO] [client-5] Round 6 done — loss=0.9797 acc=0.5450  2.5s
2026-09-28 23:21:38,303 [INFO] [client-5] Round 7 — receiving model…
2026-09-28 23:21:38,304 [ERROR] [client-6] round 6 error: stream not acknowledged: IrohError: 
2026-09-28 23:21:38,305 [INFO] [client-6] Round 7 — receiving model…
2026-09-28 23:21:38,306 [INFO] send 13933B via direct in 879ms (0.13 Mbit/s) to 425a90352e083e84
2026-09-28 23:21:38,321 [INFO] [client-4] Round 6 done — loss=1.0270 acc=0.4849  2.7s
2026-09-28 23:21:38,322 [INFO] [client-4] Round 7 — receiving model…
2026-09-28 23:21:38,345 [INFO] recv 13933B via direct in 207ms
2026-09-28 23:21:38,439 [INFO] send 13933B via direct in 605ms (0.18 Mbit/s) to 425a90352e083e84
2026-09-28 23:21:38,498 [INFO] [client-0] Round 6 done — loss=1.0580 acc=0.4510  2.6s
2026-09-28 23:21:38,502 [INFO] [client-0] Round 7 — receiving model…
2026-09-28 23:21:39,453 [INFO] recv 13933B via direct in 1411ms
2026-09-28 23:21:39,532 [INFO] Round 6/20  acc=0.4645  loss=1.0617  3.4s  clients=8
2026-09-28 23:21:39,537 [INFO] Round 7 — sending model to 10 clients…
2026-09-28 23:21:39,559 [INFO] send 13933B via direct in 1826ms (0.06 Mbit/s) to 425a90352e083e84
2026-09-28 23:21:39,682 [INFO] [client-8] Round 6 done — loss=0.7591 acc=0.7198  4.3s
2026-09-28 23:21:39,687 [INFO] [client-8] Round 7 — receiving model…
2026-09-28 23:21:40,069 [INFO] recv 13933B via direct in 228ms
2026-09-28 23:21:40,082 [INFO] [client-8] Round 7 — training locally…
2026-09-28 23:21:40,251 [INFO] [client-8] Round 7 — sending update…
2026-09-28 23:21:40,260 [INFO] send 13933B via direct in 697ms (0.16 Mbit/s) to ec044e0daec7685e
2026-09-28 23:21:40,262 [INFO] send 13933B via direct in 706ms (0.16 Mbit/s) to 918234fd42fddcef
2026-09-28 23:21:40,263 [INFO] send 13933B via direct in 705ms (0.16 Mbit/s) to 46dc91cee83faa2a
2026-09-28 23:21:40,264 [INFO] send 13933B via direct in 709ms (0.16 Mbit/s) to 6649e64609327c72
2026-09-28 23:21:40,266 [INFO] recv 13933B via direct in 398ms
2026-09-28 23:21:40,269 [INFO] [client-4] Round 7 — training locally…
2026-09-28 23:21:40,557 [INFO] [client-4] Round 7 — sending update…
2026-09-28 23:21:40,561 [INFO] recv 13933B via direct in 409ms
2026-09-28 23:21:40,566 [INFO] [client-1] Round 7 — training locally…
2026-09-28 23:21:40,985 [INFO] [client-1] Round 7 — sending update…
2026-09-28 23:21:40,988 [INFO] recv 13933B via direct in 387ms
2026-09-28 23:21:40,992 [INFO] [client-6] Round 7 — training locally…
2026-09-28 23:21:41,159 [INFO] [client-6] Round 7 — sending update…
2026-09-28 23:21:41,172 [INFO] send 13933B via direct in 1611ms (0.07 Mbit/s) to a8b7f4d21977cde4
2026-09-28 23:21:41,174 [INFO] send 13933B via direct in 1610ms (0.07 Mbit/s) to 265c018623f0a03d
2026-09-28 23:21:41,175 [INFO] send 13933B via direct in 1620ms (0.07 Mbit/s) to 03ca09819deb5428
2026-09-28 23:21:41,177 [INFO] recv 13933B via direct in 1310ms
2026-09-28 23:21:41,180 [INFO] [client-0] Round 7 — training locally…
2026-09-28 23:21:41,350 [INFO] [client-0] Round 7 — sending update…
2026-09-28 23:21:41,353 [INFO] recv 13933B via direct in 1305ms
2026-09-28 23:21:41,357 [INFO] [client-5] Round 7 — training locally…
2026-09-28 23:21:41,538 [INFO] [client-5] Round 7 — sending update…
2026-09-28 23:21:41,542 [INFO] recv 13933B via direct in 1287ms
2026-09-28 23:21:41,546 [INFO] [client-2] Round 7 — training locally…
2026-09-28 23:21:41,670 [INFO] [client-2] Round 7 — sending update…
2026-09-28 23:21:41,684 [INFO] send 13933B via direct in 2120ms (0.05 Mbit/s) to 73d34f254aeca589
2026-09-28 23:21:41,686 [INFO] send 13933B via direct in 2128ms (0.05 Mbit/s) to 3e3b9d7a8a4b8622
2026-09-28 23:21:41,688 [INFO] send 13933B via direct in 1116ms (0.10 Mbit/s) to 425a90352e083e84
2026-09-28 23:21:41,719 [INFO] [client-4] Round 7 done — loss=1.0165 acc=0.5052  3.4s
2026-09-28 23:21:41,720 [INFO] [client-4] Round 8 — receiving model…
2026-09-28 23:21:41,723 [INFO] recv 13933B via direct in 1804ms
2026-09-28 23:21:41,726 [INFO] [client-9] Round 7 — training locally…
2026-09-28 23:21:41,847 [INFO] [client-9] Round 7 — sending update…
2026-09-28 23:21:41,850 [INFO] recv 13933B via direct in 1790ms
2026-09-28 23:21:41,853 [INFO] [client-7] Round 7 — training locally…
2026-09-28 23:21:41,971 [INFO] [client-7] Round 7 — sending update…
2026-09-28 23:21:41,974 [INFO] recv 13933B via direct in 1792ms
2026-09-28 23:21:41,976 [INFO] [client-3] Round 7 — training locally…
2026-09-28 23:21:42,089 [INFO] [client-3] Round 7 — sending update…
2026-09-28 23:21:42,097 [INFO] send 13933B via direct in 2538ms (0.04 Mbit/s) to 293da6c53ffb3b6c
2026-09-28 23:21:42,102 [INFO] Round 7 — waiting for 10 updates…
2026-09-28 23:21:42,103 [INFO] recv 13933B via direct in 557ms
2026-09-28 23:21:42,105 [INFO] send 13933B via direct in 1840ms (0.06 Mbit/s) to 425a90352e083e84
2026-09-28 23:21:42,124 [INFO] [client-8] Round 7 done — loss=0.7738 acc=0.7126  2.4s
2026-09-28 23:21:42,126 [INFO] [client-8] Round 8 — receiving model…
2026-09-28 23:21:42,128 [INFO] send 13933B via direct in 741ms (0.15 Mbit/s) to 425a90352e083e84
2026-09-28 23:21:42,149 [INFO] [client-0] Round 7 done — loss=1.0474 acc=0.4557  3.6s
2026-09-28 23:21:42,150 [INFO] [client-0] Round 8 — receiving model…
2026-09-28 23:21:42,152 [INFO] recv 13933B via direct in 933ms
2026-09-28 23:21:42,155 [INFO] recv 13933B via direct in 474ms
2026-09-28 23:21:42,158 [INFO] recv 13933B via direct in 475ms
2026-09-28 23:21:42,254 [ERROR] [client-6] round 7 error: stream not acknowledged: IrohError: 
2026-09-28 23:21:42,258 [INFO] [client-6] Round 8 — receiving model…
2026-09-28 23:21:42,398 [INFO] recv 13933B via direct in 240ms
2026-09-28 23:21:42,412 [INFO] recv 13933B via direct in 317ms
2026-09-28 23:21:42,453 [INFO] recv 13933B via direct in 770ms
2026-09-28 23:21:42,495 [INFO] send 13933B via direct in 645ms (0.17 Mbit/s) to 425a90352e083e84
2026-09-28 23:21:42,520 [INFO] [client-9] Round 7 done — loss=1.0098 acc=0.5232  4.7s
2026-09-28 23:21:42,523 [INFO] [client-9] Round 8 — receiving model…
2026-09-28 23:21:42,524 [ERROR] [client-5] round 7 error: stream not acknowledged: IrohError: 
2026-09-28 23:21:42,525 [INFO] [client-5] Round 8 — receiving model…
2026-09-28 23:21:42,528 [INFO] recv 13933B via direct in 228ms
2026-09-28 23:21:42,545 [INFO] send 13933B via direct in 1556ms (0.07 Mbit/s) to 425a90352e083e84
2026-09-28 23:21:42,584 [INFO] [client-1] Round 7 done — loss=1.0574 acc=0.4183  4.3s
2026-09-28 23:21:42,585 [INFO] [client-1] Round 8 — receiving model…
2026-09-28 23:21:42,597 [INFO] recv 13933B via direct in 503ms
2026-09-28 23:21:42,607 [INFO] send 13933B via direct in 633ms (0.18 Mbit/s) to 425a90352e083e84
2026-09-28 23:21:42,626 [INFO] [client-7] Round 7 done — loss=1.0336 acc=0.4447  4.3s
2026-09-28 23:21:42,627 [INFO] [client-7] Round 8 — receiving model…
2026-09-28 23:21:42,703 [ERROR] [client-2] round 7 error: stream not acknowledged: IrohError: 
2026-09-28 23:21:42,710 [INFO] [client-2] Round 8 — receiving model…
2026-09-28 23:21:43,071 [INFO] recv 13933B via direct in 638ms
2026-09-28 23:21:43,161 [INFO] Round 7/20  acc=0.4693  loss=1.0616  3.6s  clients=10
2026-09-28 23:21:43,163 [INFO] Round 8 — sending model to 10 clients…
2026-09-28 23:21:43,177 [ERROR] [client-3] round 7 error: stream not acknowledged: IrohError: 
2026-09-28 23:21:43,179 [INFO] [client-3] Round 8 — receiving model…
2026-09-28 23:21:43,709 [INFO] recv 13933B via direct in 195ms
2026-09-28 23:21:43,721 [INFO] [client-0] Round 8 — training locally…
2026-09-28 23:21:43,852 [INFO] [client-0] Round 8 — sending update…
2026-09-28 23:21:43,857 [INFO] recv 13933B via direct in 195ms
2026-09-28 23:21:43,861 [INFO] [client-6] Round 8 — training locally…
2026-09-28 23:21:43,966 [INFO] [client-6] Round 8 — sending update…
2026-09-28 23:21:43,972 [INFO] recv 13933B via direct in 240ms
2026-09-28 23:21:43,975 [INFO] [client-4] Round 8 — training locally…
2026-09-28 23:21:44,085 [INFO] [client-4] Round 8 — sending update…
2026-09-28 23:21:44,089 [INFO] recv 13933B via direct in 208ms
2026-09-28 23:21:44,092 [INFO] [client-3] Round 8 — training locally…
2026-09-28 23:21:44,227 [INFO] [client-3] Round 8 — sending update…
2026-09-28 23:21:44,235 [INFO] send 13933B via direct in 800ms (0.14 Mbit/s) to a8b7f4d21977cde4
2026-09-28 23:21:44,236 [INFO] send 13933B via direct in 798ms (0.14 Mbit/s) to 3e3b9d7a8a4b8622
2026-09-28 23:21:44,237 [INFO] send 13933B via direct in 802ms (0.14 Mbit/s) to 03ca09819deb5428
2026-09-28 23:21:44,239 [INFO] send 13933B via direct in 914ms (0.12 Mbit/s) to ec044e0daec7685e
2026-09-28 23:21:44,244 [INFO] send 13933B via direct in 799ms (0.14 Mbit/s) to 918234fd42fddcef
2026-09-28 23:21:44,247 [INFO] recv 13933B via direct in 742ms
2026-09-28 23:21:44,250 [INFO] [client-9] Round 8 — training locally…
2026-09-28 23:21:44,391 [INFO] [client-9] Round 8 — sending update…
2026-09-28 23:21:44,395 [INFO] recv 13933B via direct in 730ms
2026-09-28 23:21:44,400 [INFO] [client-8] Round 8 — training locally…
2026-09-28 23:21:44,614 [INFO] [client-8] Round 8 — sending update…
2026-09-28 23:21:44,616 [INFO] recv 13933B via direct in 744ms
2026-09-28 23:21:44,619 [INFO] [client-5] Round 8 — training locally…
2026-09-28 23:21:44,827 [INFO] [client-5] Round 8 — sending update…
2026-09-28 23:21:44,830 [INFO] recv 13933B via direct in 750ms
2026-09-28 23:21:44,834 [INFO] [client-2] Round 8 — training locally…
2026-09-28 23:21:44,947 [INFO] [client-2] Round 8 — sending update…
2026-09-28 23:21:44,949 [INFO] send 13933B via direct in 1071ms (0.10 Mbit/s) to 293da6c53ffb3b6c
2026-09-28 23:21:44,951 [INFO] send 13933B via direct in 1065ms (0.10 Mbit/s) to 265c018623f0a03d
2026-09-28 23:21:44,963 [INFO] send 13933B via direct in 1781ms (0.06 Mbit/s) to 46dc91cee83faa2a
2026-09-28 23:21:44,965 [INFO] send 13933B via direct in 1790ms (0.06 Mbit/s) to 73d34f254aeca589
2026-09-28 23:21:44,967 [ERROR] send_tensors → client-6 FAILED: ConnectionError: stream not acknowledged: IrohError: 
2026-09-28 23:21:44,968 [INFO] Round 8 — waiting for 9 updates…
2026-09-28 23:21:44,970 [INFO] recv 13933B via direct in 1481ms
2026-09-28 23:21:44,972 [INFO] [client-1] Round 8 — training locally…
2026-09-28 23:21:45,104 [INFO] [client-1] Round 8 — sending update…
2026-09-28 23:21:45,105 [INFO] recv 13933B via direct in 1453ms
2026-09-28 23:21:45,107 [INFO] [client-7] Round 8 — training locally…
2026-09-28 23:21:45,236 [INFO] [client-7] Round 8 — sending update…
2026-09-28 23:21:45,243 [INFO] recv 13933B via direct in 727ms
2026-09-28 23:21:45,249 [INFO] recv 13933B via direct in 286ms
2026-09-28 23:21:45,252 [WARNING] Round 8 — discarding update from unselected/duplicate peer 6649e64609327c72
2026-09-28 23:21:45,254 [INFO] send 13933B via direct in 1385ms (0.08 Mbit/s) to 425a90352e083e84
2026-09-28 23:21:45,290 [INFO] [client-0] Round 8 done — loss=1.0505 acc=0.4562  3.1s
2026-09-28 23:21:45,292 [INFO] [client-0] Round 9 — receiving model…
2026-09-28 23:21:45,294 [INFO] send 13933B via direct in 1274ms (0.09 Mbit/s) to 425a90352e083e84
2026-09-28 23:21:45,350 [INFO] [client-6] Round 8 done — loss=1.0158 acc=0.4795  3.1s
2026-09-28 23:21:45,351 [INFO] [client-6] Round 9 — receiving model…
2026-09-28 23:21:45,357 [INFO] recv 13933B via direct in 398ms
2026-09-28 23:21:45,360 [INFO] recv 13933B via direct in 397ms
2026-09-28 23:21:45,365 [INFO] send 13933B via direct in 1277ms (0.09 Mbit/s) to 425a90352e083e84
2026-09-28 23:21:45,403 [INFO] [client-4] Round 8 done — loss=1.0189 acc=0.4918  3.7s
2026-09-28 23:21:45,404 [INFO] [client-4] Round 9 — receiving model…
2026-09-28 23:21:45,406 [INFO] send 13933B via direct in 1012ms (0.11 Mbit/s) to 425a90352e083e84
2026-09-28 23:21:45,470 [INFO] [client-9] Round 8 done — loss=1.0127 acc=0.5228  2.9s
2026-09-28 23:21:45,471 [INFO] [client-9] Round 9 — receiving model…
2026-09-28 23:21:45,479 [INFO] recv 13933B via direct in 522ms
2026-09-28 23:21:45,484 [INFO] recv 13933B via direct in 522ms
2026-09-28 23:21:45,536 [INFO] recv 13933B via direct in 294ms
2026-09-28 23:21:45,540 [INFO] send 13933B via direct in 1310ms (0.09 Mbit/s) to 425a90352e083e84
2026-09-28 23:21:45,579 [INFO] [client-3] Round 8 done — loss=1.0436 acc=0.4540  2.4s
2026-09-28 23:21:45,580 [INFO] [client-3] Round 9 — receiving model…
2026-09-28 23:21:45,582 [INFO] send 13933B via direct in 965ms (0.12 Mbit/s) to 425a90352e083e84
2026-09-28 23:21:45,610 [INFO] [client-8] Round 8 done — loss=0.7676 acc=0.7112  3.5s
2026-09-28 23:21:45,611 [INFO] [client-8] Round 9 — receiving model…
2026-09-28 23:21:45,641 [ERROR] [client-5] round 8 error: stream not acknowledged: IrohError: 
2026-09-28 23:21:45,643 [INFO] [client-5] Round 9 — receiving model…
2026-09-28 23:21:45,647 [INFO] recv 13933B via direct in 173ms
2026-09-28 23:21:45,741 [INFO] send 13933B via direct in 632ms (0.18 Mbit/s) to 425a90352e083e84
2026-09-28 23:21:45,802 [INFO] [client-1] Round 8 done — loss=1.0597 acc=0.4234  3.2s
2026-09-28 23:21:45,804 [INFO] [client-1] Round 9 — receiving model…
2026-09-28 23:21:45,808 [INFO] recv 13933B via direct in 454ms
2026-09-28 23:21:45,812 [INFO] recv 13933B via direct in 225ms
2026-09-28 23:21:45,847 [INFO] Round 8/20  acc=0.4768  loss=1.0503  2.7s  clients=9
2026-09-28 23:21:45,848 [INFO] Round 9 — sending model to 10 clients…
2026-09-28 23:21:45,860 [INFO] send 13933B via direct in 620ms (0.18 Mbit/s) to 425a90352e083e84
2026-09-28 23:21:45,893 [INFO] [client-7] Round 8 done — loss=1.0313 acc=0.4516  3.3s
2026-09-28 23:21:45,894 [INFO] [client-7] Round 9 — receiving model…
2026-09-28 23:21:45,895 [INFO] send 13933B via direct in 911ms (0.12 Mbit/s) to 425a90352e083e84
2026-09-28 23:21:45,955 [INFO] [client-2] Round 8 done — loss=0.9711 acc=0.5158  3.2s
2026-09-28 23:21:45,956 [INFO] [client-2] Round 9 — receiving model…
2026-09-28 23:21:46,348 [INFO] recv 13933B via direct in 195ms
2026-09-28 23:21:46,354 [INFO] [client-6] Round 9 — training locally…
2026-09-28 23:21:46,578 [INFO] [client-6] Round 9 — sending update…
2026-09-28 23:21:46,584 [INFO] send 13933B via direct in 727ms (0.15 Mbit/s) to 6649e64609327c72
2026-09-28 23:21:46,585 [INFO] send 13933B via direct in 729ms (0.15 Mbit/s) to 3e3b9d7a8a4b8622
2026-09-28 23:21:46,587 [INFO] recv 13933B via direct in 423ms
2026-09-28 23:21:46,589 [INFO] [client-3] Round 9 — training locally…
2026-09-28 23:21:46,708 [INFO] [client-3] Round 9 — sending update…
2026-09-28 23:21:46,710 [INFO] recv 13933B via direct in 426ms
2026-09-28 23:21:46,715 [INFO] [client-4] Round 9 — training locally…
2026-09-28 23:21:46,840 [INFO] [client-4] Round 9 — sending update…
2026-09-28 23:21:46,846 [INFO] recv 13933B via direct in 405ms
2026-09-28 23:21:46,849 [INFO] [client-9] Round 9 — training locally…
2026-09-28 23:21:47,004 [INFO] [client-9] Round 9 — sending update…
2026-09-28 23:21:47,018 [INFO] send 13933B via direct in 1159ms (0.10 Mbit/s) to 293da6c53ffb3b6c
2026-09-28 23:21:47,019 [INFO] send 13933B via direct in 1153ms (0.10 Mbit/s) to ec044e0daec7685e
2026-09-28 23:21:47,020 [INFO] recv 13933B via direct in 825ms
2026-09-28 23:21:47,023 [INFO] [client-7] Round 9 — training locally…
2026-09-28 23:21:47,145 [INFO] [client-7] Round 9 — sending update…
2026-09-28 23:21:47,147 [INFO] recv 13933B via direct in 839ms
2026-09-28 23:21:47,151 [INFO] [client-1] Round 9 — training locally…
2026-09-28 23:21:47,335 [INFO] [client-1] Round 9 — sending update…
2026-09-28 23:21:47,341 [INFO] send 13933B via direct in 1482ms (0.08 Mbit/s) to 73d34f254aeca589
2026-09-28 23:21:47,343 [INFO] send 13933B via direct in 1479ms (0.08 Mbit/s) to 46dc91cee83faa2a
2026-09-28 23:21:47,401 [INFO] send 13933B via direct in 820ms (0.14 Mbit/s) to 425a90352e083e84
2026-09-28 23:21:47,486 [INFO] [client-6] Round 9 done — loss=1.0171 acc=0.4729  2.1s
2026-09-28 23:21:47,487 [INFO] [client-6] Round 10 — receiving model…
2026-09-28 23:21:47,490 [INFO] recv 13933B via direct in 1319ms
2026-09-28 23:21:47,495 [INFO] [client-5] Round 9 — training locally…
2026-09-28 23:21:47,604 [INFO] [client-5] Round 9 — sending update…
2026-09-28 23:21:47,613 [INFO] send 13933B via direct in 1751ms (0.06 Mbit/s) to 03ca09819deb5428
2026-09-28 23:21:47,615 [INFO] recv 13933B via direct in 1430ms
2026-09-28 23:21:47,618 [INFO] [client-0] Round 9 — training locally…
2026-09-28 23:21:47,755 [INFO] [client-0] Round 9 — sending update…
2026-09-28 23:21:47,761 [INFO] send 13933B via direct in 1900ms (0.06 Mbit/s) to a8b7f4d21977cde4
2026-09-28 23:21:47,763 [INFO] send 13933B via direct in 751ms (0.15 Mbit/s) to 425a90352e083e84
2026-09-28 23:21:47,787 [INFO] [client-9] Round 9 done — loss=1.0080 acc=0.5263  2.3s
2026-09-28 23:21:47,789 [INFO] [client-9] Round 10 — receiving model…
2026-09-28 23:21:47,790 [INFO] send 13933B via direct in 1907ms (0.06 Mbit/s) to 918234fd42fddcef
2026-09-28 23:21:47,792 [INFO] recv 13933B via direct in 1568ms
2026-09-28 23:21:47,794 [INFO] [client-8] Round 9 — training locally…
2026-09-28 23:21:47,921 [INFO] [client-8] Round 9 — sending update…
2026-09-28 23:21:47,930 [INFO] send 13933B via direct in 1216ms (0.09 Mbit/s) to 425a90352e083e84
2026-09-28 23:21:47,948 [INFO] [client-3] Round 9 done — loss=1.0440 acc=0.4605  2.4s
2026-09-28 23:21:47,949 [INFO] [client-3] Round 10 — receiving model…
2026-09-28 23:21:47,950 [INFO] send 13933B via direct in 1082ms (0.10 Mbit/s) to 425a90352e083e84
2026-09-28 23:21:47,969 [INFO] [client-4] Round 9 done — loss=1.0159 acc=0.4966  2.6s
2026-09-28 23:21:47,970 [INFO] [client-4] Round 10 — receiving model…
2026-09-28 23:21:48,001 [INFO] send 13933B via direct in 664ms (0.17 Mbit/s) to 425a90352e083e84
2026-09-28 23:21:48,050 [INFO] [client-1] Round 9 done — loss=1.0576 acc=0.4320  2.2s
2026-09-28 23:21:48,052 [INFO] [client-1] Round 10 — receiving model…
2026-09-28 23:21:48,367 [ERROR] [client-5] round 9 error: stream not acknowledged: IrohError: 
2026-09-28 23:21:48,375 [INFO] [client-5] Round 10 — receiving model…
2026-09-28 23:21:48,386 [INFO] recv 13933B via direct in 2228ms
2026-09-28 23:21:48,396 [INFO] [client-2] Round 9 — training locally…
2026-09-28 23:21:48,547 [INFO] [client-2] Round 9 — sending update…
2026-09-28 23:21:48,551 [INFO] send 13933B via direct in 2695ms (0.04 Mbit/s) to 265c018623f0a03d
2026-09-28 23:21:48,552 [INFO] Round 9 — waiting for 10 updates…
2026-09-28 23:21:48,553 [INFO] recv 13933B via direct in 336ms
2026-09-28 23:21:48,556 [INFO] recv 13933B via direct in 418ms
2026-09-28 23:21:48,558 [INFO] recv 13933B via direct in 749ms
2026-09-28 23:21:48,560 [INFO] recv 13933B via direct in 422ms
2026-09-28 23:21:48,563 [INFO] recv 13933B via direct in 171ms
2026-09-28 23:21:48,565 [INFO] recv 13933B via direct in 318ms
2026-09-28 23:21:48,646 [INFO] recv 13933B via direct in 412ms
2026-09-28 23:21:48,735 [INFO] send 13933B via direct in 809ms (0.14 Mbit/s) to 425a90352e083e84
2026-09-28 23:21:48,817 [INFO] [client-8] Round 9 done — loss=0.7650 acc=0.7071  3.2s
2026-09-28 23:21:48,818 [INFO] [client-8] Round 10 — receiving model…
2026-09-28 23:21:49,309 [INFO] recv 13933B via direct in 456ms
2026-09-28 23:21:49,396 [ERROR] [client-2] round 9 error: stream not acknowledged: IrohError: 
2026-09-28 23:21:49,401 [INFO] [client-2] Round 10 — receiving model…
2026-09-28 23:21:49,482 [INFO] recv 13933B via direct in 1988ms
2026-09-28 23:21:49,500 [INFO] recv 13933B via direct in 1416ms
2026-09-28 23:21:49,557 [INFO] Round 9/20  acc=0.4670  loss=1.0647  3.7s  clients=10
2026-09-28 23:21:49,558 [INFO] Round 10 — sending model to 10 clients…
2026-09-28 23:21:49,571 [INFO] send 13933B via direct in 1813ms (0.06 Mbit/s) to 425a90352e083e84
2026-09-28 23:21:49,590 [INFO] [client-0] Round 9 done — loss=1.0523 acc=0.4588  4.3s
2026-09-28 23:21:49,591 [INFO] [client-0] Round 10 — receiving model…
2026-09-28 23:21:49,593 [INFO] send 13933B via direct in 2445ms (0.05 Mbit/s) to 425a90352e083e84
2026-09-28 23:21:49,609 [INFO] [client-7] Round 9 done — loss=1.0297 acc=0.4433  3.7s
2026-09-28 23:21:49,611 [INFO] [client-7] Round 10 — receiving model…
2026-09-28 23:21:50,072 [INFO] recv 13933B via direct in 184ms
2026-09-28 23:21:50,088 [INFO] [client-8] Round 10 — training locally…
2026-09-28 23:21:50,264 [INFO] [client-8] Round 10 — sending update…
2026-09-28 23:21:50,274 [INFO] send 13933B via direct in 700ms (0.16 Mbit/s) to 918234fd42fddcef
2026-09-28 23:21:50,276 [INFO] send 13933B via direct in 701ms (0.16 Mbit/s) to 73d34f254aeca589
2026-09-28 23:21:50,277 [INFO] send 13933B via direct in 706ms (0.16 Mbit/s) to ec044e0daec7685e
2026-09-28 23:21:50,279 [INFO] send 13933B via direct in 703ms (0.16 Mbit/s) to 46dc91cee83faa2a
2026-09-28 23:21:50,279 [INFO] send 13933B via direct in 700ms (0.16 Mbit/s) to a8b7f4d21977cde4
2026-09-28 23:21:50,281 [INFO] recv 13933B via direct in 422ms
2026-09-28 23:21:50,284 [INFO] [client-7] Round 10 — training locally…
2026-09-28 23:21:50,384 [INFO] [client-7] Round 10 — sending update…
2026-09-28 23:21:50,388 [INFO] recv 13933B via direct in 408ms
2026-09-28 23:21:50,390 [INFO] [client-2] Round 10 — training locally…
2026-09-28 23:21:50,496 [INFO] [client-2] Round 10 — sending update…
2026-09-28 23:21:50,499 [INFO] recv 13933B via direct in 394ms
2026-09-28 23:21:50,503 [INFO] [client-1] Round 10 — training locally…
2026-09-28 23:21:50,612 [INFO] [client-1] Round 10 — sending update…
2026-09-28 23:21:50,616 [INFO] recv 13933B via direct in 392ms
2026-09-28 23:21:50,618 [INFO] [client-0] Round 10 — training locally…
2026-09-28 23:21:50,704 [INFO] [client-0] Round 10 — sending update…
2026-09-28 23:21:50,707 [INFO] recv 13933B via direct in 412ms
2026-09-28 23:21:50,710 [INFO] [client-4] Round 10 — training locally…
2026-09-28 23:21:50,835 [INFO] [client-4] Round 10 — sending update…
2026-09-28 23:21:50,838 [INFO] recv 13933B via direct in 424ms
2026-09-28 23:21:50,840 [INFO] [client-3] Round 10 — training locally…
2026-09-28 23:21:50,960 [INFO] [client-3] Round 10 — sending update…
2026-09-28 23:21:50,978 [INFO] send 13933B via direct in 1404ms (0.08 Mbit/s) to 3e3b9d7a8a4b8622
2026-09-28 23:21:50,980 [INFO] send 13933B via direct in 1398ms (0.08 Mbit/s) to 6649e64609327c72
2026-09-28 23:21:50,982 [INFO] send 13933B via direct in 1401ms (0.08 Mbit/s) to 293da6c53ffb3b6c
2026-09-28 23:21:50,983 [INFO] send 13933B via direct in 1403ms (0.08 Mbit/s) to 03ca09819deb5428
2026-09-28 23:21:50,985 [ERROR] send_tensors → client-2 FAILED: ConnectionError: stream not acknowledged: IrohError: 
2026-09-28 23:21:50,986 [INFO] Round 10 — waiting for 9 updates…
2026-09-28 23:21:50,987 [INFO] recv 13933B via direct in 1057ms
2026-09-28 23:21:50,989 [INFO] [client-6] Round 10 — training locally…
2026-09-28 23:21:51,101 [INFO] [client-6] Round 10 — sending update…
2026-09-28 23:21:51,105 [INFO] recv 13933B via direct in 1104ms
2026-09-28 23:21:51,107 [INFO] [client-9] Round 10 — training locally…
2026-09-28 23:21:51,324 [INFO] [client-9] Round 10 — sending update…
2026-09-28 23:21:51,328 [INFO] recv 13933B via direct in 1111ms
2026-09-28 23:21:51,330 [INFO] [client-5] Round 10 — training locally…
2026-09-28 23:21:51,459 [INFO] [client-5] Round 10 — sending update…
2026-09-28 23:21:51,471 [INFO] send 13933B via direct in 1196ms (0.09 Mbit/s) to 425a90352e083e84
2026-09-28 23:21:51,493 [INFO] [client-8] Round 10 done — loss=0.7727 acc=0.7091  2.7s
2026-09-28 23:21:51,494 [INFO] [client-8] Round 11 — receiving model…
2026-09-28 23:21:51,495 [INFO] send 13933B via direct in 1077ms (0.10 Mbit/s) to 425a90352e083e84
2026-09-28 23:21:51,514 [INFO] [client-7] Round 10 done — loss=1.0298 acc=0.4519  1.9s
2026-09-28 23:21:51,515 [INFO] [client-7] Round 11 — receiving model…
2026-09-28 23:21:51,519 [INFO] recv 13933B via direct in 549ms
2026-09-28 23:21:51,522 [INFO] recv 13933B via direct in 549ms
2026-09-28 23:21:51,524 [WARNING] Round 10 — discarding update from unselected/duplicate peer 265c018623f0a03d
2026-09-28 23:21:51,526 [INFO] recv 13933B via direct in 549ms
2026-09-28 23:21:51,528 [INFO] recv 13933B via direct in 549ms
2026-09-28 23:21:51,532 [INFO] recv 13933B via direct in 55ms
2026-09-28 23:21:51,587 [INFO] send 13933B via direct in 1087ms (0.10 Mbit/s) to 425a90352e083e84
2026-09-28 23:21:51,643 [INFO] [client-2] Round 10 done — loss=0.9708 acc=0.5251  2.2s
2026-09-28 23:21:51,646 [INFO] [client-2] Round 11 — receiving model…
2026-09-28 23:21:51,650 [ERROR] [client-1] round 10 error: stream not acknowledged: IrohError: 
2026-09-28 23:21:51,652 [INFO] [client-1] Round 11 — receiving model…
2026-09-28 23:21:51,655 [INFO] send 13933B via direct in 942ms (0.12 Mbit/s) to 425a90352e083e84
2026-09-28 23:21:51,684 [INFO] [client-0] Round 10 done — loss=1.0498 acc=0.4470  2.1s
2026-09-28 23:21:51,685 [INFO] [client-0] Round 11 — receiving model…
2026-09-28 23:21:51,748 [INFO] recv 13933B via direct in 283ms
2026-09-28 23:21:51,773 [INFO] recv 13933B via direct in 306ms
2026-09-28 23:21:51,779 [INFO] recv 13933B via direct in 307ms
2026-09-28 23:21:51,850 [INFO] send 13933B via direct in 1012ms (0.11 Mbit/s) to 425a90352e083e84
2026-09-28 23:21:51,944 [INFO] [client-4] Round 10 done — loss=1.0171 acc=0.4876  4.0s
2026-09-28 23:21:51,945 [INFO] [client-4] Round 11 — receiving model…
2026-09-28 23:21:51,947 [INFO] send 13933B via direct in 842ms (0.13 Mbit/s) to 425a90352e083e84
2026-09-28 23:21:51,970 [INFO] [client-6] Round 10 done — loss=1.0105 acc=0.5021  4.5s
2026-09-28 23:21:51,972 [INFO] [client-6] Round 11 — receiving model…
2026-09-28 23:21:51,973 [INFO] send 13933B via direct in 983ms (0.11 Mbit/s) to 425a90352e083e84
2026-09-28 23:21:51,998 [INFO] [client-3] Round 10 done — loss=1.0431 acc=0.4574  4.0s
2026-09-28 23:21:51,999 [INFO] [client-3] Round 11 — receiving model…
2026-09-28 23:21:52,001 [INFO] recv 13933B via direct in 212ms
2026-09-28 23:21:52,034 [INFO] recv 13933B via direct in 379ms
2026-09-28 23:21:52,087 [INFO] Round 10/20  acc=0.4400  loss=1.0820  2.5s  clients=9
2026-09-28 23:21:52,088 [INFO] Round 11 — sending model to 10 clients…
2026-09-28 23:21:52,102 [ERROR] [client-5] round 10 error: stream not acknowledged: IrohError: 
2026-09-28 23:21:52,104 [INFO] [client-5] Round 11 — receiving model…
2026-09-28 23:21:52,129 [INFO] send 13933B via direct in 801ms (0.14 Mbit/s) to 425a90352e083e84
2026-09-28 23:21:52,155 [INFO] [client-9] Round 10 done — loss=1.0084 acc=0.5246  4.4s
2026-09-28 23:21:52,156 [INFO] [client-9] Round 11 — receiving model…
2026-09-28 23:21:52,622 [INFO] recv 13933B via direct in 217ms
2026-09-28 23:21:52,634 [INFO] [client-5] Round 11 — training locally…
2026-09-28 23:21:52,756 [INFO] [client-5] Round 11 — sending update…
2026-09-28 23:21:52,762 [INFO] recv 13933B via direct in 198ms
2026-09-28 23:21:52,766 [INFO] [client-3] Round 11 — training locally…
2026-09-28 23:21:52,880 [INFO] [client-3] Round 11 — sending update…
2026-09-28 23:21:52,887 [INFO] send 13933B via direct in 666ms (0.17 Mbit/s) to 3e3b9d7a8a4b8622
2026-09-28 23:21:52,889 [INFO] send 13933B via direct in 665ms (0.17 Mbit/s) to 265c018623f0a03d
2026-09-28 23:21:52,890 [INFO] send 13933B via direct in 665ms (0.17 Mbit/s) to 918234fd42fddcef
2026-09-28 23:21:52,891 [INFO] send 13933B via direct in 660ms (0.17 Mbit/s) to a8b7f4d21977cde4
2026-09-28 23:21:52,892 [INFO] send 13933B via direct in 660ms (0.17 Mbit/s) to 6649e64609327c72
2026-09-28 23:21:52,893 [INFO] send 13933B via direct in 663ms (0.17 Mbit/s) to 73d34f254aeca589
2026-09-28 23:21:52,895 [INFO] recv 13933B via direct in 486ms
2026-09-28 23:21:52,898 [INFO] [client-9] Round 11 — training locally…
2026-09-28 23:21:53,026 [INFO] [client-9] Round 11 — sending update…
2026-09-28 23:21:53,028 [INFO] recv 13933B via direct in 497ms
2026-09-28 23:21:53,032 [INFO] [client-2] Round 11 — training locally…
2026-09-28 23:21:53,226 [INFO] [client-2] Round 11 — sending update…
2026-09-28 23:21:53,229 [INFO] recv 13933B via direct in 460ms
2026-09-28 23:21:53,232 [INFO] [client-6] Round 11 — training locally…
2026-09-28 23:21:53,360 [INFO] [client-6] Round 11 — sending update…
2026-09-28 23:21:53,363 [INFO] recv 13933B via direct in 466ms
2026-09-28 23:21:53,368 [INFO] [client-8] Round 11 — training locally…
2026-09-28 23:21:53,555 [INFO] [client-8] Round 11 — sending update…
2026-09-28 23:21:53,557 [INFO] recv 13933B via direct in 481ms
2026-09-28 23:21:53,560 [INFO] [client-7] Round 11 — training locally…
2026-09-28 23:21:53,686 [INFO] [client-7] Round 11 — sending update…
2026-09-28 23:21:53,689 [INFO] recv 13933B via direct in 445ms
2026-09-28 23:21:53,692 [INFO] [client-0] Round 11 — training locally…
2026-09-28 23:21:53,773 [INFO] [client-0] Round 11 — sending update…
2026-09-28 23:21:53,779 [INFO] send 13933B via direct in 801ms (0.14 Mbit/s) to 293da6c53ffb3b6c
2026-09-28 23:21:53,781 [INFO] recv 13933B via direct in 468ms
2026-09-28 23:21:53,784 [INFO] [client-4] Round 11 — training locally…
2026-09-28 23:21:53,922 [INFO] [client-4] Round 11 — sending update…
2026-09-28 23:21:53,937 [INFO] send 13933B via direct in 1681ms (0.07 Mbit/s) to ec044e0daec7685e
2026-09-28 23:21:53,939 [INFO] send 13933B via direct in 1689ms (0.07 Mbit/s) to 46dc91cee83faa2a
2026-09-28 23:21:53,941 [ERROR] send_tensors → client-5 FAILED: ConnectionError: stream not acknowledged: IrohError: 
2026-09-28 23:21:53,942 [INFO] Round 11 — waiting for 9 updates…
2026-09-28 23:21:53,945 [INFO] recv 13933B via direct in 1529ms
2026-09-28 23:21:53,947 [INFO] [client-1] Round 11 — training locally…
2026-09-28 23:21:54,062 [INFO] [client-1] Round 11 — sending update…
2026-09-28 23:21:54,242 [INFO] recv 13933B via direct in 450ms
2026-09-28 23:21:54,255 [INFO] recv 13933B via direct in 456ms
2026-09-28 23:21:54,267 [INFO] recv 13933B via direct in 452ms
2026-09-28 23:21:54,276 [INFO] recv 13933B via direct in 199ms
2026-09-28 23:21:54,281 [INFO] recv 13933B via direct in 493ms
2026-09-28 23:21:54,285 [INFO] recv 13933B via direct in 335ms
2026-09-28 23:21:54,292 [INFO] recv 13933B via direct in 504ms
2026-09-28 23:21:54,296 [WARNING] Round 11 — discarding update from unselected/duplicate peer 03ca09819deb5428
2026-09-28 23:21:54,323 [INFO] send 13933B via direct in 1093ms (0.10 Mbit/s) to 425a90352e083e84
2026-09-28 23:21:54,418 [INFO] [client-2] Round 11 done — loss=0.9718 acc=0.5134  2.8s
2026-09-28 23:21:54,419 [INFO] [client-2] Round 12 — receiving model…
2026-09-28 23:21:54,422 [ERROR] [client-5] round 11 error: stream not acknowledged: IrohError: 
2026-09-28 23:21:54,424 [INFO] [client-5] Round 12 — receiving model…
2026-09-28 23:21:54,425 [INFO] send 13933B via direct in 1392ms (0.08 Mbit/s) to 425a90352e083e84
2026-09-28 23:21:54,457 [INFO] [client-9] Round 11 done — loss=1.0128 acc=0.5246  2.3s
2026-09-28 23:21:54,458 [INFO] [client-9] Round 12 — receiving model…
2026-09-28 23:21:54,459 [INFO] send 13933B via direct in 1537ms (0.07 Mbit/s) to 425a90352e083e84
2026-09-28 23:21:54,484 [INFO] [client-3] Round 11 done — loss=1.0437 acc=0.4478  2.5s
2026-09-28 23:21:54,486 [INFO] [client-3] Round 12 — receiving model…
2026-09-28 23:21:54,487 [INFO] send 13933B via direct in 864ms (0.13 Mbit/s) to 425a90352e083e84
2026-09-28 23:21:54,509 [INFO] [client-8] Round 11 done — loss=0.7607 acc=0.7184  3.0s
2026-09-28 23:21:54,510 [INFO] [client-8] Round 12 — receiving model…
2026-09-28 23:21:54,511 [INFO] send 13933B via direct in 1058ms (0.11 Mbit/s) to 425a90352e083e84
2026-09-28 23:21:54,535 [INFO] [client-6] Round 11 done — loss=1.0161 acc=0.4889  2.6s
2026-09-28 23:21:54,536 [INFO] [client-6] Round 12 — receiving model…
2026-09-28 23:21:54,537 [INFO] send 13933B via direct in 733ms (0.15 Mbit/s) to 425a90352e083e84
2026-09-28 23:21:54,556 [INFO] [client-7] Round 11 done — loss=1.0290 acc=0.4454  3.0s
2026-09-28 23:21:54,557 [INFO] [client-7] Round 12 — receiving model…
2026-09-28 23:21:54,559 [INFO] recv 13933B via direct in 204ms
2026-09-28 23:21:54,562 [INFO] send 13933B via direct in 635ms (0.18 Mbit/s) to 425a90352e083e84
2026-09-28 23:21:54,585 [INFO] [client-4] Round 11 done — loss=1.0140 acc=0.4962  2.6s
2026-09-28 23:21:54,586 [INFO] [client-4] Round 12 — receiving model…
2026-09-28 23:21:54,588 [INFO] recv 13933B via direct in 512ms
2026-09-28 23:21:54,599 [INFO] recv 13933B via direct in 177ms
2026-09-28 23:21:54,629 [INFO] Round 11/20  acc=0.4614  loss=1.0671  2.5s  clients=9
2026-09-28 23:21:54,630 [INFO] Round 12 — sending model to 10 clients…
2026-09-28 23:21:54,672 [INFO] send 13933B via direct in 896ms (0.12 Mbit/s) to 425a90352e083e84
2026-09-28 23:21:54,730 [INFO] [client-0] Round 11 done — loss=1.0465 acc=0.4575  3.0s
2026-09-28 23:21:54,731 [INFO] [client-0] Round 12 — receiving model…
2026-09-28 23:21:54,734 [INFO] send 13933B via direct in 669ms (0.17 Mbit/s) to 425a90352e083e84
2026-09-28 23:21:54,761 [INFO] [client-1] Round 11 done — loss=1.0614 acc=0.4245  3.1s
2026-09-28 23:21:54,762 [INFO] [client-1] Round 12 — receiving model…
2026-09-28 23:21:55,130 [INFO] recv 13933B via direct in 188ms
2026-09-28 23:21:55,134 [INFO] [client-7] Round 12 — training locally…
2026-09-28 23:21:55,355 [INFO] [client-7] Round 12 — sending update…
2026-09-28 23:21:55,364 [INFO] send 13933B via direct in 726ms (0.15 Mbit/s) to 03ca09819deb5428
2026-09-28 23:21:55,366 [INFO] send 13933B via direct in 721ms (0.16 Mbit/s) to 918234fd42fddcef
2026-09-28 23:21:55,367 [INFO] send 13933B via direct in 726ms (0.15 Mbit/s) to 293da6c53ffb3b6c
2026-09-28 23:21:55,368 [INFO] send 13933B via direct in 724ms (0.15 Mbit/s) to 265c018623f0a03d
2026-09-28 23:21:55,371 [INFO] send 13933B via direct in 725ms (0.15 Mbit/s) to 46dc91cee83faa2a
2026-09-28 23:21:55,372 [INFO] recv 13933B via direct in 433ms
2026-09-28 23:21:55,374 [INFO] [client-5] Round 12 — training locally…
2026-09-28 23:21:55,484 [INFO] [client-5] Round 12 — sending update…
2026-09-28 23:21:55,488 [INFO] recv 13933B via direct in 415ms
2026-09-28 23:21:55,492 [INFO] [client-9] Round 12 — training locally…
2026-09-28 23:21:55,717 [INFO] [client-9] Round 12 — sending update…
2026-09-28 23:21:55,719 [INFO] recv 13933B via direct in 417ms
2026-09-28 23:21:55,723 [INFO] [client-8] Round 12 — training locally…
2026-09-28 23:21:55,859 [INFO] [client-8] Round 12 — sending update…
2026-09-28 23:21:55,862 [INFO] recv 13933B via direct in 409ms
2026-09-28 23:21:55,866 [INFO] [client-1] Round 12 — training locally…
2026-09-28 23:21:55,980 [INFO] [client-1] Round 12 — sending update…
2026-09-28 23:21:55,984 [INFO] recv 13933B via direct in 401ms
2026-09-28 23:21:55,987 [INFO] [client-2] Round 12 — training locally…
2026-09-28 23:21:56,130 [INFO] [client-2] Round 12 — sending update…
2026-09-28 23:21:56,134 [INFO] recv 13933B via direct in 432ms
2026-09-28 23:21:56,138 [INFO] [client-4] Round 12 — training locally…
2026-09-28 23:21:56,284 [INFO] [client-4] Round 12 — sending update…
2026-09-28 23:21:56,301 [INFO] send 13933B via direct in 1650ms (0.07 Mbit/s) to ec044e0daec7685e
2026-09-28 23:21:56,303 [INFO] send 13933B via direct in 1649ms (0.07 Mbit/s) to a8b7f4d21977cde4
2026-09-28 23:21:56,304 [INFO] send 13933B via direct in 1651ms (0.07 Mbit/s) to 6649e64609327c72
2026-09-28 23:21:56,306 [INFO] recv 13933B via direct in 1329ms
2026-09-28 23:21:56,309 [INFO] [client-6] Round 12 — training locally…
2026-09-28 23:21:58,322 [INFO] [client-6] Round 12 — sending update…
2026-09-28 23:21:58,326 [INFO] recv 13933B via direct in 1344ms
2026-09-28 23:21:58,330 [INFO] [client-0] Round 12 — training locally…
2026-09-28 23:21:58,418 [INFO] [client-0] Round 12 — sending update…
2026-09-28 23:21:58,533 [INFO] recv 13933B via direct in 1711ms
2026-09-28 23:21:58,536 [INFO] [client-3] Round 12 — training locally…
2026-09-28 23:21:58,680 [INFO] [client-3] Round 12 — sending update…
2026-09-28 23:21:58,685 [ERROR] [client-1] round 12 error: stream not acknowledged: IrohError: 
2026-09-28 23:21:58,686 [INFO] [client-1] Round 13 — receiving model…
2026-09-28 23:21:58,690 [INFO] send 13933B via direct in 941ms (0.12 Mbit/s) to 425a90352e083e84
2026-09-28 23:21:58,713 [INFO] [client-8] Round 12 done — loss=0.7663 acc=0.7109  2.3s
2026-09-28 23:21:58,714 [INFO] [client-8] Round 13 — receiving model…
2026-09-28 23:21:58,714 [INFO] send 13933B via direct in 1084ms (0.10 Mbit/s) to 425a90352e083e84
2026-09-28 23:21:58,838 [INFO] [client-9] Round 12 done — loss=1.0134 acc=0.5228  2.5s
2026-09-28 23:21:58,841 [INFO] [client-9] Round 13 — receiving model…
2026-09-28 23:21:58,843 [INFO] send 13933B via direct in 2173ms (0.05 Mbit/s) to 3e3b9d7a8a4b8622
2026-09-28 23:21:58,845 [ERROR] send_tensors → client-7 FAILED: ConnectionError: stream not acknowledged: IrohError: 
2026-09-28 23:21:58,846 [INFO] Round 12 — waiting for 9 updates…
2026-09-28 23:21:58,847 [INFO] recv 13933B via direct in 296ms
2026-09-28 23:21:58,849 [INFO] recv 13933B via direct in 307ms
2026-09-28 23:21:58,852 [INFO] recv 13933B via direct in 330ms
2026-09-28 23:21:58,855 [INFO] recv 13933B via direct in 520ms
2026-09-28 23:21:58,857 [WARNING] Round 12 — discarding update from unselected/duplicate peer 73d34f254aeca589
2026-09-28 23:21:58,860 [INFO] send 13933B via direct in 1619ms (0.07 Mbit/s) to 425a90352e083e84
2026-09-28 23:21:58,879 [INFO] [client-7] Round 12 done — loss=1.0267 acc=0.4602  2.4s
2026-09-28 23:21:58,881 [INFO] [client-7] Round 13 — receiving model…
2026-09-28 23:21:58,883 [INFO] recv 13933B via direct in 174ms
2026-09-28 23:21:58,918 [INFO] recv 13933B via direct in 746ms
2026-09-28 23:21:58,972 [ERROR] [client-6] round 12 error: stream not acknowledged: IrohError: 
2026-09-28 23:21:58,979 [INFO] [client-6] Round 13 — receiving model…
2026-09-28 23:21:59,019 [INFO] recv 13933B via direct in 156ms
2026-09-28 23:21:59,033 [ERROR] [client-5] round 12 error: stream not acknowledged: IrohError: 
2026-09-28 23:21:59,037 [INFO] [client-5] Round 13 — receiving model…
2026-09-28 23:21:59,112 [INFO] send 13933B via direct in 688ms (0.16 Mbit/s) to 425a90352e083e84
2026-09-28 23:21:59,188 [INFO] [client-0] Round 12 done — loss=1.0481 acc=0.4553  2.6s
2026-09-28 23:21:59,189 [INFO] [client-0] Round 13 — receiving model…
2026-09-28 23:21:59,272 [INFO] recv 13933B via direct in 228ms
2026-09-28 23:21:59,295 [INFO] recv 13933B via direct in 868ms
2026-09-28 23:21:59,361 [INFO] send 13933B via direct in 676ms (0.17 Mbit/s) to 425a90352e083e84
2026-09-28 23:21:59,435 [INFO] [client-3] Round 12 done — loss=1.0440 acc=0.4427  3.1s
2026-09-28 23:21:59,436 [INFO] [client-3] Round 13 — receiving model…
2026-09-28 23:21:59,439 [INFO] send 13933B via direct in 1423ms (0.08 Mbit/s) to 425a90352e083e84
2026-09-28 23:21:59,456 [INFO] [client-2] Round 12 done — loss=0.9729 acc=0.5120  3.2s
2026-09-28 23:21:59,458 [INFO] [client-2] Round 13 — receiving model…
2026-09-28 23:21:59,754 [INFO] recv 13933B via direct in 1266ms
2026-09-28 23:21:59,797 [INFO] Round 12/20  acc=0.4782  loss=1.0516  3.3s  clients=9
2026-09-28 23:21:59,798 [INFO] Round 13 — sending model to 10 clients…
2026-09-28 23:21:59,841 [INFO] send 13933B via direct in 1673ms (0.07 Mbit/s) to 425a90352e083e84
2026-09-28 23:21:59,883 [INFO] [client-4] Round 12 done — loss=1.0172 acc=0.4928  3.4s
2026-09-28 23:21:59,884 [INFO] [client-4] Round 13 — receiving model…
2026-09-28 23:22:00,297 [INFO] recv 13933B via direct in 211ms
2026-09-28 23:22:00,308 [INFO] [client-2] Round 13 — training locally…
2026-09-28 23:22:00,484 [INFO] [client-2] Round 13 — sending update…
2026-09-28 23:22:00,492 [INFO] send 13933B via direct in 685ms (0.16 Mbit/s) to 265c018623f0a03d
2026-09-28 23:22:00,494 [INFO] send 13933B via direct in 683ms (0.16 Mbit/s) to 73d34f254aeca589
2026-09-28 23:22:00,495 [INFO] send 13933B via direct in 677ms (0.17 Mbit/s) to 46dc91cee83faa2a
2026-09-28 23:22:00,496 [INFO] send 13933B via direct in 678ms (0.16 Mbit/s) to 918234fd42fddcef
2026-09-28 23:22:00,497 [INFO] send 13933B via direct in 685ms (0.16 Mbit/s) to ec044e0daec7685e
2026-09-28 23:22:00,498 [INFO] send 13933B via direct in 683ms (0.16 Mbit/s) to 293da6c53ffb3b6c
2026-09-28 23:22:00,500 [INFO] recv 13933B via direct in 367ms
2026-09-28 23:22:00,502 [INFO] [client-1] Round 13 — training locally…
2026-09-28 23:22:00,631 [INFO] [client-1] Round 13 — sending update…
2026-09-28 23:22:00,635 [INFO] recv 13933B via direct in 366ms
2026-09-28 23:22:00,640 [INFO] [client-4] Round 13 — training locally…
2026-09-28 23:22:00,784 [INFO] [client-4] Round 13 — sending update…
2026-09-28 23:22:00,788 [INFO] recv 13933B via direct in 396ms
2026-09-28 23:22:00,791 [INFO] [client-7] Round 13 — training locally…
2026-09-28 23:22:00,930 [INFO] [client-7] Round 13 — sending update…
2026-09-28 23:22:00,933 [INFO] recv 13933B via direct in 356ms
2026-09-28 23:22:00,935 [INFO] [client-8] Round 13 — training locally…
2026-09-28 23:22:01,068 [INFO] [client-8] Round 13 — sending update…
2026-09-28 23:22:01,072 [INFO] recv 13933B via direct in 365ms
2026-09-28 23:22:01,074 [INFO] [client-3] Round 13 — training locally…
2026-09-28 23:22:01,225 [INFO] [client-3] Round 13 — sending update…
2026-09-28 23:22:01,228 [INFO] recv 13933B via direct in 337ms
2026-09-28 23:22:01,231 [INFO] [client-9] Round 13 — training locally…
2026-09-28 23:22:01,330 [INFO] [client-9] Round 13 — sending update…
2026-09-28 23:22:01,344 [INFO] send 13933B via direct in 1527ms (0.07 Mbit/s) to 03ca09819deb5428
2026-09-28 23:22:01,346 [INFO] send 13933B via direct in 1527ms (0.07 Mbit/s) to a8b7f4d21977cde4
2026-09-28 23:22:01,347 [INFO] send 13933B via direct in 1528ms (0.07 Mbit/s) to 6649e64609327c72
2026-09-28 23:22:01,349 [ERROR] send_tensors → client-3 FAILED: ConnectionError: stream not acknowledged: IrohError: 
2026-09-28 23:22:01,350 [INFO] Round 13 — waiting for 9 updates…
2026-09-28 23:22:01,351 [INFO] recv 13933B via direct in 1218ms
2026-09-28 23:22:01,353 [INFO] [client-6] Round 13 — training locally…
2026-09-28 23:22:01,475 [INFO] [client-6] Round 13 — sending update…
2026-09-28 23:22:01,479 [INFO] recv 13933B via direct in 1198ms
2026-09-28 23:22:01,482 [INFO] [client-0] Round 13 — training locally…
2026-09-28 23:22:01,571 [INFO] [client-0] Round 13 — sending update…
2026-09-28 23:22:01,576 [INFO] recv 13933B via direct in 1196ms
2026-09-28 23:22:01,581 [INFO] [client-5] Round 13 — training locally…
2026-09-28 23:22:01,701 [INFO] [client-5] Round 13 — sending update…
2026-09-28 23:22:01,714 [INFO] send 13933B via direct in 773ms (0.14 Mbit/s) to 425a90352e083e84
2026-09-28 23:22:01,731 [INFO] [client-7] Round 13 done — loss=1.0307 acc=0.4533  2.8s
2026-09-28 23:22:01,732 [INFO] [client-7] Round 14 — receiving model…
2026-09-28 23:22:01,737 [INFO] recv 13933B via direct in 399ms
2026-09-28 23:22:01,741 [INFO] recv 13933B via direct in 31ms
2026-09-28 23:22:01,743 [INFO] recv 13933B via direct in 400ms
2026-09-28 23:22:01,746 [INFO] send 13933B via direct in 1101ms (0.10 Mbit/s) to 425a90352e083e84
2026-09-28 23:22:01,762 [INFO] [client-1] Round 13 done — loss=1.0626 acc=0.4210  3.1s
2026-09-28 23:22:01,763 [INFO] [client-1] Round 14 — receiving model…
2026-09-28 23:22:01,765 [INFO] send 13933B via direct in 693ms (0.16 Mbit/s) to 425a90352e083e84
2026-09-28 23:22:01,784 [INFO] [client-8] Round 13 done — loss=0.7659 acc=0.7122  3.1s
2026-09-28 23:22:01,786 [INFO] [client-8] Round 14 — receiving model…
2026-09-28 23:22:01,823 [INFO] recv 13933B via direct in 488ms
2026-09-28 23:22:01,827 [INFO] recv 13933B via direct in 492ms
2026-09-28 23:22:01,916 [INFO] send 13933B via direct in 1429ms (0.08 Mbit/s) to 425a90352e083e84
2026-09-28 23:22:01,952 [INFO] [client-2] Round 13 done — loss=0.9610 acc=0.5275  2.5s
2026-09-28 23:22:01,954 [INFO] [client-2] Round 14 — receiving model…
2026-09-28 23:22:01,956 [INFO] send 13933B via direct in 1168ms (0.10 Mbit/s) to 425a90352e083e84
2026-09-28 23:22:01,972 [INFO] [client-4] Round 13 done — loss=1.0194 acc=0.4890  2.1s
2026-09-28 23:22:01,973 [INFO] [client-4] Round 14 — receiving model…
2026-09-28 23:22:01,985 [INFO] recv 13933B via direct in 193ms
2026-09-28 23:22:01,988 [INFO] recv 13933B via direct in 283ms
2026-09-28 23:22:02,001 [INFO] recv 13933B via direct in 296ms
2026-09-28 23:22:02,003 [WARNING] Round 13 — discarding update from unselected/duplicate peer 3e3b9d7a8a4b8622
2026-09-28 23:22:02,079 [INFO] send 13933B via direct in 746ms (0.15 Mbit/s) to 425a90352e083e84
2026-09-28 23:22:02,130 [INFO] [client-9] Round 13 done — loss=1.0126 acc=0.5179  3.3s
2026-09-28 23:22:02,131 [INFO] [client-9] Round 14 — receiving model…
2026-09-28 23:22:02,133 [ERROR] [client-6] round 13 error: stream not acknowledged: IrohError: 
2026-09-28 23:22:02,134 [INFO] [client-6] Round 14 — receiving model…
2026-09-28 23:22:02,136 [INFO] send 13933B via direct in 908ms (0.12 Mbit/s) to 425a90352e083e84
2026-09-28 23:22:02,160 [INFO] [client-3] Round 13 done — loss=1.0459 acc=0.4571  2.7s
2026-09-28 23:22:02,161 [INFO] [client-3] Round 14 — receiving model…
2026-09-28 23:22:02,162 [INFO] recv 13933B via direct in 257ms
2026-09-28 23:22:02,198 [INFO] send 13933B via direct in 622ms (0.18 Mbit/s) to 425a90352e083e84
2026-09-28 23:22:02,256 [INFO] [client-0] Round 13 done — loss=1.0568 acc=0.4570  3.1s
2026-09-28 23:22:02,257 [INFO] [client-0] Round 14 — receiving model…
2026-09-28 23:22:02,596 [INFO] recv 13933B via direct in 587ms
2026-09-28 23:22:02,632 [INFO] Round 13/20  acc=0.4594  loss=1.0742  2.8s  clients=9
2026-09-28 23:22:02,634 [INFO] Round 14 — sending model to 10 clients…
2026-09-28 23:22:02,688 [INFO] send 13933B via direct in 984ms (0.11 Mbit/s) to 425a90352e083e84
2026-09-28 23:22:02,771 [INFO] [client-5] Round 13 done — loss=0.9668 acc=0.5563  3.7s
2026-09-28 23:22:02,773 [INFO] [client-5] Round 14 — receiving model…
2026-09-28 23:22:03,128 [INFO] recv 13933B via direct in 177ms
2026-09-28 23:22:03,132 [INFO] [client-4] Round 14 — training locally…
2026-09-28 23:22:03,329 [INFO] [client-4] Round 14 — sending update…
2026-09-28 23:22:03,338 [INFO] send 13933B via direct in 688ms (0.16 Mbit/s) to ec044e0daec7685e
2026-09-28 23:22:03,339 [INFO] send 13933B via direct in 692ms (0.16 Mbit/s) to 03ca09819deb5428
2026-09-28 23:22:03,341 [INFO] send 13933B via direct in 686ms (0.16 Mbit/s) to 73d34f254aeca589
2026-09-28 23:22:03,342 [INFO] send 13933B via direct in 690ms (0.16 Mbit/s) to 293da6c53ffb3b6c
2026-09-28 23:22:03,344 [INFO] recv 13933B via direct in 414ms
2026-09-28 23:22:03,347 [INFO] [client-3] Round 14 — training locally…
2026-09-28 23:22:03,511 [INFO] [client-3] Round 14 — sending update…
2026-09-28 23:22:03,515 [INFO] recv 13933B via direct in 378ms
2026-09-28 23:22:03,519 [INFO] [client-5] Round 14 — training locally…
2026-09-28 23:22:03,640 [INFO] [client-5] Round 14 — sending update…
2026-09-28 23:22:03,642 [INFO] recv 13933B via direct in 369ms
2026-09-28 23:22:03,645 [INFO] [client-7] Round 14 — training locally…
2026-09-28 23:22:03,801 [INFO] [client-7] Round 14 — sending update…
2026-09-28 23:22:03,803 [INFO] recv 13933B via direct in 379ms
2026-09-28 23:22:03,805 [INFO] [client-0] Round 14 — training locally…
2026-09-28 23:22:03,890 [INFO] [client-0] Round 14 — sending update…
2026-09-28 23:22:03,892 [INFO] recv 13933B via direct in 359ms
2026-09-28 23:22:03,895 [INFO] [client-9] Round 14 — training locally…
2026-09-28 23:22:04,011 [INFO] [client-9] Round 14 — sending update…
2026-09-28 23:22:04,026 [INFO] send 13933B via direct in 1371ms (0.08 Mbit/s) to 6649e64609327c72
2026-09-28 23:22:04,027 [INFO] send 13933B via direct in 1377ms (0.08 Mbit/s) to 265c018623f0a03d
2026-09-28 23:22:04,029 [INFO] recv 13933B via direct in 1059ms
2026-09-28 23:22:04,032 [INFO] [client-2] Round 14 — training locally…
2026-09-28 23:22:04,148 [INFO] [client-2] Round 14 — sending update…
2026-09-28 23:22:04,151 [INFO] recv 13933B via direct in 1072ms
2026-09-28 23:22:04,154 [INFO] [client-6] Round 14 — training locally…
2026-09-28 23:22:04,308 [INFO] [client-6] Round 14 — sending update…
2026-09-28 23:22:04,323 [INFO] send 13933B via direct in 1673ms (0.07 Mbit/s) to 46dc91cee83faa2a
2026-09-28 23:22:04,325 [INFO] recv 13933B via direct in 1368ms
2026-09-28 23:22:04,329 [INFO] [client-1] Round 14 — training locally…
2026-09-28 23:22:04,453 [INFO] [client-1] Round 14 — sending update…
2026-09-28 23:22:04,463 [INFO] send 13933B via direct in 656ms (0.17 Mbit/s) to 425a90352e083e84
2026-09-28 23:22:04,500 [INFO] [client-7] Round 14 done — loss=1.0284 acc=0.4581  2.8s
2026-09-28 23:22:04,501 [INFO] [client-7] Round 15 — receiving model…
2026-09-28 23:22:04,503 [INFO] recv 13933B via direct in 1503ms
2026-09-28 23:22:04,506 [INFO] [client-8] Round 14 — training locally…
2026-09-28 23:22:04,609 [INFO] [client-8] Round 14 — sending update…
2026-09-28 23:22:04,612 [ERROR] [client-4] round 14 error: stream not acknowledged: IrohError: 
2026-09-28 23:22:04,613 [INFO] [client-4] Round 15 — receiving model…
2026-09-28 23:22:04,618 [INFO] send 13933B via direct in 1966ms (0.06 Mbit/s) to 918234fd42fddcef
2026-09-28 23:22:04,620 [INFO] send 13933B via direct in 1100ms (0.10 Mbit/s) to 425a90352e083e84
2026-09-28 23:22:04,641 [INFO] [client-3] Round 14 done — loss=1.0464 acc=0.4540  2.5s
2026-09-28 23:22:04,642 [INFO] [client-3] Round 15 — receiving model…
2026-09-28 23:22:04,643 [ERROR] send_tensors → client-0 FAILED: ConnectionError: stream not acknowledged: IrohError: 
2026-09-28 23:22:04,644 [ERROR] send_tensors → client-3 FAILED: ConnectionError: stream not acknowledged: IrohError: 
2026-09-28 23:22:04,645 [INFO] Round 14 — waiting for 8 updates…
2026-09-28 23:22:04,646 [INFO] recv 13933B via direct in 144ms
2026-09-28 23:22:04,649 [INFO] recv 13933B via direct in 444ms
2026-09-28 23:22:04,651 [INFO] recv 13933B via direct in 600ms
2026-09-28 23:22:04,653 [WARNING] Round 14 — discarding update from unselected/duplicate peer 3e3b9d7a8a4b8622
2026-09-28 23:22:04,656 [INFO] recv 13933B via direct in 340ms
2026-09-28 23:22:04,658 [WARNING] Round 14 — discarding update from unselected/duplicate peer a8b7f4d21977cde4
2026-09-28 23:22:04,659 [INFO] recv 13933B via direct in 197ms
2026-09-28 23:22:04,734 [INFO] send 13933B via direct in 840ms (0.13 Mbit/s) to 425a90352e083e84
2026-09-28 23:22:04,826 [INFO] [client-0] Round 14 done — loss=1.0534 acc=0.4562  2.6s
2026-09-28 23:22:04,827 [INFO] [client-0] Round 15 — receiving model…
2026-09-28 23:22:04,832 [INFO] send 13933B via direct in 816ms (0.14 Mbit/s) to 425a90352e083e84
2026-09-28 23:22:04,849 [INFO] [client-9] Round 14 done — loss=1.0078 acc=0.5218  2.7s
2026-09-28 23:22:04,851 [INFO] [client-9] Round 15 — receiving model…
2026-09-28 23:22:04,852 [INFO] recv 13933B via direct in 218ms
2026-09-28 23:22:04,928 [INFO] recv 13933B via direct in 311ms
2026-09-28 23:22:04,952 [ERROR] [client-2] round 14 error: stream not acknowledged: IrohError: 
2026-09-28 23:22:04,956 [INFO] [client-2] Round 15 — receiving model…
2026-09-28 23:22:04,966 [INFO] recv 13933B via direct in 135ms
2026-09-28 23:22:05,004 [INFO] send 13933B via direct in 691ms (0.16 Mbit/s) to 425a90352e083e84
2026-09-28 23:22:05,083 [INFO] [client-6] Round 14 done — loss=1.0146 acc=0.4903  2.9s
2026-09-28 23:22:05,085 [INFO] [client-6] Round 15 — receiving model…
2026-09-28 23:22:05,088 [INFO] send 13933B via direct in 630ms (0.18 Mbit/s) to 425a90352e083e84
2026-09-28 23:22:05,110 [INFO] [client-1] Round 14 done — loss=1.0571 acc=0.4172  3.3s
2026-09-28 23:22:05,112 [INFO] [client-1] Round 15 — receiving model…
2026-09-28 23:22:05,113 [INFO] recv 13933B via direct in 1072ms
2026-09-28 23:22:05,196 [INFO] send 13933B via direct in 1553ms (0.07 Mbit/s) to 425a90352e083e84
2026-09-28 23:22:05,233 [INFO] [client-5] Round 14 done — loss=0.9716 acc=0.5618  2.5s
2026-09-28 23:22:05,235 [INFO] [client-5] Round 15 — receiving model…
2026-09-28 23:22:05,541 [INFO] recv 13933B via direct in 614ms
2026-09-28 23:22:05,607 [INFO] Round 14/20  acc=0.4476  loss=1.0898  3.0s  clients=8
2026-09-28 23:22:05,608 [INFO] Round 15 — sending model to 10 clients…
2026-09-28 23:22:05,621 [INFO] send 13933B via direct in 1010ms (0.11 Mbit/s) to 425a90352e083e84
2026-09-28 23:22:05,642 [INFO] [client-8] Round 14 done — loss=0.7615 acc=0.7126  3.9s
2026-09-28 23:22:05,643 [INFO] [client-8] Round 15 — receiving model…
2026-09-28 23:22:06,114 [INFO] recv 13933B via direct in 183ms
2026-09-28 23:22:06,126 [INFO] [client-0] Round 15 — training locally…
2026-09-28 23:22:06,273 [INFO] [client-0] Round 15 — sending update…
2026-09-28 23:22:06,277 [INFO] recv 13933B via direct in 203ms
2026-09-28 23:22:06,280 [INFO] [client-3] Round 15 — training locally…
2026-09-28 23:22:06,459 [INFO] [client-3] Round 15 — sending update…
2026-09-28 23:22:06,466 [INFO] send 13933B via direct in 666ms (0.17 Mbit/s) to a8b7f4d21977cde4
2026-09-28 23:22:06,468 [INFO] send 13933B via direct in 661ms (0.17 Mbit/s) to 03ca09819deb5428
2026-09-28 23:22:06,469 [INFO] send 13933B via direct in 660ms (0.17 Mbit/s) to ec044e0daec7685e
2026-09-28 23:22:06,475 [INFO] recv 13933B via direct in 549ms
2026-09-28 23:22:06,482 [INFO] [client-5] Round 15 — training locally…
2026-09-28 23:22:06,656 [INFO] [client-5] Round 15 — sending update…
2026-09-28 23:22:06,661 [INFO] recv 13933B via direct in 541ms
2026-09-28 23:22:06,664 [INFO] [client-4] Round 15 — training locally…
2026-09-28 23:22:06,786 [INFO] [client-4] Round 15 — sending update…
2026-09-28 23:22:06,791 [INFO] send 13933B via direct in 860ms (0.13 Mbit/s) to 293da6c53ffb3b6c
2026-09-28 23:22:06,792 [INFO] recv 13933B via direct in 557ms
2026-09-28 23:22:06,795 [INFO] [client-8] Round 15 — training locally…
2026-09-28 23:22:06,904 [INFO] [client-8] Round 15 — sending update…
2026-09-28 23:22:06,909 [INFO] recv 13933B via direct in 752ms
2026-09-28 23:22:06,912 [INFO] [client-9] Round 15 — training locally…
2026-09-28 23:22:07,023 [INFO] [client-9] Round 15 — sending update…
2026-09-28 23:22:07,027 [INFO] recv 13933B via direct in 757ms
2026-09-28 23:22:07,030 [INFO] [client-1] Round 15 — training locally…
2026-09-28 23:22:07,151 [INFO] [client-1] Round 15 — sending update…
2026-09-28 23:22:07,158 [INFO] send 13933B via direct in 1294ms (0.09 Mbit/s) to 46dc91cee83faa2a
2026-09-28 23:22:07,159 [INFO] send 13933B via direct in 1293ms (0.09 Mbit/s) to 265c018623f0a03d
2026-09-28 23:22:07,166 [INFO] recv 13933B via direct in 1219ms
2026-09-28 23:22:07,169 [INFO] [client-2] Round 15 — training locally…
2026-09-28 23:22:07,273 [INFO] [client-2] Round 15 — sending update…
2026-09-28 23:22:07,276 [INFO] send 13933B via direct in 1546ms (0.07 Mbit/s) to 918234fd42fddcef
2026-09-28 23:22:07,360 [INFO] recv 13933B via direct in 1418ms
2026-09-28 23:22:07,373 [INFO] [client-7] Round 15 — training locally…
2026-09-28 23:22:07,500 [INFO] [client-7] Round 15 — sending update…
2026-09-28 23:22:07,512 [INFO] send 13933B via direct in 1888ms (0.06 Mbit/s) to 73d34f254aeca589
2026-09-28 23:22:07,556 [INFO] send 13933B via direct in 650ms (0.17 Mbit/s) to 425a90352e083e84
2026-09-28 23:22:07,618 [INFO] [client-8] Round 15 done — loss=0.7620 acc=0.7174  2.0s
2026-09-28 23:22:07,620 [INFO] [client-8] Round 16 — receiving model…
2026-09-28 23:22:07,623 [INFO] send 13933B via direct in 1159ms (0.10 Mbit/s) to 425a90352e083e84
2026-09-28 23:22:07,643 [INFO] [client-3] Round 15 done — loss=1.0503 acc=0.4488  3.0s
2026-09-28 23:22:07,645 [INFO] [client-3] Round 16 — receiving model…
2026-09-28 23:22:07,743 [INFO] send 13933B via direct in 952ms (0.12 Mbit/s) to 425a90352e083e84
2026-09-28 23:22:07,820 [INFO] [client-4] Round 15 done — loss=1.0183 acc=0.4887  3.2s
2026-09-28 23:22:07,823 [INFO] [client-4] Round 16 — receiving model…
2026-09-28 23:22:07,829 [INFO] send 13933B via direct in 1167ms (0.10 Mbit/s) to 425a90352e083e84
2026-09-28 23:22:07,853 [INFO] [client-5] Round 15 done — loss=0.9713 acc=0.5532  2.6s
2026-09-28 23:22:07,855 [INFO] [client-5] Round 16 — receiving model…
2026-09-28 23:22:07,863 [INFO] send 13933B via direct in 1588ms (0.07 Mbit/s) to 425a90352e083e84
2026-09-28 23:22:07,879 [INFO] [client-0] Round 15 done — loss=1.0603 acc=0.4427  3.1s
2026-09-28 23:22:07,881 [INFO] [client-0] Round 16 — receiving model…
2026-09-28 23:22:07,882 [INFO] send 13933B via direct in 856ms (0.13 Mbit/s) to 425a90352e083e84
2026-09-28 23:22:07,911 [INFO] [client-9] Round 15 done — loss=1.0173 acc=0.5186  3.1s
2026-09-28 23:22:07,913 [INFO] [client-9] Round 16 — receiving model…
2026-09-28 23:22:07,936 [INFO] send 13933B via direct in 783ms (0.14 Mbit/s) to 425a90352e083e84
2026-09-28 23:22:07,959 [INFO] [client-1] Round 15 done — loss=1.0571 acc=0.4234  2.8s
2026-09-28 23:22:07,960 [INFO] [client-1] Round 16 — receiving model…
2026-09-28 23:22:07,962 [INFO] recv 13933B via direct in 2016ms
2026-09-28 23:22:07,967 [INFO] [client-6] Round 15 — training locally…
2026-09-28 23:22:08,074 [INFO] [client-6] Round 15 — sending update…
2026-09-28 23:22:08,080 [INFO] send 13933B via direct in 2465ms (0.05 Mbit/s) to 6649e64609327c72
2026-09-28 23:22:08,081 [ERROR] send_tensors → client-3 FAILED: ConnectionError: stream not acknowledged: IrohError: 
2026-09-28 23:22:08,082 [INFO] Round 15 — waiting for 9 updates…
2026-09-28 23:22:08,083 [INFO] recv 13933B via direct in 600ms
2026-09-28 23:22:08,086 [WARNING] Round 15 — discarding update from unselected/duplicate peer 3e3b9d7a8a4b8622
2026-09-28 23:22:08,087 [INFO] recv 13933B via direct in 231ms
2026-09-28 23:22:08,089 [INFO] recv 13933B via direct in 488ms
2026-09-28 23:22:08,092 [INFO] recv 13933B via direct in 489ms
2026-09-28 23:22:08,094 [INFO] recv 13933B via direct in 921ms
2026-09-28 23:22:08,097 [INFO] recv 13933B via direct in 497ms
2026-09-28 23:22:08,099 [INFO] recv 13933B via direct in 351ms
2026-09-28 23:22:08,101 [INFO] recv 13933B via direct in 457ms
2026-09-28 23:22:08,104 [INFO] send 13933B via direct in 829ms (0.13 Mbit/s) to 425a90352e083e84
2026-09-28 23:22:08,124 [INFO] [client-2] Round 15 done — loss=0.9689 acc=0.5161  3.2s
2026-09-28 23:22:08,126 [INFO] [client-2] Round 16 — receiving model…
2026-09-28 23:22:08,576 [INFO] recv 13933B via direct in 746ms
2026-09-28 23:22:08,591 [INFO] recv 13933B via direct in 217ms
2026-09-28 23:22:08,661 [INFO] Round 15/20  acc=0.4625  loss=1.0769  3.1s  clients=9
2026-09-28 23:22:08,662 [INFO] Round 16 — sending model to 10 clients…
2026-09-28 23:22:08,684 [ERROR] [client-6] round 15 error: stream not acknowledged: IrohError: 
2026-09-28 23:22:08,685 [INFO] [client-6] Round 16 — receiving model…
2026-09-28 23:22:08,687 [INFO] send 13933B via direct in 1184ms (0.09 Mbit/s) to 425a90352e083e84
2026-09-28 23:22:08,718 [INFO] [client-7] Round 15 done — loss=1.0282 acc=0.4457  4.2s
2026-09-28 23:22:08,719 [INFO] [client-7] Round 16 — receiving model…
2026-09-28 23:22:09,202 [INFO] recv 13933B via direct in 223ms
2026-09-28 23:22:09,213 [INFO] [client-4] Round 16 — training locally…
2026-09-28 23:22:09,369 [INFO] [client-4] Round 16 — sending update…
2026-09-28 23:22:09,373 [INFO] recv 13933B via direct in 227ms
2026-09-28 23:22:09,377 [INFO] [client-1] Round 16 — training locally…
2026-09-28 23:22:09,496 [INFO] [client-1] Round 16 — sending update…
2026-09-28 23:22:09,503 [INFO] send 13933B via direct in 832ms (0.13 Mbit/s) to ec044e0daec7685e
2026-09-28 23:22:09,505 [INFO] send 13933B via direct in 828ms (0.14 Mbit/s) to 46dc91cee83faa2a
2026-09-28 23:22:09,507 [INFO] send 13933B via direct in 825ms (0.14 Mbit/s) to 3e3b9d7a8a4b8622
2026-09-28 23:22:09,508 [INFO] send 13933B via direct in 830ms (0.13 Mbit/s) to 265c018623f0a03d
2026-09-28 23:22:09,509 [INFO] send 13933B via direct in 825ms (0.14 Mbit/s) to 03ca09819deb5428
2026-09-28 23:22:09,512 [INFO] send 13933B via direct in 821ms (0.14 Mbit/s) to 293da6c53ffb3b6c
2026-09-28 23:22:09,513 [INFO] recv 13933B via direct in 515ms
2026-09-28 23:22:09,515 [INFO] [client-9] Round 16 — training locally…
2026-09-28 23:22:09,615 [INFO] [client-9] Round 16 — sending update…
2026-09-28 23:22:09,618 [INFO] recv 13933B via direct in 494ms
2026-09-28 23:22:09,623 [INFO] [client-3] Round 16 — training locally…
2026-09-28 23:22:09,750 [INFO] [client-3] Round 16 — sending update…
2026-09-28 23:22:09,752 [INFO] recv 13933B via direct in 532ms
2026-09-28 23:22:09,755 [INFO] [client-5] Round 16 — training locally…
2026-09-28 23:22:09,872 [INFO] [client-5] Round 16 — sending update…
2026-09-28 23:22:09,875 [INFO] recv 13933B via direct in 478ms
2026-09-28 23:22:09,880 [INFO] [client-2] Round 16 — training locally…
2026-09-28 23:22:09,996 [INFO] [client-2] Round 16 — sending update…
2026-09-28 23:22:10,000 [INFO] send 13933B via direct in 830ms (0.13 Mbit/s) to a8b7f4d21977cde4
2026-09-28 23:22:10,003 [INFO] recv 13933B via direct in 490ms
2026-09-28 23:22:10,006 [INFO] [client-6] Round 16 — training locally…
2026-09-28 23:22:10,132 [INFO] [client-6] Round 16 — sending update…
2026-09-28 23:22:10,135 [INFO] recv 13933B via direct in 544ms
2026-09-28 23:22:10,138 [INFO] [client-0] Round 16 — training locally…
2026-09-28 23:22:10,251 [INFO] [client-0] Round 16 — sending update…
2026-09-28 23:22:10,266 [INFO] send 13933B via direct in 1579ms (0.07 Mbit/s) to 6649e64609327c72
2026-09-28 23:22:10,268 [INFO] send 13933B via direct in 1584ms (0.07 Mbit/s) to 73d34f254aeca589
2026-09-28 23:22:10,273 [INFO] recv 13933B via direct in 1259ms
2026-09-28 23:22:10,276 [INFO] [client-7] Round 16 — training locally…
2026-09-28 23:22:10,415 [INFO] [client-7] Round 16 — sending update…
2026-09-28 23:22:10,429 [INFO] recv 13933B via direct in 1397ms
2026-09-28 23:22:10,432 [INFO] [client-8] Round 16 — training locally…
2026-09-28 23:22:10,572 [INFO] [client-8] Round 16 — sending update…
2026-09-28 23:22:10,584 [INFO] send 13933B via direct in 1900ms (0.06 Mbit/s) to 918234fd42fddcef
2026-09-28 23:22:10,586 [INFO] Round 16 — waiting for 10 updates…
2026-09-28 23:22:10,588 [INFO] recv 13933B via direct in 316ms
2026-09-28 23:22:10,591 [INFO] recv 13933B via direct in 162ms
2026-09-28 23:22:10,593 [INFO] recv 13933B via direct in 317ms
2026-09-28 23:22:10,595 [INFO] recv 13933B via direct in 326ms
2026-09-28 23:22:10,597 [INFO] recv 13933B via direct in 327ms
2026-09-28 23:22:10,600 [INFO] recv 13933B via direct in 328ms
2026-09-28 23:22:10,639 [INFO] send 13933B via direct in 886ms (0.13 Mbit/s) to 425a90352e083e84
2026-09-28 23:22:10,727 [INFO] [client-3] Round 16 done — loss=1.0447 acc=0.4468  3.1s
2026-09-28 23:22:10,729 [INFO] [client-3] Round 17 — receiving model…
2026-09-28 23:22:10,732 [INFO] send 13933B via direct in 856ms (0.13 Mbit/s) to 425a90352e083e84
2026-09-28 23:22:10,754 [INFO] [client-5] Round 16 done — loss=0.9712 acc=0.5604  2.9s
2026-09-28 23:22:10,755 [INFO] [client-5] Round 17 — receiving model…
2026-09-28 23:22:10,756 [INFO] send 13933B via direct in 1113ms (0.10 Mbit/s) to 425a90352e083e84
2026-09-28 23:22:10,778 [INFO] [client-9] Round 16 done — loss=1.0131 acc=0.5228  2.9s
2026-09-28 23:22:10,780 [INFO] [client-9] Round 17 — receiving model…
2026-09-28 23:22:10,781 [INFO] send 13933B via direct in 1359ms (0.08 Mbit/s) to 425a90352e083e84
2026-09-28 23:22:10,809 [INFO] [client-4] Round 16 done — loss=1.0182 acc=0.4811  3.0s
2026-09-28 23:22:10,811 [INFO] [client-4] Round 17 — receiving model…
2026-09-28 23:22:10,812 [INFO] send 13933B via direct in 732ms (0.15 Mbit/s) to 425a90352e083e84
2026-09-28 23:22:10,846 [INFO] [client-2] Round 16 done — loss=0.9658 acc=0.5264  2.7s
2026-09-28 23:22:10,847 [INFO] [client-2] Round 17 — receiving model…
2026-09-28 23:22:10,848 [INFO] send 13933B via direct in 1233ms (0.09 Mbit/s) to 425a90352e083e84
2026-09-28 23:22:10,883 [INFO] [client-1] Round 16 done — loss=1.0570 acc=0.4375  2.9s
2026-09-28 23:22:10,884 [INFO] [client-1] Round 17 — receiving model…
2026-09-28 23:22:10,895 [INFO] send 13933B via direct in 754ms (0.15 Mbit/s) to 425a90352e083e84
2026-09-28 23:22:11,003 [INFO] [client-6] Round 16 done — loss=1.0069 acc=0.4958  2.3s
2026-09-28 23:22:11,004 [INFO] [client-6] Round 17 — receiving model…
2026-09-28 23:22:11,007 [INFO] recv 13933B via direct in 312ms
2026-09-28 23:22:11,014 [INFO] recv 13933B via direct in 420ms
2026-09-28 23:22:11,027 [INFO] send 13933B via direct in 758ms (0.15 Mbit/s) to 425a90352e083e84
2026-09-28 23:22:11,064 [INFO] [client-0] Round 16 done — loss=1.0539 acc=0.4475  3.2s
2026-09-28 23:22:11,065 [INFO] [client-0] Round 17 — receiving model…
2026-09-28 23:22:11,067 [INFO] recv 13933B via direct in 281ms
2026-09-28 23:22:11,072 [INFO] send 13933B via direct in 653ms (0.17 Mbit/s) to 425a90352e083e84
2026-09-28 23:22:11,105 [INFO] [client-7] Round 16 done — loss=1.0297 acc=0.4533  2.4s
2026-09-28 23:22:11,107 [INFO] [client-7] Round 17 — receiving model…
2026-09-28 23:22:11,190 [INFO] recv 13933B via direct in 301ms
2026-09-28 23:22:11,273 [INFO] Round 16/20  acc=0.4664  loss=1.0627  2.6s  clients=10
2026-09-28 23:22:11,274 [INFO] Round 17 — sending model to 10 clients…
2026-09-28 23:22:11,291 [INFO] send 13933B via direct in 716ms (0.16 Mbit/s) to 425a90352e083e84
2026-09-28 23:22:11,316 [INFO] [client-8] Round 16 done — loss=0.7592 acc=0.7153  3.7s
2026-09-28 23:22:11,317 [INFO] [client-8] Round 17 — receiving model…
2026-09-28 23:22:11,767 [INFO] recv 13933B via direct in 200ms
2026-09-28 23:22:11,772 [INFO] [client-0] Round 17 — training locally…
2026-09-28 23:22:11,899 [INFO] [client-0] Round 17 — sending update…
2026-09-28 23:22:11,908 [INFO] send 13933B via direct in 617ms (0.18 Mbit/s) to 293da6c53ffb3b6c
2026-09-28 23:22:11,910 [INFO] send 13933B via direct in 626ms (0.18 Mbit/s) to 6649e64609327c72
2026-09-28 23:22:11,911 [INFO] send 13933B via direct in 622ms (0.18 Mbit/s) to 265c018623f0a03d
2026-09-28 23:22:11,913 [INFO] send 13933B via direct in 615ms (0.18 Mbit/s) to ec044e0daec7685e
2026-09-28 23:22:11,914 [INFO] recv 13933B via direct in 316ms
2026-09-28 23:22:11,917 [INFO] [client-8] Round 17 — training locally…
2026-09-28 23:22:12,104 [INFO] [client-8] Round 17 — sending update…
2026-09-28 23:22:12,107 [INFO] recv 13933B via direct in 302ms
2026-09-28 23:22:12,110 [INFO] [client-2] Round 17 — training locally…
2026-09-28 23:22:12,269 [INFO] [client-2] Round 17 — sending update…
2026-09-28 23:22:12,271 [INFO] recv 13933B via direct in 320ms
2026-09-28 23:22:12,274 [INFO] [client-9] Round 17 — training locally…
2026-09-28 23:22:12,438 [INFO] [client-9] Round 17 — sending update…
2026-09-28 23:22:12,442 [INFO] recv 13933B via direct in 311ms
2026-09-28 23:22:12,445 [INFO] [client-6] Round 17 — training locally…
2026-09-28 23:22:12,561 [INFO] [client-6] Round 17 — sending update…
2026-09-28 23:22:12,564 [INFO] recv 13933B via direct in 320ms
2026-09-28 23:22:12,569 [INFO] [client-4] Round 17 — training locally…
2026-09-28 23:22:12,715 [INFO] [client-4] Round 17 — sending update…
2026-09-28 23:22:12,718 [INFO] recv 13933B via direct in 296ms
2026-09-28 23:22:12,720 [INFO] [client-3] Round 17 — training locally…
2026-09-28 23:22:12,888 [INFO] [client-3] Round 17 — sending update…
2026-09-28 23:22:12,907 [INFO] send 13933B via direct in 1608ms (0.07 Mbit/s) to 918234fd42fddcef
2026-09-28 23:22:12,909 [INFO] send 13933B via direct in 1610ms (0.07 Mbit/s) to 73d34f254aeca589
2026-09-28 23:22:12,910 [INFO] send 13933B via direct in 1608ms (0.07 Mbit/s) to 03ca09819deb5428
2026-09-28 23:22:12,911 [INFO] send 13933B via direct in 1605ms (0.07 Mbit/s) to 46dc91cee83faa2a
2026-09-28 23:22:12,913 [ERROR] send_tensors → client-0 FAILED: ConnectionError: stream not acknowledged: IrohError: 
2026-09-28 23:22:12,914 [ERROR] send_tensors → client-3 FAILED: ConnectionError: stream not acknowledged: IrohError: 
2026-09-28 23:22:12,914 [INFO] Round 17 — waiting for 8 updates…
2026-09-28 23:22:12,915 [INFO] recv 13933B via direct in 1310ms
2026-09-28 23:22:12,918 [INFO] [client-7] Round 17 — training locally…
2026-09-28 23:22:13,031 [INFO] [client-7] Round 17 — sending update…
2026-09-28 23:22:13,036 [INFO] recv 13933B via direct in 1301ms
2026-09-28 23:22:13,040 [INFO] [client-5] Round 17 — training locally…
2026-09-28 23:22:13,231 [INFO] [client-5] Round 17 — sending update…
2026-09-28 23:22:13,234 [INFO] recv 13933B via direct in 1299ms
2026-09-28 23:22:13,237 [INFO] [client-1] Round 17 — training locally…
2026-09-28 23:22:13,345 [INFO] [client-1] Round 17 — sending update…
2026-09-28 23:22:13,358 [INFO] send 13933B via direct in 1450ms (0.08 Mbit/s) to 425a90352e083e84
2026-09-28 23:22:13,380 [INFO] [client-0] Round 17 done — loss=1.0486 acc=0.4588  2.3s
2026-09-28 23:22:13,382 [INFO] [client-0] Round 18 — receiving model…
2026-09-28 23:22:13,383 [INFO] send 13933B via direct in 1082ms (0.10 Mbit/s) to 425a90352e083e84
2026-09-28 23:22:13,401 [INFO] [client-2] Round 17 done — loss=0.9616 acc=0.5234  2.6s
2026-09-28 23:22:13,402 [INFO] [client-2] Round 18 — receiving model…
2026-09-28 23:22:13,404 [INFO] send 13933B via direct in 789ms (0.14 Mbit/s) to 425a90352e083e84
2026-09-28 23:22:13,431 [INFO] [client-6] Round 17 done — loss=1.0119 acc=0.4823  2.4s
2026-09-28 23:22:13,432 [INFO] [client-6] Round 18 — receiving model…
2026-09-28 23:22:13,436 [INFO] recv 13933B via direct in 538ms
2026-09-28 23:22:13,439 [WARNING] Round 17 — discarding update from unselected/duplicate peer a8b7f4d21977cde4
2026-09-28 23:22:13,440 [INFO] recv 13933B via direct in 537ms
2026-09-28 23:22:13,443 [INFO] recv 13933B via direct in 538ms
2026-09-28 23:22:13,447 [INFO] send 13933B via direct in 1328ms (0.08 Mbit/s) to 425a90352e083e84
2026-09-28 23:22:13,466 [INFO] [client-8] Round 17 done — loss=0.7591 acc=0.7126  2.1s
2026-09-28 23:22:13,467 [INFO] [client-8] Round 18 — receiving model…
2026-09-28 23:22:13,468 [INFO] recv 13933B via direct in 537ms
2026-09-28 23:22:13,577 [INFO] recv 13933B via direct in 678ms
2026-09-28 23:22:13,653 [INFO] recv 13933B via direct in 291ms
2026-09-28 23:22:13,664 [WARNING] Round 17 — discarding update from unselected/duplicate peer 3e3b9d7a8a4b8622
2026-09-28 23:22:13,668 [INFO] recv 13933B via direct in 297ms
2026-09-28 23:22:13,680 [INFO] recv 13933B via direct in 244ms
2026-09-28 23:22:13,684 [INFO] send 13933B via direct in 1238ms (0.09 Mbit/s) to 425a90352e083e84
2026-09-28 23:22:13,747 [INFO] [client-9] Round 17 done — loss=1.0084 acc=0.5193  3.0s
2026-09-28 23:22:13,748 [INFO] [client-9] Round 18 — receiving model…
2026-09-28 23:22:13,750 [INFO] send 13933B via direct in 858ms (0.13 Mbit/s) to 425a90352e083e84
2026-09-28 23:22:13,769 [INFO] [client-3] Round 17 done — loss=1.0432 acc=0.4481  3.0s
2026-09-28 23:22:13,770 [INFO] [client-3] Round 18 — receiving model…
2026-09-28 23:22:13,771 [INFO] send 13933B via direct in 715ms (0.16 Mbit/s) to 425a90352e083e84
2026-09-28 23:22:13,792 [INFO] [client-7] Round 17 done — loss=1.0286 acc=0.4509  2.7s
2026-09-28 23:22:13,793 [INFO] [client-7] Round 18 — receiving model…
2026-09-28 23:22:13,796 [INFO] send 13933B via direct in 1078ms (0.10 Mbit/s) to 425a90352e083e84
2026-09-28 23:22:13,824 [INFO] [client-4] Round 17 done — loss=1.0142 acc=0.4876  3.0s
2026-09-28 23:22:13,825 [INFO] [client-4] Round 18 — receiving model…
2026-09-28 23:22:13,980 [INFO] recv 13933B via direct in 468ms
2026-09-28 23:22:14,043 [INFO] recv 13933B via direct in 363ms
2026-09-28 23:22:14,111 [INFO] Round 17/20  acc=0.4496  loss=1.0883  2.8s  clients=8
2026-09-28 23:22:14,113 [INFO] Round 18 — sending model to 10 clients…
2026-09-28 23:22:14,123 [INFO] send 13933B via direct in 889ms (0.13 Mbit/s) to 425a90352e083e84
2026-09-28 23:22:14,143 [INFO] [client-5] Round 17 done — loss=0.9603 acc=0.5649  3.4s
2026-09-28 23:22:14,144 [INFO] [client-5] Round 18 — receiving model…
2026-09-28 23:22:14,146 [INFO] send 13933B via direct in 799ms (0.14 Mbit/s) to 425a90352e083e84
2026-09-28 23:22:14,167 [INFO] [client-1] Round 17 done — loss=1.0589 acc=0.4337  3.3s
2026-09-28 23:22:14,168 [INFO] [client-1] Round 18 — receiving model…
2026-09-28 23:22:14,575 [INFO] recv 13933B via direct in 205ms
2026-09-28 23:22:14,582 [INFO] [client-7] Round 18 — training locally…
2026-09-28 23:22:14,722 [INFO] [client-7] Round 18 — sending update…
2026-09-28 23:22:14,729 [INFO] send 13933B via direct in 611ms (0.18 Mbit/s) to 73d34f254aeca589
2026-09-28 23:22:14,731 [INFO] recv 13933B via direct in 318ms
2026-09-28 23:22:14,733 [INFO] [client-0] Round 18 — training locally…
2026-09-28 23:22:14,812 [INFO] [client-0] Round 18 — sending update…
2026-09-28 23:22:14,815 [INFO] recv 13933B via direct in 315ms
2026-09-28 23:22:14,818 [INFO] [client-2] Round 18 — training locally…
2026-09-28 23:22:14,947 [INFO] [client-2] Round 18 — sending update…
2026-09-28 23:22:14,950 [INFO] recv 13933B via direct in 313ms
2026-09-28 23:22:14,954 [INFO] [client-8] Round 18 — training locally…
2026-09-28 23:22:15,110 [INFO] [client-8] Round 18 — sending update…
2026-09-28 23:22:15,113 [INFO] recv 13933B via direct in 284ms
2026-09-28 23:22:15,115 [INFO] [client-6] Round 18 — training locally…
2026-09-28 23:22:15,253 [INFO] [client-6] Round 18 — sending update…
2026-09-28 23:22:15,257 [INFO] send 13933B via direct in 603ms (0.19 Mbit/s) to 918234fd42fddcef
2026-09-28 23:22:15,259 [INFO] recv 13933B via direct in 304ms
2026-09-28 23:22:15,262 [INFO] [client-1] Round 18 — training locally…
2026-09-28 23:22:15,380 [INFO] [client-1] Round 18 — sending update…
2026-09-28 23:22:15,384 [INFO] send 13933B via direct in 613ms (0.18 Mbit/s) to 46dc91cee83faa2a
2026-09-28 23:22:15,395 [INFO] send 13933B via direct in 1267ms (0.09 Mbit/s) to 6649e64609327c72
2026-09-28 23:22:15,396 [INFO] send 13933B via direct in 1268ms (0.09 Mbit/s) to a8b7f4d21977cde4
2026-09-28 23:22:15,398 [INFO] send 13933B via direct in 1266ms (0.09 Mbit/s) to 293da6c53ffb3b6c
2026-09-28 23:22:15,400 [INFO] recv 13933B via direct in 1002ms
2026-09-28 23:22:15,403 [INFO] [client-9] Round 18 — training locally…
2026-09-28 23:22:15,531 [INFO] [client-9] Round 18 — sending update…
2026-09-28 23:22:15,537 [INFO] recv 13933B via direct in 1109ms
2026-09-28 23:22:15,539 [INFO] [client-4] Round 18 — training locally…
2026-09-28 23:22:15,643 [INFO] [client-4] Round 18 — sending update…
2026-09-28 23:22:15,649 [INFO] send 13933B via direct in 1526ms (0.07 Mbit/s) to ec044e0daec7685e
2026-09-28 23:22:15,772 [INFO] send 13933B via direct in 955ms (0.12 Mbit/s) to 425a90352e083e84
2026-09-28 23:22:15,858 [INFO] [client-0] Round 18 done — loss=1.0571 acc=0.4540  2.5s
2026-09-28 23:22:15,860 [INFO] [client-0] Round 19 — receiving model…
2026-09-28 23:22:15,866 [INFO] send 13933B via direct in 749ms (0.15 Mbit/s) to 425a90352e083e84
2026-09-28 23:22:15,882 [INFO] [client-8] Round 18 done — loss=0.7569 acc=0.7163  2.4s
2026-09-28 23:22:15,883 [INFO] [client-8] Round 19 — receiving model…
2026-09-28 23:22:15,884 [INFO] send 13933B via direct in 912ms (0.12 Mbit/s) to 425a90352e083e84
2026-09-28 23:22:15,899 [INFO] [client-2] Round 18 done — loss=0.9615 acc=0.5240  2.5s
2026-09-28 23:22:15,900 [INFO] [client-2] Round 19 — receiving model…
2026-09-28 23:22:15,902 [INFO] recv 13933B via direct in 1428ms
2026-09-28 23:22:15,905 [INFO] [client-5] Round 18 — training locally…
2026-09-28 23:22:16,027 [INFO] [client-5] Round 18 — sending update…
2026-09-28 23:22:16,031 [INFO] send 13933B via direct in 774ms (0.14 Mbit/s) to 425a90352e083e84
2026-09-28 23:22:16,053 [INFO] [client-6] Round 18 done — loss=1.0056 acc=0.4951  2.6s
2026-09-28 23:22:16,054 [INFO] [client-6] Round 19 — receiving model…
2026-09-28 23:22:16,055 [INFO] send 13933B via direct in 1910ms (0.06 Mbit/s) to 03ca09819deb5428
2026-09-28 23:22:16,076 [INFO] send 13933B via direct in 693ms (0.16 Mbit/s) to 425a90352e083e84
2026-09-28 23:22:16,103 [INFO] [client-1] Round 18 done — loss=1.0593 acc=0.4200  1.9s
2026-09-28 23:22:16,104 [INFO] [client-1] Round 19 — receiving model…
2026-09-28 23:22:16,157 [INFO] send 13933B via direct in 1431ms (0.08 Mbit/s) to 425a90352e083e84
2026-09-28 23:22:16,196 [INFO] [client-7] Round 18 done — loss=1.0224 acc=0.4512  2.4s
2026-09-28 23:22:16,198 [INFO] [client-7] Round 19 — receiving model…
2026-09-28 23:22:16,302 [ERROR] [client-4] round 18 error: stream not acknowledged: IrohError: 
2026-09-28 23:22:16,306 [INFO] [client-4] Round 19 — receiving model…
2026-09-28 23:22:16,640 [INFO] recv 13933B via direct in 2188ms
2026-09-28 23:22:16,652 [INFO] [client-3] Round 18 — training locally…
2026-09-28 23:22:16,809 [INFO] [client-3] Round 18 — sending update…
2026-09-28 23:22:16,813 [ERROR] [client-5] round 18 error: stream not acknowledged: IrohError: 
2026-09-28 23:22:16,814 [INFO] [client-5] Round 19 — receiving model…
2026-09-28 23:22:16,815 [INFO] send 13933B via direct in 2698ms (0.04 Mbit/s) to 3e3b9d7a8a4b8622
2026-09-28 23:22:16,816 [ERROR] send_tensors → client-2 FAILED: ConnectionError: stream not acknowledged: IrohError: 
2026-09-28 23:22:16,817 [INFO] Round 18 — waiting for 9 updates…
2026-09-28 23:22:16,818 [INFO] recv 13933B via direct in 155ms
2026-09-28 23:22:16,820 [INFO] recv 13933B via direct in 302ms
2026-09-28 23:22:16,823 [INFO] recv 13933B via direct in 310ms
2026-09-28 23:22:16,825 [WARNING] Round 18 — discarding update from unselected/duplicate peer 265c018623f0a03d
2026-09-28 23:22:16,827 [INFO] recv 13933B via direct in 216ms
2026-09-28 23:22:16,829 [INFO] recv 13933B via direct in 336ms
2026-09-28 23:22:16,831 [INFO] recv 13933B via direct in 676ms
2026-09-28 23:22:16,833 [INFO] recv 13933B via direct in 170ms
2026-09-28 23:22:16,836 [INFO] recv 13933B via direct in 227ms
2026-09-28 23:22:17,308 [INFO] recv 13933B via direct in 1445ms
2026-09-28 23:22:17,338 [INFO] recv 13933B via direct in 234ms
2026-09-28 23:22:17,378 [INFO] Round 18/20  acc=0.4631  loss=1.0680  3.3s  clients=9
2026-09-28 23:22:17,380 [INFO] Round 19 — sending model to 10 clients…
2026-09-28 23:22:17,433 [INFO] send 13933B via direct in 1900ms (0.06 Mbit/s) to 425a90352e083e84
2026-09-28 23:22:17,455 [INFO] [client-9] Round 18 done — loss=1.0122 acc=0.5225  3.7s
2026-09-28 23:22:17,456 [INFO] [client-9] Round 19 — receiving model…
2026-09-28 23:22:17,457 [ERROR] [client-3] round 18 error: stream not acknowledged: IrohError: 
2026-09-28 23:22:17,458 [INFO] [client-3] Round 19 — receiving model…
2026-09-28 23:22:17,895 [INFO] recv 13933B via direct in 176ms
2026-09-28 23:22:17,908 [INFO] [client-2] Round 19 — training locally…
2026-09-28 23:22:18,061 [INFO] [client-2] Round 19 — sending update…
2026-09-28 23:22:18,071 [INFO] send 13933B via direct in 673ms (0.17 Mbit/s) to 265c018623f0a03d
2026-09-28 23:22:18,072 [INFO] send 13933B via direct in 677ms (0.17 Mbit/s) to 6649e64609327c72
2026-09-28 23:22:18,073 [INFO] send 13933B via direct in 679ms (0.16 Mbit/s) to 3e3b9d7a8a4b8622
2026-09-28 23:22:18,074 [INFO] send 13933B via direct in 683ms (0.16 Mbit/s) to a8b7f4d21977cde4
2026-09-28 23:22:18,076 [INFO] send 13933B via direct in 682ms (0.16 Mbit/s) to 918234fd42fddcef
2026-09-28 23:22:18,077 [INFO] send 13933B via direct in 675ms (0.17 Mbit/s) to 293da6c53ffb3b6c
2026-09-28 23:22:18,078 [INFO] send 13933B via direct in 676ms (0.17 Mbit/s) to 73d34f254aeca589
2026-09-28 23:22:18,080 [INFO] recv 13933B via direct in 400ms
2026-09-28 23:22:18,082 [INFO] [client-4] Round 19 — training locally…
2026-09-28 23:22:18,209 [INFO] [client-4] Round 19 — sending update…
2026-09-28 23:22:18,212 [INFO] recv 13933B via direct in 328ms
2026-09-28 23:22:18,215 [INFO] [client-3] Round 19 — training locally…
2026-09-28 23:22:18,322 [INFO] [client-3] Round 19 — sending update…
2026-09-28 23:22:18,326 [INFO] recv 13933B via direct in 356ms
2026-09-28 23:22:18,329 [INFO] [client-0] Round 19 — training locally…
2026-09-28 23:22:18,421 [INFO] [client-0] Round 19 — sending update…
2026-09-28 23:22:18,424 [INFO] recv 13933B via direct in 350ms
2026-09-28 23:22:18,427 [INFO] [client-9] Round 19 — training locally…
2026-09-28 23:22:18,521 [INFO] [client-9] Round 19 — sending update…
2026-09-28 23:22:18,523 [INFO] recv 13933B via direct in 379ms
2026-09-28 23:22:18,525 [INFO] [client-7] Round 19 — training locally…
2026-09-28 23:22:18,625 [INFO] [client-7] Round 19 — sending update…
2026-09-28 23:22:18,627 [INFO] recv 13933B via direct in 338ms
2026-09-28 23:22:18,631 [INFO] [client-6] Round 19 — training locally…
2026-09-28 23:22:18,764 [INFO] [client-6] Round 19 — sending update…
2026-09-28 23:22:18,766 [INFO] recv 13933B via direct in 368ms
2026-09-28 23:22:18,768 [INFO] [client-5] Round 19 — training locally…
2026-09-28 23:22:18,901 [INFO] [client-5] Round 19 — sending update…
2026-09-28 23:22:18,904 [INFO] recv 13933B via direct in 334ms
2026-09-28 23:22:18,908 [INFO] [client-8] Round 19 — training locally…
2026-09-28 23:22:19,013 [INFO] [client-8] Round 19 — sending update…
2026-09-28 23:22:19,033 [INFO] send 13933B via direct in 1629ms (0.07 Mbit/s) to 46dc91cee83faa2a
2026-09-28 23:22:19,035 [ERROR] send_tensors → client-5 FAILED: ConnectionError: stream not acknowledged: IrohError: 
2026-09-28 23:22:19,036 [ERROR] send_tensors → client-4 FAILED: ConnectionError: stream not acknowledged: IrohError: 
2026-09-28 23:22:19,037 [INFO] Round 19 — waiting for 8 updates…
2026-09-28 23:22:19,039 [INFO] recv 13933B via direct in 1282ms
2026-09-28 23:22:19,041 [INFO] [client-1] Round 19 — training locally…
2026-09-28 23:22:19,168 [INFO] [client-1] Round 19 — sending update…
2026-09-28 23:22:19,318 [INFO] recv 13933B via direct in 145ms
2026-09-28 23:22:19,333 [INFO] recv 13933B via direct in 312ms
2026-09-28 23:22:19,339 [INFO] recv 13933B via direct in 319ms
2026-09-28 23:22:19,411 [INFO] send 13933B via direct in 645ms (0.17 Mbit/s) to 425a90352e083e84
2026-09-28 23:22:19,440 [INFO] [client-6] Round 19 done — loss=1.0097 acc=0.4955  3.4s
2026-09-28 23:22:19,442 [INFO] [client-6] Round 20 — receiving model…
2026-09-28 23:22:19,444 [INFO] send 13933B via direct in 1020ms (0.11 Mbit/s) to 425a90352e083e84
2026-09-28 23:22:19,472 [INFO] [client-0] Round 19 done — loss=1.0499 acc=0.4618  3.6s
2026-09-28 23:22:19,473 [INFO] [client-0] Round 20 — receiving model…
2026-09-28 23:22:19,474 [INFO] send 13933B via direct in 1380ms (0.08 Mbit/s) to 425a90352e083e84
2026-09-28 23:22:19,490 [INFO] [client-2] Round 19 done — loss=0.9665 acc=0.5261  3.6s
2026-09-28 23:22:19,491 [INFO] [client-2] Round 20 — receiving model…
2026-09-28 23:22:19,508 [INFO] recv 13933B via direct in 489ms
2026-09-28 23:22:19,512 [INFO] recv 13933B via direct in 492ms
2026-09-28 23:22:19,529 [INFO] recv 13933B via direct in 509ms
2026-09-28 23:22:19,532 [WARNING] Round 19 — discarding update from unselected/duplicate peer ec044e0daec7685e
2026-09-28 23:22:19,564 [INFO] recv 13933B via direct in 542ms
2026-09-28 23:22:19,613 [INFO] send 13933B via direct in 1282ms (0.09 Mbit/s) to 425a90352e083e84
2026-09-28 23:22:19,677 [INFO] [client-3] Round 19 done — loss=1.0373 acc=0.4557  2.2s
2026-09-28 23:22:19,679 [INFO] [client-3] Round 20 — receiving model…
2026-09-28 23:22:19,680 [INFO] send 13933B via direct in 1090ms (0.10 Mbit/s) to 425a90352e083e84
2026-09-28 23:22:19,699 [INFO] [client-9] Round 19 done — loss=1.0049 acc=0.5312  2.2s
2026-09-28 23:22:19,701 [INFO] [client-9] Round 20 — receiving model…
2026-09-28 23:22:19,704 [ERROR] [client-7] round 19 error: stream not acknowledged: IrohError: 
2026-09-28 23:22:19,705 [INFO] [client-7] Round 20 — receiving model…
2026-09-28 23:22:19,706 [INFO] send 13933B via direct in 1491ms (0.07 Mbit/s) to 425a90352e083e84
2026-09-28 23:22:19,725 [INFO] [client-4] Round 19 done — loss=1.0128 acc=0.4883  3.4s
2026-09-28 23:22:19,725 [INFO] [client-4] Round 20 — receiving model…
2026-09-28 23:22:19,728 [INFO] recv 13933B via direct in 211ms
2026-09-28 23:22:19,731 [INFO] recv 13933B via direct in 438ms
2026-09-28 23:22:19,755 [INFO] Round 19/20  acc=0.4389  loss=1.0952  2.4s  clients=8
2026-09-28 23:22:19,756 [INFO] Round 20 — sending model to 10 clients…
2026-09-28 23:22:19,766 [INFO] send 13933B via direct in 596ms (0.19 Mbit/s) to 425a90352e083e84
2026-09-28 23:22:19,866 [INFO] [client-1] Round 19 done — loss=1.0590 acc=0.4138  3.8s
2026-09-28 23:22:19,868 [INFO] [client-1] Round 20 — receiving model…
2026-09-28 23:22:19,870 [INFO] send 13933B via direct in 853ms (0.13 Mbit/s) to 425a90352e083e84
2026-09-28 23:22:19,888 [INFO] [client-8] Round 19 done — loss=0.7657 acc=0.7136  4.0s
2026-09-28 23:22:19,889 [INFO] [client-8] Round 20 — receiving model…
2026-09-28 23:22:19,986 [INFO] send 13933B via direct in 1080ms (0.10 Mbit/s) to 425a90352e083e84
2026-09-28 23:22:20,023 [INFO] [client-5] Round 19 done — loss=0.9742 acc=0.5573  3.2s
2026-09-28 23:22:20,025 [INFO] [client-5] Round 20 — receiving model…
2026-09-28 23:22:20,281 [INFO] recv 13933B via direct in 196ms
2026-09-28 23:22:20,297 [INFO] [client-5] Round 20 — training locally…
2026-09-28 23:22:20,438 [INFO] [client-5] Round 20 — sending update…
2026-09-28 23:22:20,441 [INFO] recv 13933B via direct in 211ms
2026-09-28 23:22:20,445 [INFO] [client-9] Round 20 — training locally…
2026-09-28 23:22:20,567 [INFO] [client-9] Round 20 — sending update…
2026-09-28 23:22:20,572 [INFO] send 13933B via direct in 810ms (0.14 Mbit/s) to 293da6c53ffb3b6c
2026-09-28 23:22:20,575 [INFO] send 13933B via direct in 804ms (0.14 Mbit/s) to 3e3b9d7a8a4b8622
2026-09-28 23:22:20,577 [INFO] send 13933B via direct in 806ms (0.14 Mbit/s) to 03ca09819deb5428
2026-09-28 23:22:20,578 [INFO] recv 13933B via direct in 510ms
2026-09-28 23:22:20,580 [INFO] [client-8] Round 20 — training locally…
2026-09-28 23:22:20,687 [INFO] [client-8] Round 20 — sending update…
2026-09-28 23:22:20,689 [INFO] recv 13933B via direct in 502ms
2026-09-28 23:22:20,691 [INFO] [client-4] Round 20 — training locally…
2026-09-28 23:22:20,800 [INFO] [client-4] Round 20 — sending update…
2026-09-28 23:22:20,802 [INFO] recv 13933B via direct in 499ms
2026-09-28 23:22:20,807 [INFO] [client-3] Round 20 — training locally…
2026-09-28 23:22:20,911 [INFO] [client-3] Round 20 — sending update…
2026-09-28 23:22:20,914 [INFO] send 13933B via direct in 811ms (0.14 Mbit/s) to ec044e0daec7685e
2026-09-28 23:22:20,916 [INFO] send 13933B via direct in 807ms (0.14 Mbit/s) to 918234fd42fddcef
2026-09-28 23:22:20,918 [INFO] recv 13933B via direct in 504ms
2026-09-28 23:22:20,920 [INFO] [client-0] Round 20 — training locally…
2026-09-28 23:22:21,022 [INFO] [client-0] Round 20 — sending update…
2026-09-28 23:22:21,034 [INFO] send 13933B via direct in 1267ms (0.09 Mbit/s) to a8b7f4d21977cde4
2026-09-28 23:22:21,038 [INFO] recv 13933B via direct in 972ms
2026-09-28 23:22:21,041 [INFO] [client-2] Round 20 — training locally…
2026-09-28 23:22:21,147 [INFO] [client-2] Round 20 — sending update…
2026-09-28 23:22:21,150 [INFO] recv 13933B via direct in 947ms
2026-09-28 23:22:21,153 [INFO] [client-6] Round 20 — training locally…
2026-09-28 23:22:21,270 [INFO] [client-6] Round 20 — sending update…
2026-09-28 23:22:21,272 [INFO] send 13933B via direct in 1273ms (0.09 Mbit/s) to 265c018623f0a03d
2026-09-28 23:22:21,273 [INFO] send 13933B via direct in 1273ms (0.09 Mbit/s) to 6649e64609327c72
2026-09-28 23:22:21,397 [INFO] send 13933B via direct in 955ms (0.12 Mbit/s) to 425a90352e083e84
2026-09-28 23:22:21,463 [INFO] [client-5] Round 20 done — loss=0.9780 acc=0.5598  1.4s
2026-09-28 23:22:21,466 [ERROR] [client-4] round 20 error: stream not acknowledged: IrohError: 
2026-09-28 23:22:21,467 [ERROR] [client-8] round 20 error: stream not acknowledged: IrohError: 
2026-09-28 23:22:21,472 [INFO] send 13933B via direct in 897ms (0.12 Mbit/s) to 425a90352e083e84
2026-09-28 23:22:21,508 [INFO] [client-9] Round 20 done — loss=1.0068 acc=0.5239  1.8s
2026-09-28 23:22:21,511 [INFO] recv 13933B via direct in 1423ms
2026-09-28 23:22:21,518 [INFO] [client-7] Round 20 — training locally…
2026-09-28 23:22:21,726 [INFO] [client-7] Round 20 — sending update…
2026-09-28 23:22:21,733 [INFO] send 13933B via direct in 1971ms (0.06 Mbit/s) to 73d34f254aeca589
2026-09-28 23:22:21,734 [INFO] send 13933B via direct in 1968ms (0.06 Mbit/s) to 46dc91cee83faa2a
2026-09-28 23:22:21,735 [INFO] send 13933B via direct in 707ms (0.16 Mbit/s) to 425a90352e083e84
2026-09-28 23:22:21,754 [INFO] [client-0] Round 20 done — loss=1.0534 acc=0.4518  2.3s
2026-09-28 23:22:21,756 [INFO] Round 20 — waiting for 10 updates…
2026-09-28 23:22:21,759 [INFO] recv 13933B via direct in 700ms
2026-09-28 23:22:21,762 [INFO] recv 13933B via direct in 287ms
2026-09-28 23:22:21,764 [WARNING] Round 20 — discarding update from unselected/duplicate peer 03ca09819deb5428
2026-09-28 23:22:21,766 [INFO] recv 13933B via direct in 281ms
2026-09-28 23:22:21,768 [INFO] recv 13933B via direct in 50ms
2026-09-28 23:22:21,770 [INFO] recv 13933B via direct in 321ms
2026-09-28 23:22:21,775 [INFO] recv 13933B via direct in 423ms
2026-09-28 23:22:21,778 [INFO] recv 13933B via direct in 1649ms
2026-09-28 23:22:21,780 [INFO] [client-1] Round 20 — training locally…
2026-09-28 23:22:21,911 [INFO] [client-1] Round 20 — sending update…
2026-09-28 23:22:21,914 [INFO] recv 13933B via direct in 264ms
2026-09-28 23:22:21,920 [INFO] send 13933B via direct in 646ms (0.17 Mbit/s) to 425a90352e083e84
2026-09-28 23:22:21,940 [INFO] [client-6] Round 20 done — loss=1.0046 acc=0.5035  2.5s
2026-09-28 23:22:21,941 [INFO] recv 13933B via direct in 187ms
2026-09-28 23:22:21,943 [INFO] recv 13933B via direct in 643ms
2026-09-28 23:22:21,945 [INFO] send 13933B via direct in 1005ms (0.11 Mbit/s) to 425a90352e083e84
2026-09-28 23:22:21,968 [INFO] [client-3] Round 20 done — loss=1.0427 acc=0.4485  2.3s
2026-09-28 23:22:22,012 [ERROR] [client-2] round 20 error: stream not acknowledged: IrohError: 
2026-09-28 23:22:22,256 [INFO] recv 13933B via direct in 229ms
2026-09-28 23:22:22,337 [INFO] send 13933B via direct in 607ms (0.18 Mbit/s) to 425a90352e083e84
2026-09-28 23:22:22,407 [INFO] [client-7] Round 20 done — loss=1.0238 acc=0.4447  2.7s
2026-09-28 23:22:22,410 [INFO] recv 13933B via direct in 189ms
2026-09-28 23:22:22,438 [INFO] Round 20/20  acc=0.4648  loss=1.0635  2.7s  clients=10
2026-09-28 23:22:22,498 [INFO] send 13933B via direct in 582ms (0.19 Mbit/s) to 425a90352e083e84
2026-09-28 23:22:22,621 [INFO] [client-1] Round 20 done — loss=1.0559 acc=0.4210  2.8s
2026-09-28 23:22:23,064 [INFO] CoAP server [client-0] stopped
2026-09-28 23:22:26,193 [INFO] CoAP server [client-1] stopped
2026-09-28 23:22:26,305 [INFO] CoAP server [client-2] stopped
2026-09-28 23:22:26,414 [INFO] CoAP server [client-3] stopped
2026-09-28 23:22:26,524 [INFO] CoAP server [client-4] stopped
2026-09-28 23:22:26,632 [INFO] CoAP server [client-5] stopped
2026-09-28 23:22:26,746 [INFO] CoAP server [client-6] stopped
2026-09-28 23:22:26,857 [INFO] CoAP server [client-7] stopped
2026-09-28 23:22:26,969 [INFO] CoAP server [client-8] stopped
2026-09-28 23:22:27,078 [INFO] CoAP server [client-9] stopped
2026-09-28 23:22:27,188 [INFO] CoAP server [server] stopped
2026-09-28 23:22:27,222 [INFO] Exported 20 rows → results/e11/delay_100/e7_airmlp_geographic_round_events.csv
2026-09-28 23:23:15,249 [INFO] AirMLP airmlp_geographic done: {'node_id': 'server', 'architecture': 'B', 'scenario': 'e7_airmlp_geographic', 'rounds_total': 20, 'rounds_success': 20, 'test_acc_final': 0.4647570907048582, 'test_acc_max': 0.47823645043527097, 'duration_mean_sec': 7.655875916249715, 'pct_direct': 0.0, 'pct_relay': 0.0, 'bytes_to_aggregator': 2444575}  macro-F1=0.3946  bal-acc=0.4214
2026-09-28 23:23:15,290 [INFO] E11 delay_100: {"condition": "delay_100", "netem": "delay 100ms 10ms distribution normal", "fl_wall_s": 310.0, "rounds_ok": 20, "rounds": 20, "round_s_median": 2.905, "round_s_max": 96.677, "test_acc_final": 0.4647570907048582, "macro_f1": 0.39461141645111053, "balanced_accuracy": 0.4214084411231969, "xfer_100kB_ok": "8/10", "xfer_100kB_ms_median": 2687.5, "xfer_1000kB_ok": "10/10", "xfer_1000kB_ms_median": 12347.1, "xfer_10000kB_ok": "9/10", "xfer_10000kB_ms_median": 96344.2}
