bytes,i,ms,n_nodes,ok,storm_total_ms
361,1,36.858436003967654,10,True,46.04770099831512
380,0,39.11525999865262,10,True,46.04770099831512
380,4,37.89695000159554,10,True,46.04770099831512
375,3,39.168352996057365,10,True,46.04770099831512
376,2,40.39111900056014,10,True,46.04770099831512
384,5,39.77525499794865,10,True,46.04770099831512
386,6,40.085032997012604,10,True,46.04770099831512
367,8,40.0606380062527,10,True,46.04770099831512
368,9,40.57818000001134,10,True,46.04770099831512
368,7,41.939546004869044,10,True,46.04770099831512
380,0,36.67220700299367,100,True,130.61836000269977
361,1,35.85485900111962,100,True,130.61836000269977
375,3,37.276335002388805,100,True,130.61836000269977
384,5,37.26271000050474,100,True,130.61836000269977
376,2,39.62599099759245,100,True,130.61836000269977
386,6,39.33873799542198,100,True,130.61836000269977
368,7,40.5796709965216,100,True,130.61836000269977
380,4,42.03068399510812,100,True,130.61836000269977
367,8,42.37588399701053,100,True,130.61836000269977
388,10,43.115461005072575,100,True,130.61836000269977
366,12,43.457904997922014,100,True,130.61836000269977
371,11,45.056917995680124,100,True,130.61836000269977
368,9,45.88043900002958,100,True,130.61836000269977
382,14,46.34037700452609,100,True,130.61836000269977
376,13,47.545923000143375,100,True,130.61836000269977
369,15,47.83052700076951,100,True,130.61836000269977
393,16,48.98375400080113,100,True,130.61836000269977
381,17,49.754134997783694,100,True,130.61836000269977
389,18,50.53213300561765,100,True,130.61836000269977
370,19,51.40651800320484,100,True,130.61836000269977
389,20,51.64537599921459,100,True,130.61836000269977
389,22,53.33589400106575,100,True,130.61836000269977
369,21,54.07338800432626,100,True,130.61836000269977
388,23,54.61796699819388,100,True,130.61836000269977
375,24,55.13755400170339,100,True,130.61836000269977
381,26,55.47341700003017,100,True,130.61836000269977
380,25,55.99434400210157,100,True,130.61836000269977
374,27,57.04016399977263,100,True,130.61836000269977
396,29,57.7975590058486,100,True,130.61836000269977
387,28,58.69224500202108,100,True,130.61836000269977
374,30,60.14257600327255,100,True,130.61836000269977
382,31,61.232950996782165,100,True,130.61836000269977
377,32,63.11444099992514,100,True,130.61836000269977
387,33,65.10246299876599,100,True,130.61836000269977
387,35,66.32179900043411,100,True,130.61836000269977
391,37,67.81028800469358,100,True,130.61836000269977
366,34,68.96235100430204,100,True,130.61836000269977
372,36,70.21159500436625,100,True,130.61836000269977
381,38,72.07843899959698,100,True,130.61836000269977
371,39,72.78468299773522,100,True,130.61836000269977
390,41,73.21825899998657,100,True,130.61836000269977
376,42,73.86244799999986,100,True,130.61836000269977
376,44,74.382537000929,100,True,130.61836000269977
375,45,75.32529000309296,100,True,130.61836000269977
397,46,76.22414900106378,100,True,130.61836000269977
397,40,77.64239300013287,100,True,130.61836000269977
374,43,78.22522499918705,100,True,130.61836000269977
381,49,79.16674300213344,100,True,130.61836000269977
387,51,79.45479900081409,100,True,130.61836000269977
383,52,80.26118999987375,100,True,130.61836000269977
383,53,81.020476995036,100,True,130.61836000269977
367,58,81.76413099863566,100,True,130.61836000269977
389,48,83.24450999498367,100,True,130.61836000269977
365,47,83.92857300350443,100,True,130.61836000269977
366,57,84.02053399913711,100,True,130.61836000269977
381,63,84.534153000277,100,True,130.61836000269977
376,59,85.57531600672519,100,True,130.61836000269977
380,60,86.11778800695902,100,True,130.61836000269977
375,61,86.73842399730347,100,True,130.61836000269977
372,62,87.2854639965226,100,True,130.61836000269977
393,54,88.32994700060226,100,True,130.61836000269977
396,55,88.84226399823092,100,True,130.61836000269977
382,50,89.72764200007077,100,True,130.61836000269977
393,56,90.20637500361772,100,True,130.61836000269977
383,64,61.19432799459901,100,True,130.61836000269977
383,65,61.53667599573964,100,True,130.61836000269977
384,66,60.11391899664886,100,True,130.61836000269977
376,67,60.13556600373704,100,True,130.61836000269977
386,69,58.435933002328966,100,True,130.61836000269977
375,68,59.43392100016354,100,True,130.61836000269977
365,70,58.538940000289585,100,True,130.61836000269977
364,71,58.3734829997411,100,True,130.61836000269977
380,72,57.867613999405876,100,True,130.61836000269977
388,73,57.28438799997093,100,True,130.61836000269977
372,74,57.64131300384179,100,True,130.61836000269977
375,75,57.19052199856378,100,True,130.61836000269977
378,76,57.81077400024515,100,True,130.61836000269977
387,77,57.67445799574489,100,True,130.61836000269977
375,78,57.79365099442657,100,True,130.61836000269977
383,79,58.912190004775766,100,True,130.61836000269977
370,80,59.427281994430814,100,True,130.61836000269977
379,81,61.1600019983598,100,True,130.61836000269977
370,82,61.408271998516284,100,True,130.61836000269977
383,83,61.67225199897075,100,True,130.61836000269977
379,84,62.40937600523466,100,True,130.61836000269977
378,85,61.45148500218056,100,True,130.61836000269977
380,86,61.930844000016805,100,True,130.61836000269977
372,87,62.016479001613334,100,True,130.61836000269977
372,88,62.38136400497751,100,True,130.61836000269977
377,89,62.73637599952053,100,True,130.61836000269977
375,90,63.03622200357495,100,True,130.61836000269977
371,91,62.375023000640795,100,True,130.61836000269977
383,92,62.185205999412574,100,True,130.61836000269977
371,93,61.947529000462964,100,True,130.61836000269977
392,94,60.877194002387114,100,True,130.61836000269977
369,95,60.46311600221088,100,True,130.61836000269977
375,96,59.267646000080276,100,True,130.61836000269977
387,97,57.76821300241863,100,True,130.61836000269977
378,98,57.38949400256388,100,True,130.61836000269977
365,99,57.09156900411472,100,True,130.61836000269977
380,0,34.91402300278423,500,True,387.14921700011473
376,2,35.024807999434415,500,True,387.14921700011473
361,1,36.70140100439312,500,True,387.14921700011473
375,3,37.582409000606276,500,True,387.14921700011473
380,4,38.4990810052841,500,True,387.14921700011473
384,5,39.74103200016543,500,True,387.14921700011473
386,6,40.742170000157785,500,True,387.14921700011473
368,7,42.11838699848158,500,True,387.14921700011473
367,8,43.02783399907639,500,True,387.14921700011473
388,10,43.78882500168402,500,True,387.14921700011473
368,9,45.75945100077661,500,True,387.14921700011473
371,11,47.3208249968593,500,True,387.14921700011473
366,12,47.71187999722315,500,True,387.14921700011473
376,13,49.14757199730957,500,True,387.14921700011473
382,14,50.060075998771936,500,True,387.14921700011473
369,15,51.615313001093455,500,True,387.14921700011473
381,17,52.69956499978434,500,True,387.14921700011473
389,18,53.843511996092275,500,True,387.14921700011473
370,19,54.784329993708525,500,True,387.14921700011473
389,20,56.550205998064484,500,True,387.14921700011473
369,21,57.79342599998927,500,True,387.14921700011473
389,22,58.782271000382025,500,True,387.14921700011473
393,16,60.847262997413054,500,True,387.14921700011473
375,24,61.47445799433626,500,True,387.14921700011473
388,23,62.693312000192236,500,True,387.14921700011473
381,26,63.71427600242896,500,True,387.14921700011473
380,25,64.88551700022072,500,True,387.14921700011473
387,28,66.35215699498076,500,True,387.14921700011473
396,29,66.79574200097704,500,True,387.14921700011473
374,30,68.36939200002234,500,True,387.14921700011473
374,27,69.91274600295583,500,True,387.14921700011473
382,31,70.91542100533843,500,True,387.14921700011473
377,32,72.91494799574139,500,True,387.14921700011473
366,34,73.7648279973655,500,True,387.14921700011473
387,33,75.30940000287956,500,True,387.14921700011473
387,35,76.1318279983243,500,True,387.14921700011473
372,36,77.57839000259992,500,True,387.14921700011473
371,39,78.2212720005191,500,True,387.14921700011473
391,37,79.45370899687987,500,True,387.14921700011473
397,40,81.18621799803805,500,True,387.14921700011473
381,38,81.78323799802456,500,True,387.14921700011473
390,41,83.50298600271344,500,True,387.14921700011473
374,43,84.49283200025093,500,True,387.14921700011473
397,46,85.64990699960617,500,True,387.14921700011473
382,50,86.77871499821777,500,True,387.14921700011473
376,44,88.80239700374659,500,True,387.14921700011473
387,51,89.83162899676245,500,True,387.14921700011473
389,48,91.66632200503955,500,True,387.14921700011473
393,56,92.46367400191957,500,True,387.14921700011473
376,42,94.65201300190529,500,True,387.14921700011473
367,58,95.00904099695617,500,True,387.14921700011473
383,52,96.7747389950091,500,True,387.14921700011473
365,47,97.83326000615489,500,True,387.14921700011473
375,61,97.80346200568601,500,True,387.14921700011473
383,53,100.42089899798157,500,True,387.14921700011473
375,45,101.5508759955992,500,True,387.14921700011473
393,54,103.0193929982488,500,True,387.14921700011473
381,63,103.38262699951883,500,True,387.14921700011473
376,59,105.66765999828931,500,True,387.14921700011473
381,49,107.025272998726,500,True,387.14921700011473
366,57,108.08881599950837,500,True,387.14921700011473
372,62,108.32370500429533,500,True,387.14921700011473
380,60,109.57263999443967,500,True,387.14921700011473
396,55,110.19353900337592,500,True,387.14921700011473
383,64,79.2948769958457,500,True,387.14921700011473
383,65,79.75820299907355,500,True,387.14921700011473
384,66,78.44095800101059,500,True,387.14921700011473
375,68,77.30102999630617,500,True,387.14921700011473
376,67,78.44435699371388,500,True,387.14921700011473
386,69,77.0648350007832,500,True,387.14921700011473
365,70,76.74765599949751,500,True,387.14921700011473
364,71,75.68813999387203,500,True,387.14921700011473
388,73,74.98826499795541,500,True,387.14921700011473
380,72,76.1282300009043,500,True,387.14921700011473
372,74,73.26217499939958,500,True,387.14921700011473
375,75,73.20328900095774,500,True,387.14921700011473
378,76,73.24652600073023,500,True,387.14921700011473
387,77,71.99412000045413,500,True,387.14921700011473
375,78,72.16830200195545,500,True,387.14921700011473
383,79,71.4497160006431,500,True,387.14921700011473
370,80,70.53171699953964,500,True,387.14921700011473
379,81,70.25784000143176,500,True,387.14921700011473
370,82,70.32307099871105,500,True,387.14921700011473
383,83,68.73964599799365,500,True,387.14921700011473
379,84,68.24566800059984,500,True,387.14921700011473
378,85,67.99727600446204,500,True,387.14921700011473
380,86,66.72648200037656,500,True,387.14921700011473
372,87,66.39373800135218,500,True,387.14921700011473
372,88,65.67889200232457,500,True,387.14921700011473
377,89,65.05194700002903,500,True,387.14921700011473
375,90,64.9875119997887,500,True,387.14921700011473
371,91,63.5137429999304,500,True,387.14921700011473
383,92,63.666984999144915,500,True,387.14921700011473
371,93,63.285077005275525,500,True,387.14921700011473
392,94,62.6295729962294,500,True,387.14921700011473
369,95,62.32064100186108,500,True,387.14921700011473
375,96,60.5539729949669,500,True,387.14921700011473
387,97,60.493778000818565,500,True,387.14921700011473
378,98,59.50717800442362,500,True,387.14921700011473
365,99,59.46173499978613,500,True,387.14921700011473
391,100,58.505584005615674,500,True,387.14921700011473
381,101,58.69228800293058,500,True,387.14921700011473
386,102,57.98208299529506,500,True,387.14921700011473
368,103,56.47340200084727,500,True,387.14921700011473
385,104,57.02274000213947,500,True,387.14921700011473
374,105,55.53127999883145,500,True,387.14921700011473
395,106,55.161329997645225,500,True,387.14921700011473
379,107,54.664066003169864,500,True,387.14921700011473
389,108,53.68503499630606,500,True,387.14921700011473
374,109,52.477609999186825,500,True,387.14921700011473
383,110,52.1171209984459,500,True,387.14921700011473
391,111,50.80612400342943,500,True,387.14921700011473
373,112,50.56083000090439,500,True,387.14921700011473
383,113,49.52245199820027,500,True,387.14921700011473
381,114,51.029473994276486,500,True,387.14921700011473
395,115,49.890528003743384,500,True,387.14921700011473
378,116,49.583298998186365,500,True,387.14921700011473
374,117,50.34103399520973,500,True,387.14921700011473
368,118,48.93446400092216,500,True,387.14921700011473
394,119,49.15318799612578,500,True,387.14921700011473
367,121,47.27159799949732,500,True,387.14921700011473
379,120,49.63237499759998,500,True,387.14921700011473
384,122,47.22666300222045,500,True,387.14921700011473
384,123,46.96207099914318,500,True,387.14921700011473
390,124,46.36780600412749,500,True,387.14921700011473
368,125,46.35801100084791,500,True,387.14921700011473
378,126,45.446768002875615,500,True,387.14921700011473
386,127,46.10431999753928,500,True,387.14921700011473
383,128,45.71265100094024,500,True,387.14921700011473
374,129,45.532942000136245,500,True,387.14921700011473
369,130,45.75380300229881,500,True,387.14921700011473
377,131,45.74258100183215,500,True,387.14921700011473
378,132,45.884177001425996,500,True,387.14921700011473
387,133,45.41453900310444,500,True,387.14921700011473
395,134,45.6781350003439,500,True,387.14921700011473
378,135,46.097190999716986,500,True,387.14921700011473
400,136,45.6777079962194,500,True,387.14921700011473
376,137,45.79075500078034,500,True,387.14921700011473
383,138,46.49866300314898,500,True,387.14921700011473
367,139,45.503380002628546,500,True,387.14921700011473
369,140,45.91089900350198,500,True,387.14921700011473
376,141,45.762222005578224,500,True,387.14921700011473
395,142,44.95761999714887,500,True,387.14921700011473
374,143,45.58704199735075,500,True,387.14921700011473
374,144,45.91670799709391,500,True,387.14921700011473
382,145,45.68539699539542,500,True,387.14921700011473
391,146,45.36209900106769,500,True,387.14921700011473
383,147,45.45622400473803,500,True,387.14921700011473
370,148,45.6413620049716,500,True,387.14921700011473
372,149,45.668184000533074,500,True,387.14921700011473
380,150,45.74550300458213,500,True,387.14921700011473
386,151,45.48676099511795,500,True,387.14921700011473
368,152,45.81033500289777,500,True,387.14921700011473
378,153,45.92679000052158,500,True,387.14921700011473
388,154,45.297763994312845,500,True,387.14921700011473
382,155,45.49159700400196,500,True,387.14921700011473
386,156,45.03775700140977,500,True,387.14921700011473
374,157,45.097089001501445,500,True,387.14921700011473
384,158,45.02941200189525,500,True,387.14921700011473
389,159,44.254686996282544,500,True,387.14921700011473
380,160,45.15725799865322,500,True,387.14921700011473
375,161,44.73546299414011,500,True,387.14921700011473
400,162,45.04513800202403,500,True,387.14921700011473
385,163,44.582868002180476,500,True,387.14921700011473
369,164,44.86534900206607,500,True,387.14921700011473
379,165,44.539614995301235,500,True,387.14921700011473
384,166,45.190730001195334,500,True,387.14921700011473
390,167,45.67965200112667,500,True,387.14921700011473
381,168,45.19236499618273,500,True,387.14921700011473
382,169,45.64095700334292,500,True,387.14921700011473
375,170,45.32883900537854,500,True,387.14921700011473
378,171,45.686903002206236,500,True,387.14921700011473
396,172,45.712792001722846,500,True,387.14921700011473
394,173,45.70988500199746,500,True,387.14921700011473
380,175,44.88797100202646,500,True,387.14921700011473
374,174,45.877762997406535,500,True,387.14921700011473
382,176,44.97152200201526,500,True,387.14921700011473
374,177,44.9407109990716,500,True,387.14921700011473
378,178,42.76756499893963,500,True,387.14921700011473
370,179,42.50012400007108,500,True,387.14921700011473
400,180,43.19065799791133,500,True,387.14921700011473
376,181,42.56727999745635,500,True,387.14921700011473
380,182,42.068075003044214,500,True,387.14921700011473
378,183,42.12174600252183,500,True,387.14921700011473
400,184,41.083366006205324,500,True,387.14921700011473
377,186,39.924575001350604,500,True,387.14921700011473
390,185,41.43522300000768,500,True,387.14921700011473
388,187,40.65210200496949,500,True,387.14921700011473
396,188,40.38898999715457,500,True,387.14921700011473
385,189,40.524495001591276,500,True,387.14921700011473
400,190,41.20524199970532,500,True,387.14921700011473
390,191,40.80602600151906,500,True,387.14921700011473
374,192,40.67374700389337,500,True,387.14921700011473
378,193,40.685959000256844,500,True,387.14921700011473
395,194,41.14594199927524,500,True,387.14921700011473
390,195,40.90449099749094,500,True,387.14921700011473
381,196,41.12286799499998,500,True,387.14921700011473
382,197,41.09863999474328,500,True,387.14921700011473
371,198,40.73915699700592,500,True,387.14921700011473
385,199,40.525525000703055,500,True,387.14921700011473
384,201,40.07498700229917,500,True,387.14921700011473
368,200,40.650369999639224,500,True,387.14921700011473
382,202,39.958070003194734,500,True,387.14921700011473
369,204,39.28194999753032,500,True,387.14921700011473
372,203,40.43986900069285,500,True,387.14921700011473
382,206,40.03829800058156,500,True,387.14921700011473
391,205,41.95313499803888,500,True,387.14921700011473
380,207,41.2793830037117,500,True,387.14921700011473
378,208,41.98175999772502,500,True,387.14921700011473
373,209,43.34663200279465,500,True,387.14921700011473
388,210,43.83785599929979,500,True,387.14921700011473
381,211,45.30587799672503,500,True,387.14921700011473
381,212,44.94509700452909,500,True,387.14921700011473
391,213,45.65789399930509,500,True,387.14921700011473
378,214,45.438948000082746,500,True,387.14921700011473
382,215,44.857836997834966,500,True,387.14921700011473
376,216,45.63019500346854,500,True,387.14921700011473
386,217,45.744469003693666,500,True,387.14921700011473
369,218,45.435907995852176,500,True,387.14921700011473
390,219,45.51728899969021,500,True,387.14921700011473
383,220,45.38325700559653,500,True,387.14921700011473
394,221,45.17544100235682,500,True,387.14921700011473
388,222,45.45758200401906,500,True,387.14921700011473
378,223,45.84985399560537,500,True,387.14921700011473
383,224,45.47711500345031,500,True,387.14921700011473
375,225,45.584619998408016,500,True,387.14921700011473
375,226,44.98344300372992,500,True,387.14921700011473
390,227,45.42421200312674,500,True,387.14921700011473
379,228,44.58236399659654,500,True,387.14921700011473
389,229,44.96778800239554,500,True,387.14921700011473
380,230,44.50796700257342,500,True,387.14921700011473
388,231,43.911050001042895,500,True,387.14921700011473
375,232,43.8975910001318,500,True,387.14921700011473
369,233,43.69311899790773,500,True,387.14921700011473
385,234,44.264372998441104,500,True,387.14921700011473
389,235,43.917830000282265,500,True,387.14921700011473
390,236,44.679587001155596,500,True,387.14921700011473
382,237,44.60044699953869,500,True,387.14921700011473
376,238,44.85875899990788,500,True,387.14921700011473
382,239,44.69831699680071,500,True,387.14921700011473
387,240,44.96881100203609,500,True,387.14921700011473
386,242,44.636779006395955,500,True,387.14921700011473
389,243,45.10769199987408,500,True,387.14921700011473
367,241,46.11601099895779,500,True,387.14921700011473
394,244,45.00062000442995,500,True,387.14921700011473
378,245,44.872996004414745,500,True,387.14921700011473
378,246,44.92655500507681,500,True,387.14921700011473
387,248,45.2659250004217,500,True,387.14921700011473
367,249,45.230519004689995,500,True,387.14921700011473
377,247,46.393762997468,500,True,387.14921700011473
376,250,45.59914200217463,500,True,387.14921700011473
379,251,46.1780660043587,500,True,387.14921700011473
380,252,45.906911000201944,500,True,387.14921700011473
381,253,46.68201199820032,500,True,387.14921700011473
383,254,45.738316999631934,500,True,387.14921700011473
385,256,45.65839899441926,500,True,387.14921700011473
399,255,46.51798000122653,500,True,387.14921700011473
384,257,46.24416500155348,500,True,387.14921700011473
381,258,45.93984600069234,500,True,387.14921700011473
375,259,45.909062995633576,500,True,387.14921700011473
388,260,46.0041319965967,500,True,387.14921700011473
370,261,46.59975899994606,500,True,387.14921700011473
380,262,46.68763099471107,500,True,387.14921700011473
377,263,46.04377900250256,500,True,387.14921700011473
386,264,46.48498899769038,500,True,387.14921700011473
387,265,46.559638998587616,500,True,387.14921700011473
388,266,46.071324999502394,500,True,387.14921700011473
368,267,46.758218995819334,500,True,387.14921700011473
378,268,46.45755999808898,500,True,387.14921700011473
387,269,47.15193500305759,500,True,387.14921700011473
372,270,45.822359003068414,500,True,387.14921700011473
378,271,45.777478000673,500,True,387.14921700011473
381,272,44.55626499839127,500,True,387.14921700011473
381,273,43.79240400157869,500,True,387.14921700011473
389,274,43.51471600239165,500,True,387.14921700011473
386,275,41.80038500635419,500,True,387.14921700011473
381,276,41.503369000565726,500,True,387.14921700011473
388,277,41.19187199830776,500,True,387.14921700011473
378,278,41.542311999364756,500,True,387.14921700011473
373,279,42.11494099581614,500,True,387.14921700011473
380,280,41.07769500114955,500,True,387.14921700011473
386,281,41.00610699970275,500,True,387.14921700011473
387,282,41.5003180023632,500,True,387.14921700011473
367,283,41.41642399918055,500,True,387.14921700011473
381,284,41.9227000020328,500,True,387.14921700011473
378,285,41.833906005194876,500,True,387.14921700011473
390,286,41.62960500252666,500,True,387.14921700011473
381,287,41.15308899781667,500,True,387.14921700011473
368,288,41.207618996850215,500,True,387.14921700011473
373,289,41.19455900217872,500,True,387.14921700011473
389,290,41.52151300513651,500,True,387.14921700011473
369,291,41.21804400347173,500,True,387.14921700011473
368,292,42.066239002451766,500,True,387.14921700011473
368,293,41.52002199407434,500,True,387.14921700011473
389,294,42.02274099952774,500,True,387.14921700011473
378,295,42.90114200557582,500,True,387.14921700011473
368,296,42.89253399474546,500,True,387.14921700011473
390,297,44.02978999860352,500,True,387.14921700011473
378,298,43.40988700278103,500,True,387.14921700011473
389,299,44.038561994966585,500,True,387.14921700011473
385,300,43.45743900194066,500,True,387.14921700011473
373,301,43.8649829957285,500,True,387.14921700011473
385,302,43.517165002413094,500,True,387.14921700011473
384,303,44.38520399708068,500,True,387.14921700011473
386,304,44.08597000292502,500,True,387.14921700011473
388,305,44.70376599783776,500,True,387.14921700011473
388,306,44.50550299952738,500,True,387.14921700011473
384,307,45.091334999597166,500,True,387.14921700011473
385,308,45.266654997249134,500,True,387.14921700011473
383,309,45.571698996354826,500,True,387.14921700011473
379,310,45.704368996666744,500,True,387.14921700011473
372,311,45.111155006452464,500,True,387.14921700011473
375,313,44.961346000491176,500,True,387.14921700011473
399,312,46.19209699740168,500,True,387.14921700011473
376,314,44.61400400032289,500,True,387.14921700011473
373,315,45.01092500140658,500,True,387.14921700011473
377,316,45.25554300198564,500,True,387.14921700011473
380,317,44.31200500403065,500,True,387.14921700011473
372,318,44.65823799546342,500,True,387.14921700011473
381,319,44.981369996094145,500,True,387.14921700011473
374,320,44.52639800001634,500,True,387.14921700011473
384,321,44.75740199995926,500,True,387.14921700011473
378,323,44.475915005023126,500,True,387.14921700011473
394,322,45.32091599685373,500,True,387.14921700011473
391,324,44.70578399923397,500,True,387.14921700011473
380,325,44.403193998732604,500,True,387.14921700011473
368,326,44.268664001720026,500,True,387.14921700011473
386,327,45.046185005048756,500,True,387.14921700011473
395,328,44.878638997033704,500,True,387.14921700011473
376,330,44.458461001340766,500,True,387.14921700011473
380,329,45.76921300031245,500,True,387.14921700011473
378,331,44.41040600067936,500,True,387.14921700011473
383,332,44.20651099644601,500,True,387.14921700011473
382,333,43.77429199666949,500,True,387.14921700011473
370,334,43.83834700274747,500,True,387.14921700011473
379,335,43.15069400036009,500,True,387.14921700011473
374,336,42.805830998986494,500,True,387.14921700011473
376,337,44.03345600439934,500,True,387.14921700011473
386,339,43.26251400198089,500,True,387.14921700011473
391,338,44.91934600082459,500,True,387.14921700011473
390,340,44.56654599925969,500,True,387.14921700011473
367,342,46.249677005107515,500,True,387.14921700011473
398,341,47.263165994081646,500,True,387.14921700011473
371,343,46.664207002322655,500,True,387.14921700011473
374,344,46.91795200051274,500,True,387.14921700011473
387,345,46.723267005290836,500,True,387.14921700011473
377,347,46.192653993784916,500,True,387.14921700011473
394,346,47.016145996167324,500,True,387.14921700011473
378,348,46.093773999018595,500,True,387.14921700011473
367,349,46.903964001103304,500,True,387.14921700011473
386,350,46.796985996479634,500,True,387.14921700011473
390,351,46.80896599893458,500,True,387.14921700011473
385,352,46.60124900692608,500,True,387.14921700011473
371,353,46.529984996595886,500,True,387.14921700011473
368,355,46.09786099899793,500,True,387.14921700011473
368,354,47.00879300071392,500,True,387.14921700011473
368,357,46.03535700152861,500,True,387.14921700011473
374,358,45.632342000317294,500,True,387.14921700011473
380,356,46.923000998503994,500,True,387.14921700011473
377,359,45.5273780025891,500,True,387.14921700011473
370,360,45.632209003088064,500,True,387.14921700011473
375,362,43.78122000343865,500,True,387.14921700011473
388,361,45.21426499559311,500,True,387.14921700011473
372,363,44.144386003608815,500,True,387.14921700011473
385,364,44.357270999171305,500,True,387.14921700011473
374,365,43.81532599654747,500,True,387.14921700011473
368,366,44.31774599652272,500,True,387.14921700011473
382,367,43.38567500235513,500,True,387.14921700011473
391,368,43.39922699728049,500,True,387.14921700011473
380,369,43.113238003570586,500,True,387.14921700011473
374,370,43.10715499741491,500,True,387.14921700011473
374,371,42.85646999778692,500,True,387.14921700011473
400,372,42.113981005968526,500,True,387.14921700011473
380,373,42.602522000379395,500,True,387.14921700011473
380,374,42.2941639990313,500,True,387.14921700011473
367,375,41.82044199842494,500,True,387.14921700011473
395,376,41.79920300521189,500,True,387.14921700011473
373,377,41.91598599572899,500,True,387.14921700011473
383,378,42.49192000133917,500,True,387.14921700011473
376,379,42.023816000437364,500,True,387.14921700011473
375,380,42.25266999856103,500,True,387.14921700011473
382,381,42.466569000680465,500,True,387.14921700011473
371,382,42.99483400245663,500,True,387.14921700011473
384,383,42.54732499975944,500,True,387.14921700011473
391,384,42.75438000331633,500,True,387.14921700011473
372,385,43.45846499927575,500,True,387.14921700011473
391,386,42.963599000358954,500,True,387.14921700011473
377,387,42.92130400426686,500,True,387.14921700011473
390,388,42.45002999959979,500,True,387.14921700011473
379,390,42.502822005189955,500,True,387.14921700011473
391,389,43.122064002091065,500,True,387.14921700011473
384,391,41.93586399924243,500,True,387.14921700011473
376,392,42.346266003733035,500,True,387.14921700011473
399,393,42.339963001722936,500,True,387.14921700011473
395,394,41.86635200312594,500,True,387.14921700011473
385,395,43.11117400357034,500,True,387.14921700011473
377,396,42.79918000247562,500,True,387.14921700011473
379,397,42.9117289968417,500,True,387.14921700011473
375,398,42.6053650007816,500,True,387.14921700011473
368,399,43.103117001010105,500,True,387.14921700011473
396,400,42.942601001414005,500,True,387.14921700011473
369,402,41.3357640063623,500,True,387.14921700011473
374,401,42.695601005107164,500,True,387.14921700011473
378,403,41.433362996031065,500,True,387.14921700011473
383,404,42.07347299961839,500,True,387.14921700011473
381,405,39.66937600489473,500,True,387.14921700011473
392,406,39.69140699337004,500,True,387.14921700011473
378,407,39.70782800024608,500,True,387.14921700011473
383,408,39.853592999861576,500,True,387.14921700011473
377,409,40.246432996355,500,True,387.14921700011473
379,410,39.912886000820436,500,True,387.14921700011473
391,411,39.76737099583261,500,True,387.14921700011473
378,412,40.34113499801606,500,True,387.14921700011473
381,413,39.537183998618275,500,True,387.14921700011473
385,414,39.9342059972696,500,True,387.14921700011473
372,415,40.1178840038483,500,True,387.14921700011473
381,417,39.643525997234974,500,True,387.14921700011473
390,416,40.47054299735464,500,True,387.14921700011473
381,418,39.86204399552662,500,True,387.14921700011473
373,419,40.49006699642632,500,True,387.14921700011473
390,420,39.90157000225736,500,True,387.14921700011473
381,421,40.05546500411583,500,True,387.14921700011473
385,422,40.59708099521231,500,True,387.14921700011473
373,424,39.91164699982619,500,True,387.14921700011473
385,423,40.75976600142894,500,True,387.14921700011473
379,425,40.23222599789733,500,True,387.14921700011473
370,426,40.12300100293942,500,True,387.14921700011473
381,427,39.99589199520415,500,True,387.14921700011473
385,428,40.14762999577215,500,True,387.14921700011473
382,429,40.07699599605985,500,True,387.14921700011473
379,431,39.315069996519014,500,True,387.14921700011473
379,430,40.47077399445698,500,True,387.14921700011473
385,433,39.49703599937493,500,True,387.14921700011473
384,432,40.754194000328425,500,True,387.14921700011473
386,434,39.99060700152768,500,True,387.14921700011473
370,435,39.82562199962558,500,True,387.14921700011473
385,436,40.06165200553369,500,True,387.14921700011473
390,437,39.22449999663513,500,True,387.14921700011473
369,439,38.52468799595954,500,True,387.14921700011473
374,440,38.55466400273144,500,True,387.14921700011473
392,438,39.45131000364199,500,True,387.14921700011473
380,441,38.01050000038231,500,True,387.14921700011473
373,442,37.22723499959102,500,True,387.14921700011473
381,443,37.04690800077515,500,True,387.14921700011473
374,445,36.23929899913492,500,True,387.14921700011473
396,444,36.90919400105486,500,True,387.14921700011473
383,446,35.923777002608404,500,True,387.14921700011473
385,447,35.705219001101796,500,True,387.14921700011473
368,448,35.58650800550822,500,True,387.14921700011473
382,449,34.44515199953457,500,True,387.14921700011473
376,450,34.38524800003506,500,True,387.14921700011473
381,451,34.28191599959973,500,True,387.14921700011473
379,452,34.136902999307495,500,True,387.14921700011473
383,453,33.545662998221815,500,True,387.14921700011473
375,454,33.57339600188425,500,True,387.14921700011473
383,455,33.349872996041086,500,True,387.14921700011473
374,458,32.06521500396775,500,True,387.14921700011473
384,457,32.681201002560556,500,True,387.14921700011473
384,456,33.30652399745304,500,True,387.14921700011473
375,459,31.63004699308658,500,True,387.14921700011473
392,460,31.75589600141393,500,True,387.14921700011473
368,461,31.61574900150299,500,True,387.14921700011473
384,462,31.176456999673974,500,True,387.14921700011473
371,464,30.66244699584786,500,True,387.14921700011473
390,465,30.65726200293284,500,True,387.14921700011473
381,463,31.552606000332162,500,True,387.14921700011473
390,466,29.97680399857927,500,True,387.14921700011473
368,467,29.910432000178844,500,True,387.14921700011473
390,468,29.16912799992133,500,True,387.14921700011473
391,469,28.786196999135427,500,True,387.14921700011473
375,470,28.59805199841503,500,True,387.14921700011473
394,472,27.397309000662062,500,True,387.14921700011473
386,471,28.20037399942521,500,True,387.14921700011473
389,473,27.28454400494229,500,True,387.14921700011473
386,474,27.50341199862305,500,True,387.14921700011473
395,475,27.478503994643688,500,True,387.14921700011473
371,476,26.810226001543924,500,True,387.14921700011473
368,477,26.35609600110911,500,True,387.14921700011473
382,478,25.940098996215966,500,True,387.14921700011473
372,479,25.690232003398705,500,True,387.14921700011473
382,480,25.192146000335924,500,True,387.14921700011473
385,482,24.576110998168588,500,True,387.14921700011473
390,481,25.207853999745566,500,True,387.14921700011473
379,483,23.886781003966462,500,True,387.14921700011473
384,484,23.81953699659789,500,True,387.14921700011473
372,485,23.44591099972604,500,True,387.14921700011473
383,486,22.983950999332592,500,True,387.14921700011473
389,487,22.566243998880964,500,True,387.14921700011473
385,488,22.37970400165068,500,True,387.14921700011473
390,489,22.298774994851556,500,True,387.14921700011473
378,490,21.768964994407725,500,True,387.14921700011473
385,491,21.478792004927527,500,True,387.14921700011473
378,493,20.697867003036663,500,True,387.14921700011473
379,494,20.571443004882894,500,True,387.14921700011473
373,492,21.71684300265042,500,True,387.14921700011473
382,495,20.01035399734974,500,True,387.14921700011473
370,496,19.782678995397873,500,True,387.14921700011473
380,497,19.851304998155683,500,True,387.14921700011473
386,498,19.1588750021765,500,True,387.14921700011473
378,499,19.304063003801275,500,True,387.14921700011473
380,0,29.562068004452158,1000,True,695.0378629990155
361,1,29.735101001278963,1000,True,695.0378629990155
376,2,31.154916003288236,1000,True,695.0378629990155
375,3,31.60048100107815,1000,True,695.0378629990155
380,4,31.984590998035856,1000,True,695.0378629990155
384,5,32.72412999649532,1000,True,695.0378629990155
386,6,32.940286000666674,1000,True,695.0378629990155
368,7,33.82395600056043,1000,True,695.0378629990155
367,8,34.12506199674681,1000,True,695.0378629990155
368,9,34.90286700252909,1000,True,695.0378629990155
388,10,35.4869129951112,1000,True,695.0378629990155
371,11,35.82466700026998,1000,True,695.0378629990155
376,13,36.57805800321512,1000,True,695.0378629990155
366,12,37.33135099901119,1000,True,695.0378629990155
382,14,37.94792400003644,1000,True,695.0378629990155
369,15,38.5482299971045,1000,True,695.0378629990155
393,16,38.96914899814874,1000,True,695.0378629990155
381,17,39.41031500289682,1000,True,695.0378629990155
370,19,40.31720300554298,1000,True,695.0378629990155
389,20,41.385860997252166,1000,True,695.0378629990155
389,18,42.25524099456379,1000,True,695.0378629990155
369,21,43.04968599899439,1000,True,695.0378629990155
389,22,43.63762800494442,1000,True,695.0378629990155
375,24,44.15571600111434,1000,True,695.0378629990155
380,25,44.57594599807635,1000,True,695.0378629990155
388,23,45.49806199793238,1000,True,695.0378629990155
387,28,45.77306099963607,1000,True,695.0378629990155
396,29,46.5798579971306,1000,True,695.0378629990155
374,27,47.13675799575867,1000,True,695.0378629990155
374,30,47.5055409988272,1000,True,695.0378629990155
381,26,48.232369001198094,1000,True,695.0378629990155
377,32,48.502735000511166,1000,True,695.0378629990155
387,33,49.83099699893501,1000,True,695.0378629990155
382,31,50.37619399809046,1000,True,695.0378629990155
366,34,51.11491699790349,1000,True,695.0378629990155
372,36,51.61461399984546,1000,True,695.0378629990155
391,37,52.08982899785042,1000,True,695.0378629990155
387,35,52.728379996551666,1000,True,695.0378629990155
371,39,53.380682998977136,1000,True,695.0378629990155
381,38,54.12019899813458,1000,True,695.0378629990155
390,41,54.604781995294616,1000,True,695.0378629990155
374,43,55.35237900039647,1000,True,695.0378629990155
397,40,56.8445309982053,1000,True,695.0378629990155
375,45,57.56896599632455,1000,True,695.0378629990155
376,42,58.22822600021027,1000,True,695.0378629990155
382,50,59.302376001141965,1000,True,695.0378629990155
365,47,60.7944440052961,1000,True,695.0378629990155
397,46,61.95406700135209,1000,True,695.0378629990155
376,44,62.711155995202716,1000,True,695.0378629990155
393,54,62.68813800124917,1000,True,695.0378629990155
387,51,63.78756699996302,1000,True,695.0378629990155
389,48,64.37135899614077,1000,True,695.0378629990155
383,52,65.3134210006101,1000,True,695.0378629990155
381,49,65.9555040037958,1000,True,695.0378629990155
367,58,66.06207200093195,1000,True,695.0378629990155
396,55,67.0613729962497,1000,True,695.0378629990155
366,57,67.24437799857697,1000,True,695.0378629990155
383,53,68.19884099968476,1000,True,695.0378629990155
376,59,68.68838400259847,1000,True,695.0378629990155
393,56,69.45926500338828,1000,True,695.0378629990155
372,62,70.12173199473182,1000,True,695.0378629990155
381,63,70.67437400110066,1000,True,695.0378629990155
380,60,71.59068100008881,1000,True,695.0378629990155
375,61,71.87138799781678,1000,True,695.0378629990155
383,64,46.106300003884826,1000,True,695.0378629990155
383,65,46.5123260000837,1000,True,695.0378629990155
384,66,45.89381199912168,1000,True,695.0378629990155
376,67,45.855372001824435,1000,True,695.0378629990155
375,68,46.8570879966137,1000,True,695.0378629990155
386,69,46.76320900034625,1000,True,695.0378629990155
365,70,47.808577997784596,1000,True,695.0378629990155
364,71,47.31917000026442,1000,True,695.0378629990155
380,72,47.86882299958961,1000,True,695.0378629990155
388,73,47.559066995745525,1000,True,695.0378629990155
372,74,47.75290699762991,1000,True,695.0378629990155
375,75,47.81111500051338,1000,True,695.0378629990155
378,76,47.620842000469565,1000,True,695.0378629990155
387,77,47.408722995896824,1000,True,695.0378629990155
375,78,47.36086599586997,1000,True,695.0378629990155
383,79,47.02245599764865,1000,True,695.0378629990155
370,80,47.09577099856688,1000,True,695.0378629990155
379,81,47.90637199766934,1000,True,695.0378629990155
370,82,47.43926700029988,1000,True,695.0378629990155
383,83,47.47273700195365,1000,True,695.0378629990155
379,84,47.77812899556011,1000,True,695.0378629990155
378,85,47.67605700180866,1000,True,695.0378629990155
380,86,47.819981002248824,1000,True,695.0378629990155
372,87,47.7923020007438,1000,True,695.0378629990155
372,88,49.937329000385944,1000,True,695.0378629990155
377,89,49.702674994478,1000,True,695.0378629990155
375,90,49.803354995674454,1000,True,695.0378629990155
371,91,50.06356200465234,1000,True,695.0378629990155
383,92,49.92356299771927,1000,True,695.0378629990155
371,93,50.1197659978061,1000,True,695.0378629990155
392,94,50.02493799838703,1000,True,695.0378629990155
369,95,50.26869300490944,1000,True,695.0378629990155
375,96,49.828568000521045,1000,True,695.0378629990155
387,97,49.90712799917674,1000,True,695.0378629990155
378,98,49.99833900365047,1000,True,695.0378629990155
365,99,50.112191995140165,1000,True,695.0378629990155
391,100,50.651633995585144,1000,True,695.0378629990155
386,102,49.99977999978,1000,True,695.0378629990155
381,101,51.15143099828856,1000,True,695.0378629990155
368,103,50.658390995522495,1000,True,695.0378629990155
385,104,50.87432699656347,1000,True,695.0378629990155
374,105,50.69067300064489,1000,True,695.0378629990155
395,106,50.269220999325626,1000,True,695.0378629990155
379,107,49.90650399849983,1000,True,695.0378629990155
389,108,49.93114500393858,1000,True,695.0378629990155
374,109,49.024133004422765,1000,True,695.0378629990155
383,110,48.134185999515466,1000,True,695.0378629990155
391,111,47.84312999981921,1000,True,695.0378629990155
383,113,47.076675000425894,1000,True,695.0378629990155
373,112,47.97813200275414,1000,True,695.0378629990155
395,115,46.91398499562638,1000,True,695.0378629990155
381,114,47.8753269999288,1000,True,695.0378629990155
378,116,46.80920000100741,1000,True,695.0378629990155
374,117,47.272798998164944,1000,True,695.0378629990155
368,118,47.47733400290599,1000,True,695.0378629990155
394,119,47.15729799499968,1000,True,695.0378629990155
379,120,47.866419998172205,1000,True,695.0378629990155
367,121,47.32914999476634,1000,True,695.0378629990155
384,122,47.2063459965284,1000,True,695.0378629990155
384,123,46.786190003331285,1000,True,695.0378629990155
390,124,46.52802600321593,1000,True,695.0378629990155
368,125,47.09906900097849,1000,True,695.0378629990155
378,126,47.17836399504449,1000,True,695.0378629990155
386,127,47.39026600145735,1000,True,695.0378629990155
383,128,46.9315629961784,1000,True,695.0378629990155
374,129,46.82681699341629,1000,True,695.0378629990155
369,130,46.43212199880509,1000,True,695.0378629990155
377,131,47.078866002266295,1000,True,695.0378629990155
378,132,46.48922300111735,1000,True,695.0378629990155
387,133,46.65137399570085,1000,True,695.0378629990155
395,134,46.24320899893064,1000,True,695.0378629990155
378,135,46.49026800325373,1000,True,695.0378629990155
400,136,46.63332000200171,1000,True,695.0378629990155
376,137,46.18348499934655,1000,True,695.0378629990155
383,138,46.08574700250756,1000,True,695.0378629990155
367,139,46.590427999035455,1000,True,695.0378629990155
369,140,46.91694600478513,1000,True,695.0378629990155
376,141,47.36701500223717,1000,True,695.0378629990155
395,142,46.95819200424012,1000,True,695.0378629990155
374,143,47.52802800067002,1000,True,695.0378629990155
374,144,47.689924998849165,1000,True,695.0378629990155
382,145,47.098208000534214,1000,True,695.0378629990155
391,146,46.65677400043933,1000,True,695.0378629990155
383,147,46.07166699861409,1000,True,695.0378629990155
370,148,45.88478899677284,1000,True,695.0378629990155
372,149,45.629469997948036,1000,True,695.0378629990155
386,151,45.16089800017653,1000,True,695.0378629990155
380,150,46.22329399717273,1000,True,695.0378629990155
368,152,43.28452400659444,1000,True,695.0378629990155
388,154,43.50588699890068,1000,True,695.0378629990155
378,153,44.36301099485718,1000,True,695.0378629990155
382,155,43.266527995001525,1000,True,695.0378629990155
386,156,43.45515499881003,1000,True,695.0378629990155
374,157,43.499973995494656,1000,True,695.0378629990155
384,158,43.89680799795315,1000,True,695.0378629990155
380,160,42.630682000890374,1000,True,695.0378629990155
389,159,44.16052799933823,1000,True,695.0378629990155
375,161,43.126742995809764,1000,True,695.0378629990155
385,163,42.90985700208694,1000,True,695.0378629990155
400,162,44.19019100168953,1000,True,695.0378629990155
384,166,41.88763099955395,1000,True,695.0378629990155
369,164,43.41062000457896,1000,True,695.0378629990155
379,165,43.66513000422856,1000,True,695.0378629990155
390,167,42.389506998006254,1000,True,695.0378629990155
381,168,41.98070900019957,1000,True,695.0378629990155
382,169,42.40579299948877,1000,True,695.0378629990155
375,170,41.963235002185684,1000,True,695.0378629990155
378,171,42.21513400261756,1000,True,695.0378629990155
396,172,42.199560994049534,1000,True,695.0378629990155
394,173,42.142316000536084,1000,True,695.0378629990155
374,174,42.467822997423355,1000,True,695.0378629990155
380,175,42.11074799968628,1000,True,695.0378629990155
382,176,42.40526299690828,1000,True,695.0378629990155
374,177,42.75256099936087,1000,True,695.0378629990155
378,178,43.06796000309987,1000,True,695.0378629990155
370,179,43.2174980014679,1000,True,695.0378629990155
400,180,43.577837001066655,1000,True,695.0378629990155
376,181,43.62939199927496,1000,True,695.0378629990155
380,182,43.71952899964526,1000,True,695.0378629990155
378,183,43.863532999239396,1000,True,695.0378629990155
400,184,43.50969000370242,1000,True,695.0378629990155
390,185,43.66561999631813,1000,True,695.0378629990155
377,186,43.752598998253234,1000,True,695.0378629990155
388,187,43.965400000161026,1000,True,695.0378629990155
396,188,44.21239899966167,1000,True,695.0378629990155
385,189,43.5721200046828,1000,True,695.0378629990155
390,191,42.69008900155313,1000,True,695.0378629990155
400,190,44.11040200648131,1000,True,695.0378629990155
374,192,43.202936998568475,1000,True,695.0378629990155
378,193,43.221117004577536,1000,True,695.0378629990155
395,194,43.34345100505743,1000,True,695.0378629990155
390,195,42.8136109985644,1000,True,695.0378629990155
381,196,42.73401300451951,1000,True,695.0378629990155
382,197,42.33043600106612,1000,True,695.0378629990155
371,198,42.2297340046498,1000,True,695.0378629990155
385,199,41.66892400098732,1000,True,695.0378629990155
384,201,40.80066699680174,1000,True,695.0378629990155
382,202,41.13547899760306,1000,True,695.0378629990155
368,200,42.724624996481,1000,True,695.0378629990155
372,203,41.55968200211646,1000,True,695.0378629990155
369,204,41.38085800514091,1000,True,695.0378629990155
391,205,41.81929300102638,1000,True,695.0378629990155
382,206,42.397839002660476,1000,True,695.0378629990155
380,207,43.20182700030273,1000,True,695.0378629990155
378,208,43.338464995031245,1000,True,695.0378629990155
373,209,42.83392599609215,1000,True,695.0378629990155
388,210,43.32794200308854,1000,True,695.0378629990155
381,211,43.47393399802968,1000,True,695.0378629990155
381,212,43.27799499878893,1000,True,695.0378629990155
391,213,43.30687900073826,1000,True,695.0378629990155
378,214,43.19148500508163,1000,True,695.0378629990155
382,215,42.92457699921215,1000,True,695.0378629990155
376,216,43.02739299600944,1000,True,695.0378629990155
386,217,42.510145001870114,1000,True,695.0378629990155
369,218,42.982611994375475,1000,True,695.0378629990155
390,219,42.95074199762894,1000,True,695.0378629990155
383,220,43.39609899761854,1000,True,695.0378629990155
394,221,42.60606000025291,1000,True,695.0378629990155
388,222,42.42867699940689,1000,True,695.0378629990155
378,223,42.60185600287514,1000,True,695.0378629990155
383,224,42.693659001088236,1000,True,695.0378629990155
375,225,42.67488500045147,1000,True,695.0378629990155
375,226,42.70777199417353,1000,True,695.0378629990155
390,227,42.49248699488817,1000,True,695.0378629990155
379,228,42.490214997087605,1000,True,695.0378629990155
389,229,43.424515999504365,1000,True,695.0378629990155
380,230,43.12116999790305,1000,True,695.0378629990155
375,232,43.255172997305635,1000,True,695.0378629990155
388,231,44.26812000019709,1000,True,695.0378629990155
369,233,43.18116699869279,1000,True,695.0378629990155
385,234,42.95362399716396,1000,True,695.0378629990155
389,235,43.39805200288538,1000,True,695.0378629990155
390,236,43.33214199868962,1000,True,695.0378629990155
382,237,43.44245500396937,1000,True,695.0378629990155
376,238,43.16042800201103,1000,True,695.0378629990155
382,239,43.44179600593634,1000,True,695.0378629990155
367,241,42.72312900138786,1000,True,695.0378629990155
387,240,44.03448200173443,1000,True,695.0378629990155
386,242,42.87640999973519,1000,True,695.0378629990155
389,243,42.71978799806675,1000,True,695.0378629990155
394,244,42.279077002604026,1000,True,695.0378629990155
378,245,41.51581499900203,1000,True,695.0378629990155
378,246,41.5099339952576,1000,True,695.0378629990155
377,247,41.54945600021165,1000,True,695.0378629990155
367,249,40.89056800148683,1000,True,695.0378629990155
387,248,42.315842998505104,1000,True,695.0378629990155
376,250,41.6080410068389,1000,True,695.0378629990155
379,251,41.992902995843906,1000,True,695.0378629990155
380,252,41.95301199797541,1000,True,695.0378629990155
381,253,41.804966000199784,1000,True,695.0378629990155
383,254,42.50173600303242,1000,True,695.0378629990155
399,255,41.90418500365922,1000,True,695.0378629990155
385,256,42.267828997864854,1000,True,695.0378629990155
384,257,41.97288000432309,1000,True,695.0378629990155
381,258,42.18895899975905,1000,True,695.0378629990155
375,259,41.90113500226289,1000,True,695.0378629990155
388,260,42.105104999791365,1000,True,695.0378629990155
370,261,42.2254500008421,1000,True,695.0378629990155
380,262,42.089050002687145,1000,True,695.0378629990155
377,263,42.68093300197506,1000,True,695.0378629990155
386,264,42.842228001973126,1000,True,695.0378629990155
368,267,40.810366001096554,1000,True,695.0378629990155
387,265,42.93693599902326,1000,True,695.0378629990155
388,266,42.51977800595341,1000,True,695.0378629990155
378,268,42.24263400101336,1000,True,695.0378629990155
387,269,41.24529099499341,1000,True,695.0378629990155
372,270,40.80181199969957,1000,True,695.0378629990155
378,271,39.97697399609024,1000,True,695.0378629990155
381,272,39.99948300042888,1000,True,695.0378629990155
381,273,40.14670399919851,1000,True,695.0378629990155
389,274,39.97636099666124,1000,True,695.0378629990155
386,275,40.25186999933794,1000,True,695.0378629990155
381,276,40.01867800252512,1000,True,695.0378629990155
388,277,40.81294899515342,1000,True,695.0378629990155
378,278,40.75076700246427,1000,True,695.0378629990155
373,279,41.45647699624533,1000,True,695.0378629990155
380,280,41.478295002889354,1000,True,695.0378629990155
386,281,41.60068200144451,1000,True,695.0378629990155
387,282,41.793430005782284,1000,True,695.0378629990155
367,283,41.50480200041784,1000,True,695.0378629990155
381,284,41.3248909972026,1000,True,695.0378629990155
378,285,41.468269999313634,1000,True,695.0378629990155
390,286,41.67773300287081,1000,True,695.0378629990155
373,289,40.472857996064704,1000,True,695.0378629990155
381,287,41.74627400061581,1000,True,695.0378629990155
368,288,42.17099399829749,1000,True,695.0378629990155
389,290,40.4121559986379,1000,True,695.0378629990155
369,291,40.56226199463708,1000,True,695.0378629990155
368,292,40.842886999598704,1000,True,695.0378629990155
389,294,39.635328997974284,1000,True,695.0378629990155
368,293,40.53092400135938,1000,True,695.0378629990155
378,295,39.92708800069522,1000,True,695.0378629990155
390,297,39.63713200209895,1000,True,695.0378629990155
378,298,39.767715003108606,1000,True,695.0378629990155
368,296,40.73256599804154,1000,True,695.0378629990155
389,299,39.91112299991073,1000,True,695.0378629990155
385,300,40.25479199481197,1000,True,695.0378629990155
373,301,40.4385319998255,1000,True,695.0378629990155
385,302,40.656872995896265,1000,True,695.0378629990155
384,303,40.73824700026307,1000,True,695.0378629990155
388,305,40.535903004638385,1000,True,695.0378629990155
386,304,41.31232899817405,1000,True,695.0378629990155
388,306,40.573036996647716,1000,True,695.0378629990155
384,307,40.381112004979514,1000,True,695.0378629990155
385,308,40.536254993639886,1000,True,695.0378629990155
383,309,40.479752999090124,1000,True,695.0378629990155
379,310,40.475969995895866,1000,True,695.0378629990155
372,311,40.24822000064887,1000,True,695.0378629990155
399,312,40.31803699763259,1000,True,695.0378629990155
375,313,39.7570579953026,1000,True,695.0378629990155
376,314,40.20219999802066,1000,True,695.0378629990155
373,315,39.82793500472326,1000,True,695.0378629990155
377,316,39.4282729976112,1000,True,695.0378629990155
380,317,39.82643699418986,1000,True,695.0378629990155
381,319,39.04424899519654,1000,True,695.0378629990155
372,318,39.94310500274878,1000,True,695.0378629990155
374,320,39.890230997116305,1000,True,695.0378629990155
384,321,39.66933099582093,1000,True,695.0378629990155
394,322,39.38224100420484,1000,True,695.0378629990155
378,323,39.530484995339066,1000,True,695.0378629990155
391,324,39.183417000458576,1000,True,695.0378629990155
380,325,39.03266999986954,1000,True,695.0378629990155
368,326,39.06285400444176,1000,True,695.0378629990155
386,327,38.89156699733576,1000,True,695.0378629990155
395,328,39.32377200544579,1000,True,695.0378629990155
376,330,38.853089994518086,1000,True,695.0378629990155
380,329,40.23330099880695,1000,True,695.0378629990155
378,331,39.052063002600335,1000,True,695.0378629990155
383,332,39.446800998121034,1000,True,695.0378629990155
382,333,39.079591995687224,1000,True,695.0378629990155
370,334,38.83551400213037,1000,True,695.0378629990155
379,335,38.947157001530286,1000,True,695.0378629990155
374,336,38.85856599663384,1000,True,695.0378629990155
376,337,38.52732400264358,1000,True,695.0378629990155
391,338,38.80426399700809,1000,True,695.0378629990155
386,339,38.19060800014995,1000,True,695.0378629990155
390,340,38.63586400257191,1000,True,695.0378629990155
398,341,37.99252900353167,1000,True,695.0378629990155
367,342,38.001402994268574,1000,True,695.0378629990155
371,343,37.8201219937182,1000,True,695.0378629990155
374,344,37.88962099497439,1000,True,695.0378629990155
387,345,37.36444899550406,1000,True,695.0378629990155
394,346,36.87896500196075,1000,True,695.0378629990155
377,347,37.18309499527095,1000,True,695.0378629990155
378,348,36.99515200423775,1000,True,695.0378629990155
367,349,37.14800600573653,1000,True,695.0378629990155
386,350,36.886322995997034,1000,True,695.0378629990155
390,351,36.847546994977165,1000,True,695.0378629990155
385,352,37.263608995999675,1000,True,695.0378629990155
371,353,37.065811004140414,1000,True,695.0378629990155
368,354,37.2886990007828,1000,True,695.0378629990155
368,355,37.404292001156136,1000,True,695.0378629990155
380,356,37.26820799784036,1000,True,695.0378629990155
368,357,37.03781500371406,1000,True,695.0378629990155
374,358,37.59700500086183,1000,True,695.0378629990155
377,359,37.44446000200696,1000,True,695.0378629990155
370,360,37.44814200035762,1000,True,695.0378629990155
388,361,37.67211599915754,1000,True,695.0378629990155
375,362,38.125960003526416,1000,True,695.0378629990155
372,363,37.32836699782638,1000,True,695.0378629990155
385,364,37.08554100012407,1000,True,695.0378629990155
374,365,36.813739003264345,1000,True,695.0378629990155
368,366,36.588646995369345,1000,True,695.0378629990155
382,367,36.63265599607257,1000,True,695.0378629990155
391,368,36.18811500200536,1000,True,695.0378629990155
380,369,36.06469000078505,1000,True,695.0378629990155
374,370,36.34720300033223,1000,True,695.0378629990155
400,372,35.95080399827566,1000,True,695.0378629990155
374,371,36.58633500162978,1000,True,695.0378629990155
380,373,36.711784996441565,1000,True,695.0378629990155
380,374,35.95595200022217,1000,True,695.0378629990155
395,376,35.84904199669836,1000,True,695.0378629990155
373,377,36.21754899359075,1000,True,695.0378629990155
367,375,37.614439002936706,1000,True,695.0378629990155
383,378,36.75817699695472,1000,True,695.0378629990155
376,379,36.481767005170695,1000,True,695.0378629990155
375,380,36.35068699804833,1000,True,695.0378629990155
382,381,36.44757199799642,1000,True,695.0378629990155
371,382,36.50988500157837,1000,True,695.0378629990155
384,383,36.25025599467335,1000,True,695.0378629990155
391,384,35.97764299775008,1000,True,695.0378629990155
391,386,36.196314002154395,1000,True,695.0378629990155
372,385,37.13946799689438,1000,True,695.0378629990155
377,387,37.775960998260416,1000,True,695.0378629990155
390,388,38.40144199784845,1000,True,695.0378629990155
391,389,38.65953500644537,1000,True,695.0378629990155
379,390,38.744708996091504,1000,True,695.0378629990155
384,391,38.626392000878695,1000,True,695.0378629990155
376,392,37.8539249941241,1000,True,695.0378629990155
395,394,37.78787900228053,1000,True,695.0378629990155
399,393,38.69157000008272,1000,True,695.0378629990155
385,395,38.313162003760226,1000,True,695.0378629990155
379,397,38.044144996092655,1000,True,695.0378629990155
375,398,37.97689199564047,1000,True,695.0378629990155
377,396,38.99999699933687,1000,True,695.0378629990155
368,399,38.490662998810876,1000,True,695.0378629990155
396,400,38.39949399844045,1000,True,695.0378629990155
374,401,38.60775200155331,1000,True,695.0378629990155
369,402,38.684793005813845,1000,True,695.0378629990155
378,403,38.91807099716971,1000,True,695.0378629990155
383,404,38.654308998957276,1000,True,695.0378629990155
381,405,38.89771400281461,1000,True,695.0378629990155
392,406,39.015094997012056,1000,True,695.0378629990155
378,407,38.957666998612694,1000,True,695.0378629990155
383,408,38.643539999611676,1000,True,695.0378629990155
377,409,39.40985600638669,1000,True,695.0378629990155
379,410,39.56836999714142,1000,True,695.0378629990155
391,411,38.894868004717864,1000,True,695.0378629990155
378,412,39.87504300312139,1000,True,695.0378629990155
381,413,39.849782006058376,1000,True,695.0378629990155
385,414,39.88617399591021,1000,True,695.0378629990155
372,415,40.076885001326445,1000,True,695.0378629990155
390,416,39.80505100480514,1000,True,695.0378629990155
381,417,39.81555499922251,1000,True,695.0378629990155
381,418,40.26388499914901,1000,True,695.0378629990155
373,419,40.11262900166912,1000,True,695.0378629990155
390,420,40.25688899855595,1000,True,695.0378629990155
381,421,40.22311700100545,1000,True,695.0378629990155
385,422,39.61070199875394,1000,True,695.0378629990155
385,423,39.96392999397358,1000,True,695.0378629990155
373,424,39.922273994307034,1000,True,695.0378629990155
379,425,40.350953000597656,1000,True,695.0378629990155
381,427,39.628326005185954,1000,True,695.0378629990155
370,426,40.637660000356846,1000,True,695.0378629990155
385,428,40.47424600139493,1000,True,695.0378629990155
382,429,40.34708599647274,1000,True,695.0378629990155
379,430,40.701767000427935,1000,True,695.0378629990155
379,431,40.42116299387999,1000,True,695.0378629990155
384,432,40.65920999710215,1000,True,695.0378629990155
385,433,40.80900300323265,1000,True,695.0378629990155
386,434,40.48812799737789,1000,True,695.0378629990155
385,436,40.145647995814215,1000,True,695.0378629990155
370,435,42.249187994457316,1000,True,695.0378629990155
392,438,41.35230799874989,1000,True,695.0378629990155
390,437,42.24722599610686,1000,True,695.0378629990155
369,439,42.03890700591728,1000,True,695.0378629990155
374,440,41.62964900024235,1000,True,695.0378629990155
380,441,41.70747099851724,1000,True,695.0378629990155
373,442,41.38737999892328,1000,True,695.0378629990155
381,443,41.79318199749105,1000,True,695.0378629990155
396,444,42.1681760053616,1000,True,695.0378629990155
374,445,41.65064200060442,1000,True,695.0378629990155
383,446,41.363860000274144,1000,True,695.0378629990155
385,447,41.55237600207329,1000,True,695.0378629990155
368,448,41.29905500303721,1000,True,695.0378629990155
376,450,40.51257000537589,1000,True,695.0378629990155
382,449,42.13166400586488,1000,True,695.0378629990155
381,451,39.775648998329416,1000,True,695.0378629990155
383,453,39.32361900660908,1000,True,695.0378629990155
379,452,40.13557399593992,1000,True,695.0378629990155
384,456,38.593368997680955,1000,True,695.0378629990155
375,454,39.44532899913611,1000,True,695.0378629990155
383,455,39.9127389973728,1000,True,695.0378629990155
384,457,39.06980899773771,1000,True,695.0378629990155
375,459,38.92655199888395,1000,True,695.0378629990155
374,458,39.817909004341345,1000,True,695.0378629990155
392,460,38.78833600174403,1000,True,695.0378629990155
368,461,38.99210099916672,1000,True,695.0378629990155
384,462,39.28724699653685,1000,True,695.0378629990155
381,463,39.04903899820056,1000,True,695.0378629990155
371,464,39.54121299466351,1000,True,695.0378629990155
390,465,39.23411799769383,1000,True,695.0378629990155
390,466,39.07952799636405,1000,True,695.0378629990155
368,467,39.50532899762038,1000,True,695.0378629990155
390,468,39.230155998666305,1000,True,695.0378629990155
391,469,39.36865599825978,1000,True,695.0378629990155
375,470,38.706820996594615,1000,True,695.0378629990155
386,471,38.53261500626104,1000,True,695.0378629990155
394,472,39.140292996307835,1000,True,695.0378629990155
389,473,38.355488002707716,1000,True,695.0378629990155
395,475,38.490304999868385,1000,True,695.0378629990155
386,474,39.308215003984515,1000,True,695.0378629990155
371,476,38.19701099564554,1000,True,695.0378629990155
368,477,38.30151099828072,1000,True,695.0378629990155
382,478,38.42579999763984,1000,True,695.0378629990155
372,479,38.59489499882329,1000,True,695.0378629990155
382,480,38.788028999988455,1000,True,695.0378629990155
390,481,38.89877099572914,1000,True,695.0378629990155
385,482,38.287964001938235,1000,True,695.0378629990155
379,483,38.42722099943785,1000,True,695.0378629990155
384,484,38.61903599317884,1000,True,695.0378629990155
372,485,38.63307400024496,1000,True,695.0378629990155
383,486,38.337381003657356,1000,True,695.0378629990155
389,487,38.617520993284415,1000,True,695.0378629990155
385,488,38.42846499901498,1000,True,695.0378629990155
390,489,38.356010998541024,1000,True,695.0378629990155
378,490,38.77971500332933,1000,True,695.0378629990155
385,491,38.56550899945432,1000,True,695.0378629990155
373,492,39.244895000592805,1000,True,695.0378629990155
378,493,38.92012299911585,1000,True,695.0378629990155
379,494,38.78630899998825,1000,True,695.0378629990155
382,495,38.89797800366068,1000,True,695.0378629990155
370,496,38.978698998107575,1000,True,695.0378629990155
380,497,39.00656000041636,1000,True,695.0378629990155
386,498,38.84232699783752,1000,True,695.0378629990155
378,499,39.2639159981627,1000,True,695.0378629990155
378,500,38.071609000326134,1000,True,695.0378629990155
385,501,38.22349700203631,1000,True,695.0378629990155
386,502,38.96888099552598,1000,True,695.0378629990155
372,503,38.87869900063379,1000,True,695.0378629990155
391,504,38.76946200034581,1000,True,695.0378629990155
399,505,39.237194003362674,1000,True,695.0378629990155
383,506,38.67675499350298,1000,True,695.0378629990155
379,507,39.12510100053623,1000,True,695.0378629990155
385,508,39.15288300049724,1000,True,695.0378629990155
367,509,39.318821000051685,1000,True,695.0378629990155
382,510,39.466679001634475,1000,True,695.0378629990155
395,511,40.027171999099664,1000,True,695.0378629990155
373,512,40.37234099814668,1000,True,695.0378629990155
375,513,40.385984000749886,1000,True,695.0378629990155
371,514,39.964390998648014,1000,True,695.0378629990155
378,515,40.25520299910568,1000,True,695.0378629990155
380,516,40.09869800211163,1000,True,695.0378629990155
384,517,39.94937999959802,1000,True,695.0378629990155
389,518,40.18327300582314,1000,True,695.0378629990155
368,519,40.285825001774356,1000,True,695.0378629990155
384,520,40.22504000022309,1000,True,695.0378629990155
368,521,40.09560000122292,1000,True,695.0378629990155
369,522,40.36232299404219,1000,True,695.0378629990155
371,523,40.40261499903863,1000,True,695.0378629990155
385,524,40.19854500074871,1000,True,695.0378629990155
368,525,40.973636001581326,1000,True,695.0378629990155
372,526,41.10873099853052,1000,True,695.0378629990155
383,527,40.78658799699042,1000,True,695.0378629990155
373,528,40.70247399795335,1000,True,695.0378629990155
378,529,40.88942999806022,1000,True,695.0378629990155
377,530,40.736295995884575,1000,True,695.0378629990155
394,531,40.39157800434623,1000,True,695.0378629990155
391,532,40.53888800262939,1000,True,695.0378629990155
373,533,40.621366002596915,1000,True,695.0378629990155
376,534,40.987732994835824,1000,True,695.0378629990155
381,535,41.13380499620689,1000,True,695.0378629990155
385,536,40.646815999934915,1000,True,695.0378629990155
380,537,41.203077002137434,1000,True,695.0378629990155
378,538,40.573523998318706,1000,True,695.0378629990155
373,539,40.63437100558076,1000,True,695.0378629990155
391,540,41.08740399533417,1000,True,695.0378629990155
388,541,40.949989001092035,1000,True,695.0378629990155
379,542,40.67165900050895,1000,True,695.0378629990155
386,543,40.979637000418734,1000,True,695.0378629990155
386,544,40.83092200016836,1000,True,695.0378629990155
381,545,40.37814400362549,1000,True,695.0378629990155
367,546,41.05879899725551,1000,True,695.0378629990155
390,547,41.153134996420704,1000,True,695.0378629990155
372,548,40.614274999825284,1000,True,695.0378629990155
374,550,40.91011700074887,1000,True,695.0378629990155
368,549,41.83290500077419,1000,True,695.0378629990155
383,551,41.24488699744688,1000,True,695.0378629990155
369,552,41.07114900398301,1000,True,695.0378629990155
383,554,40.57442000339506,1000,True,695.0378629990155
373,555,40.63688000314869,1000,True,695.0378629990155
381,553,42.50363100436516,1000,True,695.0378629990155
383,556,40.50378999818349,1000,True,695.0378629990155
390,558,40.181500000471715,1000,True,695.0378629990155
381,557,41.703925002366304,1000,True,695.0378629990155
389,559,40.77448000316508,1000,True,695.0378629990155
379,560,40.9524880014942,1000,True,695.0378629990155
383,561,41.11668700352311,1000,True,695.0378629990155
388,562,41.589715001464356,1000,True,695.0378629990155
376,563,41.953273001126945,1000,True,695.0378629990155
391,564,42.278073997294996,1000,True,695.0378629990155
378,565,41.891221997502726,1000,True,695.0378629990155
374,566,41.29577699495712,1000,True,695.0378629990155
373,567,41.78821299865376,1000,True,695.0378629990155
383,568,41.76467200159095,1000,True,695.0378629990155
377,570,41.675701999338344,1000,True,695.0378629990155
368,569,42.597568994096946,1000,True,695.0378629990155
382,571,42.760470998473465,1000,True,695.0378629990155
383,572,42.42302700004075,1000,True,695.0378629990155
375,573,43.552585993893445,1000,True,695.0378629990155
382,574,43.35499700391665,1000,True,695.0378629990155
386,575,43.11318699910771,1000,True,695.0378629990155
385,576,42.62829900108045,1000,True,695.0378629990155
371,577,42.7533769980073,1000,True,695.0378629990155
379,578,42.75523500109557,1000,True,695.0378629990155
385,579,42.66243900201516,1000,True,695.0378629990155
391,580,42.62162899976829,1000,True,695.0378629990155
378,581,42.87554799520876,1000,True,695.0378629990155
374,582,42.62619999644812,1000,True,695.0378629990155
376,583,42.64749400317669,1000,True,695.0378629990155
372,584,43.15866099932464,1000,True,695.0378629990155
369,585,43.97793800308136,1000,True,695.0378629990155
369,586,43.94542500085663,1000,True,695.0378629990155
378,587,44.758772004570346,1000,True,695.0378629990155
391,588,49.66230999707477,1000,True,695.0378629990155
373,589,48.80297100316966,1000,True,695.0378629990155
387,591,48.504985999898054,1000,True,695.0378629990155
387,590,49.85310300253332,1000,True,695.0378629990155
394,592,48.83428999892203,1000,True,695.0378629990155
385,593,49.452135994215496,1000,True,695.0378629990155
379,594,49.510675999044906,1000,True,695.0378629990155
379,595,49.372741996194236,1000,True,695.0378629990155
373,596,49.84092000086093,1000,True,695.0378629990155
389,598,48.80176799633773,1000,True,695.0378629990155
373,597,49.804281996330246,1000,True,695.0378629990155
383,599,48.97565700230189,1000,True,695.0378629990155
377,600,49.8231460005627,1000,True,695.0378629990155
376,602,48.84924699581461,1000,True,695.0378629990155
376,601,49.536489001184236,1000,True,695.0378629990155
369,603,49.68597400147701,1000,True,695.0378629990155
385,604,48.94931000308134,1000,True,695.0378629990155
376,605,48.93100900517311,1000,True,695.0378629990155
382,606,49.323626000841614,1000,True,695.0378629990155
398,607,49.04448299930664,1000,True,695.0378629990155
382,608,49.30686599982437,1000,True,695.0378629990155
380,609,49.74029200093355,1000,True,695.0378629990155
375,611,48.4517090008012,1000,True,695.0378629990155
377,612,48.84238099475624,1000,True,695.0378629990155
382,610,50.461398997867946,1000,True,695.0378629990155
394,613,49.0596439994988,1000,True,695.0378629990155
381,614,48.94415300077526,1000,True,695.0378629990155
368,616,48.93824300233973,1000,True,695.0378629990155
399,615,49.84087499906309,1000,True,695.0378629990155
382,617,48.492128000361845,1000,True,695.0378629990155
396,618,48.847445999854244,1000,True,695.0378629990155
388,619,48.15965799934929,1000,True,695.0378629990155
382,620,48.445976004586555,1000,True,695.0378629990155
383,621,48.47577300097328,1000,True,695.0378629990155
387,622,48.18559400155209,1000,True,695.0378629990155
374,623,48.378999999840744,1000,True,695.0378629990155
382,624,48.497535004571546,1000,True,695.0378629990155
382,625,47.722881005029194,1000,True,695.0378629990155
387,626,47.601122001651675,1000,True,695.0378629990155
378,627,46.71554399828892,1000,True,695.0378629990155
385,628,47.156886001175735,1000,True,695.0378629990155
385,629,47.49130699929083,1000,True,695.0378629990155
384,630,47.26916099752998,1000,True,695.0378629990155
384,632,47.08532700169599,1000,True,695.0378629990155
374,631,47.68992199387867,1000,True,695.0378629990155
375,634,46.487915999023244,1000,True,695.0378629990155
385,633,47.66591799852904,1000,True,695.0378629990155
383,635,46.46164400037378,1000,True,695.0378629990155
379,636,46.388577997277025,1000,True,695.0378629990155
376,637,45.96791599760763,1000,True,695.0378629990155
380,638,45.579009005450644,1000,True,695.0378629990155
390,639,45.563970001239795,1000,True,695.0378629990155
376,640,45.68943199410569,1000,True,695.0378629990155
393,641,46.04754900356056,1000,True,695.0378629990155
386,642,45.68507400108501,1000,True,695.0378629990155
389,643,45.989916994585656,1000,True,695.0378629990155
396,644,45.91322199848946,1000,True,695.0378629990155
390,646,45.50811600347515,1000,True,695.0378629990155
378,647,45.58626699872548,1000,True,695.0378629990155
399,645,46.86505800054874,1000,True,695.0378629990155
375,648,58.576905001245905,1000,True,695.0378629990155
375,649,58.06583099911222,1000,True,695.0378629990155
383,650,57.69084899657173,1000,True,695.0378629990155
370,651,56.916246001492254,1000,True,695.0378629990155
375,652,51.92024500138359,1000,True,695.0378629990155
373,653,52.231949994165916,1000,True,695.0378629990155
378,654,51.81943099887576,1000,True,695.0378629990155
372,655,51.47980099718552,1000,True,695.0378629990155
378,656,51.739734000875615,1000,True,695.0378629990155
371,658,50.74143499950878,1000,True,695.0378629990155
367,659,50.838852002925705,1000,True,695.0378629990155
390,657,53.23085900454316,1000,True,695.0378629990155
371,660,51.87495000427589,1000,True,695.0378629990155
395,661,51.781936002953444,1000,True,695.0378629990155
385,663,51.864664994354825,1000,True,695.0378629990155
378,662,52.41305600065971,1000,True,695.0378629990155
385,664,51.55674400157295,1000,True,695.0378629990155
378,666,51.304392000020016,1000,True,695.0378629990155
377,665,52.04978399706306,1000,True,695.0378629990155
375,667,51.854851000825875,1000,True,695.0378629990155
388,668,51.6155270015588,1000,True,695.0378629990155
369,669,51.434380999126006,1000,True,695.0378629990155
387,671,50.40626000118209,1000,True,695.0378629990155
392,670,51.74522400193382,1000,True,695.0378629990155
377,674,49.93791499873623,1000,True,695.0378629990155
374,673,50.87516699859407,1000,True,695.0378629990155
388,672,51.95202399772825,1000,True,695.0378629990155
391,675,50.638489999982994,1000,True,695.0378629990155
389,676,50.670002005063,1000,True,695.0378629990155
380,677,50.65184900013264,1000,True,695.0378629990155
373,678,51.20534299931023,1000,True,695.0378629990155
379,679,50.77171300217742,1000,True,695.0378629990155
384,680,50.76515499968082,1000,True,695.0378629990155
395,681,51.31873099890072,1000,True,695.0378629990155
376,682,51.10380800033454,1000,True,695.0378629990155
369,683,51.21277600119356,1000,True,695.0378629990155
391,684,51.80920499697095,1000,True,695.0378629990155
389,685,52.20558199653169,1000,True,695.0378629990155
374,686,51.78731500200229,1000,True,695.0378629990155
369,687,52.27924100472592,1000,True,695.0378629990155
382,688,52.223033002519514,1000,True,695.0378629990155
390,689,52.46288300259039,1000,True,695.0378629990155
394,690,52.49707299662987,1000,True,695.0378629990155
372,691,52.653031998488586,1000,True,695.0378629990155
378,692,52.37591799959773,1000,True,695.0378629990155
378,693,52.013410997460596,1000,True,695.0378629990155
376,694,51.449948994559236,1000,True,695.0378629990155
378,695,51.62086999916937,1000,True,695.0378629990155
384,696,51.588898997579236,1000,True,695.0378629990155
381,697,51.4317779961857,1000,True,695.0378629990155
378,698,51.03363400121452,1000,True,695.0378629990155
379,699,50.815280999813695,1000,True,695.0378629990155
392,700,51.366423002036754,1000,True,695.0378629990155
368,701,50.554715999169275,1000,True,695.0378629990155
376,703,50.692662996880244,1000,True,695.0378629990155
396,702,51.31615700520342,1000,True,695.0378629990155
377,704,50.541901000542566,1000,True,695.0378629990155
368,705,50.43198499333812,1000,True,695.0378629990155
384,706,50.91868299496127,1000,True,695.0378629990155
369,707,50.883411000540946,1000,True,695.0378629990155
370,708,50.87041200022213,1000,True,695.0378629990155
387,709,50.76574200211326,1000,True,695.0378629990155
376,710,51.191673999710474,1000,True,695.0378629990155
389,711,51.34365300182253,1000,True,695.0378629990155
377,712,37.74628399696667,1000,True,695.0378629990155
369,713,38.38903499854496,1000,True,695.0378629990155
375,714,38.10709700337611,1000,True,695.0378629990155
379,715,38.468990998808295,1000,True,695.0378629990155
378,716,38.37648799526505,1000,True,695.0378629990155
383,717,38.105972002085764,1000,True,695.0378629990155
386,719,37.81059000175446,1000,True,695.0378629990155
375,718,38.486414996441454,1000,True,695.0378629990155
382,720,38.07373000017833,1000,True,695.0378629990155
385,721,38.20735000044806,1000,True,695.0378629990155
388,722,38.120563003758434,1000,True,695.0378629990155
379,723,37.72117000335129,1000,True,695.0378629990155
379,724,37.72051700070733,1000,True,695.0378629990155
386,725,38.1729250002536,1000,True,695.0378629990155
370,727,37.29708099854179,1000,True,695.0378629990155
380,726,38.056751000112854,1000,True,695.0378629990155
379,728,37.98387300048489,1000,True,695.0378629990155
380,729,37.879916999372654,1000,True,695.0378629990155
371,730,38.04684500209987,1000,True,695.0378629990155
386,731,37.33805299998494,1000,True,695.0378629990155
375,732,37.459213999682106,1000,True,695.0378629990155
390,734,37.667037002393045,1000,True,695.0378629990155
370,733,38.532148995727766,1000,True,695.0378629990155
386,735,37.358199995651376,1000,True,695.0378629990155
370,736,38.01032499904977,1000,True,695.0378629990155
382,737,37.820644000021275,1000,True,695.0378629990155
375,738,38.02364300645422,1000,True,695.0378629990155
385,739,37.94564899726538,1000,True,695.0378629990155
384,740,38.322825996147,1000,True,695.0378629990155
380,741,38.47625700291246,1000,True,695.0378629990155
386,742,38.78783200343605,1000,True,695.0378629990155
380,743,39.16285999730462,1000,True,695.0378629990155
391,744,39.5521730024484,1000,True,695.0378629990155
374,745,39.86578000331065,1000,True,695.0378629990155
390,746,40.29194499889854,1000,True,695.0378629990155
378,747,40.40378900390351,1000,True,695.0378629990155
375,749,38.510840000526514,1000,True,695.0378629990155
374,750,38.72270900319563,1000,True,695.0378629990155
379,748,40.550911995524075,1000,True,695.0378629990155
399,751,39.18861100100912,1000,True,695.0378629990155
374,752,39.13778800051659,1000,True,695.0378629990155
393,753,39.18538599828025,1000,True,695.0378629990155
383,754,39.346156001556665,1000,True,695.0378629990155
384,755,39.06072900281288,1000,True,695.0378629990155
377,756,38.88356300012674,1000,True,695.0378629990155
399,757,38.9846089965431,1000,True,695.0378629990155
384,758,39.53229000035208,1000,True,695.0378629990155
368,759,39.499853999586776,1000,True,695.0378629990155
374,760,39.70165400096448,1000,True,695.0378629990155
380,761,39.56082399963634,1000,True,695.0378629990155
379,763,39.44191800110275,1000,True,695.0378629990155
400,762,40.20518700417597,1000,True,695.0378629990155
379,764,39.68357799749356,1000,True,695.0378629990155
369,765,40.56735800259048,1000,True,695.0378629990155
379,766,40.41611599677708,1000,True,695.0378629990155
381,767,40.826087999448646,1000,True,695.0378629990155
390,768,40.44061400054488,1000,True,695.0378629990155
367,769,40.53956400457537,1000,True,695.0378629990155
375,770,40.38462199969217,1000,True,695.0378629990155
373,772,39.715334998618346,1000,True,695.0378629990155
393,771,40.80810300365556,1000,True,695.0378629990155
387,773,40.18981799890753,1000,True,695.0378629990155
380,774,39.76397000224097,1000,True,695.0378629990155
378,776,39.66851099539781,1000,True,695.0378629990155
372,775,40.46483999991324,1000,True,695.0378629990155
367,777,39.48876199865481,1000,True,695.0378629990155
378,778,39.70353300246643,1000,True,695.0378629990155
371,779,39.36680000333581,1000,True,695.0378629990155
379,780,39.52942300384166,1000,True,695.0378629990155
372,781,39.7528070025146,1000,True,695.0378629990155
391,782,39.6079109996208,1000,True,695.0378629990155
373,783,39.894574001664296,1000,True,695.0378629990155
376,784,39.40259200317087,1000,True,695.0378629990155
374,785,39.72649499337422,1000,True,695.0378629990155
383,786,39.8430030036252,1000,True,695.0378629990155
375,787,39.5836959942244,1000,True,695.0378629990155
383,790,38.55020699847955,1000,True,695.0378629990155
381,788,40.23751599743264,1000,True,695.0378629990155
374,789,40.02219899848569,1000,True,695.0378629990155
379,791,49.32789399754256,1000,True,695.0378629990155
375,792,49.159356000018306,1000,True,695.0378629990155
387,793,49.440447000961285,1000,True,695.0378629990155
381,794,49.500831999466754,1000,True,695.0378629990155
377,795,49.498298998514656,1000,True,695.0378629990155
381,796,49.98958900250727,1000,True,695.0378629990155
373,797,49.6948389991303,1000,True,695.0378629990155
379,799,49.22165100288112,1000,True,695.0378629990155
381,798,50.281969997740816,1000,True,695.0378629990155
390,800,49.24106699763797,1000,True,695.0378629990155
388,801,49.59584100288339,1000,True,695.0378629990155
391,802,49.6016850011074,1000,True,695.0378629990155
368,803,49.87674499716377,1000,True,695.0378629990155
367,804,49.74784499790985,1000,True,695.0378629990155
373,805,49.646104002022184,1000,True,695.0378629990155
393,806,48.99638499773573,1000,True,695.0378629990155
379,807,48.54695999529213,1000,True,695.0378629990155
381,808,48.8463049987331,1000,True,695.0378629990155
379,809,47.943275996658485,1000,True,695.0378629990155
382,810,48.012455998105,1000,True,695.0378629990155
385,811,49.847916001453996,1000,True,695.0378629990155
383,812,50.002948999463115,1000,True,695.0378629990155
375,813,51.333205999981146,1000,True,695.0378629990155
374,814,51.328809997357894,1000,True,695.0378629990155
388,815,52.02569299581228,1000,True,695.0378629990155
384,816,52.22162399877561,1000,True,695.0378629990155
374,817,52.82263400295051,1000,True,695.0378629990155
377,818,52.787635002459865,1000,True,695.0378629990155
388,819,53.630750997399446,1000,True,695.0378629990155
378,820,53.81877000036184,1000,True,695.0378629990155
388,821,54.35688600118738,1000,True,695.0378629990155
374,822,54.2308630028856,1000,True,695.0378629990155
377,823,54.62116900162073,1000,True,695.0378629990155
388,824,54.82730500079924,1000,True,695.0378629990155
384,825,54.88156699721003,1000,True,695.0378629990155
382,826,54.74255200533662,1000,True,695.0378629990155
394,827,55.11277500045253,1000,True,695.0378629990155
378,828,55.08917699626181,1000,True,695.0378629990155
381,829,54.23253000481054,1000,True,695.0378629990155
377,830,54.37546699977247,1000,True,695.0378629990155
380,832,54.27186300221365,1000,True,695.0378629990155
380,831,55.56679900473682,1000,True,695.0378629990155
380,833,55.06238700036192,1000,True,695.0378629990155
390,834,55.36619399936171,1000,True,695.0378629990155
383,835,55.49035999865737,1000,True,695.0378629990155
394,836,55.32676399889169,1000,True,695.0378629990155
388,837,55.37062700022943,1000,True,695.0378629990155
386,838,55.590201998711564,1000,True,695.0378629990155
394,839,55.70815499959281,1000,True,695.0378629990155
368,840,55.74160800460959,1000,True,695.0378629990155
378,841,55.693127993436065,1000,True,695.0378629990155
374,842,56.072994993883185,1000,True,695.0378629990155
368,843,56.529875997512136,1000,True,695.0378629990155
369,844,56.47371200029738,1000,True,695.0378629990155
377,845,56.68088400125271,1000,True,695.0378629990155
379,846,56.80605100496905,1000,True,695.0378629990155
373,847,56.58673699508654,1000,True,695.0378629990155
391,848,57.32982000336051,1000,True,695.0378629990155
372,849,57.00408799748402,1000,True,695.0378629990155
368,850,57.07594500563573,1000,True,695.0378629990155
398,851,56.944128999020904,1000,True,695.0378629990155
374,852,57.05594799655955,1000,True,695.0378629990155
393,853,56.85574699600693,1000,True,695.0378629990155
380,854,56.84011300036218,1000,True,695.0378629990155
376,855,47.63691399421077,1000,True,695.0378629990155
378,856,47.24341099790763,1000,True,695.0378629990155
390,857,47.09622899827082,1000,True,695.0378629990155
368,859,46.847580997564364,1000,True,695.0378629990155
393,858,47.59104999538977,1000,True,695.0378629990155
383,860,46.89818299812032,1000,True,695.0378629990155
385,862,47.332713002106175,1000,True,695.0378629990155
368,861,48.03268400428351,1000,True,695.0378629990155
383,863,47.43448099907255,1000,True,695.0378629990155
374,864,47.972172003937885,1000,True,695.0378629990155
375,865,47.67717300273944,1000,True,695.0378629990155
378,866,47.05828599981032,1000,True,695.0378629990155
373,867,47.238216997357085,1000,True,695.0378629990155
375,868,47.2297360029188,1000,True,695.0378629990155
368,869,46.95854399324162,1000,True,695.0378629990155
381,870,47.125575998506974,1000,True,695.0378629990155
377,871,47.20260300382506,1000,True,695.0378629990155
371,872,46.56510799395619,1000,True,695.0378629990155
386,873,46.642293003969826,1000,True,695.0378629990155
375,874,46.7956719949143,1000,True,695.0378629990155
391,875,44.94102599710459,1000,True,695.0378629990155
394,876,44.758451003872324,1000,True,695.0378629990155
372,877,43.85993599862559,1000,True,695.0378629990155
378,878,43.42156599886948,1000,True,695.0378629990155
369,879,43.484096000611316,1000,True,695.0378629990155
396,880,42.78156800137367,1000,True,695.0378629990155
390,881,43.10533700481756,1000,True,695.0378629990155
380,882,42.62205700069899,1000,True,695.0378629990155
372,883,42.4560739993467,1000,True,695.0378629990155
391,884,42.31863700260874,1000,True,695.0378629990155
388,885,41.966990000219084,1000,True,695.0378629990155
389,886,41.955673004849814,1000,True,695.0378629990155
389,887,41.442223999183625,1000,True,695.0378629990155
369,888,41.42924299958395,1000,True,695.0378629990155
376,889,41.41875700588571,1000,True,695.0378629990155
380,890,41.39839599520201,1000,True,695.0378629990155
394,891,41.4210179951624,1000,True,695.0378629990155
386,892,41.350079998665024,1000,True,695.0378629990155
380,894,40.4782659970806,1000,True,695.0378629990155
381,893,42.68910300015705,1000,True,695.0378629990155
384,895,41.505649001919664,1000,True,695.0378629990155
387,896,41.29761299554957,1000,True,695.0378629990155
385,897,42.184070000075735,1000,True,695.0378629990155
377,898,41.74312699615257,1000,True,695.0378629990155
377,899,42.361223000625614,1000,True,695.0378629990155
396,900,42.65108400431927,1000,True,695.0378629990155
389,901,42.947640002239496,1000,True,695.0378629990155
373,902,42.755474998557474,1000,True,695.0378629990155
373,903,42.71798900299473,1000,True,695.0378629990155
375,904,42.4497580024763,1000,True,695.0378629990155
381,905,43.1337770060054,1000,True,695.0378629990155
396,906,42.69355300493771,1000,True,695.0378629990155
395,907,42.33791300066514,1000,True,695.0378629990155
387,908,42.61378899536794,1000,True,695.0378629990155
386,909,42.08556900266558,1000,True,695.0378629990155
375,911,41.60440099803964,1000,True,695.0378629990155
370,910,42.81392599659739,1000,True,695.0378629990155
384,912,41.79937700246228,1000,True,695.0378629990155
391,913,41.84484599682037,1000,True,695.0378629990155
378,914,41.49602799589047,1000,True,695.0378629990155
385,915,41.529404996254016,1000,True,695.0378629990155
374,916,41.4748659968609,1000,True,695.0378629990155
390,917,41.360497001733165,1000,True,695.0378629990155
387,918,42.09728300338611,1000,True,695.0378629990155
395,919,41.837826000119094,1000,True,695.0378629990155
380,920,42.05851000006078,1000,True,695.0378629990155
374,921,42.34119199827546,1000,True,695.0378629990155
380,922,41.844352999760304,1000,True,695.0378629990155
390,923,42.26922999805538,1000,True,695.0378629990155
387,924,43.18412199791055,1000,True,695.0378629990155
384,926,42.609693002304994,1000,True,695.0378629990155
390,925,43.600351993518416,1000,True,695.0378629990155
381,927,43.67084000114119,1000,True,695.0378629990155
395,928,43.39396500290604,1000,True,695.0378629990155
380,929,44.05772699828958,1000,True,695.0378629990155
379,930,44.163523001770955,1000,True,695.0378629990155
373,931,44.18606100080069,1000,True,695.0378629990155
370,932,44.11102700396441,1000,True,695.0378629990155
379,933,44.172665002406575,1000,True,695.0378629990155
385,934,43.995840998832136,1000,True,695.0378629990155
385,935,43.92946099687833,1000,True,695.0378629990155
391,937,43.11072400014382,1000,True,695.0378629990155
380,936,44.20944600133225,1000,True,695.0378629990155
380,938,42.759937001392245,1000,True,695.0378629990155
389,939,43.05559199565323,1000,True,695.0378629990155
382,940,42.97136999957729,1000,True,695.0378629990155
390,941,42.46560300089186,1000,True,695.0378629990155
384,942,42.77073100092821,1000,True,695.0378629990155
387,943,41.68492299504578,1000,True,695.0378629990155
377,944,41.69182699843077,1000,True,695.0378629990155
379,946,40.42619800020475,1000,True,695.0378629990155
381,945,41.11596099392045,1000,True,695.0378629990155
374,947,40.161721997719724,1000,True,695.0378629990155
387,948,39.57119499682449,1000,True,695.0378629990155
383,949,39.487062000262085,1000,True,695.0378629990155
383,950,39.07306699693436,1000,True,695.0378629990155
378,951,38.75821499968879,1000,True,695.0378629990155
369,952,38.56601400184445,1000,True,695.0378629990155
379,953,38.32860400143545,1000,True,695.0378629990155
368,954,38.269046002824325,1000,True,695.0378629990155
383,955,37.57037399918772,1000,True,695.0378629990155
400,956,37.52177700516768,1000,True,695.0378629990155
390,957,37.45951499877265,1000,True,695.0378629990155
373,958,36.464373995841015,1000,True,695.0378629990155
367,959,35.92708100040909,1000,True,695.0378629990155
370,960,35.59373899770435,1000,True,695.0378629990155
380,961,34.24284200445982,1000,True,695.0378629990155
370,962,34.15644000051543,1000,True,695.0378629990155
378,963,33.42670200072462,1000,True,695.0378629990155
383,964,32.789140997920185,1000,True,695.0378629990155
386,965,32.44832700147526,1000,True,695.0378629990155
391,966,32.28867900179466,1000,True,695.0378629990155
390,967,31.904504001431633,1000,True,695.0378629990155
378,968,31.81680999841774,1000,True,695.0378629990155
382,969,31.470913003431633,1000,True,695.0378629990155
392,970,31.530577994999476,1000,True,695.0378629990155
395,971,31.401044005178846,1000,True,695.0378629990155
387,972,30.779547996644396,1000,True,695.0378629990155
377,973,30.82764000282623,1000,True,695.0378629990155
377,974,30.838550002954435,1000,True,695.0378629990155
368,975,30.19878800114384,1000,True,695.0378629990155
380,976,29.966848000185564,1000,True,695.0378629990155
373,977,29.781962002743967,1000,True,695.0378629990155
369,978,29.569813996204175,1000,True,695.0378629990155
385,979,29.487113999493886,1000,True,695.0378629990155
378,980,29.222397002740763,1000,True,695.0378629990155
382,981,29.074024001602083,1000,True,695.0378629990155
371,982,28.190657998493407,1000,True,695.0378629990155
395,983,27.91654000611743,1000,True,695.0378629990155
373,984,27.777035000326578,1000,True,695.0378629990155
374,986,27.178698001080193,1000,True,695.0378629990155
373,985,27.845963995787315,1000,True,695.0378629990155
381,987,26.730348996352404,1000,True,695.0378629990155
389,988,25.689276000775862,1000,True,695.0378629990155
391,989,25.188657993567176,1000,True,695.0378629990155
373,990,25.177153998811264,1000,True,695.0378629990155
384,991,24.347909005882684,1000,True,695.0378629990155
400,992,24.051118998613674,1000,True,695.0378629990155
383,993,23.23318199341884,1000,True,695.0378629990155
392,994,23.303342997678556,1000,True,695.0378629990155
368,995,22.730500997568015,1000,True,695.0378629990155
383,996,22.56175400543725,1000,True,695.0378629990155
382,997,22.729908996552695,1000,True,695.0378629990155
384,998,22.36549100052798,1000,True,695.0378629990155
382,999,22.492664997116663,1000,True,695.0378629990155
380,0,43.55149199545849,2000,True,1641.8680139977369
361,1,43.71424399869284,2000,True,1641.8680139977369
376,2,44.62679800053593,2000,True,1641.8680139977369
375,3,44.98095300368732,2000,True,1641.8680139977369
380,4,45.99955899902852,2000,True,1641.8680139977369
384,5,46.27090099529596,2000,True,1641.8680139977369
386,6,47.108694998314604,2000,True,1641.8680139977369
368,7,47.64322499977425,2000,True,1641.8680139977369
371,11,48.042604998045135,2000,True,1641.8680139977369
367,8,48.67498100065859,2000,True,1641.8680139977369
366,12,49.067440995713696,2000,True,1641.8680139977369
368,9,49.75664400262758,2000,True,1641.8680139977369
388,10,50.328981000347994,2000,True,1641.8680139977369
382,14,50.698767001449596,2000,True,1641.8680139977369
369,15,51.1885509986314,2000,True,1641.8680139977369
376,13,51.81038600130705,2000,True,1641.8680139977369
393,16,52.24364299647277,2000,True,1641.8680139977369
381,17,52.760284997930285,2000,True,1641.8680139977369
389,18,53.4955999974045,2000,True,1641.8680139977369
370,19,54.277510003885254,2000,True,1641.8680139977369
369,21,54.825582999910694,2000,True,1641.8680139977369
389,20,55.52593099855585,2000,True,1641.8680139977369
389,22,55.94937400019262,2000,True,1641.8680139977369
388,23,56.48891800228739,2000,True,1641.8680139977369
375,24,56.987947995366994,2000,True,1641.8680139977369
381,26,57.605978996434715,2000,True,1641.8680139977369
380,25,58.23254999995697,2000,True,1641.8680139977369
374,27,58.719577005831525,2000,True,1641.8680139977369
396,29,59.23673100187443,2000,True,1641.8680139977369
374,30,59.8115280008642,2000,True,1641.8680139977369
387,28,60.435306004364975,2000,True,1641.8680139977369
382,31,60.8704529950046,2000,True,1641.8680139977369
377,32,62.376162997679785,2000,True,1641.8680139977369
387,33,62.98351800069213,2000,True,1641.8680139977369
366,34,63.94143200304825,2000,True,1641.8680139977369
387,35,64.49400100245839,2000,True,1641.8680139977369
391,37,65.50549800158478,2000,True,1641.8680139977369
372,36,66.13095099601196,2000,True,1641.8680139977369
381,38,66.6367049998371,2000,True,1641.8680139977369
371,39,67.18609500239836,2000,True,1641.8680139977369
397,40,68.00626999756787,2000,True,1641.8680139977369
390,41,68.62921699939761,2000,True,1641.8680139977369
376,44,69.4471250026254,2000,True,1641.8680139977369
375,45,69.75011199392611,2000,True,1641.8680139977369
374,43,70.89331200404558,2000,True,1641.8680139977369
376,42,71.24763799947686,2000,True,1641.8680139977369
397,46,72.12701899698004,2000,True,1641.8680139977369
382,50,73.14878000033787,2000,True,1641.8680139977369
381,49,74.27332799852593,2000,True,1641.8680139977369
383,52,74.45176800683839,2000,True,1641.8680139977369
365,47,75.69792999856872,2000,True,1641.8680139977369
387,51,75.8381939958781,2000,True,1641.8680139977369
389,48,76.91793200501706,2000,True,1641.8680139977369
383,53,77.32607599609764,2000,True,1641.8680139977369
367,58,77.67624700500164,2000,True,1641.8680139977369
380,60,78.08716399449622,2000,True,1641.8680139977369
375,61,78.56676600204082,2000,True,1641.8680139977369
372,62,79.17289699980756,2000,True,1641.8680139977369
396,55,80.00208099838346,2000,True,1641.8680139977369
393,56,80.7225189928431,2000,True,1641.8680139977369
393,54,81.42372000293108,2000,True,1641.8680139977369
376,59,82.44494200334884,2000,True,1641.8680139977369
381,63,83.33346199651714,2000,True,1641.8680139977369
366,57,84.44128699920839,2000,True,1641.8680139977369
383,64,44.23707599926274,2000,True,1641.8680139977369
383,65,44.55543799849693,2000,True,1641.8680139977369
384,66,44.883643997309264,2000,True,1641.8680139977369
376,67,45.45030900044367,2000,True,1641.8680139977369
375,68,45.60992900223937,2000,True,1641.8680139977369
386,69,45.7506620005006,2000,True,1641.8680139977369
365,70,45.18339299829677,2000,True,1641.8680139977369
364,71,45.896825002273545,2000,True,1641.8680139977369
380,72,46.136297001794446,2000,True,1641.8680139977369
388,73,46.14124799991259,2000,True,1641.8680139977369
372,74,45.91387200343888,2000,True,1641.8680139977369
375,75,47.06206500122789,2000,True,1641.8680139977369
378,76,47.02451000048313,2000,True,1641.8680139977369
387,77,47.88896800164366,2000,True,1641.8680139977369
375,78,48.029664998466615,2000,True,1641.8680139977369
383,79,48.68570499820635,2000,True,1641.8680139977369
370,80,48.739811005361844,2000,True,1641.8680139977369
379,81,49.43868100235704,2000,True,1641.8680139977369
370,82,48.9658229998895,2000,True,1641.8680139977369
383,83,48.98096500255633,2000,True,1641.8680139977369
379,84,49.36666899448028,2000,True,1641.8680139977369
378,85,49.54408800404053,2000,True,1641.8680139977369
380,86,49.849199000163935,2000,True,1641.8680139977369
372,87,50.38748800143367,2000,True,1641.8680139977369
372,88,50.72010100411717,2000,True,1641.8680139977369
377,89,51.30983599519823,2000,True,1641.8680139977369
375,90,51.60351099766558,2000,True,1641.8680139977369
371,91,52.187533998221625,2000,True,1641.8680139977369
383,92,52.34687800111715,2000,True,1641.8680139977369
371,93,52.91910099913366,2000,True,1641.8680139977369
392,94,53.66680099541554,2000,True,1641.8680139977369
369,95,53.96405699866591,2000,True,1641.8680139977369
375,96,53.929652996885125,2000,True,1641.8680139977369
387,97,53.733180997369345,2000,True,1641.8680139977369
378,98,54.03890400339151,2000,True,1641.8680139977369
365,99,54.133152996655554,2000,True,1641.8680139977369
391,100,54.22684399673017,2000,True,1641.8680139977369
381,101,55.07245800254168,2000,True,1641.8680139977369
386,102,55.09311400237493,2000,True,1641.8680139977369
368,103,55.22173699864652,2000,True,1641.8680139977369
385,104,55.8111300051678,2000,True,1641.8680139977369
374,105,56.33958899852587,2000,True,1641.8680139977369
395,106,57.083361003606115,2000,True,1641.8680139977369
379,107,59.04224300320493,2000,True,1641.8680139977369
389,108,58.360893999633845,2000,True,1641.8680139977369
374,109,58.522159000858665,2000,True,1641.8680139977369
383,110,58.747688999574166,2000,True,1641.8680139977369
391,111,58.300325996242464,2000,True,1641.8680139977369
373,112,57.9649020000943,2000,True,1641.8680139977369
383,113,58.513700001640245,2000,True,1641.8680139977369
381,114,58.229469002981205,2000,True,1641.8680139977369
395,115,58.69688199891243,2000,True,1641.8680139977369
378,116,58.715354003652465,2000,True,1641.8680139977369
374,117,59.265497999149375,2000,True,1641.8680139977369
368,118,60.07781800144585,2000,True,1641.8680139977369
394,119,59.944717002508696,2000,True,1641.8680139977369
379,120,60.82391100062523,2000,True,1641.8680139977369
367,121,62.60433900024509,2000,True,1641.8680139977369
384,122,63.05007799528539,2000,True,1641.8680139977369
384,123,63.78176300495397,2000,True,1641.8680139977369
390,124,63.38375899940729,2000,True,1641.8680139977369
368,125,62.711165999644436,2000,True,1641.8680139977369
378,126,61.98985299852211,2000,True,1641.8680139977369
386,127,62.81415300327353,2000,True,1641.8680139977369
383,128,62.27056199713843,2000,True,1641.8680139977369
374,129,62.07896200066898,2000,True,1641.8680139977369
369,130,62.239175000286195,2000,True,1641.8680139977369
377,131,61.61671400332125,2000,True,1641.8680139977369
378,132,61.30731000303058,2000,True,1641.8680139977369
395,134,61.054770994815044,2000,True,1641.8680139977369
387,133,62.25331000314327,2000,True,1641.8680139977369
378,135,61.11108200275339,2000,True,1641.8680139977369
400,136,60.982529998000246,2000,True,1641.8680139977369
383,138,61.003017995972186,2000,True,1641.8680139977369
376,137,61.9114700020873,2000,True,1641.8680139977369
367,139,60.472559998743236,2000,True,1641.8680139977369
369,140,60.56929100304842,2000,True,1641.8680139977369
376,141,60.023295001883525,2000,True,1641.8680139977369
395,142,60.03721399611095,2000,True,1641.8680139977369
374,143,60.15808699885383,2000,True,1641.8680139977369
374,144,60.3416859958088,2000,True,1641.8680139977369
382,145,59.84735499805538,2000,True,1641.8680139977369
391,146,60.56768599955831,2000,True,1641.8680139977369
383,147,60.216029996809084,2000,True,1641.8680139977369
370,148,59.58790799923008,2000,True,1641.8680139977369
372,149,60.02885499765398,2000,True,1641.8680139977369
380,150,60.04522999865003,2000,True,1641.8680139977369
386,151,59.18095800006995,2000,True,1641.8680139977369
368,152,59.750198997789994,2000,True,1641.8680139977369
378,153,58.907184000418056,2000,True,1641.8680139977369
388,154,58.9544449976529,2000,True,1641.8680139977369
382,155,58.23919900285546,2000,True,1641.8680139977369
386,156,58.10327400104143,2000,True,1641.8680139977369
374,157,58.18960299802711,2000,True,1641.8680139977369
384,158,57.731842003704514,2000,True,1641.8680139977369
389,159,57.695254996360745,2000,True,1641.8680139977369
380,160,57.23637300252449,2000,True,1641.8680139977369
375,161,57.51858699659351,2000,True,1641.8680139977369
400,162,56.94194300303934,2000,True,1641.8680139977369
385,163,57.753979999688454,2000,True,1641.8680139977369
369,164,57.086615001026075,2000,True,1641.8680139977369
379,165,56.96374199760612,2000,True,1641.8680139977369
384,166,57.17884100158699,2000,True,1641.8680139977369
390,167,56.93191199679859,2000,True,1641.8680139977369
381,168,56.690678000450134,2000,True,1641.8680139977369
382,169,55.97268499695929,2000,True,1641.8680139977369
375,170,54.54776599799516,2000,True,1641.8680139977369
378,171,53.49791099433787,2000,True,1641.8680139977369
396,172,54.00312799611129,2000,True,1641.8680139977369
394,173,54.345213000488,2000,True,1641.8680139977369
374,174,54.79911799920956,2000,True,1641.8680139977369
380,175,54.3941089999862,2000,True,1641.8680139977369
382,176,54.11640799866291,2000,True,1641.8680139977369
374,177,53.69033199531259,2000,True,1641.8680139977369
378,178,53.994067005987745,2000,True,1641.8680139977369
370,179,54.26144199736882,2000,True,1641.8680139977369
400,180,54.123672998684924,2000,True,1641.8680139977369
376,181,54.94372800603742,2000,True,1641.8680139977369
378,183,54.471249000926036,2000,True,1641.8680139977369
380,182,55.49193399929209,2000,True,1641.8680139977369
390,185,52.69254599988926,2000,True,1641.8680139977369
400,184,55.246454998268746,2000,True,1641.8680139977369
377,186,53.42058200039901,2000,True,1641.8680139977369
388,187,53.599347003910225,2000,True,1641.8680139977369
396,188,54.11553099838784,2000,True,1641.8680139977369
385,189,54.27316499844892,2000,True,1641.8680139977369
400,190,54.87919099687133,2000,True,1641.8680139977369
390,191,57.464673001959454,2000,True,1641.8680139977369
378,193,58.48167099611601,2000,True,1641.8680139977369
374,192,61.1905889963964,2000,True,1641.8680139977369
395,194,61.137503005738836,2000,True,1641.8680139977369
390,195,62.7436700015096,2000,True,1641.8680139977369
381,196,63.602339003409725,2000,True,1641.8680139977369
382,197,64.67543199687498,2000,True,1641.8680139977369
371,198,70.34799399843905,2000,True,1641.8680139977369
385,199,71.98347899975488,2000,True,1641.8680139977369
368,200,73.30390399874886,2000,True,1641.8680139977369
384,201,74.52606400329387,2000,True,1641.8680139977369
382,202,75.34833600220736,2000,True,1641.8680139977369
372,203,75.83527200040407,2000,True,1641.8680139977369
369,204,76.62974399863742,2000,True,1641.8680139977369
391,205,76.68782700056909,2000,True,1641.8680139977369
382,206,77.76397999987239,2000,True,1641.8680139977369
380,207,80.0887240038719,2000,True,1641.8680139977369
378,208,81.62724200519733,2000,True,1641.8680139977369
373,209,82.60389000497526,2000,True,1641.8680139977369
388,210,82.44684999954188,2000,True,1641.8680139977369
381,211,83.55087800009642,2000,True,1641.8680139977369
381,212,84.6576109979651,2000,True,1641.8680139977369
391,213,84.21650299715111,2000,True,1641.8680139977369
382,215,85.31722699990496,2000,True,1641.8680139977369
378,214,87.16235499741742,2000,True,1641.8680139977369
376,216,87.1709130005911,2000,True,1641.8680139977369
386,217,88.73083999787923,2000,True,1641.8680139977369
369,218,88.90444600547198,2000,True,1641.8680139977369
390,219,90.12615199753782,2000,True,1641.8680139977369
383,220,91.16613800142659,2000,True,1641.8680139977369
394,221,91.63841400004458,2000,True,1641.8680139977369
388,222,92.14127100131009,2000,True,1641.8680139977369
378,223,93.00971899938304,2000,True,1641.8680139977369
383,224,93.05962399957934,2000,True,1641.8680139977369
375,225,94.24422399752075,2000,True,1641.8680139977369
375,226,94.7987670006114,2000,True,1641.8680139977369
390,227,95.12145900225732,2000,True,1641.8680139977369
379,228,95.43299699726049,2000,True,1641.8680139977369
389,229,95.61901100096293,2000,True,1641.8680139977369
380,230,96.33446999941953,2000,True,1641.8680139977369
388,231,97.66518999822438,2000,True,1641.8680139977369
369,233,96.91624300467083,2000,True,1641.8680139977369
385,234,97.64972099947045,2000,True,1641.8680139977369
375,232,100.41398300381843,2000,True,1641.8680139977369
389,235,101.43304999655811,2000,True,1641.8680139977369
390,236,102.25057000207016,2000,True,1641.8680139977369
382,237,102.30941900226753,2000,True,1641.8680139977369
376,238,102.27529199619312,2000,True,1641.8680139977369
382,239,103.35672200017143,2000,True,1641.8680139977369
367,241,104.24094899644842,2000,True,1641.8680139977369
387,240,106.05857799964724,2000,True,1641.8680139977369
386,242,105.87672900146572,2000,True,1641.8680139977369
389,243,106.56274600478355,2000,True,1641.8680139977369
394,244,108.05293099838309,2000,True,1641.8680139977369
378,245,106.67066699534189,2000,True,1641.8680139977369
377,247,106.34857699915301,2000,True,1641.8680139977369
378,246,108.6096049984917,2000,True,1641.8680139977369
387,248,107.37688600056572,2000,True,1641.8680139977369
367,249,107.36387900396949,2000,True,1641.8680139977369
376,250,107.30787600186886,2000,True,1641.8680139977369
379,251,106.93273699871497,2000,True,1641.8680139977369
380,252,106.77318499801913,2000,True,1641.8680139977369
381,253,106.76832900207955,2000,True,1641.8680139977369
383,254,106.81333600223297,2000,True,1641.8680139977369
385,256,101.19848199974513,2000,True,1641.8680139977369
399,255,103.23605900339317,2000,True,1641.8680139977369
384,257,100.39221499755513,2000,True,1641.8680139977369
381,258,98.90016599820228,2000,True,1641.8680139977369
375,259,98.09918399696471,2000,True,1641.8680139977369
388,260,96.96438100218074,2000,True,1641.8680139977369
370,261,96.73089400166646,2000,True,1641.8680139977369
380,262,90.38609900017036,2000,True,1641.8680139977369
377,263,89.3827429972589,2000,True,1641.8680139977369
386,264,88.17712999734795,2000,True,1641.8680139977369
387,265,86.80368900240865,2000,True,1641.8680139977369
388,266,86.06613599840784,2000,True,1641.8680139977369
368,267,86.1778399994364,2000,True,1641.8680139977369
378,268,84.93059100146638,2000,True,1641.8680139977369
387,269,84.4498360020225,2000,True,1641.8680139977369
372,270,83.95272199413739,2000,True,1641.8680139977369
378,271,80.6483330015908,2000,True,1641.8680139977369
381,272,78.789669998514,2000,True,1641.8680139977369
381,273,77.83504099643324,2000,True,1641.8680139977369
389,274,77.18590000149561,2000,True,1641.8680139977369
386,275,76.58247300423682,2000,True,1641.8680139977369
381,276,75.62132499879226,2000,True,1641.8680139977369
388,277,74.7897369947168,2000,True,1641.8680139977369
378,278,73.16493500547949,2000,True,1641.8680139977369
373,279,72.47816000017338,2000,True,1641.8680139977369
380,280,71.50032499339432,2000,True,1641.8680139977369
386,281,70.33519099786645,2000,True,1641.8680139977369
387,282,69.90985499578528,2000,True,1641.8680139977369
367,283,69.19620300323004,2000,True,1641.8680139977369
381,284,68.78836399846477,2000,True,1641.8680139977369
378,285,67.21115199616179,2000,True,1641.8680139977369
390,286,67.11083400296047,2000,True,1641.8680139977369
381,287,66.53756999730831,2000,True,1641.8680139977369
368,288,65.89372699818341,2000,True,1641.8680139977369
373,289,65.34561500302516,2000,True,1641.8680139977369
389,290,64.88858400552999,2000,True,1641.8680139977369
369,291,63.37567799346289,2000,True,1641.8680139977369
368,292,63.03455099987332,2000,True,1641.8680139977369
368,293,62.319194003066514,2000,True,1641.8680139977369
389,294,62.47217100462876,2000,True,1641.8680139977369
378,295,61.03454800177133,2000,True,1641.8680139977369
368,296,60.31932699988829,2000,True,1641.8680139977369
390,297,60.08302899863338,2000,True,1641.8680139977369
378,298,58.64829100028146,2000,True,1641.8680139977369
389,299,56.34658000053605,2000,True,1641.8680139977369
385,300,55.452769993280526,2000,True,1641.8680139977369
373,301,54.75386100442847,2000,True,1641.8680139977369
385,302,55.74084500403842,2000,True,1641.8680139977369
384,303,55.33623800147325,2000,True,1641.8680139977369
386,304,55.33499699959066,2000,True,1641.8680139977369
388,305,54.118879001180176,2000,True,1641.8680139977369
388,306,53.801745001692325,2000,True,1641.8680139977369
384,307,52.83002500073053,2000,True,1641.8680139977369
385,308,52.014693996170536,2000,True,1641.8680139977369
383,309,52.07786800019676,2000,True,1641.8680139977369
379,310,51.799218999804,2000,True,1641.8680139977369
372,311,51.11411600228166,2000,True,1641.8680139977369
399,312,51.44234299950767,2000,True,1641.8680139977369
375,313,51.13268100103596,2000,True,1641.8680139977369
376,314,51.06425499980105,2000,True,1641.8680139977369
373,315,50.47044300590642,2000,True,1641.8680139977369
377,316,51.21117800445063,2000,True,1641.8680139977369
380,317,51.31245400116313,2000,True,1641.8680139977369
372,318,50.912872997287195,2000,True,1641.8680139977369
381,319,51.9583409986808,2000,True,1641.8680139977369
374,320,52.324712996778544,2000,True,1641.8680139977369
384,321,52.14572200202383,2000,True,1641.8680139977369
394,322,52.498011995339766,2000,True,1641.8680139977369
391,324,51.802592002786696,2000,True,1641.8680139977369
378,323,53.71766199823469,2000,True,1641.8680139977369
380,325,52.88750900217565,2000,True,1641.8680139977369
368,326,52.68654799874639,2000,True,1641.8680139977369
386,327,52.596316003473476,2000,True,1641.8680139977369
395,328,52.26674999721581,2000,True,1641.8680139977369
380,329,53.077415002917405,2000,True,1641.8680139977369
376,330,53.005387002485804,2000,True,1641.8680139977369
378,331,52.39443000027677,2000,True,1641.8680139977369
383,332,52.766754997719545,2000,True,1641.8680139977369
382,333,52.81832599575864,2000,True,1641.8680139977369
370,334,52.408664996619336,2000,True,1641.8680139977369
374,336,52.513515001919586,2000,True,1641.8680139977369
379,335,53.6595719968318,2000,True,1641.8680139977369
376,337,52.8500639993581,2000,True,1641.8680139977369
391,338,53.44661099661607,2000,True,1641.8680139977369
386,339,53.603376996761654,2000,True,1641.8680139977369
390,340,53.917655000987,2000,True,1641.8680139977369
398,341,54.068866003945004,2000,True,1641.8680139977369
367,342,54.5172670026659,2000,True,1641.8680139977369
371,343,53.80792699725134,2000,True,1641.8680139977369
374,344,54.28832000325201,2000,True,1641.8680139977369
387,345,54.64908199792262,2000,True,1641.8680139977369
394,346,54.237639997154474,2000,True,1641.8680139977369
377,347,53.718630006187595,2000,True,1641.8680139977369
367,349,53.47979399812175,2000,True,1641.8680139977369
378,348,54.67262500314973,2000,True,1641.8680139977369
386,350,53.14962500415277,2000,True,1641.8680139977369
390,351,53.623979998519644,2000,True,1641.8680139977369
385,352,53.36752699804492,2000,True,1641.8680139977369
371,353,52.98544700053753,2000,True,1641.8680139977369
368,354,53.27607999788597,2000,True,1641.8680139977369
368,355,53.33905499719549,2000,True,1641.8680139977369
368,357,52.26740500074811,2000,True,1641.8680139977369
380,356,54.41112799599068,2000,True,1641.8680139977369
374,358,52.52420899341814,2000,True,1641.8680139977369
377,359,52.97329399763839,2000,True,1641.8680139977369
370,360,52.86058799538296,2000,True,1641.8680139977369
388,361,53.22772199724568,2000,True,1641.8680139977369
375,362,52.92972700408427,2000,True,1641.8680139977369
372,363,53.1853520005825,2000,True,1641.8680139977369
385,364,53.06669999845326,2000,True,1641.8680139977369
374,365,53.076919000886846,2000,True,1641.8680139977369
368,366,52.10649999935413,2000,True,1641.8680139977369
382,367,51.88478300260613,2000,True,1641.8680139977369
391,368,50.84649699711008,2000,True,1641.8680139977369
380,369,50.977084996702615,2000,True,1641.8680139977369
374,370,51.52336200262653,2000,True,1641.8680139977369
374,371,51.54057300387649,2000,True,1641.8680139977369
400,372,51.86233099811943,2000,True,1641.8680139977369
380,373,51.886082997953054,2000,True,1641.8680139977369
380,374,51.77762999664992,2000,True,1641.8680139977369
367,375,51.17106700345175,2000,True,1641.8680139977369
395,376,50.62313699454535,2000,True,1641.8680139977369
373,377,50.511749999714084,2000,True,1641.8680139977369
383,378,50.25807200581767,2000,True,1641.8680139977369
376,379,50.385009999445174,2000,True,1641.8680139977369
375,380,49.674184003379196,2000,True,1641.8680139977369
382,381,49.58611199981533,2000,True,1641.8680139977369
371,382,50.02647199580679,2000,True,1641.8680139977369
384,383,49.250753996602725,2000,True,1641.8680139977369
391,384,48.39377600001171,2000,True,1641.8680139977369
372,385,48.53404599998612,2000,True,1641.8680139977369
391,386,48.272656997141894,2000,True,1641.8680139977369
377,387,47.71104900282808,2000,True,1641.8680139977369
390,388,47.42840799735859,2000,True,1641.8680139977369
391,389,47.110364997934084,2000,True,1641.8680139977369
379,390,47.178286004054826,2000,True,1641.8680139977369
384,391,47.138410998741165,2000,True,1641.8680139977369
376,392,47.24133200215874,2000,True,1641.8680139977369
399,393,47.57182000321336,2000,True,1641.8680139977369
395,394,47.760187000676524,2000,True,1641.8680139977369
385,395,47.615854993637186,2000,True,1641.8680139977369
377,396,48.19561899785185,2000,True,1641.8680139977369
379,397,47.87223600578727,2000,True,1641.8680139977369
375,398,47.873113995592576,2000,True,1641.8680139977369
368,399,47.804192996409256,2000,True,1641.8680139977369
396,400,47.59443700459087,2000,True,1641.8680139977369
374,401,47.80248700262746,2000,True,1641.8680139977369
369,402,46.9407830023556,2000,True,1641.8680139977369
378,403,46.635248996608425,2000,True,1641.8680139977369
383,404,46.837587004119996,2000,True,1641.8680139977369
381,405,46.80004900001222,2000,True,1641.8680139977369
392,406,46.63998899923172,2000,True,1641.8680139977369
378,407,47.12597799516516,2000,True,1641.8680139977369
383,408,47.527065995382145,2000,True,1641.8680139977369
377,409,47.059485004865564,2000,True,1641.8680139977369
379,410,47.49370199715486,2000,True,1641.8680139977369
391,411,46.767109000938945,2000,True,1641.8680139977369
378,412,47.119775001192465,2000,True,1641.8680139977369
381,413,46.96162199979881,2000,True,1641.8680139977369
385,414,47.095904003072064,2000,True,1641.8680139977369
372,415,46.42144999525044,2000,True,1641.8680139977369
390,416,46.69477900461061,2000,True,1641.8680139977369
381,417,47.35091900511179,2000,True,1641.8680139977369
381,418,47.95624300459167,2000,True,1641.8680139977369
373,419,48.46084000018891,2000,True,1641.8680139977369
390,420,50.36159200244583,2000,True,1641.8680139977369
381,421,50.784464001480956,2000,True,1641.8680139977369
385,422,52.05566900258418,2000,True,1641.8680139977369
385,423,52.17095599800814,2000,True,1641.8680139977369
373,424,52.76558300101897,2000,True,1641.8680139977369
379,425,52.7400229984778,2000,True,1641.8680139977369
370,426,53.09839599794941,2000,True,1641.8680139977369
381,427,53.697142997407354,2000,True,1641.8680139977369
385,428,54.00023399852216,2000,True,1641.8680139977369
382,429,54.57453500275733,2000,True,1641.8680139977369
379,430,55.50466899876483,2000,True,1641.8680139977369
379,431,55.68060800578678,2000,True,1641.8680139977369
384,432,56.82646700006444,2000,True,1641.8680139977369
385,433,57.34346700046444,2000,True,1641.8680139977369
386,434,56.62437699356815,2000,True,1641.8680139977369
370,435,56.97007699927781,2000,True,1641.8680139977369
385,436,56.899664996308275,2000,True,1641.8680139977369
390,437,56.87309100176208,2000,True,1641.8680139977369
392,438,57.07591499958653,2000,True,1641.8680139977369
369,439,57.69757099915296,2000,True,1641.8680139977369
380,441,57.857093001075555,2000,True,1641.8680139977369
374,440,59.372242001700215,2000,True,1641.8680139977369
381,443,59.3667680004728,2000,True,1641.8680139977369
373,442,61.33092799427686,2000,True,1641.8680139977369
396,444,61.12155300070299,2000,True,1641.8680139977369
374,445,61.51030600449303,2000,True,1641.8680139977369
383,446,61.668314003327396,2000,True,1641.8680139977369
385,447,61.91497099644039,2000,True,1641.8680139977369
368,448,62.641751996125095,2000,True,1641.8680139977369
382,449,62.55680300091626,2000,True,1641.8680139977369
381,451,62.86130999797024,2000,True,1641.8680139977369
376,450,64.11579500127118,2000,True,1641.8680139977369
379,452,63.76389400247717,2000,True,1641.8680139977369
383,453,63.754529001016635,2000,True,1641.8680139977369
375,454,64.43101100012427,2000,True,1641.8680139977369
384,456,64.85751999571221,2000,True,1641.8680139977369
383,455,66.78525600000285,2000,True,1641.8680139977369
384,457,65.94876299641328,2000,True,1641.8680139977369
374,458,66.57721199735533,2000,True,1641.8680139977369
375,459,66.84534999658354,2000,True,1641.8680139977369
392,460,67.15207800152712,2000,True,1641.8680139977369
368,461,68.20719499955885,2000,True,1641.8680139977369
384,462,68.97513400326716,2000,True,1641.8680139977369
381,463,69.06853999680607,2000,True,1641.8680139977369
371,464,69.13305199850583,2000,True,1641.8680139977369
390,466,69.87434999609832,2000,True,1641.8680139977369
368,467,70.46036099927733,2000,True,1641.8680139977369
390,465,72.11095300590387,2000,True,1641.8680139977369
390,468,72.61664899851894,2000,True,1641.8680139977369
375,470,72.86114499584073,2000,True,1641.8680139977369
391,469,74.59180300065782,2000,True,1641.8680139977369
386,471,73.91909300349653,2000,True,1641.8680139977369
394,472,74.184550998325,2000,True,1641.8680139977369
389,473,75.72786499804351,2000,True,1641.8680139977369
386,474,75.92591399588855,2000,True,1641.8680139977369
395,475,77.27954099391354,2000,True,1641.8680139977369
371,476,78.43630899878917,2000,True,1641.8680139977369
368,477,79.34618500439683,2000,True,1641.8680139977369
382,478,80.51171199622331,2000,True,1641.8680139977369
372,479,80.57145299972035,2000,True,1641.8680139977369
382,480,81.48779199837008,2000,True,1641.8680139977369
390,481,80.89665500301635,2000,True,1641.8680139977369
385,482,80.41145400056848,2000,True,1641.8680139977369
379,483,80.4497920034919,2000,True,1641.8680139977369
384,484,78.23680000001332,2000,True,1641.8680139977369
372,485,78.8362449966371,2000,True,1641.8680139977369
383,486,78.37058199947933,2000,True,1641.8680139977369
389,487,78.59998400090262,2000,True,1641.8680139977369
385,488,79.47291100572329,2000,True,1641.8680139977369
390,489,80.13564899738412,2000,True,1641.8680139977369
378,490,79.96909999928903,2000,True,1641.8680139977369
385,491,79.4756219984265,2000,True,1641.8680139977369
373,492,79.5447350028553,2000,True,1641.8680139977369
378,493,78.29556700016838,2000,True,1641.8680139977369
379,494,77.90182000462664,2000,True,1641.8680139977369
382,495,77.8527939983178,2000,True,1641.8680139977369
370,496,77.00469399424037,2000,True,1641.8680139977369
380,497,76.91605200670892,2000,True,1641.8680139977369
386,498,76.51213099597953,2000,True,1641.8680139977369
378,499,77.71056000638055,2000,True,1641.8680139977369
378,500,77.9890260018874,2000,True,1641.8680139977369
385,501,78.25239299563691,2000,True,1641.8680139977369
386,502,79.03961899864953,2000,True,1641.8680139977369
372,503,80.18956999876536,2000,True,1641.8680139977369
391,504,80.77720199798932,2000,True,1641.8680139977369
399,505,81.02072199835675,2000,True,1641.8680139977369
383,506,80.8350929946755,2000,True,1641.8680139977369
379,507,80.51748500292888,2000,True,1641.8680139977369
385,508,80.81587700144155,2000,True,1641.8680139977369
367,509,81.39893299812684,2000,True,1641.8680139977369
382,510,82.08940500480821,2000,True,1641.8680139977369
395,511,82.90919599676272,2000,True,1641.8680139977369
373,512,83.09929000097327,2000,True,1641.8680139977369
375,513,84.0305969977635,2000,True,1641.8680139977369
371,514,84.42312500119442,2000,True,1641.8680139977369
378,515,85.5531620036345,2000,True,1641.8680139977369
384,517,85.31196700641885,2000,True,1641.8680139977369
380,516,87.822382003651,2000,True,1641.8680139977369
389,518,87.67162999720313,2000,True,1641.8680139977369
368,519,87.35367499321,2000,True,1641.8680139977369
384,520,88.41064899752382,2000,True,1641.8680139977369
368,521,88.37496000342071,2000,True,1641.8680139977369
369,522,88.73607299756259,2000,True,1641.8680139977369
371,523,89.26485799747752,2000,True,1641.8680139977369
385,524,88.90991900261724,2000,True,1641.8680139977369
368,525,88.83559200330637,2000,True,1641.8680139977369
383,527,87.96701299434062,2000,True,1641.8680139977369
373,528,88.68762900237925,2000,True,1641.8680139977369
372,526,90.5519949956215,2000,True,1641.8680139977369
378,529,88.90219299792079,2000,True,1641.8680139977369
377,530,88.45141300116666,2000,True,1641.8680139977369
394,531,90.25067400216358,2000,True,1641.8680139977369
391,532,88.89477499906207,2000,True,1641.8680139977369
373,533,88.98889899865026,2000,True,1641.8680139977369
376,534,88.43013899604557,2000,True,1641.8680139977369
381,535,89.70439300173894,2000,True,1641.8680139977369
385,536,88.7319169996772,2000,True,1641.8680139977369
378,538,86.96019299532054,2000,True,1641.8680139977369
380,537,89.08333900035359,2000,True,1641.8680139977369
373,539,86.8858870016993,2000,True,1641.8680139977369
391,540,85.3892570012249,2000,True,1641.8680139977369
388,541,84.49105500039877,2000,True,1641.8680139977369
386,543,83.44395300082397,2000,True,1641.8680139977369
379,542,84.57368800009135,2000,True,1641.8680139977369
386,544,83.24524400086375,2000,True,1641.8680139977369
381,545,83.35285100474721,2000,True,1641.8680139977369
367,546,83.46684699790785,2000,True,1641.8680139977369
390,547,82.841939998616,2000,True,1641.8680139977369
372,548,83.14059799886309,2000,True,1641.8680139977369
368,549,82.44313999603037,2000,True,1641.8680139977369
374,550,82.22287600074196,2000,True,1641.8680139977369
383,551,81.5425030014012,2000,True,1641.8680139977369
369,552,80.91341899853433,2000,True,1641.8680139977369
381,553,80.88327699806541,2000,True,1641.8680139977369
383,554,80.47323700156994,2000,True,1641.8680139977369
373,555,80.36780900147278,2000,True,1641.8680139977369
383,556,80.12741400307277,2000,True,1641.8680139977369
381,557,80.07225499750348,2000,True,1641.8680139977369
390,558,79.86160299333278,2000,True,1641.8680139977369
389,559,79.71215300494805,2000,True,1641.8680139977369
379,560,79.26001500163693,2000,True,1641.8680139977369
383,561,79.23595399915939,2000,True,1641.8680139977369
388,562,79.06069400632987,2000,True,1641.8680139977369
376,563,78.26815599401016,2000,True,1641.8680139977369
391,564,76.73834900197107,2000,True,1641.8680139977369
378,565,76.98221600003308,2000,True,1641.8680139977369
374,566,75.59692599897971,2000,True,1641.8680139977369
373,567,74.43714099645149,2000,True,1641.8680139977369
383,568,73.26677600212861,2000,True,1641.8680139977369
368,569,72.31790300284047,2000,True,1641.8680139977369
377,570,71.84581500041531,2000,True,1641.8680139977369
382,571,70.93053200514987,2000,True,1641.8680139977369
383,572,70.6619859993225,2000,True,1641.8680139977369
375,573,70.1134880000609,2000,True,1641.8680139977369
382,574,68.44873299996834,2000,True,1641.8680139977369
386,575,67.9753910008003,2000,True,1641.8680139977369
385,576,67.41677199897822,2000,True,1641.8680139977369
371,577,66.61776200053282,2000,True,1641.8680139977369
379,578,66.16448100248817,2000,True,1641.8680139977369
385,579,65.40489599865396,2000,True,1641.8680139977369
391,580,64.2628630012041,2000,True,1641.8680139977369
378,581,63.81619199964916,2000,True,1641.8680139977369
374,582,62.69383900507819,2000,True,1641.8680139977369
376,583,62.587914006144274,2000,True,1641.8680139977369
372,584,60.67398999584839,2000,True,1641.8680139977369
369,585,60.2350609988207,2000,True,1641.8680139977369
369,586,60.02765399898635,2000,True,1641.8680139977369
378,587,59.726404993853066,2000,True,1641.8680139977369
391,588,59.24616700212937,2000,True,1641.8680139977369
373,589,58.79595900478307,2000,True,1641.8680139977369
387,590,57.86544900183799,2000,True,1641.8680139977369
387,591,57.627704001788516,2000,True,1641.8680139977369
394,592,57.185614001355134,2000,True,1641.8680139977369
385,593,56.86636600148631,2000,True,1641.8680139977369
379,594,56.76064600265818,2000,True,1641.8680139977369
379,595,54.96462500013877,2000,True,1641.8680139977369
373,596,54.32652699528262,2000,True,1641.8680139977369
373,597,53.84128200239502,2000,True,1641.8680139977369
389,598,54.131313001562376,2000,True,1641.8680139977369
383,599,52.57552100374596,2000,True,1641.8680139977369
377,600,52.625451993662864,2000,True,1641.8680139977369
376,601,51.89690200495534,2000,True,1641.8680139977369
376,602,52.13920400274219,2000,True,1641.8680139977369
369,603,52.06878799799597,2000,True,1641.8680139977369
385,604,52.03732199879596,2000,True,1641.8680139977369
376,605,52.22355099976994,2000,True,1641.8680139977369
398,607,51.210163001087494,2000,True,1641.8680139977369
382,606,52.885655997670256,2000,True,1641.8680139977369
382,608,51.997423004650045,2000,True,1641.8680139977369
380,609,51.92684599751374,2000,True,1641.8680139977369
382,610,51.27881400403567,2000,True,1641.8680139977369
375,611,51.460277994920034,2000,True,1641.8680139977369
377,612,51.545348003855906,2000,True,1641.8680139977369
394,613,50.97711300186347,2000,True,1641.8680139977369
399,615,50.08787300175754,2000,True,1641.8680139977369
381,614,51.34163299953798,2000,True,1641.8680139977369
368,616,50.09820300620049,2000,True,1641.8680139977369
382,617,49.02747100277338,2000,True,1641.8680139977369
396,618,49.72977100260323,2000,True,1641.8680139977369
388,619,49.20197900355561,2000,True,1641.8680139977369
382,620,48.989039001753554,2000,True,1641.8680139977369
383,621,49.51698899822077,2000,True,1641.8680139977369
387,622,49.70391999813728,2000,True,1641.8680139977369
374,623,49.59430400049314,2000,True,1641.8680139977369
382,624,50.14976600068621,2000,True,1641.8680139977369
382,625,49.64002900669584,2000,True,1641.8680139977369
387,626,49.4323179955245,2000,True,1641.8680139977369
378,627,48.96118300530361,2000,True,1641.8680139977369
385,628,49.09723600576399,2000,True,1641.8680139977369
385,629,48.84305800078437,2000,True,1641.8680139977369
384,630,48.948880001262296,2000,True,1641.8680139977369
374,631,48.679154002456926,2000,True,1641.8680139977369
384,632,48.44987599790329,2000,True,1641.8680139977369
385,633,48.83865000010701,2000,True,1641.8680139977369
375,634,48.43750800500857,2000,True,1641.8680139977369
383,635,48.66937499900814,2000,True,1641.8680139977369
379,636,47.63090699998429,2000,True,1641.8680139977369
376,637,48.13008900237037,2000,True,1641.8680139977369
380,638,47.893899005430285,2000,True,1641.8680139977369
390,639,47.54436999792233,2000,True,1641.8680139977369
393,641,47.23107400059234,2000,True,1641.8680139977369
376,640,48.85991499759257,2000,True,1641.8680139977369
386,642,47.177227002976,2000,True,1641.8680139977369
389,643,46.92237800190924,2000,True,1641.8680139977369
396,644,47.06014200201025,2000,True,1641.8680139977369
399,645,46.47731099976227,2000,True,1641.8680139977369
390,646,46.43292000400834,2000,True,1641.8680139977369
378,647,45.944598998175934,2000,True,1641.8680139977369
375,648,45.622318000823725,2000,True,1641.8680139977369
375,649,46.21057199983625,2000,True,1641.8680139977369
370,651,44.40569299913477,2000,True,1641.8680139977369
383,650,45.62148799595889,2000,True,1641.8680139977369
375,652,44.45570900134044,2000,True,1641.8680139977369
373,653,44.49221600225428,2000,True,1641.8680139977369
378,654,45.16054799751146,2000,True,1641.8680139977369
372,655,44.51829600293422,2000,True,1641.8680139977369
378,656,44.50302600162104,2000,True,1641.8680139977369
390,657,44.82527100481093,2000,True,1641.8680139977369
371,658,44.60170499805827,2000,True,1641.8680139977369
367,659,44.8256039962871,2000,True,1641.8680139977369
371,660,44.90608800551854,2000,True,1641.8680139977369
395,661,44.767544997739606,2000,True,1641.8680139977369
378,662,44.44542399869533,2000,True,1641.8680139977369
385,663,44.2678879990126,2000,True,1641.8680139977369
385,664,44.62772799888626,2000,True,1641.8680139977369
377,665,45.11885400279425,2000,True,1641.8680139977369
378,666,45.99061200133292,2000,True,1641.8680139977369
375,667,46.14595499879215,2000,True,1641.8680139977369
388,668,48.02927099808585,2000,True,1641.8680139977369
369,669,48.013141997216735,2000,True,1641.8680139977369
392,670,48.49566700431751,2000,True,1641.8680139977369
387,671,48.153940006159246,2000,True,1641.8680139977369
388,672,48.76282600162085,2000,True,1641.8680139977369
374,673,48.48109199519968,2000,True,1641.8680139977369
377,674,48.226224003883544,2000,True,1641.8680139977369
391,675,49.10116200335324,2000,True,1641.8680139977369
389,676,49.10479200043483,2000,True,1641.8680139977369
380,677,49.31428800045978,2000,True,1641.8680139977369
373,678,49.03572199691553,2000,True,1641.8680139977369
379,679,49.34792499989271,2000,True,1641.8680139977369
384,680,49.39486300281715,2000,True,1641.8680139977369
395,681,50.12124199856771,2000,True,1641.8680139977369
376,682,49.53342299995711,2000,True,1641.8680139977369
391,684,49.371640001481865,2000,True,1641.8680139977369
369,683,50.54288899555104,2000,True,1641.8680139977369
389,685,49.43292000098154,2000,True,1641.8680139977369
374,686,49.232728000788484,2000,True,1641.8680139977369
369,687,49.213422993489075,2000,True,1641.8680139977369
382,688,48.836771995411254,2000,True,1641.8680139977369
390,689,48.55923699506093,2000,True,1641.8680139977369
394,690,48.42163399735,2000,True,1641.8680139977369
372,691,48.874698994040955,2000,True,1641.8680139977369
378,692,48.75206800352316,2000,True,1641.8680139977369
378,693,48.32420800084947,2000,True,1641.8680139977369
376,694,48.72917700413382,2000,True,1641.8680139977369
378,695,48.43927400361281,2000,True,1641.8680139977369
384,696,48.46335100592114,2000,True,1641.8680139977369
381,697,47.9575979989022,2000,True,1641.8680139977369
378,698,48.42373300198233,2000,True,1641.8680139977369
379,699,48.05625500011956,2000,True,1641.8680139977369
392,700,48.67951200139942,2000,True,1641.8680139977369
368,701,47.91502199805109,2000,True,1641.8680139977369
396,702,48.04598099872237,2000,True,1641.8680139977369
376,703,49.25401499349391,2000,True,1641.8680139977369
368,705,47.77886100055184,2000,True,1641.8680139977369
377,704,49.06771000241861,2000,True,1641.8680139977369
384,706,49.65988100593677,2000,True,1641.8680139977369
370,708,48.69598399818642,2000,True,1641.8680139977369
369,707,49.84133599646157,2000,True,1641.8680139977369
387,709,48.86802299733972,2000,True,1641.8680139977369
376,710,49.13228600344155,2000,True,1641.8680139977369
389,711,49.3047089985339,2000,True,1641.8680139977369
377,712,49.45505800424144,2000,True,1641.8680139977369
369,713,48.90342699945904,2000,True,1641.8680139977369
375,714,48.85908600408584,2000,True,1641.8680139977369
379,715,48.7788320024265,2000,True,1641.8680139977369
378,716,48.90923900529742,2000,True,1641.8680139977369
383,717,48.92853300407296,2000,True,1641.8680139977369
375,718,48.231945002044085,2000,True,1641.8680139977369
386,719,48.6306609964231,2000,True,1641.8680139977369
382,720,52.556855996954255,2000,True,1641.8680139977369
385,721,51.98983900481835,2000,True,1641.8680139977369
388,722,52.984674999606796,2000,True,1641.8680139977369
379,723,52.7910519958823,2000,True,1641.8680139977369
379,724,53.22711500048172,2000,True,1641.8680139977369
386,725,52.46688299666857,2000,True,1641.8680139977369
370,727,52.415675003430806,2000,True,1641.8680139977369
380,726,53.75392999849282,2000,True,1641.8680139977369
379,728,53.7424119975185,2000,True,1641.8680139977369
380,729,53.862558997934684,2000,True,1641.8680139977369
371,730,52.099238004302606,2000,True,1641.8680139977369
386,731,52.33091399713885,2000,True,1641.8680139977369
375,732,50.482678998378105,2000,True,1641.8680139977369
370,733,50.20853599853581,2000,True,1641.8680139977369
390,734,49.9648539989721,2000,True,1641.8680139977369
386,735,49.427956000727136,2000,True,1641.8680139977369
370,736,49.082355995778926,2000,True,1641.8680139977369
382,737,49.74934000347275,2000,True,1641.8680139977369
375,738,49.86493199976394,2000,True,1641.8680139977369
385,739,48.77773099724436,2000,True,1641.8680139977369
384,740,49.204214999917895,2000,True,1641.8680139977369
380,741,48.90971499844454,2000,True,1641.8680139977369
386,742,49.20070200023474,2000,True,1641.8680139977369
380,743,48.82716999418335,2000,True,1641.8680139977369
391,744,48.89592599647585,2000,True,1641.8680139977369
374,745,48.14600399549818,2000,True,1641.8680139977369
390,746,47.86121699726209,2000,True,1641.8680139977369
378,747,48.540297997533344,2000,True,1641.8680139977369
379,748,48.34756100171944,2000,True,1641.8680139977369
375,749,48.48802700144006,2000,True,1641.8680139977369
374,750,48.21421200176701,2000,True,1641.8680139977369
399,751,48.430554001242854,2000,True,1641.8680139977369
393,753,47.70714099868201,2000,True,1641.8680139977369
383,754,48.39687800267711,2000,True,1641.8680139977369
374,752,49.758152999856975,2000,True,1641.8680139977369
377,756,48.026818003563676,2000,True,1641.8680139977369
399,757,48.67775400634855,2000,True,1641.8680139977369
384,755,49.664789003145415,2000,True,1641.8680139977369
384,758,48.97250400244957,2000,True,1641.8680139977369
368,759,48.65136800071923,2000,True,1641.8680139977369
380,761,48.72933500155341,2000,True,1641.8680139977369
374,760,49.73529199924087,2000,True,1641.8680139977369
400,762,48.871048995351885,2000,True,1641.8680139977369
379,763,49.54751499462873,2000,True,1641.8680139977369
379,764,49.045757004932966,2000,True,1641.8680139977369
379,766,48.81849299999885,2000,True,1641.8680139977369
369,765,49.79342500155326,2000,True,1641.8680139977369
381,767,48.30263199983165,2000,True,1641.8680139977369
390,768,48.58786200202303,2000,True,1641.8680139977369
367,769,48.89155900309561,2000,True,1641.8680139977369
375,770,47.631934998207726,2000,True,1641.8680139977369
393,771,47.502194000117015,2000,True,1641.8680139977369
373,772,47.80044599465327,2000,True,1641.8680139977369
380,774,47.22755999682704,2000,True,1641.8680139977369
387,773,48.52381700038677,2000,True,1641.8680139977369
372,775,47.558505000779405,2000,True,1641.8680139977369
378,776,47.79664799571037,2000,True,1641.8680139977369
367,777,47.64974400313804,2000,True,1641.8680139977369
378,778,47.535464000247885,2000,True,1641.8680139977369
371,779,48.373736994108185,2000,True,1641.8680139977369
379,780,48.0474249998224,2000,True,1641.8680139977369
372,781,49.05770599725656,2000,True,1641.8680139977369
391,782,48.884885996812955,2000,True,1641.8680139977369
373,783,48.83536400302546,2000,True,1641.8680139977369
376,784,45.114118001947645,2000,True,1641.8680139977369
374,785,45.51706100028241,2000,True,1641.8680139977369
383,786,44.69316900213016,2000,True,1641.8680139977369
375,787,44.76670199801447,2000,True,1641.8680139977369
381,788,55.59184300363995,2000,True,1641.8680139977369
383,790,55.63620999600971,2000,True,1641.8680139977369
374,789,56.765640001685824,2000,True,1641.8680139977369
379,791,56.36144400341436,2000,True,1641.8680139977369
375,792,55.05287500272971,2000,True,1641.8680139977369
387,793,54.98790700221434,2000,True,1641.8680139977369
381,794,54.61926700081676,2000,True,1641.8680139977369
377,795,54.24871799914399,2000,True,1641.8680139977369
381,796,54.445864996523596,2000,True,1641.8680139977369
373,797,54.20291700283997,2000,True,1641.8680139977369
381,798,54.04002100112848,2000,True,1641.8680139977369
379,799,54.41377199895214,2000,True,1641.8680139977369
390,800,54.370436002500355,2000,True,1641.8680139977369
388,801,53.890939001576044,2000,True,1641.8680139977369
368,803,53.5612969979411,2000,True,1641.8680139977369
391,802,54.5737749998807,2000,True,1641.8680139977369
367,804,53.34058400330832,2000,True,1641.8680139977369
393,806,52.64780599827645,2000,True,1641.8680139977369
373,805,54.0565460032667,2000,True,1641.8680139977369
379,807,53.44364699703874,2000,True,1641.8680139977369
381,808,52.970445998653304,2000,True,1641.8680139977369
382,810,52.8982339965296,2000,True,1641.8680139977369
379,809,53.80429399519926,2000,True,1641.8680139977369
385,811,52.68709200026933,2000,True,1641.8680139977369
383,812,52.699212996230926,2000,True,1641.8680139977369
374,814,52.01715199655155,2000,True,1641.8680139977369
375,813,52.840270996966865,2000,True,1641.8680139977369
388,815,52.33506899821805,2000,True,1641.8680139977369
384,816,53.28495999856386,2000,True,1641.8680139977369
374,817,52.56995699892286,2000,True,1641.8680139977369
388,819,52.45790499611758,2000,True,1641.8680139977369
377,818,53.61287399864523,2000,True,1641.8680139977369
378,820,52.67909700341988,2000,True,1641.8680139977369
388,821,52.88469700462883,2000,True,1641.8680139977369
374,822,52.408406998438295,2000,True,1641.8680139977369
377,823,52.58351300290087,2000,True,1641.8680139977369
388,824,52.26565100019798,2000,True,1641.8680139977369
384,825,52.20385899883695,2000,True,1641.8680139977369
382,826,52.45896999986144,2000,True,1641.8680139977369
394,827,51.77037400426343,2000,True,1641.8680139977369
378,828,51.99124099453911,2000,True,1641.8680139977369
377,830,51.28310999862151,2000,True,1641.8680139977369
381,829,52.50810200232081,2000,True,1641.8680139977369
380,831,51.47655600012513,2000,True,1641.8680139977369
380,832,51.62539299635682,2000,True,1641.8680139977369
380,833,51.057238000794314,2000,True,1641.8680139977369
383,835,51.17135100590531,2000,True,1641.8680139977369
390,834,51.96394799713744,2000,True,1641.8680139977369
394,836,51.207830001658294,2000,True,1641.8680139977369
388,837,51.57860899635125,2000,True,1641.8680139977369
386,838,51.06246100331191,2000,True,1641.8680139977369
394,839,51.07236599724274,2000,True,1641.8680139977369
368,840,52.06164099945454,2000,True,1641.8680139977369
374,842,52.17608899693005,2000,True,1641.8680139977369
378,841,54.21868600387825,2000,True,1641.8680139977369
368,843,54.32185199606465,2000,True,1641.8680139977369
369,844,54.62703299417626,2000,True,1641.8680139977369
377,845,54.59542199969292,2000,True,1641.8680139977369
379,846,54.88688799960073,2000,True,1641.8680139977369
373,847,54.85965200205101,2000,True,1641.8680139977369
391,848,55.248631004360504,2000,True,1641.8680139977369
372,849,54.67131199839059,2000,True,1641.8680139977369
368,850,54.37813600292429,2000,True,1641.8680139977369
398,851,54.65028800244909,2000,True,1641.8680139977369
374,852,42.98742399987532,2000,True,1641.8680139977369
393,853,42.77290400204947,2000,True,1641.8680139977369
380,854,42.669310998462606,2000,True,1641.8680139977369
376,855,42.137892996834125,2000,True,1641.8680139977369
378,856,42.05042499961564,2000,True,1641.8680139977369
390,857,42.09607600205345,2000,True,1641.8680139977369
393,858,42.60721999889938,2000,True,1641.8680139977369
368,859,42.80419700080529,2000,True,1641.8680139977369
368,861,42.229598002450075,2000,True,1641.8680139977369
383,860,43.32940099993721,2000,True,1641.8680139977369
385,862,42.4731739985873,2000,True,1641.8680139977369
383,863,42.41648299648659,2000,True,1641.8680139977369
374,864,42.34989499673247,2000,True,1641.8680139977369
375,865,42.8094000017154,2000,True,1641.8680139977369
378,866,42.702605001977645,2000,True,1641.8680139977369
373,867,42.50460299954284,2000,True,1641.8680139977369
375,868,42.71552299906034,2000,True,1641.8680139977369
368,869,43.098360001749825,2000,True,1641.8680139977369
381,870,43.26594399753958,2000,True,1641.8680139977369
377,871,43.130028003361076,2000,True,1641.8680139977369
371,872,43.00040599628119,2000,True,1641.8680139977369
386,873,43.37637800199445,2000,True,1641.8680139977369
375,874,43.19790300360182,2000,True,1641.8680139977369
391,875,43.659360002493486,2000,True,1641.8680139977369
394,876,43.53156700381078,2000,True,1641.8680139977369
372,877,43.60779700073181,2000,True,1641.8680139977369
378,878,43.32629100099439,2000,True,1641.8680139977369
369,879,44.01614000380505,2000,True,1641.8680139977369
396,880,43.36588799924357,2000,True,1641.8680139977369
390,881,43.21249200438615,2000,True,1641.8680139977369
380,882,44.22214599617291,2000,True,1641.8680139977369
372,883,44.42071700032102,2000,True,1641.8680139977369
391,884,44.32329099654453,2000,True,1641.8680139977369
388,885,44.92002000188222,2000,True,1641.8680139977369
389,887,44.90473300393205,2000,True,1641.8680139977369
389,886,46.39423899789108,2000,True,1641.8680139977369
369,888,45.72361500322586,2000,True,1641.8680139977369
376,889,46.8271010031458,2000,True,1641.8680139977369
380,890,46.363351997570135,2000,True,1641.8680139977369
394,891,46.7103999981191,2000,True,1641.8680139977369
386,892,46.941796004830394,2000,True,1641.8680139977369
381,893,47.215282000252046,2000,True,1641.8680139977369
380,894,46.82453499844996,2000,True,1641.8680139977369
384,895,47.67819599510403,2000,True,1641.8680139977369
387,896,47.454565996304154,2000,True,1641.8680139977369
385,897,47.73772600310622,2000,True,1641.8680139977369
377,898,47.351893001177814,2000,True,1641.8680139977369
377,899,48.246018995996565,2000,True,1641.8680139977369
396,900,48.197060998063534,2000,True,1641.8680139977369
389,901,48.434692005685065,2000,True,1641.8680139977369
373,902,48.76704599882942,2000,True,1641.8680139977369
373,903,48.76159300329164,2000,True,1641.8680139977369
375,904,48.13244300021324,2000,True,1641.8680139977369
381,905,47.941602002538275,2000,True,1641.8680139977369
396,906,46.42961799982004,2000,True,1641.8680139977369
395,907,45.235279998451006,2000,True,1641.8680139977369
387,908,44.938234001165256,2000,True,1641.8680139977369
386,909,44.83915900345892,2000,True,1641.8680139977369
370,910,44.673568998405244,2000,True,1641.8680139977369
375,911,44.94431900093332,2000,True,1641.8680139977369
391,913,44.13619200204266,2000,True,1641.8680139977369
384,912,44.81508400203893,2000,True,1641.8680139977369
378,914,45.168976997956634,2000,True,1641.8680139977369
385,915,44.49811799713643,2000,True,1641.8680139977369
374,916,44.67610099527519,2000,True,1641.8680139977369
390,917,44.7493929968914,2000,True,1641.8680139977369
387,918,44.83854400314158,2000,True,1641.8680139977369
395,919,44.94024599989643,2000,True,1641.8680139977369
380,920,44.892031997733284,2000,True,1641.8680139977369
374,921,45.0334240013035,2000,True,1641.8680139977369
380,922,44.48514000250725,2000,True,1641.8680139977369
390,923,44.99598200345645,2000,True,1641.8680139977369
387,924,44.885323994094506,2000,True,1641.8680139977369
390,925,45.22689900477417,2000,True,1641.8680139977369
384,926,45.59253299521515,2000,True,1641.8680139977369
395,928,44.69821200473234,2000,True,1641.8680139977369
381,927,46.26640099741053,2000,True,1641.8680139977369
379,930,44.63450399634894,2000,True,1641.8680139977369
380,929,45.66204300499521,2000,True,1641.8680139977369
373,931,45.740816996840294,2000,True,1641.8680139977369
370,932,45.44245600118302,2000,True,1641.8680139977369
379,933,45.21436999493744,2000,True,1641.8680139977369
385,934,45.65039999579312,2000,True,1641.8680139977369
385,935,45.792160999553744,2000,True,1641.8680139977369
380,936,45.9763609978836,2000,True,1641.8680139977369
380,938,45.18646799988346,2000,True,1641.8680139977369
391,937,46.55405399535084,2000,True,1641.8680139977369
389,939,45.450044999597594,2000,True,1641.8680139977369
382,940,45.22602700308198,2000,True,1641.8680139977369
384,942,45.482954003091436,2000,True,1641.8680139977369
390,941,46.25296300218906,2000,True,1641.8680139977369
387,943,45.39097799715819,2000,True,1641.8680139977369
377,944,45.80089700175449,2000,True,1641.8680139977369
381,945,46.83595599635737,2000,True,1641.8680139977369
379,946,45.8310829999391,2000,True,1641.8680139977369
374,947,45.94762199849356,2000,True,1641.8680139977369
387,948,46.96521000005305,2000,True,1641.8680139977369
383,949,49.38511400541756,2000,True,1641.8680139977369
383,950,49.88361499999883,2000,True,1641.8680139977369
378,951,50.374379999993835,2000,True,1641.8680139977369
369,952,51.46346000401536,2000,True,1641.8680139977369
379,953,50.797645999409724,2000,True,1641.8680139977369
368,954,52.109751995885745,2000,True,1641.8680139977369
383,955,54.32440799631877,2000,True,1641.8680139977369
400,956,53.97990299388766,2000,True,1641.8680139977369
390,957,54.22396199719515,2000,True,1641.8680139977369
373,958,55.85386299935635,2000,True,1641.8680139977369
367,959,55.30194700259017,2000,True,1641.8680139977369
380,961,55.993219997617416,2000,True,1641.8680139977369
370,960,57.56260099587962,2000,True,1641.8680139977369
370,962,58.42170999676455,2000,True,1641.8680139977369
378,963,58.279558004869614,2000,True,1641.8680139977369
383,964,58.56071100424742,2000,True,1641.8680139977369
386,965,58.31275600212393,2000,True,1641.8680139977369
391,966,59.87616399943363,2000,True,1641.8680139977369
390,967,61.80439300078433,2000,True,1641.8680139977369
378,968,61.346781003521755,2000,True,1641.8680139977369
382,969,63.74387999676401,2000,True,1641.8680139977369
392,970,64.77861800522078,2000,True,1641.8680139977369
395,971,66.01031799800694,2000,True,1641.8680139977369
387,972,66.96405300317565,2000,True,1641.8680139977369
377,973,67.8198829991743,2000,True,1641.8680139977369
377,974,68.2500879993313,2000,True,1641.8680139977369
368,975,69.40738500270527,2000,True,1641.8680139977369
380,976,70.30380600190256,2000,True,1641.8680139977369
373,977,71.65130399516784,2000,True,1641.8680139977369
369,978,72.86629499867558,2000,True,1641.8680139977369
385,979,73.5484760007239,2000,True,1641.8680139977369
378,980,75.97931099735433,2000,True,1641.8680139977369
382,981,76.6248310028459,2000,True,1641.8680139977369
371,982,77.82317200326361,2000,True,1641.8680139977369
395,983,77.84162100142566,2000,True,1641.8680139977369
373,984,78.00955999846337,2000,True,1641.8680139977369
373,985,79.45077100157505,2000,True,1641.8680139977369
374,986,79.94726499600802,2000,True,1641.8680139977369
381,987,79.5047030042042,2000,True,1641.8680139977369
389,988,80.83643899590243,2000,True,1641.8680139977369
391,989,80.28547700087074,2000,True,1641.8680139977369
373,990,81.42004199908115,2000,True,1641.8680139977369
384,991,82.31993999652332,2000,True,1641.8680139977369
383,993,82.82796799903736,2000,True,1641.8680139977369
400,992,84.49341799860122,2000,True,1641.8680139977369
392,994,85.38920400314964,2000,True,1641.8680139977369
368,995,85.4750860016793,2000,True,1641.8680139977369
383,996,86.69351299613481,2000,True,1641.8680139977369
382,997,87.57542300008936,2000,True,1641.8680139977369
384,998,87.58754000155022,2000,True,1641.8680139977369
382,999,88.59499400568893,2000,True,1641.8680139977369
381,1000,89.00406699831365,2000,True,1641.8680139977369
384,1001,90.61935899808304,2000,True,1641.8680139977369
397,1002,90.00388000276871,2000,True,1641.8680139977369
383,1003,90.91288800118491,2000,True,1641.8680139977369
398,1004,91.92764999897918,2000,True,1641.8680139977369
378,1005,91.55222700064769,2000,True,1641.8680139977369
378,1006,92.24137700221036,2000,True,1641.8680139977369
379,1007,92.00138199958019,2000,True,1641.8680139977369
377,1008,92.02717000152916,2000,True,1641.8680139977369
385,1010,89.74691999901552,2000,True,1641.8680139977369
392,1009,91.12650699535152,2000,True,1641.8680139977369
382,1011,90.4052080004476,2000,True,1641.8680139977369
393,1012,89.65337999688927,2000,True,1641.8680139977369
371,1013,86.75037699867971,2000,True,1641.8680139977369
383,1014,85.85675399808679,2000,True,1641.8680139977369
380,1015,84.8601640027482,2000,True,1641.8680139977369
388,1016,84.0941610003938,2000,True,1641.8680139977369
384,1017,83.80502899672138,2000,True,1641.8680139977369
386,1018,82.8513849992305,2000,True,1641.8680139977369
393,1019,80.14219199685613,2000,True,1641.8680139977369
390,1020,80.23373600008199,2000,True,1641.8680139977369
375,1021,80.34436900197761,2000,True,1641.8680139977369
386,1022,78.85418999649119,2000,True,1641.8680139977369
371,1023,79.13223400100833,2000,True,1641.8680139977369
373,1024,77.73706900479738,2000,True,1641.8680139977369
383,1025,77.44400200317614,2000,True,1641.8680139977369
391,1026,76.23727600002894,2000,True,1641.8680139977369
378,1027,75.34641199890757,2000,True,1641.8680139977369
375,1028,74.65961699926993,2000,True,1641.8680139977369
395,1029,75.17022699903464,2000,True,1641.8680139977369
382,1030,73.65357399976347,2000,True,1641.8680139977369
390,1031,72.27887499902863,2000,True,1641.8680139977369
370,1032,71.32167000236223,2000,True,1641.8680139977369
373,1033,71.00494200130925,2000,True,1641.8680139977369
379,1035,68.63002800673712,2000,True,1641.8680139977369
392,1034,71.47172599798068,2000,True,1641.8680139977369
370,1036,69.146861002082,2000,True,1641.8680139977369
381,1037,67.52370900358073,2000,True,1641.8680139977369
381,1038,67.52966299973195,2000,True,1641.8680139977369
375,1039,66.0786009975709,2000,True,1641.8680139977369
387,1040,65.32285399589455,2000,True,1641.8680139977369
380,1041,63.36198699864326,2000,True,1641.8680139977369
385,1042,62.81901400507195,2000,True,1641.8680139977369
392,1043,61.96902199735632,2000,True,1641.8680139977369
380,1044,59.37023000296904,2000,True,1641.8680139977369
375,1045,59.35165700066136,2000,True,1641.8680139977369
388,1046,58.22433099820046,2000,True,1641.8680139977369
374,1048,56.992653000634164,2000,True,1641.8680139977369
389,1047,58.85075099649839,2000,True,1641.8680139977369
385,1049,56.53067099774489,2000,True,1641.8680139977369
379,1050,56.09160500171129,2000,True,1641.8680139977369
384,1051,56.00461600261042,2000,True,1641.8680139977369
389,1052,55.082020997360814,2000,True,1641.8680139977369
383,1053,55.43439800385386,2000,True,1641.8680139977369
377,1055,53.13659399689641,2000,True,1641.8680139977369
378,1054,54.83523800648982,2000,True,1641.8680139977369
384,1056,51.993453002069145,2000,True,1641.8680139977369
369,1057,51.72954899899196,2000,True,1641.8680139977369
378,1058,50.250358995981514,2000,True,1641.8680139977369
375,1059,50.567546000820585,2000,True,1641.8680139977369
377,1060,49.37785500078462,2000,True,1641.8680139977369
378,1061,48.37859899998875,2000,True,1641.8680139977369
389,1062,47.628980995796155,2000,True,1641.8680139977369
386,1063,46.69851499784272,2000,True,1641.8680139977369
386,1064,46.45962599897757,2000,True,1641.8680139977369
377,1065,44.663501998002175,2000,True,1641.8680139977369
379,1066,45.013117996859364,2000,True,1641.8680139977369
379,1067,44.54408899619011,2000,True,1641.8680139977369
376,1068,44.076381003833376,2000,True,1641.8680139977369
375,1069,43.961921001027804,2000,True,1641.8680139977369
381,1070,43.41612500138581,2000,True,1641.8680139977369
378,1071,43.835816002683714,2000,True,1641.8680139977369
384,1072,43.36299099668395,2000,True,1641.8680139977369
385,1073,43.425857002148405,2000,True,1641.8680139977369
376,1074,43.462362002173904,2000,True,1641.8680139977369
388,1075,43.979841997497715,2000,True,1641.8680139977369
391,1076,43.879507000383455,2000,True,1641.8680139977369
390,1077,44.42621100315591,2000,True,1641.8680139977369
381,1078,44.618858002650086,2000,True,1641.8680139977369
380,1079,45.07944700162625,2000,True,1641.8680139977369
386,1080,45.23544599942397,2000,True,1641.8680139977369
384,1081,45.27828699792735,2000,True,1641.8680139977369
379,1082,45.649856998352334,2000,True,1641.8680139977369
390,1083,45.417448003718164,2000,True,1641.8680139977369
380,1084,45.73511399939889,2000,True,1641.8680139977369
392,1085,45.528996000939514,2000,True,1641.8680139977369
383,1086,45.50610399746802,2000,True,1641.8680139977369
369,1088,45.5403359956108,2000,True,1641.8680139977369
375,1087,46.59884300053818,2000,True,1641.8680139977369
374,1089,46.1859880015254,2000,True,1641.8680139977369
376,1090,46.1725149943959,2000,True,1641.8680139977369
370,1092,45.68201800429961,2000,True,1641.8680139977369
384,1091,46.65422900143312,2000,True,1641.8680139977369
375,1093,45.42938299709931,2000,True,1641.8680139977369
388,1094,46.086622001894284,2000,True,1641.8680139977369
381,1095,45.74095700081671,2000,True,1641.8680139977369
375,1096,46.18035100429552,2000,True,1641.8680139977369
392,1097,44.54341100063175,2000,True,1641.8680139977369
386,1098,44.37024200160522,2000,True,1641.8680139977369
375,1099,43.85817999718711,2000,True,1641.8680139977369
370,1100,43.65501400025096,2000,True,1641.8680139977369
378,1101,43.490160001965705,2000,True,1641.8680139977369
391,1102,43.71566199552035,2000,True,1641.8680139977369
395,1103,43.678453999746125,2000,True,1641.8680139977369
376,1104,43.63015299895778,2000,True,1641.8680139977369
380,1105,43.765729998995084,2000,True,1641.8680139977369
379,1106,43.53013800573535,2000,True,1641.8680139977369
390,1107,44.022904003213625,2000,True,1641.8680139977369
380,1108,44.06507900421275,2000,True,1641.8680139977369
369,1111,42.78620900004171,2000,True,1641.8680139977369
385,1109,44.48930899525294,2000,True,1641.8680139977369
375,1110,44.278225002926774,2000,True,1641.8680139977369
374,1112,43.509107003046665,2000,True,1641.8680139977369
396,1113,43.64671200164594,2000,True,1641.8680139977369
393,1114,43.56374999770196,2000,True,1641.8680139977369
394,1115,43.56189700047253,2000,True,1641.8680139977369
389,1116,43.51052300626179,2000,True,1641.8680139977369
381,1117,43.01785999996355,2000,True,1641.8680139977369
384,1118,43.164371003513224,2000,True,1641.8680139977369
386,1119,42.740732002130244,2000,True,1641.8680139977369
387,1120,43.11143000086304,2000,True,1641.8680139977369
390,1121,42.61301400401862,2000,True,1641.8680139977369
379,1122,42.59893999551423,2000,True,1641.8680139977369
382,1123,42.74425099720247,2000,True,1641.8680139977369
374,1125,42.28428699570941,2000,True,1641.8680139977369
387,1124,43.36828699888429,2000,True,1641.8680139977369
394,1126,43.08389999641804,2000,True,1641.8680139977369
369,1127,43.44318299990846,2000,True,1641.8680139977369
388,1128,43.026384999393485,2000,True,1641.8680139977369
385,1129,43.52449699945282,2000,True,1641.8680139977369
381,1130,43.040436001319904,2000,True,1641.8680139977369
384,1131,42.66436999751022,2000,True,1641.8680139977369
380,1132,43.075849003798794,2000,True,1641.8680139977369
392,1133,43.27471100259572,2000,True,1641.8680139977369
376,1134,43.40589499770431,2000,True,1641.8680139977369
386,1135,43.04354899795726,2000,True,1641.8680139977369
392,1136,43.15609500190476,2000,True,1641.8680139977369
384,1137,43.17909100063844,2000,True,1641.8680139977369
371,1138,43.18638000404462,2000,True,1641.8680139977369
388,1139,42.502407006395515,2000,True,1641.8680139977369
381,1140,43.04246600077022,2000,True,1641.8680139977369
391,1141,42.47851300169714,2000,True,1641.8680139977369
388,1142,42.05256599379936,2000,True,1641.8680139977369
381,1143,42.368236994661856,2000,True,1641.8680139977369
372,1144,42.119016994547565,2000,True,1641.8680139977369
375,1145,42.05906800052617,2000,True,1641.8680139977369
386,1146,41.36656199989375,2000,True,1641.8680139977369
380,1147,41.73560900380835,2000,True,1641.8680139977369
394,1148,41.40489199926378,2000,True,1641.8680139977369
382,1149,41.19615999661619,2000,True,1641.8680139977369
377,1150,41.341534997627605,2000,True,1641.8680139977369
385,1151,40.20442800538149,2000,True,1641.8680139977369
378,1152,40.636737998283934,2000,True,1641.8680139977369
392,1153,41.0664139999426,2000,True,1641.8680139977369
373,1154,40.450802000123076,2000,True,1641.8680139977369
388,1155,41.2296620052075,2000,True,1641.8680139977369
381,1156,41.555593998054974,2000,True,1641.8680139977369
401,1157,41.37591200560564,2000,True,1641.8680139977369
384,1158,41.187903996615205,2000,True,1641.8680139977369
381,1160,40.4161970000132,2000,True,1641.8680139977369
383,1159,41.780829000344966,2000,True,1641.8680139977369
390,1161,40.29635799815878,2000,True,1641.8680139977369
372,1162,40.90575000009267,2000,True,1641.8680139977369
380,1163,40.54776100383606,2000,True,1641.8680139977369
394,1164,40.8350339930621,2000,True,1641.8680139977369
390,1165,40.43547400215175,2000,True,1641.8680139977369
385,1166,40.7124319972354,2000,True,1641.8680139977369
390,1167,40.81993100407999,2000,True,1641.8680139977369
385,1168,40.23885000060545,2000,True,1641.8680139977369
385,1169,40.98924400022952,2000,True,1641.8680139977369
385,1170,40.528106001147535,2000,True,1641.8680139977369
376,1171,40.539837995311245,2000,True,1641.8680139977369
384,1172,40.63635600323323,2000,True,1641.8680139977369
396,1173,40.220387003500946,2000,True,1641.8680139977369
391,1174,40.140992001397535,2000,True,1641.8680139977369
387,1175,40.392347997112665,2000,True,1641.8680139977369
376,1176,40.12719700403977,2000,True,1641.8680139977369
386,1177,39.83753600186901,2000,True,1641.8680139977369
384,1179,39.521776998299174,2000,True,1641.8680139977369
380,1178,40.65872600040166,2000,True,1641.8680139977369
384,1180,39.67561099852901,2000,True,1641.8680139977369
396,1181,40.13461599970469,2000,True,1641.8680139977369
381,1182,39.53941100189695,2000,True,1641.8680139977369
385,1183,40.43641900352668,2000,True,1641.8680139977369
370,1185,39.49352899508085,2000,True,1641.8680139977369
377,1184,40.62245700333733,2000,True,1641.8680139977369
393,1186,40.157896000891924,2000,True,1641.8680139977369
384,1187,39.15150499960873,2000,True,1641.8680139977369
390,1188,39.61055900435895,2000,True,1641.8680139977369
371,1189,39.62399100419134,2000,True,1641.8680139977369
380,1190,39.029414001561236,2000,True,1641.8680139977369
375,1191,39.25875300046755,2000,True,1641.8680139977369
382,1192,39.44266599864932,2000,True,1641.8680139977369
381,1193,39.00309900200227,2000,True,1641.8680139977369
388,1194,41.50157199910609,2000,True,1641.8680139977369
392,1195,42.0724750001682,2000,True,1641.8680139977369
393,1196,41.324439996969886,2000,True,1641.8680139977369
378,1197,42.24537799746031,2000,True,1641.8680139977369
383,1198,42.788979000761174,2000,True,1641.8680139977369
380,1199,43.12876499898266,2000,True,1641.8680139977369
387,1200,43.3029850028106,2000,True,1641.8680139977369
371,1201,42.79965999739943,2000,True,1641.8680139977369
383,1202,43.386550998548046,2000,True,1641.8680139977369
387,1203,43.01734099863097,2000,True,1641.8680139977369
394,1204,42.98536400165176,2000,True,1641.8680139977369
374,1205,42.83656200277619,2000,True,1641.8680139977369
383,1206,42.93105699616717,2000,True,1641.8680139977369
379,1207,42.23814099532319,2000,True,1641.8680139977369
393,1208,42.228047001117375,2000,True,1641.8680139977369
371,1209,42.07604999828618,2000,True,1641.8680139977369
385,1210,42.071384996233974,2000,True,1641.8680139977369
393,1211,42.19850200024666,2000,True,1641.8680139977369
383,1212,42.11365599621786,2000,True,1641.8680139977369
376,1213,42.141625002841465,2000,True,1641.8680139977369
393,1214,42.3050190001959,2000,True,1641.8680139977369
376,1215,42.525299002591055,2000,True,1641.8680139977369
377,1216,42.22895300335949,2000,True,1641.8680139977369
386,1217,41.88833599619102,2000,True,1641.8680139977369
385,1218,42.24783099925844,2000,True,1641.8680139977369
401,1219,41.408504999708384,2000,True,1641.8680139977369
375,1220,41.20265500387177,2000,True,1641.8680139977369
382,1221,41.52733700175304,2000,True,1641.8680139977369
381,1222,41.994238999905065,2000,True,1641.8680139977369
382,1223,42.952700998284854,2000,True,1641.8680139977369
387,1224,43.07275499741081,2000,True,1641.8680139977369
393,1225,43.403912997746374,2000,True,1641.8680139977369
385,1226,43.356602996937,2000,True,1641.8680139977369
381,1227,44.154887000331655,2000,True,1641.8680139977369
386,1228,44.25605399592314,2000,True,1641.8680139977369
377,1229,43.862202001037076,2000,True,1641.8680139977369
379,1231,43.38454900425859,2000,True,1641.8680139977369
392,1232,43.650952000461984,2000,True,1641.8680139977369
393,1230,45.417175999318715,2000,True,1641.8680139977369
380,1233,44.03733199433191,2000,True,1641.8680139977369
379,1234,44.26510499615688,2000,True,1641.8680139977369
370,1235,44.57386700232746,2000,True,1641.8680139977369
388,1236,44.47603000153322,2000,True,1641.8680139977369
387,1237,44.36691199953202,2000,True,1641.8680139977369
385,1238,44.34677699464373,2000,True,1641.8680139977369
388,1239,44.177616997330915,2000,True,1641.8680139977369
380,1240,44.19089199654991,2000,True,1641.8680139977369
388,1241,44.43705399899045,2000,True,1641.8680139977369
391,1242,44.63114700047299,2000,True,1641.8680139977369
397,1243,44.594565995794255,2000,True,1641.8680139977369
380,1244,44.798315000662114,2000,True,1641.8680139977369
384,1245,44.92756300169276,2000,True,1641.8680139977369
381,1246,44.9820530047873,2000,True,1641.8680139977369
387,1248,43.908109997573774,2000,True,1641.8680139977369
392,1247,45.123456002329476,2000,True,1641.8680139977369
375,1250,44.46273599751294,2000,True,1641.8680139977369
374,1249,45.38664600113407,2000,True,1641.8680139977369
379,1251,45.38682699785568,2000,True,1641.8680139977369
380,1252,44.945590998395346,2000,True,1641.8680139977369
392,1253,45.51213199738413,2000,True,1641.8680139977369
393,1254,45.02814899751684,2000,True,1641.8680139977369
382,1255,44.787819002522156,2000,True,1641.8680139977369
377,1256,45.46378799568629,2000,True,1641.8680139977369
376,1257,44.33572199923219,2000,True,1641.8680139977369
388,1258,42.8962389996741,2000,True,1641.8680139977369
376,1259,42.93629499443341,2000,True,1641.8680139977369
390,1260,42.67597699799808,2000,True,1641.8680139977369
387,1261,41.488032999041025,2000,True,1641.8680139977369
382,1262,41.94235699833371,2000,True,1641.8680139977369
390,1264,41.23228299431503,2000,True,1641.8680139977369
383,1263,42.33474899956491,2000,True,1641.8680139977369
380,1265,41.84962299768813,2000,True,1641.8680139977369
393,1266,41.61588400165783,2000,True,1641.8680139977369
385,1267,41.730978002306074,2000,True,1641.8680139977369
388,1268,41.42580799816642,2000,True,1641.8680139977369
371,1269,41.49216000223532,2000,True,1641.8680139977369
375,1270,41.38194700499298,2000,True,1641.8680139977369
391,1271,42.02681400056463,2000,True,1641.8680139977369
393,1273,41.78988299827324,2000,True,1641.8680139977369
390,1274,41.89092999877175,2000,True,1641.8680139977369
385,1272,42.90087899425998,2000,True,1641.8680139977369
380,1275,42.162282996287104,2000,True,1641.8680139977369
371,1276,42.222092000884004,2000,True,1641.8680139977369
376,1277,42.36778999620583,2000,True,1641.8680139977369
376,1279,41.17523999593686,2000,True,1641.8680139977369
393,1278,42.52387999440543,2000,True,1641.8680139977369
375,1280,41.34221599815646,2000,True,1641.8680139977369
368,1281,41.3096280026366,2000,True,1641.8680139977369
388,1282,41.15678199741524,2000,True,1641.8680139977369
376,1283,41.4624039985938,2000,True,1641.8680139977369
378,1284,41.744166002899874,2000,True,1641.8680139977369
385,1285,41.182215994922444,2000,True,1641.8680139977369
396,1286,40.41119800240267,2000,True,1641.8680139977369
385,1287,39.61876300309086,2000,True,1641.8680139977369
379,1288,40.21391500282334,2000,True,1641.8680139977369
378,1289,40.42603199923178,2000,True,1641.8680139977369
379,1290,40.48460700141732,2000,True,1641.8680139977369
391,1291,39.67897999973502,2000,True,1641.8680139977369
375,1292,39.31493499840144,2000,True,1641.8680139977369
379,1294,39.20391700376058,2000,True,1641.8680139977369
392,1293,40.100334997987375,2000,True,1641.8680139977369
386,1295,39.009778003674,2000,True,1641.8680139977369
378,1296,39.13644400017802,2000,True,1641.8680139977369
385,1297,38.94133900030283,2000,True,1641.8680139977369
376,1298,39.06722499959869,2000,True,1641.8680139977369
376,1299,38.65790299460059,2000,True,1641.8680139977369
375,1300,38.84185999777401,2000,True,1641.8680139977369
388,1301,38.814309002191294,2000,True,1641.8680139977369
392,1302,38.86512699682498,2000,True,1641.8680139977369
380,1303,39.04892499849666,2000,True,1641.8680139977369
379,1304,38.64249599428149,2000,True,1641.8680139977369
378,1305,38.895849997061305,2000,True,1641.8680139977369
376,1306,38.99025200371398,2000,True,1641.8680139977369
388,1308,38.2836920034606,2000,True,1641.8680139977369
381,1307,45.073016997775994,2000,True,1641.8680139977369
376,1310,44.206069003848825,2000,True,1641.8680139977369
388,1309,45.23107899876777,2000,True,1641.8680139977369
378,1311,45.009563997155055,2000,True,1641.8680139977369
384,1312,44.75429900048766,2000,True,1641.8680139977369
388,1313,44.61061100300867,2000,True,1641.8680139977369
376,1314,45.23088299902156,2000,True,1641.8680139977369
387,1315,45.41594699549023,2000,True,1641.8680139977369
377,1316,45.53103099897271,2000,True,1641.8680139977369
382,1317,45.271607996255625,2000,True,1641.8680139977369
388,1318,45.321769001020584,2000,True,1641.8680139977369
384,1319,45.456854000804015,2000,True,1641.8680139977369
387,1320,45.23292600060813,2000,True,1641.8680139977369
380,1321,45.04491099942243,2000,True,1641.8680139977369
383,1322,45.01851300301496,2000,True,1641.8680139977369
371,1323,44.586235999304336,2000,True,1641.8680139977369
370,1324,44.573633997060824,2000,True,1641.8680139977369
381,1325,44.756202994904015,2000,True,1641.8680139977369
392,1326,44.522673000756186,2000,True,1641.8680139977369
378,1327,44.33402299764566,2000,True,1641.8680139977369
376,1328,44.73673399479594,2000,True,1641.8680139977369
378,1329,44.89278500113869,2000,True,1641.8680139977369
392,1330,45.962185999087524,2000,True,1641.8680139977369
385,1331,46.023284005059395,2000,True,1641.8680139977369
392,1332,46.53548100031912,2000,True,1641.8680139977369
395,1333,46.522994998667855,2000,True,1641.8680139977369
371,1334,46.55838200415019,2000,True,1641.8680139977369
380,1335,46.29629100236343,2000,True,1641.8680139977369
381,1336,45.73244800121756,2000,True,1641.8680139977369
379,1337,45.574203999422025,2000,True,1641.8680139977369
383,1338,45.94864799582865,2000,True,1641.8680139977369
383,1339,45.81127400160767,2000,True,1641.8680139977369
392,1340,46.05472299590474,2000,True,1641.8680139977369
381,1341,45.961439005623106,2000,True,1641.8680139977369
375,1342,46.17387100006454,2000,True,1641.8680139977369
385,1343,46.13823500403669,2000,True,1641.8680139977369
386,1344,46.68471399781993,2000,True,1641.8680139977369
391,1345,47.166768003080506,2000,True,1641.8680139977369
393,1346,46.87653500150191,2000,True,1641.8680139977369
389,1347,47.37047099479241,2000,True,1641.8680139977369
378,1350,45.847801004128996,2000,True,1641.8680139977369
390,1351,46.18624599970644,2000,True,1641.8680139977369
380,1348,48.35138999624178,2000,True,1641.8680139977369
373,1349,47.917219999362715,2000,True,1641.8680139977369
388,1352,46.2330500013195,2000,True,1641.8680139977369
391,1353,46.33043200010434,2000,True,1641.8680139977369
389,1356,45.726888994977344,2000,True,1641.8680139977369
370,1355,46.48364100285107,2000,True,1641.8680139977369
377,1354,47.04749600205105,2000,True,1641.8680139977369
376,1357,46.31394399621058,2000,True,1641.8680139977369
382,1359,46.55027999979211,2000,True,1641.8680139977369
385,1358,47.48867799935397,2000,True,1641.8680139977369
380,1360,47.03937399608549,2000,True,1641.8680139977369
377,1361,47.14460200193571,2000,True,1641.8680139977369
386,1362,47.02736200124491,2000,True,1641.8680139977369
383,1363,47.10112899920205,2000,True,1641.8680139977369
382,1364,47.48671899869805,2000,True,1641.8680139977369
381,1365,48.11102299572667,2000,True,1641.8680139977369
392,1366,47.7815910053323,2000,True,1641.8680139977369
375,1367,47.747389995492995,2000,True,1641.8680139977369
395,1368,48.20900299819186,2000,True,1641.8680139977369
379,1369,47.95265400025528,2000,True,1641.8680139977369
383,1370,48.03901299601421,2000,True,1641.8680139977369
388,1371,48.3399470031145,2000,True,1641.8680139977369
376,1372,42.3196569972788,2000,True,1641.8680139977369
395,1373,42.13268700550543,2000,True,1641.8680139977369
375,1374,41.8515519995708,2000,True,1641.8680139977369
388,1375,41.90401099913288,2000,True,1641.8680139977369
370,1376,41.421293004532345,2000,True,1641.8680139977369
382,1377,41.678867004520725,2000,True,1641.8680139977369
376,1378,41.10425600083545,2000,True,1641.8680139977369
396,1379,40.88710399810225,2000,True,1641.8680139977369
372,1380,40.816643995640334,2000,True,1641.8680139977369
385,1381,40.59392899944214,2000,True,1641.8680139977369
390,1382,40.738457995757926,2000,True,1641.8680139977369
386,1383,41.318891002447344,2000,True,1641.8680139977369
388,1384,41.00507099792594,2000,True,1641.8680139977369
379,1385,42.06799199891975,2000,True,1641.8680139977369
388,1386,41.882505000103265,2000,True,1641.8680139977369
376,1387,43.05748999468051,2000,True,1641.8680139977369
393,1388,43.30230999767082,2000,True,1641.8680139977369
380,1389,43.47741899982793,2000,True,1641.8680139977369
402,1390,43.35144999640761,2000,True,1641.8680139977369
384,1391,43.58309700182872,2000,True,1641.8680139977369
379,1392,43.279672994685825,2000,True,1641.8680139977369
381,1393,42.72848300024634,2000,True,1641.8680139977369
375,1394,41.94333900522906,2000,True,1641.8680139977369
385,1395,41.988802993728314,2000,True,1641.8680139977369
375,1396,41.701757996634115,2000,True,1641.8680139977369
401,1397,41.95429100218462,2000,True,1641.8680139977369
388,1398,41.7889290038147,2000,True,1641.8680139977369
392,1399,42.17193299700739,2000,True,1641.8680139977369
387,1400,42.58404400025029,2000,True,1641.8680139977369
370,1401,42.83157700410811,2000,True,1641.8680139977369
385,1402,42.56525500386488,2000,True,1641.8680139977369
385,1403,42.86831399804214,2000,True,1641.8680139977369
375,1404,42.53500399499899,2000,True,1641.8680139977369
374,1405,42.64793699985603,2000,True,1641.8680139977369
381,1406,42.73399800149491,2000,True,1641.8680139977369
381,1407,42.26829000253929,2000,True,1641.8680139977369
392,1408,42.0428549987264,2000,True,1641.8680139977369
383,1409,41.471976997854654,2000,True,1641.8680139977369
387,1410,41.68274200492306,2000,True,1641.8680139977369
376,1411,41.31957700155908,2000,True,1641.8680139977369
371,1412,41.152655001496896,2000,True,1641.8680139977369
397,1413,40.90040699520614,2000,True,1641.8680139977369
392,1414,41.26444800203899,2000,True,1641.8680139977369
370,1415,41.578637006750796,2000,True,1641.8680139977369
383,1417,40.91823699855013,2000,True,1641.8680139977369
372,1416,43.55733499687631,2000,True,1641.8680139977369
397,1418,42.125913001655135,2000,True,1641.8680139977369
393,1419,42.357703001471236,2000,True,1641.8680139977369
370,1420,42.63442700175801,2000,True,1641.8680139977369
392,1421,42.35254199738847,2000,True,1641.8680139977369
383,1422,41.838723998807836,2000,True,1641.8680139977369
376,1423,41.74048499407945,2000,True,1641.8680139977369
382,1424,42.00146200309973,2000,True,1641.8680139977369
374,1425,41.843523998977616,2000,True,1641.8680139977369
388,1426,41.354862005391624,2000,True,1641.8680139977369
376,1427,41.78996800328605,2000,True,1641.8680139977369
371,1428,41.6462089997367,2000,True,1641.8680139977369
384,1429,41.053822002140805,2000,True,1641.8680139977369
383,1430,41.3087729975814,2000,True,1641.8680139977369
387,1431,41.436125997279305,2000,True,1641.8680139977369
371,1432,41.07059099624166,2000,True,1641.8680139977369
376,1433,41.106106000370346,2000,True,1641.8680139977369
398,1434,41.17083900200669,2000,True,1641.8680139977369
375,1435,40.82829100661911,2000,True,1641.8680139977369
372,1436,40.71420699619921,2000,True,1641.8680139977369
384,1437,41.13037799834274,2000,True,1641.8680139977369
380,1439,40.71018700051354,2000,True,1641.8680139977369
385,1438,41.94677800114732,2000,True,1641.8680139977369
372,1440,41.185715002939105,2000,True,1641.8680139977369
383,1441,41.29153200483415,2000,True,1641.8680139977369
384,1442,41.772134994971566,2000,True,1641.8680139977369
387,1443,41.80885800451506,2000,True,1641.8680139977369
380,1444,42.013008998765144,2000,True,1641.8680139977369
371,1445,41.80862700013677,2000,True,1641.8680139977369
381,1446,42.32418500032509,2000,True,1641.8680139977369
374,1447,41.29891699994914,2000,True,1641.8680139977369
377,1448,41.674041996884625,2000,True,1641.8680139977369
378,1449,41.03090099670226,2000,True,1641.8680139977369
379,1450,41.66252599679865,2000,True,1641.8680139977369
397,1451,40.47754099883605,2000,True,1641.8680139977369
393,1452,40.30815100122709,2000,True,1641.8680139977369
391,1453,40.32445500342874,2000,True,1641.8680139977369
388,1454,40.33459800120909,2000,True,1641.8680139977369
377,1455,40.0901140019414,2000,True,1641.8680139977369
388,1456,40.296561004652176,2000,True,1641.8680139977369
397,1457,40.15338500175858,2000,True,1641.8680139977369
387,1458,40.459967000060715,2000,True,1641.8680139977369
384,1459,40.481876996636856,2000,True,1641.8680139977369
394,1460,40.72910900140414,2000,True,1641.8680139977369
392,1461,40.66198200598592,2000,True,1641.8680139977369
402,1462,40.85100799420616,2000,True,1641.8680139977369
380,1463,40.50571600237163,2000,True,1641.8680139977369
391,1464,40.586631002952345,2000,True,1641.8680139977369
384,1465,40.90314300265163,2000,True,1641.8680139977369
385,1466,40.691065005376004,2000,True,1641.8680139977369
376,1467,40.670119000424165,2000,True,1641.8680139977369
388,1468,41.142738999042194,2000,True,1641.8680139977369
379,1469,41.562085003533866,2000,True,1641.8680139977369
387,1470,41.31939000217244,2000,True,1641.8680139977369
384,1471,41.700729001604486,2000,True,1641.8680139977369
373,1472,41.63801300455816,2000,True,1641.8680139977369
388,1473,41.74396300368244,2000,True,1641.8680139977369
397,1474,41.696888001752086,2000,True,1641.8680139977369
385,1475,41.50499999377644,2000,True,1641.8680139977369
381,1476,41.7612149976776,2000,True,1641.8680139977369
387,1477,41.63562699977774,2000,True,1641.8680139977369
381,1478,41.09625999990385,2000,True,1641.8680139977369
392,1479,40.89513399958378,2000,True,1641.8680139977369
388,1480,41.21459699672414,2000,True,1641.8680139977369
388,1482,39.20895099872723,2000,True,1641.8680139977369
385,1481,40.41895999398548,2000,True,1641.8680139977369
379,1483,39.66564000438666,2000,True,1641.8680139977369
394,1484,39.96626400476089,2000,True,1641.8680139977369
381,1485,39.614793997316156,2000,True,1641.8680139977369
376,1487,39.62072700232966,2000,True,1641.8680139977369
377,1486,40.47915500268573,2000,True,1641.8680139977369
380,1488,39.66586699971231,2000,True,1641.8680139977369
372,1489,39.943636998941656,2000,True,1641.8680139977369
376,1490,40.30741200404009,2000,True,1641.8680139977369
382,1491,39.88188699440798,2000,True,1641.8680139977369
377,1492,39.772866999555845,2000,True,1641.8680139977369
385,1493,40.19742100354051,2000,True,1641.8680139977369
378,1494,39.706568997644354,2000,True,1641.8680139977369
384,1495,40.08626400172943,2000,True,1641.8680139977369
389,1496,40.1536630015471,2000,True,1641.8680139977369
371,1497,39.96358300355496,2000,True,1641.8680139977369
371,1498,39.93616200023098,2000,True,1641.8680139977369
392,1499,40.146740997442976,2000,True,1641.8680139977369
384,1500,40.38954599673161,2000,True,1641.8680139977369
380,1501,39.73949600185733,2000,True,1641.8680139977369
402,1502,40.465483005391434,2000,True,1641.8680139977369
370,1503,40.029706004133914,2000,True,1641.8680139977369
384,1504,40.19617800076958,2000,True,1641.8680139977369
384,1505,39.94955000234768,2000,True,1641.8680139977369
392,1506,39.77731100167148,2000,True,1641.8680139977369
372,1507,39.49606900278013,2000,True,1641.8680139977369
394,1508,39.63108100288082,2000,True,1641.8680139977369
386,1509,39.49172800639644,2000,True,1641.8680139977369
373,1510,38.72282300289953,2000,True,1641.8680139977369
381,1511,39.25545699894428,2000,True,1641.8680139977369
377,1512,38.926798006286845,2000,True,1641.8680139977369
376,1513,38.9156700039166,2000,True,1641.8680139977369
377,1514,38.25681399757741,2000,True,1641.8680139977369
377,1516,38.084359002823476,2000,True,1641.8680139977369
380,1515,38.66526700585382,2000,True,1641.8680139977369
374,1517,37.71750700252596,2000,True,1641.8680139977369
386,1518,37.68897700501839,2000,True,1641.8680139977369
377,1519,38.81967199413339,2000,True,1641.8680139977369
393,1520,38.06350999366259,2000,True,1641.8680139977369
376,1521,40.25168500083964,2000,True,1641.8680139977369
388,1523,39.721562003251165,2000,True,1641.8680139977369
393,1522,40.414235001662746,2000,True,1641.8680139977369
371,1524,39.523844003269915,2000,True,1641.8680139977369
372,1525,39.416036001057364,2000,True,1641.8680139977369
398,1526,39.628434999031015,2000,True,1641.8680139977369
372,1528,38.88583099615062,2000,True,1641.8680139977369
375,1527,40.050843002973124,2000,True,1641.8680139977369
382,1529,38.92721000011079,2000,True,1641.8680139977369
381,1530,39.00949300441425,2000,True,1641.8680139977369
380,1531,38.80128399759997,2000,True,1641.8680139977369
382,1532,38.3370690033189,2000,True,1641.8680139977369
371,1533,37.948709999909624,2000,True,1641.8680139977369
389,1534,38.18870000395691,2000,True,1641.8680139977369
376,1535,38.04338999907486,2000,True,1641.8680139977369
379,1536,38.02476800046861,2000,True,1641.8680139977369
399,1537,38.12208699673647,2000,True,1641.8680139977369
379,1538,37.87923700292595,2000,True,1641.8680139977369
380,1539,38.2444549977663,2000,True,1641.8680139977369
382,1540,37.88829300174257,2000,True,1641.8680139977369
390,1541,38.22907600260805,2000,True,1641.8680139977369
379,1542,38.380599005904514,2000,True,1641.8680139977369
378,1543,39.10642999835545,2000,True,1641.8680139977369
380,1544,39.43873700336553,2000,True,1641.8680139977369
370,1545,39.654499996686354,2000,True,1641.8680139977369
380,1546,40.15258899744367,2000,True,1641.8680139977369
387,1547,40.69494800205575,2000,True,1641.8680139977369
396,1548,41.29163100151345,2000,True,1641.8680139977369
383,1549,41.39860199938994,2000,True,1641.8680139977369
386,1550,41.57289300201228,2000,True,1641.8680139977369
374,1551,42.534947002422996,2000,True,1641.8680139977369
369,1552,42.15200999897206,2000,True,1641.8680139977369
370,1553,42.20548000012059,2000,True,1641.8680139977369
370,1554,42.401635997521225,2000,True,1641.8680139977369
380,1555,42.401259001053404,2000,True,1641.8680139977369
392,1556,42.20812499988824,2000,True,1641.8680139977369
375,1557,42.077800004335586,2000,True,1641.8680139977369
371,1558,42.55374200147344,2000,True,1641.8680139977369
369,1559,42.091374001756776,2000,True,1641.8680139977369
376,1560,42.364266999356914,2000,True,1641.8680139977369
392,1561,42.053432000102475,2000,True,1641.8680139977369
391,1562,41.967588003899436,2000,True,1641.8680139977369
396,1563,42.121228005271405,2000,True,1641.8680139977369
380,1564,42.15286099497462,2000,True,1641.8680139977369
375,1565,42.24117299600039,2000,True,1641.8680139977369
381,1566,41.799885002546944,2000,True,1641.8680139977369
370,1567,41.82948199741077,2000,True,1641.8680139977369
396,1569,41.107259996351786,2000,True,1641.8680139977369
397,1568,42.46692000015173,2000,True,1641.8680139977369
378,1571,41.548615001374856,2000,True,1641.8680139977369
374,1570,42.16090599948075,2000,True,1641.8680139977369
380,1572,42.23399399779737,2000,True,1641.8680139977369
389,1574,42.1939099978772,2000,True,1641.8680139977369
369,1573,43.19610600214219,2000,True,1641.8680139977369
380,1575,42.69529900193447,2000,True,1641.8680139977369
392,1576,42.64889700425556,2000,True,1641.8680139977369
374,1577,42.4856380050187,2000,True,1641.8680139977369
381,1578,42.8666340012569,2000,True,1641.8680139977369
374,1579,42.71612299635308,2000,True,1641.8680139977369
388,1580,42.9139909974765,2000,True,1641.8680139977369
378,1581,42.72701300214976,2000,True,1641.8680139977369
369,1582,42.96137799974531,2000,True,1641.8680139977369
369,1583,42.066661997523624,2000,True,1641.8680139977369
385,1584,42.233929001668,2000,True,1641.8680139977369
380,1585,40.56099800072843,2000,True,1641.8680139977369
381,1586,40.11115300090751,2000,True,1641.8680139977369
376,1587,40.337994003493804,2000,True,1641.8680139977369
387,1588,40.25870499754092,2000,True,1641.8680139977369
385,1589,40.42014100559754,2000,True,1641.8680139977369
388,1590,40.13700599898584,2000,True,1641.8680139977369
380,1591,40.080835002299864,2000,True,1641.8680139977369
379,1592,40.04089400405064,2000,True,1641.8680139977369
383,1593,40.01966999931028,2000,True,1641.8680139977369
374,1594,40.10503400058951,2000,True,1641.8680139977369
383,1595,40.349763999984134,2000,True,1641.8680139977369
369,1596,40.18436600017594,2000,True,1641.8680139977369
370,1597,40.80317299667513,2000,True,1641.8680139977369
387,1598,40.86293900036253,2000,True,1641.8680139977369
375,1599,40.57110299618216,2000,True,1641.8680139977369
384,1600,40.90670200093882,2000,True,1641.8680139977369
383,1601,40.943375999631826,2000,True,1641.8680139977369
393,1602,40.620643994770944,2000,True,1641.8680139977369
368,1603,41.14284199749818,2000,True,1641.8680139977369
393,1604,41.27436799899442,2000,True,1641.8680139977369
379,1605,40.44961099862121,2000,True,1641.8680139977369
382,1606,41.094040003372356,2000,True,1641.8680139977369
375,1607,40.51784900366329,2000,True,1641.8680139977369
388,1608,39.78387200186262,2000,True,1641.8680139977369
368,1609,40.41304299607873,2000,True,1641.8680139977369
396,1610,39.509933994850144,2000,True,1641.8680139977369
375,1611,39.31331599596888,2000,True,1641.8680139977369
387,1612,38.217358000110835,2000,True,1641.8680139977369
382,1613,38.382606995583046,2000,True,1641.8680139977369
389,1614,37.92012899793917,2000,True,1641.8680139977369
373,1615,37.17259599943645,2000,True,1641.8680139977369
378,1616,37.88168300525285,2000,True,1641.8680139977369
396,1617,37.979531996825244,2000,True,1641.8680139977369
382,1618,37.09823900135234,2000,True,1641.8680139977369
382,1619,37.751222000224516,2000,True,1641.8680139977369
376,1620,37.60282300208928,2000,True,1641.8680139977369
373,1621,37.86630700051319,2000,True,1641.8680139977369
382,1622,37.022290998720564,2000,True,1641.8680139977369
392,1623,37.62068800278939,2000,True,1641.8680139977369
385,1624,37.492175004445016,2000,True,1641.8680139977369
387,1625,37.66741100116633,2000,True,1641.8680139977369
389,1626,37.842750003619585,2000,True,1641.8680139977369
382,1627,37.27672799868742,2000,True,1641.8680139977369
391,1628,37.17253200011328,2000,True,1641.8680139977369
383,1629,37.82354400027543,2000,True,1641.8680139977369
379,1630,37.74095499829855,2000,True,1641.8680139977369
384,1631,38.131613000587095,2000,True,1641.8680139977369
393,1632,38.36992599826772,2000,True,1641.8680139977369
379,1633,37.7203560055932,2000,True,1641.8680139977369
388,1635,37.611796004057396,2000,True,1641.8680139977369
393,1634,39.37030399538344,2000,True,1641.8680139977369
386,1636,38.19165199820418,2000,True,1641.8680139977369
383,1637,38.725679005437996,2000,True,1641.8680139977369
375,1638,38.43695799878333,2000,True,1641.8680139977369
375,1639,38.34945299604442,2000,True,1641.8680139977369
385,1640,38.67365199403139,2000,True,1641.8680139977369
388,1641,38.76812099770177,2000,True,1641.8680139977369
393,1642,38.52966200065566,2000,True,1641.8680139977369
401,1643,39.036554997437634,2000,True,1641.8680139977369
380,1644,39.129220000177156,2000,True,1641.8680139977369
384,1645,38.718688003427815,2000,True,1641.8680139977369
391,1646,38.82581899961224,2000,True,1641.8680139977369
391,1647,38.82376399997156,2000,True,1641.8680139977369
392,1648,39.066036995791364,2000,True,1641.8680139977369
392,1649,38.70643199479673,2000,True,1641.8680139977369
371,1650,39.007569997920655,2000,True,1641.8680139977369
401,1651,38.79583300295053,2000,True,1641.8680139977369
382,1652,39.032271000905894,2000,True,1641.8680139977369
393,1653,38.93293200235348,2000,True,1641.8680139977369
377,1654,39.10037700552493,2000,True,1641.8680139977369
378,1655,39.14651400555158,2000,True,1641.8680139977369
398,1656,39.06747700239066,2000,True,1641.8680139977369
391,1657,39.14674499537796,2000,True,1641.8680139977369
384,1658,39.02748299879022,2000,True,1641.8680139977369
371,1659,38.750974999857135,2000,True,1641.8680139977369
379,1660,39.09861799911596,2000,True,1641.8680139977369
382,1661,38.76055299770087,2000,True,1641.8680139977369
396,1662,38.54939400480362,2000,True,1641.8680139977369
381,1663,39.231495997228194,2000,True,1641.8680139977369
388,1664,38.64721499849111,2000,True,1641.8680139977369
393,1665,38.644790001853835,2000,True,1641.8680139977369
386,1666,38.861626002471894,2000,True,1641.8680139977369
389,1667,38.35331899608718,2000,True,1641.8680139977369
379,1669,38.74021400406491,2000,True,1641.8680139977369
372,1668,39.87534200132359,2000,True,1641.8680139977369
390,1670,38.863934998516925,2000,True,1641.8680139977369
387,1671,39.12343400588725,2000,True,1641.8680139977369
373,1672,39.15481400326826,2000,True,1641.8680139977369
392,1673,38.588065006479155,2000,True,1641.8680139977369
390,1674,38.90355100156739,2000,True,1641.8680139977369
384,1675,38.8484930008417,2000,True,1641.8680139977369
378,1676,39.01762099849293,2000,True,1641.8680139977369
381,1678,38.95302399905631,2000,True,1641.8680139977369
380,1677,39.96204099530587,2000,True,1641.8680139977369
385,1679,39.56504500092706,2000,True,1641.8680139977369
393,1680,38.52121599629754,2000,True,1641.8680139977369
380,1681,38.626276997092646,2000,True,1641.8680139977369
371,1682,39.12170800322201,2000,True,1641.8680139977369
376,1683,38.875853999343235,2000,True,1641.8680139977369
386,1684,39.23521300021093,2000,True,1641.8680139977369
385,1685,39.781808998668566,2000,True,1641.8680139977369
388,1686,40.51813999831211,2000,True,1641.8680139977369
391,1687,41.30275900388369,2000,True,1641.8680139977369
393,1688,41.12278899992816,2000,True,1641.8680139977369
392,1689,42.18075899552787,2000,True,1641.8680139977369
398,1690,42.11184399900958,2000,True,1641.8680139977369
381,1691,43.251939001493156,2000,True,1641.8680139977369
377,1692,43.282211998302955,2000,True,1641.8680139977369
386,1693,43.260974998702295,2000,True,1641.8680139977369
375,1694,43.51634300110163,2000,True,1641.8680139977369
375,1695,43.70518500218168,2000,True,1641.8680139977369
402,1696,43.564644001889974,2000,True,1641.8680139977369
385,1697,43.77117099647876,2000,True,1641.8680139977369
375,1698,43.501257998286746,2000,True,1641.8680139977369
388,1699,42.75590299948817,2000,True,1641.8680139977369
371,1700,42.79734600277152,2000,True,1641.8680139977369
397,1701,42.5003190030111,2000,True,1641.8680139977369
380,1703,42.48517399537377,2000,True,1641.8680139977369
382,1702,43.48111600120319,2000,True,1641.8680139977369
377,1704,42.79497300012736,2000,True,1641.8680139977369
387,1705,43.00718500599032,2000,True,1641.8680139977369
371,1706,42.95751899917377,2000,True,1641.8680139977369
388,1707,42.71646199777024,2000,True,1641.8680139977369
383,1708,43.107812001835555,2000,True,1641.8680139977369
378,1709,43.15471999871079,2000,True,1641.8680139977369
375,1710,43.53433899814263,2000,True,1641.8680139977369
382,1711,43.77604600449558,2000,True,1641.8680139977369
375,1712,44.010969999362715,2000,True,1641.8680139977369
386,1713,43.770989002950955,2000,True,1641.8680139977369
394,1714,44.003836999763735,2000,True,1641.8680139977369
388,1715,44.03431699756766,2000,True,1641.8680139977369
398,1716,43.48153099999763,2000,True,1641.8680139977369
371,1717,44.22968899598345,2000,True,1641.8680139977369
402,1718,43.96113300026627,2000,True,1641.8680139977369
375,1719,43.88337199634407,2000,True,1641.8680139977369
375,1720,44.15696099749766,2000,True,1641.8680139977369
369,1721,43.95466300047701,2000,True,1641.8680139977369
381,1722,45.06728499836754,2000,True,1641.8680139977369
384,1723,44.566312004462816,2000,True,1641.8680139977369
372,1724,44.85247699631145,2000,True,1641.8680139977369
398,1726,44.78749699774198,2000,True,1641.8680139977369
379,1725,45.9613260027254,2000,True,1641.8680139977369
377,1728,44.857838001917116,2000,True,1641.8680139977369
391,1727,45.65183899831027,2000,True,1641.8680139977369
379,1729,45.362374003161676,2000,True,1641.8680139977369
388,1730,45.61652700067498,2000,True,1641.8680139977369
375,1731,45.65688800357748,2000,True,1641.8680139977369
375,1732,45.0661159993615,2000,True,1641.8680139977369
384,1733,44.870164994790684,2000,True,1641.8680139977369
385,1734,44.936190999578685,2000,True,1641.8680139977369
374,1735,44.73650900035864,2000,True,1641.8680139977369
384,1736,45.18292300053872,2000,True,1641.8680139977369
371,1737,44.9322599961306,2000,True,1641.8680139977369
386,1738,45.13741400296567,2000,True,1641.8680139977369
381,1739,45.24503099673893,2000,True,1641.8680139977369
388,1740,45.012190006673336,2000,True,1641.8680139977369
371,1741,45.24685200158274,2000,True,1641.8680139977369
392,1742,45.30080100084888,2000,True,1641.8680139977369
391,1743,45.2354529988952,2000,True,1641.8680139977369
372,1744,45.53192299499642,2000,True,1641.8680139977369
370,1745,45.66839300241554,2000,True,1641.8680139977369
390,1746,45.40736199851381,2000,True,1641.8680139977369
387,1747,45.495948994357605,2000,True,1641.8680139977369
377,1748,45.4895779985236,2000,True,1641.8680139977369
384,1749,44.978351004829165,2000,True,1641.8680139977369
394,1750,44.66924000007566,2000,True,1641.8680139977369
371,1751,43.80211399984546,2000,True,1641.8680139977369
372,1752,43.843785002536606,2000,True,1641.8680139977369
387,1753,42.68748199683614,2000,True,1641.8680139977369
385,1754,42.606848997820634,2000,True,1641.8680139977369
376,1755,41.80776999419322,2000,True,1641.8680139977369
391,1756,41.65293499681866,2000,True,1641.8680139977369
370,1757,41.099290996498894,2000,True,1641.8680139977369
388,1758,41.04707200167468,2000,True,1641.8680139977369
388,1759,40.55528300523292,2000,True,1641.8680139977369
381,1760,40.70648299966706,2000,True,1641.8680139977369
382,1761,40.676838005310856,2000,True,1641.8680139977369
377,1762,40.823253999406006,2000,True,1641.8680139977369
371,1763,41.10975500225322,2000,True,1641.8680139977369
382,1764,41.3771320017986,2000,True,1641.8680139977369
380,1765,41.431382996961474,2000,True,1641.8680139977369
393,1766,41.07533700152999,2000,True,1641.8680139977369
383,1767,41.18550100247376,2000,True,1641.8680139977369
382,1768,40.709035005420446,2000,True,1641.8680139977369
385,1769,40.81818400300108,2000,True,1641.8680139977369
379,1770,40.98722599883331,2000,True,1641.8680139977369
381,1772,39.911584004585166,2000,True,1641.8680139977369
371,1771,40.95653600234073,2000,True,1641.8680139977369
392,1773,40.40470899781212,2000,True,1641.8680139977369
391,1774,40.57142999954522,2000,True,1641.8680139977369
382,1775,40.903207998781,2000,True,1641.8680139977369
380,1776,40.58663099567639,2000,True,1641.8680139977369
391,1777,40.46780100179603,2000,True,1641.8680139977369
396,1778,40.528033998270985,2000,True,1641.8680139977369
382,1779,40.56218799814815,2000,True,1641.8680139977369
385,1780,40.69020500173792,2000,True,1641.8680139977369
384,1781,40.453116002026945,2000,True,1641.8680139977369
387,1782,40.514475003874395,2000,True,1641.8680139977369
386,1783,40.22945000178879,2000,True,1641.8680139977369
398,1784,40.53588700480759,2000,True,1641.8680139977369
392,1785,40.77612399851205,2000,True,1641.8680139977369
394,1786,40.15642000013031,2000,True,1641.8680139977369
401,1787,40.457643000991084,2000,True,1641.8680139977369
390,1788,40.14461399492575,2000,True,1641.8680139977369
371,1789,40.0555020023603,2000,True,1641.8680139977369
371,1790,39.84116700303275,2000,True,1641.8680139977369
375,1791,39.92965499492129,2000,True,1641.8680139977369
400,1792,40.250649995869026,2000,True,1641.8680139977369
374,1793,40.451961001963355,2000,True,1641.8680139977369
384,1794,41.20022099959897,2000,True,1641.8680139977369
372,1795,41.07855300389929,2000,True,1641.8680139977369
370,1796,41.94639500201447,2000,True,1641.8680139977369
394,1797,41.86674799711909,2000,True,1641.8680139977369
374,1798,42.10666499420768,2000,True,1641.8680139977369
386,1799,42.11094600032084,2000,True,1641.8680139977369
370,1800,42.07144700194476,2000,True,1641.8680139977369
374,1801,42.65657699579606,2000,True,1641.8680139977369
396,1802,42.10018400044646,2000,True,1641.8680139977369
385,1803,42.33606599882478,2000,True,1641.8680139977369
385,1804,42.114541996852495,2000,True,1641.8680139977369
380,1805,41.852485002891626,2000,True,1641.8680139977369
381,1806,42.342515000200365,2000,True,1641.8680139977369
370,1807,42.25942700577434,2000,True,1641.8680139977369
378,1808,42.59922599885613,2000,True,1641.8680139977369
383,1809,42.94155900424812,2000,True,1641.8680139977369
390,1810,42.8792370003066,2000,True,1641.8680139977369
378,1811,42.55824300344102,2000,True,1641.8680139977369
396,1812,42.45403800450731,2000,True,1641.8680139977369
381,1813,41.977168002631515,2000,True,1641.8680139977369
383,1814,42.069057999469806,2000,True,1641.8680139977369
373,1815,42.179213000054006,2000,True,1641.8680139977369
392,1816,42.2735790052684,2000,True,1641.8680139977369
391,1817,42.4569850001717,2000,True,1641.8680139977369
382,1818,42.76513600052567,2000,True,1641.8680139977369
373,1819,42.600656001013704,2000,True,1641.8680139977369
369,1820,42.820465001568664,2000,True,1641.8680139977369
391,1821,42.5928760014358,2000,True,1641.8680139977369
376,1822,42.92113300471101,2000,True,1641.8680139977369
386,1823,42.876302999502514,2000,True,1641.8680139977369
397,1824,42.98068199568661,2000,True,1641.8680139977369
380,1825,42.76264800137142,2000,True,1641.8680139977369
396,1826,43.394231994170696,2000,True,1641.8680139977369
374,1827,42.83774299983634,2000,True,1641.8680139977369
384,1828,42.44395999558037,2000,True,1641.8680139977369
373,1829,42.578488995786756,2000,True,1641.8680139977369
371,1830,42.381576997286174,2000,True,1641.8680139977369
376,1832,42.369363000034355,2000,True,1641.8680139977369
386,1831,43.437713000457734,2000,True,1641.8680139977369
380,1833,43.330763997801114,2000,True,1641.8680139977369
375,1834,43.07550900557544,2000,True,1641.8680139977369
388,1835,42.92463899764698,2000,True,1641.8680139977369
387,1836,43.2423209931585,2000,True,1641.8680139977369
385,1837,43.23913600092055,2000,True,1641.8680139977369
387,1838,42.21055500238435,2000,True,1641.8680139977369
378,1839,41.74700499424944,2000,True,1641.8680139977369
374,1840,41.8508990042028,2000,True,1641.8680139977369
392,1841,42.36183300236007,2000,True,1641.8680139977369
395,1842,41.98977899795864,2000,True,1641.8680139977369
378,1843,42.71793299994897,2000,True,1641.8680139977369
384,1844,43.31546599860303,2000,True,1641.8680139977369
373,1845,43.584453997027595,2000,True,1641.8680139977369
383,1846,43.700540001736954,2000,True,1641.8680139977369
379,1847,44.329334996291436,2000,True,1641.8680139977369
392,1848,44.10635599924717,2000,True,1641.8680139977369
376,1849,45.00449500483228,2000,True,1641.8680139977369
381,1850,44.43054099829169,2000,True,1641.8680139977369
374,1851,44.66467299789656,2000,True,1641.8680139977369
387,1852,44.64056299912045,2000,True,1641.8680139977369
379,1853,44.55758300173329,2000,True,1641.8680139977369
377,1854,44.48823499842547,2000,True,1641.8680139977369
389,1855,44.153289003588725,2000,True,1641.8680139977369
375,1857,43.464424998092,2000,True,1641.8680139977369
381,1856,44.56308299995726,2000,True,1641.8680139977369
383,1858,42.73536999971839,2000,True,1641.8680139977369
387,1859,42.84171800100012,2000,True,1641.8680139977369
379,1860,42.098755002371036,2000,True,1641.8680139977369
381,1861,42.10819999570958,2000,True,1641.8680139977369
383,1862,41.98501400242094,2000,True,1641.8680139977369
380,1863,42.48102299607126,2000,True,1641.8680139977369
381,1864,42.56872399855638,2000,True,1641.8680139977369
386,1865,42.35913699812954,2000,True,1641.8680139977369
392,1866,42.598073996487074,2000,True,1641.8680139977369
381,1868,42.15472900250461,2000,True,1641.8680139977369
396,1867,43.53081400040537,2000,True,1641.8680139977369
373,1869,43.29818400583463,2000,True,1641.8680139977369
370,1870,43.405349999375176,2000,True,1641.8680139977369
389,1871,44.63896599918371,2000,True,1641.8680139977369
384,1872,44.79986200021813,2000,True,1641.8680139977369
379,1873,44.690466005704366,2000,True,1641.8680139977369
385,1874,44.6521580015542,2000,True,1641.8680139977369
382,1875,44.64017599821091,2000,True,1641.8680139977369
378,1877,44.236126996111125,2000,True,1641.8680139977369
380,1876,44.993584997428115,2000,True,1641.8680139977369
371,1878,44.80462599894963,2000,True,1641.8680139977369
392,1879,44.44019999937154,2000,True,1641.8680139977369
390,1880,44.67163600202184,2000,True,1641.8680139977369
369,1881,44.748461004928686,2000,True,1641.8680139977369
376,1882,44.63798000506358,2000,True,1641.8680139977369
368,1883,44.64088100212393,2000,True,1641.8680139977369
381,1884,44.63645099895075,2000,True,1641.8680139977369
385,1885,44.61605699907523,2000,True,1641.8680139977369
385,1886,44.34814100386575,2000,True,1641.8680139977369
378,1887,44.21493200061377,2000,True,1641.8680139977369
381,1888,44.39348600135418,2000,True,1641.8680139977369
382,1889,44.44030800368637,2000,True,1641.8680139977369
383,1890,43.91417799342889,2000,True,1641.8680139977369
382,1891,43.869553999684285,2000,True,1641.8680139977369
381,1892,44.23137299454538,2000,True,1641.8680139977369
374,1893,43.96140299650142,2000,True,1641.8680139977369
392,1894,44.34128999855602,2000,True,1641.8680139977369
394,1896,43.82818900194252,2000,True,1641.8680139977369
388,1895,44.737648000591435,2000,True,1641.8680139977369
374,1897,43.81587000534637,2000,True,1641.8680139977369
377,1898,44.00753200025065,2000,True,1641.8680139977369
381,1899,44.43998799979454,2000,True,1641.8680139977369
396,1900,44.03390300285537,2000,True,1641.8680139977369
387,1901,44.360680993122514,2000,True,1641.8680139977369
376,1902,44.11621799954446,2000,True,1641.8680139977369
392,1903,44.538674999785144,2000,True,1641.8680139977369
377,1904,44.27548799867509,2000,True,1641.8680139977369
393,1906,43.402998002420645,2000,True,1641.8680139977369
384,1905,45.102694995875936,2000,True,1641.8680139977369
382,1908,42.802543997822795,2000,True,1641.8680139977369
382,1907,47.338842996396124,2000,True,1641.8680139977369
396,1909,46.50890899938531,2000,True,1641.8680139977369
379,1910,46.371235002879985,2000,True,1641.8680139977369
389,1911,46.046480994846206,2000,True,1641.8680139977369
383,1912,45.93676700460492,2000,True,1641.8680139977369
375,1913,44.88276800111635,2000,True,1641.8680139977369
394,1914,45.32628499873681,2000,True,1641.8680139977369
389,1915,45.16327400051523,2000,True,1641.8680139977369
389,1916,45.14907999691786,2000,True,1641.8680139977369
384,1917,45.05920600058744,2000,True,1641.8680139977369
387,1918,45.172619000368286,2000,True,1641.8680139977369
385,1919,45.25375099910889,2000,True,1641.8680139977369
394,1920,45.28312100592302,2000,True,1641.8680139977369
381,1921,45.57612400094513,2000,True,1641.8680139977369
398,1922,45.36673700204119,2000,True,1641.8680139977369
376,1923,45.66060499928426,2000,True,1641.8680139977369
393,1924,45.4061990021728,2000,True,1641.8680139977369
379,1925,45.45627799961949,2000,True,1641.8680139977369
376,1926,45.184228001744486,2000,True,1641.8680139977369
389,1927,44.79407100006938,2000,True,1641.8680139977369
393,1928,44.92107699479675,2000,True,1641.8680139977369
383,1929,44.58483499911381,2000,True,1641.8680139977369
378,1930,44.46360500151059,2000,True,1641.8680139977369
393,1931,44.18393700325396,2000,True,1641.8680139977369
380,1932,43.48305599705782,2000,True,1641.8680139977369
383,1933,43.483984998601954,2000,True,1641.8680139977369
383,1934,43.02500000630971,2000,True,1641.8680139977369
401,1935,41.6238309990149,2000,True,1641.8680139977369
394,1936,41.1488560057478,2000,True,1641.8680139977369
378,1937,41.086356999585405,2000,True,1641.8680139977369
375,1938,40.70155899535166,2000,True,1641.8680139977369
380,1939,40.64019599900348,2000,True,1641.8680139977369
389,1940,40.29054500279017,2000,True,1641.8680139977369
401,1941,40.249418998428155,2000,True,1641.8680139977369
402,1942,39.69437300111167,2000,True,1641.8680139977369
393,1943,39.6804929987411,2000,True,1641.8680139977369
386,1944,39.38905800168868,2000,True,1641.8680139977369
369,1945,38.82888900261605,2000,True,1641.8680139977369
372,1946,38.518713001394644,2000,True,1641.8680139977369
374,1947,38.527511002030224,2000,True,1641.8680139977369
396,1948,38.06384799827356,2000,True,1641.8680139977369
376,1949,38.05056499550119,2000,True,1641.8680139977369
372,1950,37.783175001095515,2000,True,1641.8680139977369
370,1951,37.67872499884106,2000,True,1641.8680139977369
393,1952,37.1863120017224,2000,True,1641.8680139977369
374,1953,36.935192001692485,2000,True,1641.8680139977369
380,1954,36.673467002401594,2000,True,1641.8680139977369
385,1955,36.46006000053603,2000,True,1641.8680139977369
375,1956,36.379946999659296,2000,True,1641.8680139977369
379,1957,36.30497099948116,2000,True,1641.8680139977369
393,1958,36.082782004086766,2000,True,1641.8680139977369
379,1959,35.2867769979639,2000,True,1641.8680139977369
398,1960,35.191334995033685,2000,True,1641.8680139977369
389,1961,34.76008500001626,2000,True,1641.8680139977369
402,1962,34.70178800489521,2000,True,1641.8680139977369
392,1963,34.50631500163581,2000,True,1641.8680139977369
384,1964,34.53245399578009,2000,True,1641.8680139977369
380,1966,33.97057799884351,2000,True,1641.8680139977369
376,1965,34.56393699889304,2000,True,1641.8680139977369
384,1967,33.716603997163475,2000,True,1641.8680139977369
378,1968,33.8265960017452,2000,True,1641.8680139977369
380,1969,33.78943699499359,2000,True,1641.8680139977369
369,1971,32.24343899637461,2000,True,1641.8680139977369
387,1970,32.87266600091243,2000,True,1641.8680139977369
380,1972,29.01870799541939,2000,True,1641.8680139977369
389,1973,28.307262000453193,2000,True,1641.8680139977369
397,1974,28.19022999756271,2000,True,1641.8680139977369
370,1975,27.866383003129158,2000,True,1641.8680139977369
390,1976,27.553612002520822,2000,True,1641.8680139977369
380,1977,27.523978998942766,2000,True,1641.8680139977369
389,1978,27.006869000615552,2000,True,1641.8680139977369
389,1979,26.670835999539122,2000,True,1641.8680139977369
386,1980,26.479403000848833,2000,True,1641.8680139977369
374,1981,26.24639499845216,2000,True,1641.8680139977369
385,1982,25.72845199756557,2000,True,1641.8680139977369
380,1983,25.60414600156946,2000,True,1641.8680139977369
384,1984,25.369738999870606,2000,True,1641.8680139977369
376,1985,24.55871600250248,2000,True,1641.8680139977369
384,1986,24.66744899720652,2000,True,1641.8680139977369
380,1987,24.26094900147291,2000,True,1641.8680139977369
391,1988,23.787370999343693,2000,True,1641.8680139977369
376,1989,23.768348000885453,2000,True,1641.8680139977369
378,1990,23.494118999224156,2000,True,1641.8680139977369
393,1991,23.395821001031436,2000,True,1641.8680139977369
401,1993,22.4026439973386,2000,True,1641.8680139977369
379,1992,23.021192995656747,2000,True,1641.8680139977369
393,1994,21.96255900344113,2000,True,1641.8680139977369
387,1995,21.94946099916706,2000,True,1641.8680139977369
380,1996,21.981503996357787,2000,True,1641.8680139977369
379,1997,21.446003003802616,2000,True,1641.8680139977369
382,1998,20.94853500602767,2000,True,1641.8680139977369
382,1999,20.723285000713076,2000,True,1641.8680139977369
380,0,1140.433906999533,5000,True,18172.59277300036
361,1,1141.465351000079,5000,True,18172.59277300036
376,2,1142.7548189967638,5000,True,18172.59277300036
375,3,1167.6274550045491,5000,True,18172.59277300036
380,4,1169.0112140058773,5000,True,18172.59277300036
384,5,1169.994456002314,5000,True,18172.59277300036
386,6,1171.6324989974964,5000,True,18172.59277300036
368,7,1173.34209800174,5000,True,18172.59277300036
367,8,1175.0327109984937,5000,True,18172.59277300036
388,10,1176.4518859999953,5000,True,18172.59277300036
368,9,1178.4609119931702,5000,True,18172.59277300036
371,11,1179.5680259965593,5000,True,18172.59277300036
366,12,1181.0482189976028,5000,True,18172.59277300036
376,13,1190.3749789998983,5000,True,18172.59277300036
382,14,1191.8352970023989,5000,True,18172.59277300036
369,15,1193.0020169966156,5000,True,18172.59277300036
374,27,1193.827164999675,5000,True,18172.59277300036
381,17,1196.2792449994595,5000,True,18172.59277300036
387,28,1203.4884999957285,5000,True,18172.59277300036
389,18,1206.429717996798,5000,True,18172.59277300036
370,19,1207.764998995117,5000,True,18172.59277300036
389,22,1208.8939810055308,5000,True,18172.59277300036
369,21,1210.8148379993509,5000,True,18172.59277300036
389,20,1220.7312300015474,5000,True,18172.59277300036
375,24,1222.4521410025773,5000,True,18172.59277300036
380,25,1223.9375970020774,5000,True,18172.59277300036
381,26,1225.1974809987587,5000,True,18172.59277300036
388,23,1226.40456299996,5000,True,18172.59277300036
393,16,1229.5782250002958,5000,True,18172.59277300036
396,29,1236.4197240021895,5000,True,18172.59277300036
374,30,1251.148233001004,5000,True,18172.59277300036
377,32,1231.4529069990385,5000,True,18172.59277300036
382,31,1295.2535750009702,5000,True,18172.59277300036
387,33,1274.9300899959053,5000,True,18172.59277300036
366,34,1276.2137919999077,5000,True,18172.59277300036
387,35,1277.4953289990663,5000,True,18172.59277300036
381,49,1277.7977580044535,5000,True,18172.59277300036
391,37,1280.4559520009207,5000,True,18172.59277300036
372,36,1282.4866910013952,5000,True,18172.59277300036
381,38,1287.5499240035424,5000,True,18172.59277300036
371,39,1288.7415479999618,5000,True,18172.59277300036
375,45,1289.4417770003201,5000,True,18172.59277300036
374,43,1290.8937100000912,5000,True,18172.59277300036
383,53,1291.4987100011786,5000,True,18172.59277300036
397,40,1294.3545340021956,5000,True,18172.59277300036
396,55,1294.4005129975267,5000,True,18172.59277300036
365,47,1304.548521999095,5000,True,18172.59277300036
376,44,1306.0759689979022,5000,True,18172.59277300036
376,42,1308.2305839998298,5000,True,18172.59277300036
390,41,1309.5166670027538,5000,True,18172.59277300036
393,56,1309.2088169942144,5000,True,18172.59277300036
382,50,1319.3430910032475,5000,True,18172.59277300036
393,54,1320.399523996457,5000,True,18172.59277300036
383,52,1321.8463619996328,5000,True,18172.59277300036
387,51,1323.83508500061,5000,True,18172.59277300036
366,57,1324.8985499958508,5000,True,18172.59277300036
397,46,1328.20064000407,5000,True,18172.59277300036
389,48,1329.4753290028893,5000,True,18172.59277300036
380,60,1333.6879990019952,5000,True,18172.59277300036
367,58,1335.4240990011021,5000,True,18172.59277300036
376,59,1337.3422829972696,5000,True,18172.59277300036
372,62,1338.2738869986497,5000,True,18172.59277300036
375,61,1340.3131150043919,5000,True,18172.59277300036
381,63,1349.4879580030101,5000,True,18172.59277300036
383,64,240.0227719990653,5000,True,18172.59277300036
383,65,239.9354110020795,5000,True,18172.59277300036
384,66,240.05808599758893,5000,True,18172.59277300036
376,67,225.02387600252405,5000,True,18172.59277300036
375,68,225.27068299677921,5000,True,18172.59277300036
386,69,225.53607299778378,5000,True,18172.59277300036
365,70,225.48649000236765,5000,True,18172.59277300036
364,71,233.9025879991823,5000,True,18172.59277300036
380,72,232.8914750032709,5000,True,18172.59277300036
388,73,233.15797399845906,5000,True,18172.59277300036
372,74,232.61016899778042,5000,True,18172.59277300036
375,75,232.75088199443417,5000,True,18172.59277300036
378,76,240.9653239956242,5000,True,18172.59277300036
387,77,233.64335099904565,5000,True,18172.59277300036
375,78,233.2751840003766,5000,True,18172.59277300036
383,79,233.3129740000004,5000,True,18172.59277300036
370,80,232.85726999893086,5000,True,18172.59277300036
379,81,241.01458699442446,5000,True,18172.59277300036
370,82,239.41655999806244,5000,True,18172.59277300036
383,83,238.88255000201752,5000,True,18172.59277300036
379,84,238.353034001193,5000,True,18172.59277300036
378,85,238.09183399862377,5000,True,18172.59277300036
380,86,241.7795999936061,5000,True,18172.59277300036
372,87,232.94396100391168,5000,True,18172.59277300036
372,88,231.64793799514882,5000,True,18172.59277300036
377,89,231.78353600087576,5000,True,18172.59277300036
375,90,232.3702029971173,5000,True,18172.59277300036
371,91,240.34472099447157,5000,True,18172.59277300036
383,92,238.91050300153438,5000,True,18172.59277300036
371,93,232.15867100225296,5000,True,18172.59277300036
392,94,219.22417099995073,5000,True,18172.59277300036
369,95,218.5005799983628,5000,True,18172.59277300036
375,96,186.4967740038992,5000,True,18172.59277300036
387,97,185.99233499844559,5000,True,18172.59277300036
378,98,185.9875530062709,5000,True,18172.59277300036
365,99,185.95029800053453,5000,True,18172.59277300036
391,100,185.2092970002559,5000,True,18172.59277300036
381,101,193.97764000314055,5000,True,18172.59277300036
386,102,193.3127730007982,5000,True,18172.59277300036
368,103,190.15368700638646,5000,True,18172.59277300036
385,104,190.00757100002375,5000,True,18172.59277300036
374,105,190.35647199780215,5000,True,18172.59277300036
395,106,198.74119399901247,5000,True,18172.59277300036
379,107,197.97639400349,5000,True,18172.59277300036
389,108,198.432473000139,5000,True,18172.59277300036
374,109,198.82575600058772,5000,True,18172.59277300036
383,110,190.86796099873027,5000,True,18172.59277300036
391,111,199.88419800210977,5000,True,18172.59277300036
373,112,199.7002989955945,5000,True,18172.59277300036
383,113,200.03191199793946,5000,True,18172.59277300036
381,114,200.43339500261936,5000,True,18172.59277300036
395,115,201.1739689987735,5000,True,18172.59277300036
378,116,221.08738100359915,5000,True,18172.59277300036
374,117,220.94233700045152,5000,True,18172.59277300036
368,118,219.76555100263795,5000,True,18172.59277300036
394,119,218.94582899403758,5000,True,18172.59277300036
379,120,218.20346300228266,5000,True,18172.59277300036
367,121,217.6255049998872,5000,True,18172.59277300036
384,122,212.78553400043165,5000,True,18172.59277300036
384,123,212.3046710039489,5000,True,18172.59277300036
390,124,211.5859210025519,5000,True,18172.59277300036
368,125,213.36765099840704,5000,True,18172.59277300036
378,126,207.1136230006232,5000,True,18172.59277300036
386,127,238.16007800633088,5000,True,18172.59277300036
374,129,236.90249400533503,5000,True,18172.59277300036
383,128,240.37071199563798,5000,True,18172.59277300036
369,130,238.95056000037584,5000,True,18172.59277300036
377,131,230.56814200390363,5000,True,18172.59277300036
378,132,230.4440079969936,5000,True,18172.59277300036
387,133,235.97068099479657,5000,True,18172.59277300036
395,134,239.80317400128115,5000,True,18172.59277300036
378,135,230.45099100272637,5000,True,18172.59277300036
400,136,231.83469999639783,5000,True,18172.59277300036
376,137,230.8669340054621,5000,True,18172.59277300036
383,138,231.6871639995952,5000,True,18172.59277300036
367,139,239.8612149991095,5000,True,18172.59277300036
369,140,231.30239499732852,5000,True,18172.59277300036
376,141,230.35855700436514,5000,True,18172.59277300036
395,142,230.61935800069477,5000,True,18172.59277300036
374,143,231.2519719998818,5000,True,18172.59277300036
374,144,240.4985610046424,5000,True,18172.59277300036
382,145,231.83726400020532,5000,True,18172.59277300036
391,146,227.49313800159143,5000,True,18172.59277300036
383,147,227.0757870064699,5000,True,18172.59277300036
370,148,227.82795000239275,5000,True,18172.59277300036
372,149,235.6530689939973,5000,True,18172.59277300036
386,151,231.53228999581188,5000,True,18172.59277300036
368,152,231.70543600281235,5000,True,18172.59277300036
380,150,234.8243000014918,5000,True,18172.59277300036
378,153,242.43301100068493,5000,True,18172.59277300036
388,154,242.27014499774668,5000,True,18172.59277300036
382,155,234.60000599880004,5000,True,18172.59277300036
386,156,235.95458699855953,5000,True,18172.59277300036
374,157,243.2187119993614,5000,True,18172.59277300036
384,158,242.53031999978703,5000,True,18172.59277300036
389,159,242.41484699450666,5000,True,18172.59277300036
380,160,233.52904000057606,5000,True,18172.59277300036
375,161,235.10412600444397,5000,True,18172.59277300036
385,163,241.58147799607832,5000,True,18172.59277300036
369,164,245.85527499584714,5000,True,18172.59277300036
400,162,249.90905999584356,5000,True,18172.59277300036
379,165,238.4350270003779,5000,True,18172.59277300036
384,166,238.86468300042907,5000,True,18172.59277300036
390,167,243.50236900500022,5000,True,18172.59277300036
381,168,243.69650600419845,5000,True,18172.59277300036
382,169,245.006878998538,5000,True,18172.59277300036
375,170,236.719644999539,5000,True,18172.59277300036
378,171,236.82256499887444,5000,True,18172.59277300036
396,172,242.00757799553685,5000,True,18172.59277300036
394,173,240.93547600205056,5000,True,18172.59277300036
374,174,240.97282900038408,5000,True,18172.59277300036
380,175,231.86335199716268,5000,True,18172.59277300036
382,176,242.83059099980164,5000,True,18172.59277300036
374,177,259.4516519966419,5000,True,18172.59277300036
378,178,259.3877600011183,5000,True,18172.59277300036
370,179,250.59987300483044,5000,True,18172.59277300036
400,180,231.22533800051315,5000,True,18172.59277300036
400,184,229.10899699490983,5000,True,18172.59277300036
396,188,226.95101600402268,5000,True,18172.59277300036
380,182,234.71750899625476,5000,True,18172.59277300036
377,186,232.5594599969918,5000,True,18172.59277300036
378,183,245.12610400415724,5000,True,18172.59277300036
390,185,244.60998799622757,5000,True,18172.59277300036
376,181,250.43343599827494,5000,True,18172.59277300036
388,187,245.89916900004027,5000,True,18172.59277300036
385,189,251.1588510024012,5000,True,18172.59277300036
400,190,251.6856989968801,5000,True,18172.59277300036
390,191,220.70335099851945,5000,True,18172.59277300036
374,192,220.9884600015357,5000,True,18172.59277300036
378,193,220.1747279978008,5000,True,18172.59277300036
395,194,226.19909000059124,5000,True,18172.59277300036
390,195,226.55316699820105,5000,True,18172.59277300036
381,196,225.8391200011829,5000,True,18172.59277300036
382,197,222.57588200591272,5000,True,18172.59277300036
371,198,225.27694000018528,5000,True,18172.59277300036
385,199,225.54569500061916,5000,True,18172.59277300036
384,201,224.33250799804227,5000,True,18172.59277300036
368,200,227.0493100004387,5000,True,18172.59277300036
382,202,225.8200539945392,5000,True,18172.59277300036
372,203,224.9979109983542,5000,True,18172.59277300036
369,204,224.81116199924145,5000,True,18172.59277300036
391,205,225.4648879970773,5000,True,18172.59277300036
382,206,225.3673540035379,5000,True,18172.59277300036
380,207,225.02731299755396,5000,True,18172.59277300036
378,208,224.37698699650355,5000,True,18172.59277300036
373,209,230.90225199848646,5000,True,18172.59277300036
381,211,229.44797899981495,5000,True,18172.59277300036
388,210,231.89319700031774,5000,True,18172.59277300036
381,212,234.1826760020922,5000,True,18172.59277300036
391,213,227.20412100170506,5000,True,18172.59277300036
378,214,229.56679700291716,5000,True,18172.59277300036
382,215,229.7258110047551,5000,True,18172.59277300036
376,216,236.38573700009147,5000,True,18172.59277300036
386,217,226.62555699935183,5000,True,18172.59277300036
369,218,227.06365699559683,5000,True,18172.59277300036
390,219,227.4310360007803,5000,True,18172.59277300036
383,220,234.93637399951695,5000,True,18172.59277300036
388,222,232.7237579957,5000,True,18172.59277300036
394,221,234.9839470043662,5000,True,18172.59277300036
378,223,235.09637900133384,5000,True,18172.59277300036
383,224,238.03300299914554,5000,True,18172.59277300036
375,225,237.76760599866975,5000,True,18172.59277300036
375,226,230.2954429978854,5000,True,18172.59277300036
390,227,227.967566002917,5000,True,18172.59277300036
379,228,238.78605899517424,5000,True,18172.59277300036
389,229,247.8983100008918,5000,True,18172.59277300036
380,230,242.80981599440565,5000,True,18172.59277300036
388,231,242.5677130013355,5000,True,18172.59277300036
375,232,242.9941209993558,5000,True,18172.59277300036
369,233,241.21255800127983,5000,True,18172.59277300036
385,234,242.23527200229,5000,True,18172.59277300036
389,235,249.5006099998136,5000,True,18172.59277300036
390,236,244.05691800347995,5000,True,18172.59277300036
382,237,244.91951600066386,5000,True,18172.59277300036
376,238,245.29531499865698,5000,True,18172.59277300036
382,239,254.11798000277486,5000,True,18172.59277300036
387,240,243.2293120000395,5000,True,18172.59277300036
367,241,226.43706099916017,5000,True,18172.59277300036
386,242,226.5167349978583,5000,True,18172.59277300036
389,243,235.5254310023156,5000,True,18172.59277300036
394,244,234.17027899995446,5000,True,18172.59277300036
378,245,233.98070199618815,5000,True,18172.59277300036
378,246,233.59356499713613,5000,True,18172.59277300036
377,247,233.06709300231887,5000,True,18172.59277300036
387,248,232.5935999979265,5000,True,18172.59277300036
367,249,231.70933299843455,5000,True,18172.59277300036
376,250,231.40456800319953,5000,True,18172.59277300036
380,252,232.36955900210887,5000,True,18172.59277300036
379,251,234.48049800208537,5000,True,18172.59277300036
381,253,224.19146599713713,5000,True,18172.59277300036
385,256,219.11719799390994,5000,True,18172.59277300036
383,254,229.5069149986375,5000,True,18172.59277300036
384,257,225.98571100388654,5000,True,18172.59277300036
375,259,219.89952999865636,5000,True,18172.59277300036
399,255,234.01159299828578,5000,True,18172.59277300036
388,260,221.0844459987129,5000,True,18172.59277300036
381,258,225.0103710030089,5000,True,18172.59277300036
370,261,220.07547700195573,5000,True,18172.59277300036
380,262,256.612261000555,5000,True,18172.59277300036
377,263,261.04027099790983,5000,True,18172.59277300036
386,264,261.21002600120846,5000,True,18172.59277300036
387,265,261.1312720036949,5000,True,18172.59277300036
388,266,269.3874680044246,5000,True,18172.59277300036
368,267,262.40704499650747,5000,True,18172.59277300036
378,268,262.7935869968496,5000,True,18172.59277300036
387,269,263.17369600292295,5000,True,18172.59277300036
378,271,270.3480690033757,5000,True,18172.59277300036
372,270,273.21137500257464,5000,True,18172.59277300036
381,272,263.82439600274665,5000,True,18172.59277300036
381,273,266.7134540024563,5000,True,18172.59277300036
389,274,266.21040600002743,5000,True,18172.59277300036
386,275,266.351432997908,5000,True,18172.59277300036
381,276,262.77657500031637,5000,True,18172.59277300036
388,277,262.30763800413115,5000,True,18172.59277300036
378,278,270.4086829980952,5000,True,18172.59277300036
373,279,271.91121100622695,5000,True,18172.59277300036
380,280,265.1047760009533,5000,True,18172.59277300036
386,281,273.19331200124,5000,True,18172.59277300036
387,282,273.4714399994118,5000,True,18172.59277300036
367,283,274.21400899766013,5000,True,18172.59277300036
381,284,265.40529300109483,5000,True,18172.59277300036
378,285,271.7209640031797,5000,True,18172.59277300036
390,286,271.8812499952037,5000,True,18172.59277300036
381,287,280.9899880012381,5000,True,18172.59277300036
368,288,277.3576979961945,5000,True,18172.59277300036
373,289,277.81662199413404,5000,True,18172.59277300036
389,290,302.5635230005719,5000,True,18172.59277300036
369,291,301.79505400155904,5000,True,18172.59277300036
368,292,290.98082799464464,5000,True,18172.59277300036
368,293,282.35202799987746,5000,True,18172.59277300036
389,294,282.7543750026962,5000,True,18172.59277300036
378,295,282.72989700053586,5000,True,18172.59277300036
368,296,283.0279139961931,5000,True,18172.59277300036
390,297,283.33351900073467,5000,True,18172.59277300036
378,298,278.22596699843416,5000,True,18172.59277300036
389,299,288.336776997312,5000,True,18172.59277300036
385,300,288.765040000726,5000,True,18172.59277300036
373,301,289.23435500473715,5000,True,18172.59277300036
385,302,299.1335219994653,5000,True,18172.59277300036
384,303,290.232561994344,5000,True,18172.59277300036
386,304,292.7477959965472,5000,True,18172.59277300036
388,305,300.96811100520426,5000,True,18172.59277300036
388,306,301.71354300546227,5000,True,18172.59277300036
383,309,290.9790109988535,5000,True,18172.59277300036
372,311,298.75255600200035,5000,True,18172.59277300036
375,313,289.7147450057673,5000,True,18172.59277300036
373,315,287.0375159982359,5000,True,18172.59277300036
380,317,296.2453779982752,5000,True,18172.59277300036
381,319,289.12967100040987,5000,True,18172.59277300036
384,321,286.6984180000145,5000,True,18172.59277300036
394,322,287.2341479960596,5000,True,18172.59277300036
385,308,334.2606970036286,5000,True,18172.59277300036
379,310,333.05010000185575,5000,True,18172.59277300036
399,312,332.50133600085974,5000,True,18172.59277300036
391,324,302.0312989974627,5000,True,18172.59277300036
377,316,330.2497820041026,5000,True,18172.59277300036
372,318,328.8996039991616,5000,True,18172.59277300036
384,307,354.3195009988267,5000,True,18172.59277300036
378,323,327.71215999673586,5000,True,18172.59277300036
380,325,330.0203769977088,5000,True,18172.59277300036
374,320,339.7666479941108,5000,True,18172.59277300036
376,314,364.72668100032024,5000,True,18172.59277300036
368,326,295.4942289943574,5000,True,18172.59277300036
386,327,295.67314500309294,5000,True,18172.59277300036
395,328,294.3162199953804,5000,True,18172.59277300036
380,329,317.60253199900035,5000,True,18172.59277300036
376,330,309.7511599989957,5000,True,18172.59277300036
378,331,309.3163009980344,5000,True,18172.59277300036
383,332,309.777447997476,5000,True,18172.59277300036
382,333,317.6389959990047,5000,True,18172.59277300036
370,334,309.86262900114525,5000,True,18172.59277300036
379,335,310.0835419973009,5000,True,18172.59277300036
374,336,318.0240879955818,5000,True,18172.59277300036
376,337,309.57766999927117,5000,True,18172.59277300036
391,338,312.45563899574336,5000,True,18172.59277300036
386,339,321.4098719981848,5000,True,18172.59277300036
390,340,321.17101900075795,5000,True,18172.59277300036
398,341,312.2374060039874,5000,True,18172.59277300036
367,342,310.9055029999581,5000,True,18172.59277300036
371,343,310.1446610016865,5000,True,18172.59277300036
374,344,311.9934939968516,5000,True,18172.59277300036
387,345,311.65154399786843,5000,True,18172.59277300036
394,346,311.56680999993114,5000,True,18172.59277300036
377,347,318.9616500021657,5000,True,18172.59277300036
378,348,310.0566689972766,5000,True,18172.59277300036
367,349,307.78687600104604,5000,True,18172.59277300036
386,350,309.2732259974582,5000,True,18172.59277300036
390,351,308.1931440028711,5000,True,18172.59277300036
385,352,308.34882899944205,5000,True,18172.59277300036
371,353,308.5663439997006,5000,True,18172.59277300036
368,354,283.1201900044107,5000,True,18172.59277300036
368,355,282.8536349989008,5000,True,18172.59277300036
380,356,283.36516299896175,5000,True,18172.59277300036
368,357,291.7241529939929,5000,True,18172.59277300036
374,358,290.6645960028982,5000,True,18172.59277300036
377,359,291.05110700038495,5000,True,18172.59277300036
370,360,290.81026800122345,5000,True,18172.59277300036
388,361,291.24902700277744,5000,True,18172.59277300036
375,362,295.59922099724645,5000,True,18172.59277300036
372,363,285.14845699828584,5000,True,18172.59277300036
385,364,284.16826800093986,5000,True,18172.59277300036
374,365,284.60434199951123,5000,True,18172.59277300036
368,366,274.45038499718066,5000,True,18172.59277300036
382,367,282.63845600304194,5000,True,18172.59277300036
391,368,271.49998400273034,5000,True,18172.59277300036
380,369,271.9519219972426,5000,True,18172.59277300036
374,370,271.0690390013042,5000,True,18172.59277300036
374,371,270.8771730031003,5000,True,18172.59277300036
400,372,270.72508400306106,5000,True,18172.59277300036
380,373,271.0224379989086,5000,True,18172.59277300036
380,374,271.06838100007735,5000,True,18172.59277300036
367,375,270.1926009976887,5000,True,18172.59277300036
395,376,270.16147399990587,5000,True,18172.59277300036
373,377,269.3587399990065,5000,True,18172.59277300036
383,378,269.11925700551365,5000,True,18172.59277300036
376,379,258.9290800024173,5000,True,18172.59277300036
375,380,258.8719410050544,5000,True,18172.59277300036
382,381,267.84381300240057,5000,True,18172.59277300036
371,382,259.07648500287905,5000,True,18172.59277300036
384,383,259.37248500122223,5000,True,18172.59277300036
391,384,267.52084299369017,5000,True,18172.59277300036
372,385,268.2828979959595,5000,True,18172.59277300036
391,386,258.90082299883943,5000,True,18172.59277300036
377,387,265.4615700012073,5000,True,18172.59277300036
390,388,265.36319899605587,5000,True,18172.59277300036
391,389,257.72368700563675,5000,True,18172.59277300036
379,390,254.71288499829825,5000,True,18172.59277300036
384,391,264.80417599668726,5000,True,18172.59277300036
376,392,264.68942499923287,5000,True,18172.59277300036
399,393,242.69614199874923,5000,True,18172.59277300036
395,394,241.85150799894473,5000,True,18172.59277300036
385,395,249.71189600182697,5000,True,18172.59277300036
377,396,241.12059599428903,5000,True,18172.59277300036
379,397,322.0987420063466,5000,True,18172.59277300036
375,398,321.8905889953021,5000,True,18172.59277300036
368,399,321.6216879955027,5000,True,18172.59277300036
396,400,311.6065579961287,5000,True,18172.59277300036
374,401,312.30642500304384,5000,True,18172.59277300036
369,402,310.3958280044026,5000,True,18172.59277300036
378,403,308.9839029998984,5000,True,18172.59277300036
383,404,308.68143400584813,5000,True,18172.59277300036
381,405,307.05771400243975,5000,True,18172.59277300036
392,406,308.3833780037821,5000,True,18172.59277300036
378,407,298.9425809937529,5000,True,18172.59277300036
383,408,305.6077680012095,5000,True,18172.59277300036
377,409,328.00615199812455,5000,True,18172.59277300036
379,410,330.0908340024762,5000,True,18172.59277300036
378,412,328.1706599955214,5000,True,18172.59277300036
391,411,330.49800700246124,5000,True,18172.59277300036
381,413,328.0135410022922,5000,True,18172.59277300036
385,414,317.25543799984735,5000,True,18172.59277300036
372,415,331.0588519962039,5000,True,18172.59277300036
390,416,330.4775819997303,5000,True,18172.59277300036
381,417,330.49728799960576,5000,True,18172.59277300036
381,418,330.36354100477183,5000,True,18172.59277300036
373,419,330.73330300248927,5000,True,18172.59277300036
390,420,338.65951700136065,5000,True,18172.59277300036
381,421,330.2508819979266,5000,True,18172.59277300036
385,422,330.68521300447173,5000,True,18172.59277300036
385,423,329.9973969988059,5000,True,18172.59277300036
373,424,338.2198159961263,5000,True,18172.59277300036
379,425,337.5081609992776,5000,True,18172.59277300036
370,426,329.61784299550345,5000,True,18172.59277300036
381,427,398.41933599382173,5000,True,18172.59277300036
385,428,398.7981070022215,5000,True,18172.59277300036
379,430,408.23139200074365,5000,True,18172.59277300036
382,429,410.66794600192225,5000,True,18172.59277300036
379,431,402.86629799811635,5000,True,18172.59277300036
384,432,402.97307100263424,5000,True,18172.59277300036
385,433,401.9778910005698,5000,True,18172.59277300036
386,434,402.09716399840545,5000,True,18172.59277300036
385,436,391.96287099912297,5000,True,18172.59277300036
370,435,395.7594989988138,5000,True,18172.59277300036
390,437,393.43217300483957,5000,True,18172.59277300036
392,438,393.90249000280164,5000,True,18172.59277300036
373,442,387.88801699411124,5000,True,18172.59277300036
381,443,387.62855299864896,5000,True,18172.59277300036
369,439,395.8851239949581,5000,True,18172.59277300036
374,440,395.938132001902,5000,True,18172.59277300036
396,444,391.8216759993811,5000,True,18172.59277300036
380,441,405.5043039988959,5000,True,18172.59277300036
374,445,391.22017699992284,5000,True,18172.59277300036
383,446,391.29713299917057,5000,True,18172.59277300036
385,447,391.44946599844843,5000,True,18172.59277300036
368,448,390.6686970003648,5000,True,18172.59277300036
382,449,397.68713399826083,5000,True,18172.59277300036
376,450,397.70528599910904,5000,True,18172.59277300036
381,451,387.79985799919814,5000,True,18172.59277300036
379,452,387.32923600036884,5000,True,18172.59277300036
383,453,386.9281730003422,5000,True,18172.59277300036
375,454,387.2764159968938,5000,True,18172.59277300036
383,455,376.21758000022965,5000,True,18172.59277300036
384,456,382.71812399761984,5000,True,18172.59277300036
384,457,380.9674479998648,5000,True,18172.59277300036
374,458,380.18132300203433,5000,True,18172.59277300036
375,459,373.1815529972664,5000,True,18172.59277300036
392,460,372.32218500139425,5000,True,18172.59277300036
368,461,292.578283995681,5000,True,18172.59277300036
384,462,291.9651730044279,5000,True,18172.59277300036
371,464,290.8559499992407,5000,True,18172.59277300036
381,463,303.1026020034915,5000,True,18172.59277300036
390,465,302.2086120035965,5000,True,18172.59277300036
390,466,302.3366389970761,5000,True,18172.59277300036
368,467,302.2978930021054,5000,True,18172.59277300036
390,468,303.31760500121163,5000,True,18172.59277300036
391,469,303.31034700066084,5000,True,18172.59277300036
375,470,310.2229639989673,5000,True,18172.59277300036
386,471,310.5591560015455,5000,True,18172.59277300036
394,472,302.41255500004627,5000,True,18172.59277300036
386,474,268.46062800177606,5000,True,18172.59277300036
382,478,264.93463199585676,5000,True,18172.59277300036
371,476,269.30468999489676,5000,True,18172.59277300036
368,477,273.634873003175,5000,True,18172.59277300036
389,473,295.0846109961276,5000,True,18172.59277300036
395,475,284.0449140057899,5000,True,18172.59277300036
372,479,266.3959959972999,5000,True,18172.59277300036
382,480,268.67128600133583,5000,True,18172.59277300036
390,481,267.13178499630885,5000,True,18172.59277300036
385,482,274.6548970026197,5000,True,18172.59277300036
379,483,266.19323899649316,5000,True,18172.59277300036
384,484,266.1322569983895,5000,True,18172.59277300036
372,485,264.8832839986426,5000,True,18172.59277300036
383,486,266.01466299325693,5000,True,18172.59277300036
389,487,273.5824689953006,5000,True,18172.59277300036
385,488,265.29051899706246,5000,True,18172.59277300036
390,489,266.1074310017284,5000,True,18172.59277300036
378,490,266.5585849972558,5000,True,18172.59277300036
385,491,207.36564400431234,5000,True,18172.59277300036
373,492,206.77765800064662,5000,True,18172.59277300036
378,493,195.58916900132317,5000,True,18172.59277300036
379,494,195.12463100545574,5000,True,18172.59277300036
382,495,194.49402899772394,5000,True,18172.59277300036
370,496,202.33676399948308,5000,True,18172.59277300036
380,497,203.71224200061988,5000,True,18172.59277300036
386,498,204.8741640028311,5000,True,18172.59277300036
378,499,213.89608099707402,5000,True,18172.59277300036
378,500,214.01377599977423,5000,True,18172.59277300036
385,501,214.26168600009987,5000,True,18172.59277300036
386,502,213.24952600116376,5000,True,18172.59277300036
391,504,214.0390060012578,5000,True,18172.59277300036
372,503,216.39905600022757,5000,True,18172.59277300036
399,505,215.35082699847408,5000,True,18172.59277300036
379,507,223.76002999953926,5000,True,18172.59277300036
383,506,226.88737799762748,5000,True,18172.59277300036
385,508,217.30227400257718,5000,True,18172.59277300036
367,509,217.8228359989589,5000,True,18172.59277300036
382,510,225.03556899755495,5000,True,18172.59277300036
395,511,224.44211800029734,5000,True,18172.59277300036
373,512,217.4727020028513,5000,True,18172.59277300036
375,513,220.78803600015817,5000,True,18172.59277300036
371,514,221.17948899540352,5000,True,18172.59277300036
378,515,221.51278499950422,5000,True,18172.59277300036
380,516,222.17135800019605,5000,True,18172.59277300036
384,517,230.70723300043028,5000,True,18172.59277300036
389,518,233.97399199893698,5000,True,18172.59277300036
368,519,234.5208460028516,5000,True,18172.59277300036
384,520,228.08976100350264,5000,True,18172.59277300036
368,521,229.28181699535344,5000,True,18172.59277300036
369,522,235.067200002959,5000,True,18172.59277300036
371,523,234.49088799679885,5000,True,18172.59277300036
385,524,236.93360799370566,5000,True,18172.59277300036
368,525,244.2095189981046,5000,True,18172.59277300036
372,526,244.4160740051302,5000,True,18172.59277300036
383,527,235.2466459997231,5000,True,18172.59277300036
373,528,234.73771000135457,5000,True,18172.59277300036
378,529,242.48182899464155,5000,True,18172.59277300036
377,530,242.40714599727653,5000,True,18172.59277300036
394,531,234.8218539991649,5000,True,18172.59277300036
391,532,234.61584500182653,5000,True,18172.59277300036
373,533,234.52554699906614,5000,True,18172.59277300036
376,534,245.70135800604476,5000,True,18172.59277300036
385,536,244.03400900337147,5000,True,18172.59277300036
381,535,246.55509700096445,5000,True,18172.59277300036
380,537,245.4993029969046,5000,True,18172.59277300036
378,538,253.2870289942366,5000,True,18172.59277300036
373,539,253.26856000174303,5000,True,18172.59277300036
391,540,249.48573899746407,5000,True,18172.59277300036
388,541,244.96007999550784,5000,True,18172.59277300036
379,542,253.79899999825284,5000,True,18172.59277300036
386,543,253.6309419956524,5000,True,18172.59277300036
386,544,252.69441500131506,5000,True,18172.59277300036
381,545,246.21582200052217,5000,True,18172.59277300036
367,546,255.663320000167,5000,True,18172.59277300036
390,547,253.67031800124096,5000,True,18172.59277300036
372,548,254.05904700164683,5000,True,18172.59277300036
368,549,254.91797799622873,5000,True,18172.59277300036
374,550,247.50071200105594,5000,True,18172.59277300036
383,551,255.56717300059972,5000,True,18172.59277300036
369,552,255.63299900386482,5000,True,18172.59277300036
381,553,256.1937689970364,5000,True,18172.59277300036
383,554,255.9371889947215,5000,True,18172.59277300036
373,555,257.24516499758465,5000,True,18172.59277300036
383,556,258.65802600310417,5000,True,18172.59277300036
381,557,259.3950570008019,5000,True,18172.59277300036
390,558,268.08865500061074,5000,True,18172.59277300036
389,559,261.98189400020055,5000,True,18172.59277300036
379,560,272.1780089996173,5000,True,18172.59277300036
383,561,271.8675819996861,5000,True,18172.59277300036
388,562,270.36452000174904,5000,True,18172.59277300036
376,563,260.8498600020539,5000,True,18172.59277300036
391,564,268.44997700391104,5000,True,18172.59277300036
378,565,271.19999600108713,5000,True,18172.59277300036
374,566,272.2572139973636,5000,True,18172.59277300036
373,567,263.3300550005515,5000,True,18172.59277300036
383,568,270.70807100244565,5000,True,18172.59277300036
368,569,260.09883700317005,5000,True,18172.59277300036
377,570,260.16985600290354,5000,True,18172.59277300036
382,571,268.58024300599936,5000,True,18172.59277300036
383,572,268.69625600375,5000,True,18172.59277300036
375,573,269.2462319973856,5000,True,18172.59277300036
386,575,260.1369020048878,5000,True,18172.59277300036
382,574,271.2615670025116,5000,True,18172.59277300036
385,576,270.0280560020474,5000,True,18172.59277300036
371,577,259.32656900113216,5000,True,18172.59277300036
379,578,259.94349399843486,5000,True,18172.59277300036
385,579,260.6251670003985,5000,True,18172.59277300036
391,580,261.25599799706833,5000,True,18172.59277300036
378,581,253.04275400412735,5000,True,18172.59277300036
374,582,254.67281399323838,5000,True,18172.59277300036
376,583,255.2155009980197,5000,True,18172.59277300036
372,584,255.22125499992399,5000,True,18172.59277300036
369,585,254.9443780008005,5000,True,18172.59277300036
369,586,260.1721059982083,5000,True,18172.59277300036
378,587,261.2593529993319,5000,True,18172.59277300036
391,588,259.6668159967521,5000,True,18172.59277300036
373,589,251.5530469972873,5000,True,18172.59277300036
387,590,260.57471400417853,5000,True,18172.59277300036
387,591,261.32126599986805,5000,True,18172.59277300036
394,592,261.82233200233895,5000,True,18172.59277300036
385,593,261.1797630015644,5000,True,18172.59277300036
379,594,261.35898000211455,5000,True,18172.59277300036
379,595,260.49521399545483,5000,True,18172.59277300036
373,596,261.9777429936221,5000,True,18172.59277300036
373,597,271.65258199966047,5000,True,18172.59277300036
383,599,251.57981699885568,5000,True,18172.59277300036
389,598,254.88467399554793,5000,True,18172.59277300036
377,600,254.22003599669551,5000,True,18172.59277300036
376,601,262.70648700301535,5000,True,18172.59277300036
376,602,255.43283399747452,5000,True,18172.59277300036
369,603,256.02498200169066,5000,True,18172.59277300036
376,605,263.29630899999756,5000,True,18172.59277300036
385,604,266.6623599943705,5000,True,18172.59277300036
382,606,256.10401499579893,5000,True,18172.59277300036
398,607,256.5395579949836,5000,True,18172.59277300036
382,608,264.76166800421197,5000,True,18172.59277300036
380,609,264.8138289951021,5000,True,18172.59277300036
382,610,256.0603199963225,5000,True,18172.59277300036
377,612,255.73819000419462,5000,True,18172.59277300036
375,611,267.3913670005277,5000,True,18172.59277300036
394,613,265.6293129984988,5000,True,18172.59277300036
381,614,264.8435619994416,5000,True,18172.59277300036
399,615,257.29921300080605,5000,True,18172.59277300036
368,616,264.7431089935708,5000,True,18172.59277300036
382,617,263.78265500534326,5000,True,18172.59277300036
396,618,264.4088939996436,5000,True,18172.59277300036
388,619,254.32424299651757,5000,True,18172.59277300036
382,620,254.2347780035925,5000,True,18172.59277300036
383,621,255.35895599750802,5000,True,18172.59277300036
387,622,255.14184599887813,5000,True,18172.59277300036
374,623,243.66713099880144,5000,True,18172.59277300036
382,624,252.54506499913987,5000,True,18172.59277300036
382,625,251.8877530019381,5000,True,18172.59277300036
378,627,251.01306599390227,5000,True,18172.59277300036
387,626,253.4281190019101,5000,True,18172.59277300036
385,628,246.0391719941981,5000,True,18172.59277300036
385,629,243.21298799623037,5000,True,18172.59277300036
384,630,250.9530840034131,5000,True,18172.59277300036
374,631,249.48186799883842,5000,True,18172.59277300036
384,632,243.26756200025557,5000,True,18172.59277300036
385,633,242.7407189970836,5000,True,18172.59277300036
375,634,243.50274500466185,5000,True,18172.59277300036
383,635,242.64175599819282,5000,True,18172.59277300036
379,636,243.42524300300283,5000,True,18172.59277300036
376,637,242.67442300333641,5000,True,18172.59277300036
380,638,251.81913199776318,5000,True,18172.59277300036
390,639,242.60967900045216,5000,True,18172.59277300036
376,640,243.00851299631177,5000,True,18172.59277300036
393,641,243.47631599812303,5000,True,18172.59277300036
386,642,251.63099299970781,5000,True,18172.59277300036
389,643,249.92020900390344,5000,True,18172.59277300036
396,644,249.0012080015731,5000,True,18172.59277300036
399,645,250.15395200171042,5000,True,18172.59277300036
390,646,245.1291309989756,5000,True,18172.59277300036
378,647,252.68585800222354,5000,True,18172.59277300036
375,648,255.00923000072362,5000,True,18172.59277300036
375,649,255.5660810030531,5000,True,18172.59277300036
383,650,244.67753000499215,5000,True,18172.59277300036
370,651,251.3585510023404,5000,True,18172.59277300036
375,652,251.29961600032402,5000,True,18172.59277300036
373,653,251.54090100113535,5000,True,18172.59277300036
378,654,242.64235299779102,5000,True,18172.59277300036
372,655,250.16207300359383,5000,True,18172.59277300036
378,656,249.9233769995044,5000,True,18172.59277300036
390,657,241.2565850027022,5000,True,18172.59277300036
371,658,242.2483460031799,5000,True,18172.59277300036
367,659,250.397443996917,5000,True,18172.59277300036
371,660,248.78427899966482,5000,True,18172.59277300036
395,661,239.6538100001635,5000,True,18172.59277300036
378,662,240.6318309949711,5000,True,18172.59277300036
385,663,249.0267129978747,5000,True,18172.59277300036
385,664,249.03620899567613,5000,True,18172.59277300036
377,665,240.49242999899434,5000,True,18172.59277300036
378,666,240.70096499781357,5000,True,18172.59277300036
375,667,248.3318419981515,5000,True,18172.59277300036
369,669,237.91424499358982,5000,True,18172.59277300036
388,668,241.69243199867196,5000,True,18172.59277300036
392,670,239.474183996208,5000,True,18172.59277300036
387,671,248.16662599914707,5000,True,18172.59277300036
388,672,239.94972399668768,5000,True,18172.59277300036
374,673,240.25637299928349,5000,True,18172.59277300036
377,674,249.8317549980129,5000,True,18172.59277300036
391,675,251.10170999687398,5000,True,18172.59277300036
389,676,252.372334995016,5000,True,18172.59277300036
380,677,251.97219099936774,5000,True,18172.59277300036
373,678,251.67542199778836,5000,True,18172.59277300036
379,679,252.29984600446187,5000,True,18172.59277300036
384,680,244.00171099841828,5000,True,18172.59277300036
395,681,253.54278399754548,5000,True,18172.59277300036
376,682,253.66755299910437,5000,True,18172.59277300036
369,683,254.59273500018753,5000,True,18172.59277300036
391,684,253.82681600603973,5000,True,18172.59277300036
389,685,252.8575489996001,5000,True,18172.59277300036
374,686,253.39282699860632,5000,True,18172.59277300036
369,687,262.3611310045817,5000,True,18172.59277300036
382,688,253.85457100492204,5000,True,18172.59277300036
390,689,254.27736200072104,5000,True,18172.59277300036
394,690,253.6044660009793,5000,True,18172.59277300036
372,691,254.7185340008582,5000,True,18172.59277300036
378,692,261.74147100391565,5000,True,18172.59277300036
378,693,261.80168900464196,5000,True,18172.59277300036
378,695,253.0952579982113,5000,True,18172.59277300036
376,694,263.2428680008161,5000,True,18172.59277300036
381,697,268.60604799730936,5000,True,18172.59277300036
384,696,271.4057509947452,5000,True,18172.59277300036
378,698,260.80204799654894,5000,True,18172.59277300036
379,699,262.9616489939508,5000,True,18172.59277300036
392,700,262.3721500058309,5000,True,18172.59277300036
368,701,264.12626600358635,5000,True,18172.59277300036
396,702,265.14323999435874,5000,True,18172.59277300036
376,703,265.4531660009525,5000,True,18172.59277300036
377,704,264.9002609978197,5000,True,18172.59277300036
368,705,264.80312000057893,5000,True,18172.59277300036
384,706,263.5820740033523,5000,True,18172.59277300036
370,708,263.44140699802665,5000,True,18172.59277300036
369,707,266.1534729995765,5000,True,18172.59277300036
389,711,252.599100000225,5000,True,18172.59277300036
376,710,264.41664999583736,5000,True,18172.59277300036
387,709,274.47596499405336,5000,True,18172.59277300036
377,712,262.3619950027205,5000,True,18172.59277300036
369,713,262.2497560005286,5000,True,18172.59277300036
375,714,287.3993649991462,5000,True,18172.59277300036
379,715,279.9915650030016,5000,True,18172.59277300036
378,716,280.19733599649044,5000,True,18172.59277300036
383,717,290.18806900421623,5000,True,18172.59277300036
375,718,291.8271320013446,5000,True,18172.59277300036
386,719,283.6001479954575,5000,True,18172.59277300036
382,720,291.5850879944628,5000,True,18172.59277300036
385,721,290.98475899809273,5000,True,18172.59277300036
388,722,291.20671300188405,5000,True,18172.59277300036
379,723,283.39931100344984,5000,True,18172.59277300036
379,724,292.77323199494276,5000,True,18172.59277300036
386,725,292.20106299908366,5000,True,18172.59277300036
380,726,293.13886500312947,5000,True,18172.59277300036
370,727,283.5886929970002,5000,True,18172.59277300036
379,728,292.0424819967593,5000,True,18172.59277300036
380,729,292.1252100059064,5000,True,18172.59277300036
371,730,283.87187799671665,5000,True,18172.59277300036
386,731,283.75340300408425,5000,True,18172.59277300036
375,732,291.7131620051805,5000,True,18172.59277300036
370,733,291.32546399341663,5000,True,18172.59277300036
390,734,291.51100300077815,5000,True,18172.59277300036
386,735,283.1895039998926,5000,True,18172.59277300036
370,736,292.1189940025215,5000,True,18172.59277300036
382,737,292.1584699943196,5000,True,18172.59277300036
375,738,280.5723159981426,5000,True,18172.59277300036
385,739,281.93074699811405,5000,True,18172.59277300036
384,740,278.411982995749,5000,True,18172.59277300036
386,742,285.31314200517954,5000,True,18172.59277300036
380,741,288.9183060033247,5000,True,18172.59277300036
380,743,286.70553200208815,5000,True,18172.59277300036
391,744,290.36493999592494,5000,True,18172.59277300036
374,745,280.16489899891894,5000,True,18172.59277300036
390,746,284.2548609987716,5000,True,18172.59277300036
378,747,283.92105699458625,5000,True,18172.59277300036
379,748,274.7880869937944,5000,True,18172.59277300036
375,749,274.68783400399843,5000,True,18172.59277300036
374,750,276.1462800044683,5000,True,18172.59277300036
399,751,272.35039500374114,5000,True,18172.59277300036
374,752,272.0084550019237,5000,True,18172.59277300036
393,753,271.89652800007025,5000,True,18172.59277300036
383,754,274.80349100369494,5000,True,18172.59277300036
384,755,266.72573699761415,5000,True,18172.59277300036
377,756,265.723522999906,5000,True,18172.59277300036
399,757,278.2123630022397,5000,True,18172.59277300036
384,758,278.23084100236883,5000,True,18172.59277300036
368,759,278.5496799988323,5000,True,18172.59277300036
374,760,270.9047659955104,5000,True,18172.59277300036
380,761,271.45979699707823,5000,True,18172.59277300036
400,762,272.4025670031551,5000,True,18172.59277300036
379,763,270.09772599558346,5000,True,18172.59277300036
379,764,279.136479999579,5000,True,18172.59277300036
369,765,278.0729690057342,5000,True,18172.59277300036
379,766,269.68898300401634,5000,True,18172.59277300036
381,767,278.8228909994359,5000,True,18172.59277300036
390,768,278.7243320053676,5000,True,18172.59277300036
367,769,279.8816930007888,5000,True,18172.59277300036
375,770,280.68113300105324,5000,True,18172.59277300036
393,771,281.0854030030896,5000,True,18172.59277300036
373,772,281.6970970015973,5000,True,18172.59277300036
387,773,322.2183350007981,5000,True,18172.59277300036
380,774,313.88593500014395,5000,True,18172.59277300036
372,775,314.2623969979468,5000,True,18172.59277300036
378,776,313.6985649980488,5000,True,18172.59277300036
367,777,323.0005919976975,5000,True,18172.59277300036
378,778,298.1231049998314,5000,True,18172.59277300036
371,779,298.2722160013509,5000,True,18172.59277300036
379,780,306.52798600203823,5000,True,18172.59277300036
372,781,295.33136400277726,5000,True,18172.59277300036
391,782,295.57397500320803,5000,True,18172.59277300036
373,783,294.62620300182607,5000,True,18172.59277300036
376,784,295.396843997878,5000,True,18172.59277300036
374,785,294.92765099712415,5000,True,18172.59277300036
383,786,296.22125800233334,5000,True,18172.59277300036
375,787,295.5674020049628,5000,True,18172.59277300036
381,788,295.05675099790096,5000,True,18172.59277300036
374,789,295.0535329946433,5000,True,18172.59277300036
379,791,292.24656000587856,5000,True,18172.59277300036
383,790,294.6214539988432,5000,True,18172.59277300036
375,792,286.7631069966592,5000,True,18172.59277300036
387,793,548.2943259994499,5000,True,18172.59277300036
381,794,554.7968350001611,5000,True,18172.59277300036
377,795,546.6735209993203,5000,True,18172.59277300036
381,796,546.9623300014064,5000,True,18172.59277300036
373,797,546.3670350000029,5000,True,18172.59277300036
381,798,545.9176209988073,5000,True,18172.59277300036
379,799,545.5609600030584,5000,True,18172.59277300036
388,801,533.6679550018744,5000,True,18172.59277300036
391,802,533.2617340027355,5000,True,18172.59277300036
390,800,543.1087990000378,5000,True,18172.59277300036
368,803,532.4227570017683,5000,True,18172.59277300036
367,804,531.9652010002756,5000,True,18172.59277300036
373,805,527.0141910004895,5000,True,18172.59277300036
393,806,526.3202190035372,5000,True,18172.59277300036
379,807,526.0090049996506,5000,True,18172.59277300036
381,808,526.9918650010368,5000,True,18172.59277300036
379,809,532.791489000374,5000,True,18172.59277300036
382,810,528.1082560031791,5000,True,18172.59277300036
385,811,527.7168140019057,5000,True,18172.59277300036
383,812,527.026787000068,5000,True,18172.59277300036
375,813,526.6480179998325,5000,True,18172.59277300036
374,814,525.4447889965377,5000,True,18172.59277300036
388,815,521.233769999526,5000,True,18172.59277300036
384,816,520.80409800692,5000,True,18172.59277300036
374,817,521.079625999846,5000,True,18172.59277300036
377,818,517.9615769957309,5000,True,18172.59277300036
388,819,517.4554339973838,5000,True,18172.59277300036
378,820,515.6467160049942,5000,True,18172.59277300036
388,821,503.7647070057574,5000,True,18172.59277300036
374,822,508.52594100433635,5000,True,18172.59277300036
388,824,499.633495004673,5000,True,18172.59277300036
377,823,502.3189210041892,5000,True,18172.59277300036
384,825,499.6029360045213,5000,True,18172.59277300036
382,826,498.9030869983253,5000,True,18172.59277300036
394,827,490.4317719992832,5000,True,18172.59277300036
378,828,556.7688509981963,5000,True,18172.59277300036
381,829,555.0297290028539,5000,True,18172.59277300036
377,830,545.8172660000855,5000,True,18172.59277300036
380,831,545.2045429992722,5000,True,18172.59277300036
380,832,544.6103920039604,5000,True,18172.59277300036
380,833,545.1827540018712,5000,True,18172.59277300036
390,834,534.9320419991273,5000,True,18172.59277300036
383,835,541.2623519951012,5000,True,18172.59277300036
394,836,539.2494539992185,5000,True,18172.59277300036
388,837,500.1736609992804,5000,True,18172.59277300036
386,838,500.530721998075,5000,True,18172.59277300036
394,839,509.01182599773165,5000,True,18172.59277300036
368,840,499.8202409988153,5000,True,18172.59277300036
378,841,498.2111459976295,5000,True,18172.59277300036
368,843,495.8996950008441,5000,True,18172.59277300036
374,842,498.8524839936872,5000,True,18172.59277300036
369,844,488.34645099850604,5000,True,18172.59277300036
377,845,488.72821500117425,5000,True,18172.59277300036
379,846,496.2104000005638,5000,True,18172.59277300036
373,847,497.4355829981505,5000,True,18172.59277300036
372,849,488.26265699608484,5000,True,18172.59277300036
391,848,497.6778109994484,5000,True,18172.59277300036
368,850,496.6843520014663,5000,True,18172.59277300036
398,851,497.22134100011317,5000,True,18172.59277300036
374,852,489.1961760004051,5000,True,18172.59277300036
393,853,490.1082810029038,5000,True,18172.59277300036
380,854,490.36651799542597,5000,True,18172.59277300036
376,855,490.7463039999129,5000,True,18172.59277300036
378,856,481.9904600008158,5000,True,18172.59277300036
390,857,227.18324299785309,5000,True,18172.59277300036
393,858,229.93881999718724,5000,True,18172.59277300036
368,859,238.56390699802432,5000,True,18172.59277300036
383,860,239.063074994192,5000,True,18172.59277300036
368,861,239.01991800084943,5000,True,18172.59277300036
385,862,239.4985280043329,5000,True,18172.59277300036
383,863,240.33742000028724,5000,True,18172.59277300036
374,864,247.38118399545783,5000,True,18172.59277300036
375,865,248.3794689978822,5000,True,18172.59277300036
378,866,245.1291030010907,5000,True,18172.59277300036
373,867,244.5068560045911,5000,True,18172.59277300036
375,868,244.91659400518984,5000,True,18172.59277300036
368,869,247.2599610046018,5000,True,18172.59277300036
381,870,252.83957200008444,5000,True,18172.59277300036
377,871,252.5953629956348,5000,True,18172.59277300036
371,872,248.34798599476926,5000,True,18172.59277300036
386,873,243.61264899926027,5000,True,18172.59277300036
375,874,243.30962800013367,5000,True,18172.59277300036
391,875,252.92693699884694,5000,True,18172.59277300036
394,876,253.96445399383083,5000,True,18172.59277300036
378,878,251.52640599844744,5000,True,18172.59277300036
372,877,256.117954995716,5000,True,18172.59277300036
369,879,264.13066600071033,5000,True,18172.59277300036
396,880,263.6223089939449,5000,True,18172.59277300036
391,884,260.2658989999327,5000,True,18172.59277300036
380,882,265.07232999574626,5000,True,18172.59277300036
388,885,264.9861699974281,5000,True,18172.59277300036
372,883,268.93289599684067,5000,True,18172.59277300036
369,888,257.8071669995552,5000,True,18172.59277300036
389,887,267.4901749996934,5000,True,18172.59277300036
390,881,283.1232419994194,5000,True,18172.59277300036
389,886,273.3581749998848,5000,True,18172.59277300036
394,891,268.28330400167033,5000,True,18172.59277300036
376,889,281.32741100125713,5000,True,18172.59277300036
380,890,281.3693089992739,5000,True,18172.59277300036
386,892,213.3379189981497,5000,True,18172.59277300036
381,893,214.07857900339877,5000,True,18172.59277300036
380,894,222.66361000220058,5000,True,18172.59277300036
384,895,221.8436230032239,5000,True,18172.59277300036
387,896,222.64792599889915,5000,True,18172.59277300036
385,897,221.26304099947447,5000,True,18172.59277300036
377,898,231.01259699615184,5000,True,18172.59277300036
377,899,223.28057100094156,5000,True,18172.59277300036
396,900,224.39220100204693,5000,True,18172.59277300036
389,901,222.56061199732358,5000,True,18172.59277300036
373,902,222.47598199464846,5000,True,18172.59277300036
373,903,213.3878199965693,5000,True,18172.59277300036
375,904,222.23989100166364,5000,True,18172.59277300036
396,906,221.8649029964581,5000,True,18172.59277300036
381,905,224.2845290020341,5000,True,18172.59277300036
386,909,220.65688200382283,5000,True,18172.59277300036
387,908,223.2587520047673,5000,True,18172.59277300036
395,907,225.71595000044908,5000,True,18172.59277300036
370,910,221.2746720033465,5000,True,18172.59277300036
375,911,220.712000002095,5000,True,18172.59277300036
384,912,219.8211619979702,5000,True,18172.59277300036
391,913,212.46066400635755,5000,True,18172.59277300036
378,914,211.40256700164173,5000,True,18172.59277300036
385,915,220.0920210016193,5000,True,18172.59277300036
374,916,231.65344399603782,5000,True,18172.59277300036
390,917,231.83172899734927,5000,True,18172.59277300036
387,918,231.16196199407568,5000,True,18172.59277300036
395,919,230.90735400182893,5000,True,18172.59277300036
380,920,230.20861300028628,5000,True,18172.59277300036
374,921,230.52499399636872,5000,True,18172.59277300036
380,922,228.88016900105868,5000,True,18172.59277300036
390,923,219.25428199756425,5000,True,18172.59277300036
387,924,219.33745199930854,5000,True,18172.59277300036
390,925,219.49593700264813,5000,True,18172.59277300036
384,926,218.6816820030799,5000,True,18172.59277300036
381,927,226.7930499947397,5000,True,18172.59277300036
395,928,220.13043799961451,5000,True,18172.59277300036
380,929,221.29729200241854,5000,True,18172.59277300036
379,930,217.91654900152935,5000,True,18172.59277300036
373,931,225.89685000275495,5000,True,18172.59277300036
370,932,224.9981570057571,5000,True,18172.59277300036
379,933,220.49242199864239,5000,True,18172.59277300036
385,934,214.19186000275658,5000,True,18172.59277300036
385,935,214.6414469971205,5000,True,18172.59277300036
380,936,223.6327100035851,5000,True,18172.59277300036
391,937,223.83887699834304,5000,True,18172.59277300036
380,938,215.50691700394964,5000,True,18172.59277300036
389,939,214.54176100087352,5000,True,18172.59277300036
382,940,223.82957299851114,5000,True,18172.59277300036
390,941,223.24082999693928,5000,True,18172.59277300036
384,942,223.71992499392945,5000,True,18172.59277300036
387,943,211.458161000337,5000,True,18172.59277300036
377,944,221.2614950040006,5000,True,18172.59277300036
379,946,218.95929199672537,5000,True,18172.59277300036
381,945,223.05303900066065,5000,True,18172.59277300036
387,948,217.09560699673602,5000,True,18172.59277300036
374,947,219.68499799550045,5000,True,18172.59277300036
383,949,226.60036200250033,5000,True,18172.59277300036
383,950,219.54678600013722,5000,True,18172.59277300036
378,951,219.35980499983998,5000,True,18172.59277300036
369,952,218.80951099592494,5000,True,18172.59277300036
379,953,226.95558599662036,5000,True,18172.59277300036
368,954,217.90849100216292,5000,True,18172.59277300036
383,955,218.38230800494784,5000,True,18172.59277300036
400,956,216.81228899979033,5000,True,18172.59277300036
390,957,217.7977120009018,5000,True,18172.59277300036
373,958,208.5460360030993,5000,True,18172.59277300036
367,959,216.34799899766222,5000,True,18172.59277300036
370,960,215.31413999764482,5000,True,18172.59277300036
380,961,215.84546800295357,5000,True,18172.59277300036
378,963,206.31444799801102,5000,True,18172.59277300036
370,962,208.4460920013953,5000,True,18172.59277300036
383,964,215.34469600010198,5000,True,18172.59277300036
386,965,215.11182499671122,5000,True,18172.59277300036
391,966,215.9356949996436,5000,True,18172.59277300036
390,967,215.2060119988164,5000,True,18172.59277300036
378,968,206.9727479974972,5000,True,18172.59277300036
382,969,206.42301999760093,5000,True,18172.59277300036
392,970,214.32044999528443,5000,True,18172.59277300036
395,971,213.956210995093,5000,True,18172.59277300036
387,972,214.0838019986404,5000,True,18172.59277300036
377,973,206.77021099982085,5000,True,18172.59277300036
377,974,216.22686900082044,5000,True,18172.59277300036
368,975,216.15044200007105,5000,True,18172.59277300036
380,976,228.74400000000605,5000,True,18172.59277300036
373,977,230.7322189953993,5000,True,18172.59277300036
369,978,233.43515399756143,5000,True,18172.59277300036
385,979,232.78985000069952,5000,True,18172.59277300036
378,980,220.29187100270065,5000,True,18172.59277300036
382,981,220.26798799925018,5000,True,18172.59277300036
371,982,220.57946499990067,5000,True,18172.59277300036
395,983,228.54940300021553,5000,True,18172.59277300036
373,984,228.76712899596896,5000,True,18172.59277300036
373,985,221.22817399940686,5000,True,18172.59277300036
374,986,222.66940899862675,5000,True,18172.59277300036
381,987,230.10218799754512,5000,True,18172.59277300036
389,988,229.61722299805842,5000,True,18172.59277300036
391,989,229.2197320057312,5000,True,18172.59277300036
373,990,229.3904200050747,5000,True,18172.59277300036
384,991,220.54981499968562,5000,True,18172.59277300036
400,992,220.4930290026823,5000,True,18172.59277300036
383,993,227.62663799949223,5000,True,18172.59277300036
392,994,227.4730749995797,5000,True,18172.59277300036
368,995,220.61886599840363,5000,True,18172.59277300036
383,996,220.85559400147758,5000,True,18172.59277300036
384,998,229.06228200008627,5000,True,18172.59277300036
382,997,231.24679200554965,5000,True,18172.59277300036
382,999,230.07615299866302,5000,True,18172.59277300036
381,1000,220.37404599541333,5000,True,18172.59277300036
384,1001,221.0056030016858,5000,True,18172.59277300036
397,1002,228.57794100127649,5000,True,18172.59277300036
383,1003,229.1720040011569,5000,True,18172.59277300036
398,1004,218.93112499674316,5000,True,18172.59277300036
378,1005,219.58545199595392,5000,True,18172.59277300036
378,1006,219.3419309987803,5000,True,18172.59277300036
379,1007,227.28388600080507,5000,True,18172.59277300036
377,1008,217.78971199819352,5000,True,18172.59277300036
392,1009,216.5182220051065,5000,True,18172.59277300036
385,1010,216.4430069969967,5000,True,18172.59277300036
382,1011,215.7100519980304,5000,True,18172.59277300036
393,1012,215.73704800539417,5000,True,18172.59277300036
371,1013,215.1029450033093,5000,True,18172.59277300036
383,1014,216.13239900034387,5000,True,18172.59277300036
380,1015,215.7406379992608,5000,True,18172.59277300036
388,1016,215.34421300020767,5000,True,18172.59277300036
384,1017,206.20261199655943,5000,True,18172.59277300036
386,1018,205.6421989982482,5000,True,18172.59277300036
393,1019,214.55742500256747,5000,True,18172.59277300036
390,1020,214.81970499735326,5000,True,18172.59277300036
375,1021,214.20140499685658,5000,True,18172.59277300036
386,1022,214.54670999810332,5000,True,18172.59277300036
371,1023,206.934353998804,5000,True,18172.59277300036
373,1024,214.94221600005403,5000,True,18172.59277300036
383,1025,215.01286800048547,5000,True,18172.59277300036
391,1026,215.50097900035325,5000,True,18172.59277300036
378,1027,215.022971999133,5000,True,18172.59277300036
375,1028,207.65051299531478,5000,True,18172.59277300036
395,1029,216.5163070021663,5000,True,18172.59277300036
382,1030,216.5161020020605,5000,True,18172.59277300036
390,1031,216.54309599398402,5000,True,18172.59277300036
370,1032,217.41482699871995,5000,True,18172.59277300036
373,1033,227.65311400144128,5000,True,18172.59277300036
392,1034,220.27928899478866,5000,True,18172.59277300036
379,1035,220.6977169989841,5000,True,18172.59277300036
370,1036,228.9825089974329,5000,True,18172.59277300036
381,1037,228.64053399825934,5000,True,18172.59277300036
381,1038,223.2483530024183,5000,True,18172.59277300036
375,1039,223.01488900120603,5000,True,18172.59277300036
387,1040,209.92790800664807,5000,True,18172.59277300036
380,1041,207.48240400280338,5000,True,18172.59277300036
385,1042,201.3722850024351,5000,True,18172.59277300036
392,1043,202.6542659950792,5000,True,18172.59277300036
380,1044,203.45346799877007,5000,True,18172.59277300036
375,1045,212.00831000169273,5000,True,18172.59277300036
388,1046,203.38197499950184,5000,True,18172.59277300036
389,1047,204.2189519997919,5000,True,18172.59277300036
374,1048,203.21033599611837,5000,True,18172.59277300036
385,1049,203.19832100358326,5000,True,18172.59277300036
379,1050,209.5437239986495,5000,True,18172.59277300036
384,1051,202.15381700108992,5000,True,18172.59277300036
389,1052,202.62165700114565,5000,True,18172.59277300036
383,1053,203.0508789976011,5000,True,18172.59277300036
378,1054,203.2149959995877,5000,True,18172.59277300036
377,1055,212.91015600581886,5000,True,18172.59277300036
384,1056,212.9750050007715,5000,True,18172.59277300036
369,1057,204.26389899512287,5000,True,18172.59277300036
378,1058,204.82260700373445,5000,True,18172.59277300036
375,1059,212.93453399994178,5000,True,18172.59277300036
377,1060,211.89742700516945,5000,True,18172.59277300036
378,1061,203.2353249960579,5000,True,18172.59277300036
389,1062,204.1552459995728,5000,True,18172.59277300036
386,1063,203.8185799974599,5000,True,18172.59277300036
386,1064,203.8681279955199,5000,True,18172.59277300036
377,1065,210.5762209976092,5000,True,18172.59277300036
379,1066,202.99188799981494,5000,True,18172.59277300036
379,1067,203.61829199828207,5000,True,18172.59277300036
376,1068,203.9366989993141,5000,True,18172.59277300036
375,1069,212.09535699745174,5000,True,18172.59277300036
381,1070,217.55687500262866,5000,True,18172.59277300036
378,1071,209.78446100343717,5000,True,18172.59277300036
384,1072,209.92710199789144,5000,True,18172.59277300036
385,1073,210.2662019970012,5000,True,18172.59277300036
376,1074,214.51625500048976,5000,True,18172.59277300036
388,1075,214.9919309958932,5000,True,18172.59277300036
391,1076,217.52446200116538,5000,True,18172.59277300036
390,1077,209.28550499957055,5000,True,18172.59277300036
381,1078,215.56715499900747,5000,True,18172.59277300036
380,1079,216.4496519981185,5000,True,18172.59277300036
386,1080,216.67741300188936,5000,True,18172.59277300036
384,1081,217.21278900076868,5000,True,18172.59277300036
379,1082,226.12403600214748,5000,True,18172.59277300036
390,1083,216.4615430010599,5000,True,18172.59277300036
380,1084,219.06061100162333,5000,True,18172.59277300036
392,1085,218.99211699928856,5000,True,18172.59277300036
383,1086,227.8611119982088,5000,True,18172.59277300036
375,1087,219.99602900177706,5000,True,18172.59277300036
369,1088,220.8960770003614,5000,True,18172.59277300036
374,1089,220.33261899923673,5000,True,18172.59277300036
376,1090,232.41967600188218,5000,True,18172.59277300036
384,1091,232.01099599828012,5000,True,18172.59277300036
370,1092,240.75205300323432,5000,True,18172.59277300036
375,1093,231.52123599720653,5000,True,18172.59277300036
388,1094,233.5756649990799,5000,True,18172.59277300036
381,1095,234.87961600039853,5000,True,18172.59277300036
375,1096,234.44020700117107,5000,True,18172.59277300036
392,1097,224.2181210021954,5000,True,18172.59277300036
386,1098,225.1381859969115,5000,True,18172.59277300036
375,1099,225.96449500269955,5000,True,18172.59277300036
370,1100,218.01037199475104,5000,True,18172.59277300036
378,1101,218.26392599905375,5000,True,18172.59277300036
391,1102,223.76059200178133,5000,True,18172.59277300036
395,1103,223.61251700203866,5000,True,18172.59277300036
376,1104,224.05152000283124,5000,True,18172.59277300036
380,1105,224.34768699895358,5000,True,18172.59277300036
379,1106,229.03924099955475,5000,True,18172.59277300036
390,1107,226.1834640012239,5000,True,18172.59277300036
380,1108,225.74575500038918,5000,True,18172.59277300036
385,1109,217.51211499940837,5000,True,18172.59277300036
375,1110,218.08405400224729,5000,True,18172.59277300036
369,1111,226.96071799873607,5000,True,18172.59277300036
374,1112,227.0783889980521,5000,True,18172.59277300036
396,1113,227.2608700004639,5000,True,18172.59277300036
393,1114,219.00962599465856,5000,True,18172.59277300036
394,1115,219.99718900042353,5000,True,18172.59277300036
389,1116,229.06220699951518,5000,True,18172.59277300036
381,1117,229.32328099705046,5000,True,18172.59277300036
384,1118,219.84189000068,5000,True,18172.59277300036
386,1119,219.8980559987831,5000,True,18172.59277300036
387,1120,229.0325700014364,5000,True,18172.59277300036
390,1121,229.82112700265134,5000,True,18172.59277300036
379,1122,229.51168999861693,5000,True,18172.59277300036
382,1123,221.1132960001123,5000,True,18172.59277300036
387,1124,230.40825399948517,5000,True,18172.59277300036
374,1125,231.46070499933558,5000,True,18172.59277300036
394,1126,230.56539200479165,5000,True,18172.59277300036
369,1127,231.16943399509182,5000,True,18172.59277300036
388,1128,239.85889300092822,5000,True,18172.59277300036
385,1129,232.73908799455967,5000,True,18172.59277300036
381,1130,232.65883499698248,5000,True,18172.59277300036
384,1131,231.34978400048567,5000,True,18172.59277300036
380,1132,240.30371000117157,5000,True,18172.59277300036
392,1133,231.83599800540833,5000,True,18172.59277300036
376,1134,226.94508700078586,5000,True,18172.59277300036
386,1135,226.85925699624931,5000,True,18172.59277300036
392,1136,227.34405800292734,5000,True,18172.59277300036
384,1137,228.40291000466095,5000,True,18172.59277300036
371,1138,224.38045899616554,5000,True,18172.59277300036
388,1139,224.54594299779274,5000,True,18172.59277300036
381,1140,222.30929599754745,5000,True,18172.59277300036
391,1141,222.51625400531339,5000,True,18172.59277300036
388,1142,216.1993689951487,5000,True,18172.59277300036
381,1143,223.98262599745067,5000,True,18172.59277300036
372,1144,224.87996100244345,5000,True,18172.59277300036
375,1145,224.61059299530461,5000,True,18172.59277300036
386,1146,226.0714009971707,5000,True,18172.59277300036
380,1147,227.44227599469014,5000,True,18172.59277300036
394,1148,225.6930849980563,5000,True,18172.59277300036
382,1149,234.93104899534956,5000,True,18172.59277300036
377,1150,226.07263499958208,5000,True,18172.59277300036
385,1151,226.7874889948871,5000,True,18172.59277300036
378,1152,226.30274699622532,5000,True,18172.59277300036
392,1153,235.09686599572888,5000,True,18172.59277300036
373,1154,222.71080299833557,5000,True,18172.59277300036
388,1155,222.12711600150215,5000,True,18172.59277300036
381,1156,214.71785900212126,5000,True,18172.59277300036
401,1157,224.6778490007273,5000,True,18172.59277300036
384,1158,221.9788479997078,5000,True,18172.59277300036
383,1159,220.84560599614633,5000,True,18172.59277300036
381,1160,221.862518999842,5000,True,18172.59277300036
390,1161,230.84169000503607,5000,True,18172.59277300036
372,1162,236.69949200120755,5000,True,18172.59277300036
380,1163,235.28327199892374,5000,True,18172.59277300036
394,1164,234.62354300136212,5000,True,18172.59277300036
390,1165,234.83221599599347,5000,True,18172.59277300036
385,1166,228.5553890033043,5000,True,18172.59277300036
390,1167,228.94605100009358,5000,True,18172.59277300036
385,1168,228.9165199981653,5000,True,18172.59277300036
385,1169,230.88059700239683,5000,True,18172.59277300036
385,1170,228.165042004548,5000,True,18172.59277300036
384,1172,228.5504410028807,5000,True,18172.59277300036
376,1171,230.49690899642883,5000,True,18172.59277300036
396,1173,228.4913269977551,5000,True,18172.59277300036
391,1174,228.07314099918585,5000,True,18172.59277300036
387,1175,227.35902699787403,5000,True,18172.59277300036
376,1176,227.1264590017381,5000,True,18172.59277300036
386,1177,227.01797999616247,5000,True,18172.59277300036
380,1178,226.21164500014856,5000,True,18172.59277300036
384,1179,226.42930000438355,5000,True,18172.59277300036
384,1180,241.28515800111927,5000,True,18172.59277300036
396,1181,242.12542299937923,5000,True,18172.59277300036
381,1182,242.28960800246568,5000,True,18172.59277300036
385,1183,242.6809860044159,5000,True,18172.59277300036
377,1184,242.037796000659,5000,True,18172.59277300036
370,1185,240.52693200064823,5000,True,18172.59277300036
393,1186,241.4078840010916,5000,True,18172.59277300036
384,1187,241.08730199804995,5000,True,18172.59277300036
390,1188,232.44188500393648,5000,True,18172.59277300036
371,1189,240.4012769984547,5000,True,18172.59277300036
380,1190,241.67198999930406,5000,True,18172.59277300036
375,1191,240.8180279962835,5000,True,18172.59277300036
382,1192,233.0013050013804,5000,True,18172.59277300036
381,1193,240.28871399787022,5000,True,18172.59277300036
392,1195,240.20296199887525,5000,True,18172.59277300036
388,1194,242.2768670003279,5000,True,18172.59277300036
378,1197,232.03555100189988,5000,True,18172.59277300036
393,1196,241.8455430015456,5000,True,18172.59277300036
383,1198,239.79084200254874,5000,True,18172.59277300036
380,1199,240.48826999933226,5000,True,18172.59277300036
387,1200,239.40947300434345,5000,True,18172.59277300036
371,1201,239.18265700194752,5000,True,18172.59277300036
383,1202,238.65964100696146,5000,True,18172.59277300036
387,1203,246.80868800351163,5000,True,18172.59277300036
394,1204,247.42554400290828,5000,True,18172.59277300036
374,1205,247.0161290038959,5000,True,18172.59277300036
383,1206,238.6768620053772,5000,True,18172.59277300036
379,1207,246.3258229981875,5000,True,18172.59277300036
393,1208,245.87740399874747,5000,True,18172.59277300036
371,1209,235.29245099780383,5000,True,18172.59277300036
385,1210,235.3974180005025,5000,True,18172.59277300036
393,1211,234.3337869970128,5000,True,18172.59277300036
383,1212,232.7781860003597,5000,True,18172.59277300036
376,1213,232.98135899676709,5000,True,18172.59277300036
393,1214,233.01640499994392,5000,True,18172.59277300036
376,1215,232.79449500114424,5000,True,18172.59277300036
377,1216,249.83210399659583,5000,True,18172.59277300036
386,1217,239.8471279957448,5000,True,18172.59277300036
385,1218,240.65454799711006,5000,True,18172.59277300036
401,1219,242.53589799627662,5000,True,18172.59277300036
375,1220,243.29939300514525,5000,True,18172.59277300036
381,1222,232.68376900523435,5000,True,18172.59277300036
382,1223,233.6570359984762,5000,True,18172.59277300036
382,1221,236.7191820012522,5000,True,18172.59277300036
387,1224,242.22699600068154,5000,True,18172.59277300036
393,1225,234.070102997066,5000,True,18172.59277300036
385,1226,229.35123600473162,5000,True,18172.59277300036
381,1227,238.27390199585352,5000,True,18172.59277300036
386,1228,239.01851199480006,5000,True,18172.59277300036
377,1229,238.54509700322524,5000,True,18172.59277300036
393,1230,235.50333800085355,5000,True,18172.59277300036
379,1231,244.04606800089823,5000,True,18172.59277300036
392,1232,243.66097199526848,5000,True,18172.59277300036
380,1233,242.8158950060606,5000,True,18172.59277300036
379,1234,235.56112100050086,5000,True,18172.59277300036
370,1235,235.8415979979327,5000,True,18172.59277300036
388,1236,244.37273100193124,5000,True,18172.59277300036
387,1237,245.00230800185818,5000,True,18172.59277300036
385,1238,245.26015499577625,5000,True,18172.59277300036
388,1239,237.2252409986686,5000,True,18172.59277300036
380,1240,236.69959000108065,5000,True,18172.59277300036
388,1241,237.18462100077886,5000,True,18172.59277300036
391,1242,244.16708000353537,5000,True,18172.59277300036
397,1243,243.37324900261592,5000,True,18172.59277300036
380,1244,218.570251003257,5000,True,18172.59277300036
384,1245,218.4435180024593,5000,True,18172.59277300036
381,1246,218.59855100046843,5000,True,18172.59277300036
392,1247,217.73793299507815,5000,True,18172.59277300036
387,1248,218.00076399813406,5000,True,18172.59277300036
374,1249,218.98174099624157,5000,True,18172.59277300036
375,1250,218.68172399990726,5000,True,18172.59277300036
379,1251,226.65005399903748,5000,True,18172.59277300036
380,1252,218.0993160000071,5000,True,18172.59277300036
392,1253,217.58470899658278,5000,True,18172.59277300036
393,1254,217.51907200086862,5000,True,18172.59277300036
382,1255,217.4005299966666,5000,True,18172.59277300036
377,1256,209.5826400036458,5000,True,18172.59277300036
376,1257,209.57038400229067,5000,True,18172.59277300036
388,1258,209.35468199604657,5000,True,18172.59277300036
376,1259,209.74603500508238,5000,True,18172.59277300036
390,1260,211.5273259987589,5000,True,18172.59277300036
387,1261,209.66504299576627,5000,True,18172.59277300036
382,1262,210.11200200155145,5000,True,18172.59277300036
383,1263,209.33320600306615,5000,True,18172.59277300036
390,1264,210.92831699934322,5000,True,18172.59277300036
380,1265,218.86286399967503,5000,True,18172.59277300036
393,1266,219.7122430006857,5000,True,18172.59277300036
385,1267,211.4160919954884,5000,True,18172.59277300036
388,1268,211.94539299904136,5000,True,18172.59277300036
371,1269,211.94431799813174,5000,True,18172.59277300036
375,1270,219.0441450002254,5000,True,18172.59277300036
391,1271,219.3393300040043,5000,True,18172.59277300036
385,1272,219.44805200473638,5000,True,18172.59277300036
393,1273,220.20437700120965,5000,True,18172.59277300036
390,1274,220.98906699829968,5000,True,18172.59277300036
380,1275,222.60653599369107,5000,True,18172.59277300036
371,1276,218.79762600292452,5000,True,18172.59277300036
376,1277,224.112702999264,5000,True,18172.59277300036
393,1278,224.48178299964638,5000,True,18172.59277300036
376,1279,224.44014500069898,5000,True,18172.59277300036
375,1280,216.44708399981027,5000,True,18172.59277300036
388,1282,215.8695850012009,5000,True,18172.59277300036
368,1281,218.26723399863113,5000,True,18172.59277300036
376,1283,216.74158699897816,5000,True,18172.59277300036
378,1284,214.65868199447868,5000,True,18172.59277300036
385,1285,223.8048620056361,5000,True,18172.59277300036
396,1286,223.01790000346955,5000,True,18172.59277300036
385,1287,223.72061699570622,5000,True,18172.59277300036
379,1288,214.7094699976151,5000,True,18172.59277300036
378,1289,223.44411499943817,5000,True,18172.59277300036
379,1290,222.1070010054973,5000,True,18172.59277300036
391,1291,213.5962219981593,5000,True,18172.59277300036
375,1292,213.60853900114307,5000,True,18172.59277300036
392,1293,222.64440599974478,5000,True,18172.59277300036
379,1294,222.27809399919352,5000,True,18172.59277300036
386,1295,214.4258490006905,5000,True,18172.59277300036
378,1296,224.11958900192985,5000,True,18172.59277300036
385,1297,223.4357449997333,5000,True,18172.59277300036
376,1298,224.35720800422132,5000,True,18172.59277300036
376,1299,215.0932329968782,5000,True,18172.59277300036
375,1300,225.1783309984603,5000,True,18172.59277300036
388,1301,223.67978900001617,5000,True,18172.59277300036
392,1302,224.10701799526578,5000,True,18172.59277300036
380,1303,224.89837899775011,5000,True,18172.59277300036
379,1304,234.43403300188947,5000,True,18172.59277300036
378,1305,234.70645199995488,5000,True,18172.59277300036
376,1306,228.80767800234025,5000,True,18172.59277300036
381,1307,229.16558900033124,5000,True,18172.59277300036
388,1308,236.50560600071913,5000,True,18172.59277300036
388,1309,236.4334140002029,5000,True,18172.59277300036
376,1310,236.87028299900703,5000,True,18172.59277300036
378,1311,229.78076800063718,5000,True,18172.59277300036
384,1312,238.1191120002768,5000,True,18172.59277300036
388,1313,238.2746329967631,5000,True,18172.59277300036
376,1314,238.89778300508624,5000,True,18172.59277300036
387,1315,230.66511100478237,5000,True,18172.59277300036
377,1316,254.08317599794827,5000,True,18172.59277300036
382,1317,255.18657300563063,5000,True,18172.59277300036
388,1318,254.61205300234724,5000,True,18172.59277300036
384,1319,265.08309500059113,5000,True,18172.59277300036
387,1320,264.3673660058994,5000,True,18172.59277300036
380,1321,265.36625000153435,5000,True,18172.59277300036
383,1322,264.63834199967096,5000,True,18172.59277300036
371,1323,265.230306002195,5000,True,18172.59277300036
370,1324,270.8697550042416,5000,True,18172.59277300036
381,1325,266.23680900229374,5000,True,18172.59277300036
392,1326,266.02762999391416,5000,True,18172.59277300036
378,1327,275.4002040019259,5000,True,18172.59277300036
376,1328,274.2830299976049,5000,True,18172.59277300036
392,1330,264.60693400440505,5000,True,18172.59277300036
378,1329,267.8422760000103,5000,True,18172.59277300036
385,1331,286.69692399853375,5000,True,18172.59277300036
395,1333,284.47241699905135,5000,True,18172.59277300036
392,1332,286.9775599974673,5000,True,18172.59277300036
371,1334,278.4806919953553,5000,True,18172.59277300036
380,1335,270.75560199591564,5000,True,18172.59277300036
381,1336,271.1591520055663,5000,True,18172.59277300036
379,1337,271.2065870000515,5000,True,18172.59277300036
383,1338,278.3941729940125,5000,True,18172.59277300036
383,1339,275.94914300425444,5000,True,18172.59277300036
392,1340,271.69135399890365,5000,True,18172.59277300036
381,1341,267.96202499826904,5000,True,18172.59277300036
375,1342,275.06722699763486,5000,True,18172.59277300036
385,1343,274.56824600085383,5000,True,18172.59277300036
386,1344,265.677178002079,5000,True,18172.59277300036
391,1345,266.65572299680207,5000,True,18172.59277300036
393,1346,267.3413439988508,5000,True,18172.59277300036
389,1347,266.1272200057283,5000,True,18172.59277300036
380,1348,266.5269650024129,5000,True,18172.59277300036
373,1349,257.42446100048255,5000,True,18172.59277300036
378,1350,257.63966000522487,5000,True,18172.59277300036
390,1351,262.3079859986319,5000,True,18172.59277300036
388,1352,262.7594300065539,5000,True,18172.59277300036
391,1353,254.12067700381158,5000,True,18172.59277300036
377,1354,253.2129840037669,5000,True,18172.59277300036
370,1355,252.5706070009619,5000,True,18172.59277300036
376,1357,267.9834660011693,5000,True,18172.59277300036
389,1356,270.60577100201044,5000,True,18172.59277300036
385,1358,269.7818990054657,5000,True,18172.59277300036
382,1359,268.9855720018386,5000,True,18172.59277300036
380,1360,259.68931099487236,5000,True,18172.59277300036
377,1361,266.1022009997396,5000,True,18172.59277300036
383,1363,264.1609589991276,5000,True,18172.59277300036
386,1362,266.59123499848647,5000,True,18172.59277300036
382,1364,255.26442199770827,5000,True,18172.59277300036
381,1365,256.6891079986817,5000,True,18172.59277300036
392,1366,256.8492040009005,5000,True,18172.59277300036
375,1367,262.1853519958677,5000,True,18172.59277300036
395,1368,252.71440299547976,5000,True,18172.59277300036
379,1369,252.9058919972158,5000,True,18172.59277300036
383,1370,251.8296240014024,5000,True,18172.59277300036
388,1371,252.24048699601553,5000,True,18172.59277300036
376,1372,245.1722969999537,5000,True,18172.59277300036
395,1373,252.04340100026457,5000,True,18172.59277300036
375,1374,251.95763100055046,5000,True,18172.59277300036
388,1375,241.71486699924571,5000,True,18172.59277300036
370,1376,241.9840509974165,5000,True,18172.59277300036
382,1377,242.29005399683956,5000,True,18172.59277300036
376,1378,247.4374040029943,5000,True,18172.59277300036
396,1379,248.28644000081113,5000,True,18172.59277300036
372,1380,223.3461720024934,5000,True,18172.59277300036
385,1381,223.2415230027982,5000,True,18172.59277300036
390,1382,223.24759799812455,5000,True,18172.59277300036
386,1383,220.7256619949476,5000,True,18172.59277300036
388,1384,220.673395000631,5000,True,18172.59277300036
379,1385,219.76276900386438,5000,True,18172.59277300036
388,1386,220.2229440008523,5000,True,18172.59277300036
376,1387,211.10223099822178,5000,True,18172.59277300036
393,1388,210.6738270013011,5000,True,18172.59277300036
380,1389,217.83441100706114,5000,True,18172.59277300036
402,1390,218.21685799659463,5000,True,18172.59277300036
384,1391,208.17200600140495,5000,True,18172.59277300036
379,1392,208.68602900009137,5000,True,18172.59277300036
381,1393,207.7897299968754,5000,True,18172.59277300036
375,1394,207.53657499881228,5000,True,18172.59277300036
385,1395,193.5795390018029,5000,True,18172.59277300036
401,1397,194.01945100253215,5000,True,18172.59277300036
375,1396,196.50023600115674,5000,True,18172.59277300036
388,1398,194.3549239949789,5000,True,18172.59277300036
392,1399,194.07407200196758,5000,True,18172.59277300036
387,1400,201.14685599401128,5000,True,18172.59277300036
370,1401,202.04828499845462,5000,True,18172.59277300036
385,1402,193.067908003286,5000,True,18172.59277300036
385,1403,194.43812499957858,5000,True,18172.59277300036
375,1404,193.329558998812,5000,True,18172.59277300036
374,1405,200.4591730001266,5000,True,18172.59277300036
381,1406,196.01984300243203,5000,True,18172.59277300036
381,1407,196.42525500239572,5000,True,18172.59277300036
392,1408,195.39265699859243,5000,True,18172.59277300036
383,1409,195.380491000833,5000,True,18172.59277300036
387,1410,194.83525899704546,5000,True,18172.59277300036
376,1411,199.16118000401184,5000,True,18172.59277300036
371,1412,201.48948799760547,5000,True,18172.59277300036
397,1413,201.65857200481696,5000,True,18172.59277300036
392,1414,201.55375899776118,5000,True,18172.59277300036
370,1415,195.84669900359586,5000,True,18172.59277300036
372,1416,200.41433100413997,5000,True,18172.59277300036
383,1417,201.25298100174405,5000,True,18172.59277300036
397,1418,201.82979600213002,5000,True,18172.59277300036
393,1419,201.83784999971977,5000,True,18172.59277300036
370,1420,184.44808200001717,5000,True,18172.59277300036
392,1421,185.1353090023622,5000,True,18172.59277300036
383,1422,185.32379700627644,5000,True,18172.59277300036
376,1423,184.75522499647923,5000,True,18172.59277300036
382,1424,185.2805679955054,5000,True,18172.59277300036
374,1425,185.80772800487466,5000,True,18172.59277300036
388,1426,186.26809299894376,5000,True,18172.59277300036
376,1427,185.99705299857305,5000,True,18172.59277300036
371,1428,186.68129599973327,5000,True,18172.59277300036
384,1429,186.02228999952786,5000,True,18172.59277300036
383,1430,194.38558899855707,5000,True,18172.59277300036
387,1431,186.42817499494413,5000,True,18172.59277300036
371,1432,185.83134200162021,5000,True,18172.59277300036
376,1433,186.65273799706483,5000,True,18172.59277300036
398,1434,186.544939999294,5000,True,18172.59277300036
375,1435,185.8633709998685,5000,True,18172.59277300036
372,1436,186.48282299545826,5000,True,18172.59277300036
384,1437,186.60920699767303,5000,True,18172.59277300036
385,1438,186.90109200542793,5000,True,18172.59277300036
380,1439,186.34222199762007,5000,True,18172.59277300036
372,1440,186.5209949974087,5000,True,18172.59277300036
383,1441,194.09824500326067,5000,True,18172.59277300036
384,1442,187.29176300257677,5000,True,18172.59277300036
387,1443,186.8287449979107,5000,True,18172.59277300036
380,1444,187.25665799865965,5000,True,18172.59277300036
371,1445,196.11022699973546,5000,True,18172.59277300036
381,1446,195.5885799980024,5000,True,18172.59277300036
374,1447,188.09015499573434,5000,True,18172.59277300036
378,1449,187.6859250041889,5000,True,18172.59277300036
377,1448,190.38277000072412,5000,True,18172.59277300036
379,1450,196.54429799993522,5000,True,18172.59277300036
397,1451,196.8426780003938,5000,True,18172.59277300036
393,1452,197.17258300079266,5000,True,18172.59277300036
391,1453,189.2280230022152,5000,True,18172.59277300036
388,1454,189.6411670022644,5000,True,18172.59277300036
377,1455,189.55322300462285,5000,True,18172.59277300036
388,1456,198.0892460051109,5000,True,18172.59277300036
397,1457,198.7135550007224,5000,True,18172.59277300036
387,1458,199.2268559988588,5000,True,18172.59277300036
384,1459,191.30949799728114,5000,True,18172.59277300036
394,1460,198.80424899747595,5000,True,18172.59277300036
392,1461,197.58483099576551,5000,True,18172.59277300036
380,1463,197.29554600053234,5000,True,18172.59277300036
402,1462,199.5832180036814,5000,True,18172.59277300036
391,1464,193.09549700119533,5000,True,18172.59277300036
384,1465,198.21253700501984,5000,True,18172.59277300036
385,1466,198.42165899899555,5000,True,18172.59277300036
376,1467,199.53635099955136,5000,True,18172.59277300036
388,1468,201.4893360028509,5000,True,18172.59277300036
379,1469,194.31950099533424,5000,True,18172.59277300036
387,1470,198.50545399822295,5000,True,18172.59277300036
384,1471,198.24641400191467,5000,True,18172.59277300036
373,1472,198.50934600253822,5000,True,18172.59277300036
388,1473,198.99279800301883,5000,True,18172.59277300036
397,1474,206.74272600444965,5000,True,18172.59277300036
385,1475,202.80410299892537,5000,True,18172.59277300036
381,1476,200.54714299476473,5000,True,18172.59277300036
387,1477,200.56267300242325,5000,True,18172.59277300036
381,1478,209.9048479940393,5000,True,18172.59277300036
388,1480,202.46399300231133,5000,True,18172.59277300036
392,1479,204.12864999525482,5000,True,18172.59277300036
385,1481,203.32119100203272,5000,True,18172.59277300036
388,1482,202.91451700177277,5000,True,18172.59277300036
379,1483,211.06141900236253,5000,True,18172.59277300036
394,1484,202.93686999502825,5000,True,18172.59277300036
381,1485,202.05464399623452,5000,True,18172.59277300036
377,1486,200.51788500131806,5000,True,18172.59277300036
376,1487,200.70388200110756,5000,True,18172.59277300036
380,1488,200.4750120031531,5000,True,18172.59277300036
372,1489,193.1544839972048,5000,True,18172.59277300036
376,1490,199.17496900598053,5000,True,18172.59277300036
382,1491,199.85069700487657,5000,True,18172.59277300036
377,1492,198.9722520011128,5000,True,18172.59277300036
385,1493,198.84725700103445,5000,True,18172.59277300036
378,1494,189.98478499997873,5000,True,18172.59277300036
384,1495,200.70098499854794,5000,True,18172.59277300036
389,1496,200.6860850015073,5000,True,18172.59277300036
371,1497,199.13935399381444,5000,True,18172.59277300036
371,1498,199.46531500318088,5000,True,18172.59277300036
392,1499,198.97717099956935,5000,True,18172.59277300036
384,1500,191.17688800179167,5000,True,18172.59277300036
380,1501,190.35305499710375,5000,True,18172.59277300036
402,1502,197.46053400012897,5000,True,18172.59277300036
370,1503,197.73684100073297,5000,True,18172.59277300036
384,1504,197.0309790049214,5000,True,18172.59277300036
384,1505,191.188657998282,5000,True,18172.59277300036
392,1506,200.35572999768192,5000,True,18172.59277300036
372,1507,199.67398500011768,5000,True,18172.59277300036
394,1508,200.90897900081472,5000,True,18172.59277300036
373,1510,190.12995099910768,5000,True,18172.59277300036
386,1509,192.73006600269582,5000,True,18172.59277300036
381,1511,191.02530399686657,5000,True,18172.59277300036
377,1512,190.71807099680882,5000,True,18172.59277300036
376,1513,190.2685089953593,5000,True,18172.59277300036
377,1514,181.70928500330774,5000,True,18172.59277300036
380,1515,183.8222250007675,5000,True,18172.59277300036
377,1516,190.78512200212572,5000,True,18172.59277300036
374,1517,191.48760099778883,5000,True,18172.59277300036
386,1518,190.70244600152364,5000,True,18172.59277300036
377,1519,191.07165600144072,5000,True,18172.59277300036
393,1520,183.0332159952377,5000,True,18172.59277300036
376,1521,186.48896700324258,5000,True,18172.59277300036
393,1522,185.8922370010987,5000,True,18172.59277300036
388,1523,187.82101000397233,5000,True,18172.59277300036
372,1525,184.93289899925003,5000,True,18172.59277300036
371,1524,186.37019200104987,5000,True,18172.59277300036
398,1526,185.59302300127456,5000,True,18172.59277300036
375,1527,185.6765530028497,5000,True,18172.59277300036
372,1528,182.90791600156808,5000,True,18172.59277300036
381,1530,185.03432199941017,5000,True,18172.59277300036
382,1529,187.56095400021877,5000,True,18172.59277300036
380,1531,184.03129299986176,5000,True,18172.59277300036
382,1532,182.9851439979393,5000,True,18172.59277300036
371,1533,191.16151999332942,5000,True,18172.59277300036
389,1534,183.05400700046448,5000,True,18172.59277300036
376,1535,184.32126600237098,5000,True,18172.59277300036
379,1536,184.60668899933808,5000,True,18172.59277300036
399,1537,176.87306099833222,5000,True,18172.59277300036
379,1538,177.73106799722882,5000,True,18172.59277300036
380,1539,177.25053200410912,5000,True,18172.59277300036
382,1540,177.18905799847562,5000,True,18172.59277300036
390,1541,185.30293599906145,5000,True,18172.59277300036
379,1542,175.96259000129066,5000,True,18172.59277300036
378,1543,177.5162019985146,5000,True,18172.59277300036
380,1544,178.01309800415765,5000,True,18172.59277300036
370,1545,185.77650700171944,5000,True,18172.59277300036
380,1546,185.2447229975951,5000,True,18172.59277300036
387,1547,178.37210799916647,5000,True,18172.59277300036
386,1550,176.3366870000027,5000,True,18172.59277300036
371,1558,169.8914419976063,5000,True,18172.59277300036
396,1548,190.07911899825558,5000,True,18172.59277300036
374,1551,189.5877329952782,5000,True,18172.59277300036
369,1552,189.72319000022253,5000,True,18172.59277300036
370,1553,198.69975199981127,5000,True,18172.59277300036
380,1555,190.99641399952816,5000,True,18172.59277300036
370,1554,195.02260199806187,5000,True,18172.59277300036
392,1556,202.57684199896175,5000,True,18172.59277300036
375,1557,202.09230599721195,5000,True,18172.59277300036
369,1559,192.0141259979573,5000,True,18172.59277300036
391,1562,190.89433199405903,5000,True,18172.59277300036
380,1564,190.22860399854835,5000,True,18172.59277300036
397,1568,188.80529099988053,5000,True,18172.59277300036
376,1560,207.58155500516295,5000,True,18172.59277300036
392,1561,208.1496809987584,5000,True,18172.59277300036
381,1566,204.92150200152537,5000,True,18172.59277300036
383,1549,250.08827899728203,5000,True,18172.59277300036
396,1563,219.09749799669953,5000,True,18172.59277300036
370,1567,208.43389299989212,5000,True,18172.59277300036
375,1565,219.78972899523797,5000,True,18172.59277300036
396,1569,215.10789600142743,5000,True,18172.59277300036
374,1570,206.13894800044363,5000,True,18172.59277300036
378,1571,206.98654900479596,5000,True,18172.59277300036
380,1572,207.00254999974277,5000,True,18172.59277300036
369,1573,216.04748400568496,5000,True,18172.59277300036
389,1574,217.65783199953148,5000,True,18172.59277300036
380,1575,218.67565299908165,5000,True,18172.59277300036
392,1576,226.57276400423143,5000,True,18172.59277300036
374,1577,234.99137299950235,5000,True,18172.59277300036
381,1578,236.008091000258,5000,True,18172.59277300036
374,1579,234.297606999462,5000,True,18172.59277300036
388,1580,227.03556300257333,5000,True,18172.59277300036
378,1581,268.90504299808526,5000,True,18172.59277300036
369,1582,269.15829200152075,5000,True,18172.59277300036
369,1583,269.809488003375,5000,True,18172.59277300036
385,1584,269.5936689997325,5000,True,18172.59277300036
380,1585,266.850271000294,5000,True,18172.59277300036
381,1586,267.69597100064857,5000,True,18172.59277300036
376,1587,266.09668099990813,5000,True,18172.59277300036
387,1588,269.67506599612534,5000,True,18172.59277300036
385,1589,270.06004199938616,5000,True,18172.59277300036
388,1590,269.9800550035434,5000,True,18172.59277300036
380,1591,270.7556259992998,5000,True,18172.59277300036
383,1593,269.5751149949501,5000,True,18172.59277300036
379,1592,280.9153990019695,5000,True,18172.59277300036
374,1594,270.6804330009618,5000,True,18172.59277300036
383,1595,271.633356998791,5000,True,18172.59277300036
369,1596,278.931039996678,5000,True,18172.59277300036
370,1597,271.3659769942751,5000,True,18172.59277300036
387,1598,271.6155159941991,5000,True,18172.59277300036
375,1599,270.82626600167714,5000,True,18172.59277300036
384,1600,270.68825700553134,5000,True,18172.59277300036
383,1601,294.0213660040172,5000,True,18172.59277300036
393,1602,293.79352099931566,5000,True,18172.59277300036
368,1603,294.63106200273614,5000,True,18172.59277300036
393,1604,294.2371430035564,5000,True,18172.59277300036
379,1605,293.7060090043815,5000,True,18172.59277300036
382,1606,293.7910370019381,5000,True,18172.59277300036
375,1607,293.3918700000504,5000,True,18172.59277300036
388,1608,295.4218079976272,5000,True,18172.59277300036
368,1609,295.6016769967391,5000,True,18172.59277300036
396,1610,296.02457400324056,5000,True,18172.59277300036
375,1611,295.9210070039262,5000,True,18172.59277300036
387,1612,306.34265700064134,5000,True,18172.59277300036
382,1613,298.3161659940379,5000,True,18172.59277300036
389,1614,298.86717399494955,5000,True,18172.59277300036
373,1615,307.6683299950673,5000,True,18172.59277300036
378,1616,306.7790349959978,5000,True,18172.59277300036
396,1617,298.2713019955554,5000,True,18172.59277300036
382,1618,298.11903899826575,5000,True,18172.59277300036
382,1619,312.50202199589694,5000,True,18172.59277300036
376,1620,313.48388100013835,5000,True,18172.59277300036
373,1621,314.2682010002318,5000,True,18172.59277300036
382,1622,313.53814100293675,5000,True,18172.59277300036
392,1623,313.7392349963193,5000,True,18172.59277300036
385,1624,305.0571000057971,5000,True,18172.59277300036
387,1625,304.0942220031866,5000,True,18172.59277300036
389,1626,313.3101869971142,5000,True,18172.59277300036
382,1627,313.0221149986028,5000,True,18172.59277300036
391,1628,304.512809998414,5000,True,18172.59277300036
383,1629,304.9070920023951,5000,True,18172.59277300036
379,1630,304.12709400116,5000,True,18172.59277300036
384,1631,311.62605899589835,5000,True,18172.59277300036
393,1632,303.57970600016415,5000,True,18172.59277300036
379,1633,303.83388200425543,5000,True,18172.59277300036
393,1634,314.07469600526383,5000,True,18172.59277300036
388,1635,314.58509500225773,5000,True,18172.59277300036
386,1636,305.4693279991625,5000,True,18172.59277300036
383,1637,306.5248170023551,5000,True,18172.59277300036
375,1638,313.38746000255924,5000,True,18172.59277300036
375,1639,313.36123200162547,5000,True,18172.59277300036
385,1640,306.21478999819374,5000,True,18172.59277300036
388,1641,297.92048100352986,5000,True,18172.59277300036
393,1642,297.9419159964891,5000,True,18172.59277300036
401,1643,303.9730980017339,5000,True,18172.59277300036
380,1644,304.0527590055717,5000,True,18172.59277300036
384,1645,261.59088800341124,5000,True,18172.59277300036
391,1646,261.68052200227976,5000,True,18172.59277300036
391,1647,263.01585699548014,5000,True,18172.59277300036
392,1648,268.5290149966022,5000,True,18172.59277300036
392,1649,267.9943920011283,5000,True,18172.59277300036
371,1650,266.67540299968095,5000,True,18172.59277300036
401,1651,267.292101001658,5000,True,18172.59277300036
382,1652,257.2444660036126,5000,True,18172.59277300036
393,1653,265.78613199671963,5000,True,18172.59277300036
377,1654,265.5591419970733,5000,True,18172.59277300036
378,1655,265.062559999933,5000,True,18172.59277300036
398,1656,256.06832800258417,5000,True,18172.59277300036
391,1657,255.83474099403247,5000,True,18172.59277300036
384,1658,264.2363129998557,5000,True,18172.59277300036
371,1659,262.961884996912,5000,True,18172.59277300036
379,1660,254.90611200075364,5000,True,18172.59277300036
382,1661,255.95622500259196,5000,True,18172.59277300036
396,1662,279.68891199998325,5000,True,18172.59277300036
381,1663,280.05679099442204,5000,True,18172.59277300036
388,1664,279.99064500181703,5000,True,18172.59277300036
393,1665,257.1580610019737,5000,True,18172.59277300036
386,1666,256.89160999900196,5000,True,18172.59277300036
389,1667,263.2549139962066,5000,True,18172.59277300036
372,1668,263.9733769974555,5000,True,18172.59277300036
379,1669,256.0735860024579,5000,True,18172.59277300036
390,1670,256.4162889975705,5000,True,18172.59277300036
387,1671,255.7414830007474,5000,True,18172.59277300036
373,1672,253.46874200477032,5000,True,18172.59277300036
392,1673,255.23272400459973,5000,True,18172.59277300036
390,1674,254.86937100504292,5000,True,18172.59277300036
384,1675,254.3163079972146,5000,True,18172.59277300036
378,1676,252.2958510016906,5000,True,18172.59277300036
380,1677,250.68590199953178,5000,True,18172.59277300036
381,1678,250.65051899582613,5000,True,18172.59277300036
385,1679,241.00897899916163,5000,True,18172.59277300036
393,1680,242.1230999971158,5000,True,18172.59277300036
380,1681,248.9872229998582,5000,True,18172.59277300036
371,1682,249.57388400071068,5000,True,18172.59277300036
376,1683,234.96985000383575,5000,True,18172.59277300036
386,1684,235.05811399809318,5000,True,18172.59277300036
385,1685,234.95609599922318,5000,True,18172.59277300036
388,1686,235.06419700424885,5000,True,18172.59277300036
391,1687,235.0115589943016,5000,True,18172.59277300036
393,1688,244.94207100360654,5000,True,18172.59277300036
392,1689,244.86493599397363,5000,True,18172.59277300036
398,1690,234.70873400219716,5000,True,18172.59277300036
381,1691,235.77341700001853,5000,True,18172.59277300036
386,1693,233.13929200230632,5000,True,18172.59277300036
377,1692,243.46253299881937,5000,True,18172.59277300036
375,1694,243.60373400122626,5000,True,18172.59277300036
375,1695,236.04386799706845,5000,True,18172.59277300036
402,1696,235.71508299937705,5000,True,18172.59277300036
385,1697,242.8396760005853,5000,True,18172.59277300036
375,1698,232.47141599858878,5000,True,18172.59277300036
388,1699,232.21967999415938,5000,True,18172.59277300036
371,1700,231.87628999585286,5000,True,18172.59277300036
397,1701,222.68571799941128,5000,True,18172.59277300036
380,1703,220.81648499442963,5000,True,18172.59277300036
382,1702,230.95112099690596,5000,True,18172.59277300036
377,1704,229.11791799560888,5000,True,18172.59277300036
387,1705,229.56409299513325,5000,True,18172.59277300036
371,1706,229.49110400077188,5000,True,18172.59277300036
388,1707,228.81990300084,5000,True,18172.59277300036
383,1708,230.411489996186,5000,True,18172.59277300036
378,1709,229.76398700120626,5000,True,18172.59277300036
375,1710,230.15753000072436,5000,True,18172.59277300036
382,1711,229.15048899449175,5000,True,18172.59277300036
375,1712,223.80403799616033,5000,True,18172.59277300036
386,1713,223.6519420039258,5000,True,18172.59277300036
394,1714,234.08534299960593,5000,True,18172.59277300036
388,1715,234.37836499942932,5000,True,18172.59277300036
398,1716,234.71257200435502,5000,True,18172.59277300036
371,1717,227.62893099570647,5000,True,18172.59277300036
402,1718,235.90589700324927,5000,True,18172.59277300036
375,1719,236.65508600242902,5000,True,18172.59277300036
375,1720,236.46870600350667,5000,True,18172.59277300036
369,1721,236.7724840005394,5000,True,18172.59277300036
381,1722,236.22257100214483,5000,True,18172.59277300036
372,1724,236.90591199556366,5000,True,18172.59277300036
384,1723,239.5362879979075,5000,True,18172.59277300036
379,1725,236.43685299612116,5000,True,18172.59277300036
398,1726,221.2635149990092,5000,True,18172.59277300036
391,1727,221.6072829978657,5000,True,18172.59277300036
377,1728,221.24643999995897,5000,True,18172.59277300036
388,1730,220.21632199903252,5000,True,18172.59277300036
379,1729,231.26414199941792,5000,True,18172.59277300036
375,1731,223.4227840017411,5000,True,18172.59277300036
375,1732,223.12748999684118,5000,True,18172.59277300036
384,1733,224.15909400297096,5000,True,18172.59277300036
385,1734,232.1332759966026,5000,True,18172.59277300036
374,1735,233.1065940015833,5000,True,18172.59277300036
384,1736,225.86014099942986,5000,True,18172.59277300036
371,1737,224.76695200020913,5000,True,18172.59277300036
386,1738,232.20174799644155,5000,True,18172.59277300036
381,1739,232.15833900030702,5000,True,18172.59277300036
388,1740,224.24071999557782,5000,True,18172.59277300036
371,1741,224.42034899722785,5000,True,18172.59277300036
392,1742,232.83947999880183,5000,True,18172.59277300036
391,1743,232.49523100093938,5000,True,18172.59277300036
372,1744,232.9390040031285,5000,True,18172.59277300036
370,1745,225.69079999811947,5000,True,18172.59277300036
390,1746,224.50626200588886,5000,True,18172.59277300036
387,1747,232.835012000578,5000,True,18172.59277300036
377,1748,229.95286800141912,5000,True,18172.59277300036
384,1749,229.72464900522027,5000,True,18172.59277300036
394,1750,229.0306060021976,5000,True,18172.59277300036
371,1751,229.2825440017623,5000,True,18172.59277300036
372,1752,219.040853997285,5000,True,18172.59277300036
387,1753,219.4158400016022,5000,True,18172.59277300036
385,1754,219.74922500521643,5000,True,18172.59277300036
376,1755,219.78858199872775,5000,True,18172.59277300036
391,1756,223.89255999587476,5000,True,18172.59277300036
370,1757,216.1167230005958,5000,True,18172.59277300036
388,1758,214.7964750038227,5000,True,18172.59277300036
388,1759,220.70089699991513,5000,True,18172.59277300036
381,1760,220.26002199709183,5000,True,18172.59277300036
382,1761,212.26872300030664,5000,True,18172.59277300036
377,1762,213.88595100142993,5000,True,18172.59277300036
371,1763,213.88610200665426,5000,True,18172.59277300036
382,1764,213.36001500458224,5000,True,18172.59277300036
380,1765,213.512604997959,5000,True,18172.59277300036
393,1766,205.86142799584195,5000,True,18172.59277300036
383,1767,206.58768100111047,5000,True,18172.59277300036
382,1768,206.24129800125957,5000,True,18172.59277300036
385,1769,216.32261599734193,5000,True,18172.59277300036
379,1770,214.9767540031462,5000,True,18172.59277300036
371,1771,207.4516240027151,5000,True,18172.59277300036
392,1773,207.98833099979674,5000,True,18172.59277300036
381,1772,219.6238229953451,5000,True,18172.59277300036
391,1774,219.33596799499355,5000,True,18172.59277300036
380,1776,216.38685999641893,5000,True,18172.59277300036
391,1777,226.19079099968076,5000,True,18172.59277300036
382,1775,230.02545999770518,5000,True,18172.59277300036
396,1778,216.02923599857604,5000,True,18172.59277300036
382,1779,215.82112000032794,5000,True,18172.59277300036
385,1780,215.0862659982522,5000,True,18172.59277300036
387,1782,214.6475829940755,5000,True,18172.59277300036
384,1781,225.57531100028427,5000,True,18172.59277300036
386,1783,214.44734199758386,5000,True,18172.59277300036
398,1784,215.4269180027768,5000,True,18172.59277300036
392,1785,214.6517250002944,5000,True,18172.59277300036
394,1786,214.80860599695006,5000,True,18172.59277300036
401,1787,220.04595199541654,5000,True,18172.59277300036
390,1788,219.87537600216456,5000,True,18172.59277300036
371,1789,224.91398500278592,5000,True,18172.59277300036
371,1790,216.50799100461882,5000,True,18172.59277300036
375,1791,215.92904099816224,5000,True,18172.59277300036
400,1792,216.7795190034667,5000,True,18172.59277300036
374,1793,223.74187799869105,5000,True,18172.59277300036
384,1794,214.66623300511856,5000,True,18172.59277300036
372,1795,215.05387800425524,5000,True,18172.59277300036
370,1796,214.845399998012,5000,True,18172.59277300036
394,1797,214.20987600140506,5000,True,18172.59277300036
374,1798,214.4556100029149,5000,True,18172.59277300036
386,1799,213.30808999482542,5000,True,18172.59277300036
370,1800,212.76573599607218,5000,True,18172.59277300036
374,1801,212.75954900193028,5000,True,18172.59277300036
396,1802,214.7262700018473,5000,True,18172.59277300036
385,1803,213.99494700017385,5000,True,18172.59277300036
385,1804,214.39275200100383,5000,True,18172.59277300036
380,1805,215.10687199770473,5000,True,18172.59277300036
381,1806,206.18985500186682,5000,True,18172.59277300036
370,1807,206.91714900021907,5000,True,18172.59277300036
378,1808,206.05228900240036,5000,True,18172.59277300036
390,1810,205.87100600096164,5000,True,18172.59277300036
383,1809,216.823533999559,5000,True,18172.59277300036
378,1811,206.89884899911704,5000,True,18172.59277300036
396,1812,200.60559900593944,5000,True,18172.59277300036
381,1813,200.8430589994532,5000,True,18172.59277300036
383,1814,211.00098099850584,5000,True,18172.59277300036
392,1816,209.30018899525749,5000,True,18172.59277300036
373,1815,211.84685899788747,5000,True,18172.59277300036
391,1817,209.57064799586078,5000,True,18172.59277300036
382,1818,210.501576999377,5000,True,18172.59277300036
373,1819,209.76603500457713,5000,True,18172.59277300036
369,1820,206.5746969965403,5000,True,18172.59277300036
391,1821,208.0160849945969,5000,True,18172.59277300036
376,1822,208.13576899672626,5000,True,18172.59277300036
386,1823,202.26444199943217,5000,True,18172.59277300036
397,1824,202.86782299808692,5000,True,18172.59277300036
380,1825,202.78773899917724,5000,True,18172.59277300036
396,1826,211.1632969972561,5000,True,18172.59277300036
374,1827,211.09557100135135,5000,True,18172.59277300036
384,1828,212.51219599798787,5000,True,18172.59277300036
373,1829,220.45767099916702,5000,True,18172.59277300036
371,1830,221.3610670005437,5000,True,18172.59277300036
386,1831,221.4355530013563,5000,True,18172.59277300036
376,1832,221.92581900162622,5000,True,18172.59277300036
380,1833,219.84753599826945,5000,True,18172.59277300036
388,1835,219.3975100017269,5000,True,18172.59277300036
375,1834,222.5519979983801,5000,True,18172.59277300036
387,1836,211.39853799832053,5000,True,18172.59277300036
385,1837,210.89532800397137,5000,True,18172.59277300036
387,1838,218.88879199832445,5000,True,18172.59277300036
378,1839,219.15167299448512,5000,True,18172.59277300036
374,1840,209.94717800203944,5000,True,18172.59277300036
392,1841,210.8289199968567,5000,True,18172.59277300036
395,1842,218.24606599693652,5000,True,18172.59277300036
378,1843,218.80284600047162,5000,True,18172.59277300036
384,1844,219.91786099533783,5000,True,18172.59277300036
373,1845,219.99179699923843,5000,True,18172.59277300036
383,1846,220.3828310011886,5000,True,18172.59277300036
379,1847,221.65506300370907,5000,True,18172.59277300036
392,1848,220.58380400267197,5000,True,18172.59277300036
376,1849,230.10676599369617,5000,True,18172.59277300036
381,1850,221.29989599488908,5000,True,18172.59277300036
374,1851,216.44905699940864,5000,True,18172.59277300036
387,1852,216.84072799689602,5000,True,18172.59277300036
379,1853,220.9061220055446,5000,True,18172.59277300036
377,1854,221.00477299682098,5000,True,18172.59277300036
389,1855,221.45520300546195,5000,True,18172.59277300036
381,1856,230.00764000607887,5000,True,18172.59277300036
375,1857,222.16623600252206,5000,True,18172.59277300036
383,1858,223.48498199426103,5000,True,18172.59277300036
387,1859,223.0027599944151,5000,True,18172.59277300036
379,1860,223.77443599543767,5000,True,18172.59277300036
381,1861,231.62210299778963,5000,True,18172.59277300036
383,1862,223.42112499609357,5000,True,18172.59277300036
380,1863,223.46031999768456,5000,True,18172.59277300036
381,1864,223.21404600370442,5000,True,18172.59277300036
386,1865,232.75706999993417,5000,True,18172.59277300036
392,1866,223.78658600064227,5000,True,18172.59277300036
396,1867,223.98471699852962,5000,True,18172.59277300036
373,1869,231.31436300172936,5000,True,18172.59277300036
381,1868,233.47982800623868,5000,True,18172.59277300036
370,1870,231.39943800197216,5000,True,18172.59277300036
389,1871,230.17492899816716,5000,True,18172.59277300036
384,1872,230.88241899677087,5000,True,18172.59277300036
379,1873,253.5285109988763,5000,True,18172.59277300036
385,1874,244.741262999014,5000,True,18172.59277300036
382,1875,245.71243999525905,5000,True,18172.59277300036
380,1876,245.30323600629345,5000,True,18172.59277300036
378,1877,246.03548199957004,5000,True,18172.59277300036
371,1878,243.69468099757796,5000,True,18172.59277300036
392,1879,243.04694899910828,5000,True,18172.59277300036
390,1880,243.36265299643856,5000,True,18172.59277300036
369,1881,244.73204300011275,5000,True,18172.59277300036
376,1882,253.1025190037326,5000,True,18172.59277300036
368,1883,253.53518400515895,5000,True,18172.59277300036
381,1884,254.05487199896015,5000,True,18172.59277300036
385,1885,252.25958199735032,5000,True,18172.59277300036
385,1886,260.90611599647673,5000,True,18172.59277300036
378,1887,260.5497910044505,5000,True,18172.59277300036
381,1888,260.8006020018365,5000,True,18172.59277300036
382,1889,261.9398489987361,5000,True,18172.59277300036
382,1891,261.17754699953366,5000,True,18172.59277300036
383,1890,264.20387999678496,5000,True,18172.59277300036
381,1892,262.10554700082866,5000,True,18172.59277300036
374,1893,263.7565600016387,5000,True,18172.59277300036
392,1894,261.9709159989725,5000,True,18172.59277300036
388,1895,262.5383230042644,5000,True,18172.59277300036
394,1896,271.1606599987135,5000,True,18172.59277300036
374,1897,263.8618319979287,5000,True,18172.59277300036
377,1898,264.24562800093554,5000,True,18172.59277300036
381,1899,264.30271199933486,5000,True,18172.59277300036
396,1900,272.43409900256665,5000,True,18172.59277300036
387,1901,266.6147970012389,5000,True,18172.59277300036
392,1903,264.3677789965295,5000,True,18172.59277300036
376,1902,275.8080200001132,5000,True,18172.59277300036
377,1904,273.8798950013006,5000,True,18172.59277300036
384,1905,276.21060000092257,5000,True,18172.59277300036
393,1906,277.2919359995285,5000,True,18172.59277300036
382,1907,278.66188200277975,5000,True,18172.59277300036
382,1908,279.12374900188297,5000,True,18172.59277300036
396,1909,276.98758599581197,5000,True,18172.59277300036
379,1910,276.7385949991876,5000,True,18172.59277300036
389,1911,275.9910420063534,5000,True,18172.59277300036
383,1912,277.95476100436645,5000,True,18172.59277300036
375,1913,277.81030000187457,5000,True,18172.59277300036
394,1914,277.44217299914453,5000,True,18172.59277300036
389,1915,277.83457199984696,5000,True,18172.59277300036
389,1916,287.093218001246,5000,True,18172.59277300036
384,1917,294.3167660050676,5000,True,18172.59277300036
387,1918,293.7904510035878,5000,True,18172.59277300036
385,1919,294.47333099960815,5000,True,18172.59277300036
394,1920,309.5784589968389,5000,True,18172.59277300036
381,1921,309.071571995446,5000,True,18172.59277300036
398,1922,308.6683029978303,5000,True,18172.59277300036
376,1923,308.2087809962104,5000,True,18172.59277300036
393,1924,300.9625299964682,5000,True,18172.59277300036
379,1925,306.72475599567406,5000,True,18172.59277300036
389,1927,306.69048800336896,5000,True,18172.59277300036
376,1926,309.09196400170913,5000,True,18172.59277300036
393,1928,307.88173199835,5000,True,18172.59277300036
383,1929,306.61577099817805,5000,True,18172.59277300036
378,1930,307.26517899893224,5000,True,18172.59277300036
393,1931,308.41519700334175,5000,True,18172.59277300036
383,1933,298.935437000182,5000,True,18172.59277300036
380,1932,309.6700759997475,5000,True,18172.59277300036
383,1934,309.7044590031146,5000,True,18172.59277300036
401,1935,310.8867109986022,5000,True,18172.59277300036
394,1936,310.3597399967839,5000,True,18172.59277300036
378,1937,295.02945900458144,5000,True,18172.59277300036
375,1938,296.4358870012802,5000,True,18172.59277300036
380,1939,295.4662550037028,5000,True,18172.59277300036
389,1940,303.8109849949251,5000,True,18172.59277300036
401,1941,303.295612000511,5000,True,18172.59277300036
402,1942,296.4764389980701,5000,True,18172.59277300036
393,1943,297.1812140021939,5000,True,18172.59277300036
386,1944,296.1849159983103,5000,True,18172.59277300036
369,1945,304.2212079963065,5000,True,18172.59277300036
372,1946,294.6675260027405,5000,True,18172.59277300036
374,1947,295.700697999564,5000,True,18172.59277300036
396,1948,295.9775790004642,5000,True,18172.59277300036
376,1949,326.6736720033805,5000,True,18172.59277300036
372,1950,317.3944139998639,5000,True,18172.59277300036
393,1952,325.29086899739923,5000,True,18172.59277300036
370,1951,336.50243900046917,5000,True,18172.59277300036
374,1953,335.7604619959602,5000,True,18172.59277300036
380,1954,326.17530100105796,5000,True,18172.59277300036
385,1955,325.5276809941279,5000,True,18172.59277300036
375,1956,326.22455000091577,5000,True,18172.59277300036
379,1957,315.1682190000429,5000,True,18172.59277300036
379,1959,314.5478250007727,5000,True,18172.59277300036
393,1958,326.27253499958897,5000,True,18172.59277300036
398,1960,314.77617399650626,5000,True,18172.59277300036
402,1962,313.31725599739,5000,True,18172.59277300036
389,1961,315.97249900369206,5000,True,18172.59277300036
392,1963,314.1826359933475,5000,True,18172.59277300036
384,1964,312.14520199864637,5000,True,18172.59277300036
376,1965,311.01797700102907,5000,True,18172.59277300036
380,1966,310.9914730011951,5000,True,18172.59277300036
384,1967,302.05707300046925,5000,True,18172.59277300036
378,1968,312.2229759974289,5000,True,18172.59277300036
380,1969,300.03367199969944,5000,True,18172.59277300036
387,1970,300.7504670022172,5000,True,18172.59277300036
369,1971,297.73932099487865,5000,True,18172.59277300036
380,1972,297.9973840047023,5000,True,18172.59277300036
389,1973,289.7003950056387,5000,True,18172.59277300036
370,1975,296.40775699954247,5000,True,18172.59277300036
397,1974,299.0635079986532,5000,True,18172.59277300036
390,1976,295.7148019995657,5000,True,18172.59277300036
380,1977,287.34722700028215,5000,True,18172.59277300036
389,1978,299.350962995959,5000,True,18172.59277300036
389,1979,297.30816499795765,5000,True,18172.59277300036
386,1980,272.6826149955741,5000,True,18172.59277300036
374,1981,281.8408559978707,5000,True,18172.59277300036
385,1982,282.5048950035125,5000,True,18172.59277300036
380,1983,286.8100060004508,5000,True,18172.59277300036
384,1984,263.2050829997752,5000,True,18172.59277300036
376,1985,265.76861499779625,5000,True,18172.59277300036
384,1986,265.38839699787786,5000,True,18172.59277300036
380,1987,266.929778001213,5000,True,18172.59277300036
391,1988,275.1492600000347,5000,True,18172.59277300036
376,1989,270.06951800285606,5000,True,18172.59277300036
378,1990,269.3197019980289,5000,True,18172.59277300036
393,1991,278.93022400530754,5000,True,18172.59277300036
379,1992,281.0043859935831,5000,True,18172.59277300036
401,1993,271.4343639963772,5000,True,18172.59277300036
393,1994,272.12625199899776,5000,True,18172.59277300036
387,1995,277.33020299638156,5000,True,18172.59277300036
380,1996,270.4359349954757,5000,True,18172.59277300036
379,1997,269.9687510030344,5000,True,18172.59277300036
382,1998,278.80674799962435,5000,True,18172.59277300036
382,1999,278.24282500660047,5000,True,18172.59277300036
382,2000,277.9425189946778,5000,True,18172.59277300036
390,2001,270.1545599993551,5000,True,18172.59277300036
383,2003,267.91282699559815,5000,True,18172.59277300036
378,2002,278.9234529991518,5000,True,18172.59277300036
381,2004,269.19986400025664,5000,True,18172.59277300036
388,2005,270.748573995661,5000,True,18172.59277300036
377,2006,278.3530469969264,5000,True,18172.59277300036
394,2008,278.4854439960327,5000,True,18172.59277300036
380,2007,281.27133999805665,5000,True,18172.59277300036
379,2009,271.1792010013596,5000,True,18172.59277300036
396,2010,280.74280500004534,5000,True,18172.59277300036
384,2011,280.5174640016048,5000,True,18172.59277300036
397,2012,281.0144160030177,5000,True,18172.59277300036
380,2013,269.8031530017033,5000,True,18172.59277300036
375,2014,269.6774910000386,5000,True,18172.59277300036
385,2015,260.802139993757,5000,True,18172.59277300036
373,2016,252.84049900074024,5000,True,18172.59277300036
385,2017,293.35233400342986,5000,True,18172.59277300036
373,2018,292.5076630053809,5000,True,18172.59277300036
374,2019,292.6092480047373,5000,True,18172.59277300036
393,2021,291.03568800201174,5000,True,18172.59277300036
370,2020,293.36474899901077,5000,True,18172.59277300036
394,2022,283.8716240003123,5000,True,18172.59277300036
391,2023,290.79787399678025,5000,True,18172.59277300036
386,2024,291.31379700265825,5000,True,18172.59277300036
379,2025,290.5305419990327,5000,True,18172.59277300036
385,2026,291.8003739978303,5000,True,18172.59277300036
386,2027,299.5967019960517,5000,True,18172.59277300036
393,2028,293.07805000280496,5000,True,18172.59277300036
390,2029,293.00609200436156,5000,True,18172.59277300036
378,2030,293.19664699869463,5000,True,18172.59277300036
382,2031,292.9807510008686,5000,True,18172.59277300036
378,2032,291.41548500047065,5000,True,18172.59277300036
381,2033,292.4451130020316,5000,True,18172.59277300036
379,2034,291.99252800026443,5000,True,18172.59277300036
379,2035,292.0745599985821,5000,True,18172.59277300036
392,2036,299.99069400219014,5000,True,18172.59277300036
372,2038,290.8870410028612,5000,True,18172.59277300036
392,2037,294.26832599710906,5000,True,18172.59277300036
370,2039,292.4462310038507,5000,True,18172.59277300036
397,2040,292.132948001381,5000,True,18172.59277300036
397,2041,292.1763109989115,5000,True,18172.59277300036
387,2042,290.01808700559195,5000,True,18172.59277300036
387,2043,290.46527199534466,5000,True,18172.59277300036
386,2044,291.05025000171736,5000,True,18172.59277300036
395,2045,281.09014299843693,5000,True,18172.59277300036
386,2046,288.2520179991843,5000,True,18172.59277300036
388,2047,282.34104300645413,5000,True,18172.59277300036
380,2048,282.85474999574944,5000,True,18172.59277300036
378,2049,280.4147130009369,5000,True,18172.59277300036
379,2050,289.5884309982648,5000,True,18172.59277300036
378,2051,287.20811999664875,5000,True,18172.59277300036
375,2052,278.90571700118016,5000,True,18172.59277300036
374,2053,277.5015759980306,5000,True,18172.59277300036
379,2054,277.5681060011266,5000,True,18172.59277300036
374,2055,277.1905190020334,5000,True,18172.59277300036
392,2056,274.1618760046549,5000,True,18172.59277300036
391,2057,274.4957099930616,5000,True,18172.59277300036
372,2058,274.40321700123604,5000,True,18172.59277300036
395,2059,277.72181700129295,5000,True,18172.59277300036
388,2060,276.2818119954318,5000,True,18172.59277300036
381,2061,275.84403699438553,5000,True,18172.59277300036
387,2062,266.8460010027047,5000,True,18172.59277300036
388,2063,277.5880259941914,5000,True,18172.59277300036
383,2064,278.0584860011004,5000,True,18172.59277300036
379,2065,287.61494799982756,5000,True,18172.59277300036
384,2066,286.7479499982437,5000,True,18172.59277300036
368,2067,279.93658000195865,5000,True,18172.59277300036
380,2068,279.69825999753084,5000,True,18172.59277300036
370,2069,288.01261899934616,5000,True,18172.59277300036
379,2070,280.17576900310814,5000,True,18172.59277300036
370,2071,279.7718290021294,5000,True,18172.59277300036
371,2072,286.9328320011846,5000,True,18172.59277300036
376,2073,289.28222399554215,5000,True,18172.59277300036
391,2074,280.17112299858127,5000,True,18172.59277300036
375,2075,279.6540540002752,5000,True,18172.59277300036
372,2076,285.00146199803567,5000,True,18172.59277300036
383,2077,266.1114340007771,5000,True,18172.59277300036
391,2078,265.90737699734746,5000,True,18172.59277300036
378,2079,269.711193999683,5000,True,18172.59277300036
397,2080,275.0747030004277,5000,True,18172.59277300036
374,2081,233.76144299982116,5000,True,18172.59277300036
381,2082,234.93736000091303,5000,True,18172.59277300036
400,2083,243.5870100016473,5000,True,18172.59277300036
376,2084,243.26804199517937,5000,True,18172.59277300036
379,2085,244.26832100289175,5000,True,18172.59277300036
385,2086,244.79966900253203,5000,True,18172.59277300036
378,2087,245.97412499861093,5000,True,18172.59277300036
379,2088,246.80098999670008,5000,True,18172.59277300036
375,2089,247.2711079972214,5000,True,18172.59277300036
375,2090,247.49349400372012,5000,True,18172.59277300036
374,2091,247.40920000476763,5000,True,18172.59277300036
382,2092,247.56856900057755,5000,True,18172.59277300036
369,2093,248.25117399450392,5000,True,18172.59277300036
381,2094,256.6663269972196,5000,True,18172.59277300036
373,2095,257.11682599649066,5000,True,18172.59277300036
374,2096,248.34688199916855,5000,True,18172.59277300036
392,2097,249.19184899772517,5000,True,18172.59277300036
386,2099,256.75147900619777,5000,True,18172.59277300036
376,2098,259.56975200097077,5000,True,18172.59277300036
376,2100,250.3168330003973,5000,True,18172.59277300036
386,2101,251.70738700398942,5000,True,18172.59277300036
392,2102,259.7112150033354,5000,True,18172.59277300036
370,2103,272.4606730043888,5000,True,18172.59277300036
384,2104,272.2289630037267,5000,True,18172.59277300036
374,2105,272.4605330004124,5000,True,18172.59277300036
377,2106,263.7906310046674,5000,True,18172.59277300036
384,2107,263.6105409983429,5000,True,18172.59277300036
377,2108,264.23946000431897,5000,True,18172.59277300036
374,2109,274.19195100083016,5000,True,18172.59277300036
371,2110,266.8535679986235,5000,True,18172.59277300036
380,2111,267.84474599844543,5000,True,18172.59277300036
382,2112,275.8315870014485,5000,True,18172.59277300036
381,2113,276.1353460009559,5000,True,18172.59277300036
369,2114,266.73052000114694,5000,True,18172.59277300036
382,2115,268.2889610005077,5000,True,18172.59277300036
382,2116,269.3383649966563,5000,True,18172.59277300036
388,2117,269.78082000277936,5000,True,18172.59277300036
369,2118,269.8897689988371,5000,True,18172.59277300036
388,2119,261.07148000301095,5000,True,18172.59277300036
376,2120,262.32683900161646,5000,True,18172.59277300036
373,2121,270.4290139954537,5000,True,18172.59277300036
391,2122,270.32007899833843,5000,True,18172.59277300036
381,2123,261.50148099986836,5000,True,18172.59277300036
391,2124,260.88061499467585,5000,True,18172.59277300036
375,2125,260.8250699995551,5000,True,18172.59277300036
376,2126,270.5136639997363,5000,True,18172.59277300036
368,2127,259.52476000384195,5000,True,18172.59277300036
392,2128,259.71203800145304,5000,True,18172.59277300036
380,2129,259.0609359976952,5000,True,18172.59277300036
391,2130,260.6700739997905,5000,True,18172.59277300036
377,2131,258.97853399510495,5000,True,18172.59277300036
386,2132,261.6381490006461,5000,True,18172.59277300036
379,2134,258.2434479991207,5000,True,18172.59277300036
379,2133,261.1532859955332,5000,True,18172.59277300036
379,2135,270.5146399966907,5000,True,18172.59277300036
392,2136,263.0681519949576,5000,True,18172.59277300036
387,2137,262.1890280061052,5000,True,18172.59277300036
376,2138,261.61149499966996,5000,True,18172.59277300036
370,2139,271.02757499960717,5000,True,18172.59277300036
377,2140,265.3912809983012,5000,True,18172.59277300036
387,2141,265.74961799633456,5000,True,18172.59277300036
380,2142,273.5710740016657,5000,True,18172.59277300036
387,2143,270.70707300299546,5000,True,18172.59277300036
374,2144,267.0385659948806,5000,True,18172.59277300036
384,2145,266.4476149948314,5000,True,18172.59277300036
387,2146,265.25097499688854,5000,True,18172.59277300036
380,2147,257.2299430030398,5000,True,18172.59277300036
383,2148,257.5737540028058,5000,True,18172.59277300036
377,2150,254.84891000087373,5000,True,18172.59277300036
389,2149,258.60712099529337,5000,True,18172.59277300036
379,2151,248.08047999977134,5000,True,18172.59277300036
390,2152,253.28602999798022,5000,True,18172.59277300036
393,2153,254.4430639973143,5000,True,18172.59277300036
389,2154,253.5705509944819,5000,True,18172.59277300036
392,2155,250.03442200249992,5000,True,18172.59277300036
391,2156,250.12804500147467,5000,True,18172.59277300036
369,2157,249.24190399906365,5000,True,18172.59277300036
388,2158,253.99878700409317,5000,True,18172.59277300036
371,2159,253.39801899826853,5000,True,18172.59277300036
377,2160,254.34363500244217,5000,True,18172.59277300036
393,2162,250.92584800586337,5000,True,18172.59277300036
390,2161,263.2835049953428,5000,True,18172.59277300036
397,2163,253.18950499786297,5000,True,18172.59277300036
388,2164,253.08680300076958,5000,True,18172.59277300036
388,2165,262.9285350049031,5000,True,18172.59277300036
372,2166,255.2849160056212,5000,True,18172.59277300036
383,2167,252.76963299984345,5000,True,18172.59277300036
388,2168,252.36070699611446,5000,True,18172.59277300036
370,2169,254.68880500557134,5000,True,18172.59277300036
381,2170,262.1671829983825,5000,True,18172.59277300036
385,2171,310.016709001502,5000,True,18172.59277300036
394,2172,300.8010780031327,5000,True,18172.59277300036
387,2173,301.05716999969445,5000,True,18172.59277300036
376,2174,300.330418998783,5000,True,18172.59277300036
383,2175,299.94861600425793,5000,True,18172.59277300036
382,2176,290.6686930000433,5000,True,18172.59277300036
390,2177,299.19932399934623,5000,True,18172.59277300036
389,2178,299.0829449990997,5000,True,18172.59277300036
377,2179,298.8605170030496,5000,True,18172.59277300036
394,2180,297.1645060024457,5000,True,18172.59277300036
374,2181,296.8864609938464,5000,True,18172.59277300036
384,2182,304.81466699711746,5000,True,18172.59277300036
388,2183,305.04345400549937,5000,True,18172.59277300036
377,2184,303.8117499963846,5000,True,18172.59277300036
397,2185,295.21130700595677,5000,True,18172.59277300036
382,2186,305.0652739984798,5000,True,18172.59277300036
379,2187,304.4148970002425,5000,True,18172.59277300036
402,2188,304.8512649984332,5000,True,18172.59277300036
378,2189,305.3387809995911,5000,True,18172.59277300036
388,2191,303.9971859980142,5000,True,18172.59277300036
382,2190,308.0190250038868,5000,True,18172.59277300036
389,2192,306.0663900032523,5000,True,18172.59277300036
374,2193,306.84721199941123,5000,True,18172.59277300036
382,2194,307.2951119975187,5000,True,18172.59277300036
376,2195,307.69887000496965,5000,True,18172.59277300036
393,2196,296.1134029974346,5000,True,18172.59277300036
377,2197,321.77717499871505,5000,True,18172.59277300036
397,2198,321.99614500132157,5000,True,18172.59277300036
387,2199,310.7403149988386,5000,True,18172.59277300036
389,2200,318.6454890019377,5000,True,18172.59277300036
380,2201,319.4397210027091,5000,True,18172.59277300036
375,2202,320.171665000089,5000,True,18172.59277300036
379,2203,319.77113699394977,5000,True,18172.59277300036
372,2204,318.0682840029476,5000,True,18172.59277300036
386,2205,318.2806979966699,5000,True,18172.59277300036
384,2206,311.94885700097075,5000,True,18172.59277300036
393,2207,318.446491000941,5000,True,18172.59277300036
393,2208,318.02488799439743,5000,True,18172.59277300036
401,2209,319.13431100110756,5000,True,18172.59277300036
397,2210,327.366402001644,5000,True,18172.59277300036
388,2211,327.9258199981996,5000,True,18172.59277300036
381,2212,329.1784790053498,5000,True,18172.59277300036
381,2214,336.8304910036386,5000,True,18172.59277300036
384,2213,338.2622339995578,5000,True,18172.59277300036
383,2215,337.344209998264,5000,True,18172.59277300036
382,2216,332.23897000425495,5000,True,18172.59277300036
395,2217,340.1172090016189,5000,True,18172.59277300036
393,2218,340.06079700338887,5000,True,18172.59277300036
370,2219,334.99069800018333,5000,True,18172.59277300036
372,2220,344.8739579980611,5000,True,18172.59277300036
376,2221,344.90612000081455,5000,True,18172.59277300036
384,2222,331.86279099754756,5000,True,18172.59277300036
380,2223,332.5436500017531,5000,True,18172.59277300036
377,2224,340.4587219993118,5000,True,18172.59277300036
397,2225,331.90316899708705,5000,True,18172.59277300036
387,2226,331.8738099987968,5000,True,18172.59277300036
388,2227,331.56255899666576,5000,True,18172.59277300036
372,2228,322.44701300078304,5000,True,18172.59277300036
393,2229,329.3232819996774,5000,True,18172.59277300036
390,2230,329.0025610040175,5000,True,18172.59277300036
391,2231,319.18105299700983,5000,True,18172.59277300036
397,2232,318.6966319990461,5000,True,18172.59277300036
391,2233,325.81946100253845,5000,True,18172.59277300036
387,2234,317.8164349956205,5000,True,18172.59277300036
384,2235,270.6304539970006,5000,True,18172.59277300036
370,2236,268.742120002571,5000,True,18172.59277300036
379,2237,268.50358399678953,5000,True,18172.59277300036
372,2238,276.6887360048713,5000,True,18172.59277300036
376,2239,276.613547001034,5000,True,18172.59277300036
387,2240,276.50454900140176,5000,True,18172.59277300036
380,2241,267.7158469959977,5000,True,18172.59277300036
372,2242,268.5245480024605,5000,True,18172.59277300036
374,2243,276.33623399742646,5000,True,18172.59277300036
402,2244,276.33122900442686,5000,True,18172.59277300036
379,2245,276.6040720016463,5000,True,18172.59277300036
381,2246,269.5165699988138,5000,True,18172.59277300036
383,2247,277.12022900232114,5000,True,18172.59277300036
392,2248,276.9899400009308,5000,True,18172.59277300036
388,2249,276.6916440014029,5000,True,18172.59277300036
382,2250,267.2014150011819,5000,True,18172.59277300036
390,2251,276.401822004118,5000,True,18172.59277300036
387,2252,276.61013000033563,5000,True,18172.59277300036
384,2253,275.91216799919493,5000,True,18172.59277300036
384,2254,266.63386799918953,5000,True,18172.59277300036
385,2255,273.802572999557,5000,True,18172.59277300036
380,2256,274.5595960004721,5000,True,18172.59277300036
380,2257,264.3462060004822,5000,True,18172.59277300036
381,2258,262.94300600420684,5000,True,18172.59277300036
388,2259,262.82903800165514,5000,True,18172.59277300036
380,2260,262.98203299666056,5000,True,18172.59277300036
376,2261,245.93813699902967,5000,True,18172.59277300036
397,2262,246.37629499920877,5000,True,18172.59277300036
381,2263,246.44232699938584,5000,True,18172.59277300036
377,2264,247.8166059954674,5000,True,18172.59277300036
392,2265,246.4100440047332,5000,True,18172.59277300036
386,2266,246.2174909960595,5000,True,18172.59277300036
393,2267,237.0218340001884,5000,True,18172.59277300036
392,2268,246.03990900504868,5000,True,18172.59277300036
393,2269,246.92224099999294,5000,True,18172.59277300036
380,2270,245.31846099853283,5000,True,18172.59277300036
378,2271,236.92407299677143,5000,True,18172.59277300036
387,2272,245.3065880035865,5000,True,18172.59277300036
381,2273,244.08664400107227,5000,True,18172.59277300036
381,2274,235.64125499979127,5000,True,18172.59277300036
384,2275,234.2539589953958,5000,True,18172.59277300036
380,2276,244.2022960021859,5000,True,18172.59277300036
370,2277,234.8474609971163,5000,True,18172.59277300036
379,2278,235.56519099656725,5000,True,18172.59277300036
387,2279,235.04775999754202,5000,True,18172.59277300036
375,2280,242.7101219946053,5000,True,18172.59277300036
396,2281,234.23115199693711,5000,True,18172.59277300036
385,2282,234.93864099873463,5000,True,18172.59277300036
377,2283,234.53976300515933,5000,True,18172.59277300036
376,2284,232.73237100511324,5000,True,18172.59277300036
375,2285,233.76107700460125,5000,True,18172.59277300036
382,2286,233.03260600368958,5000,True,18172.59277300036
372,2287,232.68735199962975,5000,True,18172.59277300036
379,2288,233.01658900163602,5000,True,18172.59277300036
384,2289,234.51985900464933,5000,True,18172.59277300036
392,2290,244.7731259962893,5000,True,18172.59277300036
393,2291,245.87286499445327,5000,True,18172.59277300036
394,2292,246.09148099989397,5000,True,18172.59277300036
390,2293,238.65733399725286,5000,True,18172.59277300036
381,2294,246.85255100484937,5000,True,18172.59277300036
397,2295,247.4476150018745,5000,True,18172.59277300036
392,2296,248.1959150027251,5000,True,18172.59277300036
370,2297,239.24585100030527,5000,True,18172.59277300036
391,2298,247.3381759991753,5000,True,18172.59277300036
391,2299,247.28903300274396,5000,True,18172.59277300036
373,2300,249.18741999863414,5000,True,18172.59277300036
390,2301,257.6980369994999,5000,True,18172.59277300036
384,2302,249.7826319959131,5000,True,18172.59277300036
380,2303,250.91450699983397,5000,True,18172.59277300036
375,2304,259.8687050049193,5000,True,18172.59277300036
391,2305,264.0908409957774,5000,True,18172.59277300036
369,2306,265.107913997781,5000,True,18172.59277300036
390,2307,262.4761419938295,5000,True,18172.59277300036
392,2308,262.4762949999422,5000,True,18172.59277300036
369,2309,262.5159419985721,5000,True,18172.59277300036
370,2310,263.5576160027995,5000,True,18172.59277300036
378,2311,263.5122970023076,5000,True,18172.59277300036
382,2312,263.9769199959119,5000,True,18172.59277300036
374,2313,264.1605839962722,5000,True,18172.59277300036
376,2314,273.7093750038184,5000,True,18172.59277300036
379,2315,264.2478950001532,5000,True,18172.59277300036
370,2316,265.9392060013488,5000,True,18172.59277300036
390,2317,275.5558419958106,5000,True,18172.59277300036
388,2318,275.8340560030774,5000,True,18172.59277300036
392,2320,265.16751300368924,5000,True,18172.59277300036
396,2319,267.88884100096766,5000,True,18172.59277300036
371,2322,266.3455910005723,5000,True,18172.59277300036
387,2321,276.79874200111954,5000,True,18172.59277300036
391,2324,274.9408460003906,5000,True,18172.59277300036
385,2323,277.95337100542383,5000,True,18172.59277300036
380,2325,277.9898850058089,5000,True,18172.59277300036
392,2326,277.14184499927796,5000,True,18172.59277300036
368,2327,276.5677350034821,5000,True,18172.59277300036
401,2328,267.1513109962689,5000,True,18172.59277300036
396,2329,266.46556299965596,5000,True,18172.59277300036
375,2331,273.47985599772073,5000,True,18172.59277300036
379,2332,265.2019730012398,5000,True,18172.59277300036
374,2330,278.1860859977314,5000,True,18172.59277300036
375,2333,265.8617229972151,5000,True,18172.59277300036
392,2334,266.69434899667976,5000,True,18172.59277300036
392,2335,274.515605000488,5000,True,18172.59277300036
397,2336,265.5547110043699,5000,True,18172.59277300036
384,2337,265.93042699823854,5000,True,18172.59277300036
376,2338,265.42398600577144,5000,True,18172.59277300036
386,2339,274.5108790040831,5000,True,18172.59277300036
380,2340,263.31903399841394,5000,True,18172.59277300036
392,2341,263.87676000013016,5000,True,18172.59277300036
382,2342,264.8157200019341,5000,True,18172.59277300036
370,2343,272.4329670018051,5000,True,18172.59277300036
376,2344,264.0947270047036,5000,True,18172.59277300036
387,2345,264.0354839968495,5000,True,18172.59277300036
383,2346,264.28713199857157,5000,True,18172.59277300036
383,2347,271.98194099764805,5000,True,18172.59277300036
384,2348,264.2584839995834,5000,True,18172.59277300036
392,2349,263.5756730014691,5000,True,18172.59277300036
391,2350,263.4520630017505,5000,True,18172.59277300036
387,2351,272.13953199679963,5000,True,18172.59277300036
372,2352,262.5720620053471,5000,True,18172.59277300036
377,2353,261.6684820022783,5000,True,18172.59277300036
392,2354,251.1858290017699,5000,True,18172.59277300036
370,2355,249.8451589999604,5000,True,18172.59277300036
387,2356,259.2517580051208,5000,True,18172.59277300036
387,2357,257.5279789962224,5000,True,18172.59277300036
392,2358,250.5264569990686,5000,True,18172.59277300036
386,2359,249.41116300033173,5000,True,18172.59277300036
392,2360,249.7834019959555,5000,True,18172.59277300036
373,2361,248.84372200176585,5000,True,18172.59277300036
379,2362,249.5977069993387,5000,True,18172.59277300036
396,2363,249.13576599647058,5000,True,18172.59277300036
393,2364,248.32046799565433,5000,True,18172.59277300036
375,2365,263.1390040041879,5000,True,18172.59277300036
381,2366,262.80099699943094,5000,True,18172.59277300036
379,2367,262.33946299907984,5000,True,18172.59277300036
388,2368,253.36718999460572,5000,True,18172.59277300036
381,2369,258.7324999985867,5000,True,18172.59277300036
397,2370,257.8915779959061,5000,True,18172.59277300036
369,2371,252.2017320006853,5000,True,18172.59277300036
380,2372,261.52713500050595,5000,True,18172.59277300036
381,2373,261.17569099733373,5000,True,18172.59277300036
379,2374,251.61502300034044,5000,True,18172.59277300036
391,2375,251.76465199911036,5000,True,18172.59277300036
377,2376,259.4444520000252,5000,True,18172.59277300036
382,2377,259.84963800146943,5000,True,18172.59277300036
379,2378,249.87018999672728,5000,True,18172.59277300036
387,2379,250.68720700073754,5000,True,18172.59277300036
385,2380,249.12267900072038,5000,True,18172.59277300036
382,2381,247.38990799960447,5000,True,18172.59277300036
386,2382,247.76511600066442,5000,True,18172.59277300036
370,2383,247.74380199960433,5000,True,18172.59277300036
380,2384,247.7042629980133,5000,True,18172.59277300036
379,2385,238.5372360004112,5000,True,18172.59277300036
370,2386,247.01517799985595,5000,True,18172.59277300036
377,2387,246.9474200042896,5000,True,18172.59277300036
382,2388,246.4949159984826,5000,True,18172.59277300036
379,2389,237.47282599651953,5000,True,18172.59277300036
374,2390,246.31189599313075,5000,True,18172.59277300036
392,2391,246.56958600098733,5000,True,18172.59277300036
380,2392,246.48236400389578,5000,True,18172.59277300036
375,2393,247.5734200052102,5000,True,18172.59277300036
376,2394,238.54882400337374,5000,True,18172.59277300036
380,2395,240.0402980056242,5000,True,18172.59277300036
383,2396,239.25892399711302,5000,True,18172.59277300036
379,2397,248.90921200130833,5000,True,18172.59277300036
401,2398,248.5301900014747,5000,True,18172.59277300036
384,2399,241.35835799825145,5000,True,18172.59277300036
380,2400,249.74114000360714,5000,True,18172.59277300036
389,2401,250.75836299947696,5000,True,18172.59277300036
385,2402,251.73612299840897,5000,True,18172.59277300036
380,2403,242.7483290011878,5000,True,18172.59277300036
376,2404,252.78932999935932,5000,True,18172.59277300036
387,2405,252.39562500064494,5000,True,18172.59277300036
382,2406,252.54047899943544,5000,True,18172.59277300036
392,2407,244.44648299686378,5000,True,18172.59277300036
380,2408,244.91377500089584,5000,True,18172.59277300036
375,2409,245.23204400611576,5000,True,18172.59277300036
390,2410,245.55443700228352,5000,True,18172.59277300036
380,2411,237.3480709939031,5000,True,18172.59277300036
377,2412,240.7208940057899,5000,True,18172.59277300036
382,2413,241.92953600140754,5000,True,18172.59277300036
381,2414,241.55659999814816,5000,True,18172.59277300036
392,2415,233.56202300055884,5000,True,18172.59277300036
370,2416,233.79062000458362,5000,True,18172.59277300036
378,2417,242.51228800130775,5000,True,18172.59277300036
381,2418,242.4880580001627,5000,True,18172.59277300036
375,2419,242.88822700327728,5000,True,18172.59277300036
402,2420,233.38531099579995,5000,True,18172.59277300036
376,2421,244.88280800142093,5000,True,18172.59277300036
386,2422,244.1541389998747,5000,True,18172.59277300036
397,2423,244.44094699720154,5000,True,18172.59277300036
394,2424,246.30697399697965,5000,True,18172.59277300036
380,2425,245.83418299880577,5000,True,18172.59277300036
392,2426,245.9367880001082,5000,True,18172.59277300036
376,2427,246.1050590063678,5000,True,18172.59277300036
378,2428,255.76031099626562,5000,True,18172.59277300036
381,2429,230.79875300027197,5000,True,18172.59277300036
394,2430,232.00102500413777,5000,True,18172.59277300036
397,2431,231.06994800036773,5000,True,18172.59277300036
373,2432,232.5015290043666,5000,True,18172.59277300036
371,2433,222.60229800303932,5000,True,18172.59277300036
381,2434,222.4102049949579,5000,True,18172.59277300036
377,2435,223.44421199522913,5000,True,18172.59277300036
372,2436,221.8288579970249,5000,True,18172.59277300036
392,2437,222.29381500073941,5000,True,18172.59277300036
385,2438,222.19448100076988,5000,True,18172.59277300036
381,2439,231.51515999779804,5000,True,18172.59277300036
385,2440,223.34322999813594,5000,True,18172.59277300036
395,2441,223.66938399500214,5000,True,18172.59277300036
383,2442,223.68930599623127,5000,True,18172.59277300036
391,2443,232.75701600505272,5000,True,18172.59277300036
381,2444,232.7087779995054,5000,True,18172.59277300036
387,2445,225.50167400186183,5000,True,18172.59277300036
398,2446,225.1931830032845,5000,True,18172.59277300036
375,2447,233.62238299887395,5000,True,18172.59277300036
381,2448,233.71038899495034,5000,True,18172.59277300036
380,2449,226.12510199542157,5000,True,18172.59277300036
388,2450,226.5198759996565,5000,True,18172.59277300036
377,2451,234.84856900176965,5000,True,18172.59277300036
386,2452,235.47629400127335,5000,True,18172.59277300036
377,2454,225.48255100264214,5000,True,18172.59277300036
388,2453,228.15587500372203,5000,True,18172.59277300036
381,2456,233.29959400143707,5000,True,18172.59277300036
397,2455,236.05067600146867,5000,True,18172.59277300036
378,2457,234.072050996474,5000,True,18172.59277300036
385,2458,234.581092998269,5000,True,18172.59277300036
384,2459,241.76190200523706,5000,True,18172.59277300036
392,2460,243.45216299843742,5000,True,18172.59277300036
385,2461,233.3479590015486,5000,True,18172.59277300036
380,2462,243.28082899592118,5000,True,18172.59277300036
379,2463,242.68948700046167,5000,True,18172.59277300036
375,2464,232.9800309962593,5000,True,18172.59277300036
389,2465,233.43236700020498,5000,True,18172.59277300036
380,2466,232.96098799619358,5000,True,18172.59277300036
379,2467,241.64342699805275,5000,True,18172.59277300036
380,2468,231.52529999788385,5000,True,18172.59277300036
389,2469,231.86560400063172,5000,True,18172.59277300036
380,2470,231.0242739986279,5000,True,18172.59277300036
378,2471,239.05078999814577,5000,True,18172.59277300036
389,2472,239.2026250017807,5000,True,18172.59277300036
376,2473,238.3598069936852,5000,True,18172.59277300036
383,2474,238.1341459986288,5000,True,18172.59277300036
393,2475,247.51450100302463,5000,True,18172.59277300036
371,2476,244.07656900439179,5000,True,18172.59277300036
379,2477,242.4390480009606,5000,True,18172.59277300036
376,2478,243.8329619981232,5000,True,18172.59277300036
376,2479,250.86427900532726,5000,True,18172.59277300036
393,2480,251.20771000365494,5000,True,18172.59277300036
370,2481,242.14667099295184,5000,True,18172.59277300036
393,2482,241.8567959975917,5000,True,18172.59277300036
384,2483,251.107788993977,5000,True,18172.59277300036
398,2484,250.36471600469667,5000,True,18172.59277300036
388,2485,240.06316600571154,5000,True,18172.59277300036
380,2486,239.8947080000653,5000,True,18172.59277300036
375,2487,249.30284899892285,5000,True,18172.59277300036
377,2488,247.37014899437781,5000,True,18172.59277300036
369,2489,248.455267996178,5000,True,18172.59277300036
372,2490,247.4530070030596,5000,True,18172.59277300036
375,2491,249.11589499970432,5000,True,18172.59277300036
389,2492,239.99917000037385,5000,True,18172.59277300036
393,2493,245.1365560045815,5000,True,18172.59277300036
377,2494,244.51317799685057,5000,True,18172.59277300036
388,2495,248.14468599652173,5000,True,18172.59277300036
379,2496,246.5392209996935,5000,True,18172.59277300036
401,2497,246.9676309992792,5000,True,18172.59277300036
385,2498,247.05830699531361,5000,True,18172.59277300036
370,2499,247.45709400303895,5000,True,18172.59277300036
389,2500,246.3256260016351,5000,True,18172.59277300036
376,2501,246.4659150064108,5000,True,18172.59277300036
383,2502,246.77713400160428,5000,True,18172.59277300036
385,2503,237.91038199851755,5000,True,18172.59277300036
388,2504,260.60206599504454,5000,True,18172.59277300036
395,2505,261.4910259944736,5000,True,18172.59277300036
402,2506,260.49521900131367,5000,True,18172.59277300036
388,2507,252.38445500144735,5000,True,18172.59277300036
376,2508,260.40899399959017,5000,True,18172.59277300036
384,2509,259.26356700074393,5000,True,18172.59277300036
385,2510,258.96656800614437,5000,True,18172.59277300036
392,2511,250.46745400322834,5000,True,18172.59277300036
375,2512,250.37920799513813,5000,True,18172.59277300036
393,2513,249.4162619987037,5000,True,18172.59277300036
377,2514,250.12305800191825,5000,True,18172.59277300036
369,2515,250.02147800114471,5000,True,18172.59277300036
377,2516,250.96138299704762,5000,True,18172.59277300036
388,2517,257.8927670037956,5000,True,18172.59277300036
373,2518,257.8731739995419,5000,True,18172.59277300036
371,2519,249.65176900150254,5000,True,18172.59277300036
398,2520,250.39195399585878,5000,True,18172.59277300036
388,2521,250.3390030033188,5000,True,18172.59277300036
402,2522,250.71361299342243,5000,True,18172.59277300036
389,2523,242.06406800658442,5000,True,18172.59277300036
386,2524,241.13216499972623,5000,True,18172.59277300036
370,2525,242.04614499467425,5000,True,18172.59277300036
398,2526,231.33539000264136,5000,True,18172.59277300036
384,2527,238.1747079998604,5000,True,18172.59277300036
373,2528,238.44996900152182,5000,True,18172.59277300036
385,2529,237.5339660065947,5000,True,18172.59277300036
388,2530,240.35589300183346,5000,True,18172.59277300036
387,2531,230.6468069946277,5000,True,18172.59277300036
380,2532,231.28751299373107,5000,True,18172.59277300036
383,2533,235.08452600071905,5000,True,18172.59277300036
393,2534,239.97223400510848,5000,True,18172.59277300036
387,2535,231.8487960001221,5000,True,18172.59277300036
373,2536,230.67756200180156,5000,True,18172.59277300036
386,2537,231.63881399523234,5000,True,18172.59277300036
398,2538,231.98550600500312,5000,True,18172.59277300036
389,2539,231.7555289992015,5000,True,18172.59277300036
377,2540,231.2660199968377,5000,True,18172.59277300036
389,2541,232.2023939996143,5000,True,18172.59277300036
389,2542,240.3192210040288,5000,True,18172.59277300036
388,2543,233.190997998463,5000,True,18172.59277300036
393,2544,233.3846160036046,5000,True,18172.59277300036
386,2545,233.33736399945337,5000,True,18172.59277300036
383,2546,242.8632099981769,5000,True,18172.59277300036
396,2547,232.8267129996675,5000,True,18172.59277300036
385,2548,234.27347100368934,5000,True,18172.59277300036
376,2549,233.71437899913872,5000,True,18172.59277300036
377,2550,233.74909200356342,5000,True,18172.59277300036
384,2551,230.7694219998666,5000,True,18172.59277300036
390,2552,252.5082209976972,5000,True,18172.59277300036
393,2553,252.3177749972092,5000,True,18172.59277300036
376,2554,252.25088900333503,5000,True,18172.59277300036
385,2555,250.8642669999972,5000,True,18172.59277300036
387,2556,249.99670500255888,5000,True,18172.59277300036
370,2557,253.31248499423964,5000,True,18172.59277300036
370,2558,253.35598699894035,5000,True,18172.59277300036
384,2559,249.4397479968029,5000,True,18172.59277300036
380,2560,250.8429149966105,5000,True,18172.59277300036
380,2561,250.4042419968755,5000,True,18172.59277300036
387,2562,258.2358420040691,5000,True,18172.59277300036
378,2563,249.0368720027618,5000,True,18172.59277300036
393,2564,250.2662299957592,5000,True,18172.59277300036
379,2565,249.39449100202182,5000,True,18172.59277300036
391,2566,258.19592000334524,5000,True,18172.59277300036
384,2567,258.29260799946496,5000,True,18172.59277300036
371,2568,235.43214699748205,5000,True,18172.59277300036
370,2570,244.06861400348134,5000,True,18172.59277300036
382,2569,246.4582880056696,5000,True,18172.59277300036
379,2571,245.6778010018752,5000,True,18172.59277300036
392,2572,246.72278000070946,5000,True,18172.59277300036
377,2574,246.4872819982702,5000,True,18172.59277300036
372,2573,249.02385099994717,5000,True,18172.59277300036
390,2575,248.55018500238657,5000,True,18172.59277300036
374,2577,256.49861399870133,5000,True,18172.59277300036
381,2576,259.6178759995382,5000,True,18172.59277300036
384,2578,248.1264900052338,5000,True,18172.59277300036
387,2579,256.2665540026501,5000,True,18172.59277300036
385,2580,255.36559600004693,5000,True,18172.59277300036
377,2581,248.1495760002872,5000,True,18172.59277300036
385,2582,248.24761900526937,5000,True,18172.59277300036
383,2583,248.6134829960065,5000,True,18172.59277300036
380,2584,255.68148100137478,5000,True,18172.59277300036
388,2585,255.84905299911043,5000,True,18172.59277300036
388,2586,255.0765819978551,5000,True,18172.59277300036
388,2587,255.93785299861338,5000,True,18172.59277300036
381,2588,255.7158999989042,5000,True,18172.59277300036
389,2589,263.73145000252407,5000,True,18172.59277300036
393,2590,264.3413209952996,5000,True,18172.59277300036
380,2591,258.2649819960352,5000,True,18172.59277300036
381,2592,258.13141399703454,5000,True,18172.59277300036
385,2593,265.9459079950466,5000,True,18172.59277300036
376,2594,271.40815400343854,5000,True,18172.59277300036
397,2595,271.8734919981216,5000,True,18172.59277300036
389,2596,272.09143599611707,5000,True,18172.59277300036
386,2597,268.98584899754496,5000,True,18172.59277300036
388,2598,264.2657060059719,5000,True,18172.59277300036
392,2599,269.8619479997433,5000,True,18172.59277300036
398,2600,274.8047650020453,5000,True,18172.59277300036
392,2601,273.5981890000403,5000,True,18172.59277300036
371,2602,265.4309940044186,5000,True,18172.59277300036
390,2603,264.9716360028833,5000,True,18172.59277300036
402,2604,274.97998099715915,5000,True,18172.59277300036
396,2605,274.40334200218786,5000,True,18172.59277300036
380,2606,266.62216600379907,5000,True,18172.59277300036
385,2607,265.93350800249027,5000,True,18172.59277300036
375,2608,274.72396200028015,5000,True,18172.59277300036
385,2609,276.0855089945835,5000,True,18172.59277300036
381,2610,266.41225799539825,5000,True,18172.59277300036
395,2611,267.352058996039,5000,True,18172.59277300036
381,2612,275.19485900120344,5000,True,18172.59277300036
385,2613,275.28492199780885,5000,True,18172.59277300036
373,2614,267.8785149983014,5000,True,18172.59277300036
384,2615,268.95316599984653,5000,True,18172.59277300036
393,2616,248.5198770009447,5000,True,18172.59277300036
379,2617,248.1684980011778,5000,True,18172.59277300036
385,2618,247.65219900291413,5000,True,18172.59277300036
395,2619,248.55667900556,5000,True,18172.59277300036
381,2620,256.56072400306584,5000,True,18172.59277300036
386,2621,248.9593430000241,5000,True,18172.59277300036
370,2622,248.93819300632458,5000,True,18172.59277300036
391,2623,248.91168800240848,5000,True,18172.59277300036
380,2624,257.4286649978603,5000,True,18172.59277300036
374,2625,248.78168100258335,5000,True,18172.59277300036
398,2626,249.46506499691168,5000,True,18172.59277300036
401,2627,249.1200460062828,5000,True,18172.59277300036
372,2628,249.606956000207,5000,True,18172.59277300036
392,2629,240.7303169966326,5000,True,18172.59277300036
394,2630,241.12425700150197,5000,True,18172.59277300036
397,2631,240.71425100555643,5000,True,18172.59277300036
377,2632,250.49067199870478,5000,True,18172.59277300036
374,2633,240.04731199966045,5000,True,18172.59277300036
386,2634,240.69751700153574,5000,True,18172.59277300036
376,2635,249.9661300025764,5000,True,18172.59277300036
386,2636,239.4774909989792,5000,True,18172.59277300036
371,2637,238.81048400653526,5000,True,18172.59277300036
371,2638,255.75681099871872,5000,True,18172.59277300036
379,2639,245.85391399887158,5000,True,18172.59277300036
380,2640,245.77007899642922,5000,True,18172.59277300036
380,2641,245.5920040010824,5000,True,18172.59277300036
383,2642,245.4722420006874,5000,True,18172.59277300036
377,2643,236.3499229977606,5000,True,18172.59277300036
370,2644,247.3445349969552,5000,True,18172.59277300036
392,2645,245.64145100157475,5000,True,18172.59277300036
384,2646,247.18164499790873,5000,True,18172.59277300036
385,2647,256.4271209994331,5000,True,18172.59277300036
390,2648,248.1492210063152,5000,True,18172.59277300036
379,2649,248.34106799971778,5000,True,18172.59277300036
394,2650,249.01510999916354,5000,True,18172.59277300036
378,2651,248.09816099877935,5000,True,18172.59277300036
385,2652,247.9537530016387,5000,True,18172.59277300036
387,2653,248.68141000479227,5000,True,18172.59277300036
382,2654,249.37193100049626,5000,True,18172.59277300036
383,2655,258.0794759996934,5000,True,18172.59277300036
390,2656,258.19661000423366,5000,True,18172.59277300036
369,2657,250.31319499976235,5000,True,18172.59277300036
398,2658,242.39335099991877,5000,True,18172.59277300036
376,2659,242.3209830012638,5000,True,18172.59277300036
386,2660,257.9160640016198,5000,True,18172.59277300036
381,2661,256.91150600323454,5000,True,18172.59277300036
403,2662,256.607202005398,5000,True,18172.59277300036
389,2663,251.08391800313257,5000,True,18172.59277300036
403,2664,246.05540899938205,5000,True,18172.59277300036
376,2665,247.29624400060857,5000,True,18172.59277300036
403,2666,245.63870600104565,5000,True,18172.59277300036
391,2667,245.6741029964178,5000,True,18172.59277300036
380,2668,240.77362100069877,5000,True,18172.59277300036
376,2669,243.83650100207888,5000,True,18172.59277300036
377,2670,242.71714499627706,5000,True,18172.59277300036
389,2671,234.3047359972843,5000,True,18172.59277300036
385,2672,233.37022699706722,5000,True,18172.59277300036
399,2674,231.96311100036837,5000,True,18172.59277300036
384,2673,237.0150749993627,5000,True,18172.59277300036
398,2675,227.19670600054087,5000,True,18172.59277300036
374,2676,226.26573200250277,5000,True,18172.59277300036
392,2677,225.8143760045641,5000,True,18172.59277300036
381,2678,226.29873699770542,5000,True,18172.59277300036
380,2679,231.7870219994802,5000,True,18172.59277300036
387,2680,223.40569899824914,5000,True,18172.59277300036
386,2681,223.65028400236042,5000,True,18172.59277300036
374,2682,224.4602280043182,5000,True,18172.59277300036
376,2683,223.0246730032377,5000,True,18172.59277300036
386,2684,215.0782739990973,5000,True,18172.59277300036
393,2685,214.8281740010134,5000,True,18172.59277300036
371,2686,215.43020499666454,5000,True,18172.59277300036
372,2687,223.30407600384206,5000,True,18172.59277300036
378,2688,214.950197005237,5000,True,18172.59277300036
393,2689,216.11242500512162,5000,True,18172.59277300036
389,2690,215.48050699493615,5000,True,18172.59277300036
381,2691,216.0270389940706,5000,True,18172.59277300036
388,2692,223.5926590001327,5000,True,18172.59277300036
370,2693,223.31657400354743,5000,True,18172.59277300036
384,2694,223.29376400011824,5000,True,18172.59277300036
396,2695,223.10347900202032,5000,True,18172.59277300036
377,2696,221.70313500100747,5000,True,18172.59277300036
377,2697,221.05932499835035,5000,True,18172.59277300036
395,2698,221.53846499713836,5000,True,18172.59277300036
388,2699,210.7134660036536,5000,True,18172.59277300036
399,2700,212.4151179959881,5000,True,18172.59277300036
393,2701,220.24941199924797,5000,True,18172.59277300036
371,2702,203.52804200229002,5000,True,18172.59277300036
375,2703,204.75086700025713,5000,True,18172.59277300036
384,2704,204.18673499807483,5000,True,18172.59277300036
372,2705,229.385626000294,5000,True,18172.59277300036
376,2706,229.5276740042027,5000,True,18172.59277300036
396,2707,229.87824899610132,5000,True,18172.59277300036
387,2708,220.10586399846943,5000,True,18172.59277300036
388,2709,227.93278899916913,5000,True,18172.59277300036
387,2710,227.30117899482138,5000,True,18172.59277300036
371,2711,217.148100004124,5000,True,18172.59277300036
394,2712,218.4619899999234,5000,True,18172.59277300036
371,2713,218.8407189969439,5000,True,18172.59277300036
377,2714,218.68280000489904,5000,True,18172.59277300036
377,2715,218.86876800272148,5000,True,18172.59277300036
385,2716,211.14288899843814,5000,True,18172.59277300036
393,2717,212.3997450034949,5000,True,18172.59277300036
399,2718,216.8969560007099,5000,True,18172.59277300036
392,2719,207.99624600476818,5000,True,18172.59277300036
382,2720,208.34197600197513,5000,True,18172.59277300036
393,2721,208.402117001242,5000,True,18172.59277300036
376,2722,208.8228309949045,5000,True,18172.59277300036
394,2723,208.50662299926626,5000,True,18172.59277300036
382,2724,193.07188500533812,5000,True,18172.59277300036
390,2725,193.5602630037465,5000,True,18172.59277300036
371,2726,201.75672899495112,5000,True,18172.59277300036
375,2727,201.89646500512026,5000,True,18172.59277300036
386,2728,202.9012880011578,5000,True,18172.59277300036
393,2729,202.09215900104027,5000,True,18172.59277300036
378,2730,210.869171001832,5000,True,18172.59277300036
388,2731,210.71872399625136,5000,True,18172.59277300036
380,2732,206.87216599617386,5000,True,18172.59277300036
377,2733,202.8961550022359,5000,True,18172.59277300036
385,2734,211.95227499993052,5000,True,18172.59277300036
382,2735,210.62948000326287,5000,True,18172.59277300036
391,2736,211.53697499539703,5000,True,18172.59277300036
396,2737,210.59437999792863,5000,True,18172.59277300036
388,2738,218.089736001275,5000,True,18172.59277300036
383,2739,217.94789699924877,5000,True,18172.59277300036
383,2740,219.0731259979657,5000,True,18172.59277300036
382,2741,219.65722700406332,5000,True,18172.59277300036
379,2742,228.8754949986469,5000,True,18172.59277300036
379,2743,222.40436600259272,5000,True,18172.59277300036
378,2744,222.01130699977512,5000,True,18172.59277300036
385,2745,222.94410999893444,5000,True,18172.59277300036
385,2746,231.03550700034248,5000,True,18172.59277300036
376,2747,231.16511000262108,5000,True,18172.59277300036
373,2748,230.47449899604544,5000,True,18172.59277300036
372,2749,231.997003997094,5000,True,18172.59277300036
386,2750,231.094781003776,5000,True,18172.59277300036
380,2751,222.6875479973387,5000,True,18172.59277300036
394,2752,222.9015709963278,5000,True,18172.59277300036
389,2753,222.5305290048709,5000,True,18172.59277300036
388,2754,222.94203000637935,5000,True,18172.59277300036
384,2755,223.274317002506,5000,True,18172.59277300036
381,2756,220.77596499730134,5000,True,18172.59277300036
398,2757,222.3018900040188,5000,True,18172.59277300036
376,2758,221.8695760020637,5000,True,18172.59277300036
392,2759,222.47795200382825,5000,True,18172.59277300036
387,2760,214.31656800268684,5000,True,18172.59277300036
377,2761,214.75898399512516,5000,True,18172.59277300036
378,2762,223.54491899750428,5000,True,18172.59277300036
387,2763,224.44035800435813,5000,True,18172.59277300036
390,2764,223.90774000086822,5000,True,18172.59277300036
394,2765,216.3442169985501,5000,True,18172.59277300036
395,2766,224.89918100473005,5000,True,18172.59277300036
373,2767,223.8874710019445,5000,True,18172.59277300036
380,2768,224.23848699691007,5000,True,18172.59277300036
388,2769,198.7031860044226,5000,True,18172.59277300036
378,2770,198.5182429998531,5000,True,18172.59277300036
380,2771,207.374676996551,5000,True,18172.59277300036
377,2772,207.5662760034902,5000,True,18172.59277300036
381,2773,200.08185399638023,5000,True,18172.59277300036
380,2774,199.64832100231433,5000,True,18172.59277300036
390,2775,208.8814730013837,5000,True,18172.59277300036
393,2776,208.20629900117638,5000,True,18172.59277300036
375,2777,207.89607200276805,5000,True,18172.59277300036
378,2778,208.01194199884776,5000,True,18172.59277300036
390,2779,208.2054410057026,5000,True,18172.59277300036
389,2780,215.05974699539365,5000,True,18172.59277300036
389,2781,212.66188700246857,5000,True,18172.59277300036
382,2782,207.71285800583428,5000,True,18172.59277300036
393,2783,207.69461499730824,5000,True,18172.59277300036
394,2784,213.88987699901918,5000,True,18172.59277300036
376,2785,213.65463199617807,5000,True,18172.59277300036
372,2786,213.71462599927327,5000,True,18172.59277300036
397,2787,213.35827699658694,5000,True,18172.59277300036
393,2788,213.77925800334197,5000,True,18172.59277300036
394,2789,213.22016199701466,5000,True,18172.59277300036
393,2790,205.86480099882465,5000,True,18172.59277300036
392,2791,205.23834900086513,5000,True,18172.59277300036
380,2792,214.00709999579703,5000,True,18172.59277300036
388,2793,213.28076400095597,5000,True,18172.59277300036
387,2794,205.79217500198865,5000,True,18172.59277300036
397,2795,206.1832589970436,5000,True,18172.59277300036
376,2796,205.51798299857182,5000,True,18172.59277300036
387,2797,213.48427899647504,5000,True,18172.59277300036
377,2798,204.92146300239256,5000,True,18172.59277300036
376,2799,206.4606560015818,5000,True,18172.59277300036
384,2801,205.01425800466677,5000,True,18172.59277300036
377,2800,208.04851799766766,5000,True,18172.59277300036
376,2802,197.41862600494642,5000,True,18172.59277300036
378,2803,205.90696299768751,5000,True,18172.59277300036
377,2804,205.12448500085156,5000,True,18172.59277300036
391,2805,205.2075600004173,5000,True,18172.59277300036
391,2806,195.95488499908242,5000,True,18172.59277300036
377,2807,204.48392699472606,5000,True,18172.59277300036
376,2808,204.33960299851606,5000,True,18172.59277300036
394,2809,204.2948919988703,5000,True,18172.59277300036
399,2810,196.52448100532638,5000,True,18172.59277300036
379,2811,197.87894500041148,5000,True,18172.59277300036
378,2812,198.18832199962344,5000,True,18172.59277300036
375,2813,197.0337099992321,5000,True,18172.59277300036
387,2814,197.54154599650064,5000,True,18172.59277300036
387,2815,204.81111200206215,5000,True,18172.59277300036
391,2816,205.08222399803344,5000,True,18172.59277300036
375,2817,205.82315199862933,5000,True,18172.59277300036
372,2818,205.14717500191182,5000,True,18172.59277300036
380,2819,210.30063099897234,5000,True,18172.59277300036
380,2820,206.82786899851635,5000,True,18172.59277300036
379,2821,206.02816699829418,5000,True,18172.59277300036
395,2822,206.41599599912297,5000,True,18172.59277300036
390,2823,206.00963199831313,5000,True,18172.59277300036
374,2824,214.45517699612537,5000,True,18172.59277300036
386,2825,214.60628999921028,5000,True,18172.59277300036
397,2826,204.92207200004486,5000,True,18172.59277300036
379,2827,214.21201300108805,5000,True,18172.59277300036
377,2828,213.1987089960603,5000,True,18172.59277300036
369,2829,214.28319400001783,5000,True,18172.59277300036
371,2830,206.56760400015628,5000,True,18172.59277300036
376,2831,215.9411969987559,5000,True,18172.59277300036
385,2832,216.2358320056228,5000,True,18172.59277300036
392,2833,216.44160900177667,5000,True,18172.59277300036
394,2834,216.2356330009061,5000,True,18172.59277300036
393,2835,216.39124699868262,5000,True,18172.59277300036
371,2836,215.6772060043295,5000,True,18172.59277300036
377,2837,216.3956730000791,5000,True,18172.59277300036
389,2838,217.17726800125092,5000,True,18172.59277300036
376,2839,208.18726300058188,5000,True,18172.59277300036
376,2840,209.3238419984118,5000,True,18172.59277300036
385,2841,208.58245399722364,5000,True,18172.59277300036
383,2842,216.9830560014816,5000,True,18172.59277300036
377,2843,208.92532099969685,5000,True,18172.59277300036
382,2844,209.2497550038388,5000,True,18172.59277300036
370,2845,210.46974699856946,5000,True,18172.59277300036
390,2846,209.87862200126983,5000,True,18172.59277300036
386,2847,218.26683800463798,5000,True,18172.59277300036
379,2848,211.69202999590198,5000,True,18172.59277300036
371,2849,212.32529199915007,5000,True,18172.59277300036
389,2850,212.1373650006717,5000,True,18172.59277300036
389,2851,220.1966229986283,5000,True,18172.59277300036
376,2852,219.97582099720603,5000,True,18172.59277300036
385,2853,220.69366899813758,5000,True,18172.59277300036
373,2854,219.89608900184976,5000,True,18172.59277300036
388,2855,221.75960800086614,5000,True,18172.59277300036
396,2856,213.17350699973758,5000,True,18172.59277300036
377,2857,213.71009400172625,5000,True,18172.59277300036
386,2858,221.4128539999365,5000,True,18172.59277300036
387,2859,221.6213140054606,5000,True,18172.59277300036
390,2860,221.70239700062666,5000,True,18172.59277300036
381,2861,214.59296900138725,5000,True,18172.59277300036
382,2862,214.78859899798408,5000,True,18172.59277300036
375,2863,214.98009099741466,5000,True,18172.59277300036
380,2864,215.28956199472304,5000,True,18172.59277300036
389,2865,214.89239200309385,5000,True,18172.59277300036
398,2866,223.09611100354232,5000,True,18172.59277300036
391,2867,215.24738799780607,5000,True,18172.59277300036
379,2868,215.37481400446268,5000,True,18172.59277300036
392,2869,215.18059699883452,5000,True,18172.59277300036
390,2870,222.7321890022722,5000,True,18172.59277300036
370,2871,216.54627099633217,5000,True,18172.59277300036
390,2872,215.93065300112357,5000,True,18172.59277300036
376,2873,216.1203290015692,5000,True,18172.59277300036
377,2874,223.2469829978072,5000,True,18172.59277300036
386,2875,222.8414380006143,5000,True,18172.59277300036
390,2876,222.8237809977145,5000,True,18172.59277300036
396,2877,222.69594899989897,5000,True,18172.59277300036
383,2878,230.35133400117047,5000,True,18172.59277300036
383,2879,222.86558400082868,5000,True,18172.59277300036
372,2880,221.96458699909272,5000,True,18172.59277300036
384,2881,222.12452700478025,5000,True,18172.59277300036
394,2882,221.58908999699634,5000,True,18172.59277300036
385,2883,220.76478300004965,5000,True,18172.59277300036
393,2884,221.7022539989557,5000,True,18172.59277300036
393,2885,221.0036679971381,5000,True,18172.59277300036
394,2886,221.28204200271284,5000,True,18172.59277300036
378,2887,213.5752410031273,5000,True,18172.59277300036
402,2888,213.07683899794938,5000,True,18172.59277300036
372,2889,213.06793400435708,5000,True,18172.59277300036
402,2890,213.04887299629627,5000,True,18172.59277300036
371,2891,203.31355000234907,5000,True,18172.59277300036
386,2892,213.1815429966082,5000,True,18172.59277300036
376,2893,212.67562800494488,5000,True,18172.59277300036
383,2894,211.95354600058636,5000,True,18172.59277300036
385,2895,203.4034989992506,5000,True,18172.59277300036
375,2896,203.27281900244998,5000,True,18172.59277300036
384,2897,202.84938600525493,5000,True,18172.59277300036
377,2898,203.47387500078185,5000,True,18172.59277300036
393,2899,195.60193499637535,5000,True,18172.59277300036
370,2900,204.7963700024411,5000,True,18172.59277300036
384,2901,204.0016429964453,5000,True,18172.59277300036
392,2902,203.90669199696276,5000,True,18172.59277300036
390,2903,203.92370100307744,5000,True,18172.59277300036
372,2904,211.7944260025979,5000,True,18172.59277300036
381,2905,212.11479900375707,5000,True,18172.59277300036
376,2906,203.50049899570877,5000,True,18172.59277300036
381,2907,204.1302750003524,5000,True,18172.59277300036
384,2908,212.11357400170527,5000,True,18172.59277300036
376,2909,211.59397000155877,5000,True,18172.59277300036
381,2910,212.05841700430028,5000,True,18172.59277300036
377,2911,203.51927600131603,5000,True,18172.59277300036
371,2912,207.1461859959527,5000,True,18172.59277300036
371,2913,209.694060999027,5000,True,18172.59277300036
378,2914,210.66806100134272,5000,True,18172.59277300036
381,2915,202.7873359984369,5000,True,18172.59277300036
372,2916,202.32588500221027,5000,True,18172.59277300036
372,2917,201.5777389970026,5000,True,18172.59277300036
373,2918,202.74806500674458,5000,True,18172.59277300036
375,2919,201.48632899508812,5000,True,18172.59277300036
389,2920,209.65274600166595,5000,True,18172.59277300036
381,2921,209.7205899990513,5000,True,18172.59277300036
395,2922,202.28436999605037,5000,True,18172.59277300036
372,2923,202.13974600483198,5000,True,18172.59277300036
371,2924,208.33693200256675,5000,True,18172.59277300036
380,2925,207.53001300181495,5000,True,18172.59277300036
383,2926,208.39351700124098,5000,True,18172.59277300036
377,2927,206.84288600023137,5000,True,18172.59277300036
383,2928,206.58497200201964,5000,True,18172.59277300036
380,2929,199.5449020032538,5000,True,18172.59277300036
395,2930,282.72614799789153,5000,True,18172.59277300036
398,2931,282.9373119966476,5000,True,18172.59277300036
381,2932,283.12149799603503,5000,True,18172.59277300036
381,2933,283.4285059943795,5000,True,18172.59277300036
391,2934,282.3875149988453,5000,True,18172.59277300036
388,2936,280.9039779967861,5000,True,18172.59277300036
382,2935,284.75408899976173,5000,True,18172.59277300036
377,2937,282.7456119994167,5000,True,18172.59277300036
386,2938,275.26610600034473,5000,True,18172.59277300036
375,2939,280.9618449973641,5000,True,18172.59277300036
394,2940,285.08126700035064,5000,True,18172.59277300036
393,2941,286.39178199955495,5000,True,18172.59277300036
391,2942,278.50937099719886,5000,True,18172.59277300036
387,2943,287.3742640003911,5000,True,18172.59277300036
382,2944,288.583508998272,5000,True,18172.59277300036
381,2945,288.01230999670224,5000,True,18172.59277300036
383,2946,289.7357399997418,5000,True,18172.59277300036
381,2948,280.61362699372694,5000,True,18172.59277300036
387,2947,283.2665809983155,5000,True,18172.59277300036
380,2949,287.4418540013721,5000,True,18172.59277300036
387,2950,292.20332599652465,5000,True,18172.59277300036
393,2951,291.6404400020838,5000,True,18172.59277300036
395,2952,303.0679619987495,5000,True,18172.59277300036
380,2953,303.2363819947932,5000,True,18172.59277300036
385,2954,303.5196630007704,5000,True,18172.59277300036
383,2955,303.161108000495,5000,True,18172.59277300036
386,2956,303.62256900116336,5000,True,18172.59277300036
397,2957,302.4024440019275,5000,True,18172.59277300036
395,2958,302.477548000752,5000,True,18172.59277300036
385,2959,303.7444820001838,5000,True,18172.59277300036
381,2960,313.2320409931708,5000,True,18172.59277300036
391,2961,313.69046900363173,5000,True,18172.59277300036
382,2962,313.4589089968358,5000,True,18172.59277300036
387,2963,312.9776909991051,5000,True,18172.59277300036
389,2964,311.0291929988307,5000,True,18172.59277300036
375,2965,311.71851600083755,5000,True,18172.59277300036
383,2966,311.53711999650113,5000,True,18172.59277300036
392,2967,303.2323150036973,5000,True,18172.59277300036
373,2968,311.44647399923997,5000,True,18172.59277300036
388,2969,311.542041003122,5000,True,18172.59277300036
371,2970,312.0954789992538,5000,True,18172.59277300036
388,2971,321.1798179981997,5000,True,18172.59277300036
385,2972,315.6227519939421,5000,True,18172.59277300036
387,2973,316.06932100112317,5000,True,18172.59277300036
373,2974,315.4755319992546,5000,True,18172.59277300036
373,2975,322.5476870065904,5000,True,18172.59277300036
376,2976,318.7348959982046,5000,True,18172.59277300036
379,2977,316.5347819958697,5000,True,18172.59277300036
390,2978,315.7116849979502,5000,True,18172.59277300036
384,2979,324.2737280015717,5000,True,18172.59277300036
382,2980,324.6349490000284,5000,True,18172.59277300036
377,2981,325.73211999988416,5000,True,18172.59277300036
377,2982,333.48980200389633,5000,True,18172.59277300036
383,2983,334.0445490030106,5000,True,18172.59277300036
394,2984,325.17939900571946,5000,True,18172.59277300036
377,2985,326.38922199839726,5000,True,18172.59277300036
395,2986,332.38896599505097,5000,True,18172.59277300036
391,2987,332.3723159992369,5000,True,18172.59277300036
390,2988,325.9301649959525,5000,True,18172.59277300036
381,2989,326.45859699550783,5000,True,18172.59277300036
399,2990,334.89875600207597,5000,True,18172.59277300036
388,2992,333.07501899980707,5000,True,18172.59277300036
381,2991,336.89643799880287,5000,True,18172.59277300036
394,2993,333.7589080038015,5000,True,18172.59277300036
386,2994,250.98389300546842,5000,True,18172.59277300036
382,2995,257.60364800225943,5000,True,18172.59277300036
388,2996,258.4576589943026,5000,True,18172.59277300036
385,2997,257.8377389945672,5000,True,18172.59277300036
394,2998,250.86336200183723,5000,True,18172.59277300036
377,2999,258.69210699602263,5000,True,18172.59277300036
371,3000,257.16231299884384,5000,True,18172.59277300036
379,3001,257.945559998916,5000,True,18172.59277300036
376,3002,256.75723500171443,5000,True,18172.59277300036
387,3003,259.64533899968956,5000,True,18172.59277300036
383,3004,262.2933210004703,5000,True,18172.59277300036
398,3005,262.8752929958864,5000,True,18172.59277300036
380,3006,262.49346600525314,5000,True,18172.59277300036
389,3007,254.58206899929792,5000,True,18172.59277300036
387,3008,254.66663199767936,5000,True,18172.59277300036
375,3009,258.98069799586665,5000,True,18172.59277300036
395,3010,263.27071899868315,5000,True,18172.59277300036
388,3011,263.38852300250437,5000,True,18172.59277300036
381,3012,263.6256939949817,5000,True,18172.59277300036
387,3013,257.48388100328157,5000,True,18172.59277300036
387,3014,261.3799199971254,5000,True,18172.59277300036
392,3015,261.48971400107257,5000,True,18172.59277300036
388,3016,249.95175799995195,5000,True,18172.59277300036
382,3017,249.50079699920025,5000,True,18172.59277300036
376,3018,259.4329490020755,5000,True,18172.59277300036
379,3019,259.4042040000204,5000,True,18172.59277300036
372,3020,250.48603399773128,5000,True,18172.59277300036
385,3021,251.38485000206856,5000,True,18172.59277300036
383,3022,260.21084999956656,5000,True,18172.59277300036
389,3023,258.6066660005599,5000,True,18172.59277300036
399,3024,249.39399000140838,5000,True,18172.59277300036
381,3025,249.07397200149717,5000,True,18172.59277300036
382,3026,257.43589399644407,5000,True,18172.59277300036
383,3027,256.954478994885,5000,True,18172.59277300036
379,3028,250.3742560002138,5000,True,18172.59277300036
382,3029,248.74613900465192,5000,True,18172.59277300036
395,3030,249.59674900310347,5000,True,18172.59277300036
372,3031,247.53645800228696,5000,True,18172.59277300036
389,3032,247.80115299654426,5000,True,18172.59277300036
389,3033,247.70483799511567,5000,True,18172.59277300036
376,3034,246.30606199934846,5000,True,18172.59277300036
370,3035,237.88832999707665,5000,True,18172.59277300036
387,3036,234.72499399940716,5000,True,18172.59277300036
389,3037,235.57620700012194,5000,True,18172.59277300036
386,3038,239.90693800442386,5000,True,18172.59277300036
385,3039,233.48119000002043,5000,True,18172.59277300036
390,3040,232.99768099968787,5000,True,18172.59277300036
390,3041,233.67406500619836,5000,True,18172.59277300036
377,3042,233.01145000004908,5000,True,18172.59277300036
385,3043,224.88393799721962,5000,True,18172.59277300036
389,3044,223.6920050054323,5000,True,18172.59277300036
394,3045,222.79983500629896,5000,True,18172.59277300036
386,3046,214.00042199820746,5000,True,18172.59277300036
372,3047,216.05906499462435,5000,True,18172.59277300036
397,3048,221.44554999977117,5000,True,18172.59277300036
377,3049,220.3534590007621,5000,True,18172.59277300036
371,3050,212.93839900317835,5000,True,18172.59277300036
390,3051,212.03080900158966,5000,True,18172.59277300036
384,3052,212.25884000159567,5000,True,18172.59277300036
379,3053,211.64834100636654,5000,True,18172.59277300036
385,3054,209.30579300329555,5000,True,18172.59277300036
379,3055,210.28992299397942,5000,True,18172.59277300036
395,3056,208.9578579980298,5000,True,18172.59277300036
387,3057,211.01522500248393,5000,True,18172.59277300036
391,3058,211.64750800380716,5000,True,18172.59277300036
392,3059,204.77162500174018,5000,True,18172.59277300036
399,3060,206.98775300115813,5000,True,18172.59277300036
387,3061,206.98780899692792,5000,True,18172.59277300036
394,3062,206.42131399654318,5000,True,18172.59277300036
372,3063,198.13380900450284,5000,True,18172.59277300036
382,3064,197.79926299815997,5000,True,18172.59277300036
393,3065,202.1765969984699,5000,True,18172.59277300036
395,3066,202.7969300033874,5000,True,18172.59277300036
385,3067,195.03650000115158,5000,True,18172.59277300036
394,3068,187.77491699438542,5000,True,18172.59277300036
393,3069,186.49105000076815,5000,True,18172.59277300036
403,3070,186.0752840002533,5000,True,18172.59277300036
386,3071,184.9844110038248,5000,True,18172.59277300036
392,3072,183.80660100228852,5000,True,18172.59277300036
391,3073,179.9790720033343,5000,True,18172.59277300036
381,3074,175.22137999912957,5000,True,18172.59277300036
373,3075,185.38434199581388,5000,True,18172.59277300036
392,3076,185.47841400140896,5000,True,18172.59277300036
384,3077,185.30855599965435,5000,True,18172.59277300036
383,3078,176.59035000542644,5000,True,18172.59277300036
390,3079,176.34175100101857,5000,True,18172.59277300036
390,3080,176.48401699989336,5000,True,18172.59277300036
369,3081,176.23732500214828,5000,True,18172.59277300036
392,3082,166.359246999491,5000,True,18172.59277300036
388,3083,168.6178289965028,5000,True,18172.59277300036
389,3084,170.57877099432517,5000,True,18172.59277300036
387,3085,161.24723599932622,5000,True,18172.59277300036
386,3086,161.40722099953564,5000,True,18172.59277300036
371,3087,162.3453919964959,5000,True,18172.59277300036
372,3088,161.6013969978667,5000,True,18172.59277300036
390,3089,161.8577120025293,5000,True,18172.59277300036
398,3090,152.56638400023803,5000,True,18172.59277300036
380,3091,153.24108500499278,5000,True,18172.59277300036
370,3092,153.63932099717204,5000,True,18172.59277300036
382,3093,154.58977600064827,5000,True,18172.59277300036
380,3094,155.3656879987102,5000,True,18172.59277300036
386,3095,149.06661300483393,5000,True,18172.59277300036
372,3096,148.49270400009118,5000,True,18172.59277300036
376,3097,149.12962399830576,5000,True,18172.59277300036
388,3098,149.19328699761536,5000,True,18172.59277300036
389,3099,151.77430600306252,5000,True,18172.59277300036
381,3100,153.11153199581895,5000,True,18172.59277300036
387,3101,147.3906520041055,5000,True,18172.59277300036
376,3102,148.61360299983062,5000,True,18172.59277300036
375,3103,148.55480300320778,5000,True,18172.59277300036
379,3104,148.04706599534256,5000,True,18172.59277300036
376,3105,148.3079860045109,5000,True,18172.59277300036
402,3106,148.9004399991245,5000,True,18172.59277300036
383,3107,148.32107799884398,5000,True,18172.59277300036
375,3108,148.73499600071227,5000,True,18172.59277300036
380,3109,148.9106270018965,5000,True,18172.59277300036
377,3110,155.39664500101935,5000,True,18172.59277300036
387,3111,152.3005739945802,5000,True,18172.59277300036
387,3112,147.21417499822564,5000,True,18172.59277300036
386,3113,146.90616999723716,5000,True,18172.59277300036
393,3114,146.55369499814697,5000,True,18172.59277300036
377,3115,147.24617100000614,5000,True,18172.59277300036
377,3116,153.87825299694669,5000,True,18172.59277300036
376,3117,154.42686599999433,5000,True,18172.59277300036
382,3118,147.10684699821286,5000,True,18172.59277300036
381,3119,146.4074809991871,5000,True,18172.59277300036
380,3120,146.11448399955407,5000,True,18172.59277300036
393,3121,146.03887599514564,5000,True,18172.59277300036
372,3122,144.52949100086698,5000,True,18172.59277300036
382,3123,149.6494469975005,5000,True,18172.59277300036
377,3124,146.2581070009037,5000,True,18172.59277300036
383,3125,145.69276799738873,5000,True,18172.59277300036
387,3126,145.9170099988114,5000,True,18172.59277300036
392,3127,161.18878000270342,5000,True,18172.59277300036
391,3128,158.92667099979008,5000,True,18172.59277300036
371,3129,157.71289200347383,5000,True,18172.59277300036
384,3130,157.2814719984308,5000,True,18172.59277300036
393,3131,156.23226299794624,5000,True,18172.59277300036
384,3132,156.41775199765107,5000,True,18172.59277300036
374,3133,156.0856389987748,5000,True,18172.59277300036
385,3134,155.6538829972851,5000,True,18172.59277300036
380,3135,155.71671699581202,5000,True,18172.59277300036
389,3136,156.25378400000045,5000,True,18172.59277300036
380,3137,155.48260699870298,5000,True,18172.59277300036
380,3138,154.17298499960452,5000,True,18172.59277300036
374,3139,143.89974599907873,5000,True,18172.59277300036
381,3140,159.4026779930573,5000,True,18172.59277300036
377,3141,158.34876799635822,5000,True,18172.59277300036
381,3142,158.66343900415814,5000,True,18172.59277300036
374,3143,158.56093400361715,5000,True,18172.59277300036
377,3144,158.24367599998368,5000,True,18172.59277300036
401,3145,159.63437800382962,5000,True,18172.59277300036
386,3146,159.03796500060707,5000,True,18172.59277300036
392,3147,157.02380399307003,5000,True,18172.59277300036
384,3148,154.76504300022498,5000,True,18172.59277300036
388,3149,155.51847599999746,5000,True,18172.59277300036
382,3150,155.35858299699612,5000,True,18172.59277300036
388,3151,154.05502300563967,5000,True,18172.59277300036
387,3152,154.2745240003569,5000,True,18172.59277300036
393,3153,159.73512599884998,5000,True,18172.59277300036
402,3154,159.4402459959383,5000,True,18172.59277300036
391,3155,159.14061600051355,5000,True,18172.59277300036
380,3156,157.29935699346242,5000,True,18172.59277300036
385,3157,157.06430000136606,5000,True,18172.59277300036
385,3158,154.9928739987081,5000,True,18172.59277300036
388,3159,154.95081200060667,5000,True,18172.59277300036
381,3160,154.23199699580437,5000,True,18172.59277300036
386,3161,153.86160900379764,5000,True,18172.59277300036
381,3162,153.99949499987997,5000,True,18172.59277300036
375,3163,151.0652079959982,5000,True,18172.59277300036
386,3164,148.86851199844386,5000,True,18172.59277300036
370,3165,155.8027619976201,5000,True,18172.59277300036
398,3166,154.90131999831647,5000,True,18172.59277300036
381,3167,154.55550100159599,5000,True,18172.59277300036
371,3168,154.6914589998778,5000,True,18172.59277300036
380,3169,153.38673399674008,5000,True,18172.59277300036
394,3170,152.94065700436477,5000,True,18172.59277300036
381,3171,152.73680199607043,5000,True,18172.59277300036
397,3172,152.0022029944812,5000,True,18172.59277300036
387,3173,151.9801920003374,5000,True,18172.59277300036
373,3174,149.62703500350472,5000,True,18172.59277300036
388,3175,149.48509600071702,5000,True,18172.59277300036
374,3176,149.434441998892,5000,True,18172.59277300036
381,3177,149.77217200066661,5000,True,18172.59277300036
391,3178,149.99910700134933,5000,True,18172.59277300036
402,3179,149.9699780033552,5000,True,18172.59277300036
382,3180,143.1318730028579,5000,True,18172.59277300036
394,3182,141.8077389971586,5000,True,18172.59277300036
398,3181,144.09740600240184,5000,True,18172.59277300036
380,3183,143.03664000181016,5000,True,18172.59277300036
378,3184,142.06053299858468,5000,True,18172.59277300036
391,3185,141.17150200036122,5000,True,18172.59277300036
373,3186,140.8185769978445,5000,True,18172.59277300036
372,3187,134.86796699726256,5000,True,18172.59277300036
384,3188,134.89330000447808,5000,True,18172.59277300036
384,3189,135.09777600120287,5000,True,18172.59277300036
382,3190,136.61159000184853,5000,True,18172.59277300036
379,3191,121.60761099949013,5000,True,18172.59277300036
383,3192,123.50664499535924,5000,True,18172.59277300036
380,3193,122.19714299862972,5000,True,18172.59277300036
387,3194,122.46762400172884,5000,True,18172.59277300036
390,3195,122.82249700365355,5000,True,18172.59277300036
391,3196,122.53724700713065,5000,True,18172.59277300036
386,3197,122.16194299980998,5000,True,18172.59277300036
403,3198,123.25014200177975,5000,True,18172.59277300036
373,3199,126.38523599889595,5000,True,18172.59277300036
395,3200,127.54524699994363,5000,True,18172.59277300036
380,3201,128.2867059999262,5000,True,18172.59277300036
378,3202,127.61264899745584,5000,True,18172.59277300036
377,3203,127.68825700186426,5000,True,18172.59277300036
383,3204,111.19827299989993,5000,True,18172.59277300036
376,3205,112.28519999713171,5000,True,18172.59277300036
386,3206,111.9306679975125,5000,True,18172.59277300036
392,3207,111.96011699939845,5000,True,18172.59277300036
391,3208,112.90394100069534,5000,True,18172.59277300036
387,3209,112.15434800396906,5000,True,18172.59277300036
376,3210,112.20740899443626,5000,True,18172.59277300036
393,3211,113.47413899784442,5000,True,18172.59277300036
385,3212,113.21335300453939,5000,True,18172.59277300036
398,3213,114.61042699374957,5000,True,18172.59277300036
386,3214,114.3729949981207,5000,True,18172.59277300036
392,3215,115.02914100128692,5000,True,18172.59277300036
393,3216,114.84515099436976,5000,True,18172.59277300036
372,3217,109.20636299852049,5000,True,18172.59277300036
386,3218,109.03839399543358,5000,True,18172.59277300036
381,3219,109.30991399800405,5000,True,18172.59277300036
383,3220,109.67244099447271,5000,True,18172.59277300036
397,3221,109.51036899496103,5000,True,18172.59277300036
372,3222,109.79498900269391,5000,True,18172.59277300036
389,3223,117.08896100026323,5000,True,18172.59277300036
387,3224,117.2832290030783,5000,True,18172.59277300036
397,3225,117.57854899769882,5000,True,18172.59277300036
374,3226,117.6032250004937,5000,True,18172.59277300036
382,3227,117.23965599958319,5000,True,18172.59277300036
384,3228,118.04486400069436,5000,True,18172.59277300036
371,3229,111.39076800463954,5000,True,18172.59277300036
395,3230,111.08282599889208,5000,True,18172.59277300036
373,3231,110.95496200141497,5000,True,18172.59277300036
394,3232,111.01776600116864,5000,True,18172.59277300036
373,3233,112.19185600202763,5000,True,18172.59277300036
378,3234,117.34609999984968,5000,True,18172.59277300036
392,3235,118.5888399995747,5000,True,18172.59277300036
381,3236,118.42234499636106,5000,True,18172.59277300036
382,3237,119.04189999768278,5000,True,18172.59277300036
392,3238,115.17324599844869,5000,True,18172.59277300036
377,3239,115.63237399968784,5000,True,18172.59277300036
373,3240,117.14712899993174,5000,True,18172.59277300036
398,3241,117.41218200040748,5000,True,18172.59277300036
381,3242,118.08132599981036,5000,True,18172.59277300036
387,3243,118.28298399632331,5000,True,18172.59277300036
385,3244,118.23286399885546,5000,True,18172.59277300036
393,3245,118.7147299933713,5000,True,18172.59277300036
383,3246,119.06288599857362,5000,True,18172.59277300036
372,3247,119.6291750020464,5000,True,18172.59277300036
387,3248,119.65062999661313,5000,True,18172.59277300036
380,3249,120.11018700286513,5000,True,18172.59277300036
382,3250,119.8155809979653,5000,True,18172.59277300036
394,3251,120.95387299632421,5000,True,18172.59277300036
373,3252,121.05169099959312,5000,True,18172.59277300036
394,3253,120.82688100053929,5000,True,18172.59277300036
373,3254,121.71104400476906,5000,True,18172.59277300036
389,3255,122.94332800229313,5000,True,18172.59277300036
389,3256,123.86340599914547,5000,True,18172.59277300036
386,3257,124.31595900125103,5000,True,18172.59277300036
392,3258,124.45837999985088,5000,True,18172.59277300036
393,3259,125.0985189981293,5000,True,18172.59277300036
380,3261,123.85007099510403,5000,True,18172.59277300036
399,3260,126.64707300427835,5000,True,18172.59277300036
388,3262,124.91746299929218,5000,True,18172.59277300036
398,3263,122.88055699900724,5000,True,18172.59277300036
393,3264,122.27234499732731,5000,True,18172.59277300036
393,3265,124.92380299954675,5000,True,18172.59277300036
374,3266,127.69580700114602,5000,True,18172.59277300036
377,3267,127.66529200598598,5000,True,18172.59277300036
378,3268,128.46409600024344,5000,True,18172.59277300036
372,3269,129.60441700124647,5000,True,18172.59277300036
387,3270,128.9510299975518,5000,True,18172.59277300036
381,3271,130.77883799996926,5000,True,18172.59277300036
373,3272,130.25843600189546,5000,True,18172.59277300036
379,3273,130.23899600375444,5000,True,18172.59277300036
395,3274,135.92750099633122,5000,True,18172.59277300036
392,3275,134.7431870017317,5000,True,18172.59277300036
392,3276,134.95283600059338,5000,True,18172.59277300036
382,3277,133.42328499857103,5000,True,18172.59277300036
390,3278,133.47163999424083,5000,True,18172.59277300036
381,3279,133.36536299902946,5000,True,18172.59277300036
387,3280,138.9805460057687,5000,True,18172.59277300036
386,3281,140.1666129968362,5000,True,18172.59277300036
387,3282,141.55199900415028,5000,True,18172.59277300036
375,3283,141.78785800322657,5000,True,18172.59277300036
399,3284,142.35290799842915,5000,True,18172.59277300036
372,3285,147.48714299639687,5000,True,18172.59277300036
385,3286,147.87075099593494,5000,True,18172.59277300036
371,3287,140.05226000153925,5000,True,18172.59277300036
383,3288,140.34784999967087,5000,True,18172.59277300036
380,3289,140.23873199766967,5000,True,18172.59277300036
372,3290,141.62806700187502,5000,True,18172.59277300036
387,3291,148.0167540066759,5000,True,18172.59277300036
391,3292,147.57882300182246,5000,True,18172.59277300036
380,3293,147.727178002242,5000,True,18172.59277300036
386,3294,148.27901299577206,5000,True,18172.59277300036
377,3295,147.4249660022906,5000,True,18172.59277300036
392,3296,153.0014520030818,5000,True,18172.59277300036
393,3297,152.8614760027267,5000,True,18172.59277300036
386,3298,148.79394200397655,5000,True,18172.59277300036
387,3299,147.28219799872022,5000,True,18172.59277300036
383,3300,147.65043200168293,5000,True,18172.59277300036
379,3301,146.89637799892807,5000,True,18172.59277300036
371,3302,147.36875000380678,5000,True,18172.59277300036
379,3303,146.3391369979945,5000,True,18172.59277300036
378,3304,144.86583500547567,5000,True,18172.59277300036
383,3305,146.77361900248798,5000,True,18172.59277300036
399,3306,144.8714300058782,5000,True,18172.59277300036
392,3308,143.552303998149,5000,True,18172.59277300036
384,3307,148.57276099792216,5000,True,18172.59277300036
394,3309,148.55155899567762,5000,True,18172.59277300036
384,3310,148.88582200364908,5000,True,18172.59277300036
392,3311,148.95526300097117,5000,True,18172.59277300036
373,3312,149.30540099885548,5000,True,18172.59277300036
371,3313,149.48590399581008,5000,True,18172.59277300036
382,3314,149.70726899628062,5000,True,18172.59277300036
380,3315,150.29023000533925,5000,True,18172.59277300036
389,3316,150.26586299791234,5000,True,18172.59277300036
370,3317,150.38300900050672,5000,True,18172.59277300036
378,3318,152.8309859932051,5000,True,18172.59277300036
386,3319,150.81379000184825,5000,True,18172.59277300036
390,3320,149.8794020008063,5000,True,18172.59277300036
386,3321,150.2752890010015,5000,True,18172.59277300036
383,3322,152.82594900054391,5000,True,18172.59277300036
382,3323,159.4130229932489,5000,True,18172.59277300036
403,3324,159.9924350011861,5000,True,18172.59277300036
398,3325,159.3213630039827,5000,True,18172.59277300036
392,3326,162.49632499966538,5000,True,18172.59277300036
387,3327,160.9007980005117,5000,True,18172.59277300036
381,3328,160.08030800003326,5000,True,18172.59277300036
378,3329,158.03889100061497,5000,True,18172.59277300036
379,3330,156.51226999762002,5000,True,18172.59277300036
371,3331,156.09775800112402,5000,True,18172.59277300036
388,3332,155.748136996408,5000,True,18172.59277300036
384,3333,153.48085000005085,5000,True,18172.59277300036
393,3334,154.44742600084282,5000,True,18172.59277300036
374,3335,151.4196199932485,5000,True,18172.59277300036
380,3336,151.12655999837443,5000,True,18172.59277300036
387,3337,152.0466869988013,5000,True,18172.59277300036
398,3338,146.76500999485143,5000,True,18172.59277300036
391,3339,148.1486220000079,5000,True,18172.59277300036
376,3340,149.69405000010738,5000,True,18172.59277300036
384,3341,148.93314599612495,5000,True,18172.59277300036
371,3342,150.12748000299325,5000,True,18172.59277300036
379,3343,150.67858299880754,5000,True,18172.59277300036
389,3344,145.1678550001816,5000,True,18172.59277300036
392,3345,143.04421900305897,5000,True,18172.59277300036
394,3346,143.3248530011042,5000,True,18172.59277300036
392,3347,143.7336610033526,5000,True,18172.59277300036
382,3348,143.56514899554895,5000,True,18172.59277300036
377,3349,139.33816499775276,5000,True,18172.59277300036
388,3350,139.36927400209242,5000,True,18172.59277300036
383,3351,139.3904900032794,5000,True,18172.59277300036
384,3352,138.81977300479775,5000,True,18172.59277300036
374,3353,137.5642400016659,5000,True,18172.59277300036
384,3354,137.95827099966118,5000,True,18172.59277300036
397,3355,132.074733999616,5000,True,18172.59277300036
381,3356,132.77927900344366,5000,True,18172.59277300036
385,3357,132.5670549995266,5000,True,18172.59277300036
381,3358,143.14600200304994,5000,True,18172.59277300036
380,3359,143.25095600361237,5000,True,18172.59277300036
382,3360,137.37422400299693,5000,True,18172.59277300036
380,3361,136.54010499885771,5000,True,18172.59277300036
375,3362,136.51127799676033,5000,True,18172.59277300036
375,3363,137.29254699865123,5000,True,18172.59277300036
380,3364,137.20775800175034,5000,True,18172.59277300036
379,3365,137.24945199646754,5000,True,18172.59277300036
391,3366,136.73063299938804,5000,True,18172.59277300036
385,3367,136.3368559977971,5000,True,18172.59277300036
373,3368,145.71469100337708,5000,True,18172.59277300036
392,3369,144.23512199573452,5000,True,18172.59277300036
389,3370,144.92671000334667,5000,True,18172.59277300036
383,3371,144.02061199507443,5000,True,18172.59277300036
378,3372,142.46873099909863,5000,True,18172.59277300036
391,3373,142.10632799949963,5000,True,18172.59277300036
377,3374,147.9269839983317,5000,True,18172.59277300036
382,3375,147.66131800570292,5000,True,18172.59277300036
388,3376,147.9301619983744,5000,True,18172.59277300036
376,3377,147.6465610030573,5000,True,18172.59277300036
398,3378,148.05072900344385,5000,True,18172.59277300036
370,3379,147.24782099801814,5000,True,18172.59277300036
377,3380,147.8828879990033,5000,True,18172.59277300036
383,3381,147.78220399603015,5000,True,18172.59277300036
381,3382,150.43282899569022,5000,True,18172.59277300036
393,3383,149.4558060003328,5000,True,18172.59277300036
375,3384,147.54807200370124,5000,True,18172.59277300036
379,3385,146.33156199852237,5000,True,18172.59277300036
379,3386,145.54929100268055,5000,True,18172.59277300036
371,3387,138.56079100514762,5000,True,18172.59277300036
388,3388,138.36465700296685,5000,True,18172.59277300036
392,3389,148.2234930008417,5000,True,18172.59277300036
389,3390,145.0919229973806,5000,True,18172.59277300036
380,3391,145.98021500569303,5000,True,18172.59277300036
398,3392,144.99753599375254,5000,True,18172.59277300036
375,3393,146.20248600112973,5000,True,18172.59277300036
371,3394,154.32531000260497,5000,True,18172.59277300036
381,3395,155.2560860000085,5000,True,18172.59277300036
390,3396,155.36899399739923,5000,True,18172.59277300036
381,3397,157.0904359978158,5000,True,18172.59277300036
376,3398,158.00158000638476,5000,True,18172.59277300036
384,3399,158.22717199625913,5000,True,18172.59277300036
389,3400,158.7682669996866,5000,True,18172.59277300036
384,3401,166.3149909945787,5000,True,18172.59277300036
397,3402,166.049400002521,5000,True,18172.59277300036
389,3403,163.06804699706845,5000,True,18172.59277300036
380,3404,163.82676299690502,5000,True,18172.59277300036
380,3405,164.4191689993022,5000,True,18172.59277300036
382,3406,171.00665700127138,5000,True,18172.59277300036
381,3407,170.99059800239047,5000,True,18172.59277300036
386,3408,172.61509699892486,5000,True,18172.59277300036
376,3409,172.64046399941435,5000,True,18172.59277300036
372,3410,172.6639560001786,5000,True,18172.59277300036
371,3411,171.3617429995793,5000,True,18172.59277300036
371,3412,171.64312500244705,5000,True,18172.59277300036
388,3413,169.9174609966576,5000,True,18172.59277300036
392,3414,179.27239400160033,5000,True,18172.59277300036
387,3416,178.67241299973102,5000,True,18172.59277300036
385,3415,181.49989600351546,5000,True,18172.59277300036
370,3417,180.34253600490047,5000,True,18172.59277300036
386,3418,179.9521370048751,5000,True,18172.59277300036
380,3419,187.99308400048176,5000,True,18172.59277300036
387,3420,188.0184349938645,5000,True,18172.59277300036
379,3421,188.39326400484424,5000,True,18172.59277300036
370,3422,177.8215390004334,5000,True,18172.59277300036
393,3423,185.94519900216255,5000,True,18172.59277300036
392,3424,186.28087599790888,5000,True,18172.59277300036
381,3425,185.82685799628962,5000,True,18172.59277300036
383,3426,185.76532100269105,5000,True,18172.59277300036
384,3427,185.1987110057962,5000,True,18172.59277300036
372,3428,193.24059399514226,5000,True,18172.59277300036
396,3429,193.614002004324,5000,True,18172.59277300036
383,3430,192.96009100071387,5000,True,18172.59277300036
381,3431,193.76050200662576,5000,True,18172.59277300036
398,3432,184.63527200219687,5000,True,18172.59277300036
375,3433,184.9003969982732,5000,True,18172.59277300036
373,3434,185.31274399720132,5000,True,18172.59277300036
381,3435,185.23710400040727,5000,True,18172.59277300036
382,3436,185.26331199973356,5000,True,18172.59277300036
372,3437,178.8270460019703,5000,True,18172.59277300036
378,3438,186.309100005019,5000,True,18172.59277300036
392,3439,186.65231699560536,5000,True,18172.59277300036
387,3440,186.91569499787875,5000,True,18172.59277300036
397,3441,187.42033099988475,5000,True,18172.59277300036
389,3442,187.04260300000897,5000,True,18172.59277300036
388,3443,186.93958000221755,5000,True,18172.59277300036
373,3444,186.64659299975028,5000,True,18172.59277300036
383,3445,187.53996799932793,5000,True,18172.59277300036
394,3446,186.9023500039475,5000,True,18172.59277300036
392,3447,188.4117670051637,5000,True,18172.59277300036
382,3448,187.89252900023712,5000,True,18172.59277300036
373,3449,190.21173199871555,5000,True,18172.59277300036
390,3450,188.65794999874197,5000,True,18172.59277300036
390,3451,189.50223400315735,5000,True,18172.59277300036
379,3452,189.1535630056751,5000,True,18172.59277300036
383,3454,178.52003299776698,5000,True,18172.59277300036
379,3453,188.43826100055594,5000,True,18172.59277300036
377,3456,185.13445799908368,5000,True,18172.59277300036
381,3455,189.33453500358155,5000,True,18172.59277300036
385,3457,178.95810599293327,5000,True,18172.59277300036
394,3458,179.75247999856947,5000,True,18172.59277300036
375,3459,178.9472200034652,5000,True,18172.59277300036
373,3460,189.04608299635584,5000,True,18172.59277300036
375,3461,187.65305399574572,5000,True,18172.59277300036
391,3462,187.34500799473608,5000,True,18172.59277300036
387,3463,187.3167759986245,5000,True,18172.59277300036
403,3464,187.7118719930877,5000,True,18172.59277300036
387,3465,179.75355299859075,5000,True,18172.59277300036
398,3466,180.7229269979871,5000,True,18172.59277300036
373,3467,180.38501399860252,5000,True,18172.59277300036
382,3468,180.56380900088698,5000,True,18172.59277300036
377,3469,188.09591500030365,5000,True,18172.59277300036
373,3470,180.36160900373943,5000,True,18172.59277300036
388,3471,180.48197600001004,5000,True,18172.59277300036
391,3472,179.82534600014333,5000,True,18172.59277300036
397,3473,179.83370699948864,5000,True,18172.59277300036
390,3474,179.08679600077448,5000,True,18172.59277300036
377,3475,179.76615900261095,5000,True,18172.59277300036
381,3476,179.5389500039164,5000,True,18172.59277300036
394,3477,179.20049600070342,5000,True,18172.59277300036
389,3478,169.2345839983318,5000,True,18172.59277300036
381,3479,177.66562400356634,5000,True,18172.59277300036
397,3480,176.54380299791228,5000,True,18172.59277300036
384,3481,177.2469980060123,5000,True,18172.59277300036
382,3482,176.16393500065897,5000,True,18172.59277300036
402,3483,168.62630400282796,5000,True,18172.59277300036
382,3484,168.31666199868778,5000,True,18172.59277300036
384,3485,167.95256399927894,5000,True,18172.59277300036
399,3486,168.72377999970922,5000,True,18172.59277300036
375,3487,160.11226500268094,5000,True,18172.59277300036
383,3488,167.89002400037134,5000,True,18172.59277300036
373,3489,166.87513299984857,5000,True,18172.59277300036
383,3490,167.94489499443443,5000,True,18172.59277300036
390,3491,168.1844539998565,5000,True,18172.59277300036
382,3492,159.19668599963188,5000,True,18172.59277300036
396,3493,169.22838900063653,5000,True,18172.59277300036
377,3494,169.20424999989336,5000,True,18172.59277300036
386,3495,167.8869660026976,5000,True,18172.59277300036
403,3496,168.80882399709662,5000,True,18172.59277300036
390,3497,167.93227400194155,5000,True,18172.59277300036
395,3498,167.89120199973695,5000,True,18172.59277300036
392,3499,167.58939400460804,5000,True,18172.59277300036
384,3500,167.899195002974,5000,True,18172.59277300036
392,3501,166.64158599451184,5000,True,18172.59277300036
371,3502,158.869232996949,5000,True,18172.59277300036
371,3503,167.91341500356793,5000,True,18172.59277300036
373,3504,166.402950999327,5000,True,18172.59277300036
381,3505,167.7384139984497,5000,True,18172.59277300036
383,3506,167.5222269986989,5000,True,18172.59277300036
382,3507,170.0797310040798,5000,True,18172.59277300036
394,3508,173.53400400315877,5000,True,18172.59277300036
377,3509,173.08782499458175,5000,True,18172.59277300036
372,3510,166.8916610069573,5000,True,18172.59277300036
377,3511,166.10083999694325,5000,True,18172.59277300036
395,3512,167.1478290008963,5000,True,18172.59277300036
377,3513,165.85682699951576,5000,True,18172.59277300036
377,3514,166.7798060007044,5000,True,18172.59277300036
387,3515,168.60627099958947,5000,True,18172.59277300036
386,3516,169.61232099856716,5000,True,18172.59277300036
373,3517,170.5997059980291,5000,True,18172.59277300036
397,3518,162.79258800204843,5000,True,18172.59277300036
377,3519,163.42401600559242,5000,True,18172.59277300036
385,3520,162.4371220023022,5000,True,18172.59277300036
381,3521,161.39316000044346,5000,True,18172.59277300036
383,3522,161.76422799617285,5000,True,18172.59277300036
382,3523,169.28167900186963,5000,True,18172.59277300036
383,3524,158.04109899909236,5000,True,18172.59277300036
384,3525,158.6988730050507,5000,True,18172.59277300036
394,3526,157.88377399439923,5000,True,18172.59277300036
372,3527,158.36047699849587,5000,True,18172.59277300036
389,3528,156.99653099727584,5000,True,18172.59277300036
393,3529,157.01193600398256,5000,True,18172.59277300036
377,3530,156.69313500256976,5000,True,18172.59277300036
389,3531,157.2971019995748,5000,True,18172.59277300036
383,3532,156.95645000232616,5000,True,18172.59277300036
370,3533,155.4797399949166,5000,True,18172.59277300036
391,3534,154.30795900465455,5000,True,18172.59277300036
393,3535,153.60831300495192,5000,True,18172.59277300036
377,3536,153.53280199633446,5000,True,18172.59277300036
377,3537,153.74534299917286,5000,True,18172.59277300036
378,3538,153.90828100498766,5000,True,18172.59277300036
385,3539,153.73551600350766,5000,True,18172.59277300036
389,3541,152.11283700045897,5000,True,18172.59277300036
381,3540,154.16733999882126,5000,True,18172.59277300036
386,3542,163.20455700042658,5000,True,18172.59277300036
392,3543,154.7507110008155,5000,True,18172.59277300036
393,3544,154.7858459962299,5000,True,18172.59277300036
371,3545,154.34662099869456,5000,True,18172.59277300036
388,3546,155.81035600189352,5000,True,18172.59277300036
394,3547,155.61208199505927,5000,True,18172.59277300036
372,3548,155.28163300041342,5000,True,18172.59277300036
377,3549,155.14217199961422,5000,True,18172.59277300036
383,3550,155.0376140003209,5000,True,18172.59277300036
377,3551,155.45545000350103,5000,True,18172.59277300036
389,3552,150.57834400067804,5000,True,18172.59277300036
384,3553,153.45381700171856,5000,True,18172.59277300036
372,3554,152.93346300313715,5000,True,18172.59277300036
394,3555,153.07172299799277,5000,True,18172.59277300036
387,3556,154.04341099929297,5000,True,18172.59277300036
390,3558,153.16656600043643,5000,True,18172.59277300036
393,3557,154.55341699998826,5000,True,18172.59277300036
372,3559,154.28263500507455,5000,True,18172.59277300036
390,3560,154.07352399779484,5000,True,18172.59277300036
386,3561,154.2279610002879,5000,True,18172.59277300036
371,3562,154.8135499979253,5000,True,18172.59277300036
389,3563,154.90143100032583,5000,True,18172.59277300036
390,3564,153.77907299989602,5000,True,18172.59277300036
402,3565,154.87337499507703,5000,True,18172.59277300036
394,3566,162.50964899518294,5000,True,18172.59277300036
389,3567,153.1314659951022,5000,True,18172.59277300036
394,3568,153.733908002323,5000,True,18172.59277300036
393,3569,152.39632500015432,5000,True,18172.59277300036
373,3570,152.78260599734494,5000,True,18172.59277300036
384,3571,150.35823800280923,5000,True,18172.59277300036
373,3572,155.9514449982089,5000,True,18172.59277300036
391,3573,155.55717899405863,5000,True,18172.59277300036
377,3574,153.8527249940671,5000,True,18172.59277300036
386,3575,153.92458099813666,5000,True,18172.59277300036
399,3576,153.35860999766737,5000,True,18172.59277300036
398,3577,152.65209799690638,5000,True,18172.59277300036
394,3578,151.67301100154873,5000,True,18172.59277300036
375,3579,149.99876399815548,5000,True,18172.59277300036
373,3580,149.46418900217395,5000,True,18172.59277300036
389,3581,157.77595099643804,5000,True,18172.59277300036
392,3582,159.4167369985371,5000,True,18172.59277300036
381,3583,159.46230099507375,5000,True,18172.59277300036
380,3584,159.673220005061,5000,True,18172.59277300036
383,3585,167.21203199995216,5000,True,18172.59277300036
391,3586,166.51504699984798,5000,True,18172.59277300036
375,3587,158.8551520035253,5000,True,18172.59277300036
375,3588,161.15333999914583,5000,True,18172.59277300036
379,3589,161.9030619986006,5000,True,18172.59277300036
372,3590,162.36670999933267,5000,True,18172.59277300036
396,3591,162.74374299973715,5000,True,18172.59277300036
378,3592,170.6099750008434,5000,True,18172.59277300036
380,3593,170.38659299578285,5000,True,18172.59277300036
375,3594,170.30041600082768,5000,True,18172.59277300036
369,3595,169.0604359973804,5000,True,18172.59277300036
383,3596,168.8212909939466,5000,True,18172.59277300036
375,3597,163.39775799860945,5000,True,18172.59277300036
392,3598,164.54419500223594,5000,True,18172.59277300036
385,3599,165.19007100578165,5000,True,18172.59277300036
388,3600,172.77238999668043,5000,True,18172.59277300036
374,3601,172.2156609976082,5000,True,18172.59277300036
372,3602,172.9350899986457,5000,True,18172.59277300036
396,3603,172.9158309972263,5000,True,18172.59277300036
377,3604,174.17710599693237,5000,True,18172.59277300036
380,3605,174.8330660047941,5000,True,18172.59277300036
380,3606,165.75885500060394,5000,True,18172.59277300036
396,3607,166.96769400004996,5000,True,18172.59277300036
397,3608,175.82318499626126,5000,True,18172.59277300036
381,3609,175.6500550036435,5000,True,18172.59277300036
384,3610,174.75879199628253,5000,True,18172.59277300036
393,3611,174.864560001879,5000,True,18172.59277300036
389,3612,175.14901899994584,5000,True,18172.59277300036
392,3613,183.23371800215682,5000,True,18172.59277300036
393,3615,182.09389699768508,5000,True,18172.59277300036
370,3614,185.44987100176513,5000,True,18172.59277300036
376,3616,181.52528899372555,5000,True,18172.59277300036
388,3617,179.76429300324526,5000,True,18172.59277300036
381,3618,179.91380599414697,5000,True,18172.59277300036
387,3619,179.8242630029563,5000,True,18172.59277300036
376,3620,179.71087399928365,5000,True,18172.59277300036
378,3622,177.26654700527433,5000,True,18172.59277300036
377,3621,179.82128899893723,5000,True,18172.59277300036
375,3623,179.07848899631063,5000,True,18172.59277300036
388,3624,178.94289000105346,5000,True,18172.59277300036
390,3625,180.19292799726827,5000,True,18172.59277300036
376,3626,179.29494899726706,5000,True,18172.59277300036
396,3627,180.94389099860564,5000,True,18172.59277300036
376,3628,189.79183800547617,5000,True,18172.59277300036
391,3629,189.97046000004048,5000,True,18172.59277300036
376,3630,182.80643899925053,5000,True,18172.59277300036
389,3631,182.6076910001575,5000,True,18172.59277300036
376,3632,183.11505200108513,5000,True,18172.59277300036
387,3633,183.16315399715677,5000,True,18172.59277300036
388,3634,182.49452799500432,5000,True,18172.59277300036
383,3635,181.8183669965947,5000,True,18172.59277300036
388,3636,172.7625130006345,5000,True,18172.59277300036
382,3637,173.82543300482212,5000,True,18172.59277300036
389,3640,171.66271199675975,5000,True,18172.59277300036
397,3639,175.64182099886239,5000,True,18172.59277300036
381,3638,181.3752050002222,5000,True,18172.59277300036
371,3641,178.67782100074692,5000,True,18172.59277300036
388,3644,175.80719599936856,5000,True,18172.59277300036
374,3643,180.34165199787822,5000,True,18172.59277300036
382,3642,192.84984799742233,5000,True,18172.59277300036
401,3645,178.49564899370307,5000,True,18172.59277300036
398,3646,178.6849659984,5000,True,18172.59277300036
372,3647,178.36382800305728,5000,True,18172.59277300036
377,3648,177.92007100069895,5000,True,18172.59277300036
390,3649,177.422957996896,5000,True,18172.59277300036
377,3650,178.0649199936306,5000,True,18172.59277300036
380,3651,178.4981609962415,5000,True,18172.59277300036
380,3652,176.86219399911352,5000,True,18172.59277300036
386,3653,176.88546100544045,5000,True,18172.59277300036
393,3654,176.29168800340267,5000,True,18172.59277300036
384,3655,175.77379100112012,5000,True,18172.59277300036
372,3656,168.49943099805387,5000,True,18172.59277300036
385,3657,168.34408399881795,5000,True,18172.59277300036
380,3658,168.69458900328027,5000,True,18172.59277300036
386,3659,169.49354999815114,5000,True,18172.59277300036
381,3660,175.02720100310398,5000,True,18172.59277300036
387,3661,174.87771499872906,5000,True,18172.59277300036
381,3662,174.98607999732485,5000,True,18172.59277300036
370,3663,175.8544330004952,5000,True,18172.59277300036
386,3664,166.77598099340685,5000,True,18172.59277300036
396,3665,168.09037700295448,5000,True,18172.59277300036
386,3666,168.07900900312234,5000,True,18172.59277300036
375,3667,174.5014859989169,5000,True,18172.59277300036
398,3668,174.94909900415223,5000,True,18172.59277300036
383,3669,175.11892000038642,5000,True,18172.59277300036
390,3670,174.743290997867,5000,True,18172.59277300036
391,3671,174.88051400141558,5000,True,18172.59277300036
370,3672,167.07229500025278,5000,True,18172.59277300036
384,3673,177.687026996864,5000,True,18172.59277300036
402,3674,177.33026600035373,5000,True,18172.59277300036
375,3675,178.10682399431244,5000,True,18172.59277300036
383,3676,177.8839100006735,5000,True,18172.59277300036
393,3677,170.22863400052302,5000,True,18172.59277300036
382,3678,170.33298199385172,5000,True,18172.59277300036
396,3679,178.0915140043362,5000,True,18172.59277300036
379,3680,177.5934059987776,5000,True,18172.59277300036
378,3681,177.80768100055866,5000,True,18172.59277300036
393,3682,177.37546800344717,5000,True,18172.59277300036
379,3683,178.0836240068311,5000,True,18172.59277300036
374,3684,177.7131909984746,5000,True,18172.59277300036
384,3685,171.30883000208996,5000,True,18172.59277300036
393,3686,170.97739999735495,5000,True,18172.59277300036
371,3687,179.61743200430647,5000,True,18172.59277300036
376,3688,179.6804149998934,5000,True,18172.59277300036
386,3689,178.2971139982692,5000,True,18172.59277300036
384,3690,181.35903299844358,5000,True,18172.59277300036
381,3691,181.12132900569122,5000,True,18172.59277300036
383,3692,175.28865500207758,5000,True,18172.59277300036
387,3693,175.35371000121813,5000,True,18172.59277300036
383,3694,175.75520000536926,5000,True,18172.59277300036
402,3695,176.6969309974229,5000,True,18172.59277300036
385,3696,176.95204499614192,5000,True,18172.59277300036
385,3697,185.09826000081375,5000,True,18172.59277300036
374,3698,185.21511400467716,5000,True,18172.59277300036
385,3699,186.21790599718224,5000,True,18172.59277300036
385,3700,185.96958800480934,5000,True,18172.59277300036
377,3701,186.56058399938047,5000,True,18172.59277300036
389,3702,186.46474200068042,5000,True,18172.59277300036
377,3703,186.0885159985628,5000,True,18172.59277300036
378,3704,183.83706599706784,5000,True,18172.59277300036
377,3705,184.0908039957867,5000,True,18172.59277300036
392,3706,184.91697500576265,5000,True,18172.59277300036
383,3707,184.31414799852064,5000,True,18172.59277300036
393,3708,176.15670899976976,5000,True,18172.59277300036
391,3709,176.10335700010182,5000,True,18172.59277300036
391,3710,175.53666199819418,5000,True,18172.59277300036
382,3712,174.0684819960734,5000,True,18172.59277300036
372,3711,185.46979999518953,5000,True,18172.59277300036
377,3713,177.10577200341504,5000,True,18172.59277300036
397,3714,177.08217399922432,5000,True,18172.59277300036
389,3715,177.78791399905458,5000,True,18172.59277300036
385,3716,177.82062200421933,5000,True,18172.59277300036
381,3717,177.6724759984063,5000,True,18172.59277300036
394,3718,177.92711899528513,5000,True,18172.59277300036
380,3719,178.45867600408383,5000,True,18172.59277300036
376,3720,178.55098799918778,5000,True,18172.59277300036
375,3721,179.66131900175242,5000,True,18172.59277300036
386,3722,181.1506809972343,5000,True,18172.59277300036
393,3723,181.14038099884056,5000,True,18172.59277300036
378,3724,176.03149200294865,5000,True,18172.59277300036
392,3725,174.8363509977935,5000,True,18172.59277300036
373,3726,175.4758969982504,5000,True,18172.59277300036
382,3727,174.74085099820513,5000,True,18172.59277300036
387,3728,175.0182300020242,5000,True,18172.59277300036
392,3729,174.6846679961891,5000,True,18172.59277300036
389,3730,167.44516699691303,5000,True,18172.59277300036
375,3731,175.82976600533584,5000,True,18172.59277300036
380,3732,174.74904599657748,5000,True,18172.59277300036
393,3733,174.6713889951934,5000,True,18172.59277300036
382,3734,210.93651100090938,5000,True,18172.59277300036
402,3735,210.6068619978032,5000,True,18172.59277300036
379,3736,211.1330089974217,5000,True,18172.59277300036
371,3737,200.42043900321005,5000,True,18172.59277300036
383,3738,202.5628319970565,5000,True,18172.59277300036
379,3739,201.81680400128243,5000,True,18172.59277300036
399,3740,210.6392460045754,5000,True,18172.59277300036
381,3741,211.21217399922898,5000,True,18172.59277300036
394,3742,211.13792999676662,5000,True,18172.59277300036
390,3743,203.42793299641926,5000,True,18172.59277300036
383,3744,204.50707500276621,5000,True,18172.59277300036
376,3745,211.6511249987525,5000,True,18172.59277300036
372,3746,211.79698200285202,5000,True,18172.59277300036
398,3747,211.15720800298732,5000,True,18172.59277300036
383,3748,212.23456600273494,5000,True,18172.59277300036
377,3749,212.35015399724944,5000,True,18172.59277300036
388,3750,210.73041199997533,5000,True,18172.59277300036
393,3752,208.31331899535144,5000,True,18172.59277300036
393,3751,212.18649599904893,5000,True,18172.59277300036
376,3753,211.13421700283652,5000,True,18172.59277300036
377,3754,206.76049599569524,5000,True,18172.59277300036
392,3755,206.06897000106983,5000,True,18172.59277300036
388,3756,201.590242999373,5000,True,18172.59277300036
383,3757,202.17182399937883,5000,True,18172.59277300036
382,3758,202.13934400089784,5000,True,18172.59277300036
376,3759,209.33412400336238,5000,True,18172.59277300036
388,3760,207.794975998695,5000,True,18172.59277300036
389,3761,201.56342999689514,5000,True,18172.59277300036
397,3762,202.28784199571237,5000,True,18172.59277300036
385,3763,202.04323299549287,5000,True,18172.59277300036
394,3764,202.1299469997757,5000,True,18172.59277300036
381,3765,210.79923599609174,5000,True,18172.59277300036
379,3766,211.0831350000808,5000,True,18172.59277300036
382,3767,211.17188099742634,5000,True,18172.59277300036
390,3768,211.41815499868244,5000,True,18172.59277300036
387,3769,218.49102600390324,5000,True,18172.59277300036
389,3770,218.15825999510707,5000,True,18172.59277300036
372,3771,217.6996100024553,5000,True,18172.59277300036
378,3772,217.21640000032494,5000,True,18172.59277300036
377,3773,216.9829300037236,5000,True,18172.59277300036
379,3774,217.72088800207712,5000,True,18172.59277300036
375,3775,217.47520100325346,5000,True,18172.59277300036
372,3777,207.6407350032241,5000,True,18172.59277300036
389,3776,210.98855799937155,5000,True,18172.59277300036
389,3778,211.44476599874906,5000,True,18172.59277300036
377,3779,210.39816799748223,5000,True,18172.59277300036
381,3780,210.81464699818753,5000,True,18172.59277300036
390,3781,210.50966100301594,5000,True,18172.59277300036
391,3782,210.30713399522938,5000,True,18172.59277300036
391,3783,210.64605200081132,5000,True,18172.59277300036
391,3784,219.86562000529375,5000,True,18172.59277300036
392,3785,220.02685500046937,5000,True,18172.59277300036
393,3786,218.62664799846243,5000,True,18172.59277300036
386,3787,228.10606699931668,5000,True,18172.59277300036
377,3788,227.83404299843824,5000,True,18172.59277300036
393,3789,229.4526709956699,5000,True,18172.59277300036
385,3790,228.64721299993107,5000,True,18172.59277300036
389,3791,229.88097399502294,5000,True,18172.59277300036
378,3792,229.7016189986607,5000,True,18172.59277300036
381,3793,237.9166129976511,5000,True,18172.59277300036
388,3794,236.87298799632117,5000,True,18172.59277300036
379,3795,339.07351899688365,5000,True,18172.59277300036
382,3796,339.24571200623177,5000,True,18172.59277300036
377,3797,339.5836689960561,5000,True,18172.59277300036
380,3798,303.0694560002303,5000,True,18172.59277300036
375,3799,303.3931479949388,5000,True,18172.59277300036
403,3800,310.27535499742953,5000,True,18172.59277300036
390,3801,311.02503999863984,5000,True,18172.59277300036
379,3802,309.05209200136596,5000,True,18172.59277300036
385,3803,309.48919000366004,5000,True,18172.59277300036
390,3804,307.7625980004086,5000,True,18172.59277300036
382,3805,307.93614700087346,5000,True,18172.59277300036
389,3806,308.43764200108126,5000,True,18172.59277300036
375,3807,307.3373920051381,5000,True,18172.59277300036
390,3808,315.69719400431495,5000,True,18172.59277300036
394,3809,306.98528199718567,5000,True,18172.59277300036
383,3810,306.98098800348816,5000,True,18172.59277300036
381,3811,308.23432900069747,5000,True,18172.59277300036
386,3812,306.5658000050462,5000,True,18172.59277300036
381,3813,313.60426700121025,5000,True,18172.59277300036
378,3814,308.0735269977595,5000,True,18172.59277300036
377,3815,310.7819040014874,5000,True,18172.59277300036
386,3816,310.4123160010204,5000,True,18172.59277300036
380,3817,311.2539680005284,5000,True,18172.59277300036
382,3818,320.0486860005185,5000,True,18172.59277300036
392,3819,320.8685619974858,5000,True,18172.59277300036
380,3820,321.1495770010515,5000,True,18172.59277300036
378,3821,322.26087599701714,5000,True,18172.59277300036
386,3822,330.09395499539096,5000,True,18172.59277300036
391,3823,322.6499949960271,5000,True,18172.59277300036
394,3824,323.30816699686693,5000,True,18172.59277300036
389,3825,331.078859999252,5000,True,18172.59277300036
374,3826,329.57176500349306,5000,True,18172.59277300036
387,3827,329.9583660045755,5000,True,18172.59277300036
385,3828,329.8427710033138,5000,True,18172.59277300036
381,3829,331.24096599931363,5000,True,18172.59277300036
403,3830,329.71560299483826,5000,True,18172.59277300036
380,3831,330.2156399950036,5000,True,18172.59277300036
395,3832,330.1329460009583,5000,True,18172.59277300036
381,3833,331.8241719971411,5000,True,18172.59277300036
394,3834,331.77458900172496,5000,True,18172.59277300036
382,3835,331.76888799789594,5000,True,18172.59277300036
389,3836,340.30660500138765,5000,True,18172.59277300036
386,3837,340.84310499747517,5000,True,18172.59277300036
383,3838,339.6094810013892,5000,True,18172.59277300036
392,3839,351.8351419988903,5000,True,18172.59277300036
384,3840,350.4588799987687,5000,True,18172.59277300036
390,3841,351.07643000083044,5000,True,18172.59277300036
369,3842,358.8684930000454,5000,True,18172.59277300036
385,3843,359.986179995758,5000,True,18172.59277300036
377,3844,360.021799999231,5000,True,18172.59277300036
382,3846,359.72280299756676,5000,True,18172.59277300036
382,3845,370.47626599814976,5000,True,18172.59277300036
379,3847,360.2622469989001,5000,True,18172.59277300036
371,3848,371.09961199894315,5000,True,18172.59277300036
380,3849,370.3007360018091,5000,True,18172.59277300036
386,3850,371.27202300325735,5000,True,18172.59277300036
371,3851,372.44108699815115,5000,True,18172.59277300036
391,3852,371.18796900176676,5000,True,18172.59277300036
376,3853,370.8500599968829,5000,True,18172.59277300036
384,3854,381.47686600132147,5000,True,18172.59277300036
389,3856,379.746567006805,5000,True,18172.59277300036
393,3855,382.5329610044719,5000,True,18172.59277300036
386,3858,379.8316120009986,5000,True,18172.59277300036
387,3857,382.9285969986813,5000,True,18172.59277300036
378,3859,272.16903399676085,5000,True,18172.59277300036
376,3860,274.55372599797556,5000,True,18172.59277300036
393,3861,274.47870500327554,5000,True,18172.59277300036
384,3862,283.142571002827,5000,True,18172.59277300036
370,3863,282.47448000183795,5000,True,18172.59277300036
377,3864,276.1282380015473,5000,True,18172.59277300036
387,3865,275.8185519996914,5000,True,18172.59277300036
388,3866,285.1973720025853,5000,True,18172.59277300036
385,3867,285.0091540021822,5000,True,18172.59277300036
384,3868,278.10182599932887,5000,True,18172.59277300036
395,3869,288.9764540013857,5000,True,18172.59277300036
376,3871,286.9827550021,5000,True,18172.59277300036
392,3870,289.85402599937515,5000,True,18172.59277300036
392,3872,288.3209620049456,5000,True,18172.59277300036
398,3874,288.7501820005127,5000,True,18172.59277300036
391,3873,292.05177199764876,5000,True,18172.59277300036
376,3875,299.4411179970484,5000,True,18172.59277300036
378,3876,299.92854799638735,5000,True,18172.59277300036
380,3877,293.29321100522066,5000,True,18172.59277300036
389,3878,291.73041899775853,5000,True,18172.59277300036
371,3879,299.0423320006812,5000,True,18172.59277300036
386,3880,298.29409200465307,5000,True,18172.59277300036
390,3881,296.983285996248,5000,True,18172.59277300036
386,3882,290.2425310021499,5000,True,18172.59277300036
386,3883,289.46113000711193,5000,True,18172.59277300036
385,3884,289.85662200284423,5000,True,18172.59277300036
386,3885,294.6947390009882,5000,True,18172.59277300036
381,3886,287.23300200363155,5000,True,18172.59277300036
391,3887,286.0932719995617,5000,True,18172.59277300036
389,3888,286.79459400154883,5000,True,18172.59277300036
387,3889,277.0049340033438,5000,True,18172.59277300036
376,3890,278.4287230024347,5000,True,18172.59277300036
392,3891,277.57671599829337,5000,True,18172.59277300036
388,3892,280.7636899960926,5000,True,18172.59277300036
390,3893,271.3641039954382,5000,True,18172.59277300036
392,3894,271.94963300280506,5000,True,18172.59277300036
391,3895,271.3037580033415,5000,True,18172.59277300036
393,3896,263.29058400006033,5000,True,18172.59277300036
374,3897,262.9018849984277,5000,True,18172.59277300036
371,3898,263.050014997134,5000,True,18172.59277300036
374,3899,263.2798080012435,5000,True,18172.59277300036
402,3900,255.59245200565783,5000,True,18172.59277300036
374,3901,256.4073620014824,5000,True,18172.59277300036
394,3902,257.390534003207,5000,True,18172.59277300036
397,3903,245.88773200230207,5000,True,18172.59277300036
380,3904,253.32875399908517,5000,True,18172.59277300036
370,3905,251.92400800005998,5000,True,18172.59277300036
389,3906,244.1623159975279,5000,True,18172.59277300036
371,3907,243.49676899873884,5000,True,18172.59277300036
385,3908,243.9525270019658,5000,True,18172.59277300036
388,3910,233.84512399934465,5000,True,18172.59277300036
376,3909,237.8269269975135,5000,True,18172.59277300036
381,3912,224.03665899764746,5000,True,18172.59277300036
370,3911,241.3002859975677,5000,True,18172.59277300036
382,3913,228.42158599814866,5000,True,18172.59277300036
383,3914,216.81709500262514,5000,True,18172.59277300036
393,3916,227.96801900403807,5000,True,18172.59277300036
385,3915,230.38397299387725,5000,True,18172.59277300036
369,3917,230.09503999492154,5000,True,18172.59277300036
388,3918,220.003454000107,5000,True,18172.59277300036
380,3919,220.16338099638233,5000,True,18172.59277300036
370,3920,225.3176039957907,5000,True,18172.59277300036
392,3921,216.59666600316996,5000,True,18172.59277300036
377,3922,217.2923690013704,5000,True,18172.59277300036
371,3923,216.91081799508538,5000,True,18172.59277300036
371,3924,224.45914000127232,5000,True,18172.59277300036
379,3925,223.76616499968804,5000,True,18172.59277300036
384,3926,214.71480800391873,5000,True,18172.59277300036
376,3927,215.46014700288652,5000,True,18172.59277300036
383,3928,215.51845399517333,5000,True,18172.59277300036
393,3929,216.41010000166716,5000,True,18172.59277300036
375,3930,216.24354600498918,5000,True,18172.59277300036
388,3931,216.22859199851518,5000,True,18172.59277300036
402,3932,207.0461290059029,5000,True,18172.59277300036
384,3933,208.9283519962919,5000,True,18172.59277300036
377,3934,212.06038600212196,5000,True,18172.59277300036
383,3935,211.38629499910166,5000,True,18172.59277300036
393,3936,204.39862099738093,5000,True,18172.59277300036
380,3937,202.93362100346712,5000,True,18172.59277300036
397,3938,203.55991699761944,5000,True,18172.59277300036
379,3939,192.69078299839748,5000,True,18172.59277300036
376,3940,194.08187700173585,5000,True,18172.59277300036
380,3941,195.3230990038719,5000,True,18172.59277300036
391,3942,199.1797700029565,5000,True,18172.59277300036
388,3943,190.98834200121928,5000,True,18172.59277300036
382,3944,193.48037100280635,5000,True,18172.59277300036
387,3945,194.47052000032272,5000,True,18172.59277300036
392,3946,194.06087400420802,5000,True,18172.59277300036
398,3948,195.02654600364622,5000,True,18172.59277300036
386,3947,199.26778299850412,5000,True,18172.59277300036
381,3949,193.6594079961651,5000,True,18172.59277300036
382,3950,194.59209399792599,5000,True,18172.59277300036
381,3951,195.18869500461733,5000,True,18172.59277300036
382,3952,193.83290899713757,5000,True,18172.59277300036
402,3953,200.4138629999943,5000,True,18172.59277300036
395,3954,200.92748900060542,5000,True,18172.59277300036
398,3955,201.7276420010603,5000,True,18172.59277300036
377,3956,199.3078460000106,5000,True,18172.59277300036
376,3957,198.1893289994332,5000,True,18172.59277300036
393,3958,199.084464002226,5000,True,18172.59277300036
392,3959,198.86474899976747,5000,True,18172.59277300036
395,3960,200.50635599909583,5000,True,18172.59277300036
381,3961,201.3875930060749,5000,True,18172.59277300036
377,3962,201.49459500680678,5000,True,18172.59277300036
390,3963,201.6452859970741,5000,True,18172.59277300036
399,3964,202.49379300366854,5000,True,18172.59277300036
375,3965,205.62235100078396,5000,True,18172.59277300036
388,3966,206.2502940025297,5000,True,18172.59277300036
398,3967,206.17572699848097,5000,True,18172.59277300036
374,3968,200.3517550037941,5000,True,18172.59277300036
382,3969,200.91039899853058,5000,True,18172.59277300036
399,3970,199.82459799939534,5000,True,18172.59277300036
393,3971,201.2121500010835,5000,True,18172.59277300036
387,3972,201.55602299928432,5000,True,18172.59277300036
376,3973,201.18488399748458,5000,True,18172.59277300036
390,3974,200.24186999944504,5000,True,18172.59277300036
388,3975,196.35229100094875,5000,True,18172.59277300036
385,3976,197.91097399865976,5000,True,18172.59277300036
381,3977,196.69545799843036,5000,True,18172.59277300036
394,3978,198.64366900583263,5000,True,18172.59277300036
377,3979,186.47584799327888,5000,True,18172.59277300036
390,3980,187.85990399919683,5000,True,18172.59277300036
380,3981,187.75301699497504,5000,True,18172.59277300036
390,3982,188.33206500130473,5000,True,18172.59277300036
377,3983,186.44424200465437,5000,True,18172.59277300036
390,3984,183.31587400462013,5000,True,18172.59277300036
377,3985,184.25612500141142,5000,True,18172.59277300036
382,3986,184.370883005613,5000,True,18172.59277300036
402,3987,184.5740169956116,5000,True,18172.59277300036
386,3988,175.2971579990117,5000,True,18172.59277300036
380,3989,175.42098100238945,5000,True,18172.59277300036
378,3990,175.5027120016166,5000,True,18172.59277300036
377,3991,176.4482840007986,5000,True,18172.59277300036
382,3992,175.67387499730103,5000,True,18172.59277300036
380,3993,175.64263100211974,5000,True,18172.59277300036
384,3994,166.30380399874412,5000,True,18172.59277300036
373,3995,166.23110900400206,5000,True,18172.59277300036
377,3996,165.08821699972032,5000,True,18172.59277300036
377,3997,161.4575240018894,5000,True,18172.59277300036
372,3998,158.09658099897206,5000,True,18172.59277300036
373,3999,158.78866700222716,5000,True,18172.59277300036
395,4000,157.44817999802763,5000,True,18172.59277300036
386,4001,158.38912099570734,5000,True,18172.59277300036
372,4002,158.52931599511066,5000,True,18172.59277300036
379,4003,159.58205099741463,5000,True,18172.59277300036
387,4004,157.29219800414285,5000,True,18172.59277300036
394,4005,156.3594600011129,5000,True,18172.59277300036
394,4006,153.44480000203475,5000,True,18172.59277300036
383,4007,152.61945899692364,5000,True,18172.59277300036
385,4009,148.58315799938282,5000,True,18172.59277300036
376,4008,151.77646499796538,5000,True,18172.59277300036
395,4010,149.33222000399837,5000,True,18172.59277300036
377,4011,148.57459499762626,5000,True,18172.59277300036
371,4012,148.37875300145242,5000,True,18172.59277300036
385,4013,146.49566799926106,5000,True,18172.59277300036
388,4014,145.12951300275745,5000,True,18172.59277300036
380,4015,145.53842599707423,5000,True,18172.59277300036
398,4016,145.89075600088108,5000,True,18172.59277300036
386,4017,139.53664799919352,5000,True,18172.59277300036
373,4018,137.7202980002039,5000,True,18172.59277300036
378,4019,137.30802700592903,5000,True,18172.59277300036
382,4020,137.1278309961781,5000,True,18172.59277300036
384,4021,140.77846400323324,5000,True,18172.59277300036
392,4022,140.35233699542005,5000,True,18172.59277300036
376,4023,138.60523100447608,5000,True,18172.59277300036
373,4024,139.30446800077334,5000,True,18172.59277300036
381,4025,138.0479209983605,5000,True,18172.59277300036
385,4026,137.8923410011339,5000,True,18172.59277300036
389,4027,138.67746299365535,5000,True,18172.59277300036
376,4028,135.80959599494236,5000,True,18172.59277300036
393,4029,131.00117800058797,5000,True,18172.59277300036
381,4030,131.52859399997396,5000,True,18172.59277300036
393,4031,131.41222900594585,5000,True,18172.59277300036
392,4032,130.88871899526566,5000,True,18172.59277300036
377,4033,131.02315500145778,5000,True,18172.59277300036
393,4034,130.14647900126874,5000,True,18172.59277300036
387,4036,127.12306199682644,5000,True,18172.59277300036
385,4037,126.79868899431312,5000,True,18172.59277300036
382,4035,131.80515400017612,5000,True,18172.59277300036
381,4038,127.41579899739008,5000,True,18172.59277300036
385,4039,127.03778099967167,5000,True,18172.59277300036
385,4040,126.06613100069808,5000,True,18172.59277300036
388,4041,126.7320579936495,5000,True,18172.59277300036
376,4042,125.88577200222062,5000,True,18172.59277300036
379,4043,126.43029799801297,5000,True,18172.59277300036
388,4044,124.87545399926603,5000,True,18172.59277300036
381,4045,124.83873400196899,5000,True,18172.59277300036
392,4046,125.13841700274497,5000,True,18172.59277300036
387,4047,125.52499499724945,5000,True,18172.59277300036
374,4048,124.16685200150823,5000,True,18172.59277300036
382,4049,123.69282999861753,5000,True,18172.59277300036
387,4050,123.74597499729134,5000,True,18172.59277300036
380,4051,125.91154699475737,5000,True,18172.59277300036
381,4052,126.92748800327536,5000,True,18172.59277300036
376,4053,127.21655500354245,5000,True,18172.59277300036
386,4054,126.82406400563195,5000,True,18172.59277300036
376,4055,125.66045499988832,5000,True,18172.59277300036
378,4056,126.32779600244248,5000,True,18172.59277300036
381,4057,124.77997400128515,5000,True,18172.59277300036
380,4058,125.19513699953677,5000,True,18172.59277300036
388,4059,125.1449519986636,5000,True,18172.59277300036
395,4060,125.98841699946206,5000,True,18172.59277300036
393,4061,126.7456330024288,5000,True,18172.59277300036
394,4062,126.7206670017913,5000,True,18172.59277300036
382,4063,127.636960001837,5000,True,18172.59277300036
393,4064,126.53931300155818,5000,True,18172.59277300036
397,4065,126.72284799918998,5000,True,18172.59277300036
391,4066,125.13414899876807,5000,True,18172.59277300036
377,4067,124.73690099432133,5000,True,18172.59277300036
389,4068,125.14802999794483,5000,True,18172.59277300036
398,4069,124.13289400137728,5000,True,18172.59277300036
376,4070,123.76729399693431,5000,True,18172.59277300036
381,4071,124.55718999990495,5000,True,18172.59277300036
385,4072,125.06710099842167,5000,True,18172.59277300036
394,4073,125.24119100271491,5000,True,18172.59277300036
372,4074,124.80588299513329,5000,True,18172.59277300036
387,4075,123.72195899661165,5000,True,18172.59277300036
390,4076,123.04813499940792,5000,True,18172.59277300036
383,4077,122.91741400258616,5000,True,18172.59277300036
372,4078,123.21867299760925,5000,True,18172.59277300036
385,4079,121.9412589998683,5000,True,18172.59277300036
371,4080,122.37714699585922,5000,True,18172.59277300036
390,4081,121.71738300094148,5000,True,18172.59277300036
389,4082,123.96147599793039,5000,True,18172.59277300036
397,4083,125.24716000189073,5000,True,18172.59277300036
377,4084,125.46397299593082,5000,True,18172.59277300036
394,4085,122.29178300185595,5000,True,18172.59277300036
389,4086,121.79855000431417,5000,True,18172.59277300036
382,4087,122.51553300302476,5000,True,18172.59277300036
386,4088,121.73514099413296,5000,True,18172.59277300036
379,4089,121.51154800085351,5000,True,18172.59277300036
385,4090,121.56932999641867,5000,True,18172.59277300036
382,4091,120.9375159960473,5000,True,18172.59277300036
371,4092,121.12571300531272,5000,True,18172.59277300036
386,4093,122.18831499922089,5000,True,18172.59277300036
382,4094,122.69506800657837,5000,True,18172.59277300036
380,4095,122.51502599974629,5000,True,18172.59277300036
393,4096,122.4360530031845,5000,True,18172.59277300036
374,4097,121.6646250031772,5000,True,18172.59277300036
382,4098,122.57627399958437,5000,True,18172.59277300036
390,4099,121.333319999394,5000,True,18172.59277300036
376,4100,121.78411900094943,5000,True,18172.59277300036
377,4101,120.88616800610907,5000,True,18172.59277300036
381,4102,121.37065699789673,5000,True,18172.59277300036
378,4103,122.1904599951813,5000,True,18172.59277300036
377,4104,123.067729997274,5000,True,18172.59277300036
375,4105,124.02614399616141,5000,True,18172.59277300036
371,4106,123.02929499855964,5000,True,18172.59277300036
380,4107,122.604362994025,5000,True,18172.59277300036
385,4108,122.38310300017474,5000,True,18172.59277300036
387,4109,122.24963199696504,5000,True,18172.59277300036
372,4110,122.30862399883335,5000,True,18172.59277300036
380,4111,121.45667600270826,5000,True,18172.59277300036
375,4112,120.85454999760259,5000,True,18172.59277300036
387,4113,121.56271099956939,5000,True,18172.59277300036
376,4114,121.15996799548157,5000,True,18172.59277300036
379,4116,115.947555997991,5000,True,18172.59277300036
370,4115,120.14200900011929,5000,True,18172.59277300036
387,4117,117.26204700244125,5000,True,18172.59277300036
384,4118,116.9976620003581,5000,True,18172.59277300036
384,4119,117.31917600263841,5000,True,18172.59277300036
393,4120,117.17696700361557,5000,True,18172.59277300036
380,4121,117.80539000028512,5000,True,18172.59277300036
388,4122,118.22596899583004,5000,True,18172.59277300036
380,4123,118.83828199643176,5000,True,18172.59277300036
371,4124,118.36076800682349,5000,True,18172.59277300036
372,4125,118.62143700273009,5000,True,18172.59277300036
381,4126,118.26851099613123,5000,True,18172.59277300036
393,4127,117.63369900290854,5000,True,18172.59277300036
377,4128,117.96375399717363,5000,True,18172.59277300036
380,4129,117.97425699478481,5000,True,18172.59277300036
393,4130,118.19045900483616,5000,True,18172.59277300036
370,4131,117.63484100083588,5000,True,18172.59277300036
388,4132,117.56836399581516,5000,True,18172.59277300036
397,4133,117.81028999394039,5000,True,18172.59277300036
389,4134,117.59177500061924,5000,True,18172.59277300036
369,4135,116.11325899866642,5000,True,18172.59277300036
377,4136,116.11878699477529,5000,True,18172.59277300036
380,4137,116.04863299726276,5000,True,18172.59277300036
389,4138,116.19295400305418,5000,True,18172.59277300036
392,4139,115.99362700508209,5000,True,18172.59277300036
377,4140,116.7415330055519,5000,True,18172.59277300036
387,4141,116.43220099358587,5000,True,18172.59277300036
371,4142,117.1221849945141,5000,True,18172.59277300036
395,4143,117.0438560002367,5000,True,18172.59277300036
385,4144,116.8681050039595,5000,True,18172.59277300036
374,4145,116.99630000657635,5000,True,18172.59277300036
389,4146,115.3684559976682,5000,True,18172.59277300036
375,4147,114.07280899584293,5000,True,18172.59277300036
393,4148,114.02239200106123,5000,True,18172.59277300036
381,4149,113.67033299757168,5000,True,18172.59277300036
376,4150,113.4638029980124,5000,True,18172.59277300036
397,4151,112.58654300036142,5000,True,18172.59277300036
376,4152,112.1424839948304,5000,True,18172.59277300036
370,4153,116.13612300425302,5000,True,18172.59277300036
389,4154,115.06771899439627,5000,True,18172.59277300036
397,4155,115.0935930054402,5000,True,18172.59277300036
371,4156,113.98314899997786,5000,True,18172.59277300036
383,4157,113.66673900192836,5000,True,18172.59277300036
384,4158,112.41953999706311,5000,True,18172.59277300036
393,4159,112.5602170068305,5000,True,18172.59277300036
394,4160,112.27096500078915,5000,True,18172.59277300036
370,4161,112.62631900171982,5000,True,18172.59277300036
388,4162,111.86246500437846,5000,True,18172.59277300036
392,4163,111.74736899556592,5000,True,18172.59277300036
384,4164,111.84486099955393,5000,True,18172.59277300036
382,4165,112.49367899290519,5000,True,18172.59277300036
385,4166,112.62838100083172,5000,True,18172.59277300036
385,4167,110.69712400058052,5000,True,18172.59277300036
382,4168,111.24266799743054,5000,True,18172.59277300036
370,4169,109.96058900491334,5000,True,18172.59277300036
377,4170,109.86730999866268,5000,True,18172.59277300036
383,4171,109.68235000473214,5000,True,18172.59277300036
381,4172,108.98388700297801,5000,True,18172.59277300036
383,4173,109.61256799782859,5000,True,18172.59277300036
379,4174,108.2499629992526,5000,True,18172.59277300036
386,4176,107.46780399495037,5000,True,18172.59277300036
376,4175,110.6704659978277,5000,True,18172.59277300036
372,4177,107.70522700477159,5000,True,18172.59277300036
371,4178,107.64766200009035,5000,True,18172.59277300036
388,4179,108.3814160010661,5000,True,18172.59277300036
394,4180,108.17626200150698,5000,True,18172.59277300036
381,4181,108.09821599832503,5000,True,18172.59277300036
393,4182,108.40018499584403,5000,True,18172.59277300036
393,4183,107.99598199810134,5000,True,18172.59277300036
389,4184,107.76516600162722,5000,True,18172.59277300036
376,4185,108.25208199821645,5000,True,18172.59277300036
390,4186,107.8663950029295,5000,True,18172.59277300036
386,4187,106.23225600284059,5000,True,18172.59277300036
389,4188,106.18459800025448,5000,True,18172.59277300036
376,4189,105.17624099884415,5000,True,18172.59277300036
381,4190,104.92057700321311,5000,True,18172.59277300036
376,4191,105.38713399728294,5000,True,18172.59277300036
393,4192,104.7845490029431,5000,True,18172.59277300036
388,4193,104.81073499977356,5000,True,18172.59277300036
396,4194,104.7479420012678,5000,True,18172.59277300036
381,4195,105.82519300078275,5000,True,18172.59277300036
381,4196,105.76346800371539,5000,True,18172.59277300036
381,4197,105.37267399922712,5000,True,18172.59277300036
378,4198,105.83091900480213,5000,True,18172.59277300036
372,4199,106.19600099744275,5000,True,18172.59277300036
383,4200,105.8633210050175,5000,True,18172.59277300036
390,4201,106.21160299342591,5000,True,18172.59277300036
383,4202,105.94057600246742,5000,True,18172.59277300036
380,4203,106.73632899852237,5000,True,18172.59277300036
384,4204,107.14663199905772,5000,True,18172.59277300036
378,4205,107.13613400002941,5000,True,18172.59277300036
390,4206,106.45614899840439,5000,True,18172.59277300036
385,4207,106.99916000157828,5000,True,18172.59277300036
378,4208,106.95815699727973,5000,True,18172.59277300036
379,4209,107.24631699849851,5000,True,18172.59277300036
386,4210,109.85229699872434,5000,True,18172.59277300036
389,4211,109.5582820053096,5000,True,18172.59277300036
377,4212,109.38418000296224,5000,True,18172.59277300036
393,4213,108.637674995407,5000,True,18172.59277300036
389,4214,108.8823659956688,5000,True,18172.59277300036
389,4215,108.88338600489078,5000,True,18172.59277300036
382,4216,108.72906899749069,5000,True,18172.59277300036
380,4217,105.8473880038946,5000,True,18172.59277300036
384,4218,106.84166999999434,5000,True,18172.59277300036
376,4219,106.41911199491005,5000,True,18172.59277300036
372,4220,107.27446500095539,5000,True,18172.59277300036
380,4221,106.54286099452293,5000,True,18172.59277300036
392,4222,107.16065300221089,5000,True,18172.59277300036
383,4223,106.8872179967002,5000,True,18172.59277300036
393,4224,106.8168020065059,5000,True,18172.59277300036
383,4225,107.66519900062121,5000,True,18172.59277300036
377,4226,108.23280899785459,5000,True,18172.59277300036
389,4227,108.34703400178114,5000,True,18172.59277300036
393,4228,108.3400299976347,5000,True,18172.59277300036
385,4229,107.89867700077593,5000,True,18172.59277300036
382,4230,107.70829299872275,5000,True,18172.59277300036
378,4231,108.31288600456901,5000,True,18172.59277300036
376,4232,108.36137600563234,5000,True,18172.59277300036
393,4233,108.10779199528042,5000,True,18172.59277300036
389,4234,109.8395370063372,5000,True,18172.59277300036
398,4235,109.31003500445513,5000,True,18172.59277300036
386,4236,109.82210400106851,5000,True,18172.59277300036
375,4237,109.6738970009028,5000,True,18172.59277300036
382,4238,109.46137399878353,5000,True,18172.59277300036
390,4239,109.91727899818216,5000,True,18172.59277300036
390,4240,109.34899400308495,5000,True,18172.59277300036
376,4241,109.66090299916686,5000,True,18172.59277300036
371,4242,109.39566299930448,5000,True,18172.59277300036
391,4243,108.19313899992267,5000,True,18172.59277300036
395,4244,110.04509100166615,5000,True,18172.59277300036
380,4245,109.16851699585095,5000,True,18172.59277300036
394,4246,109.76978799590142,5000,True,18172.59277300036
398,4247,110.04032699565869,5000,True,18172.59277300036
386,4248,109.71707999851787,5000,True,18172.59277300036
392,4249,108.22118099895306,5000,True,18172.59277300036
391,4250,107.9646389989648,5000,True,18172.59277300036
390,4251,108.35845799738308,5000,True,18172.59277300036
384,4252,108.78088800382102,5000,True,18172.59277300036
384,4253,110.33919300098205,5000,True,18172.59277300036
381,4254,110.7017369940877,5000,True,18172.59277300036
398,4255,110.16941999696428,5000,True,18172.59277300036
389,4256,110.34576100064442,5000,True,18172.59277300036
392,4257,110.3004519973183,5000,True,18172.59277300036
386,4258,110.34733900305582,5000,True,18172.59277300036
382,4259,109.87170600128593,5000,True,18172.59277300036
395,4260,109.46656599844573,5000,True,18172.59277300036
392,4261,109.38463899947237,5000,True,18172.59277300036
382,4262,109.16090500541031,5000,True,18172.59277300036
377,4263,109.29529699933482,5000,True,18172.59277300036
397,4264,110.54681699897628,5000,True,18172.59277300036
389,4265,110.21523200179217,5000,True,18172.59277300036
403,4266,110.69536300055915,5000,True,18172.59277300036
389,4267,122.59557400102494,5000,True,18172.59277300036
372,4268,121.78733800101327,5000,True,18172.59277300036
392,4269,122.65987100545317,5000,True,18172.59277300036
379,4270,123.69611699978122,5000,True,18172.59277300036
381,4271,125.61408499459503,5000,True,18172.59277300036
387,4272,125.39123999886215,5000,True,18172.59277300036
386,4273,124.87414500355953,5000,True,18172.59277300036
399,4274,123.73970399494283,5000,True,18172.59277300036
375,4275,124.47351599985268,5000,True,18172.59277300036
378,4276,125.17190899961861,5000,True,18172.59277300036
402,4277,125.0707319995854,5000,True,18172.59277300036
381,4278,126.15279499732424,5000,True,18172.59277300036
380,4279,126.73934300255496,5000,True,18172.59277300036
382,4280,127.08681199728744,5000,True,18172.59277300036
385,4281,125.93651300267084,5000,True,18172.59277300036
382,4282,125.80212199827656,5000,True,18172.59277300036
385,4283,126.09995800448814,5000,True,18172.59277300036
387,4284,125.89229999866802,5000,True,18172.59277300036
382,4285,127.43473600130528,5000,True,18172.59277300036
379,4286,127.1967670036247,5000,True,18172.59277300036
381,4287,127.0824140010518,5000,True,18172.59277300036
381,4288,127.19531200127676,5000,True,18172.59277300036
371,4289,126.18263599870261,5000,True,18172.59277300036
393,4290,125.73883600271074,5000,True,18172.59277300036
384,4291,127.06828399677761,5000,True,18172.59277300036
374,4292,129.0986200037878,5000,True,18172.59277300036
380,4293,130.16372000129195,5000,True,18172.59277300036
394,4294,129.3927610022365,5000,True,18172.59277300036
388,4295,128.5958720036433,5000,True,18172.59277300036
383,4296,128.07706599414814,5000,True,18172.59277300036
393,4297,127.65722200128948,5000,True,18172.59277300036
372,4298,126.19421099952888,5000,True,18172.59277300036
393,4299,126.36285799817415,5000,True,18172.59277300036
373,4300,126.17633799527539,5000,True,18172.59277300036
392,4301,126.10687199776294,5000,True,18172.59277300036
383,4302,126.0210129985353,5000,True,18172.59277300036
385,4303,126.41407499904744,5000,True,18172.59277300036
379,4304,126.97795499843778,5000,True,18172.59277300036
381,4305,127.3569549957756,5000,True,18172.59277300036
403,4306,127.94760899851099,5000,True,18172.59277300036
393,4307,128.23946299613453,5000,True,18172.59277300036
374,4308,127.02450399956433,5000,True,18172.59277300036
385,4309,126.77275900205132,5000,True,18172.59277300036
392,4310,126.04726100107655,5000,True,18172.59277300036
383,4311,126.19557199650444,5000,True,18172.59277300036
386,4312,126.72736099921167,5000,True,18172.59277300036
388,4313,127.7574529958656,5000,True,18172.59277300036
382,4314,127.65801700152224,5000,True,18172.59277300036
385,4315,127.80670000211103,5000,True,18172.59277300036
387,4316,127.53499900281895,5000,True,18172.59277300036
377,4317,126.38561499625212,5000,True,18172.59277300036
382,4318,126.16853399958927,5000,True,18172.59277300036
383,4319,127.17172299744561,5000,True,18172.59277300036
385,4320,127.03069100098219,5000,True,18172.59277300036
376,4321,127.5186120037688,5000,True,18172.59277300036
382,4322,127.61779400170781,5000,True,18172.59277300036
378,4323,127.40116500208387,5000,True,18172.59277300036
378,4324,127.9948810042697,5000,True,18172.59277300036
372,4325,128.13503000506898,5000,True,18172.59277300036
394,4326,127.91330300387926,5000,True,18172.59277300036
371,4327,129.70646499888971,5000,True,18172.59277300036
390,4328,128.62482700438704,5000,True,18172.59277300036
373,4329,129.5179639928392,5000,True,18172.59277300036
384,4330,129.23478599986993,5000,True,18172.59277300036
393,4331,116.51112400431884,5000,True,18172.59277300036
382,4332,116.62613899534335,5000,True,18172.59277300036
372,4333,115.67129200557247,5000,True,18172.59277300036
394,4334,113.58135800401215,5000,True,18172.59277300036
393,4335,112.07068300427636,5000,True,18172.59277300036
388,4336,111.59903700172435,5000,True,18172.59277300036
382,4337,111.48807599965949,5000,True,18172.59277300036
386,4338,110.77668399957474,5000,True,18172.59277300036
385,4339,111.51946500467602,5000,True,18172.59277300036
398,4340,112.16200499620754,5000,True,18172.59277300036
394,4341,113.86434099404141,5000,True,18172.59277300036
384,4342,112.97015700256452,5000,True,18172.59277300036
389,4343,113.30566499964334,5000,True,18172.59277300036
387,4344,112.51821600308176,5000,True,18172.59277300036
385,4345,112.84942400379805,5000,True,18172.59277300036
386,4346,112.74011299974518,5000,True,18172.59277300036
375,4347,113.46862999926088,5000,True,18172.59277300036
387,4348,114.21755899937125,5000,True,18172.59277300036
381,4349,113.67588600114686,5000,True,18172.59277300036
386,4350,114.46015399997123,5000,True,18172.59277300036
385,4351,114.77655499766115,5000,True,18172.59277300036
388,4352,114.93368299852591,5000,True,18172.59277300036
383,4353,115.20886899961624,5000,True,18172.59277300036
385,4354,115.94069299462717,5000,True,18172.59277300036
388,4355,115.16567000217037,5000,True,18172.59277300036
384,4356,112.95748699922115,5000,True,18172.59277300036
370,4357,112.88490599690704,5000,True,18172.59277300036
392,4358,114.0577519981889,5000,True,18172.59277300036
378,4359,113.85462699399795,5000,True,18172.59277300036
370,4360,116.24022100295406,5000,True,18172.59277300036
378,4361,117.96479100303259,5000,True,18172.59277300036
381,4362,118.68117500125663,5000,True,18172.59277300036
381,4363,119.51026499446016,5000,True,18172.59277300036
397,4364,120.01111199788284,5000,True,18172.59277300036
378,4365,120.58169000374619,5000,True,18172.59277300036
402,4366,121.35237899929052,5000,True,18172.59277300036
379,4367,121.53196400322486,5000,True,18172.59277300036
393,4368,123.73004400433274,5000,True,18172.59277300036
380,4369,124.57099299354013,5000,True,18172.59277300036
388,4370,124.74973300413694,5000,True,18172.59277300036
390,4371,124.80998899991391,5000,True,18172.59277300036
372,4372,123.56903100589989,5000,True,18172.59277300036
391,4373,124.76864299969748,5000,True,18172.59277300036
380,4374,124.66746199788759,5000,True,18172.59277300036
380,4375,124.69609999970999,5000,True,18172.59277300036
377,4376,124.26624699583044,5000,True,18172.59277300036
388,4377,124.67598299554083,5000,True,18172.59277300036
398,4378,124.73392100218916,5000,True,18172.59277300036
376,4379,124.85977300093509,5000,True,18172.59277300036
392,4380,126.9031920019188,5000,True,18172.59277300036
379,4381,127.21170700388029,5000,True,18172.59277300036
394,4382,126.38952999986941,5000,True,18172.59277300036
395,4383,126.04066600033548,5000,True,18172.59277300036
394,4384,126.36487100098748,5000,True,18172.59277300036
385,4385,125.94881200493546,5000,True,18172.59277300036
373,4386,126.12202199670719,5000,True,18172.59277300036
377,4387,126.59169400285464,5000,True,18172.59277300036
394,4388,127.83759799640393,5000,True,18172.59277300036
391,4389,128.04136100021424,5000,True,18172.59277300036
381,4390,128.28141399950255,5000,True,18172.59277300036
382,4391,126.80448899482144,5000,True,18172.59277300036
376,4392,126.45335299748695,5000,True,18172.59277300036
385,4393,125.0348559988197,5000,True,18172.59277300036
381,4394,124.8141449977993,5000,True,18172.59277300036
376,4395,125.42028300231323,5000,True,18172.59277300036
377,4396,125.36568500217982,5000,True,18172.59277300036
392,4397,125.06395200034603,5000,True,18172.59277300036
371,4398,126.03034300263971,5000,True,18172.59277300036
387,4399,126.41462100145873,5000,True,18172.59277300036
394,4400,127.55530399590498,5000,True,18172.59277300036
397,4401,127.70119299966609,5000,True,18172.59277300036
394,4402,128.2028299974627,5000,True,18172.59277300036
386,4403,127.00399800087325,5000,True,18172.59277300036
377,4404,126.29305299924454,5000,True,18172.59277300036
381,4405,125.90697099949466,5000,True,18172.59277300036
393,4406,126.2496029958129,5000,True,18172.59277300036
382,4407,126.80304599780357,5000,True,18172.59277300036
371,4408,126.76774700230453,5000,True,18172.59277300036
377,4409,127.50784499803558,5000,True,18172.59277300036
394,4410,127.27492100384552,5000,True,18172.59277300036
377,4411,128.8979320015642,5000,True,18172.59277300036
378,4412,129.0887989962357,5000,True,18172.59277300036
381,4413,128.31005799671402,5000,True,18172.59277300036
373,4414,128.44966300326632,5000,True,18172.59277300036
380,4415,127.69309599389089,5000,True,18172.59277300036
382,4416,127.32046600285685,5000,True,18172.59277300036
387,4417,127.11257900082273,5000,True,18172.59277300036
376,4418,126.19210199773079,5000,True,18172.59277300036
385,4419,126.79474800097523,5000,True,18172.59277300036
383,4420,127.32818700169446,5000,True,18172.59277300036
391,4421,126.11242900311481,5000,True,18172.59277300036
389,4423,124.3340189976152,5000,True,18172.59277300036
393,4422,127.4742370005697,5000,True,18172.59277300036
382,4424,124.4851320007001,5000,True,18172.59277300036
374,4425,123.45978499797639,5000,True,18172.59277300036
377,4426,123.01416400441667,5000,True,18172.59277300036
385,4427,122.26477600052021,5000,True,18172.59277300036
390,4428,121.86488499719417,5000,True,18172.59277300036
393,4429,121.93073199887294,5000,True,18172.59277300036
384,4430,121.20964199857553,5000,True,18172.59277300036
381,4431,120.54684000031557,5000,True,18172.59277300036
381,4432,120.52018400572706,5000,True,18172.59277300036
376,4433,120.73527999746148,5000,True,18172.59277300036
393,4434,119.9629359980463,5000,True,18172.59277300036
397,4435,120.80867699842202,5000,True,18172.59277300036
393,4436,121.11242299579317,5000,True,18172.59277300036
386,4437,121.26577799790539,5000,True,18172.59277300036
393,4438,122.14230399695225,5000,True,18172.59277300036
392,4439,122.86667500302428,5000,True,18172.59277300036
398,4440,123.07735699869227,5000,True,18172.59277300036
380,4441,122.34318700211588,5000,True,18172.59277300036
389,4442,122.41339299362153,5000,True,18172.59277300036
369,4443,123.20758999703685,5000,True,18172.59277300036
383,4444,121.75702699460089,5000,True,18172.59277300036
374,4445,122.39810600294732,5000,True,18172.59277300036
379,4446,123.33622900041519,5000,True,18172.59277300036
374,4447,123.12062099954346,5000,True,18172.59277300036
384,4448,122.65397000010125,5000,True,18172.59277300036
389,4449,122.87715199636295,5000,True,18172.59277300036
389,4450,123.0341709961067,5000,True,18172.59277300036
380,4451,123.72418199811364,5000,True,18172.59277300036
394,4452,123.40546600171365,5000,True,18172.59277300036
390,4453,124.21006400109036,5000,True,18172.59277300036
395,4454,124.99352599843405,5000,True,18172.59277300036
380,4455,125.15251700096997,5000,True,18172.59277300036
387,4456,125.51996199908899,5000,True,18172.59277300036
376,4457,124.85941499471664,5000,True,18172.59277300036
383,4458,125.34283800050616,5000,True,18172.59277300036
387,4459,125.27318500360707,5000,True,18172.59277300036
388,4460,128.13369499781402,5000,True,18172.59277300036
386,4461,130.9526159966481,5000,True,18172.59277300036
379,4462,130.29899500543252,5000,True,18172.59277300036
384,4463,130.65845600067405,5000,True,18172.59277300036
373,4464,131.0467690054793,5000,True,18172.59277300036
391,4465,130.7892559998436,5000,True,18172.59277300036
378,4466,130.82769999891752,5000,True,18172.59277300036
389,4467,130.02056500408798,5000,True,18172.59277300036
383,4468,132.6287640040391,5000,True,18172.59277300036
376,4469,135.2891569986241,5000,True,18172.59277300036
376,4470,133.8623479969101,5000,True,18172.59277300036
397,4471,132.76718300039647,5000,True,18172.59277300036
376,4472,133.5435519940802,5000,True,18172.59277300036
381,4473,132.69612500153016,5000,True,18172.59277300036
399,4474,133.38711600226816,5000,True,18172.59277300036
372,4475,131.0636810012511,5000,True,18172.59277300036
382,4476,131.55351000023074,5000,True,18172.59277300036
382,4477,133.15078600135166,5000,True,18172.59277300036
380,4478,132.63149099657312,5000,True,18172.59277300036
382,4479,133.0205069971271,5000,True,18172.59277300036
388,4480,133.46193799952744,5000,True,18172.59277300036
392,4481,135.22188799834112,5000,True,18172.59277300036
388,4482,135.98964199627517,5000,True,18172.59277300036
382,4483,134.7779770003399,5000,True,18172.59277300036
393,4484,136.80627600115258,5000,True,18172.59277300036
382,4485,135.9474820055766,5000,True,18172.59277300036
380,4486,136.3518340003793,5000,True,18172.59277300036
383,4487,137.3125039972365,5000,True,18172.59277300036
372,4489,135.6444279954303,5000,True,18172.59277300036
386,4488,138.54880700091599,5000,True,18172.59277300036
380,4490,136.81289899977855,5000,True,18172.59277300036
402,4491,137.02614199428353,5000,True,18172.59277300036
394,4492,137.16291699529393,5000,True,18172.59277300036
371,4493,136.03829400381073,5000,True,18172.59277300036
395,4494,136.38524800626328,5000,True,18172.59277300036
385,4495,136.3483270033612,5000,True,18172.59277300036
394,4496,133.16309099900536,5000,True,18172.59277300036
384,4497,133.04588200116996,5000,True,18172.59277300036
389,4498,135.47313299932284,5000,True,18172.59277300036
370,4499,135.51478500448866,5000,True,18172.59277300036
399,4500,136.22903900250094,5000,True,18172.59277300036
371,4501,135.16736200108426,5000,True,18172.59277300036
386,4502,134.36638800340006,5000,True,18172.59277300036
385,4503,134.07268300215947,5000,True,18172.59277300036
377,4504,132.69609499548096,5000,True,18172.59277300036
392,4505,131.99980100034736,5000,True,18172.59277300036
389,4506,131.78988299478078,5000,True,18172.59277300036
387,4507,131.08103400008986,5000,True,18172.59277300036
394,4508,130.9563260001596,5000,True,18172.59277300036
387,4509,134.07441900199046,5000,True,18172.59277300036
372,4510,133.80865899671335,5000,True,18172.59277300036
379,4511,134.61902599374298,5000,True,18172.59277300036
386,4512,134.6908909981721,5000,True,18172.59277300036
384,4513,134.47192900639493,5000,True,18172.59277300036
389,4514,134.52067699836334,5000,True,18172.59277300036
386,4515,133.95255400246242,5000,True,18172.59277300036
394,4516,132.67707400518702,5000,True,18172.59277300036
393,4517,131.4912260058918,5000,True,18172.59277300036
394,4518,131.08850899880053,5000,True,18172.59277300036
377,4520,129.26105500082485,5000,True,18172.59277300036
371,4519,132.44156799919438,5000,True,18172.59277300036
372,4521,131.94367099640658,5000,True,18172.59277300036
393,4522,131.37951099633938,5000,True,18172.59277300036
385,4523,131.12413299677428,5000,True,18172.59277300036
393,4524,128.8593339995714,5000,True,18172.59277300036
382,4525,126.49465799768222,5000,True,18172.59277300036
372,4526,126.73785699735163,5000,True,18172.59277300036
388,4527,125.72630200156709,5000,True,18172.59277300036
383,4528,125.3103650014964,5000,True,18172.59277300036
378,4529,126.71468600456137,5000,True,18172.59277300036
382,4530,126.87683600233868,5000,True,18172.59277300036
376,4531,127.22270899394061,5000,True,18172.59277300036
395,4532,125.03379600093467,5000,True,18172.59277300036
372,4534,120.45200900320197,5000,True,18172.59277300036
377,4535,121.76308200287167,5000,True,18172.59277300036
393,4533,125.12494399561547,5000,True,18172.59277300036
382,4536,123.88521100365324,5000,True,18172.59277300036
380,4537,123.79300100292312,5000,True,18172.59277300036
398,4538,122.42709699785337,5000,True,18172.59277300036
382,4539,121.61399900651304,5000,True,18172.59277300036
390,4540,119.75812399759889,5000,True,18172.59277300036
389,4541,118.37950399785768,5000,True,18172.59277300036
382,4542,118.80739299522247,5000,True,18172.59277300036
373,4543,118.28253600106109,5000,True,18172.59277300036
381,4544,118.10351599706337,5000,True,18172.59277300036
392,4545,116.67242400289979,5000,True,18172.59277300036
395,4546,116.4136849984061,5000,True,18172.59277300036
382,4547,116.65127600281266,5000,True,18172.59277300036
372,4548,114.07752199738752,5000,True,18172.59277300036
392,4549,114.12041400035378,5000,True,18172.59277300036
394,4550,113.6886640015291,5000,True,18172.59277300036
372,4551,112.74052799853962,5000,True,18172.59277300036
378,4552,112.6440940061002,5000,True,18172.59277300036
372,4553,112.03258900059154,5000,True,18172.59277300036
383,4554,111.61961699690437,5000,True,18172.59277300036
380,4555,111.66757799946936,5000,True,18172.59277300036
388,4556,111.21991099935258,5000,True,18172.59277300036
375,4557,111.50148000160698,5000,True,18172.59277300036
386,4558,111.43207200075267,5000,True,18172.59277300036
385,4559,110.39064400392817,5000,True,18172.59277300036
373,4560,110.61303199676331,5000,True,18172.59277300036
379,4561,109.01294799987227,5000,True,18172.59277300036
380,4562,106.37151999981143,5000,True,18172.59277300036
383,4563,106.88993900112109,5000,True,18172.59277300036
392,4564,109.30007400020259,5000,True,18172.59277300036
373,4565,110.18054900341667,5000,True,18172.59277300036
378,4566,110.94167299597757,5000,True,18172.59277300036
371,4567,111.09922899777303,5000,True,18172.59277300036
384,4568,112.15370699937921,5000,True,18172.59277300036
371,4569,113.16673699911917,5000,True,18172.59277300036
386,4570,112.8722139983438,5000,True,18172.59277300036
381,4571,113.60790600156179,5000,True,18172.59277300036
384,4572,109.01729999750387,5000,True,18172.59277300036
382,4573,109.90000400488498,5000,True,18172.59277300036
382,4574,110.13894099596655,5000,True,18172.59277300036
387,4575,110.03220899874577,5000,True,18172.59277300036
388,4576,111.51761400105897,5000,True,18172.59277300036
402,4577,111.06530200049747,5000,True,18172.59277300036
381,4578,111.65854400314856,5000,True,18172.59277300036
383,4579,113.16159399575554,5000,True,18172.59277300036
387,4580,113.12872500275262,5000,True,18172.59277300036
377,4581,114.30561299494002,5000,True,18172.59277300036
389,4582,114.38073699537199,5000,True,18172.59277300036
398,4583,114.9208710048697,5000,True,18172.59277300036
384,4584,114.84513400500873,5000,True,18172.59277300036
396,4585,114.28726900339825,5000,True,18172.59277300036
382,4586,114.3081650006934,5000,True,18172.59277300036
389,4587,115.24876900512027,5000,True,18172.59277300036
382,4588,114.64585400244687,5000,True,18172.59277300036
378,4589,116.66358400543686,5000,True,18172.59277300036
382,4590,117.75100600061705,5000,True,18172.59277300036
378,4591,118.17309400066733,5000,True,18172.59277300036
378,4592,118.61538899393054,5000,True,18172.59277300036
379,4593,116.5276090032421,5000,True,18172.59277300036
386,4594,116.97044700122206,5000,True,18172.59277300036
386,4595,117.90330999792786,5000,True,18172.59277300036
398,4596,116.74314799893182,5000,True,18172.59277300036
380,4597,118.14131199935218,5000,True,18172.59277300036
382,4598,117.5244929982,5000,True,18172.59277300036
387,4599,117.77857500419486,5000,True,18172.59277300036
381,4600,118.10455800150521,5000,True,18172.59277300036
386,4601,119.57938700652448,5000,True,18172.59277300036
378,4602,122.00241899699904,5000,True,18172.59277300036
398,4603,122.44127000303706,5000,True,18172.59277300036
378,4604,122.8456430035294,5000,True,18172.59277300036
389,4605,122.39234700246016,5000,True,18172.59277300036
376,4606,122.5845719964127,5000,True,18172.59277300036
386,4607,122.08959800045704,5000,True,18172.59277300036
372,4608,122.74626100406749,5000,True,18172.59277300036
386,4609,122.9600639999262,5000,True,18172.59277300036
371,4610,124.15425200015306,5000,True,18172.59277300036
394,4611,126.61555799422786,5000,True,18172.59277300036
376,4612,127.6498490042286,5000,True,18172.59277300036
394,4613,127.90137500269338,5000,True,18172.59277300036
370,4614,127.9996299999766,5000,True,18172.59277300036
369,4615,128.7983600050211,5000,True,18172.59277300036
393,4616,128.32103399705375,5000,True,18172.59277300036
392,4617,129.8740260026534,5000,True,18172.59277300036
382,4618,130.44291699770838,5000,True,18172.59277300036
377,4619,131.4606080049998,5000,True,18172.59277300036
387,4620,131.85381100629456,5000,True,18172.59277300036
374,4621,132.855276002374,5000,True,18172.59277300036
372,4622,133.13830600236543,5000,True,18172.59277300036
387,4623,133.5931569992681,5000,True,18172.59277300036
402,4624,133.56011499854503,5000,True,18172.59277300036
390,4625,135.6340479978826,5000,True,18172.59277300036
381,4626,135.50191299873404,5000,True,18172.59277300036
380,4627,135.60187500115717,5000,True,18172.59277300036
380,4628,132.84590400144225,5000,True,18172.59277300036
377,4629,132.42799900035607,5000,True,18172.59277300036
375,4630,132.8564709983766,5000,True,18172.59277300036
401,4631,133.11112899828004,5000,True,18172.59277300036
375,4632,132.59300700156018,5000,True,18172.59277300036
387,4633,134.70205599878682,5000,True,18172.59277300036
379,4634,135.7638589979615,5000,True,18172.59277300036
380,4635,135.68785900133662,5000,True,18172.59277300036
389,4636,136.2543710056343,5000,True,18172.59277300036
377,4637,135.48018599976785,5000,True,18172.59277300036
377,4638,135.08619499771157,5000,True,18172.59277300036
391,4639,134.48969599994598,5000,True,18172.59277300036
385,4640,133.19094799953746,5000,True,18172.59277300036
375,4641,134.34543399489485,5000,True,18172.59277300036
376,4642,134.2173869998078,5000,True,18172.59277300036
376,4643,132.62462399870856,5000,True,18172.59277300036
381,4644,133.35094299691264,5000,True,18172.59277300036
381,4645,132.83459700323874,5000,True,18172.59277300036
370,4646,133.35993600048823,5000,True,18172.59277300036
385,4647,132.818407000741,5000,True,18172.59277300036
393,4648,135.64875799784204,5000,True,18172.59277300036
393,4649,136.46068800153444,5000,True,18172.59277300036
383,4650,136.29987900640117,5000,True,18172.59277300036
369,4651,134.1573649988277,5000,True,18172.59277300036
377,4652,133.23563100129832,5000,True,18172.59277300036
389,4653,131.782011994801,5000,True,18172.59277300036
393,4654,131.27246799558634,5000,True,18172.59277300036
391,4655,130.76675200136378,5000,True,18172.59277300036
384,4656,131.07960000343155,5000,True,18172.59277300036
379,4657,130.39954299892997,5000,True,18172.59277300036
396,4658,130.11673599976348,5000,True,18172.59277300036
374,4659,131.51933100016322,5000,True,18172.59277300036
377,4660,132.54504699580139,5000,True,18172.59277300036
376,4661,131.79181500163395,5000,True,18172.59277300036
377,4662,132.80979100090917,5000,True,18172.59277300036
374,4663,134.64557500265073,5000,True,18172.59277300036
384,4664,134.32653500058223,5000,True,18172.59277300036
376,4665,133.02824199490715,5000,True,18172.59277300036
391,4666,131.8104960009805,5000,True,18172.59277300036
386,4667,131.0394520041882,5000,True,18172.59277300036
372,4668,131.7582859992399,5000,True,18172.59277300036
395,4669,132.020465003734,5000,True,18172.59277300036
392,4670,135.1394329976756,5000,True,18172.59277300036
393,4671,136.36617300653597,5000,True,18172.59277300036
402,4672,135.5783229955705,5000,True,18172.59277300036
379,4673,135.77406699914718,5000,True,18172.59277300036
393,4674,134.40291000006255,5000,True,18172.59277300036
380,4675,132.30653600476217,5000,True,18172.59277300036
384,4676,132.50908399641048,5000,True,18172.59277300036
371,4677,134.22353700298117,5000,True,18172.59277300036
389,4678,133.99385000229813,5000,True,18172.59277300036
384,4679,134.5877079947968,5000,True,18172.59277300036
377,4680,133.51610300014727,5000,True,18172.59277300036
391,4681,133.83475100272335,5000,True,18172.59277300036
377,4682,133.40776699624257,5000,True,18172.59277300036
387,4683,132.55677399865817,5000,True,18172.59277300036
397,4684,132.23266899876762,5000,True,18172.59277300036
390,4685,131.84110899601365,5000,True,18172.59277300036
387,4686,131.08791600097902,5000,True,18172.59277300036
389,4687,131.06584300112445,5000,True,18172.59277300036
371,4688,131.30684199859388,5000,True,18172.59277300036
375,4689,131.0986739990767,5000,True,18172.59277300036
386,4690,131.61549100186676,5000,True,18172.59277300036
387,4691,130.81122299627168,5000,True,18172.59277300036
392,4692,130.28060799842933,5000,True,18172.59277300036
393,4693,130.5290669988608,5000,True,18172.59277300036
377,4694,129.3979159963783,5000,True,18172.59277300036
369,4695,128.78133099729894,5000,True,18172.59277300036
375,4696,128.85141500009922,5000,True,18172.59277300036
392,4697,124.72992399852956,5000,True,18172.59277300036
382,4698,125.053278003179,5000,True,18172.59277300036
371,4699,125.42955100070685,5000,True,18172.59277300036
392,4700,126.07570899854181,5000,True,18172.59277300036
397,4701,126.53637100447668,5000,True,18172.59277300036
392,4702,126.5618839970557,5000,True,18172.59277300036
375,4703,126.86774900066666,5000,True,18172.59277300036
372,4704,127.0336050001788,5000,True,18172.59277300036
387,4705,126.31453900394263,5000,True,18172.59277300036
402,4706,124.43992699991213,5000,True,18172.59277300036
380,4707,125.24697499611648,5000,True,18172.59277300036
371,4708,123.94910500006517,5000,True,18172.59277300036
389,4709,123.92875499790534,5000,True,18172.59277300036
389,4710,123.41457000002265,5000,True,18172.59277300036
385,4711,123.78002200421179,5000,True,18172.59277300036
376,4712,121.38211900310125,5000,True,18172.59277300036
384,4713,121.43715399724897,5000,True,18172.59277300036
387,4714,121.77549099578755,5000,True,18172.59277300036
389,4715,122.65351799578639,5000,True,18172.59277300036
378,4716,123.30853399907937,5000,True,18172.59277300036
376,4717,122.4387670008582,5000,True,18172.59277300036
395,4718,122.66885500139324,5000,True,18172.59277300036
390,4719,122.67701299424516,5000,True,18172.59277300036
398,4720,121.02746699383715,5000,True,18172.59277300036
381,4721,121.78477400448173,5000,True,18172.59277300036
371,4722,120.34376000519842,5000,True,18172.59277300036
390,4723,119.26981699798489,5000,True,18172.59277300036
378,4724,120.65564200020162,5000,True,18172.59277300036
402,4725,121.22615199768916,5000,True,18172.59277300036
380,4726,119.1672720015049,5000,True,18172.59277300036
394,4727,117.422176997934,5000,True,18172.59277300036
373,4728,116.74506700364873,5000,True,18172.59277300036
392,4729,116.57468000339577,5000,True,18172.59277300036
384,4730,115.75729600008344,5000,True,18172.59277300036
377,4731,116.60078400018392,5000,True,18172.59277300036
377,4733,114.82184899796266,5000,True,18172.59277300036
384,4732,118.36651500198059,5000,True,18172.59277300036
388,4734,113.69062599987956,5000,True,18172.59277300036
373,4735,114.58497800049372,5000,True,18172.59277300036
374,4736,114.82048699690495,5000,True,18172.59277300036
385,4737,115.48856499575777,5000,True,18172.59277300036
382,4738,114.96327399800066,5000,True,18172.59277300036
384,4739,115.62038800184382,5000,True,18172.59277300036
388,4740,115.0745690028998,5000,True,18172.59277300036
388,4741,113.88728499878198,5000,True,18172.59277300036
393,4742,114.83231800229987,5000,True,18172.59277300036
385,4743,113.54689600557322,5000,True,18172.59277300036
379,4744,115.05327800114173,5000,True,18172.59277300036
386,4745,114.29143699933775,5000,True,18172.59277300036
381,4746,115.13179900066461,5000,True,18172.59277300036
397,4747,115.52747200039448,5000,True,18172.59277300036
382,4748,116.05342700204346,5000,True,18172.59277300036
389,4749,116.48997200245503,5000,True,18172.59277300036
384,4750,117.57401199429296,5000,True,18172.59277300036
376,4751,118.59650199767202,5000,True,18172.59277300036
376,4752,118.75904899352463,5000,True,18172.59277300036
372,4753,118.8214709982276,5000,True,18172.59277300036
386,4754,120.9595949985669,5000,True,18172.59277300036
385,4755,121.3533690024633,5000,True,18172.59277300036
371,4756,122.66881200048374,5000,True,18172.59277300036
387,4757,124.92353599373018,5000,True,18172.59277300036
387,4758,126.09167600021465,5000,True,18172.59277300036
389,4759,127.35189500381239,5000,True,18172.59277300036
403,4760,126.8553360059741,5000,True,18172.59277300036
389,4761,128.94486699951813,5000,True,18172.59277300036
381,4762,128.83005700132344,5000,True,18172.59277300036
377,4763,128.07238999812398,5000,True,18172.59277300036
388,4764,129.2448400054127,5000,True,18172.59277300036
377,4765,129.69473500561435,5000,True,18172.59277300036
394,4766,130.05009300104575,5000,True,18172.59277300036
388,4767,129.28717699833214,5000,True,18172.59277300036
398,4768,129.41448999481509,5000,True,18172.59277300036
380,4769,130.38052099727793,5000,True,18172.59277300036
399,4770,131.2261710045277,5000,True,18172.59277300036
389,4771,130.89480500639183,5000,True,18172.59277300036
391,4772,131.3307380041806,5000,True,18172.59277300036
385,4773,130.61985399690457,5000,True,18172.59277300036
385,4774,130.64311199559597,5000,True,18172.59277300036
385,4775,131.00215499434853,5000,True,18172.59277300036
395,4776,130.8833279981627,5000,True,18172.59277300036
375,4777,131.08292000106303,5000,True,18172.59277300036
394,4778,132.42803900357103,5000,True,18172.59277300036
385,4779,132.1003320044838,5000,True,18172.59277300036
382,4780,133.35734899737872,5000,True,18172.59277300036
372,4781,134.4339810020756,5000,True,18172.59277300036
390,4782,134.0345589997014,5000,True,18172.59277300036
376,4783,134.67717800085666,5000,True,18172.59277300036
377,4784,135.6781169961323,5000,True,18172.59277300036
372,4785,136.92121300118743,5000,True,18172.59277300036
382,4786,138.3283079994726,5000,True,18172.59277300036
378,4787,139.093761004915,5000,True,18172.59277300036
372,4788,137.63533600285882,5000,True,18172.59277300036
386,4789,136.59592500334838,5000,True,18172.59277300036
389,4790,138.5511510015931,5000,True,18172.59277300036
392,4791,138.41380499798106,5000,True,18172.59277300036
384,4792,138.63534599659033,5000,True,18172.59277300036
397,4793,139.2139829986263,5000,True,18172.59277300036
373,4794,139.79438000387745,5000,True,18172.59277300036
393,4795,139.76652999554062,5000,True,18172.59277300036
394,4796,139.92744300048798,5000,True,18172.59277300036
383,4797,138.33471600082703,5000,True,18172.59277300036
385,4798,139.04701299907174,5000,True,18172.59277300036
381,4800,137.23434699932113,5000,True,18172.59277300036
383,4799,140.26978699985193,5000,True,18172.59277300036
382,4801,137.73292800033232,5000,True,18172.59277300036
380,4802,138.2386420009425,5000,True,18172.59277300036
373,4803,136.74029099638574,5000,True,18172.59277300036
382,4804,136.7591779999202,5000,True,18172.59277300036
402,4805,137.10907899803715,5000,True,18172.59277300036
382,4806,139.02243700431427,5000,True,18172.59277300036
387,4807,139.91303199873073,5000,True,18172.59277300036
385,4808,139.65241899859393,5000,True,18172.59277300036
396,4809,139.8715320028714,5000,True,18172.59277300036
377,4810,139.8098889985704,5000,True,18172.59277300036
389,4811,139.9796449986752,5000,True,18172.59277300036
382,4812,139.59536599577405,5000,True,18172.59277300036
376,4814,136.8578850015183,5000,True,18172.59277300036
380,4813,139.7958829984418,5000,True,18172.59277300036
380,4815,137.32171399897197,5000,True,18172.59277300036
376,4816,136.8578969995724,5000,True,18172.59277300036
394,4817,138.99520400445908,5000,True,18172.59277300036
392,4818,137.2143300031894,5000,True,18172.59277300036
376,4819,136.39623000199208,5000,True,18172.59277300036
389,4820,136.23250099772122,5000,True,18172.59277300036
373,4821,132.95238299906487,5000,True,18172.59277300036
386,4822,132.8377250029007,5000,True,18172.59277300036
370,4823,132.58101400424493,5000,True,18172.59277300036
385,4824,134.0787060034927,5000,True,18172.59277300036
394,4825,132.61745199997677,5000,True,18172.59277300036
382,4826,132.53195399738615,5000,True,18172.59277300036
394,4827,130.85773200145923,5000,True,18172.59277300036
390,4828,128.8348920061253,5000,True,18172.59277300036
377,4829,127.59445499978028,5000,True,18172.59277300036
384,4830,127.2386899945559,5000,True,18172.59277300036
385,4831,127.9335329963942,5000,True,18172.59277300036
386,4832,128.4652160029509,5000,True,18172.59277300036
387,4833,127.87428899900988,5000,True,18172.59277300036
390,4834,128.90789000084624,5000,True,18172.59277300036
385,4835,128.34186599502573,5000,True,18172.59277300036
390,4836,128.703125003085,5000,True,18172.59277300036
394,4837,127.78780500229914,5000,True,18172.59277300036
382,4838,127.74565400468418,5000,True,18172.59277300036
371,4839,126.1479140011943,5000,True,18172.59277300036
377,4840,124.95753200346371,5000,True,18172.59277300036
392,4841,123.74403899593744,5000,True,18172.59277300036
398,4842,121.75441799627151,5000,True,18172.59277300036
382,4843,121.43047399877105,5000,True,18172.59277300036
376,4844,120.40653499570908,5000,True,18172.59277300036
381,4845,119.92581300000893,5000,True,18172.59277300036
378,4846,120.39004899997963,5000,True,18172.59277300036
394,4847,119.82932699902449,5000,True,18172.59277300036
378,4848,119.20853800256737,5000,True,18172.59277300036
388,4849,116.05071600206429,5000,True,18172.59277300036
387,4850,115.35896499844966,5000,True,18172.59277300036
395,4852,124.44445499568246,5000,True,18172.59277300036
383,4851,127.61423100164393,5000,True,18172.59277300036
383,4853,126.48191500193207,5000,True,18172.59277300036
378,4854,124.5438319965615,5000,True,18172.59277300036
372,4855,123.82038999930955,5000,True,18172.59277300036
398,4857,121.83916600042721,5000,True,18172.59277300036
386,4856,123.94951699388912,5000,True,18172.59277300036
385,4858,122.25895300070988,5000,True,18172.59277300036
397,4859,121.2387750056223,5000,True,18172.59277300036
398,4861,119.21161799546098,5000,True,18172.59277300036
382,4860,123.04416100232629,5000,True,18172.59277300036
382,4862,120.38159900112078,5000,True,18172.59277300036
381,4863,120.01717099337839,5000,True,18172.59277300036
384,4864,120.26559399964754,5000,True,18172.59277300036
395,4865,119.96592999639688,5000,True,18172.59277300036
391,4866,119.89903599896934,5000,True,18172.59277300036
383,4867,120.31317899527494,5000,True,18172.59277300036
380,4868,121.08138999610674,5000,True,18172.59277300036
388,4869,119.10225100291427,5000,True,18172.59277300036
388,4870,118.83796600159258,5000,True,18172.59277300036
381,4871,117.92839199915761,5000,True,18172.59277300036
391,4872,117.99310299829813,5000,True,18172.59277300036
370,4873,117.17381799826398,5000,True,18172.59277300036
379,4874,116.60101800225675,5000,True,18172.59277300036
392,4875,116.29645799985155,5000,True,18172.59277300036
386,4876,116.29679599718656,5000,True,18172.59277300036
385,4877,117.38412299746415,5000,True,18172.59277300036
372,4878,117.69988699961687,5000,True,18172.59277300036
377,4879,118.72275100176921,5000,True,18172.59277300036
386,4880,118.14903599588433,5000,True,18172.59277300036
376,4881,114.10162700485671,5000,True,18172.59277300036
388,4882,115.05960999784293,5000,True,18172.59277300036
379,4883,115.18503499974031,5000,True,18172.59277300036
391,4884,114.83613200107357,5000,True,18172.59277300036
401,4885,114.72165099985432,5000,True,18172.59277300036
390,4886,114.18190000404138,5000,True,18172.59277300036
371,4887,113.5355040023569,5000,True,18172.59277300036
387,4888,112.03570899670012,5000,True,18172.59277300036
380,4889,113.73261499829823,5000,True,18172.59277300036
398,4890,114.37259399826871,5000,True,18172.59277300036
384,4891,115.25676999735879,5000,True,18172.59277300036
377,4892,115.78054900019197,5000,True,18172.59277300036
392,4893,116.0766449975199,5000,True,18172.59277300036
381,4894,116.23295900062658,5000,True,18172.59277300036
383,4895,115.96543299674522,5000,True,18172.59277300036
393,4896,115.26393200620078,5000,True,18172.59277300036
378,4897,114.63874599576229,5000,True,18172.59277300036
387,4898,113.8555819998146,5000,True,18172.59277300036
388,4899,115.05421100446256,5000,True,18172.59277300036
386,4900,115.01038599817548,5000,True,18172.59277300036
392,4901,116.00928599364124,5000,True,18172.59277300036
377,4902,116.69314999744529,5000,True,18172.59277300036
392,4903,117.54545399890048,5000,True,18172.59277300036
385,4904,118.8496410031803,5000,True,18172.59277300036
387,4905,119.51663500076393,5000,True,18172.59277300036
377,4906,120.28871800430352,5000,True,18172.59277300036
380,4907,120.7560890034074,5000,True,18172.59277300036
386,4908,120.72993499896256,5000,True,18172.59277300036
392,4909,120.30855500051985,5000,True,18172.59277300036
386,4910,120.13305199798197,5000,True,18172.59277300036
397,4911,123.89858399546938,5000,True,18172.59277300036
381,4912,124.91454900009558,5000,True,18172.59277300036
375,4913,125.55305400019279,5000,True,18172.59277300036
377,4914,127.23040200216928,5000,True,18172.59277300036
386,4915,114.43213500024285,5000,True,18172.59277300036
377,4916,115.30088600557065,5000,True,18172.59277300036
379,4917,115.4004240015638,5000,True,18172.59277300036
394,4918,116.49750999640673,5000,True,18172.59277300036
383,4919,117.17130100441864,5000,True,18172.59277300036
387,4920,117.65312899660785,5000,True,18172.59277300036
392,4921,119.2104619985912,5000,True,18172.59277300036
393,4922,119.55519600451225,5000,True,18172.59277300036
392,4923,120.6299260011292,5000,True,18172.59277300036
387,4924,119.77726100303698,5000,True,18172.59277300036
387,4925,119.6790240064729,5000,True,18172.59277300036
381,4926,119.71875899325823,5000,True,18172.59277300036
382,4927,120.16444499749923,5000,True,18172.59277300036
391,4928,120.33208399952855,5000,True,18172.59277300036
393,4929,120.46309300058056,5000,True,18172.59277300036
382,4930,120.65773599897511,5000,True,18172.59277300036
380,4931,120.27503300487297,5000,True,18172.59277300036
397,4932,119.24820900458144,5000,True,18172.59277300036
382,4933,121.87777000508504,5000,True,18172.59277300036
373,4934,122.13751899980707,5000,True,18172.59277300036
376,4935,122.93108299490996,5000,True,18172.59277300036
389,4936,122.96252899977844,5000,True,18172.59277300036
397,4937,122.68276400573086,5000,True,18172.59277300036
393,4938,122.66807199921459,5000,True,18172.59277300036
388,4939,122.75080700055696,5000,True,18172.59277300036
375,4940,122.42839299869956,5000,True,18172.59277300036
388,4941,121.18596099753631,5000,True,18172.59277300036
385,4942,120.4640920041129,5000,True,18172.59277300036
371,4943,121.1751560040284,5000,True,18172.59277300036
382,4944,121.50177999865264,5000,True,18172.59277300036
382,4945,121.95069199515274,5000,True,18172.59277300036
384,4946,121.64478999329731,5000,True,18172.59277300036
378,4947,121.45672799670137,5000,True,18172.59277300036
377,4948,121.0564329958288,5000,True,18172.59277300036
386,4949,121.0188350014505,5000,True,18172.59277300036
386,4950,121.10737399780191,5000,True,18172.59277300036
378,4951,120.3450709945173,5000,True,18172.59277300036
377,4952,120.46375899808481,5000,True,18172.59277300036
382,4953,118.86736899759853,5000,True,18172.59277300036
391,4955,116.3530840058229,5000,True,18172.59277300036
382,4954,119.6115179991466,5000,True,18172.59277300036
381,4956,118.12453099992126,5000,True,18172.59277300036
369,4957,118.6339819978457,5000,True,18172.59277300036
379,4958,118.27191400516313,5000,True,18172.59277300036
387,4959,118.42991199955577,5000,True,18172.59277300036
372,4960,118.50756300555076,5000,True,18172.59277300036
370,4961,118.47664599918062,5000,True,18172.59277300036
386,4962,118.711841001641,5000,True,18172.59277300036
385,4963,119.29742199572502,5000,True,18172.59277300036
386,4964,121.08170900319237,5000,True,18172.59277300036
376,4965,121.24804600171046,5000,True,18172.59277300036
379,4966,121.11950299731689,5000,True,18172.59277300036
398,4967,121.10979499993846,5000,True,18172.59277300036
392,4968,121.28301600023406,5000,True,18172.59277300036
394,4969,121.22406600246904,5000,True,18172.59277300036
371,4970,120.79598299897043,5000,True,18172.59277300036
376,4971,121.63995300215902,5000,True,18172.59277300036
386,4972,124.07994300156133,5000,True,18172.59277300036
381,4973,124.63607999961823,5000,True,18172.59277300036
391,4974,124.00423200597288,5000,True,18172.59277300036
381,4975,120.48239599971566,5000,True,18172.59277300036
377,4976,119.90082500415156,5000,True,18172.59277300036
394,4977,119.73616400064202,5000,True,18172.59277300036
372,4978,118.61118399974657,5000,True,18172.59277300036
381,4979,119.0559749957174,5000,True,18172.59277300036
393,4980,126.00041699624853,5000,True,18172.59277300036
377,4981,125.80583500675857,5000,True,18172.59277300036
386,4982,124.74367299728328,5000,True,18172.59277300036
384,4983,124.87815199710894,5000,True,18172.59277300036
383,4984,123.89769699802855,5000,True,18172.59277300036
383,4985,122.99710699880961,5000,True,18172.59277300036
382,4986,122.85150800016709,5000,True,18172.59277300036
397,4987,121.90773100155639,5000,True,18172.59277300036
374,4988,122.45426799927372,5000,True,18172.59277300036
385,4989,122.0633330012788,5000,True,18172.59277300036
391,4990,136.28878299641656,5000,True,18172.59277300036
375,4991,135.1016110056662,5000,True,18172.59277300036
386,4992,140.43550600035815,5000,True,18172.59277300036
378,4993,140.60360599978594,5000,True,18172.59277300036
387,4994,140.85832300042966,5000,True,18172.59277300036
371,4995,140.390111002489,5000,True,18172.59277300036
394,4996,140.90193900483428,5000,True,18172.59277300036
384,4997,139.05982700089226,5000,True,18172.59277300036
395,4998,136.4133960014442,5000,True,18172.59277300036
381,4999,136.83023500198033,5000,True,18172.59277300036
